id,lat,lon,data_hora_gmt,satelite,municipio,estado,pais,municipio_id,estado_id,pais_id,numero_dias_sem_chuva,precipitacao,risco_fogo,bioma,frp
2aea3fe6-ce33-34ee-8075-a22f37d6ecb6,-21.70288,-56.32581,2026-03-01 01:38:00,TERRA_M-M,BELA VISTA,MATO GROSSO DO SUL,Brasil,5002100,50,33,3.0,2.72,0.2,Cerrado,29.2
f70df34a-3940-3eb5-99ed-802fa2a73048,-21.70574,-56.32047,2026-03-01 01:38:00,TERRA_M-M,BELA VISTA,MATO GROSSO DO SUL,Brasil,5002100,50,33,3.0,2.59,0.2,Cerrado,39.0
32953314-3a65-370d-8f27-97fb8ef33c89,-18.98071,-52.93262,2026-03-01 03:53:00,NOAA-21,PARAÍSO DAS ÁGUAS,MATO GROSSO DO SUL,Brasil,5006275,50,33,3.0,0.0,0.14,Cerrado,3.1
7eabe8ae-221a-3fed-bb98-2149417c294e,-21.41456,-48.73533,2026-03-01 03:53:00,NOAA-21,FERNANDO PRESTES,SÃO PAULO,Brasil,3515608,35,33,3.0,0.0,0.13,Cerrado,1.4
66f621c4-9d28-314c-b5e0-ed813a515866,-21.68324,-56.32442,2026-03-01 04:23:00,NPP-375D,BELA VISTA,MATO GROSSO DO SUL,Brasil,5002100,50,33,3.0,3.13,0.18,Cerrado,0.7
2c50a998-4e8a-3201-80f1-537bae9b44ad,-21.41753,-48.73403,2026-03-01 04:23:00,NPP-375D,FERNANDO PRESTES,SÃO PAULO,Brasil,3515608,35,33,3.0,0.0,0.13,Cerrado,0.6
c56769c7-508c-3b70-a3b4-64acfcdaa8b4,-21.70773,-56.31259,2026-03-01 04:23:00,NPP-375D,BELA VISTA,MATO GROSSO DO SUL,Brasil,5002100,50,33,3.0,2.47,0.2,Cerrado,2.2
95ae618e-d7bd-3e20-b818-12f117502fa1,-21.6974,-56.3098,2026-03-01 04:23:00,NPP-375D,BELA VISTA,MATO GROSSO DO SUL,Brasil,5002100,50,33,3.0,2.58,0.2,Cerrado,1.7
32a80bf2-8475-384c-bb53-518f04792fb5,-21.6989,-56.30295,2026-03-01 04:23:00,NPP-375D,BELA VISTA,MATO GROSSO DO SUL,Brasil,5002100,50,33,3.0,2.47,0.2,Cerrado,1.2
64eb533f-5664-3a97-b07f-bb98e4647e10,-21.3204,-48.5369,2026-03-01 04:23:00,NPP-375D,MONTE ALTO,SÃO PAULO,Brasil,3531308,35,33,3.0,0.0,0.05,Cerrado,0.7
5d870d42-9b7c-3020-872d-b86a010c110a,-21.6907,-56.31537,2026-03-01 04:23:00,NPP-375D,BELA VISTA,MATO GROSSO DO SUL,Brasil,5002100,50,33,3.0,2.8,0.19,Cerrado,1.0
85978fbc-2be6-3199-8656-0395ef279bae,-21.70697,-56.31607,2026-03-01 04:23:00,NPP-375D,BELA VISTA,MATO GROSSO DO SUL,Brasil,5002100,50,33,3.0,2.52,0.2,Cerrado,2.8
4743b2d6-dea1-3e65-8565-cc0a36677b9e,-21.69147,-56.3119,2026-03-01 04:23:00,NPP-375D,BELA VISTA,MATO GROSSO DO SUL,Brasil,5002100,50,33,3.0,2.71,0.19,Cerrado,1.0
81d70ea4-7371-3eed-80a6-1d6f21851e44,-21.7018,-56.31472,2026-03-01 04:23:00,NPP-375D,BELA VISTA,MATO GROSSO DO SUL,Brasil,5002100,50,33,3.0,2.6,0.2,Cerrado,1.2
a6890877-7fe0-34b2-8b99-d1056a831267,-21.69298,-56.305,2026-03-01 04:23:00,NPP-375D,BELA VISTA,MATO GROSSO DO SUL,Brasil,5002100,50,33,3.0,2.58,0.2,Cerrado,1.5
374856dc-f657-3787-8107-6358e8e7dc84,-21.71291,-56.31394,2026-03-01 04:23:00,NPP-375D,BELA VISTA,MATO GROSSO DO SUL,Brasil,5002100,50,33,3.0,2.38,0.21,Cerrado,2.2
b3d0763e-e6ce-377f-a901-3ccb75bc8b2f,-21.71064,-56.32438,2026-03-01 04:23:00,NPP-375D,BELA VISTA,MATO GROSSO DO SUL,Brasil,5002100,50,33,3.0,2.53,0.21,Cerrado,3.0
512db8da-169f-31a9-8342-4ac5d435e035,-21.68552,-56.31404,2026-03-01 04:23:00,NPP-375D,BELA VISTA,MATO GROSSO DO SUL,Brasil,5002100,50,33,3.0,2.87,0.19,Cerrado,1.0
7ba81536-760e-3b8b-aa51-b79dd08abd65,-21.4141,-48.73333,2026-03-01 04:23:00,NPP-375D,FERNANDO PRESTES,SÃO PAULO,Brasil,3515608,35,33,3.0,0.0,0.12,Cerrado,0.8
5a04e0f0-3e4d-3796-93f8-7ea939e9447f,-21.71729,-56.31894,2026-03-01 04:23:00,NPP-375D,BELA VISTA,MATO GROSSO DO SUL,Brasil,5002100,50,33,3.0,2.35,0.21,Cerrado,0.8
e2d0a727-ee93-37c9-b8b6-2ce22203ec14,-21.68628,-56.3106,2026-03-01 04:23:00,NPP-375D,BELA VISTA,MATO GROSSO DO SUL,Brasil,5002100,50,33,3.0,2.79,0.19,Cerrado,1.0
d79a4b52-5b9c-3951-9a59-5f0e5ea05726,-21.70848,-56.30917,2026-03-01 04:23:00,NPP-375D,BELA VISTA,MATO GROSSO DO SUL,Brasil,5002100,50,33,3.0,2.42,0.2,Cerrado,2.2
3d8548a9-0808-3d30-83d2-f390c2d2bfbb,-21.71142,-56.3208,2026-03-01 04:23:00,NPP-375D,BELA VISTA,MATO GROSSO DO SUL,Brasil,5002100,50,33,3.0,2.48,0.21,Cerrado,2.8
9fce9333-4011-3e9b-aa4e-ca5da9a31fd6,-21.69816,-56.30634,2026-03-01 04:23:00,NPP-375D,BELA VISTA,MATO GROSSO DO SUL,Brasil,5002100,50,33,3.0,2.52,0.2,Cerrado,1.7
439bb23a-7800-317a-a6a6-0a4d499d5fba,-21.69222,-56.30844,2026-03-01 04:23:00,NPP-375D,BELA VISTA,MATO GROSSO DO SUL,Brasil,5002100,50,33,3.0,2.64,0.2,Cerrado,1.5
4857aee4-e50b-3042-98aa-28c9a8bca7ef,-21.68919,-56.32228,2026-03-01 04:23:00,NPP-375D,BELA VISTA,MATO GROSSO DO SUL,Brasil,5002100,50,33,3.0,2.97,0.18,Cerrado,1.2
bb3763fe-73d4-3710-b229-99a9e1e600ba,-21.68995,-56.31883,2026-03-01 04:23:00,NPP-375D,BELA VISTA,MATO GROSSO DO SUL,Brasil,5002100,50,33,3.0,2.88,0.19,Cerrado,1.2
dc9e0d41-5fd8-3e46-bdfc-dbf06bcc3204,-21.70621,-56.3196,2026-03-01 04:23:00,NPP-375D,BELA VISTA,MATO GROSSO DO SUL,Brasil,5002100,50,33,3.0,2.57,0.2,Cerrado,2.8
034833f0-6c30-3892-97a1-70d22485c2c6,-21.71217,-56.31736,2026-03-01 04:23:00,NPP-375D,BELA VISTA,MATO GROSSO DO SUL,Brasil,5002100,50,33,3.0,2.43,0.21,Cerrado,2.8
ffca0f97-ca19-3e9a-af7d-7dc93552320b,-21.41821,-48.73005,2026-03-01 04:23:00,NPP-375D,FERNANDO PRESTES,SÃO PAULO,Brasil,3515608,35,33,3.0,0.0,0.12,Cerrado,0.6
a7fd92b4-5bde-3761-b400-aae51bd52f20,-21.68844,-56.32572,2026-03-01 04:23:00,NPP-375D,BELA VISTA,MATO GROSSO DO SUL,Brasil,5002100,50,33,3.0,3.05,0.18,Cerrado,0.7
66067fdc-7715-3796-b7fc-afdf438154c2,-18.97662,-52.93246,2026-03-01 04:25:00,NPP-375D,PARAÍSO DAS ÁGUAS,MATO GROSSO DO SUL,Brasil,5006275,50,33,3.0,0.0,0.06,Cerrado,4.9
cbb6d1d6-6f39-38f7-aef1-3bb5da9ce8f4,-18.9742,-52.93124,2026-03-01 04:25:00,NPP-375D,PARAÍSO DAS ÁGUAS,MATO GROSSO DO SUL,Brasil,5006275,50,33,3.0,0.0,0.03,Cerrado,2.4
4625a0f9-3bbe-3672-b696-9587f4917084,-18.80752,-51.61338,2026-03-01 04:25:00,NPP-375D,ITAJÁ,GOIÁS,Brasil,5210802,52,33,2.0,0.64,0.02,Cerrado,1.9
dfbc53d6-98b0-3379-b3a0-0969fad4f480,-18.97862,-52.93226,2026-03-01 04:25:00,NPP-375D,PARAÍSO DAS ÁGUAS,MATO GROSSO DO SUL,Brasil,5006275,50,33,3.0,0.0,0.1,Cerrado,2.4
9d6dd769-bb2a-3641-a2f2-56da4fe04125,-18.80811,-51.60862,2026-03-01 04:44:00,NOAA-20,ITAJÁ,GOIÁS,Brasil,5210802,52,33,2.0,0.67,0.01,Cerrado,2.4
15d998f0-04f2-3560-8c8e-ce851ea7065b,-21.4129,-48.73188,2026-03-01 04:44:00,NOAA-20,FERNANDO PRESTES,SÃO PAULO,Brasil,3515608,35,33,3.0,0.0,0.12,Cerrado,1.0
22a67183-3197-329d-8ff6-b5c215f23905,-18.83961,-53.42711,2026-03-01 04:44:00,NOAA-20,COSTA RICA,MATO GROSSO DO SUL,Brasil,5003256,50,33,0.0,0.0,0.19,Cerrado,0.5
5a734ba8-ad6b-3651-8ee0-d83964444c5d,-18.97839,-52.92823,2026-03-01 04:44:00,NOAA-20,PARAÍSO DAS ÁGUAS,MATO GROSSO DO SUL,Brasil,5006275,50,33,2.0,0.0,0.11,Cerrado,5.2
6fe4dc58-af61-3584-98d8-239562891fb8,-18.80755,-51.6123,2026-03-01 04:44:00,NOAA-20,ITAJÁ,GOIÁS,Brasil,5210802,52,33,2.0,0.65,0.02,Cerrado,0.5
1b3ce4d8-d884-3949-afff-71cdde3e5f43,-21.41224,-48.73689,2026-03-01 04:44:00,NOAA-20,FERNANDO PRESTES,SÃO PAULO,Brasil,3515608,35,33,3.0,0.0,0.13,Cerrado,0.9
ba8c113b-76ef-31cb-9fea-ee69d98a6d8a,-21.71274,-56.31589,2026-03-01 04:46:00,NOAA-20,BELA VISTA,MATO GROSSO DO SUL,Brasil,5002100,50,33,3.0,2.41,0.21,Cerrado,3.7
fe339018-5d1d-3ac7-bdea-c2b6d0c0d988,-21.71628,-56.31668,2026-03-01 04:46:00,NOAA-20,BELA VISTA,MATO GROSSO DO SUL,Brasil,5002100,50,33,3.0,2.34,0.21,Cerrado,1.0
27a00bfd-3d1d-3917-8fae-850e3eef18c4,-21.7074,-56.3117,2026-03-01 04:46:00,NOAA-20,BELA VISTA,MATO GROSSO DO SUL,Brasil,5002100,50,33,3.0,2.47,0.2,Cerrado,2.7
2b25d129-88e3-3d01-b182-9072e6f3d5fb,-21.6904,-56.30368,2026-03-01 04:46:00,NOAA-20,BELA VISTA,MATO GROSSO DO SUL,Brasil,5002100,50,33,3.0,2.6,0.2,Cerrado,1.4
e812a19f-560c-3271-9e6a-8d7869b2503a,-21.70663,-56.31607,2026-03-01 04:46:00,NOAA-20,BELA VISTA,MATO GROSSO DO SUL,Brasil,5002100,50,33,3.0,2.53,0.2,Cerrado,1.9
eca07538-0718-391f-8656-db0dfd08a942,-21.68887,-56.31237,2026-03-01 04:46:00,NOAA-20,BELA VISTA,MATO GROSSO DO SUL,Brasil,5002100,50,33,3.0,2.77,0.19,Cerrado,1.3
23b8fe4e-67d0-32b9-9593-32170d76c46b,-21.71116,-56.32463,2026-03-01 04:46:00,NOAA-20,BELA VISTA,MATO GROSSO DO SUL,Brasil,5002100,50,33,3.0,2.53,0.21,Cerrado,1.0
fa09e7de-c97b-3e04-8d69-225e1e0b50f3,-21.6975,-56.30512,2026-03-01 04:46:00,NOAA-20,BELA VISTA,MATO GROSSO DO SUL,Brasil,5002100,50,33,3.0,2.52,0.2,Cerrado,3.7
001644dc-5e89-397d-80d7-fcac84ff2188,-21.68531,-56.31166,2026-03-01 04:46:00,NOAA-20,BELA VISTA,MATO GROSSO DO SUL,Brasil,5002100,50,33,3.0,2.83,0.19,Cerrado,2.3
edbe8895-4347-3276-bf11-243ee7ab972b,-21.71374,-56.31752,2026-03-01 04:46:00,NOAA-20,BELA VISTA,MATO GROSSO DO SUL,Brasil,5002100,50,33,3.0,2.4,0.21,Cerrado,2.5
9597c6a3-f639-31ba-9124-36f9b100883f,-21.71449,-56.3132,2026-03-01 04:46:00,NOAA-20,BELA VISTA,MATO GROSSO DO SUL,Brasil,5002100,50,33,3.0,2.34,0.21,Cerrado,2.6
5ee501a4-1d08-3476-988a-87bd04c74008,-21.71095,-56.31243,2026-03-01 04:46:00,NOAA-20,BELA VISTA,MATO GROSSO DO SUL,Brasil,5002100,50,33,3.0,2.41,0.21,Cerrado,2.6
47f1cbdc-eb40-3cbb-ba8f-fbaa78c002eb,-21.69953,-56.3146,2026-03-01 04:46:00,NOAA-20,BELA VISTA,MATO GROSSO DO SUL,Brasil,5002100,50,33,3.0,2.63,0.2,Cerrado,0.7
a128dcbb-3d49-328c-be3f-1afd5820d5c3,-21.68608,-56.30732,2026-03-01 04:46:00,NOAA-20,BELA VISTA,MATO GROSSO DO SUL,Brasil,5002100,50,33,3.0,2.73,0.19,Cerrado,0.6
fd4a41e3-4ca9-38d1-a0da-2e06dad03ec7,-21.70308,-56.31535,2026-03-01 04:46:00,NOAA-20,BELA VISTA,MATO GROSSO DO SUL,Brasil,5002100,50,33,3.0,2.59,0.2,Cerrado,1.9
e039e78f-77af-38ee-a143-5d92fbd9981c,-21.69395,-56.30439,2026-03-01 04:46:00,NOAA-20,BELA VISTA,MATO GROSSO DO SUL,Brasil,5002100,50,33,3.0,2.56,0.2,Cerrado,1.4
c114e39f-6cd4-3876-8bed-7df8a3ad8bd7,-21.70384,-56.31097,2026-03-01 04:46:00,NOAA-20,BELA VISTA,MATO GROSSO DO SUL,Brasil,5002100,50,33,3.0,2.52,0.2,Cerrado,2.7
e04be356-bf40-31d8-9ada-348261920bb6,-21.71196,-56.32023,2026-03-01 04:46:00,NOAA-20,BELA VISTA,MATO GROSSO DO SUL,Brasil,5002100,50,33,3.0,2.47,0.21,Cerrado,3.7
e7ad1453-914c-3bcc-b7ee-d5cee1a1bef2,-21.68963,-56.30803,2026-03-01 04:46:00,NOAA-20,BELA VISTA,MATO GROSSO DO SUL,Brasil,5002100,50,33,3.0,2.68,0.19,Cerrado,1.4
60c73475-74cf-340a-b3db-c7c8f1c8b741,-21.70943,-56.32116,2026-03-01 04:46:00,NOAA-20,BELA VISTA,MATO GROSSO DO SUL,Brasil,5002100,50,33,3.0,2.52,0.2,Cerrado,2.5
79857ce1-af45-39a6-b12f-f23ce14b5437,-21.70587,-56.32046,2026-03-01 04:46:00,NOAA-20,BELA VISTA,MATO GROSSO DO SUL,Brasil,5002100,50,33,3.0,2.59,0.2,Cerrado,1.9
85b01f50-ef70-3373-b095-f9fe39e6044b,-21.71019,-56.31678,2026-03-01 04:46:00,NOAA-20,BELA VISTA,MATO GROSSO DO SUL,Brasil,5002100,50,33,3.0,2.47,0.21,Cerrado,2.5
51f44b4c-6028-3a5a-bef2-13af53c039da,-21.70996,-56.31082,2026-03-01 04:46:00,NOAA-20,BELA VISTA,MATO GROSSO DO SUL,Brasil,5002100,50,33,3.0,2.41,0.2,Cerrado,2.2
644e7577-9137-336f-9737-523d38190a0d,-21.68734,-56.32109,2026-03-01 04:46:00,NOAA-20,BELA VISTA,MATO GROSSO DO SUL,Brasil,5002100,50,33,3.0,2.98,0.18,Cerrado,1.1
a62f36f4-6b2b-3170-8c83-e9ada27ed88f,-21.71351,-56.31157,2026-03-01 04:46:00,NOAA-20,BELA VISTA,MATO GROSSO DO SUL,Brasil,5002100,50,33,3.0,2.35,0.21,Cerrado,2.2
85acb175-19f5-3096-b778-c91723cd864f,-21.70918,-56.31516,2026-03-01 04:46:00,NOAA-20,BELA VISTA,MATO GROSSO DO SUL,Brasil,5002100,50,33,3.0,2.47,0.2,Cerrado,3.7
d7d6f68c-c144-37ae-9130-ec3024b67d58,-21.7084,-56.31953,2026-03-01 04:46:00,NOAA-20,BELA VISTA,MATO GROSSO DO SUL,Brasil,5002100,50,33,3.0,2.53,0.2,Cerrado,3.7
86150e77-0137-300f-b285-06c3dd7a5239,-21.68658,-56.32546,2026-03-01 04:46:00,NOAA-20,BELA VISTA,MATO GROSSO DO SUL,Brasil,5002100,50,33,3.0,3.08,0.18,Cerrado,1.1
1320cd1b-dcb8-3b26-b4ed-427c7a8809b0,-21.69319,-56.30875,2026-03-01 04:46:00,NOAA-20,BELA VISTA,MATO GROSSO DO SUL,Brasil,5002100,50,33,3.0,2.62,0.2,Cerrado,1.4
d9ff9f7a-7f48-3ec4-bcca-01e8f874eabf,-21.71298,-56.32187,2026-03-01 04:46:00,NOAA-20,BELA VISTA,MATO GROSSO DO SUL,Brasil,5002100,50,33,3.0,2.46,0.21,Cerrado,2.5
22ef9678-e6d8-30bf-86c0-77f9f5a8e622,-21.68811,-56.31673,2026-03-01 04:46:00,NOAA-20,BELA VISTA,MATO GROSSO DO SUL,Brasil,5002100,50,33,3.0,2.88,0.19,Cerrado,1.3
0fe15a2a-d699-3f84-801e-f7adbbcb2bf4,-21.696,-56.30411,2026-03-01 05:33:00,NOAA-21,BELA VISTA,MATO GROSSO DO SUL,Brasil,5002100,50,33,3.0,2.53,0.2,Cerrado,1.7
e372bdd1-4774-3d3e-a20a-7c331db807d2,-21.69006,-56.31025,2026-03-01 05:33:00,NOAA-21,BELA VISTA,MATO GROSSO DO SUL,Brasil,5002100,50,33,3.0,2.71,0.19,Cerrado,1.1
ca8c5e0a-eb4b-3087-bf87-3131b1f7fccd,-21.71084,-56.31609,2026-03-01 05:33:00,NOAA-21,BELA VISTA,MATO GROSSO DO SUL,Brasil,5002100,50,33,3.0,2.45,0.21,Cerrado,1.2
43c47a30-234c-3412-a93d-6f10bda38ef1,-21.71152,-56.30922,2026-03-01 05:33:00,NOAA-21,BELA VISTA,MATO GROSSO DO SUL,Brasil,5002100,50,33,3.0,2.36,0.21,Cerrado,1.7
71679987-c842-33f1-b8df-9b0d9a7b1b39,-21.70557,-56.31539,2026-03-01 05:33:00,NOAA-21,BELA VISTA,MATO GROSSO DO SUL,Brasil,5002100,50,33,3.0,2.54,0.2,Cerrado,1.0
ca13d551-502e-3d50-bebb-a0d76777ec41,-21.71118,-56.31269,2026-03-01 05:33:00,NOAA-21,BELA VISTA,MATO GROSSO DO SUL,Brasil,5002100,50,33,3.0,2.41,0.21,Cerrado,1.7
7639683e-8bfa-3be5-b60a-af8feb6fce5a,-21.69567,-56.30752,2026-03-01 05:33:00,NOAA-21,BELA VISTA,MATO GROSSO DO SUL,Brasil,5002100,50,33,3.0,2.57,0.2,Cerrado,1.1
c097b6ec-610a-3d25-82e6-6ddf7ffb14a5,-21.71579,-56.31998,2026-03-01 05:33:00,NOAA-21,BELA VISTA,MATO GROSSO DO SUL,Brasil,5002100,50,33,3.0,2.39,0.21,Cerrado,1.2
5f7488f1-f27b-3df5-8424-0b2e4946fb35,-21.71614,-56.31652,2026-03-01 05:33:00,NOAA-21,BELA VISTA,MATO GROSSO DO SUL,Brasil,5002100,50,33,3.0,2.34,0.21,Cerrado,1.2
b7a7a1b9-f9f9-37a6-b2fa-a2f0eacba44f,-21.68973,-56.31364,2026-03-01 05:33:00,NOAA-21,BELA VISTA,MATO GROSSO DO SUL,Brasil,5002100,50,33,3.0,2.78,0.19,Cerrado,1.0
eeee8f81-9331-3172-9cf1-ae8b6a2c6a1d,-21.7059,-56.31204,2026-03-01 05:33:00,NOAA-21,BELA VISTA,MATO GROSSO DO SUL,Brasil,5002100,50,33,3.0,2.5,0.2,Cerrado,1.3
1c54af8b-1778-303c-ab6f-701f630c8a74,-21.71051,-56.31948,2026-03-01 05:33:00,NOAA-21,BELA VISTA,MATO GROSSO DO SUL,Brasil,5002100,50,33,3.0,2.49,0.21,Cerrado,1.2
7be1eae3-dd04-3abd-9a45-0965c9a87da9,-21.70776,-56.31909,2026-03-01 07:01:00,AQUA_M-M,BELA VISTA,MATO GROSSO DO SUL,Brasil,5002100,50,33,3.0,2.54,0.2,Cerrado,7.2
f49814ce-3119-3f28-b481-2d9078924a7c,-21.70947,-56.30568,2026-03-01 07:01:00,AQUA_M-M,BELA VISTA,MATO GROSSO DO SUL,Brasil,5002100,50,33,3.0,2.35,0.2,Cerrado,9.4
b7a29bb5-c1cd-3dab-97e7-238eaeccb6f4,-19.25846,-52.90086,2026-03-01 12:31:00,TERRA_M-T,PARAÍSO DAS ÁGUAS,MATO GROSSO DO SUL,Brasil,5006275,50,33,3.0,0.0,0.22,Cerrado,7.4
e75a93af-71a9-3d01-a4ac-1eafc3dea587,-21.71084,-56.30938,2026-03-01 12:33:00,TERRA_M-T,BELA VISTA,MATO GROSSO DO SUL,Brasil,5002100,50,33,3.0,2.38,0.21,Cerrado,7.6
20d1715b-6120-3c3c-990a-225e9fcb03df,-21.659,-56.3175,2026-03-01 13:40:00,GOES-19,BELA VISTA,MATO GROSSO DO SUL,Brasil,5002100,50,33,3.0,3.47,0.16,Cerrado,75.6
c3bdf4dd-4129-3371-8d42-ac138ad25b8c,-21.659,-56.3175,2026-03-01 13:50:00,GOES-19,BELA VISTA,MATO GROSSO DO SUL,Brasil,5002100,50,33,3.0,3.47,0.16,Cerrado,70.7
1e617e6a-83b3-394b-bf38-624a3b99508c,-17.65391,-51.85206,2026-03-01 16:24:00,NOAA-21,JATAÍ,GOIÁS,Brasil,5211909,52,33,3.0,0.0,0.12,Cerrado,4.7
999529f9-53cb-3d74-9ce7-a92c91733f36,-18.81341,-51.61012,2026-03-01 16:24:00,NOAA-21,ITAJÁ,GOIÁS,Brasil,5210802,52,33,2.0,0.61,0.01,Cerrado,11.2
b9dbb917-bc15-3fd9-ae94-1e8955bac73d,-16.15084,-48.80406,2026-03-01 16:24:00,NOAA-21,ABADIÂNIA,GOIÁS,Brasil,5200100,52,33,1.0,0.42,0.04,Cerrado,4.0
dcfb1786-2d03-3607-9515-8580edce0649,-18.27425,-51.64032,2026-03-01 16:24:00,NOAA-21,JATAÍ,GOIÁS,Brasil,5211909,52,33,2.0,0.5,0.09,Cerrado,12.8
1e34dcff-be0d-3a18-bc53-3e4988c0926b,-18.81193,-51.60931,2026-03-01 16:24:00,NOAA-21,ITAJÁ,GOIÁS,Brasil,5210802,52,33,2.0,0.63,0.01,Cerrado,14.6
8507311d-2bde-3a61-9f9c-19982a37405c,-8.31664,-49.19629,2026-03-01 16:26:00,NOAA-21,COUTO MAGALHÃES,TOCANTINS,Brasil,1706001,17,33,1.0,0.68,0.0,Cerrado,13.3
6be6664b-6642-35b5-bbfe-5be4f0a28f8f,-18.81231,-51.60758,2026-03-01 16:54:00,NPP-375,ITAJÁ,GOIÁS,Brasil,5210802,52,33,2.0,0.64,0.01,Cerrado,4.1
a3630f8d-c44e-3b04-b8b9-fd52dbea05fc,-18.05939,-47.33147,2026-03-01 16:54:00,NPP-375,CATALÃO,GOIÁS,Brasil,5205109,52,33,0.0,0.2,0.01,Cerrado,2.0
37f5e352-6b24-3274-8a46-b64e3334d808,-18.6406,-46.57144,2026-03-01 16:54:00,NPP-375,PATOS DE MINAS,MINAS GERAIS,Brasil,3148004,31,33,0.0,0.0,0.0,Cerrado,1.0
8045d5cf-e72b-33b3-b495-ffea8471d192,-16.74308,-48.92957,2026-03-01 16:54:00,NPP-375,CALDAZINHA,GOIÁS,Brasil,5204557,52,33,2.0,0.0,0.05,Cerrado,4.4
3ca2fdbd-60fc-36d8-8e6d-1bacbef7fc37,-21.05448,-47.26423,2026-03-01 16:54:00,NPP-375,ALTINÓPOLIS,SÃO PAULO,Brasil,3501004,35,33,0.0,1.59,0.0,Cerrado,5.4
af479949-0665-305c-9dd2-c9d40a0359e5,-19.03935,-49.70387,2026-03-01 16:54:00,NPP-375,GURINHATÃ,MINAS GERAIS,Brasil,3129103,31,33,3.0,0.0,0.02,Cerrado,5.0
9cf28f9e-08f6-3108-962d-4b03420f1512,-18.27565,-51.64142,2026-03-01 16:54:00,NPP-375,JATAÍ,GOIÁS,Brasil,5211909,52,33,2.0,0.5,0.08,Cerrado,10.6
0921eade-0907-3ff2-bd0c-a73576defd7a,-21.05391,-47.26051,2026-03-01 16:54:00,NPP-375,ALTINÓPOLIS,SÃO PAULO,Brasil,3501004,35,33,0.0,1.5,0.0,Cerrado,3.9
10e00b2d-1d10-3fb3-a6f3-47d958f3a4e6,-21.66335,-56.32295,2026-03-01 16:54:00,NPP-375,BELA VISTA,MATO GROSSO DO SUL,Brasil,5002100,50,33,3.0,3.53,0.12,Cerrado,6.7
57904a63-b533-340e-aa37-835cec1714ba,-21.6639,-56.3238,2026-03-01 16:54:00,NPP-375,BELA VISTA,MATO GROSSO DO SUL,Brasil,5002100,50,33,3.0,3.54,0.11,Cerrado,8.5
5d71f17f-94bb-3ca4-99e1-aaa59a66a22b,-21.66368,-56.32642,2026-03-01 16:54:00,NPP-375,BELA VISTA,MATO GROSSO DO SUL,Brasil,5002100,50,33,3.0,3.62,0.07,Cerrado,7.0
4ad39cf2-0248-3957-8d14-17627438ffe8,-17.89853,-51.72157,2026-03-01 16:54:00,NPP-375,JATAÍ,GOIÁS,Brasil,5211909,52,33,3.0,0.0,-999.0,Cerrado,8.3
52b09f79-ccbc-3008-91f2-0f64bb2a9f29,-18.80856,-51.60818,2026-03-01 16:54:00,NPP-375,ITAJÁ,GOIÁS,Brasil,5210802,52,33,2.0,0.67,0.01,Cerrado,4.1
53443090-6129-3ca8-941d-6fa65fa07d54,-21.66425,-56.32727,2026-03-01 16:54:00,NPP-375,BELA VISTA,MATO GROSSO DO SUL,Brasil,5002100,50,33,3.0,3.64,0.06,Cerrado,6.2
a3373b26-8b99-34f1-81da-26969be10f03,-16.74642,-48.92904,2026-03-01 16:54:00,NPP-375,CALDAZINHA,GOIÁS,Brasil,5204557,52,33,2.0,0.0,0.04,Cerrado,4.4
6e6b7894-f4a5-39d1-b462-2270c97cd5a4,-17.91199,-52.71922,2026-03-01 16:54:00,NPP-375,MINEIROS,GOIÁS,Brasil,5213103,52,33,4.0,0.0,0.13,Cerrado,7.6
61936ce8-67a4-37d5-9900-518186511d37,-17.34837,-53.7713,2026-03-01 16:54:00,NPP-375,SONORA,MATO GROSSO DO SUL,Brasil,5007935,50,33,3.0,0.0,0.16,Cerrado,14.3
e7eddd36-8289-37ef-96d0-1acf640d0948,-13.12358,-57.6573,2026-03-01 16:56:00,NPP-375,BRASNORTE,MATO GROSSO,Brasil,5101902,51,33,1.0,3.74,0.0,Cerrado,6.0
3b9ed571-7ff7-3e4c-845e-19a2d1542fcf,-13.12872,-57.65664,2026-03-01 16:56:00,NPP-375,BRASNORTE,MATO GROSSO,Brasil,5101902,51,33,1.0,3.69,0.0,Cerrado,9.1
9674f3f2-5830-397c-b013-9f4ceedc01d1,-19.04192,-49.70586,2026-03-01 17:13:00,NOAA-20,GURINHATÃ,MINAS GERAIS,Brasil,3129103,31,33,3.0,0.0,0.02,Cerrado,6.8
1e3cae31-a884-3a4f-aa01-0137096b8662,-21.05713,-47.26116,2026-03-01 17:13:00,NOAA-20,ALTINÓPOLIS,SÃO PAULO,Brasil,3501004,35,33,0.0,1.53,0.0,Cerrado,4.5
796f4f60-e879-3498-9d42-4915821a56d4,-20.03296,-47.16398,2026-03-01 17:13:00,NOAA-20,SACRAMENTO,MINAS GERAIS,Brasil,3156908,31,33,0.0,0.0,0.0,Cerrado,6.3
0bdde02d-714b-3752-9c3c-6120c263d0f1,-19.43695,-49.71891,2026-03-01 17:13:00,NOAA-20,CAMPINA VERDE,MINAS GERAIS,Brasil,3111101,31,33,4.0,0.0,0.24,Cerrado,2.9
b9b5b3b4-f3c0-3ef9-bec8-d118b5637521,-21.51321,-57.07051,2026-03-01 17:13:00,NOAA-20,PORTO MURTINHO,MATO GROSSO DO SUL,Brasil,5006903,50,33,3.0,0.1,0.33,Cerrado,3.9
5215d80d-eff1-3bb8-af1d-41888b9fd239,-20.03365,-47.16537,2026-03-01 17:13:00,NOAA-20,SACRAMENTO,MINAS GERAIS,Brasil,3156908,31,33,0.0,0.0,0.0,Cerrado,8.9
948cd2da-48d0-3a11-b74e-c04fec633cfb,-19.70031,-53.20054,2026-03-01 17:13:00,NOAA-20,ÁGUA CLARA,MATO GROSSO DO SUL,Brasil,5000203,50,33,3.0,0.0,0.31,Cerrado,1.8
9309a73a-4351-3a14-a32e-d000d0afd410,-21.66409,-56.32545,2026-03-01 17:13:00,NOAA-20,BELA VISTA,MATO GROSSO DO SUL,Brasil,5002100,50,33,3.0,3.59,0.08,Cerrado,11.0
11440303-47cb-3e96-9fbd-bb42c239bf6c,-21.0529,-47.26215,2026-03-01 17:13:00,NOAA-20,ALTINÓPOLIS,SÃO PAULO,Brasil,3501004,35,33,0.0,1.53,0.0,Cerrado,4.5
75effade-f8af-3866-b040-29f64cbf6945,-17.53207,-53.70117,2026-03-01 17:15:00,NOAA-20,SONORA,MATO GROSSO DO SUL,Brasil,5007935,50,33,4.0,0.0,0.07,Cerrado,18.5
1ade85a8-7395-326e-845b-d89d073f703e,-16.95697,-50.43108,2026-03-01 17:15:00,NOAA-20,PARAÚNA,GOIÁS,Brasil,5216403,52,33,0.0,0.12,0.0,Cerrado,1.5
d4543abb-a6ab-3cf0-88e4-dc3a2c73f237,-18.27288,-51.64586,2026-03-01 17:15:00,NOAA-20,JATAÍ,GOIÁS,Brasil,5211909,52,33,2.0,0.5,0.05,Cerrado,4.2
3745532f-9893-3463-add9-c54197bec5d5,-17.34674,-53.77415,2026-03-01 17:15:00,NOAA-20,SONORA,MATO GROSSO DO SUL,Brasil,5007935,50,33,3.0,0.0,0.16,Cerrado,6.1
4d8f67a0-5d5f-3dac-90dd-5412ad76fa1b,-17.35007,-53.77358,2026-03-01 17:15:00,NOAA-20,SONORA,MATO GROSSO DO SUL,Brasil,5007935,50,33,3.0,0.0,0.14,Cerrado,6.1
72c76ab9-c717-3105-9807-e7aeae463a46,-17.53264,-53.70481,2026-03-01 17:15:00,NOAA-20,SONORA,MATO GROSSO DO SUL,Brasil,5007935,50,33,4.0,0.0,0.08,Cerrado,18.5
81ce40b1-bb0a-3b61-b09e-0918a165eb86,-15.91346,-52.33096,2026-03-01 17:15:00,NOAA-20,PONTAL DO ARAGUAIA,MATO GROSSO,Brasil,5106653,51,33,0.0,21.65,0.0,Cerrado,2.9
39750f1a-339c-37dc-872b-56f5733e924e,-16.74594,-48.92989,2026-03-01 17:15:00,NOAA-20,CALDAZINHA,GOIÁS,Brasil,5204557,52,33,2.0,0.0,0.05,Cerrado,6.1
d34876a9-8487-3e9f-ad00-ae92f0fede69,-17.34342,-53.77472,2026-03-01 17:15:00,NOAA-20,SONORA,MATO GROSSO DO SUL,Brasil,5007935,50,33,3.0,0.0,0.16,Cerrado,6.8
346fa4f5-c3f8-3716-b0c2-6aefa1cea95b,-18.27568,-51.64106,2026-03-01 17:15:00,NOAA-20,JATAÍ,GOIÁS,Brasil,5211909,52,33,2.0,0.5,0.08,Cerrado,7.1
6d005ebd-b224-3554-8b82-67714c555a3a,-17.5315,-53.69752,2026-03-01 17:15:00,NOAA-20,SONORA,MATO GROSSO DO SUL,Brasil,5007935,50,33,4.0,0.0,0.07,Cerrado,8.4
31b5f363-9ee0-3b96-a7c4-723aa8c2f244,-17.91251,-52.71948,2026-03-01 17:15:00,NOAA-20,MINEIROS,GOIÁS,Brasil,5213103,52,33,4.0,0.0,0.11,Cerrado,5.5
3d1f16f4-9d97-3976-ad70-4043e64adbcf,-17.33988,-53.77985,2026-03-01 18:04:00,NOAA-21,SONORA,MATO GROSSO DO SUL,Brasil,5007935,50,33,3.0,0.0,0.1,Cerrado,22.1
ce972bb7-7e23-36be-b919-6190eeb90891,-21.66377,-56.32416,2026-03-01 18:04:00,NOAA-21,BELA VISTA,MATO GROSSO DO SUL,Brasil,5002100,50,33,3.0,3.56,0.1,Cerrado,7.5
01a211f1-df24-337f-a44f-0f67cbc97646,-21.66451,-56.32753,2026-03-01 18:04:00,NOAA-21,BELA VISTA,MATO GROSSO DO SUL,Brasil,5002100,50,33,3.0,3.64,0.05,Cerrado,11.0
62900f2f-381f-3e08-b198-0e91f87c0675,-21.66464,-56.32542,2026-03-01 18:04:00,NOAA-21,BELA VISTA,MATO GROSSO DO SUL,Brasil,5002100,50,33,3.0,3.58,0.08,Cerrado,12.6
7d41a25b-3420-31d1-a3d3-bd7b0e1f6429,-21.66018,-56.33025,2026-03-01 18:04:00,NOAA-21,BELA VISTA,MATO GROSSO DO SUL,Brasil,5002100,50,33,3.0,3.81,0.08,Cerrado,4.6
43ab3953-51af-3c86-8667-c115d4da2248,-21.66536,-56.32877,2026-03-01 18:04:00,NOAA-21,BELA VISTA,MATO GROSSO DO SUL,Brasil,5002100,50,33,3.0,3.66,0.03,Cerrado,4.6
1c47749b-a2f6-3a11-bb35-7a6ec90ded66,-21.66508,-56.32855,2026-03-01 19:08:00,AQUA_M-T,BELA VISTA,MATO GROSSO DO SUL,Brasil,5002100,50,33,3.0,3.66,0.03,Cerrado,12.8
d4f39537-ce85-37e5-acd0-9e228d229471,-21.22145,-54.20813,2026-03-01 19:08:00,AQUA_M-T,CAMPO GRANDE,MATO GROSSO DO SUL,Brasil,5002704,50,33,3.0,0.0,0.05,Cerrado,5.9
6f9f719e-3f5d-3452-9e47-7b343e5f0232,-17.53277,-53.70997,2026-03-01 19:10:00,AQUA_M-T,SONORA,MATO GROSSO DO SUL,Brasil,5007935,50,33,4.0,0.0,0.08,Cerrado,17.0
f9673d74-9350-3a8e-9406-3449c79fa7fb,-14.86464,-56.22113,2026-03-01 19:10:00,AQUA_M-T,ROSÁRIO OESTE,MATO GROSSO,Brasil,5107701,51,33,3.0,0.3,0.01,Cerrado,8.7
01411227-e579-3dd8-93e9-916fe1ca2cfa,-13.60751,-56.58458,2026-03-01 19:12:00,AQUA_M-T,SÃO JOSÉ DO RIO CLARO,MATO GROSSO,Brasil,5107305,51,33,0.0,0.39,0.0,Cerrado,15.5
fe2b70ed-7418-39ea-acf0-503c9b4a1383,-12.51104,-57.99776,2026-03-01 19:12:00,AQUA_M-T,BRASNORTE,MATO GROSSO,Brasil,5101902,51,33,0.0,4.28,0.0,Cerrado,6.1
535b5636-a666-3a18-96af-dc648d9b2a98,-12.51413,-57.9359,2026-03-01 19:12:00,AQUA_M-T,BRASNORTE,MATO GROSSO,Brasil,5101902,51,33,1.0,6.06,0.0,Cerrado,10.0
e032ca74-0fcb-3f59-8122-d0a752fdf1c8,-13.51378,-56.64917,2026-03-01 19:12:00,AQUA_M-T,SÃO JOSÉ DO RIO CLARO,MATO GROSSO,Brasil,5107305,51,33,0.0,1.02,0.0,Cerrado,7.8
f983b318-47db-3840-be4b-a0d53a4e4414,-13.60614,-56.57547,2026-03-01 19:12:00,AQUA_M-T,SÃO JOSÉ DO RIO CLARO,MATO GROSSO,Brasil,5107305,51,33,0.0,0.35,0.0,Cerrado,6.8
64850633-bc29-3255-b43f-d336ce192c29,-24.33587,-49.73029,2026-03-02 00:39:00,TERRA_M-M,JAGUARIAÍVA,PARANÁ,Brasil,4112009,41,33,4.0,0.0,0.08,Cerrado,19.5
be60acfa-983d-36f3-b758-11f1bc6cfbbb,-21.3762,-48.63252,2026-03-02 00:41:00,TERRA_M-M,CÂNDIDO RODRIGUES,SÃO PAULO,Brasil,3510104,35,33,4.0,0.0,0.09,Cerrado,12.7
15ddb00f-b4fe-39ce-acd9-65980dc20f4c,-21.37827,-48.64547,2026-03-02 00:41:00,TERRA_M-M,CÂNDIDO RODRIGUES,SÃO PAULO,Brasil,3510104,35,33,4.0,0.0,0.09,Cerrado,11.1
9efd08bd-27db-3aca-a3bc-278d7c27fb9e,-20.18571,-46.48362,2026-03-02 03:34:00,NOAA-21,SÃO ROQUE DE MINAS,MINAS GERAIS,Brasil,3164308,31,33,2.0,0.0,0.0,Cerrado,1.2
9a4b0cd3-9874-3f7d-a3b9-6efab7c3481b,-20.19245,-46.48049,2026-03-02 03:34:00,NOAA-21,SÃO ROQUE DE MINAS,MINAS GERAIS,Brasil,3164308,31,33,2.0,0.0,0.0,Cerrado,1.0
93e74a63-5d60-3889-86e7-948fd5f8e8a0,-24.33244,-49.73054,2026-03-02 03:36:00,NOAA-21,JAGUARIAÍVA,PARANÁ,Brasil,4112009,41,33,4.0,0.0,0.06,Cerrado,8.4
90d16ea7-5899-3336-ba38-663c069a43cf,-20.18823,-46.48393,2026-03-02 04:04:00,NPP-375D,SÃO ROQUE DE MINAS,MINAS GERAIS,Brasil,3164308,31,33,2.0,0.0,0.0,Cerrado,0.3
da55a489-dba6-38be-aae2-35a4177cc5b9,-20.18681,-46.48507,2026-03-02 04:04:00,NPP-375D,SÃO ROQUE DE MINAS,MINAS GERAIS,Brasil,3164308,31,33,2.0,0.0,0.0,Cerrado,1.5
e948a5f0-14ac-33bf-8e17-8ccf7d1ada2b,-20.18431,-46.48318,2026-03-02 04:04:00,NPP-375D,SÃO ROQUE DE MINAS,MINAS GERAIS,Brasil,3164308,31,33,2.0,0.0,0.0,Cerrado,0.3
eec5503c-580c-36f8-88a4-8840d8efbee4,-24.33553,-49.72773,2026-03-02 04:06:00,NPP-375D,JAGUARIAÍVA,PARANÁ,Brasil,4112009,41,33,4.0,0.0,0.07,Cerrado,4.5
0091d858-af50-3d38-97cd-b8f1dcc8cc0c,-24.33018,-49.73132,2026-03-02 04:06:00,NPP-375D,JAGUARIAÍVA,PARANÁ,Brasil,4112009,41,33,4.0,0.0,0.06,Cerrado,1.9
1ad51f41-8eac-3818-bdd3-2d1b73aaae43,-24.33111,-49.72675,2026-03-02 04:06:00,NPP-375D,JAGUARIAÍVA,PARANÁ,Brasil,4112009,41,33,4.0,0.0,0.06,Cerrado,1.9
b40a426d-1a0e-32ff-84a8-648d301049f8,-21.37935,-48.64019,2026-03-02 04:06:00,NPP-375D,CÂNDIDO RODRIGUES,SÃO PAULO,Brasil,3510104,35,33,4.0,0.0,0.09,Cerrado,0.7
454ad2c9-eca7-3e32-978a-2addffa11e8a,-17.52741,-53.69952,2026-03-02 04:25:00,NOAA-20,SONORA,MATO GROSSO DO SUL,Brasil,5007935,50,33,4.0,1.32,0.04,Cerrado,1.5
a819d37e-7031-382e-8c8b-9f1a95cb9ed4,-17.53,-53.69837,2026-03-02 04:25:00,NOAA-20,SONORA,MATO GROSSO DO SUL,Brasil,5007935,50,33,4.0,1.34,0.06,Cerrado,1.1
ab2cfb88-2939-3011-be34-2d8d560588ba,-24.33388,-49.72976,2026-03-02 04:25:00,NOAA-20,JAGUARIAÍVA,PARANÁ,Brasil,4112009,41,33,4.0,0.0,0.06,Cerrado,3.1
b9001340-de59-364f-b4e4-1d3f11f9ac13,-19.13828,-52.62234,2026-03-02 04:25:00,NOAA-20,CHAPADÃO DO SUL,MATO GROSSO DO SUL,Brasil,5002951,50,33,5.0,0.0,0.36,Cerrado,0.8
b43e1d48-1d71-3ad9-9bf5-14283a588650,-24.33056,-49.72913,2026-03-02 04:25:00,NOAA-20,JAGUARIAÍVA,PARANÁ,Brasil,4112009,41,33,4.0,0.0,0.06,Cerrado,3.1
611b60dc-030b-3352-a1ca-2ca770282a59,-20.18642,-46.48304,2026-03-02 04:25:00,NOAA-20,SÃO ROQUE DE MINAS,MINAS GERAIS,Brasil,3164308,31,33,2.0,0.0,0.0,Cerrado,1.3
4d2afa00-8539-39b6-8e1b-423456603ab1,-21.3788,-48.63648,2026-03-02 04:25:00,NOAA-20,CÂNDIDO RODRIGUES,SÃO PAULO,Brasil,3510104,35,33,4.0,0.0,0.09,Cerrado,0.9
a8ca9c70-eda0-3164-9c75-db0dbc4e6d38,-24.33448,-49.72777,2026-03-02 05:16:00,NOAA-21,JAGUARIAÍVA,PARANÁ,Brasil,4112009,41,33,4.0,0.0,0.06,Cerrado,3.0
23a4ce7b-cede-3975-86cc-db92ca943ade,-24.33327,-49.7281,2026-03-02 05:16:00,NOAA-21,JAGUARIAÍVA,PARANÁ,Brasil,4112009,41,33,4.0,0.0,0.06,Cerrado,3.5
d09fd8f4-6906-38e3-b5f8-a9be06324983,-13.9155,-56.81055,2026-03-02 13:10:00,TERRA_M-T,DIAMANTINO,MATO GROSSO,Brasil,5103502,51,33,0.0,15.99,0.0,Cerrado,24.3
33df9b78-6345-37f1-8dea-3c7a986b7376,-20.33188,-44.7352,2026-03-02 16:05:00,NOAA-21,CLÁUDIO,MINAS GERAIS,Brasil,3116605,31,33,2.0,0.0,0.11,Cerrado,11.0
ec6c2732-5240-3afa-aeef-211914c2c560,-21.81923,-47.09302,2026-03-02 16:05:00,NOAA-21,CASA BRANCA,SÃO PAULO,Brasil,3510807,35,33,3.0,0.0,0.09,Cerrado,4.9
f3416382-c516-369e-ae2b-956359f03146,-20.33077,-44.73644,2026-03-02 16:05:00,NOAA-21,CLÁUDIO,MINAS GERAIS,Brasil,3116605,31,33,2.0,0.0,0.11,Cerrado,7.2
633a8692-ce56-3593-8848-55db215bd336,-17.53574,-43.39027,2026-03-02 16:07:00,NOAA-21,OLHOS-D'ÁGUA,MINAS GERAIS,Brasil,3145455,31,33,2.0,0.0,0.0,Cerrado,6.6
fb850251-2235-3741-9dba-f8adcfc30b82,-6.53286,-45.8305,2026-03-02 16:07:00,NOAA-21,FERNANDO FALCÃO,MARANHÃO,Brasil,2104081,21,33,1.0,1.97,0.0,Cerrado,1.0
59c896c0-06fb-35d3-b437-18cdc406b4f8,-19.56168,-49.2466,2026-03-02 16:34:00,NPP-375,PRATA,MINAS GERAIS,Brasil,3152808,31,33,4.0,0.0,0.23,Cerrado,4.5
119d4de1-f18a-3f98-bb5c-f4aed3c7118b,-19.46477,-53.10469,2026-03-02 16:34:00,NPP-375,ÁGUA CLARA,MATO GROSSO DO SUL,Brasil,5000203,50,33,4.0,0.0,0.37,Cerrado,2.8
3a27b95b-b885-39e9-8d72-074c001d7186,-19.55781,-49.25162,2026-03-02 16:34:00,NPP-375,PRATA,MINAS GERAIS,Brasil,3152808,31,33,3.0,0.0,0.23,Cerrado,4.1
a98fc138-475a-3253-90ef-2502f340e26b,-24.33139,-49.72952,2026-03-02 16:34:00,NPP-375,JAGUARIAÍVA,PARANÁ,Brasil,4112009,41,33,4.0,0.0,0.06,Cerrado,10.7
de9da8c2-51e8-3b8b-87b4-dafb9beaab86,-19.56222,-49.25113,2026-03-02 16:34:00,NPP-375,COMENDADOR GOMES,MINAS GERAIS,Brasil,3116902,31,33,3.0,0.0,0.22,Cerrado,4.5
4a33fb5b-6462-3022-a9ca-864fd1326ebd,-19.46761,-53.10469,2026-03-02 16:34:00,NPP-375,ÁGUA CLARA,MATO GROSSO DO SUL,Brasil,5000203,50,33,4.0,0.0,0.29,Cerrado,2.9
5fe00bf9-7a4e-38a8-8208-7ad777655211,-19.55727,-49.2471,2026-03-02 16:34:00,NPP-375,PRATA,MINAS GERAIS,Brasil,3152808,31,33,4.0,0.0,0.23,Cerrado,4.1
d0561825-382d-3270-92d2-4bd6b036d3cc,-19.13103,-51.94227,2026-03-02 16:34:00,NPP-375,CASSILÂNDIA,MATO GROSSO DO SUL,Brasil,5002902,50,33,4.0,0.0,0.4,Cerrado,0.7
0861145d-0816-3ec9-8ba0-5392b9b746ba,-17.53333,-43.39075,2026-03-02 16:37:00,NPP-375,OLHOS-D'ÁGUA,MINAS GERAIS,Brasil,3145455,31,33,2.0,0.0,0.0,Cerrado,3.2
a0a9b21f-0449-367c-8daa-4e7f093479d6,-15.55365,-53.05153,2026-03-02 16:37:00,NPP-375,BARRA DO GARÇAS,MATO GROSSO,Brasil,5101803,51,33,0.0,0.58,0.02,Cerrado,0.9
aabe9d92-6478-3e20-ab51-40093f76931c,-18.94388,-53.44738,2026-03-02 16:37:00,NPP-375,CAMAPUÃ,MATO GROSSO DO SUL,Brasil,5002605,50,33,3.0,0.0,0.29,Cerrado,5.3
c1819d4c-3a79-321a-a7a2-68a9a950c2ba,-18.5469,-55.03803,2026-03-02 16:37:00,NPP-375,RIO VERDE DE MATO GROSSO,MATO GROSSO DO SUL,Brasil,5007406,50,33,5.0,0.3,0.2,Cerrado,9.6
5269bc25-84cf-320b-800f-2fd6975d7d0a,-16.42864,-48.90507,2026-03-02 16:37:00,NPP-375,LEOPOLDO DE BULHÕES,GOIÁS,Brasil,5212303,52,33,3.0,0.0,0.01,Cerrado,2.4
0cb75de2-33d1-34e4-a5fd-d2e1e82eabeb,-16.57668,-49.41854,2026-03-02 16:37:00,NPP-375,TRINDADE,GOIÁS,Brasil,5221403,52,33,1.0,0.53,0.02,Cerrado,4.5
1bf04e76-68ad-39cf-bae7-126a8da6f93a,-14.63456,-52.83705,2026-03-02 16:37:00,NPP-375,CAMPINÁPOLIS,MATO GROSSO,Brasil,5102603,51,33,3.0,0.0,0.04,Cerrado,5.7
af718886-6918-3dc1-a075-a879cba73abc,-19.04623,-52.33748,2026-03-02 16:37:00,NPP-375,CASSILÂNDIA,MATO GROSSO DO SUL,Brasil,5002902,50,33,4.0,0.0,0.38,Cerrado,9.3
a81878d4-a95b-3db0-822e-49d82b94d478,-15.74026,-56.55363,2026-03-02 16:37:00,NPP-375,POCONÉ,MATO GROSSO,Brasil,5106505,51,33,3.0,10.76,0.07,Cerrado,6.4
a8b78bb5-3292-39f5-8432-30870358bdc8,-18.54106,-55.04389,2026-03-02 16:37:00,NPP-375,RIO VERDE DE MATO GROSSO,MATO GROSSO DO SUL,Brasil,5007406,50,33,5.0,0.3,0.2,Cerrado,10.4
ef39c966-0f5b-3f40-a6cf-32ad1c1a2670,-23.217,-49.02493,2026-03-02 16:54:00,NOAA-20,ARANDU,SÃO PAULO,Brasil,3503109,35,33,5.0,0.0,0.87,Cerrado,1.6
ca0a1eeb-6cb6-3912-b068-cfefd3c94644,-22.62881,-47.34038,2026-03-02 16:54:00,NOAA-20,LIMEIRA,SÃO PAULO,Brasil,3526902,35,33,4.0,0.0,0.14,Cerrado,4.1
e99ec119-f09f-3886-a80d-7b3c52f29ba3,-24.06565,-48.9242,2026-03-02 16:54:00,NOAA-20,ITAPEVA,SÃO PAULO,Brasil,3522406,35,33,5.0,0.0,0.1,Cerrado,3.7
6fd35579-981e-302d-85ee-3299f82081a4,-24.33428,-49.72822,2026-03-02 16:54:00,NOAA-20,JAGUARIAÍVA,PARANÁ,Brasil,4112009,41,33,4.0,0.0,0.06,Cerrado,8.6
049c3fc7-5026-3797-a151-e86af8f6fcdb,-15.8063,-45.87127,2026-03-02 16:56:00,NOAA-20,ARINOS,MINAS GERAIS,Brasil,3104502,31,33,0.0,0.0,0.0,Cerrado,20.0
90502556-93a9-3806-b3fe-1fdf98ed1005,-18.94519,-53.4491,2026-03-02 16:56:00,NOAA-20,CAMAPUÃ,MATO GROSSO DO SUL,Brasil,5002605,50,33,3.0,0.0,0.29,Cerrado,3.3
9c484b6e-8a49-37c5-adf8-a5d80d29a6c2,-18.81065,-51.6087,2026-03-02 16:56:00,NOAA-20,ITAJÁ,GOIÁS,Brasil,5210802,52,33,3.0,0.0,0.01,Cerrado,6.6
300944b9-680b-3846-b2d2-bbf79a7c2499,-15.79658,-45.88289,2026-03-02 16:56:00,NOAA-20,ARINOS,MINAS GERAIS,Brasil,3104502,31,33,0.0,0.0,0.0,Cerrado,5.1
95161d65-213e-3add-887a-8ada74d3738c,-17.68986,-44.75318,2026-03-02 16:56:00,NOAA-20,VÁRZEA DA PALMA,MINAS GERAIS,Brasil,3170800,31,33,0.0,2.37,0.0,Cerrado,5.0
4425af0f-a200-3114-a6e9-562299692208,-19.56316,-49.24744,2026-03-02 16:56:00,NOAA-20,PRATA,MINAS GERAIS,Brasil,3152808,31,33,4.0,0.0,0.22,Cerrado,2.1
f7dbf55b-fad3-3f96-aeb2-69ae99fa2c22,-15.81932,-45.87877,2026-03-02 16:56:00,NOAA-20,ARINOS,MINAS GERAIS,Brasil,3104502,31,33,0.0,0.0,0.0,Cerrado,10.2
74e076c0-8be5-39e8-a9d2-b6c5841f2751,-17.632,-46.45421,2026-03-02 16:56:00,NOAA-20,LAGOA GRANDE,MINAS GERAIS,Brasil,3137536,31,33,0.0,0.0,0.0,Cerrado,3.7
540867d0-fd42-3d27-bf61-57b85e71ce68,-19.04549,-52.33828,2026-03-02 16:56:00,NOAA-20,CASSILÂNDIA,MATO GROSSO DO SUL,Brasil,5002902,50,33,4.0,0.0,0.44,Cerrado,5.6
97d507d6-ee4d-3bd3-ad94-0289c8994d4a,-19.55984,-49.248,2026-03-02 16:56:00,NOAA-20,PRATA,MINAS GERAIS,Brasil,3152808,31,33,4.0,0.0,0.23,Cerrado,22.1
612453db-6694-339b-a3c2-490ac2db74b2,-15.80334,-45.87675,2026-03-02 16:56:00,NOAA-20,ARINOS,MINAS GERAIS,Brasil,3104502,31,33,0.0,0.0,0.0,Cerrado,5.2
79d9027a-1bb2-3904-b6b9-245012ff8425,-20.3306,-44.7346,2026-03-02 16:56:00,NOAA-20,CLÁUDIO,MINAS GERAIS,Brasil,3116605,31,33,2.0,0.0,0.1,Cerrado,12.8
d535335f-6c85-3a86-b131-a8fcf6f877c8,-16.53467,-49.2536,2026-03-02 16:56:00,NOAA-20,GOIÂNIA,GOIÁS,Brasil,5208707,52,33,3.0,0.0,0.05,Cerrado,4.0
c3f903a2-0e4e-3e71-b975-eacd2a3f6dd8,-15.7974,-45.88766,2026-03-02 16:56:00,NOAA-20,ARINOS,MINAS GERAIS,Brasil,3104502,31,33,0.0,0.0,0.0,Cerrado,6.0
da81cd0b-5e98-3c58-b5fa-1b36b820f02f,-15.8185,-45.87398,2026-03-02 16:56:00,NOAA-20,ARINOS,MINAS GERAIS,Brasil,3104502,31,33,0.0,0.0,0.0,Cerrado,10.2
6fc06ee4-76ad-3afc-839b-95af22957973,-15.82393,-45.88286,2026-03-02 16:56:00,NOAA-20,ARINOS,MINAS GERAIS,Brasil,3104502,31,33,0.0,0.0,0.0,Cerrado,10.4
d992236b-133d-3695-8ff5-92ea8877fcd6,-15.8012,-45.887,2026-03-02 16:56:00,NOAA-20,ARINOS,MINAS GERAIS,Brasil,3104502,31,33,0.0,0.0,0.0,Cerrado,7.1
cc2fa810-0ec2-39a1-b27f-4e97688ee570,-18.80663,-51.60529,2026-03-02 16:56:00,NOAA-20,ITAJÁ,GOIÁS,Brasil,5210802,52,33,3.0,0.0,0.01,Cerrado,6.9
c969fef2-6fd9-377e-8794-26d3c5329bf7,-18.54628,-55.03968,2026-03-02 16:56:00,NOAA-20,RIO VERDE DE MATO GROSSO,MATO GROSSO DO SUL,Brasil,5007406,50,33,5.0,0.3,0.2,Cerrado,8.3
e8e969bf-68dc-3744-b386-174adf9cb651,-18.54261,-55.04416,2026-03-02 16:56:00,NOAA-20,RIO VERDE DE MATO GROSSO,MATO GROSSO DO SUL,Brasil,5007406,50,33,5.0,0.3,0.2,Cerrado,12.7
b2aa51a7-2237-3a4c-b10a-706f0ac33051,-15.83151,-45.88147,2026-03-02 16:56:00,NOAA-20,ARINOS,MINAS GERAIS,Brasil,3104502,31,33,0.0,0.0,0.0,Cerrado,3.8
5b0e4c86-fb63-3d00-8db4-1983aeee7af3,-21.18919,-56.45284,2026-03-02 16:56:00,NOAA-20,BONITO,MATO GROSSO DO SUL,Brasil,5002209,50,33,3.0,1.94,0.03,Cerrado,21.7
5bad020a-8723-38d2-b257-ede38cc5f7d5,-15.81388,-45.86989,2026-03-02 16:56:00,NOAA-20,ARINOS,MINAS GERAIS,Brasil,3104502,31,33,0.0,0.0,0.0,Cerrado,4.0
90d39885-2f48-3cb5-ba89-bfc1f986df44,-18.54675,-55.04359,2026-03-02 16:56:00,NOAA-20,RIO VERDE DE MATO GROSSO,MATO GROSSO DO SUL,Brasil,5007406,50,33,5.0,0.3,0.2,Cerrado,8.3
04f8c512-7c9e-3c42-ac57-7aaba3731848,-20.33076,-44.7327,2026-03-02 16:56:00,NOAA-20,CLÁUDIO,MINAS GERAIS,Brasil,3116605,31,33,2.0,0.0,0.1,Cerrado,10.0
b080dad7-d890-3683-88e7-5ebcef64d1b3,-21.18863,-56.44762,2026-03-02 16:56:00,NOAA-20,BONITO,MATO GROSSO DO SUL,Brasil,5002209,50,33,3.0,1.95,0.04,Cerrado,31.0
71277b6b-78fe-39ec-9f2b-98bd54947bc5,-15.80037,-45.88221,2026-03-02 16:56:00,NOAA-20,ARINOS,MINAS GERAIS,Brasil,3104502,31,33,0.0,0.0,0.0,Cerrado,5.2
5abcb296-38e5-3bd8-86aa-0cfabf5120c3,-18.54309,-55.04807,2026-03-02 16:56:00,NOAA-20,RIO VERDE DE MATO GROSSO,MATO GROSSO DO SUL,Brasil,5007406,50,33,5.0,0.3,0.2,Cerrado,7.4
0e49d198-5b75-3020-b42b-fae5857b253c,-18.94454,-53.44424,2026-03-02 16:56:00,NOAA-20,CAMAPUÃ,MATO GROSSO DO SUL,Brasil,5002605,50,33,3.0,0.0,0.28,Cerrado,3.3
b4bce359-fa2f-3145-aee6-a56c5545b5e9,-15.82772,-45.88217,2026-03-02 16:56:00,NOAA-20,ARINOS,MINAS GERAIS,Brasil,3104502,31,33,0.0,0.0,0.0,Cerrado,10.4
8830b981-5d74-3583-8089-ae8ddfaf83dd,-16.19968,-49.3225,2026-03-02 16:56:00,NOAA-20,PETROLINA DE GOIÁS,GOIÁS,Brasil,5216809,52,33,3.0,0.29,0.01,Cerrado,2.3
20b3a971-3236-3391-848b-138ab8f5b817,-15.8269,-45.87738,2026-03-02 16:56:00,NOAA-20,ARINOS,MINAS GERAIS,Brasil,3104502,31,33,0.0,0.0,0.0,Cerrado,13.2
838dacdf-aa05-3ed4-93c5-299dc7b124ec,-19.96831,-47.20422,2026-03-02 16:56:00,NOAA-20,SACRAMENTO,MINAS GERAIS,Brasil,3156908,31,33,2.0,0.0,0.0,Cerrado,4.0
7ad9a65b-88a4-35d7-b82a-3369e35455db,-15.81767,-45.86919,2026-03-02 16:56:00,NOAA-20,ARINOS,MINAS GERAIS,Brasil,3104502,31,33,0.0,0.0,0.0,Cerrado,4.0
a375d13a-b63e-38b8-946d-a21fe110022a,-17.68593,-44.75393,2026-03-02 16:56:00,NOAA-20,VÁRZEA DA PALMA,MINAS GERAIS,Brasil,3170800,31,33,0.0,2.55,0.0,Cerrado,5.0
65ba5122-380c-3307-8538-0682aa5f8125,-14.4205,-47.00647,2026-03-02 16:58:00,NOAA-20,FLORES DE GOIÁS,GOIÁS,Brasil,5207907,52,33,3.0,2.57,0.05,Cerrado,3.3
350a3fbf-d552-34ad-a05c-fd288ade663b,-11.16378,-50.4197,2026-03-02 16:58:00,NOAA-20,LAGOA DA CONFUSÃO,TOCANTINS,Brasil,1711902,17,33,0.0,11.14,0.0,Cerrado,8.7
f8e47e04-f23e-3b8e-a217-a03a540b3252,-11.1599,-50.41669,2026-03-02 16:58:00,NOAA-20,LAGOA DA CONFUSÃO,TOCANTINS,Brasil,1711902,17,33,0.0,11.25,0.0,Cerrado,4.2
83d3972c-c0b5-31f1-86f1-8b12d8a415ce,-15.74046,-56.55633,2026-03-02 16:58:00,NOAA-20,POCONÉ,MATO GROSSO,Brasil,5106505,51,33,3.0,10.79,0.06,Cerrado,6.6
61211e17-0f1f-3c04-8e47-22e17c194a1b,-15.42722,-56.31097,2026-03-02 16:58:00,NOAA-20,VÁRZEA GRANDE,MATO GROSSO,Brasil,5108402,51,33,3.0,8.48,0.0,Cerrado,5.6
8097c1bf-8f27-371f-8ed5-38f7537fe0ab,-11.15879,-50.4096,2026-03-02 16:58:00,NOAA-20,LAGOA DA CONFUSÃO,TOCANTINS,Brasil,1711902,17,33,0.0,11.28,0.0,Cerrado,5.8
68a76e41-7430-3e11-accf-028f077cdbe8,-21.18894,-56.45167,2026-03-02 17:45:00,NOAA-21,BONITO,MATO GROSSO DO SUL,Brasil,5002209,50,33,3.0,1.96,0.03,Cerrado,26.7
6cf01e23-3bbb-33a5-aec3-c2cedc22bfa7,-15.74164,-56.55392,2026-03-02 17:45:00,NOAA-21,POCONÉ,MATO GROSSO,Brasil,5106505,51,33,3.0,10.76,0.07,Cerrado,14.3
44c36e05-d401-3f75-99ee-1ac6761f2056,-17.52828,-53.69858,2026-03-02 17:45:00,NOAA-21,SONORA,MATO GROSSO DO SUL,Brasil,5007935,50,33,4.0,1.33,0.05,Cerrado,11.4
ff66a3fe-04bb-33c1-9632-a9589895b7de,-15.29438,-56.5762,2026-03-02 17:45:00,NOAA-21,JANGADA,MATO GROSSO,Brasil,5104906,51,33,3.0,19.87,0.0,Cerrado,10.2
a76131d4-75c6-3866-a533-199650479bec,-19.0475,-52.33722,2026-03-02 17:45:00,NOAA-21,CASSILÂNDIA,MATO GROSSO DO SUL,Brasil,5002902,50,33,4.0,0.0,0.32,Cerrado,2.4
71fc66b4-0ff4-31e9-8539-dbe7afdf977b,-16.53541,-49.25566,2026-03-02 17:45:00,NOAA-21,GOIÂNIA,GOIÁS,Brasil,5208707,52,33,3.0,0.0,0.05,Cerrado,7.5
38985b1f-9ddf-32a9-8d44-5c7d7dbe475c,-16.53288,-52.21214,2026-03-02 17:45:00,NOAA-21,CAIAPÔNIA,GOIÁS,Brasil,5204409,52,33,0.0,0.0,0.0,Cerrado,6.1
2a5e9f3e-ee63-35ad-bfb8-5d6b3e7c1c67,-19.55808,-49.24825,2026-03-02 17:45:00,NOAA-21,PRATA,MINAS GERAIS,Brasil,3152808,31,33,4.0,0.0,0.23,Cerrado,28.8
4c7e3930-70eb-35ab-890b-0d9a48204386,-20.77999,-54.48341,2026-03-02 17:45:00,NOAA-21,CAMPO GRANDE,MATO GROSSO DO SUL,Brasil,5002704,50,33,5.0,0.0,0.02,Cerrado,3.4
50751d35-eea4-3eae-8874-aee3912bbdb4,-21.19286,-56.45086,2026-03-02 17:45:00,NOAA-21,BONITO,MATO GROSSO DO SUL,Brasil,5002209,50,33,3.0,1.85,0.03,Cerrado,26.7
61439aa2-b3da-3210-a741-1bc7fcd9031b,-18.81101,-51.60919,2026-03-02 17:45:00,NOAA-21,ITAJÁ,GOIÁS,Brasil,5210802,52,33,3.0,0.0,0.01,Cerrado,10.7
eebeeb6f-bab4-3195-991b-1fa8efb06854,-15.29648,-56.57679,2026-03-02 17:45:00,NOAA-21,JANGADA,MATO GROSSO,Brasil,5104906,51,33,3.0,19.97,0.0,Cerrado,7.8
5a9fefc4-22d2-3b38-86ee-4c526d5113aa,-18.54485,-55.03968,2026-03-02 17:45:00,NOAA-21,RIO VERDE DE MATO GROSSO,MATO GROSSO DO SUL,Brasil,5007406,50,33,5.0,0.3,0.2,Cerrado,3.7
40e10606-36ea-3446-81b1-cb4d50e1c178,-19.56155,-49.24981,2026-03-02 17:45:00,NOAA-21,PRATA,MINAS GERAIS,Brasil,3152808,31,33,3.0,0.0,0.22,Cerrado,14.6
7e839ed1-92ea-3623-b353-21cab4be2c26,-18.80462,-51.60639,2026-03-02 17:45:00,NOAA-21,ITAJÁ,GOIÁS,Brasil,5210802,52,33,3.0,0.0,0.01,Cerrado,8.8
60898437-0e20-3509-8615-9ef74511a42c,-17.52944,-53.7044,2026-03-02 17:45:00,NOAA-21,SONORA,MATO GROSSO DO SUL,Brasil,5007935,50,33,5.0,1.34,0.05,Cerrado,11.3
e9c2413a-6fd9-3a86-8f0f-e7d6aea7ef21,-19.55539,-49.25166,2026-03-02 17:45:00,NOAA-21,PRATA,MINAS GERAIS,Brasil,3152808,31,33,3.0,0.0,0.23,Cerrado,14.6
d2d1b14d-0782-3667-810e-6bfc106a8784,-19.46924,-53.10638,2026-03-02 17:45:00,NOAA-21,ÁGUA CLARA,MATO GROSSO DO SUL,Brasil,5000203,50,33,4.0,0.0,0.24,Cerrado,1.6
53bb229f-fab9-3c54-98b9-d7a680b22ff9,-16.19491,-49.32192,2026-03-02 17:45:00,NOAA-21,PETROLINA DE GOIÁS,GOIÁS,Brasil,5216809,52,33,3.0,0.3,0.01,Cerrado,7.2
9bbd1128-5d61-3d0d-84af-0f4fd9f406c1,-18.54129,-55.04533,2026-03-02 17:45:00,NOAA-21,RIO VERDE DE MATO GROSSO,MATO GROSSO DO SUL,Brasil,5007406,50,33,5.0,0.3,0.2,Cerrado,14.0
56cc7d87-a075-337a-9477-2969a9825ccc,-19.04225,-52.33839,2026-03-02 17:45:00,NOAA-21,CASSILÂNDIA,MATO GROSSO DO SUL,Brasil,5002902,50,33,4.0,0.0,0.48,Cerrado,6.6
b5aa5c01-543e-3432-b4a0-2f23ecf3d86b,-20.78214,-54.48074,2026-03-02 17:45:00,NOAA-21,CAMPO GRANDE,MATO GROSSO DO SUL,Brasil,5002704,50,33,5.0,0.0,0.03,Cerrado,2.5
b415667a-57e0-31bc-91d8-cb3feff9660a,-17.53002,-53.70733,2026-03-02 17:45:00,NOAA-21,SONORA,MATO GROSSO DO SUL,Brasil,5007935,50,33,5.0,1.35,0.06,Cerrado,11.3
3a91a2c5-931a-3652-a7e4-1fe499dcf896,-16.19871,-49.32479,2026-03-02 17:45:00,NOAA-21,PETROLINA DE GOIÁS,GOIÁS,Brasil,5216809,52,33,3.0,0.28,0.01,Cerrado,6.3
cdd57762-d9a9-3d73-9ef1-401537e098ce,-12.75269,-59.89729,2026-03-02 17:47:00,NOAA-21,COMODORO,MATO GROSSO,Brasil,5103304,51,33,3.0,1.97,0.0,Cerrado,6.8
7267a3a6-ee90-3f7f-90f1-def8ea00a79a,-20.46212,-45.96384,2026-03-02 18:08:00,AQUA_M-T,PIUMHI,MINAS GERAIS,Brasil,3151503,31,33,3.0,0.0,-999.0,Cerrado,14.8
12921b87-d261-3159-85ff-4c0f6eeb6e0f,-19.00814,-46.32117,2026-03-02 18:08:00,AQUA_M-T,CARMO DO PARANAÍBA,MINAS GERAIS,Brasil,3114303,31,33,2.0,0.0,-999.0,Cerrado,12.7
61aba450-d0e0-3962-8cce-e02736708c35,-19.95587,-44.71199,2026-03-02 18:08:00,AQUA_M-T,IGARATINGA,MINAS GERAIS,Brasil,3130200,31,33,2.0,0.0,-999.0,Cerrado,5.7
ee04641d-beb2-3792-908e-d476d6b4fe49,-19.00613,-46.30478,2026-03-02 18:08:00,AQUA_M-T,CARMO DO PARANAÍBA,MINAS GERAIS,Brasil,3114303,31,33,2.0,0.0,-999.0,Cerrado,8.6
066c303f-60ff-3c7f-a684-930a7fff875e,-21.82562,-47.09547,2026-03-02 18:08:00,AQUA_M-T,CASA BRANCA,SÃO PAULO,Brasil,3510807,35,33,3.0,0.0,0.09,Cerrado,17.8
fb55fdc8-13ef-3ed4-a54c-5ba9b8e8c748,-16.5412,-49.26052,2026-03-02 18:10:00,AQUA_M-T,GOIÂNIA,GOIÁS,Brasil,5208707,52,33,3.0,0.0,0.05,Cerrado,31.9
551ddd54-b516-3d93-9fae-5b16e7d21687,-11.436,-46.3693,2026-03-02 18:13:00,AQUA_M-T,FORMOSA DO RIO PRETO,BAHIA,Brasil,2911105,29,33,3.0,14.53,0.0,Cerrado,8.0
513067f2-2647-3abe-a190-44dab3ed9c33,-15.29354,-56.57023,2026-03-02 18:15:00,NPP-375,JANGADA,MATO GROSSO,Brasil,5104906,51,33,3.0,19.48,0.0,Cerrado,12.9
c1c09933-db5b-33ad-80b4-d61450d7cc91,-21.48988,-57.06594,2026-03-02 18:15:00,NPP-375,PORTO MURTINHO,MATO GROSSO DO SUL,Brasil,5006903,50,33,4.0,0.54,0.26,Cerrado,5.7
7a667b23-cef9-35ef-b2f3-324aaa8504fa,-3.92298,-43.12805,2026-03-02 18:15:00,AQUA_M-T,BURITI,MARANHÃO,Brasil,2102200,21,33,1.0,10.23,0.0,Cerrado,9.4
19df6f57-a48f-3137-badd-7e333fdf6939,-15.29322,-56.56922,2026-03-02 18:15:00,NPP-375,JANGADA,MATO GROSSO,Brasil,5104906,51,33,3.0,19.41,0.0,Cerrado,13.6
029ad42a-0cc4-31b9-9303-e2b1d60ec567,-18.93968,-53.44271,2026-03-02 18:15:00,NPP-375,CAMAPUÃ,MATO GROSSO DO SUL,Brasil,5002605,50,33,3.0,0.0,0.28,Cerrado,7.6
b7edf6bc-c7a0-3d58-ae07-ef72a81bc688,-15.74041,-54.50009,2026-03-02 18:15:00,NPP-375,POXORÉU,MATO GROSSO,Brasil,5107008,51,33,1.0,1.6,0.0,Cerrado,10.4
c2a1e2b1-486f-38f6-b721-6b484d9c6bdc,-21.49375,-57.06807,2026-03-02 18:15:00,NPP-375,PORTO MURTINHO,MATO GROSSO DO SUL,Brasil,5006903,50,33,4.0,0.52,0.31,Cerrado,3.6
50a28287-1796-3875-8688-2a472a32c21d,-12.74726,-59.89956,2026-03-02 18:17:00,NPP-375,COMODORO,MATO GROSSO,Brasil,5103304,51,33,3.0,2.0,0.0,Cerrado,1.8
0c24468e-4e1f-3305-92ab-03dc4ac921c1,-21.6365,-48.9883,2026-03-02 23:20:00,GOES-19,BORBOREMA,SÃO PAULO,Brasil,3507407,35,33,4.0,0.0,0.19,Cerrado,67.7
c68a2929-5c0c-34a4-8ebe-59253912334f,-21.6365,-48.9883,2026-03-02 23:40:00,GOES-19,BORBOREMA,SÃO PAULO,Brasil,3507407,35,33,4.0,0.0,0.19,Cerrado,68.7
2df5e8fd-fca9-3d13-b497-ba8657db75f5,-21.6365,-48.9883,2026-03-03 00:10:00,GOES-19,BORBOREMA,SÃO PAULO,Brasil,3507407,35,33,5.0,0.0,0.32,Cerrado,67.2
d7ec1210-e9d3-3c61-8974-75e5b35163ed,-21.48825,-48.6665,2026-03-03 03:46:00,NPP-375D,TAQUARITINGA,SÃO PAULO,Brasil,3553708,35,33,5.0,0.0,0.28,Cerrado,0.9
11ededbb-5d5d-3ced-b08e-7b059612fb85,-21.79433,-52.72068,2026-03-03 03:46:00,NPP-375D,BATAGUASSU,MATO GROSSO DO SUL,Brasil,5001904,50,33,6.0,0.0,0.2,Cerrado,2.3
00ae9b5b-4f9b-3132-8195-73a2b4344a15,-18.80983,-51.62054,2026-03-03 03:46:00,NPP-375D,ITAJÁ,GOIÁS,Brasil,5210802,52,33,4.0,0.0,0.19,Cerrado,2.1
f02a90a5-a737-34ee-9bf9-f1e41569a3d4,-21.63638,-48.98776,2026-03-03 03:46:00,NPP-375D,BORBOREMA,SÃO PAULO,Brasil,3507407,35,33,5.0,0.0,0.32,Cerrado,2.3
b77f8173-83a4-3250-9997-42e26905a3f7,-21.79949,-52.73036,2026-03-03 03:46:00,NPP-375D,BATAGUASSU,MATO GROSSO DO SUL,Brasil,5001904,50,33,6.0,0.0,0.87,Cerrado,2.6
c3c0accb-4058-35b8-9ef4-2901c70bbd69,-21.70548,-48.43436,2026-03-03 03:46:00,NPP-375D,MATÃO,SÃO PAULO,Brasil,3529302,35,33,5.0,0.0,0.28,Cerrado,1.1
7cdd27c1-f1de-36c3-b2b4-99f77d625ae3,-21.80213,-52.71875,2026-03-03 03:46:00,NPP-375D,BATAGUASSU,MATO GROSSO DO SUL,Brasil,5001904,50,33,6.0,0.0,0.66,Cerrado,3.6
a9a1ccf8-dbbe-3c2e-b368-a1e0ae797cd6,-21.48238,-48.66522,2026-03-03 03:46:00,NPP-375D,TAQUARITINGA,SÃO PAULO,Brasil,3553708,35,33,5.0,0.0,0.28,Cerrado,0.9
b7fae854-5a2d-33ae-9976-a641c7085611,-18.81172,-51.61304,2026-03-03 03:46:00,NPP-375D,ITAJÁ,GOIÁS,Brasil,5210802,52,33,4.0,0.0,0.09,Cerrado,2.1
a7257bf7-7a34-356d-a42f-9e0e24cbec85,-21.71988,-47.10079,2026-03-03 03:46:00,NPP-375D,CASA BRANCA,SÃO PAULO,Brasil,3510807,35,33,3.0,0.0,0.44,Cerrado,2.3
61344aa6-df3a-3ebf-9531-9eb9e4e7575a,-21.63747,-48.9832,2026-03-03 03:46:00,NPP-375D,BORBOREMA,SÃO PAULO,Brasil,3507407,35,33,5.0,0.0,0.32,Cerrado,1.8
d32e9f1a-eed5-3b5c-aca8-9184af57d3d3,-21.79621,-52.71359,2026-03-03 03:46:00,NPP-375D,BATAGUASSU,MATO GROSSO DO SUL,Brasil,5001904,50,33,6.0,0.0,0.61,Cerrado,2.3
2f770013-e2ff-3808-885c-183772c57d29,-21.48606,-48.6614,2026-03-03 03:46:00,NPP-375D,TAQUARITINGA,SÃO PAULO,Brasil,3553708,35,33,5.0,0.0,0.28,Cerrado,1.7
acea1f17-2566-3fee-be2d-5dd7484869b1,-21.80024,-52.72608,2026-03-03 03:46:00,NPP-375D,BATAGUASSU,MATO GROSSO DO SUL,Brasil,5001904,50,33,6.0,0.0,0.73,Cerrado,3.6
29deb9a3-2402-3461-9d40-b707c369d34f,-21.80144,-52.72299,2026-03-03 03:46:00,NPP-375D,BATAGUASSU,MATO GROSSO DO SUL,Brasil,5001904,50,33,6.0,0.0,0.67,Cerrado,2.7
41ecf549-9663-344f-9c09-bd788152e6d1,-18.80949,-51.61758,2026-03-03 03:46:00,NPP-375D,ITAJÁ,GOIÁS,Brasil,5210802,52,33,4.0,0.0,0.13,Cerrado,3.9
8b3d9282-13c7-3a1a-b977-ed065de28052,-21.80336,-52.71569,2026-03-03 03:46:00,NPP-375D,BATAGUASSU,MATO GROSSO DO SUL,Brasil,5001904,50,33,6.0,0.0,0.79,Cerrado,2.7
b54f6294-827b-36ac-b709-0b89ffb8d0a1,-21.69884,-48.43689,2026-03-03 03:46:00,NPP-375D,MATÃO,SÃO PAULO,Brasil,3529302,35,33,4.0,0.0,0.28,Cerrado,3.8
dc25a941-9433-337e-bedb-e07ff41a6ad2,-21.795,-52.71653,2026-03-03 03:46:00,NPP-375D,BATAGUASSU,MATO GROSSO DO SUL,Brasil,5001904,50,33,6.0,0.0,0.34,Cerrado,2.9
ce9237b0-5722-3fa8-ad81-d925c96ea398,-21.70449,-48.43867,2026-03-03 03:46:00,NPP-375D,MATÃO,SÃO PAULO,Brasil,3529302,35,33,5.0,0.0,0.28,Cerrado,1.4
267a84a4-695d-30a5-8ac6-32ebe629faf0,-18.80433,-51.60462,2026-03-03 04:06:00,NOAA-20,ITAJÁ,GOIÁS,Brasil,5210802,52,33,4.0,0.0,0.03,Cerrado,1.6
1c6127b0-38d2-3c9a-b841-b340bdfa547d,-17.52634,-53.71063,2026-03-03 04:06:00,NOAA-20,SONORA,MATO GROSSO DO SUL,Brasil,5007935,50,33,5.0,11.05,0.0,Cerrado,2.6
44bd1ae8-1267-3dcd-a44e-41f6461ea0be,-17.52729,-53.7062,2026-03-03 04:06:00,NOAA-20,SONORA,MATO GROSSO DO SUL,Brasil,5007935,50,33,5.0,11.07,0.0,Cerrado,1.5
1129e3f9-0666-320e-929f-80fcf35b6dd8,-17.52824,-53.70182,2026-03-03 04:06:00,NOAA-20,SONORA,MATO GROSSO DO SUL,Brasil,5007935,50,33,5.0,11.1,0.0,Cerrado,1.5
e7fae74d-94a0-3536-ad3e-fa62fe66a82f,-17.52159,-53.7046,2026-03-03 04:06:00,NOAA-20,SONORA,MATO GROSSO DO SUL,Brasil,5007935,50,33,5.0,10.93,0.0,Cerrado,1.5
57e7d151-4cf3-3d54-ad09-621d902d76d5,-18.80806,-51.61158,2026-03-03 04:06:00,NOAA-20,ITAJÁ,GOIÁS,Brasil,5210802,52,33,4.0,0.0,0.04,Cerrado,7.9
7beec826-55ab-313f-a878-62b4ff818e70,-18.8093,-51.6056,2026-03-03 04:06:00,NOAA-20,ITAJÁ,GOIÁS,Brasil,5210802,52,33,4.0,0.0,0.02,Cerrado,1.6
23337ad2-bff1-30d1-bd17-afa29e43706f,-18.81052,-51.59971,2026-03-03 04:06:00,NOAA-20,ITAJÁ,GOIÁS,Brasil,5210802,52,33,4.0,0.0,0.02,Cerrado,1.6
52167ac8-420f-3fcc-a179-d8b1300cebec,-21.70175,-48.43557,2026-03-03 04:08:00,NOAA-20,MATÃO,SÃO PAULO,Brasil,3529302,35,33,5.0,0.0,0.28,Cerrado,3.5
d99f64c5-20a5-39bd-8611-249d87346f42,-21.48594,-48.66169,2026-03-03 04:08:00,NOAA-20,TAQUARITINGA,SÃO PAULO,Brasil,3553708,35,33,5.0,0.0,0.28,Cerrado,2.6
576a5ece-c8fd-3715-8f66-a583c4ff639b,-21.79777,-52.71829,2026-03-03 04:08:00,NOAA-20,BATAGUASSU,MATO GROSSO DO SUL,Brasil,5001904,50,33,6.0,0.0,0.38,Cerrado,3.0
763dccd4-45dd-3ff9-955f-011494b35c6e,-21.6346,-48.98577,2026-03-03 04:08:00,NOAA-20,BORBOREMA,SÃO PAULO,Brasil,3507407,35,33,5.0,0.0,0.32,Cerrado,1.4
e66b197b-3253-3fa8-9ba8-39a1a393a290,-21.80082,-52.72867,2026-03-03 04:08:00,NOAA-20,BATAGUASSU,MATO GROSSO DO SUL,Brasil,5001904,50,33,6.0,0.0,0.83,Cerrado,1.7
ee7b34ff-afa4-36a3-81f5-29648971b6b9,-21.72031,-47.09706,2026-03-03 04:08:00,NOAA-20,CASA BRANCA,SÃO PAULO,Brasil,3510807,35,33,3.0,0.0,0.41,Cerrado,1.5
bc700ff8-c4bf-3d6c-bab3-9262802907c0,-21.69942,-48.43187,2026-03-03 04:08:00,NOAA-20,MATÃO,SÃO PAULO,Brasil,3529302,35,33,5.0,0.0,0.28,Cerrado,2.4
6c6940c9-f520-3da1-a928-aacc7ae87b46,-21.7984,-52.71533,2026-03-03 04:08:00,NOAA-20,BATAGUASSU,MATO GROSSO DO SUL,Brasil,5001904,50,33,6.0,0.0,0.58,Cerrado,3.0
9c563807-0b00-37fc-86bf-818e55d6ed02,-21.71728,-47.09863,2026-03-03 04:08:00,NOAA-20,CASA BRANCA,SÃO PAULO,Brasil,3510807,35,33,3.0,0.0,0.45,Cerrado,1.8
5bc9432a-1815-35be-955a-ddb814e118f5,-21.80274,-52.71962,2026-03-03 04:08:00,NOAA-20,BATAGUASSU,MATO GROSSO DO SUL,Brasil,5001904,50,33,6.0,0.0,0.69,Cerrado,3.0
32c74e8a-eeb9-382a-88ad-a3561deefd1a,-21.6353,-48.98206,2026-03-03 04:08:00,NOAA-20,BORBOREMA,SÃO PAULO,Brasil,3507407,35,33,5.0,0.0,0.32,Cerrado,1.4
1711dc30-73eb-36e3-904a-6157e9b4315e,-21.70327,-48.43275,2026-03-03 04:08:00,NOAA-20,MATÃO,SÃO PAULO,Brasil,3529302,35,33,5.0,0.0,0.28,Cerrado,6.8
4034fd23-aa3f-307a-8799-b11d37bc9896,-21.72088,-47.09933,2026-03-03 04:08:00,NOAA-20,CASA BRANCA,SÃO PAULO,Brasil,3510807,35,33,3.0,0.0,0.47,Cerrado,1.8
1e07441b-29f1-378b-9998-38d6ad41fae8,-21.63859,-48.98661,2026-03-03 04:08:00,NOAA-20,BORBOREMA,SÃO PAULO,Brasil,3507407,35,33,5.0,0.0,0.32,Cerrado,0.5
9041bc4a-6573-3585-89b7-bc7dac8ddc7e,-21.71953,-47.10148,2026-03-03 04:08:00,NOAA-20,CASA BRANCA,SÃO PAULO,Brasil,3510807,35,33,3.0,0.0,0.41,Cerrado,1.5
e0927e7b-786a-3d32-8910-084fa8d73b21,-21.70271,-48.43034,2026-03-03 04:08:00,NOAA-20,MATÃO,SÃO PAULO,Brasil,3529302,35,33,5.0,0.0,0.28,Cerrado,3.5
6a6ea32c-cce1-3a45-bad7-0356cb788c94,-21.80146,-52.72565,2026-03-03 04:08:00,NOAA-20,BATAGUASSU,MATO GROSSO DO SUL,Brasil,5001904,50,33,6.0,0.0,0.75,Cerrado,3.1
bd6fadeb-da3b-3b35-8bb0-657aeb3d6a6a,-21.63929,-48.98293,2026-03-03 04:08:00,NOAA-20,BORBOREMA,SÃO PAULO,Brasil,3507407,35,33,5.0,0.0,0.32,Cerrado,0.5
0da2491b-2956-34c6-820d-3462f3851106,-21.71593,-47.10078,2026-03-03 04:08:00,NOAA-20,CASA BRANCA,SÃO PAULO,Brasil,3510807,35,33,3.0,0.0,0.44,Cerrado,0.8
53b69484-64a7-33a8-b5d5-bf8ef7a8a494,-20.46472,-55.04494,2026-03-03 04:55:00,NOAA-21,TERENOS,MATO GROSSO DO SUL,Brasil,5008008,50,33,5.0,0.0,0.15,Cerrado,1.0
63cfcdba-0990-3371-960e-843870433101,-18.80717,-51.60505,2026-03-03 04:55:00,NOAA-21,ITAJÁ,GOIÁS,Brasil,5210802,52,33,4.0,0.0,0.02,Cerrado,2.5
4c029c04-db42-35fa-ab34-8f8bdf6febce,-21.70304,-48.43145,2026-03-03 04:55:00,NOAA-21,MATÃO,SÃO PAULO,Brasil,3529302,35,33,5.0,0.0,0.28,Cerrado,3.9
9535c1b6-8fee-3d35-ad2c-30666a21acab,-21.70245,-48.43678,2026-03-03 04:55:00,NOAA-21,MATÃO,SÃO PAULO,Brasil,3529302,35,33,5.0,0.0,0.28,Cerrado,2.4
9090ab42-3344-3e12-a877-c90dc5c1f97b,-17.52906,-53.69715,2026-03-03 04:55:00,NOAA-21,SONORA,MATO GROSSO DO SUL,Brasil,5007935,50,33,4.0,11.12,0.01,Cerrado,0.7
643dd2d0-a814-31d4-9187-5cdc669413c0,-21.63656,-48.98428,2026-03-03 04:55:00,NOAA-21,BORBOREMA,SÃO PAULO,Brasil,3507407,35,33,5.0,0.0,0.32,Cerrado,2.6
aba27a31-ef6b-305d-893f-755152b64cda,-17.52795,-53.70467,2026-03-03 04:55:00,NOAA-21,SONORA,MATO GROSSO DO SUL,Brasil,5007935,50,33,5.0,11.09,0.0,Cerrado,3.1
76ef06e3-5b72-3a41-a26f-d5af50231360,-18.814,-51.61101,2026-03-03 04:55:00,NOAA-21,ITAJÁ,GOIÁS,Brasil,5210802,52,33,4.0,0.0,0.05,Cerrado,5.4
52b7e2e0-3879-33fe-b2ca-1815bfccdef0,-20.46805,-55.04552,2026-03-03 04:55:00,NOAA-21,TERENOS,MATO GROSSO DO SUL,Brasil,5008008,50,33,5.0,0.0,0.16,Cerrado,0.7
53f1ce75-e5d7-3365-b83d-1732cf4a3fca,-18.81027,-51.61039,2026-03-03 04:55:00,NOAA-21,ITAJÁ,GOIÁS,Brasil,5210802,52,33,4.0,0.0,0.03,Cerrado,5.4
9d9efc03-b51a-3942-a1bf-3e85de5ae3cd,-21.7078,-48.43189,2026-03-03 04:55:00,NOAA-21,MATÃO,SÃO PAULO,Brasil,3529302,35,33,5.0,0.0,0.28,Cerrado,2.7
9162a729-ac14-3360-8dea-4c5617611fde,-17.5285,-53.70091,2026-03-03 04:55:00,NOAA-21,SONORA,MATO GROSSO DO SUL,Brasil,5007935,50,33,5.0,11.1,0.0,Cerrado,3.1
49cb5d31-16e4-3230-97f7-1bfc30a6ef74,-16.91532,-52.36724,2026-03-03 04:55:00,NOAA-21,DOVERLÂNDIA,GOIÁS,Brasil,5207253,52,33,2.0,0.4,0.25,Cerrado,0.8
ad6d3739-79b2-30c5-b18a-b084d3ab4124,-17.52739,-53.70842,2026-03-03 04:55:00,NOAA-21,SONORA,MATO GROSSO DO SUL,Brasil,5007935,50,33,5.0,11.07,0.0,Cerrado,1.9
850911d0-959c-3ca8-bfb0-435d476c222e,-18.8109,-51.60568,2026-03-03 04:55:00,NOAA-21,ITAJÁ,GOIÁS,Brasil,5210802,52,33,4.0,0.0,0.02,Cerrado,1.2
fa63003c-f0a1-3927-8a46-e905f98cd677,-21.48699,-48.66322,2026-03-03 04:55:00,NOAA-21,TAQUARITINGA,SÃO PAULO,Brasil,3553708,35,33,5.0,0.0,0.28,Cerrado,1.7
fa08713d-591c-35f6-a2e3-541ca607dc3d,-18.81527,-51.60156,2026-03-03 04:55:00,NOAA-21,ITAJÁ,GOIÁS,Brasil,5210802,52,33,4.0,0.0,0.02,Cerrado,1.2
1ea884de-ae43-387f-8cd8-7fc869b9eab7,-20.47395,-56.72922,2026-03-03 04:55:00,NOAA-21,BODOQUENA,MATO GROSSO DO SUL,Brasil,5002159,50,33,6.0,0.0,0.07,Cerrado,0.9
a7385c7b-57cd-3504-9f59-1ac04def1350,-21.80046,-52.71587,2026-03-03 04:57:00,NOAA-21,BATAGUASSU,MATO GROSSO DO SUL,Brasil,5001904,50,33,6.0,0.0,0.65,Cerrado,5.1
a1cce745-b740-3fab-a4e7-78bfcafbb8bd,-21.80108,-52.71122,2026-03-03 04:57:00,NOAA-21,BATAGUASSU,MATO GROSSO DO SUL,Brasil,5001904,50,33,6.0,0.0,0.82,Cerrado,3.0
9d316ec3-aca6-3c61-aa7a-24988c229b72,-21.80287,-52.72569,2026-03-03 04:57:00,NOAA-21,BATAGUASSU,MATO GROSSO DO SUL,Brasil,5001904,50,33,6.0,0.0,0.8,Cerrado,2.9
f43d9703-059b-37f6-ab18-134dd687a7d6,-21.80777,-52.717,2026-03-03 04:57:00,NOAA-21,BATAGUASSU,MATO GROSSO DO SUL,Brasil,5001904,50,33,6.0,0.0,0.86,Cerrado,3.1
d358db54-8349-333b-ac4e-e8dc6550d0e6,-21.27753,-57.50187,2026-03-03 04:57:00,NOAA-21,PORTO MURTINHO,MATO GROSSO DO SUL,Brasil,5006903,50,33,6.0,0.0,0.25,Cerrado,1.0
dd86a846-22b1-3679-8782-d23438d705bd,-20.46591,-55.04475,2026-03-03 05:27:00,NPP-375D,TERENOS,MATO GROSSO DO SUL,Brasil,5008008,50,33,5.0,0.0,0.15,Cerrado,1.0
64fec90f-b4d4-3e90-b6b2-356b25095185,-21.80122,-52.72481,2026-03-03 05:29:00,NPP-375D,BATAGUASSU,MATO GROSSO DO SUL,Brasil,5001904,50,33,6.0,0.0,0.72,Cerrado,1.1
5895be68-816a-3aff-8988-0436909990a3,-21.80086,-52.7286,2026-03-03 05:29:00,NPP-375D,BATAGUASSU,MATO GROSSO DO SUL,Brasil,5001904,50,33,6.0,0.0,0.83,Cerrado,1.1
0b2d19d8-4ff3-382f-b773-e0af8b571a2e,-21.80233,-52.71331,2026-03-03 05:29:00,NPP-375D,BATAGUASSU,MATO GROSSO DO SUL,Brasil,5001904,50,33,6.0,0.0,0.79,Cerrado,1.0
be811357-24d3-3e26-8599-c786717dd7bb,-21.69875,-48.43535,2026-03-03 05:29:00,NPP-375D,MATÃO,SÃO PAULO,Brasil,3529302,35,33,5.0,0.0,0.28,Cerrado,1.4
0038f7f4-6ca2-344d-b327-20814594df2b,-21.70579,-48.43557,2026-03-03 05:29:00,NPP-375D,MATÃO,SÃO PAULO,Brasil,3529302,35,33,5.0,0.0,0.28,Cerrado,1.9
b4e83173-2c63-38a2-b9f3-7ec266c37bd0,-21.7012,-48.43748,2026-03-03 05:29:00,NPP-375D,MATÃO,SÃO PAULO,Brasil,3529302,35,33,5.0,0.0,0.28,Cerrado,3.2
554bf84e-4c43-3650-934c-af1790561de2,-21.80196,-52.71716,2026-03-03 05:29:00,NPP-375D,BATAGUASSU,MATO GROSSO DO SUL,Brasil,5001904,50,33,6.0,0.0,0.69,Cerrado,1.0
e8cd5a5f-947c-3908-899b-16e074d762c7,-22.24644,-56.75434,2026-03-03 05:29:00,NPP-375D,BELA VISTA,MATO GROSSO DO SUL,Brasil,5002100,50,33,5.0,3.91,0.05,Cerrado,1.1
bd9bfb91-1c1b-30ec-b383-8655deebf76c,-21.80159,-52.721,2026-03-03 05:29:00,NPP-375D,BATAGUASSU,MATO GROSSO DO SUL,Brasil,5001904,50,33,6.0,0.0,0.63,Cerrado,1.1
8b7d7cf2-5976-3db1-8a55-9abe0771ccbc,-21.79689,-52.71267,2026-03-03 05:29:00,NPP-375D,BATAGUASSU,MATO GROSSO DO SUL,Brasil,5001904,50,33,6.0,0.0,0.68,Cerrado,1.0
39d19338-2339-3380-9167-3927148abbfe,-21.70171,-48.4307,2026-03-03 05:29:00,NPP-375D,MATÃO,SÃO PAULO,Brasil,3529302,35,33,5.0,0.0,0.28,Cerrado,2.2
0c6d0c48-99a0-3c64-a983-37d92041aea8,-18.8135,-51.61009,2026-03-03 12:12:00,TERRA_M-T,ITAJÁ,GOIÁS,Brasil,5210802,52,33,4.0,0.0,0.03,Cerrado,9.5
9f46a3cb-6d7a-3159-aca5-64adad06e66f,-23.45409,-48.92589,2026-03-03 12:14:00,TERRA_M-T,PARANAPANEMA,SÃO PAULO,Brasil,3535804,35,33,6.0,0.0,0.98,Cerrado,9.9
c13a120e-a24c-35b3-bfb0-429ad8c0e859,-18.5408,-55.0345,2026-03-03 13:20:00,GOES-19,RIO VERDE DE MATO GROSSO,MATO GROSSO DO SUL,Brasil,5007406,50,33,5.0,2.44,0.15,Cerrado,69.1
a907f909-f18a-3ff2-b469-dab6a5e26c09,-18.5408,-55.0345,2026-03-03 13:30:00,GOES-19,RIO VERDE DE MATO GROSSO,MATO GROSSO DO SUL,Brasil,5007406,50,33,5.0,2.44,0.15,Cerrado,70.1
122abf3c-fd18-3aa7-8b80-72d8ccc04e81,-18.5408,-55.0345,2026-03-03 14:10:00,GOES-19,RIO VERDE DE MATO GROSSO,MATO GROSSO DO SUL,Brasil,5007406,50,33,5.0,2.44,0.15,Cerrado,76.0
ac64e0ed-3450-3f7b-a549-6dcc5dd25756,-23.66195,-49.00044,2026-03-03 16:13:00,NPP-375,ITAPEVA,SÃO PAULO,Brasil,3522406,35,33,6.0,0.0,0.85,Cerrado,5.2
095e5b6c-1b8b-39f9-9fca-d22da81a6d78,-23.66813,-48.99998,2026-03-03 16:13:00,NPP-375,ITAPEVA,SÃO PAULO,Brasil,3522406,35,33,6.0,0.0,0.85,Cerrado,10.5
05cf8295-85e1-34c7-bb3e-bf7e609b98b8,-20.42605,-45.54662,2026-03-03 16:15:00,NPP-375,CÓRREGO FUNDO,MINAS GERAIS,Brasil,3119955,31,33,2.0,3.44,0.04,Cerrado,2.6
c748641e-003c-33e4-8bd0-a2e4ff4827dd,-18.80992,-51.60364,2026-03-03 16:15:00,NPP-375,ITAJÁ,GOIÁS,Brasil,5210802,52,33,4.0,0.0,0.02,Cerrado,9.0
4cc545c4-c073-3003-aca9-0edec19aaa64,-16.87479,-49.23726,2026-03-03 16:15:00,NPP-375,HIDROLÂNDIA,GOIÁS,Brasil,5209705,52,33,3.0,0.13,0.09,Cerrado,12.4
6ec3973d-18d2-3694-9bd4-90e1ccdc6f7c,-16.87414,-49.23762,2026-03-03 16:15:00,NPP-375,HIDROLÂNDIA,GOIÁS,Brasil,5209705,52,33,3.0,0.13,0.09,Cerrado,10.4
152b8cd6-6ff4-38d4-88f5-d7324f5ffe1c,-18.80999,-51.60485,2026-03-03 16:15:00,NPP-375,ITAJÁ,GOIÁS,Brasil,5210802,52,33,4.0,0.0,0.02,Cerrado,14.7
2adc67b9-efdc-3ab2-abb1-0a45a09c3111,-21.5148,-48.0481,2026-03-03 16:15:00,NPP-375,RINCÃO,SÃO PAULO,Brasil,3543709,35,33,4.0,0.0,0.35,Cerrado,2.5
372ff520-951d-366d-9fa8-65f44b69c18b,-18.18084,-50.09545,2026-03-03 16:15:00,NPP-375,BOM JESUS DE GOIÁS,GOIÁS,Brasil,5203500,52,33,5.0,0.12,0.05,Cerrado,7.3
d31cf222-7407-3d2b-b8d9-ebb02a95ac9a,-22.15023,-47.56021,2026-03-03 16:15:00,NPP-375,ANALÂNDIA,SÃO PAULO,Brasil,3502002,35,33,5.0,0.0,0.5,Cerrado,9.3
f54d56ce-929a-3341-bf70-47f1c4764744,-19.04516,-52.335,2026-03-03 16:15:00,NPP-375,CASSILÂNDIA,MATO GROSSO DO SUL,Brasil,5002902,50,33,5.0,0.4,0.36,Cerrado,9.1
b49fd68d-4f8d-32d4-831c-37937c7496b3,-17.00763,-47.94659,2026-03-03 16:15:00,NPP-375,ORIZONA,GOIÁS,Brasil,5215306,52,33,4.0,0.1,0.02,Cerrado,20.9
5759ca70-8d4e-3c5e-8f5c-ef89a342561f,-22.15118,-47.56253,2026-03-03 16:34:00,NOAA-20,ANALÂNDIA,SÃO PAULO,Brasil,3502002,35,33,5.0,0.0,0.43,Cerrado,35.5
67b42c6d-a027-31b7-b0d2-b09a800b358b,-20.57981,-54.41695,2026-03-03 16:34:00,NOAA-20,CAMPO GRANDE,MATO GROSSO DO SUL,Brasil,5002704,50,33,6.0,0.0,0.1,Cerrado,2.7
2193565e-b4a9-3b3e-9aec-05e4f1bf9f76,-21.51672,-48.04647,2026-03-03 16:34:00,NOAA-20,RINCÃO,SÃO PAULO,Brasil,3543709,35,33,4.0,0.0,0.35,Cerrado,4.6
5dbf4d92-574f-36ca-bc4f-929bd8ded987,-22.01033,-47.45019,2026-03-03 16:34:00,NOAA-20,PIRASSUNUNGA,SÃO PAULO,Brasil,3539301,35,33,5.0,0.0,0.32,Cerrado,6.8
2aff90a6-a972-3f0f-bfc8-5e537cc33d9e,-20.75581,-55.11173,2026-03-03 16:34:00,NOAA-20,SIDROLÂNDIA,MATO GROSSO DO SUL,Brasil,5007901,50,33,6.0,0.0,0.22,Cerrado,5.9
bc07f1fe-7aea-3961-9f3e-cffda8a212a3,-20.37765,-52.2267,2026-03-03 16:34:00,NOAA-20,TRÊS LAGOAS,MATO GROSSO DO SUL,Brasil,5008305,50,33,6.0,0.0,0.09,Cerrado,7.3
f55246d7-b9b7-3c2b-b641-79831be1ba2f,-21.82422,-48.7034,2026-03-03 16:34:00,NOAA-20,TABATINGA,SÃO PAULO,Brasil,3552700,35,33,5.0,0.0,0.23,Cerrado,5.0
ec45588b-8bbd-3fdf-b008-2f61bddea8d7,-21.98654,-56.04039,2026-03-03 16:34:00,NOAA-20,PONTA PORÃ,MATO GROSSO DO SUL,Brasil,5006606,50,33,6.0,0.0,0.68,Cerrado,5.2
ae0601d3-8849-3527-b73e-31a98c537a09,-17.00877,-47.94622,2026-03-03 16:37:00,NOAA-20,ORIZONA,GOIÁS,Brasil,5215306,52,33,4.0,0.1,0.02,Cerrado,69.8
45bf573e-d498-37fb-a777-0874d18aeaa7,-14.13402,-58.68614,2026-03-03 16:37:00,NOAA-20,TANGARÁ DA SERRA,MATO GROSSO,Brasil,5107958,51,33,0.0,12.51,0.0,Cerrado,8.7
e54edd65-e980-303a-b29a-821a80b9953e,-17.92002,-52.71544,2026-03-03 16:37:00,NOAA-20,MINEIROS,GOIÁS,Brasil,5213103,52,33,5.0,2.68,0.14,Cerrado,9.9
d2b1e2f6-5cf8-3e09-a2ed-ff49e7fa8adf,-18.57012,-43.98891,2026-03-03 16:37:00,NOAA-20,GOUVEIA,MINAS GERAIS,Brasil,3127602,31,33,3.0,0.0,0.0,Cerrado,2.6
847b1c5c-69ba-3574-973c-4563e993b590,-14.38949,-58.31302,2026-03-03 16:37:00,NOAA-20,TANGARÁ DA SERRA,MATO GROSSO,Brasil,5107958,51,33,0.0,11.51,0.0,Cerrado,11.7
77d91a40-9ff5-3ff8-bc30-a41b53bf57a0,-14.22046,-58.70112,2026-03-03 16:37:00,NOAA-20,TANGARÁ DA SERRA,MATO GROSSO,Brasil,5107958,51,33,0.0,10.24,0.0,Cerrado,16.0
0044262b-6e1b-32c5-97d4-1a7695507f25,-19.046,-52.33394,2026-03-03 16:37:00,NOAA-20,CASSILÂNDIA,MATO GROSSO DO SUL,Brasil,5002902,50,33,5.0,0.4,0.29,Cerrado,5.8
600f3ce0-8ae5-34a3-be29-dcabe774bd69,-14.13726,-58.68578,2026-03-03 16:37:00,NOAA-20,TANGARÁ DA SERRA,MATO GROSSO,Brasil,5107958,51,33,0.0,12.51,0.0,Cerrado,5.3
416ea38f-e6dc-3eb7-bf9e-06ca7658d7fb,-18.80712,-51.60415,2026-03-03 16:37:00,NOAA-20,ITAJÁ,GOIÁS,Brasil,5210802,52,33,4.0,0.0,0.02,Cerrado,7.3
02801d24-319f-396f-b6ab-c53137244e14,-18.81163,-51.60345,2026-03-03 16:37:00,NOAA-20,ITAJÁ,GOIÁS,Brasil,5210802,52,33,4.0,0.0,0.02,Cerrado,7.3
4d7e4488-8bda-30cb-ad0e-f50cca5afbbc,-15.08023,-51.87506,2026-03-03 16:37:00,NOAA-20,ARAGUAIANA,MATO GROSSO,Brasil,5101001,51,33,2.0,0.0,0.01,Cerrado,5.8
55d1807d-107b-312a-a906-0048abf013c3,-19.04608,-52.33192,2026-03-03 16:37:00,NOAA-20,CASSILÂNDIA,MATO GROSSO DO SUL,Brasil,5002902,50,33,5.0,0.4,0.2,Cerrado,7.6
0ae3f9e4-1dcf-355d-997f-f94dba989343,-14.38292,-58.31399,2026-03-03 16:37:00,NOAA-20,TANGARÁ DA SERRA,MATO GROSSO,Brasil,5107958,51,33,0.0,11.64,0.0,Cerrado,10.7
39342670-d459-35ea-af7c-414e6af23db8,-14.15132,-58.69041,2026-03-03 16:37:00,NOAA-20,TANGARÁ DA SERRA,MATO GROSSO,Brasil,5107958,51,33,0.0,12.21,0.0,Cerrado,16.5
0e9d37c8-f4d9-338f-a10e-007e375f2ead,-23.66629,-48.9978,2026-03-03 16:37:00,NOAA-20,ITAPEVA,SÃO PAULO,Brasil,3522406,35,33,6.0,0.0,0.85,Cerrado,30.2
85c7c4bd-1398-34ad-a3fd-1657b059f24f,-16.74742,-48.93135,2026-03-03 16:37:00,NOAA-20,CALDAZINHA,GOIÁS,Brasil,5204557,52,33,3.0,2.1,0.07,Cerrado,8.0
f70659ac-27b3-3225-8e80-d1e13bc678db,-17.91936,-52.71424,2026-03-03 16:37:00,NOAA-20,MINEIROS,GOIÁS,Brasil,5213103,52,33,5.0,2.66,0.15,Cerrado,12.3
7512bb80-d90c-369e-9fe9-ca980afad7cf,-14.38888,-58.30736,2026-03-03 16:37:00,NOAA-20,TANGARÁ DA SERRA,MATO GROSSO,Brasil,5107958,51,33,0.0,11.52,0.0,Cerrado,10.4
4621aa09-9657-3c89-b893-7a39b372a66e,-18.81218,-51.60817,2026-03-03 16:37:00,NOAA-20,ITAJÁ,GOIÁS,Brasil,5210802,52,33,4.0,0.0,0.02,Cerrado,13.8
0b5cc0cf-9819-342c-b257-8a73148a905c,-19.46762,-53.10399,2026-03-03 16:37:00,NOAA-20,ÁGUA CLARA,MATO GROSSO DO SUL,Brasil,5000203,50,33,5.0,0.0,0.39,Cerrado,5.1
f7c1711f-b689-3577-9cd7-794e2069ca9f,-5.70213,-45.95937,2026-03-03 16:39:00,NOAA-20,GRAJAÚ,MARANHÃO,Brasil,2104800,21,33,1.0,2.16,0.01,Cerrado,7.2
8b3372b8-a781-380b-afab-3e74de9826e0,-11.78241,-51.35752,2026-03-03 16:39:00,NOAA-20,SÃO FÉLIX DO ARAGUAIA,MATO GROSSO,Brasil,5107859,51,33,0.0,10.54,0.0,Cerrado,3.8
10054869-ed22-3f23-ae9d-c59d20fdb1dc,-7.14913,-48.39101,2026-03-03 16:39:00,NOAA-20,ARAGUAÍNA,TOCANTINS,Brasil,1702109,17,33,0.0,10.46,0.01,Cerrado,7.4
9e89b2ab-f121-3cd2-a0ab-4ed3dcf6dea0,-18.8103,-51.60939,2026-03-03 17:26:00,NOAA-21,ITAJÁ,GOIÁS,Brasil,5210802,52,33,4.0,0.0,0.02,Cerrado,13.3
20440c55-47a4-3e65-98a1-cf5c84475a86,-21.61709,-56.62743,2026-03-03 17:26:00,NOAA-21,BELA VISTA,MATO GROSSO DO SUL,Brasil,5002100,50,33,2.0,0.52,0.11,Cerrado,6.7
5fb6aaf6-3291-35d8-bf70-0dfd69289d31,-23.64727,-49.21439,2026-03-03 17:26:00,NOAA-21,TAQUARITUBA,SÃO PAULO,Brasil,3553807,35,33,6.0,0.0,0.73,Cerrado,6.7
76b638aa-a75c-30e6-b12a-c42672c611d5,-18.74562,-49.15547,2026-03-03 17:26:00,NOAA-21,CANÁPOLIS,MINAS GERAIS,Brasil,3111804,31,33,3.0,0.0,0.05,Cerrado,23.4
a206c65f-b671-3a78-8fac-2168aaed46f6,-18.75044,-49.15462,2026-03-03 17:26:00,NOAA-21,CANÁPOLIS,MINAS GERAIS,Brasil,3111804,31,33,3.0,0.0,0.05,Cerrado,12.4
b393a492-ba88-3ad2-be1f-8c0d0e75523f,-20.73038,-56.05838,2026-03-03 17:26:00,NOAA-21,ANASTÁCIO,MATO GROSSO DO SUL,Brasil,5000708,50,33,6.0,0.0,0.25,Cerrado,4.0
c4daced8-1995-3eb3-9ad4-36462888bce4,-22.23703,-56.0631,2026-03-03 17:26:00,NOAA-21,ANTÔNIO JOÃO,MATO GROSSO DO SUL,Brasil,5000906,50,33,0.0,0.0,0.6,Cerrado,2.4
159ee4e5-4772-35a4-9612-78e1018a81fe,-19.46844,-53.10751,2026-03-03 17:26:00,NOAA-21,ÁGUA CLARA,MATO GROSSO DO SUL,Brasil,5000203,50,33,5.0,0.0,0.36,Cerrado,10.0
703afbea-b00a-370f-a580-275d0122dd65,-24.3349,-49.72661,2026-03-03 17:26:00,NOAA-21,JAGUARIAÍVA,PARANÁ,Brasil,4112009,41,33,5.0,0.0,0.11,Cerrado,5.7
23aaf816-f672-3621-bfb4-6d00f183444c,-22.36925,-48.34745,2026-03-03 17:26:00,NOAA-21,DOIS CÓRREGOS,SÃO PAULO,Brasil,3514106,35,33,5.0,0.0,0.1,Cerrado,4.5
dc87505c-9169-3e7c-be77-22117a8a39e3,-18.80547,-51.60627,2026-03-03 17:26:00,NOAA-21,ITAJÁ,GOIÁS,Brasil,5210802,52,33,4.0,0.0,0.02,Cerrado,6.7
b7736012-b91d-32b9-91b7-5c6b3fbeed60,-19.16551,-49.22431,2026-03-03 17:26:00,NOAA-21,PRATA,MINAS GERAIS,Brasil,3152808,31,33,3.0,0.0,0.15,Cerrado,14.0
a5034a66-7a9e-35ad-9700-fdb708738249,-18.94031,-53.44669,2026-03-03 17:26:00,NOAA-21,CAMAPUÃ,MATO GROSSO DO SUL,Brasil,5002605,50,33,4.0,0.2,0.46,Cerrado,6.8
31be088e-6163-360e-90d5-34b62b090eba,-19.04568,-52.33691,2026-03-03 17:26:00,NOAA-21,CASSILÂNDIA,MATO GROSSO DO SUL,Brasil,5002902,50,33,5.0,0.4,0.43,Cerrado,9.3
a631d6f1-8d1a-371b-9bb9-e049e038a769,-18.81296,-51.60084,2026-03-03 17:26:00,NOAA-21,ITAJÁ,GOIÁS,Brasil,5210802,52,33,4.0,0.0,0.02,Cerrado,11.0
958631f6-2abd-3e52-8624-3c62c0850acb,-18.74589,-49.15967,2026-03-03 17:26:00,NOAA-21,CANÁPOLIS,MINAS GERAIS,Brasil,3111804,31,33,3.0,0.0,0.05,Cerrado,18.6
be39adf0-3f22-391b-b2f5-fb407ffb1ebb,-21.61653,-56.62372,2026-03-03 17:26:00,NOAA-21,BELA VISTA,MATO GROSSO DO SUL,Brasil,5002100,50,33,2.0,0.52,0.12,Cerrado,3.9
39ffabd3-75a5-38ce-a95c-4078873a130f,-20.30274,-49.74318,2026-03-03 17:26:00,NOAA-21,AMÉRICO DE CAMPOS,SÃO PAULO,Brasil,3501806,35,33,5.0,0.0,-999.0,Cerrado,8.1
b12981d7-7a3c-3188-91a4-034c34c30907,-20.37619,-52.2289,2026-03-03 17:26:00,NOAA-21,TRÊS LAGOAS,MATO GROSSO DO SUL,Brasil,5008305,50,33,6.0,0.0,0.04,Cerrado,14.1
4b27dbb3-8a2c-3c7a-a2a1-25906fddf5bb,-21.95386,-47.04009,2026-03-03 17:26:00,NOAA-21,CASA BRANCA,SÃO PAULO,Brasil,3510807,35,33,4.0,0.0,0.23,Cerrado,4.6
7febda5e-2223-32dd-b60b-1f13aa695b15,-22.23149,-55.98367,2026-03-03 17:26:00,NOAA-21,ANTÔNIO JOÃO,MATO GROSSO DO SUL,Brasil,5000906,50,33,3.0,0.0,0.3,Cerrado,2.3
cb6d1a79-1f33-3867-a621-6a96b935986a,-18.9411,-53.45123,2026-03-03 17:26:00,NOAA-21,CAMAPUÃ,MATO GROSSO DO SUL,Brasil,5002605,50,33,4.0,0.19,0.46,Cerrado,4.8
dc0db354-7a9d-3807-a5e6-d90d07d510a1,-19.04471,-52.33162,2026-03-03 17:26:00,NOAA-21,CASSILÂNDIA,MATO GROSSO DO SUL,Brasil,5002902,50,33,5.0,0.4,0.22,Cerrado,5.6
bc335d65-7a06-3313-b432-e1cc6e4511e8,-18.74958,-49.15329,2026-03-03 17:26:00,NOAA-21,CANÁPOLIS,MINAS GERAIS,Brasil,3111804,31,33,3.0,0.0,0.05,Cerrado,47.0
6d94b350-9b05-33d4-8dd1-86ff351d27bd,-18.74959,-52.42003,2026-03-03 17:26:00,NOAA-21,CASSILÂNDIA,MATO GROSSO DO SUL,Brasil,5002902,50,33,4.0,0.45,0.68,Cerrado,13.6
2ff34d16-4576-3f21-81be-583f4bd8b991,-21.7089,-56.31853,2026-03-03 17:26:00,NOAA-21,BELA VISTA,MATO GROSSO DO SUL,Brasil,5002100,50,33,2.0,0.0,0.55,Cerrado,10.3
1b5f24b3-7ae8-3c91-a974-7c08a22457cb,-19.46761,-53.10279,2026-03-03 17:26:00,NOAA-21,ÁGUA CLARA,MATO GROSSO DO SUL,Brasil,5000203,50,33,5.0,0.0,0.39,Cerrado,9.0
5af87e9e-488c-3067-94a1-a48b0802310b,-20.45177,-50.01244,2026-03-03 17:26:00,NOAA-21,VOTUPORANGA,SÃO PAULO,Brasil,3557105,35,33,5.0,0.0,0.66,Cerrado,7.4
dec1ad47-db5f-329d-8052-7d71f70af786,-22.14917,-47.56219,2026-03-03 17:26:00,NOAA-21,ANALÂNDIA,SÃO PAULO,Brasil,3502002,35,33,5.0,0.0,0.51,Cerrado,18.0
89407a70-39b4-3a92-b3a7-5d0dd3e9131c,-18.80958,-51.60551,2026-03-03 17:26:00,NOAA-21,ITAJÁ,GOIÁS,Brasil,5210802,52,33,4.0,0.0,0.02,Cerrado,13.3
d714004b-bb2c-3d87-8913-97dcaec91758,-17.90961,-52.71358,2026-03-03 17:28:00,NOAA-21,MINEIROS,GOIÁS,Brasil,5213103,52,33,5.0,2.58,0.21,Cerrado,14.8
4e7fa50f-1222-34b4-87b6-7cceb1a345a4,-14.21524,-58.69809,2026-03-03 17:28:00,NOAA-21,TANGARÁ DA SERRA,MATO GROSSO,Brasil,5107958,51,33,0.0,10.45,0.0,Cerrado,2.3
040037db-6e3c-39c3-8ef0-3d8f1bc6422b,-14.16012,-58.6929,2026-03-03 17:28:00,NOAA-21,TANGARÁ DA SERRA,MATO GROSSO,Brasil,5107958,51,33,0.0,11.97,0.0,Cerrado,21.5
f90b361a-2c7f-3aff-98fb-25fd3f376bae,-14.22324,-58.43869,2026-03-03 17:28:00,NOAA-21,TANGARÁ DA SERRA,MATO GROSSO,Brasil,5107958,51,33,0.0,16.64,0.0,Cerrado,4.0
ac056407-c552-3882-9fcc-be5a94d34cf8,-15.74439,-56.55613,2026-03-03 17:28:00,NOAA-21,POCONÉ,MATO GROSSO,Brasil,5106505,51,33,3.0,7.21,0.01,Cerrado,6.0
90c39e80-1cb0-3b2d-86ce-edd67f15adf9,-12.46824,-58.56038,2026-03-03 17:28:00,NOAA-21,SAPEZAL,MATO GROSSO,Brasil,5107875,51,33,0.0,6.05,0.0,Cerrado,4.6
50f44c9f-b347-37d3-9ce8-f9ae159a847f,-17.91832,-52.7172,2026-03-03 17:28:00,NOAA-21,MINEIROS,GOIÁS,Brasil,5213103,52,33,5.0,2.7,0.11,Cerrado,12.6
75751320-0f12-3822-b285-d8ac08ae705d,-16.01339,-49.13077,2026-03-03 17:28:00,NOAA-21,PIRENÓPOLIS,GOIÁS,Brasil,5217302,52,33,2.0,6.53,0.01,Cerrado,3.4
11414773-ea0c-31c6-aa70-d3bdfb11bb3b,-16.01495,-49.13042,2026-03-03 17:28:00,NOAA-21,PIRENÓPOLIS,GOIÁS,Brasil,5217302,52,33,2.0,6.5,0.01,Cerrado,3.6
ad85261b-3cf5-3335-8118-589ee7b21382,-16.20698,-53.83116,2026-03-03 17:28:00,NOAA-21,GUIRATINGA,MATO GROSSO,Brasil,5104203,51,33,3.0,0.17,0.07,Cerrado,7.1
c1c43863-ef08-3d82-a7d0-bb7d98392082,-15.70299,-54.82512,2026-03-03 17:28:00,NOAA-21,DOM AQUINO,MATO GROSSO,Brasil,5103601,51,33,1.0,4.39,0.0,Cerrado,4.3
a1d50087-be8e-3f92-9d67-1eb024a6ca30,-16.97254,-52.10886,2026-03-03 17:28:00,NOAA-21,CAIAPÔNIA,GOIÁS,Brasil,5204409,52,33,2.0,0.0,0.43,Cerrado,3.8
07992224-2683-3ec5-a776-740db4762b1d,-12.4627,-58.56848,2026-03-03 17:28:00,NOAA-21,SAPEZAL,MATO GROSSO,Brasil,5107875,51,33,0.0,6.32,0.0,Cerrado,12.0
2ab25365-080e-30cc-8691-422127362b9c,-12.46493,-58.56091,2026-03-03 17:28:00,NOAA-21,SAPEZAL,MATO GROSSO,Brasil,5107875,51,33,0.0,6.12,0.0,Cerrado,4.6
5f511175-cfc9-383b-8fc1-49e2bc278b73,-12.50266,-57.99227,2026-03-03 17:28:00,NOAA-21,BRASNORTE,MATO GROSSO,Brasil,5101902,51,33,0.0,9.62,0.0,Cerrado,9.9
efffb06c-413d-3aec-96fe-fe762fb02549,-15.74102,-56.5567,2026-03-03 17:28:00,NOAA-21,POCONÉ,MATO GROSSO,Brasil,5106505,51,33,3.0,7.18,0.01,Cerrado,6.0
6f2d0c48-2e3b-3a97-bb26-7a4e29155412,-15.83181,-53.57365,2026-03-03 17:28:00,NOAA-21,TESOURO,MATO GROSSO,Brasil,5108105,51,33,3.0,0.04,0.22,Cerrado,8.3
7056bda3-88ef-31b4-ae60-e746c9041a02,-14.03442,-56.7974,2026-03-03 17:28:00,NOAA-21,DIAMANTINO,MATO GROSSO,Brasil,5103502,51,33,0.0,0.8,0.0,Cerrado,10.9
d9129284-86d5-3455-b5eb-63ae59a038ff,-12.45885,-58.56548,2026-03-03 17:28:00,NOAA-21,SAPEZAL,MATO GROSSO,Brasil,5107875,51,33,0.0,6.34,0.0,Cerrado,6.1
7a197e0a-5635-3c02-a4bc-b58b634e4099,-12.46438,-58.55738,2026-03-03 17:28:00,NOAA-21,SAPEZAL,MATO GROSSO,Brasil,5107875,51,33,0.0,6.07,0.0,Cerrado,10.1
192058cb-57ec-3997-a25a-19033823dfde,-14.21909,-58.70112,2026-03-03 17:28:00,NOAA-21,TANGARÁ DA SERRA,MATO GROSSO,Brasil,5107958,51,33,0.0,10.27,0.0,Cerrado,7.4
e10698e1-cfb7-38e9-8bc0-20ecb93b85b5,-12.46216,-58.56496,2026-03-03 17:28:00,NOAA-21,SAPEZAL,MATO GROSSO,Brasil,5107875,51,33,0.0,6.26,0.0,Cerrado,6.1
ec7cfc79-057e-38d9-9182-0076031bcb13,-17.92221,-52.71645,2026-03-03 17:28:00,NOAA-21,MINEIROS,GOIÁS,Brasil,5213103,52,33,5.0,2.71,0.15,Cerrado,8.8
451c93b8-5448-3271-a519-900f9b878895,-14.15681,-58.69344,2026-03-03 17:28:00,NOAA-21,TANGARÁ DA SERRA,MATO GROSSO,Brasil,5107958,51,33,0.0,12.02,0.0,Cerrado,21.5
f170b717-4948-37c8-ad04-838b845ba970,-14.15627,-58.68988,2026-03-03 17:28:00,NOAA-21,TANGARÁ DA SERRA,MATO GROSSO,Brasil,5107958,51,33,0.0,12.17,0.0,Cerrado,21.5
20207505-8c59-3346-8b61-f189c0c23e53,-14.3871,-58.31001,2026-03-03 17:28:00,NOAA-21,TANGARÁ DA SERRA,MATO GROSSO,Brasil,5107958,51,33,0.0,11.56,0.0,Cerrado,20.4
d6e2415c-124d-3b09-8487-1a7616e9b121,-12.46547,-58.56443,2026-03-03 17:28:00,NOAA-21,SAPEZAL,MATO GROSSO,Brasil,5107875,51,33,0.0,6.18,0.0,Cerrado,4.6
733105cf-db3f-3247-a991-96b307673684,-13.20671,-56.56612,2026-03-03 17:28:00,NOAA-21,NOVA MUTUM,MATO GROSSO,Brasil,5106224,51,33,0.0,2.92,0.0,Cerrado,8.4
5fbbc38c-42c4-3067-b877-8ebf417fefaf,-18.80914,-51.60746,2026-03-03 17:56:00,NPP-375,ITAJÁ,GOIÁS,Brasil,5210802,52,33,4.0,0.0,0.02,Cerrado,10.8
85bd5a10-14e8-3b02-8b67-3633cc7a5ed2,-22.23795,-56.06377,2026-03-03 17:56:00,NPP-375,ANTÔNIO JOÃO,MATO GROSSO DO SUL,Brasil,5000906,50,33,0.0,0.0,0.6,Cerrado,7.8
d18bac21-4933-3792-b78f-f1c456c46808,-19.46865,-53.10476,2026-03-03 17:56:00,NPP-375,ÁGUA CLARA,MATO GROSSO DO SUL,Brasil,5000203,50,33,5.0,0.0,0.35,Cerrado,4.7
23893185-1f2f-35cd-a7dd-edd1254857d7,-18.74937,-52.41441,2026-03-03 17:56:00,NPP-375,CASSILÂNDIA,MATO GROSSO DO SUL,Brasil,5002902,50,33,4.0,0.44,0.56,Cerrado,8.3
2e2128e5-f1fc-3978-9909-d9c1261ee0cc,-19.0456,-52.33406,2026-03-03 17:56:00,NPP-375,CASSILÂNDIA,MATO GROSSO DO SUL,Brasil,5002902,50,33,5.0,0.4,0.31,Cerrado,4.6
9a805661-af1d-30b7-99df-2988b8aea735,-23.65011,-48.97889,2026-03-03 17:56:00,NPP-375,ITAPEVA,SÃO PAULO,Brasil,3522406,35,33,6.0,0.0,0.83,Cerrado,3.2
979397e4-5cfa-3d48-9661-e6e648ff4cca,-19.46785,-53.10094,2026-03-03 17:56:00,NPP-375,ÁGUA CLARA,MATO GROSSO DO SUL,Brasil,5000203,50,33,5.0,0.0,0.38,Cerrado,5.5
393d391c-6bc8-371c-b678-0b40479ecb90,-19.49237,-52.01639,2026-03-03 17:56:00,NPP-375,INOCÊNCIA,MATO GROSSO DO SUL,Brasil,5004403,50,33,5.0,0.0,0.43,Cerrado,3.2
0df0286b-f54f-36c6-83bd-7bb5b4c36ff3,-22.1464,-47.55568,2026-03-03 17:56:00,NPP-375,ANALÂNDIA,SÃO PAULO,Brasil,3502002,35,33,5.0,0.0,0.51,Cerrado,19.5
74d36457-a325-348b-97ae-5efaa85f655d,-22.23757,-56.06358,2026-03-03 17:56:00,NPP-375,ANTÔNIO JOÃO,MATO GROSSO DO SUL,Brasil,5000906,50,33,0.0,0.0,0.6,Cerrado,6.6
402612df-3fbb-32b5-b4eb-b656748b8c00,-22.14386,-47.56253,2026-03-03 17:56:00,NPP-375,ANALÂNDIA,SÃO PAULO,Brasil,3502002,35,33,5.0,0.0,0.66,Cerrado,13.9
843d28ca-e920-3fec-87b1-c43212a8bbc5,-21.67936,-53.73119,2026-03-03 17:56:00,NPP-375,NOVA ANDRADINA,MATO GROSSO DO SUL,Brasil,5006200,50,33,5.0,0.0,0.14,Cerrado,2.5
f8f498f4-744b-3336-a584-aad020463979,-18.80784,-51.60117,2026-03-03 17:56:00,NPP-375,ITAJÁ,GOIÁS,Brasil,5210802,52,33,4.0,0.0,0.02,Cerrado,7.3
ffdf0223-b3cc-38fd-9c69-7afafa9fdf2d,-21.97828,-47.70377,2026-03-03 17:56:00,NPP-375,DESCALVADO,SÃO PAULO,Brasil,3513702,35,33,5.0,0.0,0.24,Cerrado,9.9
20410d7f-8112-3274-aab1-3b01670b5517,-18.80894,-51.60615,2026-03-03 17:56:00,NPP-375,ITAJÁ,GOIÁS,Brasil,5210802,52,33,4.0,0.0,0.02,Cerrado,7.3
e0d1f2b2-54f2-3223-9105-21516939a81c,-18.80802,-51.60252,2026-03-03 17:56:00,NPP-375,ITAJÁ,GOIÁS,Brasil,5210802,52,33,4.0,0.0,0.02,Cerrado,10.8
c9bfca44-4b0b-3bed-a91a-9825d54515b2,-22.14855,-47.56413,2026-03-03 17:56:00,NPP-375,ANALÂNDIA,SÃO PAULO,Brasil,3502002,35,33,5.0,0.0,0.51,Cerrado,18.1
6192ae82-028b-37df-ac01-e84ae6a10be2,-22.15121,-47.56172,2026-03-03 17:56:00,NPP-375,ANALÂNDIA,SÃO PAULO,Brasil,3502002,35,33,5.0,0.0,0.44,Cerrado,13.9
e8b7e03c-47b6-3a81-b023-41be1ae7ccae,-18.81299,-51.59628,2026-03-03 17:56:00,NPP-375,ITAJÁ,GOIÁS,Brasil,5210802,52,33,4.0,0.0,0.04,Cerrado,11.0
9167c889-93ce-380d-a9e8-234938858124,-19.16478,-49.22419,2026-03-03 17:56:00,NPP-375,PRATA,MINAS GERAIS,Brasil,3152808,31,33,3.0,0.0,0.14,Cerrado,20.8
11070c51-85ff-3e47-ab99-d604ffd8625d,-21.98374,-47.70907,2026-03-03 17:56:00,NPP-375,DESCALVADO,SÃO PAULO,Brasil,3513702,35,33,5.0,0.0,0.25,Cerrado,6.8
ea0826c3-604c-393d-b292-a1b1025e083a,-19.04462,-52.32959,2026-03-03 17:56:00,NPP-375,CASSILÂNDIA,MATO GROSSO DO SUL,Brasil,5002902,50,33,5.0,0.4,0.15,Cerrado,5.1
e834a0e5-b881-303a-8bd2-f703e2593ee5,-20.37649,-52.22628,2026-03-03 17:56:00,NPP-375,TRÊS LAGOAS,MATO GROSSO DO SUL,Brasil,5008305,50,33,5.0,0.0,0.09,Cerrado,9.6
f8ed4b3a-64c3-3b62-a834-f85cff77ff47,-19.46788,-53.10573,2026-03-03 17:56:00,NPP-375,ÁGUA CLARA,MATO GROSSO DO SUL,Brasil,5000203,50,33,5.0,0.0,0.38,Cerrado,3.5
9a045bee-41d7-3ccd-a41a-7889cc11f0f1,-19.46705,-53.10193,2026-03-03 17:56:00,NPP-375,ÁGUA CLARA,MATO GROSSO DO SUL,Brasil,5000203,50,33,5.0,0.0,0.42,Cerrado,4.6
47adcf9b-39b4-3233-a692-220babfa503a,-18.81395,-51.59993,2026-03-03 17:56:00,NPP-375,ITAJÁ,GOIÁS,Brasil,5210802,52,33,4.0,0.0,0.02,Cerrado,10.0
86a7fc33-b03d-3e8d-86aa-1d04c12aea47,-19.2923,-55.16539,2026-03-03 17:56:00,NPP-375,RIO VERDE DE MATO GROSSO,MATO GROSSO DO SUL,Brasil,5007406,50,33,6.0,0.51,0.12,Cerrado,6.9
6a2ca6cc-7eb9-37f9-bd03-cf9d1f1947e2,-18.75065,-52.41594,2026-03-03 17:56:00,NPP-375,CASSILÂNDIA,MATO GROSSO DO SUL,Brasil,5002902,50,33,4.0,0.46,0.57,Cerrado,7.3
05835e46-6fec-3b27-afa1-5cb3f94100f0,-22.49098,-47.02845,2026-03-03 17:56:00,NPP-375,MOGI MIRIM,SÃO PAULO,Brasil,3530805,35,33,5.0,0.0,0.42,Cerrado,3.7
23ef7e46-c18e-3903-b101-0f76e0cd04b4,-22.49049,-47.029,2026-03-03 17:56:00,NPP-375,MOGI MIRIM,SÃO PAULO,Brasil,3530805,35,33,5.0,0.0,0.4,Cerrado,4.2
4be934a7-ae5c-3928-8801-2b5ae19c897f,-18.94171,-53.44551,2026-03-03 17:56:00,NPP-375,CAMAPUÃ,MATO GROSSO DO SUL,Brasil,5002605,50,33,4.0,0.2,0.46,Cerrado,5.3
92f9da72-cdee-3aca-99d7-35e972dc4122,-14.22752,-58.43717,2026-03-03 17:58:00,NPP-375,TANGARÁ DA SERRA,MATO GROSSO,Brasil,5107958,51,33,0.0,16.52,0.0,Cerrado,4.0
7411c3b8-6e06-3883-8646-cb3156bcf268,-15.74192,-56.55304,2026-03-03 17:58:00,NPP-375,POCONÉ,MATO GROSSO,Brasil,5106505,51,33,3.0,7.28,0.01,Cerrado,10.7
a39c0baf-a48e-3d0e-982f-72bd43bf7df4,-14.13625,-58.69022,2026-03-03 17:58:00,NPP-375,TANGARÁ DA SERRA,MATO GROSSO,Brasil,5107958,51,33,0.0,12.37,0.0,Cerrado,10.2
b356e9cd-dfc2-31ca-9e85-3e4bc915da3c,-16.87516,-49.2381,2026-03-03 17:58:00,NPP-375,HIDROLÂNDIA,GOIÁS,Brasil,5209705,52,33,3.0,0.12,0.1,Cerrado,18.2
7391b6ac-6a58-377d-b898-df08b61f82c4,-17.32641,-52.86238,2026-03-03 17:58:00,NPP-375,MINEIROS,GOIÁS,Brasil,5213103,52,33,3.0,2.81,0.11,Cerrado,2.9
432fe0dc-8277-3044-a62a-217b02a63a47,-14.14049,-58.68942,2026-03-03 17:58:00,NPP-375,TANGARÁ DA SERRA,MATO GROSSO,Brasil,5107958,51,33,0.0,12.36,0.0,Cerrado,10.2
01175a58-a5d1-313b-9a32-eb99f7a7f50c,-16.87551,-49.23477,2026-03-03 17:58:00,NPP-375,HIDROLÂNDIA,GOIÁS,Brasil,5209705,52,33,3.0,0.15,0.08,Cerrado,17.3
8e778444-623b-3cc9-88cc-e5536513f336,-20.9858,-56.0844,2026-03-03 18:17:00,NOAA-20,NIOAQUE,MATO GROSSO DO SUL,Brasil,5005806,50,33,2.0,0.0,0.27,Cerrado,4.2
d4273760-9cb7-3dca-b7df-8ca5381e0c90,-21.07811,-56.29903,2026-03-03 18:17:00,NOAA-20,BONITO,MATO GROSSO DO SUL,Brasil,5002209,50,33,2.0,0.0,0.23,Cerrado,6.5
469f0223-3c34-33b6-8cca-0c6934c5d09d,-19.16934,-49.22359,2026-03-03 18:47:00,AQUA_M-T,PRATA,MINAS GERAIS,Brasil,3152808,31,33,3.0,0.0,0.2,Cerrado,13.3
e6f7ac6c-466e-3db0-b9da-99953b2be2fc,-22.15371,-47.56121,2026-03-03 18:47:00,AQUA_M-T,ANALÂNDIA,SÃO PAULO,Brasil,3502002,35,33,5.0,0.0,0.36,Cerrado,66.1
487f695f-8705-390a-9bff-846084ce69a2,-21.98379,-47.71513,2026-03-03 18:47:00,AQUA_M-T,DESCALVADO,SÃO PAULO,Brasil,3513702,35,33,5.0,0.0,0.24,Cerrado,29.6
dc1454cc-966e-339a-9945-47cc1a7c0ae8,-19.08382,-48.33748,2026-03-03 18:47:00,AQUA_M-T,UBERLÂNDIA,MINAS GERAIS,Brasil,3170206,31,33,3.0,0.0,0.02,Cerrado,7.3
671c7d61-354e-30de-9697-988834ddf16f,-20.91392,-55.17249,2026-03-03 18:47:00,AQUA_M-T,SIDROLÂNDIA,MATO GROSSO DO SUL,Brasil,5007901,50,33,6.0,0.0,0.15,Cerrado,13.0
3d4a7314-5e07-31c2-a4ae-08d4ccc56381,-18.94295,-53.44825,2026-03-03 18:47:00,AQUA_M-T,CAMAPUÃ,MATO GROSSO DO SUL,Brasil,5002605,50,33,4.0,0.2,0.47,Cerrado,12.4
e4f4e406-2156-3b6f-9626-9299a404abb2,-21.98206,-47.70432,2026-03-03 18:47:00,AQUA_M-T,DESCALVADO,SÃO PAULO,Brasil,3513702,35,33,5.0,0.0,0.25,Cerrado,12.1
b7133af0-785d-39cb-b797-7850be882002,-19.46907,-53.1092,2026-03-03 18:47:00,AQUA_M-T,ÁGUA CLARA,MATO GROSSO DO SUL,Brasil,5000203,50,33,5.0,0.0,0.33,Cerrado,10.7
d67d8144-9b21-3e71-a7d2-3e7af478632f,-18.81124,-51.61105,2026-03-03 18:47:00,AQUA_M-T,ITAJÁ,GOIÁS,Brasil,5210802,52,33,4.0,0.0,0.04,Cerrado,24.6
1cd2b4d0-9928-3a7d-9efb-a64e1807f7b4,-22.40328,-48.1418,2026-03-03 18:47:00,AQUA_M-T,TORRINHA,SÃO PAULO,Brasil,3554706,35,33,5.0,0.0,0.3,Cerrado,7.4
6dbf6246-017c-3ede-b0b5-ca292d865a27,-18.81878,-51.60019,2026-03-03 18:47:00,AQUA_M-T,ITAJÁ,GOIÁS,Brasil,5210802,52,33,4.0,0.0,0.02,Cerrado,11.0
a67018d3-79fb-3b60-894c-32ef079776d9,-19.13552,-51.95202,2026-03-03 18:47:00,AQUA_M-T,CASSILÂNDIA,MATO GROSSO DO SUL,Brasil,5002902,50,33,5.0,0.0,0.54,Cerrado,8.0
381bd767-b929-38d9-82cd-8d20f9e322ad,-14.44413,-54.41957,2026-03-03 18:49:00,AQUA_M-T,PARANATINGA,MATO GROSSO,Brasil,5106307,51,33,0.0,8.19,0.0,Cerrado,11.7
870c347b-6476-3e65-90ce-e5791418f19c,-13.26761,-58.80117,2026-03-03 18:49:00,AQUA_M-T,SAPEZAL,MATO GROSSO,Brasil,5107875,51,33,0.0,31.62,0.0,Cerrado,28.9
1c217c63-cac4-3d69-8161-cf7773def551,-14.63417,-55.54691,2026-03-03 18:49:00,AQUA_M-T,ROSÁRIO OESTE,MATO GROSSO,Brasil,5107701,51,33,0.0,3.34,0.0,Cerrado,20.1
d4b55ad1-0301-39e9-b3e7-b2ca62df6916,-16.78195,-50.54219,2026-03-03 18:49:00,AQUA_M-T,AURILÂNDIA,GOIÁS,Brasil,5202601,52,33,3.0,0.31,0.01,Cerrado,5.2
456f3b5f-fdd5-38f5-9402-a414520f48b6,-15.2165,-55.23944,2026-03-03 18:49:00,AQUA_M-T,CHAPADA DOS GUIMARÃES,MATO GROSSO,Brasil,5103007,51,33,0.0,0.4,0.0,Cerrado,11.8
6ebd1cb5-3dd1-35c4-9ba8-e1cc55847e80,-14.63247,-55.53401,2026-03-03 18:49:00,AQUA_M-T,ROSÁRIO OESTE,MATO GROSSO,Brasil,5107701,51,33,0.0,3.14,0.0,Cerrado,19.0
7ef7f292-0621-395b-b361-569cd91da4e0,-16.77315,-50.54365,2026-03-03 18:49:00,AQUA_M-T,AURILÂNDIA,GOIÁS,Brasil,5202601,52,33,3.0,0.35,0.0,Cerrado,7.8
a4951b5a-78a0-399c-b0e4-5f9caf9644d1,-18.22627,-51.83616,2026-03-03 18:49:00,AQUA_M-T,SERRANÓPOLIS,GOIÁS,Brasil,5220504,52,33,5.0,0.0,0.17,Cerrado,7.9
a7faa5de-e6a0-365b-9e9e-a6330101a47d,-13.70646,-55.92702,2026-03-03 18:49:00,AQUA_M-T,NOVA MUTUM,MATO GROSSO,Brasil,5106224,51,33,0.0,26.41,0.0,Cerrado,11.8
24dbc30d-23d5-3fbc-8a86-4bc39298329e,-22.9123,-48.6089,2026-03-03 21:20:00,GOES-19,BOTUCATU,SÃO PAULO,Brasil,3507506,35,33,6.0,0.0,0.12,Cerrado,109.1
e227f2fd-28bf-3190-b767-96bce6137364,-17.90372,-54.14237,2026-03-04 00:22:00,TERRA_M-M,PEDRO GOMES,MATO GROSSO DO SUL,Brasil,5006408,50,33,0.0,0.0,0.0,Cerrado,9.6
1ccb034a-450b-3ba9-8ece-79cbc25088de,-20.92016,-48.53912,2026-03-04 00:22:00,TERRA_M-M,BEBEDOURO,SÃO PAULO,Brasil,3506102,35,33,6.0,0.0,0.1,Cerrado,5.2
0a1930b2-e12a-3532-b1df-7160f0667c47,-17.90811,-54.13615,2026-03-04 00:22:00,TERRA_M-M,PEDRO GOMES,MATO GROSSO DO SUL,Brasil,5006408,50,33,0.0,0.0,0.0,Cerrado,15.5
b0a5018f-876f-3d5d-bc4f-f5c8663c0daa,-21.31447,-48.53339,2026-03-04 00:22:00,TERRA_M-M,MONTE ALTO,SÃO PAULO,Brasil,3531308,35,33,6.0,0.0,0.08,Cerrado,14.9
77bdb7e3-8353-38c0-9788-115563998f05,-20.8207,-48.27636,2026-03-04 00:22:00,TERRA_M-M,TERRA ROXA,SÃO PAULO,Brasil,3554409,35,33,4.0,0.0,0.16,Cerrado,7.3
f67f9a3c-4891-35ac-b5c9-707178f85458,-23.4495,-48.93238,2026-03-04 00:22:00,TERRA_M-M,PARANAPANEMA,SÃO PAULO,Brasil,3535804,35,33,7.0,0.0,0.95,Cerrado,6.0
68f4a6f1-29e5-3df5-b25e-8928565c7561,-23.02254,-49.26416,2026-03-04 00:22:00,TERRA_M-M,MANDURI,SÃO PAULO,Brasil,3528601,35,33,7.0,0.0,0.88,Cerrado,19.6
1a31f954-42e5-3b56-9d5c-023b0f3cbafe,-20.304,-49.58606,2026-03-04 00:22:00,TERRA_M-M,PALESTINA,SÃO PAULO,Brasil,3535002,35,33,6.0,0.0,0.14,Cerrado,17.8
6d822a7b-5eeb-360d-ab70-30a2ec5db515,-21.31576,-48.54319,2026-03-04 00:22:00,TERRA_M-M,MONTE ALTO,SÃO PAULO,Brasil,3531308,35,33,6.0,0.0,0.17,Cerrado,8.2
2d3177d4-188d-3310-8d24-c6491b06b3e5,-20.82198,-48.28588,2026-03-04 00:22:00,TERRA_M-M,TERRA ROXA,SÃO PAULO,Brasil,3554409,35,33,4.0,0.0,0.16,Cerrado,10.9
e546256e-b40b-3118-bae0-1d30a5be7e16,-23.01604,-49.26011,2026-03-04 00:22:00,TERRA_M-M,MANDURI,SÃO PAULO,Brasil,3528601,35,33,7.0,0.0,0.24,Cerrado,9.2
48422d49-691a-3f41-af37-14f34dbd4a68,-21.70625,-48.43901,2026-03-04 00:22:00,TERRA_M-M,MATÃO,SÃO PAULO,Brasil,3529302,35,33,6.0,0.0,0.32,Cerrado,5.7
8c691bb9-e55d-353b-aebf-a77d91d268f3,-22.91376,-48.60874,2026-03-04 00:22:00,TERRA_M-M,BOTUCATU,SÃO PAULO,Brasil,3507506,35,33,7.0,0.0,0.17,Cerrado,9.3
9782ed10-dff4-3a2f-8dd1-13f4c465cebb,-15.42607,-52.19321,2026-03-04 00:24:00,TERRA_M-M,BARRA DO GARÇAS,MATO GROSSO,Brasil,5101803,51,33,3.0,0.0,0.07,Cerrado,31.3
4b7af210-9180-3490-aa51-e9331182c76b,-16.43968,-52.47901,2026-03-04 00:24:00,TERRA_M-M,BALIZA,GOIÁS,Brasil,5203104,52,33,2.0,0.0,0.1,Cerrado,7.2
dadbd18e-7d21-3f02-b514-4afb3b6c8b2c,-15.42753,-52.20525,2026-03-04 00:24:00,TERRA_M-M,BARRA DO GARÇAS,MATO GROSSO,Brasil,5101803,51,33,3.0,0.0,0.07,Cerrado,11.4
7bbafedc-febc-36a0-bd94-5513fb9688dd,-8.25962,-44.01748,2026-03-04 03:44:00,NOAA-20,MANOEL EMÍDIO,PIAUÍ,Brasil,2205904,22,33,0.0,19.19,0.0,Cerrado,0.3
7e46327a-0039-3319-b5e8-21b6b267ff47,-14.3933,-43.3736,2026-03-04 03:46:00,NOAA-20,PALMAS DE MONTE ALTO,BAHIA,Brasil,2923407,29,33,1.0,0.2,0.0,Cerrado,0.2
12aac22d-f664-3d00-980f-add242a356f5,-14.6102,-46.16232,2026-03-04 03:46:00,NOAA-20,DAMIANÓPOLIS,GOIÁS,Brasil,5206701,52,33,0.0,0.0,0.07,Cerrado,0.1
c6e24de9-77e6-358b-b75c-f30895947749,-13.40059,-48.26164,2026-03-04 03:46:00,NOAA-20,MINAÇU,GOIÁS,Brasil,5213087,52,33,1.0,7.85,0.0,Cerrado,2.0
c124855c-f437-392d-b788-02bbff7dcda0,-15.43072,-48.96838,2026-03-04 03:46:00,NOAA-20,VILA PROPÍCIO,GOIÁS,Brasil,5222302,52,33,0.0,4.48,0.01,Cerrado,1.6
a7eb16ee-822a-3002-a918-86f228777ccb,-14.60456,-44.40817,2026-03-04 03:46:00,NOAA-20,MIRAVÂNIA,MINAS GERAIS,Brasil,3142254,31,33,1.0,0.89,0.0,Cerrado,0.1
dd702ca7-e546-3fd4-8364-c44e0f3bf84b,-14.7276,-45.54696,2026-03-04 03:46:00,NOAA-20,COCOS,BAHIA,Brasil,2908101,29,33,2.0,0.0,0.0,Cerrado,0.3
fd05c6d8-1710-3f4a-9b11-8f58e1f1de1c,-14.12429,-46.39552,2026-03-04 03:46:00,NOAA-20,POSSE,GOIÁS,Brasil,5218300,52,33,0.0,0.0,0.01,Cerrado,0.3
966c67a1-9fc1-317a-9609-7c897a03955e,-16.74242,-43.2742,2026-03-04 03:46:00,NOAA-20,ITACAMBIRA,MINAS GERAIS,Brasil,3132008,31,33,4.0,0.0,0.0,Cerrado,0.6
5eb3e579-79e8-381b-8352-f002abdd70aa,-14.88046,-48.36664,2026-03-04 03:46:00,NOAA-20,NIQUELÂNDIA,GOIÁS,Brasil,5214606,52,33,1.0,3.87,0.0,Cerrado,0.1
bf107aa9-d8c5-3d50-8335-72e53d0f5e44,-14.03218,-45.60987,2026-03-04 03:46:00,NOAA-20,JABORANDI,BAHIA,Brasil,2917359,29,33,1.0,0.5,0.03,Cerrado,0.8
11deb195-7512-324f-90c0-e8d29033795c,-20.30082,-49.58504,2026-03-04 03:49:00,NOAA-20,PALESTINA,SÃO PAULO,Brasil,3535002,35,33,6.0,0.0,0.16,Cerrado,1.1
a46efeed-364d-37d8-9cfd-5793871a7774,-21.70564,-48.43659,2026-03-04 03:49:00,NOAA-20,MATÃO,SÃO PAULO,Brasil,3529302,35,33,6.0,0.0,0.32,Cerrado,0.6
31be19b3-669f-312b-b9bd-d8176c23de68,-20.91399,-48.5374,2026-03-04 03:49:00,NOAA-20,BEBEDOURO,SÃO PAULO,Brasil,3506102,35,33,6.0,0.0,0.1,Cerrado,0.5
c87191bf-d721-3e31-a573-65636464422a,-20.82177,-48.28311,2026-03-04 03:49:00,NOAA-20,TERRA ROXA,SÃO PAULO,Brasil,3554409,35,33,4.0,0.0,0.16,Cerrado,0.6
b289d006-db78-3d02-a636-f2b556b28539,-19.03415,-44.60947,2026-03-04 03:49:00,NOAA-20,CURVELO,MINAS GERAIS,Brasil,3120904,31,33,4.0,0.0,0.03,Cerrado,0.7
aa1a518f-530c-3f0e-b201-37c9a9111200,-22.14632,-47.56454,2026-03-04 03:49:00,NOAA-20,ANALÂNDIA,SÃO PAULO,Brasil,3502002,35,33,6.0,0.0,0.66,Cerrado,1.2
47ac136c-6a0f-3a75-bcf8-2361b3be4b10,-18.80575,-51.60688,2026-03-04 03:49:00,NOAA-20,ITAJÁ,GOIÁS,Brasil,5210802,52,33,5.0,0.0,0.03,Cerrado,2.0
1f0ab960-9eea-3283-9fa2-01d2669a7f3a,-21.4828,-48.6604,2026-03-04 03:49:00,NOAA-20,TAQUARITINGA,SÃO PAULO,Brasil,3553708,35,33,6.0,0.0,0.31,Cerrado,0.4
cb8a28cb-c34a-3d9d-a60d-4c0d4e7db4a4,-20.79506,-52.06104,2026-03-04 03:49:00,NOAA-20,TRÊS LAGOAS,MATO GROSSO DO SUL,Brasil,5008305,50,33,7.0,0.0,0.42,Cerrado,1.0
0a50aeca-71f1-36c1-abc7-082f177e1177,-18.80435,-51.61286,2026-03-04 03:49:00,NOAA-20,ITARUMÃ,GOIÁS,Brasil,5211305,52,33,5.0,0.0,0.05,Cerrado,1.5
49b1eea2-c535-39fc-9e2e-0418c3948210,-21.70476,-47.10735,2026-03-04 03:49:00,NOAA-20,CASA BRANCA,SÃO PAULO,Brasil,3510807,35,33,4.0,0.0,0.33,Cerrado,2.8
62d25ec6-91fa-37fa-a565-0796303f49b0,-20.87594,-52.54534,2026-03-04 03:49:00,NOAA-20,BRASILÂNDIA,MATO GROSSO DO SUL,Brasil,5002308,50,33,7.0,0.0,0.49,Cerrado,1.4
e5f16486-dedb-3788-b277-23701372ac9c,-21.31189,-48.5383,2026-03-04 03:49:00,NOAA-20,MONTE ALTO,SÃO PAULO,Brasil,3531308,35,33,6.0,0.0,0.16,Cerrado,1.0
d334c525-0953-3a90-8492-a530a9c5e662,-20.93599,-53.42375,2026-03-04 03:49:00,NOAA-20,RIBAS DO RIO PARDO,MATO GROSSO DO SUL,Brasil,5007109,50,33,7.0,0.0,0.19,Cerrado,0.3
9b8360d8-efd7-311b-a350-30decff26817,-17.8392,-44.84921,2026-03-04 03:49:00,NOAA-20,LASSANCE,MINAS GERAIS,Brasil,3138104,31,33,4.0,0.0,0.0,Cerrado,0.5
ffa2854a-b146-33e5-9a75-f1f20d560b4e,-21.31273,-48.53453,2026-03-04 03:49:00,NOAA-20,MONTE ALTO,SÃO PAULO,Brasil,3531308,35,33,6.0,0.0,0.11,Cerrado,1.0
857ed450-42da-3635-a3d1-45274c5bb214,-21.69982,-48.43844,2026-03-04 03:49:00,NOAA-20,MATÃO,SÃO PAULO,Brasil,3529302,35,33,6.0,0.0,0.32,Cerrado,2.0
3458f9ce-25b6-3947-9c12-e7cdcccadb3e,-21.70054,-48.43509,2026-03-04 03:49:00,NOAA-20,MATÃO,SÃO PAULO,Brasil,3529302,35,33,6.0,0.0,0.32,Cerrado,2.0
1a55521c-679f-3c2d-bc0b-5645c0dcab9f,-20.09368,-44.6108,2026-03-04 03:49:00,NOAA-20,ITAÚNA,MINAS GERAIS,Brasil,3133808,31,33,4.0,0.09,-999.0,Cerrado,1.4
b8f96ec3-f0ab-38ae-820b-973d732df6f7,-20.30219,-49.5849,2026-03-04 03:49:00,NOAA-20,PALESTINA,SÃO PAULO,Brasil,3535002,35,33,6.0,0.0,0.15,Cerrado,1.2
22ef86b3-92fa-3651-b707-289eff3008c7,-20.73656,-47.86506,2026-03-04 03:49:00,NOAA-20,ORLÂNDIA,SÃO PAULO,Brasil,3534302,35,33,3.0,0.0,0.11,Cerrado,0.1
440a7fce-16ef-339a-8380-f679822708b9,-17.34209,-45.46926,2026-03-04 03:49:00,NOAA-20,BURITIZEIRO,MINAS GERAIS,Brasil,3109402,31,33,1.0,0.0,0.0,Cerrado,0.1
a462098b-c171-3aaa-87a7-71201d477793,-21.70536,-47.10533,2026-03-04 03:49:00,NOAA-20,CASA BRANCA,SÃO PAULO,Brasil,3510807,35,33,4.0,0.0,0.38,Cerrado,2.3
6cfd11ff-e5b7-3b8a-ae94-37c5701e75bd,-20.82976,-46.54189,2026-03-04 03:49:00,NOAA-20,PASSOS,MINAS GERAIS,Brasil,3147907,31,33,3.0,0.23,0.31,Cerrado,0.1
86f59333-c686-3e5b-ab4c-ace8a4d29201,-20.8166,-48.28174,2026-03-04 03:49:00,NOAA-20,TERRA ROXA,SÃO PAULO,Brasil,3554409,35,33,4.0,0.0,0.16,Cerrado,1.5
d9de5318-9328-35f8-9fb5-53abad334492,-23.44519,-48.92942,2026-03-04 03:51:00,NOAA-20,PARANAPANEMA,SÃO PAULO,Brasil,3535804,35,33,7.0,0.0,0.88,Cerrado,0.5
db58cdcd-14ce-3214-b2bb-7e39f5f54d2b,-22.91467,-48.6121,2026-03-04 03:51:00,NOAA-20,BOTUCATU,SÃO PAULO,Brasil,3507506,35,33,7.0,0.0,0.09,Cerrado,0.8
99dd1fbd-ecf4-3a50-aa68-0a6bc7e1f3de,-22.91269,-48.6104,2026-03-04 03:51:00,NOAA-20,BOTUCATU,SÃO PAULO,Brasil,3507506,35,33,7.0,0.0,0.09,Cerrado,0.7
ea3ca53a-b95b-3656-9148-51dba9e0b9d3,-15.42731,-52.19593,2026-03-04 04:36:00,NOAA-21,BARRA DO GARÇAS,MATO GROSSO,Brasil,5101803,51,33,3.0,0.0,0.06,Cerrado,2.5
58b16339-7bbd-3d88-bb4e-885eff201273,-16.43932,-52.47825,2026-03-04 04:36:00,NOAA-21,BALIZA,GOIÁS,Brasil,5203104,52,33,3.0,0.0,0.1,Cerrado,4.9
f4a270cd-3071-3ab5-8627-d8cb566ef570,-15.42453,-52.19145,2026-03-04 04:36:00,NOAA-21,BARRA DO GARÇAS,MATO GROSSO,Brasil,5101803,51,33,3.0,0.0,0.07,Cerrado,1.7
33c331c4-f99f-38b9-b94d-cec9eef5ebf5,-15.42388,-52.19532,2026-03-04 04:36:00,NOAA-21,BARRA DO GARÇAS,MATO GROSSO,Brasil,5101803,51,33,3.0,0.0,0.07,Cerrado,1.7
cb1f9e58-49a7-3ed9-a964-ed320821c52c,-18.81013,-51.60208,2026-03-04 04:38:00,NOAA-21,ITAJÁ,GOIÁS,Brasil,5210802,52,33,5.0,0.0,0.03,Cerrado,1.7
397be4be-99ab-3506-a0c4-0838d52c4004,-21.70795,-56.3215,2026-03-04 04:38:00,NOAA-21,BELA VISTA,MATO GROSSO DO SUL,Brasil,5002100,50,33,2.0,3.25,0.36,Cerrado,1.6
b9f4c649-d1a0-3337-867a-7375fc1d2d97,-21.60619,-56.62733,2026-03-04 04:38:00,NOAA-21,BELA VISTA,MATO GROSSO DO SUL,Brasil,5002100,50,33,2.0,6.96,0.01,Cerrado,1.7
7130346d-2dfd-3afa-bfa0-96aeca938ad8,-21.31603,-48.53613,2026-03-04 04:38:00,NOAA-21,MONTE ALTO,SÃO PAULO,Brasil,3531308,35,33,6.0,0.0,0.12,Cerrado,2.7
0289e1d6-5cd6-395d-aa93-63618a8a08de,-22.91633,-48.60674,2026-03-04 04:38:00,NOAA-21,BOTUCATU,SÃO PAULO,Brasil,3507506,35,33,7.0,0.0,0.32,Cerrado,0.5
f24566ac-035e-3203-a7fb-578d8f1d503f,-22.91572,-48.61116,2026-03-04 04:38:00,NOAA-21,BOTUCATU,SÃO PAULO,Brasil,3507506,35,33,7.0,0.0,0.1,Cerrado,1.1
37ac07c5-2eaa-3d34-9f9c-3e56e286a783,-20.30421,-49.58205,2026-03-04 04:38:00,NOAA-21,PALESTINA,SÃO PAULO,Brasil,3535002,35,33,6.0,0.0,0.13,Cerrado,0.8
3addc78a-528b-39a4-891f-a7fd8c4588d0,-17.96364,-52.66103,2026-03-04 04:38:00,NOAA-21,SERRANÓPOLIS,GOIÁS,Brasil,5220504,52,33,0.0,0.5,0.11,Cerrado,0.2
6575ce89-31e9-38a2-9722-08b8e1fd2aef,-21.70562,-48.43465,2026-03-04 04:38:00,NOAA-21,MATÃO,SÃO PAULO,Brasil,3529302,35,33,6.0,0.0,0.32,Cerrado,3.1
4454c083-d9e8-3e25-acbb-93baf2a2224b,-21.70635,-47.10426,2026-03-04 04:38:00,NOAA-21,CASA BRANCA,SÃO PAULO,Brasil,3510807,35,33,4.0,0.0,0.4,Cerrado,1.6
3da12169-407f-3286-9827-59d9a5a801ef,-23.01924,-49.26593,2026-03-04 04:38:00,NOAA-21,MANDURI,SÃO PAULO,Brasil,3528601,35,33,7.0,0.0,0.8,Cerrado,0.7
024b10af-bb33-3bf5-86b4-308e8ec4a2e7,-21.70205,-48.43412,2026-03-04 04:38:00,NOAA-21,MATÃO,SÃO PAULO,Brasil,3529302,35,33,6.0,0.0,0.32,Cerrado,3.1
22c5ef1e-7ccc-3852-a965-6d9f9986991a,-18.81345,-51.60266,2026-03-04 04:38:00,NOAA-21,ITAJÁ,GOIÁS,Brasil,5210802,52,33,5.0,0.0,0.03,Cerrado,1.7
c27f8b87-7146-3584-b774-6627414666d6,-18.80622,-51.60516,2026-03-04 04:38:00,NOAA-21,ITAJÁ,GOIÁS,Brasil,5210802,52,33,5.0,0.0,0.03,Cerrado,0.9
f5c188b2-feb0-3924-8a5a-46c7c00dc20a,-22.40261,-48.13747,2026-03-04 04:38:00,NOAA-21,TORRINHA,SÃO PAULO,Brasil,3554706,35,33,6.0,0.0,0.35,Cerrado,0.5
4e2c8819-31d2-3e92-ae08-068f4cbc14aa,-18.80895,-51.60941,2026-03-04 04:38:00,NOAA-21,ITAJÁ,GOIÁS,Brasil,5210802,52,33,5.0,0.0,0.03,Cerrado,1.9
be79cd78-5145-36a9-8ba0-913330124dd2,-21.70408,-56.32072,2026-03-04 04:38:00,NOAA-21,BELA VISTA,MATO GROSSO DO SUL,Brasil,5002100,50,33,2.0,3.31,0.36,Cerrado,0.9
0caa5c75-4d65-388d-838b-fcb89362d994,-20.82068,-48.28151,2026-03-04 04:38:00,NOAA-21,TERRA ROXA,SÃO PAULO,Brasil,3554409,35,33,4.0,0.0,0.16,Cerrado,3.7
ace42491-1c14-3b83-a6f4-5f79579a090d,-18.80954,-51.60574,2026-03-04 04:38:00,NOAA-21,ITAJÁ,GOIÁS,Brasil,5210802,52,33,5.0,0.0,0.03,Cerrado,1.7
4be6e364-7a94-3fbe-9b07-19527bb4b940,-19.27314,-49.42205,2026-03-04 04:38:00,NOAA-21,CAMPINA VERDE,MINAS GERAIS,Brasil,3111101,31,33,5.0,0.0,0.54,Cerrado,0.9
bff4ade1-3aba-3a2b-b48f-7af1d528339a,-20.30759,-49.5826,2026-03-04 04:38:00,NOAA-21,PALESTINA,SÃO PAULO,Brasil,3535002,35,33,6.0,0.0,0.13,Cerrado,0.8
6ceecb7c-650c-33f4-8a22-8f7cf64551b8,-15.4273,-52.19668,2026-03-04 05:05:00,NPP-375D,BARRA DO GARÇAS,MATO GROSSO,Brasil,5101803,51,33,3.0,0.0,0.07,Cerrado,1.9
709be27b-de83-343d-bbe0-d601936db3f1,-15.42621,-52.19841,2026-03-04 05:05:00,NPP-375D,BARRA DO GARÇAS,MATO GROSSO,Brasil,5101803,51,33,3.0,0.0,0.07,Cerrado,1.6
4e7d0e19-1990-367c-9769-dc0687cb0501,-15.4235,-52.19613,2026-03-04 05:05:00,NPP-375D,BARRA DO GARÇAS,MATO GROSSO,Brasil,5101803,51,33,3.0,0.0,0.07,Cerrado,2.4
319e6583-abb4-3abb-bcdd-877eec5ef000,-15.42686,-52.19364,2026-03-04 05:05:00,NPP-375D,BARRA DO GARÇAS,MATO GROSSO,Brasil,5101803,51,33,3.0,0.0,0.06,Cerrado,1.6
607636dd-601f-33cb-8698-4e227472547a,-21.70672,-56.32088,2026-03-04 05:08:00,NPP-375D,BELA VISTA,MATO GROSSO DO SUL,Brasil,5002100,50,33,2.0,3.27,0.36,Cerrado,1.4
32844c85-9ec7-3f4b-8601-3ad0fcbae50d,-21.69757,-48.43592,2026-03-04 05:08:00,NPP-375D,MATÃO,SÃO PAULO,Brasil,3529302,35,33,6.0,0.0,0.32,Cerrado,1.2
c770b6d7-0cd0-3ddf-ba8d-62fa95f27dc4,-22.91229,-48.60846,2026-03-04 05:08:00,NPP-375D,BOTUCATU,SÃO PAULO,Brasil,3507506,35,33,7.0,0.0,0.17,Cerrado,0.2
79f62d8f-d78d-3bcd-a1fa-736536a632a7,-20.30303,-49.58529,2026-03-04 05:08:00,NPP-375D,PALESTINA,SÃO PAULO,Brasil,3535002,35,33,6.0,0.0,0.15,Cerrado,1.1
078b306d-2420-325a-ac7e-fe92e8db3003,-18.80468,-51.60639,2026-03-04 05:08:00,NPP-375D,ITAJÁ,GOIÁS,Brasil,5210802,52,33,5.0,0.0,0.04,Cerrado,0.5
f3b40aa5-d9c2-305e-8b68-09923c5fdc07,-21.70333,-56.32029,2026-03-04 05:08:00,NPP-375D,BELA VISTA,MATO GROSSO DO SUL,Brasil,5002100,50,33,2.0,3.32,0.36,Cerrado,0.6
7307529e-26df-3b7c-a89e-1cd31ab858a2,-18.80929,-51.6032,2026-03-04 05:08:00,NPP-375D,ITAJÁ,GOIÁS,Brasil,5210802,52,33,5.0,0.0,0.03,Cerrado,1.4
159b67f4-c072-3071-a4a9-ec2072ef5b86,-20.81977,-48.28115,2026-03-04 05:08:00,NPP-375D,TERRA ROXA,SÃO PAULO,Brasil,3554409,35,33,4.0,0.0,0.16,Cerrado,1.0
02fdb0cd-fa41-3ae8-9195-aed20d63f1a1,-18.80829,-51.61091,2026-03-04 05:08:00,NPP-375D,ITAJÁ,GOIÁS,Brasil,5210802,52,33,5.0,0.0,0.04,Cerrado,0.5
678f4b21-9d11-30b0-8127-1284093c581f,-21.7032,-48.43301,2026-03-04 05:08:00,NPP-375D,MATÃO,SÃO PAULO,Brasil,3529302,35,33,6.0,0.0,0.32,Cerrado,1.2
8c4df585-a487-3d16-94f3-6085d3886d21,-21.70286,-48.43636,2026-03-04 05:08:00,NPP-375D,MATÃO,SÃO PAULO,Brasil,3529302,35,33,6.0,0.0,0.32,Cerrado,1.2
4679dff1-ca94-345c-89aa-cf009fb774a3,-18.8134,-51.60387,2026-03-04 05:08:00,NPP-375D,ITAJÁ,GOIÁS,Brasil,5210802,52,33,5.0,0.0,0.03,Cerrado,1.4
72667273-ba70-3ec2-8fcd-d823910d539e,-18.80879,-51.60706,2026-03-04 05:08:00,NPP-375D,ITAJÁ,GOIÁS,Brasil,5210802,52,33,5.0,0.0,0.03,Cerrado,0.5
98464c4d-cb6e-353b-be62-9c563b4e4531,-20.8194,-48.28461,2026-03-04 05:08:00,NPP-375D,TERRA ROXA,SÃO PAULO,Brasil,3554409,35,33,4.0,0.0,0.16,Cerrado,1.0
22f3e6c7-d9e2-3047-a8d5-682211ad9b25,-16.44046,-52.47738,2026-03-04 05:08:00,NPP-375D,BALIZA,GOIÁS,Brasil,5203104,52,33,3.0,0.0,0.12,Cerrado,3.6
edc7be20-4c49-3d97-943e-5a7d2fd51354,-20.81933,-48.2807,2026-03-04 05:08:00,NPP-375D,TERRA ROXA,SÃO PAULO,Brasil,3554409,35,33,4.0,0.0,0.16,Cerrado,1.0
ed08273a-c266-3304-b2fa-0dad67ce06f6,-21.60545,-56.62649,2026-03-04 05:08:00,NPP-375D,BELA VISTA,MATO GROSSO DO SUL,Brasil,5002100,50,33,2.0,6.94,0.01,Cerrado,1.3
58c469c4-6844-3047-8921-98a587059bd0,-20.81898,-48.28417,2026-03-04 05:08:00,NPP-375D,TERRA ROXA,SÃO PAULO,Brasil,3554409,35,33,4.0,0.0,0.16,Cerrado,1.0
1d9b6093-912c-360f-8ea4-dfa59d74ee3f,-22.91194,-48.61194,2026-03-04 05:08:00,NPP-375D,BOTUCATU,SÃO PAULO,Brasil,3507506,35,33,7.0,0.0,0.09,Cerrado,0.2
4c2f9172-55f5-39a3-adad-6503c9a309c3,-16.43736,-52.47755,2026-03-04 05:27:00,NOAA-20,BALIZA,GOIÁS,Brasil,5203104,52,33,3.0,0.0,0.08,Cerrado,1.7
d377de83-2175-312c-970b-8aae74bc910f,-16.65568,-54.27006,2026-03-04 05:27:00,NOAA-20,PEDRA PRETA,MATO GROSSO,Brasil,5106372,51,33,6.0,0.0,0.57,Cerrado,0.2
79ae58a8-4db4-351e-8b0c-a0ba192e5ab3,-20.55043,-49.27403,2026-03-04 05:27:00,NOAA-20,NOVA GRANADA,SÃO PAULO,Brasil,3533007,35,33,6.0,0.0,0.26,Cerrado,0.4
05034a64-a87a-375a-a573-5b6b34c44b67,-15.42577,-52.19704,2026-03-04 05:27:00,NOAA-20,BARRA DO GARÇAS,MATO GROSSO,Brasil,5101803,51,33,3.0,0.0,0.07,Cerrado,1.3
0a69a6f4-dc6a-39e3-98b9-508324840edc,-15.31701,-52.11823,2026-03-04 05:27:00,NOAA-20,BARRA DO GARÇAS,MATO GROSSO,Brasil,5101803,51,33,3.0,0.0,0.07,Cerrado,0.2
d50ba350-917d-3f43-9ebd-340643ddaefd,-15.49109,-52.55824,2026-03-04 05:27:00,NOAA-20,BARRA DO GARÇAS,MATO GROSSO,Brasil,5101803,51,33,2.0,0.1,0.06,Cerrado,0.1
30ede56c-79a0-3bfd-b2b4-954d690b997f,-13.97906,-53.45795,2026-03-04 05:27:00,NOAA-20,PARANATINGA,MATO GROSSO,Brasil,5106307,51,33,1.0,0.0,0.11,Cerrado,0.1
7235853e-5b4f-3ddd-93e8-a77316de8d00,-20.00399,-51.8377,2026-03-04 05:27:00,NOAA-20,SELVÍRIA,MATO GROSSO DO SUL,Brasil,5007802,50,33,7.0,0.0,0.09,Cerrado,1.2
68fd5e82-207e-39a5-9efd-b7738bb4c691,-19.29826,-54.64153,2026-03-04 05:27:00,NOAA-20,SÃO GABRIEL DO OESTE,MATO GROSSO DO SUL,Brasil,5007695,50,33,0.0,0.0,0.02,Cerrado,0.1
c5be0775-a190-35d3-8cf2-5b510799c153,-17.69737,-53.72559,2026-03-04 05:27:00,NOAA-20,ALTO ARAGUAIA,MATO GROSSO,Brasil,5100300,51,33,0.0,0.1,0.01,Cerrado,0.5
4b5fe1bf-224e-3b8f-ac39-ee5c36a060f8,-18.84294,-53.40995,2026-03-04 05:27:00,NOAA-20,COSTA RICA,MATO GROSSO DO SUL,Brasil,5003256,50,33,2.0,0.1,0.46,Cerrado,0.1
3b2b853c-0991-32a3-aaff-36f796a94a5d,-20.93637,-56.89408,2026-03-04 05:27:00,NOAA-20,PORTO MURTINHO,MATO GROSSO DO SUL,Brasil,5006903,50,33,6.0,3.16,0.01,Cerrado,0.8
40d91093-6cf8-3347-b333-d8f422faf468,-19.88884,-54.22519,2026-03-04 05:27:00,NOAA-20,BANDEIRANTES,MATO GROSSO DO SUL,Brasil,5001508,50,33,4.0,0.14,0.05,Cerrado,0.1
89732409-7a73-34eb-b139-0ca424dfb764,-19.20536,-54.16944,2026-03-04 05:27:00,NOAA-20,CAMAPUÃ,MATO GROSSO DO SUL,Brasil,5002605,50,33,7.0,0.0,0.09,Cerrado,0.1
e11ce7a4-af3d-3fbe-b07f-a77d037c153a,-16.46029,-53.52095,2026-03-04 05:27:00,NOAA-20,GUIRATINGA,MATO GROSSO,Brasil,5104203,51,33,6.0,0.05,0.74,Cerrado,0.2
3c05f814-a8dc-3e10-9c4e-0344d83143d9,-14.2107,-59.37304,2026-03-04 05:27:00,NOAA-20,CAMPOS DE JÚLIO,MATO GROSSO,Brasil,5102686,51,33,0.0,15.07,0.0,Cerrado,0.5
fdac22ae-6680-379c-bc3f-eb57bc5fb15f,-18.16428,-53.44517,2026-03-04 05:27:00,NOAA-20,ALCINÓPOLIS,MATO GROSSO DO SUL,Brasil,5000252,50,33,0.0,0.0,0.03,Cerrado,0.3
d90e5d5c-8339-374f-afe4-5a82717b628d,-22.31085,-55.31918,2026-03-04 05:29:00,NOAA-20,PONTA PORÃ,MATO GROSSO DO SUL,Brasil,5006606,50,33,2.0,0.1,0.22,Cerrado,0.2
b061a3e1-eae1-3d16-9792-6b423983744c,-21.70454,-56.3223,2026-03-04 05:29:00,NOAA-20,BELA VISTA,MATO GROSSO DO SUL,Brasil,5002100,50,33,2.0,3.31,0.36,Cerrado,1.4
5e3d560a-6e16-398c-9c9d-2fb419e207c5,-21.98576,-53.53665,2026-03-04 05:29:00,NOAA-20,NOVA ANDRADINA,MATO GROSSO DO SUL,Brasil,5006200,50,33,7.0,0.0,0.4,Cerrado,0.2
752670c1-7911-3753-a518-70edb058ff44,-21.70476,-56.32117,2026-03-04 05:29:00,NOAA-20,BELA VISTA,MATO GROSSO DO SUL,Brasil,5002100,50,33,2.0,3.3,0.36,Cerrado,1.4
15783227-eea8-37ee-9193-d0eea4fb6961,-23.64766,-48.98376,2026-03-04 16:15:00,NOAA-20,ITAPEVA,SÃO PAULO,Brasil,3522406,35,33,7.0,0.0,0.92,Cerrado,15.2
9c0b2a34-1309-359f-9c40-2bcac0a7170f,-23.94824,-48.92147,2026-03-04 16:15:00,NOAA-20,ITAPEVA,SÃO PAULO,Brasil,3522406,35,33,7.0,0.0,0.5,Cerrado,2.1
bbfe77c5-6bab-3e51-8b8a-b573422de7f5,-23.64733,-48.9799,2026-03-04 16:15:00,NOAA-20,ITAPEVA,SÃO PAULO,Brasil,3522406,35,33,7.0,0.0,0.92,Cerrado,6.9
0e0fb6bf-c240-3d27-be07-d02bdb669da6,-18.93916,-53.43603,2026-03-04 16:17:00,NOAA-20,CAMAPUÃ,MATO GROSSO DO SUL,Brasil,5002605,50,33,5.0,0.1,0.58,Cerrado,4.7
7f460368-2e72-36db-bc62-b64eaefe376e,-19.04189,-49.70406,2026-03-04 16:17:00,NOAA-20,GURINHATÃ,MINAS GERAIS,Brasil,3129103,31,33,6.0,0.0,0.06,Cerrado,3.8
9e000e76-64ff-300d-9247-59bf90167263,-17.91192,-52.71001,2026-03-04 16:17:00,NOAA-20,MINEIROS,GOIÁS,Brasil,5213103,52,33,0.0,0.4,0.36,Cerrado,8.4
df5cde3b-aa9a-3316-8d17-5809d23d71d7,-19.03696,-49.70481,2026-03-04 16:17:00,NOAA-20,GURINHATÃ,MINAS GERAIS,Brasil,3129103,31,33,6.0,0.0,0.05,Cerrado,3.1
b36af1b9-04e2-3c4a-b3e3-fdcd45ad1997,-22.13303,-46.96099,2026-03-04 16:17:00,NOAA-20,AGUAÍ,SÃO PAULO,Brasil,3500303,35,33,3.0,0.0,0.27,Cerrado,7.4
25f76c84-09be-3d34-8eab-4fe667eb623a,-21.95692,-47.03617,2026-03-04 16:17:00,NOAA-20,CASA BRANCA,SÃO PAULO,Brasil,3510807,35,33,5.0,0.0,0.22,Cerrado,6.2
4f2beb84-47a9-395f-be53-6147163e40b1,-18.81079,-51.60196,2026-03-04 16:17:00,NOAA-20,ITAJÁ,GOIÁS,Brasil,5210802,52,33,5.0,0.0,0.03,Cerrado,11.2
ceacd278-df69-3efe-8941-8315a98e9efb,-18.66269,-51.73819,2026-03-04 16:17:00,NOAA-20,ITARUMÃ,GOIÁS,Brasil,5211305,52,33,5.0,0.0,0.06,Cerrado,6.1
b27caa42-d722-3c1a-9e02-ba08c194a0a9,-19.04623,-52.33347,2026-03-04 16:17:00,NOAA-20,CASSILÂNDIA,MATO GROSSO DO SUL,Brasil,5002902,50,33,6.0,0.5,0.31,Cerrado,5.9
65034e15-17ec-3469-ad7c-84630fd30938,-18.81107,-51.5994,2026-03-04 16:17:00,NOAA-20,ITAJÁ,GOIÁS,Brasil,5210802,52,33,5.0,0.0,0.04,Cerrado,3.5
11b8c1c0-d53f-3127-bef6-bbb86bc447bc,-21.82707,-47.09127,2026-03-04 16:17:00,NOAA-20,CASA BRANCA,SÃO PAULO,Brasil,3510807,35,33,5.0,0.0,0.29,Cerrado,23.6
beb65c0c-d3b6-31b0-a3db-7ec251998dc6,-19.04522,-52.32983,2026-03-04 16:17:00,NOAA-20,CASSILÂNDIA,MATO GROSSO DO SUL,Brasil,5002902,50,33,6.0,0.5,0.14,Cerrado,3.7
4489dd7c-d24e-3e55-950d-37895a631b43,-18.93959,-53.43547,2026-03-04 16:17:00,NOAA-20,CAMAPUÃ,MATO GROSSO DO SUL,Brasil,5002605,50,33,5.0,0.1,0.58,Cerrado,6.4
fcb04620-50f5-31b6-8351-e52733ec57fd,-19.17917,-47.36162,2026-03-04 16:17:00,NOAA-20,PERDIZES,MINAS GERAIS,Brasil,3149804,31,33,4.0,0.0,0.04,Cerrado,4.6
64e97c34-0641-39c1-a835-d18457e21213,-4.67365,-43.13243,2026-03-04 16:22:00,NOAA-20,CAXIAS,MARANHÃO,Brasil,2103000,21,33,1.0,15.01,0.0,Cerrado,9.1
9db1cbf6-4818-3e03-b963-7887edf574dc,-4.6902,-43.12992,2026-03-04 16:22:00,NOAA-20,CAXIAS,MARANHÃO,Brasil,2103000,21,33,0.0,13.94,0.0,Cerrado,6.8
e1b766b4-0a2f-3f13-acd3-c00bb7ea1d42,-6.40907,-43.05577,2026-03-04 16:22:00,NOAA-20,SÃO FRANCISCO DO MARANHÃO,MARANHÃO,Brasil,2110906,21,33,1.0,3.62,0.01,Cerrado,9.2
5284954d-4115-3c9f-897f-44dc60cfe19c,-4.68794,-43.13732,2026-03-04 16:22:00,NOAA-20,CAXIAS,MARANHÃO,Brasil,2103000,21,33,1.0,14.33,0.0,Cerrado,3.7
80bf4b74-6fc7-3247-afe9-a23f97aac285,-4.67417,-43.13588,2026-03-04 16:22:00,NOAA-20,CAXIAS,MARANHÃO,Brasil,2103000,21,33,1.0,15.15,0.0,Cerrado,7.5
ebec27da-90b7-3215-a14d-c57b2da9db55,-4.68741,-43.13387,2026-03-04 16:22:00,NOAA-20,CAXIAS,MARANHÃO,Brasil,2103000,21,33,1.0,14.23,0.0,Cerrado,3.7
c86e5bb6-c6f9-3200-8321-208d3ee3bc57,-23.94707,-48.92277,2026-03-04 17:06:00,NOAA-21,ITAPEVA,SÃO PAULO,Brasil,3522406,35,33,7.0,0.0,0.51,Cerrado,5.6
ec589778-5584-3ead-89de-eca5aabf8da5,-23.64806,-48.98485,2026-03-04 17:06:00,NOAA-21,ITAPEVA,SÃO PAULO,Brasil,3522406,35,33,7.0,0.0,0.92,Cerrado,14.8
b223b4ce-b366-396c-9a1c-08888edde043,-16.3275,-50.15348,2026-03-04 17:09:00,NOAA-21,ADELÂNDIA,GOIÁS,Brasil,5200159,52,33,3.0,0.0,0.05,Cerrado,19.9
3a3af25e-19c1-3911-8812-2acbd6afb034,-18.66611,-51.73966,2026-03-04 17:09:00,NOAA-21,ITARUMÃ,GOIÁS,Brasil,5211305,52,33,5.0,0.0,0.06,Cerrado,8.3
d13eb3f0-2a0c-3974-9305-66a7bf063d84,-19.61923,-49.81199,2026-03-04 17:09:00,NOAA-21,CAMPINA VERDE,MINAS GERAIS,Brasil,3111101,31,33,7.0,0.0,0.66,Cerrado,5.2
c3eea039-a290-3e09-88d4-d0becf97b6f5,-19.16758,-49.22739,2026-03-04 17:09:00,NOAA-21,PRATA,MINAS GERAIS,Brasil,3152808,31,33,4.0,0.0,0.35,Cerrado,15.3
57e1a393-b179-3e23-80b2-0296efd68609,-21.82354,-47.0895,2026-03-04 17:09:00,NOAA-21,CASA BRANCA,SÃO PAULO,Brasil,3510807,35,33,5.0,0.0,0.28,Cerrado,8.8
c1f064c5-03f0-368a-aadc-9b86e400b7ee,-19.04391,-52.33371,2026-03-04 17:09:00,NOAA-21,CASSILÂNDIA,MATO GROSSO DO SUL,Brasil,5002902,50,33,6.0,0.5,0.39,Cerrado,12.9
3ccefba5-9a5b-3d4d-9abf-ce0480041005,-17.94231,-52.35185,2026-03-04 17:09:00,NOAA-21,SERRANÓPOLIS,GOIÁS,Brasil,5220504,52,33,6.0,0.02,0.45,Cerrado,4.3
601b6993-8627-38a2-8e4b-22968626d3ab,-16.58003,-47.74479,2026-03-04 17:09:00,NOAA-21,CRISTALINA,GOIÁS,Brasil,5206206,52,33,2.0,1.47,0.16,Cerrado,2.5
b9791960-b3a1-3f57-b292-e85ff95dbe97,-19.13102,-51.95221,2026-03-04 17:09:00,NOAA-21,CASSILÂNDIA,MATO GROSSO DO SUL,Brasil,5002902,50,33,6.0,0.0,0.65,Cerrado,3.6
5fd795c8-f56e-3359-9c09-85e88158ff82,-19.03849,-49.70619,2026-03-04 17:09:00,NOAA-21,GURINHATÃ,MINAS GERAIS,Brasil,3129103,31,33,6.0,0.0,0.05,Cerrado,13.1
f1fab21a-4f16-3583-8ebc-b288704b238a,-17.88754,-52.59189,2026-03-04 17:09:00,NOAA-21,MINEIROS,GOIÁS,Brasil,5213103,52,33,1.0,0.63,0.46,Cerrado,8.0
ba900aa0-09c6-36be-8a22-24567490a81a,-21.95501,-47.03744,2026-03-04 17:09:00,NOAA-21,CASA BRANCA,SÃO PAULO,Brasil,3510807,35,33,5.0,0.0,0.26,Cerrado,6.7
5cb304fe-d481-37d3-b3c6-60eb2f869093,-18.27305,-51.64212,2026-03-04 17:09:00,NOAA-21,JATAÍ,GOIÁS,Brasil,5211909,52,33,5.0,0.0,0.2,Cerrado,4.4
1bec652d-1d5a-3e6d-88f9-6e2bde496647,-16.96607,-49.34793,2026-03-04 17:09:00,NOAA-21,HIDROLÂNDIA,GOIÁS,Brasil,5209705,52,33,3.0,0.0,0.1,Cerrado,3.8
caa600a2-443e-3915-99e8-8f3a02be05af,-21.24925,-47.98711,2026-03-04 17:09:00,NOAA-21,DUMONT,SÃO PAULO,Brasil,3514601,35,33,4.0,0.0,0.11,Cerrado,6.9
18cf6e96-aa29-3311-860b-14658d1ef81c,-21.25009,-47.9918,2026-03-04 17:09:00,NOAA-21,DUMONT,SÃO PAULO,Brasil,3514601,35,33,4.0,0.0,0.11,Cerrado,5.3
8d72adc4-e53b-3a2c-a806-9cad7babc257,-21.82449,-47.09463,2026-03-04 17:09:00,NOAA-21,CASA BRANCA,SÃO PAULO,Brasil,3510807,35,33,5.0,0.0,0.29,Cerrado,8.8
0736d1de-d987-38d7-bea3-2dde16463b86,-18.29106,-49.97076,2026-03-04 17:09:00,NOAA-21,BOM JESUS DE GOIÁS,GOIÁS,Brasil,5203500,52,33,5.0,0.0,0.1,Cerrado,6.3
598d2c20-a745-369b-a634-cccf9c34b2fb,-14.08117,-52.1932,2026-03-04 17:11:00,NOAA-21,ÁGUA BOA,MATO GROSSO,Brasil,5100201,51,33,0.0,4.13,0.02,Cerrado,3.1
7276f175-0f23-35c5-9bcf-2cd82967a1ee,-13.68752,-50.28725,2026-03-04 17:11:00,NOAA-21,MUNDO NOVO,GOIÁS,Brasil,5214051,52,33,0.0,14.7,0.0,Cerrado,6.4
326a79e0-6763-3992-8522-41c9042c4d6e,-23.64981,-48.98154,2026-03-04 17:36:00,NPP-375,ITAPEVA,SÃO PAULO,Brasil,3522406,35,33,7.0,0.0,0.92,Cerrado,3.7
bce8adf7-a11a-3516-893e-fca704ad41d4,-22.137,-46.96263,2026-03-04 17:36:00,NPP-375,AGUAÍ,SÃO PAULO,Brasil,3500303,35,33,3.0,0.0,0.33,Cerrado,6.0
3346d9cd-2e35-3b35-a07e-eab571084d65,-17.88631,-52.59135,2026-03-04 17:38:00,NPP-375,MINEIROS,GOIÁS,Brasil,5213103,52,33,1.0,0.61,0.52,Cerrado,7.1
c8d4bcc4-419c-385f-a54e-aa6408fa5c08,-18.9419,-53.43854,2026-03-04 17:38:00,NPP-375,CAMAPUÃ,MATO GROSSO DO SUL,Brasil,5002605,50,33,5.0,0.1,0.58,Cerrado,7.3
69f267ae-39c7-3941-b5cf-e805301f58dc,-18.80826,-51.60418,2026-03-04 17:38:00,NPP-375,ITAJÁ,GOIÁS,Brasil,5210802,52,33,5.0,0.0,0.03,Cerrado,11.0
10da2722-6cc0-33fe-be95-f0610ef7365f,-19.04584,-52.33427,2026-03-04 17:38:00,NPP-375,CASSILÂNDIA,MATO GROSSO DO SUL,Brasil,5002902,50,33,6.0,0.5,0.36,Cerrado,9.7
d87d1cf6-b60c-3629-a7d6-fc210bde8bbe,-16.5764,-47.74284,2026-03-04 17:38:00,NPP-375,CRISTALINA,GOIÁS,Brasil,5206206,52,33,2.0,1.5,0.07,Cerrado,10.5
fb1ff29e-6f22-3165-b137-1dfb6540cdd3,-18.66503,-51.74186,2026-03-04 17:38:00,NPP-375,ITARUMÃ,GOIÁS,Brasil,5211305,52,33,5.0,0.0,0.02,Cerrado,5.2
4764e52b-7060-3c7c-bb3c-2187a26c957d,-17.88685,-52.59134,2026-03-04 17:38:00,NPP-375,MINEIROS,GOIÁS,Brasil,5213103,52,33,1.0,0.62,0.49,Cerrado,8.0
e13d5b22-0d3f-3350-8bc6-307faa7685a9,-17.59265,-53.07302,2026-03-04 17:38:00,NPP-375,MINEIROS,GOIÁS,Brasil,5213103,52,33,0.0,0.0,0.04,Cerrado,21.3
a2c44ffb-d16d-3dde-942e-2650f6b4939c,-22.14439,-47.56207,2026-03-04 17:38:00,NPP-375,ANALÂNDIA,SÃO PAULO,Brasil,3502002,35,33,6.0,0.0,0.71,Cerrado,38.9
ae4215da-0a49-3167-aa88-da0a4caba9fe,-17.59341,-53.07711,2026-03-04 17:38:00,NPP-375,MINEIROS,GOIÁS,Brasil,5213103,52,33,0.0,0.0,0.02,Cerrado,21.3
0e250c46-ae85-335b-bd52-3644dea58b1f,-21.70909,-56.32352,2026-03-04 17:38:00,NPP-375,BELA VISTA,MATO GROSSO DO SUL,Brasil,5002100,50,33,2.0,3.23,0.37,Cerrado,7.7
abcbc845-f22a-3e29-b176-7934feab1bd4,-22.14524,-47.56593,2026-03-04 17:38:00,NPP-375,ANALÂNDIA,SÃO PAULO,Brasil,3502002,35,33,6.0,0.0,0.71,Cerrado,38.9
36115c2e-c1b0-3bcd-8977-dadcb4527574,-21.68808,-56.32263,2026-03-04 17:38:00,NPP-375,BELA VISTA,MATO GROSSO DO SUL,Brasil,5002100,50,33,2.0,3.5,0.34,Cerrado,4.0
6a565dec-8223-353b-a6d7-aaa7cc3db6af,-17.94944,-52.3521,2026-03-04 17:38:00,NPP-375,SERRANÓPOLIS,GOIÁS,Brasil,5220504,52,33,6.0,0.02,0.45,Cerrado,6.9
c16040cc-eb02-3264-843f-541fd65a5ec6,-19.168,-49.22389,2026-03-04 17:38:00,NPP-375,PRATA,MINAS GERAIS,Brasil,3152808,31,33,4.0,0.0,0.26,Cerrado,4.2
9f8b6535-f705-3a2d-847a-59f2f3f0efed,-18.3241,-51.73442,2026-03-04 17:38:00,NPP-375,SERRANÓPOLIS,GOIÁS,Brasil,5220504,52,33,5.0,0.0,0.31,Cerrado,4.3
c3e3a538-3579-305b-bab5-d09d8904d589,-16.77505,-49.07279,2026-03-04 17:38:00,NPP-375,SENADOR CANEDO,GOIÁS,Brasil,5220454,52,33,4.0,0.3,0.16,Cerrado,2.3
9a2762bf-8b3f-375e-880c-811f3a7c1386,-21.608,-56.62548,2026-03-04 17:38:00,NPP-375,BELA VISTA,MATO GROSSO DO SUL,Brasil,5002100,50,33,2.0,6.94,0.02,Cerrado,8.5
ec68543f-d5a5-3057-a1f0-f01261b18918,-19.04053,-49.70579,2026-03-04 17:38:00,NPP-375,GURINHATÃ,MINAS GERAIS,Brasil,3129103,31,33,6.0,0.0,0.05,Cerrado,7.2
044ca739-b483-3ad0-8f3d-97c46ef2b642,-16.57738,-47.74744,2026-03-04 17:38:00,NPP-375,CRISTALINA,GOIÁS,Brasil,5206206,52,33,2.0,1.48,0.09,Cerrado,11.1
c0d1daca-b62d-35de-ae18-59b551eb6409,-19.04403,-52.33298,2026-03-04 17:38:00,NPP-375,CASSILÂNDIA,MATO GROSSO DO SUL,Brasil,5002902,50,33,6.0,0.5,0.35,Cerrado,11.7
5235680e-0b67-3be8-a10e-bc69968cf56f,-17.95059,-52.35566,2026-03-04 17:38:00,NPP-375,SERRANÓPOLIS,GOIÁS,Brasil,5220504,52,33,6.0,0.06,0.44,Cerrado,3.3
3467e0ed-f17f-31d3-8e7e-8efae4c05747,-17.7915,-52.68988,2026-03-04 17:38:00,NPP-375,MINEIROS,GOIÁS,Brasil,5213103,52,33,1.0,0.9,0.46,Cerrado,2.7
4b2d943a-9e23-36b9-a774-9746be6882e6,-17.94975,-52.3512,2026-03-04 17:38:00,NPP-375,SERRANÓPOLIS,GOIÁS,Brasil,5220504,52,33,6.0,0.01,0.45,Cerrado,3.3
c9e4c194-eca4-3b0e-8fb5-895f7dd42100,-13.60236,-56.61697,2026-03-04 17:41:00,NPP-375,SÃO JOSÉ DO RIO CLARO,MATO GROSSO,Brasil,5107305,51,33,0.0,3.52,0.0,Cerrado,4.8
92c1ad6c-d809-320e-8089-30902dbefbdb,-5.79368,-43.74208,2026-03-04 17:51:00,AQUA_M-T,BURITI BRAVO,MARANHÃO,Brasil,2102309,21,33,1.0,0.48,0.01,Cerrado,14.7
e49d8156-a806-3d36-9e7a-f454e55cd037,-5.79682,-43.74841,2026-03-04 17:51:00,AQUA_M-T,BURITI BRAVO,MARANHÃO,Brasil,2102309,21,33,1.0,0.41,0.01,Cerrado,18.6
e96f0f81-546e-30d3-be7c-62a56a327f77,-21.7114,-56.32148,2026-03-04 17:58:00,NOAA-20,BELA VISTA,MATO GROSSO DO SUL,Brasil,5002100,50,33,2.0,3.18,0.37,Cerrado,10.9
60cc7bcd-7d4c-399b-a433-38b1e61e1c93,-17.5996,-53.07869,2026-03-04 17:58:00,NOAA-20,MINEIROS,GOIÁS,Brasil,5213103,52,33,0.0,0.0,0.04,Cerrado,23.3
58f3b1db-31b3-3993-80d5-51feac349af2,-21.71111,-56.32298,2026-03-04 17:58:00,NOAA-20,BELA VISTA,MATO GROSSO DO SUL,Brasil,5002100,50,33,2.0,3.2,0.37,Cerrado,8.3
3642f25d-cea6-344f-b298-15ff56377858,-17.48776,-51.47137,2026-03-04 17:58:00,NOAA-20,RIO VERDE,GOIÁS,Brasil,5218805,52,33,1.0,0.0,0.18,Cerrado,7.0
51f8bef2-0f4b-33d5-b7d3-7c4844e221c4,-19.78876,-53.41378,2026-03-04 17:58:00,NOAA-20,RIBAS DO RIO PARDO,MATO GROSSO DO SUL,Brasil,5007109,50,33,6.0,0.0,0.7,Cerrado,0.9
6527758d-afd8-3b86-bed2-e0bab759689e,-22.98112,-49.03078,2026-03-04 17:58:00,NOAA-20,AVARÉ,SÃO PAULO,Brasil,3504503,35,33,6.0,0.0,0.62,Cerrado,10.3
dd58cdbb-7953-3aa9-a2a4-e16a628d2696,-17.59839,-53.07326,2026-03-04 17:58:00,NOAA-20,MINEIROS,GOIÁS,Brasil,5213103,52,33,0.0,0.0,0.06,Cerrado,23.3
baa9aa21-d8ec-35d4-ae6f-dd44dd1b1fec,-13.60677,-56.6088,2026-03-04 18:00:00,NOAA-20,SÃO JOSÉ DO RIO CLARO,MATO GROSSO,Brasil,5107305,51,33,0.0,3.33,0.0,Cerrado,5.7
90a00e1b-9559-3b31-b6ff-24c167338720,-13.60602,-56.60509,2026-03-04 18:00:00,NOAA-20,SÃO JOSÉ DO RIO CLARO,MATO GROSSO,Brasil,5107305,51,33,0.0,3.36,0.0,Cerrado,5.4
e3e8fe1d-bc36-3d9c-a398-97b77d4deec8,-13.60751,-56.61249,2026-03-04 18:00:00,NOAA-20,SÃO JOSÉ DO RIO CLARO,MATO GROSSO,Brasil,5107305,51,33,0.0,3.3,0.0,Cerrado,5.7
9a7c7fb3-ff1a-3b45-b7d3-6dc5c9e047bb,-13.60628,-56.60899,2026-03-04 18:00:00,NOAA-20,SÃO JOSÉ DO RIO CLARO,MATO GROSSO,Brasil,5107305,51,33,0.0,3.35,0.0,Cerrado,7.0
0c493694-e1a6-3301-8b11-fa98e80f12a6,-13.60699,-56.61269,2026-03-04 18:00:00,NOAA-20,SÃO JOSÉ DO RIO CLARO,MATO GROSSO,Brasil,5107305,51,33,0.0,3.32,0.0,Cerrado,7.0
36b00891-5dc3-3455-879e-dc456361257a,-20.5135,-54.6843,2026-03-04 21:00:00,GOES-19,CAMPO GRANDE,MATO GROSSO DO SUL,Brasil,5002704,50,33,7.0,0.0,-999.0,Cerrado,113.7
ace35471-94c8-349a-a74b-5851f7dedf66,-20.513,-54.7059,2026-03-04 21:00:00,GOES-19,CAMPO GRANDE,MATO GROSSO DO SUL,Brasil,5002704,50,33,7.0,0.0,0.03,Cerrado,100.4
d16ccdc1-3b2b-34a7-af18-ff773b963ebb,-20.5135,-54.6843,2026-03-04 21:10:00,GOES-19,CAMPO GRANDE,MATO GROSSO DO SUL,Brasil,5002704,50,33,7.0,0.0,-999.0,Cerrado,102.2
d21d5ef3-75b5-3dc9-b615-3ca31ccf5b9a,-20.513,-54.7059,2026-03-04 21:10:00,GOES-19,CAMPO GRANDE,MATO GROSSO DO SUL,Brasil,5002704,50,33,7.0,0.0,0.03,Cerrado,127.5
d93d9936-3196-3006-a1ba-e06003926e89,-20.4927,-54.7093,2026-03-04 21:20:00,GOES-19,CAMPO GRANDE,MATO GROSSO DO SUL,Brasil,5002704,50,33,7.0,0.0,0.06,Cerrado,127.1
efa8399b-d0f7-3488-a3a1-a31fabd72a9a,-20.513,-54.7059,2026-03-04 21:20:00,GOES-19,CAMPO GRANDE,MATO GROSSO DO SUL,Brasil,5002704,50,33,7.0,0.0,0.03,Cerrado,121.1
e8fb1f87-95d6-32c4-a8e7-450544fb1790,-21.476999,-48.684299,2026-03-05 00:37:00,METOP-C,TAQUARITINGA,SÃO PAULO,Brasil,3553708,35,33,7.0,0.0,0.4,Cerrado,
b007476c-ff5e-3ed0-97a4-6509217f2aee,-21.711901,-47.107201,2026-03-05 00:37:00,METOP-C,CASA BRANCA,SÃO PAULO,Brasil,3510807,35,33,4.0,2.3,0.15,Cerrado,
22ba2bea-435d-3388-87c5-fbbd5c0a3f4a,-21.710199,-47.099201,2026-03-05 00:37:00,METOP-C,CASA BRANCA,SÃO PAULO,Brasil,3510807,35,33,4.0,2.41,0.35,Cerrado,
784a3f02-5b9c-3fd8-b45d-2ae564f4ba1c,-18.89649,-54.73074,2026-03-05 01:02:00,TERRA_M-M,RIO VERDE DE MATO GROSSO,MATO GROSSO DO SUL,Brasil,5007406,50,33,7.0,0.0,0.06,Cerrado,6.8
46339ae8-0e1f-3975-b391-3749ab328a8e,-8.58538,-43.60745,2026-03-05 03:25:00,NOAA-20,CANTO DO BURITI,PIAUÍ,Brasil,2202307,22,33,0.0,18.79,0.0,Cerrado,0.4
b738c55b-9cc5-3ff2-977e-2058e276ca62,-15.59062,-46.65319,2026-03-05 03:27:00,NOAA-20,BURITIS,MINAS GERAIS,Brasil,3109303,31,33,2.0,6.3,0.02,Cerrado,0.3
ba47201f-3b2b-30e6-a7df-1e8ccddbb413,-18.04622,-43.35575,2026-03-05 03:27:00,NOAA-20,SÃO GONÇALO DO RIO PRETO,MINAS GERAIS,Brasil,3125507,31,33,5.0,0.0,0.0,Cerrado,0.5
a0170e4f-6573-34ea-b8da-76d2087115d2,-18.38018,-44.97388,2026-03-05 03:27:00,NOAA-20,TRÊS MARIAS,MINAS GERAIS,Brasil,3169356,31,33,0.0,0.0,0.01,Cerrado,0.6
ec061534-f4f5-35e9-b2c9-2d0dcc1888db,-15.83566,-43.98395,2026-03-05 03:27:00,NOAA-20,SÃO JOÃO DA PONTE,MINAS GERAIS,Brasil,3162401,31,33,0.0,3.73,0.0,Cerrado,1.0
0e22451f-921b-35e6-9258-b0a7e02fe5dd,-13.58566,-43.44542,2026-03-05 03:27:00,NOAA-20,BOM JESUS DA LAPA,BAHIA,Brasil,2903904,29,33,0.0,0.79,0.01,Cerrado,0.4
16879483-f6b8-35d6-8110-4e5f6981536d,-15.78472,-42.90105,2026-03-05 03:27:00,NOAA-20,SERRANÓPOLIS DE MINAS,MINAS GERAIS,Brasil,3166956,31,33,3.0,4.18,0.0,Cerrado,0.4
d5d28d15-c39d-39e2-ac01-610167952e74,-16.296,-44.34969,2026-03-05 03:27:00,NOAA-20,BRASÍLIA DE MINAS,MINAS GERAIS,Brasil,3108602,31,33,2.0,2.81,0.0,Cerrado,0.1
af8cd2b3-3149-331e-8d51-86599046e213,-16.31771,-43.97652,2026-03-05 03:27:00,NOAA-20,MONTES CLAROS,MINAS GERAIS,Brasil,3143302,31,33,3.0,1.7,0.0,Cerrado,0.2
e90066e5-2ab0-3c1a-aa2e-eedbc7e022e1,-22.91903,-48.61339,2026-03-05 03:29:00,NOAA-20,BOTUCATU,SÃO PAULO,Brasil,3507506,35,33,8.0,0.0,0.13,Cerrado,0.8
0af0ab9c-b4ee-3cdd-89c3-fcfeb4ce8909,-22.80017,-48.01887,2026-03-05 03:29:00,NOAA-20,PIRACICABA,SÃO PAULO,Brasil,3538709,35,33,7.0,0.0,0.85,Cerrado,0.3
723aaf14-9b8a-3121-8274-3f8628b6afdc,-24.27212,-49.72403,2026-03-05 03:29:00,NOAA-20,JAGUARIAÍVA,PARANÁ,Brasil,4112009,41,33,7.0,0.0,0.16,Cerrado,1.2
fcba301e-f479-393f-b1f7-be10c47cef61,-22.92189,-48.61284,2026-03-05 03:29:00,NOAA-20,BOTUCATU,SÃO PAULO,Brasil,3507506,35,33,8.0,0.0,0.17,Cerrado,1.5
c2d8701f-975b-3211-a674-7ee0f8d77ea8,-18.86579,-51.64072,2026-03-05 04:18:00,NOAA-21,ITAJÁ,GOIÁS,Brasil,5210802,52,33,7.0,0.0,0.53,Cerrado,1.0
84b5cb96-c67b-3c58-a940-773b4512442b,-19.79301,-47.9666,2026-03-05 04:18:00,NOAA-21,UBERABA,MINAS GERAIS,Brasil,3170107,31,33,4.0,1.22,0.34,Cerrado,1.8
7017d311-50b0-3d39-8207-9b60ba1eb97f,-19.69459,-47.96492,2026-03-05 04:18:00,NOAA-21,UBERABA,MINAS GERAIS,Brasil,3170107,31,33,4.0,1.95,0.31,Cerrado,0.8
e9e157a6-97fb-3d38-87a3-e86b52772180,-18.89666,-54.7252,2026-03-05 04:18:00,NOAA-21,RIO VERDE DE MATO GROSSO,MATO GROSSO DO SUL,Brasil,5007406,50,33,7.0,0.0,0.07,Cerrado,3.5
afd917ad-2957-30e2-bc15-b40ba39eeda6,-17.52603,-53.69903,2026-03-05 04:18:00,NOAA-21,SONORA,MATO GROSSO DO SUL,Brasil,5007935,50,33,2.0,0.0,0.04,Cerrado,2.9
6b7bb529-e1c9-3d5e-bd1c-233d1161fd26,-17.57955,-53.07335,2026-03-05 04:18:00,NOAA-21,MINEIROS,GOIÁS,Brasil,5213103,52,33,2.0,0.0,0.02,Cerrado,3.8
8556d80f-ed09-3743-ac08-d896710c17be,-21.23372,-48.52488,2026-03-05 04:21:00,NOAA-21,MONTE ALTO,SÃO PAULO,Brasil,3531308,35,33,7.0,0.01,0.34,Cerrado,2.0
0521b65f-6317-35d6-ae84-7a539c7619b2,-21.48587,-48.65654,2026-03-05 04:21:00,NOAA-21,TAQUARITINGA,SÃO PAULO,Brasil,3553708,35,33,7.0,0.0,0.39,Cerrado,0.8
c6224daa-77aa-34ad-a03c-29a4a814efb3,-22.9233,-48.61089,2026-03-05 04:21:00,NOAA-21,BOTUCATU,SÃO PAULO,Brasil,3507506,35,33,8.0,0.0,0.2,Cerrado,1.5
82a82620-2b3c-3e57-97b0-bad3ba145d6b,-22.61,-47.46776,2026-03-05 04:21:00,NOAA-21,LIMEIRA,SÃO PAULO,Brasil,3526902,35,33,7.0,0.2,0.43,Cerrado,2.0
305070c0-8153-357e-8159-e76e393f456d,-21.70593,-48.43607,2026-03-05 04:21:00,NOAA-21,MATÃO,SÃO PAULO,Brasil,3529302,35,33,7.0,0.0,0.37,Cerrado,0.9
20b53727-17b6-310d-b4bd-a920c1c09192,-21.70706,-56.32439,2026-03-05 04:21:00,NOAA-21,BELA VISTA,MATO GROSSO DO SUL,Brasil,5002100,50,33,0.0,0.0,0.6,Cerrado,1.2
6a1c15ac-5bf9-3e58-a986-955c4be2cb49,-24.28089,-49.71516,2026-03-05 04:21:00,NOAA-21,JAGUARIAÍVA,PARANÁ,Brasil,4112009,41,33,7.0,0.0,0.16,Cerrado,1.2
63c54b07-71d8-39f0-aa84-103d4b1511f3,-20.96057,-47.1818,2026-03-05 04:21:00,NOAA-21,SANTO ANTÔNIO DA ALEGRIA,SÃO PAULO,Brasil,3547908,35,33,4.0,1.01,0.01,Cerrado,0.7
7b046136-79b3-32f4-a34c-eb00350611d5,-21.23438,-48.52096,2026-03-05 04:21:00,NOAA-21,MONTE ALTO,SÃO PAULO,Brasil,3531308,35,33,7.0,0.01,0.44,Cerrado,0.6
0621ae50-fa18-307b-ad86-ec5bf9ff4c80,-23.78195,-49.04809,2026-03-05 04:21:00,NOAA-21,ITABERÁ,SÃO PAULO,Brasil,3521705,35,33,8.0,0.0,0.25,Cerrado,1.2
a713c92c-f170-3f66-9f6d-17317f2697fb,-21.47653,-48.69137,2026-03-05 04:21:00,NOAA-21,TAQUARITINGA,SÃO PAULO,Brasil,3553708,35,33,7.0,0.0,0.4,Cerrado,1.3
d43635f5-baa8-395f-840e-20ba895097b1,-22.91566,-48.60554,2026-03-05 04:21:00,NOAA-21,BOTUCATU,SÃO PAULO,Brasil,3507506,35,33,8.0,0.0,0.45,Cerrado,1.3
26d135b4-b5b4-35fe-9547-9d8a4f78ec71,-18.86372,-51.6385,2026-03-05 04:48:00,NPP-375D,ITAJÁ,GOIÁS,Brasil,5210802,52,33,7.0,0.0,0.52,Cerrado,0.6
a611be0b-53b4-3077-83d4-f693d6a95bc2,-17.52605,-53.69835,2026-03-05 04:48:00,NPP-375D,SONORA,MATO GROSSO DO SUL,Brasil,5007935,50,33,2.0,0.0,0.04,Cerrado,2.4
6fd152e5-e868-39a6-8b3a-d0b8ffcff47c,-17.58041,-53.07277,2026-03-05 04:48:00,NPP-375D,MINEIROS,GOIÁS,Brasil,5213103,52,33,2.0,0.0,0.02,Cerrado,0.4
2907e4f1-59cd-374d-9c49-c4c4207ec7c5,-17.52542,-53.70216,2026-03-05 04:48:00,NPP-375D,SONORA,MATO GROSSO DO SUL,Brasil,5007935,50,33,2.0,0.0,0.02,Cerrado,1.2
3c946dcd-48f0-35d0-90ce-f2c86d813683,-17.57706,-53.07218,2026-03-05 04:48:00,NPP-375D,MINEIROS,GOIÁS,Brasil,5213103,52,33,2.0,0.0,0.02,Cerrado,1.9
4ab20616-3d21-30d8-864f-b6a27d16cd26,-17.52945,-53.69898,2026-03-05 04:48:00,NPP-375D,SONORA,MATO GROSSO DO SUL,Brasil,5007935,50,33,2.0,0.0,0.07,Cerrado,2.4
73d00bc0-3209-3fc3-8d50-d522e0924f0b,-18.89871,-54.72446,2026-03-05 04:48:00,NPP-375D,RIO VERDE DE MATO GROSSO,MATO GROSSO DO SUL,Brasil,5007406,50,33,7.0,0.0,0.11,Cerrado,0.9
9236454e-26b4-37f0-80d6-3406b9509410,-22.9222,-48.60984,2026-03-05 04:50:00,NPP-375D,BOTUCATU,SÃO PAULO,Brasil,3507506,35,33,8.0,0.0,0.2,Cerrado,0.5
2ac40087-8aab-3fd0-b1f6-50212618ee09,-22.92611,-48.6104,2026-03-05 04:50:00,NPP-375D,BOTUCATU,SÃO PAULO,Brasil,3507506,35,33,8.0,0.0,0.27,Cerrado,0.5
6919c29e-1f1a-3157-a724-b42c582a945d,-22.03943,-55.99808,2026-03-05 04:50:00,NPP-375D,PONTA PORÃ,MATO GROSSO DO SUL,Brasil,5006606,50,33,0.0,0.2,0.06,Cerrado,0.9
1ef9e3d4-ba6e-3103-8aae-1f55841f18c1,-24.2791,-49.7154,2026-03-05 04:50:00,NPP-375D,JAGUARIAÍVA,PARANÁ,Brasil,4112009,41,33,7.0,0.0,0.16,Cerrado,1.8
6c500478-6780-3c45-829f-2c125d691d1d,-22.92525,-48.61156,2026-03-05 04:50:00,NPP-375D,BOTUCATU,SÃO PAULO,Brasil,3507506,35,33,8.0,0.0,0.22,Cerrado,1.2
03237ea5-3765-37c8-bb0a-beb39c18e833,-22.91506,-48.6034,2026-03-05 04:50:00,NPP-375D,BOTUCATU,SÃO PAULO,Brasil,3507506,35,33,8.0,0.0,0.65,Cerrado,1.2
e42ae750-3697-35eb-8e20-d71051b3421e,-21.4765,-48.69269,2026-03-05 04:50:00,NPP-375D,TAQUARITINGA,SÃO PAULO,Brasil,3553708,35,33,7.0,0.0,0.4,Cerrado,1.0
225553bd-696f-3f3f-82ba-ff4d424f9beb,-21.23292,-48.52523,2026-03-05 04:50:00,NPP-375D,MONTE ALTO,SÃO PAULO,Brasil,3531308,35,33,7.0,0.02,0.32,Cerrado,1.0
e0a24763-31d3-3f8c-9325-f34a861f0f98,-22.60914,-47.46696,2026-03-05 04:50:00,NPP-375D,LIMEIRA,SÃO PAULO,Brasil,3526902,35,33,7.0,0.2,0.43,Cerrado,1.5
e79fbd8c-f9f6-3f10-816e-a5a3810aff2d,-17.52383,-53.69683,2026-03-05 05:10:00,NOAA-20,SONORA,MATO GROSSO DO SUL,Brasil,5007935,50,33,2.0,0.0,0.06,Cerrado,0.6
b66e97b2-f7cc-3498-9d6c-044b062516ed,-18.8968,-54.72629,2026-03-05 05:10:00,NOAA-20,RIO VERDE DE MATO GROSSO,MATO GROSSO DO SUL,Brasil,5007406,50,33,7.0,0.0,0.07,Cerrado,1.4
fd3cfc54-e9bb-3ab6-b7eb-998eb9ac92ef,-17.52777,-53.69732,2026-03-05 05:10:00,NOAA-20,SONORA,MATO GROSSO DO SUL,Brasil,5007935,50,33,2.0,0.0,0.06,Cerrado,3.9
814f1126-cf26-3e7b-b447-088b983e5578,-21.70723,-56.32375,2026-03-05 05:10:00,NOAA-20,BELA VISTA,MATO GROSSO DO SUL,Brasil,5002100,50,33,0.0,0.0,0.6,Cerrado,1.5
edf2ccf4-043e-3fc9-ae0b-52dd9448f336,-22.61829,-46.99797,2026-03-05 11:53:00,TERRA_M-M,SANTO ANTÔNIO DE POSSE,SÃO PAULO,Brasil,3548005,35,33,7.0,0.0,-999.0,Cerrado,4.4
59bc170e-6262-36ca-a9fe-ace0494d49bb,-19.7458,-45.01479,2026-03-05 15:58:00,NOAA-20,LEANDRO FERREIRA,MINAS GERAIS,Brasil,3138302,31,33,0.0,0.0,0.19,Cerrado,6.2
87c69ca3-32e6-35ef-a799-0cc787f96cbc,-22.13947,-47.56029,2026-03-05 15:58:00,NOAA-20,ANALÂNDIA,SÃO PAULO,Brasil,3502002,35,33,6.0,2.65,0.47,Cerrado,19.0
251febda-caf5-318e-a728-b97c67d07c6d,-19.74515,-45.01418,2026-03-05 15:58:00,NOAA-20,LEANDRO FERREIRA,MINAS GERAIS,Brasil,3138302,31,33,0.0,0.0,0.19,Cerrado,6.6
66895eae-b9cd-32b6-bed6-89243ec2310e,-16.87781,-49.23602,2026-03-05 16:00:00,NOAA-20,HIDROLÂNDIA,GOIÁS,Brasil,5209705,52,33,5.0,0.0,0.15,Cerrado,12.3
6ea70683-b3c6-3d83-a499-f065bd8051f4,-16.50334,-48.19535,2026-03-05 16:00:00,NOAA-20,LUZIÂNIA,GOIÁS,Brasil,5212501,52,33,2.0,0.0,0.1,Cerrado,8.7
09d207dc-98e1-39b9-90e8-0a1ee887ec30,-16.87861,-49.23653,2026-03-05 16:00:00,NOAA-20,HIDROLÂNDIA,GOIÁS,Brasil,5209705,52,33,5.0,0.0,0.16,Cerrado,17.4
6f18160a-f8b4-3828-8fda-1f6a53a9c42d,-4.45744,-43.23481,2026-03-05 16:05:00,NOAA-20,ALDEIAS ALTAS,MARANHÃO,Brasil,2100303,21,33,1.0,2.66,0.0,Cerrado,7.3
316c6533-15ac-3f00-b752-290eaeafaf3a,-21.0532,-47.26292,2026-03-05 16:47:00,NOAA-21,ALTINÓPOLIS,SÃO PAULO,Brasil,3501004,35,33,3.0,2.11,0.01,Cerrado,2.2
ac6b8356-e889-35ac-9db3-b5884fb24dbb,-23.40651,-48.38921,2026-03-05 16:47:00,NOAA-21,ANGATUBA,SÃO PAULO,Brasil,3502200,35,33,8.0,0.0,0.28,Cerrado,4.4
5538f1ab-c5f3-3c19-820e-43cf99c8f561,-21.66594,-56.3306,2026-03-05 16:47:00,NOAA-21,BELA VISTA,MATO GROSSO DO SUL,Brasil,5002100,50,33,0.0,0.0,0.13,Cerrado,8.5
925894bc-4f1c-3ca4-9c2b-bad7d1b17b70,-20.99837,-46.84088,2026-03-05 16:47:00,NOAA-21,JACUÍ,MINAS GERAIS,Brasil,3134806,31,33,3.0,6.83,0.02,Cerrado,1.8
8082de00-8c21-3536-9f68-989b0b13c502,-21.6656,-56.32713,2026-03-05 16:47:00,NOAA-21,BELA VISTA,MATO GROSSO DO SUL,Brasil,5002100,50,33,0.0,0.0,0.2,Cerrado,8.3
8605a083-5fec-376e-abf5-d63f4fa9ae42,-18.88798,-44.62403,2026-03-05 16:47:00,NOAA-21,CURVELO,MINAS GERAIS,Brasil,3120904,31,33,5.0,0.0,0.04,Cerrado,8.0
84569262-8062-3610-a064-c3d862f37a68,-19.17454,-44.96054,2026-03-05 16:47:00,NOAA-21,POMPÉU,MINAS GERAIS,Brasil,3152006,31,33,5.0,0.0,0.06,Cerrado,4.8
677cc4c8-05ec-3a91-a603-2cf44e46f5bf,-18.62993,-45.13445,2026-03-05 16:49:00,NOAA-21,FELIXLÂNDIA,MINAS GERAIS,Brasil,3125705,31,33,5.0,0.0,0.04,Cerrado,12.2
7c472039-4dda-3ebf-a0ab-8131fb1b4c02,-13.86309,-54.42592,2026-03-05 16:49:00,NOAA-21,PARANATINGA,MATO GROSSO,Brasil,5106307,51,33,0.0,4.02,0.0,Cerrado,7.2
e1bc6a52-1eb8-3f45-b722-2e7ee0058325,-19.40155,-53.34365,2026-03-05 16:49:00,NOAA-21,PARAÍSO DAS ÁGUAS,MATO GROSSO DO SUL,Brasil,5006275,50,33,7.0,0.0,0.76,Cerrado,3.8
973fdda3-45f6-30b3-8bb6-789410a94236,-18.32383,-51.73214,2026-03-05 16:49:00,NOAA-21,SERRANÓPOLIS,GOIÁS,Brasil,5220504,52,33,6.0,0.0,0.4,Cerrado,7.3
a49dbd44-94e4-3c2d-84e0-9352cc779862,-19.04585,-52.33408,2026-03-05 16:49:00,NOAA-21,CASSILÂNDIA,MATO GROSSO DO SUL,Brasil,5002902,50,33,7.0,0.0,0.42,Cerrado,8.0
7aa28729-95ab-3518-b9a1-fc48fce84603,-17.08034,-45.29729,2026-03-05 16:49:00,NOAA-21,BURITIZEIRO,MINAS GERAIS,Brasil,3109402,31,33,2.0,1.91,0.01,Cerrado,7.3
a2285004-8ff3-3c90-a2aa-4f951ca00dd0,-17.07965,-45.29315,2026-03-05 16:49:00,NOAA-21,BURITIZEIRO,MINAS GERAIS,Brasil,3109402,31,33,2.0,1.94,0.01,Cerrado,11.0
23327133-05b0-3cb1-be81-32dc4a2495b7,-19.0454,-52.3361,2026-03-05 16:49:00,NOAA-21,CASSILÂNDIA,MATO GROSSO DO SUL,Brasil,5002902,50,33,7.0,0.0,0.56,Cerrado,16.0
7cd9741e-fa0e-3422-8eee-ae7b1636251e,-13.93195,-55.44208,2026-03-05 16:49:00,NOAA-21,SANTA RITA DO TRIVELATO,MATO GROSSO,Brasil,5107768,51,33,0.0,27.55,0.0,Cerrado,7.0
f43d05b3-8356-3ee6-93bd-926cd0a14f99,-17.67491,-44.74897,2026-03-05 16:49:00,NOAA-21,VÁRZEA DA PALMA,MINAS GERAIS,Brasil,3170800,31,33,3.0,0.0,0.05,Cerrado,5.4
562542ca-423e-3f7e-90e1-cf1bc1b149e0,-14.15884,-54.1218,2026-03-05 16:49:00,NOAA-21,PARANATINGA,MATO GROSSO,Brasil,5106307,51,33,0.0,7.83,0.01,Cerrado,2.2
1d77a154-5ec9-380e-be5b-6f8d03cd994d,-18.62964,-45.13741,2026-03-05 16:49:00,NOAA-21,FELIXLÂNDIA,MINAS GERAIS,Brasil,3125705,31,33,4.0,0.0,0.05,Cerrado,11.0
00b6ae2f-25ca-3b0d-a3d6-f4bc4e603d63,-17.52624,-53.69864,2026-03-05 16:49:00,NOAA-21,SONORA,MATO GROSSO DO SUL,Brasil,5007935,50,33,2.0,0.0,0.04,Cerrado,8.7
e3adec23-6694-31e6-86ea-c35c6a191738,-17.33534,-53.79142,2026-03-05 16:49:00,NOAA-21,SONORA,MATO GROSSO DO SUL,Brasil,5007935,50,33,2.0,0.0,0.05,Cerrado,7.2
4353c103-215b-3149-a6bd-f2752a9cb066,-17.33068,-53.78805,2026-03-05 16:49:00,NOAA-21,SONORA,MATO GROSSO DO SUL,Brasil,5007935,50,33,2.0,0.0,0.04,Cerrado,11.6
15c50b5b-ea3e-3296-b61f-12b61935cd67,-14.95855,-55.86745,2026-03-05 16:49:00,NOAA-21,CHAPADA DOS GUIMARÃES,MATO GROSSO,Brasil,5103007,51,33,0.0,14.46,0.0,Cerrado,4.9
ec16116c-f78f-3dad-a4b0-7e1c04f40fe2,-18.32447,-51.73683,2026-03-05 16:49:00,NOAA-21,SERRANÓPOLIS,GOIÁS,Brasil,5220504,52,33,6.0,0.0,0.41,Cerrado,10.5
5b73ca82-091e-322c-8a04-231c3fba19a4,-14.61117,-55.70639,2026-03-05 16:49:00,NOAA-21,ROSÁRIO OESTE,MATO GROSSO,Brasil,5107701,51,33,1.0,24.81,0.0,Cerrado,13.4
e7cda311-c1d3-337e-9244-6cbd3e22d123,-16.2128,-45.60436,2026-03-05 16:49:00,NOAA-21,SÃO ROMÃO,MINAS GERAIS,Brasil,3164209,31,33,2.0,0.74,0.0,Cerrado,3.9
8d9c57fd-ccf4-38f7-8b5f-3071a12af6fa,-19.40108,-53.33975,2026-03-05 16:49:00,NOAA-21,PARAÍSO DAS ÁGUAS,MATO GROSSO DO SUL,Brasil,5006275,50,33,7.0,0.0,0.76,Cerrado,3.8
208af3d8-038c-3a02-a222-4b16b7d4a416,-18.542,-55.04744,2026-03-05 16:49:00,NOAA-21,RIO VERDE DE MATO GROSSO,MATO GROSSO DO SUL,Brasil,5007406,50,33,2.0,0.0,0.44,Cerrado,10.2
3bf72fc1-d626-3c4c-b953-38a5619a5b17,-17.53039,-53.69812,2026-03-05 16:49:00,NOAA-21,SONORA,MATO GROSSO DO SUL,Brasil,5007935,50,33,2.0,0.0,0.08,Cerrado,8.7
9ecf7168-fe10-3e19-bbdf-7030b1c4654f,-17.33484,-53.78744,2026-03-05 16:49:00,NOAA-21,SONORA,MATO GROSSO DO SUL,Brasil,5007935,50,33,2.0,0.0,0.04,Cerrado,11.6
82c573ba-3539-34e2-985f-fa4c993ba161,-10.58065,-50.99908,2026-03-05 16:52:00,NOAA-21,SANTA TEREZINHA,MATO GROSSO,Brasil,5107776,51,33,0.0,7.53,0.0,Cerrado,10.2
c4dbd3f9-94eb-3de3-a6b4-a1520b61039a,-10.72056,-46.86172,2026-03-05 16:52:00,NOAA-21,MATEIROS,TOCANTINS,Brasil,1712702,17,33,0.0,26.95,0.0,Cerrado,3.9
8b22857d-32c9-3d23-842b-efa08a3ae3a1,-22.91538,-48.60497,2026-03-05 17:17:00,NPP-375,BOTUCATU,SÃO PAULO,Brasil,3507506,35,33,8.0,0.0,0.5,Cerrado,3.9
acbb33a3-292f-354b-ba52-41fa0ceeb5f0,-21.66788,-56.32816,2026-03-05 17:17:00,NPP-375,BELA VISTA,MATO GROSSO DO SUL,Brasil,5002100,50,33,0.0,0.0,0.25,Cerrado,3.9
cf9ee77c-883a-3783-873f-779f1aafde93,-20.99776,-46.84296,2026-03-05 17:17:00,NPP-375,JACUÍ,MINAS GERAIS,Brasil,3134806,31,33,3.0,6.81,0.02,Cerrado,1.8
0a2f316c-564d-3c4a-9b33-78fc1085ad21,-21.05225,-47.26339,2026-03-05 17:17:00,NPP-375,ALTINÓPOLIS,SÃO PAULO,Brasil,3501004,35,33,3.0,2.1,0.01,Cerrado,3.0
108bf961-fdfd-3f13-b0d8-af1a69b83c77,-23.02808,-48.7959,2026-03-05 17:17:00,NPP-375,AVARÉ,SÃO PAULO,Brasil,3504503,35,33,7.0,0.0,0.67,Cerrado,7.6
64fc7f1e-cab0-3453-8e2b-370273d30776,-22.14295,-47.56034,2026-03-05 17:17:00,NPP-375,ANALÂNDIA,SÃO PAULO,Brasil,3502002,35,33,6.0,2.69,0.48,Cerrado,8.3
5b452071-b416-3657-9aaf-6e6de5742531,-22.13886,-47.56112,2026-03-05 17:17:00,NPP-375,ANALÂNDIA,SÃO PAULO,Brasil,3502002,35,33,6.0,2.66,0.46,Cerrado,4.3
f20811a0-d999-3ea1-a85d-262d55104308,-22.40137,-48.13556,2026-03-05 17:17:00,NPP-375,TORRINHA,SÃO PAULO,Brasil,3554706,35,33,7.0,0.0,0.36,Cerrado,4.8
08e73843-ff12-37cf-92e2-8110486d6ec7,-19.04483,-52.33747,2026-03-05 17:19:00,NPP-375,CASSILÂNDIA,MATO GROSSO DO SUL,Brasil,5002902,50,33,7.0,0.0,0.67,Cerrado,7.6
3545c25a-4792-34fe-a52c-0093d3b5c53f,-14.99285,-55.79403,2026-03-05 17:19:00,NPP-375,CHAPADA DOS GUIMARÃES,MATO GROSSO,Brasil,5103007,51,33,0.0,8.81,0.0,Cerrado,8.0
81dcaa43-e04b-33e0-a8e6-b282c4cb4fb4,-16.8774,-49.23463,2026-03-05 17:19:00,NPP-375,HIDROLÂNDIA,GOIÁS,Brasil,5209705,52,33,5.0,0.0,0.14,Cerrado,14.3
d63ccacf-e4c1-3674-9927-66d56dc55cfb,-18.32217,-51.73829,2026-03-05 17:19:00,NPP-375,SERRANÓPOLIS,GOIÁS,Brasil,5220504,52,33,6.0,0.0,0.41,Cerrado,7.5
9f88ddde-7751-35d1-a5b7-1cf5bb322239,-18.32151,-51.73429,2026-03-05 17:19:00,NPP-375,SERRANÓPOLIS,GOIÁS,Brasil,5220504,52,33,6.0,0.0,0.4,Cerrado,7.5
3d039dd1-3e9a-318f-8e33-588014d6b600,-17.33309,-53.7876,2026-03-05 17:19:00,NPP-375,SONORA,MATO GROSSO DO SUL,Brasil,5007935,50,33,2.0,0.0,0.04,Cerrado,4.7
c827f483-739e-3059-b246-f77939c6ab78,-16.44872,-54.83388,2026-03-05 17:19:00,NPP-375,RONDONÓPOLIS,MATO GROSSO,Brasil,5107602,51,33,0.0,6.8,0.08,Cerrado,8.6
0602deab-59c7-3370-8481-4779c155d7af,-17.57597,-53.07009,2026-03-05 17:19:00,NPP-375,MINEIROS,GOIÁS,Brasil,5213103,52,33,2.0,0.0,0.02,Cerrado,8.8
ca0e3635-f080-32e6-93bc-4138c4eb02a4,-18.40693,-48.15685,2026-03-05 17:19:00,NPP-375,ARAGUARI,MINAS GERAIS,Brasil,3103504,31,33,5.0,0.0,0.11,Cerrado,6.3
1e236be1-2a70-3cfa-9b2a-91db420062cc,-17.52861,-53.69749,2026-03-05 17:19:00,NPP-375,SONORA,MATO GROSSO DO SUL,Brasil,5007935,50,33,2.0,0.0,0.07,Cerrado,18.0
0f2911fc-9198-34a9-b29e-b5370473d53c,-14.94544,-55.85698,2026-03-05 17:19:00,NPP-375,CHAPADA DOS GUIMARÃES,MATO GROSSO,Brasil,5103007,51,33,0.0,15.79,0.0,Cerrado,5.5
1cc3ee9d-1163-34c7-911b-b18dc89b60ea,-18.32499,-51.73366,2026-03-05 17:19:00,NPP-375,SERRANÓPOLIS,GOIÁS,Brasil,5220504,52,33,6.0,0.0,0.4,Cerrado,3.8
2cd4130c-8074-31dd-b933-f4bbe086dcda,-17.33253,-53.78396,2026-03-05 17:19:00,NPP-375,SONORA,MATO GROSSO DO SUL,Brasil,5007935,50,33,2.0,0.0,0.04,Cerrado,4.7
e907ad6b-eb61-331f-b37a-8b2b55ff37d2,-17.80169,-52.68669,2026-03-05 17:19:00,NPP-375,MINEIROS,GOIÁS,Brasil,5213103,52,33,1.0,0.0,0.66,Cerrado,1.5
5431202a-f57a-3646-9364-73c1e529f07c,-17.68105,-53.04364,2026-03-05 17:19:00,NPP-375,MINEIROS,GOIÁS,Brasil,5213103,52,33,2.0,0.0,0.04,Cerrado,4.7
13041c20-3834-37e5-8b26-eb6e1517014b,-18.90425,-49.58477,2026-03-05 17:19:00,NPP-375,ITUIUTABA,MINAS GERAIS,Brasil,3134202,31,33,6.0,0.89,0.13,Cerrado,11.9
d34a18af-3f95-35ab-935f-78cc4c1b37c3,-17.57717,-53.06961,2026-03-05 17:19:00,NPP-375,MINEIROS,GOIÁS,Brasil,5213103,52,33,2.0,0.0,0.02,Cerrado,10.8
3cad4e3b-ef48-3e98-8585-be62223e5583,-17.68034,-53.04418,2026-03-05 17:19:00,NPP-375,MINEIROS,GOIÁS,Brasil,5213103,52,33,2.0,0.0,0.04,Cerrado,4.3
d48a155a-2ea7-3f93-b8db-b79075aa3f0c,-16.22492,-48.74366,2026-03-05 17:19:00,NPP-375,ABADIÂNIA,GOIÁS,Brasil,5200100,52,33,0.0,0.0,0.07,Cerrado,8.0
18c790ef-191f-3ecd-b493-030778c5e5f7,-18.41111,-48.15595,2026-03-05 17:19:00,NPP-375,ARAGUARI,MINAS GERAIS,Brasil,3103504,31,33,5.0,0.0,0.11,Cerrado,10.7
07370d42-a136-336f-8398-01146d541243,-15.68159,-48.27282,2026-03-05 17:19:00,NPP-375,ÁGUAS LINDAS DE GOIÁS,GOIÁS,Brasil,5200258,52,33,0.0,4.99,0.01,Cerrado,3.5
0e8aadb6-f1d9-3edd-83af-cfcda0919f60,-17.33643,-53.78704,2026-03-05 17:19:00,NPP-375,SONORA,MATO GROSSO DO SUL,Brasil,5007935,50,33,2.0,0.0,0.07,Cerrado,4.7
3ae0bb46-da2b-31da-b656-dc421ff8f444,-17.07941,-45.29221,2026-03-05 17:19:00,NPP-375,BURITIZEIRO,MINAS GERAIS,Brasil,3109402,31,33,2.0,1.95,0.01,Cerrado,6.1
b2bca9e7-25d4-3cf0-9fd3-8cd3bfa3b06d,-16.2291,-48.74276,2026-03-05 17:19:00,NPP-375,ABADIÂNIA,GOIÁS,Brasil,5200100,52,33,0.0,0.0,0.08,Cerrado,8.0
0a33d4c6-e671-3af3-853e-8d819333cfa6,-17.33699,-53.79067,2026-03-05 17:19:00,NPP-375,SONORA,MATO GROSSO DO SUL,Brasil,5007935,50,33,2.0,0.0,0.08,Cerrado,2.4
1d824325-6723-3d4a-b19b-72fedb5dde59,-17.85571,-54.41721,2026-03-05 17:19:00,NPP-375,PEDRO GOMES,MATO GROSSO DO SUL,Brasil,5006408,50,33,1.0,0.21,0.02,Cerrado,1.9
78bf7025-7eb0-3f30-8e4c-f2008551ecf5,-17.52527,-53.69806,2026-03-05 17:19:00,NPP-375,SONORA,MATO GROSSO DO SUL,Brasil,5007935,50,33,2.0,0.0,0.04,Cerrado,4.8
d88cb4a5-c1ae-3834-ae81-132ff16fa450,-19.4001,-53.34273,2026-03-05 17:19:00,NPP-375,PARAÍSO DAS ÁGUAS,MATO GROSSO DO SUL,Brasil,5006275,50,33,7.0,0.0,0.76,Cerrado,3.8
dcb1fe6e-68fe-32d7-b1cd-4fc21ed53938,-19.54056,-49.78786,2026-03-05 17:19:00,NPP-375,CAMPINA VERDE,MINAS GERAIS,Brasil,3111101,31,33,8.0,0.0,0.7,Cerrado,5.7
e95937fa-11a3-307c-a193-37805fff4aec,-17.68165,-53.04738,2026-03-05 17:19:00,NPP-375,MINEIROS,GOIÁS,Brasil,5213103,52,33,2.0,0.0,0.04,Cerrado,4.7
259ee557-f141-333b-8dbd-a8aa57295681,-14.98172,-55.78836,2026-03-05 17:19:00,NPP-375,CHAPADA DOS GUIMARÃES,MATO GROSSO,Brasil,5103007,51,33,0.0,9.52,0.0,Cerrado,9.1
e4eec127-1e53-3d98-ada7-b25134896730,-17.68093,-53.04792,2026-03-05 17:19:00,NPP-375,MINEIROS,GOIÁS,Brasil,5213103,52,33,2.0,0.0,0.04,Cerrado,4.3
a0d176b8-9aa6-3c90-8ee2-f9e4651bcae7,-13.86217,-54.42339,2026-03-05 17:19:00,NPP-375,PARANATINGA,MATO GROSSO,Brasil,5106307,51,33,0.0,4.04,0.0,Cerrado,3.5
4d088f2a-67c9-36ef-b1d4-95aff5e85308,-16.87336,-49.23534,2026-03-05 17:19:00,NPP-375,HIDROLÂNDIA,GOIÁS,Brasil,5209705,52,33,5.0,0.0,0.13,Cerrado,14.3
d5028223-d449-3ec4-ae44-812b09dd5720,-17.79831,-52.68734,2026-03-05 17:19:00,NPP-375,MINEIROS,GOIÁS,Brasil,5213103,52,33,1.0,0.0,0.66,Cerrado,2.7
f0366f58-af1c-3a43-9e45-d18ad2748217,-18.63033,-45.13425,2026-03-05 17:19:00,NPP-375,FELIXLÂNDIA,MINAS GERAIS,Brasil,3125705,31,33,5.0,0.0,0.04,Cerrado,6.1
c7d7503d-357f-3477-b795-49b742309496,-10.42272,-51.03112,2026-03-05 17:21:00,NPP-375,SANTA TEREZINHA,MATO GROSSO,Brasil,5107776,51,33,0.0,4.61,0.01,Cerrado,13.9
d45c5c46-cacf-355d-ac49-4f9cbce99ea9,-10.46188,-50.84315,2026-03-05 17:21:00,NPP-375,SANTA TEREZINHA,MATO GROSSO,Brasil,5107776,51,33,0.0,9.59,0.0,Cerrado,10.0
10fc5a1b-f4bb-3f90-8f5e-e44d3ea8db2a,-10.42326,-51.02903,2026-03-05 17:21:00,NPP-375,SANTA TEREZINHA,MATO GROSSO,Brasil,5107776,51,33,0.0,4.69,0.01,Cerrado,9.0
08822da0-e2f4-3d96-99a7-11de0e906de9,-10.42348,-51.00645,2026-03-05 17:21:00,NPP-375,SANTA TEREZINHA,MATO GROSSO,Brasil,5107776,51,33,0.0,5.37,0.0,Cerrado,4.9
d909ad85-5ea9-32f6-88ad-9a3a6d1842af,-12.43727,-58.03588,2026-03-05 17:21:00,NPP-375,BRASNORTE,MATO GROSSO,Brasil,5101902,51,33,0.0,0.42,0.0,Cerrado,8.2
6fc4f105-a095-359c-890b-fe43888935b6,-10.42749,-51.00575,2026-03-05 17:21:00,NPP-375,SANTA TEREZINHA,MATO GROSSO,Brasil,5107776,51,33,0.0,5.46,0.0,Cerrado,2.4
1a640353-75d9-3541-b1c5-92998481931d,-23.02942,-48.79511,2026-03-05 17:38:00,NOAA-20,AVARÉ,SÃO PAULO,Brasil,3504503,35,33,7.0,0.0,0.67,Cerrado,4.6
4bca85c2-046e-37a1-9ad5-0a92f918b892,-23.96114,-48.8697,2026-03-05 17:38:00,NOAA-20,ITAPEVA,SÃO PAULO,Brasil,3522406,35,33,8.0,0.0,0.98,Cerrado,2.4
58e3f617-bf3c-319b-972d-6a4d845b8956,-23.02848,-48.79447,2026-03-05 17:38:00,NOAA-20,AVARÉ,SÃO PAULO,Brasil,3504503,35,33,7.0,0.0,0.67,Cerrado,5.4
77aaa623-c524-3a3b-88aa-d02e82ac353e,-17.5295,-53.70124,2026-03-05 17:41:00,NOAA-20,SONORA,MATO GROSSO DO SUL,Brasil,5007935,50,33,2.0,0.0,0.06,Cerrado,8.3
03875c09-5761-3d02-93c1-21a8e32eb026,-17.52859,-53.69656,2026-03-05 17:41:00,NOAA-20,SONORA,MATO GROSSO DO SUL,Brasil,5007935,50,33,2.0,0.0,0.08,Cerrado,8.3
e75c880b-d7b9-3a3a-a781-f6fd79cefa0f,-10.42451,-51.0276,2026-03-05 17:41:00,NOAA-20,SANTA TEREZINHA,MATO GROSSO,Brasil,5107776,51,33,0.0,4.76,0.01,Cerrado,7.1
8b31b634-eb26-324d-97cb-84408d82a2b4,-17.85612,-54.41761,2026-03-05 17:41:00,NOAA-20,PEDRO GOMES,MATO GROSSO DO SUL,Brasil,5006408,50,33,1.0,0.21,0.02,Cerrado,3.0
93b6f2ec-5b2a-318a-bbcf-c32c4b2f194c,-17.68207,-53.04539,2026-03-05 17:41:00,NOAA-20,MINEIROS,GOIÁS,Brasil,5213103,52,33,2.0,0.0,0.04,Cerrado,15.6
ddf076c4-43b4-395e-bb6b-bcf54b517d18,-19.13504,-54.54987,2026-03-05 17:41:00,NOAA-20,SÃO GABRIEL DO OESTE,MATO GROSSO DO SUL,Brasil,5007695,50,33,2.0,0.0,0.01,Cerrado,8.1
e3ee8787-b1e8-368f-962f-9d5a22f6dd92,-20.37169,-52.22706,2026-03-05 17:41:00,NOAA-20,TRÊS LAGOAS,MATO GROSSO DO SUL,Brasil,5008305,50,33,8.0,0.0,0.16,Cerrado,11.6
e77ea549-a4ef-3d5e-8c1b-9a6ebc8a591c,-17.85361,-49.9555,2026-03-05 17:41:00,NOAA-20,GOIATUBA,GOIÁS,Brasil,5209101,52,33,4.0,0.0,0.1,Cerrado,13.6
2a6b51dc-cb83-3182-bea7-22a86dbeb826,-16.23006,-48.74257,2026-03-05 17:41:00,NOAA-20,ABADIÂNIA,GOIÁS,Brasil,5200100,52,33,0.0,0.0,0.09,Cerrado,5.4
471cc8b2-4507-375f-a592-9fa859f6fb7f,-18.41052,-48.15487,2026-03-05 17:41:00,NOAA-20,ARAGUARI,MINAS GERAIS,Brasil,3103504,31,33,5.0,0.0,0.11,Cerrado,14.7
45c4b8b3-83e6-3593-82fe-77cee3ff8704,-18.53979,-55.04591,2026-03-05 17:41:00,NOAA-20,RIO VERDE DE MATO GROSSO,MATO GROSSO DO SUL,Brasil,5007406,50,33,1.0,0.0,0.44,Cerrado,4.1
5fd7e56f-1c3a-3514-a84c-d03f8bfd5301,-17.62528,-49.99374,2026-03-05 17:41:00,NOAA-20,EDÉIA,GOIÁS,Brasil,5207402,52,33,4.0,0.0,0.09,Cerrado,9.5
2b571b76-0cb8-33b6-b5a6-cb1e69f51c79,-17.82242,-49.89959,2026-03-05 17:41:00,NOAA-20,GOIATUBA,GOIÁS,Brasil,5209101,52,33,4.0,0.0,0.1,Cerrado,13.4
016b1ab0-39c2-32a0-a029-9ef632fad432,-17.85812,-50.15289,2026-03-05 17:41:00,NOAA-20,PORTEIRÃO,GOIÁS,Brasil,5218052,52,33,4.0,0.0,0.09,Cerrado,9.1
8f717bf7-a7ba-3352-9cc3-9b096a5960ce,-18.16382,-49.74431,2026-03-05 17:41:00,NOAA-20,BOM JESUS DE GOIÁS,GOIÁS,Brasil,5203500,52,33,5.0,0.0,0.15,Cerrado,10.6
dda48a43-055e-393b-8108-bd74d9cba166,-17.57835,-53.07103,2026-03-05 17:41:00,NOAA-20,MINEIROS,GOIÁS,Brasil,5213103,52,33,2.0,0.0,0.02,Cerrado,7.9
943ee5e3-05ca-30f2-baf2-ed15084e38a9,-18.10199,-50.04396,2026-03-05 17:41:00,NOAA-20,BOM JESUS DE GOIÁS,GOIÁS,Brasil,5203500,52,33,6.0,0.0,0.07,Cerrado,8.4
5be5582e-870a-3451-b02a-34bcb4eee159,-17.80018,-52.68816,2026-03-05 17:41:00,NOAA-20,MINEIROS,GOIÁS,Brasil,5213103,52,33,1.0,0.0,0.65,Cerrado,4.7
7504fc8a-d82b-34dd-aff7-7f787663e521,-21.66732,-56.3275,2026-03-05 17:41:00,NOAA-20,BELA VISTA,MATO GROSSO DO SUL,Brasil,5002100,50,33,0.0,0.0,0.25,Cerrado,65.6
4e64c7b3-18e6-3a91-809b-81ea91985135,-17.33759,-53.78679,2026-03-05 17:41:00,NOAA-20,SONORA,MATO GROSSO DO SUL,Brasil,5007935,50,33,2.0,0.0,0.09,Cerrado,13.5
88913e7a-c5db-3754-9a32-51c41afba840,-18.32424,-51.73278,2026-03-05 17:41:00,NOAA-20,SERRANÓPOLIS,GOIÁS,Brasil,5220504,52,33,6.0,0.0,0.4,Cerrado,2.2
04a8f440-234c-3ed1-9993-0992955ccb9e,-19.40235,-53.34057,2026-03-05 17:41:00,NOAA-20,PARAÍSO DAS ÁGUAS,MATO GROSSO DO SUL,Brasil,5006275,50,33,7.0,0.0,0.76,Cerrado,6.8
7a165abf-6285-3205-b7db-49129e19af8b,-20.37369,-52.22977,2026-03-05 17:41:00,NOAA-20,TRÊS LAGOAS,MATO GROSSO DO SUL,Brasil,5008305,50,33,8.0,0.0,0.06,Cerrado,8.2
c4469628-5453-3acb-b86e-9f1025485fd2,-19.29874,-55.16485,2026-03-05 17:41:00,NOAA-20,RIO VERDE DE MATO GROSSO,MATO GROSSO DO SUL,Brasil,5007406,50,33,8.0,0.0,0.14,Cerrado,7.6
95a3b8dd-cb3d-3bfb-a980-1101f73523f9,-18.32484,-51.73581,2026-03-05 17:41:00,NOAA-20,SERRANÓPOLIS,GOIÁS,Brasil,5220504,52,33,6.0,0.0,0.41,Cerrado,2.2
70fb8cf8-2b2e-3437-9626-ed0a83b52e35,-18.41251,-48.15084,2026-03-05 17:41:00,NOAA-20,ARAGUARI,MINAS GERAIS,Brasil,3103504,31,33,5.0,0.0,0.11,Cerrado,14.2
efbd31e8-4534-3a6c-8e70-80230195a3b0,-18.41373,-48.15631,2026-03-05 17:41:00,NOAA-20,ARAGUARI,MINAS GERAIS,Brasil,3103504,31,33,5.0,0.0,0.11,Cerrado,10.8
a8499db8-b5d8-37a7-8e26-9e6bb406eda5,-17.8522,-49.95634,2026-03-05 17:41:00,NOAA-20,GOIATUBA,GOIÁS,Brasil,5209101,52,33,4.0,0.0,0.1,Cerrado,17.0
a753e569-f1a8-311a-9bd0-373c694c9bf1,-18.32358,-51.73633,2026-03-05 17:41:00,NOAA-20,SERRANÓPOLIS,GOIÁS,Brasil,5220504,52,33,6.0,0.0,0.41,Cerrado,7.6
43d3b7e0-60be-3576-86ef-d71865cba306,-17.63307,-49.99582,2026-03-05 17:41:00,NOAA-20,EDÉIA,GOIÁS,Brasil,5207402,52,33,4.0,0.0,0.06,Cerrado,6.7
cd20c551-cb73-3b43-b0d6-844a694caf25,-17.63181,-49.99654,2026-03-05 17:41:00,NOAA-20,EDÉIA,GOIÁS,Brasil,5207402,52,33,4.0,0.0,0.06,Cerrado,10.0
9a6783e5-3054-3c46-89a7-eb22335b69c2,-18.32296,-51.7333,2026-03-05 17:41:00,NOAA-20,SERRANÓPOLIS,GOIÁS,Brasil,5220504,52,33,6.0,0.0,0.4,Cerrado,7.8
5556e77a-3de5-3fec-b781-a5c064a21284,-13.86899,-54.42365,2026-03-05 17:43:00,NOAA-20,PARANATINGA,MATO GROSSO,Brasil,5106307,51,33,0.0,4.1,0.0,Cerrado,6.1
f2ac556d-d0cd-300a-8a8a-63505bcff5e7,-14.94507,-55.85755,2026-03-05 17:43:00,NOAA-20,CHAPADA DOS GUIMARÃES,MATO GROSSO,Brasil,5103007,51,33,0.0,15.85,0.0,Cerrado,8.2
31091b7d-0170-393a-bc53-dec7152a920b,-13.86438,-54.42443,2026-03-05 17:43:00,NOAA-20,PARANATINGA,MATO GROSSO,Brasil,5106307,51,33,0.0,4.05,0.0,Cerrado,6.1
7064dba8-1994-3e52-8853-7d08c3db9155,-20.5767,-48.50745,2026-03-05 18:25:00,AQUA_M-T,BARRETOS,SÃO PAULO,Brasil,3505500,35,33,7.0,0.1,0.32,Cerrado,9.6
36ad2f66-9b05-332c-8f53-8993695c2527,-22.15042,-47.56441,2026-03-05 18:25:00,AQUA_M-T,ANALÂNDIA,SÃO PAULO,Brasil,3502002,35,33,6.0,2.79,0.29,Cerrado,14.0
c7165403-cafd-3584-bc39-d2cacdc56865,-21.48344,-47.93328,2026-03-05 18:25:00,AQUA_M-T,GUATAPARÁ,SÃO PAULO,Brasil,3518859,35,33,5.0,0.0,0.24,Cerrado,13.5
21f3a23d-db61-37b6-8605-fb0512823742,-16.87645,-49.2336,2026-03-05 18:28:00,AQUA_M-T,HIDROLÂNDIA,GOIÁS,Brasil,5209705,52,33,5.0,0.0,0.13,Cerrado,12.0
64abe265-bb51-3654-bfa2-df6f8245b5c8,-18.87092,-44.96901,2026-03-05 18:28:00,AQUA_M-T,POMPÉU,MINAS GERAIS,Brasil,3152006,31,33,4.0,0.0,0.0,Cerrado,18.9
c458a31b-9aca-34e3-aabd-1bb6deef669b,-15.46628,-48.61172,2026-03-05 18:28:00,AQUA_M-T,COCALZINHO DE GOIÁS,GOIÁS,Brasil,5205513,52,33,0.0,2.11,0.01,Cerrado,8.3
e1926599-933c-3e63-9e82-4c74a3b5dd6c,-16.87557,-44.66232,2026-03-05 18:28:00,AQUA_M-T,IBIAÍ,MINAS GERAIS,Brasil,3129608,31,33,3.0,5.39,0.0,Cerrado,12.9
250dc49e-5e58-370e-b61f-55f84b2f171e,-10.42843,-51.03174,2026-03-05 18:30:00,AQUA_M-T,SANTA TEREZINHA,MATO GROSSO,Brasil,5107776,51,33,0.0,4.66,0.01,Cerrado,18.3
8b2f6625-7cd6-305f-b35d-a92e0b99e3b0,-10.58637,-50.9977,2026-03-05 18:30:00,AQUA_M-T,SANTA TEREZINHA,MATO GROSSO,Brasil,5107776,51,33,0.0,7.61,0.0,Cerrado,13.3
c3ba26e5-a901-38f5-900f-e8ad7c2af189,-22.9333,-48.6036,2026-03-05 20:10:00,GOES-19,BOTUCATU,SÃO PAULO,Brasil,3507506,35,33,8.0,0.0,0.52,Cerrado,94.3
45b72230-6823-3353-94e7-1352b2bc5b07,-22.9333,-48.6036,2026-03-05 20:50:00,GOES-19,BOTUCATU,SÃO PAULO,Brasil,3507506,35,33,8.0,0.0,0.52,Cerrado,102.9
97d457b0-e564-3f8b-af1f-bab5270d7292,-22.9333,-48.6036,2026-03-05 21:30:00,GOES-19,BOTUCATU,SÃO PAULO,Brasil,3507506,35,33,8.0,0.0,0.52,Cerrado,126.9
45c42ea2-4059-38d3-8ecb-ab0590662ab1,-22.48147,-47.00966,2026-03-06 00:02:00,TERRA_M-M,MOGI MIRIM,SÃO PAULO,Brasil,3530805,35,33,7.0,6.27,0.11,Cerrado,30.1
979918f6-a7fe-3b52-9464-71c7dd12fad4,-20.30308,-49.58637,2026-03-06 00:02:00,TERRA_M-M,PALESTINA,SÃO PAULO,Brasil,3535002,35,33,7.0,1.31,0.15,Cerrado,21.9
ddff7597-16b3-3286-84fc-1b99907fb8f9,-22.47976,-46.99467,2026-03-06 00:02:00,TERRA_M-M,MOGI MIRIM,SÃO PAULO,Brasil,3530805,35,33,7.0,6.85,0.12,Cerrado,26.7
ba22e819-4ad5-332d-95a5-b9cf08604c63,-21.85409,-46.99044,2026-03-06 00:02:00,TERRA_M-M,CASA BRANCA,SÃO PAULO,Brasil,3510807,35,33,4.0,2.6,0.13,Cerrado,15.7
eb1a0286-50d2-3659-bfca-1d01c6306d3f,-22.4829,-47.00387,2026-03-06 00:02:00,TERRA_M-M,MOGI MIRIM,SÃO PAULO,Brasil,3530805,35,33,7.0,6.52,0.1,Cerrado,48.6
d3cc1a00-5c36-371d-90eb-aba2ee3fee9a,-22.92879,-48.61035,2026-03-06 00:02:00,TERRA_M-M,BOTUCATU,SÃO PAULO,Brasil,3507506,35,33,9.0,0.2,0.35,Cerrado,16.5
f6183e41-5323-3bea-a9ec-e03ef998160b,-19.66867,-49.34622,2026-03-06 00:02:00,TERRA_M-M,ITAPAGIPE,MINAS GERAIS,Brasil,3133402,31,33,6.0,2.52,0.33,Cerrado,9.5
8879c4f7-e069-3dc6-ad32-4f5e8c4c1c90,-21.85249,-46.97586,2026-03-06 00:02:00,TERRA_M-M,VARGEM GRANDE DO SUL,SÃO PAULO,Brasil,3556404,35,33,3.0,2.53,0.13,Cerrado,9.9
912e9c87-971a-3174-91ac-8f59fb573e18,-21.70865,-48.43906,2026-03-06 00:02:00,TERRA_M-M,MATÃO,SÃO PAULO,Brasil,3529302,35,33,7.0,0.7,0.32,Cerrado,12.4
d6902f14-570f-3553-8610-7c0d9d247dc4,-20.30461,-49.59299,2026-03-06 00:02:00,TERRA_M-M,PALESTINA,SÃO PAULO,Brasil,3535002,35,33,7.0,1.27,0.13,Cerrado,13.4
9aecb0c3-be32-3923-9a90-03dcae138057,-20.30632,-49.58192,2026-03-06 03:59:00,NOAA-21,PALESTINA,SÃO PAULO,Brasil,3535002,35,33,7.0,1.3,0.13,Cerrado,1.3
c2decb13-a456-36fe-8cf3-52e30d344fe3,-21.71315,-48.43621,2026-03-06 03:59:00,NOAA-21,MATÃO,SÃO PAULO,Brasil,3529302,35,33,7.0,0.71,0.31,Cerrado,3.0
fc2c0d69-efbd-35a7-8679-abb0b1146ecc,-19.88468,-44.76094,2026-03-06 03:59:00,NOAA-21,IGARATINGA,MINAS GERAIS,Brasil,3130200,31,33,4.0,1.1,0.27,Cerrado,0.6
8cb33bdd-b507-3bd8-83a1-1c7b8f8f9501,-20.64115,-51.68085,2026-03-06 03:59:00,NOAA-21,TRÊS LAGOAS,MATO GROSSO DO SUL,Brasil,5008305,50,33,5.0,0.0,0.6,Cerrado,0.9
34405f3c-9c5f-3003-a296-da7a6678e299,-19.17373,-47.36017,2026-03-06 03:59:00,NOAA-21,PERDIZES,MINAS GERAIS,Brasil,3149804,31,33,5.0,11.77,0.0,Cerrado,1.5
f5dd58a2-edb0-3b03-96b4-867c8ea30141,-21.32867,-49.00085,2026-03-06 03:59:00,NOAA-21,ITAJOBI,SÃO PAULO,Brasil,3521903,35,33,8.0,0.29,0.4,Cerrado,1.1
0d353e83-5e9b-3385-947c-cc3d7f563949,-19.67043,-49.34054,2026-03-06 03:59:00,NOAA-21,ITAPAGIPE,MINAS GERAIS,Brasil,3133402,31,33,6.0,2.58,0.33,Cerrado,3.1
e34006ca-3cdc-3d1e-bece-4591b16683e5,-19.95188,-44.70557,2026-03-06 03:59:00,NOAA-21,IGARATINGA,MINAS GERAIS,Brasil,3130200,31,33,5.0,3.54,-999.0,Cerrado,0.6
dda37e26-cbc6-3c8a-ad23-71fa3e53b949,-20.63585,-51.67956,2026-03-06 03:59:00,NOAA-21,TRÊS LAGOAS,MATO GROSSO DO SUL,Brasil,5008305,50,33,5.0,0.0,0.65,Cerrado,0.9
2924e27f-69ba-3218-a26b-a361eb3d97b2,-19.16957,-47.35933,2026-03-06 03:59:00,NOAA-21,PERDIZES,MINAS GERAIS,Brasil,3149804,31,33,5.0,11.7,0.01,Cerrado,1.5
91563143-9847-37e4-8192-332c0c1426f0,-24.0517,-49.57099,2026-03-06 04:01:00,NOAA-21,SENGÉS,PARANÁ,Brasil,4126306,41,33,9.0,0.7,0.22,Cerrado,2.4
227f1e6e-1911-3b30-9d5b-f2d70596140a,-24.0526,-49.56661,2026-03-06 04:01:00,NOAA-21,SENGÉS,PARANÁ,Brasil,4126306,41,33,9.0,0.73,0.14,Cerrado,2.4
5ed6a838-ae33-3b48-b268-940ab45eb838,-21.32828,-48.99974,2026-03-06 04:29:00,NPP-375D,ITAJOBI,SÃO PAULO,Brasil,3521903,35,33,8.0,0.3,0.39,Cerrado,1.2
0bde954b-2dd0-3047-9438-b49d295cb5e0,-21.70634,-48.43467,2026-03-06 04:29:00,NPP-375D,MATÃO,SÃO PAULO,Brasil,3529302,35,33,7.0,0.74,0.31,Cerrado,0.9
88b78eb9-9caa-38b6-8226-6ce0219ac4e7,-20.30534,-49.58368,2026-03-06 04:29:00,NPP-375D,PALESTINA,SÃO PAULO,Brasil,3535002,35,33,7.0,1.3,0.13,Cerrado,0.9
80918e93-5fa0-3191-8d3e-0e08728cabd2,-19.67142,-49.33815,2026-03-06 04:29:00,NPP-375D,ITAPAGIPE,MINAS GERAIS,Brasil,3133402,31,33,6.0,2.6,0.33,Cerrado,1.8
f2155440-8265-31a6-ae1a-da6d5aad1a36,-18.97297,-51.86596,2026-03-06 04:29:00,NPP-375D,APORÉ,GOIÁS,Brasil,5201504,52,33,8.0,1.93,0.56,Cerrado,1.0
5ae58ae6-7c92-3fc5-ac35-87d4f42c0e60,-19.23915,-52.35026,2026-03-06 04:29:00,NPP-375D,CASSILÂNDIA,MATO GROSSO DO SUL,Brasil,5002902,50,33,7.0,1.0,0.68,Cerrado,1.0
95761120-88d2-3371-899d-32221fd5f481,-22.92378,-48.61399,2026-03-06 04:29:00,NPP-375D,BOTUCATU,SÃO PAULO,Brasil,3507506,35,33,9.0,0.2,0.17,Cerrado,0.6
330e46bd-cad6-3b7e-9711-438db5989b7c,-20.30195,-49.58303,2026-03-06 04:29:00,NPP-375D,PALESTINA,SÃO PAULO,Brasil,3535002,35,33,7.0,1.32,0.14,Cerrado,0.9
a09c44c0-531c-3583-8ebc-170cb667eacd,-19.1703,-47.359,2026-03-06 04:29:00,NPP-375D,PERDIZES,MINAS GERAIS,Brasil,3149804,31,33,5.0,11.71,0.01,Cerrado,1.8
90349d11-6896-309b-a080-4e5fc86f014d,-21.70967,-48.43527,2026-03-06 04:29:00,NPP-375D,MATÃO,SÃO PAULO,Brasil,3529302,35,33,7.0,0.72,0.31,Cerrado,0.8
d1633811-6cfb-3d51-aed8-c6fd75ae1646,-22.92437,-48.61024,2026-03-06 04:29:00,NPP-375D,BOTUCATU,SÃO PAULO,Brasil,3507506,35,33,9.0,0.2,0.23,Cerrado,0.6
26e0f26b-fbc2-31c5-bc90-e374af203729,-19.67089,-49.33886,2026-03-06 04:29:00,NPP-375D,ITAPAGIPE,MINAS GERAIS,Brasil,3133402,31,33,6.0,2.6,0.33,Cerrado,1.3
e5f437cc-1551-308b-8294-fd05dd5be84a,-22.92889,-48.60335,2026-03-06 04:29:00,NPP-375D,BOTUCATU,SÃO PAULO,Brasil,3507506,35,33,9.0,0.2,0.32,Cerrado,0.9
e0771add-b8db-3695-8ede-4ff595374e01,-21.71299,-48.43588,2026-03-06 04:29:00,NPP-375D,MATÃO,SÃO PAULO,Brasil,3529302,35,33,7.0,0.71,0.31,Cerrado,0.8
98882941-9a60-353b-9c48-739cd9fe9338,-24.0532,-49.56927,2026-03-06 04:31:00,NPP-375D,SENGÉS,PARANÁ,Brasil,4126306,41,33,9.0,0.71,0.14,Cerrado,7.4
bed60941-f606-3361-9742-2d0399c7b925,-24.05654,-49.56991,2026-03-06 04:31:00,NPP-375D,SENGÉS,PARANÁ,Brasil,4126306,41,33,9.0,0.7,0.24,Cerrado,7.4
066321fc-4a02-3188-911a-ee5c0f0472f0,-24.05382,-49.56549,2026-03-06 04:31:00,NPP-375D,SENGÉS,PARANÁ,Brasil,4126306,41,33,9.0,0.74,0.14,Cerrado,0.7
e1cd746b-f11c-3134-bf18-829873e6e75a,-21.66396,-56.32494,2026-03-06 04:31:00,NPP-375D,BELA VISTA,MATO GROSSO DO SUL,Brasil,5002100,50,33,2.0,0.6,0.39,Cerrado,2.5
4e708643-cf1d-3abb-a2a8-3f11b0d841db,-21.66282,-56.33041,2026-03-06 04:31:00,NPP-375D,BELA VISTA,MATO GROSSO DO SUL,Brasil,5002100,50,33,2.0,0.6,0.22,Cerrado,2.5
db8a0bc6-815a-38c8-a851-b8119287a3f4,-18.97221,-51.86412,2026-03-06 04:50:00,NOAA-20,APORÉ,GOIÁS,Brasil,5201504,52,33,8.0,1.94,0.56,Cerrado,1.1
58fa2a07-6812-395c-9e23-4d6ef9e2a1b6,-19.16889,-47.35808,2026-03-06 04:50:00,NOAA-20,PERDIZES,MINAS GERAIS,Brasil,3149804,31,33,5.0,11.7,0.01,Cerrado,0.9
692f44d7-44ed-3e3b-b064-a4ce5b4d4db8,-19.23967,-52.34856,2026-03-06 04:50:00,NOAA-20,CASSILÂNDIA,MATO GROSSO DO SUL,Brasil,5002902,50,33,7.0,0.99,0.68,Cerrado,0.8
b8b70cd2-d5d1-3e0e-ae12-e9d8debe4ea7,-18.97108,-51.8629,2026-03-06 04:50:00,NOAA-20,APORÉ,GOIÁS,Brasil,5201504,52,33,8.0,1.95,0.55,Cerrado,1.0
18b76061-82aa-3608-8f90-41cd874ed20d,-20.35456,-48.34443,2026-03-06 04:50:00,NOAA-20,GUAÍRA,SÃO PAULO,Brasil,3517406,35,33,5.0,1.1,0.13,Cerrado,1.9
c4bbb1e6-e03b-31b5-9e02-9cab294b6808,-19.17335,-47.35868,2026-03-06 04:50:00,NOAA-20,PERDIZES,MINAS GERAIS,Brasil,3149804,31,33,5.0,11.78,0.0,Cerrado,0.9
fd2c5c54-fbe3-318f-9a8c-fd289b7584cd,-21.66715,-56.32546,2026-03-06 04:53:00,NOAA-20,BELA VISTA,MATO GROSSO DO SUL,Brasil,5002100,50,33,2.0,0.6,0.41,Cerrado,0.9
876b3540-fe63-35e4-a872-13f8f3ad2940,-21.66314,-56.32864,2026-03-06 04:53:00,NOAA-20,BELA VISTA,MATO GROSSO DO SUL,Brasil,5002100,50,33,1.0,0.6,0.23,Cerrado,2.4
f48ab640-2ba3-398d-9e15-091be5279585,-24.05371,-49.56775,2026-03-06 04:53:00,NOAA-20,SENGÉS,PARANÁ,Brasil,4126306,41,33,9.0,0.72,0.14,Cerrado,8.2
bc594450-90b8-3362-9367-0f02f9dbc3f8,-21.32686,-49.00001,2026-03-06 04:53:00,NOAA-20,ITAJOBI,SÃO PAULO,Brasil,3521903,35,33,8.0,0.3,0.39,Cerrado,0.6
a41bc5c1-3187-3a00-97b6-1f89cd93cbb3,-22.92794,-48.60371,2026-03-06 04:53:00,NOAA-20,BOTUCATU,SÃO PAULO,Brasil,3507506,35,33,9.0,0.2,0.28,Cerrado,1.6
d341709b-9bbb-3b83-b7ec-b6aca82788c6,-20.63812,-51.67847,2026-03-06 04:53:00,NOAA-20,TRÊS LAGOAS,MATO GROSSO DO SUL,Brasil,5008305,50,33,5.0,0.0,0.65,Cerrado,1.6
d171ec35-6c73-306f-9668-987257b76e0f,-22.92259,-48.61185,2026-03-06 04:53:00,NOAA-20,BOTUCATU,SÃO PAULO,Brasil,3507506,35,33,9.0,0.2,0.18,Cerrado,1.8
d8b8d001-6747-3ff2-be7e-dd52fa8afa7d,-20.63754,-51.6827,2026-03-06 04:53:00,NOAA-20,TRÊS LAGOAS,MATO GROSSO DO SUL,Brasil,5008305,50,33,5.0,0.0,0.5,Cerrado,1.5
3a38d3e7-1f32-377a-941d-ab79f2c6de3c,-21.71225,-56.32619,2026-03-06 04:53:00,NOAA-20,BELA VISTA,MATO GROSSO DO SUL,Brasil,5002100,50,33,2.0,0.69,0.7,Cerrado,1.2
712ebf34-4eaf-3c37-bd6c-e1c4a1d11b20,-21.6665,-56.32932,2026-03-06 04:53:00,NOAA-20,BELA VISTA,MATO GROSSO DO SUL,Brasil,5002100,50,33,2.0,0.6,0.17,Cerrado,2.4
6a512f41-ed78-30aa-b430-28774901b40b,-21.71187,-48.43637,2026-03-06 04:53:00,NOAA-20,MATÃO,SÃO PAULO,Brasil,3529302,35,33,7.0,0.71,0.31,Cerrado,1.1
12ae3331-1daf-3943-a2a3-bf21b27cdaed,-21.66379,-56.32479,2026-03-06 04:53:00,NOAA-20,BELA VISTA,MATO GROSSO DO SUL,Brasil,5002100,50,33,2.0,0.6,0.41,Cerrado,0.9
8d901d44-1223-325d-b25e-918c1705e4c7,-13.61914,-53.53645,2026-03-06 12:29:00,TERRA_M-T,GAÚCHA DO NORTE,MATO GROSSO,Brasil,5103858,51,33,0.0,32.83,0.0,Cerrado,4.8
b1ac25ab-03a0-3577-b258-b1de58d5bfdc,-17.57275,-53.07209,2026-03-06 12:31:00,TERRA_M-T,MINEIROS,GOIÁS,Brasil,5213103,52,33,2.0,1.25,0.05,Cerrado,17.9
2ae9aaf9-f1f3-39e4-a55b-f77d968add57,-21.62104,-56.61956,2026-03-06 12:33:00,TERRA_M-T,BELA VISTA,MATO GROSSO DO SUL,Brasil,5002100,50,33,0.0,1.06,0.2,Cerrado,15.0
e03f43d4-53f5-351f-a898-3393c618fdb4,-22.82811,-48.15628,2026-03-06 12:33:00,TERRA_M-T,ANHEMBI,SÃO PAULO,Brasil,3502309,35,33,7.0,0.16,0.59,Cerrado,50.3
c64b989e-a69e-31d5-803d-b20b4cf55fc0,-22.07139,-56.69418,2026-03-06 12:33:00,TERRA_M-T,BELA VISTA,MATO GROSSO DO SUL,Brasil,5002100,50,33,0.0,0.0,0.1,Cerrado,4.9
0bd2da1a-2864-39f7-971e-0c5f21bea145,-21.61969,-56.62899,2026-03-06 12:33:00,TERRA_M-T,BELA VISTA,MATO GROSSO DO SUL,Brasil,5002100,50,33,0.0,1.05,0.23,Cerrado,20.5
cd300055-2417-358c-893b-979c2f972184,-20.1803,-48.56267,2026-03-06 16:30:00,NOAA-21,GUAÍRA,SÃO PAULO,Brasil,3517406,35,33,7.0,2.72,0.07,Cerrado,12.5
5213bb60-6dc4-37fe-bc9a-c9fd40a63528,-21.66665,-56.32813,2026-03-06 16:30:00,NOAA-21,BELA VISTA,MATO GROSSO DO SUL,Brasil,5002100,50,33,2.0,0.6,0.24,Cerrado,36.1
0d4c9dc5-1f0a-3da2-b218-6be57611f787,-20.22334,-52.18264,2026-03-06 16:30:00,NOAA-21,TRÊS LAGOAS,MATO GROSSO DO SUL,Brasil,5008305,50,33,9.0,0.26,0.4,Cerrado,10.3
d33b6d6e-0754-36a2-acaf-27823b732cfe,-20.18006,-48.56525,2026-03-06 16:30:00,NOAA-21,GUAÍRA,SÃO PAULO,Brasil,3517406,35,33,7.0,2.75,0.07,Cerrado,9.6
5f9f1bc3-8972-3fbf-b90a-ab8c0cdf8ffa,-20.17954,-48.56115,2026-03-06 16:30:00,NOAA-21,GUAÍRA,SÃO PAULO,Brasil,3517406,35,33,7.0,2.72,0.07,Cerrado,6.2
3bb681cd-eb61-3a55-9358-94f93de882e6,-21.66028,-56.33136,2026-03-06 16:30:00,NOAA-21,BELA VISTA,MATO GROSSO DO SUL,Brasil,5002100,50,33,2.0,0.6,0.4,Cerrado,7.8
677179ab-7138-369b-816a-a781f36770a4,-20.5143,-51.90928,2026-03-06 16:30:00,NOAA-21,TRÊS LAGOAS,MATO GROSSO DO SUL,Brasil,5008305,50,33,9.0,0.1,0.59,Cerrado,8.2
3e361cf5-221a-38c2-b14a-a71480ddc12c,-21.15558,-55.57321,2026-03-06 16:30:00,NOAA-21,MARACAJU,MATO GROSSO DO SUL,Brasil,5005400,50,33,2.0,0.0,0.18,Cerrado,7.6
6db11799-8ea9-35d2-8248-d873277dbf28,-20.18078,-48.56679,2026-03-06 16:30:00,NOAA-21,GUAÍRA,SÃO PAULO,Brasil,3517406,35,33,7.0,2.75,0.07,Cerrado,11.8
9ad92adc-41f8-3d1c-9900-348857162b57,-20.04628,-48.30221,2026-03-06 16:30:00,NOAA-21,CONCEIÇÃO DAS ALAGOAS,MINAS GERAIS,Brasil,3117306,31,33,5.0,6.31,0.03,Cerrado,6.7
250e2489-c359-32e1-85b0-f53992391f2c,-20.50461,-47.98666,2026-03-06 16:30:00,NOAA-21,IPUÃ,SÃO PAULO,Brasil,3521309,35,33,4.0,4.3,0.04,Cerrado,12.8
bdf5e85d-2315-303f-8085-d58babe636ec,-17.08486,-45.40212,2026-03-06 16:30:00,NOAA-21,BURITIZEIRO,MINAS GERAIS,Brasil,3109402,31,33,2.0,6.45,0.0,Cerrado,5.5
cf9a641e-9192-3e2e-836d-434692258e4a,-20.03687,-47.16055,2026-03-06 16:30:00,NOAA-21,SACRAMENTO,MINAS GERAIS,Brasil,3156908,31,33,4.0,3.59,0.02,Cerrado,8.2
9b3b7adb-f869-315d-b548-c346c7fee869,-20.17521,-48.30677,2026-03-06 16:30:00,NOAA-21,MIGUELÓPOLIS,SÃO PAULO,Brasil,3529708,35,33,5.0,4.05,0.05,Cerrado,5.9
54eb3b2d-f204-33f3-aa31-156d8211e649,-20.56845,-48.50481,2026-03-06 16:30:00,NOAA-21,BARRETOS,SÃO PAULO,Brasil,3505500,35,33,7.0,1.75,0.21,Cerrado,5.6
285aa43c-7b5c-3d45-8709-d09a92d4d86f,-20.19018,-48.57402,2026-03-06 16:30:00,NOAA-21,GUAÍRA,SÃO PAULO,Brasil,3517406,35,33,7.0,2.6,0.08,Cerrado,10.2
86f37cfa-df1e-3a1c-ac1a-6263316301c6,-21.15606,-55.57915,2026-03-06 16:30:00,NOAA-21,MARACAJU,MATO GROSSO DO SUL,Brasil,5005400,50,33,2.0,0.0,0.19,Cerrado,7.6
35fb38ea-56bc-37a4-b976-ae7b146f1fa7,-21.66726,-56.33138,2026-03-06 16:30:00,NOAA-21,BELA VISTA,MATO GROSSO DO SUL,Brasil,5002100,50,33,2.0,0.6,0.27,Cerrado,16.9
b77f4e70-62f4-3d14-a92a-4524efb89825,-21.66672,-56.32419,2026-03-06 16:30:00,NOAA-21,BELA VISTA,MATO GROSSO DO SUL,Brasil,5002100,50,33,2.0,0.6,0.46,Cerrado,16.9
af880034-94a2-3e55-9461-c78451b7259f,-20.51465,-51.91273,2026-03-06 16:30:00,NOAA-21,TRÊS LAGOAS,MATO GROSSO DO SUL,Brasil,5008305,50,33,9.0,0.1,0.43,Cerrado,5.2
3b69d90b-71d5-3040-b17c-cf34b2fad494,-19.04071,-44.96767,2026-03-06 16:30:00,NOAA-21,POMPÉU,MINAS GERAIS,Brasil,3152006,31,33,5.0,6.05,0.0,Cerrado,13.2
e0a5e3f9-0363-39aa-a987-490857f6d943,-17.59059,-44.4933,2026-03-06 16:30:00,NOAA-21,VÁRZEA DA PALMA,MINAS GERAIS,Brasil,3170800,31,33,3.0,7.58,0.0,Cerrado,2.3
d237bea2-d294-38f3-afd5-5877cdf1fa5b,-5.86162,-43.22739,2026-03-06 16:34:00,NOAA-21,PARNARAMA,MARANHÃO,Brasil,2107803,21,33,1.0,7.33,0.0,Cerrado,6.7
283f8608-302b-38ea-bd81-451a7f62cb47,-24.05386,-49.56734,2026-03-06 16:58:00,NPP-375,SENGÉS,PARANÁ,Brasil,4126306,41,33,9.0,0.72,0.14,Cerrado,5.7
7bbd1434-bada-3d72-8610-e781d1fc2b7f,-21.66125,-56.32613,2026-03-06 17:00:00,NPP-375,BELA VISTA,MATO GROSSO DO SUL,Brasil,5002100,50,33,2.0,0.6,0.43,Cerrado,14.2
eda6d4a5-36c2-3417-a89d-845d3d405eb6,-16.40495,-43.54534,2026-03-06 17:00:00,NPP-375,FRANCISCO SÁ,MINAS GERAIS,Brasil,3126703,31,33,4.0,1.56,0.0,Cerrado,5.6
32df8c35-160b-354f-8835-768a37b1bb65,-21.66603,-56.3257,2026-03-06 17:00:00,NPP-375,BELA VISTA,MATO GROSSO DO SUL,Brasil,5002100,50,33,2.0,0.6,0.35,Cerrado,52.2
4a9e7fda-8673-3e92-9d18-a54e22bfaf68,-20.03833,-47.16187,2026-03-06 17:00:00,NPP-375,SACRAMENTO,MINAS GERAIS,Brasil,3156908,31,33,4.0,3.56,0.02,Cerrado,5.9
490ff37f-1c91-3a6e-811c-6c1348e3f8c4,-18.8979,-48.37108,2026-03-06 17:00:00,NPP-375,UBERLÂNDIA,MINAS GERAIS,Brasil,3170206,31,33,5.0,2.01,0.06,Cerrado,5.5
0db7c231-c04e-3f60-a9b5-bc628f42c5e6,-21.71424,-56.32548,2026-03-06 17:00:00,NPP-375,BELA VISTA,MATO GROSSO DO SUL,Brasil,5002100,50,33,2.0,0.7,0.71,Cerrado,8.3
6c90826d-0d93-3c0b-be17-d4eede1f85b1,-20.27113,-52.53889,2026-03-06 17:00:00,NPP-375,TRÊS LAGOAS,MATO GROSSO DO SUL,Brasil,5008305,50,33,9.0,0.0,0.21,Cerrado,1.6
48df669a-5362-3360-8448-b3ae328ca496,-16.4036,-43.54436,2026-03-06 17:00:00,NPP-375,FRANCISCO SÁ,MINAS GERAIS,Brasil,3126703,31,33,4.0,1.56,0.0,Cerrado,5.1
cec7b17b-f812-3c2a-88b4-9aced2ffd938,-16.42678,-43.47099,2026-03-06 17:00:00,NPP-375,FRANCISCO SÁ,MINAS GERAIS,Brasil,3126703,31,33,4.0,1.01,0.0,Cerrado,5.4
2f6be657-4f5a-3fbf-9232-211db5702dd0,-17.5783,-53.07121,2026-03-06 17:00:00,NPP-375,MINEIROS,GOIÁS,Brasil,5213103,52,33,2.0,1.33,0.02,Cerrado,34.9
fa9effc5-a42b-3481-b96f-4d5a29363427,-20.0996,-49.80527,2026-03-06 17:00:00,NPP-375,PONTES GESTAL,SÃO PAULO,Brasil,3540309,35,33,7.0,0.5,0.16,Cerrado,6.6
52f920a2-74c2-3830-972d-64cebd64f461,-17.67724,-44.74862,2026-03-06 17:00:00,NPP-375,VÁRZEA DA PALMA,MINAS GERAIS,Brasil,3170800,31,33,3.0,4.89,0.02,Cerrado,10.1
39180cc3-4d49-3bc4-980e-fb94c044f7c5,-20.03087,-47.15915,2026-03-06 17:00:00,NPP-375,SACRAMENTO,MINAS GERAIS,Brasil,3156908,31,33,4.0,3.57,0.01,Cerrado,5.3
8482ba46-83eb-37ce-879d-aca707c0897f,-20.39636,-47.82077,2026-03-06 17:00:00,NPP-375,GUARÁ,SÃO PAULO,Brasil,3517703,35,33,4.0,7.52,0.01,Cerrado,2.2
c0e618b3-1516-3566-af46-820516574448,-19.43323,-44.71262,2026-03-06 17:00:00,NPP-375,PAPAGAIOS,MINAS GERAIS,Brasil,3146909,31,33,5.0,3.09,0.06,Cerrado,3.6
e71e8855-4e64-3b33-b24f-b8b25da3af8c,-17.57094,-53.07236,2026-03-06 17:00:00,NPP-375,MINEIROS,GOIÁS,Brasil,5213103,52,33,2.0,1.22,0.07,Cerrado,7.7
2782bc29-c7ec-3429-b198-074e1f427fa6,-20.03151,-47.16307,2026-03-06 17:00:00,NPP-375,SACRAMENTO,MINAS GERAIS,Brasil,3156908,31,33,4.0,3.51,0.01,Cerrado,6.4
5c8b3b89-522b-3b37-af2d-601181983a6b,-19.43083,-44.70938,2026-03-06 17:00:00,NPP-375,PAPAGAIOS,MINAS GERAIS,Brasil,3146909,31,33,5.0,3.15,0.04,Cerrado,2.6
e981cc34-a5d3-3e5d-911d-31b6d0cce801,-20.03492,-47.16247,2026-03-06 17:00:00,NPP-375,SACRAMENTO,MINAS GERAIS,Brasil,3156908,31,33,4.0,3.55,0.01,Cerrado,5.9
f3c93f49-9e4c-3d21-88fc-8de5cfed0d4d,-17.73977,-49.68693,2026-03-06 17:00:00,NPP-375,JOVIÂNIA,GOIÁS,Brasil,5212105,52,33,4.0,6.22,0.03,Cerrado,7.1
7d456f15-9ef7-3e78-b5e2-e5ea180c8f76,-17.57462,-53.07178,2026-03-06 17:00:00,NPP-375,MINEIROS,GOIÁS,Brasil,5213103,52,33,2.0,1.29,0.02,Cerrado,34.9
e3860209-61f4-3c06-8152-efb4f5c0a61b,-21.66545,-56.32022,2026-03-06 17:00:00,NPP-375,BELA VISTA,MATO GROSSO DO SUL,Brasil,5002100,50,33,2.0,0.6,0.66,Cerrado,25.0
01670ba6-e2e0-34ea-8637-9610708eaee0,-14.4819,-48.77206,2026-03-06 17:02:00,NPP-375,NIQUELÂNDIA,GOIÁS,Brasil,5214606,52,33,0.0,18.07,0.0,Cerrado,0.8
998c02f7-d955-3a62-b370-77f4b0b32b1f,-5.02245,-42.63808,2026-03-06 17:04:00,NPP-375,TERESINA,PIAUÍ,Brasil,2211001,22,33,0.0,2.24,0.0,Cerrado,5.1
bf4d6e19-c295-39f3-b175-d3335cfb6399,-5.01934,-42.64022,2026-03-06 17:04:00,NPP-375,TERESINA,PIAUÍ,Brasil,2211001,22,33,0.0,2.25,0.0,Cerrado,5.7
1212d1e5-0301-3b20-a6e2-f617ee408f9f,-5.02309,-42.64175,2026-03-06 17:04:00,NPP-375,TERESINA,PIAUÍ,Brasil,2211001,22,33,0.0,2.3,0.0,Cerrado,3.6
da1c45e7-b08c-3d55-824d-b6408a1ddf65,-20.27217,-52.5399,2026-03-06 17:19:00,NOAA-20,TRÊS LAGOAS,MATO GROSSO DO SUL,Brasil,5008305,50,33,9.0,0.0,0.21,Cerrado,1.7
6f7b7434-583c-34a1-a047-0cc9409272f8,-20.03079,-47.16322,2026-03-06 17:19:00,NOAA-20,SACRAMENTO,MINAS GERAIS,Brasil,3156908,31,33,4.0,3.5,0.01,Cerrado,5.3
44b889f6-ed69-3477-8f7f-9f5fa9492ae8,-20.11377,-49.32809,2026-03-06 17:19:00,NOAA-20,PAULO DE FARIA,SÃO PAULO,Brasil,3536604,35,33,8.0,0.4,0.29,Cerrado,10.9
fb9c2d4b-98bf-36f0-b6a0-e9e383713ac4,-20.32616,-48.19339,2026-03-06 17:19:00,NOAA-20,GUAÍRA,SÃO PAULO,Brasil,3517406,35,33,4.0,1.39,0.07,Cerrado,8.9
bfbbd1eb-f7de-3e33-9b8c-2a6df9d0d9f6,-20.45425,-47.95487,2026-03-06 17:19:00,NOAA-20,IPUÃ,SÃO PAULO,Brasil,3521309,35,33,4.0,5.74,0.02,Cerrado,15.5
6c3af1cd-1ecd-3721-b961-e01b33223c31,-22.23321,-56.0309,2026-03-06 17:19:00,NOAA-20,ANTÔNIO JOÃO,MATO GROSSO DO SUL,Brasil,5000906,50,33,2.0,0.61,0.77,Cerrado,2.6
ecf384cd-725b-33b6-ac7d-242eab301cab,-20.96188,-55.7029,2026-03-06 17:19:00,NOAA-20,NIOAQUE,MATO GROSSO DO SUL,Brasil,5005806,50,33,5.0,0.0,0.63,Cerrado,3.3
b0111bba-7f5d-3a77-8688-cf30ac448166,-20.48049,-47.8952,2026-03-06 17:19:00,NOAA-20,SÃO JOAQUIM DA BARRA,SÃO PAULO,Brasil,3549409,35,33,4.0,7.38,0.01,Cerrado,8.3
79f3b303-18c0-3b54-927b-31bd1570e0a0,-20.03563,-47.16231,2026-03-06 17:19:00,NOAA-20,SACRAMENTO,MINAS GERAIS,Brasil,3156908,31,33,4.0,3.55,0.01,Cerrado,13.1
3adae368-a950-372f-b8fe-56e6ec60f8bc,-20.41861,-47.94213,2026-03-06 17:19:00,NOAA-20,IPUÃ,SÃO PAULO,Brasil,3521309,35,33,4.0,5.34,0.02,Cerrado,5.5
8ebfc5c3-56d7-34e3-9633-6e225df9d320,-20.45497,-47.95722,2026-03-06 17:19:00,NOAA-20,IPUÃ,SÃO PAULO,Brasil,3521309,35,33,4.0,5.68,0.02,Cerrado,15.5
8fdf68e1-397c-3503-b5fd-e95a09005365,-19.81881,-48.61547,2026-03-06 17:19:00,NOAA-20,CAMPO FLORIDO,MINAS GERAIS,Brasil,3111408,31,33,5.0,19.69,0.0,Cerrado,8.2
b502b9ff-7988-36d2-80f7-b44cce1a31d7,-20.38915,-48.05598,2026-03-06 17:19:00,NOAA-20,IPUÃ,SÃO PAULO,Brasil,3521309,35,33,4.0,1.96,0.05,Cerrado,9.2
69589dbd-73a3-374e-998f-1e50cd6eba0e,-20.62313,-47.77674,2026-03-06 17:19:00,NOAA-20,NUPORANGA,SÃO PAULO,Brasil,3533601,35,33,4.0,7.01,0.02,Cerrado,5.6
e83b7858-a507-3ef6-8410-5c57c66f79e4,-20.38007,-48.19815,2026-03-06 17:19:00,NOAA-20,GUAÍRA,SÃO PAULO,Brasil,3517406,35,33,5.0,1.16,0.1,Cerrado,7.9
d36ff1b0-0a6e-31cd-a8ce-eaec57c65086,-19.81784,-48.61669,2026-03-06 17:19:00,NOAA-20,CAMPO FLORIDO,MINAS GERAIS,Brasil,3111408,31,33,5.0,19.8,0.0,Cerrado,5.4
4cd8ad16-825d-3385-acc0-ec65170b98d2,-20.47593,-47.89614,2026-03-06 17:19:00,NOAA-20,SÃO JOAQUIM DA BARRA,SÃO PAULO,Brasil,3549409,35,33,4.0,7.4,0.01,Cerrado,7.3
e75dea8b-4e69-3419-9a7e-039b6dd72bb0,-20.08957,-49.80239,2026-03-06 17:19:00,NOAA-20,PONTES GESTAL,SÃO PAULO,Brasil,3540309,35,33,7.0,0.49,0.14,Cerrado,5.5
4053cc32-e161-3462-a49c-7f7c59c80977,-20.38102,-48.20286,2026-03-06 17:19:00,NOAA-20,GUAÍRA,SÃO PAULO,Brasil,3517406,35,33,5.0,1.13,0.1,Cerrado,8.1
65fac298-d7dd-3d65-b3a6-f5eb0f352d02,-20.47136,-47.89706,2026-03-06 17:19:00,NOAA-20,SÃO JOAQUIM DA BARRA,SÃO PAULO,Brasil,3549409,35,33,4.0,7.38,0.01,Cerrado,7.3
ab635333-8742-3bae-9e42-a87f913688b5,-20.41553,-47.82937,2026-03-06 17:19:00,NOAA-20,GUARÁ,SÃO PAULO,Brasil,3517703,35,33,4.0,7.92,0.01,Cerrado,6.1
49d93b44-9ea4-3807-9e95-e03f473bedd6,-20.4668,-47.89807,2026-03-06 17:19:00,NOAA-20,SÃO JOAQUIM DA BARRA,SÃO PAULO,Brasil,3549409,35,33,4.0,7.35,0.01,Cerrado,6.9
7a1f5e87-ccb1-3acf-a9d9-81a28c06ed18,-20.43598,-47.74453,2026-03-06 17:19:00,NOAA-20,GUARÁ,SÃO PAULO,Brasil,3517703,35,33,4.0,8.41,0.01,Cerrado,10.8
f4a24790-204f-352f-86ee-6b2621f59a8e,-20.38816,-48.05103,2026-03-06 17:19:00,NOAA-20,IPUÃ,SÃO PAULO,Brasil,3521309,35,33,4.0,1.96,0.05,Cerrado,9.2
85c231e0-195a-3d7a-b098-afa880c8ccc3,-19.81082,-52.92663,2026-03-06 17:19:00,NOAA-20,ÁGUA CLARA,MATO GROSSO DO SUL,Brasil,5000203,50,33,9.0,0.0,0.7,Cerrado,7.5
8d0831a1-a909-3ef7-9ab5-4b137144980b,-21.62057,-56.62382,2026-03-06 17:19:00,NOAA-20,BELA VISTA,MATO GROSSO DO SUL,Brasil,5002100,50,33,0.0,1.06,0.23,Cerrado,7.4
bf5d216a-0687-3056-83e7-bd574c31d303,-20.09933,-51.15755,2026-03-06 17:19:00,NOAA-20,APARECIDA DO TABOADO,MATO GROSSO DO SUL,Brasil,5001003,50,33,9.0,0.36,1.0,Cerrado,3.4
b2f06ccb-efa6-3e50-ac16-2d3b3fc2f0da,-19.05899,-48.16418,2026-03-06 17:19:00,NOAA-20,UBERLÂNDIA,MINAS GERAIS,Brasil,3170206,31,33,5.0,6.32,0.01,Cerrado,10.7
5a6bdcd8-a349-3a9f-ab2d-a92c7580346c,-20.39367,-48.05503,2026-03-06 17:19:00,NOAA-20,IPUÃ,SÃO PAULO,Brasil,3521309,35,33,4.0,2.03,0.05,Cerrado,8.0
d081b602-4c86-318d-bdaa-51365c78ded8,-21.66547,-56.32499,2026-03-06 17:19:00,NOAA-20,BELA VISTA,MATO GROSSO DO SUL,Brasil,5002100,50,33,2.0,0.6,0.37,Cerrado,149.4
abcc681d-dac9-3033-a159-f566e2e7c025,-20.39561,-48.06475,2026-03-06 17:19:00,NOAA-20,IPUÃ,SÃO PAULO,Brasil,3521309,35,33,4.0,1.96,0.06,Cerrado,12.9
8116caed-c570-321d-9b70-37a6e444d327,-20.46226,-47.89909,2026-03-06 17:19:00,NOAA-20,SÃO JOAQUIM DA BARRA,SÃO PAULO,Brasil,3549409,35,33,4.0,7.35,0.01,Cerrado,6.9
d9539d5d-f5e8-370c-82fb-8ac536519e3a,-19.05533,-48.16311,2026-03-06 17:19:00,NOAA-20,UBERLÂNDIA,MINAS GERAIS,Brasil,3170206,31,33,5.0,6.18,0.01,Cerrado,13.9
0891542d-f4ca-34e3-b8ff-1a170a48d726,-17.57493,-53.06768,2026-03-06 17:21:00,NOAA-20,MINEIROS,GOIÁS,Brasil,5213103,52,33,2.0,1.3,0.05,Cerrado,20.3
5b4bbbbb-3de2-3cf6-8128-172108257777,-18.98465,-49.69872,2026-03-06 17:21:00,NOAA-20,ITUIUTABA,MINAS GERAIS,Brasil,3134202,31,33,6.0,1.1,0.08,Cerrado,3.8
41c09b06-fb5a-3888-88e1-3c94918edc91,-17.57209,-53.07248,2026-03-06 17:21:00,NOAA-20,MINEIROS,GOIÁS,Brasil,5213103,52,33,2.0,1.24,0.05,Cerrado,20.3
8e301ce5-3803-3736-ada3-86b75aa971be,-17.57564,-53.07187,2026-03-06 17:21:00,NOAA-20,MINEIROS,GOIÁS,Brasil,5213103,52,33,2.0,1.31,0.02,Cerrado,20.3
bef963ca-7a06-38db-859f-2f81d42322c6,-17.68494,-53.0525,2026-03-06 17:21:00,NOAA-20,MINEIROS,GOIÁS,Brasil,5213103,52,33,2.0,3.17,0.03,Cerrado,7.9
764100b0-b1f3-3f91-81fd-14e20af30ce7,-17.44928,-52.99019,2026-03-06 17:21:00,NOAA-20,MINEIROS,GOIÁS,Brasil,5213103,52,33,2.0,0.56,0.32,Cerrado,8.1
b32db20f-55a0-34a3-9517-ef4d15c8ee9e,-18.98881,-49.6978,2026-03-06 17:21:00,NOAA-20,ITUIUTABA,MINAS GERAIS,Brasil,3134202,31,33,6.0,1.1,0.08,Cerrado,3.8
ba0307ea-5bea-3c6e-8eab-08728c146bec,-17.5792,-53.07125,2026-03-06 17:21:00,NOAA-20,MINEIROS,GOIÁS,Brasil,5213103,52,33,2.0,1.34,0.02,Cerrado,19.6
feb0dda2-98d4-3b10-b659-0de986f1234a,-17.58275,-53.07063,2026-03-06 17:21:00,NOAA-20,MINEIROS,GOIÁS,Brasil,5213103,52,33,2.0,1.38,0.02,Cerrado,19.6
1f0dd14a-eacd-3c6e-870c-06e789aa2352,-17.45357,-52.99379,2026-03-06 17:21:00,NOAA-20,MINEIROS,GOIÁS,Brasil,5213103,52,33,2.0,0.51,0.31,Cerrado,18.1
9b7c3a7a-7740-3595-99ca-187a8a24ab73,-12.01276,-45.07456,2026-03-06 17:21:00,NOAA-20,BARREIRAS,BAHIA,Brasil,2903201,29,33,0.0,2.49,0.0,Cerrado,0.7
91542f6f-d71f-3d2a-894c-34819cd69845,-17.45,-52.99442,2026-03-06 17:21:00,NOAA-20,MINEIROS,GOIÁS,Brasil,5213103,52,33,2.0,0.55,0.31,Cerrado,18.1
48e4bea0-e32f-37b5-929a-82a0f09e90cf,-21.71077,-56.32791,2026-03-06 18:10:00,NOAA-21,BELA VISTA,MATO GROSSO DO SUL,Brasil,5002100,50,33,2.0,0.69,0.7,Cerrado,2.7
141774ce-c18f-3279-bd6e-d05e8abdba07,-21.6632,-56.33166,2026-03-06 18:10:00,NOAA-21,BELA VISTA,MATO GROSSO DO SUL,Brasil,5002100,50,33,2.0,0.6,0.26,Cerrado,21.6
c95548b1-aecf-33f3-8ea7-ca219d0b8ce3,-21.66227,-56.32755,2026-03-06 18:10:00,NOAA-21,BELA VISTA,MATO GROSSO DO SUL,Brasil,5002100,50,33,2.0,0.6,0.33,Cerrado,38.6
531f61ce-b98e-3f24-8fe5-2eaa76b8108d,-21.66792,-56.32575,2026-03-06 18:10:00,NOAA-21,BELA VISTA,MATO GROSSO DO SUL,Brasil,5002100,50,33,2.0,0.6,0.42,Cerrado,20.0
9556753e-d0e7-3a41-bf5e-b63ef903a009,-21.66403,-56.33289,2026-03-06 19:04:00,AQUA_M-T,BELA VISTA,MATO GROSSO DO SUL,Brasil,5002100,50,33,2.0,0.6,0.29,Cerrado,37.9
feb02e77-7adf-3ac8-b969-7d72bf0730e8,-21.66258,-56.32211,2026-03-06 19:04:00,AQUA_M-T,BELA VISTA,MATO GROSSO DO SUL,Brasil,5002100,50,33,2.0,0.6,0.58,Cerrado,11.2
86e110b7-9039-3c52-b8c1-3646ebd36857,-14.58116,-56.43301,2026-03-06 19:04:00,AQUA_M-T,DIAMANTINO,MATO GROSSO,Brasil,5103502,51,33,2.0,23.33,0.0,Cerrado,65.3
1ba95c03-2ca9-331c-9324-d739193aa7db,-12.42322,-58.39125,2026-03-06 19:06:00,AQUA_M-T,BRASNORTE,MATO GROSSO,Brasil,5101902,51,33,1.0,6.46,0.0,Cerrado,9.6
08a2ee74-9baf-3271-a689-88d4cd89c3c5,-21.3645,-47.0422,2026-03-06 22:20:00,GOES-19,MOCOCA,SÃO PAULO,Brasil,3530508,35,33,4.0,0.6,0.31,Cerrado,146.4
f0250230-f5ff-3c6b-a38e-61f94ec3d35a,-21.3438,-47.0474,2026-03-06 22:20:00,GOES-19,MOCOCA,SÃO PAULO,Brasil,3530508,35,33,4.0,0.59,0.3,Cerrado,97.8
30197a9b-175a-3fdd-8b0c-28c8b72adc5c,-21.3645,-47.0422,2026-03-06 22:30:00,GOES-19,MOCOCA,SÃO PAULO,Brasil,3530508,35,33,4.0,0.6,0.31,Cerrado,138.3
6f0a9a24-b710-3b6a-954c-6d9d08fc8cda,-21.3645,-47.0422,2026-03-06 22:40:00,GOES-19,MOCOCA,SÃO PAULO,Brasil,3530508,35,33,4.0,0.6,0.31,Cerrado,105.1
9e348d81-e62e-3835-9dfe-9dc4185eb475,-21.3438,-47.0474,2026-03-06 22:40:00,GOES-19,MOCOCA,SÃO PAULO,Brasil,3530508,35,33,4.0,0.59,0.3,Cerrado,91.6
5129873c-414f-3978-9656-661d1ec3cbf5,-21.3645,-47.0422,2026-03-06 22:50:00,GOES-19,MOCOCA,SÃO PAULO,Brasil,3530508,35,33,4.0,0.6,0.31,Cerrado,119.1
5ff7bf09-bd96-3ee6-8f80-0323e6af7183,-21.3645,-47.0422,2026-03-06 23:00:00,GOES-19,MOCOCA,SÃO PAULO,Brasil,3530508,35,33,4.0,0.6,0.31,Cerrado,97.0
de8ddbd1-a2b4-327e-9774-563fecc1668f,-21.35499,-47.05344,2026-03-07 00:39:00,TERRA_M-M,MOCOCA,SÃO PAULO,Brasil,3530508,35,33,4.0,16.03,0.0,Cerrado,10.6
61cb19f2-ff4d-3ec2-a1f0-fa9096132f86,-21.8623,-46.98225,2026-03-07 00:39:00,TERRA_M-M,VARGEM GRANDE DO SUL,SÃO PAULO,Brasil,3556404,35,33,4.0,12.43,0.01,Cerrado,11.4
f546679c-3046-30d2-a994-ae2376b43fb4,-21.66272,-56.32867,2026-03-07 00:41:00,TERRA_M-M,BELA VISTA,MATO GROSSO DO SUL,Brasil,5002100,50,33,3.0,0.7,0.31,Cerrado,7.9
d37ba5d7-3482-37c4-8eb9-e09afae152aa,-21.25307,-48.5787,2026-03-07 04:31:00,NOAA-20,MONTE ALTO,SÃO PAULO,Brasil,3531308,35,33,7.0,6.44,0.03,Cerrado,4.6
5ddd4f64-bf75-399f-a232-530195241c82,-21.661,-56.32633,2026-03-07 04:31:00,NOAA-20,BELA VISTA,MATO GROSSO DO SUL,Brasil,5002100,50,33,3.0,0.69,0.54,Cerrado,1.3
dcbc07a6-e6b6-3ffc-b092-230e9625e117,-21.86059,-46.97753,2026-03-07 04:31:00,NOAA-20,VARGEM GRANDE DO SUL,SÃO PAULO,Brasil,3556404,35,33,3.0,12.44,0.01,Cerrado,1.0
e021cafb-1c45-3d16-a1f0-bc783dcb763f,-21.85762,-46.97255,2026-03-07 04:31:00,NOAA-20,VARGEM GRANDE DO SUL,SÃO PAULO,Brasil,3556404,35,33,3.0,12.47,0.01,Cerrado,0.4
d80ec6e5-2670-3fca-99f6-56dc359b1702,-21.66016,-56.33063,2026-03-07 04:31:00,NOAA-20,BELA VISTA,MATO GROSSO DO SUL,Brasil,5002100,50,33,3.0,0.7,0.48,Cerrado,1.5
1d0ac865-f813-3bcc-b659-7574b101a66c,-20.74949,-48.06477,2026-03-07 04:31:00,NOAA-20,MORRO AGUDO,SÃO PAULO,Brasil,3531902,35,33,4.0,15.06,0.0,Cerrado,1.5
8ae35a09-6265-374f-9bb3-19354b74b3a8,-21.70831,-56.3276,2026-03-07 04:31:00,NOAA-20,BELA VISTA,MATO GROSSO DO SUL,Brasil,5002100,50,33,3.0,0.8,0.87,Cerrado,1.2
b5741fed-67ac-36c9-9f7e-766b4edbaf8b,-21.66521,-56.32741,2026-03-07 04:31:00,NOAA-20,BELA VISTA,MATO GROSSO DO SUL,Brasil,5002100,50,33,3.0,0.7,0.27,Cerrado,1.3
ee32e958-0035-3caf-a355-f56bfdda9712,-21.86119,-46.97313,2026-03-07 04:31:00,NOAA-20,VARGEM GRANDE DO SUL,SÃO PAULO,Brasil,3556404,35,33,3.0,12.44,0.01,Cerrado,1.0
a2050509-3a37-3fa5-95e8-81cf86fcfc79,-21.1333,-56.87523,2026-03-07 04:31:00,NOAA-20,PORTO MURTINHO,MATO GROSSO DO SUL,Brasil,5006903,50,33,2.0,5.88,0.05,Cerrado,1.4
e523ca0b-3531-3eff-9d3b-3bdcd0771c2c,-21.66548,-56.32708,2026-03-07 05:22:00,NOAA-21,BELA VISTA,MATO GROSSO DO SUL,Brasil,5002100,50,33,3.0,0.7,0.31,Cerrado,2.9
286aa053-2101-3f1b-93da-08161c4cea63,-21.66232,-56.32919,2026-03-07 05:22:00,NOAA-21,BELA VISTA,MATO GROSSO DO SUL,Brasil,5002100,50,33,3.0,0.7,0.31,Cerrado,2.2
3ce7c9ee-9233-315d-98a9-20849e8743cb,-21.13527,-56.87367,2026-03-07 05:22:00,NOAA-21,PORTO MURTINHO,MATO GROSSO DO SUL,Brasil,5006903,50,33,2.0,5.9,0.04,Cerrado,2.1
a8b6345f-2254-3bc6-9604-434989899f5d,-14.81724,-45.79582,2026-03-07 16:11:00,NOAA-21,COCOS,BAHIA,Brasil,2908101,29,33,0.0,0.64,0.0,Cerrado,12.7
bdd52dc8-08c9-32e9-93d1-7907c1ee7a18,-16.25162,-43.41019,2026-03-07 16:11:00,NOAA-21,FRANCISCO SÁ,MINAS GERAIS,Brasil,3126703,31,33,0.0,2.53,0.0,Cerrado,2.8
e8394250-743c-3510-9cf0-976afcee157d,-14.81279,-45.79638,2026-03-07 16:11:00,NOAA-21,COCOS,BAHIA,Brasil,2908101,29,33,0.0,0.69,0.0,Cerrado,10.1
e895b757-c6bf-34f7-97b9-9dc49ab34767,-14.6686,-50.56367,2026-03-07 16:11:00,NOAA-21,MOZARLÂNDIA,GOIÁS,Brasil,5214002,52,33,1.0,7.54,0.0,Cerrado,1.9
a5379d10-f381-32bd-ad49-37588765d273,-5.91135,-44.38722,2026-03-07 16:13:00,NOAA-21,COLINAS,MARANHÃO,Brasil,2103505,21,33,0.0,3.98,0.0,Cerrado,16.4
81a52f5c-9058-31b8-85a0-e0ac25e50b71,-5.8873,-43.79278,2026-03-07 16:13:00,NOAA-21,BURITI BRAVO,MARANHÃO,Brasil,2102309,21,33,0.0,0.48,0.01,Cerrado,5.4
5261db69-1191-3ae5-94f4-58190692502e,-3.35631,-44.22507,2026-03-07 16:15:00,NOAA-21,ITAPECURU MIRIM,MARANHÃO,Brasil,2105401,21,33,0.0,1.81,0.03,Cerrado,15.8
e4217a83-1733-39aa-867d-af4e043fc599,-18.53093,-43.66394,2026-03-07 16:41:00,NPP-375,DATAS,MINAS GERAIS,Brasil,3121001,31,33,4.0,7.63,0.0,Cerrado,26.6
d6b7679a-e365-3f43-a0e3-1578a0673863,-14.24723,-44.34969,2026-03-07 16:41:00,NPP-375,FEIRA DA MATA,BAHIA,Brasil,2910776,29,33,1.0,1.2,0.03,Cerrado,0.2
fda0b246-8fc4-324b-8b7b-9188a86aad50,-18.53427,-43.66335,2026-03-07 16:41:00,NPP-375,DATAS,MINAS GERAIS,Brasil,3121001,31,33,4.0,7.88,0.0,Cerrado,26.6
28ae74c4-c5e5-336e-b2d1-b8c29582d3b9,-14.87006,-43.50411,2026-03-07 16:41:00,NPP-375,MATIAS CARDOSO,MINAS GERAIS,Brasil,3140852,31,33,2.0,0.1,0.08,Cerrado,3.5
316466e7-d368-3d7a-8ad6-abd17d5ee252,-20.39509,-53.85659,2026-03-07 16:41:00,NPP-375,RIBAS DO RIO PARDO,MATO GROSSO DO SUL,Brasil,5007109,50,33,9.0,1.8,0.28,Cerrado,1.0
a6e961e8-8794-3b06-ae42-0274c313e624,-14.86663,-43.5047,2026-03-07 16:41:00,NPP-375,GAMELEIRAS,MINAS GERAIS,Brasil,3127339,31,33,2.0,0.1,0.07,Cerrado,3.5
28b1d2fd-12aa-3eb9-a99b-2ff072fbfdc4,-5.46475,-44.01043,2026-03-07 16:43:00,NPP-375,GOVERNADOR EUGÊNIO BARROS,MARANHÃO,Brasil,2104602,21,33,0.0,0.2,0.0,Cerrado,6.3
0a798239-66ab-30e9-8548-2b34c5f9a92d,-5.91092,-44.38501,2026-03-07 16:43:00,NPP-375,COLINAS,MARANHÃO,Brasil,2103505,21,33,0.0,3.94,0.0,Cerrado,8.6
2d346332-c28d-316e-a776-ace8b35ed382,-5.92537,-45.54289,2026-03-07 16:43:00,NPP-375,GRAJAÚ,MARANHÃO,Brasil,2104800,21,33,0.0,0.4,0.01,Cerrado,18.2
98310ef7-2d7c-3961-973f-f4b8331302db,-5.46314,-44.01175,2026-03-07 16:43:00,NPP-375,GOVERNADOR EUGÊNIO BARROS,MARANHÃO,Brasil,2104602,21,33,0.0,0.2,0.0,Cerrado,2.8
1cf45a8e-6a8f-3459-955f-9d8da399c244,-22.84425,-48.49274,2026-03-07 17:02:00,NOAA-20,BOTUCATU,SÃO PAULO,Brasil,3507506,35,33,3.0,0.89,0.61,Cerrado,3.4
8130b880-e99f-3789-8ccc-536c58bdc9ae,-11.67271,-59.07312,2026-03-07 17:04:00,NOAA-20,JUÍNA,MATO GROSSO,Brasil,5105150,51,33,0.0,7.79,0.0,Cerrado,10.5
9dc4eb69-312c-3327-844e-5557c6d15b0f,-22.7145,-50.3255,2026-03-07 17:49:00,NOAA-21,CÂNDIDO MOTA,SÃO PAULO,Brasil,3510005,35,33,10.0,0.0,1.0,Cerrado,6.2
29ff747c-9a56-37a6-a328-2f8f6547a4fc,-22.24989,-56.01297,2026-03-07 17:51:00,NOAA-21,ANTÔNIO JOÃO,MATO GROSSO DO SUL,Brasil,5000906,50,33,1.0,2.47,0.62,Cerrado,3.7
3d2f7c5a-bc02-34f4-bfa9-c654126a78cb,-5.85279,-43.40809,2026-03-07 18:06:00,AQUA_M-T,PARNARAMA,MARANHÃO,Brasil,2107803,21,33,0.0,1.5,0.0,Cerrado,7.0
06a03aeb-40e0-35d1-ae8a-905451f209c5,-5.41792,-43.20604,2026-03-07 18:06:00,AQUA_M-T,MATÕES,MARANHÃO,Brasil,2106607,21,33,0.0,1.34,0.0,Cerrado,6.1
06bb0083-be5c-3f02-8d88-6e4a545e7b97,-5.7946,-44.01899,2026-03-07 18:06:00,AQUA_M-T,BURITI BRAVO,MARANHÃO,Brasil,2102309,21,33,0.0,0.1,0.01,Cerrado,5.5
1074c10e-c9f3-3ff9-b1c4-329381a6a096,-5.23495,-43.21834,2026-03-07 18:06:00,AQUA_M-T,MATÕES,MARANHÃO,Brasil,2106607,21,33,0.0,0.3,0.0,Cerrado,6.7
9e73e1e7-5bd7-32a0-bb40-03caa6c7436d,-5.78334,-43.81277,2026-03-07 18:06:00,AQUA_M-T,BURITI BRAVO,MARANHÃO,Brasil,2102309,21,33,0.0,0.2,0.01,Cerrado,5.1
16b0cb82-3caf-310f-aa43-c1985102dfc0,-5.33099,-43.56752,2026-03-07 18:06:00,AQUA_M-T,MATÕES,MARANHÃO,Brasil,2106607,21,33,0.0,1.18,0.01,Cerrado,8.8
7a3813a4-e0cd-35a5-b8a1-ece2e94c17ee,-21.61953,-53.86356,2026-03-07 18:21:00,NPP-375,NOVA ALVORADA DO SUL,MATO GROSSO DO SUL,Brasil,5006002,50,33,10.0,0.0,0.44,Cerrado,5.5
7281f851-5282-3492-9d33-3ec9e29d045b,-22.24833,-55.98097,2026-03-07 18:21:00,NPP-375,ANTÔNIO JOÃO,MATO GROSSO DO SUL,Brasil,5000906,50,33,1.0,2.4,0.12,Cerrado,7.5
4ae6225e-89f1-38e0-8f0e-bd33c9492b56,-22.2302,-56.05226,2026-03-07 18:21:00,NPP-375,ANTÔNIO JOÃO,MATO GROSSO DO SUL,Brasil,5000906,50,33,2.0,2.33,0.67,Cerrado,7.5
d13f0866-a5e4-3db9-9cae-5203fb47abf2,-22.26476,-55.79698,2026-03-07 18:21:00,NPP-375,ANTÔNIO JOÃO,MATO GROSSO DO SUL,Brasil,5000906,50,33,6.0,1.07,0.77,Cerrado,3.0
9559d4c1-a004-39a2-b3b1-59332c6dcd42,-24.0391,-49.5187,2026-03-07 22:30:00,GOES-19,SENGÉS,PARANÁ,Brasil,4126306,41,33,9.0,1.59,0.82,Cerrado,70.9
f585dfd0-129f-348d-bc14-79259ee6f612,-24.0384,-49.5423,2026-03-07 22:30:00,GOES-19,SENGÉS,PARANÁ,Brasil,4126306,41,33,9.0,1.72,0.31,Cerrado,142.7
29330c40-7714-366b-8397-4cf7fc6b0ef8,-24.0384,-49.5423,2026-03-07 22:40:00,GOES-19,SENGÉS,PARANÁ,Brasil,4126306,41,33,9.0,1.72,0.31,Cerrado,115.0
df62e0ec-6d9d-3fff-8e5a-567f77c381e4,-24.0391,-49.5187,2026-03-07 22:40:00,GOES-19,SENGÉS,PARANÁ,Brasil,4126306,41,33,9.0,1.59,0.82,Cerrado,72.9
44fc9fbb-b6c6-34d3-a15f-586a0bff549d,-24.0384,-49.5423,2026-03-07 22:50:00,GOES-19,SENGÉS,PARANÁ,Brasil,4126306,41,33,9.0,1.72,0.31,Cerrado,100.9
baf281e8-9df2-3827-9afd-e6a54270e50b,-24.0384,-49.5423,2026-03-07 23:00:00,GOES-19,SENGÉS,PARANÁ,Brasil,4126306,41,33,9.0,1.72,0.31,Cerrado,137.2
862bcdca-6083-3723-a478-5b2c60401095,-24.0597,-49.5369,2026-03-07 23:10:00,GOES-19,SENGÉS,PARANÁ,Brasil,4126306,41,33,9.0,1.73,0.86,Cerrado,134.8
7420d705-b28f-3e9e-840d-fc07285aa2ab,-24.0384,-49.5423,2026-03-07 23:10:00,GOES-19,SENGÉS,PARANÁ,Brasil,4126306,41,33,9.0,1.72,0.31,Cerrado,288.6
846f9610-2004-3f00-a6df-4314a3b8f5b4,-24.0171,-49.5478,2026-03-07 23:10:00,GOES-19,SENGÉS,PARANÁ,Brasil,4126306,41,33,9.0,1.7,0.19,Cerrado,72.8
439b8632-d2a8-31f3-9bd9-c8d807d2e6a1,-24.0376,-49.5659,2026-03-07 23:10:00,GOES-19,SENGÉS,PARANÁ,Brasil,4126306,41,33,9.0,1.8,0.53,Cerrado,94.6
e3bf49d8-67bf-3404-aa38-bae8e123808f,-24.0391,-49.5187,2026-03-07 23:10:00,GOES-19,SENGÉS,PARANÁ,Brasil,4126306,41,33,9.0,1.59,0.82,Cerrado,102.3
aae79504-675e-3351-8976-48bf0902a4ce,-24.0384,-49.5423,2026-03-07 23:20:00,GOES-19,SENGÉS,PARANÁ,Brasil,4126306,41,33,9.0,1.72,0.31,Cerrado,84.6
beb31f08-254f-3b1c-bd57-18fad74fc4ff,-24.0376,-49.5659,2026-03-07 23:30:00,GOES-19,SENGÉS,PARANÁ,Brasil,4126306,41,33,9.0,1.8,0.53,Cerrado,89.8
bcb81990-15a7-3af7-99da-39fb805547ea,-24.0391,-49.5187,2026-03-07 23:30:00,GOES-19,SENGÉS,PARANÁ,Brasil,4126306,41,33,9.0,1.59,0.82,Cerrado,88.8
f17c9d83-736c-351c-bded-d84a9f129bdc,-24.0597,-49.5369,2026-03-07 23:30:00,GOES-19,SENGÉS,PARANÁ,Brasil,4126306,41,33,9.0,1.73,0.86,Cerrado,135.3
8bc009f5-53b5-3a77-b68d-55c2a89f43a2,-24.0384,-49.5423,2026-03-07 23:30:00,GOES-19,SENGÉS,PARANÁ,Brasil,4126306,41,33,9.0,1.72,0.31,Cerrado,265.1
33b96b94-bad3-341f-9908-386d3a5e236c,-24.0391,-49.5187,2026-03-07 23:40:00,GOES-19,SENGÉS,PARANÁ,Brasil,4126306,41,33,9.0,1.59,0.82,Cerrado,115.1
958feb86-e54f-3950-82c6-13b8c994aa67,-24.0171,-49.5478,2026-03-07 23:40:00,GOES-19,SENGÉS,PARANÁ,Brasil,4126306,41,33,9.0,1.7,0.19,Cerrado,79.2
71000be3-03ce-331a-aefd-c887f694e900,-24.0597,-49.5369,2026-03-07 23:40:00,GOES-19,SENGÉS,PARANÁ,Brasil,4126306,41,33,9.0,1.73,0.86,Cerrado,118.5
0d53b8db-46de-39eb-b99f-72e3d03c7d58,-24.0384,-49.5423,2026-03-07 23:40:00,GOES-19,SENGÉS,PARANÁ,Brasil,4126306,41,33,9.0,1.72,0.31,Cerrado,370.6
f583b897-d0f3-30c5-90cb-46f2dc846b19,-24.0376,-49.5659,2026-03-07 23:40:00,GOES-19,SENGÉS,PARANÁ,Brasil,4126306,41,33,9.0,1.8,0.53,Cerrado,138.4
4aba6c1f-09ea-391e-a928-7ff338eef2f8,-24.0597,-49.5369,2026-03-07 23:50:00,GOES-19,SENGÉS,PARANÁ,Brasil,4126306,41,33,9.0,1.73,0.86,Cerrado,144.8
2ab69e4f-3de5-3699-9ec2-914a3e075a62,-24.0384,-49.5423,2026-03-07 23:50:00,GOES-19,SENGÉS,PARANÁ,Brasil,4126306,41,33,9.0,1.72,0.31,Cerrado,281.2
73adab63-8d38-3b3b-96ab-d882a6c050d5,-24.0376,-49.5659,2026-03-07 23:50:00,GOES-19,SENGÉS,PARANÁ,Brasil,4126306,41,33,9.0,1.8,0.53,Cerrado,105.6
7806bfca-0a9a-307b-91d6-8289b2dc5f97,-24.0171,-49.5478,2026-03-07 23:50:00,GOES-19,SENGÉS,PARANÁ,Brasil,4126306,41,33,9.0,1.7,0.19,Cerrado,90.0
194bf12c-eaff-3b66-841c-924559bbd931,-24.0391,-49.5187,2026-03-07 23:50:00,GOES-19,SENGÉS,PARANÁ,Brasil,4126306,41,33,9.0,1.59,0.82,Cerrado,91.0
95a8d7ec-210e-36cf-8ed7-82078ece4a4a,-24.0391,-49.5187,2026-03-08 00:00:00,GOES-19,SENGÉS,PARANÁ,Brasil,4126306,41,33,9.0,6.37,0.27,Cerrado,83.7
6ff598f3-9c54-37bd-83b2-c33c14a05a56,-24.0384,-49.5423,2026-03-08 00:00:00,GOES-19,SENGÉS,PARANÁ,Brasil,4126306,41,33,9.0,6.59,0.09,Cerrado,238.9
7af6d2f5-cca4-3f9e-837a-409d2f4e83d4,-24.0597,-49.5369,2026-03-08 00:00:00,GOES-19,SENGÉS,PARANÁ,Brasil,4126306,41,33,9.0,6.7,0.32,Cerrado,128.5
96a1906e-ed9d-34a7-8f94-632a9d13c9fa,-24.0376,-49.5659,2026-03-08 00:00:00,GOES-19,SENGÉS,PARANÁ,Brasil,4126306,41,33,9.0,6.4,0.27,Cerrado,102.9
6908b5e5-738d-30f0-8bf4-108eff6a0b30,-24.0391,-49.5187,2026-03-08 00:10:00,GOES-19,SENGÉS,PARANÁ,Brasil,4126306,41,33,9.0,6.37,0.27,Cerrado,95.9
20d5d927-4b60-3bd0-b4fe-47f15daa7c4c,-24.0376,-49.5659,2026-03-08 00:10:00,GOES-19,SENGÉS,PARANÁ,Brasil,4126306,41,33,9.0,6.4,0.27,Cerrado,111.8
1740b04a-c6f1-36b3-9d15-49b558e15770,-24.0597,-49.5369,2026-03-08 00:10:00,GOES-19,SENGÉS,PARANÁ,Brasil,4126306,41,33,9.0,6.7,0.32,Cerrado,86.9
1eba5e16-0ad7-3756-a28b-ee1051de6c35,-24.0384,-49.5423,2026-03-08 00:10:00,GOES-19,SENGÉS,PARANÁ,Brasil,4126306,41,33,9.0,6.59,0.09,Cerrado,258.1
a2c99310-e9c8-3d75-87ee-8fd9b7d19115,-24.0376,-49.5659,2026-03-08 00:20:00,GOES-19,SENGÉS,PARANÁ,Brasil,4126306,41,33,9.0,6.4,0.27,Cerrado,105.6
751f104f-88ff-3825-ac06-78f25031880d,-24.0384,-49.5423,2026-03-08 00:20:00,GOES-19,SENGÉS,PARANÁ,Brasil,4126306,41,33,9.0,6.59,0.09,Cerrado,222.4
6a932df4-9afc-3d2d-8a78-dcb86746e5e4,-24.0384,-49.5423,2026-03-08 00:30:00,GOES-19,SENGÉS,PARANÁ,Brasil,4126306,41,33,9.0,6.59,0.09,Cerrado,144.4
0b659bb6-369f-3970-96f4-7162dbeb73ec,-24.0597,-49.5369,2026-03-08 00:30:00,GOES-19,SENGÉS,PARANÁ,Brasil,4126306,41,33,9.0,6.7,0.32,Cerrado,79.3
cfd05ee6-31fc-3eb0-ad55-51884d9060fb,-24.0376,-49.5659,2026-03-08 00:30:00,GOES-19,SENGÉS,PARANÁ,Brasil,4126306,41,33,9.0,6.4,0.27,Cerrado,81.6
b2a23437-e79a-35f0-8750-4c3b5646559f,-24.0384,-49.5423,2026-03-08 00:40:00,GOES-19,SENGÉS,PARANÁ,Brasil,4126306,41,33,9.0,6.59,0.09,Cerrado,163.6
51ff24a7-1911-3632-b411-1053066f8bdd,-24.0376,-49.5659,2026-03-08 00:40:00,GOES-19,SENGÉS,PARANÁ,Brasil,4126306,41,33,9.0,6.4,0.27,Cerrado,98.8
0cdb1b22-a2fe-3eb7-9c8d-55dc811e7275,-24.0597,-49.5369,2026-03-08 00:40:00,GOES-19,SENGÉS,PARANÁ,Brasil,4126306,41,33,9.0,6.7,0.32,Cerrado,84.6
06f2acdc-a361-33cb-a7f6-5ad6a8d4e310,-24.0384,-49.5423,2026-03-08 00:50:00,GOES-19,SENGÉS,PARANÁ,Brasil,4126306,41,33,9.0,6.59,0.09,Cerrado,208.4
7d346398-49dd-3365-99df-813cded68278,-24.0376,-49.5659,2026-03-08 00:50:00,GOES-19,SENGÉS,PARANÁ,Brasil,4126306,41,33,9.0,6.4,0.27,Cerrado,121.2
b04a94a2-62af-3554-b98d-623c91518005,-24.0384,-49.5423,2026-03-08 01:00:00,GOES-19,SENGÉS,PARANÁ,Brasil,4126306,41,33,9.0,6.59,0.09,Cerrado,179.4
89c7ad96-4d0a-37d4-9ab9-4e12040a9484,-24.0376,-49.5659,2026-03-08 01:00:00,GOES-19,SENGÉS,PARANÁ,Brasil,4126306,41,33,9.0,6.4,0.27,Cerrado,104.3
cc706446-4a6c-3b28-8512-dacbc428e94d,-24.0597,-49.5369,2026-03-08 01:10:00,GOES-19,SENGÉS,PARANÁ,Brasil,4126306,41,33,9.0,6.7,0.32,Cerrado,85.9
4b953312-1768-3e01-83d3-8719b3dcb1a5,-24.0384,-49.5423,2026-03-08 01:10:00,GOES-19,SENGÉS,PARANÁ,Brasil,4126306,41,33,9.0,6.59,0.09,Cerrado,190.4
c796c8b6-e0df-3630-8988-60a3b454f7cd,-24.0376,-49.5659,2026-03-08 01:10:00,GOES-19,SENGÉS,PARANÁ,Brasil,4126306,41,33,9.0,6.4,0.27,Cerrado,106.5
b0e939d8-4090-328d-9add-94044a08d777,-24.0384,-49.5423,2026-03-08 01:20:00,GOES-19,SENGÉS,PARANÁ,Brasil,4126306,41,33,9.0,6.59,0.09,Cerrado,162.8
99bd8c33-219b-3714-924f-8d2f7632521d,-24.0376,-49.5659,2026-03-08 01:20:00,GOES-19,SENGÉS,PARANÁ,Brasil,4126306,41,33,9.0,6.4,0.27,Cerrado,106.9
60e97613-22dd-3720-82c8-f518865aadea,-24.0384,-49.5423,2026-03-08 01:30:00,GOES-19,SENGÉS,PARANÁ,Brasil,4126306,41,33,9.0,6.59,0.09,Cerrado,109.6
9c7333f2-ba68-3a3e-b9e4-93c008c146d4,-24.0376,-49.5659,2026-03-08 01:30:00,GOES-19,SENGÉS,PARANÁ,Brasil,4126306,41,33,9.0,6.4,0.27,Cerrado,63.9
ed0369f2-2385-3b4a-ac8b-a93527bf3f03,-24.0384,-49.5423,2026-03-08 01:40:00,GOES-19,SENGÉS,PARANÁ,Brasil,4126306,41,33,9.0,6.59,0.09,Cerrado,80.9
409485d2-d042-394e-9019-1609996ddba3,-24.0384,-49.5423,2026-03-08 02:00:00,GOES-19,SENGÉS,PARANÁ,Brasil,4126306,41,33,9.0,6.59,0.09,Cerrado,94.0
67fe8922-c541-3d6e-b3f5-6ff021af15d2,-24.03286,-49.54299,2026-03-08 03:53:00,NPP-375D,SENGÉS,PARANÁ,Brasil,4126306,41,33,9.0,6.51,0.11,Cerrado,1.8
b00d661a-0b21-30a4-b27b-0f4d6349bc5c,-24.03017,-49.55458,2026-03-08 03:53:00,NPP-375D,SENGÉS,PARANÁ,Brasil,4126306,41,33,9.0,6.48,0.16,Cerrado,2.0
a54bc840-47b4-3d17-b8d4-66be6dc9a7e7,-24.04149,-49.54677,2026-03-08 03:53:00,NPP-375D,SENGÉS,PARANÁ,Brasil,4126306,41,33,9.0,6.7,0.08,Cerrado,1.2
5e69a573-e352-39f5-ad21-f96a692f6122,-24.04162,-49.55383,2026-03-08 03:53:00,NPP-375D,SENGÉS,PARANÁ,Brasil,4126306,41,33,9.0,6.67,0.04,Cerrado,3.4
bc93966f-8209-36b3-9988-56f4cd34b89a,-24.03092,-49.54369,2026-03-08 03:53:00,NPP-375D,SENGÉS,PARANÁ,Brasil,4126306,41,33,9.0,6.5,0.16,Cerrado,1.2
9d4374d8-fcff-362f-93b3-9a86326377a2,-24.03196,-49.54686,2026-03-08 03:53:00,NPP-375D,SENGÉS,PARANÁ,Brasil,4126306,41,33,9.0,6.54,0.08,Cerrado,2.2
78535033-640c-39fa-84ff-e7a5df1e4f43,-24.03814,-49.5445,2026-03-08 03:53:00,NPP-375D,SENGÉS,PARANÁ,Brasil,4126306,41,33,9.0,6.61,0.07,Cerrado,1.2
a90d94d1-4a19-3017-979c-98cdd6b05805,-24.03361,-49.55683,2026-03-08 03:53:00,NPP-375D,SENGÉS,PARANÁ,Brasil,4126306,41,33,9.0,6.51,0.09,Cerrado,6.4
cf27863c-b00f-3fec-b26e-1af833f855cf,-24.03446,-49.55301,2026-03-08 03:53:00,NPP-375D,SENGÉS,PARANÁ,Brasil,4126306,41,33,9.0,6.56,0.05,Cerrado,6.8
629f1382-d51b-3f1b-ac8d-2c26ae4e221b,-24.03724,-49.5484,2026-03-08 03:53:00,NPP-375D,SENGÉS,PARANÁ,Brasil,4126306,41,33,9.0,6.63,0.05,Cerrado,3.4
e4b5438e-f6f9-31cf-b1e6-d9456a204a49,-24.03708,-49.5413,2026-03-08 03:53:00,NPP-375D,SENGÉS,PARANÁ,Brasil,4126306,41,33,9.0,6.56,0.08,Cerrado,1.2
d664c855-8bf3-32e9-b64e-26452868cb12,-24.03634,-49.55229,2026-03-08 03:53:00,NPP-375D,SENGÉS,PARANÁ,Brasil,4126306,41,33,9.0,6.6,0.04,Cerrado,3.4
8bb02dba-06f7-3e09-bedd-770aa9e68cd9,-24.03904,-49.54062,2026-03-08 03:53:00,NPP-375D,SENGÉS,PARANÁ,Brasil,4126306,41,33,9.0,6.59,0.11,Cerrado,1.2
a0671d31-2b9e-342c-adf9-62e9eee0bb16,-24.03975,-49.55455,2026-03-08 03:53:00,NPP-375D,SENGÉS,PARANÁ,Brasil,4126306,41,33,9.0,6.62,0.04,Cerrado,4.1
714822fb-2341-356d-99d5-7c510a59d797,-24.04061,-49.55069,2026-03-08 03:53:00,NPP-375D,SENGÉS,PARANÁ,Brasil,4126306,41,33,9.0,6.7,0.04,Cerrado,4.1
e12af77f-4d38-32ce-bf52-11d762d7c488,-24.04075,-49.55759,2026-03-08 03:53:00,NPP-375D,SENGÉS,PARANÁ,Brasil,4126306,41,33,9.0,6.59,0.04,Cerrado,6.8
a73f521c-434d-3df9-a466-437a346564dc,-24.03621,-49.54521,2026-03-08 03:53:00,NPP-375D,SENGÉS,PARANÁ,Brasil,4126306,41,33,9.0,6.58,0.05,Cerrado,1.2
56c883ad-e0cb-3a79-af4d-f5d11ebb0cdb,-24.03546,-49.5561,2026-03-08 03:53:00,NPP-375D,SENGÉS,PARANÁ,Brasil,4126306,41,33,9.0,6.54,0.04,Cerrado,6.8
604c764f-39c7-3954-b99e-f4e4bf80b530,-24.03794,-49.5375,2026-03-08 03:53:00,NPP-375D,SENGÉS,PARANÁ,Brasil,4126306,41,33,9.0,6.54,0.2,Cerrado,0.8
41b758c1-de4b-35e5-9c62-dc04dd0ada6f,-24.0389,-49.55832,2026-03-08 03:53:00,NPP-375D,SENGÉS,PARANÁ,Brasil,4126306,41,33,9.0,6.56,0.04,Cerrado,6.1
270e6b29-7a5c-33b7-b5ea-d8e1463b6ee8,-12.48244,-43.64886,2026-03-08 04:10:00,NOAA-20,BREJOLÂNDIA,BAHIA,Brasil,2904407,29,33,0.0,0.3,0.0,Cerrado,0.7
dc4d3408-51e9-3bc0-a8c1-1512ee6dbdde,-14.94282,-42.80088,2026-03-08 04:12:00,NOAA-20,ESPINOSA,MINAS GERAIS,Brasil,3124302,31,33,6.0,0.0,0.06,Cerrado,0.5
5422735e-e8d6-3327-8236-de906be2c81c,-24.03914,-49.55632,2026-03-08 04:14:00,NOAA-20,SENGÉS,PARANÁ,Brasil,4126306,41,33,9.0,6.59,0.04,Cerrado,8.8
c10519fa-2b3a-3a0e-b4ed-4c19ec12ac90,-24.03893,-49.53665,2026-03-08 04:14:00,NOAA-20,SENGÉS,PARANÁ,Brasil,4126306,41,33,9.0,6.55,0.25,Cerrado,1.0
200cdb04-749b-3229-a9db-20d19db24748,-24.04,-49.55162,2026-03-08 04:14:00,NOAA-20,SENGÉS,PARANÁ,Brasil,4126306,41,33,9.0,6.67,0.04,Cerrado,8.8
4063eb30-db64-39c4-af50-feb43b8b9fd9,-24.03637,-49.5508,2026-03-08 04:14:00,NOAA-20,SENGÉS,PARANÁ,Brasil,4126306,41,33,9.0,6.62,0.04,Cerrado,8.8
881434a8-fb8e-3750-8a5f-a944bcd3a502,-24.03445,-49.54053,2026-03-08 04:14:00,NOAA-20,SENGÉS,PARANÁ,Brasil,4126306,41,33,9.0,6.5,0.07,Cerrado,2.1
9468f65d-0da3-3480-ad72-955d60dee793,-24.03808,-49.54132,2026-03-08 04:14:00,NOAA-20,SENGÉS,PARANÁ,Brasil,4126306,41,33,9.0,6.58,0.09,Cerrado,2.0
e0288972-8b54-3943-b0d4-d804d909c8b5,-24.03551,-49.55552,2026-03-08 04:14:00,NOAA-20,SENGÉS,PARANÁ,Brasil,4126306,41,33,9.0,6.55,0.04,Cerrado,8.8
d5448536-4b4d-38c6-ad8a-917d1d166875,-24.03359,-49.54526,2026-03-08 04:14:00,NOAA-20,SENGÉS,PARANÁ,Brasil,4126306,41,33,9.0,6.54,0.07,Cerrado,2.1
bf94a759-7906-36ff-8a1c-62149c7a032e,-24.04086,-49.54687,2026-03-08 04:14:00,NOAA-20,SENGÉS,PARANÁ,Brasil,4126306,41,33,9.0,6.69,0.07,Cerrado,2.0
33487dd0-160e-38c6-9d49-6939a710dc49,-24.03187,-49.55471,2026-03-08 04:14:00,NOAA-20,SENGÉS,PARANÁ,Brasil,4126306,41,33,9.0,6.5,0.12,Cerrado,3.1
b36a0e30-40d3-3f29-8178-94febf55670d,-24.03409,-49.54426,2026-03-08 05:04:00,NOAA-21,SENGÉS,PARANÁ,Brasil,4126306,41,33,9.0,6.54,0.07,Cerrado,1.5
42e16d50-4e52-323a-beb5-44defdec7d69,-24.03971,-49.53887,2026-03-08 05:04:00,NOAA-21,SENGÉS,PARANÁ,Brasil,4126306,41,33,9.0,6.58,0.17,Cerrado,0.9
b6c1dc18-3d4f-3d3b-820b-0569212a245a,-24.03795,-49.55684,2026-03-08 05:04:00,NOAA-21,SENGÉS,PARANÁ,Brasil,4126306,41,33,9.0,6.57,0.04,Cerrado,15.8
ae283f0e-0247-3109-b723-db34f3267ed5,-24.03912,-49.54487,2026-03-08 05:04:00,NOAA-21,SENGÉS,PARANÁ,Brasil,4126306,41,33,9.0,6.63,0.08,Cerrado,1.9
3e451687-3d9b-34a7-9020-7c432c07eef9,-24.03854,-49.5508,2026-03-08 05:04:00,NOAA-21,SENGÉS,PARANÁ,Brasil,4126306,41,33,9.0,6.66,0.04,Cerrado,12.9
52e9cb2a-8e05-35ad-a188-61077fedc192,-24.03438,-49.54128,2026-03-08 05:04:00,NOAA-21,SENGÉS,PARANÁ,Brasil,4126306,41,33,9.0,6.51,0.07,Cerrado,1.5
d88fab7f-f6e7-3d89-a003-7ec9cd71ef8d,-24.03883,-49.54784,2026-03-08 05:04:00,NOAA-21,SENGÉS,PARANÁ,Brasil,4126306,41,33,9.0,6.66,0.06,Cerrado,12.9
2aa16fc0-8723-3e6a-ae3c-b3485f6ad989,-24.04357,-49.55139,2026-03-08 05:04:00,NOAA-21,SENGÉS,PARANÁ,Brasil,4126306,41,33,9.0,6.74,0.04,Cerrado,12.9
bf0a891f-91e6-33fb-9fde-77330086bdbe,-24.03825,-49.5538,2026-03-08 05:04:00,NOAA-21,SENGÉS,PARANÁ,Brasil,4126306,41,33,9.0,6.61,0.04,Cerrado,15.8
d3356f9b-9c0e-3eb6-b8f3-0e091ececd84,-24.04024,-49.55099,2026-03-08 05:33:00,NPP-375D,SENGÉS,PARANÁ,Brasil,4126306,41,33,9.0,6.69,0.04,Cerrado,10.1
d53a10df-1796-307e-b539-c2f4a47e8712,-24.04075,-49.5527,2026-03-08 05:33:00,NPP-375D,SENGÉS,PARANÁ,Brasil,4126306,41,33,9.0,6.67,0.04,Cerrado,13.8
e9ecdb1d-e72a-307f-9354-99a495c9d6ff,-24.03383,-49.54502,2026-03-08 05:33:00,NPP-375D,SENGÉS,PARANÁ,Brasil,4126306,41,33,9.0,6.54,0.07,Cerrado,2.0
797a0a11-1550-340d-b7ec-5263769f41ed,-24.03337,-49.54333,2026-03-08 05:33:00,NPP-375D,SENGÉS,PARANÁ,Brasil,4126306,41,33,9.0,6.52,0.09,Cerrado,2.2
c54810de-b499-3182-806e-68ba564cfc4a,-24.03342,-49.55221,2026-03-08 05:33:00,NPP-375D,SENGÉS,PARANÁ,Brasil,4126306,41,33,9.0,6.56,0.06,Cerrado,3.0
1a05c04a-f38e-3726-8a7d-3c6c8fdf8755,-24.03976,-49.55843,2026-03-08 05:33:00,NPP-375D,SENGÉS,PARANÁ,Brasil,4126306,41,33,9.0,6.57,0.04,Cerrado,9.0
b22bbf39-667b-3b3e-8a07-ce97ba55c7d9,-24.03883,-49.55089,2026-03-08 06:35:00,AQUA_M-M,SENGÉS,PARANÁ,Brasil,4126306,41,33,9.0,6.66,0.04,Cerrado,21.2
39f31c42-0f6c-35ce-a808-bef65367ab33,-17.95366,-43.47316,2026-03-08 15:52:00,NOAA-21,COUTO DE MAGALHÃES DE MINAS,MINAS GERAIS,Brasil,3120102,31,33,0.0,2.04,0.0,Cerrado,1.2
12c6a0d7-d5da-3cfe-8f7d-c30c78bb0834,-19.35307,-44.53453,2026-03-08 15:52:00,NOAA-21,PARAOPEBA,MINAS GERAIS,Brasil,3147402,31,33,5.0,2.44,0.09,Cerrado,1.4
e715f968-7729-318f-8633-0ff9c70e5b92,-11.08035,-46.89412,2026-03-08 15:54:00,NOAA-21,PONTE ALTA DO TOCANTINS,TOCANTINS,Brasil,1717909,17,33,1.0,18.65,0.0,Cerrado,7.9
11fd6f39-4777-342f-880f-08657432fb1c,-11.08096,-46.89919,2026-03-08 15:54:00,NOAA-21,PONTE ALTA DO TOCANTINS,TOCANTINS,Brasil,1717909,17,33,1.0,19.05,0.0,Cerrado,7.9
03ae7768-8be1-303b-932e-40a3774daaad,-7.02275,-47.1601,2026-03-08 15:56:00,NOAA-21,CAROLINA,MARANHÃO,Brasil,2102804,21,33,2.0,0.1,0.0,Cerrado,5.5
1834ce75-66da-3457-ac8c-d20886b1b3f5,-9.47575,-46.08856,2026-03-08 15:56:00,NOAA-21,ALTO PARNAÍBA,MARANHÃO,Brasil,2100501,21,33,0.0,0.08,0.0,Cerrado,13.0
5c874de7-f8c0-34ae-936d-da9e6f82ccab,-9.47627,-46.0927,2026-03-08 15:56:00,NOAA-21,ALTO PARNAÍBA,MARANHÃO,Brasil,2100501,21,33,0.0,0.09,0.0,Cerrado,13.0
8ec74858-c24c-3352-90b7-f8991305599a,-7.02875,-47.15921,2026-03-08 15:56:00,NOAA-21,CAROLINA,MARANHÃO,Brasil,2102804,21,33,2.0,0.1,0.0,Cerrado,19.3
08ccf9ed-c3ff-3afb-b0d4-d4a6291e7d40,-7.09385,-44.84601,2026-03-08 15:56:00,NOAA-21,SÃO FÉLIX DE BALSAS,MARANHÃO,Brasil,2110807,21,33,0.0,0.0,0.0,Cerrado,3.4
353f06cb-21af-38c3-9e83-a5a2ae8bbfdc,-21.02412,-47.98619,2026-03-08 16:22:00,NPP-375,PONTAL,SÃO PAULO,Brasil,3540200,35,33,0.0,0.0,0.03,Cerrado,5.2
20b95e14-edcb-3207-bb94-c4ce163b55d0,-21.02445,-47.98928,2026-03-08 16:22:00,NPP-375,PONTAL,SÃO PAULO,Brasil,3540200,35,33,0.0,0.0,0.03,Cerrado,5.2
c840e8fd-f939-3701-b8b8-0bde3cce9d09,-24.03813,-49.54296,2026-03-08 16:22:00,NPP-375,SENGÉS,PARANÁ,Brasil,4126306,41,33,9.0,6.59,0.08,Cerrado,9.6
65b0d66d-ae30-30d6-9311-97064872e072,-21.02065,-48.00232,2026-03-08 16:22:00,NPP-375,PONTAL,SÃO PAULO,Brasil,3540200,35,33,0.0,0.0,0.03,Cerrado,3.8
23e29ad4-9ec9-362c-9e9a-4ca04257577b,-24.03701,-49.54427,2026-03-08 16:22:00,NPP-375,SENGÉS,PARANÁ,Brasil,4126306,41,33,9.0,6.58,0.06,Cerrado,13.2
c50041d0-f79e-3996-9f06-373f3b63d236,-21.02543,-47.99859,2026-03-08 16:22:00,NPP-375,PONTAL,SÃO PAULO,Brasil,3540200,35,33,0.0,0.0,0.03,Cerrado,3.8
5f2f0100-6d17-32ce-aa29-55f6418ffa60,-21.02098,-48.00543,2026-03-08 16:22:00,NPP-375,PONTAL,SÃO PAULO,Brasil,3540200,35,33,0.0,0.0,0.03,Cerrado,5.6
adf3b0e3-3c59-3b99-ab21-58e6e560b144,-24.03663,-49.53949,2026-03-08 16:22:00,NPP-375,SENGÉS,PARANÁ,Brasil,4126306,41,33,9.0,6.53,0.09,Cerrado,10.2
f9ee7214-9cb7-3373-a5d5-311f69b98943,-21.0251,-47.99549,2026-03-08 16:22:00,NPP-375,PONTAL,SÃO PAULO,Brasil,3540200,35,33,0.0,0.0,0.03,Cerrado,7.8
fce0762b-64be-34b1-9acc-fc8c3dcc1f61,-21.02575,-48.00169,2026-03-08 16:22:00,NPP-375,PONTAL,SÃO PAULO,Brasil,3540200,35,33,0.0,0.0,0.03,Cerrado,3.8
6bb30033-04bd-37ce-a993-70c606739bbb,-24.03231,-49.54361,2026-03-08 16:22:00,NPP-375,SENGÉS,PARANÁ,Brasil,4126306,41,33,9.0,6.51,0.12,Cerrado,8.0
4185a8f8-013a-346e-86e2-93e3ffd53161,-20.97499,-46.06547,2026-03-08 16:22:00,NPP-375,CARMO DO RIO CLARO,MINAS GERAIS,Brasil,3114402,31,33,6.0,2.24,0.27,Cerrado,4.7
70417d03-84ca-366a-8089-5f6233b329be,-11.58331,-46.47952,2026-03-08 16:24:00,NPP-375,DIANÓPOLIS,TOCANTINS,Brasil,1707009,17,33,2.0,5.3,0.0,Cerrado,18.8
ab269d10-ec93-3bc2-9d49-01a2d405e7e8,-11.58363,-46.48011,2026-03-08 16:24:00,NPP-375,DIANÓPOLIS,TOCANTINS,Brasil,1707009,17,33,1.0,5.3,0.0,Cerrado,18.0
bdbb2ecb-c180-3683-a823-3a06382d4c07,-11.58688,-46.47529,2026-03-08 16:24:00,NPP-375,DIANÓPOLIS,TOCANTINS,Brasil,1707009,17,33,1.0,5.25,0.0,Cerrado,24.8
388462d1-771b-313a-b04c-671422e77017,-11.58786,-46.48263,2026-03-08 16:24:00,NPP-375,DIANÓPOLIS,TOCANTINS,Brasil,1707009,17,33,1.0,5.33,0.0,Cerrado,18.8
82072401-d86f-38ac-85a6-d323584f6c36,-11.5919,-46.48195,2026-03-08 16:24:00,NPP-375,DIANÓPOLIS,TOCANTINS,Brasil,1707009,17,33,1.0,5.32,0.0,Cerrado,3.6
bdcdcbfe-f479-3476-aec9-0bcc22d72272,-11.58819,-46.48322,2026-03-08 16:24:00,NPP-375,DIANÓPOLIS,TOCANTINS,Brasil,1707009,17,33,1.0,5.33,0.0,Cerrado,18.0
5afa58b9-f6f7-330c-8fb1-1043bd98031f,-11.58312,-46.47647,2026-03-08 16:24:00,NPP-375,DIANÓPOLIS,TOCANTINS,Brasil,1707009,17,33,2.0,5.27,0.0,Cerrado,17.3
8932bfb4-6bb5-3c6b-b1bf-81778efa3073,-11.58768,-46.47954,2026-03-08 16:24:00,NPP-375,DIANÓPOLIS,TOCANTINS,Brasil,1707009,17,33,1.0,5.3,0.0,Cerrado,18.0
35e243dd-fe66-374a-a93f-8dfd26439ac3,-11.58717,-46.47589,2026-03-08 16:24:00,NPP-375,DIANÓPOLIS,TOCANTINS,Brasil,1707009,17,33,1.0,5.26,0.0,Cerrado,17.3
fbe820b4-5ac9-39d6-8aba-b06d2d85b340,-11.58737,-46.47895,2026-03-08 16:24:00,NPP-375,DIANÓPOLIS,TOCANTINS,Brasil,1707009,17,33,1.0,5.29,0.0,Cerrado,18.8
e0c3a682-c8f1-36a1-8a70-c6c6925e0f76,-4.19936,-42.6474,2026-03-08 16:26:00,NPP-375,MIGUEL ALVES,PIAUÍ,Brasil,2206209,22,33,1.0,1.13,0.0,Cerrado,3.7
a3afde82-4f10-3637-8e58-d81886885dd9,-24.03657,-49.54225,2026-03-08 16:41:00,NOAA-20,SENGÉS,PARANÁ,Brasil,4126306,41,33,9.0,6.56,0.06,Cerrado,18.3
73fce48a-8cea-3363-a5d6-72e35823fd9e,-24.04043,-49.54168,2026-03-08 16:41:00,NOAA-20,SENGÉS,PARANÁ,Brasil,4126306,41,33,9.0,6.63,0.13,Cerrado,18.3
14f84832-6fd0-30e6-99af-3f73bc5c4573,-21.43998,-52.89588,2026-03-08 16:43:00,NOAA-20,SANTA RITA DO PARDO,MATO GROSSO DO SUL,Brasil,5007554,50,33,10.0,1.04,0.7,Cerrado,7.3
950c62fe-9ab3-3698-9521-009a42fb620c,-21.44458,-52.89522,2026-03-08 16:43:00,NOAA-20,SANTA RITA DO PARDO,MATO GROSSO DO SUL,Brasil,5007554,50,33,10.0,1.05,0.7,Cerrado,7.3
0cf118d5-1d1c-3bdc-919a-ee84c9bb58f4,-21.63376,-54.29832,2026-03-08 16:43:00,NOAA-20,NOVA ALVORADA DO SUL,MATO GROSSO DO SUL,Brasil,5006002,50,33,6.0,6.89,0.07,Cerrado,12.0
a2e80ac4-0593-3691-86f1-4397ffdf10d1,-21.35464,-53.04777,2026-03-08 16:43:00,NOAA-20,SANTA RITA DO PARDO,MATO GROSSO DO SUL,Brasil,5007554,50,33,10.0,1.58,0.56,Cerrado,7.4
059cc401-553d-33b1-b448-871accd76c3d,-10.49418,-46.91358,2026-03-08 16:45:00,NOAA-20,MATEIROS,TOCANTINS,Brasil,1712702,17,33,0.0,11.15,0.0,Cerrado,15.2
e12fe637-4bd4-3f42-a69a-e4e678e318fa,-10.48223,-45.091,2026-03-08 16:45:00,NOAA-20,CORRENTE,PIAUÍ,Brasil,2202901,22,33,0.0,0.48,0.0,Cerrado,4.9
05f63cae-6f1f-3ceb-a249-ba411dcb704f,-11.07635,-46.8998,2026-03-08 16:45:00,NOAA-20,PONTE ALTA DO TOCANTINS,TOCANTINS,Brasil,1717909,17,33,1.0,19.33,0.0,Cerrado,3.9
cf865b05-d2b2-3c57-8321-654c69a08080,-11.08169,-46.89843,2026-03-08 16:45:00,NOAA-20,PONTE ALTA DO TOCANTINS,TOCANTINS,Brasil,1717909,17,33,1.0,18.95,0.0,Cerrado,7.8
45b25269-7269-3041-9b6d-ac3a82478b78,-11.58679,-46.48155,2026-03-08 16:45:00,NOAA-20,DIANÓPOLIS,TOCANTINS,Brasil,1707009,17,33,1.0,5.32,0.0,Cerrado,5.6
d36cf44c-c71c-3b44-9785-373d3b20fc22,-11.5845,-46.46702,2026-03-08 16:45:00,NOAA-20,DIANÓPOLIS,TOCANTINS,Brasil,1707009,17,33,1.0,5.17,0.0,Cerrado,18.7
c9ce820a-26e9-3c82-85d6-c4715cf8260e,-10.49082,-46.91412,2026-03-08 16:45:00,NOAA-20,MATEIROS,TOCANTINS,Brasil,1712702,17,33,0.0,11.07,0.0,Cerrado,15.2
1eb519fb-2485-34ac-901d-5469461e2fb2,-11.58959,-46.47739,2026-03-08 16:45:00,NOAA-20,DIANÓPOLIS,TOCANTINS,Brasil,1707009,17,33,1.0,5.28,0.0,Cerrado,7.9
a72abb44-3b37-342e-8efa-348a746fb588,-11.58565,-46.47429,2026-03-08 16:45:00,NOAA-20,DIANÓPOLIS,TOCANTINS,Brasil,1707009,17,33,1.0,5.24,0.0,Cerrado,8.6
4f712c48-3c41-3d88-a17b-a53ccf67a569,-11.58902,-46.47375,2026-03-08 16:45:00,NOAA-20,DIANÓPOLIS,TOCANTINS,Brasil,1707009,17,33,1.0,5.24,0.0,Cerrado,7.9
b6543276-3d25-3d4f-b11d-66a1263e631d,-11.58507,-46.47065,2026-03-08 16:45:00,NOAA-20,DIANÓPOLIS,TOCANTINS,Brasil,1707009,17,33,1.0,5.21,0.0,Cerrado,18.7
9ef48682-589c-3109-aff4-b8db7f95ed47,-11.07833,-46.89896,2026-03-08 16:45:00,NOAA-20,PONTE ALTA DO TOCANTINS,TOCANTINS,Brasil,1717909,17,33,1.0,19.16,0.0,Cerrado,7.8
22a3a73c-91d1-32a6-a723-b1f1d2de3e71,-8.238,-46.51387,2026-03-08 16:45:00,NOAA-20,CAMPOS LINDOS,TOCANTINS,Brasil,1703842,17,33,0.0,0.2,0.0,Cerrado,3.0
ef5d9f14-a107-36d7-a4e4-9e29a8de8ab9,-9.47735,-46.08789,2026-03-08 16:45:00,NOAA-20,ALTO PARNAÍBA,MARANHÃO,Brasil,2100501,21,33,0.0,0.06,0.0,Cerrado,12.1
dbb437a0-0255-3c72-a53e-d8650f73a365,-4.68783,-43.13166,2026-03-08 16:45:00,NOAA-20,CAXIAS,MARANHÃO,Brasil,2103000,21,33,0.0,5.33,0.01,Cerrado,13.2
6d42d900-b92d-3ede-8c36-afd882540b4f,-5.91793,-44.34579,2026-03-08 16:45:00,NOAA-20,COLINAS,MARANHÃO,Brasil,2103505,21,33,0.0,0.3,0.0,Cerrado,10.1
021f62bf-a747-3fc1-b519-7b0562610f92,-8.72496,-47.45164,2026-03-08 16:45:00,NOAA-20,ITACAJÁ,TOCANTINS,Brasil,1710508,17,33,0.0,4.46,0.0,Cerrado,2.4
8415f1bf-8775-35d8-96d8-6b8d00c3c825,-9.47673,-46.08401,2026-03-08 16:45:00,NOAA-20,ALTO PARNAÍBA,MARANHÃO,Brasil,2100501,21,33,0.0,0.03,0.0,Cerrado,26.5
5f3af8e0-301e-368e-b183-de334eda19c9,-10.50316,-46.94913,2026-03-08 16:45:00,NOAA-20,MATEIROS,TOCANTINS,Brasil,1712702,17,33,0.0,11.25,0.0,Cerrado,4.8
14eacccc-db43-3c91-a947-b1ded582bc30,-11.58622,-46.47792,2026-03-08 16:45:00,NOAA-20,DIANÓPOLIS,TOCANTINS,Brasil,1707009,17,33,1.0,5.28,0.0,Cerrado,8.6
e06423df-e044-37c0-80c4-e7fdc859f41d,-8.72551,-47.4552,2026-03-08 16:45:00,NOAA-20,ITACAJÁ,TOCANTINS,Brasil,1710508,17,33,0.0,4.41,0.0,Cerrado,2.4
50e791b1-10ef-33e6-9450-6ae8ac8ba70c,-3.64888,-43.50718,2026-03-08 16:48:00,NOAA-20,CHAPADINHA,MARANHÃO,Brasil,2103208,21,33,0.0,3.97,0.02,Cerrado,6.4
0fda46f0-88c3-3cdd-b6e0-5e564d6623bf,-3.55194,-42.70166,2026-03-08 16:48:00,NOAA-20,MILAGRES DO MARANHÃO,MARANHÃO,Brasil,2106672,21,33,0.0,1.55,0.01,Cerrado,6.0
56ab228d-1723-3f9f-93a7-abe895692029,-20.72727,-56.05507,2026-03-08 17:32:00,NOAA-21,ANASTÁCIO,MATO GROSSO DO SUL,Brasil,5000708,50,33,1.0,1.97,0.06,Cerrado,3.5
002a7a78-5917-313e-b1bb-a4ff0c37ffd7,-21.6537,-54.17366,2026-03-08 17:32:00,NOAA-21,NOVA ALVORADA DO SUL,MATO GROSSO DO SUL,Brasil,5006002,50,33,6.0,7.04,0.05,Cerrado,8.6
5ec40410-a387-3eb7-b86e-3821dad7739c,-21.63964,-54.24451,2026-03-08 17:32:00,NOAA-21,NOVA ALVORADA DO SUL,MATO GROSSO DO SUL,Brasil,5006002,50,33,6.0,7.07,0.06,Cerrado,12.9
85ed7a99-fde2-3fdd-a22b-b868f31afe57,-20.26594,-56.88333,2026-03-08 17:32:00,NOAA-21,BODOQUENA,MATO GROSSO DO SUL,Brasil,5002159,50,33,0.0,1.02,0.09,Cerrado,7.1
d9c44141-4ed7-3bc1-ab84-eaa9d81429ae,-21.65656,-54.1682,2026-03-08 17:32:00,NOAA-21,NOVA ALVORADA DO SUL,MATO GROSSO DO SUL,Brasil,5006002,50,33,6.0,7.0,0.04,Cerrado,8.1
c664179a-c7db-31b8-af9d-840ecf513912,-20.72515,-56.06378,2026-03-08 17:32:00,NOAA-21,ANASTÁCIO,MATO GROSSO DO SUL,Brasil,5000708,50,33,1.0,1.86,0.09,Cerrado,3.8
ec4fad0e-3c54-3da8-b4d0-e8196648f0a4,-20.07048,-57.19212,2026-03-08 17:32:00,NOAA-21,CORUMBÁ,MATO GROSSO DO SUL,Brasil,5003207,50,33,0.0,0.38,0.38,Cerrado,8.6
d0f8ee1d-1d28-3295-b96d-358828fbc565,-21.60528,-54.19186,2026-03-08 17:32:00,NOAA-21,NOVA ALVORADA DO SUL,MATO GROSSO DO SUL,Brasil,5006002,50,33,6.0,9.19,0.03,Cerrado,16.2
cf8a7725-b18e-38d8-9702-ba69b0315d36,-17.45961,-45.99205,2026-03-08 17:34:00,NOAA-21,JOÃO PINHEIRO,MINAS GERAIS,Brasil,3136306,31,33,0.0,0.0,0.0,Cerrado,37.3
4e12ed36-db80-3260-a7f2-c307840b7e97,-19.79511,-57.12455,2026-03-08 17:34:00,NOAA-21,CORUMBÁ,MATO GROSSO DO SUL,Brasil,5003207,50,33,0.0,0.2,0.48,Cerrado,4.5
a575c40d-3d98-35d6-8fb4-0bb90cb5c748,-17.45831,-45.99216,2026-03-08 17:34:00,NOAA-21,JOÃO PINHEIRO,MINAS GERAIS,Brasil,3136306,31,33,0.0,0.0,0.01,Cerrado,41.5
173e7d25-c20c-31b9-a83f-750f86476fa2,-14.06141,-58.77805,2026-03-08 17:34:00,NOAA-21,TANGARÁ DA SERRA,MATO GROSSO,Brasil,5107958,51,33,0.0,10.68,0.0,Cerrado,4.7
e081ddfa-fea3-3fe7-9468-e55750b148de,-19.99429,-57.07649,2026-03-08 18:43:00,AQUA_M-T,CORUMBÁ,MATO GROSSO DO SUL,Brasil,5003207,50,33,0.0,0.4,0.16,Cerrado,37.0
30a4d127-fe90-34fa-bcc8-89c1b251473f,-21.50112,-48.32331,2026-03-08 18:43:00,AQUA_M-T,DOBRADA,SÃO PAULO,Brasil,3514007,35,33,3.0,1.1,0.2,Cerrado,8.0
37919b8e-d8d8-3a2e-8e8b-57bb4cf850c7,-21.53347,-48.29848,2026-03-08 18:43:00,AQUA_M-T,DOBRADA,SÃO PAULO,Brasil,3514007,35,33,1.0,0.92,0.2,Cerrado,6.4
53434cb7-d1b4-31e5-90b3-1df8924c9fd5,-18.54379,-48.62564,2026-03-08 18:43:00,AQUA_M-T,TUPACIGUARA,MINAS GERAIS,Brasil,3169604,31,33,5.0,1.93,0.01,Cerrado,3.5
baf2d0ef-47ed-3cbc-a205-615488f0c923,-17.35414,-46.84867,2026-03-08 18:43:00,AQUA_M-T,PARACATU,MINAS GERAIS,Brasil,3147006,31,33,0.0,0.0,0.02,Cerrado,7.0
b41f8b1a-0bc3-3cac-afc1-0d23cc50772f,-12.88554,-55.47084,2026-03-08 18:45:00,AQUA_M-T,SORRISO,MATO GROSSO,Brasil,5107925,51,33,0.0,2.78,0.0,Cerrado,15.1
e1b2244a-d342-359f-9b07-871bde20e1db,-9.47728,-46.08876,2026-03-08 18:45:00,AQUA_M-T,ALTO PARNAÍBA,MARANHÃO,Brasil,2100501,21,33,0.0,0.07,0.0,Cerrado,55.8
07f944ce-2c11-341b-a7ab-ed53248f82ae,-9.48072,-46.09369,2026-03-08 18:45:00,AQUA_M-T,ALTO PARNAÍBA,MARANHÃO,Brasil,2100501,21,33,0.0,0.07,0.0,Cerrado,64.0
310cdd15-c7df-38ce-9207-5a561cd961c4,-9.96841,-46.47758,2026-03-08 18:45:00,AQUA_M-T,SÃO FÉLIX DO TOCANTINS,TOCANTINS,Brasil,1720150,17,33,0.0,0.1,0.0,Cerrado,16.3
9f55e5d2-84fe-3abf-b66d-983f7fbc6579,-13.05563,-54.92871,2026-03-08 18:45:00,AQUA_M-T,NOVA UBIRATÃ,MATO GROSSO,Brasil,5106240,51,33,1.0,4.62,0.0,Cerrado,16.6
39c77e1f-dbde-3bb6-9cfd-49a76679f546,-12.3794,-50.03832,2026-03-08 18:45:00,AQUA_M-T,SANDOLÂNDIA,TOCANTINS,Brasil,1718840,17,33,0.0,1.59,0.0,Cerrado,6.0
c36941c2-a44b-3424-be59-4abc8c9ed531,-12.46785,-58.06286,2026-03-08 18:45:00,AQUA_M-T,BRASNORTE,MATO GROSSO,Brasil,5101902,51,33,0.0,2.38,0.01,Cerrado,25.6
8b8c43a9-6ba0-30dd-9745-669b6a3940e6,-13.61034,-57.65452,2026-03-08 18:45:00,AQUA_M-T,CAMPO NOVO DO PARECIS,MATO GROSSO,Brasil,5102637,51,33,0.0,12.86,0.0,Cerrado,23.0
46d59b7d-544a-3745-bcb1-0ded4e5aced5,-16.6146,-46.41559,2026-03-09 00:22:00,TERRA_M-M,NATALÂNDIA,MINAS GERAIS,Brasil,3144375,31,33,1.0,1.16,0.01,Cerrado,6.8
b10bb0a4-4d7a-3524-878a-5a8df1407bae,-9.47131,-46.08431,2026-03-09 03:51:00,NOAA-20,ALTO PARNAÍBA,MARANHÃO,Brasil,2100501,21,33,2.0,0.0,0.01,Cerrado,0.3
5b7ac3fe-6fde-314c-956b-7217853e5c45,-9.47581,-46.08829,2026-03-09 03:51:00,NOAA-20,ALTO PARNAÍBA,MARANHÃO,Brasil,2100501,21,33,2.0,0.0,0.01,Cerrado,0.6
f84fc459-a5f7-3356-bf98-2fcc228c7c06,-8.44353,-45.1316,2026-03-09 04:40:00,NOAA-21,BAIXA GRANDE DO RIBEIRO,PIAUÍ,Brasil,2201150,22,33,2.0,0.0,0.02,Cerrado,1.2
74711efb-3383-3241-aaf3-0d4551a8b692,-21.51233,-57.53661,2026-03-09 04:44:00,NOAA-21,PORTO MURTINHO,MATO GROSSO DO SUL,Brasil,5006903,50,33,0.0,4.73,0.26,Cerrado,2.6
f7feddab-195b-3f52-9197-9da534983f5a,-8.43025,-44.02973,2026-03-09 15:35:00,NOAA-21,ALVORADA DO GURGUÉIA,PIAUÍ,Brasil,2200459,22,33,2.0,0.0,0.01,Cerrado,6.9
7f23b9fa-c6db-3221-9987-7346ac0642f9,-8.43306,-44.03142,2026-03-09 15:35:00,NOAA-21,ALVORADA DO GURGUÉIA,PIAUÍ,Brasil,2200459,22,33,2.0,0.0,0.01,Cerrado,15.7
03fb3005-d16f-3706-8ff1-9f3df0eea1ea,-8.43993,-44.03135,2026-03-09 15:35:00,NOAA-21,ALVORADA DO GURGUÉIA,PIAUÍ,Brasil,2200459,22,33,2.0,0.0,0.01,Cerrado,15.7
ecd2d63f-3f55-35ed-9f51-fda0953c63c0,-8.53852,-44.32185,2026-03-09 15:35:00,NOAA-21,PALMEIRA DO PIAUÍ,PIAUÍ,Brasil,2207405,22,33,2.0,0.0,0.03,Cerrado,14.2
1c6aee45-00a7-3a08-aa85-40574cfc6ea0,-8.43705,-44.02915,2026-03-09 15:35:00,NOAA-21,ALVORADA DO GURGUÉIA,PIAUÍ,Brasil,2200459,22,33,2.0,0.0,0.01,Cerrado,21.7
0a5ea188-4f8a-3c21-a9b9-e83f14b284b4,-5.9095,-43.29724,2026-03-09 15:37:00,NOAA-21,PARNARAMA,MARANHÃO,Brasil,2107803,21,33,0.0,4.26,0.01,Cerrado,6.5
c3bc35cf-0f2a-35a2-b659-bcf41f4b198b,-5.91192,-43.29802,2026-03-09 15:37:00,NOAA-21,SÃO FRANCISCO DO MARANHÃO,MARANHÃO,Brasil,2110906,21,33,0.0,4.1,0.01,Cerrado,7.7
69b5318b-a431-3e3f-899e-4c07c1df8fc2,-8.4332,-44.02637,2026-03-09 16:05:00,NPP-375,ALVORADA DO GURGUÉIA,PIAUÍ,Brasil,2200459,22,33,2.0,0.0,0.01,Cerrado,13.3
3429aae8-a0fe-3b16-8ad3-474c666c35fe,-9.47955,-46.08435,2026-03-09 16:05:00,NPP-375,ALTO PARNAÍBA,MARANHÃO,Brasil,2100501,21,33,2.0,0.0,0.01,Cerrado,7.2
355cef35-2d28-377a-b3fe-134d189adb6d,-8.81868,-48.41115,2026-03-09 16:05:00,NPP-375,GUARAÍ,TOCANTINS,Brasil,1709302,17,33,1.0,2.8,0.0,Cerrado,5.4
34feea5b-2a68-32ff-ae2b-88451865e9b3,-8.81879,-48.40989,2026-03-09 16:05:00,NPP-375,GUARAÍ,TOCANTINS,Brasil,1709302,17,33,1.0,2.78,0.0,Cerrado,11.6
c1c450a1-94ed-3842-9eb1-179987ceacae,-18.86419,-44.96712,2026-03-09 16:05:00,NPP-375,POMPÉU,MINAS GERAIS,Brasil,3152006,31,33,4.0,12.22,0.0,Cerrado,2.9
73199b70-6225-3ea0-a035-4b89777b4e54,-9.96352,-46.82315,2026-03-09 16:05:00,NPP-375,LIZARDA,TOCANTINS,Brasil,1712405,17,33,0.0,0.0,0.0,Cerrado,4.0
d437ed3b-91b2-3756-855a-97cb819d94b1,-8.5381,-44.31927,2026-03-09 16:05:00,NPP-375,PALMEIRA DO PIAUÍ,PIAUÍ,Brasil,2207405,22,33,2.0,0.0,0.03,Cerrado,9.6
76f22f59-c218-3103-af7e-73d721d8fa29,-8.43773,-44.02581,2026-03-09 16:05:00,NPP-375,ALVORADA DO GURGUÉIA,PIAUÍ,Brasil,2200459,22,33,2.0,0.0,0.01,Cerrado,13.3
0e951062-48da-33aa-bb48-365a9f5bfe20,-18.9412,-48.34478,2026-03-09 16:05:00,NPP-375,UBERLÂNDIA,MINAS GERAIS,Brasil,3170206,31,33,4.0,16.76,-999.0,Cerrado,5.3
acd607f6-d3ef-323a-ad75-da05d77da12d,-8.8181,-48.40649,2026-03-09 16:05:00,NPP-375,GUARAÍ,TOCANTINS,Brasil,1709302,17,33,1.0,2.7,0.0,Cerrado,9.5
493bc0d2-1ac7-3802-9b89-177c25018584,-8.43673,-44.02449,2026-03-09 16:05:00,NPP-375,ALVORADA DO GURGUÉIA,PIAUÍ,Brasil,2200459,22,33,2.0,0.0,0.01,Cerrado,14.9
343d114f-e997-3196-8ca1-2ea496b30ea5,-7.93521,-44.40015,2026-03-09 16:05:00,NPP-375,URUÇUÍ,PIAUÍ,Brasil,2211209,22,33,2.0,0.3,0.03,Cerrado,10.8
a206ced4-453d-30ee-b58d-fa5c862f8f9e,-17.43081,-43.81723,2026-03-09 16:05:00,NPP-375,BOCAIÚVA,MINAS GERAIS,Brasil,3107307,31,33,0.0,1.66,0.0,Cerrado,7.9
4efe679f-b2fe-32e6-8c44-bfc4268fde4c,-8.43834,-44.03036,2026-03-09 16:05:00,NPP-375,ALVORADA DO GURGUÉIA,PIAUÍ,Brasil,2200459,22,33,2.0,0.0,0.01,Cerrado,8.9
f3ab99f3-ffef-35d7-b258-230f71bb9ec1,-15.66727,-44.45017,2026-03-09 16:05:00,NPP-375,PEDRAS DE MARIA DA CRUZ,MINAS GERAIS,Brasil,3149150,31,33,2.0,0.5,0.01,Cerrado,3.5
ae388775-a051-33f9-8c9d-c6eba52bec8f,-9.47914,-46.08115,2026-03-09 16:05:00,NPP-375,ALTO PARNAÍBA,MARANHÃO,Brasil,2100501,21,33,2.0,0.0,0.01,Cerrado,7.2
a8d692dc-c2b0-3da5-a7e8-4d9ee0b4413b,-8.4338,-44.03085,2026-03-09 16:05:00,NPP-375,ALVORADA DO GURGUÉIA,PIAUÍ,Brasil,2200459,22,33,2.0,0.0,0.01,Cerrado,8.9
3a6df52b-32d6-3733-bd94-bbba09a4cf12,-13.55983,-44.68378,2026-03-09 16:05:00,NPP-375,JABORANDI,BAHIA,Brasil,2917359,29,33,2.0,0.0,0.05,Cerrado,3.5
e3885dcc-3566-3dfa-9057-759cfcc587c7,-10.36829,-44.87658,2026-03-09 16:05:00,NPP-375,CORRENTE,PIAUÍ,Brasil,2202901,22,33,2.0,0.0,0.0,Cerrado,6.4
09405f68-3cb9-324a-b64c-d0477bcef912,-8.43737,-44.02902,2026-03-09 16:05:00,NPP-375,ALVORADA DO GURGUÉIA,PIAUÍ,Brasil,2200459,22,33,2.0,0.0,0.01,Cerrado,16.2
42357d24-8c4e-3f70-baf1-0ab63d3f0256,-8.44499,-45.1287,2026-03-09 16:05:00,NPP-375,BAIXA GRANDE DO RIBEIRO,PIAUÍ,Brasil,2201150,22,33,2.0,0.0,0.02,Cerrado,7.2
3a78489c-045e-3f40-af6c-b15cf52d1637,-9.55844,-46.83295,2026-03-09 16:05:00,NPP-375,LIZARDA,TOCANTINS,Brasil,1712405,17,33,0.0,0.0,0.01,Cerrado,3.2
0b42cf90-a5b6-3e6e-bb51-d23d798be5a3,-8.43284,-44.02956,2026-03-09 16:05:00,NPP-375,ALVORADA DO GURGUÉIA,PIAUÍ,Brasil,2200459,22,33,2.0,0.0,0.01,Cerrado,9.0
31795677-98cd-3643-af28-3b8e89cfc831,-9.5574,-46.83271,2026-03-09 16:05:00,NPP-375,LIZARDA,TOCANTINS,Brasil,1712405,17,33,0.0,0.0,0.01,Cerrado,6.7
be7a1b3b-1170-3996-b0b5-7a165060d81c,-3.32715,-42.50013,2026-03-09 16:07:00,NPP-375,SÃO BERNARDO,MARANHÃO,Brasil,2110609,21,33,2.0,20.44,0.0,Cerrado,15.6
424f7add-ab9b-39fe-9b45-189981e8e676,-3.31956,-42.50126,2026-03-09 16:07:00,NPP-375,SÃO BERNARDO,MARANHÃO,Brasil,2110609,21,33,2.0,20.64,0.0,Cerrado,6.7
ee93e1f6-31dd-3349-849d-84eaa45cbb45,-6.12733,-43.94804,2026-03-09 16:07:00,NPP-375,COLINAS,MARANHÃO,Brasil,2103505,21,33,2.0,3.78,0.01,Cerrado,4.4
e2ea23b8-ee6a-323b-bc5d-5793c012c1db,-11.20897,-47.01466,2026-03-09 16:07:00,NPP-375,ALMAS,TOCANTINS,Brasil,1700400,17,33,0.0,0.45,0.0,Cerrado,15.0
dc1b85e9-3583-3f31-8b99-d4e3d8d00f32,-11.20846,-47.01046,2026-03-09 16:07:00,NPP-375,ALMAS,TOCANTINS,Brasil,1700400,17,33,0.0,0.41,0.0,Cerrado,15.0
d055eb95-ee2e-360d-bbda-b72b6d245d7d,-3.31576,-42.50182,2026-03-09 16:07:00,NPP-375,SÃO BERNARDO,MARANHÃO,Brasil,2110609,21,33,2.0,20.73,0.0,Cerrado,6.7
5908faf9-38dc-37c6-af57-271ed9fa54ff,-6.13167,-43.94743,2026-03-09 16:07:00,NPP-375,COLINAS,MARANHÃO,Brasil,2103505,21,33,2.0,3.78,0.01,Cerrado,4.4
a57e364d-55d0-3dd1-81ba-031d51aa1755,-4.68099,-43.13037,2026-03-09 16:07:00,NPP-375,CAXIAS,MARANHÃO,Brasil,2103000,21,33,0.0,32.03,0.0,Cerrado,9.5
fbd68f4c-c2f0-353d-afe4-a0cb12b9f215,-12.89739,-44.93268,2026-03-09 16:07:00,NPP-375,SÃO DESIDÉRIO,BAHIA,Brasil,2928901,29,33,0.0,3.75,0.01,Cerrado,6.9
6830b23a-aada-3774-a7fa-e84670221a8f,-5.05782,-43.24384,2026-03-09 16:07:00,NPP-375,CAXIAS,MARANHÃO,Brasil,2103000,21,33,0.0,10.76,0.0,Cerrado,5.7
256536a4-f953-3183-b82f-9b867aeb7419,-3.31887,-42.49667,2026-03-09 16:07:00,NPP-375,SÃO BERNARDO,MARANHÃO,Brasil,2110609,21,33,2.0,20.56,0.0,Cerrado,9.4
6603974c-67a8-382e-8ef4-8d4dce8ffef5,-12.38532,-43.45646,2026-03-09 16:07:00,NPP-375,MUQUÉM DO SÃO FRANCISCO,BAHIA,Brasil,2922250,29,33,2.0,0.1,0.01,Cerrado,5.0
73aaf980-0959-3e95-9fdb-a6ae33183129,-3.33095,-42.49958,2026-03-09 16:07:00,NPP-375,SÃO BERNARDO,MARANHÃO,Brasil,2110609,21,33,2.0,20.32,0.0,Cerrado,15.9
d7e3e36c-b706-31a8-9da2-d66437ed8daf,-6.12791,-43.95207,2026-03-09 16:07:00,NPP-375,COLINAS,MARANHÃO,Brasil,2103505,21,33,2.0,3.91,0.01,Cerrado,4.4
b309d8ec-6de8-3760-92d9-7d612d6a3dc5,-4.82104,-42.98677,2026-03-09 16:07:00,NPP-375,CAXIAS,MARANHÃO,Brasil,2103000,21,33,0.0,31.5,0.0,Cerrado,7.4
4d283e8f-ecfc-3c39-827c-da5eb7581a00,-6.12849,-43.95615,2026-03-09 16:07:00,NPP-375,COLINAS,MARANHÃO,Brasil,2103505,21,33,2.0,4.12,0.0,Cerrado,6.9
8a230879-b073-327a-996a-e23b3005efd1,-18.14109,-50.1731,2026-03-09 16:24:00,NOAA-20,BOM JESUS DE GOIÁS,GOIÁS,Brasil,5203500,52,33,7.0,28.02,0.0,Cerrado,3.9
5671deef-b4a9-3646-87fc-932873bd7c5b,-18.14144,-50.17617,2026-03-09 16:24:00,NOAA-20,BOM JESUS DE GOIÁS,GOIÁS,Brasil,5203500,52,33,7.0,28.03,0.0,Cerrado,3.9
c716df05-33fa-3b08-bf6a-1eba82ee0e4b,-17.43031,-43.81597,2026-03-09 16:24:00,NOAA-20,BOCAIÚVA,MINAS GERAIS,Brasil,3107307,31,33,0.0,1.65,0.0,Cerrado,8.7
1623341b-2ec8-30a3-9b01-e9a7444f1454,-18.86797,-44.96629,2026-03-09 16:24:00,NOAA-20,POMPÉU,MINAS GERAIS,Brasil,3152006,31,33,4.0,12.26,0.0,Cerrado,9.2
e99d3c54-0b05-398b-8325-af72b6d4152b,-18.86431,-44.96684,2026-03-09 16:24:00,NOAA-20,POMPÉU,MINAS GERAIS,Brasil,3152006,31,33,4.0,12.22,0.0,Cerrado,24.0
22dbc7a8-8fda-3168-b6c8-f0ea386c78e4,-18.32414,-51.72813,2026-03-09 16:24:00,NOAA-20,SERRANÓPOLIS,GOIÁS,Brasil,5220504,52,33,6.0,44.07,0.0,Cerrado,1.3
6bcdbd41-c6a0-3422-a799-8c90a59ad4eb,-11.20457,-47.01487,2026-03-09 16:26:00,NOAA-20,ALMAS,TOCANTINS,Brasil,1700400,17,33,0.0,0.45,0.0,Cerrado,18.2
f338f82f-ceba-3344-a8ec-4dc980d436ac,-11.2083,-47.01429,2026-03-09 16:26:00,NOAA-20,ALMAS,TOCANTINS,Brasil,1700400,17,33,0.0,0.44,0.0,Cerrado,18.2
a177c066-9f32-31ce-afcf-42be8ffa6551,-17.09789,-46.46902,2026-03-09 16:26:00,NOAA-20,PARACATU,MINAS GERAIS,Brasil,3147006,31,33,2.0,0.0,0.11,Cerrado,48.5
c823797b-1643-3c6b-a105-e7bc471a0502,-11.20392,-47.01029,2026-03-09 16:26:00,NOAA-20,ALMAS,TOCANTINS,Brasil,1700400,17,33,0.0,0.4,0.0,Cerrado,18.2
db0aa756-cd28-3383-af68-6c4e18e37455,-11.21202,-47.01371,2026-03-09 16:26:00,NOAA-20,ALMAS,TOCANTINS,Brasil,1700400,17,33,0.0,0.44,0.0,Cerrado,20.7
20f08d03-5c12-317b-84d3-2e48a46926e8,-17.1018,-46.46852,2026-03-09 16:26:00,NOAA-20,PARACATU,MINAS GERAIS,Brasil,3147006,31,33,2.0,0.0,0.11,Cerrado,14.4
dee3741e-ad3f-3f5e-a98b-89e75a75d4c9,-11.21252,-47.00631,2026-03-09 16:26:00,NOAA-20,ALMAS,TOCANTINS,Brasil,1700400,17,33,0.0,0.37,0.0,Cerrado,6.0
6181cf8f-035a-36b6-8eb0-7c1f76ccdf02,-11.19711,-47.01596,2026-03-09 16:26:00,NOAA-20,ALMAS,TOCANTINS,Brasil,1700400,17,33,0.0,0.46,0.0,Cerrado,3.3
21c724e7-3704-39b5-9104-d2f8198f6abc,-11.21137,-47.00914,2026-03-09 16:26:00,NOAA-20,ALMAS,TOCANTINS,Brasil,1700400,17,33,0.0,0.39,0.0,Cerrado,20.7
d68a7e8a-486e-3701-9b4f-6cd24c837d0d,-11.20764,-47.00971,2026-03-09 16:26:00,NOAA-20,ALMAS,TOCANTINS,Brasil,1700400,17,33,0.0,0.4,0.0,Cerrado,18.2
c6e829f5-884b-33aa-b90c-558e90926ff8,-8.81826,-48.40781,2026-03-09 16:28:00,NOAA-20,GUARAÍ,TOCANTINS,Brasil,1709302,17,33,1.0,2.73,0.0,Cerrado,24.2
bebe0c99-2136-3fcd-bdc7-e0bbe4ccc380,-8.43662,-44.02623,2026-03-09 16:28:00,NOAA-20,ALVORADA DO GURGUÉIA,PIAUÍ,Brasil,2200459,22,33,2.0,0.0,0.01,Cerrado,8.7
bf5ca465-f748-31be-9cc0-aa758e77b078,-4.65845,-43.12643,2026-03-09 16:28:00,NOAA-20,CAXIAS,MARANHÃO,Brasil,2103000,21,33,0.0,31.84,0.0,Cerrado,9.2
dbc79875-86a4-35d4-8574-c4356c3edb59,-3.35418,-44.22628,2026-03-09 16:28:00,NOAA-20,ITAPECURU MIRIM,MARANHÃO,Brasil,2105401,21,33,0.0,12.12,0.0,Cerrado,7.0
a1c2239d-7e6c-369d-813a-fb6e856e810d,-3.24769,-42.19009,2026-03-09 16:28:00,NOAA-20,MAGALHÃES DE ALMEIDA,MARANHÃO,Brasil,2106300,21,33,0.0,12.02,0.0,Cerrado,4.5
63186e23-20c8-3e0a-9bf6-498f79cdf7df,-5.30848,-44.06995,2026-03-09 16:28:00,NOAA-20,SENADOR ALEXANDRE COSTA,MARANHÃO,Brasil,2111748,21,33,0.0,1.06,0.13,Cerrado,24.8
de98e36f-429c-32fd-a22d-2ae6c4e1412c,-4.67651,-43.13108,2026-03-09 16:28:00,NOAA-20,CAXIAS,MARANHÃO,Brasil,2103000,21,33,0.0,32.05,0.0,Cerrado,12.0
133577b0-63ed-3b0a-8434-e4bb190ecd3f,-5.25519,-43.78933,2026-03-09 16:28:00,NOAA-20,SÃO JOÃO DO SOTER,MARANHÃO,Brasil,2111078,21,33,2.0,2.91,0.01,Cerrado,4.6
ac1c48f8-de53-393d-a1c3-5789646bcce5,-8.44428,-45.13172,2026-03-09 16:28:00,NOAA-20,BAIXA GRANDE DO RIBEIRO,PIAUÍ,Brasil,2201150,22,33,2.0,0.0,0.02,Cerrado,4.4
6bbe2acf-872f-389b-9eb1-69a3d22cf9fc,-8.43715,-44.02971,2026-03-09 16:28:00,NOAA-20,ALVORADA DO GURGUÉIA,PIAUÍ,Brasil,2200459,22,33,2.0,0.0,0.01,Cerrado,8.7
9d803289-182b-32ad-b370-e008aee0e01e,-4.67734,-43.13045,2026-03-09 16:28:00,NOAA-20,CAXIAS,MARANHÃO,Brasil,2103000,21,33,0.0,32.03,0.0,Cerrado,6.1
5b6b5a30-2a9f-3ff5-af0c-bf8e1cfcffab,-4.68073,-43.12993,2026-03-09 16:28:00,NOAA-20,CAXIAS,MARANHÃO,Brasil,2103000,21,33,0.0,32.01,0.0,Cerrado,6.1
e827423b-f386-3264-99e2-ad6e1debfced,-8.44374,-45.12815,2026-03-09 16:28:00,NOAA-20,BAIXA GRANDE DO RIBEIRO,PIAUÍ,Brasil,2201150,22,33,2.0,0.0,0.02,Cerrado,4.4
4c40776c-12b2-3b3f-9c8c-3cc8fa241b93,-4.64657,-43.1394,2026-03-09 16:28:00,NOAA-20,CAXIAS,MARANHÃO,Brasil,2103000,21,33,0.0,31.54,0.0,Cerrado,3.0
c2b1783b-988e-3125-8bf2-f43a3f85dd23,-6.82326,-44.81672,2026-03-09 16:28:00,NOAA-20,SÃO FÉLIX DE BALSAS,MARANHÃO,Brasil,2110807,21,33,0.0,4.18,0.0,Cerrado,4.4
f0fd33b8-9fe0-3a06-88f6-70fe71ff94e4,-4.64601,-43.13578,2026-03-09 16:28:00,NOAA-20,CAXIAS,MARANHÃO,Brasil,2103000,21,33,0.0,31.34,0.0,Cerrado,8.4
8ce00154-f2f4-3951-93a8-e55d33523604,-9.50774,-46.67841,2026-03-09 16:28:00,NOAA-20,LIZARDA,TOCANTINS,Brasil,1712405,17,33,1.0,0.0,0.0,Cerrado,7.5
2f75e41e-2e5c-312c-a113-36d54b85c27e,-8.53508,-44.31774,2026-03-09 16:28:00,NOAA-20,PALMEIRA DO PIAUÍ,PIAUÍ,Brasil,2207405,22,33,2.0,0.0,0.03,Cerrado,11.1
fc7dd43a-ad4c-3181-a8cf-fba3a0478e4c,-4.61765,-43.26587,2026-03-09 16:28:00,NOAA-20,ALDEIAS ALTAS,MARANHÃO,Brasil,2100303,21,33,0.0,30.68,0.0,Cerrado,3.0
996afd83-af56-3abe-a272-28976f753e14,-9.55613,-46.83408,2026-03-09 16:28:00,NOAA-20,LIZARDA,TOCANTINS,Brasil,1712405,17,33,0.0,0.0,0.01,Cerrado,7.2
af280642-3193-3d4b-adee-f1ff1ac2ba0d,-8.4333,-44.02673,2026-03-09 16:28:00,NOAA-20,ALVORADA DO GURGUÉIA,PIAUÍ,Brasil,2200459,22,33,2.0,0.0,0.01,Cerrado,8.7
1697583c-4b83-3d17-be7b-3c48be34c76b,-3.97436,-43.16235,2026-03-09 16:28:00,NOAA-20,BURITI,MARANHÃO,Brasil,2102200,21,33,0.0,10.59,0.0,Cerrado,2.2
e2942c0f-6113-30c2-addb-fba46b218c88,-4.68356,-43.12578,2026-03-09 16:28:00,NOAA-20,CAXIAS,MARANHÃO,Brasil,2103000,21,33,0.0,31.84,0.0,Cerrado,9.2
e8063c48-f8e6-3d73-a7b3-a8b35b90a85a,-8.78944,-48.31717,2026-03-09 16:28:00,NOAA-20,GUARAÍ,TOCANTINS,Brasil,1709302,17,33,1.0,0.84,0.0,Cerrado,4.1
6a5dbbf8-902b-3ac9-b081-9f4185609b8e,-5.93654,-44.09433,2026-03-09 16:28:00,NOAA-20,COLINAS,MARANHÃO,Brasil,2103505,21,33,2.0,7.19,0.0,Cerrado,7.2
9d92fcdf-76cb-329e-8703-c0711917ef1a,-3.35751,-44.22578,2026-03-09 16:28:00,NOAA-20,ITAPECURU MIRIM,MARANHÃO,Brasil,2105401,21,33,0.0,11.9,0.0,Cerrado,7.0
ef564b21-57c9-318d-9ef0-a56da3ec54af,-8.43383,-44.03021,2026-03-09 16:28:00,NOAA-20,ALVORADA DO GURGUÉIA,PIAUÍ,Brasil,2200459,22,33,2.0,0.0,0.01,Cerrado,8.7
859b0ad7-6570-34f4-9fbf-824b9a4256d8,-18.86253,-44.9673,2026-03-09 17:13:00,NOAA-21,POMPÉU,MINAS GERAIS,Brasil,3152006,31,33,4.0,12.2,0.0,Cerrado,11.3
072794da-38e5-33af-9402-38238ca89fd0,-16.33711,-46.36692,2026-03-09 17:13:00,NOAA-21,BONFINÓPOLIS DE MINAS,MINAS GERAIS,Brasil,3108206,31,33,2.0,0.2,0.0,Cerrado,7.7
f8918b6e-caf3-3308-86b0-99c907e536ac,-15.66671,-44.45257,2026-03-09 17:13:00,NOAA-21,PEDRAS DE MARIA DA CRUZ,MINAS GERAIS,Brasil,3149150,31,33,2.0,0.5,0.01,Cerrado,5.3
b551c373-cd9b-318f-93cc-1402d055dd05,-17.09124,-46.47741,2026-03-09 17:13:00,NOAA-21,PARACATU,MINAS GERAIS,Brasil,3147006,31,33,2.0,0.0,0.08,Cerrado,5.7
237eebd9-364b-3fed-989d-07b2953352c2,-16.01273,-43.29254,2026-03-09 17:13:00,NOAA-21,JANAÚBA,MINAS GERAIS,Brasil,3135100,31,33,6.0,0.52,0.0,Cerrado,7.2
e82a2f7d-e292-3000-845d-1d15ba2e67e7,-11.20847,-47.01125,2026-03-09 17:15:00,NOAA-21,ALMAS,TOCANTINS,Brasil,1700400,17,33,0.0,0.41,0.0,Cerrado,7.1
92b48681-5bad-3bbe-9818-267828ce79c3,-11.20331,-47.01211,2026-03-09 17:15:00,NOAA-21,ALMAS,TOCANTINS,Brasil,1700400,17,33,0.0,0.42,0.0,Cerrado,5.5
4f342c7d-09fe-3a00-bbcf-3859d317117f,-11.21363,-47.01036,2026-03-09 17:15:00,NOAA-21,ALMAS,TOCANTINS,Brasil,1700400,17,33,0.0,0.41,0.0,Cerrado,7.1
bc8ea08c-b937-32c3-9f31-7b3bcf1bd20b,-11.2079,-47.0082,2026-03-09 17:15:00,NOAA-21,ALMAS,TOCANTINS,Brasil,1700400,17,33,0.0,0.38,0.0,Cerrado,7.9
1a30e903-8ef7-3b4f-b589-c7a9be597c40,-9.96132,-46.82523,2026-03-09 17:15:00,NOAA-21,LIZARDA,TOCANTINS,Brasil,1712405,17,33,0.0,0.0,0.0,Cerrado,6.6
e5b256f3-4646-3955-9d20-94b9db588268,-9.47333,-46.08233,2026-03-09 17:15:00,NOAA-21,ALTO PARNAÍBA,MARANHÃO,Brasil,2100501,21,33,2.0,0.0,0.01,Cerrado,21.1
1db27be9-23b3-3f16-92bd-641fa1b45112,-11.20904,-47.01428,2026-03-09 17:15:00,NOAA-21,ALMAS,TOCANTINS,Brasil,1700400,17,33,0.0,0.44,0.0,Cerrado,7.1
4f75eaa8-1b70-363f-a1e0-04af85d6b1b0,-14.44037,-45.62201,2026-03-09 17:15:00,NOAA-21,JABORANDI,BAHIA,Brasil,2917359,29,33,2.0,1.08,0.01,Cerrado,11.4
6748418e-e943-3fd8-9290-5069af4f4cd1,-9.47892,-46.08107,2026-03-09 17:15:00,NOAA-21,ALTO PARNAÍBA,MARANHÃO,Brasil,2100501,21,33,2.0,0.0,0.01,Cerrado,7.9
ba1441f2-b007-3517-b306-5e7d2f7069d8,-8.8152,-48.41288,2026-03-09 17:15:00,NOAA-21,GUARAÍ,TOCANTINS,Brasil,1709302,17,33,1.0,2.77,0.0,Cerrado,29.1
d7a6f52f-b425-3ba0-9c75-5a3f154507c7,-9.47406,-46.0863,2026-03-09 17:15:00,NOAA-21,ALTO PARNAÍBA,MARANHÃO,Brasil,2100501,21,33,2.0,0.0,0.01,Cerrado,20.8
e9a3a6d6-69f5-3818-a632-5ead3b49599a,-14.87543,-46.71086,2026-03-09 17:15:00,NOAA-21,FLORES DE GOIÁS,GOIÁS,Brasil,5207907,52,33,0.0,3.99,0.01,Cerrado,18.9
6396fd5f-1f06-343c-8a9e-0e5be4015dcf,-11.20274,-47.00909,2026-03-09 17:15:00,NOAA-21,ALMAS,TOCANTINS,Brasil,1700400,17,33,0.0,0.39,0.0,Cerrado,7.6
971fc863-bcfb-3556-98d7-a0e62a1d280b,-10.25388,-47.56851,2026-03-09 17:15:00,NOAA-21,LAGOA DO TOCANTINS,TOCANTINS,Brasil,1711951,17,33,0.0,0.51,0.0,Cerrado,4.3
5fe3ad1d-1390-38f1-a041-916365000942,-9.95949,-46.82602,2026-03-09 17:15:00,NOAA-21,LIZARDA,TOCANTINS,Brasil,1712405,17,33,0.0,0.0,0.0,Cerrado,7.5
f2a98f77-d2ca-36c8-add1-8a42162996f6,-9.1813,-48.61922,2026-03-09 17:15:00,NOAA-21,FORTALEZA DO TABOCÃO,TOCANTINS,Brasil,1708254,17,33,0.0,5.42,0.0,Cerrado,8.2
b2c33b45-74ab-3112-b929-ad1a75f49e84,-11.20388,-47.01511,2026-03-09 17:15:00,NOAA-21,ALMAS,TOCANTINS,Brasil,1700400,17,33,0.0,0.45,0.0,Cerrado,5.5
3ba80106-be14-338a-9551-d259629e192a,-5.30841,-44.07093,2026-03-09 17:17:00,NOAA-21,SENADOR ALEXANDRE COSTA,MARANHÃO,Brasil,2111748,21,33,0.0,1.06,0.13,Cerrado,6.0
f6ff39d2-f9ee-35de-be75-d61502c9b7e5,-17.96093,-43.26825,2026-03-09 17:41:00,AQUA_M-T,SENADOR MODESTINO GONÇALVES,MINAS GERAIS,Brasil,3165909,31,33,2.0,0.76,0.0,Cerrado,33.2
f3c791a6-1361-3434-b442-b7af5f3a52a0,-17.95724,-43.26419,2026-03-09 17:41:00,AQUA_M-T,SENADOR MODESTINO GONÇALVES,MINAS GERAIS,Brasil,3165909,31,33,2.0,0.72,0.0,Cerrado,37.7
8b0b0389-9579-3b65-b84b-d8f5552016d9,-14.63346,-45.08552,2026-03-09 17:43:00,AQUA_M-T,COCOS,BAHIA,Brasil,2908101,29,33,4.0,0.1,0.02,Cerrado,47.7
dedd00e9-6e44-3030-9970-7ec1a74d802a,-8.82197,-48.40473,2026-03-09 17:45:00,NPP-375,GUARAÍ,TOCANTINS,Brasil,1709302,17,33,1.0,2.74,0.0,Cerrado,8.6
5c49db53-ac88-3ad7-9b06-879212e9dc52,-9.48097,-46.07678,2026-03-09 17:45:00,AQUA_M-T,ALTO PARNAÍBA,MARANHÃO,Brasil,2100501,21,33,2.0,0.0,0.01,Cerrado,49.0
94d9d65c-f320-31e5-abf3-49a37317afad,-9.47578,-46.08443,2026-03-09 17:45:00,AQUA_M-T,ALTO PARNAÍBA,MARANHÃO,Brasil,2100501,21,33,2.0,0.0,0.01,Cerrado,60.9
163c2e24-9de6-3560-9978-bd2fc979af12,-9.48536,-46.11399,2026-03-09 17:45:00,AQUA_M-T,ALTO PARNAÍBA,MARANHÃO,Brasil,2100501,21,33,2.0,0.0,0.01,Cerrado,45.8
bc9c1ba0-81d8-32e7-bb4a-e87b82005a76,-7.6552,-44.53112,2026-03-09 17:45:00,AQUA_M-T,URUÇUÍ,PIAUÍ,Brasil,2211209,22,33,0.0,2.11,0.01,Cerrado,41.5
d87deada-7f31-3d4c-85e4-de31b7450ec4,-15.52058,-42.20909,2026-03-09 23:24:00,TERRA_M-T,INDAIABIRA,MINAS GERAIS,Brasil,3130655,31,33,3.0,0.0,0.0,Cerrado,49.8
ec84f180-fe40-3a4a-bcd1-dfe37a7c995e,-15.52114,-42.20269,2026-03-09 23:24:00,TERRA_M-T,INDAIABIRA,MINAS GERAIS,Brasil,3130655,31,33,3.0,0.0,0.02,Cerrado,32.9
d50a5685-7573-3792-928e-895473933993,-12.27472,-43.50028,2026-03-10 03:34:00,NOAA-20,MUQUÉM DO SÃO FRANCISCO,BAHIA,Brasil,2922250,29,33,3.0,0.8,0.01,Cerrado,2.3
c6c11a77-b1b5-308a-ba97-9865ec717840,-16.0564,-42.48722,2026-03-10 03:34:00,NOAA-20,FRUTA DE LEITE,MINAS GERAIS,Brasil,3127073,31,33,4.0,0.01,0.01,Cerrado,0.7
1d374fcf-3aa5-3087-a3d2-a49498f1d993,-16.06132,-42.48781,2026-03-10 03:34:00,NOAA-20,FRUTA DE LEITE,MINAS GERAIS,Brasil,3127073,31,33,4.0,0.06,0.0,Cerrado,1.0
bc6e1842-ebbb-3d7a-8014-6c8a7ed8fd81,-16.05856,-42.48522,2026-03-10 03:34:00,NOAA-20,FRUTA DE LEITE,MINAS GERAIS,Brasil,3127073,31,33,4.0,0.04,0.0,Cerrado,2.3
a02eeadb-3e21-38b8-92a5-1ad9d94c6907,-12.27567,-43.50135,2026-03-10 03:34:00,NOAA-20,MUQUÉM DO SÃO FRANCISCO,BAHIA,Brasil,2922250,29,33,3.0,0.79,0.01,Cerrado,1.1
3b3e97c3-baa9-3291-bb02-029ce28ba9b9,-13.55921,-44.68736,2026-03-10 04:21:00,NOAA-21,JABORANDI,BAHIA,Brasil,2917359,29,33,3.0,0.37,0.07,Cerrado,0.8
b5bd47eb-335a-385d-ae3d-8f9dec6b0729,-12.24449,-44.19764,2026-03-10 04:21:00,NOAA-21,CRISTÓPOLIS,BAHIA,Brasil,2909703,29,33,2.0,0.73,0.0,Cerrado,0.6
68532477-d6a3-3ebc-9664-157283797a02,-8.38832,-44.06543,2026-03-10 04:21:00,NOAA-21,ALVORADA DO GURGUÉIA,PIAUÍ,Brasil,2200459,22,33,3.0,5.76,0.0,Cerrado,0.8
4125a214-9c08-362b-8022-491125c8c244,-8.39221,-44.0624,2026-03-10 04:21:00,NOAA-21,ALVORADA DO GURGUÉIA,PIAUÍ,Brasil,2200459,22,33,3.0,5.79,0.0,Cerrado,0.9
c2702f93-7706-32d2-87ed-423ac190f036,-8.44365,-45.13014,2026-03-10 04:21:00,NOAA-21,BAIXA GRANDE DO RIBEIRO,PIAUÍ,Brasil,2201150,22,33,2.0,25.68,0.0,Cerrado,0.8
db7cd1a5-b8ca-3cc4-a508-35b89a2cbca6,-12.27512,-43.49954,2026-03-10 04:21:00,NOAA-21,MUQUÉM DO SÃO FRANCISCO,BAHIA,Brasil,2922250,29,33,3.0,0.8,0.01,Cerrado,1.5
37d94dcc-3ed2-3488-922d-42ad66006e8e,-13.55866,-44.69108,2026-03-10 04:21:00,NOAA-21,JABORANDI,BAHIA,Brasil,2917359,29,33,3.0,0.36,0.07,Cerrado,0.8
cc114bd7-6960-3b40-9235-4d098a1d1360,-16.06096,-42.48251,2026-03-10 04:23:00,NOAA-21,FRUTA DE LEITE,MINAS GERAIS,Brasil,3127073,31,33,4.0,0.06,0.0,Cerrado,1.7
b61a9d8d-a472-3dd6-8c92-78e8e609ce06,-16.06031,-42.48734,2026-03-10 04:23:00,NOAA-21,FRUTA DE LEITE,MINAS GERAIS,Brasil,3127073,31,33,4.0,0.05,0.0,Cerrado,1.5
c6b5e4b3-d66b-3f7f-8046-fc1e9d8082ad,-14.92104,-47.12609,2026-03-10 04:23:00,NOAA-21,VILA BOA,GOIÁS,Brasil,5222203,52,33,0.0,27.47,0.0,Cerrado,0.0
8cfbd7ee-0991-38cd-96cd-f465bdce2613,-9.477,-46.09136,2026-03-10 04:53:00,NPP-375D,ALTO PARNAÍBA,MARANHÃO,Brasil,2100501,21,33,2.0,29.9,0.0,Cerrado,0.8
ac7c04e3-37b2-32b4-a5bb-bf9bc109b368,-9.4739,-46.08296,2026-03-10 04:53:00,NPP-375D,ALTO PARNAÍBA,MARANHÃO,Brasil,2100501,21,33,2.0,29.41,0.0,Cerrado,0.8
95e5b292-8b94-394a-9ef5-698ce5c9a1b9,-9.47278,-46.0908,2026-03-10 04:53:00,NPP-375D,ALTO PARNAÍBA,MARANHÃO,Brasil,2100501,21,33,2.0,30.11,0.0,Cerrado,1.2
282b5a36-576c-3099-b0ca-45854058138a,-9.46914,-46.08628,2026-03-10 04:53:00,NPP-375D,ALTO PARNAÍBA,MARANHÃO,Brasil,2100501,21,33,1.0,29.95,0.0,Cerrado,1.2
1815c55f-9389-3b60-9df2-0ed41def1759,-9.46969,-46.08236,2026-03-10 04:53:00,NPP-375D,ALTO PARNAÍBA,MARANHÃO,Brasil,2100501,21,33,2.0,29.58,0.0,Cerrado,0.8
369a378e-338a-3766-b147-3d80f4caf9a6,-8.39075,-44.06804,2026-03-10 11:49:00,TERRA_M-M,ALVORADA DO GURGUÉIA,PIAUÍ,Brasil,2200459,22,33,3.0,5.76,0.0,Cerrado,6.2
b20102c9-c3db-3da4-8a0e-1662d386c82a,-11.89253,-45.25938,2026-03-10 11:49:00,TERRA_M-M,BARREIRAS,BAHIA,Brasil,2903201,29,33,0.0,2.28,0.01,Cerrado,72.2
cef7904a-3089-3eb1-be6f-68baa7e00966,-11.90138,-45.26067,2026-03-10 11:49:00,TERRA_M-M,BARREIRAS,BAHIA,Brasil,2903201,29,33,0.0,2.36,0.01,Cerrado,7.4
2e45e078-c3f6-3423-b71e-89e3d5b2727a,-11.89122,-45.26841,2026-03-10 11:49:00,TERRA_M-M,BARREIRAS,BAHIA,Brasil,2903201,29,33,0.0,2.23,0.01,Cerrado,47.8
136a2c19-4a2d-3ff0-b5c1-2afcd1e1de57,-11.90269,-45.25165,2026-03-10 11:49:00,TERRA_M-M,BARREIRAS,BAHIA,Brasil,2903201,29,33,0.0,2.46,0.01,Cerrado,8.7
147c3170-a165-319c-a90e-794dbf2dcf54,-9.46949,-46.09423,2026-03-10 11:49:00,TERRA_M-M,ALTO PARNAÍBA,MARANHÃO,Brasil,2100501,21,33,2.0,30.58,0.0,Cerrado,12.0
4af9e24e-18a8-3012-a6bf-fbf43f3d58d1,-9.47096,-46.08438,2026-03-10 11:49:00,TERRA_M-M,ALTO PARNAÍBA,MARANHÃO,Brasil,2100501,21,33,2.0,29.69,0.0,Cerrado,30.5
7641f1f8-68ca-3a0a-a679-77d06cec098a,-11.89385,-45.25037,2026-03-10 11:49:00,TERRA_M-M,BARREIRAS,BAHIA,Brasil,2903201,29,33,0.0,2.38,0.01,Cerrado,8.1
27c38c8d-411c-3ed1-a30e-4afeb707a80e,-14.04754,-43.85292,2026-03-10 11:51:00,TERRA_M-M,CARINHANHA,BAHIA,Brasil,2907103,29,33,3.0,1.19,0.03,Cerrado,9.9
e9b75ab5-3bd0-30fd-bff0-83387de340ea,-11.8961,-45.2563,2026-03-10 12:20:00,GOES-19,BARREIRAS,BAHIA,Brasil,2903201,29,33,0.0,2.35,0.01,Cerrado,121.3
3501bb2b-7969-361e-865b-1f2458d440b6,-11.88937,-45.27023,2026-03-10 15:46:00,NPP-375,BARREIRAS,BAHIA,Brasil,2903201,29,33,0.0,2.19,0.01,Cerrado,9.3
7c228cb7-67b4-33ff-9f32-702af82e89fa,-12.02392,-45.34879,2026-03-10 15:46:00,NPP-375,BARREIRAS,BAHIA,Brasil,2903201,29,33,1.0,2.59,0.0,Cerrado,11.9
0c534775-75d5-368c-bf39-c4f5a18d5383,-12.02321,-45.34206,2026-03-10 15:46:00,NPP-375,BARREIRAS,BAHIA,Brasil,2903201,29,33,1.0,2.6,0.0,Cerrado,11.9
7cf4b12c-55f7-35b3-a38e-0b3b24ae7012,-12.04434,-45.33999,2026-03-10 15:46:00,NPP-375,BARREIRAS,BAHIA,Brasil,2903201,29,33,1.0,2.7,0.0,Cerrado,7.2
2b04e142-71e5-3db9-8a7c-5278660e3283,-12.01887,-45.35098,2026-03-10 15:46:00,NPP-375,BARREIRAS,BAHIA,Brasil,2903201,29,33,1.0,2.53,0.0,Cerrado,18.0
52d9caa0-451c-3b8c-9774-6bbd8e865f4b,-12.04508,-45.3469,2026-03-10 15:46:00,NPP-375,BARREIRAS,BAHIA,Brasil,2903201,29,33,1.0,2.63,0.0,Cerrado,7.2
2e6272fa-a7a8-3765-ac97-a10ce14170c8,-11.90305,-45.24727,2026-03-10 15:46:00,NPP-375,BARREIRAS,BAHIA,Brasil,2903201,29,33,0.0,2.51,0.01,Cerrado,4.3
ff4229b1-2c64-3b2c-884d-c3bfc03a454c,-10.53424,-43.62879,2026-03-10 15:46:00,NPP-375,BURITIRAMA,BAHIA,Brasil,2904753,29,33,0.0,9.43,0.0,Cerrado,7.2
6712fad7-7e73-327c-8456-8558b40097fb,-10.53574,-43.6266,2026-03-10 15:46:00,NPP-375,BURITIRAMA,BAHIA,Brasil,2904753,29,33,0.0,9.41,0.0,Cerrado,8.3
79ba5719-0255-3e6e-87f6-429e4d9d372c,-12.01688,-45.34952,2026-03-10 15:46:00,NPP-375,BARREIRAS,BAHIA,Brasil,2903201,29,33,1.0,2.52,0.0,Cerrado,12.5
3bb7684f-7e6e-3f0f-a122-adc15a5a10ca,-16.55155,-43.28569,2026-03-10 15:46:00,NPP-375,GRÃO MOGOL,MINAS GERAIS,Brasil,3127800,31,33,3.0,0.0,0.0,Cerrado,3.1
ccc3d8d8-dd37-3d8e-abae-9c578f434a6e,-11.88868,-45.26371,2026-03-10 15:46:00,NPP-375,BARREIRAS,BAHIA,Brasil,2903201,29,33,0.0,2.21,0.01,Cerrado,16.8
f7ccb40a-5070-3326-8244-0857bcd3d1ec,-11.89131,-45.2686,2026-03-10 15:46:00,NPP-375,BARREIRAS,BAHIA,Brasil,2903201,29,33,0.0,2.23,0.01,Cerrado,11.5
cf2268b3-9588-3e3b-828d-0b5e58bce9ea,-11.89058,-45.26208,2026-03-10 15:46:00,NPP-375,BARREIRAS,BAHIA,Brasil,2903201,29,33,0.0,2.25,0.01,Cerrado,11.5
ae152a41-e5f9-3d84-830b-81eb4162bf0f,-12.01812,-45.34428,2026-03-10 15:46:00,NPP-375,BARREIRAS,BAHIA,Brasil,2903201,29,33,1.0,2.57,0.0,Cerrado,10.8
4b97bf73-0412-3ff7-b984-d96eee54acf7,-12.02515,-45.34356,2026-03-10 15:46:00,NPP-375,BARREIRAS,BAHIA,Brasil,2903201,29,33,1.0,2.6,0.0,Cerrado,10.8
e23b473c-48b4-3d51-9534-2bc3a290c3e4,-16.18411,-42.97471,2026-03-10 16:05:00,NOAA-20,GRÃO MOGOL,MINAS GERAIS,Brasil,3127800,31,33,4.0,0.0,0.02,Cerrado,6.9
6a22108c-5ac3-354c-878f-5cc3ece8c9be,-16.0634,-42.48834,2026-03-10 16:05:00,NOAA-20,FRUTA DE LEITE,MINAS GERAIS,Brasil,3127073,31,33,4.0,0.08,0.0,Cerrado,3.8
50bf9768-1a5b-3f45-8b09-82626b83cacf,-16.05997,-42.48784,2026-03-10 16:05:00,NOAA-20,FRUTA DE LEITE,MINAS GERAIS,Brasil,3127073,31,33,4.0,0.05,0.0,Cerrado,8.2
4520ea5e-f847-347e-8be0-8fbc7b0d366c,-15.53411,-45.92662,2026-03-10 16:05:00,NOAA-20,ARINOS,MINAS GERAIS,Brasil,3104502,31,33,2.0,11.75,0.0,Cerrado,5.0
ed1eafd5-d206-3a0c-ab0d-9feaa342c3dd,-16.06291,-42.4846,2026-03-10 16:05:00,NOAA-20,FRUTA DE LEITE,MINAS GERAIS,Brasil,3127073,31,33,4.0,0.08,0.0,Cerrado,3.8
b68fdd28-146e-3c25-adc8-11d43d620731,-12.01644,-45.35625,2026-03-10 16:07:00,NOAA-20,BARREIRAS,BAHIA,Brasil,2903201,29,33,1.0,2.45,0.0,Cerrado,4.6
e5d1631b-a275-36c7-b390-bcb70c20f103,-14.04459,-43.85491,2026-03-10 16:07:00,NOAA-20,CARINHANHA,BAHIA,Brasil,2907103,29,33,3.0,1.2,0.03,Cerrado,4.8
5fa362ef-7e14-3a30-bbea-5317c92710c1,-10.52504,-43.63486,2026-03-10 16:07:00,NOAA-20,BURITIRAMA,BAHIA,Brasil,2904753,29,33,0.0,9.25,0.0,Cerrado,7.7
89676104-4755-39be-a203-dfff30b9cc2f,-12.02053,-45.34793,2026-03-10 16:07:00,NOAA-20,BARREIRAS,BAHIA,Brasil,2903201,29,33,1.0,2.56,0.0,Cerrado,22.6
78c132a0-e099-3842-95a7-0112c6ba725b,-12.04353,-45.34792,2026-03-10 16:07:00,NOAA-20,BARREIRAS,BAHIA,Brasil,2903201,29,33,1.0,2.62,0.0,Cerrado,10.9
d0d4760a-0712-395e-a914-355c43622bdd,-11.9049,-45.24961,2026-03-10 16:07:00,NOAA-20,BARREIRAS,BAHIA,Brasil,2903201,29,33,0.0,2.5,0.01,Cerrado,10.4
7ed131f9-d8c2-3277-a522-b66b7f99d7cc,-12.02105,-45.35564,2026-03-10 16:07:00,NOAA-20,BARREIRAS,BAHIA,Brasil,2903201,29,33,1.0,2.5,0.0,Cerrado,4.6
05767cc1-3465-3103-bd82-775bb00c1fb1,-12.02045,-45.35083,2026-03-10 16:07:00,NOAA-20,BARREIRAS,BAHIA,Brasil,2903201,29,33,1.0,2.54,0.0,Cerrado,12.6
a8e05cae-be48-3e34-8286-f8914f54fec0,-12.04291,-45.34304,2026-03-10 16:07:00,NOAA-20,BARREIRAS,BAHIA,Brasil,2903201,29,33,1.0,2.67,0.0,Cerrado,10.9
c765da54-1046-319e-bd51-7ad06f8d3220,-11.46972,-48.73076,2026-03-10 16:07:00,NOAA-20,GURUPI,TOCANTINS,Brasil,1709500,17,33,0.0,0.0,0.0,Cerrado,4.2
630e42d9-1e69-3f5f-96db-fa86606312c1,-12.02446,-45.3454,2026-03-10 16:07:00,NOAA-20,BARREIRAS,BAHIA,Brasil,2903201,29,33,1.0,2.6,0.0,Cerrado,11.6
db040604-7446-3a95-ac64-cfb73229a940,-11.19236,-46.57501,2026-03-10 16:07:00,NOAA-20,MATEIROS,TOCANTINS,Brasil,1712702,17,33,0.0,6.78,0.0,Cerrado,6.0
73138a00-50c8-3816-9ecb-9f48712ecb6f,-12.11732,-45.59323,2026-03-10 16:07:00,NOAA-20,BARREIRAS,BAHIA,Brasil,2903201,29,33,0.0,2.03,0.0,Cerrado,7.3
5fdecf8b-ad35-38ce-84c5-1f47ec5bf06e,-12.01985,-45.34601,2026-03-10 16:07:00,NOAA-20,BARREIRAS,BAHIA,Brasil,2903201,29,33,1.0,2.57,0.0,Cerrado,12.6
11568f38-5290-3e1d-bfdb-be66a43d9a9e,-12.02117,-45.35274,2026-03-10 16:07:00,NOAA-20,BARREIRAS,BAHIA,Brasil,2903201,29,33,1.0,2.53,0.0,Cerrado,13.6
9afafaa1-efa9-32c3-812a-bab64904787d,-12.04414,-45.3528,2026-03-10 16:07:00,NOAA-20,BARREIRAS,BAHIA,Brasil,2903201,29,33,1.0,2.57,0.0,Cerrado,6.7
29c67694-7940-3220-b436-33321bd093e5,-12.01719,-45.35814,2026-03-10 16:07:00,NOAA-20,BARREIRAS,BAHIA,Brasil,2903201,29,33,1.0,2.44,0.0,Cerrado,10.3
86c4ffea-ea31-337a-966f-4ef4ccfd0694,-10.66045,-48.26163,2026-03-10 16:07:00,NOAA-20,PORTO NACIONAL,TOCANTINS,Brasil,1718204,17,33,0.0,5.86,0.0,Cerrado,4.3
1a38776d-530c-36fe-8540-0c8824f50b4f,-11.90083,-45.25221,2026-03-10 16:07:00,NOAA-20,BARREIRAS,BAHIA,Brasil,2903201,29,33,0.0,2.43,0.01,Cerrado,8.9
2fa0a019-7991-3582-a1a8-95c61ea14be3,-13.27861,-44.65146,2026-03-10 16:56:00,NOAA-21,CORRENTINA,BAHIA,Brasil,2909307,29,33,3.0,0.0,0.02,Cerrado,4.2
9db09959-ab02-381b-a192-686f15a741e4,-12.04342,-45.34776,2026-03-10 16:56:00,NOAA-21,BARREIRAS,BAHIA,Brasil,2903201,29,33,1.0,2.62,0.0,Cerrado,8.7
af6d0ced-15cd-3316-9156-0d26981450ed,-12.04276,-45.344,2026-03-10 16:56:00,NOAA-21,BARREIRAS,BAHIA,Brasil,2903201,29,33,1.0,2.66,0.0,Cerrado,8.7
61c9c326-490d-34a3-a389-590e11dd44cd,-16.18103,-44.26404,2026-03-10 16:56:00,NOAA-21,MIRABELA,MINAS GERAIS,Brasil,3142007,31,33,0.0,0.16,0.0,Cerrado,9.6
29f734de-59d7-3d81-b698-0d1551d2b07e,-17.12994,-44.59155,2026-03-10 16:56:00,NOAA-21,JEQUITAÍ,MINAS GERAIS,Brasil,3135605,31,33,1.0,5.65,0.01,Cerrado,7.2
e4583512-3b58-3e6d-8a1f-ff11fe9b180e,-14.33637,-53.05473,2026-03-10 16:56:00,NOAA-21,CAMPINÁPOLIS,MATO GROSSO,Brasil,5102603,51,33,0.0,0.0,0.0,Cerrado,6.0
a94b802c-8129-31c5-907c-78d8f899f76b,-16.18176,-42.97709,2026-03-10 16:56:00,NOAA-21,GRÃO MOGOL,MINAS GERAIS,Brasil,3127800,31,33,4.0,0.0,0.02,Cerrado,9.1
f1b5b14e-a969-37ba-ac37-f30d43b4eefc,-12.01803,-45.34859,2026-03-10 16:56:00,NOAA-21,BARREIRAS,BAHIA,Brasil,2903201,29,33,1.0,2.54,0.0,Cerrado,11.5
f5c611c9-134c-39cf-898c-31d8fb860306,-12.01937,-45.35619,2026-03-10 16:56:00,NOAA-21,BARREIRAS,BAHIA,Brasil,2903201,29,33,1.0,2.48,0.0,Cerrado,12.3
8c4e3e81-7fe1-374d-9673-f0f6d63f11e2,-12.59937,-48.29186,2026-03-10 16:56:00,NOAA-21,SÃO SALVADOR DO TOCANTINS,TOCANTINS,Brasil,1720259,17,33,0.0,2.29,0.0,Cerrado,3.9
3344f85c-fb42-3049-bd7c-a1ba93ac448e,-13.27882,-44.65134,2026-03-10 16:56:00,NOAA-21,CORRENTINA,BAHIA,Brasil,2909307,29,33,3.0,0.0,0.02,Cerrado,5.5
da35d916-f04a-3bfa-81ef-b8053ef79ab5,-12.79208,-44.82805,2026-03-10 16:56:00,NOAA-21,SÃO DESIDÉRIO,BAHIA,Brasil,2928901,29,33,1.0,2.25,0.01,Cerrado,14.8
a578b6bb-5d8d-336d-aa14-665b5d71806d,-14.82492,-42.79012,2026-03-10 16:56:00,NOAA-21,URANDI,BAHIA,Brasil,2932606,29,33,8.0,0.0,0.1,Cerrado,9.0
9b02e4d2-d7f8-3a63-a3a9-4682763fc237,-14.86504,-43.50892,2026-03-10 16:56:00,NOAA-21,MATIAS CARDOSO,MINAS GERAIS,Brasil,3140852,31,33,5.0,0.0,0.19,Cerrado,5.0
2a46604d-82c3-3853-a4d5-f407b29caead,-12.59789,-48.29206,2026-03-10 16:56:00,NOAA-21,SÃO SALVADOR DO TOCANTINS,TOCANTINS,Brasil,1720259,17,33,0.0,2.26,0.0,Cerrado,3.2
c2fb4e3c-de66-3401-a4ac-74f5efae98e1,-12.79137,-44.82406,2026-03-10 16:56:00,NOAA-21,SÃO DESIDÉRIO,BAHIA,Brasil,2928901,29,33,1.0,2.35,0.01,Cerrado,14.8
e117b871-c3e2-38ea-8864-7cc1fd461f79,-12.02215,-45.34783,2026-03-10 16:56:00,NOAA-21,BARREIRAS,BAHIA,Brasil,2903201,29,33,1.0,2.58,0.0,Cerrado,7.1
8d4d6aa3-aa85-3519-9b16-6fb1759a983f,-15.01348,-45.13251,2026-03-10 16:56:00,NOAA-21,BONITO DE MINAS,MINAS GERAIS,Brasil,3108255,31,33,0.0,1.22,0.01,Cerrado,5.6
92de96bb-6e63-31f3-8efe-69072cfe08d0,-12.79065,-44.82008,2026-03-10 16:56:00,NOAA-21,SÃO DESIDÉRIO,BAHIA,Brasil,2928901,29,33,1.0,2.45,0.01,Cerrado,6.8
b6a610cb-5e9b-3feb-99e3-4394ce660f36,-16.18176,-44.26803,2026-03-10 16:56:00,NOAA-21,MIRABELA,MINAS GERAIS,Brasil,3142007,31,33,0.0,0.17,0.0,Cerrado,9.6
5cc9c9f4-fd06-3203-9097-8acc5981087d,-16.42936,-42.63383,2026-03-10 16:56:00,NOAA-21,JOSENÓPOLIS,MINAS GERAIS,Brasil,3136579,31,33,3.0,0.97,0.0,Cerrado,7.2
5c46cce1-ecd3-36ee-b848-aab7e1396a9d,-14.54417,-49.02693,2026-03-10 16:56:00,NOAA-21,URUAÇU,GOIÁS,Brasil,5221601,52,33,1.0,6.45,0.0,Cerrado,3.8
9440a80a-06b9-3330-b720-61b31d3a31dd,-16.18625,-42.97626,2026-03-10 16:56:00,NOAA-21,GRÃO MOGOL,MINAS GERAIS,Brasil,3127800,31,33,4.0,0.0,0.01,Cerrado,9.1
477dd595-2adf-3b02-8ae0-835c0a52930b,-12.0187,-45.35239,2026-03-10 16:56:00,NOAA-21,BARREIRAS,BAHIA,Brasil,2903201,29,33,1.0,2.51,0.0,Cerrado,11.5
8155b95d-cdd1-3d8e-8bf3-cacf00d3f332,-10.52892,-43.63401,2026-03-10 16:58:00,NOAA-21,BURITIRAMA,BAHIA,Brasil,2904753,29,33,0.0,9.4,0.0,Cerrado,14.4
23e4ad92-7db6-3fb7-9304-a27eb7866980,-11.46752,-48.73063,2026-03-10 16:58:00,NOAA-21,GURUPI,TOCANTINS,Brasil,1709500,17,33,0.0,0.0,0.0,Cerrado,12.9
1a78471e-d23b-38ef-ac42-d18ebae18f63,-11.19075,-46.57757,2026-03-10 16:58:00,NOAA-21,MATEIROS,TOCANTINS,Brasil,1712702,17,33,0.0,6.88,0.0,Cerrado,7.2
8cea2719-8959-38f4-bd72-ab35edc4825e,-10.65931,-48.26159,2026-03-10 16:58:00,NOAA-21,PORTO NACIONAL,TOCANTINS,Brasil,1718204,17,33,0.0,5.86,0.0,Cerrado,6.8
a255cbb4-3711-3387-a6db-466737a97a40,-11.4704,-48.73502,2026-03-10 16:58:00,NOAA-21,GURUPI,TOCANTINS,Brasil,1709500,17,33,0.0,0.0,0.0,Cerrado,10.9
8a4658ba-2e12-374e-b299-5939b9e2ba8f,-11.18687,-46.57821,2026-03-10 16:58:00,NOAA-21,MATEIROS,TOCANTINS,Brasil,1712702,17,33,0.0,7.01,0.0,Cerrado,7.2
87744a58-448d-38ef-b673-1b7a16bb886f,-11.46813,-48.73449,2026-03-10 16:58:00,NOAA-21,GURUPI,TOCANTINS,Brasil,1709500,17,33,0.0,0.0,0.0,Cerrado,12.9
f3bb1f9e-ea4b-37dc-95de-907713ba6794,-3.9303,-43.11504,2026-03-10 16:58:00,NOAA-21,BURITI,MARANHÃO,Brasil,2102200,21,33,0.0,6.18,0.0,Cerrado,7.7
8b9ee55e-a115-3c40-bddf-d15f1f3de093,-11.47159,-48.73391,2026-03-10 16:58:00,NOAA-21,GURUPI,TOCANTINS,Brasil,1709500,17,33,0.0,0.0,0.0,Cerrado,12.9
f449e59b-55c4-3e4c-bd8b-95d4b1e697e9,-11.89084,-45.26894,2026-03-10 16:58:00,NOAA-21,BARREIRAS,BAHIA,Brasil,2903201,29,33,0.0,2.22,0.01,Cerrado,11.7
a2aa1328-bfba-331b-b1f8-61ee57ea7a7a,-11.88668,-45.26967,2026-03-10 16:58:00,NOAA-21,BARREIRAS,BAHIA,Brasil,2903201,29,33,0.0,2.13,0.01,Cerrado,11.2
01dcb280-48cc-3708-93c1-065094e0463d,-10.65999,-48.26571,2026-03-10 16:58:00,NOAA-21,PORTO NACIONAL,TOCANTINS,Brasil,1718204,17,33,0.0,5.78,0.0,Cerrado,3.5
4e3719c8-05a8-3b50-b577-4a983a9fb412,-12.34125,-48.22841,2026-03-10 16:58:00,NOAA-21,PARANÃ,TOCANTINS,Brasil,1716208,17,33,0.0,3.05,0.0,Cerrado,10.2
4db47c6d-a2ad-38eb-8889-d081f1f15d4a,-11.18606,-46.57338,2026-03-10 16:58:00,NOAA-21,MATEIROS,TOCANTINS,Brasil,1712702,17,33,0.0,6.94,0.0,Cerrado,7.2
c151e079-f32f-300c-b487-461718c5f3f0,-11.46406,-48.73122,2026-03-10 16:58:00,NOAA-21,GURUPI,TOCANTINS,Brasil,1709500,17,33,0.0,0.0,0.0,Cerrado,7.0
39dd3b7d-2bb7-38cf-93f6-feda682b53cb,-12.0901,-51.22232,2026-03-10 16:58:00,NOAA-21,SERRA NOVA DOURADA,MATO GROSSO,Brasil,5107883,51,33,0.0,0.4,0.0,Cerrado,4.9
fc020ac6-fba3-3cbc-9205-293a84596690,-11.89015,-45.26507,2026-03-10 16:58:00,NOAA-21,BARREIRAS,BAHIA,Brasil,2903201,29,33,0.0,2.23,0.01,Cerrado,10.7
f0aec5ac-1bf1-3565-8e41-f6bcaea77e0e,-11.46977,-48.73117,2026-03-10 16:58:00,NOAA-21,GURUPI,TOCANTINS,Brasil,1709500,17,33,0.0,0.0,0.0,Cerrado,10.9
80a95a22-0e6c-3773-85f1-0637a7da288e,-11.90058,-45.25123,2026-03-10 16:58:00,NOAA-21,BARREIRAS,BAHIA,Brasil,2903201,29,33,0.0,2.44,0.01,Cerrado,3.5
a1f38d82-390e-3d22-b09c-82d3763defcf,-12.09063,-51.22585,2026-03-10 16:58:00,NOAA-21,SERRA NOVA DOURADA,MATO GROSSO,Brasil,5107883,51,33,0.0,0.4,0.0,Cerrado,4.9
f627e86c-e7e2-3186-9e14-cdbd19db6769,-12.79825,-44.82316,2026-03-10 17:26:00,NPP-375,SÃO DESIDÉRIO,BAHIA,Brasil,2928901,29,33,1.0,2.39,0.01,Cerrado,6.4
71e835b9-d60e-3c62-a87b-bce0363d3985,-14.33804,-53.05527,2026-03-10 17:26:00,NPP-375,CAMPINÁPOLIS,MATO GROSSO,Brasil,5102603,51,33,0.0,0.0,0.0,Cerrado,2.9
751ae87c-b492-3b70-8bf6-4a2691e81fb6,-18.00945,-50.14116,2026-03-10 17:26:00,NPP-375,PORTEIRÃO,GOIÁS,Brasil,5218052,52,33,6.0,2.61,0.0,Cerrado,6.8
2c8da292-34cb-384a-91bb-8157fb630db8,-14.34172,-53.05465,2026-03-10 17:26:00,NPP-375,CAMPINÁPOLIS,MATO GROSSO,Brasil,5102603,51,33,0.0,0.0,0.0,Cerrado,3.2
a2d0d9da-9a71-344e-80b9-20ce0da6b91e,-16.18487,-44.26102,2026-03-10 17:26:00,NPP-375,MIRABELA,MINAS GERAIS,Brasil,3142007,31,33,0.0,0.2,0.0,Cerrado,14.8
829388be-8c05-3662-8cde-ec196bb1d87a,-16.18563,-44.2603,2026-03-10 17:26:00,NPP-375,MIRABELA,MINAS GERAIS,Brasil,3142007,31,33,0.0,0.2,0.0,Cerrado,13.3
9bd62ea8-c880-3b1f-a85f-4e2a227da45f,-17.99524,-50.14396,2026-03-10 17:26:00,NPP-375,PORTEIRÃO,GOIÁS,Brasil,5218052,52,33,5.0,2.64,0.0,Cerrado,6.7
6ce0a87d-fe63-3f4e-a392-c2ffe211e9d4,-13.21488,-47.78006,2026-03-10 17:26:00,NPP-375,PARANÃ,TOCANTINS,Brasil,1716208,17,33,0.0,1.1,0.0,Cerrado,4.7
160046d9-8fef-3bca-9d31-e87d818c339b,-12.79192,-44.82442,2026-03-10 17:26:00,NPP-375,SÃO DESIDÉRIO,BAHIA,Brasil,2928901,29,33,1.0,2.34,0.01,Cerrado,12.7
752b92a5-93d0-3e9c-aeea-e9f89285f58f,-13.21418,-47.77822,2026-03-10 17:26:00,NPP-375,PARANÃ,TOCANTINS,Brasil,1716208,17,33,0.0,1.09,0.0,Cerrado,5.0
4ccb8ea6-04cd-33e9-ae8d-486c30564cee,-15.01747,-45.12401,2026-03-10 17:26:00,NPP-375,BONITO DE MINAS,MINAS GERAIS,Brasil,3108255,31,33,0.0,1.15,0.01,Cerrado,10.6
df30ebf3-c99d-3fd7-87fa-68dfd0941d07,-18.01428,-50.14421,2026-03-10 17:26:00,NPP-375,PORTEIRÃO,GOIÁS,Brasil,5218052,52,33,6.0,2.64,0.0,Cerrado,5.1
ca30ce97-3dbf-3c45-bbb2-723e2afb0cdc,-17.99712,-50.14365,2026-03-10 17:26:00,NPP-375,PORTEIRÃO,GOIÁS,Brasil,5218052,52,33,5.0,2.64,0.0,Cerrado,8.3
c71d3e5b-85e6-3c6a-ba37-dbf37ba25d6d,-18.01018,-50.14506,2026-03-10 17:26:00,NPP-375,PORTEIRÃO,GOIÁS,Brasil,5218052,52,33,6.0,2.65,0.0,Cerrado,10.1
e371be45-e88b-3cab-9fea-61cd3162564e,-12.79718,-44.81795,2026-03-10 17:26:00,NPP-375,SÃO DESIDÉRIO,BAHIA,Brasil,2928901,29,33,1.0,2.54,0.01,Cerrado,6.4
0d34e0ea-225c-39ee-b7e0-c8f25f8edab4,-12.79299,-44.82962,2026-03-10 17:26:00,NPP-375,SÃO DESIDÉRIO,BAHIA,Brasil,2928901,29,33,1.0,2.21,0.01,Cerrado,12.1
a32221ac-e9cc-3489-9e40-468007ac7ac3,-18.01839,-50.14336,2026-03-10 17:26:00,NPP-375,GOIATUBA,GOIÁS,Brasil,5209101,52,33,6.0,2.62,0.0,Cerrado,5.1
b357fcad-61ec-338c-b3bd-f06bdd794894,-18.01356,-50.14033,2026-03-10 17:26:00,NPP-375,PORTEIRÃO,GOIÁS,Brasil,5218052,52,33,6.0,2.61,0.0,Cerrado,6.2
4f26e2ed-51f8-3aae-a948-da9cad3b57aa,-15.01842,-45.12855,2026-03-10 17:26:00,NPP-375,BONITO DE MINAS,MINAS GERAIS,Brasil,3108255,31,33,0.0,1.13,0.01,Cerrado,14.6
b5460abb-239f-3018-8c65-ecb994a8b326,-16.18672,-44.26544,2026-03-10 17:26:00,NPP-375,MIRABELA,MINAS GERAIS,Brasil,3142007,31,33,0.0,0.2,0.0,Cerrado,9.0
9f236686-a7cc-3799-9747-bd191011718a,-11.19014,-46.57248,2026-03-10 17:28:00,NPP-375,MATEIROS,TOCANTINS,Brasil,1712702,17,33,0.0,6.8,0.0,Cerrado,10.6
d5a7b594-93c7-3f56-88c5-7be4350bcf88,-12.34487,-48.22648,2026-03-10 17:28:00,NPP-375,PARANÃ,TOCANTINS,Brasil,1716208,17,33,0.0,3.03,0.0,Cerrado,4.8
3c872127-45c1-3188-8f4c-289f49b2eee3,-11.89598,-45.2619,2026-03-10 17:28:00,NPP-375,BARREIRAS,BAHIA,Brasil,2903201,29,33,0.0,2.31,0.01,Cerrado,12.3
9a2dbd37-4496-3a36-b5e7-ee219f664fdc,-11.4693,-48.72749,2026-03-10 17:28:00,NPP-375,GURUPI,TOCANTINS,Brasil,1709500,17,33,0.0,0.0,0.0,Cerrado,4.6
35fb77c3-9852-338b-a6cf-839508300a74,-10.43193,-47.71773,2026-03-10 17:28:00,NPP-375,PONTE ALTA DO TOCANTINS,TOCANTINS,Brasil,1717909,17,33,0.0,10.66,0.0,Cerrado,3.3
58b87819-6afc-3a4c-9303-a70a774af580,-10.53673,-43.61847,2026-03-10 17:28:00,NPP-375,BURITIRAMA,BAHIA,Brasil,2904753,29,33,0.0,9.13,0.0,Cerrado,9.2
bf0092f7-9565-392b-8904-b0189431928b,-10.59892,-48.2505,2026-03-10 17:28:00,NPP-375,MONTE DO CARMO,TOCANTINS,Brasil,1713601,17,33,0.0,6.19,0.0,Cerrado,3.0
3eba607d-b2a6-3a57-85da-2265901ae85d,-11.46654,-48.72884,2026-03-10 17:28:00,NPP-375,GURUPI,TOCANTINS,Brasil,1709500,17,33,0.0,0.0,0.0,Cerrado,2.6
a54e1309-95d5-36ff-ab27-662e50ba35b9,-11.8897,-45.26304,2026-03-10 17:28:00,NPP-375,BARREIRAS,BAHIA,Brasil,2903201,29,33,0.0,2.23,0.01,Cerrado,10.2
25ee4225-3fa5-35ad-a177-f8ecaa541626,-11.18943,-46.56887,2026-03-10 17:28:00,NPP-375,MATEIROS,TOCANTINS,Brasil,1712702,17,33,0.0,6.75,0.0,Cerrado,11.2
25abac1a-06ba-332e-baef-59d06affeb3e,-12.02022,-45.34672,2026-03-10 17:28:00,NPP-375,BARREIRAS,BAHIA,Brasil,2903201,29,33,1.0,2.57,0.0,Cerrado,11.6
d304e3a9-f64e-30f7-ad34-c8d680f51e8c,-12.34521,-48.22518,2026-03-10 17:28:00,NPP-375,PARANÃ,TOCANTINS,Brasil,1716208,17,33,0.0,3.04,0.0,Cerrado,3.6
12eadcb6-5ab5-33d0-84d5-2895a4178fb0,-10.53377,-43.62262,2026-03-10 17:28:00,NPP-375,BURITIRAMA,BAHIA,Brasil,2904753,29,33,0.0,9.16,0.0,Cerrado,9.1
4635ff3a-04ce-3b8f-b92d-352595985465,-11.46986,-48.73045,2026-03-10 17:28:00,NPP-375,GURUPI,TOCANTINS,Brasil,1709500,17,33,0.0,0.0,0.0,Cerrado,4.4
1556f3af-48d1-3504-9ffd-3b5bc8f0e000,-10.66423,-48.26019,2026-03-10 17:28:00,NPP-375,PORTO NACIONAL,TOCANTINS,Brasil,1718204,17,33,0.0,5.89,0.0,Cerrado,2.5
889fd45e-d0cc-3078-9f58-349c45ad6a72,-13.18215,-54.56766,2026-03-10 18:21:00,AQUA_M-T,NOVA UBIRATÃ,MATO GROSSO,Brasil,5106240,51,33,0.0,3.75,0.0,Cerrado,46.9
57762fc6-b435-3800-9238-1bbdeea14779,-10.98693,-43.67598,2026-03-10 18:21:00,AQUA_M-T,BARRA,BAHIA,Brasil,2902708,29,33,2.0,3.6,0.0,Cerrado,11.3
9a3d83b8-aac3-353a-8aa2-4fc82afbe8a3,-16.0635,-42.48467,2026-03-10 18:21:00,AQUA_M-T,FRUTA DE LEITE,MINAS GERAIS,Brasil,3127073,31,33,4.0,0.08,0.0,Cerrado,10.1
58816106-1e81-3a8a-ada0-0d9b0ffc9780,-12.34421,-48.22531,2026-03-10 18:21:00,AQUA_M-T,PARANÃ,TOCANTINS,Brasil,1716208,17,33,0.0,3.05,0.0,Cerrado,10.6
42af45f2-0f0c-3137-8a11-3fd24a9862f0,-10.98838,-43.68559,2026-03-10 18:21:00,AQUA_M-T,BARRA,BAHIA,Brasil,2902708,29,33,2.0,3.37,0.0,Cerrado,16.9
68d05fed-ce5a-3b6a-b4c6-9a2be531ccf5,-16.18659,-42.97997,2026-03-10 18:21:00,AQUA_M-T,GRÃO MOGOL,MINAS GERAIS,Brasil,3127800,31,33,4.0,0.0,0.0,Cerrado,5.4
edd58f0e-43dc-3378-9408-2fb5c4051b71,-15.61058,-42.66162,2026-03-10 18:21:00,AQUA_M-T,RIO PARDO DE MINAS,MINAS GERAIS,Brasil,3155603,31,33,4.0,0.0,0.0,Cerrado,7.1
29c7b07f-630e-380c-a5e3-473ece51f2fa,-11.89974,-45.26525,2026-03-10 18:21:00,AQUA_M-T,BARREIRAS,BAHIA,Brasil,2903201,29,33,0.0,2.35,0.01,Cerrado,54.1
aaebcc07-52bc-31e4-961f-b9e45672c46a,-16.06499,-42.4943,2026-03-10 18:21:00,AQUA_M-T,FRUTA DE LEITE,MINAS GERAIS,Brasil,3127073,31,33,4.0,0.1,0.0,Cerrado,7.3
75a5c459-0767-3aff-922e-2fd1d9821f09,-11.89098,-45.2666,2026-03-10 18:21:00,AQUA_M-T,BARREIRAS,BAHIA,Brasil,2903201,29,33,0.0,2.23,0.01,Cerrado,35.7
cf0098ac-5d16-3e27-b900-fd784abfe109,-11.68856,-45.14613,2026-03-10 18:21:00,AQUA_M-T,RIACHÃO DAS NEVES,BAHIA,Brasil,2926202,29,33,1.0,0.96,0.01,Cerrado,7.0
997a9614-d643-307e-8e01-2acc7392b233,-11.90721,-45.255,2026-03-10 18:21:00,AQUA_M-T,BARREIRAS,BAHIA,Brasil,2903201,29,33,0.0,2.48,0.01,Cerrado,7.4
4872e160-ac9c-37d6-87da-40a4904ee131,-16.18534,-44.26379,2026-03-10 18:21:00,AQUA_M-T,MIRABELA,MINAS GERAIS,Brasil,3142007,31,33,0.0,0.2,0.0,Cerrado,13.2
94be320d-6569-3efa-97a0-dbe3fc292ef8,-11.90105,-45.27416,2026-03-10 18:21:00,AQUA_M-T,BARREIRAS,BAHIA,Brasil,2903201,29,33,0.0,2.32,0.01,Cerrado,17.2
ba755199-5ef1-3e3c-949d-aafc5c6b68d5,-15.25827,-45.38913,2026-03-10 18:21:00,AQUA_M-T,JANUÁRIA,MINAS GERAIS,Brasil,3135209,31,33,0.0,2.94,0.05,Cerrado,6.3
41b4a801-5298-393f-92ac-93d284e77e63,-11.89228,-45.27551,2026-03-10 18:21:00,AQUA_M-T,BARREIRAS,BAHIA,Brasil,2903201,29,33,0.0,2.2,0.01,Cerrado,64.4
d19d0914-ba1e-3d3d-aa69-891afac6b684,-12.25418,-48.92255,2026-03-10 18:21:00,AQUA_M-T,FIGUEIRÓPOLIS,TOCANTINS,Brasil,1707652,17,33,0.0,9.48,0.0,Cerrado,6.3
f0175ca3-f0d3-3051-9eec-1afafb7270fe,-15.2384,-42.584801,2026-03-10 23:42:00,METOP-B,MONTEZUMA,MINAS GERAIS,Brasil,3143450,31,33,8.0,0.0,0.01,Cerrado,
89bbed03-cedb-316c-9733-490252004c82,-15.2366,-42.576401,2026-03-10 23:42:00,METOP-B,MONTEZUMA,MINAS GERAIS,Brasil,3143450,31,33,8.0,0.0,0.02,Cerrado,
69ddab05-2707-3f71-9273-d77c58f64f4c,-15.24022,-42.58808,2026-03-11 00:03:00,TERRA_M-M,MONTEZUMA,MINAS GERAIS,Brasil,3143450,31,33,,,,Cerrado,39.5
066389bf-f87e-3dbc-a429-e18b723adc5e,-12.79044,-44.8301,2026-03-11 00:05:00,TERRA_M-M,SÃO DESIDÉRIO,BAHIA,Brasil,2928901,29,33,,,,Cerrado,3.4
d21740b5-0bbb-3706-8a26-6d6097dbcca0,-12.40104,-48.9822,2026-03-11 00:05:00,TERRA_M-M,ALVORADA,TOCANTINS,Brasil,1700707,17,33,,,,Cerrado,29.7
eb1b106d-d77d-36c0-bf08-330fc798b783,-12.40279,-48.99642,2026-03-11 00:05:00,TERRA_M-M,ALVORADA,TOCANTINS,Brasil,1700707,17,33,,,,Cerrado,13.6
91703d8c-c555-3ede-a366-a1f998eff32e,-6.423,-43.74551,2026-03-11 04:02:00,NOAA-21,SÃO JOÃO DOS PATOS,MARANHÃO,Brasil,2111102,21,33,,,,Cerrado,1.4
50bf9d5f-66a2-3aba-bf0d-b61080ea96fd,-7.32677,-45.78699,2026-03-11 04:02:00,NOAA-21,SÃO RAIMUNDO DAS MANGABEIRAS,MARANHÃO,Brasil,2111607,21,33,,,,Cerrado,0.4
819439a9-4e56-31a9-8e9c-421ef7a8536e,-6.89406,-45.57064,2026-03-11 04:02:00,NOAA-21,SÃO RAIMUNDO DAS MANGABEIRAS,MARANHÃO,Brasil,2111607,21,33,,,,Cerrado,0.9
55635e3e-8212-30bd-8270-6c44ae1a739e,-13.3807,-51.33277,2026-03-11 04:04:00,NOAA-21,RIBEIRÃO CASCALHEIRA,MATO GROSSO,Brasil,5107180,51,33,,,,Cerrado,0.5
6183adca-9aec-327c-ae99-c65e494dbbae,-16.22819,-44.34763,2026-03-11 04:04:00,NOAA-21,BRASÍLIA DE MINAS,MINAS GERAIS,Brasil,3108602,31,33,,,,Cerrado,0.1
0095afb2-f04c-3af9-8033-9e72798c1f79,-13.36554,-51.38192,2026-03-11 04:04:00,NOAA-21,RIBEIRÃO CASCALHEIRA,MATO GROSSO,Brasil,5107180,51,33,,,,Cerrado,0.5
e551903e-f1a5-373c-b4c1-365d0c56a460,-14.43962,-48.44566,2026-03-11 04:04:00,NOAA-21,NIQUELÂNDIA,GOIÁS,Brasil,5214606,52,33,,,,Cerrado,0.2
6679adcb-233b-3b8b-8b43-f7ce4373ee8d,-16.10961,-42.6513,2026-03-11 04:04:00,NOAA-21,FRUTA DE LEITE,MINAS GERAIS,Brasil,3127073,31,33,,,,Cerrado,0.2
72ea1fe6-f978-3a3b-993d-6231c20a5c88,-16.42922,-42.63177,2026-03-11 04:04:00,NOAA-21,JOSENÓPOLIS,MINAS GERAIS,Brasil,3136579,31,33,,,,Cerrado,0.3
eae29eae-0dc8-3ab9-9ef6-3d6e68c332ef,-12.6608,-45.60379,2026-03-11 04:04:00,NOAA-21,SÃO DESIDÉRIO,BAHIA,Brasil,2928901,29,33,,,,Cerrado,0.4
7f984693-36a6-368f-8891-f3151bcf76d5,-14.69793,-49.73531,2026-03-11 04:04:00,NOAA-21,GUARINOS,GOIÁS,Brasil,5209457,52,33,,,,Cerrado,0.1
e1760fc6-e001-36af-9179-1a6c62404672,-13.30664,-43.87957,2026-03-11 04:04:00,NOAA-21,SÃO FÉLIX DO CORIBE,BAHIA,Brasil,2929057,29,33,,,,Cerrado,0.1
167dc60a-e609-3266-bcc6-4a06fb5fc4cc,-14.45545,-53.54563,2026-03-11 04:04:00,NOAA-21,PARANATINGA,MATO GROSSO,Brasil,5106307,51,33,,,,Cerrado,0.1
14a4c2c1-31ba-35fc-ad1a-f1a948b4e582,-12.0281,-45.34462,2026-03-11 04:04:00,NOAA-21,BARREIRAS,BAHIA,Brasil,2903201,29,33,,,,Cerrado,0.3
db9e0fad-5f2e-3ef7-bb1c-1e5bf8254cdb,-13.61416,-51.76962,2026-03-11 04:04:00,NOAA-21,CANARANA,MATO GROSSO,Brasil,5102702,51,33,,,,Cerrado,0.1
c9f6ca17-59ea-30d7-83a8-f1444e0908b1,-14.40048,-54.01622,2026-03-11 04:04:00,NOAA-21,PARANATINGA,MATO GROSSO,Brasil,5106307,51,33,,,,Cerrado,0.4
2d87d8ed-9fe5-3299-b223-0f35adb967f8,-12.54197,-47.06849,2026-03-11 04:04:00,NOAA-21,ARRAIAS,TOCANTINS,Brasil,1702406,17,33,,,,Cerrado,0.2
748a222c-6e00-3169-8cf4-738704f5eb5b,-13.28504,-55.55598,2026-03-11 04:04:00,NOAA-21,SORRISO,MATO GROSSO,Brasil,5107925,51,33,,,,Cerrado,0.2
72fd1f84-7351-3dcb-bdd4-f8fd22308f6c,-12.79203,-44.8328,2026-03-11 04:04:00,NOAA-21,SÃO DESIDÉRIO,BAHIA,Brasil,2928901,29,33,,,,Cerrado,0.9
98b97211-7f57-3d18-b6e0-7e7b10730f37,-12.68417,-55.57417,2026-03-11 04:04:00,NOAA-21,SORRISO,MATO GROSSO,Brasil,5107925,51,33,,,,Cerrado,0.3
21051bde-3e27-39c6-b8b4-68bf38de8610,-11.97614,-45.66891,2026-03-11 04:04:00,NOAA-21,LUÍS EDUARDO MAGALHÃES,BAHIA,Brasil,2919553,29,33,,,,Cerrado,0.2
a757b702-9d9b-3bfb-b97a-cbf8a4350184,-16.66074,-46.2977,2026-03-11 04:06:00,NOAA-21,DOM BOSCO,MINAS GERAIS,Brasil,3122470,31,33,,,,Cerrado,0.2
607b353b-972d-3c5c-9a5f-6189e64eb9af,-15.33924,-52.93286,2026-03-11 04:06:00,NOAA-21,BARRA DO GARÇAS,MATO GROSSO,Brasil,5101803,51,33,,,,Cerrado,0.9
a08a317a-b37a-3432-8711-0d3de8f1dde6,-19.38929,-48.41007,2026-03-11 04:06:00,NOAA-21,UBERLÂNDIA,MINAS GERAIS,Brasil,3170206,31,33,,,,Cerrado,0.5
1479a741-8d3d-33a7-9726-bd2e26608f74,-19.23151,-47.51466,2026-03-11 04:06:00,NOAA-21,PEDRINÓPOLIS,MINAS GERAIS,Brasil,3149200,31,33,,,,Cerrado,0.2
7a1b5339-f0b2-37e8-bdb8-534522647728,-17.95137,-47.31327,2026-03-11 04:06:00,NOAA-21,GUARDA-MOR,MINAS GERAIS,Brasil,3128600,31,33,,,,Cerrado,0.4
69000ca7-4965-39f7-b485-6fb5c94d7a80,-18.67797,-52.65017,2026-03-11 04:06:00,NOAA-21,CHAPADÃO DO CÉU,GOIÁS,Brasil,5205471,52,33,,,,Cerrado,0.6
bd2cccad-e650-3596-bbdc-6ff6d680119b,-17.101,-46.4509,2026-03-11 04:06:00,NOAA-21,PARACATU,MINAS GERAIS,Brasil,3147006,31,33,,,,Cerrado,0.9
cfe27a39-e57d-3bcd-afbe-d79d33552b28,-17.87203,-46.00249,2026-03-11 04:06:00,NOAA-21,JOÃO PINHEIRO,MINAS GERAIS,Brasil,3136306,31,33,,,,Cerrado,0.1
03eafb30-e934-3060-8248-a12b86f7c145,-17.09774,-46.46954,2026-03-11 04:06:00,NOAA-21,PARACATU,MINAS GERAIS,Brasil,3147006,31,33,,,,Cerrado,0.5
db0a785b-a00f-3569-95cd-68b7102d6f9d,-17.26495,-43.7827,2026-03-11 04:06:00,NOAA-21,OLHOS-D'ÁGUA,MINAS GERAIS,Brasil,3145455,31,33,,,,Cerrado,0.1
dda97146-c625-36e7-8d92-19a68c7e872f,-18.60468,-46.98551,2026-03-11 04:06:00,NOAA-21,COROMANDEL,MINAS GERAIS,Brasil,3119302,31,33,,,,Cerrado,0.2
b51fb2cf-0f42-3a61-9e94-d9a2d00e7784,-15.72976,-56.6021,2026-03-11 04:06:00,NOAA-21,NOSSA SENHORA DO LIVRAMENTO,MATO GROSSO,Brasil,5106109,51,33,,,,Cerrado,2.3
42a2c622-3ada-3e3d-b37e-caa0ee6b82c5,-19.0338,-48.48945,2026-03-11 04:06:00,NOAA-21,UBERLÂNDIA,MINAS GERAIS,Brasil,3170206,31,33,,,,Cerrado,0.1
636c6e06-9555-3af7-825d-159e6069a7eb,-19.74065,-52.00719,2026-03-11 04:06:00,NOAA-21,INOCÊNCIA,MATO GROSSO DO SUL,Brasil,5004403,50,33,,,,Cerrado,0.1
a52546f7-9304-3bf0-8bcd-360f5977fa6d,-16.65757,-50.30259,2026-03-11 04:06:00,NOAA-21,FIRMINÓPOLIS,GOIÁS,Brasil,5207808,52,33,,,,Cerrado,0.3
91fc94cb-77a2-3411-a05b-4a8a48177ddc,-20.1389,-52.19312,2026-03-11 04:06:00,NOAA-21,TRÊS LAGOAS,MATO GROSSO DO SUL,Brasil,5008305,50,33,,,,Cerrado,0.3
325ff426-f4cf-3af8-b858-da877bfaaad2,-17.02383,-45.3602,2026-03-11 04:06:00,NOAA-21,BURITIZEIRO,MINAS GERAIS,Brasil,3109402,31,33,,,,Cerrado,0.8
36a67b80-9a87-39ee-92d6-6f32ad4d5389,-18.15198,-45.63074,2026-03-11 04:06:00,NOAA-21,SÃO GONÇALO DO ABAETÉ,MINAS GERAIS,Brasil,3161700,31,33,,,,Cerrado,0.2
46871423-471d-38fd-9c5d-414d218fed23,-21.57493,-53.2987,2026-03-11 04:08:00,NOAA-21,RIBAS DO RIO PARDO,MATO GROSSO DO SUL,Brasil,5007109,50,33,,,,Cerrado,0.5
838d07d9-be90-3221-8b22-c6ce64ea6c29,-22.49113,-49.28181,2026-03-11 04:08:00,NOAA-21,CABRÁLIA PAULISTA,SÃO PAULO,Brasil,3508306,35,33,,,,Cerrado,0.3
97da4a4e-c603-3ae8-bdc7-c70024fa9e99,-12.01214,-45.35218,2026-03-11 04:34:00,NPP-375D,BARREIRAS,BAHIA,Brasil,2903201,29,33,,,,Cerrado,0.5
a561480f-5a1d-3307-858e-f7aa15d7f350,-13.55567,-44.68733,2026-03-11 04:34:00,NPP-375D,JABORANDI,BAHIA,Brasil,2917359,29,33,,,,Cerrado,1.1
f997ed80-7024-3a66-b318-49b0d65ef40a,-17.09559,-46.46902,2026-03-11 04:36:00,NPP-375D,PARACATU,MINAS GERAIS,Brasil,3147006,31,33,,,,Cerrado,0.7
a1102763-a19e-3090-b18c-9bd1b2c51334,-17.09505,-46.44862,2026-03-11 04:36:00,NPP-375D,PARACATU,MINAS GERAIS,Brasil,3147006,31,33,,,,Cerrado,0.7
32a5b93a-8b4a-3b07-a43a-4e4bf72dd832,-21.02562,-55.76352,2026-03-11 04:57:00,NOAA-20,NIOAQUE,MATO GROSSO DO SUL,Brasil,5005806,50,33,,,,Cerrado,1.3
4da267dc-c951-3797-b0a6-f147aa3b813c,-12.26765,-55.94215,2026-03-11 05:44:00,NOAA-21,SORRISO,MATO GROSSO,Brasil,5107925,51,33,,,,Cerrado,0.4
29f6239d-8a57-3f51-bea6-271703782d7c,-11.80497,-59.19853,2026-03-11 05:44:00,NOAA-21,JUÍNA,MATO GROSSO,Brasil,5105150,51,33,,,,Cerrado,0.6
5c112552-c802-3d1c-bfa1-a7c113cfbb79,-11.90635,-45.26011,2026-03-11 12:29:00,TERRA_M-T,BARREIRAS,BAHIA,Brasil,2903201,29,33,,,,Cerrado,48.0
3f8d2d3d-4f95-3391-959d-9ecd25aa2f20,-16.71177,-50.65051,2026-03-11 17:07:00,NPP-375,CACHOEIRA DE GOIÁS,GOIÁS,Brasil,5204201,52,33,,,,Cerrado,4.5
0f3388d0-b34a-3f2d-88cf-5f579ff97682,-12.06474,-45.22042,2026-03-11 17:07:00,NPP-375,BARREIRAS,BAHIA,Brasil,2903201,29,33,,,,Cerrado,9.5
4000e647-7f38-35ee-b73a-22dfe77cf77a,-11.67816,-59.0684,2026-03-11 17:07:00,NPP-375,JUÍNA,MATO GROSSO,Brasil,5105150,51,33,,,,Cerrado,6.6
bc2acc20-7860-33e3-9e60-80b2f4e6bf08,-14.41683,-44.58752,2026-03-11 17:07:00,NPP-375,MONTALVÂNIA,MINAS GERAIS,Brasil,3142700,31,33,,,,Cerrado,5.9
3fd1bf54-442f-3ccb-a0ce-a5a7fcad43a2,-11.67757,-59.06389,2026-03-11 17:07:00,NPP-375,JUÍNA,MATO GROSSO,Brasil,5105150,51,33,,,,Cerrado,5.6
ef281e6d-d59f-3de0-8ac9-ec428691c904,-12.60135,-58.011,2026-03-11 17:07:00,NPP-375,BRASNORTE,MATO GROSSO,Brasil,5101902,51,33,,,,Cerrado,9.2
7a4c7bec-4d64-39af-91a9-b47b3514a96f,-11.67308,-59.06444,2026-03-11 17:07:00,NPP-375,JUÍNA,MATO GROSSO,Brasil,5105150,51,33,,,,Cerrado,5.6
809b6ef9-a559-3a3f-b25a-9414ffe60f16,-11.67366,-59.06894,2026-03-11 17:07:00,NPP-375,JUÍNA,MATO GROSSO,Brasil,5105150,51,33,,,,Cerrado,6.6
256856b9-9453-3d75-bac5-a7857adacd54,-11.03184,-44.66929,2026-03-11 17:07:00,NPP-375,SANTA RITA DE CÁSSIA,BAHIA,Brasil,2928406,29,33,,,,Cerrado,16.8
074293de-796d-3b06-b74c-c3d7763d0520,-12.48951,-43.63717,2026-03-11 17:07:00,NPP-375,BREJOLÂNDIA,BAHIA,Brasil,2904407,29,33,,,,Cerrado,10.7
af600553-d1bd-3567-abad-ee0ff672c144,-11.06178,-46.5516,2026-03-11 17:07:00,NPP-375,MATEIROS,TOCANTINS,Brasil,1712702,17,33,,,,Cerrado,9.1
11fa0cfb-8e8b-3672-8a05-a9b6272bf445,-16.71511,-50.64994,2026-03-11 17:07:00,NPP-375,CACHOEIRA DE GOIÁS,GOIÁS,Brasil,5204201,52,33,,,,Cerrado,15.6
c0352bc0-2fe2-3bf7-9185-c28d046bbc30,-13.69824,-44.90231,2026-03-11 17:07:00,NPP-375,JABORANDI,BAHIA,Brasil,2917359,29,33,,,,Cerrado,6.6
8f6e5ab8-502d-3be5-b657-d572a0eb6178,-15.40346,-42.5369,2026-03-11 17:07:00,NPP-375,SANTO ANTÔNIO DO RETIRO,MINAS GERAIS,Brasil,3160454,31,33,,,,Cerrado,4.1
fc611fff-b5db-3050-9eb6-a2f8d18261aa,-12.41866,-58.38651,2026-03-11 17:07:00,NPP-375,BRASNORTE,MATO GROSSO,Brasil,5101902,51,33,,,,Cerrado,7.0
43f28b48-21ee-3fcb-b868-f45668858035,-11.05748,-46.55235,2026-03-11 17:07:00,NPP-375,MATEIROS,TOCANTINS,Brasil,1712702,17,33,,,,Cerrado,30.4
982d520a-b3fa-3e42-a05f-52ca9e8389f0,-11.67994,-59.08198,2026-03-11 17:07:00,NPP-375,JUÍNA,MATO GROSSO,Brasil,5105150,51,33,,,,Cerrado,4.5
05a4f083-e361-3c4d-96d2-4826cadc7d45,-12.48893,-43.63413,2026-03-11 17:07:00,NPP-375,BREJOLÂNDIA,BAHIA,Brasil,2904407,29,33,,,,Cerrado,9.6
69d5ee83-f5ef-3897-98a8-d6651e220448,-13.60616,-56.45548,2026-03-11 17:07:00,NPP-375,SÃO JOSÉ DO RIO CLARO,MATO GROSSO,Brasil,5107305,51,33,,,,Cerrado,4.4
140b60a6-0b60-3604-9849-71de89ffcf25,-11.67935,-59.07747,2026-03-11 17:07:00,NPP-375,JUÍNA,MATO GROSSO,Brasil,5105150,51,33,,,,Cerrado,4.5
137eaaca-09ae-30a4-9993-bca22dc82491,-13.69556,-44.88784,2026-03-11 17:07:00,NPP-375,JABORANDI,BAHIA,Brasil,2917359,29,33,,,,Cerrado,5.1
8d0aaa31-59e1-3e5a-a50b-1eed3c0a7c96,-12.48384,-43.63512,2026-03-11 17:07:00,NPP-375,BREJOLÂNDIA,BAHIA,Brasil,2904407,29,33,,,,Cerrado,9.6
7c0c8689-ad65-3905-909c-9dde97edc6e1,-13.59082,-56.37221,2026-03-11 17:07:00,NPP-375,NOVA MUTUM,MATO GROSSO,Brasil,5106224,51,33,,,,Cerrado,7.5
2ad52a11-0ee2-3742-9c0f-3dd82eaa3e3e,-11.06753,-46.55909,2026-03-11 17:07:00,NPP-375,MATEIROS,TOCANTINS,Brasil,1712702,17,33,,,,Cerrado,7.9
77e90cc5-40c9-35ac-8cc3-eb22c75cd662,-11.05603,-46.54418,2026-03-11 17:07:00,NPP-375,MATEIROS,TOCANTINS,Brasil,1712702,17,33,,,,Cerrado,5.0
40ccfd06-efb1-3895-b68d-caadf8c791c6,-18.2152,-54.58568,2026-03-11 17:07:00,NPP-375,PEDRO GOMES,MATO GROSSO DO SUL,Brasil,5006408,50,33,,,,Cerrado,1.4
a269995d-a07a-39ac-9a58-5dc2cd58f4fc,-13.60227,-56.45602,2026-03-11 17:07:00,NPP-375,SÃO JOSÉ DO RIO CLARO,MATO GROSSO,Brasil,5107305,51,33,,,,Cerrado,4.4
582f40fa-be6d-33ce-b8b4-2302e6accad8,-9.19426,-48.62665,2026-03-11 17:09:00,NPP-375,MIRANORTE,TOCANTINS,Brasil,1713304,17,33,,,,Cerrado,10.9
56b495a2-bc08-33aa-91d4-851da014a893,-9.19038,-48.62734,2026-03-11 17:09:00,NPP-375,FORTALEZA DO TABOCÃO,TOCANTINS,Brasil,1708254,17,33,,,,Cerrado,5.8
5ddcc5b4-c8d2-3af0-8139-4f30dba2a22c,-9.19507,-48.63161,2026-03-11 17:09:00,NPP-375,MIRANORTE,TOCANTINS,Brasil,1713304,17,33,,,,Cerrado,10.9
9741f8e4-fdad-3a64-ae26-87291239578d,-8.54774,-44.32172,2026-03-11 17:09:00,NPP-375,PALMEIRA DO PIAUÍ,PIAUÍ,Brasil,2207405,22,33,,,,Cerrado,7.1
82f6378b-4106-37ec-993e-a4a966761008,-9.19813,-48.62594,2026-03-11 17:09:00,NPP-375,MIRANORTE,TOCANTINS,Brasil,1713304,17,33,,,,Cerrado,10.9
ad1234cc-4c49-3fca-b17d-d75b00f4596a,-9.18568,-48.623,2026-03-11 17:09:00,NPP-375,FORTALEZA DO TABOCÃO,TOCANTINS,Brasil,1708254,17,33,,,,Cerrado,8.3
c808a7a7-c3a2-3005-a13e-5a6fa274491b,-9.19344,-48.62165,2026-03-11 17:09:00,NPP-375,FORTALEZA DO TABOCÃO,TOCANTINS,Brasil,1708254,17,33,,,,Cerrado,5.6
2923e314-3964-3d28-98ac-9be0ff600b3d,-22.60068,-55.60519,2026-03-11 17:26:00,NOAA-20,PONTA PORÃ,MATO GROSSO DO SUL,Brasil,5006606,50,33,,,,Cerrado,1.8
bff75f18-30ff-3c1b-b8b7-34e0917e9f83,-16.71449,-50.64876,2026-03-11 17:28:00,NOAA-20,CACHOEIRA DE GOIÁS,GOIÁS,Brasil,5204201,52,33,,,,Cerrado,5.2
a07acc43-0a7d-39bf-ad64-2093b4e7e0db,-15.94954,-48.02637,2026-03-11 17:28:00,NOAA-20,BRASÍLIA,DISTRITO FEDERAL,Brasil,5300108,53,33,,,,Cerrado,4.5
750e4c26-92f4-30ea-b8bf-7dfdca32f04e,-17.34974,-50.11084,2026-03-11 17:28:00,NOAA-20,INDIARA,GOIÁS,Brasil,5209952,52,33,,,,Cerrado,8.3
1d22386a-0868-3512-9593-5a675183b3bb,-12.07533,-45.22398,2026-03-11 17:28:00,NOAA-20,BARREIRAS,BAHIA,Brasil,2903201,29,33,,,,Cerrado,4.3
dc2cc1f5-eb51-3a82-b8df-5b67b9e38c32,-12.06827,-45.22287,2026-03-11 17:28:00,NOAA-20,BARREIRAS,BAHIA,Brasil,2903201,29,33,,,,Cerrado,11.7
cb0db034-2ad4-3b87-8747-39d3b83be25a,-12.06846,-45.22546,2026-03-11 17:28:00,NOAA-20,BARREIRAS,BAHIA,Brasil,2903201,29,33,,,,Cerrado,9.1
cbe3b452-3091-3d71-9b15-321a94feaee4,-11.67603,-59.07322,2026-03-11 17:30:00,NOAA-20,JUÍNA,MATO GROSSO,Brasil,5105150,51,33,,,,Cerrado,4.9
e1f8fee9-ad9b-3275-9dd2-e88c42120347,-11.05603,-46.55407,2026-03-11 17:30:00,NOAA-20,MATEIROS,TOCANTINS,Brasil,1712702,17,33,,,,Cerrado,7.3
6e81ae26-ff99-326f-9b1c-7943b680ced3,-11.67218,-59.07022,2026-03-11 17:30:00,NOAA-20,JUÍNA,MATO GROSSO,Brasil,5105150,51,33,,,,Cerrado,8.4
f5cb1854-f995-331a-a527-ea8869ca224c,-11.67549,-59.0697,2026-03-11 17:30:00,NOAA-20,JUÍNA,MATO GROSSO,Brasil,5105150,51,33,,,,Cerrado,4.9
c6042182-6b9a-3c35-a67b-5c7a2399a52b,-11.67164,-59.06671,2026-03-11 17:30:00,NOAA-20,JUÍNA,MATO GROSSO,Brasil,5105150,51,33,,,,Cerrado,6.9
774f04f4-4af3-3e4b-9d73-ba921c17d470,-11.06555,-46.53092,2026-03-11 17:30:00,NOAA-20,MATEIROS,TOCANTINS,Brasil,1712702,17,33,,,,Cerrado,6.5
bb8e9633-e171-30c8-8afe-5347ff6216be,-11.67827,-59.06567,2026-03-11 17:30:00,NOAA-20,JUÍNA,MATO GROSSO,Brasil,5105150,51,33,,,,Cerrado,7.6
aac30a59-a858-3291-823c-b1e824d1270b,-12.41592,-58.38881,2026-03-11 17:30:00,NOAA-20,BRASNORTE,MATO GROSSO,Brasil,5101902,51,33,,,,Cerrado,4.3
9c9084f7-d2a8-3022-b938-bf597a9cf974,-13.89843,-54.6442,2026-03-11 19:00:00,AQUA_M-T,PARANATINGA,MATO GROSSO,Brasil,5106307,51,33,,,,Cerrado,8.2
5505af73-0cfe-3a93-8028-117b2811c59d,-14.66811,-51.84301,2026-03-11 19:00:00,AQUA_M-T,NOVA XAVANTINA,MATO GROSSO,Brasil,5106257,51,33,,,,Cerrado,9.9
991f11f5-e791-3a20-8f22-b58551e68023,-13.84206,-56.91298,2026-03-11 19:00:00,AQUA_M-T,DIAMANTINO,MATO GROSSO,Brasil,5103502,51,33,,,,Cerrado,6.1
dad0e4b6-90bf-307a-b100-8b595435541b,-13.28301,-56.08894,2026-03-11 19:00:00,AQUA_M-T,LUCAS DO RIO VERDE,MATO GROSSO,Brasil,5105259,51,33,,,,Cerrado,5.0
0eb81a79-8400-3269-9d08-b0c3fa2fe559,-13.54234,-56.74985,2026-03-11 19:00:00,AQUA_M-T,SÃO JOSÉ DO RIO CLARO,MATO GROSSO,Brasil,5107305,51,33,,,,Cerrado,8.4
29d290fa-4a60-3611-b8a0-93529a27d3fd,-11.67115,-59.073,2026-03-11 19:02:00,AQUA_M-T,JUÍNA,MATO GROSSO,Brasil,5105150,51,33,,,,Cerrado,13.8
e41b0e3f-e481-349e-957f-f24b2b82e382,-11.68187,-59.07152,2026-03-11 19:02:00,AQUA_M-T,JUÍNA,MATO GROSSO,Brasil,5105150,51,33,,,,Cerrado,17.0
6e509298-cfec-3688-85da-237665d64ab5,-8.878,-44.78173,2026-03-12 03:45:00,NOAA-21,CURRAIS,PIAUÍ,Brasil,2203230,22,33,1.0,0.0,0.02,Cerrado,0.9
cccacadd-6e52-3ecc-97b8-af729fe1d03a,-5.93127,-43.46346,2026-03-12 03:45:00,NOAA-21,LAGOA DO MATO,MARANHÃO,Brasil,2105922,21,33,0.0,11.24,0.0,Cerrado,0.0
3d567421-237f-3a9b-8245-844ba30f5326,-8.88325,-44.78254,2026-03-12 03:45:00,NOAA-21,CURRAIS,PIAUÍ,Brasil,2203230,22,33,1.0,0.0,0.02,Cerrado,1.2
ff0e80ad-fc22-3de4-9a32-9d1253d2a2a0,-12.07361,-45.2274,2026-03-12 03:47:00,NOAA-21,BARREIRAS,BAHIA,Brasil,2903201,29,33,0.0,0.0,0.01,Cerrado,1.0
f32779b0-9c93-3267-bf22-8a1cfe104d48,-12.51393,-43.68222,2026-03-12 03:47:00,NOAA-21,BREJOLÂNDIA,BAHIA,Brasil,2904407,29,33,3.0,0.0,0.05,Cerrado,4.1
04c43cb6-dc18-305a-a20c-13555f69d4aa,-12.07418,-45.22436,2026-03-12 03:47:00,NOAA-21,BARREIRAS,BAHIA,Brasil,2903201,29,33,0.0,0.0,0.01,Cerrado,1.4
ebe40c85-c2e4-3763-b59d-80aee598c8ac,-17.06812,-43.5792,2026-03-12 03:47:00,NOAA-21,GUARACIAMA,MINAS GERAIS,Brasil,3128253,31,33,1.0,8.53,0.0,Cerrado,2.3
6435562a-d257-3533-b395-368b03f89000,-12.06911,-45.22333,2026-03-12 03:47:00,NOAA-21,BARREIRAS,BAHIA,Brasil,2903201,29,33,0.0,0.0,0.01,Cerrado,1.0
8d63102c-00a6-3fe9-b106-123ddae19e8f,-12.06854,-45.22639,2026-03-12 03:47:00,NOAA-21,BARREIRAS,BAHIA,Brasil,2903201,29,33,0.0,0.0,0.01,Cerrado,1.8
85047bb2-65f7-3743-88d7-2e93a98ac93a,-16.92471,-43.60071,2026-03-12 03:47:00,NOAA-21,GLAUCILÂNDIA,MINAS GERAIS,Brasil,3127354,31,33,0.0,5.32,0.0,Cerrado,1.6
82f45fba-7b45-367d-9d94-76ec539840a2,-8.8792,-44.77886,2026-03-12 04:14:00,NPP-375D,CURRAIS,PIAUÍ,Brasil,2203230,22,33,0.0,0.0,0.02,Cerrado,2.6
1c1a21c4-5d28-3763-99ca-6b4199bc36a5,-10.9192,-44.64848,2026-03-12 04:14:00,NPP-375D,SANTA RITA DE CÁSSIA,BAHIA,Brasil,2928406,29,33,0.0,0.0,0.0,Cerrado,1.3
545c969d-ca7f-3179-aae0-4906725d14c8,-10.91575,-44.64788,2026-03-12 04:14:00,NPP-375D,SANTA RITA DE CÁSSIA,BAHIA,Brasil,2928406,29,33,0.0,0.0,0.0,Cerrado,4.7
7a7c91d5-881e-3d5d-a6dd-79e56a0d8225,-11.17624,-43.42091,2026-03-12 04:14:00,NPP-375D,BARRA,BAHIA,Brasil,2902708,29,33,0.0,0.0,0.0,Cerrado,2.3
46564e2c-02bd-3b9e-8e4f-1e9301f57f40,-10.9675,-44.61359,2026-03-12 04:14:00,NPP-375D,SANTA RITA DE CÁSSIA,BAHIA,Brasil,2928406,29,33,0.0,0.0,0.0,Cerrado,1.8
9abceb2c-6568-3b96-8976-764c8fd1fd82,-11.15453,-43.51249,2026-03-12 04:14:00,NPP-375D,BARRA,BAHIA,Brasil,2902708,29,33,0.0,0.0,0.01,Cerrado,1.2
549395d3-0e2a-39ac-82bc-285961f7f676,-15.53708,-48.23475,2026-03-12 04:17:00,NPP-375D,PADRE BERNARDO,GOIÁS,Brasil,5215603,52,33,0.0,14.22,0.0,Cerrado,1.9
33fbc12c-a8aa-359a-bb16-e3d53279b236,-12.07809,-45.28496,2026-03-12 04:17:00,NPP-375D,BARREIRAS,BAHIA,Brasil,2903201,29,33,0.0,0.0,0.01,Cerrado,2.4
9e32195d-b83b-3178-804f-afe93fbe31aa,-17.06687,-43.5799,2026-03-12 04:17:00,NPP-375D,GUARACIAMA,MINAS GERAIS,Brasil,3128253,31,33,1.0,8.52,0.0,Cerrado,1.6
788fe10a-e7a8-3a59-8a13-dfa882c9cc37,-12.50986,-43.68055,2026-03-12 04:17:00,NPP-375D,BREJOLÂNDIA,BAHIA,Brasil,2904407,29,33,3.0,0.0,0.03,Cerrado,1.5
84bd493d-0ab5-3b69-bb1e-d03025838c41,-12.51043,-43.67698,2026-03-12 04:17:00,NPP-375D,BREJOLÂNDIA,BAHIA,Brasil,2904407,29,33,3.0,0.0,0.04,Cerrado,1.5
d47eda44-698c-3946-84ae-ac3eb7018093,-12.78827,-44.82397,2026-03-12 04:17:00,NPP-375D,SÃO DESIDÉRIO,BAHIA,Brasil,2928901,29,33,0.0,3.43,0.01,Cerrado,1.3
85cefe72-95ba-314f-a806-f3f4d65b3ccd,-12.48223,-43.63927,2026-03-12 04:17:00,NPP-375D,BREJOLÂNDIA,BAHIA,Brasil,2904407,29,33,2.0,0.0,0.05,Cerrado,1.0
a387e8f1-47f4-3617-ac3f-bb3a78ab096b,-12.78764,-44.82775,2026-03-12 04:17:00,NPP-375D,SÃO DESIDÉRIO,BAHIA,Brasil,2928901,29,33,0.0,3.14,0.01,Cerrado,1.0
0afbc829-74df-3cf6-9501-7355ffa43bab,-15.53313,-48.23433,2026-03-12 04:17:00,NPP-375D,PADRE BERNARDO,GOIÁS,Brasil,5215603,52,33,0.0,14.25,0.0,Cerrado,1.9
859c2857-74e3-35b4-9cdd-d93a8f10e69c,-15.52919,-48.23389,2026-03-12 04:17:00,NPP-375D,PADRE BERNARDO,GOIÁS,Brasil,5215603,52,33,0.0,14.29,0.0,Cerrado,0.7
37996b55-a0a0-31a0-9697-b52cfae2e82e,-12.07061,-45.2227,2026-03-12 04:17:00,NPP-375D,BARREIRAS,BAHIA,Brasil,2903201,29,33,0.0,0.0,0.01,Cerrado,1.3
574d8c71-c94c-3c89-b010-62a441f91aa1,-16.92501,-43.59705,2026-03-12 04:17:00,NPP-375D,GLAUCILÂNDIA,MINAS GERAIS,Brasil,3127354,31,33,1.0,5.22,0.0,Cerrado,1.3
ec201e31-6332-3555-8ffe-bebda879ec11,-13.91297,-43.54005,2026-03-12 04:17:00,NPP-375D,MALHADA,BAHIA,Brasil,2920205,29,33,5.0,0.0,0.41,Cerrado,0.5
1b2be054-07e5-3f8e-a579-0b6c622d5b70,-12.06712,-45.22209,2026-03-12 04:17:00,NPP-375D,BARREIRAS,BAHIA,Brasil,2903201,29,33,0.0,0.0,0.01,Cerrado,1.3
e57ee672-8a68-32cc-8482-ec9d386850ba,-10.91808,-44.65194,2026-03-12 04:36:00,NOAA-20,SANTA RITA DE CÁSSIA,BAHIA,Brasil,2928406,29,33,0.0,0.0,0.0,Cerrado,4.1
f457cc1f-19bc-3983-b787-1b738bee745b,-8.8818,-44.77878,2026-03-12 04:36:00,NOAA-20,CURRAIS,PIAUÍ,Brasil,2203230,22,33,1.0,0.0,0.02,Cerrado,1.2
3328f5a1-4b67-395a-8bd7-758ce722edc0,-8.88113,-44.78325,2026-03-12 04:36:00,NOAA-20,CURRAIS,PIAUÍ,Brasil,2203230,22,33,1.0,0.0,0.02,Cerrado,1.2
c6a2755f-0fa3-3843-ba05-25556ce2a6f9,-12.0716,-45.22234,2026-03-12 04:36:00,NOAA-20,BARREIRAS,BAHIA,Brasil,2903201,29,33,0.0,0.0,0.01,Cerrado,1.0
a2e58033-2def-3ccf-9e65-9d8a2e87b355,-12.06713,-45.22647,2026-03-12 04:36:00,NOAA-20,BARREIRAS,BAHIA,Brasil,2903201,29,33,0.0,0.0,0.01,Cerrado,1.0
e698e09e-1629-342a-9b2e-2ba50cb42e6c,-10.9683,-44.61595,2026-03-12 04:36:00,NOAA-20,SANTA RITA DE CÁSSIA,BAHIA,Brasil,2928406,29,33,0.0,0.0,0.0,Cerrado,1.9
01b33f7e-b92f-3493-a679-d9eb5f47f2cc,-12.07092,-45.22702,2026-03-12 04:36:00,NOAA-20,BARREIRAS,BAHIA,Brasil,2903201,29,33,0.0,0.0,0.01,Cerrado,1.0
6de50b66-c5bc-3e3b-a64f-7362c1618f55,-12.07114,-45.22454,2026-03-12 04:36:00,NOAA-20,BARREIRAS,BAHIA,Brasil,2903201,29,33,0.0,0.0,0.01,Cerrado,2.3
e65f8a9d-c57a-373d-b548-5e4f0b897999,-12.51089,-43.67705,2026-03-12 04:36:00,NOAA-20,BREJOLÂNDIA,BAHIA,Brasil,2904407,29,33,3.0,0.0,0.04,Cerrado,1.3
66f9c361-fbe4-35f9-9a70-57fa992300b3,-12.51036,-43.68098,2026-03-12 04:36:00,NOAA-20,BREJOLÂNDIA,BAHIA,Brasil,2904407,29,33,3.0,0.0,0.04,Cerrado,2.1
8b7b341f-5902-38ee-bb2c-2a8b5a76108e,-8.87932,-44.78006,2026-03-12 04:36:00,NOAA-20,CURRAIS,PIAUÍ,Brasil,2203230,22,33,1.0,0.0,0.02,Cerrado,2.4
a03895b0-398c-3653-95ca-c4ad60805b4f,-12.01805,-45.35192,2026-03-12 04:36:00,NOAA-20,BARREIRAS,BAHIA,Brasil,2903201,29,33,0.0,0.0,0.01,Cerrado,0.8
98a7bb89-1aab-39b0-be0f-dc5d5f67742c,-10.91878,-44.64706,2026-03-12 04:36:00,NOAA-20,SANTA RITA DE CÁSSIA,BAHIA,Brasil,2928406,29,33,0.0,0.0,0.0,Cerrado,1.5
b9ede6b7-3ecd-3fa6-8aaf-1ef2cabce906,-10.96697,-44.61408,2026-03-12 04:36:00,NOAA-20,SANTA RITA DE CÁSSIA,BAHIA,Brasil,2928406,29,33,0.0,0.0,0.0,Cerrado,2.2
d915dc95-2cd5-39a8-9264-2841e1d55cc1,-15.53763,-48.23883,2026-03-12 04:38:00,NOAA-20,PADRE BERNARDO,GOIÁS,Brasil,5215603,52,33,0.0,14.42,0.0,Cerrado,0.6
cabb6b51-1ac5-3213-b1b7-67bbf9559595,-15.5382,-48.23495,2026-03-12 04:38:00,NOAA-20,PADRE BERNARDO,GOIÁS,Brasil,5215603,52,33,0.0,14.21,0.0,Cerrado,0.9
6c5707f1-2d3e-3bb0-a840-0ac611cd8b10,-15.5348,-48.2343,2026-03-12 04:38:00,NOAA-20,PADRE BERNARDO,GOIÁS,Brasil,5215603,52,33,0.0,14.23,0.0,Cerrado,1.2
11862f84-31d1-325a-ab6b-437bc278004c,-16.9249,-43.60089,2026-03-12 04:38:00,NOAA-20,GLAUCILÂNDIA,MINAS GERAIS,Brasil,3127354,31,33,0.0,5.33,0.0,Cerrado,0.7
84b8a909-488f-3953-9543-667293ff073a,-11.35683,-43.40216,2026-03-12 05:46:00,AQUA_M-M,BARRA,BAHIA,Brasil,2902708,29,33,0.0,0.38,0.0,Cerrado,6.2
3f28cef8-1001-37f6-9a65-74ad7b03e13d,-12.069,-45.2305,2026-03-12 11:50:00,GOES-19,BARREIRAS,BAHIA,Brasil,2903201,29,33,0.0,0.0,0.01,Cerrado,95.4
5002bacf-3b3f-31e7-aabc-ae65f9f8749a,-12.069,-45.2305,2026-03-12 12:00:00,GOES-19,BARREIRAS,BAHIA,Brasil,2903201,29,33,0.0,0.0,0.01,Cerrado,97.3
2dc616e7-321d-38c1-b118-d86f8ef64f61,-12.069,-45.2305,2026-03-12 12:10:00,GOES-19,BARREIRAS,BAHIA,Brasil,2903201,29,33,0.0,0.0,0.01,Cerrado,113.5
bb32a46f-7567-3512-8abd-557d2e595a12,-12.069,-45.2305,2026-03-12 12:20:00,GOES-19,BARREIRAS,BAHIA,Brasil,2903201,29,33,0.0,0.0,0.01,Cerrado,128.8
46b228d2-43ba-3a65-92b6-ee2724ffe8fc,-12.069,-45.2305,2026-03-12 12:30:00,GOES-19,BARREIRAS,BAHIA,Brasil,2903201,29,33,0.0,0.0,0.01,Cerrado,150.6
29789ef7-3941-3c89-add3-111b94159e8c,-12.069,-45.2305,2026-03-12 12:40:00,GOES-19,BARREIRAS,BAHIA,Brasil,2903201,29,33,0.0,0.0,0.01,Cerrado,134.4
8890ed55-c94c-31d1-8000-1974b4be8d81,-12.069,-45.2305,2026-03-12 12:50:00,GOES-19,BARREIRAS,BAHIA,Brasil,2903201,29,33,0.0,0.0,0.01,Cerrado,112.5
ebcce4a2-7fa2-3497-8558-9883a1e0b1c6,-12.0674,-45.3229,2026-03-12 13:00:00,GOES-19,BARREIRAS,BAHIA,Brasil,2903201,29,33,0.0,0.0,0.01,Cerrado,132.3
f0e0add7-eab7-3e06-a67e-3bd825a10f27,-12.069,-45.2305,2026-03-12 13:00:00,GOES-19,BARREIRAS,BAHIA,Brasil,2903201,29,33,0.0,0.0,0.01,Cerrado,133.1
842fb4db-a888-3a08-8851-d6a0b792c456,-12.46697,-58.55836,2026-03-12 13:08:00,TERRA_M-T,SAPEZAL,MATO GROSSO,Brasil,5107875,51,33,0.0,0.19,0.0,Cerrado,15.4
ba6ecdb6-88fe-3882-ac43-62647a491956,-12.0674,-45.3229,2026-03-12 13:10:00,GOES-19,BARREIRAS,BAHIA,Brasil,2903201,29,33,0.0,0.0,0.01,Cerrado,129.9
45586be8-545e-3fef-8a91-d4aea5804c2f,-12.067,-45.346,2026-03-12 13:10:00,GOES-19,BARREIRAS,BAHIA,Brasil,2903201,29,33,0.0,0.0,0.01,Cerrado,100.3
6b4c797b-5fc0-3cf6-80de-a3842db76eba,-12.069,-45.2305,2026-03-12 13:10:00,GOES-19,BARREIRAS,BAHIA,Brasil,2903201,29,33,0.0,0.0,0.01,Cerrado,147.2
e54cd31d-4ef9-31ac-895a-e7fec7468879,-12.069,-45.2305,2026-03-12 13:20:00,GOES-19,BARREIRAS,BAHIA,Brasil,2903201,29,33,0.0,0.0,0.01,Cerrado,116.7
0bbbd4be-4e9e-3176-94e3-298f1a525e4a,-12.0674,-45.3229,2026-03-12 13:20:00,GOES-19,BARREIRAS,BAHIA,Brasil,2903201,29,33,0.0,0.0,0.01,Cerrado,123.7
e0777fa9-c074-32bc-aa8a-0896d94dcfbf,-12.7875,-44.8406,2026-03-12 13:50:00,GOES-19,SÃO DESIDÉRIO,BAHIA,Brasil,2928901,29,33,1.0,2.11,0.02,Cerrado,103.7
613d1fa9-bc99-3aac-bfc9-92f70bc40e18,-16.18357,-42.97447,2026-03-12 16:18:00,NOAA-21,GRÃO MOGOL,MINAS GERAIS,Brasil,3127800,31,33,5.0,1.79,0.02,Cerrado,12.5
4fc710be-e73b-3a04-8986-fe21700cf2dc,-15.57774,-51.27919,2026-03-12 16:18:00,NOAA-21,JUSSARA,GOIÁS,Brasil,5212204,52,33,0.0,19.17,0.0,Cerrado,11.8
0a376419-4ad6-378f-bbea-dd3720a884df,-15.34584,-53.38117,2026-03-12 16:18:00,NOAA-21,NOVO SÃO JOAQUIM,MATO GROSSO,Brasil,5106281,51,33,1.0,20.15,0.0,Cerrado,13.6
477c5250-53e8-3849-9cd6-41c308332d84,-10.39373,-44.9305,2026-03-12 16:20:00,NOAA-21,CORRENTE,PIAUÍ,Brasil,2202901,22,33,0.0,0.0,0.0,Cerrado,24.2
21f2ce55-2627-384c-8a2a-7e30e78b9d44,-12.06687,-45.328,2026-03-12 16:20:00,NOAA-21,BARREIRAS,BAHIA,Brasil,2903201,29,33,0.0,0.0,0.01,Cerrado,15.0
94b3686e-9006-383c-b07e-26092918ef05,-10.39734,-44.92998,2026-03-12 16:20:00,NOAA-21,CORRENTE,PIAUÍ,Brasil,2202901,22,33,0.0,0.0,0.0,Cerrado,24.2
e12f4f43-d513-38d2-a639-6873ec9fd3e2,-12.0615,-45.23487,2026-03-12 16:20:00,NOAA-21,BARREIRAS,BAHIA,Brasil,2903201,29,33,0.0,0.0,0.01,Cerrado,30.7
054df237-268a-33ad-9e13-d864641f8783,-12.7879,-44.82385,2026-03-12 16:20:00,NOAA-21,SÃO DESIDÉRIO,BAHIA,Brasil,2928901,29,33,0.0,3.45,0.01,Cerrado,10.3
5af946cc-9b0b-3c6a-b042-dbcb346e88d0,-8.40087,-44.06101,2026-03-12 16:20:00,NOAA-21,ALVORADA DO GURGUÉIA,PIAUÍ,Brasil,2200459,22,33,2.0,0.0,0.01,Cerrado,8.3
77ed332b-972a-3a94-ba07-83a7c069c298,-8.80227,-44.79787,2026-03-12 16:20:00,NOAA-21,CURRAIS,PIAUÍ,Brasil,2203230,22,33,1.0,0.0,0.04,Cerrado,16.6
841d54b5-43cb-3250-bb9b-653b0ecd8618,-12.78115,-44.82936,2026-03-12 16:20:00,NOAA-21,SÃO DESIDÉRIO,BAHIA,Brasil,2928901,29,33,0.0,3.07,0.01,Cerrado,21.3
780b3ad3-4c2e-36bd-b49b-90d432b7c157,-8.8058,-44.79735,2026-03-12 16:20:00,NOAA-21,CURRAIS,PIAUÍ,Brasil,2203230,22,33,1.0,0.0,0.04,Cerrado,11.7
1a6c60d2-6404-3614-8163-00f4fdb8e805,-8.53727,-44.32087,2026-03-12 16:20:00,NOAA-21,PALMEIRA DO PIAUÍ,PIAUÍ,Brasil,2207405,22,33,2.0,0.0,0.07,Cerrado,10.0
3a2d027a-5ce7-3f46-b3f7-1c8c63f1ed4b,-12.06524,-45.23434,2026-03-12 16:20:00,NOAA-21,BARREIRAS,BAHIA,Brasil,2903201,29,33,0.0,0.0,0.01,Cerrado,30.7
77755f4b-87da-39e5-bb09-82005931a307,-8.80168,-44.79787,2026-03-12 16:20:00,NOAA-21,CURRAIS,PIAUÍ,Brasil,2203230,22,33,1.0,0.0,0.04,Cerrado,15.3
7c70e441-afcc-3fd0-a726-d97d1f8abd1d,-12.78052,-44.82491,2026-03-12 16:20:00,NOAA-21,SÃO DESIDÉRIO,BAHIA,Brasil,2928901,29,33,0.0,3.44,0.01,Cerrado,16.9
f2126a6c-3c62-33b1-beeb-55379c5a7c0e,-12.78421,-44.82438,2026-03-12 16:20:00,NOAA-21,SÃO DESIDÉRIO,BAHIA,Brasil,2928901,29,33,0.0,3.44,0.01,Cerrado,10.3
85755272-96c8-3087-be47-6afe6f4d2f35,-12.78484,-44.82883,2026-03-12 16:20:00,NOAA-21,SÃO DESIDÉRIO,BAHIA,Brasil,2928901,29,33,0.0,3.08,0.01,Cerrado,12.4
60816401-8fb9-33d2-ad39-3c76473d15c1,-8.39801,-44.06523,2026-03-12 16:20:00,NOAA-21,ALVORADA DO GURGUÉIA,PIAUÍ,Brasil,2200459,22,33,2.0,0.0,0.01,Cerrado,9.5
75f31bf7-03ce-334f-b59d-6915ca62b93b,-8.39746,-44.06152,2026-03-12 16:20:00,NOAA-21,ALVORADA DO GURGUÉIA,PIAUÍ,Brasil,2200459,22,33,2.0,0.0,0.01,Cerrado,9.5
097f05d8-a05d-383c-8ad6-42eac2399f34,-4.8214,-42.98752,2026-03-12 16:22:00,NOAA-21,CAXIAS,MARANHÃO,Brasil,2103000,21,33,0.0,0.0,0.0,Cerrado,3.0
ac9a8ba8-101b-33ed-8f55-41415021e0f3,-16.31508,-53.5705,2026-03-12 16:48:00,NPP-375,GUIRATINGA,MATO GROSSO,Brasil,5104203,51,33,4.0,11.36,0.0,Cerrado,8.6
443d14ec-b0f7-35d8-a7dd-40e4196a037a,-16.31897,-53.56683,2026-03-12 16:48:00,NPP-375,GUIRATINGA,MATO GROSSO,Brasil,5104203,51,33,4.0,11.58,0.0,Cerrado,10.1
18567afb-879c-3ab6-a59f-1f6f867b48c2,-15.02505,-45.13383,2026-03-12 16:48:00,NPP-375,BONITO DE MINAS,MINAS GERAIS,Brasil,3108255,31,33,2.0,0.0,0.03,Cerrado,5.8
c581a9ac-9bd3-3222-abef-59b020a2661f,-15.28045,-52.1098,2026-03-12 16:48:00,NPP-375,BARRA DO GARÇAS,MATO GROSSO,Brasil,5101803,51,33,0.0,20.24,0.0,Cerrado,6.3
f3f0f945-65cc-3ef6-9a39-209a1ce44635,-15.27998,-52.10612,2026-03-12 16:48:00,NPP-375,BARRA DO GARÇAS,MATO GROSSO,Brasil,5101803,51,33,0.0,20.12,0.0,Cerrado,6.3
dcdb43cf-ba79-32ab-9c03-5ade8785194f,-16.18647,-42.97004,2026-03-12 16:48:00,NPP-375,GRÃO MOGOL,MINAS GERAIS,Brasil,3127800,31,33,5.0,1.81,0.03,Cerrado,7.4
f13a2456-e4af-31ca-8425-79dc200639e3,-16.31836,-53.56165,2026-03-12 16:48:00,NPP-375,GUIRATINGA,MATO GROSSO,Brasil,5104203,51,33,4.0,11.89,0.01,Cerrado,10.1
f93b8bcd-8ffa-3cc0-9f6e-bd1685ff25e3,-15.02102,-45.13062,2026-03-12 16:48:00,NPP-375,BONITO DE MINAS,MINAS GERAIS,Brasil,3108255,31,33,2.0,0.0,0.03,Cerrado,3.4
c4c327a7-5ea9-3c11-bfb2-fd4cfc300d6e,-16.319,-53.5648,2026-03-12 16:48:00,NPP-375,GUIRATINGA,MATO GROSSO,Brasil,5104203,51,33,4.0,11.7,0.0,Cerrado,14.2
d9c6abaa-0580-36a8-9f8b-9ee447be018e,-15.0204,-45.12682,2026-03-12 16:48:00,NPP-375,BONITO DE MINAS,MINAS GERAIS,Brasil,3108255,31,33,2.0,0.0,0.03,Cerrado,5.3
6505bbd1-2a6b-3fd0-aca5-23df15d00d3e,-21.10729,-55.22509,2026-03-12 16:48:00,NPP-375,SIDROLÂNDIA,MATO GROSSO DO SUL,Brasil,5007901,50,33,5.0,4.61,0.0,Cerrado,2.3
31104f88-57a0-3053-9df5-f1d08b6ec79a,-16.31714,-53.55009,2026-03-12 16:48:00,NPP-375,GUIRATINGA,MATO GROSSO,Brasil,5104203,51,33,4.0,12.58,0.0,Cerrado,3.7
7555d3a7-6cbb-381e-8ecb-7bb11db7ece4,-16.3144,-53.56738,2026-03-12 16:48:00,NPP-375,GUIRATINGA,MATO GROSSO,Brasil,5104203,51,33,4.0,11.55,0.0,Cerrado,12.8
100a34cf-c0af-3f31-a833-ad019a16c2e6,-21.10187,-55.22569,2026-03-12 16:48:00,NPP-375,SIDROLÂNDIA,MATO GROSSO DO SUL,Brasil,5007901,50,33,5.0,4.7,0.0,Cerrado,2.3
2be13c47-2b53-3068-8dc0-f96bd924df9f,-15.28092,-52.11349,2026-03-12 16:48:00,NPP-375,BARRA DO GARÇAS,MATO GROSSO,Brasil,5101803,51,33,0.0,20.35,0.0,Cerrado,4.1
c9ae149c-b8eb-3637-8210-53ed9e643ce6,-15.49348,-42.18248,2026-03-12 16:48:00,NPP-375,INDAIABIRA,MINAS GERAIS,Brasil,3130655,31,33,4.0,0.0,0.07,Cerrado,3.8
caac9a95-5b9f-36dc-a8b2-6fd2ce3a6a23,-16.31444,-53.56541,2026-03-12 16:48:00,NPP-375,GUIRATINGA,MATO GROSSO,Brasil,5104203,51,33,4.0,11.67,0.0,Cerrado,14.2
46d81a79-93b5-3844-a8ba-a4b88dc0dcc2,-12.07522,-45.333,2026-03-12 16:50:00,NPP-375,BARREIRAS,BAHIA,Brasil,2903201,29,33,0.0,0.0,0.01,Cerrado,5.4
6e49e1c8-a803-3de6-8ea7-c96178a5774e,-13.2817,-44.32776,2026-03-12 16:50:00,NPP-375,SANTA MARIA DA VITÓRIA,BAHIA,Brasil,2928109,29,33,5.0,0.0,0.06,Cerrado,4.4
d595f779-70de-3707-8676-26013a29d7c7,-8.80391,-44.79498,2026-03-12 16:50:00,NPP-375,CURRAIS,PIAUÍ,Brasil,2203230,22,33,1.0,0.0,0.05,Cerrado,9.3
9a7912ef-0cde-3534-a8a1-60dd47dc604e,-10.39683,-44.92679,2026-03-12 16:50:00,NPP-375,CORRENTE,PIAUÍ,Brasil,2202901,22,33,0.0,0.0,0.0,Cerrado,15.7
693ab219-cbf8-3000-80f7-32a1544412e1,-11.80192,-45.58785,2026-03-12 16:50:00,NPP-375,BARREIRAS,BAHIA,Brasil,2903201,29,33,0.0,0.0,0.01,Cerrado,3.2
be6e5362-fbf4-3035-ae9a-413cdbe6da70,-12.06995,-45.23365,2026-03-12 16:50:00,NPP-375,BARREIRAS,BAHIA,Brasil,2903201,29,33,0.0,0.0,0.01,Cerrado,11.4
92025f30-1470-3c6f-b78c-b980bca722e8,-12.06583,-45.23031,2026-03-12 16:50:00,NPP-375,BARREIRAS,BAHIA,Brasil,2903201,29,33,0.0,0.0,0.01,Cerrado,11.4
2038b328-8130-3f95-a7b4-6e1b25736f3a,-12.61993,-44.12273,2026-03-12 16:50:00,NPP-375,TABOCAS DO BREJO VELHO,BAHIA,Brasil,2930907,29,33,3.0,0.0,0.04,Cerrado,3.5
884aa191-e715-337d-b95b-af97e2dc8835,-8.80021,-44.79558,2026-03-12 16:50:00,NPP-375,CURRAIS,PIAUÍ,Brasil,2203230,22,33,1.0,0.0,0.05,Cerrado,21.2
284da722-390a-352f-afae-1eb4e652ab87,-12.06952,-45.34195,2026-03-12 16:50:00,NPP-375,BARREIRAS,BAHIA,Brasil,2903201,29,33,0.0,0.0,0.01,Cerrado,6.2
5ee9557d-db22-3420-9e71-ff1db61d174c,-11.91119,-45.25531,2026-03-12 16:50:00,NPP-375,BARREIRAS,BAHIA,Brasil,2903201,29,33,0.0,0.0,0.01,Cerrado,3.8
e1ec1b24-461b-3dfa-911a-6b2413866e67,-11.1002,-46.55843,2026-03-12 16:50:00,NPP-375,MATEIROS,TOCANTINS,Brasil,1712702,17,33,0.0,0.2,0.01,Cerrado,2.9
22028682-e373-3555-90b6-16e7197c4d48,-12.05821,-45.22755,2026-03-12 16:50:00,NPP-375,BARREIRAS,BAHIA,Brasil,2903201,29,33,0.0,0.0,0.01,Cerrado,17.7
3abb70d4-1897-365d-9092-f0fbae482293,-12.07281,-45.22914,2026-03-12 16:50:00,NPP-375,BARREIRAS,BAHIA,Brasil,2903201,29,33,0.0,0.0,0.01,Cerrado,2.8
39916b0a-3d08-396d-be75-b863574048f0,-12.78544,-44.81775,2026-03-12 16:50:00,NPP-375,SÃO DESIDÉRIO,BAHIA,Brasil,2928901,29,33,0.0,3.96,0.01,Cerrado,9.4
75a3fa28-3421-3391-983a-2334100d1093,-12.06233,-45.23089,2026-03-12 16:50:00,NPP-375,BARREIRAS,BAHIA,Brasil,2903201,29,33,0.0,0.0,0.01,Cerrado,16.0
fd85cfc3-c6d7-3fc9-89ac-bfd31c7c579f,-10.9184,-44.64518,2026-03-12 16:50:00,NPP-375,SANTA RITA DE CÁSSIA,BAHIA,Brasil,2928406,29,33,0.0,0.0,0.0,Cerrado,4.8
e4b10aeb-cc7d-3706-8742-162c9e0412d1,-12.07459,-45.32909,2026-03-12 16:50:00,NPP-375,BARREIRAS,BAHIA,Brasil,2903201,29,33,0.0,0.0,0.01,Cerrado,12.9
d8c48d74-df9e-3907-95a1-ba0d170fd506,-12.77969,-44.82697,2026-03-12 16:50:00,NPP-375,SÃO DESIDÉRIO,BAHIA,Brasil,2928901,29,33,0.0,3.28,0.01,Cerrado,4.7
11d059f4-3570-3f32-ba0c-05bc6545c6f8,-13.45961,-43.66886,2026-03-12 16:50:00,NPP-375,SERRA DO RAMALHO,BAHIA,Brasil,2930154,29,33,2.0,0.0,0.12,Cerrado,4.2
fa0328ea-2335-3d59-887a-04406e697f7b,-12.0763,-45.22856,2026-03-12 16:50:00,NPP-375,BARREIRAS,BAHIA,Brasil,2903201,29,33,0.0,0.0,0.01,Cerrado,2.8
0ac41595-66b1-3159-8f38-9a0d92093f1e,-12.073,-45.34138,2026-03-12 16:50:00,NPP-375,BARREIRAS,BAHIA,Brasil,2903201,29,33,0.0,0.0,0.01,Cerrado,6.2
5f4f5e78-5ad9-32d8-903c-962ad9f128e6,-12.07218,-45.22521,2026-03-12 16:50:00,NPP-375,BARREIRAS,BAHIA,Brasil,2903201,29,33,0.0,0.0,0.01,Cerrado,7.6
8c51dd8a-022c-3438-8bd6-40174f8520fe,-11.03201,-45.19837,2026-03-12 16:50:00,NPP-375,FORMOSA DO RIO PRETO,BAHIA,Brasil,2911105,29,33,0.0,0.0,0.01,Cerrado,4.3
52997cc7-253e-3cc3-81c3-49459990c8a0,-10.91909,-44.64943,2026-03-12 16:50:00,NPP-375,SANTA RITA DE CÁSSIA,BAHIA,Brasil,2928406,29,33,0.0,0.0,0.0,Cerrado,4.8
132cde8a-cde1-3929-be3d-72d3b0cbbaa5,-12.06868,-45.2258,2026-03-12 16:50:00,NPP-375,BARREIRAS,BAHIA,Brasil,2903201,29,33,0.0,0.0,0.01,Cerrado,6.2
433596ac-6985-39d4-bb5c-583e47d1e3a1,-8.8076,-44.79437,2026-03-12 16:50:00,NPP-375,CURRAIS,PIAUÍ,Brasil,2203230,22,33,1.0,0.0,0.05,Cerrado,9.3
9dec7184-753f-38ef-8b3d-5e7f929073f4,-11.90833,-45.25981,2026-03-12 16:50:00,NPP-375,BARREIRAS,BAHIA,Brasil,2903201,29,33,0.0,0.0,0.01,Cerrado,7.6
28ed4540-0fe9-315f-ba89-10bc92642027,-12.78674,-44.82578,2026-03-12 16:50:00,NPP-375,SÃO DESIDÉRIO,BAHIA,Brasil,2928901,29,33,0.0,3.3,0.01,Cerrado,4.5
752b3cf6-117d-3e69-9194-eb589a787083,-12.77774,-44.81492,2026-03-12 16:50:00,NPP-375,SÃO DESIDÉRIO,BAHIA,Brasil,2928901,29,33,0.0,4.26,0.01,Cerrado,10.4
e912fb3d-96a3-3b65-9579-581f7892198d,-12.06646,-45.23423,2026-03-12 16:50:00,NPP-375,BARREIRAS,BAHIA,Brasil,2903201,29,33,0.0,0.0,0.01,Cerrado,11.4
1c87f703-21da-3f05-8313-6fba653a3b06,-12.78386,-44.83039,2026-03-12 16:50:00,NPP-375,SÃO DESIDÉRIO,BAHIA,Brasil,2928901,29,33,0.0,2.96,0.01,Cerrado,4.7
3ccf7314-553f-3bd9-a180-a2fb25b5238f,-10.09267,-45.255,2026-03-12 16:50:00,NPP-375,SÃO GONÇALO DO GURGUÉIA,PIAUÍ,Brasil,2209757,22,33,0.0,0.0,0.0,Cerrado,5.4
50f75ef1-7ae0-3f82-94a2-c18d5617141a,-11.02117,-45.22075,2026-03-12 16:50:00,NPP-375,FORMOSA DO RIO PRETO,BAHIA,Brasil,2911105,29,33,1.0,0.0,0.01,Cerrado,0.9
c7ba7f14-a7c3-3bed-a9a2-2242b2482f17,-12.0787,-45.33243,2026-03-12 16:50:00,NPP-375,BARREIRAS,BAHIA,Brasil,2903201,29,33,0.0,0.0,0.01,Cerrado,5.4
613596f9-8c3c-39d2-b222-51cfea2ca404,-12.78739,-44.8298,2026-03-12 16:50:00,NPP-375,SÃO DESIDÉRIO,BAHIA,Brasil,2928901,29,33,0.0,2.98,0.01,Cerrado,4.5
f42264c2-ddb2-39d9-8f1c-48598d22d7fd,-12.07648,-45.34081,2026-03-12 16:50:00,NPP-375,BARREIRAS,BAHIA,Brasil,2903201,29,33,0.0,0.0,0.01,Cerrado,5.4
5d0a0bcb-3c89-31a4-9563-5824bdc14bec,-12.06297,-45.23481,2026-03-12 16:50:00,NPP-375,BARREIRAS,BAHIA,Brasil,2903201,29,33,0.0,0.0,0.01,Cerrado,16.0
32e14887-7752-3a3c-a760-a64dbed5b889,-10.39323,-44.92739,2026-03-12 16:50:00,NPP-375,CORRENTE,PIAUÍ,Brasil,2202901,22,33,0.0,0.0,0.0,Cerrado,15.7
73370735-96c6-30dc-8b3a-889d8abb2a8e,-12.06932,-45.22972,2026-03-12 16:50:00,NPP-375,BARREIRAS,BAHIA,Brasil,2903201,29,33,0.0,0.0,0.01,Cerrado,11.4
da90a7ef-3ecb-39d2-a552-5a0e112820f3,-12.06519,-45.22638,2026-03-12 16:50:00,NPP-375,BARREIRAS,BAHIA,Brasil,2903201,29,33,0.0,0.0,0.01,Cerrado,6.2
e51d0b23-69d0-395e-a749-73372a9200aa,-12.0617,-45.22697,2026-03-12 16:50:00,NPP-375,BARREIRAS,BAHIA,Brasil,2903201,29,33,0.0,0.0,0.01,Cerrado,17.7
aa407a3b-3746-3d82-af79-90f4966ba0af,-12.7823,-44.81956,2026-03-12 17:09:00,NOAA-20,SÃO DESIDÉRIO,BAHIA,Brasil,2928901,29,33,0.0,3.85,0.01,Cerrado,6.3
34cc9c74-070f-31d5-8834-cc3eb5b8cb70,-12.78815,-44.82183,2026-03-12 17:09:00,NOAA-20,SÃO DESIDÉRIO,BAHIA,Brasil,2928901,29,33,0.0,3.61,0.01,Cerrado,2.9
6235f0f2-f49e-32a7-ab6c-ec6880440b4c,-16.60339,-53.07943,2026-03-12 17:09:00,NOAA-20,PONTE BRANCA,MATO GROSSO,Brasil,5106703,51,33,2.0,5.41,0.06,Cerrado,3.4
fb5dacee-5b69-32d0-89fa-86b9fd675c64,-15.28168,-52.11169,2026-03-12 17:09:00,NOAA-20,BARRA DO GARÇAS,MATO GROSSO,Brasil,5101803,51,33,0.0,20.37,0.0,Cerrado,3.0
e4ba07e6-b408-3192-b8d0-5111d70a53ee,-12.46468,-58.55721,2026-03-12 17:09:00,NOAA-20,SAPEZAL,MATO GROSSO,Brasil,5107875,51,33,0.0,0.17,0.0,Cerrado,4.9
606526cb-7051-3fc5-95d8-d1ad389363e5,-12.46536,-58.56218,2026-03-12 17:09:00,NOAA-20,SAPEZAL,MATO GROSSO,Brasil,5107875,51,33,0.0,0.2,0.0,Cerrado,4.9
65391ee2-496a-344e-ba37-b80cf5f69240,-12.77645,-44.81728,2026-03-12 17:09:00,NOAA-20,SÃO DESIDÉRIO,BAHIA,Brasil,2928901,29,33,0.0,4.09,0.01,Cerrado,6.3
974f0140-3deb-3b9a-95b1-fdff9d54aee8,-10.91939,-44.64903,2026-03-12 17:09:00,NOAA-20,SANTA RITA DE CÁSSIA,BAHIA,Brasil,2928406,29,33,0.0,0.0,0.0,Cerrado,4.4
cfab993c-c6ed-3e73-b352-6c28a5d980e2,-12.50739,-43.6826,2026-03-12 17:09:00,NOAA-20,BREJOLÂNDIA,BAHIA,Brasil,2904407,29,33,3.0,0.0,0.03,Cerrado,6.7
8c4dc8e7-41bb-319a-9565-22ee416b1848,-15.96759,-51.0193,2026-03-12 17:09:00,NOAA-20,JUSSARA,GOIÁS,Brasil,5212204,52,33,2.0,17.19,0.0,Cerrado,2.9
f9d73a9e-8457-3e23-b7e8-684f0f73ff32,-12.46147,-58.56276,2026-03-12 17:09:00,NOAA-20,SAPEZAL,MATO GROSSO,Brasil,5107875,51,33,0.0,0.2,0.0,Cerrado,4.9
36811875-ea7b-3c20-9610-b69747d8a320,-11.16497,-44.50569,2026-03-12 17:09:00,NOAA-20,SANTA RITA DE CÁSSIA,BAHIA,Brasil,2928406,29,33,0.0,0.0,0.0,Cerrado,2.8
8db6be40-738b-3c6f-8338-eaf65dd1e7c0,-11.03544,-45.19827,2026-03-12 17:09:00,NOAA-20,FORMOSA DO RIO PRETO,BAHIA,Brasil,2911105,29,33,0.0,0.0,0.01,Cerrado,2.5
4d17f775-0058-3f87-8df0-eb08ce3c97ef,-12.07273,-45.33311,2026-03-12 17:09:00,NOAA-20,BARREIRAS,BAHIA,Brasil,2903201,29,33,0.0,0.0,0.01,Cerrado,9.5
b61cf501-6baa-354b-a7c5-a86f1227c255,-14.8742,-53.04211,2026-03-12 17:09:00,NOAA-20,NOVO SÃO JOAQUIM,MATO GROSSO,Brasil,5106281,51,33,0.0,32.31,0.0,Cerrado,6.6
563cf967-a63c-3136-9aea-ee24644711df,-12.07451,-45.34258,2026-03-12 17:09:00,NOAA-20,BARREIRAS,BAHIA,Brasil,2903201,29,33,0.0,0.0,0.01,Cerrado,12.8
f6eb479c-0e36-3078-a7b0-d1cf1d30c0e8,-13.46118,-43.67174,2026-03-12 17:09:00,NOAA-20,SERRA DO RAMALHO,BAHIA,Brasil,2930154,29,33,2.0,0.0,0.1,Cerrado,2.7
0cfd3221-12d0-3e86-a376-3fc9f8ae50e9,-14.87752,-53.04157,2026-03-12 17:09:00,NOAA-20,NOVO SÃO JOAQUIM,MATO GROSSO,Brasil,5106281,51,33,0.0,32.22,0.0,Cerrado,20.0
b155fd36-ef2e-34ba-a237-140d1dc41bc0,-12.07214,-45.32995,2026-03-12 17:09:00,NOAA-20,BARREIRAS,BAHIA,Brasil,2903201,29,33,0.0,0.0,0.01,Cerrado,24.2
edcad40d-69bc-3e3a-8f2a-49735e26fc63,-12.77707,-44.82056,2026-03-12 17:09:00,NOAA-20,SÃO DESIDÉRIO,BAHIA,Brasil,2928901,29,33,0.0,3.82,0.01,Cerrado,6.3
c467d2d2-eada-3c71-8f74-f1129290a502,-12.78135,-44.81609,2026-03-12 17:09:00,NOAA-20,SÃO DESIDÉRIO,BAHIA,Brasil,2928901,29,33,0.0,4.13,0.01,Cerrado,5.7
c257f4ca-d920-334f-adcf-557292cad7d8,-15.28227,-52.11537,2026-03-12 17:09:00,NOAA-20,BARRA DO GARÇAS,MATO GROSSO,Brasil,5101803,51,33,0.0,20.49,0.0,Cerrado,5.9
79a1597f-f2bf-336c-9da2-93b1d285a7c2,-12.4679,-58.5517,2026-03-12 17:09:00,NOAA-20,SAPEZAL,MATO GROSSO,Brasil,5107875,51,33,0.0,0.12,0.0,Cerrado,9.5
e6a6220e-2b7d-3fdd-8cfd-2f611c692722,-12.77611,-44.81709,2026-03-12 17:09:00,NOAA-20,SÃO DESIDÉRIO,BAHIA,Brasil,2928901,29,33,0.0,4.11,0.01,Cerrado,5.7
855ded23-d64f-3334-a270-0acb920ac3ec,-15.27832,-52.11226,2026-03-12 17:09:00,NOAA-20,BARRA DO GARÇAS,MATO GROSSO,Brasil,5101803,51,33,0.0,20.11,0.0,Cerrado,7.2
e72370c6-f072-34af-9d66-aa2243a3dafe,-12.06365,-45.34122,2026-03-12 17:09:00,NOAA-20,BARREIRAS,BAHIA,Brasil,2903201,29,33,0.0,0.0,0.01,Cerrado,5.2
373e5989-5fa0-3724-88ba-be9e91521f76,-14.88084,-53.04103,2026-03-12 17:09:00,NOAA-20,NOVO SÃO JOAQUIM,MATO GROSSO,Brasil,5106281,51,33,0.0,32.13,0.0,Cerrado,20.0
aa1dd48b-f741-3a59-8c95-58ebb87427eb,-12.52858,-58.32058,2026-03-12 17:09:00,NOAA-20,BRASNORTE,MATO GROSSO,Brasil,5101902,51,33,0.0,2.99,0.01,Cerrado,11.7
08751adb-eb41-390b-8a52-2ea6e0958130,-12.78786,-44.82163,2026-03-12 17:09:00,NOAA-20,SÃO DESIDÉRIO,BAHIA,Brasil,2928901,29,33,0.0,3.63,0.01,Cerrado,3.8
872fbd55-6524-3733-b9e3-f5c341259090,-16.3181,-53.54707,2026-03-12 17:09:00,NOAA-20,GUIRATINGA,MATO GROSSO,Brasil,5104203,51,33,4.0,12.65,0.0,Cerrado,4.0
1c69bcc0-6ee7-317f-adf7-c67c33045e80,-12.78876,-44.8251,2026-03-12 17:09:00,NOAA-20,SÃO DESIDÉRIO,BAHIA,Brasil,2928901,29,33,0.0,3.34,0.01,Cerrado,2.9
2ffce202-7350-38f7-839c-fec7da860175,-12.07846,-45.33536,2026-03-12 17:09:00,NOAA-20,BARREIRAS,BAHIA,Brasil,2903201,29,33,0.0,0.0,0.01,Cerrado,9.5
11cfc0aa-4cf4-3a66-b2f7-a21ab8d4d08b,-14.04486,-43.85415,2026-03-12 17:09:00,NOAA-20,CARINHANHA,BAHIA,Brasil,2907103,29,33,2.0,0.0,0.06,Cerrado,7.9
6f0cf292-c789-3872-ba3e-d3dbf317c98e,-16.31587,-53.55483,2026-03-12 17:09:00,NOAA-20,GUIRATINGA,MATO GROSSO,Brasil,5104203,51,33,4.0,12.3,0.0,Cerrado,3.6
e3c46627-bc6d-3f4b-8f8d-57299cad51bb,-15.7316,-50.73399,2026-03-12 17:09:00,NOAA-20,ITAPIRAPUÃ,GOIÁS,Brasil,5211008,52,33,2.0,19.31,0.0,Cerrado,3.4
d355c041-96ad-354a-9a93-b9b21ba5055e,-12.07787,-45.3322,2026-03-12 17:09:00,NOAA-20,BARREIRAS,BAHIA,Brasil,2903201,29,33,0.0,0.0,0.01,Cerrado,9.5
428bf32d-b60b-37a7-be6e-9cca915e02ee,-12.0751,-45.3457,2026-03-12 17:09:00,NOAA-20,BARREIRAS,BAHIA,Brasil,2903201,29,33,0.0,0.0,0.01,Cerrado,7.7
b037b2db-3ab7-3596-8466-0b934de4feac,-12.78849,-44.82489,2026-03-12 17:09:00,NOAA-20,SÃO DESIDÉRIO,BAHIA,Brasil,2928901,29,33,0.0,3.36,0.01,Cerrado,3.2
b52e60c4-4a14-3162-ba5a-c498195d2830,-11.91313,-45.25864,2026-03-12 17:09:00,NOAA-20,BARREIRAS,BAHIA,Brasil,2903201,29,33,0.0,0.0,0.01,Cerrado,4.2
1764bc7b-a52c-37ca-bd7b-89d2329c1bdc,-11.91253,-45.25548,2026-03-12 17:09:00,NOAA-20,BARREIRAS,BAHIA,Brasil,2903201,29,33,0.0,0.0,0.01,Cerrado,4.2
775d6b4d-2c67-3214-acdf-1afe6f922f3d,-10.91892,-44.64935,2026-03-12 17:09:00,NOAA-20,SANTA RITA DE CÁSSIA,BAHIA,Brasil,2928406,29,33,0.0,0.0,0.0,Cerrado,4.8
fa46dcfc-0b2c-3dd9-994b-fbc098cb6d55,-13.60934,-57.03337,2026-03-12 17:09:00,NOAA-20,SÃO JOSÉ DO RIO CLARO,MATO GROSSO,Brasil,5107305,51,33,0.0,12.34,0.0,Cerrado,5.6
225b371e-03e9-3bb5-9bd1-b1b568dbdb7b,-13.60571,-57.0339,2026-03-12 17:09:00,NOAA-20,SÃO JOSÉ DO RIO CLARO,MATO GROSSO,Brasil,5107305,51,33,0.0,12.17,0.0,Cerrado,5.6
6617391a-f2be-3443-b1cd-0e92b1d7ed9f,-13.60674,-57.03526,2026-03-12 17:09:00,NOAA-20,SÃO JOSÉ DO RIO CLARO,MATO GROSSO,Brasil,5107305,51,33,0.0,12.23,0.0,Cerrado,9.1
1647e4c9-49dc-38af-8844-21670f6cbc6f,-12.78199,-44.81936,2026-03-12 17:09:00,NOAA-20,SÃO DESIDÉRIO,BAHIA,Brasil,2928901,29,33,0.0,3.87,0.01,Cerrado,8.7
f5dc668b-0d8c-35ab-bd6c-807e819af403,-12.50719,-58.4833,2026-03-12 17:09:00,NOAA-20,SAPEZAL,MATO GROSSO,Brasil,5107875,51,33,0.0,0.3,0.0,Cerrado,9.3
db0ff7de-ba00-3e1e-875b-ae3ea18d09c7,-12.06938,-45.34349,2026-03-12 17:09:00,NOAA-20,BARREIRAS,BAHIA,Brasil,2903201,29,33,0.0,0.0,0.01,Cerrado,5.2
89862849-b353-381b-a7bf-7c13acb6e848,-12.77675,-44.82035,2026-03-12 17:09:00,NOAA-20,SÃO DESIDÉRIO,BAHIA,Brasil,2928901,29,33,0.0,3.84,0.01,Cerrado,8.7
db32a3e4-434f-3efe-af44-88da9575868a,-8.54278,-44.32272,2026-03-12 17:11:00,NOAA-20,PALMEIRA DO PIAUÍ,PIAUÍ,Brasil,2207405,22,33,2.0,0.0,0.06,Cerrado,8.2
ba8de02e-cfed-351a-92ed-294301147ae5,-15.27564,-52.11308,2026-03-12 17:58:00,NOAA-21,BARRA DO GARÇAS,MATO GROSSO,Brasil,5101803,51,33,0.0,19.92,0.0,Cerrado,8.8
f2b1e2dd-4e6d-3da2-bf0b-b6d1e286841f,-12.06567,-45.21763,2026-03-12 18:00:00,AQUA_M-T,BARREIRAS,BAHIA,Brasil,2903201,29,33,0.0,0.0,0.01,Cerrado,34.0
6a4d2da7-e158-38e8-99a1-a5413bf97e46,-13.50304,-56.8591,2026-03-12 18:00:00,NOAA-21,SÃO JOSÉ DO RIO CLARO,MATO GROSSO,Brasil,5107305,51,33,1.0,7.4,0.0,Cerrado,9.6
561f74d8-50fb-3cbe-9101-0785ab7121ee,-12.77956,-44.82997,2026-03-12 18:00:00,AQUA_M-T,SÃO DESIDÉRIO,BAHIA,Brasil,2928901,29,33,0.0,3.04,0.01,Cerrado,86.4
0c09c173-ac36-3964-ab2f-7c4db3043e18,-12.46657,-58.56364,2026-03-12 18:00:00,NOAA-21,SAPEZAL,MATO GROSSO,Brasil,5107875,51,33,0.0,0.2,0.0,Cerrado,8.5
cdcd5a04-8875-30c2-8849-aa91ef51bf35,-14.87829,-53.04399,2026-03-12 18:00:00,NOAA-21,NOVO SÃO JOAQUIM,MATO GROSSO,Brasil,5106281,51,33,0.0,32.3,0.0,Cerrado,14.1
3eeab738-cc88-3804-b301-afaa20a44ed4,-14.87948,-53.03997,2026-03-12 18:00:00,NOAA-21,NOVO SÃO JOAQUIM,MATO GROSSO,Brasil,5106281,51,33,0.0,32.12,0.0,Cerrado,8.6
587f48d5-362c-3bd6-80a8-b069c3def836,-12.87108,-44.29303,2026-03-12 18:00:00,AQUA_M-T,BAIANÓPOLIS,BAHIA,Brasil,2902500,29,33,2.0,0.0,0.17,Cerrado,19.1
9bba2a14-9184-3934-ad68-45d7f24504fb,-12.08183,-45.33898,2026-03-12 18:00:00,AQUA_M-T,BARREIRAS,BAHIA,Brasil,2903201,29,33,0.0,0.0,0.01,Cerrado,46.1
558a7735-aff4-3327-bd88-2e041e71854a,-12.05377,-45.21919,2026-03-12 18:00:00,AQUA_M-T,BARREIRAS,BAHIA,Brasil,2903201,29,33,0.0,0.0,0.01,Cerrado,44.3
3bc7a15e-a7c8-3f18-8ee0-cc077388323b,-12.07352,-45.22917,2026-03-12 18:00:00,AQUA_M-T,BARREIRAS,BAHIA,Brasil,2903201,29,33,0.0,0.0,0.01,Cerrado,45.9
c8196524-a7f3-374d-be41-fc4b7a2395d3,-12.07681,-45.35259,2026-03-12 18:00:00,AQUA_M-T,BARREIRAS,BAHIA,Brasil,2903201,29,33,0.0,0.0,0.01,Cerrado,64.9
8c7d965a-11d8-31fd-83ea-d37edfc3fc53,-12.06982,-45.34064,2026-03-12 18:00:00,AQUA_M-T,BARREIRAS,BAHIA,Brasil,2903201,29,33,0.0,0.0,0.01,Cerrado,56.6
9b528c03-c0d9-3f1b-9653-7353b604810f,-11.91869,-45.26166,2026-03-12 18:00:00,AQUA_M-T,BARREIRAS,BAHIA,Brasil,2903201,29,33,0.0,0.0,0.01,Cerrado,18.5
f3ede648-2b4f-3853-b73c-9e2069ddc441,-12.05945,-45.21355,2026-03-12 18:00:00,AQUA_M-T,BARREIRAS,BAHIA,Brasil,2903201,29,33,0.0,0.0,0.01,Cerrado,33.1
3fdff03e-3390-3d6e-9cc7-f947c9ff784a,-12.0616,-45.23074,2026-03-12 18:00:00,AQUA_M-T,BARREIRAS,BAHIA,Brasil,2903201,29,33,0.0,0.0,0.01,Cerrado,123.5
26793e83-4efe-3b86-bee0-c137af1b4519,-12.06796,-45.23481,2026-03-12 18:00:00,AQUA_M-T,BARREIRAS,BAHIA,Brasil,2903201,29,33,0.0,0.0,0.01,Cerrado,83.2
40577218-b49f-3007-be20-dba5b24b91bd,-13.50545,-56.8575,2026-03-12 18:00:00,NOAA-21,SÃO JOSÉ DO RIO CLARO,MATO GROSSO,Brasil,5107305,51,33,1.0,7.52,0.0,Cerrado,12.6
2e924ec9-64ff-3e1b-ba76-b1958d122fc5,-12.13621,-43.33781,2026-03-12 18:00:00,AQUA_M-T,MUQUÉM DO SÃO FRANCISCO,BAHIA,Brasil,2922250,29,33,1.0,1.42,0.03,Cerrado,11.6
22cd4422-7822-3f27-bae4-12abc2cd96f5,-12.79123,-44.82841,2026-03-12 18:00:00,AQUA_M-T,SÃO DESIDÉRIO,BAHIA,Brasil,2928901,29,33,0.0,3.05,0.01,Cerrado,32.3
3d8d8515-ac77-3777-b120-72f710ddeac5,-12.07463,-45.33513,2026-03-12 18:00:00,AQUA_M-T,BARREIRAS,BAHIA,Brasil,2903201,29,33,0.0,0.0,0.01,Cerrado,82.3
2ea8317c-f8d5-323c-b8cf-0650b37ff273,-12.06479,-45.35434,2026-03-12 18:00:00,AQUA_M-T,BARREIRAS,BAHIA,Brasil,2903201,29,33,0.0,0.0,0.01,Cerrado,56.8
0bd71ffd-d212-38c0-8fe9-fe3f51ccabf8,-14.04236,-43.86134,2026-03-12 18:00:00,AQUA_M-T,CARINHANHA,BAHIA,Brasil,2907103,29,33,2.0,0.0,0.07,Cerrado,17.1
4fcf0909-cd63-3542-bbcf-643c18e32674,-12.05781,-45.34232,2026-03-12 18:00:00,AQUA_M-T,BARREIRAS,BAHIA,Brasil,2903201,29,33,0.0,0.0,0.01,Cerrado,40.4
ee78b640-4848-37c7-9eab-e771504e9e08,-12.79412,-44.49545,2026-03-12 18:00:00,AQUA_M-T,BAIANÓPOLIS,BAHIA,Brasil,2902500,29,33,2.0,0.1,0.02,Cerrado,17.1
1b9f55a4-21b5-333e-b37f-3123a669e50b,-8.39297,-44.06667,2026-03-12 18:02:00,AQUA_M-T,ALVORADA DO GURGUÉIA,PIAUÍ,Brasil,2200459,22,33,2.0,0.0,0.01,Cerrado,18.7
17e7df59-9ba1-30ad-96e9-98d074afd4f8,-8.11925,-45.14422,2026-03-12 18:02:00,AQUA_M-T,BAIXA GRANDE DO RIBEIRO,PIAUÍ,Brasil,2201150,22,33,2.0,0.4,0.03,Cerrado,16.2
5cee1d17-40a0-32b7-b865-ad558b977f31,-8.80746,-44.797,2026-03-12 18:02:00,AQUA_M-T,CURRAIS,PIAUÍ,Brasil,2203230,22,33,1.0,0.0,0.04,Cerrado,16.1
3f18418b-ca38-3539-8673-d9e6cf850453,-9.07234,-44.98129,2026-03-12 18:02:00,AQUA_M-T,BOM JESUS,PIAUÍ,Brasil,2201903,22,33,0.0,0.0,0.0,Cerrado,19.8
934f7f7d-2ca7-3581-b0d1-eaf4eb54cff2,-8.4032,-44.06522,2026-03-12 18:02:00,AQUA_M-T,ALVORADA DO GURGUÉIA,PIAUÍ,Brasil,2200459,22,33,2.0,0.0,0.01,Cerrado,34.0
a87f2548-b839-3ee4-bab7-0d0be7b1fbe6,-10.56239,-46.01052,2026-03-12 18:02:00,AQUA_M-T,MATEIROS,TOCANTINS,Brasil,1712702,17,33,0.0,0.0,0.01,Cerrado,19.8
e1909381-c9c8-3c2d-8056-3fa17f8ba0b0,-10.6305,-46.8124,2026-03-12 22:10:00,GOES-19,MATEIROS,TOCANTINS,Brasil,1712702,17,33,1.0,0.0,0.0,Cerrado,86.7
7cb6e68c-3679-33ac-8e25-ad3c82f15a6a,-10.6115,-46.8147,2026-03-12 22:10:00,GOES-19,MATEIROS,TOCANTINS,Brasil,1712702,17,33,1.0,0.0,0.0,Cerrado,48.9
5d672b2e-38c6-31b6-9153-d98517f73297,-10.6309,-46.79,2026-03-12 22:10:00,GOES-19,MATEIROS,TOCANTINS,Brasil,1712702,17,33,1.0,0.0,0.0,Cerrado,59.9
76f30eef-8bf0-3293-b4d6-9fbb7d163280,-12.067,-45.346,2026-03-12 22:20:00,GOES-19,BARREIRAS,BAHIA,Brasil,2903201,29,33,0.0,0.0,0.01,Cerrado,55.1
0d7e4ec6-c56d-3b4d-8ae4-ef8236f454fb,-10.6119,-46.7923,2026-03-12 22:30:00,GOES-19,MATEIROS,TOCANTINS,Brasil,1712702,17,33,1.0,0.0,0.0,Cerrado,63.7
9146c690-5b27-343d-b4f5-42efbd930538,-10.6305,-46.8124,2026-03-12 22:30:00,GOES-19,MATEIROS,TOCANTINS,Brasil,1712702,17,33,1.0,0.0,0.0,Cerrado,49.3
40d6b552-a91e-3b1b-ae12-8579bad26960,-10.6115,-46.8147,2026-03-12 22:30:00,GOES-19,MATEIROS,TOCANTINS,Brasil,1712702,17,33,1.0,0.0,0.0,Cerrado,61.9
7955d121-dfda-3513-bac9-37083061e9ff,-10.6309,-46.79,2026-03-12 22:30:00,GOES-19,MATEIROS,TOCANTINS,Brasil,1712702,17,33,1.0,0.0,0.0,Cerrado,51.0
0a437d9b-11fa-3671-ac31-fe4f8c15ceaa,-10.6115,-46.8147,2026-03-12 22:40:00,GOES-19,MATEIROS,TOCANTINS,Brasil,1712702,17,33,1.0,0.0,0.0,Cerrado,53.7
d19a2975-93e6-3979-aff3-fc1980b23d8e,-10.6119,-46.7923,2026-03-12 22:40:00,GOES-19,MATEIROS,TOCANTINS,Brasil,1712702,17,33,1.0,0.0,0.0,Cerrado,61.2
35000375-0e2d-3dd0-b3a7-20441ed2a997,-10.6309,-46.79,2026-03-12 22:40:00,GOES-19,MATEIROS,TOCANTINS,Brasil,1712702,17,33,1.0,0.0,0.0,Cerrado,46.5
92f2f6fb-88c0-3e11-abd0-b40e006524cd,-12.067,-45.346,2026-03-12 22:40:00,GOES-19,BARREIRAS,BAHIA,Brasil,2903201,29,33,0.0,0.0,0.01,Cerrado,53.6
a7c37174-1c3f-3123-998a-96f0ab93081b,-10.6309,-46.79,2026-03-12 22:50:00,GOES-19,MATEIROS,TOCANTINS,Brasil,1712702,17,33,1.0,0.0,0.0,Cerrado,71.0
a50091ab-15a6-3805-a5d3-27cb0e54ab82,-10.6119,-46.7923,2026-03-12 22:50:00,GOES-19,MATEIROS,TOCANTINS,Brasil,1712702,17,33,1.0,0.0,0.0,Cerrado,118.8
f73c31a4-9061-3006-92b8-980072048186,-10.6305,-46.8124,2026-03-12 22:50:00,GOES-19,MATEIROS,TOCANTINS,Brasil,1712702,17,33,1.0,0.0,0.0,Cerrado,45.0
dfeabc4f-3f92-3872-8238-5c1834de82c3,-10.6115,-46.8147,2026-03-12 22:50:00,GOES-19,MATEIROS,TOCANTINS,Brasil,1712702,17,33,1.0,0.0,0.0,Cerrado,68.3
8b44769e-5218-3a10-9d4c-2509c49cb300,-10.6115,-46.8147,2026-03-12 23:00:00,GOES-19,MATEIROS,TOCANTINS,Brasil,1712702,17,33,1.0,0.0,0.0,Cerrado,46.5
8f3153e5-d118-35f2-b605-ca4e1d399c21,-10.6119,-46.7923,2026-03-12 23:00:00,GOES-19,MATEIROS,TOCANTINS,Brasil,1712702,17,33,1.0,0.0,0.0,Cerrado,55.4
a210e07d-31a1-3fff-8325-3b083c5d0811,-10.6119,-46.7923,2026-03-12 23:10:00,GOES-19,MATEIROS,TOCANTINS,Brasil,1712702,17,33,1.0,0.0,0.0,Cerrado,44.3
87d00d8d-6e1b-3f2e-92ed-fdccb010ca0b,-12.77921,-44.83268,2026-03-12 23:44:00,TERRA_M-T,SÃO DESIDÉRIO,BAHIA,Brasil,2928901,29,33,0.0,2.83,0.01,Cerrado,11.1
37cff3f2-008d-36da-9dbf-e7c7577d3be0,-8.80614,-44.80324,2026-03-12 23:44:00,TERRA_M-T,CURRAIS,PIAUÍ,Brasil,2203230,22,33,1.0,0.0,0.03,Cerrado,18.0
8bbf9565-e110-36ac-831f-75df14c5d26b,-12.06195,-45.35417,2026-03-12 23:44:00,TERRA_M-T,BARREIRAS,BAHIA,Brasil,2903201,29,33,0.0,0.0,0.01,Cerrado,22.6
976f098e-7fbf-3101-9354-de6bbe1e484b,-12.05958,-45.22935,2026-03-12 23:44:00,TERRA_M-T,BARREIRAS,BAHIA,Brasil,2903201,29,33,0.0,0.0,0.01,Cerrado,11.2
4f991e38-43d9-3c4d-bd0c-2a33e25363a0,-8.39876,-44.06946,2026-03-12 23:44:00,TERRA_M-T,ALVORADA DO GURGUÉIA,PIAUÍ,Brasil,2200459,22,33,2.0,0.0,0.01,Cerrado,8.1
29a896ec-44f1-363a-838b-b641cb48fb8c,-12.05988,-45.33643,2026-03-12 23:44:00,TERRA_M-T,BARREIRAS,BAHIA,Brasil,2903201,29,33,0.0,0.0,0.01,Cerrado,13.0
d3fca945-ee28-33b4-ae64-4d33e82476e8,-12.06301,-45.3429,2026-03-13 03:55:00,NPP-375D,BARREIRAS,BAHIA,Brasil,2903201,29,33,2.0,0.51,0.01,Cerrado,2.7
7081dc93-d06a-3e07-9365-d0aaf5f7e667,-12.0621,-45.34785,2026-03-13 03:55:00,NPP-375D,BARREIRAS,BAHIA,Brasil,2903201,29,33,2.0,0.52,0.01,Cerrado,2.7
cd06b2a2-d7fd-3190-b356-4ebfb0cf1313,-12.05743,-45.347,2026-03-13 03:55:00,NPP-375D,BARREIRAS,BAHIA,Brasil,2903201,29,33,2.0,0.55,0.01,Cerrado,2.7
3188cf58-164d-30fa-a561-dc1b9bf404fc,-10.78544,-44.32568,2026-03-13 03:55:00,NPP-375D,SANTA RITA DE CÁSSIA,BAHIA,Brasil,2928406,29,33,2.0,0.0,0.01,Cerrado,0.6
87b3fe8d-53f7-3c7f-83f0-263b5c9296a9,-10.78543,-44.32503,2026-03-13 04:17:00,NOAA-20,SANTA RITA DE CÁSSIA,BAHIA,Brasil,2928406,29,33,2.0,0.0,0.01,Cerrado,0.2
01567ada-b375-39f5-8a81-fb2504ac9a2b,-8.39304,-44.06714,2026-03-13 04:17:00,NOAA-20,ALVORADA DO GURGUÉIA,PIAUÍ,Brasil,2200459,22,33,3.0,0.08,0.02,Cerrado,1.4
a7e0da0a-b6e5-36b4-9278-f658229f6a83,-10.78874,-44.32557,2026-03-13 04:17:00,NOAA-20,SANTA RITA DE CÁSSIA,BAHIA,Brasil,2928406,29,33,2.0,0.0,0.01,Cerrado,0.3
5ae58cd9-ed14-37ee-9119-950570364b8c,-8.39634,-44.06767,2026-03-13 04:17:00,NOAA-20,ALVORADA DO GURGUÉIA,PIAUÍ,Brasil,2200459,22,33,3.0,0.08,0.02,Cerrado,1.2
bfaeec86-4be4-3cc0-8556-7c53d6a19838,-12.06325,-45.34557,2026-03-13 04:19:00,NOAA-20,BARREIRAS,BAHIA,Brasil,2903201,29,33,2.0,0.51,0.01,Cerrado,1.4
89f0d998-5136-333a-bb1b-c51b156c6a35,-12.06715,-45.34258,2026-03-13 04:19:00,NOAA-20,BARREIRAS,BAHIA,Brasil,2903201,29,33,2.0,0.5,0.01,Cerrado,0.7
c7e8629c-7784-39c6-b23d-c36bab0fb93c,-12.07322,-45.34722,2026-03-13 04:19:00,NOAA-20,BARREIRAS,BAHIA,Brasil,2903201,29,33,2.0,0.5,0.01,Cerrado,0.8
b4133efb-fc3b-3d9e-a14b-b4e521b55a61,-12.06219,-45.22522,2026-03-13 04:19:00,NOAA-20,BARREIRAS,BAHIA,Brasil,2903201,29,33,2.0,0.15,0.02,Cerrado,0.5
d99493ec-ce2c-3dbd-aa71-5aee61e2c4e5,-12.07379,-45.34367,2026-03-13 04:19:00,NOAA-20,BARREIRAS,BAHIA,Brasil,2903201,29,33,2.0,0.5,0.01,Cerrado,0.5
8c515d4d-1f81-39ae-8e15-8fa24e5d2cb0,-12.06658,-45.34612,2026-03-13 04:19:00,NOAA-20,BARREIRAS,BAHIA,Brasil,2903201,29,33,2.0,0.5,0.01,Cerrado,0.8
2f8ffe83-9c96-3ef0-9c46-a7fdbdaa13a3,-12.06162,-45.22876,2026-03-13 04:19:00,NOAA-20,BARREIRAS,BAHIA,Brasil,2903201,29,33,2.0,0.19,0.02,Cerrado,1.8
3ca56727-f34b-3ed0-8e49-e5543b460382,-12.05993,-45.34503,2026-03-13 04:19:00,NOAA-20,BARREIRAS,BAHIA,Brasil,2903201,29,33,2.0,0.53,0.01,Cerrado,1.4
00ff21a9-59e8-3512-a8a8-c0d473490078,-12.07314,-45.34667,2026-03-13 05:06:00,NOAA-21,BARREIRAS,BAHIA,Brasil,2903201,29,33,1.0,0.5,0.01,Cerrado,0.9
c061dc6f-84f6-3454-bd33-004c2418112c,-12.0628,-45.34769,2026-03-13 05:06:00,NOAA-21,BARREIRAS,BAHIA,Brasil,2903201,29,33,2.0,0.52,0.01,Cerrado,2.5
f9b747c3-c4ab-33e9-b52b-fa9f0dfb9dde,-12.06062,-45.34472,2026-03-13 05:06:00,NOAA-21,BARREIRAS,BAHIA,Brasil,2903201,29,33,2.0,0.52,0.01,Cerrado,2.4
05080ff3-62f7-3077-a6c0-2a89ad7d2923,-12.06688,-45.3457,2026-03-13 05:06:00,NOAA-21,BARREIRAS,BAHIA,Brasil,2903201,29,33,2.0,0.5,0.01,Cerrado,2.4
d00bd57c-7ae2-3089-ac42-08c7c2f10e99,-12.0634,-45.34259,2026-03-13 05:06:00,NOAA-21,BARREIRAS,BAHIA,Brasil,2903201,29,33,2.0,0.5,0.01,Cerrado,2.5
6ab3f1f7-52db-3606-b855-921229916887,-12.07591,-45.3445,2026-03-13 05:06:00,NOAA-21,BARREIRAS,BAHIA,Brasil,2903201,29,33,2.0,0.5,0.01,Cerrado,1.9
65f23bae-f3a5-37cc-b672-32410c626096,-21.13294,-54.27411,2026-03-13 05:10:00,NOAA-21,CAMPO GRANDE,MATO GROSSO DO SUL,Brasil,5002704,50,33,2.0,0.74,0.06,Cerrado,0.8
2387570b-2a3d-357f-98de-347bb35407b1,-20.47522,-56.72924,2026-03-13 05:10:00,NOAA-21,BODOQUENA,MATO GROSSO DO SUL,Brasil,5002159,50,33,0.0,0.1,0.04,Cerrado,0.9
a190ec14-09eb-3a0f-b029-1cd90e661bb5,-12.01773,-45.34656,2026-03-13 12:08:00,TERRA_M-T,BARREIRAS,BAHIA,Brasil,2903201,29,33,1.0,0.75,0.01,Cerrado,41.7
69552388-3cb1-3daa-b14b-7f24441155cf,-11.89893,-45.26426,2026-03-13 12:08:00,TERRA_M-T,BARREIRAS,BAHIA,Brasil,2903201,29,33,1.0,0.27,0.02,Cerrado,22.7
dc587dd8-bd19-30ea-add9-6c937865e4e5,-8.80474,-44.80216,2026-03-13 12:08:00,TERRA_M-T,CURRAIS,PIAUÍ,Brasil,2203230,22,33,2.0,0.6,0.03,Cerrado,46.0
cf434d6a-7187-33ba-b6ee-1e7a769c7a51,-12.01605,-45.35995,2026-03-13 12:08:00,TERRA_M-T,BARREIRAS,BAHIA,Brasil,2903201,29,33,1.0,0.79,0.01,Cerrado,23.0
b4dbf816-e869-31c7-a8ba-9e471f8a33d6,-11.90069,-45.25073,2026-03-13 12:08:00,TERRA_M-T,BARREIRAS,BAHIA,Brasil,2903201,29,33,1.0,0.21,0.02,Cerrado,18.2
2df8a6db-371b-36be-9d29-7143c425b9d7,-7.88175,-46.33567,2026-03-13 12:08:00,TERRA_M-T,BALSAS,MARANHÃO,Brasil,2101400,21,33,0.0,0.97,0.02,Cerrado,5.1
e732a2f2-d57a-3572-838a-809ed1cd0ca9,-21.7735,-47.74651,2026-03-13 15:58:00,NOAA-21,DESCALVADO,SÃO PAULO,Brasil,3513702,35,33,1.0,16.28,0.0,Cerrado,1.7
79d8d8f6-e6c6-3464-b0f6-78f739b6245f,-12.52831,-43.3488,2026-03-13 16:01:00,NOAA-21,MUQUÉM DO SÃO FRANCISCO,BAHIA,Brasil,2922250,29,33,2.0,1.08,0.02,Cerrado,6.6
7836688f-0652-38ae-b351-5b42adef33cf,-15.92633,-42.00544,2026-03-13 16:01:00,NOAA-21,TAIOBEIRAS,MINAS GERAIS,Brasil,3168002,31,33,2.0,6.14,0.02,Cerrado,7.7
9c615289-8a17-307c-adb0-9dde2725aa47,-12.07308,-45.34703,2026-03-13 16:01:00,NOAA-21,BARREIRAS,BAHIA,Brasil,2903201,29,33,2.0,0.5,0.01,Cerrado,6.1
c79ee153-e2a9-3198-9ca6-3ce69feb28ea,-15.92687,-42.00977,2026-03-13 16:01:00,NOAA-21,TAIOBEIRAS,MINAS GERAIS,Brasil,3168002,31,33,2.0,6.26,0.04,Cerrado,7.7
d141b8e5-75c3-3b99-af56-5d7bdeda59f8,-12.02585,-45.34631,2026-03-13 16:01:00,NOAA-21,BARREIRAS,BAHIA,Brasil,2903201,29,33,1.0,0.69,0.01,Cerrado,6.9
495b9f2e-12c9-36c1-8d10-0afcf4dc6e99,-12.02349,-45.34604,2026-03-13 16:01:00,NOAA-21,BARREIRAS,BAHIA,Brasil,2903201,29,33,1.0,0.71,0.01,Cerrado,7.9
37830dfa-0159-3eaf-b6df-b8a5863656c3,-11.05026,-45.39241,2026-03-13 16:01:00,NOAA-21,FORMOSA DO RIO PRETO,BAHIA,Brasil,2911105,29,33,2.0,2.57,0.01,Cerrado,8.9
97c56f00-6c59-3533-a96d-c4842c344aae,-11.90474,-45.2541,2026-03-13 16:01:00,NOAA-21,BARREIRAS,BAHIA,Brasil,2903201,29,33,1.0,0.24,0.02,Cerrado,4.8
940d0bf9-3dc1-3fd8-a2ef-af07b1a0cf83,-12.01436,-45.3566,2026-03-13 16:01:00,NOAA-21,BARREIRAS,BAHIA,Brasil,2903201,29,33,1.0,0.8,0.01,Cerrado,5.1
87917336-e3c5-3ec8-8e18-c0a80c34b679,-12.01873,-45.34976,2026-03-13 16:01:00,NOAA-21,BARREIRAS,BAHIA,Brasil,2903201,29,33,1.0,0.76,0.01,Cerrado,6.9
f8b772f7-4853-3195-ae17-3c37c9fc95c3,-15.94154,-41.98582,2026-03-13 16:01:00,NOAA-21,TAIOBEIRAS,MINAS GERAIS,Brasil,3168002,31,33,2.0,5.25,0.0,Cerrado,7.7
b594b661-a07f-33ae-b012-59885ccd4953,-4.64451,-43.13657,2026-03-13 16:03:00,NOAA-21,CAXIAS,MARANHÃO,Brasil,2103000,21,33,0.0,1.27,0.0,Cerrado,11.7
a5530ee3-025c-393e-a8cd-5b6b03151481,-20.07064,-45.90997,2026-03-13 16:28:00,NPP-375,BAMBUÍ,MINAS GERAIS,Brasil,3105103,31,33,0.0,8.06,0.0,Cerrado,1.4
e44676f4-3515-3432-880e-3acea90f79e9,-11.58857,-46.45576,2026-03-13 16:30:00,NPP-375,DIANÓPOLIS,TOCANTINS,Brasil,1707009,17,33,0.0,2.89,0.0,Cerrado,83.7
acea745c-0755-3b3a-8c89-06764a71de1f,-16.70611,-50.65505,2026-03-13 16:30:00,NPP-375,CACHOEIRA DE GOIÁS,GOIÁS,Brasil,5204201,52,33,0.0,20.47,0.0,Cerrado,2.6
29d62b89-fb44-3d97-9350-eac8527779a2,-13.30885,-43.73804,2026-03-13 16:30:00,NPP-375,SERRA DO RAMALHO,BAHIA,Brasil,2930154,29,33,3.0,0.94,0.21,Cerrado,3.9
f0a05d79-535a-3658-a8a2-0bb0f2720264,-16.70638,-50.65353,2026-03-13 16:30:00,NPP-375,CACHOEIRA DE GOIÁS,GOIÁS,Brasil,5204201,52,33,0.0,20.43,0.0,Cerrado,3.9
5d1ff6dd-9fc9-362a-8d25-1c1a3d084611,-3.64749,-42.70419,2026-03-13 16:33:00,NPP-375,BREJO,MARANHÃO,Brasil,2102101,21,33,1.0,0.8,0.04,Cerrado,2.9
a957af80-3d4e-3e4e-8409-ca9c9dd45a1e,-10.36773,-44.87895,2026-03-13 16:33:00,NPP-375,CORRENTE,PIAUÍ,Brasil,2202901,22,33,2.0,0.3,0.0,Cerrado,3.8
f9c0caa2-f95d-3fee-9003-702ad418cff0,-5.14724,-43.06447,2026-03-13 16:33:00,NPP-375,TIMON,MARANHÃO,Brasil,2112209,21,33,0.0,5.21,0.0,Cerrado,2.2
becdb254-a41e-33d0-9941-64e4aa6f6eb4,-21.79815,-57.4901,2026-03-13 16:50:00,NOAA-20,PORTO MURTINHO,MATO GROSSO DO SUL,Brasil,5006903,50,33,2.0,0.0,1.0,Cerrado,3.4
899fd14a-b554-3905-92a0-fee37231d41b,-16.41399,-47.91992,2026-03-13 16:50:00,NOAA-20,LUZIÂNIA,GOIÁS,Brasil,5212501,52,33,1.0,5.27,0.01,Cerrado,29.2
bb3021e5-86aa-33b9-9292-3893c96cf041,-16.91846,-46.13768,2026-03-13 16:50:00,NOAA-20,BRASILÂNDIA DE MINAS,MINAS GERAIS,Brasil,3108552,31,33,1.0,13.87,0.0,Cerrado,1.4
2a707e3f-f329-3e34-ad7c-c1d05befa1c7,-14.88973,-47.01392,2026-03-13 16:50:00,NOAA-20,FLORES DE GOIÁS,GOIÁS,Brasil,5207907,52,33,0.0,6.88,0.0,Cerrado,3.8
ce101b3e-a1ce-347d-9d79-a55a042a74a2,-11.59393,-46.45589,2026-03-13 16:52:00,NOAA-20,DIANÓPOLIS,TOCANTINS,Brasil,1707009,17,33,0.0,2.83,0.0,Cerrado,47.9
95311c45-1ab9-3425-a096-b1d12ecad03f,-6.98529,-47.08431,2026-03-13 16:52:00,NOAA-20,ESTREITO,MARANHÃO,Brasil,2104057,21,33,0.0,4.65,0.0,Cerrado,8.4
3ccf0a5b-05cf-338f-9b24-3bfc57feb944,-13.18921,-43.55135,2026-03-13 16:52:00,NOAA-20,BOM JESUS DA LAPA,BAHIA,Brasil,2903904,29,33,3.0,0.01,0.03,Cerrado,16.8
233b2ba6-3788-3d57-95c4-2f898aa243c9,-8.40606,-44.06464,2026-03-13 16:52:00,NOAA-20,ALVORADA DO GURGUÉIA,PIAUÍ,Brasil,2200459,22,33,3.0,0.04,0.02,Cerrado,6.6
a7d1f9bd-0531-315a-92ec-3ba0e32af9e4,-11.15957,-43.59951,2026-03-13 16:52:00,NOAA-20,BARRA,BAHIA,Brasil,2902708,29,33,2.0,0.0,0.03,Cerrado,5.7
570d9d13-984f-3c0f-ac84-2b0b7fc77b3c,-7.0138,-47.14561,2026-03-13 16:52:00,NOAA-20,CAROLINA,MARANHÃO,Brasil,2102804,21,33,0.0,3.91,0.01,Cerrado,5.8
c5587390-c155-34c0-b74a-d6d38ac02152,-11.58613,-46.45309,2026-03-13 16:52:00,NOAA-20,DIANÓPOLIS,TOCANTINS,Brasil,1707009,17,33,0.0,2.99,0.0,Cerrado,21.9
c16ba01e-40ba-3cac-82b1-eeece08960bb,-6.98162,-47.08489,2026-03-13 16:52:00,NOAA-20,ESTREITO,MARANHÃO,Brasil,2104057,21,33,0.0,4.72,0.0,Cerrado,8.4
2948e6d7-01df-3cbc-a5c5-9d15239db280,-10.63165,-46.79992,2026-03-13 16:52:00,NOAA-20,MATEIROS,TOCANTINS,Brasil,1712702,17,33,2.0,0.0,0.01,Cerrado,8.7
11eb5bb3-496f-3b65-9562-432563070f32,-11.59253,-46.45631,2026-03-13 16:52:00,NOAA-20,DIANÓPOLIS,TOCANTINS,Brasil,1707009,17,33,0.0,2.83,0.0,Cerrado,97.8
490b0eb8-bc9b-3185-99d9-a81ba41f34bd,-11.59036,-46.45655,2026-03-13 16:52:00,NOAA-20,DIANÓPOLIS,TOCANTINS,Brasil,1707009,17,33,0.0,2.84,0.0,Cerrado,21.9
c32a6fed-b7b0-3aec-9d22-34e17c296107,-11.59683,-46.45108,2026-03-13 16:52:00,NOAA-20,DIANÓPOLIS,TOCANTINS,Brasil,1707009,17,33,0.0,2.94,0.0,Cerrado,47.9
08bcb3c5-3e18-3fb8-b6f6-678c0a745514,-8.40174,-44.06536,2026-03-13 16:52:00,NOAA-20,ALVORADA DO GURGUÉIA,PIAUÍ,Brasil,2200459,22,33,3.0,0.06,0.02,Cerrado,6.6
1956f551-0cda-36da-bfc0-e02569e7f927,-11.57605,-46.45895,2026-03-13 16:52:00,NOAA-20,DIANÓPOLIS,TOCANTINS,Brasil,1707009,17,33,0.0,2.92,0.0,Cerrado,15.7
6c871aeb-885b-3708-8bc2-4920c07f2171,-11.58679,-46.4572,2026-03-13 16:52:00,NOAA-20,DIANÓPOLIS,TOCANTINS,Brasil,1707009,17,33,0.0,2.86,0.0,Cerrado,21.9
8c4dcc2d-3de0-380e-ba5f-d6dfb30f97e8,-7.01746,-47.14506,2026-03-13 16:52:00,NOAA-20,CAROLINA,MARANHÃO,Brasil,2102804,21,33,0.0,3.88,0.01,Cerrado,5.8
d5fb46bc-de14-36de-b589-1a20f49a3309,-18.93977,-53.44329,2026-03-13 17:39:00,NOAA-21,CAMAPUÃ,MATO GROSSO DO SUL,Brasil,5002605,50,33,7.0,5.95,0.01,Cerrado,7.7
8bfe22db-720a-31df-9b0e-6a36e6439e82,-14.76676,-51.39989,2026-03-13 17:39:00,NOAA-21,COCALINHO,MATO GROSSO,Brasil,5103106,51,33,1.0,3.58,0.0,Cerrado,5.3
8cddc74e-5055-3374-bb24-5f2dd1ce5321,-11.58456,-46.45837,2026-03-13 18:38:00,AQUA_M-T,DIANÓPOLIS,TOCANTINS,Brasil,1707009,17,33,0.0,2.85,0.0,Cerrado,17.3
5d7960f4-c6be-3f38-85ad-aab6f87ba580,-11.90896,-45.26112,2026-03-13 18:38:00,AQUA_M-T,BARREIRAS,BAHIA,Brasil,2903201,29,33,1.0,0.3,0.02,Cerrado,40.5
bbd919d3-c8e3-3ffe-8d98-28d2a47f287d,-11.7879,-47.0884,2026-03-13 22:20:00,GOES-19,DIANÓPOLIS,TOCANTINS,Brasil,1707009,17,33,0.0,2.96,0.0,Cerrado,65.3
51f0d22b-6f2d-3c23-9245-7d1d1ce453c0,-11.7814,-47.09002,2026-03-14 00:22:00,TERRA_M-M,DIANÓPOLIS,TOCANTINS,Brasil,1707009,17,33,0.0,0.2,0.0,Cerrado,14.3
c66c5390-ea02-373d-b8c4-66102e3d7ab7,-11.78703,-47.09386,2026-03-14 00:22:00,TERRA_M-M,DIANÓPOLIS,TOCANTINS,Brasil,1707009,17,33,0.0,0.2,0.0,Cerrado,9.0
5b55246e-f352-3fae-99bb-c28bc2471ec3,-11.78289,-47.10035,2026-03-14 00:22:00,TERRA_M-M,DIANÓPOLIS,TOCANTINS,Brasil,1707009,17,33,0.0,0.2,0.0,Cerrado,14.6
fcefcc70-ddfa-34b3-9039-c1bb010f32c6,-11.7887,-47.093102,2026-03-14 00:54:00,METOP-C,DIANÓPOLIS,TOCANTINS,Brasil,1707009,17,33,0.0,0.2,0.0,Cerrado,
b4be6774-eaf2-3795-9f77-4d1353a98a34,-5.69651,-44.12577,2026-03-14 03:36:00,NPP-375D,FORTUNA,MARANHÃO,Brasil,2104206,21,33,0.0,2.38,0.07,Cerrado,2.0
bf17cc4e-83c6-380f-a1fa-9eff6e169587,-8.88004,-44.78489,2026-03-14 03:36:00,NPP-375D,CURRAIS,PIAUÍ,Brasil,2203230,22,33,3.0,0.18,0.04,Cerrado,1.3
f0312300-7c2a-357c-b374-84d999ed39ac,-8.88109,-44.77938,2026-03-14 03:36:00,NPP-375D,CURRAIS,PIAUÍ,Brasil,2203230,22,33,3.0,0.16,0.04,Cerrado,1.3
8b25ea6c-1dc8-35a0-b7c0-d88d299ec247,-11.78355,-47.09541,2026-03-14 03:57:00,NOAA-20,DIANÓPOLIS,TOCANTINS,Brasil,1707009,17,33,0.0,0.2,0.0,Cerrado,1.4
334f6c53-c24e-32fb-9605-059aca9b31a7,-11.7789,-47.09446,2026-03-14 03:57:00,NOAA-20,DIANÓPOLIS,TOCANTINS,Brasil,1707009,17,33,0.0,0.2,0.0,Cerrado,1.0
37bf2e70-6272-362d-915e-b7053eaf60d5,-11.78263,-47.10046,2026-03-14 03:57:00,NOAA-20,DIANÓPOLIS,TOCANTINS,Brasil,1707009,17,33,0.0,0.2,0.0,Cerrado,1.4
ef688c89-0e66-38bf-b071-997fdde0e167,-12.32546,-43.65395,2026-03-14 03:57:00,NOAA-20,MUQUÉM DO SÃO FRANCISCO,BAHIA,Brasil,2922250,29,33,3.0,0.0,0.03,Cerrado,1.6
e0b1d081-cabf-3222-8bbb-6c197181b65f,-8.8805,-44.77874,2026-03-14 03:57:00,NOAA-20,CURRAIS,PIAUÍ,Brasil,2203230,22,33,3.0,0.15,0.04,Cerrado,4.1
768fc621-0166-3299-9b99-c1b22789d143,-13.18475,-43.55152,2026-03-14 03:57:00,NOAA-20,BOM JESUS DA LAPA,BAHIA,Brasil,2903904,29,33,4.0,0.0,0.04,Cerrado,1.2
f3454ca4-9747-3f48-afad-b0208b32dad9,-12.32917,-43.65461,2026-03-14 03:57:00,NOAA-20,MUQUÉM DO SÃO FRANCISCO,BAHIA,Brasil,2922250,29,33,3.0,0.0,0.02,Cerrado,1.3
d5dc5ec9-f668-3ce8-a75c-6bf2359972cd,-11.05407,-45.3932,2026-03-14 03:57:00,NOAA-20,FORMOSA DO RIO PRETO,BAHIA,Brasil,2911105,29,33,0.0,0.0,0.02,Cerrado,1.1
8358b790-c3c3-336b-940d-e68b840ba32f,-12.02501,-45.34321,2026-03-14 03:57:00,NOAA-20,BARREIRAS,BAHIA,Brasil,2903201,29,33,2.0,0.0,0.02,Cerrado,0.8
448ed24e-7a50-3b56-968b-14b5c4525502,-11.77982,-47.08941,2026-03-14 03:57:00,NOAA-20,DIANÓPOLIS,TOCANTINS,Brasil,1707009,17,33,0.0,0.2,0.0,Cerrado,1.0
eb5e8b54-0a11-33ad-9b7c-9958db439c9e,-8.88045,-44.77809,2026-03-14 04:46:00,NOAA-21,CURRAIS,PIAUÍ,Brasil,2203230,22,33,3.0,0.15,0.04,Cerrado,4.1
1cbc8893-10f9-35e7-a2fc-af2f92044b0b,-6.98393,-47.08467,2026-03-14 04:46:00,NOAA-21,ESTREITO,MARANHÃO,Brasil,2104057,21,33,0.0,7.83,0.0,Cerrado,2.1
854ddaf8-80e9-35af-92d1-b550c2936d08,-6.9841,-47.08667,2026-03-14 04:46:00,NOAA-21,ESTREITO,MARANHÃO,Brasil,2104057,21,33,0.0,7.79,0.0,Cerrado,2.0
496b6450-e599-329e-bea3-41792e4495c5,-12.32916,-43.65248,2026-03-14 04:49:00,NOAA-21,MUQUÉM DO SÃO FRANCISCO,BAHIA,Brasil,2922250,29,33,3.0,0.0,0.02,Cerrado,0.7
41d289b4-3dc9-3022-9d39-e88eb037e8c6,-11.78212,-47.08952,2026-03-14 04:49:00,NOAA-21,DIANÓPOLIS,TOCANTINS,Brasil,1707009,17,33,0.0,0.2,0.0,Cerrado,0.8
7266a7b5-5a47-3657-a2e0-a561b07444c8,-12.02848,-45.34223,2026-03-14 04:49:00,NOAA-21,BARREIRAS,BAHIA,Brasil,2903201,29,33,2.0,0.0,0.02,Cerrado,1.2
8eb62108-ba8a-361f-9ef3-e3b2e4ccbbf4,-11.78519,-47.09733,2026-03-14 04:49:00,NOAA-21,DIANÓPOLIS,TOCANTINS,Brasil,1707009,17,33,0.0,0.2,0.0,Cerrado,2.3
09edcfa3-2b95-3350-9198-38feec2224f1,-11.77806,-47.08896,2026-03-14 04:49:00,NOAA-21,DIANÓPOLIS,TOCANTINS,Brasil,1707009,17,33,0.0,0.2,0.0,Cerrado,0.8
3d2d8401-b6bc-3201-9128-eeb8a54c56f1,-11.78162,-47.09315,2026-03-14 04:49:00,NOAA-21,DIANÓPOLIS,TOCANTINS,Brasil,1707009,17,33,0.0,0.2,0.0,Cerrado,0.8
5a55f25a-802d-365b-a9cf-aac2c11aa366,-18.94128,-53.44187,2026-03-14 04:51:00,NOAA-21,CAMAPUÃ,MATO GROSSO DO SUL,Brasil,5002605,50,33,0.0,0.46,0.05,Cerrado,0.7
5d6e847f-9c1a-3574-a2db-2d2d8e3ff9a0,-18.93797,-53.44131,2026-03-14 04:51:00,NOAA-21,CAMAPUÃ,MATO GROSSO DO SUL,Brasil,5002605,50,33,0.0,0.43,0.05,Cerrado,1.6
f1f117c0-4c74-3c54-9bba-b1ac033c9dba,-19.38338,-52.16011,2026-03-14 04:51:00,NOAA-21,INOCÊNCIA,MATO GROSSO DO SUL,Brasil,5004403,50,33,0.0,0.0,0.01,Cerrado,0.7
482b6785-4a9a-3c1a-b5b9-4df77d9c97c8,-22.03628,-56.30653,2026-03-14 04:53:00,NOAA-21,BELA VISTA,MATO GROSSO DO SUL,Brasil,5002100,50,33,2.0,0.0,0.6,Cerrado,1.6
eb932229-91fc-3c29-81bd-56b37fdb6017,-22.03693,-56.30266,2026-03-14 04:53:00,NOAA-21,BELA VISTA,MATO GROSSO DO SUL,Brasil,5002100,50,33,2.0,0.0,0.3,Cerrado,1.8
3d48b844-b702-39fb-ab5a-cf96936b55b6,-22.03356,-56.30201,2026-03-14 04:53:00,NOAA-21,BELA VISTA,MATO GROSSO DO SUL,Brasil,5002100,50,33,2.0,0.0,0.24,Cerrado,1.8
494ed9a5-3230-316b-84f4-f021b5fc7b88,-21.37906,-56.09251,2026-03-14 05:21:00,NPP-375D,GUIA LOPES DA LAGUNA,MATO GROSSO DO SUL,Brasil,5004106,50,33,2.0,0.0,0.51,Cerrado,2.0
cd5c8d50-5445-3799-9839-5567ddc1c2a0,-18.93726,-53.44126,2026-03-14 05:21:00,NPP-375D,CAMAPUÃ,MATO GROSSO DO SUL,Brasil,5002605,50,33,0.0,0.42,0.05,Cerrado,1.6
88d51f74-1960-3656-ac43-af6f450113d1,-22.03167,-56.30446,2026-03-14 05:23:00,NPP-375D,BELA VISTA,MATO GROSSO DO SUL,Brasil,5002100,50,33,2.0,0.0,0.43,Cerrado,1.9
8e233bbb-be62-3301-999d-46e5f9090b07,-22.03558,-56.30499,2026-03-14 05:23:00,NPP-375D,BELA VISTA,MATO GROSSO DO SUL,Brasil,5002100,50,33,2.0,0.0,0.48,Cerrado,1.9
f54912e1-e0d7-3de5-9072-05b33a09680c,-22.03448,-56.30715,2026-03-14 05:42:00,NOAA-20,BELA VISTA,MATO GROSSO DO SUL,Brasil,5002100,50,33,2.0,0.0,0.64,Cerrado,1.0
5af04079-6e05-3608-915c-dd621e97985e,-22.03488,-56.30275,2026-03-14 05:42:00,NOAA-20,BELA VISTA,MATO GROSSO DO SUL,Brasil,5002100,50,33,2.0,0.0,0.3,Cerrado,1.0
03a6aa7d-a384-3896-b4d0-eac208d05c96,-13.18849,-55.61372,2026-03-14 12:49:00,TERRA_M-T,SORRISO,MATO GROSSO,Brasil,5107925,51,33,0.0,14.0,0.0,Cerrado,8.1
acacb3f4-3b61-33bc-8c8d-bcd301ddd712,-20.69978,-55.12364,2026-03-14 12:51:00,TERRA_M-T,SIDROLÂNDIA,MATO GROSSO DO SUL,Brasil,5007901,50,33,2.0,0.0,0.04,Cerrado,11.2
f660ca5d-5629-3bbd-864e-485ceb42928d,-21.97218,-57.30578,2026-03-14 12:51:00,TERRA_M-T,CARACOL,MATO GROSSO DO SUL,Brasil,5002803,50,33,3.0,0.0,1.0,Cerrado,7.8
332e3360-2693-33b9-adfa-200ce9b86816,-13.46274,-43.67665,2026-03-14 15:39:00,NOAA-21,SERRA DO RAMALHO,BAHIA,Brasil,2930154,29,33,0.0,0.0,0.19,Cerrado,14.0
b18a0c77-e06d-3558-8507-e479173b8b89,-13.46219,-43.67142,2026-03-14 15:39:00,NOAA-21,SERRA DO RAMALHO,BAHIA,Brasil,2930154,29,33,0.0,0.0,0.12,Cerrado,14.9
23be39dd-e57e-3d96-9032-d423a6bef20a,-8.87895,-44.77885,2026-03-14 15:41:00,NOAA-21,CURRAIS,PIAUÍ,Brasil,2203230,22,33,3.0,0.14,0.04,Cerrado,8.8
b0433b30-e040-3941-9c02-08445d0e21ed,-8.80313,-44.80391,2026-03-14 15:41:00,NOAA-21,CURRAIS,PIAUÍ,Brasil,2203230,22,33,3.0,0.0,0.06,Cerrado,7.6
9d30399f-816f-3252-8525-6e9504f6a151,-8.8794,-44.77716,2026-03-14 15:41:00,NOAA-21,CURRAIS,PIAUÍ,Brasil,2203230,22,33,3.0,0.14,0.04,Cerrado,6.6
aa077618-005c-3db7-80aa-c8034ac76645,-22.71622,-49.39275,2026-03-14 16:07:00,NPP-375,ESPÍRITO SANTO DO TURVO,SÃO PAULO,Brasil,3515194,35,33,0.0,0.0,0.06,Cerrado,2.1
5ad61f52-ecde-32a9-bd5c-659cf693de7c,-14.75177,-45.91474,2026-03-14 16:09:00,NPP-375,JABORANDI,BAHIA,Brasil,2917359,29,33,0.0,0.8,0.02,Cerrado,10.7
96a145e8-7d61-3750-9825-7dcb1f575541,-10.6191,-46.7906,2026-03-14 16:11:00,NPP-375,MATEIROS,TOCANTINS,Brasil,1712702,17,33,2.0,3.73,0.0,Cerrado,8.2
18a5c355-66f2-39ee-b8db-f315dbf31deb,-10.94525,-46.92637,2026-03-14 16:11:00,NPP-375,PONTE ALTA DO TOCANTINS,TOCANTINS,Brasil,1717909,17,33,0.0,2.97,0.0,Cerrado,31.7
7daecd72-8498-39af-aede-2e9418bcd6f6,-10.94448,-46.9201,2026-03-14 16:11:00,NPP-375,PONTE ALTA DO TOCANTINS,TOCANTINS,Brasil,1717909,17,33,0.0,2.9,0.0,Cerrado,25.5
f5662d9e-b10e-38cd-84fc-cd3998055699,-10.95038,-46.92553,2026-03-14 16:11:00,NPP-375,PONTE ALTA DO TOCANTINS,TOCANTINS,Brasil,1717909,17,33,0.0,2.98,0.0,Cerrado,9.2
d359cc2a-1f17-3c7e-90e3-ab3d199ba666,-10.61947,-46.79353,2026-03-14 16:11:00,NPP-375,MATEIROS,TOCANTINS,Brasil,1712702,17,33,2.0,3.63,0.0,Cerrado,8.2
cbb98ee7-9f8a-3908-955e-a31aee925d1a,-12.76458,-43.68633,2026-03-14 16:11:00,NPP-375,SERRA DOURADA,BAHIA,Brasil,2930303,29,33,5.0,0.0,0.11,Cerrado,6.5
79bda07a-7e2d-37f6-9d97-a1f367b357fa,-8.98174,-44.82776,2026-03-14 16:11:00,NPP-375,CURRAIS,PIAUÍ,Brasil,2203230,22,33,3.0,1.41,0.03,Cerrado,11.2
11145532-405b-307b-be54-34f7caafb285,-8.88011,-44.77482,2026-03-14 16:11:00,NPP-375,CURRAIS,PIAUÍ,Brasil,2203230,22,33,3.0,0.15,0.04,Cerrado,9.1
742bf3d4-a7a8-31b0-9a6c-0b681ed2147e,-8.88068,-44.77894,2026-03-14 16:11:00,NPP-375,CURRAIS,PIAUÍ,Brasil,2203230,22,33,3.0,0.16,0.04,Cerrado,9.1
fa555864-9b37-3a62-9224-5dbc5d2e9741,-10.94487,-46.92324,2026-03-14 16:11:00,NPP-375,PONTE ALTA DO TOCANTINS,TOCANTINS,Brasil,1717909,17,33,0.0,2.93,0.0,Cerrado,31.7
8b6de680-7b65-3909-abfd-9f83c6ef3829,-10.94286,-46.92539,2026-03-14 16:11:00,NPP-375,PONTE ALTA DO TOCANTINS,TOCANTINS,Brasil,1717909,17,33,0.0,2.92,0.0,Cerrado,4.4
6ea11337-feaa-368f-b211-dd27ad517328,-12.08501,-45.2826,2026-03-14 16:11:00,NPP-375,BARREIRAS,BAHIA,Brasil,2903201,29,33,3.0,0.0,0.02,Cerrado,14.9
fe52a94e-e502-3e15-b8dd-772b92538770,-10.08383,-46.80134,2026-03-14 16:11:00,NPP-375,SÃO FÉLIX DO TOCANTINS,TOCANTINS,Brasil,1720150,17,33,3.0,0.0,0.01,Cerrado,12.9
76d1f46b-1b98-3e0e-a256-d2265dc5abd0,-10.08303,-46.79935,2026-03-14 16:11:00,NPP-375,SÃO FÉLIX DO TOCANTINS,TOCANTINS,Brasil,1720150,17,33,3.0,0.0,0.01,Cerrado,10.1
799d66b3-6a82-3b6c-99bf-8d0fc0de3509,-11.88501,-45.27799,2026-03-14 16:11:00,NPP-375,BARREIRAS,BAHIA,Brasil,2903201,29,33,2.0,0.0,0.03,Cerrado,14.8
1af97afa-6551-390a-8761-9d5701b19e4c,-11.88747,-45.27977,2026-03-14 16:11:00,NPP-375,BARREIRAS,BAHIA,Brasil,2903201,29,33,2.0,0.0,0.03,Cerrado,15.2
612aa8c3-2b02-3280-95ce-93919493913f,-10.94999,-46.92243,2026-03-14 16:11:00,NPP-375,PONTE ALTA DO TOCANTINS,TOCANTINS,Brasil,1717909,17,33,0.0,2.96,0.0,Cerrado,9.2
d2612f30-79dc-3853-86fc-523fd84e2712,-11.89096,-45.28711,2026-03-14 16:11:00,NPP-375,BARREIRAS,BAHIA,Brasil,2903201,29,33,2.0,0.0,0.03,Cerrado,9.9
a271eed9-7a82-3897-8c33-fbcf3ec6e58c,-12.76326,-43.68369,2026-03-14 16:11:00,NPP-375,SERRA DOURADA,BAHIA,Brasil,2930303,29,33,5.0,0.0,0.17,Cerrado,5.0
edcf0d6d-9d23-39f7-bc69-ea38f59e050d,-20.16574,-46.37669,2026-03-14 16:30:00,NOAA-20,SÃO ROQUE DE MINAS,MINAS GERAIS,Brasil,3164308,31,33,0.0,7.97,0.0,Cerrado,4.1
ab3772d3-9ffd-3e5d-9e95-342083445a07,-21.98635,-46.78548,2026-03-14 16:30:00,NOAA-20,SÃO JOÃO DA BOA VISTA,SÃO PAULO,Brasil,3549102,35,33,0.0,0.04,-999.0,Cerrado,4.1
6ad979bb-629c-3dfc-9b01-372cb45f07f5,-11.78542,-47.09342,2026-03-14 16:33:00,NOAA-20,DIANÓPOLIS,TOCANTINS,Brasil,1707009,17,33,0.0,0.2,0.0,Cerrado,15.4
7b84bf7c-0681-32c7-9969-c3cd299388fb,-14.70001,-45.65456,2026-03-14 16:33:00,NOAA-20,COCOS,BAHIA,Brasil,2908101,29,33,0.0,0.52,0.03,Cerrado,10.1
f86fcc86-a55f-3cba-9efa-d99f11b629e0,-11.50654,-48.44112,2026-03-14 16:33:00,NOAA-20,SÃO VALÉRIO,TOCANTINS,Brasil,1720499,17,33,0.0,0.4,0.0,Cerrado,7.3
4db693e4-cf35-30f3-8dcd-324199e4a5bf,-18.69824,-51.72485,2026-03-14 16:33:00,NOAA-20,ITARUMÃ,GOIÁS,Brasil,5211305,52,33,0.0,0.4,0.0,Cerrado,6.0
81a1ae31-98fa-3fe5-a0e8-d10035325f43,-14.70109,-45.66204,2026-03-14 16:33:00,NOAA-20,COCOS,BAHIA,Brasil,2908101,29,33,0.0,0.57,0.04,Cerrado,2.5
b95d71ac-ebc9-3ba4-9c0a-bd4dbd350da5,-14.70055,-45.65831,2026-03-14 16:33:00,NOAA-20,COCOS,BAHIA,Brasil,2908101,29,33,0.0,0.55,0.03,Cerrado,10.1
626cf4b3-b2af-3566-9762-e458e7204964,-11.83177,-44.37503,2026-03-14 16:33:00,NOAA-20,COTEGIPE,BAHIA,Brasil,2909406,29,33,3.0,0.0,0.11,Cerrado,5.0
73c09d74-59b5-38d6-9ba4-6ab5c190432d,-14.69769,-45.66255,2026-03-14 16:33:00,NOAA-20,COCOS,BAHIA,Brasil,2908101,29,33,0.0,0.55,0.04,Cerrado,2.5
6010f1b5-496e-3230-9c1b-fbe3ee213c1a,-14.69715,-45.65882,2026-03-14 16:33:00,NOAA-20,COCOS,BAHIA,Brasil,2908101,29,33,0.0,0.52,0.04,Cerrado,10.1
b67d0156-2252-3bd2-8bd1-87f1c961c3da,-18.6979,-51.72168,2026-03-14 16:33:00,NOAA-20,ITARUMÃ,GOIÁS,Brasil,5211305,52,33,0.0,0.4,0.0,Cerrado,6.0
21313c38-457b-37c4-b895-b5aee93c1fbf,-14.07629,-45.43383,2026-03-14 16:33:00,NOAA-20,JABORANDI,BAHIA,Brasil,2917359,29,33,3.0,0.0,0.1,Cerrado,11.4
cd575871-01ab-34cc-8a94-ab2e1e2c74c1,-13.46089,-43.67431,2026-03-14 16:33:00,NOAA-20,SERRA DO RAMALHO,BAHIA,Brasil,2930154,29,33,0.0,0.0,0.18,Cerrado,26.3
035e94ff-e145-39e5-9d26-925a45e2cde4,-12.08162,-45.28444,2026-03-14 16:33:00,NOAA-20,BARREIRAS,BAHIA,Brasil,2903201,29,33,3.0,0.0,0.02,Cerrado,14.4
927e6d43-b65c-3872-94f0-08b8ece728c9,-13.46034,-43.67074,2026-03-14 16:33:00,NOAA-20,SERRA DO RAMALHO,BAHIA,Brasil,2930154,29,33,0.0,0.0,0.15,Cerrado,9.0
83814ed6-4bb5-3947-8054-898509978f9e,-13.73605,-45.40117,2026-03-14 16:33:00,NOAA-20,JABORANDI,BAHIA,Brasil,2917359,29,33,1.0,0.0,0.16,Cerrado,3.3
a1022c29-4e8b-317c-89f6-2c18c59892e8,-12.08216,-45.28799,2026-03-14 16:33:00,NOAA-20,BARREIRAS,BAHIA,Brasil,2903201,29,33,3.0,0.0,0.02,Cerrado,14.4
6f6e56c8-d36b-3956-9f87-3bcb523223ef,-14.70341,-45.65405,2026-03-14 16:33:00,NOAA-20,COCOS,BAHIA,Brasil,2908101,29,33,0.0,0.54,0.03,Cerrado,5.6
238a20ff-6145-3ab2-9a59-1e4934f0c26c,-3.6779,-42.63306,2026-03-14 16:35:00,NOAA-20,MATIAS OLÍMPIO,PIAUÍ,Brasil,2206100,22,33,0.0,2.45,0.02,Cerrado,5.1
8d964fd2-6d78-3810-a705-18d89682c994,-11.11537,-48.87589,2026-03-14 16:35:00,NOAA-20,CRIXÁS DO TOCANTINS,TOCANTINS,Brasil,1706258,17,33,0.0,4.44,0.0,Cerrado,4.5
5472913b-ed06-339b-a8c1-b0a260949496,-9.27641,-44.67955,2026-03-14 16:35:00,NOAA-20,BOM JESUS,PIAUÍ,Brasil,2201903,22,33,2.0,1.19,0.0,Cerrado,6.4
196fa7ac-f432-3f94-9686-2692293171da,-10.07976,-46.80154,2026-03-14 16:35:00,NOAA-20,SÃO FÉLIX DO TOCANTINS,TOCANTINS,Brasil,1720150,17,33,3.0,0.0,0.01,Cerrado,8.1
b55c0ce4-4bb9-3f18-a3c4-576a09317ac3,-11.11983,-48.88002,2026-03-14 16:35:00,NOAA-20,CRIXÁS DO TOCANTINS,TOCANTINS,Brasil,1706258,17,33,0.0,4.45,0.0,Cerrado,8.0
52b549fe-7c3d-3aa5-a689-a84bbb536a89,-10.0803,-46.80526,2026-03-14 16:35:00,NOAA-20,SÃO FÉLIX DO TOCANTINS,TOCANTINS,Brasil,1720150,17,33,3.0,0.0,0.01,Cerrado,8.1
8e4d2c51-d5e3-3a71-b008-0fe8fa2c3444,-8.88077,-44.77605,2026-03-14 16:35:00,NOAA-20,CURRAIS,PIAUÍ,Brasil,2203230,22,33,3.0,0.16,0.04,Cerrado,5.2
48e970d1-1b5a-368a-95c6-7d18d0c7aabf,-10.59642,-49.67544,2026-03-14 16:35:00,NOAA-20,LAGOA DA CONFUSÃO,TOCANTINS,Brasil,1711902,17,33,0.0,1.51,0.02,Cerrado,12.2
b27c3b3f-91a4-34b9-82e0-6446de10c398,-11.11604,-48.88058,2026-03-14 16:35:00,NOAA-20,CRIXÁS DO TOCANTINS,TOCANTINS,Brasil,1706258,17,33,0.0,4.41,0.0,Cerrado,4.5
758c944b-fe4f-39b2-93fb-2314b0a57a50,-11.1187,-48.87302,2026-03-14 16:35:00,NOAA-20,CRIXÁS DO TOCANTINS,TOCANTINS,Brasil,1706258,17,33,0.0,4.5,0.0,Cerrado,7.1
77301a32-d37c-349a-b16f-2ec6fbd31d49,-11.11555,-48.87827,2026-03-14 16:35:00,NOAA-20,CRIXÁS DO TOCANTINS,TOCANTINS,Brasil,1706258,17,33,0.0,4.42,0.0,Cerrado,7.0
147cc66a-a654-39d3-be13-d7705b9e6b15,-10.62019,-46.79236,2026-03-14 16:35:00,NOAA-20,MATEIROS,TOCANTINS,Brasil,1712702,17,33,2.0,3.66,0.01,Cerrado,8.5
a2b89d1b-0f63-3545-abbc-bb66d6b9f60a,-8.8813,-44.77954,2026-03-14 16:35:00,NOAA-20,CURRAIS,PIAUÍ,Brasil,2203230,22,33,3.0,0.16,0.04,Cerrado,5.3
21f2b44a-0d8a-3805-96f2-eb78ff0803c5,-11.11934,-48.87771,2026-03-14 16:35:00,NOAA-20,CRIXÁS DO TOCANTINS,TOCANTINS,Brasil,1706258,17,33,0.0,4.46,0.0,Cerrado,6.5
ee373a3b-9bfb-3e56-b81d-e56022e1c372,-18.69873,-51.72914,2026-03-14 17:20:00,NOAA-21,ITARUMÃ,GOIÁS,Brasil,5211305,52,33,0.0,0.4,0.0,Cerrado,3.5
d121efac-2437-31ce-b5e8-258e6d3c59f0,-17.95633,-54.38331,2026-03-14 17:20:00,NOAA-21,PEDRO GOMES,MATO GROSSO DO SUL,Brasil,5006408,50,33,1.0,6.21,0.0,Cerrado,4.2
ea76daec-bf4e-36fe-a677-96c8decfcd43,-18.69794,-51.72454,2026-03-14 17:20:00,NOAA-21,ITARUMÃ,GOIÁS,Brasil,5211305,52,33,0.0,0.4,0.0,Cerrado,9.4
92c48be5-595e-3063-9fcc-6f951b9ce2cb,-21.70691,-56.3152,2026-03-14 17:20:00,NOAA-21,BELA VISTA,MATO GROSSO DO SUL,Brasil,5002100,50,33,2.0,0.0,0.41,Cerrado,5.0
28b27cb6-7fa2-31dd-833c-725a59154109,-10.08229,-46.80354,2026-03-14 17:22:00,NOAA-21,SÃO FÉLIX DO TOCANTINS,TOCANTINS,Brasil,1720150,17,33,3.0,0.0,0.01,Cerrado,12.8
9b7d36be-4a4f-3b3e-b692-ca5e69297aac,-12.65634,-47.09256,2026-03-14 17:22:00,NOAA-21,ARRAIAS,TOCANTINS,Brasil,1702406,17,33,0.0,0.0,0.07,Cerrado,24.8
636d7aef-874c-387d-b48c-4cffd55b7f61,-12.65561,-47.08887,2026-03-14 17:22:00,NOAA-21,ARRAIAS,TOCANTINS,Brasil,1702406,17,33,0.0,0.0,0.03,Cerrado,31.4
fa6d6177-41c9-34cd-9bb3-0560caff5573,-12.08464,-45.29002,2026-03-14 17:22:00,NOAA-21,BARREIRAS,BAHIA,Brasil,2903201,29,33,3.0,0.0,0.02,Cerrado,8.6
8422c2f7-f8be-3e7d-ac88-6d338a6e7422,-9.87512,-44.84456,2026-03-14 17:22:00,NOAA-21,RIACHO FRIO,PIAUÍ,Brasil,2208858,22,33,3.0,0.0,0.01,Cerrado,1.4
dba556d5-f90c-3927-865c-d6b9bfa329d8,-12.72982,-49.48639,2026-03-14 17:22:00,NOAA-21,ARAGUAÇU,TOCANTINS,Brasil,1702000,17,33,0.0,3.08,0.0,Cerrado,9.1
7e44e7c7-0aa2-31f1-8365-a328bbe3a5eb,-12.66112,-47.08777,2026-03-14 17:22:00,NOAA-21,ARRAIAS,TOCANTINS,Brasil,1702406,17,33,0.0,0.0,0.1,Cerrado,31.4
3fc44167-b445-398c-b00d-97de303918e8,-10.08123,-46.80626,2026-03-14 17:22:00,NOAA-21,SÃO FÉLIX DO TOCANTINS,TOCANTINS,Brasil,1720150,17,33,3.0,0.0,0.01,Cerrado,10.6
2c8cdb00-1ffe-3c06-a7c5-be91ac287dd3,-10.08041,-46.80202,2026-03-14 17:22:00,NOAA-21,SÃO FÉLIX DO TOCANTINS,TOCANTINS,Brasil,1720150,17,33,3.0,0.0,0.01,Cerrado,10.6
8e493728-ce96-380e-bfcb-062a7de7eab9,-12.66185,-47.09148,2026-03-14 17:22:00,NOAA-21,ARRAIAS,TOCANTINS,Brasil,1702406,17,33,0.0,0.0,0.11,Cerrado,24.8
f4d711a1-e9c3-3cb7-ae6e-71d56ada68cb,-10.08148,-46.79924,2026-03-14 17:22:00,NOAA-21,SÃO FÉLIX DO TOCANTINS,TOCANTINS,Brasil,1720150,17,33,3.0,0.0,0.01,Cerrado,12.8
95e94b36-ecd8-3e19-b175-ced4ebb17112,-8.40145,-44.40306,2026-03-14 17:39:00,AQUA_M-T,URUÇUÍ,PIAUÍ,Brasil,2211209,22,33,2.0,2.6,0.09,Cerrado,31.3
a8d5db9f-e7db-31b9-8931-392a9bd569ea,-8.52328,-43.30534,2026-03-14 17:39:00,AQUA_M-T,CANTO DO BURITI,PIAUÍ,Brasil,2202307,22,33,4.0,0.0,0.04,Cerrado,35.0
2d122ea2-3913-3e4f-9b49-8af979956f2e,-20.60462,-52.19221,2026-03-14 19:15:00,AQUA_M-T,TRÊS LAGOAS,MATO GROSSO DO SUL,Brasil,5008305,50,33,2.0,0.0,0.0,Cerrado,11.8
c3e78895-5231-3595-af4c-8c2b67d3783e,-8.8033,-44.8064,2026-03-14 22:00:00,GOES-19,CURRAIS,PIAUÍ,Brasil,2203230,22,33,3.0,0.0,0.05,Cerrado,66.6
26ff9ff4-ee18-3865-b823-0709e0640b61,-8.8033,-44.8064,2026-03-14 22:10:00,GOES-19,CURRAIS,PIAUÍ,Brasil,2203230,22,33,3.0,0.0,0.05,Cerrado,51.8
f162ee6a-ea73-3839-bace-150a8933070f,-8.8033,-44.8064,2026-03-14 22:20:00,GOES-19,CURRAIS,PIAUÍ,Brasil,2203230,22,33,3.0,0.0,0.05,Cerrado,48.3
26c02e70-c1d3-37e3-8907-aabd3230bda9,-8.8033,-44.8064,2026-03-14 22:40:00,GOES-19,CURRAIS,PIAUÍ,Brasil,2203230,22,33,3.0,0.0,0.05,Cerrado,45.8
6a350aaf-8a8e-30be-a482-ff2ba8222bb5,-8.8033,-44.8064,2026-03-14 22:50:00,GOES-19,CURRAIS,PIAUÍ,Brasil,2203230,22,33,3.0,0.0,0.05,Cerrado,51.6
9022189b-265a-3cda-8396-ab9454243cf3,-8.7976,-44.808201,2026-03-15 00:34:00,METOP-C,CURRAIS,PIAUÍ,Brasil,2203230,22,33,4.0,2.31,0.04,Cerrado,
58ee100a-3537-360d-9ff8-dc6e68713cb1,-12.6601,-47.090302,2026-03-15 00:34:00,METOP-C,ARRAIAS,TOCANTINS,Brasil,1702406,17,33,0.0,4.04,0.05,Cerrado,
35e44b1a-6dd7-33ca-bbbd-f586d83d2ab4,-11.7867,-47.091599,2026-03-15 00:34:00,METOP-C,DIANÓPOLIS,TOCANTINS,Brasil,1707009,17,33,1.0,1.02,0.0,Cerrado,
01d82c05-34b0-3370-a11d-bd0d01c27d89,-8.7959,-44.800999,2026-03-15 00:34:00,METOP-C,CURRAIS,PIAUÍ,Brasil,2203230,22,33,4.0,2.28,0.04,Cerrado,
d2cb7aaf-281f-3d3e-99f5-46da90c06c12,-8.8074,-44.805901,2026-03-15 00:34:00,METOP-C,CURRAIS,PIAUÍ,Brasil,2203230,22,33,4.0,1.97,0.04,Cerrado,
b2ab3300-3fdc-367d-84a6-dbb792ddbc5d,-8.80184,-44.80849,2026-03-15 03:38:00,NOAA-20,CURRAIS,PIAUÍ,Brasil,2203230,22,33,4.0,2.18,0.04,Cerrado,2.0
2937c9c3-2d5d-335e-bb4c-20c71ec4ebdc,-8.80129,-44.81104,2026-03-15 03:38:00,NOAA-20,CURRAIS,PIAUÍ,Brasil,2203230,22,33,4.0,2.22,0.04,Cerrado,1.4
91922881-de7a-3da1-a995-b573107a2fa6,-8.80107,-44.81271,2026-03-15 03:38:00,NOAA-20,CURRAIS,PIAUÍ,Brasil,2203230,22,33,4.0,2.23,0.04,Cerrado,1.2
c54a1b8e-5952-3f18-ada1-80fd25d88280,-8.80209,-44.80684,2026-03-15 03:38:00,NOAA-20,CURRAIS,PIAUÍ,Brasil,2203230,22,33,4.0,2.16,0.04,Cerrado,1.6
4475f693-6088-37a9-832c-c3987c5acfc5,-8.79552,-44.80988,2026-03-15 03:38:00,NOAA-20,CURRAIS,PIAUÍ,Brasil,2203230,22,33,4.0,2.39,0.04,Cerrado,1.5
78ae3fb8-4f1e-3c55-93ad-5ce8da0b0154,-8.79632,-44.8057,2026-03-15 03:38:00,NOAA-20,CURRAIS,PIAUÍ,Brasil,2203230,22,33,4.0,2.32,0.04,Cerrado,1.9
f0531b6c-ed80-300c-9b57-8a9e5daf9813,-8.79607,-44.80733,2026-03-15 03:38:00,NOAA-20,CURRAIS,PIAUÍ,Brasil,2203230,22,33,4.0,2.34,0.04,Cerrado,2.4
bfab9c08-06a4-3561-8483-b4f71d75282c,-12.6564,-47.10014,2026-03-15 03:40:00,NOAA-20,ARRAIAS,TOCANTINS,Brasil,1702406,17,33,0.0,3.9,0.07,Cerrado,1.1
45da74e7-134d-332f-8155-fb314480f973,-12.65743,-47.09503,2026-03-15 03:40:00,NOAA-20,ARRAIAS,TOCANTINS,Brasil,1702406,17,33,0.0,3.98,0.05,Cerrado,1.1
ee5afeee-cbd8-394e-83d9-fcb236afff75,-11.78212,-47.09853,2026-03-15 03:40:00,NOAA-20,DIANÓPOLIS,TOCANTINS,Brasil,1707009,17,33,1.0,1.23,0.0,Cerrado,1.9
ac5c9d36-c95b-376c-8593-349eea5e5858,-8.79613,-44.8088,2026-03-15 04:27:00,NOAA-21,CURRAIS,PIAUÍ,Brasil,2203230,22,33,4.0,2.36,0.04,Cerrado,0.6
200e3193-fe0f-3dc7-813e-4b025d54ddb3,-12.08054,-45.28953,2026-03-15 04:27:00,NOAA-21,BARREIRAS,BAHIA,Brasil,2903201,29,33,3.0,1.7,0.02,Cerrado,1.8
29910b38-e027-363f-ba20-2b03e162d290,-8.80699,-44.80662,2026-03-15 04:27:00,NOAA-21,CURRAIS,PIAUÍ,Brasil,2203230,22,33,4.0,1.99,0.04,Cerrado,1.1
6663debe-1f74-3117-95e5-918323f1ba6c,-8.80356,-44.8061,2026-03-15 04:27:00,NOAA-21,CURRAIS,PIAUÍ,Brasil,2203230,22,33,4.0,2.11,0.04,Cerrado,1.1
47b43c89-70a5-36fe-ae67-1dcfe74c52c5,-12.52763,-43.35337,2026-03-15 04:27:00,NOAA-21,MUQUÉM DO SÃO FRANCISCO,BAHIA,Brasil,2922250,29,33,4.0,0.29,0.05,Cerrado,1.4
d7632edd-6ce9-3f68-9662-0f0f3cd49574,-11.7841,-47.0956,2026-03-15 04:27:00,NOAA-21,DIANÓPOLIS,TOCANTINS,Brasil,1707009,17,33,1.0,1.13,0.0,Cerrado,2.0
72516b15-7c5a-3a28-b370-44a3f1e74c06,-8.7967,-44.80505,2026-03-15 04:27:00,NOAA-21,CURRAIS,PIAUÍ,Brasil,2203230,22,33,4.0,2.3,0.04,Cerrado,1.3
72e7c4a7-062a-3e75-8bfb-7f9667c93b0a,-11.78741,-47.09612,2026-03-15 04:27:00,NOAA-21,DIANÓPOLIS,TOCANTINS,Brasil,1707009,17,33,1.0,1.1,0.0,Cerrado,2.0
6ced7ef8-c1db-30db-9fb6-c14489b43623,-8.80013,-44.80557,2026-03-15 04:27:00,NOAA-21,CURRAIS,PIAUÍ,Brasil,2203230,22,33,4.0,2.2,0.04,Cerrado,1.3
b5fcc445-b36e-3b8e-9d46-1b715beab909,-12.07426,-45.33223,2026-03-15 04:27:00,NOAA-21,BARREIRAS,BAHIA,Brasil,2903201,29,33,3.0,1.69,0.02,Cerrado,1.6
10353a6a-e284-37a6-8e7e-b69aeeed004e,-12.07997,-45.29342,2026-03-15 04:27:00,NOAA-21,BARREIRAS,BAHIA,Brasil,2903201,29,33,3.0,1.7,0.02,Cerrado,0.7
2d8a6291-bded-3002-a311-5ed6c21a3a79,-11.16709,-49.23763,2026-03-15 04:27:00,NOAA-21,CRIXÁS DO TOCANTINS,TOCANTINS,Brasil,1706258,17,33,0.0,3.13,0.0,Cerrado,2.3
24c91cd3-96d2-38a5-8fc4-d922c0d8b512,-11.16464,-49.25261,2026-03-15 04:27:00,NOAA-21,CRIXÁS DO TOCANTINS,TOCANTINS,Brasil,1706258,17,33,0.0,2.76,0.0,Cerrado,0.8
a8c7ff6e-3b25-315d-bae7-357ecf8977bb,-8.79956,-44.80932,2026-03-15 04:27:00,NOAA-21,CURRAIS,PIAUÍ,Brasil,2203230,22,33,4.0,2.26,0.04,Cerrado,0.6
b49050d5-47c0-332c-a81a-017fd5c94f28,-11.05367,-45.38798,2026-03-15 04:27:00,NOAA-21,FORMOSA DO RIO PRETO,BAHIA,Brasil,2911105,29,33,2.0,0.0,0.03,Cerrado,3.2
431c92a8-a54f-35e3-ab64-6843487f5128,-8.80299,-44.80985,2026-03-15 04:27:00,NOAA-21,CURRAIS,PIAUÍ,Brasil,2203230,22,33,4.0,2.16,0.04,Cerrado,1.5
b30eeee6-7c2a-3fad-9f75-7810b5300aa8,-11.028,-44.67057,2026-03-15 04:27:00,NOAA-21,SANTA RITA DE CÁSSIA,BAHIA,Brasil,2928406,29,33,4.0,0.0,0.01,Cerrado,0.4
b63db0d7-bd5e-3ae3-b35c-6c176d819326,-12.65732,-47.09843,2026-03-15 04:29:00,NOAA-21,ARRAIAS,TOCANTINS,Brasil,1702406,17,33,0.0,3.92,0.07,Cerrado,0.8
a96920ea-47ae-3eac-bb47-c4eab0cb47f8,-12.66172,-47.09188,2026-03-15 04:29:00,NOAA-21,ARRAIAS,TOCANTINS,Brasil,1702406,17,33,0.0,4.01,0.06,Cerrado,0.8
07935c82-23f9-3021-aec7-3062363b8094,-12.65841,-47.09134,2026-03-15 04:29:00,NOAA-21,ARRAIAS,TOCANTINS,Brasil,1702406,17,33,0.0,4.04,0.04,Cerrado,0.7
27d55705-ca8a-37d7-9a91-8c6948a9b175,-12.65509,-47.09081,2026-03-15 04:29:00,NOAA-21,ARRAIAS,TOCANTINS,Brasil,1702406,17,33,0.0,4.08,0.02,Cerrado,0.7
3f1d712b-250e-351f-b500-d1a0f9272d48,-12.66118,-47.09542,2026-03-15 04:29:00,NOAA-21,ARRAIAS,TOCANTINS,Brasil,1702406,17,33,0.0,3.96,0.07,Cerrado,0.8
829bf279-f7f1-3478-9970-32bb25c8d9b5,-12.65786,-47.09489,2026-03-15 04:29:00,NOAA-21,ARRAIAS,TOCANTINS,Brasil,1702406,17,33,0.0,3.98,0.05,Cerrado,0.7
15710d38-01ad-3eb6-b052-153d4784cef7,-11.05105,-45.39097,2026-03-15 04:57:00,NPP-375D,FORMOSA DO RIO PRETO,BAHIA,Brasil,2911105,29,33,2.0,0.0,0.03,Cerrado,1.5
dba9353c-4093-3c38-8b03-a120ee4cf180,-11.16569,-49.2378,2026-03-15 04:57:00,NPP-375D,CRIXÁS DO TOCANTINS,TOCANTINS,Brasil,1706258,17,33,0.0,3.08,0.0,Cerrado,1.5
5baaae07-cb54-3762-b9aa-91555a6714d0,-8.7957,-44.8084,2026-03-15 04:57:00,NPP-375D,CURRAIS,PIAUÍ,Brasil,2203230,22,33,4.0,2.36,0.04,Cerrado,0.7
a37f0d33-208e-3f07-86a0-b06c5f7fcc71,-8.79609,-44.8055,2026-03-15 04:57:00,NPP-375D,CURRAIS,PIAUÍ,Brasil,2203230,22,33,4.0,2.32,0.04,Cerrado,0.7
7db750e4-79c2-3ec8-b1c3-ad4f3ca4bfc1,-11.16604,-49.23986,2026-03-15 04:57:00,NPP-375D,CRIXÁS DO TOCANTINS,TOCANTINS,Brasil,1706258,17,33,0.0,3.03,0.0,Cerrado,1.5
3e15b3ed-92f0-3c3a-a426-7aec26ae7ef1,-8.25211,-48.29042,2026-03-15 04:57:00,NPP-375D,TUPIRATINS,TOCANTINS,Brasil,1721307,17,33,0.0,6.42,0.0,Cerrado,0.8
24733533-5e44-3bf3-91d6-9d0997ad5107,-8.80115,-44.8062,2026-03-15 04:57:00,NPP-375D,CURRAIS,PIAUÍ,Brasil,2203230,22,33,4.0,2.18,0.04,Cerrado,1.0
7d68a60d-4c31-3ba3-8442-f80cc88f8422,-11.05144,-45.39066,2026-03-15 04:57:00,NPP-375D,FORMOSA DO RIO PRETO,BAHIA,Brasil,2911105,29,33,2.0,0.0,0.03,Cerrado,1.4
af24e64c-7bdb-3133-a1af-07b20d336db8,-8.80076,-44.8091,2026-03-15 04:57:00,NPP-375D,CURRAIS,PIAUÍ,Brasil,2203230,22,33,4.0,2.22,0.04,Cerrado,1.0
cb3da997-9b6f-3c65-b3f8-6b9f49785009,-11.7855,-47.09678,2026-03-15 04:59:00,NPP-375D,DIANÓPOLIS,TOCANTINS,Brasil,1707009,17,33,1.0,1.13,0.0,Cerrado,2.6
63f3a500-0055-3de2-aba2-5a888b3b84d2,-11.78675,-47.09408,2026-03-15 04:59:00,NPP-375D,DIANÓPOLIS,TOCANTINS,Brasil,1707009,17,33,1.0,1.07,0.0,Cerrado,2.1
b864c7ca-8bc7-3137-944d-5f56f3fb93ae,-12.6604,-47.09539,2026-03-15 04:59:00,NPP-375D,ARRAIAS,TOCANTINS,Brasil,1702406,17,33,0.0,3.96,0.06,Cerrado,2.7
1687d140-c846-3aa9-ad97-627e41820cdf,-11.78098,-47.09619,2026-03-15 04:59:00,NPP-375D,DIANÓPOLIS,TOCANTINS,Brasil,1707009,17,33,1.0,1.21,0.0,Cerrado,0.5
02c2194a-a75d-35e1-8d10-6938fdcf6d31,-11.78223,-47.09349,2026-03-15 04:59:00,NPP-375D,DIANÓPOLIS,TOCANTINS,Brasil,1707009,17,33,1.0,1.13,0.0,Cerrado,2.1
e0a71cc4-4ac2-3bae-9096-14cb9687fa89,-22.07098,-55.32182,2026-03-15 05:01:00,NPP-375D,DOURADOS,MATO GROSSO DO SUL,Brasil,5003702,50,33,2.0,3.8,0.18,Cerrado,1.1
8012752c-0410-345a-b37f-affe038cbbf5,-11.05262,-45.38846,2026-03-15 11:49:00,TERRA_M-M,FORMOSA DO RIO PRETO,BAHIA,Brasil,2911105,29,33,2.0,0.0,0.03,Cerrado,6.0
02128ca2-57cc-3c07-9c1f-e0a319d23469,-13.19636,-43.54675,2026-03-15 15:52:00,NPP-375,BOM JESUS DA LAPA,BAHIA,Brasil,2903904,29,33,5.0,0.1,0.06,Cerrado,2.8
2b5a9a0a-528e-3df5-8634-aecca2491ec7,-12.47176,-43.72919,2026-03-15 15:52:00,NPP-375,BREJOLÂNDIA,BAHIA,Brasil,2904407,29,33,4.0,0.0,0.03,Cerrado,2.5
ebdf098e-00ee-33f0-920f-e93973ee9657,-12.47278,-43.72861,2026-03-15 15:52:00,NPP-375,BREJOLÂNDIA,BAHIA,Brasil,2904407,29,33,4.0,0.0,0.03,Cerrado,5.8
cbd4d60b-6fa7-3fb5-9bb9-2a427957473d,-12.47759,-43.7285,2026-03-15 15:52:00,NPP-375,BREJOLÂNDIA,BAHIA,Brasil,2904407,29,33,4.0,0.0,0.03,Cerrado,2.5
1284e80c-5d54-34ff-88dd-92de8525820f,-13.19656,-43.54777,2026-03-15 15:52:00,NPP-375,BOM JESUS DA LAPA,BAHIA,Brasil,2903904,29,33,5.0,0.1,0.06,Cerrado,2.9
2f31e64e-48ed-309b-b22d-14d798780bcf,-10.74784,-45.64378,2026-03-15 15:54:00,NPP-375,FORMOSA DO RIO PRETO,BAHIA,Brasil,2911105,29,33,2.0,0.54,0.06,Cerrado,6.0
8c37b651-e878-3be1-8845-3d7d3d54c6fd,-10.74078,-45.63924,2026-03-15 15:54:00,NPP-375,FORMOSA DO RIO PRETO,BAHIA,Brasil,2911105,29,33,2.0,0.6,0.06,Cerrado,6.0
b3e40698-ae84-3107-bed7-67a2aee0d19e,-11.17665,-45.71691,2026-03-15 15:54:00,NPP-375,FORMOSA DO RIO PRETO,BAHIA,Brasil,2911105,29,33,8.0,0.1,0.03,Cerrado,9.4
cc740ebe-5854-3072-bf39-3ce7ca76b286,-11.02826,-44.67313,2026-03-15 15:54:00,NPP-375,SANTA RITA DE CÁSSIA,BAHIA,Brasil,2928406,29,33,4.0,0.0,0.02,Cerrado,4.9
12ea898f-e3bd-3e64-818d-dace7e2c84f3,-20.24061,-46.63678,2026-03-15 16:11:00,NOAA-20,SÃO ROQUE DE MINAS,MINAS GERAIS,Brasil,3164308,31,33,0.0,0.0,0.01,Cerrado,4.3
ae228577-13b5-3695-a6d9-e607a3f21057,-20.24197,-46.64968,2026-03-15 16:11:00,NOAA-20,SÃO ROQUE DE MINAS,MINAS GERAIS,Brasil,3164308,31,33,0.0,0.1,0.02,Cerrado,18.1
51de67d5-9575-3805-bc1c-5297bc064f46,-20.24097,-46.64013,2026-03-15 16:11:00,NOAA-20,SÃO ROQUE DE MINAS,MINAS GERAIS,Brasil,3164308,31,33,0.0,0.0,0.01,Cerrado,4.3
1e2a9599-4f4f-3007-a4c1-e2a59c0b432c,-20.2379,-46.65972,2026-03-15 16:11:00,NOAA-20,SÃO ROQUE DE MINAS,MINAS GERAIS,Brasil,3164308,31,33,0.0,0.1,0.02,Cerrado,13.4
f1b1db3d-eba8-356d-ac50-1238a829db5e,-19.8075,-44.08578,2026-03-15 16:11:00,NOAA-20,RIBEIRÃO DAS NEVES,MINAS GERAIS,Brasil,3154606,31,33,0.0,0.3,0.03,Cerrado,3.3
d16cc964-259f-36da-b694-a5a3a9081946,-20.23653,-46.64667,2026-03-15 16:11:00,NOAA-20,SÃO ROQUE DE MINAS,MINAS GERAIS,Brasil,3164308,31,33,0.0,0.07,0.01,Cerrado,11.8
506691bb-8ce0-3d2f-8da7-8cc8c4fb9ab7,-20.24164,-46.64653,2026-03-15 16:11:00,NOAA-20,SÃO ROQUE DE MINAS,MINAS GERAIS,Brasil,3164308,31,33,0.0,0.07,0.02,Cerrado,11.8
052d1872-47d7-3c19-8b44-2d352518bbfd,-20.22991,-48.5321,2026-03-15 16:11:00,NOAA-20,GUAÍRA,SÃO PAULO,Brasil,3517406,35,33,2.0,0.0,0.01,Cerrado,0.4
47dfe2b7-7126-3556-8522-93d193c66a3d,-12.4742,-43.73193,2026-03-15 16:13:00,NOAA-20,BREJOLÂNDIA,BAHIA,Brasil,2904407,29,33,4.0,0.0,0.02,Cerrado,7.2
f9c4cd24-a007-340d-a590-d54586b55272,-12.76494,-43.68636,2026-03-15 16:13:00,NOAA-20,SERRA DOURADA,BAHIA,Brasil,2930303,29,33,6.0,0.0,0.13,Cerrado,4.7
b04fbeb4-a880-34e6-890f-4de8af4bf189,-11.03281,-44.67042,2026-03-15 16:13:00,NOAA-20,SANTA RITA DE CÁSSIA,BAHIA,Brasil,2928406,29,33,4.0,0.0,0.02,Cerrado,15.6
88386f31-5a13-3c02-9d61-3d5e5549a225,-12.51533,-43.77839,2026-03-15 16:13:00,NOAA-20,BREJOLÂNDIA,BAHIA,Brasil,2904407,29,33,4.0,0.0,0.02,Cerrado,4.5
7fb53211-a7bf-3de9-af84-9f46d28e15e7,-20.23508,-46.66053,2026-03-15 17:02:00,NOAA-21,SÃO ROQUE DE MINAS,MINAS GERAIS,Brasil,3164308,31,33,0.0,0.1,0.01,Cerrado,15.3
63ec1165-fbbb-32d3-8881-555489739dca,-20.23713,-46.65063,2026-03-15 17:02:00,NOAA-21,SÃO ROQUE DE MINAS,MINAS GERAIS,Brasil,3164308,31,33,0.0,0.1,0.01,Cerrado,18.5
546cede2-55ab-3eea-9434-62c038f850de,-12.76521,-43.68626,2026-03-15 17:02:00,NOAA-21,SERRA DOURADA,BAHIA,Brasil,2930303,29,33,6.0,0.0,0.13,Cerrado,3.9
f15aa746-fbd4-31d5-ac0d-6c5c1f480238,-14.75149,-45.91605,2026-03-15 17:02:00,NOAA-21,JABORANDI,BAHIA,Brasil,2917359,29,33,0.0,6.41,0.01,Cerrado,6.6
685e8c45-17c1-34ec-9798-5aaa7cac51fa,-19.8783,-47.37614,2026-03-15 17:02:00,NOAA-21,SACRAMENTO,MINAS GERAIS,Brasil,3156908,31,33,0.0,0.0,0.01,Cerrado,3.0
bb2ef4e6-e9e2-3ddb-b59c-dbfc22bf912c,-12.47389,-43.72979,2026-03-15 17:05:00,NOAA-21,BREJOLÂNDIA,BAHIA,Brasil,2904407,29,33,4.0,0.0,0.02,Cerrado,3.0
b56e4c62-6a1d-352b-8584-73c5958012f0,-11.79758,-47.09726,2026-03-15 17:05:00,NOAA-21,DIANÓPOLIS,TOCANTINS,Brasil,1707009,17,33,1.0,1.02,0.0,Cerrado,6.5
12e64912-3c14-3ad4-8f83-db2e5b7c6445,-11.0296,-44.67244,2026-03-15 17:05:00,NOAA-21,SANTA RITA DE CÁSSIA,BAHIA,Brasil,2928406,29,33,4.0,0.0,0.02,Cerrado,7.1
6a93185c-e651-3d13-9279-80faa085e9dc,-11.80147,-47.10011,2026-03-15 17:05:00,NOAA-21,DIANÓPOLIS,TOCANTINS,Brasil,1707009,17,33,1.0,1.04,0.01,Cerrado,6.3
f662b655-89f9-3c41-9237-0577b4d863a3,-11.99594,-45.56069,2026-03-15 17:05:00,NOAA-21,BARREIRAS,BAHIA,Brasil,2903201,29,33,3.0,3.26,0.02,Cerrado,10.6
c0222cfd-5b61-3fef-ba8d-a11d4a3f28ab,-11.8023,-47.10022,2026-03-15 17:05:00,NOAA-21,DIANÓPOLIS,TOCANTINS,Brasil,1707009,17,33,1.0,1.03,0.01,Cerrado,6.4
3ba381ec-d5e4-3688-b243-b3cd8ca216c2,-11.80556,-47.09934,2026-03-15 17:05:00,NOAA-21,DIANÓPOLIS,TOCANTINS,Brasil,1707009,17,33,1.0,0.98,0.02,Cerrado,5.1
dc9aea6f-0bcf-33a6-ad58-b5e450f21529,-12.50834,-43.77991,2026-03-15 17:05:00,NOAA-21,BREJOLÂNDIA,BAHIA,Brasil,2904407,29,33,4.0,0.07,0.02,Cerrado,3.6
749d88d2-9de0-383f-a7e1-0e4c06f7ca6a,-22.60559,-49.62786,2026-03-15 17:30:00,NPP-375,UBIRAJARA,SÃO PAULO,Brasil,3555505,35,33,2.0,0.0,0.23,Cerrado,4.6
eb53fb0e-f26f-3b06-91bd-8d71696fa5fe,-20.23916,-46.64793,2026-03-15 17:32:00,NPP-375,SÃO ROQUE DE MINAS,MINAS GERAIS,Brasil,3164308,31,33,0.0,0.08,0.02,Cerrado,10.9
7cf11a50-1d2e-31c0-9072-356dce77ed38,-20.23534,-46.65647,2026-03-15 17:32:00,NPP-375,SÃO ROQUE DE MINAS,MINAS GERAIS,Brasil,3164308,31,33,0.0,0.1,0.01,Cerrado,5.9
3994d77d-e05d-33da-aad8-d917481bb61d,-20.23841,-46.6445,2026-03-15 17:32:00,NPP-375,SÃO ROQUE DE MINAS,MINAS GERAIS,Brasil,3164308,31,33,0.0,0.05,0.01,Cerrado,11.7
629868fb-e709-3b13-8569-c757f344d3fa,-20.23391,-46.64989,2026-03-15 17:32:00,NPP-375,SÃO ROQUE DE MINAS,MINAS GERAIS,Brasil,3164308,31,33,0.0,0.1,0.01,Cerrado,6.8
2131201d-5e11-319c-b013-5fc6424da3d3,-22.21418,-56.03995,2026-03-15 17:32:00,NPP-375,ANTÔNIO JOÃO,MATO GROSSO DO SUL,Brasil,5000906,50,33,2.0,5.7,0.14,Cerrado,2.0
ad4f528e-2624-32aa-b4fb-986681278477,-20.23696,-46.63783,2026-03-15 17:32:00,NPP-375,SÃO ROQUE DE MINAS,MINAS GERAIS,Brasil,3164308,31,33,0.0,0.0,0.0,Cerrado,6.0
d6fdba27-f94f-3121-9e26-b2b231a4e6c5,-19.37766,-46.78158,2026-03-15 17:32:00,NPP-375,IBIÁ,MINAS GERAIS,Brasil,3129509,31,33,0.0,8.08,0.0,Cerrado,0.7
c531d0f6-2e54-3cb4-be25-3d5c2585259a,-11.99889,-45.55555,2026-03-15 17:34:00,NPP-375,BARREIRAS,BAHIA,Brasil,2903201,29,33,3.0,3.07,0.02,Cerrado,13.4
c7ce50ef-2b94-3c29-9fc2-975dfd468c78,-11.80312,-47.09459,2026-03-15 17:34:00,NPP-375,DIANÓPOLIS,TOCANTINS,Brasil,1707009,17,33,1.0,0.91,0.01,Cerrado,6.4
02bd2162-bfc4-3f1e-aded-f25897fca687,-7.73133,-46.86222,2026-03-15 17:34:00,NPP-375,RIACHÃO,MARANHÃO,Brasil,2109502,21,33,2.0,0.3,0.05,Cerrado,1.5
f5e09c4a-6ad4-326b-81bb-2be08fc093f4,-11.80209,-47.09483,2026-03-15 17:34:00,NPP-375,DIANÓPOLIS,TOCANTINS,Brasil,1707009,17,33,1.0,0.93,0.01,Cerrado,4.3
036264bc-d79b-3b08-b59a-a57709d4aa77,-21.89215,-53.74413,2026-03-15 17:52:00,NOAA-20,NOVA ANDRADINA,MATO GROSSO DO SUL,Brasil,5006200,50,33,3.0,0.0,0.52,Cerrado,7.4
9da17b21-4917-3782-9dc2-b4d8453630c4,-19.10141,-51.72391,2026-03-15 17:52:00,NOAA-20,APORÉ,GOIÁS,Brasil,5201504,52,33,0.0,4.01,0.01,Cerrado,1.9
4f564482-63aa-3b7b-85b8-95a421726a93,-20.23984,-46.6747,2026-03-15 18:13:00,AQUA_M-T,SÃO ROQUE DE MINAS,MINAS GERAIS,Brasil,3164308,31,33,0.0,0.1,0.02,Cerrado,15.8
720139c3-0dce-3f84-8b96-e4b6f95eb0cd,-20.23806,-46.65933,2026-03-15 18:13:00,AQUA_M-T,SÃO ROQUE DE MINAS,MINAS GERAIS,Brasil,3164308,31,33,0.0,0.1,0.02,Cerrado,58.9
e91d7a0c-2d65-3a8e-a1dc-2a604134eebb,-21.79009,-47.7379,2026-03-15 18:13:00,AQUA_M-T,DESCALVADO,SÃO PAULO,Brasil,3513702,35,33,2.0,0.0,0.02,Cerrado,11.1
a00636aa-a236-3ad5-bd3d-925a25afe68e,-19.73497,-52.51003,2026-03-15 18:15:00,AQUA_M-T,TRÊS LAGOAS,MATO GROSSO DO SUL,Brasil,5008305,50,33,1.0,3.5,0.01,Cerrado,57.0
c1d34280-6f93-35c7-85c9-10a4dacee6ed,-20.23797,-46.66449,2026-03-15 18:15:00,AQUA_M-T,SÃO ROQUE DE MINAS,MINAS GERAIS,Brasil,3164308,31,33,0.0,0.1,0.02,Cerrado,57.9
2d45a5fc-31a0-3ab7-83af-5a61de83af17,-18.5774,-52.60638,2026-03-15 18:15:00,AQUA_M-T,CHAPADÃO DO CÉU,GOIÁS,Brasil,5205471,52,33,2.0,2.75,0.02,Cerrado,40.3
548dbb0f-8a8d-3ded-a6e6-66a18fe59170,-20.23604,-46.64882,2026-03-15 18:15:00,AQUA_M-T,SÃO ROQUE DE MINAS,MINAS GERAIS,Brasil,3164308,31,33,0.0,0.09,0.01,Cerrado,21.8
3fba3e5c-b18b-3bcb-95a0-cddf5db05cf2,-12.47618,-43.73336,2026-03-15 18:17:00,AQUA_M-T,BREJOLÂNDIA,BAHIA,Brasil,2904407,29,33,4.0,0.0,0.02,Cerrado,5.4
f1ce0085-6ed1-37ad-8575-146fec588724,-14.64769,-43.74157,2026-03-15 18:17:00,AQUA_M-T,MALHADA,BAHIA,Brasil,2920205,29,33,0.0,0.85,0.06,Cerrado,17.6
4ad68540-b3b4-313c-8e2e-35efbda601bb,-11.28414,-45.97533,2026-03-15 18:17:00,AQUA_M-T,FORMOSA DO RIO PRETO,BAHIA,Brasil,2911105,29,33,2.0,2.23,0.01,Cerrado,7.2
d0318041-5293-378a-bb13-109fa655d2d9,-11.02646,-45.06578,2026-03-15 18:17:00,AQUA_M-T,FORMOSA DO RIO PRETO,BAHIA,Brasil,2911105,29,33,4.0,0.0,0.04,Cerrado,9.3
1ee35e72-ce5f-31ac-8034-19b2858a8159,-11.78579,-47.094,2026-03-15 18:17:00,AQUA_M-T,DIANÓPOLIS,TOCANTINS,Brasil,1707009,17,33,1.0,1.08,0.0,Cerrado,54.5
4cb905e9-a64e-3615-aac6-903cc3cb6bb8,-10.45181,-44.98716,2026-03-15 18:17:00,AQUA_M-T,CORRENTE,PIAUÍ,Brasil,2202901,22,33,3.0,0.0,0.02,Cerrado,8.9
3aa83f47-29d8-38a8-9ec9-342060b11e2e,-13.42431,-53.12987,2026-03-15 18:17:00,AQUA_M-T,GAÚCHA DO NORTE,MATO GROSSO,Brasil,5103858,51,33,2.0,5.01,0.0,Cerrado,41.4
5d58dbb2-7825-39da-b6f0-f474ad130195,-10.58954,-45.4337,2026-03-15 18:17:00,AQUA_M-T,CORRENTE,PIAUÍ,Brasil,2202901,22,33,2.0,0.57,0.04,Cerrado,10.3
33ca71c7-ba08-3dea-b432-b0aa08833bf0,-7.92438,-47.72449,2026-03-15 18:19:00,AQUA_M-T,GOIATINS,TOCANTINS,Brasil,1709005,17,33,0.0,9.77,0.0,Cerrado,7.8
a278a62c-c407-30a9-a0d2-d889322d19a9,-20.23,-46.6591,2026-03-15 19:00:00,GOES-19,SÃO ROQUE DE MINAS,MINAS GERAIS,Brasil,3164308,31,33,0.0,0.1,0.0,Cerrado,127.1
93fd5d3c-848b-39d6-a5fb-9b9c8f1892f7,-11.78016,-47.09537,2026-03-16 00:01:00,TERRA_M-M,DIANÓPOLIS,TOCANTINS,Brasil,1707009,17,33,1.0,32.42,0.0,Cerrado,13.3
543f942e-cde1-3eae-8cae-bbd2b0a07dec,-6.98521,-47.07193,2026-03-16 00:03:00,TERRA_M-M,ESTREITO,MARANHÃO,Brasil,2104057,21,33,0.0,2.66,0.0,Cerrado,10.7
0fef9ab1-6327-39ca-b4cf-aa9aa79f2da0,-6.98649,-47.08134,2026-03-16 00:03:00,TERRA_M-M,ESTREITO,MARANHÃO,Brasil,2104057,21,33,0.0,2.48,0.0,Cerrado,17.2
28189dff-a478-3f9b-86a8-72b9c771442d,-20.22763,-46.66576,2026-03-16 03:23:00,NOAA-20,SÃO ROQUE DE MINAS,MINAS GERAIS,Brasil,3164308,31,33,2.0,0.5,0.02,Cerrado,2.8
8141718f-b885-3650-b98b-3646e7dc6111,-5.56932,-46.33343,2026-03-16 04:08:00,NOAA-21,AMARANTE DO MARANHÃO,MARANHÃO,Brasil,2100600,21,33,1.0,0.14,0.04,Cerrado,0.5
48e775d7-fed6-3afe-9e3d-47dea688f36c,-6.987,-47.07766,2026-03-16 04:08:00,NOAA-21,ESTREITO,MARANHÃO,Brasil,2104057,21,33,0.0,2.56,0.0,Cerrado,2.8
a4c2ab8b-9467-37e5-9b8a-40e6bdb51fef,-6.98762,-47.07402,2026-03-16 04:08:00,NOAA-21,ESTREITO,MARANHÃO,Brasil,2104057,21,33,0.0,2.64,0.0,Cerrado,2.8
35893037-acc0-3f8c-940d-f55c1c35a698,-6.9911,-47.0784,2026-03-16 04:08:00,NOAA-21,ESTREITO,MARANHÃO,Brasil,2104057,21,33,0.0,2.59,0.01,Cerrado,0.8
9157f3e3-0c53-3819-8f97-617f7de6a461,-11.77869,-47.09373,2026-03-16 04:10:00,NOAA-21,DIANÓPOLIS,TOCANTINS,Brasil,1707009,17,33,1.0,32.2,0.0,Cerrado,1.1
434566d1-8fd3-3283-8ac6-3c9421557148,-11.77953,-47.0889,2026-03-16 04:10:00,NOAA-21,DIANÓPOLIS,TOCANTINS,Brasil,1707009,17,33,1.0,31.69,0.0,Cerrado,1.1
4ddb6521-38f9-3424-8155-2ed549fc1d85,-11.78251,-47.09443,2026-03-16 04:10:00,NOAA-21,DIANÓPOLIS,TOCANTINS,Brasil,1707009,17,33,1.0,32.38,0.0,Cerrado,1.1
999b16d1-5521-3f14-9ef1-bf6f5ab35d92,-11.78334,-47.08961,2026-03-16 04:10:00,NOAA-21,DIANÓPOLIS,TOCANTINS,Brasil,1707009,17,33,1.0,31.85,0.0,Cerrado,1.1
72f129d8-68e6-3054-bd67-0cb5ad4620bf,-20.23008,-46.66545,2026-03-16 04:12:00,NOAA-21,SÃO ROQUE DE MINAS,MINAS GERAIS,Brasil,3164308,31,33,2.0,0.5,0.03,Cerrado,1.0
c3de15e3-e030-324d-a763-51969ab1fb88,-20.23677,-46.64659,2026-03-16 04:12:00,NOAA-21,SÃO ROQUE DE MINAS,MINAS GERAIS,Brasil,3164308,31,33,2.0,0.4,0.02,Cerrado,0.6
43f8e65d-c4a0-36e4-82fe-5520adea51e7,-20.23347,-46.66611,2026-03-16 04:12:00,NOAA-21,SÃO ROQUE DE MINAS,MINAS GERAIS,Brasil,3164308,31,33,2.0,0.5,0.04,Cerrado,1.0
7f7d01ce-16ed-3213-9bc1-52096baa192f,-6.98481,-47.07692,2026-03-16 04:38:00,NPP-375D,ESTREITO,MARANHÃO,Brasil,2104057,21,33,0.0,2.56,0.0,Cerrado,2.4
9e82d74d-8d03-3e2b-9fd1-1b8ab5fbf273,-6.98815,-47.07745,2026-03-16 04:38:00,NPP-375D,ESTREITO,MARANHÃO,Brasil,2104057,21,33,0.0,2.58,0.0,Cerrado,2.4
d6c288de-fea9-3e83-9c2d-6ddeaea58172,-5.48837,-44.98381,2026-03-16 04:38:00,NPP-375D,BARRA DO CORDA,MARANHÃO,Brasil,2101608,21,33,2.0,4.03,0.01,Cerrado,0.6
f78aa7b9-6cc9-3f1e-a5ae-82bee52c89f2,-11.78023,-47.09003,2026-03-16 04:40:00,NPP-375D,DIANÓPOLIS,TOCANTINS,Brasil,1707009,17,33,1.0,31.83,0.0,Cerrado,1.3
293f76a1-a67d-3111-8f61-1d24f69aa6e1,-11.95592,-58.75027,2026-03-16 04:40:00,NPP-375D,JUÍNA,MATO GROSSO,Brasil,5105150,51,33,0.0,7.53,0.0,Cerrado,1.7
5f0716e6-366b-3589-9f3a-ef52ea64f803,-11.77679,-47.0895,2026-03-16 04:40:00,NPP-375D,DIANÓPOLIS,TOCANTINS,Brasil,1707009,17,33,1.0,31.7,0.0,Cerrado,1.3
a2fca5c5-a830-336b-9bc7-eb44fcd7fd1a,-11.77965,-47.09381,2026-03-16 04:40:00,NPP-375D,DIANÓPOLIS,TOCANTINS,Brasil,1707009,17,33,1.0,32.23,0.0,Cerrado,2.2
bf180938-10b5-3011-af47-5d78544fa61a,-11.95566,-58.74996,2026-03-16 04:40:00,NPP-375D,JUÍNA,MATO GROSSO,Brasil,5105150,51,33,0.0,7.52,0.0,Cerrado,1.0
a9b819de-8265-3160-af54-f984334e1a26,-20.23044,-46.6675,2026-03-16 04:42:00,NPP-375D,SÃO ROQUE DE MINAS,MINAS GERAIS,Brasil,3164308,31,33,2.0,0.5,0.03,Cerrado,1.1
a92eed84-3efa-3601-80b6-8554196e3398,-11.78126,-47.09174,2026-03-16 05:01:00,NOAA-20,DIANÓPOLIS,TOCANTINS,Brasil,1707009,17,33,1.0,32.04,0.0,Cerrado,0.9
892e2f86-055d-3618-af31-2424ce22a443,-11.95856,-58.74547,2026-03-16 05:01:00,NOAA-20,JUÍNA,MATO GROSSO,Brasil,5105150,51,33,0.0,7.59,0.0,Cerrado,1.2
af43ab8c-4d34-3578-9431-d82bb27f13ef,-11.95426,-58.749,2026-03-16 05:01:00,NOAA-20,JUÍNA,MATO GROSSO,Brasil,5105150,51,33,0.0,7.49,0.0,Cerrado,2.1
c60066a5-7530-32bd-8821-607ba8d0ea9e,-11.78087,-47.0947,2026-03-16 05:01:00,NOAA-20,DIANÓPOLIS,TOCANTINS,Brasil,1707009,17,33,1.0,32.36,0.0,Cerrado,0.9
43b7fff0-a576-3698-999f-f967548a1402,-11.95784,-58.74966,2026-03-16 05:01:00,NOAA-20,JUÍNA,MATO GROSSO,Brasil,5105150,51,33,0.0,7.56,0.0,Cerrado,2.1
7a8fdf47-2ebf-36d4-872f-9b72d5e4619b,-11.78164,-47.08876,2026-03-16 05:01:00,NOAA-20,DIANÓPOLIS,TOCANTINS,Brasil,1707009,17,33,1.0,31.72,0.0,Cerrado,0.6
8be7cbae-3d80-3ef1-8340-0871afb95dbb,-11.95506,-58.74898,2026-03-16 05:53:00,NOAA-21,JUÍNA,MATO GROSSO,Brasil,5105150,51,33,0.0,7.5,0.0,Cerrado,3.0
54af0527-e46d-3f87-b018-36747471eab6,-11.96048,-58.74956,2026-03-16 05:53:00,NOAA-21,JUÍNA,MATO GROSSO,Brasil,5105150,51,33,0.0,7.61,0.0,Cerrado,0.9
680ae6c2-b4fe-3807-ae54-0ea7b53bade1,-11.95722,-58.74952,2026-03-16 05:53:00,NOAA-21,JUÍNA,MATO GROSSO,Brasil,5105150,51,33,0.0,7.55,0.0,Cerrado,3.1
065a2299-f064-34b0-9e1d-4c05fa7ecacf,-11.95764,-58.74601,2026-03-16 05:53:00,NOAA-21,JUÍNA,MATO GROSSO,Brasil,5105150,51,33,0.0,7.56,0.0,Cerrado,2.0
b99382fc-5eff-39a4-a769-d0246182ef08,-10.42396,-51.04472,2026-03-16 12:29:00,TERRA_M-T,SANTA TEREZINHA,MATO GROSSO,Brasil,5107776,51,33,0.0,7.01,0.0,Cerrado,9.7
ba3a0538-bdd1-3a4f-b8e4-b8d2b177c18b,-5.66725,-45.20345,2026-03-16 15:56:00,NOAA-20,BARRA DO CORDA,MARANHÃO,Brasil,2101608,21,33,2.0,5.56,0.01,Cerrado,3.4
3e21d678-c0df-3892-a882-92c607072731,-4.87856,-44.32883,2026-03-16 15:56:00,NOAA-20,CODÓ,MARANHÃO,Brasil,2103307,21,33,0.0,1.17,0.01,Cerrado,8.7
aba680f6-e711-305d-bfa0-db23c3caf5a0,-22.22234,-46.99145,2026-03-16 16:41:00,NOAA-21,MOGI GUAÇU,SÃO PAULO,Brasil,3530706,35,33,3.0,0.0,0.39,Cerrado,9.4
c26540e0-840c-3620-9634-30a6f7e626dd,-21.04491,-47.26759,2026-03-16 16:41:00,NOAA-21,ALTINÓPOLIS,SÃO PAULO,Brasil,3501004,35,33,3.0,0.0,0.01,Cerrado,7.7
67443aee-ee50-3aac-a32d-b074bbe68b24,-21.04548,-47.27153,2026-03-16 16:41:00,NOAA-21,ALTINÓPOLIS,SÃO PAULO,Brasil,3501004,35,33,3.0,0.0,0.01,Cerrado,7.7
81747e60-d083-389c-90be-973e7ddb6ed3,-20.27888,-52.05817,2026-03-16 16:41:00,NOAA-21,SELVÍRIA,MATO GROSSO DO SUL,Brasil,5007802,50,33,3.0,8.35,0.01,Cerrado,13.5
388abe23-4267-307c-8217-e580cd87b745,-21.95387,-47.04339,2026-03-16 16:41:00,NOAA-21,CASA BRANCA,SÃO PAULO,Brasil,3510807,35,33,3.0,0.0,0.06,Cerrado,4.2
de9da0d0-9e85-30a1-a503-819323d3bb79,-21.61409,-56.62797,2026-03-16 16:41:00,NOAA-21,BELA VISTA,MATO GROSSO DO SUL,Brasil,5002100,50,33,1.0,2.92,0.04,Cerrado,15.8
3d61e402-07c7-373f-996d-aa47797420b9,-21.95331,-47.03949,2026-03-16 16:41:00,NOAA-21,CASA BRANCA,SÃO PAULO,Brasil,3510807,35,33,3.0,0.0,0.09,Cerrado,5.2
f56b1088-4da0-3fb6-98fc-884234cf3526,-17.08487,-42.29432,2026-03-16 16:43:00,NOAA-21,JENIPAPO DE MINAS,MINAS GERAIS,Brasil,3135456,31,33,0.0,2.94,0.0,Cerrado,4.0
d4cb6ecf-9243-346a-9916-d46ed0db4c86,-18.52719,-55.014,2026-03-16 16:43:00,NOAA-21,RIO VERDE DE MATO GROSSO,MATO GROSSO DO SUL,Brasil,5007406,50,33,2.0,0.3,0.05,Cerrado,0.5
44736a2b-2530-385e-a0e3-f4780b5d03b3,-15.41457,-56.293,2026-03-16 16:43:00,NOAA-21,VÁRZEA GRANDE,MATO GROSSO,Brasil,5108402,51,33,1.0,0.51,0.01,Cerrado,2.4
17764228-70e3-3fd4-b4db-08e28e3e56a1,-13.07701,-50.38416,2026-03-16 16:43:00,NOAA-21,SÃO MIGUEL DO ARAGUAIA,GOIÁS,Brasil,5220207,52,33,0.0,8.31,0.0,Cerrado,11.9
2f76cdf0-ef3a-32d4-af5a-fe0bb3810bb0,-17.55494,-46.54464,2026-03-16 16:43:00,NOAA-21,LAGOA GRANDE,MINAS GERAIS,Brasil,3137536,31,33,0.0,1.6,0.0,Cerrado,2.9
94499e9c-a5b8-32c9-9c16-624314f140b7,-5.31248,-44.06548,2026-03-16 16:45:00,NOAA-21,SENADOR ALEXANDRE COSTA,MARANHÃO,Brasil,2111748,21,33,0.0,2.34,0.18,Cerrado,9.1
d48ea2fd-758c-398d-9d68-206ac47afe1e,-10.42653,-51.05252,2026-03-16 16:45:00,NOAA-21,SANTA TEREZINHA,MATO GROSSO,Brasil,5107776,51,33,0.0,7.36,0.01,Cerrado,10.4
236d31b6-17ca-373d-bd00-1e7797c4d8ab,-10.42295,-51.05299,2026-03-16 16:45:00,NOAA-21,SANTA TEREZINHA,MATO GROSSO,Brasil,5107776,51,33,0.0,7.21,0.01,Cerrado,10.4
95253376-e460-305d-b757-cfa178847035,-5.6682,-45.2023,2026-03-16 16:45:00,NOAA-21,BARRA DO CORDA,MARANHÃO,Brasil,2101608,21,33,2.0,5.59,0.02,Cerrado,23.9
fdbf9c4e-2c0e-3020-848e-0d0ead636944,-5.34325,-45.11658,2026-03-16 16:45:00,NOAA-21,BARRA DO CORDA,MARANHÃO,Brasil,2101608,21,33,0.0,3.81,0.08,Cerrado,14.1
03e143fd-d008-3175-a030-bb5b196c1207,-4.87849,-44.33045,2026-03-16 16:45:00,NOAA-21,CODÓ,MARANHÃO,Brasil,2103307,21,33,0.0,1.16,0.01,Cerrado,6.5
fbf092cf-ab52-38fe-85bc-02e5238ab50c,-5.66444,-45.20292,2026-03-16 16:45:00,NOAA-21,BARRA DO CORDA,MARANHÃO,Brasil,2101608,21,33,2.0,5.53,0.02,Cerrado,23.9
d4fcf047-2c87-3126-8e23-2962b8236f10,-5.66894,-45.20685,2026-03-16 16:45:00,NOAA-21,BARRA DO CORDA,MARANHÃO,Brasil,2101608,21,33,2.0,5.53,0.01,Cerrado,17.2
7b170815-f3bd-3b3d-aaa7-7ce568858b89,-9.18372,-48.62341,2026-03-16 16:45:00,NOAA-21,FORTALEZA DO TABOCÃO,TOCANTINS,Brasil,1708254,17,33,0.0,11.37,0.0,Cerrado,12.9
99bac097-2263-3996-991a-2004201216ea,-5.66799,-45.20574,2026-03-16 16:45:00,NOAA-21,BARRA DO CORDA,MARANHÃO,Brasil,2101608,21,33,2.0,5.53,0.01,Cerrado,27.6
6940d039-0c05-3fd6-a656-00bc37d93010,-4.67617,-44.55272,2026-03-16 16:45:00,NOAA-21,PEDREIRAS,MARANHÃO,Brasil,2108207,21,33,0.0,6.75,0.01,Cerrado,6.0
5626b709-3346-396e-99cb-08af61e58aa6,-5.67175,-45.20513,2026-03-16 16:45:00,NOAA-21,BARRA DO CORDA,MARANHÃO,Brasil,2101608,21,33,2.0,5.6,0.01,Cerrado,22.0
af23cb23-c934-3bfd-a696-4c2c4ca79f82,-5.66727,-45.20117,2026-03-16 16:45:00,NOAA-21,BARRA DO CORDA,MARANHÃO,Brasil,2101608,21,33,2.0,5.6,0.02,Cerrado,26.7
1555d6d0-c961-3b2d-872d-b35d96c2f1d5,-10.43011,-51.05203,2026-03-16 16:45:00,NOAA-21,SANTA TEREZINHA,MATO GROSSO,Brasil,5107776,51,33,0.0,7.52,0.01,Cerrado,15.7
8c5b1c5f-f1b5-37cc-b991-7341ac1945b3,-5.04746,-44.939,2026-03-16 16:45:00,NOAA-21,BARRA DO CORDA,MARANHÃO,Brasil,2101608,21,33,2.0,0.42,0.02,Cerrado,3.8
7f80855f-4760-3680-9074-fd55a6e2a81e,-5.34022,-45.12185,2026-03-16 16:45:00,NOAA-21,BARRA DO CORDA,MARANHÃO,Brasil,2101608,21,33,0.0,3.74,0.1,Cerrado,13.4
103c9610-736b-35a2-b31a-acc230f55f9d,-10.42712,-51.05662,2026-03-16 16:45:00,NOAA-21,SANTA TEREZINHA,MATO GROSSO,Brasil,5107776,51,33,0.0,7.51,0.01,Cerrado,10.4
b0684c7d-f574-3008-8612-b09b475b2a07,-21.61654,-56.62964,2026-03-16 17:11:00,NPP-375,BELA VISTA,MATO GROSSO DO SUL,Brasil,5002100,50,33,1.0,2.89,0.06,Cerrado,6.1
08940faf-fbe9-3dbe-9479-f0c392cf6ae2,-21.95222,-47.04356,2026-03-16 17:11:00,NPP-375,CASA BRANCA,SÃO PAULO,Brasil,3510807,35,33,3.0,0.0,0.07,Cerrado,6.7
387e1f54-521c-3ccf-9a96-91775748e358,-21.61588,-56.62427,2026-03-16 17:11:00,NPP-375,BELA VISTA,MATO GROSSO DO SUL,Brasil,5002100,50,33,1.0,2.95,0.07,Cerrado,13.2
3d3c93e0-b394-3994-93fc-eb5f6365fc4d,-21.9542,-47.04066,2026-03-16 17:11:00,NPP-375,CASA BRANCA,SÃO PAULO,Brasil,3510807,35,33,3.0,0.0,0.08,Cerrado,5.1
e8351f96-2685-37e5-a03d-5ba35157cc96,-22.2237,-46.99185,2026-03-16 17:11:00,NPP-375,MOGI GUAÇU,SÃO PAULO,Brasil,3530706,35,33,3.0,0.0,0.39,Cerrado,4.6
42205fa7-9be7-3d25-a0ac-a8aaa99d02ef,-22.32964,-48.80521,2026-03-16 17:11:00,NPP-375,PEDERNEIRAS,SÃO PAULO,Brasil,3536703,35,33,3.0,0.0,0.21,Cerrado,17.1
39199619-fd0b-3ed4-8b97-bc5cb9733143,-21.04325,-47.26746,2026-03-16 17:11:00,NPP-375,ALTINÓPOLIS,SÃO PAULO,Brasil,3501004,35,33,3.0,0.0,0.02,Cerrado,10.1
ec6b355b-7599-3aad-96b5-fafd8a3188b9,-8.2561,-48.28327,2026-03-16 17:15:00,NPP-375,TUPIRATINS,TOCANTINS,Brasil,1721307,17,33,0.0,2.08,0.01,Cerrado,6.1
b94f749d-c010-3846-8c8b-311d900e7c7f,-10.42624,-51.05263,2026-03-16 17:15:00,NPP-375,SANTA TEREZINHA,MATO GROSSO,Brasil,5107776,51,33,0.0,7.35,0.01,Cerrado,19.4
64280704-6cc7-34e2-9823-084741624a11,-9.49868,-46.09837,2026-03-16 17:15:00,NPP-375,ALTO PARNAÍBA,MARANHÃO,Brasil,2100501,21,33,2.0,3.78,0.01,Cerrado,2.5
74656621-2f8b-3bad-b296-07cab14b3bc2,-9.18156,-48.61593,2026-03-16 17:15:00,NPP-375,FORTALEZA DO TABOCÃO,TOCANTINS,Brasil,1708254,17,33,0.0,11.23,0.0,Cerrado,8.9
4b52063f-3d4b-3ee1-8f54-9e5269595de9,-10.42987,-51.05199,2026-03-16 17:15:00,NPP-375,SANTA TEREZINHA,MATO GROSSO,Brasil,5107776,51,33,0.0,7.51,0.01,Cerrado,5.8
a5e77558-9ddc-333a-812d-12ee13dca797,-9.18228,-48.62009,2026-03-16 17:15:00,NPP-375,FORTALEZA DO TABOCÃO,TOCANTINS,Brasil,1708254,17,33,0.0,11.27,0.0,Cerrado,12.8
676a2119-03b6-39f5-bacd-3276ab871797,-10.42261,-51.0533,2026-03-16 17:15:00,NPP-375,SANTA TEREZINHA,MATO GROSSO,Brasil,5107776,51,33,0.0,7.2,0.01,Cerrado,19.4
6c11c7d5-a2f0-36d7-b82e-1af3d9f49e68,-8.26055,-48.28247,2026-03-16 17:15:00,NPP-375,TUPIRATINS,TOCANTINS,Brasil,1721307,17,33,0.0,1.99,0.01,Cerrado,6.1
373618d2-df54-33e2-815d-7d8e4f081a79,-10.42553,-51.04836,2026-03-16 17:15:00,NPP-375,SANTA TEREZINHA,MATO GROSSO,Brasil,5107776,51,33,0.0,7.18,0.01,Cerrado,12.7
34d4470d-e6f7-3163-8695-c309f62c382e,-21.95377,-47.03875,2026-03-16 17:32:00,NOAA-20,CASA BRANCA,SÃO PAULO,Brasil,3510807,35,33,3.0,0.0,0.09,Cerrado,5.4
13b8d30e-0cbf-3964-bc8c-7fd4f64271d0,-22.33045,-48.80706,2026-03-16 17:32:00,NOAA-20,PEDERNEIRAS,SÃO PAULO,Brasil,3536703,35,33,3.0,0.0,0.09,Cerrado,16.9
38158a64-2819-3ef9-ac82-337ebec75d62,-21.04809,-47.26892,2026-03-16 17:32:00,NOAA-20,ALTINÓPOLIS,SÃO PAULO,Brasil,3501004,35,33,3.0,0.0,0.01,Cerrado,6.7
e9ede9dc-ae98-36f0-974f-fa78f43f9d52,-17.34936,-53.78273,2026-03-16 17:34:00,NOAA-20,SONORA,MATO GROSSO DO SUL,Brasil,5007935,50,33,0.0,0.81,0.01,Cerrado,7.1
d04232ae-e373-38ae-9e0a-0e07c8232990,-14.57914,-51.17088,2026-03-16 17:34:00,NOAA-20,COCALINHO,MATO GROSSO,Brasil,5103106,51,33,2.0,16.85,0.0,Cerrado,1.4
3a19b89b-5ef8-380d-8a7c-95c532247846,-21.61576,-56.62612,2026-03-16 17:34:00,NOAA-20,BELA VISTA,MATO GROSSO DO SUL,Brasil,5002100,50,33,1.0,2.93,0.06,Cerrado,13.7
b69d2ebe-5bff-30e2-9758-644264debc8a,-8.26705,-48.27592,2026-03-16 17:37:00,NOAA-20,TUPIRATINS,TOCANTINS,Brasil,1721307,17,33,0.0,1.91,0.01,Cerrado,8.5
5d4330d4-8f6e-3c42-8280-b21c890429e3,-8.25904,-48.28072,2026-03-16 17:37:00,NOAA-20,TUPIRATINS,TOCANTINS,Brasil,1721307,17,33,0.0,2.02,0.01,Cerrado,5.1
ee4da018-83f4-3c84-9617-633bd4a15b96,-8.26577,-48.27937,2026-03-16 17:37:00,NOAA-20,TUPIRATINS,TOCANTINS,Brasil,1721307,17,33,0.0,1.9,0.01,Cerrado,14.7
e686975a-b168-366c-ab53-986a1076fa6c,-10.42529,-51.04919,2026-03-16 17:37:00,NOAA-20,SANTA TEREZINHA,MATO GROSSO,Brasil,5107776,51,33,0.0,7.2,0.01,Cerrado,5.7
18b78896-791b-3ac8-a1b9-0a3eb75455a0,-10.42599,-51.05287,2026-03-16 17:37:00,NOAA-20,SANTA TEREZINHA,MATO GROSSO,Brasil,5107776,51,33,0.0,7.34,0.01,Cerrado,5.7
f63022e9-a52c-3994-b74b-74030f160f91,-8.26031,-48.27724,2026-03-16 17:37:00,NOAA-20,TUPIRATINS,TOCANTINS,Brasil,1721307,17,33,0.0,2.01,0.01,Cerrado,8.5
7455dc50-5f93-3407-8d85-149ea04a5496,-21.9793,-47.71183,2026-03-16 18:51:00,AQUA_M-T,DESCALVADO,SÃO PAULO,Brasil,3513702,35,33,3.0,0.0,0.07,Cerrado,27.9
a98720be-3f29-394b-b641-ac94d479bd69,-20.44908,-52.7193,2026-03-16 18:51:00,AQUA_M-T,ÁGUA CLARA,MATO GROSSO DO SUL,Brasil,5000203,50,33,2.0,14.86,0.0,Cerrado,4.8
d1d6ac7f-4fd1-33da-9bd1-3819cc51556a,-22.1273,-53.33771,2026-03-16 18:51:00,AQUA_M-T,NOVA ANDRADINA,MATO GROSSO DO SUL,Brasil,5006200,50,33,3.0,6.58,0.41,Cerrado,8.9
5769fd8a-6c11-3cb9-9313-05bc2d8825f8,-22.59745,-49.30437,2026-03-16 18:51:00,AQUA_M-T,PAULISTÂNIA,SÃO PAULO,Brasil,3536570,35,33,3.0,0.0,0.3,Cerrado,11.4
819fbfa1-7459-33b4-88d0-cd45bb89a202,-20.59728,-52.19015,2026-03-16 18:51:00,AQUA_M-T,TRÊS LAGOAS,MATO GROSSO DO SUL,Brasil,5008305,50,33,3.0,6.84,0.0,Cerrado,9.3
90242a9f-3a12-3822-aee5-aed8b18c2697,-15.27857,-53.77354,2026-03-16 18:53:00,AQUA_M-T,NOVO SÃO JOAQUIM,MATO GROSSO,Brasil,5106281,51,33,0.0,15.23,0.0,Cerrado,5.3
882bbb8e-45cf-338b-955a-47815e74635d,-17.35431,-53.78437,2026-03-16 18:53:00,AQUA_M-T,SONORA,MATO GROSSO DO SUL,Brasil,5007935,50,33,0.0,0.84,0.0,Cerrado,7.5
bd4c4b2e-cbfd-3967-baab-7d942910abff,-13.58008,-55.42504,2026-03-16 18:56:00,AQUA_M-T,SANTA RITA DO TRIVELATO,MATO GROSSO,Brasil,5107768,51,33,0.0,1.17,0.0,Cerrado,11.5
aca46db3-d75c-3042-817f-d365910afd35,-13.80667,-55.5234,2026-03-16 18:56:00,AQUA_M-T,SANTA RITA DO TRIVELATO,MATO GROSSO,Brasil,5107768,51,33,2.0,4.81,0.0,Cerrado,13.7
8e75417f-0b6b-3769-b4a1-7677b112e5fc,-19.98757,-54.73802,2026-03-17 00:39:00,TERRA_M-M,ROCHEDO,MATO GROSSO DO SUL,Brasil,5007505,50,33,3.0,9.24,0.01,Cerrado,3.4
45a1450a-2af4-38bc-a00d-8d4f21893929,-21.70712,-48.44543,2026-03-17 00:39:00,TERRA_M-M,MATÃO,SÃO PAULO,Brasil,3529302,35,33,3.0,2.79,0.09,Cerrado,7.0
931a0a2d-369f-3093-a825-e5a446a1f476,-21.35937,-47.06948,2026-03-17 00:39:00,TERRA_M-M,MOCOCA,SÃO PAULO,Brasil,3530508,35,33,3.0,1.1,0.16,Cerrado,9.5
7cd51d8f-ada6-3ed9-b648-4e87b13fc4a7,-21.70505,-48.43281,2026-03-17 00:39:00,TERRA_M-M,MATÃO,SÃO PAULO,Brasil,3529302,35,33,3.0,3.11,0.08,Cerrado,40.4
e93d381f-3c58-36aa-b8fd-d165a38a237e,-21.715401,-48.429401,2026-03-17 01:31:00,METOP-C,MATÃO,SÃO PAULO,Brasil,3529302,35,33,3.0,3.11,0.08,Cerrado,
9244db67-b08c-333c-a383-a3839656f4ee,-21.7097,-48.409302,2026-03-17 01:31:00,METOP-C,GAVIÃO PEIXOTO,SÃO PAULO,Brasil,3516853,35,33,3.0,3.61,0.03,Cerrado,
cc175a5d-f864-31cc-950e-7fbbab55d552,-5.66763,-45.20353,2026-03-17 03:49:00,NOAA-21,BARRA DO CORDA,MARANHÃO,Brasil,2101608,21,33,0.0,0.6,0.03,Cerrado,1.3
fee0fe0d-be9c-3488-bb47-777d5ae17fc3,-5.67274,-45.20442,2026-03-17 03:49:00,NOAA-21,BARRA DO CORDA,MARANHÃO,Brasil,2101608,21,33,0.0,0.6,0.02,Cerrado,1.1
824dc88d-49ef-3f5c-94d9-0c987df55c2c,-21.71025,-48.43193,2026-03-17 03:53:00,NOAA-21,MATÃO,SÃO PAULO,Brasil,3529302,35,33,3.0,3.09,0.08,Cerrado,3.5
d45d4ab1-861f-36dc-9c92-b42d67ea7cf9,-21.85639,-46.97834,2026-03-17 03:53:00,NOAA-21,VARGEM GRANDE DO SUL,SÃO PAULO,Brasil,3556404,35,33,4.0,0.3,0.23,Cerrado,0.8
cac45543-c79e-36f2-9560-e761d1d2d837,-21.7056,-48.43063,2026-03-17 03:53:00,NOAA-21,MATÃO,SÃO PAULO,Brasil,3529302,35,33,3.0,3.17,0.08,Cerrado,5.7
8ba29f6d-e3c3-3f97-b56f-17ae55e5f82a,-21.36665,-47.06068,2026-03-17 03:53:00,NOAA-21,MOCOCA,SÃO PAULO,Brasil,3530508,35,33,3.0,1.08,0.35,Cerrado,1.8
5f6f25e7-fc59-30cc-a6a0-972cc30e87b0,-21.70445,-48.43606,2026-03-17 03:53:00,NOAA-21,MATÃO,SÃO PAULO,Brasil,3529302,35,33,3.0,3.02,0.08,Cerrado,6.6
81e21310-97ad-32f2-8ec8-31454272984b,-21.70392,-48.43291,2026-03-17 03:53:00,NOAA-21,MATÃO,SÃO PAULO,Brasil,3529302,35,33,3.0,3.11,0.08,Cerrado,3.7
77847577-ecf7-34b0-809e-eb189cec9d13,-21.36139,-47.06431,2026-03-17 03:53:00,NOAA-21,MOCOCA,SÃO PAULO,Brasil,3530508,35,33,3.0,1.1,0.23,Cerrado,1.8
092f83b5-f976-386e-a1cc-ebc8ec9c34fc,-21.70912,-48.43732,2026-03-17 03:53:00,NOAA-21,MATÃO,SÃO PAULO,Brasil,3529302,35,33,3.0,2.96,0.08,Cerrado,2.6
dabd1de7-0a06-3db2-98ae-7d35e03ac681,-9.49742,-46.10341,2026-03-17 04:19:00,NPP-375D,ALTO PARNAÍBA,MARANHÃO,Brasil,2100501,21,33,2.0,2.1,0.01,Cerrado,0.9
2b5c5182-1423-3324-af2c-c0ad2c624db8,-5.66972,-45.2019,2026-03-17 04:19:00,NPP-375D,BARRA DO CORDA,MARANHÃO,Brasil,2101608,21,33,0.0,0.6,0.03,Cerrado,2.6
718a7c84-31bb-31fe-8f8d-68e83d0b0e51,-5.66909,-45.20574,2026-03-17 04:19:00,NPP-375D,BARRA DO CORDA,MARANHÃO,Brasil,2101608,21,33,0.0,0.6,0.03,Cerrado,3.2
1353b2d6-7d95-35a0-bcdd-53629285fb84,-9.49679,-46.10727,2026-03-17 04:19:00,NPP-375D,ALTO PARNAÍBA,MARANHÃO,Brasil,2100501,21,33,2.0,2.1,0.01,Cerrado,0.9
19fa2b99-8472-3a8f-a5b1-8a883f024932,-21.35805,-47.0649,2026-03-17 04:23:00,NPP-375D,MOCOCA,SÃO PAULO,Brasil,3530508,35,33,3.0,1.1,0.12,Cerrado,1.0
ec0a9178-b35e-3ef1-90a7-f44b3d17b92c,-21.85573,-46.97747,2026-03-17 04:23:00,NPP-375D,VARGEM GRANDE DO SUL,SÃO PAULO,Brasil,3556404,35,33,4.0,0.3,0.23,Cerrado,0.9
22c5df90-344c-3be3-b39e-c918d0058c6f,-21.7059,-48.4348,2026-03-17 04:23:00,NPP-375D,MATÃO,SÃO PAULO,Brasil,3529302,35,33,3.0,3.05,0.08,Cerrado,10.9
36b9eebc-12d4-3e29-aa18-ec574c740323,-21.70657,-48.43088,2026-03-17 04:23:00,NPP-375D,MATÃO,SÃO PAULO,Brasil,3529302,35,33,3.0,3.15,0.08,Cerrado,4.1
3cd0f33e-815a-31a6-a9b2-4ae4453fbfe6,-21.35328,-48.09764,2026-03-17 04:23:00,NPP-375D,PRADÓPOLIS,SÃO PAULO,Brasil,3540903,35,33,3.0,1.16,0.08,Cerrado,1.0
7743368a-c0c2-3c3e-8391-48a53f0f2eca,-21.7093,-48.43549,2026-03-17 04:23:00,NPP-375D,MATÃO,SÃO PAULO,Brasil,3529302,35,33,3.0,3.01,0.08,Cerrado,1.2
bdfa81f2-2e64-33f6-b2f2-f2ce7ca568a8,-21.3653,-47.06241,2026-03-17 04:23:00,NPP-375D,MOCOCA,SÃO PAULO,Brasil,3530508,35,33,3.0,1.1,0.35,Cerrado,2.3
da0dab1e-2d7b-3a25-aa58-c4e8c5de3e5f,-5.67116,-45.20474,2026-03-17 04:40:00,NOAA-20,BARRA DO CORDA,MARANHÃO,Brasil,2101608,21,33,0.0,0.6,0.03,Cerrado,2.1
01122b5a-3306-3172-a4ea-24597fc5c31c,-5.66734,-45.20418,2026-03-17 04:40:00,NOAA-20,BARRA DO CORDA,MARANHÃO,Brasil,2101608,21,33,0.0,0.6,0.03,Cerrado,2.1
8d8a055f-c0a4-35f1-8d4c-7db1e33728b9,-9.49659,-46.10433,2026-03-17 04:42:00,NOAA-20,ALTO PARNAÍBA,MARANHÃO,Brasil,2100501,21,33,2.0,2.1,0.01,Cerrado,1.4
ef6615e2-1a8f-3604-8018-925606e34ce9,-9.5004,-46.10487,2026-03-17 04:42:00,NOAA-20,ALTO PARNAÍBA,MARANHÃO,Brasil,2100501,21,33,2.0,2.1,0.01,Cerrado,0.7
ce768e1d-a7b7-3da2-8fbb-801b73de1a5f,-17.91048,-54.65223,2026-03-17 04:44:00,NOAA-20,PEDRO GOMES,MATO GROSSO DO SUL,Brasil,5006408,50,33,2.0,23.07,0.0,Cerrado,0.7
966cab38-ee54-3f7e-944e-505b3f03795c,-17.90702,-54.65157,2026-03-17 04:44:00,NOAA-20,PEDRO GOMES,MATO GROSSO DO SUL,Brasil,5006408,50,33,2.0,23.21,0.0,Cerrado,0.6
ee728aa0-6c5b-3bd6-a1e0-6b8a45765d27,-19.98986,-54.73979,2026-03-17 04:44:00,NOAA-20,ROCHEDO,MATO GROSSO DO SUL,Brasil,5007505,50,33,3.0,9.24,0.01,Cerrado,0.8
b946036c-252a-308c-b320-4ce104de35a1,-21.36441,-47.06239,2026-03-17 04:46:00,NOAA-20,MOCOCA,SÃO PAULO,Brasil,3530508,35,33,3.0,1.1,0.33,Cerrado,1.0
b355e1c1-536b-31f4-bf47-f2f05b54dda6,-21.3597,-47.06593,2026-03-17 04:46:00,NOAA-20,MOCOCA,SÃO PAULO,Brasil,3530508,35,33,3.0,1.1,0.17,Cerrado,1.0
5210aa3c-bb42-3f1e-8294-1b15706d8313,-21.70859,-48.43479,2026-03-17 04:46:00,NOAA-20,MATÃO,SÃO PAULO,Brasil,3529302,35,33,3.0,3.03,0.08,Cerrado,6.8
203bf07c-0833-3ebb-8432-eedbe4f563f1,-21.70468,-48.4343,2026-03-17 04:46:00,NOAA-20,MATÃO,SÃO PAULO,Brasil,3529302,35,33,3.0,3.07,0.08,Cerrado,4.1
ebcc41d0-359e-3b46-a3a5-e6fc2a6d2108,-21.70555,-48.43073,2026-03-17 04:46:00,NOAA-20,MATÃO,SÃO PAULO,Brasil,3529302,35,33,3.0,3.17,0.08,Cerrado,5.0
cbfe3d16-bdf3-3584-8470-685e477faa0b,-21.3532,-48.0964,2026-03-17 04:46:00,NOAA-20,PRADÓPOLIS,SÃO PAULO,Brasil,3540903,35,33,3.0,1.15,0.08,Cerrado,0.8
6c330786-2654-3e79-b580-440dca34b67a,-21.7049,-48.43594,2026-03-17 04:46:00,NOAA-20,MATÃO,SÃO PAULO,Brasil,3529302,35,33,3.0,3.02,0.08,Cerrado,6.2
6c08f3b0-0fa0-3811-a4a7-535713a438d6,-21.70537,-48.4291,2026-03-17 04:46:00,NOAA-20,MATÃO,SÃO PAULO,Brasil,3529302,35,33,3.0,3.21,0.08,Cerrado,4.1
96227f56-8f2b-3b00-8508-819c3b5925da,-22.03412,-56.30594,2026-03-17 04:46:00,NOAA-20,BELA VISTA,MATO GROSSO DO SUL,Brasil,5002100,50,33,0.0,0.59,0.13,Cerrado,0.8
69de6cd5-2ff5-302a-994d-459567db5038,-21.70945,-48.43121,2026-03-17 04:46:00,NOAA-20,MATÃO,SÃO PAULO,Brasil,3529302,35,33,3.0,3.12,0.08,Cerrado,5.0
4d98dcd1-9a74-3ed6-acbc-6eb14e28880f,-16.87763,-49.73077,2026-03-17 16:24:00,NOAA-21,CAMPESTRE DE GOIÁS,GOIÁS,Brasil,5204607,52,33,3.0,41.23,0.0,Cerrado,0.6
f7039356-b857-383c-a061-37df16be403a,-17.34478,-53.78584,2026-03-17 16:24:00,NOAA-21,SONORA,MATO GROSSO DO SUL,Brasil,5007935,50,33,0.0,13.35,0.0,Cerrado,24.4
b1d20b2f-d2c0-3d6e-8e1c-ab4f29225535,-17.34207,-53.78669,2026-03-17 16:24:00,NOAA-21,SONORA,MATO GROSSO DO SUL,Brasil,5007935,50,33,0.0,13.19,0.0,Cerrado,25.0
50569fe8-4f32-3a4b-8834-22477f481d11,-17.34157,-53.78144,2026-03-17 16:24:00,NOAA-21,SONORA,MATO GROSSO DO SUL,Brasil,5007935,50,33,0.0,13.11,0.0,Cerrado,22.4
36ff9024-4de5-3851-8cf1-aa495f28829e,-19.10604,-43.6146,2026-03-17 16:24:00,NOAA-21,SANTANA DO RIACHO,MINAS GERAIS,Brasil,3159001,31,33,0.0,2.56,0.0,Cerrado,2.0
fd6df0e2-a2b9-35e2-b894-19a4a5222057,-10.8241,-47.35329,2026-03-17 16:26:00,NOAA-21,PONTE ALTA DO TOCANTINS,TOCANTINS,Brasil,1717909,17,33,0.0,13.63,0.0,Cerrado,5.4
3c1e59b2-3a0a-37fa-97a4-3aa6729d72f2,-9.49107,-46.09852,2026-03-17 16:26:00,NOAA-21,ALTO PARNAÍBA,MARANHÃO,Brasil,2100501,21,33,2.0,2.09,0.01,Cerrado,6.7
8afabf30-9539-32eb-9ee6-47dd8fee3ec7,-9.50217,-46.10093,2026-03-17 16:26:00,NOAA-21,ALTO PARNAÍBA,MARANHÃO,Brasil,2100501,21,33,2.0,2.1,0.01,Cerrado,6.0
5572cf6f-fc05-3114-9281-443e8ee74492,-11.31032,-43.75777,2026-03-17 16:26:00,NOAA-21,BARRA,BAHIA,Brasil,2902708,29,33,0.0,0.0,0.02,Cerrado,4.6
04321899-43fa-364a-a4fb-ceb3ef5527e1,-9.49049,-46.0946,2026-03-17 16:26:00,NOAA-21,ALTO PARNAÍBA,MARANHÃO,Brasil,2100501,21,33,2.0,2.05,0.01,Cerrado,8.4
56b7d5b9-ea2f-3d47-8e3d-98dd9ad731f1,-10.46803,-42.60775,2026-03-17 16:26:00,NOAA-21,PILÃO ARCADO,BAHIA,Brasil,2924405,29,33,0.0,0.0,0.08,Cerrado,5.6
91da197f-bd03-3108-910e-90e732c58fd0,-9.49457,-46.09799,2026-03-17 16:26:00,NOAA-21,ALTO PARNAÍBA,MARANHÃO,Brasil,2100501,21,33,2.0,2.08,0.01,Cerrado,27.6
b267b9f3-a9ed-38f3-9bfa-119a6ba7bb1a,-12.06362,-46.6893,2026-03-17 16:26:00,NOAA-21,PONTE ALTA DO BOM JESUS,TOCANTINS,Brasil,1717800,17,33,3.0,2.78,0.0,Cerrado,14.5
c7fd6955-dddd-3fc5-8e82-bfa6c2b4d26f,-11.31364,-43.75725,2026-03-17 16:26:00,NOAA-21,BARRA,BAHIA,Brasil,2902708,29,33,0.0,0.0,0.02,Cerrado,4.6
074ce481-1f1b-308e-b11e-5e55f3f4c2b4,-5.13191,-43.0212,2026-03-17 16:28:00,NOAA-21,TIMON,MARANHÃO,Brasil,2112209,21,33,0.0,1.54,0.02,Cerrado,5.1
4de1f9b1-5705-3871-b855-74e18828f80f,-22.45002,-47.0076,2026-03-17 16:52:00,NPP-375,MOGI MIRIM,SÃO PAULO,Brasil,3530805,35,33,4.0,0.12,0.32,Cerrado,1.7
c511e166-d11f-3897-8ba0-0bf7c7c1921e,-22.73297,-47.29445,2026-03-17 16:52:00,NPP-375,AMERICANA,SÃO PAULO,Brasil,3501608,35,33,5.0,0.0,-999.0,Cerrado,3.1
5e1fc038-cb9c-3eb9-b9b5-a2b6a609e5b2,-24.09104,-48.97283,2026-03-17 16:52:00,NPP-375,ITAPEVA,SÃO PAULO,Brasil,3522406,35,33,5.0,0.0,0.18,Cerrado,3.8
0d7f89b9-4938-357b-a916-2baf1b7f4ed9,-19.19058,-44.8454,2026-03-17 16:54:00,NPP-375,POMPÉU,MINAS GERAIS,Brasil,3152006,31,33,0.0,5.84,0.01,Cerrado,15.9
f12401cb-a83d-3faf-9efe-b14fa6f998eb,-17.34075,-53.78222,2026-03-17 16:54:00,NPP-375,SONORA,MATO GROSSO DO SUL,Brasil,5007935,50,33,0.0,13.07,0.0,Cerrado,10.3
7afc54c9-6951-3044-b144-0623ac0ad800,-18.86046,-44.972,2026-03-17 16:54:00,NPP-375,POMPÉU,MINAS GERAIS,Brasil,3152006,31,33,0.0,9.67,0.0,Cerrado,2.8
40bd56f3-16c0-3d3e-bdf9-715acebb7244,-19.18706,-44.84602,2026-03-17 16:54:00,NPP-375,POMPÉU,MINAS GERAIS,Brasil,3152006,31,33,0.0,5.88,0.01,Cerrado,15.9
d21bd956-9c3e-3740-90c7-4d8a0e1b7f3f,-20.16695,-52.452,2026-03-17 16:54:00,NPP-375,TRÊS LAGOAS,MATO GROSSO DO SUL,Brasil,5008305,50,33,2.0,7.84,0.01,Cerrado,8.4
15105278-166d-3477-b9ed-8563279d68e9,-18.86748,-44.9707,2026-03-17 16:54:00,NPP-375,POMPÉU,MINAS GERAIS,Brasil,3152006,31,33,0.0,9.67,0.0,Cerrado,6.7
fec0ac2e-5d68-3092-855b-bfceb5b37a4e,-18.9375,-53.44283,2026-03-17 16:54:00,NPP-375,CAMAPUÃ,MATO GROSSO DO SUL,Brasil,5002605,50,33,4.0,0.08,0.35,Cerrado,2.8
f96b2842-d0f3-3d04-825f-62ab2f19a94b,-21.12155,-47.46419,2026-03-17 16:54:00,NPP-375,ALTINÓPOLIS,SÃO PAULO,Brasil,3501004,35,33,3.0,3.53,0.13,Cerrado,4.0
f94055f9-343e-37e5-8ac3-aa758ac8a12e,-19.18774,-44.85015,2026-03-17 16:54:00,NPP-375,POMPÉU,MINAS GERAIS,Brasil,3152006,31,33,0.0,5.88,0.01,Cerrado,4.1
ad55be50-8a62-3aca-a705-a033c42bf699,-12.60923,-47.2206,2026-03-17 16:56:00,NPP-375,PARANÃ,TOCANTINS,Brasil,1716208,17,33,0.0,1.26,0.07,Cerrado,11.7
4d5fcc7f-af48-305a-be9b-d9faf91f31f8,-7.5921,-45.23081,2026-03-17 16:56:00,NPP-375,RIBEIRO GONÇALVES,PIAUÍ,Brasil,2208908,22,33,0.0,0.1,0.05,Cerrado,8.6
ba4509a6-f14f-3e8c-a727-0fb161d2eecf,-9.49175,-46.09488,2026-03-17 16:56:00,NPP-375,ALTO PARNAÍBA,MARANHÃO,Brasil,2100501,21,33,2.0,2.05,0.01,Cerrado,9.4
9c074e7d-1e6a-36e2-b899-c8a30ac54f7d,-7.59613,-45.23022,2026-03-17 16:56:00,NPP-375,RIBEIRO GONÇALVES,PIAUÍ,Brasil,2208908,22,33,0.0,0.1,0.05,Cerrado,4.0
0b1b544a-7c2b-3c71-904b-2096b15752c1,-14.87492,-46.71972,2026-03-17 16:56:00,NPP-375,FLORES DE GOIÁS,GOIÁS,Brasil,5207907,52,33,0.0,0.1,0.03,Cerrado,5.2
9757ba36-8563-389b-a7b0-3402e87dc68a,-5.43944,-44.03449,2026-03-17 16:58:00,NPP-375,GOVERNADOR EUGÊNIO BARROS,MARANHÃO,Brasil,2104602,21,33,0.0,2.1,0.02,Cerrado,4.6
3ef6a924-ea96-3671-88b8-a733e7dd42a8,-6.40401,-45.26099,2026-03-17 16:58:00,NPP-375,MIRADOR,MARANHÃO,Brasil,2106706,21,33,0.0,0.62,0.07,Cerrado,8.6
dd6b8c87-74c4-3c06-bfdb-fbbbc2667811,-6.40105,-45.26207,2026-03-17 16:58:00,NPP-375,MIRADOR,MARANHÃO,Brasil,2106706,21,33,0.0,0.65,0.07,Cerrado,4.0
3c6ef3f1-3e7b-3c0b-96bc-7f8ee55d935b,-5.43842,-44.03403,2026-03-17 16:58:00,NPP-375,GOVERNADOR EUGÊNIO BARROS,MARANHÃO,Brasil,2104602,21,33,0.0,2.09,0.02,Cerrado,10.6
24d618b1-9078-3043-b8dd-c5e46d873198,-6.40046,-45.25843,2026-03-17 16:58:00,NPP-375,MIRADOR,MARANHÃO,Brasil,2106706,21,33,0.0,0.65,0.07,Cerrado,4.0
44abceeb-e084-335b-a4db-1d7a35576371,-22.09181,-53.42349,2026-03-17 17:13:00,NOAA-20,NOVA ANDRADINA,MATO GROSSO DO SUL,Brasil,5006200,50,33,0.0,0.79,0.73,Cerrado,3.1
7e1b5738-1039-39d6-af23-f0b4679591cd,-21.14933,-52.49238,2026-03-17 17:13:00,NOAA-20,BRASILÂNDIA,MATO GROSSO DO SUL,Brasil,5002308,50,33,2.0,1.53,0.16,Cerrado,8.7
3280028f-76f4-3da4-85b1-5fe2fba964d5,-13.85276,-59.75789,2026-03-17 17:15:00,NOAA-20,COMODORO,MATO GROSSO,Brasil,5103304,51,33,0.0,2.65,0.01,Cerrado,11.8
b57a407b-429b-3c8f-a2dd-aedb4a4275a6,-13.72175,-56.07185,2026-03-17 17:15:00,NOAA-20,NOVA MUTUM,MATO GROSSO,Brasil,5106224,51,33,1.0,0.45,0.0,Cerrado,5.8
6da19e21-2f9d-352a-90db-51ec6b98c16e,-17.34011,-53.78176,2026-03-17 17:15:00,NOAA-20,SONORA,MATO GROSSO DO SUL,Brasil,5007935,50,33,0.0,13.03,0.0,Cerrado,6.9
0c65cfed-9353-321a-b6f7-cfa648a9cf31,-18.93681,-53.44411,2026-03-17 17:15:00,NOAA-20,CAMAPUÃ,MATO GROSSO DO SUL,Brasil,5002605,50,33,4.0,0.06,0.35,Cerrado,3.6
de82aed9-d516-3fde-9628-fc6a57fdc70d,-12.60945,-47.21981,2026-03-17 17:15:00,NOAA-20,PARANÃ,TOCANTINS,Brasil,1716208,17,33,0.0,1.26,0.07,Cerrado,5.3
4303bd15-9472-31af-b49b-3cca5dd7e50b,-17.35341,-53.77948,2026-03-17 17:15:00,NOAA-20,SONORA,MATO GROSSO DO SUL,Brasil,5007935,50,33,0.0,13.63,0.0,Cerrado,4.0
b6459f3b-f99f-3cca-8fdf-7805d22a0d44,-19.13261,-52.90102,2026-03-17 17:15:00,NOAA-20,CHAPADÃO DO SUL,MATO GROSSO DO SUL,Brasil,5002951,50,33,2.0,5.64,0.03,Cerrado,1.2
0e4606cf-6f9a-33f7-aee6-06bdd896d269,-17.35398,-53.78312,2026-03-17 17:15:00,NOAA-20,SONORA,MATO GROSSO DO SUL,Brasil,5007935,50,33,0.0,13.69,0.0,Cerrado,3.9
c9ce858d-5c10-3818-a486-d35a6fe4008f,-17.35009,-53.78005,2026-03-17 17:15:00,NOAA-20,SONORA,MATO GROSSO DO SUL,Brasil,5007935,50,33,0.0,13.51,0.0,Cerrado,5.8
dc0e99b5-b040-3360-bbd0-501ce35f29b2,-5.44077,-44.03316,2026-03-17 17:17:00,NOAA-20,GOVERNADOR EUGÊNIO BARROS,MARANHÃO,Brasil,2104602,21,33,0.0,2.12,0.02,Cerrado,6.9
0c1ecb52-cb84-3d0b-bf9b-4fe36d7f0976,-8.54836,-44.31762,2026-03-17 17:17:00,NOAA-20,PALMEIRA DO PIAUÍ,PIAUÍ,Brasil,2207405,22,33,2.0,1.81,0.01,Cerrado,6.7
902339b2-863c-362a-9a43-677a78dd55f4,-5.44022,-44.03412,2026-03-17 17:17:00,NOAA-20,GOVERNADOR EUGÊNIO BARROS,MARANHÃO,Brasil,2104602,21,33,0.0,2.11,0.02,Cerrado,6.3
bb1ada8f-21da-327c-ac3c-127349bf2cd4,-8.54908,-44.31635,2026-03-17 17:17:00,NOAA-20,PALMEIRA DO PIAUÍ,PIAUÍ,Brasil,2207405,22,33,2.0,1.78,0.01,Cerrado,7.0
c5ebdd5e-9840-372b-bd49-e41bae1265bd,-5.44294,-44.03721,2026-03-17 17:56:00,AQUA_M-T,GOVERNADOR EUGÊNIO BARROS,MARANHÃO,Brasil,2104602,21,33,0.0,2.11,0.03,Cerrado,11.9
37e650b5-2ff8-30f2-9192-f1eeb2e27079,-7.05836,-45.06099,2026-03-17 17:56:00,AQUA_M-T,LORETO,MARANHÃO,Brasil,2106102,21,33,2.0,1.37,0.03,Cerrado,18.9
cfd5b340-8d90-3838-bacd-d0debc71b4c7,-5.6555,-44.65024,2026-03-17 17:56:00,AQUA_M-T,TUNTUM,MARANHÃO,Brasil,2112308,21,33,0.0,0.1,0.27,Cerrado,18.0
5603c355-bf10-304c-9572-4d21689ce943,-7.0646,-45.07178,2026-03-17 17:56:00,AQUA_M-T,LORETO,MARANHÃO,Brasil,2106102,21,33,2.0,1.4,0.03,Cerrado,22.2
d66f4a8d-5b08-3358-a336-24e37ee8530e,-7.06088,-45.07911,2026-03-17 17:56:00,AQUA_M-T,LORETO,MARANHÃO,Brasil,2106102,21,33,2.0,1.4,0.03,Cerrado,15.6
8fc0198d-9acc-3d86-8dab-a30d377d28a7,-21.03792,-56.56986,2026-03-17 18:04:00,NOAA-21,BONITO,MATO GROSSO DO SUL,Brasil,5002209,50,33,0.0,0.84,0.18,Cerrado,4.2
310eab7a-7fd4-3f45-aa2a-be1802c45338,-22.2532,-56.02534,2026-03-17 18:04:00,NOAA-21,ANTÔNIO JOÃO,MATO GROSSO DO SUL,Brasil,5000906,50,33,2.0,2.67,0.01,Cerrado,31.2
d04b0550-f1b6-3bf8-b959-d6d8997683a7,-22.5784,-49.3211,2026-03-17 22:20:00,GOES-19,PAULISTÂNIA,SÃO PAULO,Brasil,3536570,35,33,4.0,0.0,0.66,Cerrado,90.4
3019df58-5efc-3dee-be9e-bfc652fa4a16,-22.5993,-49.316,2026-03-17 22:20:00,GOES-19,PAULISTÂNIA,SÃO PAULO,Brasil,3536570,35,33,4.0,0.0,0.67,Cerrado,133.3
8c317d0e-6b09-3283-9cc5-2da5865aa503,-22.6,-49.2926,2026-03-17 22:20:00,GOES-19,PAULISTÂNIA,SÃO PAULO,Brasil,3536570,35,33,4.0,0.0,0.14,Cerrado,128.2
33cf86e5-010a-3ca5-8a4a-92474ab443c3,-22.5791,-49.2977,2026-03-17 22:20:00,GOES-19,PAULISTÂNIA,SÃO PAULO,Brasil,3536570,35,33,4.0,0.0,0.3,Cerrado,86.2
68208d6d-d40f-382d-91c7-c249efb5628c,-22.5993,-49.316,2026-03-17 22:30:00,GOES-19,PAULISTÂNIA,SÃO PAULO,Brasil,3536570,35,33,4.0,0.0,0.67,Cerrado,143.8
d3cac09c-626c-381f-b364-c99e9525f620,-22.6,-49.2926,2026-03-17 22:30:00,GOES-19,PAULISTÂNIA,SÃO PAULO,Brasil,3536570,35,33,4.0,0.0,0.14,Cerrado,116.0
70a5008b-7aaf-3ad5-8003-ea074201afe7,-22.5784,-49.3211,2026-03-17 22:30:00,GOES-19,PAULISTÂNIA,SÃO PAULO,Brasil,3536570,35,33,4.0,0.0,0.66,Cerrado,77.9
12261847-c95a-3833-9d37-a9cfdbd5c7a1,-22.5784,-49.3211,2026-03-17 22:40:00,GOES-19,PAULISTÂNIA,SÃO PAULO,Brasil,3536570,35,33,4.0,0.0,0.66,Cerrado,71.1
59b96a9e-2c29-351e-9368-0f1663e31f87,-22.6,-49.2926,2026-03-17 22:40:00,GOES-19,PAULISTÂNIA,SÃO PAULO,Brasil,3536570,35,33,4.0,0.0,0.14,Cerrado,115.4
fd635656-3440-3cc2-be56-b88fd84dae8d,-22.5993,-49.316,2026-03-17 22:40:00,GOES-19,PAULISTÂNIA,SÃO PAULO,Brasil,3536570,35,33,4.0,0.0,0.67,Cerrado,120.1
d8e4376d-a337-3ed1-a379-1621310bd848,-22.5993,-49.316,2026-03-17 22:50:00,GOES-19,PAULISTÂNIA,SÃO PAULO,Brasil,3536570,35,33,4.0,0.0,0.67,Cerrado,102.5
bd6fecbc-4737-342d-a596-3583eaac7319,-22.6,-49.2926,2026-03-17 22:50:00,GOES-19,PAULISTÂNIA,SÃO PAULO,Brasil,3536570,35,33,4.0,0.0,0.14,Cerrado,103.0
5fe8ad0f-59ba-34c4-8569-95b2b9a5476d,-22.5993,-49.316,2026-03-17 23:00:00,GOES-19,PAULISTÂNIA,SÃO PAULO,Brasil,3536570,35,33,4.0,0.0,0.67,Cerrado,82.0
2a379e55-43cb-35ea-9dc3-fe7c46b77012,-22.6,-49.2926,2026-03-17 23:00:00,GOES-19,PAULISTÂNIA,SÃO PAULO,Brasil,3536570,35,33,4.0,0.0,0.14,Cerrado,73.8
7ecd0ed4-7568-3994-b7d1-35b08d1819fb,-22.6,-49.2926,2026-03-17 23:10:00,GOES-19,PAULISTÂNIA,SÃO PAULO,Brasil,3536570,35,33,4.0,0.0,0.14,Cerrado,80.5
3a4a023d-c8fc-3072-a4f5-019ed97ace7e,-22.5993,-49.316,2026-03-17 23:10:00,GOES-19,PAULISTÂNIA,SÃO PAULO,Brasil,3536570,35,33,4.0,0.0,0.67,Cerrado,79.7
d01bb1a6-0a3a-341b-80cf-7e0e7afbae5d,-22.6,-49.2926,2026-03-17 23:20:00,GOES-19,PAULISTÂNIA,SÃO PAULO,Brasil,3536570,35,33,4.0,0.0,0.14,Cerrado,74.0
870d81f6-a0bb-38b5-bd60-8bbbd606475d,-22.5993,-49.316,2026-03-17 23:20:00,GOES-19,PAULISTÂNIA,SÃO PAULO,Brasil,3536570,35,33,4.0,0.0,0.67,Cerrado,74.5
d106e4cf-b15e-31ab-8975-5ccd6ee54af6,-22.5993,-49.316,2026-03-17 23:30:00,GOES-19,PAULISTÂNIA,SÃO PAULO,Brasil,3536570,35,33,4.0,0.0,0.67,Cerrado,69.4
8920ef4f-a55d-3bd3-8b77-90c5c20bb3ac,-6.2873,-43.92541,2026-03-17 23:44:00,TERRA_M-T,PASSAGEM FRANCA,MARANHÃO,Brasil,2107902,21,33,0.0,0.1,0.04,Cerrado,7.9
e1d297c5-9867-39f8-b0aa-ca1f860da4a3,-6.28774,-43.93166,2026-03-17 23:44:00,TERRA_M-T,PASSAGEM FRANCA,MARANHÃO,Brasil,2107902,21,33,0.0,0.1,0.06,Cerrado,5.9
6853b468-d1bd-369d-aca1-81e66daeb0da,-22.59006,-49.31576,2026-03-18 03:36:00,NOAA-21,PAULISTÂNIA,SÃO PAULO,Brasil,3536570,35,33,4.0,4.14,0.3,Cerrado,4.3
28348365-9abb-333b-846a-f23d8f766885,-22.59094,-49.31131,2026-03-18 03:36:00,NOAA-21,PAULISTÂNIA,SÃO PAULO,Brasil,3536570,35,33,4.0,4.22,0.29,Cerrado,8.0
d2b3088d-3081-3ec6-9b35-6e9d3cec01a3,-22.59144,-49.31005,2026-03-18 03:36:00,NOAA-21,PAULISTÂNIA,SÃO PAULO,Brasil,3536570,35,33,4.0,4.26,0.29,Cerrado,4.3
647bb6fb-62e3-3bf1-b391-3d8aab64fb24,-6.28545,-43.92743,2026-03-18 04:02:00,NPP-375D,PASSAGEM FRANCA,MARANHÃO,Brasil,2107902,21,33,0.0,20.3,0.0,Cerrado,1.8
2b5e1156-3ef0-35eb-9d67-d3f3f8c14649,-10.20782,-44.76208,2026-03-18 04:02:00,NPP-375D,PARNAGUÁ,PIAUÍ,Brasil,2207603,22,33,0.0,0.0,0.01,Cerrado,1.9
dcd0edc1-3c55-3880-b339-9ba0156917a3,-7.05586,-45.06644,2026-03-18 04:02:00,NPP-375D,LORETO,MARANHÃO,Brasil,2106102,21,33,2.0,4.02,0.02,Cerrado,1.5
81a2193d-f946-36e6-b2d8-bf51524ee6af,-9.47843,-46.11659,2026-03-18 04:21:00,NOAA-20,ALTO PARNAÍBA,MARANHÃO,Brasil,2100501,21,33,0.0,0.0,0.02,Cerrado,0.8
4b702f8b-8f74-3c49-874c-146c924cb0e7,-10.20863,-44.76003,2026-03-18 04:21:00,NOAA-20,PARNAGUÁ,PIAUÍ,Brasil,2207603,22,33,0.0,0.0,0.01,Cerrado,1.3
804cd752-cdef-37a0-a79b-01461447f47d,-10.36654,-44.87875,2026-03-18 04:21:00,NOAA-20,CORRENTE,PIAUÍ,Brasil,2202901,22,33,0.0,0.0,0.01,Cerrado,0.3
fa063c93-6d2f-396e-8982-1639ee6b2c64,-10.20808,-44.76358,2026-03-18 04:21:00,NOAA-20,PARNAGUÁ,PIAUÍ,Brasil,2207603,22,33,0.0,0.0,0.01,Cerrado,1.3
7644f6f7-d08c-3284-abee-2a5cf1d7cfe7,-16.55066,-42.65768,2026-03-18 04:23:00,NOAA-20,JOSENÓPOLIS,MINAS GERAIS,Brasil,3136579,31,33,0.0,0.79,0.0,Cerrado,1.3
286bd691-d7d7-3e72-8b85-6f1f02563638,-14.07493,-58.53173,2026-03-18 05:14:00,NOAA-21,TANGARÁ DA SERRA,MATO GROSSO,Brasil,5107958,51,33,0.0,17.01,0.0,Cerrado,0.3
0f68f4ce-903d-3773-8eb3-02c71c9f6f4a,-20.00013,-57.11318,2026-03-18 05:16:00,NOAA-21,CORUMBÁ,MATO GROSSO DO SUL,Brasil,5003207,50,33,2.0,73.36,0.0,Cerrado,1.5
df129247-8a0e-3cf2-9499-fb3aceef3923,-21.44544,-57.14514,2026-03-18 05:16:00,NOAA-21,PORTO MURTINHO,MATO GROSSO DO SUL,Brasil,5006903,50,33,0.0,76.88,0.0,Cerrado,4.9
0b317244-5e86-352e-b320-9ba18aecb656,-7.95082,-44.48516,2026-03-18 12:06:00,TERRA_M-T,URUÇUÍ,PIAUÍ,Brasil,2211209,22,33,2.0,0.0,0.07,Cerrado,10.0
23f1ae97-e376-3415-8cea-2126e2925af2,-9.12535,-45.09005,2026-03-18 12:08:00,TERRA_M-T,BOM JESUS,PIAUÍ,Brasil,2201903,22,33,1.0,0.0,0.02,Cerrado,10.2
622e44fd-37bc-3910-b59a-eef25f412cc0,-10.09208,-44.96449,2026-03-18 12:08:00,TERRA_M-T,RIACHO FRIO,PIAUÍ,Brasil,2208858,22,33,2.0,0.0,0.01,Cerrado,4.1
7dc2f9b3-f29c-34b3-8c3a-82b0883f8082,-21.11905,-47.46283,2026-03-18 16:03:00,NOAA-21,ALTINÓPOLIS,SÃO PAULO,Brasil,3501004,35,33,3.0,2.71,0.11,Cerrado,5.1
7b6072c3-fcec-33d7-878f-4a30a0f53232,-17.20501,-47.01958,2026-03-18 16:05:00,NOAA-21,PARACATU,MINAS GERAIS,Brasil,3147006,31,33,0.0,3.3,0.0,Cerrado,1.1
a3b5f1e9-87a2-352e-bdab-29eeac15ce38,-14.21403,-44.2867,2026-03-18 16:05:00,NOAA-21,FEIRA DA MATA,BAHIA,Brasil,2910776,29,33,2.0,0.0,0.45,Cerrado,7.5
5aee0f28-df15-3983-87e1-37ca85c7561b,-15.20496,-43.97764,2026-03-18 16:05:00,NOAA-21,JAÍBA,MINAS GERAIS,Brasil,3135050,31,33,2.0,0.0,0.07,Cerrado,4.1
00e00997-8b90-3a04-a3fa-63f22f8ebba1,-16.45992,-46.24687,2026-03-18 16:05:00,NOAA-21,BONFINÓPOLIS DE MINAS,MINAS GERAIS,Brasil,3108206,31,33,0.0,3.19,0.0,Cerrado,1.1
fd00b163-02d0-3948-8447-75dd777b008c,-14.20957,-44.28725,2026-03-18 16:05:00,NOAA-21,FEIRA DA MATA,BAHIA,Brasil,2910776,29,33,2.0,0.0,0.45,Cerrado,22.2
12ca73cf-c530-3a0c-92ac-cb9251f64606,-5.66588,-45.20464,2026-03-18 16:07:00,NOAA-21,BARRA DO CORDA,MARANHÃO,Brasil,2101608,21,33,0.0,2.65,0.03,Cerrado,5.6
567a581d-f741-3f1f-9a30-ad08a3383103,-5.79301,-44.95634,2026-03-18 16:07:00,NOAA-21,BARRA DO CORDA,MARANHÃO,Brasil,2101608,21,33,0.0,4.01,0.02,Cerrado,9.8
90ea2777-904c-3fe7-b85a-2a1eb4b586a0,-9.48896,-46.11425,2026-03-18 16:07:00,NOAA-21,ALTO PARNAÍBA,MARANHÃO,Brasil,2100501,21,33,0.0,0.0,0.02,Cerrado,14.4
3c807a3c-d3c6-309f-b771-b7c22b7e4be5,-7.0305,-43.74077,2026-03-18 16:07:00,NOAA-21,JERUMENHA,PIAUÍ,Brasil,2205300,22,33,2.0,0.2,0.03,Cerrado,7.8
bcb907d4-bd15-3884-abfe-ec7b70d6c53b,-5.66534,-45.20081,2026-03-18 16:07:00,NOAA-21,BARRA DO CORDA,MARANHÃO,Brasil,2101608,21,33,0.0,2.69,0.04,Cerrado,7.2
fe3996f6-dfca-30fe-ba0a-75381f78e9aa,-10.49773,-44.30163,2026-03-18 16:07:00,NOAA-21,JÚLIO BORGES,PIAUÍ,Brasil,2205524,22,33,0.0,0.0,0.01,Cerrado,2.4
783f87a1-a2d9-33a4-8135-a57a87a13b96,-7.11107,-44.75793,2026-03-18 16:07:00,NOAA-21,BENEDITO LEITE,MARANHÃO,Brasil,2101806,21,33,0.0,0.95,0.04,Cerrado,4.4
1c78c501-2299-3822-a3b2-f0678e450e97,-10.20768,-44.76365,2026-03-18 16:07:00,NOAA-21,PARNAGUÁ,PIAUÍ,Brasil,2207603,22,33,0.0,0.0,0.01,Cerrado,9.4
1e82b160-e37b-3fc4-b07a-074622ef2246,-19.77942,-49.75124,2026-03-18 16:35:00,NPP-375,SÃO FRANCISCO DE SALES,MINAS GERAIS,Brasil,3161304,31,33,2.0,1.49,0.03,Cerrado,5.2
1ab57c68-1b25-3a46-944e-5142c7925aa1,-22.14021,-46.88819,2026-03-18 16:35:00,NPP-375,MOGI GUAÇU,SÃO PAULO,Brasil,3530706,35,33,4.0,6.67,0.07,Cerrado,4.8
eb5a7d2c-afa2-37b6-b5de-3e28e8d78bf8,-16.83537,-53.12612,2026-03-18 16:35:00,NPP-375,ALTO ARAGUAIA,MATO GROSSO,Brasil,5100300,51,33,0.0,16.21,0.0,Cerrado,0.7
480ae2a6-245b-3d42-930e-d5ef887b6159,-15.20521,-43.97621,2026-03-18 16:35:00,NPP-375,JAÍBA,MINAS GERAIS,Brasil,3135050,31,33,2.0,0.0,0.07,Cerrado,4.4
7cf2dae9-78b1-3130-8da3-a2364fd2c725,-15.10445,-43.8459,2026-03-18 16:35:00,NPP-375,JAÍBA,MINAS GERAIS,Brasil,3135050,31,33,0.0,0.0,0.04,Cerrado,5.3
9542528d-e0a4-3a6f-8c42-ba0bfc2752c2,-16.24466,-48.96538,2026-03-18 16:35:00,NPP-375,ANÁPOLIS,GOIÁS,Brasil,5201108,52,33,0.0,6.04,0.0,Cerrado,4.1
3361711a-133b-31b1-b14b-b870610c960e,-19.77896,-49.74985,2026-03-18 16:35:00,NPP-375,SÃO FRANCISCO DE SALES,MINAS GERAIS,Brasil,3161304,31,33,2.0,1.5,0.03,Cerrado,7.0
46944d81-67e7-335b-94a3-228e97f407fd,-12.8038,-44.82721,2026-03-18 16:35:00,NPP-375,SÃO DESIDÉRIO,BAHIA,Brasil,2928901,29,33,0.0,0.0,0.01,Cerrado,5.9
10dc090b-bac2-3ffe-a14d-f0ed04b8d8df,-15.10391,-43.84232,2026-03-18 16:35:00,NPP-375,JAÍBA,MINAS GERAIS,Brasil,3135050,31,33,1.0,0.0,0.04,Cerrado,10.2
4bdfe60e-26fc-3979-9d61-bdcd3b4e7f20,-14.21238,-44.2857,2026-03-18 16:35:00,NPP-375,FEIRA DA MATA,BAHIA,Brasil,2910776,29,33,2.0,0.0,0.45,Cerrado,20.1
d556f031-146a-36af-a4ad-7781958261ac,-23.15281,-48.79379,2026-03-18 16:35:00,NPP-375,AVARÉ,SÃO PAULO,Brasil,3504503,35,33,5.0,10.21,0.05,Cerrado,6.1
a6741586-6d2f-3959-89f0-83a664ce2c26,-5.27879,-44.77444,2026-03-18 16:37:00,NPP-375,TUNTUM,MARANHÃO,Brasil,2112308,21,33,0.0,5.18,0.08,Cerrado,3.0
b70cd39d-3b48-3da4-ae08-8ab6ff30d3b6,-9.47945,-46.10967,2026-03-18 16:37:00,NPP-375,ALTO PARNAÍBA,MARANHÃO,Brasil,2100501,21,33,0.0,0.0,0.02,Cerrado,14.0
3b84c394-b9f4-3fea-881e-26256fd4bcd5,-6.89658,-44.94446,2026-03-18 16:37:00,NPP-375,SÃO FÉLIX DE BALSAS,MARANHÃO,Brasil,2110807,21,33,0.0,3.71,0.01,Cerrado,3.6
65aa151f-088b-3cea-be2f-c321b1dadb59,-8.53001,-44.31712,2026-03-18 16:37:00,NPP-375,PALMEIRA DO PIAUÍ,PIAUÍ,Brasil,2207405,22,33,0.0,0.0,0.04,Cerrado,5.0
03aaa27c-cf8d-3c99-a67d-26d58973cb58,-9.48672,-46.11221,2026-03-18 16:37:00,NPP-375,ALTO PARNAÍBA,MARANHÃO,Brasil,2100501,21,33,0.0,0.0,0.02,Cerrado,8.8
af546981-95e7-39df-9a0b-e133fdcde5d0,-5.29144,-44.11058,2026-03-18 16:37:00,NPP-375,SENADOR ALEXANDRE COSTA,MARANHÃO,Brasil,2111748,21,33,0.0,17.86,0.01,Cerrado,8.4
6ba73ec1-c871-3ce0-aafe-fe1d9747fc9a,-10.08113,-44.12399,2026-03-18 16:37:00,NPP-375,AVELINO LOPES,PIAUÍ,Brasil,2201101,22,33,2.0,0.0,0.03,Cerrado,1.2
8ec79386-4a17-327a-969b-3041119df052,-5.91058,-44.12257,2026-03-18 16:37:00,NPP-375,COLINAS,MARANHÃO,Brasil,2103505,21,33,0.0,11.68,0.0,Cerrado,4.2
67642148-0f61-3ebf-aa9f-b35e050d46ae,-9.87277,-45.24943,2026-03-18 16:37:00,NPP-375,GILBUÉS,PIAUÍ,Brasil,2204402,22,33,0.0,0.0,0.01,Cerrado,4.0
93a5b401-2f24-3722-ba2c-3fd43e4a0934,-9.48282,-46.10915,2026-03-18 16:37:00,NPP-375,ALTO PARNAÍBA,MARANHÃO,Brasil,2100501,21,33,0.0,0.0,0.02,Cerrado,14.0
c983de55-d09e-3fd1-b1f7-6f3709f6a29a,-7.65396,-47.82151,2026-03-18 16:37:00,NPP-375,FILADÉLFIA,TOCANTINS,Brasil,1707702,17,33,0.0,0.0,0.0,Cerrado,9.2
296b4d3c-b243-32ee-91ce-660b0e30e21e,-10.03742,-44.29465,2026-03-18 16:37:00,NPP-375,CURIMATÁ,PIAUÍ,Brasil,2203206,22,33,2.0,0.0,0.02,Cerrado,3.5
d1202be3-b90b-3aa2-9ce7-cd607ea5f4c5,-19.01264,-53.48123,2026-03-18 16:37:00,NPP-375,CAMAPUÃ,MATO GROSSO DO SUL,Brasil,5002605,50,33,4.0,10.68,0.02,Cerrado,2.9
dc2479d5-647b-3cca-8c84-6648a8d9706d,-9.88226,-44.69094,2026-03-18 16:37:00,NPP-375,RIACHO FRIO,PIAUÍ,Brasil,2208858,22,33,0.0,0.0,0.01,Cerrado,5.2
c9b126fe-744c-34f9-8df6-97b5b245a570,-17.33765,-48.86478,2026-03-18 16:37:00,NPP-375,PIRACANJUBA,GOIÁS,Brasil,5217104,52,33,5.0,7.58,0.0,Cerrado,1.1
29b28ba3-3184-31bd-99bd-a5a5c1f8c36b,-5.30612,-43.05291,2026-03-18 16:37:00,NPP-375,TIMON,MARANHÃO,Brasil,2112209,21,33,0.0,2.49,0.01,Cerrado,5.3
51dd05ac-9179-3c6d-bdeb-3134a8177d00,-19.7782,-49.75246,2026-03-18 16:56:00,NOAA-20,SÃO FRANCISCO DE SALES,MINAS GERAIS,Brasil,3161304,31,33,2.0,1.48,0.04,Cerrado,8.2
9ede64ec-6f1e-3793-9566-0077a0f24ab8,-16.15956,-48.21802,2026-03-18 16:56:00,NOAA-20,SANTO ANTÔNIO DO DESCOBERTO,GOIÁS,Brasil,5219753,52,33,0.0,1.22,0.0,Cerrado,2.0
fb650d4b-35de-3c95-b8f2-bdd63cf29fc9,-22.141,-46.88814,2026-03-18 16:56:00,NOAA-20,MOGI GUAÇU,SÃO PAULO,Brasil,3530706,35,33,4.0,6.65,0.07,Cerrado,3.6
1277f7bc-7a9c-3e97-be45-fe41d91414b5,-21.05527,-47.26777,2026-03-18 16:56:00,NOAA-20,ALTINÓPOLIS,SÃO PAULO,Brasil,3501004,35,33,3.0,2.83,0.01,Cerrado,5.8
f17abe13-a85b-3806-834a-77b2927f47ff,-19.78432,-49.74767,2026-03-18 16:56:00,NOAA-20,SÃO FRANCISCO DE SALES,MINAS GERAIS,Brasil,3161304,31,33,2.0,1.52,0.03,Cerrado,3.1
f53ec0ba-01e7-3051-aecd-ff8eee427291,-20.0472,-45.39594,2026-03-18 16:56:00,NOAA-20,LAGOA DA PRATA,MINAS GERAIS,Brasil,3137205,31,33,3.0,1.08,0.15,Cerrado,14.7
6488e380-f39b-3d32-b18e-229efd789279,-18.61023,-45.40834,2026-03-18 16:56:00,NOAA-20,MORADA NOVA DE MINAS,MINAS GERAIS,Brasil,3143500,31,33,1.0,3.5,0.09,Cerrado,7.1
670a733f-e5fb-30e0-8013-d601fdcfa1c8,-15.10572,-43.84345,2026-03-18 16:56:00,NOAA-20,JAÍBA,MINAS GERAIS,Brasil,3135050,31,33,0.0,0.0,0.04,Cerrado,13.1
134bf94f-216a-3e90-aedf-ac66e3d8c2d9,-18.60887,-45.40654,2026-03-18 16:56:00,NOAA-20,MORADA NOVA DE MINAS,MINAS GERAIS,Brasil,3143500,31,33,1.0,3.5,0.08,Cerrado,6.1
f6231345-5fc4-353c-b308-98fdba5c0757,-15.20721,-43.97386,2026-03-18 16:56:00,NOAA-20,JAÍBA,MINAS GERAIS,Brasil,3135050,31,33,2.0,0.0,0.07,Cerrado,5.0
d2df062b-c369-3be7-a9fe-68862be14efe,-10.1241,-46.92328,2026-03-18 16:58:00,NOAA-20,SÃO FÉLIX DO TOCANTINS,TOCANTINS,Brasil,1720150,17,33,0.0,0.0,0.0,Cerrado,2.8
26d5d045-882a-3380-ac99-6e7133d1d404,-11.80119,-47.09449,2026-03-18 16:58:00,NOAA-20,DIANÓPOLIS,TOCANTINS,Brasil,1707009,17,33,0.0,0.0,0.0,Cerrado,8.9
b20027cb-899b-382a-b6e4-a23604036c2a,-9.8819,-44.69006,2026-03-18 16:58:00,NOAA-20,RIACHO FRIO,PIAUÍ,Brasil,2208858,22,33,0.0,0.0,0.01,Cerrado,7.1
aaabbede-27eb-3d44-a4f3-f03fac95cac5,-8.43769,-44.02728,2026-03-18 16:58:00,NOAA-20,ALVORADA DO GURGUÉIA,PIAUÍ,Brasil,2200459,22,33,0.0,0.07,0.0,Cerrado,16.9
3c739562-91e6-3807-b730-c46044f875c0,-11.09758,-49.04818,2026-03-18 16:58:00,NOAA-20,SANTA RITA DO TOCANTINS,TOCANTINS,Brasil,1718899,17,33,0.0,1.48,0.0,Cerrado,4.4
807b45d4-ff2e-398f-948c-ab58f805b258,-12.42613,-47.1622,2026-03-18 16:58:00,NOAA-20,ARRAIAS,TOCANTINS,Brasil,1702406,17,33,0.0,0.0,0.13,Cerrado,3.7
24f9f15e-6ff6-38fa-b31e-7057bd4b41b0,-15.41003,-56.28752,2026-03-18 16:58:00,NOAA-20,VÁRZEA GRANDE,MATO GROSSO,Brasil,5108402,51,33,1.0,8.52,0.0,Cerrado,4.4
83ab8410-91f0-3a8d-bf86-678746e365dd,-10.29009,-50.99775,2026-03-18 16:58:00,NOAA-20,SANTA TEREZINHA,MATO GROSSO,Brasil,5107776,51,33,1.0,13.8,0.0,Cerrado,2.6
f7fe8dc1-73c3-31b9-a67f-33c48c45dfad,-14.21254,-44.28711,2026-03-18 16:58:00,NOAA-20,FEIRA DA MATA,BAHIA,Brasil,2910776,29,33,1.0,0.0,0.45,Cerrado,6.5
6d955f6c-226b-316f-93e1-983442026d52,-12.00026,-45.40948,2026-03-18 16:58:00,NOAA-20,BARREIRAS,BAHIA,Brasil,2903201,29,33,1.0,0.0,0.03,Cerrado,2.5
688682cd-080b-3b9d-8a5f-b45b58666be6,-11.93171,-46.7379,2026-03-18 16:58:00,NOAA-20,NOVO JARDIM,TOCANTINS,Brasil,1715259,17,33,0.0,0.0,0.01,Cerrado,7.1
551a856c-5c07-34cb-991c-5058bd3cf2c7,-14.2118,-44.28299,2026-03-18 16:58:00,NOAA-20,FEIRA DA MATA,BAHIA,Brasil,2910776,29,33,2.0,0.0,0.45,Cerrado,9.6
1a35b399-18c1-3f3b-b99e-b48612503170,-9.48307,-46.10899,2026-03-18 16:58:00,NOAA-20,ALTO PARNAÍBA,MARANHÃO,Brasil,2100501,21,33,0.0,0.0,0.02,Cerrado,9.2
c1e4da2a-c97c-30be-826d-0d9537ce7ffc,-9.88006,-44.68948,2026-03-18 16:58:00,NOAA-20,RIACHO FRIO,PIAUÍ,Brasil,2208858,22,33,0.0,0.0,0.01,Cerrado,4.5
95331d00-c24e-3799-b9ec-b29664c004be,-9.48174,-46.11153,2026-03-18 16:58:00,NOAA-20,ALTO PARNAÍBA,MARANHÃO,Brasil,2100501,21,33,0.0,0.0,0.02,Cerrado,10.8
00d4e22c-a0e6-3ad8-8191-7e12e88feab3,-12.06918,-45.32919,2026-03-18 16:58:00,NOAA-20,BARREIRAS,BAHIA,Brasil,2903201,29,33,2.0,0.0,0.03,Cerrado,9.1
53bc9d3a-61d1-3e7c-9875-e9968ab707ff,-10.20883,-44.76498,2026-03-18 16:58:00,NOAA-20,PARNAGUÁ,PIAUÍ,Brasil,2207603,22,33,0.0,0.0,0.01,Cerrado,4.1
5bdd20f6-0ac4-320a-ba7e-1b3d17a81d04,-10.21328,-44.76421,2026-03-18 16:58:00,NOAA-20,PARNAGUÁ,PIAUÍ,Brasil,2207603,22,33,0.0,0.0,0.01,Cerrado,2.0
17e6322a-e3e2-3d85-b840-adc825073264,-10.59327,-47.90502,2026-03-18 16:58:00,NOAA-20,MONTE DO CARMO,TOCANTINS,Brasil,1713601,17,33,0.0,0.34,0.0,Cerrado,6.8
e3507be6-ba39-39e1-8c76-8329a3e0a14f,-5.91263,-44.12361,2026-03-18 17:00:00,NOAA-20,COLINAS,MARANHÃO,Brasil,2103505,21,33,0.0,11.74,0.0,Cerrado,6.2
08439e69-4e2d-399f-9402-f5b4469ddcb7,-5.7013,-44.12101,2026-03-18 17:00:00,NOAA-20,FORTUNA,MARANHÃO,Brasil,2104206,21,33,0.0,2.01,0.18,Cerrado,1.9
fb03e7ea-ecd5-387c-a251-26bb99c097fa,-22.83839,-48.55341,2026-03-18 18:30:00,AQUA_M-T,SÃO MANUEL,SÃO PAULO,Brasil,3550100,35,33,4.0,19.55,0.0,Cerrado,9.3
3113b67d-de16-3acc-85b5-c4622e52af18,-10.6265,-47.0811,2026-03-18 18:30:00,GOES-19,PONTE ALTA DO TOCANTINS,TOCANTINS,Brasil,1717909,17,33,0.0,0.0,0.0,Cerrado,187.4
50c32250-3be7-33b7-818e-8b6c110874d9,-21.11989,-47.46343,2026-03-18 18:30:00,AQUA_M-T,ALTINÓPOLIS,SÃO PAULO,Brasil,3501004,35,33,3.0,2.74,0.11,Cerrado,21.8
27f10018-3ff3-3079-b6a9-afc1bd263c41,-14.04737,-43.8562,2026-03-18 18:32:00,AQUA_M-T,CARINHANHA,BAHIA,Brasil,2907103,29,33,2.0,0.0,0.07,Cerrado,18.3
036d045a-0ad2-361f-835b-208757b1a399,-13.74197,-45.30119,2026-03-18 18:32:00,AQUA_M-T,JABORANDI,BAHIA,Brasil,2917359,29,33,1.0,0.7,0.04,Cerrado,10.1
60cc7f4d-9540-3024-a002-825df174f7d1,-9.48468,-46.10098,2026-03-18 18:34:00,AQUA_M-T,ALTO PARNAÍBA,MARANHÃO,Brasil,2100501,21,33,0.0,0.0,0.02,Cerrado,12.3
d180ddbd-6f01-399a-8367-82036be406e4,-10.62935,-47.08498,2026-03-18 18:34:00,AQUA_M-T,PONTE ALTA DO TOCANTINS,TOCANTINS,Brasil,1717909,17,33,0.0,0.0,0.0,Cerrado,47.7
5a2ab678-386f-3942-ba9e-29ce054e4e52,-8.25945,-48.28632,2026-03-18 18:34:00,AQUA_M-T,TUPIRATINS,TOCANTINS,Brasil,1721307,17,33,0.0,0.0,0.0,Cerrado,15.3
fe6e362c-1c01-3f53-83f0-e419743ecd67,-10.59261,-47.08134,2026-03-18 18:34:00,AQUA_M-T,PONTE ALTA DO TOCANTINS,TOCANTINS,Brasil,1717909,17,33,0.0,0.0,0.0,Cerrado,6.5
ce551fe8-b457-3401-b87d-f909e2938cea,-9.30007,-48.15211,2026-03-18 18:34:00,AQUA_M-T,PEDRO AFONSO,TOCANTINS,Brasil,1716505,17,33,2.0,2.39,0.0,Cerrado,7.0
e03d3335-09a3-3a73-af34-5546f2fe78f3,-10.61916,-47.0773,2026-03-18 18:34:00,AQUA_M-T,PONTE ALTA DO TOCANTINS,TOCANTINS,Brasil,1717909,17,33,0.0,0.0,0.0,Cerrado,20.5
8cef1ec9-5342-3841-af74-5b921275f47c,-6.99873,-47.08484,2026-03-18 18:34:00,AQUA_M-T,ESTREITO,MARANHÃO,Brasil,2104057,21,33,0.0,0.8,0.01,Cerrado,14.6
9a7af33f-bc8b-3464-8755-30dbca5c41b9,-12.0737,-45.33733,2026-03-18 18:34:00,AQUA_M-T,BARREIRAS,BAHIA,Brasil,2903201,29,33,2.0,0.0,0.03,Cerrado,11.2
d2d1053d-c9fe-37d4-ad2f-07cd4c2db8c9,-11.80581,-47.09771,2026-03-18 18:34:00,AQUA_M-T,DIANÓPOLIS,TOCANTINS,Brasil,1707009,17,33,0.0,0.0,0.0,Cerrado,57.5
16fb7e80-cd49-31ab-a8f3-8891554e4145,-10.62051,-47.08634,2026-03-18 18:34:00,AQUA_M-T,PONTE ALTA DO TOCANTINS,TOCANTINS,Brasil,1717909,17,33,0.0,0.0,0.0,Cerrado,132.6
7a9bcc72-d9de-3887-a98f-f0fa58a75fc9,-8.25068,-48.28765,2026-03-18 18:34:00,AQUA_M-T,TUPIRATINS,TOCANTINS,Brasil,1721307,17,33,0.0,0.0,0.0,Cerrado,11.7
97c64c21-dbbe-38ec-8a58-2e1fcf6fb414,-7.97889,-45.91656,2026-03-18 18:34:00,AQUA_M-T,BALSAS,MARANHÃO,Brasil,2101400,21,33,0.0,1.27,0.07,Cerrado,10.6
f4841c33-8ff9-37f5-b19d-ed32c147e81a,-11.80714,-47.10668,2026-03-18 18:34:00,AQUA_M-T,DIANÓPOLIS,TOCANTINS,Brasil,1707009,17,33,0.0,0.0,0.0,Cerrado,5.4
13188221-e3e9-3b0c-adbe-975769a6006a,-10.6307,-47.09404,2026-03-18 18:34:00,AQUA_M-T,PONTE ALTA DO TOCANTINS,TOCANTINS,Brasil,1717909,17,33,0.0,0.0,0.0,Cerrado,6.5
ac92fcd9-8481-37b7-b614-0203203de27a,-7.88976,-47.7272,2026-03-18 18:34:00,AQUA_M-T,GOIATINS,TOCANTINS,Brasil,1709005,17,33,0.0,0.5,0.0,Cerrado,7.8
95bd3428-7922-3b6a-afd7-0d432e9f3e0e,-10.62185,-47.09538,2026-03-18 18:34:00,AQUA_M-T,PONTE ALTA DO TOCANTINS,TOCANTINS,Brasil,1717909,17,33,0.0,0.0,0.0,Cerrado,10.3
23605cf3-4bcd-37cb-9398-9962c5436188,-8.26075,-48.29513,2026-03-18 18:34:00,AQUA_M-T,TUPIRATINS,TOCANTINS,Brasil,1721307,17,33,0.0,0.0,0.0,Cerrado,20.8
45cd6469-5a67-3639-b3a2-9f602466e475,-9.48617,-46.11093,2026-03-18 18:34:00,AQUA_M-T,ALTO PARNAÍBA,MARANHÃO,Brasil,2100501,21,33,0.0,0.0,0.02,Cerrado,26.7
3833a098-5c2f-36ab-bd58-bef287690396,-8.25198,-48.29646,2026-03-18 18:34:00,AQUA_M-T,TUPIRATINS,TOCANTINS,Brasil,1721307,17,33,0.0,0.0,0.0,Cerrado,27.0
2568dff8-a348-32e6-853a-6827d6824e0f,-11.807,-47.0858,2026-03-18 19:00:00,GOES-19,DIANÓPOLIS,TOCANTINS,Brasil,1707009,17,33,0.0,0.0,0.0,Cerrado,121.8
7b972c56-1b34-31e0-8726-3e3ae71a58c4,-11.807,-47.0858,2026-03-18 19:30:00,GOES-19,DIANÓPOLIS,TOCANTINS,Brasil,1707009,17,33,0.0,0.0,0.0,Cerrado,115.4
a5d003a1-4673-36ee-be66-d3c4553c18dc,-11.807,-47.0858,2026-03-18 19:40:00,GOES-19,DIANÓPOLIS,TOCANTINS,Brasil,1707009,17,33,0.0,0.0,0.0,Cerrado,108.3
4715366b-bf5a-32f9-80fe-ddc6e77e74bc,-11.807,-47.0858,2026-03-18 20:20:00,GOES-19,DIANÓPOLIS,TOCANTINS,Brasil,1707009,17,33,0.0,0.0,0.0,Cerrado,119.4
52f6e3b7-ec1b-3686-91c9-3cd6414c6ff7,-11.7879,-47.0884,2026-03-18 20:30:00,GOES-19,DIANÓPOLIS,TOCANTINS,Brasil,1707009,17,33,0.0,0.0,0.0,Cerrado,108.9
61d05313-d85f-30ff-9150-24517b172b24,-11.807,-47.0858,2026-03-18 20:30:00,GOES-19,DIANÓPOLIS,TOCANTINS,Brasil,1707009,17,33,0.0,0.0,0.0,Cerrado,110.0
c7346ccf-f71c-353a-8049-8417adff05b0,-11.807,-47.0858,2026-03-18 20:40:00,GOES-19,DIANÓPOLIS,TOCANTINS,Brasil,1707009,17,33,0.0,0.0,0.0,Cerrado,118.0
9a71c3d2-0c3e-3d72-8ff6-0f474c7526bd,-8.5672,-44.0946,2026-03-18 22:00:00,GOES-19,ALVORADA DO GURGUÉIA,PIAUÍ,Brasil,2200459,22,33,2.0,0.0,0.02,Cerrado,90.0
42f8a22e-9323-38d4-977b-02c0372b295f,-8.5669,-44.1178,2026-03-18 22:00:00,GOES-19,ALVORADA DO GURGUÉIA,PIAUÍ,Brasil,2200459,22,33,2.0,0.0,0.02,Cerrado,74.8
2fde537f-37dd-3951-8bde-b4713b927c88,-8.5862,-44.0924,2026-03-18 22:40:00,GOES-19,ALVORADA DO GURGUÉIA,PIAUÍ,Brasil,2200459,22,33,2.0,0.0,0.02,Cerrado,79.8
c0152b43-ddb1-3d03-a13d-a9a1fac1e02a,-11.807,-47.0858,2026-03-18 22:40:00,GOES-19,DIANÓPOLIS,TOCANTINS,Brasil,1707009,17,33,0.0,0.0,0.0,Cerrado,45.5
cc41a2ee-cdfb-3106-9b2b-089875a54e92,-11.80089,-47.09339,2026-03-19 00:22:00,TERRA_M-M,DIANÓPOLIS,TOCANTINS,Brasil,1707009,17,33,0.0,3.21,0.0,Cerrado,8.6
ac1afb69-b723-3950-9a1b-b2e70e9fcde3,-11.80241,-47.10367,2026-03-19 00:22:00,TERRA_M-M,DIANÓPOLIS,TOCANTINS,Brasil,1707009,17,33,0.0,3.26,0.0,Cerrado,9.3
a32e9798-b289-3bdc-b9a1-002f8acef2a0,-11.80056,-47.09332,2026-03-19 03:45:00,NPP-375D,DIANÓPOLIS,TOCANTINS,Brasil,1707009,17,33,0.0,3.22,0.0,Cerrado,2.7
4bb74e83-a169-3818-b6ec-e699f8c02063,-11.79948,-47.09864,2026-03-19 03:45:00,NPP-375D,DIANÓPOLIS,TOCANTINS,Brasil,1707009,17,33,0.0,3.25,0.0,Cerrado,4.9
a61bd98b-d8c8-371d-8e18-6bb730a38e6a,-11.80586,-47.10017,2026-03-19 03:45:00,NPP-375D,DIANÓPOLIS,TOCANTINS,Brasil,1707009,17,33,0.0,3.2,0.0,Cerrado,1.6
027255e8-e72a-3590-ac2d-f128c9125ba7,-11.79905,-47.10149,2026-03-19 03:45:00,NPP-375D,DIANÓPOLIS,TOCANTINS,Brasil,1707009,17,33,0.0,3.28,0.0,Cerrado,2.1
38e26c94-06d3-305a-a539-8fed5a8b07cb,-11.79378,-47.09468,2026-03-19 03:45:00,NPP-375D,DIANÓPOLIS,TOCANTINS,Brasil,1707009,17,33,0.0,3.26,0.0,Cerrado,2.1
359b9611-6783-36ee-8e1b-c6c4241a0998,-11.80017,-47.09612,2026-03-19 03:45:00,NPP-375D,DIANÓPOLIS,TOCANTINS,Brasil,1707009,17,33,0.0,3.23,0.0,Cerrado,2.1
eb6d32b8-a3bd-30c2-b3d8-681b5507fb65,-12.49426,-43.65166,2026-03-19 04:04:00,NOAA-20,BREJOLÂNDIA,BAHIA,Brasil,2904407,29,33,3.0,0.0,0.02,Cerrado,0.8
36833864-b991-3bd1-a47f-8620d04b9765,-11.79587,-47.09482,2026-03-19 04:04:00,NOAA-20,DIANÓPOLIS,TOCANTINS,Brasil,1707009,17,33,0.0,3.25,0.0,Cerrado,2.2
506bbcec-a17d-3c6e-ab90-b53af91f0b70,-11.80006,-47.09563,2026-03-19 04:04:00,NOAA-20,DIANÓPOLIS,TOCANTINS,Brasil,1707009,17,33,0.0,3.23,0.0,Cerrado,2.5
19541d8f-2857-3bb5-8bf6-dcb3c41ca5a3,-11.79517,-47.09877,2026-03-19 04:04:00,NOAA-20,DIANÓPOLIS,TOCANTINS,Brasil,1707009,17,33,0.0,3.29,0.0,Cerrado,2.2
1e56fbfe-43d1-3448-b027-64a55b2c2521,-11.80356,-47.10038,2026-03-19 04:04:00,NOAA-20,DIANÓPOLIS,TOCANTINS,Brasil,1707009,17,33,0.0,3.22,0.0,Cerrado,2.5
edafd797-d536-3a36-b3d4-f8ba8f851b22,-11.79936,-47.09958,2026-03-19 04:04:00,NOAA-20,DIANÓPOLIS,TOCANTINS,Brasil,1707009,17,33,0.0,3.26,0.0,Cerrado,2.5
9129112f-ecd9-30db-8da7-c4dcdd7faf77,-19.78168,-49.75296,2026-03-19 04:08:00,NOAA-20,SÃO FRANCISCO DE SALES,MINAS GERAIS,Brasil,3161304,31,33,2.0,1.5,0.05,Cerrado,0.8
c3d030bd-4eaf-3f91-867e-2623e2780a42,-19.77737,-49.75194,2026-03-19 04:08:00,NOAA-20,SÃO FRANCISCO DE SALES,MINAS GERAIS,Brasil,3161304,31,33,2.0,1.5,0.06,Cerrado,1.1
b14b3800-5c69-3cc0-9882-c61140b636f9,-9.48388,-46.10775,2026-03-19 04:53:00,NOAA-21,ALTO PARNAÍBA,MARANHÃO,Brasil,2100501,21,33,2.0,0.5,0.03,Cerrado,1.5
cde6d0c3-0003-3ea6-aafd-203106c6f9ea,-11.80241,-47.09971,2026-03-19 04:53:00,NOAA-21,DIANÓPOLIS,TOCANTINS,Brasil,1707009,17,33,0.0,3.23,0.0,Cerrado,2.5
1e69f5ff-1154-341d-84dd-5cad81300fb5,-11.80301,-47.0951,2026-03-19 04:53:00,NOAA-21,DIANÓPOLIS,TOCANTINS,Brasil,1707009,17,33,0.0,3.21,0.0,Cerrado,2.5
0215e3c4-d5b4-3f95-94b5-61bb94d7225b,-11.7985,-47.09448,2026-03-19 04:53:00,NOAA-21,DIANÓPOLIS,TOCANTINS,Brasil,1707009,17,33,0.0,3.23,0.0,Cerrado,4.9
c8107e93-c57f-3da8-80d2-7e9180b977d0,-19.77819,-49.74894,2026-03-19 04:55:00,NOAA-21,SÃO FRANCISCO DE SALES,MINAS GERAIS,Brasil,3161304,31,33,2.0,1.5,0.06,Cerrado,1.2
6f2dc15f-29fc-3c54-ae69-c5c2ff92cecb,-19.78242,-49.74948,2026-03-19 04:55:00,NOAA-21,SÃO FRANCISCO DE SALES,MINAS GERAIS,Brasil,3161304,31,33,2.0,1.5,0.04,Cerrado,1.2
d8662e17-4189-3f40-8dca-26812acc826d,-18.26292,-54.03865,2026-03-19 05:25:00,NPP-375D,ALCINÓPOLIS,MATO GROSSO DO SUL,Brasil,5000252,50,33,0.0,4.11,0.04,Cerrado,1.8
1017aad6-0722-344a-a654-1ded9248e1ea,-13.393,-43.5609,2026-03-19 15:00:00,GOES-19,SERRA DO RAMALHO,BAHIA,Brasil,2930154,29,33,3.0,0.0,0.18,Cerrado,77.6
611a867d-ecc3-32c9-b1eb-e277f0894062,-17.73803,-43.76399,2026-03-19 15:46:00,NOAA-21,OLHOS-D'ÁGUA,MINAS GERAIS,Brasil,3145455,31,33,2.0,5.43,0.0,Cerrado,3.0
58718849-e31a-3873-bee6-ef517705ddb7,-13.39459,-43.57235,2026-03-19 15:48:00,NOAA-21,SERRA DO RAMALHO,BAHIA,Brasil,2930154,29,33,3.0,0.0,0.16,Cerrado,32.1
634b5caf-08b9-34c6-b91f-b5ca88020b25,-12.48701,-43.63651,2026-03-19 15:48:00,NOAA-21,BREJOLÂNDIA,BAHIA,Brasil,2904407,29,33,3.0,0.0,0.13,Cerrado,3.7
eeb9bf56-76cf-3480-adab-eca897600acd,-13.38944,-43.57006,2026-03-19 15:48:00,NOAA-21,SERRA DO RAMALHO,BAHIA,Brasil,2930154,29,33,3.0,0.0,0.11,Cerrado,63.8
ed941e02-398f-3bb5-b60a-9623bf04d199,-9.67687,-46.23604,2026-03-19 15:48:00,NOAA-21,ALTO PARNAÍBA,MARANHÃO,Brasil,2100501,21,33,1.0,1.64,0.02,Cerrado,19.1
af404274-7abb-3415-8f3d-74a786f54321,-13.3899,-43.57414,2026-03-19 15:48:00,NOAA-21,SERRA DO RAMALHO,BAHIA,Brasil,2930154,29,33,3.0,0.0,0.09,Cerrado,25.3
b841f223-4d02-3751-8d68-c48d0c4520f2,-12.83101,-45.89175,2026-03-19 15:48:00,NOAA-21,SÃO DESIDÉRIO,BAHIA,Brasil,2928901,29,33,0.0,0.0,0.07,Cerrado,9.8
800c3f0c-7934-3e18-a596-b27ea8ed72d4,-13.38881,-43.57297,2026-03-19 15:48:00,NOAA-21,SERRA DO RAMALHO,BAHIA,Brasil,2930154,29,33,3.0,0.0,0.08,Cerrado,32.1
db4aac37-0445-35c3-ae65-5fbebd03a084,-13.39567,-43.5735,2026-03-19 15:48:00,NOAA-21,SERRA DO RAMALHO,BAHIA,Brasil,2930154,29,33,3.0,0.0,0.14,Cerrado,25.3
dc13758b-da21-3245-b35c-7105aae7bf3b,-13.38832,-43.5689,2026-03-19 15:48:00,NOAA-21,SERRA DO RAMALHO,BAHIA,Brasil,2930154,29,33,3.0,0.0,0.1,Cerrado,44.0
03bb8746-1f05-3f44-b440-23a3c5c9887e,-13.73693,-45.30924,2026-03-19 15:48:00,NOAA-21,JABORANDI,BAHIA,Brasil,2917359,29,33,2.0,0.2,0.06,Cerrado,2.4
43299749-9e03-3125-89be-1f7d537e46f8,-16.77564,-42.78967,2026-03-19 16:16:00,NPP-375,CRISTÁLIA,MINAS GERAIS,Brasil,3120300,31,33,5.0,8.9,0.0,Cerrado,5.5
3cf3dbe5-4d40-3a13-b589-cab76bdb280f,-18.14782,-48.24655,2026-03-19 16:16:00,NPP-375,GOIANDIRA,GOIÁS,Brasil,5208509,52,33,4.0,3.51,0.01,Cerrado,1.6
893d3b47-12f3-3bd8-9930-7d31872e50b4,-11.23325,-46.26214,2026-03-19 16:18:00,NPP-375,FORMOSA DO RIO PRETO,BAHIA,Brasil,2911105,29,33,2.0,1.5,0.01,Cerrado,20.8
fa47c2dd-f40e-383f-aea1-a737f758b8dc,-12.8349,-45.89183,2026-03-19 16:18:00,NPP-375,SÃO DESIDÉRIO,BAHIA,Brasil,2928901,29,33,0.0,0.0,0.05,Cerrado,12.5
d73ef439-d975-3a8c-aa69-375e0aaa7994,-12.48601,-43.63669,2026-03-19 16:18:00,NPP-375,BREJOLÂNDIA,BAHIA,Brasil,2904407,29,33,3.0,0.0,0.13,Cerrado,2.8
0ec1be6a-d7c8-3b93-89bd-bf462f1ddb53,-11.23266,-46.25763,2026-03-19 16:18:00,NPP-375,FORMOSA DO RIO PRETO,BAHIA,Brasil,2911105,29,33,1.0,1.51,0.01,Cerrado,20.8
c7e91c30-7f30-3f5e-9c97-7ca0d590670f,-13.39131,-43.56898,2026-03-19 16:18:00,NPP-375,SERRA DO RAMALHO,BAHIA,Brasil,2930154,29,33,3.0,0.0,0.15,Cerrado,86.0
366cf455-788a-3ebd-95e4-74db2f3a3fe2,-11.22881,-46.26274,2026-03-19 16:18:00,NPP-375,FORMOSA DO RIO PRETO,BAHIA,Brasil,2911105,29,33,2.0,1.5,0.01,Cerrado,20.8
1cd69e15-66ad-3e3a-a077-bb613eb131e4,-12.50061,-43.62981,2026-03-19 16:18:00,NPP-375,BREJOLÂNDIA,BAHIA,Brasil,2904407,29,33,3.0,0.0,0.08,Cerrado,7.0
c8642060-589d-3d67-aa48-3bb994fc539d,-14.74413,-48.87392,2026-03-19 16:18:00,NPP-375,BARRO ALTO,GOIÁS,Brasil,5203203,52,33,0.0,0.46,0.01,Cerrado,2.9
ff964124-014f-3611-aac9-4e5daeebcab2,-13.38747,-43.56953,2026-03-19 16:18:00,NPP-375,SERRA DO RAMALHO,BAHIA,Brasil,2930154,29,33,3.0,0.0,0.08,Cerrado,17.2
c3dde4d6-78d6-3f80-b5db-e85d1974ef5f,-12.32875,-48.77437,2026-03-19 16:18:00,NPP-375,PEIXE,TOCANTINS,Brasil,1716604,17,33,2.0,0.2,0.02,Cerrado,5.9
2f78c9de-f4b4-3d65-b3b5-d80a374338dc,-12.43874,-44.75203,2026-03-19 16:18:00,NPP-375,SÃO DESIDÉRIO,BAHIA,Brasil,2928901,29,33,3.0,0.0,0.03,Cerrado,4.9
8d7128dc-613d-3f43-a207-4f0d3f9ea509,-13.73423,-45.30765,2026-03-19 16:18:00,NPP-375,JABORANDI,BAHIA,Brasil,2917359,29,33,2.0,0.17,0.07,Cerrado,4.2
67483bd9-5abe-34ed-bd73-37fede825506,-11.22823,-46.25827,2026-03-19 16:18:00,NPP-375,FORMOSA DO RIO PRETO,BAHIA,Brasil,2911105,29,33,1.0,1.51,0.01,Cerrado,20.8
64f14989-25a9-3fc4-abbf-8d860801cedb,-13.82761,-43.90637,2026-03-19 16:18:00,NPP-375,CARINHANHA,BAHIA,Brasil,2907103,29,33,3.0,0.0,0.37,Cerrado,6.6
4c21ed3d-895c-369a-8723-caf2401c4169,-13.3954,-43.57171,2026-03-19 16:37:00,NOAA-20,SERRA DO RAMALHO,BAHIA,Brasil,2930154,29,33,3.0,0.0,0.17,Cerrado,16.9
4e51263e-3ede-3a94-a69c-9034b6c671ba,-13.39346,-43.5716,2026-03-19 16:37:00,NOAA-20,SERRA DO RAMALHO,BAHIA,Brasil,2930154,29,33,3.0,0.0,0.16,Cerrado,41.0
c3ff419f-64d6-315c-bceb-38251567c242,-12.48845,-43.63736,2026-03-19 16:37:00,NOAA-20,BREJOLÂNDIA,BAHIA,Brasil,2904407,29,33,3.0,0.0,0.11,Cerrado,4.6
1b1fd9f1-db36-32f3-adfd-306e2fcaa8b5,-12.43097,-46.68447,2026-03-19 16:37:00,NOAA-20,TAGUATINGA,TOCANTINS,Brasil,1720903,17,33,2.0,0.18,0.02,Cerrado,4.9
eafa7749-581d-32f0-bb75-cb00d0519db6,-16.22684,-45.48818,2026-03-19 16:37:00,NOAA-20,URUCUIA,MINAS GERAIS,Brasil,3170529,31,33,0.0,9.14,0.0,Cerrado,3.1
5d9deb56-a523-3a66-bf35-2bf6aa0050af,-15.20603,-43.96717,2026-03-19 16:37:00,NOAA-20,JAÍBA,MINAS GERAIS,Brasil,3135050,31,33,3.0,0.0,0.13,Cerrado,3.6
b9fb433f-278e-3810-a3ce-19654e985ffb,-13.82845,-43.90479,2026-03-19 16:37:00,NOAA-20,CARINHANHA,BAHIA,Brasil,2907103,29,33,3.0,0.0,0.36,Cerrado,21.8
4ebfcf3f-e84e-3124-88da-05de8af5a9d5,-12.83275,-45.89127,2026-03-19 16:37:00,NOAA-20,SÃO DESIDÉRIO,BAHIA,Brasil,2928901,29,33,0.0,0.0,0.06,Cerrado,12.2
8e857f2d-76db-3fa4-8ef8-84ac438b3d1d,-13.21436,-43.68557,2026-03-19 16:37:00,NOAA-20,BOM JESUS DA LAPA,BAHIA,Brasil,2903904,29,33,3.0,0.0,0.11,Cerrado,4.8
87333af0-4fae-3d53-a6d9-5152d37ed77f,-15.64499,-43.60311,2026-03-19 16:37:00,NOAA-20,VERDELÂNDIA,MINAS GERAIS,Brasil,3171030,31,33,1.0,1.83,0.01,Cerrado,7.0
50b3b2ee-5238-3de7-a950-9ac2ab8a381b,-13.39193,-43.57229,2026-03-19 16:37:00,NOAA-20,SERRA DO RAMALHO,BAHIA,Brasil,2930154,29,33,3.0,0.0,0.13,Cerrado,16.9
f17c2350-3636-3342-bb06-f77ace4bd202,-13.62509,-43.68379,2026-03-19 16:37:00,NOAA-20,SERRA DO RAMALHO,BAHIA,Brasil,2930154,29,33,3.0,0.0,0.12,Cerrado,4.9
e7741735-d8e9-3b8e-b850-4a2e18b35b06,-16.00009,-44.25566,2026-03-19 16:37:00,NOAA-20,JAPONVAR,MINAS GERAIS,Brasil,3135357,31,33,1.0,1.05,0.0,Cerrado,3.1
53460301-7c10-34f5-8c65-865df6f16079,-12.43863,-44.75186,2026-03-19 16:37:00,NOAA-20,SÃO DESIDÉRIO,BAHIA,Brasil,2928901,29,33,3.0,0.0,0.03,Cerrado,4.1
c0bded00-84fe-3bf5-9215-8a7d69e7ec26,-14.74398,-48.87904,2026-03-19 16:37:00,NOAA-20,BARRO ALTO,GOIÁS,Brasil,5203203,52,33,0.0,0.41,0.01,Cerrado,3.5
baee02b1-2ec7-3638-b4ee-4758d124d330,-13.62766,-43.68367,2026-03-19 16:37:00,NOAA-20,SERRA DO RAMALHO,BAHIA,Brasil,2930154,29,33,3.0,0.0,0.14,Cerrado,0.9
66c456f9-e629-3398-b978-372c590fb5bf,-13.21845,-43.68887,2026-03-19 16:37:00,NOAA-20,BOM JESUS DA LAPA,BAHIA,Brasil,2903904,29,33,3.0,0.0,0.05,Cerrado,8.8
995df000-d20d-30a2-ab26-ea1f68baa0e0,-14.91965,-56.53101,2026-03-19 16:37:00,NOAA-20,ROSÁRIO OESTE,MATO GROSSO,Brasil,5107701,51,33,0.0,1.54,0.0,Cerrado,0.8
0eda97e4-63cf-3892-a792-6c477d812acb,-16.00218,-44.25488,2026-03-19 16:37:00,NOAA-20,JAPONVAR,MINAS GERAIS,Brasil,3135357,31,33,1.0,1.07,0.0,Cerrado,2.8
0af494ab-7054-35f9-b582-37714cc30900,-13.21781,-43.68499,2026-03-19 16:37:00,NOAA-20,BOM JESUS DA LAPA,BAHIA,Brasil,2903904,29,33,3.0,0.0,0.1,Cerrado,4.8
6befa6ce-2b16-3ec1-99cb-828c569e0640,-8.52821,-46.40403,2026-03-19 16:39:00,NOAA-20,BALSAS,MARANHÃO,Brasil,2101400,21,33,0.0,5.19,0.01,Cerrado,3.5
0c5263e5-d879-39ab-85db-ba37b8ca4fb2,-11.23126,-46.26443,2026-03-19 16:39:00,NOAA-20,FORMOSA DO RIO PRETO,BAHIA,Brasil,2911105,29,33,2.0,1.5,0.01,Cerrado,4.6
1276a3b1-5da0-3ae3-8f94-0c648f058736,-11.56495,-43.46026,2026-03-19 16:39:00,NOAA-20,BARRA,BAHIA,Brasil,2902708,29,33,3.0,0.0,0.06,Cerrado,1.3
14e163e9-df89-33d4-b2e8-f2259fc1c6d3,-11.23019,-46.25742,2026-03-19 16:39:00,NOAA-20,FORMOSA DO RIO PRETO,BAHIA,Brasil,2911105,29,33,1.0,1.51,0.01,Cerrado,4.1
85fdc50a-e4a8-3f36-8e09-dc1ee597aae4,-11.23072,-46.26093,2026-03-19 16:39:00,NOAA-20,FORMOSA DO RIO PRETO,BAHIA,Brasil,2911105,29,33,2.0,1.5,0.01,Cerrado,4.1
3707ad27-659f-3daf-8af1-66d8a1dbd84a,-11.2335,-46.2569,2026-03-19 16:39:00,NOAA-20,FORMOSA DO RIO PRETO,BAHIA,Brasil,2911105,29,33,1.0,1.5,0.01,Cerrado,4.1
a7bbec40-5e6e-301c-941d-d30c72be60f2,-11.23403,-46.26041,2026-03-19 16:39:00,NOAA-20,FORMOSA DO RIO PRETO,BAHIA,Brasil,2911105,29,33,2.0,1.5,0.01,Cerrado,4.1
064df3c9-cd97-34c6-9445-4591d1faa910,-12.83328,-45.89082,2026-03-19 17:28:00,NOAA-21,SÃO DESIDÉRIO,BAHIA,Brasil,2928901,29,33,0.0,0.0,0.06,Cerrado,20.8
990abc30-f69c-3131-bf07-7c7298a0c1d0,-14.74481,-48.87664,2026-03-19 17:28:00,NOAA-21,BARRO ALTO,GOIÁS,Brasil,5203203,52,33,0.0,0.43,0.01,Cerrado,3.6
725bb6fc-c94c-3190-ae29-94f880f96cb3,-12.41559,-58.38655,2026-03-19 17:28:00,NOAA-21,BRASNORTE,MATO GROSSO,Brasil,5101902,51,33,0.0,11.91,0.0,Cerrado,8.1
ce140c66-4678-33e2-899c-e5314affba17,-12.83447,-45.89344,2026-03-19 17:28:00,NOAA-21,SÃO DESIDÉRIO,BAHIA,Brasil,2928901,29,33,0.0,0.0,0.05,Cerrado,15.3
a597ea98-2014-3795-b2d5-4d9909f258b4,-16.57578,-47.74597,2026-03-19 17:28:00,NOAA-21,CRISTALINA,GOIÁS,Brasil,5206206,52,33,0.0,6.09,0.0,Cerrado,14.3
ccdb4c5f-aa17-3d7c-b316-818d075de32c,-16.57032,-47.74696,2026-03-19 17:28:00,NOAA-21,CRISTALINA,GOIÁS,Brasil,5206206,52,33,0.0,6.23,0.0,Cerrado,3.8
fb88c8f5-06e9-35e5-ac2f-98786af51516,-9.68985,-46.64403,2026-03-19 17:28:00,NOAA-21,ALTO PARNAÍBA,MARANHÃO,Brasil,2100501,21,33,1.0,3.28,0.01,Cerrado,6.0
9af44cd0-9917-31d7-89bd-acfecac5bf2a,-12.41468,-58.38927,2026-03-19 17:58:00,NPP-375,BRASNORTE,MATO GROSSO,Brasil,5101902,51,33,0.0,11.98,0.0,Cerrado,6.3
fd633ec2-79b6-33fd-b62c-d71a95d5a21b,-12.41831,-58.38527,2026-03-19 18:19:00,NOAA-20,BRASNORTE,MATO GROSSO,Brasil,5101902,51,33,0.0,11.92,0.0,Cerrado,7.5
6ef39b6d-bb8d-3848-9273-c6b0c72f7c6d,-18.83062,-54.91815,2026-03-19 19:08:00,AQUA_M-T,RIO VERDE DE MATO GROSSO,MATO GROSSO DO SUL,Brasil,5007406,50,33,0.0,0.4,0.04,Cerrado,5.8
5b65a22b-a14c-3e82-87ee-1d7eaac41747,-21.6146,-56.62979,2026-03-19 19:08:00,AQUA_M-T,BELA VISTA,MATO GROSSO DO SUL,Brasil,5002100,50,33,0.0,3.91,0.0,Cerrado,9.8
88234366-f30a-3179-a7a2-ce171534b3bf,-21.37935,-54.17525,2026-03-19 19:08:00,AQUA_M-T,NOVA ALVORADA DO SUL,MATO GROSSO DO SUL,Brasil,5006002,50,33,0.0,0.5,0.05,Cerrado,10.9
c4e24c62-50ff-36d9-b9b8-01474b3e329f,-13.60709,-56.44143,2026-03-19 19:13:00,AQUA_M-T,SÃO JOSÉ DO RIO CLARO,MATO GROSSO,Brasil,5107305,51,33,0.0,1.16,0.0,Cerrado,6.3
169bbe9f-b30b-3862-92d6-104df6587531,-12.49575,-43.65418,2026-03-20 03:25:00,NPP-375D,BREJOLÂNDIA,BAHIA,Brasil,2904407,29,33,4.0,0.0,0.04,Cerrado,1.5
615ad9be-dd8a-384a-8cf4-52071165cd07,-12.50118,-43.66213,2026-03-20 03:25:00,NPP-375D,BREJOLÂNDIA,BAHIA,Brasil,2904407,29,33,4.0,0.0,0.06,Cerrado,1.5
173cbc7c-e01e-3380-b5ac-93202b8437a7,-12.49828,-43.65923,2026-03-20 03:47:00,NOAA-20,BREJOLÂNDIA,BAHIA,Brasil,2904407,29,33,4.0,0.0,0.04,Cerrado,3.7
9121bd5a-0506-33d9-9495-e506e38ed046,-13.39119,-43.56491,2026-03-20 03:47:00,NOAA-20,SERRA DO RAMALHO,BAHIA,Brasil,2930154,29,33,3.0,2.53,0.13,Cerrado,1.1
31e22bff-b7f7-3ded-9e8f-4bdd122f585e,-12.48301,-43.63587,2026-03-20 03:47:00,NOAA-20,BREJOLÂNDIA,BAHIA,Brasil,2904407,29,33,4.0,0.0,0.21,Cerrado,1.9
18f9f16a-4e44-3bd4-a9eb-432463908a5a,-12.43917,-44.75076,2026-03-20 03:47:00,NOAA-20,SÃO DESIDÉRIO,BAHIA,Brasil,2928901,29,33,4.0,0.3,0.04,Cerrado,1.0
c577c0b0-1a83-3c9a-8310-10e165c5c245,-12.49769,-43.65816,2026-03-20 03:47:00,NOAA-20,BREJOLÂNDIA,BAHIA,Brasil,2904407,29,33,4.0,0.0,0.04,Cerrado,2.8
c97043ba-1458-32cb-a54d-c9adffae7fc0,-13.38951,-43.57383,2026-03-20 03:47:00,NOAA-20,SERRA DO RAMALHO,BAHIA,Brasil,2930154,29,33,3.0,2.48,0.07,Cerrado,0.6
776c0b95-315b-399f-999b-a4ba7f9d13b9,-13.39134,-43.57183,2026-03-20 03:47:00,NOAA-20,SERRA DO RAMALHO,BAHIA,Brasil,2930154,29,33,3.0,2.49,0.11,Cerrado,0.9
6f5776a6-9482-3a58-86c6-886723d97a6a,-12.48667,-43.64145,2026-03-20 03:47:00,NOAA-20,BREJOLÂNDIA,BAHIA,Brasil,2904407,29,33,4.0,0.0,0.19,Cerrado,1.9
e28a0233-b9ed-3bf9-9b50-539269597287,-12.83232,-45.89109,2026-03-20 03:47:00,NOAA-20,SÃO DESIDÉRIO,BAHIA,Brasil,2928901,29,33,0.0,4.99,0.02,Cerrado,1.4
1f65891f-b273-3bf7-b55d-9adf06472bf6,-12.49552,-43.64898,2026-03-20 03:47:00,NOAA-20,BREJOLÂNDIA,BAHIA,Brasil,2904407,29,33,4.0,0.0,0.04,Cerrado,2.2
f621141b-7082-39de-9e64-3fd4d92b2905,-12.49401,-43.65258,2026-03-20 03:47:00,NOAA-20,BREJOLÂNDIA,BAHIA,Brasil,2904407,29,33,4.0,0.0,0.04,Cerrado,3.4
1ebe13a7-c26e-3dd3-81ba-d721511339c3,-12.49019,-43.64177,2026-03-20 04:36:00,NOAA-21,BREJOLÂNDIA,BAHIA,Brasil,2904407,29,33,4.0,0.0,0.12,Cerrado,2.1
edd6397e-5f92-3d62-9903-3f9a5cdff6aa,-12.49747,-43.65071,2026-03-20 04:36:00,NOAA-21,BREJOLÂNDIA,BAHIA,Brasil,2904407,29,33,4.0,0.0,0.04,Cerrado,1.9
a622d58a-893b-3b30-bfe6-223c03990db2,-12.8328,-45.88902,2026-03-20 04:36:00,NOAA-21,SÃO DESIDÉRIO,BAHIA,Brasil,2928901,29,33,0.0,4.93,0.03,Cerrado,1.1
98a8616b-8a95-3919-99f8-aefcababf1ab,-12.50058,-43.65903,2026-03-20 04:36:00,NOAA-21,BREJOLÂNDIA,BAHIA,Brasil,2904407,29,33,3.0,0.0,0.04,Cerrado,2.8
c9a6befe-c51d-3670-a64f-f0c65f3f2381,-12.44113,-44.75348,2026-03-20 04:36:00,NOAA-21,SÃO DESIDÉRIO,BAHIA,Brasil,2928901,29,33,4.0,0.32,0.04,Cerrado,1.0
e626721c-6a28-3ae2-80f0-60fce05124e4,-12.50809,-46.67814,2026-03-20 04:36:00,NOAA-21,TAGUATINGA,TOCANTINS,Brasil,1720903,17,33,2.0,15.41,0.0,Cerrado,0.6
94136840-422e-3897-bc83-6fd9f3096047,-12.48655,-43.63729,2026-03-20 04:36:00,NOAA-21,BREJOLÂNDIA,BAHIA,Brasil,2904407,29,33,4.0,0.0,0.23,Cerrado,1.7
47e16848-222a-3c17-a386-a206f83c0081,-19.35685,-50.50466,2026-03-20 04:38:00,NOAA-21,LIMEIRA DO OESTE,MINAS GERAIS,Brasil,3138625,31,33,1.0,4.19,0.02,Cerrado,1.1
fc1f5e8c-ad9f-3a40-b063-edc325a025f1,-9.47224,-46.09197,2026-03-20 11:49:00,TERRA_M-M,ALTO PARNAÍBA,MARANHÃO,Brasil,2100501,21,33,2.0,4.42,0.02,Cerrado,5.2
7dcedc6a-2f6f-3945-9f06-9ff9198aa276,-9.4761,-49.26462,2026-03-20 15:58:00,NPP-375,ABREULÂNDIA,TOCANTINS,Brasil,1700251,17,33,0.0,7.44,0.0,Cerrado,1.1
5f81f912-5f21-3938-a5f7-982c819d4a0b,-12.01605,-45.35072,2026-03-20 16:01:00,NPP-375,BARREIRAS,BAHIA,Brasil,2903201,29,33,3.0,1.02,0.05,Cerrado,4.9
49369630-7ad7-3af9-b7b0-877bb0f4e9e5,-12.01676,-45.35044,2026-03-20 16:01:00,NPP-375,BARREIRAS,BAHIA,Brasil,2903201,29,33,3.0,1.02,0.05,Cerrado,5.1
a592b97d-8b34-3580-898f-c6df50af25ce,-12.79726,-49.25164,2026-03-20 16:20:00,NOAA-20,TALISMÃ,TOCANTINS,Brasil,1720978,17,33,0.0,16.39,0.0,Cerrado,6.8
e028ead0-f72a-3435-8bb0-fac0eff6ccfe,-12.0182,-45.34914,2026-03-20 16:20:00,NOAA-20,BARREIRAS,BAHIA,Brasil,2903201,29,33,3.0,1.03,0.05,Cerrado,12.6
a7bce3a3-3b83-3dc0-a660-c6c523898cba,-12.73281,-47.10244,2026-03-20 16:20:00,NOAA-20,ARRAIAS,TOCANTINS,Brasil,1702406,17,33,2.0,0.98,0.31,Cerrado,4.8
984b5041-0ebe-37a6-bb26-f4a88b8da31d,-3.42041,-43.16549,2026-03-20 16:22:00,NOAA-20,URBANO SANTOS,MARANHÃO,Brasil,2112605,21,33,0.0,0.57,0.0,Cerrado,4.2
ce09d953-c673-396b-8e5f-5309c380bc91,-22.38467,-48.13146,2026-03-20 17:05:00,NOAA-21,TORRINHA,SÃO PAULO,Brasil,3554706,35,33,0.0,0.0,0.06,Cerrado,7.3
47d5459a-11c7-3b2e-82c5-03eb87af62ec,-23.15638,-48.8007,2026-03-20 17:05:00,NOAA-21,AVARÉ,SÃO PAULO,Brasil,3504503,35,33,0.0,0.0,0.23,Cerrado,1.6
47691dfb-f448-3bf8-a8ef-dc9c33253139,-21.82271,-48.70491,2026-03-20 17:07:00,NOAA-21,TABATINGA,SÃO PAULO,Brasil,3552700,35,33,0.0,0.0,0.02,Cerrado,3.7
1b2b7e51-71b9-3091-b92e-f2a0fcf41393,-15.49936,-56.45894,2026-03-20 17:07:00,NOAA-21,VÁRZEA GRANDE,MATO GROSSO,Brasil,5108402,51,33,0.0,2.1,0.04,Cerrado,4.6
f3905adf-ab5d-38f6-87b6-a0573d0cf7c8,-15.49996,-56.46321,2026-03-20 17:07:00,NOAA-21,VÁRZEA GRANDE,MATO GROSSO,Brasil,5108402,51,33,0.0,2.12,0.04,Cerrado,4.6
da6aad14-f741-36a6-8cee-bb1d3ab28962,-15.49732,-56.4607,2026-03-20 17:07:00,NOAA-21,VÁRZEA GRANDE,MATO GROSSO,Brasil,5108402,51,33,0.0,2.1,0.04,Cerrado,11.1
e744a717-82c4-3826-9190-3dde456c0c45,-19.01893,-51.01904,2026-03-20 17:07:00,NOAA-21,ITARUMÃ,GOIÁS,Brasil,5211305,52,33,1.0,4.4,0.0,Cerrado,0.8
c3f6eed4-62ec-331e-b160-05c082d19b58,-6.34962,-44.63759,2026-03-20 17:09:00,NOAA-21,MIRADOR,MARANHÃO,Brasil,2106706,21,33,1.0,7.14,0.0,Cerrado,6.3
05f13534-b20e-3af1-be9c-64f97ea4034a,-12.79496,-49.25525,2026-03-20 17:09:00,NOAA-21,TALISMÃ,TOCANTINS,Brasil,1720978,17,33,0.0,16.18,0.0,Cerrado,9.4
b67b8a9d-8fa2-3113-9fa4-8d1f2db7d990,-8.43741,-44.04634,2026-03-20 17:09:00,NOAA-21,ALVORADA DO GURGUÉIA,PIAUÍ,Brasil,2200459,22,33,0.0,1.97,0.0,Cerrado,21.1
905b1bce-4986-34f8-835f-83dd6a8765a1,-8.43156,-44.04753,2026-03-20 17:09:00,NOAA-21,ALVORADA DO GURGUÉIA,PIAUÍ,Brasil,2200459,22,33,0.0,1.95,0.0,Cerrado,21.1
7dd1a09d-ba88-3970-ae79-fb72b3ea10f2,-20.7209,-55.28563,2026-03-20 17:39:00,NPP-375,DOIS IRMÃOS DO BURITI,MATO GROSSO DO SUL,Brasil,5003488,50,33,0.0,0.6,0.09,Cerrado,5.3
c6bcde80-33d7-37e9-a10b-71a1a295b245,-21.66749,-53.71345,2026-03-20 17:39:00,NPP-375,NOVA ANDRADINA,MATO GROSSO DO SUL,Brasil,5006200,50,33,0.0,0.98,0.06,Cerrado,4.6
31411ca0-d634-3d97-9188-2d112ff8357d,-11.69578,-48.85625,2026-03-20 17:41:00,NPP-375,GURUPI,TOCANTINS,Brasil,1709500,17,33,1.0,19.96,0.0,Cerrado,2.0
3bb8626f-8854-3f12-ae81-0eefee0c5178,-20.63192,-51.69291,2026-03-20 17:58:00,NOAA-20,TRÊS LAGOAS,MATO GROSSO DO SUL,Brasil,5008305,50,33,0.0,1.03,0.01,Cerrado,5.2
fb91a842-4542-3fc2-9670-b65a49a74cf9,-21.14596,-53.19416,2026-03-20 17:58:00,NOAA-20,RIBAS DO RIO PARDO,MATO GROSSO DO SUL,Brasil,5007109,50,33,0.0,4.3,0.04,Cerrado,4.5
2be55a94-f1f6-3819-99f6-41b9e8450277,-8.42214,-44.04179,2026-03-20 18:11:00,AQUA_M-T,ALVORADA DO GURGUÉIA,PIAUÍ,Brasil,2200459,22,33,0.0,1.88,0.0,Cerrado,5.1
0728ea39-512c-3e26-a7b3-7b7787f9b90d,-8.4324,-44.04966,2026-03-20 18:11:00,AQUA_M-T,ALVORADA DO GURGUÉIA,PIAUÍ,Brasil,2200459,22,33,0.0,1.97,0.0,Cerrado,45.9
1297166e-8adf-3a8f-9de7-60e0c7b05ae5,-12.01656,-45.36401,2026-03-20 18:11:00,AQUA_M-T,BARREIRAS,BAHIA,Brasil,2903201,29,33,3.0,1.16,0.05,Cerrado,30.6
790ad6c0-5caf-3b97-b06f-2790723cd8cd,-8.43108,-44.04049,2026-03-20 18:11:00,AQUA_M-T,ALVORADA DO GURGUÉIA,PIAUÍ,Brasil,2200459,22,33,0.0,1.9,0.0,Cerrado,88.4
74b403f9-91be-351a-81a9-45bc19b4d935,-12.01497,-45.35233,2026-03-20 18:11:00,AQUA_M-T,BARREIRAS,BAHIA,Brasil,2903201,29,33,3.0,1.02,0.05,Cerrado,71.2
0720bec5-08f2-3a49-abba-e1ebd291aee5,-5.34704,-45.12437,2026-03-20 18:13:00,AQUA_M-T,BARRA DO CORDA,MARANHÃO,Brasil,2101608,21,33,0.0,3.88,0.02,Cerrado,8.2
45a928da-af54-3add-9089-24efaafe8ed0,-5.34568,-45.11494,2026-03-20 18:13:00,AQUA_M-T,BARRA DO CORDA,MARANHÃO,Brasil,2101608,21,33,0.0,3.84,0.01,Cerrado,8.0
4f7b6475-decb-31c9-b1cc-bfa9efa00a03,-21.81927,-48.72123,2026-03-20 23:58:00,TERRA_M-T,IBITINGA,SÃO PAULO,Brasil,3519600,35,33,0.0,0.01,0.02,Cerrado,15.6
08dadc0e-27f1-3a79-b054-8107e920a038,-21.81715,-48.70092,2026-03-20 23:58:00,TERRA_M-T,TABATINGA,SÃO PAULO,Brasil,3552700,35,33,0.0,0.0,0.02,Cerrado,28.9
b61c1e3c-8fd2-3ae3-9c88-8afe71076989,-21.82043,-48.7156,2026-03-20 23:58:00,TERRA_M-T,IBITINGA,SÃO PAULO,Brasil,3519600,35,33,0.0,0.0,0.02,Cerrado,28.0
8fa42871-87f0-3b44-88a8-16c2f88d1e04,-21.81845,-48.69526,2026-03-20 23:58:00,TERRA_M-T,TABATINGA,SÃO PAULO,Brasil,3552700,35,33,0.0,0.0,0.02,Cerrado,16.0
3043c6c3-dbce-3dae-8abf-f7d0313fe593,-11.96042,-43.37289,2026-03-21 00:03:00,TERRA_M-M,MUQUÉM DO SÃO FRANCISCO,BAHIA,Brasil,2922250,29,33,4.0,1.4,0.07,Cerrado,11.8
88fcabbc-a343-3583-852d-4c8857dfe5e7,-14.12435,-43.42533,2026-03-21 00:03:00,TERRA_M-M,PALMAS DE MONTE ALTO,BAHIA,Brasil,2923407,29,33,4.0,11.94,0.0,Cerrado,22.1
8c47391c-c9f8-3ef4-9b31-9c2689bca928,-11.96173,-43.38211,2026-03-21 00:03:00,TERRA_M-M,MUQUÉM DO SÃO FRANCISCO,BAHIA,Brasil,2922250,29,33,4.0,1.52,0.07,Cerrado,7.9
df099a9f-f7f5-3b45-be68-f8fffd1bff37,-8.42456,-44.04018,2026-03-21 00:03:00,TERRA_M-M,ALVORADA DO GURGUÉIA,PIAUÍ,Brasil,2200459,22,33,0.0,5.91,0.0,Cerrado,4.3
587d55db-d160-3d64-9f22-379b1b6bee0c,-8.43353,-44.03886,2026-03-21 00:03:00,TERRA_M-M,ALVORADA DO GURGUÉIA,PIAUÍ,Brasil,2200459,22,33,0.0,5.66,0.0,Cerrado,22.2
59945afb-0ce6-3302-9dfa-cb47e26991db,-8.43482,-44.04805,2026-03-21 00:03:00,TERRA_M-M,ALVORADA DO GURGUÉIA,PIAUÍ,Brasil,2200459,22,33,0.0,5.44,0.0,Cerrado,12.9
995d0df6-0365-388e-8c04-79247a5471d4,-14.12307,-43.4162,2026-03-21 00:03:00,TERRA_M-M,PALMAS DE MONTE ALTO,BAHIA,Brasil,2923407,29,33,4.0,11.61,0.01,Cerrado,38.6
5fa7bc70-c412-32e2-8656-0acd64a8a95d,-8.4338,-44.04193,2026-03-21 03:25:00,NOAA-20,ALVORADA DO GURGUÉIA,PIAUÍ,Brasil,2200459,22,33,0.0,5.59,0.0,Cerrado,2.1
ddcf6566-7eff-3107-990e-ff4c556714a7,-8.4271,-44.04045,2026-03-21 03:25:00,NOAA-20,ALVORADA DO GURGUÉIA,PIAUÍ,Brasil,2200459,22,33,0.0,5.82,0.0,Cerrado,2.8
01ee6332-273b-3222-8a42-3870c242d06a,-8.43264,-44.04797,2026-03-21 03:25:00,NOAA-20,ALVORADA DO GURGUÉIA,PIAUÍ,Brasil,2200459,22,33,0.0,5.51,0.0,Cerrado,2.1
42236459-2c97-3744-8bbc-d57263e99910,-8.4296,-44.04031,2026-03-21 03:25:00,NOAA-20,ALVORADA DO GURGUÉIA,PIAUÍ,Brasil,2200459,22,33,0.0,5.75,0.0,Cerrado,1.7
8266b252-1685-3375-a386-13a6ddf6ccac,-8.4284,-44.04631,2026-03-21 03:25:00,NOAA-20,ALVORADA DO GURGUÉIA,PIAUÍ,Brasil,2200459,22,33,0.0,5.67,0.0,Cerrado,1.7
b609cd6f-7403-3aa0-943a-b65760314017,-8.4351,-44.04776,2026-03-21 03:25:00,NOAA-20,ALVORADA DO GURGUÉIA,PIAUÍ,Brasil,2200459,22,33,0.0,5.44,0.0,Cerrado,1.7
58bf50bb-3c47-314e-81eb-c930cc5fa5e7,-14.12031,-43.4199,2026-03-21 03:28:00,NOAA-20,PALMAS DE MONTE ALTO,BAHIA,Brasil,2923407,29,33,4.0,11.61,0.0,Cerrado,2.2
c6ca75be-79e0-30d8-9886-f222fa6b9f6e,-8.43072,-44.03581,2026-03-21 04:17:00,NOAA-21,ALVORADA DO GURGUÉIA,PIAUÍ,Brasil,2200459,22,33,0.0,5.81,0.0,Cerrado,1.5
dc291311-5207-3534-9feb-66e46de4665c,-8.43402,-44.03633,2026-03-21 04:17:00,NOAA-21,ALVORADA DO GURGUÉIA,PIAUÍ,Brasil,2200459,22,33,0.0,5.7,0.0,Cerrado,1.5
efb64d8a-055a-3a32-9839-122bbcde79c2,-8.43678,-44.04034,2026-03-21 04:17:00,NOAA-21,ALVORADA DO GURGUÉIA,PIAUÍ,Brasil,2200459,22,33,0.0,5.54,0.0,Cerrado,0.5
93911931-aed4-3008-8029-0df05166cb19,-12.49749,-43.64792,2026-03-21 04:17:00,NOAA-21,BREJOLÂNDIA,BAHIA,Brasil,2904407,29,33,4.0,4.93,0.02,Cerrado,1.3
1441264b-d557-3cdb-80cb-b1eb669dcfae,-11.96117,-43.38026,2026-03-21 04:17:00,NOAA-21,MUQUÉM DO SÃO FRANCISCO,BAHIA,Brasil,2922250,29,33,4.0,1.5,0.07,Cerrado,0.6
3168e355-8c36-3b3f-b664-b80ca26f193b,-14.12586,-43.42201,2026-03-21 04:17:00,NOAA-21,PALMAS DE MONTE ALTO,BAHIA,Brasil,2923407,29,33,4.0,11.9,0.0,Cerrado,3.7
bc33eb53-1164-3b96-b4b5-c193182c8f1f,-14.12698,-43.41463,2026-03-21 04:17:00,NOAA-21,PALMAS DE MONTE ALTO,BAHIA,Brasil,2923407,29,33,4.0,11.72,0.01,Cerrado,5.9
1849bd0c-c163-302a-a8d4-9f18f2d64de4,-14.12249,-43.42147,2026-03-21 04:17:00,NOAA-21,PALMAS DE MONTE ALTO,BAHIA,Brasil,2923407,29,33,4.0,11.75,0.0,Cerrado,3.7
3fb7e53f-ffbd-37fb-b749-cc4ebda7a3bd,-11.95838,-43.37617,2026-03-21 04:17:00,NOAA-21,MUQUÉM DO SÃO FRANCISCO,BAHIA,Brasil,2922250,29,33,4.0,1.44,0.07,Cerrado,1.1
f3e96c0c-c66e-3d6b-908d-316102cbd6a3,-11.95893,-43.37261,2026-03-21 04:17:00,NOAA-21,MUQUÉM DO SÃO FRANCISCO,BAHIA,Brasil,2922250,29,33,4.0,1.38,0.07,Cerrado,1.1
6cb3fa29-3a62-33b8-8bec-3b208ff21080,-8.43568,-44.04729,2026-03-21 04:17:00,NOAA-21,ALVORADA DO GURGUÉIA,PIAUÍ,Brasil,2200459,22,33,0.0,5.43,0.0,Cerrado,1.1
34381e92-723c-31c2-a600-a8355f314776,-8.42686,-44.03876,2026-03-21 04:17:00,NOAA-21,ALVORADA DO GURGUÉIA,PIAUÍ,Brasil,2200459,22,33,0.0,5.87,0.0,Cerrado,1.1
6933496b-af9d-3321-af91-03db2da09c59,-8.42962,-44.04276,2026-03-21 04:17:00,NOAA-21,ALVORADA DO GURGUÉIA,PIAUÍ,Brasil,2200459,22,33,0.0,5.7,0.0,Cerrado,1.1
613fd7d6-56a5-3f11-9c7b-a903207b12be,-14.12305,-43.41778,2026-03-21 04:17:00,NOAA-21,PALMAS DE MONTE ALTO,BAHIA,Brasil,2923407,29,33,4.0,11.66,0.0,Cerrado,5.9
afb0b6ee-4012-31c7-82cb-c5650c3b5022,-8.43017,-44.03929,2026-03-21 04:17:00,NOAA-21,ALVORADA DO GURGUÉIA,PIAUÍ,Brasil,2200459,22,33,0.0,5.76,0.0,Cerrado,1.5
edbb109b-0e3c-37c0-8f85-845d7bbf7009,-8.43623,-44.04382,2026-03-21 04:17:00,NOAA-21,ALVORADA DO GURGUÉIA,PIAUÍ,Brasil,2200459,22,33,0.0,5.48,0.0,Cerrado,1.1
79e92338-8fe2-3be2-afed-34f85b18906d,-8.43347,-44.03981,2026-03-21 04:17:00,NOAA-21,ALVORADA DO GURGUÉIA,PIAUÍ,Brasil,2200459,22,33,0.0,5.65,0.0,Cerrado,1.5
d76b5f50-a3d1-3754-b31d-c001985ce6e6,-11.96172,-43.37669,2026-03-21 04:17:00,NOAA-21,MUQUÉM DO SÃO FRANCISCO,BAHIA,Brasil,2922250,29,33,4.0,1.46,0.07,Cerrado,1.2
56f3e98e-de98-3554-9a85-7267dccd356f,-8.43292,-44.04329,2026-03-21 04:17:00,NOAA-21,ALVORADA DO GURGUÉIA,PIAUÍ,Brasil,2200459,22,33,0.0,5.59,0.0,Cerrado,1.1
02e1e7c6-3d9d-356a-b416-975b0176f56f,-14.12642,-43.41832,2026-03-21 04:17:00,NOAA-21,PALMAS DE MONTE ALTO,BAHIA,Brasil,2923407,29,33,4.0,11.81,0.0,Cerrado,5.9
cf9bbb89-3b95-35a0-b63a-c0ad469a01f7,-8.43237,-44.04677,2026-03-21 04:17:00,NOAA-21,ALVORADA DO GURGUÉIA,PIAUÍ,Brasil,2200459,22,33,0.0,5.54,0.0,Cerrado,1.1
52738db1-f09d-3361-9af2-f2436a921f30,-21.81821,-48.70303,2026-03-21 04:19:00,NOAA-21,TABATINGA,SÃO PAULO,Brasil,3552700,35,33,2.0,0.0,0.05,Cerrado,0.5
b714007c-a2da-3d58-8631-1b80c4d997ed,-20.63112,-51.69676,2026-03-21 04:19:00,NOAA-21,TRÊS LAGOAS,MATO GROSSO DO SUL,Brasil,5008305,50,33,1.0,1.06,0.03,Cerrado,0.8
1ae877f1-a542-34a1-97e8-f9feaf095c93,-23.46969,-48.90452,2026-03-21 04:19:00,NOAA-21,PARANAPANEMA,SÃO PAULO,Brasil,3535804,35,33,2.0,0.0,1.0,Cerrado,1.8
5dfcf79a-b0ea-3076-9c4a-1162fb2e8f22,-21.82161,-48.70372,2026-03-21 04:19:00,NOAA-21,TABATINGA,SÃO PAULO,Brasil,3552700,35,33,2.0,0.0,0.05,Cerrado,1.0
310f2106-174d-33ce-8937-deb61cd5a3dd,-20.62646,-51.69953,2026-03-21 04:19:00,NOAA-21,TRÊS LAGOAS,MATO GROSSO DO SUL,Brasil,5008305,50,33,1.0,1.09,0.05,Cerrado,0.9
aa2f0320-5900-35b1-9171-ee88f532145d,-21.82093,-48.70767,2026-03-21 04:19:00,NOAA-21,TABATINGA,SÃO PAULO,Brasil,3552700,35,33,2.0,0.0,0.05,Cerrado,1.2
1ec09583-6238-34ee-847d-28b10c6c86ba,-8.42887,-44.04124,2026-03-21 04:46:00,NPP-375D,ALVORADA DO GURGUÉIA,PIAUÍ,Brasil,2200459,22,33,0.0,5.76,0.0,Cerrado,1.6
0733fb9a-965c-3764-a644-0d39df6b3b1e,-8.43314,-44.04184,2026-03-21 04:46:00,NPP-375D,ALVORADA DO GURGUÉIA,PIAUÍ,Brasil,2200459,22,33,0.0,5.62,0.0,Cerrado,1.6
f425ee90-4d2b-3eff-9260-32092b00840e,-8.43257,-44.04585,2026-03-21 04:46:00,NPP-375D,ALVORADA DO GURGUÉIA,PIAUÍ,Brasil,2200459,22,33,0.0,5.55,0.0,Cerrado,1.6
e8c1e245-639c-3eed-a69c-52d7860b0936,-8.4337,-44.03783,2026-03-21 04:46:00,NPP-375D,ALVORADA DO GURGUÉIA,PIAUÍ,Brasil,2200459,22,33,0.0,5.68,0.0,Cerrado,1.3
3a24aadd-0096-332c-a0e0-38c38556c614,-8.42944,-44.03722,2026-03-21 04:46:00,NPP-375D,ALVORADA DO GURGUÉIA,PIAUÍ,Brasil,2200459,22,33,0.0,5.82,0.0,Cerrado,1.3
ba96c1d5-cf9d-3885-9a3b-542bcb34e415,-14.12927,-43.41883,2026-03-21 04:49:00,NPP-375D,PALMAS DE MONTE ALTO,BAHIA,Brasil,2923407,29,33,4.0,11.94,0.0,Cerrado,4.2
587d5584-be33-3e80-825f-e3cc4cd4719b,-23.47026,-48.90546,2026-03-21 04:49:00,NPP-375D,PARANAPANEMA,SÃO PAULO,Brasil,3535804,35,33,2.0,0.0,1.0,Cerrado,0.8
2c88900a-d558-3da2-a363-b1890e6477d1,-21.82185,-48.70835,2026-03-21 04:49:00,NPP-375D,TABATINGA,SÃO PAULO,Brasil,3552700,35,33,2.0,0.0,0.05,Cerrado,3.6
d73fbbac-0855-36d1-a497-4c340fe592fe,-21.38321,-55.86354,2026-03-21 04:49:00,NPP-375D,NIOAQUE,MATO GROSSO DO SUL,Brasil,5005806,50,33,0.0,0.3,0.16,Cerrado,1.2
ae703b7c-8494-3221-aeb2-3bbad274d570,-23.46641,-48.90484,2026-03-21 04:49:00,NPP-375D,PARANAPANEMA,SÃO PAULO,Brasil,3535804,35,33,2.0,0.0,1.0,Cerrado,0.7
0ad3d14b-a5b7-39b8-ab9b-277dfc6f06fc,-14.11962,-43.41747,2026-03-21 04:49:00,NPP-375D,PALMAS DE MONTE ALTO,BAHIA,Brasil,2923407,29,33,4.0,11.51,0.0,Cerrado,1.4
07c1d86e-ac61-3129-88b6-f715c0d9ee97,-21.3852,-55.86156,2026-03-21 04:49:00,NPP-375D,NIOAQUE,MATO GROSSO DO SUL,Brasil,5005806,50,33,0.0,0.3,0.16,Cerrado,1.3
ec2df0a3-6e9a-3bc6-bfdc-3f3d385a6a6b,-14.11894,-43.42285,2026-03-21 04:49:00,NPP-375D,PALMAS DE MONTE ALTO,BAHIA,Brasil,2923407,29,33,4.0,11.63,0.0,Cerrado,0.8
094dcc22-113d-36bb-9b85-678ed0275627,-14.12376,-43.42353,2026-03-21 04:49:00,NPP-375D,PALMAS DE MONTE ALTO,BAHIA,Brasil,2923407,29,33,4.0,11.86,0.0,Cerrado,3.0
20f483e4-9ada-3626-99dd-fc6788cf3b51,-21.81802,-48.70785,2026-03-21 04:49:00,NPP-375D,TABATINGA,SÃO PAULO,Brasil,3552700,35,33,2.0,0.0,0.05,Cerrado,3.6
1f3049e2-a07b-31d5-96bc-d4b3d26b5802,-14.12444,-43.41815,2026-03-21 04:49:00,NPP-375D,PALMAS DE MONTE ALTO,BAHIA,Brasil,2923407,29,33,4.0,11.73,0.0,Cerrado,4.2
261a4e6d-5037-387e-8d49-3f3a2ebac258,-8.43221,-44.03705,2026-03-21 05:06:00,NOAA-20,ALVORADA DO GURGUÉIA,PIAUÍ,Brasil,2200459,22,33,0.0,5.74,0.0,Cerrado,1.8
aef4dce0-022f-3c2f-9d0f-1f86488866f9,-8.43208,-44.04452,2026-03-21 05:06:00,NOAA-20,ALVORADA DO GURGUÉIA,PIAUÍ,Brasil,2200459,22,33,0.0,5.59,0.0,Cerrado,2.5
d1f50ac5-ee6c-368e-a09b-e2e882f74088,-8.43282,-44.03889,2026-03-21 05:06:00,NOAA-20,ALVORADA DO GURGUÉIA,PIAUÍ,Brasil,2200459,22,33,0.0,5.68,0.0,Cerrado,2.3
4af24fbb-14f9-3088-a202-9a0d7526bb73,-8.4315,-44.04271,2026-03-21 05:06:00,NOAA-20,ALVORADA DO GURGUÉIA,PIAUÍ,Brasil,2200459,22,33,0.0,5.65,0.0,Cerrado,1.8
042365f6-a2c3-30f7-a9a5-34d655514169,-21.81776,-48.70935,2026-03-21 05:10:00,NOAA-20,TABATINGA,SÃO PAULO,Brasil,3552700,35,33,2.0,0.0,0.05,Cerrado,3.1
62a952bf-1b30-3459-9b54-711a83739dfd,-21.81815,-48.70522,2026-03-21 05:10:00,NOAA-20,TABATINGA,SÃO PAULO,Brasil,3552700,35,33,2.0,0.0,0.05,Cerrado,3.1
715d2575-287d-30cf-b3b9-ec6866c8abdf,-21.38491,-55.85991,2026-03-21 05:10:00,NOAA-20,NIOAQUE,MATO GROSSO DO SUL,Brasil,5005806,50,33,0.0,0.3,0.16,Cerrado,1.3
cd4b8a49-8cb1-369c-9831-776fd2d6d5d9,-21.95829,-57.31918,2026-03-21 12:32:00,TERRA_M-T,CARACOL,MATO GROSSO DO SUL,Brasil,5002803,50,33,2.0,0.0,0.43,Cerrado,5.0
effeb096-a1d0-3b1c-b021-4dba9e347271,-21.78879,-57.52528,2026-03-21 12:32:00,TERRA_M-T,PORTO MURTINHO,MATO GROSSO DO SUL,Brasil,5006903,50,33,2.0,0.1,0.17,Cerrado,9.8
1ae67ecb-ef60-3804-9a3d-a6bcbf05fbc1,-10.52576,-43.62861,2026-03-21 15:39:00,NPP-375,BURITIRAMA,BAHIA,Brasil,2904753,29,33,2.0,5.5,0.02,Cerrado,14.2
76797449-418c-347f-8183-20c622deadf1,-10.52696,-43.6331,2026-03-21 15:39:00,NPP-375,BURITIRAMA,BAHIA,Brasil,2904753,29,33,3.0,5.45,0.02,Cerrado,13.6
2179c151-0f0d-39ad-82be-d25b71c51f5e,-10.5265,-43.63482,2026-03-21 15:39:00,NPP-375,BURITIRAMA,BAHIA,Brasil,2904753,29,33,3.0,5.44,0.02,Cerrado,10.1
ca14d180-d475-3f45-9501-5738b496c4ba,-21.30484,-48.96954,2026-03-21 15:58:00,NOAA-20,ITAJOBI,SÃO PAULO,Brasil,3521903,35,33,0.0,0.1,0.03,Cerrado,7.5
e3cc74d6-7091-34e2-810e-e9de55e1e14d,-12.50879,-43.6918,2026-03-21 16:03:00,NOAA-20,BREJOLÂNDIA,BAHIA,Brasil,2904407,29,33,4.0,4.47,0.07,Cerrado,5.8
b40e0024-5b0d-3655-9c32-637bc89d0605,-12.50759,-43.68207,2026-03-21 16:03:00,NOAA-20,BREJOLÂNDIA,BAHIA,Brasil,2904407,29,33,4.0,4.54,0.06,Cerrado,8.9
9bb0de19-b12f-3087-b1c7-4b1c54956144,-12.50401,-43.68454,2026-03-21 16:03:00,NOAA-20,BREJOLÂNDIA,BAHIA,Brasil,2904407,29,33,4.0,4.63,0.07,Cerrado,8.5
56509e58-f822-31ee-84e4-28461a56ae5b,-11.79641,-44.1602,2026-03-21 16:03:00,NOAA-20,COTEGIPE,BAHIA,Brasil,2909406,29,33,4.0,2.9,0.22,Cerrado,8.7
14d295c8-50f2-3162-a282-b85394d28515,-12.50927,-43.68879,2026-03-21 16:03:00,NOAA-20,BREJOLÂNDIA,BAHIA,Brasil,2904407,29,33,4.0,4.48,0.08,Cerrado,9.8
e0851007-8c22-3a03-a2be-5f70c6b0b87d,-12.50338,-43.6797,2026-03-21 16:03:00,NOAA-20,BREJOLÂNDIA,BAHIA,Brasil,2904407,29,33,4.0,4.65,0.04,Cerrado,8.5
7367e71f-ac0e-356e-995b-38e34a5478ed,-12.50819,-43.68693,2026-03-21 16:03:00,NOAA-20,BREJOLÂNDIA,BAHIA,Brasil,2904407,29,33,4.0,4.51,0.08,Cerrado,8.9
3c52389a-2524-3040-ab13-17ec4b9c818f,-21.6681,-56.32211,2026-03-21 16:48:00,NOAA-21,BELA VISTA,MATO GROSSO DO SUL,Brasil,5002100,50,33,2.0,0.18,0.32,Cerrado,3.7
2abbc2a0-2ace-33db-b88b-c4f0d778f930,-19.38545,-51.07821,2026-03-21 16:48:00,NOAA-21,PARANAÍBA,MATO GROSSO DO SUL,Brasil,5006309,50,33,0.0,1.08,0.07,Cerrado,11.3
ad3cf8d4-a3c8-3650-8358-5f0862460b55,-21.78527,-57.52348,2026-03-21 16:48:00,NOAA-21,PORTO MURTINHO,MATO GROSSO DO SUL,Brasil,5006903,50,33,2.0,0.1,0.16,Cerrado,5.8
23d083e2-4635-3d1f-b607-7e566a49b502,-18.38746,-43.72355,2026-03-21 16:48:00,NOAA-21,GOUVEIA,MINAS GERAIS,Brasil,3127602,31,33,0.0,2.04,0.0,Cerrado,12.8
2b7a65c4-d4ff-36aa-9199-ed54db51b315,-21.30169,-48.97088,2026-03-21 16:48:00,NOAA-21,ITAJOBI,SÃO PAULO,Brasil,3521903,35,33,0.0,0.1,0.03,Cerrado,9.0
ee10900d-9220-3f1e-ba6f-12bd19368cd6,-21.78784,-57.52142,2026-03-21 16:48:00,NOAA-21,PORTO MURTINHO,MATO GROSSO DO SUL,Brasil,5006903,50,33,2.0,0.1,0.21,Cerrado,3.7
fb326929-d88f-3824-9826-49e0a5e5c22b,-21.95299,-47.04098,2026-03-21 16:48:00,NOAA-21,CASA BRANCA,SÃO PAULO,Brasil,3510807,35,33,2.0,0.0,0.02,Cerrado,4.4
06e7b66f-096d-399c-afad-425907e05373,-24.53337,-50.09111,2026-03-21 16:48:00,NOAA-21,PIRAÍ DO SUL,PARANÁ,Brasil,4119400,41,33,2.0,0.02,0.5,Cerrado,17.1
226d0dd0-6dea-31c9-ac26-e53ef03805dd,-11.7967,-44.15677,2026-03-21 16:50:00,NOAA-21,COTEGIPE,BAHIA,Brasil,2909406,29,33,4.0,2.88,0.22,Cerrado,12.7
308e597f-3f55-305f-8660-71ccf5d2d656,-11.18181,-43.12248,2026-03-21 16:50:00,NOAA-21,XIQUE-XIQUE,BAHIA,Brasil,2933604,29,33,5.0,0.0,0.36,Cerrado,0.3
b9bd8b32-7f9d-341e-830a-2c851f87d58c,-17.79108,-52.50764,2026-03-21 16:50:00,NOAA-21,MINEIROS,GOIÁS,Brasil,5213103,52,33,0.0,5.65,0.01,Cerrado,7.2
70417938-d789-326c-9ead-2c1c9a0806c8,-18.1113,-52.3269,2026-03-21 16:50:00,NOAA-21,SERRANÓPOLIS,GOIÁS,Brasil,5220504,52,33,8.0,6.06,0.0,Cerrado,1.5
891af6e1-50b8-30c8-9a26-8a81eb0fed95,-10.52747,-43.63329,2026-03-21 16:50:00,NOAA-21,BURITIRAMA,BAHIA,Brasil,2904753,29,33,3.0,5.45,0.02,Cerrado,12.5
2f4be901-c97a-39e2-bb8c-513af70ae799,-12.50539,-43.67855,2026-03-21 16:50:00,NOAA-21,BREJOLÂNDIA,BAHIA,Brasil,2904407,29,33,4.0,4.6,0.02,Cerrado,8.1
7a882b57-db5c-3855-98df-09bc3beef503,-10.52321,-43.63397,2026-03-21 16:50:00,NOAA-21,BURITIRAMA,BAHIA,Brasil,2904753,29,33,2.0,5.47,0.02,Cerrado,5.6
8b5fd9e8-1873-3838-aff5-614ec4bb2c45,-17.79044,-52.51061,2026-03-21 16:50:00,NOAA-21,MINEIROS,GOIÁS,Brasil,5213103,52,33,0.0,5.65,0.01,Cerrado,3.1
62f85608-5150-37ff-8aea-5baf10d595c2,-18.94019,-48.13987,2026-03-21 16:50:00,NOAA-21,UBERLÂNDIA,MINAS GERAIS,Brasil,3170206,31,33,0.0,0.9,0.0,Cerrado,2.3
9d942013-063c-3182-9da1-e18021753036,-12.86366,-50.12005,2026-03-21 16:50:00,NOAA-21,ARAGUAÇU,TOCANTINS,Brasil,1702000,17,33,0.0,11.17,0.0,Cerrado,6.5
b268a110-2cce-38e5-9daf-43da9b7696ab,-20.51398,-48.33689,2026-03-21 17:17:00,NPP-375,GUAÍRA,SÃO PAULO,Brasil,3517406,35,33,0.0,0.61,0.12,Cerrado,21.4
be6fe65c-a7ac-3fb9-a38d-11ba921c6a27,-22.0852,-56.53859,2026-03-21 17:17:00,NPP-375,BELA VISTA,MATO GROSSO DO SUL,Brasil,5002100,50,33,3.0,0.6,0.1,Cerrado,3.8
7e9993f4-18a9-3eff-b8f0-af11243bf6cf,-24.53325,-50.08961,2026-03-21 17:17:00,NPP-375,PIRAÍ DO SUL,PARANÁ,Brasil,4119400,41,33,2.0,0.02,0.51,Cerrado,8.7
e21eec2c-0c1a-376f-823a-352193fd157b,-22.08886,-56.53806,2026-03-21 17:17:00,NPP-375,BELA VISTA,MATO GROSSO DO SUL,Brasil,5002100,50,33,3.0,0.59,0.1,Cerrado,5.0
ca793bba-8523-313d-b32c-32c349f8b344,-21.4673,-53.06051,2026-03-21 17:17:00,NPP-375,RIBAS DO RIO PARDO,MATO GROSSO DO SUL,Brasil,5007109,50,33,0.0,5.34,0.08,Cerrado,7.4
7d55db0f-f220-30dd-8b5f-96762d2bc108,-21.30453,-48.96992,2026-03-21 17:17:00,NPP-375,ITAJOBI,SÃO PAULO,Brasil,3521903,35,33,0.0,0.1,0.03,Cerrado,9.2
4d9d6d08-68a5-3bf6-b3c2-a222df0e911b,-20.51,-48.33775,2026-03-21 17:17:00,NPP-375,GUAÍRA,SÃO PAULO,Brasil,3517406,35,33,0.0,0.65,0.11,Cerrado,21.4
25164cd0-e9b3-3bac-a549-0709a916fa2c,-17.33834,-53.78468,2026-03-21 17:20:00,NPP-375,SONORA,MATO GROSSO DO SUL,Brasil,5007935,50,33,0.0,1.2,0.0,Cerrado,5.9
5d6d7073-8efb-3d2e-aaed-f1f828a126ac,-15.05738,-45.51736,2026-03-21 17:20:00,NPP-375,CHAPADA GAÚCHA,MINAS GERAIS,Brasil,3116159,31,33,0.0,10.67,0.0,Cerrado,0.3
8c46123c-ae0e-3526-a54e-0d327c731306,-16.0112,-45.55752,2026-03-21 17:20:00,NPP-375,URUCUIA,MINAS GERAIS,Brasil,3170529,31,33,0.0,5.85,0.0,Cerrado,0.4
4cd7ee24-ba2b-372d-b982-80a4fb940a76,-19.3842,-51.07422,2026-03-21 17:20:00,NPP-375,PARANAÍBA,MATO GROSSO DO SUL,Brasil,5006309,50,33,0.0,1.05,0.07,Cerrado,9.5
c4459738-4b9a-31e5-b545-b0bb01f0bdc0,-10.52504,-43.62625,2026-03-21 17:22:00,NPP-375,BURITIRAMA,BAHIA,Brasil,2904753,29,33,2.0,5.54,0.02,Cerrado,5.1
c465c30c-aab7-35c6-80f6-55506998edc6,-10.52611,-43.63166,2026-03-21 17:22:00,NPP-375,BURITIRAMA,BAHIA,Brasil,2904753,29,33,2.0,5.47,0.02,Cerrado,5.1
c1085371-a4f6-327c-810a-559d1659abc2,-24.53435,-50.09121,2026-03-21 17:37:00,NOAA-20,PIRAÍ DO SUL,PARANÁ,Brasil,4119400,41,33,2.0,0.01,0.45,Cerrado,10.0
a4c2a94c-e472-340d-b979-cd350aa6c751,-20.92834,-46.99745,2026-03-21 17:39:00,NOAA-20,SÃO SEBASTIÃO DO PARAÍSO,MINAS GERAIS,Brasil,3164704,31,33,0.0,0.0,-999.0,Cerrado,4.1
3b1fce53-3c49-3ff5-9fcc-ee06dc13da5e,-21.30681,-48.96888,2026-03-21 17:39:00,NOAA-20,ITAJOBI,SÃO PAULO,Brasil,3521903,35,33,0.0,0.1,0.03,Cerrado,10.0
2ff49811-e2f6-3db9-89b2-adda88dab5e0,-21.66794,-56.32189,2026-03-21 17:39:00,NOAA-20,BELA VISTA,MATO GROSSO DO SUL,Brasil,5002100,50,33,2.0,0.18,0.33,Cerrado,5.8
81b51a05-cb13-31b0-bf0a-2a186ff54b9b,-17.34078,-53.78488,2026-03-21 17:39:00,NOAA-20,SONORA,MATO GROSSO DO SUL,Brasil,5007935,50,33,0.0,1.2,0.01,Cerrado,6.2
fdb38e96-425c-3525-9fe7-b650c0f4494a,-21.78653,-57.51905,2026-03-21 17:39:00,NOAA-20,PORTO MURTINHO,MATO GROSSO DO SUL,Brasil,5006903,50,33,2.0,0.1,0.24,Cerrado,5.0
797dcc77-22dd-326c-887f-3ba11db5cd3b,-20.92959,-46.99491,2026-03-21 17:39:00,NOAA-20,SÃO SEBASTIÃO DO PARAÍSO,MINAS GERAIS,Brasil,3164704,31,33,0.0,0.0,-999.0,Cerrado,4.4
d899a5d2-cb83-39b9-9c3e-fcc698ab3903,-19.11035,-51.73439,2026-03-21 18:47:00,AQUA_M-T,CASSILÂNDIA,MATO GROSSO DO SUL,Brasil,5002902,50,33,0.0,2.82,-999.0,Cerrado,4.0
83e90e51-4ccb-3250-9429-50a1ae1ff3c5,-20.50472,-52.88617,2026-03-21 18:47:00,AQUA_M-T,RIBAS DO RIO PARDO,MATO GROSSO DO SUL,Brasil,5007109,50,33,0.0,0.5,0.14,Cerrado,15.6
74dc5d91-c246-3dc5-b45f-b1974ac5e1da,-19.38662,-51.07729,2026-03-21 18:47:00,AQUA_M-T,PARANAÍBA,MATO GROSSO DO SUL,Brasil,5006309,50,33,0.0,1.07,0.07,Cerrado,9.1
566f6dbe-77e7-3b05-8bb9-7574f4252566,-21.66671,-56.31401,2026-03-21 18:47:00,AQUA_M-T,BELA VISTA,MATO GROSSO DO SUL,Brasil,5002100,50,33,2.0,0.2,0.37,Cerrado,19.3
f4ac4041-ed03-3bd8-bf4f-5b21229719bf,-20.13552,-53.43145,2026-03-21 18:47:00,AQUA_M-T,RIBAS DO RIO PARDO,MATO GROSSO DO SUL,Brasil,5007109,50,33,0.0,4.02,0.0,Cerrado,11.1
3e64cad2-a209-302b-9d6d-c6a289c1d0a0,-21.42212,-52.09855,2026-03-21 18:47:00,AQUA_M-T,BRASILÂNDIA,MATO GROSSO DO SUL,Brasil,5002308,50,33,2.0,0.2,0.48,Cerrado,10.6
02869b9e-803d-387a-9c4d-ccc153a74527,-20.34547,-52.01351,2026-03-21 18:47:00,AQUA_M-T,SELVÍRIA,MATO GROSSO DO SUL,Brasil,5007802,50,33,0.0,0.5,0.01,Cerrado,11.2
0b0fec56-3ed9-30bb-be97-7899145c1790,-19.797,-52.11162,2026-03-21 18:47:00,AQUA_M-T,INOCÊNCIA,MATO GROSSO DO SUL,Brasil,5004403,50,33,0.0,3.3,0.0,Cerrado,7.5
16aa7b31-4808-3092-a4a5-49ccf829355f,-21.66911,-56.33605,2026-03-21 18:47:00,AQUA_M-T,BELA VISTA,MATO GROSSO DO SUL,Brasil,5002100,50,33,2.0,0.1,0.3,Cerrado,21.8
6036b0d7-9157-37c0-ac4d-21074ebbf6fc,-20.44147,-52.87828,2026-03-21 18:47:00,AQUA_M-T,ÁGUA CLARA,MATO GROSSO DO SUL,Brasil,5000203,50,33,0.0,0.33,-999.0,Cerrado,8.6
5b82030c-bf16-3611-8a78-6e3ce6358f03,-20.2842,-52.05558,2026-03-21 18:47:00,AQUA_M-T,SELVÍRIA,MATO GROSSO DO SUL,Brasil,5007802,50,33,0.0,0.6,0.01,Cerrado,10.7
ed6b62b6-e396-37b0-bde7-3b0d8f2377c2,-15.30554,-53.88354,2026-03-21 18:49:00,AQUA_M-T,POXORÉU,MATO GROSSO,Brasil,5107008,51,33,0.0,0.3,0.0,Cerrado,12.5
fdee1b5f-2fed-3202-a6c6-d8634761ef53,-12.50622,-43.65024,2026-03-22 03:57:00,NOAA-21,BREJOLÂNDIA,BAHIA,Brasil,2904407,29,33,4.0,4.99,0.01,Cerrado,0.8
d39e893e-59e3-3549-ba09-f069e7375478,-16.92648,-43.60129,2026-03-22 03:57:00,NOAA-21,GLAUCILÂNDIA,MINAS GERAIS,Brasil,3127354,31,33,0.0,0.1,0.02,Cerrado,0.9
d64790ee-974e-3088-9eb6-b2a6f6bd4a44,-12.49954,-43.64434,2026-03-22 03:57:00,NOAA-21,BREJOLÂNDIA,BAHIA,Brasil,2904407,29,33,4.0,5.08,0.01,Cerrado,1.9
1ff5a24d-b98b-39e5-a974-db764c184b59,-12.50447,-43.68295,2026-03-22 03:57:00,NOAA-21,BREJOLÂNDIA,BAHIA,Brasil,2904407,29,33,4.0,5.44,0.03,Cerrado,2.6
0f7465d5-4806-3ccf-bef0-a4bb19a1fb71,-12.50821,-43.68361,2026-03-22 03:57:00,NOAA-21,BREJOLÂNDIA,BAHIA,Brasil,2904407,29,33,4.0,5.37,0.03,Cerrado,2.6
8978e539-6c31-3c4a-adfd-9eb2f7d9db85,-12.49503,-43.64824,2026-03-22 03:57:00,NOAA-21,BREJOLÂNDIA,BAHIA,Brasil,2904407,29,33,4.0,5.18,0.01,Cerrado,6.2
14ea69b1-eeaf-3c60-b673-46a10b35311a,-12.50249,-43.64958,2026-03-22 03:57:00,NOAA-21,BREJOLÂNDIA,BAHIA,Brasil,2904407,29,33,4.0,5.05,0.01,Cerrado,0.8
ff5abe73-09ac-3eb1-b2ca-6fc6b4420bad,-12.50526,-43.67836,2026-03-22 03:57:00,NOAA-21,BREJOLÂNDIA,BAHIA,Brasil,2904407,29,33,4.0,5.38,0.01,Cerrado,2.6
f0e2dac2-e600-33c3-9e8b-3e09ed298874,-19.47016,-44.76546,2026-03-22 04:00:00,NOAA-21,PAPAGAIOS,MINAS GERAIS,Brasil,3146909,31,33,2.0,0.0,0.04,Cerrado,0.7
5d0ed51e-daf9-3baa-9422-738e7ae275ab,-21.8556,-47.17992,2026-03-22 04:00:00,NOAA-21,CASA BRANCA,SÃO PAULO,Brasil,3510807,35,33,2.0,0.9,0.1,Cerrado,0.9
d9352eb4-b652-3e8f-8d7f-ffdf728e9d1d,-20.19752,-46.50327,2026-03-22 04:00:00,NOAA-21,SÃO ROQUE DE MINAS,MINAS GERAIS,Brasil,3164308,31,33,0.0,0.0,0.0,Cerrado,2.3
75784688-ba65-34e5-97b8-d39c32a804a6,-12.49266,-43.64802,2026-03-22 04:27:00,NPP-375D,BREJOLÂNDIA,BAHIA,Brasil,2904407,29,33,4.0,5.23,0.01,Cerrado,2.3
6df75af5-a8ae-3d13-8992-d4ca97138486,-12.49616,-43.64856,2026-03-22 04:27:00,NPP-375D,BREJOLÂNDIA,BAHIA,Brasil,2904407,29,33,4.0,5.17,0.01,Cerrado,2.3
1af219d6-10df-3b04-81aa-ebdd8eadea0e,-12.49674,-43.64463,2026-03-22 04:27:00,NPP-375D,BREJOLÂNDIA,BAHIA,Brasil,2904407,29,33,4.0,5.12,0.01,Cerrado,0.8
ec64f121-b36f-3c73-8895-1b732afd8b67,-12.50199,-43.68161,2026-03-22 04:27:00,NPP-375D,BREJOLÂNDIA,BAHIA,Brasil,2904407,29,33,4.0,5.45,0.03,Cerrado,2.0
d9ad1e0f-59f5-3a02-908f-516e7581497d,-12.50548,-43.68216,2026-03-22 04:27:00,NPP-375D,BREJOLÂNDIA,BAHIA,Brasil,2904407,29,33,4.0,5.41,0.02,Cerrado,2.0
1d690e2e-3c83-32ed-8f70-1eea5f0f4fba,-12.50315,-43.64963,2026-03-22 04:27:00,NPP-375D,BREJOLÂNDIA,BAHIA,Brasil,2904407,29,33,4.0,5.04,0.01,Cerrado,1.1
3dfd45af-c7e9-3ded-b16d-0e2eb664f1cb,-12.50606,-43.67823,2026-03-22 04:27:00,NPP-375D,BREJOLÂNDIA,BAHIA,Brasil,2904407,29,33,4.0,5.36,0.02,Cerrado,1.7
f6ef5a00-7c44-35d0-acb2-b18754371e55,-21.85409,-47.17866,2026-03-22 04:29:00,NPP-375D,CASA BRANCA,SÃO PAULO,Brasil,3510807,35,33,2.0,0.89,0.1,Cerrado,0.4
f0979204-f783-3325-85a6-95d555ccc962,-20.19499,-46.50134,2026-03-22 04:29:00,NPP-375D,SÃO ROQUE DE MINAS,MINAS GERAIS,Brasil,3164308,31,33,0.0,0.0,0.0,Cerrado,0.9
39f08a7e-032b-3554-90b4-ec24ea7626a4,-19.99157,-54.73917,2026-03-22 04:29:00,NPP-375D,ROCHEDO,MATO GROSSO DO SUL,Brasil,5007505,50,33,0.0,2.73,0.02,Cerrado,0.7
ba294d1f-5564-37e1-bb09-bf9ccbd444c4,-20.19836,-46.50195,2026-03-22 04:29:00,NPP-375D,SÃO ROQUE DE MINAS,MINAS GERAIS,Brasil,3164308,31,33,0.0,0.0,0.0,Cerrado,0.9
9e227b04-50b4-30d4-ad4c-f79cc38e0707,-21.85351,-47.18245,2026-03-22 04:29:00,NPP-375D,CASA BRANCA,SÃO PAULO,Brasil,3510807,35,33,2.0,0.93,0.08,Cerrado,0.2
6626b48c-035e-3ba0-addf-177b5d9b4d72,-21.66574,-56.32401,2026-03-22 04:32:00,NPP-375D,BELA VISTA,MATO GROSSO DO SUL,Brasil,5002100,50,33,3.0,0.0,0.47,Cerrado,1.1
e7c93c12-b29f-31d6-b93e-b6c9add6f8c2,-19.98991,-54.73847,2026-03-22 04:53:00,NOAA-20,ROCHEDO,MATO GROSSO DO SUL,Brasil,5007505,50,33,0.0,2.68,0.02,Cerrado,0.8
7cfd169f-a940-363e-aa28-fb70342ca8b9,-20.19685,-46.50148,2026-03-22 04:53:00,NOAA-20,SÃO ROQUE DE MINAS,MINAS GERAIS,Brasil,3164308,31,33,0.0,0.0,0.0,Cerrado,1.4
6b9e7ad7-f4f8-3993-8184-15c295f29086,-21.66601,-56.31908,2026-03-22 04:53:00,NOAA-20,BELA VISTA,MATO GROSSO DO SUL,Brasil,5002100,50,33,3.0,0.0,0.73,Cerrado,1.0
3a82c190-3ba1-311e-b388-c98c8b64d457,-16.42952,-54.93243,2026-03-22 13:08:00,TERRA_M-T,RONDONÓPOLIS,MATO GROSSO,Brasil,5107602,51,33,1.0,0.4,0.1,Cerrado,42.5
109eaf90-6963-37e5-8157-74545084cdf1,-12.48604,-43.64027,2026-03-22 15:41:00,NOAA-20,BREJOLÂNDIA,BAHIA,Brasil,2904407,29,33,4.0,5.28,0.05,Cerrado,11.1
c88e7ac8-c87c-3d92-ae50-b66946af497f,-11.66161,-43.76167,2026-03-22 15:41:00,NOAA-20,WANDERLEY,BAHIA,Brasil,2933455,29,33,5.0,2.3,0.03,Cerrado,21.5
e696c486-f1ed-3a54-8e78-3e40fda047c2,-11.66516,-43.76641,2026-03-22 15:41:00,NOAA-20,WANDERLEY,BAHIA,Brasil,2933455,29,33,5.0,2.44,0.02,Cerrado,14.6
106c7627-1d63-3092-a135-56e69ddba9f5,-11.65885,-43.76702,2026-03-22 15:41:00,NOAA-20,WANDERLEY,BAHIA,Brasil,2933455,29,33,5.0,2.38,0.07,Cerrado,14.6
480d9e6e-1e88-33d8-8c96-42dc90e152a7,-11.66221,-43.76709,2026-03-22 15:41:00,NOAA-20,WANDERLEY,BAHIA,Brasil,2933455,29,33,5.0,2.42,0.04,Cerrado,26.2
24403cc4-31cd-3e1f-9c36-692ce91fed45,-12.49009,-43.64701,2026-03-22 15:41:00,NOAA-20,BREJOLÂNDIA,BAHIA,Brasil,2904407,29,33,4.0,5.27,0.02,Cerrado,9.3
89f09472-3a03-34d3-8dd3-c0f69edb1128,-12.48951,-43.64193,2026-03-22 15:41:00,NOAA-20,BREJOLÂNDIA,BAHIA,Brasil,2904407,29,33,4.0,5.23,0.03,Cerrado,9.3
9d6924a1-5646-38f2-b292-892a2700b60b,-12.4929,-43.64463,2026-03-22 15:41:00,NOAA-20,BREJOLÂNDIA,BAHIA,Brasil,2904407,29,33,4.0,5.19,0.02,Cerrado,9.5
ef7235a5-a6d8-3e68-9831-b9b3a08693c2,-9.51392,-45.09748,2026-03-22 15:44:00,NOAA-20,MONTE ALEGRE DO PIAUÍ,PIAUÍ,Brasil,2206605,22,33,2.0,3.46,0.01,Cerrado,8.7
eb16d098-9f5c-351c-ab10-ba9311a54786,-9.50937,-45.09356,2026-03-22 15:44:00,NOAA-20,MONTE ALEGRE DO PIAUÍ,PIAUÍ,Brasil,2206605,22,33,2.0,3.32,0.01,Cerrado,6.0
e759e0c9-ac78-3a45-8160-d4011ec0958c,-9.51009,-45.09933,2026-03-22 15:44:00,NOAA-20,MONTE ALEGRE DO PIAUÍ,PIAUÍ,Brasil,2206605,22,33,2.0,3.4,0.01,Cerrado,6.0
5ab4869e-af69-3901-9846-7766d6e7bafc,-16.48816,-43.45781,2026-03-22 16:30:00,NOAA-21,FRANCISCO SÁ,MINAS GERAIS,Brasil,3126703,31,33,0.0,0.5,0.01,Cerrado,2.5
76e89c5a-6ae2-3fe4-95cd-3c670aa4e534,-20.20009,-46.50191,2026-03-22 16:30:00,NOAA-21,SÃO ROQUE DE MINAS,MINAS GERAIS,Brasil,3164308,31,33,0.0,0.0,0.0,Cerrado,5.4
c5f8e474-2d53-3681-aeea-933474417263,-18.54279,-53.58443,2026-03-22 16:30:00,NOAA-21,FIGUEIRÃO,MATO GROSSO DO SUL,Brasil,5003900,50,33,0.0,3.75,0.01,Cerrado,1.4
aef01d91-95a8-3a35-bf4c-b72763859249,-18.87719,-48.27298,2026-03-22 16:30:00,NOAA-21,UBERLÂNDIA,MINAS GERAIS,Brasil,3170206,31,33,1.0,0.0,-999.0,Cerrado,3.8
35d8212e-ebff-3c77-908b-0f56ce2b90a0,-16.67507,-42.95161,2026-03-22 16:30:00,NOAA-21,CRISTÁLIA,MINAS GERAIS,Brasil,3120300,31,33,5.0,5.56,0.0,Cerrado,2.8
11299781-0af7-3a8f-b3b5-2f200cfa2f96,-12.36191,-50.03036,2026-03-22 16:33:00,NOAA-21,SANDOLÂNDIA,TOCANTINS,Brasil,1718840,17,33,0.0,1.41,0.0,Cerrado,13.5
8af52fba-b577-3525-a3a8-676347661d14,-9.66327,-49.75663,2026-03-22 16:33:00,NOAA-21,MARIANÓPOLIS DO TOCANTINS,TOCANTINS,Brasil,1712504,17,33,0.0,0.6,0.01,Cerrado,11.4
7dea79b8-1e28-37d7-ad1b-798e8cd9f1e7,-11.66065,-43.76561,2026-03-22 16:33:00,NOAA-21,WANDERLEY,BAHIA,Brasil,2933455,29,33,5.0,2.37,0.05,Cerrado,3.4
30558bc3-a8c2-3e3f-824b-c2b318965d2d,-9.66334,-49.75903,2026-03-22 16:33:00,NOAA-21,MARIANÓPOLIS DO TOCANTINS,TOCANTINS,Brasil,1712504,17,33,0.0,0.6,0.01,Cerrado,12.6
52f1004a-8a1a-3254-be39-22ce8584b364,-11.6612,-43.76915,2026-03-22 16:33:00,NOAA-21,WANDERLEY,BAHIA,Brasil,2933455,29,33,5.0,2.45,0.06,Cerrado,2.9
91a37238-390b-380b-9f8d-f06841bf2756,-14.93832,-53.9865,2026-03-22 16:33:00,NOAA-21,SANTO ANTÔNIO DO LESTE,MATO GROSSO,Brasil,5107792,51,33,0.0,1.2,0.01,Cerrado,4.8
e1f07834-173e-33ca-8c7b-f54adb0eeca6,-11.14244,-43.19405,2026-03-22 16:33:00,NOAA-21,BARRA,BAHIA,Brasil,2902708,29,33,5.0,1.73,0.15,Cerrado,20.7
e6af9b94-d5f1-3656-bb8a-7009a7bb6c47,-20.1999,-46.50561,2026-03-22 17:00:00,NPP-375,SÃO ROQUE DE MINAS,MINAS GERAIS,Brasil,3164308,31,33,0.0,0.0,0.0,Cerrado,4.8
04dce65c-4c2a-3193-9bcd-d04a93c01d78,-18.82335,-48.96291,2026-03-22 17:00:00,NPP-375,MONTE ALEGRE DE MINAS,MINAS GERAIS,Brasil,3142809,31,33,0.0,0.0,0.07,Cerrado,3.8
2bbef618-65dc-34a2-81a1-d304cfc96ad3,-18.82391,-48.96657,2026-03-22 17:00:00,NPP-375,MONTE ALEGRE DE MINAS,MINAS GERAIS,Brasil,3142809,31,33,0.0,0.0,0.06,Cerrado,3.5
fbe376a1-4eb6-3786-ab8a-13bba19fbc17,-18.87902,-44.9817,2026-03-22 17:00:00,NPP-375,POMPÉU,MINAS GERAIS,Brasil,3152006,31,33,2.0,0.0,0.0,Cerrado,3.4
d066c0df-e895-3e65-a7a2-540d876a2cfa,-20.19641,-46.50618,2026-03-22 17:00:00,NPP-375,SÃO ROQUE DE MINAS,MINAS GERAIS,Brasil,3164308,31,33,0.0,0.0,0.0,Cerrado,4.8
0808a4ed-00d2-381c-a726-c19e77f8f350,-21.65735,-52.42784,2026-03-22 17:00:00,NPP-375,SANTA RITA DO PARDO,MATO GROSSO DO SUL,Brasil,5007554,50,33,0.0,1.02,0.64,Cerrado,9.9
f54c5baf-d7b4-33e2-813c-fccd6dd601b0,-13.80395,-55.55749,2026-03-22 17:02:00,NPP-375,NOVA MUTUM,MATO GROSSO,Brasil,5106224,51,33,2.0,3.17,0.0,Cerrado,8.3
449c7faf-b64c-3692-97c6-4de852350a30,-14.30876,-55.76321,2026-03-22 17:02:00,NPP-375,NOBRES,MATO GROSSO,Brasil,5105903,51,33,0.0,5.62,0.0,Cerrado,7.9
8ebf080f-e25d-3d06-9306-0644b580a0a9,-14.30927,-55.76709,2026-03-22 17:02:00,NPP-375,NOBRES,MATO GROSSO,Brasil,5105903,51,33,0.0,5.75,0.0,Cerrado,4.0
5e23a01e-6dab-3e0e-96d6-fac72654cc53,-13.59888,-53.88285,2026-03-22 17:02:00,NPP-375,GAÚCHA DO NORTE,MATO GROSSO,Brasil,5103858,51,33,1.0,5.69,0.0,Cerrado,9.7
349e223f-daea-3345-97de-330c7f94724d,-13.80314,-55.55821,2026-03-22 17:02:00,NPP-375,NOVA MUTUM,MATO GROSSO,Brasil,5106224,51,33,2.0,3.14,0.0,Cerrado,5.8
bef1377e-0ce2-3b68-8f62-8a684667a3f2,-11.14332,-43.1931,2026-03-22 17:02:00,NPP-375,BARRA,BAHIA,Brasil,2902708,29,33,5.0,1.75,0.12,Cerrado,31.8
111ae426-55d0-356f-bb2d-edab5dd3d486,-11.08725,-46.62569,2026-03-22 17:02:00,NPP-375,MATEIROS,TOCANTINS,Brasil,1712702,17,33,2.0,15.03,0.0,Cerrado,3.0
a55a606e-af4a-3ed9-aaf2-df23cb81cd61,-12.41672,-58.39331,2026-03-22 17:02:00,NPP-375,BRASNORTE,MATO GROSSO,Brasil,5101902,51,33,0.0,0.88,0.0,Cerrado,7.4
3eaf2e7e-aa21-3997-a9e8-f515e4b5ccb9,-12.87884,-58.2523,2026-03-22 17:02:00,NPP-375,BRASNORTE,MATO GROSSO,Brasil,5101902,51,33,0.0,4.44,0.0,Cerrado,2.0
5c3766f8-0306-3943-91f4-b67794234f96,-11.65749,-43.76634,2026-03-22 17:02:00,NPP-375,WANDERLEY,BAHIA,Brasil,2933455,29,33,5.0,2.36,0.08,Cerrado,16.8
8174116d-4c2d-3bd4-8a63-1daf2d598f94,-16.22678,-48.67055,2026-03-22 17:02:00,NPP-375,ABADIÂNIA,GOIÁS,Brasil,5200100,52,33,0.0,4.05,0.0,Cerrado,10.6
775c8f0c-4feb-338e-b559-e5010db53faf,-10.53778,-50.9667,2026-03-22 17:02:00,NPP-375,SANTA TEREZINHA,MATO GROSSO,Brasil,5107776,51,33,0.0,2.55,0.01,Cerrado,2.7
8cf8d37f-a7be-39e2-9ea9-ca15f95232e7,-11.66209,-43.76546,2026-03-22 17:02:00,NPP-375,WANDERLEY,BAHIA,Brasil,2933455,29,33,5.0,2.38,0.04,Cerrado,16.8
18d90282-9056-3c5f-b175-a4988d55710d,-14.30978,-55.77098,2026-03-22 17:02:00,NPP-375,NOBRES,MATO GROSSO,Brasil,5105903,51,33,0.0,5.87,0.0,Cerrado,4.0
c3fbc8c7-13af-3608-aa00-ea32e2256abc,-9.19739,-47.03152,2026-03-22 17:05:00,NPP-375,LIZARDA,TOCANTINS,Brasil,1712405,17,33,0.0,3.54,0.0,Cerrado,3.6
37031cfb-6ca4-39da-98c2-2e7d457b966b,-20.19604,-46.50162,2026-03-22 17:20:00,NOAA-20,SÃO ROQUE DE MINAS,MINAS GERAIS,Brasil,3164308,31,33,0.0,0.0,0.0,Cerrado,2.3
365b4067-59eb-3b0c-b25c-6a746681920f,-20.32459,-46.74962,2026-03-22 17:20:00,NOAA-20,DELFINÓPOLIS,MINAS GERAIS,Brasil,3121209,31,33,1.0,0.0,0.02,Cerrado,5.7
41788dc6-af80-3e16-ae8a-d6fc3f0fb2fa,-19.57692,-45.77182,2026-03-22 17:20:00,NOAA-20,ESTRELA DO INDAIÁ,MINAS GERAIS,Brasil,3124708,31,33,2.0,0.0,0.0,Cerrado,0.5
40bd9e76-136e-30a9-a54e-8a2d9dc5b8e4,-20.19621,-46.50571,2026-03-22 17:20:00,NOAA-20,SÃO ROQUE DE MINAS,MINAS GERAIS,Brasil,3164308,31,33,0.0,0.0,0.0,Cerrado,3.8
7c614730-e16e-3b19-a84e-880fdc44daa8,-20.19735,-46.50799,2026-03-22 17:20:00,NOAA-20,SÃO ROQUE DE MINAS,MINAS GERAIS,Brasil,3164308,31,33,0.0,0.0,0.0,Cerrado,3.1
0eeae5c1-d46c-3524-880f-525ef3ec1342,-20.2013,-46.50504,2026-03-22 17:20:00,NOAA-20,SÃO ROQUE DE MINAS,MINAS GERAIS,Brasil,3164308,31,33,0.0,0.0,0.0,Cerrado,3.8
e48602d7-e44e-3072-85c6-6b3bf50dc9c5,-20.20177,-46.5041,2026-03-22 17:20:00,NOAA-20,SÃO ROQUE DE MINAS,MINAS GERAIS,Brasil,3164308,31,33,0.0,0.0,0.0,Cerrado,2.9
f4d8b90f-177a-3c88-b7ea-84b7b4ab598f,-19.8848,-44.95678,2026-03-22 17:20:00,NOAA-20,NOVA SERRANA,MINAS GERAIS,Brasil,3145208,31,33,0.0,0.0,0.03,Cerrado,4.0
7fdf2255-4d1a-3063-946d-c76330c941b9,-20.19669,-46.50475,2026-03-22 17:20:00,NOAA-20,SÃO ROQUE DE MINAS,MINAS GERAIS,Brasil,3164308,31,33,0.0,0.0,0.0,Cerrado,2.3
8b458963-6b0c-3adc-8f23-a277563f09ff,-14.41558,-58.7811,2026-03-22 17:22:00,NOAA-20,TANGARÁ DA SERRA,MATO GROSSO,Brasil,5107958,51,33,0.0,4.21,0.0,Cerrado,4.1
e2ac3077-e011-3292-b272-7b184b8d6e4f,-18.88269,-44.98223,2026-03-22 17:22:00,NOAA-20,POMPÉU,MINAS GERAIS,Brasil,3152006,31,33,2.0,0.0,0.0,Cerrado,4.8
e4d13943-2aca-393a-bab4-0c135597f35e,-18.88502,-44.98035,2026-03-22 17:22:00,NOAA-20,POMPÉU,MINAS GERAIS,Brasil,3152006,31,33,2.0,0.0,0.0,Cerrado,2.6
fbec3480-0e1b-327b-9b3f-b5f25a7b971c,-17.90749,-54.12887,2026-03-22 17:22:00,NOAA-20,PEDRO GOMES,MATO GROSSO DO SUL,Brasil,5006408,50,33,0.0,4.4,0.0,Cerrado,5.7
aab489c9-9762-332e-9480-fe4b3138700c,-11.66129,-43.77621,2026-03-22 17:49:00,AQUA_M-T,WANDERLEY,BAHIA,Brasil,2933455,29,33,5.0,2.57,0.06,Cerrado,19.1
4b657f77-4f6e-31f5-85ff-1f9d6a33264c,-8.84599,-45.85146,2026-03-22 17:49:00,AQUA_M-T,SANTA FILOMENA,PIAUÍ,Brasil,2209203,22,33,0.0,4.59,0.0,Cerrado,35.6
8d104bbd-c4ff-3cf2-9932-1a968f59e06c,-16.43069,-54.92828,2026-03-22 18:13:00,NOAA-21,RONDONÓPOLIS,MATO GROSSO,Brasil,5107602,51,33,1.0,0.4,0.09,Cerrado,11.1
08b0dffb-958e-342e-9dbb-27c2d6040918,-21.21982,-56.19263,2026-03-22 19:25:00,AQUA_M-T,NIOAQUE,MATO GROSSO DO SUL,Brasil,5005806,50,33,2.0,0.0,0.12,Cerrado,7.8
6dc5f284-e651-3b23-ad10-ec2d62937a1b,-21.22169,-56.20387,2026-03-22 19:25:00,AQUA_M-T,NIOAQUE,MATO GROSSO DO SUL,Brasil,5005806,50,33,2.0,0.0,0.26,Cerrado,9.0
d7ce73a9-0612-35a1-8689-3b3897e6e8e3,-20.18907,-46.521,2026-03-22 23:39:00,TERRA_M-T,SÃO ROQUE DE MINAS,MINAS GERAIS,Brasil,3164308,31,33,0.0,0.0,0.01,Cerrado,32.2
b62d3921-0aa1-3e36-82ca-ed8443b5d3c0,-12.50481,-43.68993,2026-03-22 23:41:00,TERRA_M-T,BREJOLÂNDIA,BAHIA,Brasil,2904407,29,33,4.0,5.5,0.06,Cerrado,30.3
d0fa4c85-2621-39b4-ac9c-0bd6c482d734,-12.52011,-43.69558,2026-03-22 23:41:00,TERRA_M-T,BREJOLÂNDIA,BAHIA,Brasil,2904407,29,33,4.0,5.26,0.02,Cerrado,6.7
89f67cb0-b275-3b4b-8e6f-ce8ff8633a55,-12.51563,-43.68854,2026-03-22 23:41:00,TERRA_M-T,BREJOLÂNDIA,BAHIA,Brasil,2904407,29,33,4.0,5.27,0.02,Cerrado,24.6
f4ce22db-8782-3bec-a4a9-397cdb12b4c8,-20.182199,-46.476799,2026-03-23 00:33:00,METOP-B,SÃO ROQUE DE MINAS,MINAS GERAIS,Brasil,3164308,31,33,2.0,0.0,0.01,Cerrado,
6a51c251-6339-3b0b-a53e-0aac866597bf,-20.1849,-46.487598,2026-03-23 00:33:00,METOP-B,SÃO ROQUE DE MINAS,MINAS GERAIS,Brasil,3164308,31,33,2.0,0.0,0.01,Cerrado,
faaeecd4-f076-330b-8d29-b48d09601dfb,-20.1939,-46.5023,2026-03-23 03:10:00,GOES-19,SÃO ROQUE DE MINAS,MINAS GERAIS,Brasil,3164308,31,33,2.0,0.0,0.01,Cerrado,75.2
77450207-68ae-3cb2-a2b1-f3e9f31eeea7,-20.18645,-46.51557,2026-03-23 03:40:00,NOAA-21,SÃO ROQUE DE MINAS,MINAS GERAIS,Brasil,3164308,31,33,2.0,0.0,0.02,Cerrado,13.3
2915ccb7-9f4b-31ba-ac84-7f432dd1b02e,-20.19251,-46.51298,2026-03-23 03:40:00,NOAA-21,SÃO ROQUE DE MINAS,MINAS GERAIS,Brasil,3164308,31,33,2.0,0.0,0.01,Cerrado,7.4
3ee75d3c-05d0-36c1-847b-f63ce920b142,-20.1811,-46.51488,2026-03-23 03:40:00,NOAA-21,SÃO ROQUE DE MINAS,MINAS GERAIS,Brasil,3164308,31,33,2.0,0.0,0.01,Cerrado,10.1
ef461814-7bd6-3c8b-b4af-b52309f03890,-20.18036,-46.51833,2026-03-23 03:40:00,NOAA-21,SÃO ROQUE DE MINAS,MINAS GERAIS,Brasil,3164308,31,33,2.0,0.0,0.02,Cerrado,10.1
1a3d1439-aa17-360c-9347-80d45834ebeb,-20.1918,-46.51634,2026-03-23 03:40:00,NOAA-21,SÃO ROQUE DE MINAS,MINAS GERAIS,Brasil,3164308,31,33,2.0,0.0,0.01,Cerrado,13.3
50d46b4f-a332-368b-b00f-ef9d55e7e938,-20.19855,-46.51047,2026-03-23 03:40:00,NOAA-21,SÃO ROQUE DE MINAS,MINAS GERAIS,Brasil,3164308,31,33,2.0,0.0,0.01,Cerrado,2.2
23fb1145-7d37-3c2f-a5bf-d22233955f99,-20.19783,-46.51387,2026-03-23 03:40:00,NOAA-21,SÃO ROQUE DE MINAS,MINAS GERAIS,Brasil,3164308,31,33,2.0,0.0,0.01,Cerrado,2.2
c1a65082-e3d4-395a-ba0d-2394303feee3,-20.18184,-46.51139,2026-03-23 03:40:00,NOAA-21,SÃO ROQUE DE MINAS,MINAS GERAIS,Brasil,3164308,31,33,2.0,0.0,0.01,Cerrado,5.1
e09b75b5-47ef-342b-ba09-2dce5cf33d8a,-20.18573,-46.51892,2026-03-23 03:40:00,NOAA-21,SÃO ROQUE DE MINAS,MINAS GERAIS,Brasil,3164308,31,33,2.0,0.0,0.03,Cerrado,13.3
87012ece-ee90-30b1-812e-08bff33c5ab3,-20.1939,-46.5023,2026-03-23 03:50:00,GOES-19,SÃO ROQUE DE MINAS,MINAS GERAIS,Brasil,3164308,31,33,2.0,0.0,0.01,Cerrado,72.7
b3abd821-6d63-35df-ad5e-5ff9e99e6819,-20.1939,-46.5023,2026-03-23 04:00:00,GOES-19,SÃO ROQUE DE MINAS,MINAS GERAIS,Brasil,3164308,31,33,2.0,0.0,0.01,Cerrado,60.5
a6d8a5f2-4544-3d4d-8e3b-e37d2d3d5f57,-20.1939,-46.5023,2026-03-23 04:10:00,GOES-19,SÃO ROQUE DE MINAS,MINAS GERAIS,Brasil,3164308,31,33,2.0,0.0,0.01,Cerrado,63.3
8a8e850f-c0ce-3f26-a5da-580a219ec1b3,-20.18249,-46.51727,2026-03-23 04:12:00,NPP-375D,SÃO ROQUE DE MINAS,MINAS GERAIS,Brasil,3164308,31,33,2.0,0.0,0.02,Cerrado,11.2
c46802b5-82e6-328b-ac58-9efafc4fda8b,-20.18405,-46.50842,2026-03-23 04:12:00,NPP-375D,SÃO ROQUE DE MINAS,MINAS GERAIS,Brasil,3164308,31,33,2.0,0.0,0.01,Cerrado,0.7
28ae0d11-c84f-393d-9868-5ac560121133,-20.19416,-46.51471,2026-03-23 04:12:00,NPP-375D,SÃO ROQUE DE MINAS,MINAS GERAIS,Brasil,3164308,31,33,2.0,0.0,0.01,Cerrado,10.7
f26b34a6-12c2-3b6a-a804-cd86ba2a7abc,-20.19778,-46.51539,2026-03-23 04:12:00,NPP-375D,SÃO ROQUE DE MINAS,MINAS GERAIS,Brasil,3164308,31,33,2.0,0.0,0.01,Cerrado,2.0
cd183342-06a8-377d-b8eb-a5722bfeedf9,-20.18534,-46.52227,2026-03-23 04:12:00,NPP-375D,SÃO ROQUE DE MINAS,MINAS GERAIS,Brasil,3164308,31,33,2.0,0.0,0.02,Cerrado,32.5
b86f96b8-66b9-3496-a002-f03fc6280c96,-20.17885,-46.51667,2026-03-23 04:12:00,NPP-375D,SÃO ROQUE DE MINAS,MINAS GERAIS,Brasil,3164308,31,33,2.0,0.0,0.01,Cerrado,2.1
d7d26b5a-2b70-3d83-b606-41c0db97cd75,-20.20219,-46.51163,2026-03-23 04:12:00,NPP-375D,SÃO ROQUE DE MINAS,MINAS GERAIS,Brasil,3164308,31,33,2.0,0.0,0.01,Cerrado,1.9
3613c5cb-b83b-34df-9143-67fd50d7eadf,-20.18327,-46.51286,2026-03-23 04:12:00,NPP-375D,SÃO ROQUE DE MINAS,MINAS GERAIS,Brasil,3164308,31,33,2.0,0.0,0.01,Cerrado,11.2
a19d6ff8-9670-36c3-bf02-924c5055fc85,-20.18976,-46.51847,2026-03-23 04:12:00,NPP-375D,SÃO ROQUE DE MINAS,MINAS GERAIS,Brasil,3164308,31,33,2.0,0.0,0.02,Cerrado,10.7
6b63825c-d186-3307-892b-fe3d1e4faafa,-20.19856,-46.51097,2026-03-23 04:12:00,NPP-375D,SÃO ROQUE DE MINAS,MINAS GERAIS,Brasil,3164308,31,33,2.0,0.0,0.01,Cerrado,1.9
c594c7ed-7ea1-348b-9ac5-fbf42859f792,-20.19053,-46.51409,2026-03-23 04:12:00,NPP-375D,SÃO ROQUE DE MINAS,MINAS GERAIS,Brasil,3164308,31,33,2.0,0.0,0.01,Cerrado,10.7
3132557f-ac3a-3e7f-bb72-eedb3b495a1d,-20.18612,-46.51785,2026-03-23 04:12:00,NPP-375D,SÃO ROQUE DE MINAS,MINAS GERAIS,Brasil,3164308,31,33,2.0,0.0,0.02,Cerrado,11.2
7127bcec-e2a2-330b-9fb6-a9585d5ce6cb,-20.17964,-46.51222,2026-03-23 04:12:00,NPP-375D,SÃO ROQUE DE MINAS,MINAS GERAIS,Brasil,3164308,31,33,2.0,0.0,0.01,Cerrado,2.1
935072cf-b771-3144-a492-255c69f9eeeb,-20.1817,-46.52169,2026-03-23 04:12:00,NPP-375D,SÃO ROQUE DE MINAS,MINAS GERAIS,Brasil,3164308,31,33,2.0,0.0,0.02,Cerrado,32.5
d8b668ca-21fa-39ee-8464-a7e1d9952c36,-20.18557,-46.51781,2026-03-23 04:32:00,NOAA-20,SÃO ROQUE DE MINAS,MINAS GERAIS,Brasil,3164308,31,33,2.0,0.0,0.03,Cerrado,1.6
e2880b07-5555-33f9-a487-993715d1daed,-20.18973,-46.51411,2026-03-23 04:32:00,NOAA-20,SÃO ROQUE DE MINAS,MINAS GERAIS,Brasil,3164308,31,33,2.0,0.0,0.01,Cerrado,1.6
429138e7-25f3-3824-aba5-7d2aa2d2e161,-20.18912,-46.51848,2026-03-23 04:32:00,NOAA-20,SÃO ROQUE DE MINAS,MINAS GERAIS,Brasil,3164308,31,33,2.0,0.0,0.02,Cerrado,1.6
fc56d49d-3fd4-3b55-875a-42f3a6d0560c,-20.19686,-46.51539,2026-03-23 04:32:00,NOAA-20,SÃO ROQUE DE MINAS,MINAS GERAIS,Brasil,3164308,31,33,2.0,0.0,0.01,Cerrado,5.1
732e69a8-b037-304d-b890-410c3bd19f76,-20.17786,-46.52073,2026-03-23 04:32:00,NOAA-20,SÃO ROQUE DE MINAS,MINAS GERAIS,Brasil,3164308,31,33,2.0,0.0,0.01,Cerrado,26.2
4db0dff4-9b5e-384e-bbe6-a8c4affdea45,-20.18496,-46.52213,2026-03-23 04:32:00,NOAA-20,SÃO ROQUE DE MINAS,MINAS GERAIS,Brasil,3164308,31,33,2.0,0.0,0.03,Cerrado,1.2
8add9bb3-6060-3ce4-9b94-b6f5081167cf,-20.20103,-46.51168,2026-03-23 04:32:00,NOAA-20,SÃO ROQUE DE MINAS,MINAS GERAIS,Brasil,3164308,31,33,2.0,0.0,0.01,Cerrado,1.7
aecfde5f-9c1e-31f9-a2c8-181524ec05d7,-20.18201,-46.51712,2026-03-23 04:32:00,NOAA-20,SÃO ROQUE DE MINAS,MINAS GERAIS,Brasil,3164308,31,33,2.0,0.0,0.02,Cerrado,4.6
26eaff13-9db6-3e1a-bfe7-4edfe8f962e6,-20.19214,-46.49682,2026-03-23 04:32:00,NOAA-20,SÃO ROQUE DE MINAS,MINAS GERAIS,Brasil,3164308,31,33,2.0,0.0,0.01,Cerrado,0.5
2dd83480-29ca-3d59-bc7c-323c888933ef,-20.19329,-46.51477,2026-03-23 04:32:00,NOAA-20,SÃO ROQUE DE MINAS,MINAS GERAIS,Brasil,3164308,31,33,2.0,0.0,0.01,Cerrado,5.1
974f22f5-72dd-3c25-8827-bdc931353044,-20.18141,-46.52144,2026-03-23 04:32:00,NOAA-20,SÃO ROQUE DE MINAS,MINAS GERAIS,Brasil,3164308,31,33,2.0,0.0,0.02,Cerrado,26.2
ad5e4b09-121c-353e-82a1-c40e27b29d8c,-20.19746,-46.51106,2026-03-23 04:32:00,NOAA-20,SÃO ROQUE DE MINAS,MINAS GERAIS,Brasil,3164308,31,33,2.0,0.0,0.01,Cerrado,4.8
3f3c4068-d0c7-35b9-92ee-f08c447644d1,-20.18321,-46.5085,2026-03-23 04:32:00,NOAA-20,SÃO ROQUE DE MINAS,MINAS GERAIS,Brasil,3164308,31,33,2.0,0.0,0.01,Cerrado,0.6
9d49d90b-4986-3163-9096-01451b06c440,-19.78047,-49.77208,2026-03-23 04:32:00,NOAA-20,SÃO FRANCISCO DE SALES,MINAS GERAIS,Brasil,3161304,31,33,2.0,0.0,0.1,Cerrado,0.6
ec8965ff-c8ab-3b6c-9f5e-388052dc61a7,-20.18261,-46.51279,2026-03-23 04:32:00,NOAA-20,SÃO ROQUE DE MINAS,MINAS GERAIS,Brasil,3164308,31,33,2.0,0.0,0.01,Cerrado,4.6
dd115798-fc9f-3979-808c-edf66865269d,-20.17845,-46.51645,2026-03-23 04:32:00,NOAA-20,SÃO ROQUE DE MINAS,MINAS GERAIS,Brasil,3164308,31,33,2.0,0.0,0.01,Cerrado,4.6
a1a0a4ee-e75f-31f0-9896-85fc2cc66ff7,-16.43223,-54.93266,2026-03-23 05:21:00,NOAA-21,RONDONÓPOLIS,MATO GROSSO,Brasil,5107602,51,33,1.0,2.22,0.11,Cerrado,1.4
6c873a56-4e81-314f-a3ae-b7f5c86fc16c,-16.42789,-54.932,2026-03-23 05:21:00,NOAA-21,RONDONÓPOLIS,MATO GROSSO,Brasil,5107602,51,33,1.0,2.21,0.11,Cerrado,2.0
9b334e7f-5a37-360c-80ed-6142654f2738,-20.1829,-46.52504,2026-03-23 06:16:00,AQUA_M-M,SÃO ROQUE DE MINAS,MINAS GERAIS,Brasil,3164308,31,33,2.0,0.0,0.02,Cerrado,5.1
eff05dd4-290b-3662-adeb-779825c8bf66,-20.17381,-46.52334,2026-03-23 06:16:00,AQUA_M-M,SÃO ROQUE DE MINAS,MINAS GERAIS,Brasil,3164308,31,33,2.0,0.0,0.01,Cerrado,11.0
7de6f547-e76e-346a-89aa-074ffea52f8f,-20.18433,-46.51488,2026-03-23 06:16:00,AQUA_M-M,SÃO ROQUE DE MINAS,MINAS GERAIS,Brasil,3164308,31,33,2.0,0.0,0.02,Cerrado,9.9
7527a161-cebf-3402-b017-e325e797fc3c,-5.34507,-45.1144,2026-03-23 12:06:00,TERRA_M-T,BARRA DO CORDA,MARANHÃO,Brasil,2101608,21,33,0.0,6.67,0.02,Cerrado,39.0
b91e39a0-e6d0-3d51-bcdd-29515cbb5b10,-5.34359,-45.12524,2026-03-23 12:06:00,TERRA_M-T,BARRA DO CORDA,MARANHÃO,Brasil,2101608,21,33,0.0,6.26,0.04,Cerrado,40.6
513e57b9-67e5-3ebd-9820-a49a09dbde53,-20.18838,-46.5362,2026-03-23 12:10:00,TERRA_M-T,SÃO ROQUE DE MINAS,MINAS GERAIS,Brasil,3164308,31,33,2.0,0.0,0.01,Cerrado,11.9
96a859a9-5d80-3511-9b0d-d64d3be76b57,-20.19007,-46.52193,2026-03-23 12:10:00,TERRA_M-T,SÃO ROQUE DE MINAS,MINAS GERAIS,Brasil,3164308,31,33,2.0,0.0,0.02,Cerrado,10.5
97cc545e-5165-336d-ad1f-22b6493a08fb,-20.17752,-46.53446,2026-03-23 12:10:00,TERRA_M-T,SÃO ROQUE DE MINAS,MINAS GERAIS,Brasil,3164308,31,33,2.0,0.0,0.01,Cerrado,7.2
c29013ec-15a5-3cbd-8a3c-2b5208e21ba4,-18.93324,-46.98029,2026-03-23 12:10:00,TERRA_M-T,PATROCÍNIO,MINAS GERAIS,Brasil,3148103,31,33,2.0,0.0,-999.0,Cerrado,8.3
b7f19fe2-4838-3e7a-bcab-74f7a743ed2f,-20.192,-46.52853,2026-03-23 12:10:00,TERRA_M-T,SÃO ROQUE DE MINAS,MINAS GERAIS,Brasil,3164308,31,33,2.0,0.0,0.01,Cerrado,14.1
7f47a524-bc41-36e9-b42e-0ba400c49ddf,-19.77805,-49.77344,2026-03-23 16:09:00,NOAA-21,SÃO FRANCISCO DE SALES,MINAS GERAIS,Brasil,3161304,31,33,2.0,0.0,0.1,Cerrado,5.4
56d5bb1f-90f9-3b62-98e9-3bfe5213e875,-19.7714,-49.76893,2026-03-23 16:09:00,NOAA-21,SÃO FRANCISCO DE SALES,MINAS GERAIS,Brasil,3161304,31,33,1.0,0.0,0.08,Cerrado,8.6
7e51713f-c7f9-3e33-8c9d-17c49c0e5c2b,-19.17386,-49.13276,2026-03-23 16:09:00,NOAA-21,PRATA,MINAS GERAIS,Brasil,3152808,31,33,2.0,0.0,0.16,Cerrado,17.3
07eb06d2-faa0-3fee-b964-0c66eaf83912,-19.77758,-49.76846,2026-03-23 16:09:00,NOAA-21,SÃO FRANCISCO DE SALES,MINAS GERAIS,Brasil,3161304,31,33,2.0,0.0,0.1,Cerrado,5.4
cf1efd30-55b6-3923-a00d-140668a27aba,-19.66732,-48.62688,2026-03-23 16:09:00,NOAA-21,CAMPO FLORIDO,MINAS GERAIS,Brasil,3111408,31,33,2.0,0.0,0.18,Cerrado,0.3
61f8414d-85e2-36cc-81d1-11ab2bbc0734,-19.77125,-49.769,2026-03-23 16:09:00,NOAA-21,SÃO FRANCISCO DE SALES,MINAS GERAIS,Brasil,3161304,31,33,2.0,0.0,0.08,Cerrado,5.3
e44c81d7-85cc-3180-b8d4-a23e201269fe,-19.17555,-49.13524,2026-03-23 16:09:00,NOAA-21,PRATA,MINAS GERAIS,Brasil,3152808,31,33,2.0,0.0,0.16,Cerrado,16.3
795672a6-565e-3092-b976-790f411863fb,-19.77743,-49.76852,2026-03-23 16:09:00,NOAA-21,SÃO FRANCISCO DE SALES,MINAS GERAIS,Brasil,3161304,31,33,2.0,0.0,0.1,Cerrado,5.3
e4c93e7d-6bb6-3fea-8b96-97a23017eae0,-19.77787,-49.77351,2026-03-23 16:09:00,NOAA-21,SÃO FRANCISCO DE SALES,MINAS GERAIS,Brasil,3161304,31,33,2.0,0.0,0.1,Cerrado,5.3
6b7d18f4-f9bc-3455-808d-abac3fc28d9e,-17.90462,-48.04534,2026-03-23 16:11:00,NOAA-21,IPAMERI,GOIÁS,Brasil,5210109,52,33,0.0,0.0,0.01,Cerrado,0.3
6a4f4450-791f-35a9-ab31-49ae008cfb60,-14.23197,-44.31398,2026-03-23 16:11:00,NOAA-21,FEIRA DA MATA,BAHIA,Brasil,2910776,29,33,0.0,0.51,0.15,Cerrado,7.1
1190e5c9-e1b3-3895-a6fe-6537876379b3,-15.38315,-51.55923,2026-03-23 16:11:00,NOAA-21,JUSSARA,GOIÁS,Brasil,5212204,52,33,3.0,0.0,0.02,Cerrado,18.4
f7c71443-18ec-30a1-8738-4dbc2eb3f416,-15.38275,-51.56191,2026-03-23 16:11:00,NOAA-21,JUSSARA,GOIÁS,Brasil,5212204,52,33,3.0,0.0,0.03,Cerrado,19.0
a821ff61-6355-3d41-9b0a-5bb1e028affa,-16.34308,-50.33923,2026-03-23 16:11:00,NOAA-21,SÃO LUÍS DE MONTES BELOS,GOIÁS,Brasil,5220108,52,33,0.0,0.0,0.02,Cerrado,1.9
39e8735e-95f5-3c18-a5a8-34bcfb990ba3,-5.54251,-43.41496,2026-03-23 16:13:00,NOAA-21,PARNARAMA,MARANHÃO,Brasil,2107803,21,33,0.0,5.28,0.02,Cerrado,6.2
ede71a56-30e6-383c-913d-d1e5a9e79a1c,-14.04322,-43.85161,2026-03-23 16:41:00,NPP-375,CARINHANHA,BAHIA,Brasil,2907103,29,33,0.0,0.97,0.03,Cerrado,5.0
883acc73-170d-30c3-a687-15428780dfc4,-20.39095,-49.74788,2026-03-23 16:41:00,NPP-375,COSMORAMA,SÃO PAULO,Brasil,3512902,35,33,2.0,0.2,0.07,Cerrado,2.8
9ac4dede-6c49-38d2-ba13-27ba78e81560,-15.11522,-43.96474,2026-03-23 16:41:00,NPP-375,JAÍBA,MINAS GERAIS,Brasil,3135050,31,33,3.0,3.2,0.01,Cerrado,9.8
fcc2517f-ea90-34e9-9a48-72fd4b69f9f6,-18.78622,-51.93057,2026-03-23 16:41:00,NPP-375,APORÉ,GOIÁS,Brasil,5201504,52,33,2.0,0.0,0.11,Cerrado,7.7
1789b699-c5cf-3a5d-9e6d-a5b57fc165cb,-19.75242,-45.85498,2026-03-23 16:41:00,NPP-375,LUZ,MINAS GERAIS,Brasil,3138807,31,33,3.0,0.0,0.01,Cerrado,11.2
7916aeb5-5301-3e0d-9d1c-8423608426b5,-15.57709,-51.27795,2026-03-23 16:41:00,NPP-375,JUSSARA,GOIÁS,Brasil,5212204,52,33,2.0,0.0,0.02,Cerrado,10.4
20d5cde9-55c9-37e9-bbf6-e6b72d389178,-16.12843,-54.92599,2026-03-23 16:41:00,NPP-375,JUSCIMEIRA,MATO GROSSO,Brasil,5105200,51,33,0.0,5.79,0.02,Cerrado,3.9
5726d536-136a-34ed-9ab6-05b51fa874ca,-19.17563,-49.13375,2026-03-23 16:41:00,NPP-375,PRATA,MINAS GERAIS,Brasil,3152808,31,33,2.0,0.0,0.16,Cerrado,7.0
fdb6f562-569c-32f8-a3e1-d1eeea4a4d19,-16.12703,-54.92532,2026-03-23 16:41:00,NPP-375,JUSCIMEIRA,MATO GROSSO,Brasil,5105200,51,33,0.0,5.8,0.02,Cerrado,2.8
82ef7dfd-938d-381a-869c-91ddad33cc3f,-16.42873,-54.93049,2026-03-23 16:41:00,NPP-375,RONDONÓPOLIS,MATO GROSSO,Brasil,5107602,51,33,1.0,2.2,0.11,Cerrado,4.0
6f3acef4-b8db-37e6-9282-b8dd082d3c74,-19.17677,-49.13536,2026-03-23 16:41:00,NPP-375,PRATA,MINAS GERAIS,Brasil,3152808,31,33,2.0,0.0,0.16,Cerrado,6.6
c214ec70-77fa-3663-97b7-d64ef19d05ae,-19.17958,-49.13324,2026-03-23 16:41:00,NPP-375,PRATA,MINAS GERAIS,Brasil,3152808,31,33,2.0,0.0,0.16,Cerrado,7.0
5e9a9208-d3a1-3dc7-be6d-3af3641e9c42,-18.78562,-51.92545,2026-03-23 16:41:00,NPP-375,APORÉ,GOIÁS,Brasil,5201504,52,33,2.0,0.0,0.11,Cerrado,7.7
e8004375-8bb7-3156-9180-00afed0a125e,-17.30779,-43.61602,2026-03-23 16:41:00,NPP-375,OLHOS-D'ÁGUA,MINAS GERAIS,Brasil,3145455,31,33,0.0,8.29,0.0,Cerrado,10.7
930bd916-5020-396d-8fdd-13416f570418,-18.33805,-49.22343,2026-03-23 16:41:00,NPP-375,ITUMBIARA,GOIÁS,Brasil,5211503,52,33,1.0,0.0,0.02,Cerrado,4.4
e66f9a41-40bb-37f9-b17a-3d8090f68bd5,-19.17609,-49.13012,2026-03-23 16:41:00,NPP-375,PRATA,MINAS GERAIS,Brasil,3152808,31,33,2.0,0.0,0.16,Cerrado,7.3
de30df36-ec6f-3a2d-a4ac-ee1d16326f55,-17.6867,-53.04386,2026-03-23 16:41:00,NPP-375,MINEIROS,GOIÁS,Brasil,5213103,52,33,0.0,0.0,0.02,Cerrado,5.1
da7ff0a7-7351-3777-8932-f6b8615c26e7,-14.23251,-44.31519,2026-03-23 16:41:00,NPP-375,FEIRA DA MATA,BAHIA,Brasil,2910776,29,33,0.0,0.51,0.16,Cerrado,3.1
48fa528a-bb09-39f6-8346-dff35448d785,-16.94038,-48.92278,2026-03-23 16:41:00,NPP-375,BELA VISTA DE GOIÁS,GOIÁS,Brasil,5203302,52,33,2.0,0.0,0.01,Cerrado,3.7
e95e3420-3dc5-3192-9181-3fa7d7304336,-18.78709,-51.92761,2026-03-23 16:41:00,NPP-375,APORÉ,GOIÁS,Brasil,5201504,52,33,2.0,0.0,0.11,Cerrado,14.0
98e228da-7371-3e63-b53d-4f14a3ea3e89,-13.54373,-53.48965,2026-03-23 16:43:00,NPP-375,GAÚCHA DO NORTE,MATO GROSSO,Brasil,5103858,51,33,0.0,2.49,0.02,Cerrado,10.1
0baf67cd-a580-36b1-a483-e2aadbb2777a,-13.46576,-52.67626,2026-03-23 16:43:00,NPP-375,CANARANA,MATO GROSSO,Brasil,5102702,51,33,0.0,0.89,0.02,Cerrado,11.2
79dde48d-794a-36bb-a6ac-011c9a2312e6,-13.74899,-56.25029,2026-03-23 16:43:00,NPP-375,NOVA MUTUM,MATO GROSSO,Brasil,5106224,51,33,1.0,0.36,0.0,Cerrado,2.8
04c4e95b-b2eb-3e88-a72a-fdffc143e1ee,-6.23372,-43.82227,2026-03-23 16:43:00,NPP-375,PASSAGEM FRANCA,MARANHÃO,Brasil,2107902,21,33,0.0,5.64,0.0,Cerrado,4.5
8d503c3f-64c1-3f9d-9fe2-b48beecb531e,-13.48565,-46.78722,2026-03-23 16:43:00,NPP-375,MONTE ALEGRE DE GOIÁS,GOIÁS,Brasil,5213509,52,33,1.0,2.73,0.17,Cerrado,10.5
c929c1e9-3c8f-3a8c-a087-dddec74417d9,-9.47094,-46.09052,2026-03-23 16:43:00,NPP-375,ALTO PARNAÍBA,MARANHÃO,Brasil,2100501,21,33,0.0,2.41,0.01,Cerrado,11.1
85989cac-c38b-3e9e-95c6-672ca5bf05ab,-12.15344,-51.472,2026-03-23 16:43:00,NPP-375,BOM JESUS DO ARAGUAIA,MATO GROSSO,Brasil,5101852,51,33,0.0,3.34,0.02,Cerrado,9.1
cd510853-8746-303d-8e91-c7e693855efc,-7.03007,-43.73703,2026-03-23 16:43:00,NPP-375,JERUMENHA,PIAUÍ,Brasil,2205300,22,33,0.0,21.22,0.0,Cerrado,4.8
598441b3-76f5-3f10-940e-7b00a42999a0,-7.49133,-46.14122,2026-03-23 16:43:00,NPP-375,BALSAS,MARANHÃO,Brasil,2101400,21,33,0.0,27.99,0.0,Cerrado,2.5
3e755722-80b1-3b31-be6c-8a6e609b13ca,-7.03375,-43.73645,2026-03-23 16:43:00,NPP-375,JERUMENHA,PIAUÍ,Brasil,2205300,22,33,0.0,21.18,0.0,Cerrado,3.3
0b42c16a-fb39-38cd-b16d-8ef52f2d1f6f,-11.8068,-49.42355,2026-03-23 16:43:00,NPP-375,FORMOSO DO ARAGUAIA,TOCANTINS,Brasil,1708205,17,33,0.0,15.11,0.0,Cerrado,59.3
0699eb8c-62cb-3c53-8f77-f14c7bea0685,-5.59585,-44.11527,2026-03-23 16:45:00,NPP-375,GOVERNADOR LUIZ ROCHA,MARANHÃO,Brasil,2104628,21,33,0.0,0.9,0.05,Cerrado,7.2
1fe5873e-b34a-36d9-87d3-e29e0c0a8234,-3.97843,-43.41584,2026-03-23 16:45:00,NPP-375,CHAPADINHA,MARANHÃO,Brasil,2103208,21,33,0.0,0.34,0.0,Cerrado,7.8
1b4d7326-d975-3dff-a4b2-4a9b75e49368,-3.55033,-42.70067,2026-03-23 16:45:00,NPP-375,MILAGRES DO MARANHÃO,MARANHÃO,Brasil,2106672,21,33,1.0,0.2,0.01,Cerrado,2.2
3fb7e3e3-0586-3867-8130-3d3869e39c03,-5.54676,-43.41668,2026-03-23 16:45:00,NPP-375,PARNARAMA,MARANHÃO,Brasil,2107803,21,33,0.0,5.07,0.02,Cerrado,8.5
64660208-f60d-3a7d-9b3c-ccc9ffb598a2,-3.97941,-43.41899,2026-03-23 16:45:00,NPP-375,CHAPADINHA,MARANHÃO,Brasil,2103208,21,33,0.0,0.35,0.0,Cerrado,5.6
952d67f0-30a5-3357-abf4-8e620153f471,-5.3495,-45.12244,2026-03-23 16:45:00,NPP-375,BARRA DO CORDA,MARANHÃO,Brasil,2101608,21,33,0.0,6.57,0.04,Cerrado,2.3
4181e85a-97d3-3385-8b97-d516306da498,-5.54293,-43.4173,2026-03-23 16:45:00,NPP-375,PARNARAMA,MARANHÃO,Brasil,2107803,21,33,0.0,5.18,0.02,Cerrado,6.3
6160f39c-1bd5-38c1-a132-32058daaeb0c,-5.34599,-45.123,2026-03-23 16:45:00,NPP-375,BARRA DO CORDA,MARANHÃO,Brasil,2101608,21,33,0.0,6.41,0.04,Cerrado,9.4
1f428ff4-f534-3b02-8462-78186ce6447f,-5.34538,-45.11913,2026-03-23 16:45:00,NPP-375,BARRA DO CORDA,MARANHÃO,Brasil,2101608,21,33,0.0,6.54,0.04,Cerrado,16.7
708ae96f-3369-3b74-a24c-bcd5a3e656ae,-3.14035,-43.22411,2026-03-23 16:45:00,NPP-375,URBANO SANTOS,MARANHÃO,Brasil,2112605,21,33,0.0,0.4,0.0,Cerrado,8.4
8d4e56bb-3722-383d-9b32-d5039c1e1846,-3.27481,-43.54178,2026-03-23 16:45:00,NPP-375,SÃO BENEDITO DO RIO PRETO,MARANHÃO,Brasil,2110401,21,33,0.0,3.84,0.0,Cerrado,12.2
5ed3b47c-1807-3711-8abd-7e4ace8ae80c,-3.27089,-43.54239,2026-03-23 16:45:00,NPP-375,SÃO BENEDITO DO RIO PRETO,MARANHÃO,Brasil,2110401,21,33,0.0,3.89,0.0,Cerrado,11.3
45aca0e8-07cf-30b1-97b2-c1ebca0295e8,-3.98234,-43.41521,2026-03-23 16:45:00,NPP-375,CHAPADINHA,MARANHÃO,Brasil,2103208,21,33,0.0,0.31,0.0,Cerrado,7.8
e8357e23-5c15-369b-937b-e2cac7dee479,-3.27402,-43.53687,2026-03-23 16:45:00,NPP-375,SÃO BENEDITO DO RIO PRETO,MARANHÃO,Brasil,2110401,21,33,0.0,3.78,0.0,Cerrado,12.2
305036e1-af10-3c03-9c91-25569e469cb4,-18.33635,-49.22203,2026-03-23 17:02:00,NOAA-20,ITUMBIARA,GOIÁS,Brasil,5211503,52,33,1.0,0.0,0.02,Cerrado,3.9
f4646c72-7bf3-3a6f-a332-a2257688bfea,-17.49264,-51.59875,2026-03-23 17:02:00,NOAA-20,RIO VERDE,GOIÁS,Brasil,5218805,52,33,0.0,0.58,0.03,Cerrado,5.2
e4329565-3314-31ce-bd12-d3cf983518b0,-18.33697,-49.2259,2026-03-23 17:02:00,NOAA-20,ITUMBIARA,GOIÁS,Brasil,5211503,52,33,1.0,0.0,0.02,Cerrado,3.9
1393337a-3137-3353-8038-98ae4a195470,-18.08966,-52.12929,2026-03-23 17:02:00,NOAA-20,SERRANÓPOLIS,GOIÁS,Brasil,5220504,52,33,0.0,0.0,0.03,Cerrado,3.6
4eb29d59-8313-3144-8ef4-991cb67982fa,-17.48932,-51.59929,2026-03-23 17:02:00,NOAA-20,RIO VERDE,GOIÁS,Brasil,5218805,52,33,0.0,0.54,0.04,Cerrado,4.2
32706bee-21b4-3552-8d19-ac9ec32f537a,-18.78786,-51.92781,2026-03-23 17:02:00,NOAA-20,APORÉ,GOIÁS,Brasil,5201504,52,33,2.0,0.0,0.11,Cerrado,5.9
ffb63f1b-5b0c-39bb-b096-d7476d336ec5,-18.78564,-51.92799,2026-03-23 17:02:00,NOAA-20,APORÉ,GOIÁS,Brasil,5201504,52,33,2.0,0.0,0.11,Cerrado,6.4
372544c6-9c40-3d54-8021-7203233b083b,-19.17743,-49.13204,2026-03-23 17:02:00,NOAA-20,PRATA,MINAS GERAIS,Brasil,3152808,31,33,2.0,0.0,0.16,Cerrado,8.7
a7f80b43-6126-3a15-a360-69b92f621d46,-18.7823,-51.92853,2026-03-23 17:02:00,NOAA-20,APORÉ,GOIÁS,Brasil,5201504,52,33,2.0,0.0,0.11,Cerrado,6.4
66b4cec4-9c5f-3fe1-9ad5-b5bc3708e52c,-18.78619,-51.9317,2026-03-23 17:02:00,NOAA-20,APORÉ,GOIÁS,Brasil,5201504,52,33,2.0,0.0,0.11,Cerrado,12.4
834d7b95-5ed4-32f0-9d11-8d70d8f27304,-14.0453,-43.85434,2026-03-23 17:05:00,NOAA-20,CARINHANHA,BAHIA,Brasil,2907103,29,33,0.0,0.96,0.03,Cerrado,5.5
ebc1366a-87b1-384c-be11-0886b7887c25,-16.97156,-52.10497,2026-03-23 17:05:00,NOAA-20,CAIAPÔNIA,GOIÁS,Brasil,5204409,52,33,0.0,0.1,0.03,Cerrado,1.4
373b9f44-734f-3200-bc58-58ac2699ff41,-14.28258,-49.29269,2026-03-23 17:05:00,NOAA-20,NOVA IGUAÇU DE GOIÁS,GOIÁS,Brasil,5214879,52,33,0.0,1.05,0.01,Cerrado,0.9
dcb33f5c-5507-35d0-977d-02f636d698e5,-9.46943,-46.08898,2026-03-23 17:05:00,NOAA-20,ALTO PARNAÍBA,MARANHÃO,Brasil,2100501,21,33,0.0,2.4,0.01,Cerrado,9.7
2f1a9051-2ccf-3802-a091-e156d984b84e,-16.43287,-54.93119,2026-03-23 17:05:00,NOAA-20,RONDONÓPOLIS,MATO GROSSO,Brasil,5107602,51,33,1.0,2.21,0.11,Cerrado,4.0
55e51572-d866-3b82-bbca-1b2f154a59b4,-13.48549,-46.78918,2026-03-23 17:05:00,NOAA-20,MONTE ALEGRE DE GOIÁS,GOIÁS,Brasil,5213509,52,33,1.0,2.71,0.17,Cerrado,12.8
b413747a-c88f-3c43-b7f8-c20830653ac4,-4.68441,-42.91741,2026-03-23 17:05:00,NOAA-20,UNIÃO,PIAUÍ,Brasil,2211100,22,33,0.0,0.4,0.01,Cerrado,7.6
5ddb6c5f-441d-39b8-9311-bec9f5fb2527,-14.10382,-49.04839,2026-03-23 17:05:00,NOAA-20,CAMPINORTE,GOIÁS,Brasil,5204706,52,33,0.0,1.58,0.01,Cerrado,4.4
b943d027-90b2-3514-abd2-8a4470bd458b,-5.56454,-43.43253,2026-03-23 17:05:00,NOAA-20,PARNARAMA,MARANHÃO,Brasil,2107803,21,33,0.0,4.12,0.05,Cerrado,15.5
ec0a36ab-f4ce-3a64-9c82-6318d7f968e7,-9.47039,-46.09244,2026-03-23 17:05:00,NOAA-20,ALTO PARNAÍBA,MARANHÃO,Brasil,2100501,21,33,0.0,2.38,0.01,Cerrado,24.1
a5ad5a89-3e41-3ffa-b350-3937583d27c4,-3.54535,-42.6982,2026-03-23 17:05:00,NOAA-20,MILAGRES DO MARANHÃO,MARANHÃO,Brasil,2106672,21,33,1.0,0.22,0.01,Cerrado,7.1
070cdb36-7ebf-3395-a6dc-b71ede0fdf90,-4.68476,-42.92006,2026-03-23 17:05:00,NOAA-20,UNIÃO,PIAUÍ,Brasil,2211100,22,33,0.0,0.4,0.01,Cerrado,8.1
c7bc7ad7-0f3b-334f-96c5-e75aa9621281,-16.43227,-54.92672,2026-03-23 17:05:00,NOAA-20,RONDONÓPOLIS,MATO GROSSO,Brasil,5107602,51,33,1.0,2.17,0.1,Cerrado,4.0
b2d298ab-7a6f-3a46-800a-f01204e31333,-9.47119,-46.09715,2026-03-23 17:05:00,NOAA-20,ALTO PARNAÍBA,MARANHÃO,Brasil,2100501,21,33,0.0,2.35,0.01,Cerrado,7.5
5dc9f4a4-9175-3192-bb66-5a34e06d2300,-9.47027,-46.09372,2026-03-23 17:05:00,NOAA-20,ALTO PARNAÍBA,MARANHÃO,Brasil,2100501,21,33,0.0,2.37,0.01,Cerrado,9.7
c4410955-1b35-35dc-8de3-ec35cf1033b7,-19.76545,-48.94047,2026-03-23 17:52:00,NOAA-21,COMENDADOR GOMES,MINAS GERAIS,Brasil,3116902,31,33,2.0,0.0,0.24,Cerrado,1.6
4b2a979f-f3e7-3e5d-999f-7ff8ffc1cf77,-16.43102,-54.93367,2026-03-23 17:52:00,NOAA-21,RONDONÓPOLIS,MATO GROSSO,Brasil,5107602,51,33,1.0,2.22,0.11,Cerrado,6.6
2e373564-a02e-3d8f-a731-f7daf3892e64,-18.78838,-51.93137,2026-03-23 17:52:00,NOAA-21,APORÉ,GOIÁS,Brasil,5201504,52,33,2.0,0.0,0.11,Cerrado,5.7
b7a7f65b-eadb-33cb-a56b-be7d58b3c8b5,-19.82408,-51.82895,2026-03-23 17:52:00,NOAA-21,INOCÊNCIA,MATO GROSSO DO SUL,Brasil,5004403,50,33,1.0,0.3,0.09,Cerrado,3.8
7e10b39f-5aa6-3209-8d23-0d5e30d8de90,-16.31624,-53.58018,2026-03-23 17:52:00,NOAA-21,GUIRATINGA,MATO GROSSO,Brasil,5104203,51,33,2.0,0.1,0.1,Cerrado,10.2
836b28b7-aba2-3d8f-9cb7-3cf87f8261cc,-15.42259,-53.90096,2026-03-23 17:52:00,NOAA-21,POXORÉU,MATO GROSSO,Brasil,5107008,51,33,1.0,0.3,0.01,Cerrado,1.4
c552105a-519e-3b7f-93dc-51bd95e1b94f,-17.33262,-53.78474,2026-03-23 17:52:00,NOAA-21,SONORA,MATO GROSSO DO SUL,Brasil,5007935,50,33,0.0,2.06,0.01,Cerrado,8.2
9eba4d3c-f0f0-3728-b6b4-f881aef8b3dc,-16.99268,-49.92613,2026-03-23 17:52:00,NOAA-21,INDIARA,GOIÁS,Brasil,5209952,52,33,0.0,0.0,0.01,Cerrado,2.2
9499e962-696d-3b1a-9a11-562165420997,-19.46398,-49.61461,2026-03-23 17:52:00,NOAA-21,CAMPINA VERDE,MINAS GERAIS,Brasil,3111101,31,33,2.0,0.0,0.36,Cerrado,3.6
cc43e657-a003-3a1c-825d-046e7204cb3d,-16.31549,-53.57655,2026-03-23 17:52:00,NOAA-21,GUIRATINGA,MATO GROSSO,Brasil,5104203,51,33,2.0,0.1,0.1,Cerrado,10.2
5966e90a-232a-379c-a19c-8ab02489bbd2,-16.4304,-54.93055,2026-03-23 17:52:00,NOAA-21,RONDONÓPOLIS,MATO GROSSO,Brasil,5107602,51,33,1.0,2.2,0.11,Cerrado,6.6
55d02085-f939-3bc0-a9ea-66c509a5cc60,-21.78466,-57.52328,2026-03-23 17:52:00,NOAA-21,PORTO MURTINHO,MATO GROSSO DO SUL,Brasil,5006903,50,33,4.0,0.0,0.69,Cerrado,4.0
e6ba1f34-6330-3cac-a9ef-184b5a035b19,-16.42978,-54.92742,2026-03-23 17:52:00,NOAA-21,RONDONÓPOLIS,MATO GROSSO,Brasil,5107602,51,33,1.0,2.18,0.1,Cerrado,5.0
1d03b340-c50a-3f17-ab71-da90f5e3621e,-19.17586,-49.13633,2026-03-23 17:52:00,NOAA-21,PRATA,MINAS GERAIS,Brasil,3152808,31,33,2.0,0.0,0.15,Cerrado,7.2
0af53aad-2d61-3cc6-ad7d-77cf6b16cc83,-12.46954,-58.55482,2026-03-23 17:54:00,NOAA-21,SAPEZAL,MATO GROSSO,Brasil,5107875,51,33,0.0,5.16,0.0,Cerrado,6.9
dc4d2f35-2a3b-3e3c-b93c-0c7a8823cc7f,-12.41546,-58.40372,2026-03-23 17:54:00,NOAA-21,BRASNORTE,MATO GROSSO,Brasil,5101902,51,33,0.0,8.19,0.0,Cerrado,19.0
59ddee20-c0db-3e41-b3e7-ffcafb48b9fe,-15.71676,-51.70221,2026-03-23 18:26:00,AQUA_M-T,MONTES CLAROS DE GOIÁS,GOIÁS,Brasil,5213707,52,33,3.0,0.0,0.02,Cerrado,28.7
49ae6047-dcd1-3464-9b24-cb3961d5c920,-18.77556,-48.36576,2026-03-23 18:26:00,AQUA_M-T,UBERLÂNDIA,MINAS GERAIS,Brasil,3170206,31,33,2.0,0.0,0.05,Cerrado,14.4
57307cbe-85b0-392b-84cb-348af4b775aa,-15.11869,-43.97036,2026-03-23 18:26:00,AQUA_M-T,JAÍBA,MINAS GERAIS,Brasil,3135050,31,33,3.0,3.24,0.01,Cerrado,24.8
ec9c8286-1d8f-34ec-8e39-c537be57746d,-16.32699,-53.59659,2026-03-23 18:26:00,AQUA_M-T,GUIRATINGA,MATO GROSSO,Brasil,5104203,51,33,2.0,0.1,0.44,Cerrado,25.4
b5adc08d-6b80-3a49-a60e-b30cf8302029,-15.90966,-47.77953,2026-03-23 18:26:00,AQUA_M-T,BRASÍLIA,DISTRITO FEDERAL,Brasil,5300108,53,33,0.0,2.1,-999.0,Cerrado,5.2
5011c110-8def-334d-a243-ff8586268dcd,-18.79275,-51.93967,2026-03-23 18:26:00,AQUA_M-T,APORÉ,GOIÁS,Brasil,5201504,52,33,2.0,0.0,0.11,Cerrado,26.1
59e95414-e7c7-322f-9df5-da082bb71ceb,-12.18968,-55.92937,2026-03-23 18:26:00,AQUA_M-T,IPIRANGA DO NORTE,MATO GROSSO,Brasil,5104526,51,33,3.0,6.24,0.0,Cerrado,34.2
0203873d-d29f-33cd-a628-dbac74127476,-15.81939,-46.80882,2026-03-23 18:26:00,AQUA_M-T,BURITIS,MINAS GERAIS,Brasil,3109303,31,33,0.0,0.0,0.0,Cerrado,26.3
df5dd1c7-cfbb-3e05-b853-5310a806be20,-17.92862,-52.73283,2026-03-23 18:26:00,AQUA_M-T,MINEIROS,GOIÁS,Brasil,5213103,52,33,1.0,0.16,0.1,Cerrado,32.4
ca23d235-608e-3f0c-934b-1f6b9c8ab3a3,-15.53839,-51.07679,2026-03-23 18:26:00,AQUA_M-T,SANTA FÉ DE GOIÁS,GOIÁS,Brasil,5219258,52,33,2.0,0.3,0.02,Cerrado,18.2
d2569fb9-5d03-336d-896f-e7b59d7cc267,-18.78631,-51.9354,2026-03-23 18:26:00,AQUA_M-T,APORÉ,GOIÁS,Brasil,5201504,52,33,2.0,0.0,0.11,Cerrado,23.7
04f861e6-b24c-392c-911f-56e630d6d7e3,-15.82845,-46.8074,2026-03-23 18:26:00,AQUA_M-T,BURITIS,MINAS GERAIS,Brasil,3109303,31,33,0.0,0.0,0.0,Cerrado,6.2
adecef45-63a3-3818-87e5-b40cec2e1745,-9.47575,-46.08928,2026-03-23 18:28:00,AQUA_M-T,ALTO PARNAÍBA,MARANHÃO,Brasil,2100501,21,33,0.0,2.51,0.01,Cerrado,16.6
c70496bd-8bff-3587-988a-595547db13df,-16.3227,-53.5766,2026-03-23 19:00:00,GOES-19,GUIRATINGA,MATO GROSSO,Brasil,5104203,51,33,2.0,0.1,0.1,Cerrado,94.1
b9a6f6bd-1517-3504-ad15-3ef8725e9d17,-16.3227,-53.5766,2026-03-23 19:10:00,GOES-19,GUIRATINGA,MATO GROSSO,Brasil,5104203,51,33,2.0,0.1,0.1,Cerrado,86.5
4ecb6fe0-e730-3f19-a51e-2064e2ccbd3a,-16.3227,-53.5766,2026-03-23 19:20:00,GOES-19,GUIRATINGA,MATO GROSSO,Brasil,5104203,51,33,2.0,0.1,0.1,Cerrado,88.8
45286780-40f8-3d9e-87a1-98d5d638a731,-16.3227,-53.5766,2026-03-23 19:30:00,GOES-19,GUIRATINGA,MATO GROSSO,Brasil,5104203,51,33,2.0,0.1,0.1,Cerrado,91.7
c1485fea-068f-3bec-8eee-9e5e7499a3cf,-16.3031,-53.5793,2026-03-23 20:00:00,GOES-19,GUIRATINGA,MATO GROSSO,Brasil,5104203,51,33,2.0,0.1,0.09,Cerrado,99.1
b5ca2d8e-04e4-3d97-9761-8c434b107101,-20.1686,-46.6738,2026-03-23 22:30:00,GOES-19,SÃO ROQUE DE MINAS,MINAS GERAIS,Brasil,3164308,31,33,2.0,0.0,0.01,Cerrado,63.0
924faf43-ad8e-3e39-94f6-bb29775db496,-20.1686,-46.6738,2026-03-23 22:50:00,GOES-19,SÃO ROQUE DE MINAS,MINAS GERAIS,Brasil,3164308,31,33,2.0,0.0,0.01,Cerrado,83.0
cdd2e210-638c-39c1-865f-22b842271112,-20.1686,-46.6738,2026-03-23 23:10:00,GOES-19,SÃO ROQUE DE MINAS,MINAS GERAIS,Brasil,3164308,31,33,2.0,0.0,0.01,Cerrado,89.6
98cf501b-e1b8-385d-83ea-05a2e878cd58,-20.1686,-46.6738,2026-03-23 23:20:00,GOES-19,SÃO ROQUE DE MINAS,MINAS GERAIS,Brasil,3164308,31,33,2.0,0.0,0.01,Cerrado,72.5
a941a043-06fd-3101-8702-66de743b58e7,-20.1686,-46.6738,2026-03-23 23:30:00,GOES-19,SÃO ROQUE DE MINAS,MINAS GERAIS,Brasil,3164308,31,33,2.0,0.0,0.01,Cerrado,72.6
cf11786f-2552-381c-b6f0-356c2629f397,-20.1686,-46.6738,2026-03-23 23:40:00,GOES-19,SÃO ROQUE DE MINAS,MINAS GERAIS,Brasil,3164308,31,33,2.0,0.0,0.01,Cerrado,69.0
a52be968-1f34-392b-a4cb-fca2d029ebbb,-20.1686,-46.6738,2026-03-23 23:50:00,GOES-19,SÃO ROQUE DE MINAS,MINAS GERAIS,Brasil,3164308,31,33,2.0,0.0,0.01,Cerrado,92.9
ab68dbd5-98c5-3353-8e01-923c9b6b6bfa,-20.1481,-46.6787,2026-03-24 00:00:00,GOES-19,SÃO ROQUE DE MINAS,MINAS GERAIS,Brasil,3164308,31,33,2.0,7.0,0.01,Cerrado,89.0
b3026afb-386f-3b7b-a2d4-ce1ccacc77bc,-20.1693,-46.6501,2026-03-24 00:00:00,GOES-19,SÃO ROQUE DE MINAS,MINAS GERAIS,Brasil,3164308,31,33,2.0,7.87,0.01,Cerrado,70.5
51f0c4c3-811f-3080-901f-4d1b60cce8de,-20.1686,-46.6738,2026-03-24 00:00:00,GOES-19,SÃO ROQUE DE MINAS,MINAS GERAIS,Brasil,3164308,31,33,2.0,6.66,0.0,Cerrado,102.4
ba22906c-3cd4-3523-9351-edb5cf4fe1eb,-20.1686,-46.6738,2026-03-24 00:10:00,GOES-19,SÃO ROQUE DE MINAS,MINAS GERAIS,Brasil,3164308,31,33,2.0,6.66,0.0,Cerrado,81.2
4feb4d23-4336-343d-8a2c-5db1b59b4155,-20.1693,-46.6501,2026-03-24 00:10:00,GOES-19,SÃO ROQUE DE MINAS,MINAS GERAIS,Brasil,3164308,31,33,2.0,7.87,0.01,Cerrado,69.0
1ed4f93a-d810-3680-97c4-270a185c2a47,-20.1654,-46.677799,2026-03-24 00:13:00,METOP-B,SÃO ROQUE DE MINAS,MINAS GERAIS,Brasil,3164308,31,33,2.0,6.58,0.0,Cerrado,
fc1a0a5d-94c7-3253-b8b3-77e85cadd917,-20.1591,-46.648602,2026-03-24 00:13:00,METOP-B,SÃO ROQUE DE MINAS,MINAS GERAIS,Brasil,3164308,31,33,2.0,8.38,0.01,Cerrado,
33e56bdd-c792-34ee-82ac-4afb81d68621,-22.255501,-46.936798,2026-03-24 00:13:00,METOP-B,ESTIVA GERBI,SÃO PAULO,Brasil,3557303,35,33,2.0,0.0,0.54,Cerrado,
82bea3b4-442e-3b03-943b-523ee2d49568,-20.1525,-46.6656,2026-03-24 00:13:00,METOP-B,SÃO ROQUE DE MINAS,MINAS GERAIS,Brasil,3164308,31,33,2.0,7.7,0.01,Cerrado,
5747bf67-c088-3cd0-9778-4ec48736ac87,-20.1541,-46.672901,2026-03-24 00:13:00,METOP-B,SÃO ROQUE DE MINAS,MINAS GERAIS,Brasil,3164308,31,33,2.0,7.23,0.0,Cerrado,
6dfe7e50-cceb-3e4b-90f9-49fd1828b84f,-20.8827,-48.576698,2026-03-24 00:13:00,METOP-B,BEBEDOURO,SÃO PAULO,Brasil,3506102,35,33,3.0,8.82,0.02,Cerrado,
f48c2a43-ce1b-3e34-bfad-3fc8ea350d7e,-20.1572,-46.6875,2026-03-24 00:13:00,METOP-B,SÃO ROQUE DE MINAS,MINAS GERAIS,Brasil,3164308,31,33,2.0,6.27,0.0,Cerrado,
dd34e959-d0b3-33b4-ae34-c83be7c7ef55,-20.1607,-46.655899,2026-03-24 00:13:00,METOP-B,SÃO ROQUE DE MINAS,MINAS GERAIS,Brasil,3164308,31,33,2.0,7.98,0.01,Cerrado,
ece33820-1654-3594-9fba-321fc3627c1f,-20.1705,-46.6535,2026-03-24 00:13:00,METOP-B,SÃO ROQUE DE MINAS,MINAS GERAIS,Brasil,3164308,31,33,2.0,7.64,0.0,Cerrado,
eaa03f51-1fa1-3958-9cf0-c02e9a218260,-20.1556,-46.680199,2026-03-24 00:13:00,METOP-B,SÃO ROQUE DE MINAS,MINAS GERAIS,Brasil,3164308,31,33,2.0,6.76,0.0,Cerrado,
dc78108d-f0fc-37d3-8cb1-fe0acd0dea0f,-19.65165,-49.05153,2026-03-24 00:20:00,TERRA_M-M,COMENDADOR GOMES,MINAS GERAIS,Brasil,3116902,31,33,3.0,1.39,0.38,Cerrado,6.5
af135980-a8fc-3e98-90e6-cd10ad2fe74a,-20.1686,-46.6738,2026-03-24 00:20:00,GOES-19,SÃO ROQUE DE MINAS,MINAS GERAIS,Brasil,3164308,31,33,2.0,6.66,0.0,Cerrado,82.1
78ce5de1-b81c-3699-b607-af6f3a4794a0,-20.15762,-46.6899,2026-03-24 00:20:00,TERRA_M-M,SÃO ROQUE DE MINAS,MINAS GERAIS,Brasil,3164308,31,33,2.0,6.12,0.0,Cerrado,51.7
14095460-dd13-3019-91e2-ee1be8b2ff93,-20.14734,-46.68177,2026-03-24 00:20:00,TERRA_M-M,SÃO ROQUE DE MINAS,MINAS GERAIS,Brasil,3164308,31,33,2.0,6.84,0.01,Cerrado,36.4
3c113c4d-fd1e-3ba6-bb59-7132e70b9788,-20.16381,-46.66937,2026-03-24 00:20:00,TERRA_M-M,SÃO ROQUE DE MINAS,MINAS GERAIS,Brasil,3164308,31,33,2.0,7.07,0.0,Cerrado,23.2
d8d63dfd-a49d-3d50-b672-e26f01da0065,-20.15625,-46.68034,2026-03-24 00:20:00,TERRA_M-M,SÃO ROQUE DE MINAS,MINAS GERAIS,Brasil,3164308,31,33,2.0,6.73,0.0,Cerrado,49.2
705a7929-edb5-375d-b958-e555bf78a7ce,-20.72842,-49.4258,2026-03-24 00:20:00,TERRA_M-M,IPIGUÁ,SÃO PAULO,Brasil,3521150,35,33,3.0,4.93,0.02,Cerrado,6.7
19b19695-9df1-3431-b3a2-8b62ad323c6e,-20.16244,-46.65981,2026-03-24 00:20:00,TERRA_M-M,SÃO ROQUE DE MINAS,MINAS GERAIS,Brasil,3164308,31,33,2.0,7.7,0.0,Cerrado,49.7
d6383640-7da8-3643-917f-5f1b6dc78cbd,-20.15898,-46.69941,2026-03-24 00:20:00,TERRA_M-M,SÃO ROQUE DE MINAS,MINAS GERAIS,Brasil,3164308,31,33,2.0,5.54,0.0,Cerrado,8.8
5a066a71-ebc0-391f-8187-9d219143ae7b,-22.25623,-46.94971,2026-03-24 00:20:00,TERRA_M-M,ESTIVA GERBI,SÃO PAULO,Brasil,3557303,35,33,2.0,0.0,0.54,Cerrado,7.8
75de0d96-32e5-3b39-baf8-60e02ccbde78,-20.72975,-49.43624,2026-03-24 00:20:00,TERRA_M-M,SÃO JOSÉ DO RIO PRETO,SÃO PAULO,Brasil,3549805,35,33,3.0,4.99,0.04,Cerrado,19.5
3ba383fd-06bb-36a9-86a1-a1b1dd60c9c8,-20.1693,-46.6501,2026-03-24 00:20:00,GOES-19,SÃO ROQUE DE MINAS,MINAS GERAIS,Brasil,3164308,31,33,2.0,7.87,0.01,Cerrado,82.0
8f5dbe8e-815d-38ed-b14e-59090ceec86f,-21.11294,-47.46537,2026-03-24 00:20:00,TERRA_M-M,ALTINÓPOLIS,SÃO PAULO,Brasil,3501004,35,33,2.0,0.0,0.29,Cerrado,5.4
d430f174-889a-37bc-8c87-e538f1350c72,-20.88699,-48.59147,2026-03-24 00:20:00,TERRA_M-M,MONTE AZUL PAULISTA,SÃO PAULO,Brasil,3531506,35,33,3.0,8.8,0.02,Cerrado,9.9
49eaaf7f-b691-3b75-b2e8-62fb1ad1b0df,-20.1686,-46.6738,2026-03-24 00:30:00,GOES-19,SÃO ROQUE DE MINAS,MINAS GERAIS,Brasil,3164308,31,33,2.0,6.66,0.0,Cerrado,79.6
8e9b7372-ac85-37a1-9f1b-4101b04a2d68,-20.1693,-46.6501,2026-03-24 00:30:00,GOES-19,SÃO ROQUE DE MINAS,MINAS GERAIS,Brasil,3164308,31,33,2.0,7.87,0.01,Cerrado,105.5
02dc3bc8-6f20-3eb5-90cb-7a2df206845c,-20.1686,-46.6738,2026-03-24 00:40:00,GOES-19,SÃO ROQUE DE MINAS,MINAS GERAIS,Brasil,3164308,31,33,2.0,6.66,0.0,Cerrado,79.2
93470ed0-bf75-3793-a4bf-7741f8a40b44,-20.1693,-46.6501,2026-03-24 00:40:00,GOES-19,SÃO ROQUE DE MINAS,MINAS GERAIS,Brasil,3164308,31,33,2.0,7.87,0.01,Cerrado,99.5
04926aa9-13b3-3c45-a9f6-e833c8e8916b,-19.6514,-49.045898,2026-03-24 00:47:00,METOP-C,COMENDADOR GOMES,MINAS GERAIS,Brasil,3116902,31,33,3.0,1.44,0.24,Cerrado,
d8bc3350-46ec-3e19-9d1c-d30a52782941,-20.162399,-46.653599,2026-03-24 00:47:00,METOP-C,SÃO ROQUE DE MINAS,MINAS GERAIS,Brasil,3164308,31,33,2.0,8.03,0.01,Cerrado,
9b00c86a-fc3a-350e-9b14-41c2f19c9f39,-20.1462,-46.673,2026-03-24 00:47:00,METOP-C,SÃO ROQUE DE MINAS,MINAS GERAIS,Brasil,3164308,31,33,2.0,7.38,0.01,Cerrado,
dee318f1-c06b-3241-a7c0-37c1034fa032,-20.159201,-46.6852,2026-03-24 00:47:00,METOP-C,SÃO ROQUE DE MINAS,MINAS GERAIS,Brasil,3164308,31,33,2.0,6.35,0.0,Cerrado,
e2a01c8d-2aee-31e4-b3fb-c35766a033c4,-20.156,-46.670601,2026-03-24 00:47:00,METOP-C,SÃO ROQUE DE MINAS,MINAS GERAIS,Brasil,3164308,31,33,2.0,7.31,0.0,Cerrado,
6bb1c23e-1f29-3bb8-a246-771725f572c8,-20.160801,-46.6464,2026-03-24 00:47:00,METOP-C,SÃO ROQUE DE MINAS,MINAS GERAIS,Brasil,3164308,31,33,2.0,8.28,0.01,Cerrado,
17093347-5c7d-36d3-854e-11c0ece5015c,-20.1478,-46.680302,2026-03-24 00:47:00,METOP-C,SÃO ROQUE DE MINAS,MINAS GERAIS,Brasil,3164308,31,33,2.0,6.91,0.01,Cerrado,
fc9ca0af-605a-3c9a-a93f-c0f55be31006,-20.164101,-46.6609,2026-03-24 00:47:00,METOP-C,SÃO ROQUE DE MINAS,MINAS GERAIS,Brasil,3164308,31,33,2.0,7.57,0.0,Cerrado,
eed7e9f1-5ea1-3ed2-bcf8-ae98d4080243,-16.43,-54.9235,2026-03-24 00:47:00,METOP-C,RONDONÓPOLIS,MATO GROSSO,Brasil,5107602,51,33,1.0,5.03,0.05,Cerrado,
3ab364d3-2ae9-382f-ba98-22556c432ee3,-20.1576,-46.677898,2026-03-24 00:47:00,METOP-C,SÃO ROQUE DE MINAS,MINAS GERAIS,Brasil,3164308,31,33,2.0,6.83,0.0,Cerrado,
87b7687f-7e6d-3410-a28c-4325a015499f,-20.165701,-46.668201,2026-03-24 00:47:00,METOP-C,SÃO ROQUE DE MINAS,MINAS GERAIS,Brasil,3164308,31,33,2.0,7.07,0.0,Cerrado,
7f83325a-2cd5-39db-98f3-f43b6df37418,-20.1686,-46.6738,2026-03-24 00:50:00,GOES-19,SÃO ROQUE DE MINAS,MINAS GERAIS,Brasil,3164308,31,33,2.0,6.66,0.0,Cerrado,87.9
e6930cfa-0d49-3487-bd1a-46f3df32a210,-20.1693,-46.6501,2026-03-24 00:50:00,GOES-19,SÃO ROQUE DE MINAS,MINAS GERAIS,Brasil,3164308,31,33,2.0,7.87,0.01,Cerrado,103.7
3a450148-e765-3c91-be3c-65b7cf9c5c7e,-20.1686,-46.6738,2026-03-24 01:00:00,GOES-19,SÃO ROQUE DE MINAS,MINAS GERAIS,Brasil,3164308,31,33,2.0,6.66,0.0,Cerrado,82.3
786c42a0-e597-355f-b0a3-8e00d330a63e,-20.1481,-46.6787,2026-03-24 01:00:00,GOES-19,SÃO ROQUE DE MINAS,MINAS GERAIS,Brasil,3164308,31,33,2.0,7.0,0.01,Cerrado,78.8
e8683651-a31a-3eae-a0e8-df2bc0e7201d,-20.1693,-46.6501,2026-03-24 01:00:00,GOES-19,SÃO ROQUE DE MINAS,MINAS GERAIS,Brasil,3164308,31,33,2.0,7.87,0.01,Cerrado,109.2
35ebf97d-348a-3de3-aa12-d04939a7a2f1,-20.1693,-46.6501,2026-03-24 01:10:00,GOES-19,SÃO ROQUE DE MINAS,MINAS GERAIS,Brasil,3164308,31,33,2.0,7.87,0.01,Cerrado,116.6
c8e4af28-7740-3f95-b1ff-db28ecf1b5b6,-20.1481,-46.6787,2026-03-24 01:10:00,GOES-19,SÃO ROQUE DE MINAS,MINAS GERAIS,Brasil,3164308,31,33,2.0,7.0,0.01,Cerrado,90.5
b12b5217-354c-3139-9050-25fdc71c162b,-20.1686,-46.6738,2026-03-24 01:10:00,GOES-19,SÃO ROQUE DE MINAS,MINAS GERAIS,Brasil,3164308,31,33,2.0,6.66,0.0,Cerrado,107.4
3658fd25-06fc-3348-af87-84374cfba02d,-20.1488,-46.655,2026-03-24 01:10:00,GOES-19,SÃO ROQUE DE MINAS,MINAS GERAIS,Brasil,3164308,31,33,2.0,8.41,0.01,Cerrado,85.6
38f0704f-16ec-3e28-ba90-483b35503245,-20.1488,-46.655,2026-03-24 01:20:00,GOES-19,SÃO ROQUE DE MINAS,MINAS GERAIS,Brasil,3164308,31,33,2.0,8.41,0.01,Cerrado,75.4
132c9273-6c7f-36af-8750-8e991fb1f6dc,-20.1481,-46.6787,2026-03-24 01:20:00,GOES-19,SÃO ROQUE DE MINAS,MINAS GERAIS,Brasil,3164308,31,33,2.0,7.0,0.01,Cerrado,91.1
47f6779a-02a0-3887-91c1-059f18cc5241,-20.1693,-46.6501,2026-03-24 01:20:00,GOES-19,SÃO ROQUE DE MINAS,MINAS GERAIS,Brasil,3164308,31,33,2.0,7.87,0.01,Cerrado,110.0
d3fc5cae-68be-3523-a72b-78db86df132a,-20.1686,-46.6738,2026-03-24 01:20:00,GOES-19,SÃO ROQUE DE MINAS,MINAS GERAIS,Brasil,3164308,31,33,2.0,6.66,0.0,Cerrado,124.7
efef0220-8466-3f25-840c-6e7bfe7f330e,-20.1481,-46.6787,2026-03-24 01:30:00,GOES-19,SÃO ROQUE DE MINAS,MINAS GERAIS,Brasil,3164308,31,33,2.0,7.0,0.01,Cerrado,94.6
e060c536-ef47-3c3f-9674-18a95c144058,-20.1693,-46.6501,2026-03-24 01:30:00,GOES-19,SÃO ROQUE DE MINAS,MINAS GERAIS,Brasil,3164308,31,33,2.0,7.87,0.01,Cerrado,129.9
4d27e60f-8d22-35bb-8be8-0dfc00d3514b,-20.1686,-46.6738,2026-03-24 01:30:00,GOES-19,SÃO ROQUE DE MINAS,MINAS GERAIS,Brasil,3164308,31,33,2.0,6.66,0.0,Cerrado,111.8
9e76f3e3-8d51-3a5e-a2d2-9a9248943e78,-20.1488,-46.655,2026-03-24 01:30:00,GOES-19,SÃO ROQUE DE MINAS,MINAS GERAIS,Brasil,3164308,31,33,2.0,8.41,0.01,Cerrado,73.0
78c32bd1-455c-3081-bffa-8543a732892e,-20.1488,-46.655,2026-03-24 01:50:00,GOES-19,SÃO ROQUE DE MINAS,MINAS GERAIS,Brasil,3164308,31,33,2.0,8.41,0.01,Cerrado,73.0
9f6768e5-57a0-3dce-8bce-0b4620002576,-20.1686,-46.6738,2026-03-24 01:50:00,GOES-19,SÃO ROQUE DE MINAS,MINAS GERAIS,Brasil,3164308,31,33,2.0,6.66,0.0,Cerrado,66.3
8d8d95e5-9e54-30ea-ae93-8b73c129ad22,-20.1693,-46.6501,2026-03-24 01:50:00,GOES-19,SÃO ROQUE DE MINAS,MINAS GERAIS,Brasil,3164308,31,33,2.0,7.87,0.01,Cerrado,86.1
19be1614-8737-342d-b998-c2fdb4fa84dc,-20.1481,-46.6787,2026-03-24 01:50:00,GOES-19,SÃO ROQUE DE MINAS,MINAS GERAIS,Brasil,3164308,31,33,2.0,7.0,0.01,Cerrado,66.1
9caf76ba-336b-3db0-8db7-8d00a295a7dd,-20.1686,-46.6738,2026-03-24 02:00:00,GOES-19,SÃO ROQUE DE MINAS,MINAS GERAIS,Brasil,3164308,31,33,2.0,6.66,0.0,Cerrado,78.8
6d79fefe-7194-32b5-907a-07255d8d6676,-20.1693,-46.6501,2026-03-24 02:00:00,GOES-19,SÃO ROQUE DE MINAS,MINAS GERAIS,Brasil,3164308,31,33,2.0,7.87,0.01,Cerrado,80.6
17adc09e-a374-3a9b-9c3c-af0d9658b1e2,-20.1481,-46.6787,2026-03-24 02:00:00,GOES-19,SÃO ROQUE DE MINAS,MINAS GERAIS,Brasil,3164308,31,33,2.0,7.0,0.01,Cerrado,82.3
8281dbad-3287-365d-b3e3-68ebb00935c7,-20.1481,-46.6787,2026-03-24 02:10:00,GOES-19,SÃO ROQUE DE MINAS,MINAS GERAIS,Brasil,3164308,31,33,2.0,7.0,0.01,Cerrado,85.6
039b370d-1884-3d53-8f11-bb399f67eeda,-20.1686,-46.6738,2026-03-24 02:10:00,GOES-19,SÃO ROQUE DE MINAS,MINAS GERAIS,Brasil,3164308,31,33,2.0,6.66,0.0,Cerrado,75.1
d0a54a3d-877e-3092-8295-673a01e31ccc,-20.1481,-46.6787,2026-03-24 02:20:00,GOES-19,SÃO ROQUE DE MINAS,MINAS GERAIS,Brasil,3164308,31,33,2.0,7.0,0.01,Cerrado,74.7
8703aaa6-376e-3094-a7a3-a1e7b0ff0d46,-20.1481,-46.6787,2026-03-24 02:30:00,GOES-19,SÃO ROQUE DE MINAS,MINAS GERAIS,Brasil,3164308,31,33,2.0,7.0,0.01,Cerrado,81.5
84ce3310-7fef-3f2e-bd19-133015a6331a,-20.1481,-46.6787,2026-03-24 02:40:00,GOES-19,SÃO ROQUE DE MINAS,MINAS GERAIS,Brasil,3164308,31,33,2.0,7.0,0.01,Cerrado,71.6
413a41a7-9a39-3d15-b88a-327be3518168,-20.1686,-46.6738,2026-03-24 02:40:00,GOES-19,SÃO ROQUE DE MINAS,MINAS GERAIS,Brasil,3164308,31,33,2.0,6.66,0.0,Cerrado,79.9
563e7d83-0f42-36d7-9e2c-5d44d72b7b3a,-20.1481,-46.6787,2026-03-24 02:50:00,GOES-19,SÃO ROQUE DE MINAS,MINAS GERAIS,Brasil,3164308,31,33,2.0,7.0,0.01,Cerrado,78.6
fdd51cbf-5587-3084-9f3a-9c66598af07c,-20.1481,-46.6787,2026-03-24 03:10:00,GOES-19,SÃO ROQUE DE MINAS,MINAS GERAIS,Brasil,3164308,31,33,2.0,7.0,0.01,Cerrado,77.2
185df0f4-4b65-3fde-851c-ebad034e1f7b,-20.1481,-46.6787,2026-03-24 03:20:00,GOES-19,SÃO ROQUE DE MINAS,MINAS GERAIS,Brasil,3164308,31,33,2.0,7.0,0.01,Cerrado,74.3
50372ace-2e6c-319f-a67f-10cde7ef73f8,-20.15522,-46.69408,2026-03-24 03:21:00,NOAA-21,SÃO ROQUE DE MINAS,MINAS GERAIS,Brasil,3164308,31,33,2.0,5.94,0.0,Cerrado,9.6
c57651d5-bee8-3531-8be2-84dbcf9f73e7,-21.72142,-47.2494,2026-03-24 03:21:00,NOAA-21,TAMBAÚ,SÃO PAULO,Brasil,3553302,35,33,2.0,0.0,0.33,Cerrado,3.7
734b66fb-8cfb-36e2-8ad7-e56c0e5137dc,-23.60521,-48.25579,2026-03-24 03:23:00,NOAA-21,ITAPETININGA,SÃO PAULO,Brasil,3522307,35,33,2.0,0.0,0.5,Cerrado,3.4
9b5bc14c-d285-3e73-8961-c63fa453f59a,-20.17343,-46.54197,2026-03-24 03:51:00,NPP-375D,SÃO ROQUE DE MINAS,MINAS GERAIS,Brasil,3164308,31,33,2.0,6.58,0.0,Cerrado,1.3
b62e920b-65b9-3ad3-9767-f1d3abc0b6a2,-20.16636,-46.69738,2026-03-24 03:51:00,NPP-375D,SÃO ROQUE DE MINAS,MINAS GERAIS,Brasil,3164308,31,33,2.0,5.48,0.0,Cerrado,2.5
0e538abb-3a45-33d4-a224-f341629323b2,-20.15986,-46.65555,2026-03-24 03:51:00,NPP-375D,SÃO ROQUE DE MINAS,MINAS GERAIS,Brasil,3164308,31,33,2.0,8.04,0.01,Cerrado,1.3
ccb09d34-53e9-39d3-be48-1479b4900e41,-20.15874,-46.66095,2026-03-24 03:51:00,NPP-375D,SÃO ROQUE DE MINAS,MINAS GERAIS,Brasil,3164308,31,33,2.0,7.78,0.01,Cerrado,1.3
1fb8c272-9b87-32c9-b41b-af782cfbffe1,-20.1684,-46.54197,2026-03-24 03:51:00,NPP-375D,SÃO ROQUE DE MINAS,MINAS GERAIS,Brasil,3164308,31,33,2.0,6.73,0.01,Cerrado,2.3
e96c68be-a28e-313d-9842-9651118f8f26,-19.22763,-44.75276,2026-03-24 03:51:00,NPP-375D,POMPÉU,MINAS GERAIS,Brasil,3152006,31,33,3.0,4.23,0.08,Cerrado,1.4
f2232db1-da21-3561-abd1-d29cfb09fa04,-21.11402,-47.46488,2026-03-24 03:51:00,NPP-375D,ALTINÓPOLIS,SÃO PAULO,Brasil,3501004,35,33,2.0,0.0,0.3,Cerrado,1.6
ec60bbcb-182a-33a7-9411-a0e55f33140d,-19.22848,-44.74842,2026-03-24 03:51:00,NPP-375D,POMPÉU,MINAS GERAIS,Brasil,3152006,31,33,3.0,4.15,0.07,Cerrado,0.5
1cdffd10-a66b-30bd-9b29-d47ee5c870f4,-23.60914,-48.25961,2026-03-24 03:53:00,NPP-375D,ITAPETININGA,SÃO PAULO,Brasil,3522307,35,33,3.0,0.0,0.18,Cerrado,4.3
ddac0812-c76f-3df0-8840-51afa582c7c9,-21.71692,-47.2555,2026-03-24 03:53:00,NPP-375D,TAMBAÚ,SÃO PAULO,Brasil,3553302,35,33,3.0,0.0,0.33,Cerrado,2.9
c221cf31-8e2c-39a9-b743-f5d95beedd9d,-21.71816,-47.24956,2026-03-24 03:53:00,NPP-375D,TAMBAÚ,SÃO PAULO,Brasil,3553302,35,33,2.0,0.0,0.33,Cerrado,2.3
6f18597a-cdf2-3806-b943-e3fc0d5f422f,-23.60415,-48.25843,2026-03-24 03:53:00,NPP-375D,ITAPETININGA,SÃO PAULO,Brasil,3522307,35,33,2.0,0.0,0.33,Cerrado,4.3
5253f726-780f-344b-ac04-289b8a75ca5f,-23.60831,-48.2585,2026-03-24 03:53:00,NPP-375D,ITAPETININGA,SÃO PAULO,Brasil,3522307,35,33,3.0,0.0,0.27,Cerrado,10.9
6b00b19f-a902-39d4-be95-a9b3e4f2a85b,-14.04414,-43.85212,2026-03-24 04:12:00,NOAA-20,CARINHANHA,BAHIA,Brasil,2907103,29,33,0.0,3.29,0.02,Cerrado,0.6
2902398d-87af-39e5-9b65-18e9666c5709,-17.12392,-51.21202,2026-03-24 04:12:00,NOAA-20,MONTIVIDIU,GOIÁS,Brasil,5213756,52,33,0.0,1.79,0.03,Cerrado,0.5
4a060522-6a15-3eea-923a-95fd70cf7c5e,-16.84263,-50.67218,2026-03-24 04:12:00,NOAA-20,PARAÚNA,GOIÁS,Brasil,5216403,52,33,1.0,0.74,0.02,Cerrado,0.2
680a763c-d0c5-3edb-b136-a288b92f3b73,-16.92373,-43.59958,2026-03-24 04:12:00,NOAA-20,GLAUCILÂNDIA,MINAS GERAIS,Brasil,3127354,31,33,0.0,5.1,0.0,Cerrado,0.9
1988c5de-edf1-3644-bfea-59cbaa5078aa,-16.84348,-50.66768,2026-03-24 04:12:00,NOAA-20,PARAÚNA,GOIÁS,Brasil,5216403,52,33,1.0,0.73,0.02,Cerrado,1.3
dd2a869e-fa58-34ee-8de8-19f8f766c296,-17.12484,-51.20731,2026-03-24 04:12:00,NOAA-20,MONTIVIDIU,GOIÁS,Brasil,5213756,52,33,0.0,1.77,0.03,Cerrado,0.5
5f13368d-9e9a-3839-8ef6-11c85bf8ad0b,-22.25252,-46.95065,2026-03-24 04:14:00,NOAA-20,ESTIVA GERBI,SÃO PAULO,Brasil,3557303,35,33,2.0,0.0,0.54,Cerrado,0.7
5b3a61e8-f3ab-3f99-8bdc-3f574cdec867,-19.228,-44.75433,2026-03-24 04:14:00,NOAA-20,POMPÉU,MINAS GERAIS,Brasil,3152006,31,33,3.0,4.26,0.08,Cerrado,2.6
fba7cd2a-df93-30c2-b5a8-5d9d925a6afa,-21.62794,-49.0302,2026-03-24 04:14:00,NOAA-20,BORBOREMA,SÃO PAULO,Brasil,3507407,35,33,4.0,0.0,0.2,Cerrado,2.1
a3dd913a-4c32-313e-8195-af6e92c64530,-23.02207,-48.44606,2026-03-24 04:14:00,NOAA-20,BOTUCATU,SÃO PAULO,Brasil,3507506,35,33,5.0,0.0,0.4,Cerrado,1.4
73d3be60-bb5e-36dc-831d-37fdd87b6ad1,-20.15882,-46.69518,2026-03-24 04:14:00,NOAA-20,SÃO ROQUE DE MINAS,MINAS GERAIS,Brasil,3164308,31,33,2.0,5.78,0.0,Cerrado,1.1
a75c8ce4-ff18-31cd-9af8-5388fe9a09de,-22.43773,-46.90981,2026-03-24 04:14:00,NOAA-20,MOGI MIRIM,SÃO PAULO,Brasil,3530805,35,33,3.0,0.0,0.47,Cerrado,1.0
54a75454-42fe-3462-8f5d-97e2025cc625,-21.71137,-48.43566,2026-03-24 04:14:00,NOAA-20,MATÃO,SÃO PAULO,Brasil,3529302,35,33,2.0,0.0,0.26,Cerrado,0.8
da32b553-6779-32e4-8c8b-bb2c00ec5a79,-19.15331,-45.11694,2026-03-24 04:14:00,NOAA-20,ABAETÉ,MINAS GERAIS,Brasil,3100203,31,33,2.0,3.09,0.05,Cerrado,0.8
96d22f88-e488-398e-a49b-cdc066f2ca89,-21.70781,-48.43488,2026-03-24 04:14:00,NOAA-20,MATÃO,SÃO PAULO,Brasil,3529302,35,33,3.0,0.0,0.26,Cerrado,0.8
50b4e7fc-d92f-3724-81a2-ad25c4053cdd,-21.71653,-47.25053,2026-03-24 04:14:00,NOAA-20,TAMBAÚ,SÃO PAULO,Brasil,3553302,35,33,3.0,0.0,0.33,Cerrado,15.6
5e905c25-959d-358b-8895-3bce0aa5cbdc,-21.49757,-47.17366,2026-03-24 04:14:00,NOAA-20,TAMBAÚ,SÃO PAULO,Brasil,3553302,35,33,2.0,0.0,0.3,Cerrado,0.8
70f616e0-7cf2-3025-9f26-e42bdaf363a9,-20.88324,-48.58797,2026-03-24 04:14:00,NOAA-20,MONTE AZUL PAULISTA,SÃO PAULO,Brasil,3531506,35,33,3.0,8.8,0.02,Cerrado,1.1
0b007922-fcd1-3f51-97db-449db53817ad,-20.16221,-46.6958,2026-03-24 04:14:00,NOAA-20,SÃO ROQUE DE MINAS,MINAS GERAIS,Brasil,3164308,31,33,2.0,5.67,0.0,Cerrado,2.1
a19271f6-8695-3ec5-bba0-2248bdb340de,-21.11456,-47.46109,2026-03-24 04:14:00,NOAA-20,ALTINÓPOLIS,SÃO PAULO,Brasil,3501004,35,33,2.0,0.0,0.38,Cerrado,1.6
d59bd460-d519-382c-92fa-c4d50d3dd3d4,-20.87505,-47.64849,2026-03-24 04:14:00,NOAA-20,BATATAIS,SÃO PAULO,Brasil,3505906,35,33,3.0,0.0,0.19,Cerrado,0.5
94390a30-bf00-3b78-a4ce-f81ab566a25f,-19.48631,-52.70829,2026-03-24 04:14:00,NOAA-20,PARAÍSO DAS ÁGUAS,MATO GROSSO DO SUL,Brasil,5006275,50,33,1.0,2.22,0.05,Cerrado,2.7
b9481916-0cf2-30c8-86ab-13cf62492e87,-21.11733,-47.46579,2026-03-24 04:14:00,NOAA-20,ALTINÓPOLIS,SÃO PAULO,Brasil,3501004,35,33,2.0,0.0,0.32,Cerrado,1.0
4d84c0af-85c7-3f59-b439-677913483ab2,-23.60735,-48.25928,2026-03-24 04:14:00,NOAA-20,ITAPETININGA,SÃO PAULO,Brasil,3522307,35,33,3.0,0.0,0.2,Cerrado,9.3
3aed74fa-f6ec-3c0d-94d3-a68b28986e3d,-22.37151,-49.1214,2026-03-24 04:14:00,NOAA-20,BAURU,SÃO PAULO,Brasil,3506003,35,33,5.0,0.4,0.53,Cerrado,0.9
b7262369-f3c4-32e9-a509-8dffb626b2e6,-19.22857,-44.75069,2026-03-24 04:14:00,NOAA-20,POMPÉU,MINAS GERAIS,Brasil,3152006,31,33,3.0,4.18,0.08,Cerrado,2.9
8fbc4648-df1e-31f8-b9b7-ca6dd458450d,-21.11772,-47.46189,2026-03-24 05:01:00,NOAA-21,ALTINÓPOLIS,SÃO PAULO,Brasil,3501004,35,33,2.0,0.0,0.38,Cerrado,1.1
f3a55f52-9888-3d58-8e43-6f6a8b6ab6fa,-19.49123,-52.70836,2026-03-24 05:01:00,NOAA-21,PARAÍSO DAS ÁGUAS,MATO GROSSO DO SUL,Brasil,5006275,50,33,1.0,2.21,0.1,Cerrado,1.2
2f89b9c3-9382-3665-b909-0c0d73b88433,-16.84675,-50.66565,2026-03-24 05:01:00,NOAA-21,PARAÚNA,GOIÁS,Brasil,5216403,52,33,1.0,0.69,0.03,Cerrado,0.8
511f88ef-07ad-3c2b-ae11-94755126e047,-21.11784,-47.46415,2026-03-24 05:01:00,NOAA-21,ALTINÓPOLIS,SÃO PAULO,Brasil,3501004,35,33,2.0,0.0,0.35,Cerrado,1.7
a313c516-fb0c-3dda-be08-a6054ebdd556,-19.22937,-44.75214,2026-03-24 05:01:00,NOAA-21,POMPÉU,MINAS GERAIS,Brasil,3152006,31,33,3.0,4.2,0.08,Cerrado,4.4
15489dcc-6af7-3ee3-b501-cb4b5f332756,-16.4399,-54.93007,2026-03-24 05:01:00,NOAA-21,RONDONÓPOLIS,MATO GROSSO,Brasil,5107602,51,33,1.0,4.89,0.07,Cerrado,7.0
e10a5b0b-266e-3626-8121-d52e8b12d668,-16.42919,-54.93215,2026-03-24 05:01:00,NOAA-21,RONDONÓPOLIS,MATO GROSSO,Brasil,5107602,51,33,1.0,4.85,0.07,Cerrado,0.6
6d3f5965-fbb5-3832-8bb1-22973d1976ec,-16.84624,-50.66966,2026-03-24 05:01:00,NOAA-21,PARAÚNA,GOIÁS,Brasil,5216403,52,33,1.0,0.69,0.01,Cerrado,0.8
39943807-0c7b-3288-9183-23f75bad2467,-18.03636,-54.57276,2026-03-24 05:01:00,NOAA-21,PEDRO GOMES,MATO GROSSO DO SUL,Brasil,5006408,50,33,2.0,4.39,0.02,Cerrado,1.3
93b0fc08-b3b7-387d-87a7-89017290fb17,-18.0329,-54.57219,2026-03-24 05:01:00,NOAA-21,PEDRO GOMES,MATO GROSSO DO SUL,Brasil,5006408,50,33,2.0,4.32,0.02,Cerrado,0.7
de713ec0-2ddd-345c-adb5-01ffaf98a9b9,-16.43934,-54.9338,2026-03-24 05:01:00,NOAA-21,RONDONÓPOLIS,MATO GROSSO,Brasil,5107602,51,33,1.0,4.82,0.07,Cerrado,11.0
80c32e99-c564-3b56-877a-862166d45211,-21.11738,-47.46561,2026-03-24 05:01:00,NOAA-21,ALTINÓPOLIS,SÃO PAULO,Brasil,3501004,35,33,2.0,0.0,0.32,Cerrado,0.9
4acb90df-1623-391b-afb1-ec236370db5b,-19.48737,-52.70781,2026-03-24 05:01:00,NOAA-21,PARAÍSO DAS ÁGUAS,MATO GROSSO DO SUL,Brasil,5006275,50,33,1.0,2.22,0.06,Cerrado,1.2
e0218f03-e3cf-300e-ac50-1dfd321cfee5,-23.60537,-48.25791,2026-03-24 05:04:00,NOAA-21,ITAPETININGA,SÃO PAULO,Brasil,3522307,35,33,2.0,0.0,0.32,Cerrado,8.2
4c3ef5da-720d-3e70-b103-ecc1921ba8b9,-23.61077,-48.25869,2026-03-24 05:04:00,NOAA-21,ITAPETININGA,SÃO PAULO,Brasil,3522307,35,33,3.0,0.0,0.25,Cerrado,0.8
63aff956-649e-3891-8cba-ce29c838d9d9,-22.44062,-46.91059,2026-03-24 05:04:00,NOAA-21,MOGI MIRIM,SÃO PAULO,Brasil,3530805,35,33,3.0,0.0,0.46,Cerrado,1.3
4c1ce701-c2ae-35dc-b492-0683957e62bc,-23.6086,-48.25999,2026-03-24 05:04:00,NOAA-21,ITAPETININGA,SÃO PAULO,Brasil,3522307,35,33,3.0,0.0,0.16,Cerrado,5.0
1a8d0d90-b0d5-38d9-89a7-01946321c2bf,-21.71726,-47.2522,2026-03-24 05:04:00,NOAA-21,TAMBAÚ,SÃO PAULO,Brasil,3553302,35,33,3.0,0.0,0.33,Cerrado,5.5
af4905c1-fb40-3fd6-a1bd-1cb1ebcb57e1,-21.54558,-54.27176,2026-03-24 05:04:00,NOAA-21,NOVA ALVORADA DO SUL,MATO GROSSO DO SUL,Brasil,5006002,50,33,2.0,3.28,0.11,Cerrado,0.6
47ebac2b-fa91-367e-ade3-ad1423bc3b98,-23.60896,-48.25627,2026-03-24 05:04:00,NOAA-21,ITAPETININGA,SÃO PAULO,Brasil,3522307,35,33,3.0,0.0,0.46,Cerrado,5.0
f9fcb230-f774-3128-a6c2-8cf05488fa84,-21.54497,-54.27632,2026-03-24 05:04:00,NOAA-21,NOVA ALVORADA DO SUL,MATO GROSSO DO SUL,Brasil,5006002,50,33,2.0,3.23,0.11,Cerrado,0.9
1185c590-295c-3f34-9aa5-f2a861f993f3,-21.63101,-49.02902,2026-03-24 05:04:00,NOAA-21,BORBOREMA,SÃO PAULO,Brasil,3507407,35,33,4.0,0.0,0.21,Cerrado,0.9
c1fc5102-5616-33e5-ae13-3bcf5f468d0b,-21.63071,-49.03201,2026-03-24 05:04:00,NOAA-21,BORBOREMA,SÃO PAULO,Brasil,3507407,35,33,4.0,0.0,0.2,Cerrado,0.7
b40d0368-28d0-3d5d-986a-43a9d22b3ca8,-21.23048,-56.93123,2026-03-24 05:04:00,NOAA-21,PORTO MURTINHO,MATO GROSSO DO SUL,Brasil,5006903,50,33,1.0,12.63,0.0,Cerrado,0.7
dffd68f4-d93d-3bf1-ac4d-e125609858e4,-21.23105,-56.92752,2026-03-24 05:04:00,NOAA-21,PORTO MURTINHO,MATO GROSSO DO SUL,Brasil,5006903,50,33,1.0,12.71,0.0,Cerrado,0.7
629c7c1b-16a9-33a7-8ba8-a2236fa40f6d,-18.78584,-53.47854,2026-03-24 12:49:00,TERRA_M-T,FIGUEIRÃO,MATO GROSSO DO SUL,Brasil,5003900,50,33,0.0,4.9,0.07,Cerrado,16.0
31ad892f-d1a6-3178-818f-cfa9645d9cfd,-20.14349,-46.69722,2026-03-24 15:52:00,NOAA-21,SÃO ROQUE DE MINAS,MINAS GERAIS,Brasil,3164308,31,33,2.0,5.88,0.0,Cerrado,20.7
c804531f-3070-3dc9-acd1-6be2c8093279,-20.15134,-46.69213,2026-03-24 15:52:00,NOAA-21,SÃO ROQUE DE MINAS,MINAS GERAIS,Brasil,3164308,31,33,2.0,6.12,0.0,Cerrado,13.5
64811f32-2a91-31fe-8b27-b54bac11838a,-20.13826,-46.70085,2026-03-24 15:52:00,NOAA-21,SÃO ROQUE DE MINAS,MINAS GERAIS,Brasil,3164308,31,33,2.0,5.64,0.0,Cerrado,11.5
26cd73f0-d7e7-3eee-aac0-d93305a0ea0c,-17.89469,-43.75351,2026-03-24 15:52:00,NOAA-21,BOCAIÚVA,MINAS GERAIS,Brasil,3107307,31,33,0.0,4.54,0.0,Cerrado,14.4
c27043ba-316f-3eeb-a3d3-70ae48a029ea,-20.13777,-46.69457,2026-03-24 15:52:00,NOAA-21,SÃO ROQUE DE MINAS,MINAS GERAIS,Brasil,3164308,31,33,2.0,6.03,0.0,Cerrado,11.5
9551928e-7615-3e26-a43a-99078ce8957b,-20.13671,-46.69835,2026-03-24 15:52:00,NOAA-21,SÃO ROQUE DE MINAS,MINAS GERAIS,Brasil,3164308,31,33,2.0,5.79,0.0,Cerrado,7.6
9e749852-7ed6-324b-9396-31942d31d855,-10.57116,-42.68668,2026-03-24 15:54:00,NOAA-21,BARRA,BAHIA,Brasil,2902708,29,33,5.0,10.67,0.0,Cerrado,6.1
2a4c548d-28ec-350c-8992-5083e4f668f1,-10.5734,-42.68859,2026-03-24 15:54:00,NOAA-21,BARRA,BAHIA,Brasil,2902708,29,33,5.0,10.69,0.0,Cerrado,5.9
8117af2b-2aea-38d9-9539-943dd823f080,-5.12875,-43.02046,2026-03-24 15:56:00,NOAA-21,TIMON,MARANHÃO,Brasil,2112209,21,33,0.0,2.42,0.06,Cerrado,4.4
cd7aca09-acb3-3574-a342-7175e1871f82,-5.12938,-43.02016,2026-03-24 15:56:00,NOAA-21,TIMON,MARANHÃO,Brasil,2112209,21,33,0.0,2.44,0.06,Cerrado,4.5
bba75c5c-b613-3f81-82d7-5f1fa5fac65e,-17.89825,-43.75316,2026-03-24 16:22:00,NPP-375,BOCAIÚVA,MINAS GERAIS,Brasil,3107307,31,33,0.0,4.47,0.0,Cerrado,12.4
1154ae50-357e-359d-aaa5-2d4a6e2a8d29,-21.11672,-47.46421,2026-03-24 16:22:00,NPP-375,ALTINÓPOLIS,SÃO PAULO,Brasil,3501004,35,33,2.0,0.0,0.34,Cerrado,11.2
e3c2f0bc-1aed-30a9-8761-f46c2eb5c4e9,-17.89389,-43.74913,2026-03-24 16:22:00,NPP-375,DIAMANTINA,MINAS GERAIS,Brasil,3121605,31,33,0.0,4.5,0.0,Cerrado,12.4
0fa95be1-4660-358a-9c68-d4e0128095ad,-17.8945,-43.7537,2026-03-24 16:22:00,NPP-375,BOCAIÚVA,MINAS GERAIS,Brasil,3107307,31,33,0.0,4.55,0.0,Cerrado,12.4
c9081045-3726-312f-9f1e-1d7e01d138d2,-21.12163,-47.46334,2026-03-24 16:22:00,NPP-375,ALTINÓPOLIS,SÃO PAULO,Brasil,3501004,35,33,2.0,0.0,0.4,Cerrado,11.2
f578b6f2-19ed-35dc-8087-454ea2dcca37,-19.30543,-47.44372,2026-03-24 16:22:00,NPP-375,SANTA JULIANA,MINAS GERAIS,Brasil,3157708,31,33,2.0,3.76,0.01,Cerrado,3.6
5898b7a3-490c-3af0-99dc-0ce36bb81f5b,-20.44127,-48.09151,2026-03-24 16:22:00,NPP-375,IPUÃ,SÃO PAULO,Brasil,3521309,35,33,3.0,0.83,0.2,Cerrado,8.1
4b4b76ff-33a6-37f0-8db9-611ba6aa7392,-19.04894,-46.14185,2026-03-24 16:22:00,NPP-375,ARAPUÁ,MINAS GERAIS,Brasil,3103801,31,33,2.0,0.43,0.02,Cerrado,6.5
2078c933-179b-3dbb-a741-31bc59a09095,-16.10588,-52.35914,2026-03-24 16:24:00,NPP-375,ARAGARÇAS,GOIÁS,Brasil,5201702,52,33,2.0,17.87,0.0,Cerrado,1.3
a3a39bdf-185c-3334-aa06-3dfc0037bb10,-17.44537,-48.0473,2026-03-24 16:24:00,NPP-375,IPAMERI,GOIÁS,Brasil,5210109,52,33,0.0,2.27,0.0,Cerrado,7.6
00c2f4f4-08cb-3d1b-a09d-d2add74b6de3,-5.07393,-44.02917,2026-03-24 16:26:00,NPP-375,GONÇALVES DIAS,MARANHÃO,Brasil,2104404,21,33,0.0,16.37,0.0,Cerrado,50.0
fa3360d8-329e-3b30-9231-b7d372baadab,-5.07056,-44.02967,2026-03-24 16:26:00,NPP-375,GONÇALVES DIAS,MARANHÃO,Brasil,2104404,21,33,0.0,16.39,0.0,Cerrado,9.4
163aa5b4-fb46-3637-b930-60280dfa01c5,-22.75217,-47.15208,2026-03-24 16:41:00,NOAA-20,PAULÍNIA,SÃO PAULO,Brasil,3536505,35,33,4.0,0.0,-999.0,Cerrado,2.3
bc44d985-37c5-3c4a-85ab-491bdc6518e4,-23.8902,-48.95049,2026-03-24 16:41:00,NOAA-20,ITAPEVA,SÃO PAULO,Brasil,3522406,35,33,0.0,0.0,0.07,Cerrado,6.9
edb5c96c-0ec7-30d1-ac8d-839015478cb2,-23.89394,-48.94994,2026-03-24 16:41:00,NOAA-20,ITAPEVA,SÃO PAULO,Brasil,3522406,35,33,0.0,0.0,0.07,Cerrado,6.9
b586dd5b-ba78-3538-a0cb-62d4b04968f0,-22.88154,-48.4771,2026-03-24 16:41:00,NOAA-20,BOTUCATU,SÃO PAULO,Brasil,3507506,35,33,5.0,0.0,-999.0,Cerrado,2.6
d3a23dc8-be6a-3b9d-b58d-8ebb7608d23d,-22.59381,-47.36622,2026-03-24 16:41:00,NOAA-20,LIMEIRA,SÃO PAULO,Brasil,3526902,35,33,3.0,0.0,-999.0,Cerrado,2.2
26f49bb0-3f81-3282-a7e8-52e1f6d30932,-17.90027,-43.75294,2026-03-24 16:43:00,NOAA-20,BOCAIÚVA,MINAS GERAIS,Brasil,3107307,31,33,0.0,4.43,0.0,Cerrado,4.5
8e06cd45-96ca-3074-aa1f-85d5203c55f1,-20.98438,-54.98255,2026-03-24 16:43:00,NOAA-20,SIDROLÂNDIA,MATO GROSSO DO SUL,Brasil,5007901,50,33,2.0,2.97,0.18,Cerrado,7.5
d30256d0-1e53-3c9e-8416-ef6abfb0ae34,-20.16249,-46.70761,2026-03-24 16:43:00,NOAA-20,SÃO ROQUE DE MINAS,MINAS GERAIS,Brasil,3164308,31,33,2.0,4.98,0.01,Cerrado,6.5
f5c7998b-5e25-3328-bc39-4b41959f9400,-21.12126,-47.46272,2026-03-24 16:43:00,NOAA-20,ALTINÓPOLIS,SÃO PAULO,Brasil,3501004,35,33,2.0,0.0,0.4,Cerrado,6.1
d6b91f6f-f106-36bd-b7ca-87d2b52675e5,-21.12182,-47.46666,2026-03-24 16:43:00,NOAA-20,ALTINÓPOLIS,SÃO PAULO,Brasil,3501004,35,33,2.0,0.0,0.37,Cerrado,6.1
cb849a6c-6d5d-3c86-9c2a-fc8e94dfd578,-20.16195,-46.70389,2026-03-24 16:43:00,NOAA-20,SÃO ROQUE DE MINAS,MINAS GERAIS,Brasil,3164308,31,33,2.0,5.22,0.0,Cerrado,6.5
3695dc4b-d8c1-3a84-b3a4-265cbe7681ea,-21.18404,-54.80763,2026-03-24 16:43:00,NOAA-20,SIDROLÂNDIA,MATO GROSSO DO SUL,Brasil,5007901,50,33,0.0,1.06,0.1,Cerrado,10.2
563c945d-92c3-35d2-b3ac-9be5e21c91e7,-20.40737,-45.96894,2026-03-24 16:43:00,NOAA-20,PIUMHI,MINAS GERAIS,Brasil,3151503,31,33,3.0,4.61,0.08,Cerrado,1.4
200a03a3-d4eb-31ea-9bbf-cbad6614d833,-20.04469,-47.77198,2026-03-24 16:43:00,NOAA-20,IGARAPAVA,SÃO PAULO,Brasil,3520103,35,33,3.0,0.2,-999.0,Cerrado,8.2
56624ff9-4fb5-3f8c-bd30-0ad7b8d87292,-17.89678,-43.75359,2026-03-24 16:43:00,NOAA-20,BOCAIÚVA,MINAS GERAIS,Brasil,3107307,31,33,0.0,4.5,0.0,Cerrado,13.0
23b491cd-cad6-3b0d-99ae-063621a7e55c,-21.1184,-47.46725,2026-03-24 16:43:00,NOAA-20,ALTINÓPOLIS,SÃO PAULO,Brasil,3501004,35,33,2.0,0.0,0.31,Cerrado,14.8
4a6ce743-20d3-3236-a81b-ad52bd1509c8,-16.44154,-54.93359,2026-03-24 16:43:00,NOAA-20,RONDONÓPOLIS,MATO GROSSO,Brasil,5107602,51,33,1.0,4.82,0.07,Cerrado,8.1
3f7233ea-de78-3cba-89b5-24470dd0457e,-21.11785,-47.46331,2026-03-24 16:43:00,NOAA-20,ALTINÓPOLIS,SÃO PAULO,Brasil,3501004,35,33,2.0,0.0,0.36,Cerrado,14.8
30a1cda8-e8af-3de1-93bc-f93bf278825d,-21.05379,-47.25764,2026-03-24 16:43:00,NOAA-20,ALTINÓPOLIS,SÃO PAULO,Brasil,3501004,35,33,0.0,0.0,0.02,Cerrado,3.7
aece970e-6969-318c-9aa1-0d7621a10913,-6.89787,-44.94698,2026-03-24 16:45:00,NOAA-20,LORETO,MARANHÃO,Brasil,2106102,21,33,0.0,15.2,0.0,Cerrado,7.8
dd027553-d00c-3eca-98f9-8375e5d1a8ce,-6.89711,-44.94234,2026-03-24 16:45:00,NOAA-20,SÃO FÉLIX DE BALSAS,MARANHÃO,Brasil,2110807,21,33,0.0,15.15,0.0,Cerrado,9.4
d6e5c323-479b-36d5-9330-a32096e8cd4e,-5.07399,-44.02878,2026-03-24 16:48:00,NOAA-20,GONÇALVES DIAS,MARANHÃO,Brasil,2104404,21,33,0.0,16.36,0.0,Cerrado,74.3
2817f020-9f47-3269-95e7-2cf36d240a5b,-3.43352,-42.50805,2026-03-24 16:48:00,NOAA-20,SÃO BERNARDO,MARANHÃO,Brasil,2110609,21,33,1.0,0.21,0.02,Cerrado,5.2
d921f075-4bb8-3d18-b882-5d7e66cf8a13,-5.06988,-44.02945,2026-03-24 16:48:00,NOAA-20,GONÇALVES DIAS,MARANHÃO,Brasil,2104404,21,33,0.0,16.39,0.0,Cerrado,5.2
ffd873b9-6957-3bb5-b139-6ecb33941cb7,-5.07339,-44.02504,2026-03-24 16:48:00,NOAA-20,GONÇALVES DIAS,MARANHÃO,Brasil,2104404,21,33,0.0,16.21,0.0,Cerrado,46.2
417db6c0-110b-3bb1-841f-e3aa3780e0f7,-21.14479,-53.27387,2026-03-24 17:32:00,NOAA-21,RIBAS DO RIO PARDO,MATO GROSSO DO SUL,Brasil,5007109,50,33,0.0,5.28,0.05,Cerrado,6.8
efcc83d7-9727-33ef-888e-506b4756cf90,-21.12065,-47.46214,2026-03-24 17:32:00,NOAA-21,ALTINÓPOLIS,SÃO PAULO,Brasil,3501004,35,33,2.0,0.0,0.4,Cerrado,7.7
c368c3e2-93dd-3ca1-9882-2f21d8c681fa,-21.81188,-48.14921,2026-03-24 17:32:00,NOAA-21,ARARAQUARA,SÃO PAULO,Brasil,3503208,35,33,2.0,0.0,-999.0,Cerrado,2.9
614c8ea2-41c8-36de-858a-80dd3595bd66,-20.41063,-45.97183,2026-03-24 17:32:00,NOAA-21,PIUMHI,MINAS GERAIS,Brasil,3151503,31,33,3.0,4.57,0.09,Cerrado,5.9
dfec45cb-a994-3a2c-8c7f-8fa098e33cc1,-21.115,-47.46304,2026-03-24 17:32:00,NOAA-21,ALTINÓPOLIS,SÃO PAULO,Brasil,3501004,35,33,2.0,0.0,0.34,Cerrado,7.7
362eb3b1-d525-382b-8364-e3e4f3501692,-21.71895,-47.14314,2026-03-24 17:32:00,NOAA-21,CASA BRANCA,SÃO PAULO,Brasil,3510807,35,33,3.0,0.0,0.15,Cerrado,3.9
af0a5e87-5e92-3cc5-af87-c28c09e16d33,-21.12153,-47.46603,2026-03-24 17:32:00,NOAA-21,ALTINÓPOLIS,SÃO PAULO,Brasil,3501004,35,33,2.0,0.0,0.37,Cerrado,7.7
5a2d243a-3db3-38e9-a347-597b658cdfff,-23.89034,-48.94909,2026-03-24 17:32:00,NOAA-21,ITAPEVA,SÃO PAULO,Brasil,3522406,35,33,0.0,0.0,0.07,Cerrado,8.8
9494cd49-f3b2-3051-823b-091dec2af107,-20.85856,-51.78769,2026-03-24 17:32:00,NOAA-21,TRÊS LAGOAS,MATO GROSSO DO SUL,Brasil,5008305,50,33,2.0,8.69,0.01,Cerrado,12.3
4f21c0cb-41e8-3289-af4b-53d265587460,-21.11743,-47.46486,2026-03-24 17:32:00,NOAA-21,ALTINÓPOLIS,SÃO PAULO,Brasil,3501004,35,33,2.0,0.0,0.33,Cerrado,27.2
b4c63040-1b4a-312d-b4af-11c06f478790,-21.71665,-47.14589,2026-03-24 17:32:00,NOAA-21,CASA BRANCA,SÃO PAULO,Brasil,3510807,35,33,3.0,0.0,0.09,Cerrado,4.0
f3fad911-232c-37b3-a2e8-7c6eb7ef2e73,-20.17505,-51.86187,2026-03-24 17:32:00,NOAA-21,SELVÍRIA,MATO GROSSO DO SUL,Brasil,5007802,50,33,2.0,8.08,0.02,Cerrado,1.3
d65041ce-ee8c-37bb-b0fb-04c80881769f,-20.38165,-56.61305,2026-03-24 17:32:00,NOAA-21,BODOQUENA,MATO GROSSO DO SUL,Brasil,5002159,50,33,1.0,0.48,0.12,Cerrado,2.7
b82d5c7f-143a-3cb7-893c-a0d29a0c9ef0,-21.1159,-47.46701,2026-03-24 17:32:00,NOAA-21,ALTINÓPOLIS,SÃO PAULO,Brasil,3501004,35,33,2.0,0.0,0.27,Cerrado,7.7
b8b4427b-a4cd-36e0-9c0c-4a95b62c0c37,-12.30834,-59.73396,2026-03-24 17:34:00,NOAA-21,JUÍNA,MATO GROSSO,Brasil,5105150,51,33,0.0,7.47,0.0,Cerrado,0.2
b26aeb02-af64-3ccb-8344-6de7195c341e,-16.43853,-54.93451,2026-03-24 17:34:00,NOAA-21,RONDONÓPOLIS,MATO GROSSO,Brasil,5107602,51,33,1.0,4.81,0.07,Cerrado,10.9
255961b4-36fc-371f-ae51-6da53c47d366,-21.77778,-48.91421,2026-03-24 18:02:00,NPP-375,IBITINGA,SÃO PAULO,Brasil,3519600,35,33,5.0,0.0,0.31,Cerrado,1.3
20bc18ff-b8a2-3427-b320-80ba2813e421,-23.88752,-48.95322,2026-03-24 18:02:00,NPP-375,ITAPEVA,SÃO PAULO,Brasil,3522406,35,33,0.0,0.0,0.07,Cerrado,5.5
25ab72be-3ffd-38fd-8e12-2cccbbe0cf96,-16.3822,-54.57346,2026-03-24 18:04:00,NPP-375,RONDONÓPOLIS,MATO GROSSO,Brasil,5107602,51,33,0.0,8.48,0.03,Cerrado,4.2
374a366b-303c-3ec6-939e-d74d6bd8859a,-18.75249,-52.42436,2026-03-24 19:04:00,AQUA_M-T,CASSILÂNDIA,MATO GROSSO DO SUL,Brasil,5002902,50,33,1.0,3.17,0.17,Cerrado,6.7
fc65902b-77f5-3a16-a1cb-cb90195ac485,-18.52366,-51.55418,2026-03-24 19:04:00,AQUA_M-T,ITARUMÃ,GOIÁS,Brasil,5211305,52,33,0.0,3.09,0.02,Cerrado,10.4
bdafa69a-5e22-3eb2-93ab-821f5a921fd4,-21.3293,-47.0466,2026-03-24 23:53:00,METOP-B,MOCOCA,SÃO PAULO,Brasil,3530508,35,33,2.0,0.0,0.5,Cerrado,
6f24cb1b-0a8e-3dc7-881d-6e472b7e7660,-21.3316,-47.059299,2026-03-24 23:53:00,METOP-B,MOCOCA,SÃO PAULO,Brasil,3530508,35,33,2.0,0.0,0.55,Cerrado,
03a01fc7-9f5c-3659-8b3e-fe62d6f83f00,-22.7139,-47.105099,2026-03-24 23:53:00,METOP-B,PAULÍNIA,SÃO PAULO,Brasil,3536505,35,33,5.0,0.0,0.3,Cerrado,
a1af582e-2b80-33d5-87b3-6fb562ed41dd,-22.7115,-47.091702,2026-03-24 23:53:00,METOP-B,PAULÍNIA,SÃO PAULO,Brasil,3536505,35,33,5.0,0.0,0.4,Cerrado,
22cf4be6-e2f1-3ff7-bcb8-4ac1e8f0e349,-8.57112,-44.28474,2026-03-25 03:30:00,NPP-375D,PALMEIRA DO PIAUÍ,PIAUÍ,Brasil,2207405,22,33,0.0,9.21,0.0,Cerrado,0.3
55c1e102-8e9a-33d5-aead-22b206e92f7c,-22.5611,-49.53964,2026-03-25 03:34:00,NPP-375D,SANTA CRUZ DO RIO PARDO,SÃO PAULO,Brasil,3546405,35,33,5.0,0.26,0.26,Cerrado,0.2
93877da8-d339-3389-85e4-3eccd1898488,-22.33455,-47.18984,2026-03-25 03:34:00,NPP-375D,CONCHAL,SÃO PAULO,Brasil,3512209,35,33,3.0,2.4,0.68,Cerrado,0.9
de0c6b23-2f4f-39c3-a2be-615b8c242ec3,-19.57774,-44.77661,2026-03-25 03:34:00,NPP-375D,PITANGUI,MINAS GERAIS,Brasil,3151404,31,33,2.0,2.8,0.11,Cerrado,2.3
f8ed6630-fc24-32be-b40d-4fbf9d3808cc,-19.7974,-45.68721,2026-03-25 03:34:00,NPP-375D,LUZ,MINAS GERAIS,Brasil,3138807,31,33,0.0,0.5,-999.0,Cerrado,1.0
24b2ee7f-84fa-31b8-92b0-54b9f37ac420,-23.01949,-48.45224,2026-03-25 03:34:00,NPP-375D,BOTUCATU,SÃO PAULO,Brasil,3507506,35,33,5.0,0.36,0.32,Cerrado,1.0
68b79712-8638-3615-9991-c1987f374c92,-22.17133,-47.69253,2026-03-25 03:34:00,NPP-375D,ANALÂNDIA,SÃO PAULO,Brasil,3502002,35,33,2.0,4.71,0.04,Cerrado,0.2
9013a9f3-db6e-36ac-9020-c25b80e84b3e,-22.06157,-46.85455,2026-03-25 03:55:00,NOAA-20,SÃO JOÃO DA BOA VISTA,SÃO PAULO,Brasil,3549102,35,33,4.0,1.25,0.24,Cerrado,4.2
e1f070b5-575a-3c5d-8579-2b8d9a850f56,-23.02064,-48.4464,2026-03-25 03:55:00,NOAA-20,BOTUCATU,SÃO PAULO,Brasil,3507506,35,33,5.0,0.36,0.43,Cerrado,2.0
34830d66-0a9b-3d59-9f41-0e3c8db79d00,-22.33772,-47.18633,2026-03-25 03:55:00,NOAA-20,CONCHAL,SÃO PAULO,Brasil,3512209,35,33,2.0,2.37,0.68,Cerrado,1.6
9aff0a3c-8c47-36bd-b43e-df419840a50b,-22.0624,-46.85029,2026-03-25 03:55:00,NOAA-20,SÃO JOÃO DA BOA VISTA,SÃO PAULO,Brasil,3549102,35,33,4.0,1.2,0.28,Cerrado,2.9
d34797cc-bba0-3ba8-bfa8-1bb7a9dcadc4,-21.49165,-48.77091,2026-03-25 03:55:00,NOAA-20,ITÁPOLIS,SÃO PAULO,Brasil,3522703,35,33,4.0,6.36,0.05,Cerrado,1.5
ef125bd7-4f68-3b14-91ad-3929358e9d02,-16.00007,-51.20425,2026-03-25 04:42:00,NOAA-21,FAZENDA NOVA,GOIÁS,Brasil,5207600,52,33,1.0,13.3,0.0,Cerrado,2.3
1b6f92ad-ed43-39a5-bcb5-28f5a09014bb,-16.62635,-49.19328,2026-03-25 04:42:00,NOAA-21,GOIÂNIA,GOIÁS,Brasil,5208707,52,33,1.0,23.89,0.0,Cerrado,1.1
e85fc9b2-7f95-37f1-81e3-a7107a46aac5,-22.3361,-47.18737,2026-03-25 04:44:00,NOAA-21,CONCHAL,SÃO PAULO,Brasil,3512209,35,33,2.0,2.38,0.68,Cerrado,0.6
8f0b4323-9b43-31cb-a13e-75a4715e2a7f,-22.06638,-46.85062,2026-03-25 04:44:00,NOAA-21,SÃO JOÃO DA BOA VISTA,SÃO PAULO,Brasil,3549102,35,33,4.0,1.21,0.29,Cerrado,1.6
1c3980f4-3e6d-3925-a7df-308e28b7bb9d,-22.34126,-47.18587,2026-03-25 04:44:00,NOAA-21,CONCHAL,SÃO PAULO,Brasil,3512209,35,33,2.0,2.39,0.68,Cerrado,0.6
88e5e5fe-bb77-30ed-aaa7-44af1657e183,-22.06589,-46.85489,2026-03-25 04:44:00,NOAA-21,SÃO JOÃO DA BOA VISTA,SÃO PAULO,Brasil,3549102,35,33,4.0,1.25,0.27,Cerrado,1.6
2037d550-8a50-349f-9185-5ffb5821de19,-22.0621,-46.85005,2026-03-25 04:44:00,NOAA-21,SÃO JOÃO DA BOA VISTA,SÃO PAULO,Brasil,3549102,35,33,4.0,1.2,0.29,Cerrado,1.6
ebfd4eb0-1c86-3816-ba4f-9dda7473f45e,-22.06316,-46.85269,2026-03-25 04:44:00,NOAA-21,SÃO JOÃO DA BOA VISTA,SÃO PAULO,Brasil,3549102,35,33,4.0,1.23,0.27,Cerrado,5.3
cf5cd269-4e68-3ee0-bfe8-3b22704094e4,-21.53129,-48.63852,2026-03-25 04:44:00,NOAA-21,TAQUARITINGA,SÃO PAULO,Brasil,3553708,35,33,4.0,9.34,0.02,Cerrado,0.6
57302d28-0d83-3383-bb31-3fd25650e4d3,-21.58756,-48.85773,2026-03-25 04:44:00,NOAA-21,ITÁPOLIS,SÃO PAULO,Brasil,3522703,35,33,4.0,5.66,0.07,Cerrado,0.7
20299e9d-5687-3826-8b45-8f29846246be,-21.58767,-48.85955,2026-03-25 04:44:00,NOAA-21,ITÁPOLIS,SÃO PAULO,Brasil,3522703,35,33,4.0,5.65,0.07,Cerrado,0.5
4bbfec37-b36d-38ea-bdea-3772f471c9a6,-22.33706,-47.18523,2026-03-25 04:44:00,NOAA-21,CONCHAL,SÃO PAULO,Brasil,3512209,35,33,2.0,2.36,0.68,Cerrado,0.6
6d6b033c-6bbf-366c-86a4-1aade52c1217,-22.3403,-47.188,2026-03-25 04:44:00,NOAA-21,CONCHAL,SÃO PAULO,Brasil,3512209,35,33,3.0,2.39,0.68,Cerrado,0.8
e24e6241-2a94-39e2-8dbb-941e4c736637,-22.06161,-46.85431,2026-03-25 04:44:00,NOAA-21,SÃO JOÃO DA BOA VISTA,SÃO PAULO,Brasil,3549102,35,33,4.0,1.25,0.25,Cerrado,1.6
513dc166-469c-3235-8701-0b499fb2d7df,-21.49161,-48.76714,2026-03-25 04:44:00,NOAA-21,ITÁPOLIS,SÃO PAULO,Brasil,3522703,35,33,4.0,6.37,0.05,Cerrado,0.8
5f3d5d99-920c-3fd6-a1d4-9b0c44eb51bc,-23.02385,-48.44759,2026-03-25 04:44:00,NOAA-21,BOTUCATU,SÃO PAULO,Brasil,3507506,35,33,5.0,0.31,0.27,Cerrado,2.4
41111c81-5bbb-30c8-85a1-a04d271afe09,-21.49148,-48.76855,2026-03-25 04:44:00,NOAA-21,ITÁPOLIS,SÃO PAULO,Brasil,3522703,35,33,3.0,6.36,0.05,Cerrado,1.0
bdd4e3e9-eee9-3398-b61a-eb15f79ab262,-12.71175,-47.69426,2026-03-25 05:12:00,NPP-375D,PARANÃ,TOCANTINS,Brasil,1716208,17,33,1.0,7.01,0.0,Cerrado,1.3
f69dde86-ffe7-3e8f-bcb6-b2f8442a4391,-13.11384,-57.74052,2026-03-25 05:12:00,NPP-375D,BRASNORTE,MATO GROSSO,Brasil,5101902,51,33,0.0,5.48,0.0,Cerrado,0.1
c6b55fb7-bdbe-3ba4-bbeb-367663d5d145,-15.75637,-48.48077,2026-03-25 05:14:00,NPP-375D,COCALZINHO DE GOIÁS,GOIÁS,Brasil,5205513,52,33,0.0,1.98,0.04,Cerrado,0.7
7061797b-48a1-39cf-8d4e-abe40b3ced9e,-15.6573,-56.42938,2026-03-25 05:14:00,NPP-375D,NOSSA SENHORA DO LIVRAMENTO,MATO GROSSO,Brasil,5106109,51,33,1.0,3.79,0.0,Cerrado,1.3
08ffbcbd-3a4a-3542-ba1c-bfe953182aa5,-22.06625,-46.85196,2026-03-25 05:14:00,NPP-375D,SÃO JOÃO DA BOA VISTA,SÃO PAULO,Brasil,3549102,35,33,4.0,1.22,0.28,Cerrado,0.8
5cda728b-ce10-3ae8-b00f-7ff0f92cbced,-17.81308,-48.61797,2026-03-25 05:14:00,NPP-375D,CALDAS NOVAS,GOIÁS,Brasil,5204508,52,33,2.0,6.88,0.01,Cerrado,0.1
4d1b029a-f843-391e-b14b-fbc31bcd21e3,-17.50032,-45.57401,2026-03-25 05:14:00,NPP-375D,JOÃO PINHEIRO,MINAS GERAIS,Brasil,3136306,31,33,2.0,2.08,0.02,Cerrado,1.5
2583fbd8-5bb9-3cf3-9e0a-d093434aa526,-16.34856,-48.67452,2026-03-25 05:14:00,NPP-375D,GAMELEIRA DE GOIÁS,GOIÁS,Brasil,5208152,52,33,0.0,7.06,0.0,Cerrado,0.9
b9563640-d0bc-35a3-b6f2-ca24ed4c8a93,-17.10599,-48.56726,2026-03-25 05:14:00,NPP-375D,VIANÓPOLIS,GOIÁS,Brasil,5222005,52,33,0.0,11.39,0.0,Cerrado,0.4
ab885bf8-48f0-3ec4-9b0a-8d6f525555e7,-19.87142,-47.08838,2026-03-25 05:14:00,NPP-375D,TAPIRA,MINAS GERAIS,Brasil,3168101,31,33,2.0,10.54,0.01,Cerrado,0.4
96be07e3-3424-3b60-bdce-6469786d191d,-19.90246,-48.68501,2026-03-25 05:14:00,NPP-375D,PIRAJUBA,MINAS GERAIS,Brasil,3150703,31,33,1.0,8.4,0.01,Cerrado,0.4
627ae849-1d51-377a-b636-1e9c3994c857,-15.66125,-56.4262,2026-03-25 05:14:00,NPP-375D,NOSSA SENHORA DO LIVRAMENTO,MATO GROSSO,Brasil,5106109,51,33,1.0,3.81,0.0,Cerrado,1.0
bdd49a03-3915-3fcf-8853-df43aa325782,-18.69766,-48.30603,2026-03-25 05:14:00,NPP-375D,ARAGUARI,MINAS GERAIS,Brasil,3103504,31,33,2.0,1.93,0.0,Cerrado,0.5
3c6b0eca-931d-32df-bdec-7d49e5a633fb,-18.6381,-47.92724,2026-03-25 05:14:00,NPP-375D,CASCALHO RICO,MINAS GERAIS,Brasil,3115003,31,33,2.0,3.43,0.02,Cerrado,0.3
fe131534-f8a8-331e-a223-1f1c53d6ad3a,-22.05983,-46.85139,2026-03-25 05:14:00,NPP-375D,SÃO JOÃO DA BOA VISTA,SÃO PAULO,Brasil,3549102,35,33,4.0,1.22,0.26,Cerrado,0.8
ccc2a2d9-6f30-302c-9dda-d8734397dccc,-17.69359,-48.844,2026-03-25 05:14:00,NPP-375D,MORRINHOS,GOIÁS,Brasil,5213806,52,33,2.0,8.9,0.01,Cerrado,0.5
4d7d1ce5-2711-3b5c-8c1e-d9abbaa67813,-20.13266,-44.62181,2026-03-25 05:14:00,NPP-375D,ITAÚNA,MINAS GERAIS,Brasil,3133808,31,33,0.0,0.2,0.39,Cerrado,0.5
0a69a58e-e712-30fa-83a4-e0318ae48365,-14.2102,-53.81667,2026-03-25 05:14:00,NPP-375D,PARANATINGA,MATO GROSSO,Brasil,5106307,51,33,0.0,21.99,0.0,Cerrado,1.2
522ac8a1-d73e-36a0-922c-86d82e77956d,-16.66057,-53.119,2026-03-25 05:14:00,NPP-375D,ARAGUAINHA,MATO GROSSO,Brasil,5101209,51,33,0.0,3.35,0.08,Cerrado,0.2
fb45f105-178b-3cee-855e-3a2736788fe4,-20.34849,-46.77197,2026-03-25 05:14:00,NPP-375D,DELFINÓPOLIS,MINAS GERAIS,Brasil,3121209,31,33,3.0,6.13,0.01,Cerrado,0.8
9e58606f-1f05-3d25-8a6d-89a60b4bc3c2,-15.24414,-55.67336,2026-03-25 05:14:00,NPP-375D,CHAPADA DOS GUIMARÃES,MATO GROSSO,Brasil,5103007,51,33,0.0,2.47,0.0,Cerrado,0.3
ad3eda1a-f56e-31e0-bdd2-217b3f8078ea,-14.9566,-49.76842,2026-03-25 05:14:00,NPP-375D,ITAPACI,GOIÁS,Brasil,5210901,52,33,0.0,6.16,0.0,Cerrado,0.3
5b04e8b6-f93b-3212-b757-62f14819d106,-15.66915,-56.41981,2026-03-25 05:14:00,NPP-375D,NOSSA SENHORA DO LIVRAMENTO,MATO GROSSO,Brasil,5106109,51,33,1.0,3.82,0.0,Cerrado,0.5
b650d6aa-24fc-37df-93ad-e96ae98dd81d,-23.02046,-48.44644,2026-03-25 05:16:00,NPP-375D,BOTUCATU,SÃO PAULO,Brasil,3507506,35,33,5.0,0.36,0.43,Cerrado,1.1
b41e29d0-1af3-3bdf-b024-4561aad966c1,-22.15816,-48.41951,2026-03-25 05:16:00,NPP-375D,BOCAINA,SÃO PAULO,Brasil,3506805,35,33,2.0,3.52,0.04,Cerrado,0.2
23378432-1fe2-3cc1-a1f9-2d9f1fdb3dc0,-23.0241,-48.44398,2026-03-25 05:16:00,NPP-375D,BOTUCATU,SÃO PAULO,Brasil,3507506,35,33,5.0,0.31,0.44,Cerrado,1.1
3dd1db1d-73d1-3fba-a832-f2041794fa57,-22.33898,-47.18718,2026-03-25 05:16:00,NPP-375D,CONCHAL,SÃO PAULO,Brasil,3512209,35,33,2.0,2.38,0.68,Cerrado,0.5
4498350a-36c0-309d-b420-1d2b6d0ce35c,-15.65856,-56.4288,2026-03-25 05:33:00,NOAA-20,NOSSA SENHORA DO LIVRAMENTO,MATO GROSSO,Brasil,5106109,51,33,1.0,3.78,0.0,Cerrado,1.3
6b5c2956-764e-370b-a1b6-5f4eaea656a0,-22.71453,-47.11511,2026-03-25 05:57:00,AQUA_M-M,PAULÍNIA,SÃO PAULO,Brasil,3536505,35,33,5.0,7.1,0.08,Cerrado,7.7
a986b70a-81ae-3ee0-88a0-610e8b25a8e0,-3.54994,-43.2045,2026-03-25 15:37:00,NOAA-21,MATA ROMA,MARANHÃO,Brasil,2106409,21,33,2.0,1.7,0.01,Cerrado,6.4
4a4ee902-f01e-3ab0-b4d0-0a6b979a61a4,-20.80065,-46.3358,2026-03-25 16:05:00,NPP-375,ALPINÓPOLIS,MINAS GERAIS,Brasil,3101904,31,33,4.0,2.0,0.1,Cerrado,5.5
51282cfa-adc3-3232-bd1a-d9688882de6b,-22.13612,-46.98641,2026-03-25 16:05:00,NPP-375,MOGI GUAÇU,SÃO PAULO,Brasil,3530706,35,33,4.0,2.54,0.34,Cerrado,8.5
600ecb1d-38d6-305d-8f32-89a33fd75f8f,-3.5083,-42.72113,2026-03-25 16:07:00,NPP-375,MILAGRES DO MARANHÃO,MARANHÃO,Brasil,2106672,21,33,3.0,5.62,0.01,Cerrado,6.3
780cf60d-7dbf-33fa-b74d-13dc259714e0,-3.2718,-43.54429,2026-03-25 16:07:00,NPP-375,SÃO BENEDITO DO RIO PRETO,MARANHÃO,Brasil,2110401,21,33,0.0,4.79,0.0,Cerrado,3.2
de20cb92-6092-354f-8f66-120df5dd4e30,-3.54521,-44.34324,2026-03-25 16:07:00,NPP-375,CANTANHEDE,MARANHÃO,Brasil,2102705,21,33,0.0,4.93,0.01,Cerrado,6.1
5491befc-d125-32e2-af82-55a036d3c0d7,-6.65792,-47.55066,2026-03-25 16:07:00,NPP-375,PALMEIRAS DO TOCANTINS,TOCANTINS,Brasil,1713809,17,33,0.0,17.89,0.0,Cerrado,7.4
75774327-5e30-39ad-ab6f-ffa2540e6a95,-6.66304,-47.5463,2026-03-25 16:07:00,NPP-375,PALMEIRAS DO TOCANTINS,TOCANTINS,Brasil,1713809,17,33,0.0,17.68,0.0,Cerrado,7.8
4e9a44e8-badd-309b-9174-7dbb02a1444d,-3.27586,-43.5437,2026-03-25 16:07:00,NPP-375,SÃO BENEDITO DO RIO PRETO,MARANHÃO,Brasil,2110401,21,33,0.0,4.7,0.0,Cerrado,3.2
6093fc2e-ca5c-3862-8866-a4edd196b097,-3.33504,-44.03032,2026-03-25 16:07:00,NPP-375,PRESIDENTE VARGAS,MARANHÃO,Brasil,2109304,21,33,0.0,2.3,0.0,Cerrado,3.5
153b847d-fb88-39cb-b4b2-77f6a6198d2a,-22.13801,-46.98767,2026-03-25 16:24:00,NOAA-20,MOGI GUAÇU,SÃO PAULO,Brasil,3530706,35,33,4.0,2.53,0.31,Cerrado,4.8
ffc54a7d-dd07-35d9-8378-94fb02224b8f,-22.13752,-46.98333,2026-03-25 16:24:00,NOAA-20,MOGI GUAÇU,SÃO PAULO,Brasil,3530706,35,33,4.0,2.58,0.42,Cerrado,4.8
9d506c35-b4dc-3f86-b59e-092e2c9042f5,-22.14231,-46.98695,2026-03-25 16:24:00,NOAA-20,MOGI GUAÇU,SÃO PAULO,Brasil,3530706,35,33,3.0,2.55,0.33,Cerrado,3.7
ef35e8ab-7242-3173-8e36-0069c2f86d81,-22.13172,-46.97094,2026-03-25 16:24:00,NOAA-20,AGUAÍ,SÃO PAULO,Brasil,3500303,35,33,4.0,2.75,0.42,Cerrado,4.7
3d463feb-479f-3ce2-86cd-4fb7f0dc680b,-22.14182,-46.98259,2026-03-25 16:24:00,NOAA-20,MOGI GUAÇU,SÃO PAULO,Brasil,3530706,35,33,4.0,2.62,0.44,Cerrado,3.7
a61d28f1-e56c-3bef-8a72-1799ae189943,-3.50887,-42.57809,2026-03-25 16:28:00,NOAA-20,SANTA QUITÉRIA DO MARANHÃO,MARANHÃO,Brasil,2110104,21,33,3.0,6.32,0.01,Cerrado,2.9
93737a9a-b14f-358c-b1c5-e788a4b2596f,-3.52258,-43.55762,2026-03-25 16:28:00,NOAA-20,SÃO BENEDITO DO RIO PRETO,MARANHÃO,Brasil,2110401,21,33,0.0,2.02,0.0,Cerrado,8.0
0563800e-a623-36ac-9636-ccc39458a36c,-3.63644,-43.15778,2026-03-25 16:28:00,NOAA-20,MATA ROMA,MARANHÃO,Brasil,2106409,21,33,3.0,1.0,0.03,Cerrado,8.0
e2e8359d-b354-355f-988f-98232b501205,-21.16713,-56.15456,2026-03-25 17:13:00,NOAA-21,NIOAQUE,MATO GROSSO DO SUL,Brasil,5005806,50,33,3.0,11.28,0.06,Cerrado,6.8
23f43493-55d0-33ab-b0ba-137b621f20fa,-20.43039,-54.24074,2026-03-25 17:13:00,NOAA-21,JARAGUARI,MATO GROSSO DO SUL,Brasil,5004908,50,33,1.0,9.47,0.0,Cerrado,0.8
dace58ad-ce0b-3373-a78c-50fef13d7791,-20.58927,-45.74505,2026-03-25 17:13:00,NOAA-21,FORMIGA,MINAS GERAIS,Brasil,3126109,31,33,3.0,0.65,0.12,Cerrado,6.0
648c56a6-0d1c-325d-bb8b-9867ff950142,-15.66074,-56.42258,2026-03-25 17:15:00,NOAA-21,NOSSA SENHORA DO LIVRAMENTO,MATO GROSSO,Brasil,5106109,51,33,1.0,3.89,0.0,Cerrado,6.9
72bf1802-35db-3a2f-be87-a85efa1644a9,-15.66413,-56.42205,2026-03-25 17:15:00,NOAA-21,NOSSA SENHORA DO LIVRAMENTO,MATO GROSSO,Brasil,5106109,51,33,1.0,3.86,0.0,Cerrado,16.4
e01ed082-1a72-39e1-ba9f-7f0c515d62f0,-20.42652,-53.96576,2026-03-25 17:43:00,NPP-375,RIBAS DO RIO PARDO,MATO GROSSO DO SUL,Brasil,5007109,50,33,2.0,15.41,0.0,Cerrado,1.4
f1a96917-fe58-31d8-a501-9bb8e83cc0b6,-19.29538,-49.71636,2026-03-25 17:43:00,NPP-375,CAMPINA VERDE,MINAS GERAIS,Brasil,3111101,31,33,2.0,0.9,0.33,Cerrado,3.1
dfdb99fb-f6de-3e72-abb8-b8766554cc7a,-21.57935,-54.47859,2026-03-25 17:43:00,NPP-375,RIO BRILHANTE,MATO GROSSO DO SUL,Brasil,5007208,50,33,2.0,12.29,0.01,Cerrado,16.7
9c07e91b-b610-32e6-b711-9669cf864da5,-20.58993,-45.73884,2026-03-25 17:43:00,NPP-375,FORMIGA,MINAS GERAIS,Brasil,3126109,31,33,3.0,0.71,0.13,Cerrado,13.3
59e0fb3e-8345-3eb0-b5a2-4f693de7da06,-20.58983,-45.73683,2026-03-25 17:43:00,NPP-375,FORMIGA,MINAS GERAIS,Brasil,3126109,31,33,3.0,0.73,0.12,Cerrado,9.4
848324a5-82f5-30d7-b72c-880bec5ac0b5,-21.16872,-56.15359,2026-03-25 17:43:00,NPP-375,NIOAQUE,MATO GROSSO DO SUL,Brasil,5005806,50,33,3.0,11.33,0.06,Cerrado,4.2
2835e450-eaf5-36af-b1fa-24892fb9c55d,-21.57538,-54.47943,2026-03-25 17:43:00,NPP-375,RIO BRILHANTE,MATO GROSSO DO SUL,Brasil,5007208,50,33,2.0,12.46,0.01,Cerrado,11.1
8af59152-9c82-3e15-a732-9c6636679c49,-20.59388,-45.75436,2026-03-25 18:04:00,AQUA_M-T,FORMIGA,MINAS GERAIS,Brasil,3126109,31,33,4.0,0.6,0.09,Cerrado,53.5
6da9c211-a83c-3a4a-ab91-d98bbf9c263d,-5.34577,-45.12365,2026-03-25 18:06:00,AQUA_M-T,BARRA DO CORDA,MARANHÃO,Brasil,2101608,21,33,0.0,3.75,0.03,Cerrado,11.8
269fe097-386f-31f6-ad13-976b6998b059,-2.83556,-43.01891,2026-03-25 18:09:00,AQUA_M-T,BARREIRINHAS,MARANHÃO,Brasil,2101707,21,33,0.0,0.0,0.01,Cerrado,5.6
258a26b9-80fc-3bad-840c-332add7e3840,-2.81856,-43.21054,2026-03-25 18:09:00,AQUA_M-T,SANTO AMARO DO MARANHÃO,MARANHÃO,Brasil,2110278,21,33,0.0,1.31,0.0,Cerrado,9.7
a47457de-f1c4-305f-8356-8bf47d42ccbc,-3.64306,-43.16084,2026-03-25 18:09:00,AQUA_M-T,MATA ROMA,MARANHÃO,Brasil,2106409,21,33,3.0,1.0,0.03,Cerrado,35.5
9aa23922-c3e2-331d-9080-d6d220ed2549,-3.52498,-43.55812,2026-03-25 18:09:00,AQUA_M-T,SÃO BENEDITO DO RIO PRETO,MARANHÃO,Brasil,2110401,21,33,0.0,2.02,0.0,Cerrado,5.7
712ec7d7-4d00-360b-91a6-7062a7c3d6d9,-20.723,-49.4242,2026-03-26 01:30:00,GOES-19,IPIGUÁ,SÃO PAULO,Brasil,3521150,35,33,2.0,4.44,0.03,Cerrado,74.8
6c2eaa34-a38d-3857-8a3f-e7bc6a9b8415,-20.723,-49.4242,2026-03-26 01:40:00,GOES-19,IPIGUÁ,SÃO PAULO,Brasil,3521150,35,33,2.0,4.44,0.03,Cerrado,73.5
45478a4e-2515-3f90-8cb1-9c37c11c0783,-20.71727,-49.43658,2026-03-26 03:36:00,NOAA-20,SÃO JOSÉ DO RIO PRETO,SÃO PAULO,Brasil,3549805,35,33,2.0,4.55,0.03,Cerrado,4.4
ce5decc4-d922-3d52-ab18-6d4d2561a301,-20.71888,-49.43928,2026-03-26 03:36:00,NOAA-20,SÃO JOSÉ DO RIO PRETO,SÃO PAULO,Brasil,3549805,35,33,2.0,4.52,0.04,Cerrado,7.3
4368619e-c5d0-3e37-b483-8a08127c1d8c,-16.37878,-48.85506,2026-03-26 04:23:00,NOAA-21,ANÁPOLIS,GOIÁS,Brasil,5201108,52,33,0.0,4.18,0.01,Cerrado,0.6
08c6ed36-8097-334c-bafa-e09d1581980a,-19.94975,-44.70652,2026-03-26 04:23:00,NOAA-21,IGARATINGA,MINAS GERAIS,Brasil,3130200,31,33,2.0,0.0,0.15,Cerrado,1.1
e6a36767-5d98-3576-9b51-8fedde6baea9,-21.54439,-48.72501,2026-03-26 04:25:00,NOAA-21,ITÁPOLIS,SÃO PAULO,Brasil,3522703,35,33,4.0,3.5,0.05,Cerrado,1.2
cd4f23f3-8703-361b-ad0b-75bfaabfc346,-21.76175,-48.57721,2026-03-26 04:25:00,NOAA-21,NOVA EUROPA,SÃO PAULO,Brasil,3532900,35,33,5.0,2.92,0.07,Cerrado,3.2
31b0647f-f64b-3f16-9e4b-f86185d7db0a,-20.71952,-49.43245,2026-03-26 04:55:00,NPP-375D,SÃO JOSÉ DO RIO PRETO,SÃO PAULO,Brasil,3549805,35,33,2.0,4.51,0.04,Cerrado,15.9
bcf4399d-41ab-371e-80c7-ebb80680989f,-20.71556,-49.43184,2026-03-26 04:55:00,NPP-375D,SÃO JOSÉ DO RIO PRETO,SÃO PAULO,Brasil,3549805,35,33,2.0,4.59,0.03,Cerrado,15.9
2fb367f3-f7c7-3a2d-86b1-4f6a150bf3e9,-21.75439,-48.57703,2026-03-26 04:55:00,NPP-375D,NOVA EUROPA,SÃO PAULO,Brasil,3532900,35,33,5.0,2.97,0.08,Cerrado,1.8
3cd11644-0512-36c5-9a89-238ca65efc54,-20.59216,-45.74389,2026-03-26 16:05:00,NOAA-20,FORMIGA,MINAS GERAIS,Brasil,3126109,31,33,4.0,0.56,0.19,Cerrado,6.3
aa2dd4e6-241e-303e-b639-ff4d6eda55d5,-20.59392,-45.74398,2026-03-26 16:05:00,NOAA-20,FORMIGA,MINAS GERAIS,Brasil,3126109,31,33,4.0,0.55,0.17,Cerrado,6.2
95ea59ce-6f9c-3305-bc03-4b6f0cddc186,-18.8856,-44.98262,2026-03-26 16:05:00,NOAA-20,POMPÉU,MINAS GERAIS,Brasil,3152006,31,33,3.0,2.37,0.0,Cerrado,4.9
753c2bb6-d5bf-373d-bfc4-7b7b3095ca7a,-9.39786,-48.41602,2026-03-26 16:07:00,NOAA-20,MIRACEMA DO TOCANTINS,TOCANTINS,Brasil,1713205,17,33,0.0,0.63,0.0,Cerrado,7.5
eeaa6d2e-e796-3715-ad77-2d2b20eb0581,-7.17867,-47.85363,2026-03-26 16:09:00,NOAA-20,BABAÇULÂNDIA,TOCANTINS,Brasil,1703008,17,33,0.0,4.66,0.0,Cerrado,3.3
01b8ea63-3790-3023-b26f-172bd8348464,-17.88729,-52.58506,2026-03-26 16:56:00,NOAA-21,MINEIROS,GOIÁS,Brasil,5213103,52,33,0.0,4.84,0.05,Cerrado,4.5
6409fd2b-d133-376c-9522-10eebdaabe1f,-17.88371,-52.58566,2026-03-26 16:56:00,NOAA-21,MINEIROS,GOIÁS,Brasil,5213103,52,33,0.0,4.8,0.05,Cerrado,4.5
ed3e7321-d9d5-3351-ae9b-95c252f48047,-19.03652,-52.67369,2026-03-26 16:56:00,NOAA-21,CHAPADÃO DO SUL,MATO GROSSO DO SUL,Brasil,5002951,50,33,1.0,13.99,0.0,Cerrado,6.0
7eb6770c-b460-3cc0-be5a-2a293e2b284b,-18.8826,-44.9812,2026-03-26 16:56:00,NOAA-21,POMPÉU,MINAS GERAIS,Brasil,3152006,31,33,3.0,2.39,0.0,Cerrado,8.1
0b397517-5699-391b-85c9-33e34c91bf10,-18.0829,-44.48982,2026-03-26 16:56:00,NOAA-21,AUGUSTO DE LIMA,MINAS GERAIS,Brasil,3104809,31,33,0.0,0.0,0.08,Cerrado,5.4
47186046-3c07-372a-ab0a-fe37e440578d,-18.87884,-44.98193,2026-03-26 16:56:00,NOAA-21,POMPÉU,MINAS GERAIS,Brasil,3152006,31,33,3.0,2.39,0.0,Cerrado,10.1
c14eed1a-4f2b-3089-8bc6-b997d08c06f5,-19.04016,-52.67311,2026-03-26 16:56:00,NOAA-21,CHAPADÃO DO SUL,MATO GROSSO DO SUL,Brasil,5002951,50,33,1.0,13.83,0.0,Cerrado,6.0
00565d31-6465-3f97-a8ea-ebf55a74c151,-3.52537,-43.56047,2026-03-26 17:00:00,NOAA-21,SÃO BENEDITO DO RIO PRETO,MARANHÃO,Brasil,2110401,21,33,0.0,6.91,0.0,Cerrado,5.3
1d88675d-6e76-3434-ad53-f80cfec8f61c,-18.88225,-44.98059,2026-03-26 17:26:00,NPP-375,POMPÉU,MINAS GERAIS,Brasil,3152006,31,33,3.0,2.39,0.0,Cerrado,3.5
749c9ee1-b8a9-31c1-be10-37d13bbe565e,-19.03816,-52.67003,2026-03-26 17:26:00,NPP-375,CHAPADÃO DO SUL,MATO GROSSO DO SUL,Brasil,5002951,50,33,1.0,13.94,0.0,Cerrado,3.6
20b4b9c0-6e24-3759-b112-c62d0c2b02a6,-13.45624,-44.04189,2026-03-26 17:26:00,NPP-375,SÃO FÉLIX DO CORIBE,BAHIA,Brasil,2929057,29,33,4.0,4.49,0.01,Cerrado,9.3
75831fa0-e81d-345d-91fd-c5c58a341729,-19.69021,-51.35317,2026-03-26 17:26:00,NPP-375,PARANAÍBA,MATO GROSSO DO SUL,Brasil,5006309,50,33,1.0,1.68,0.1,Cerrado,7.5
e9187a27-40a0-3946-bceb-6a829baa8a02,-19.69604,-51.34222,2026-03-26 17:26:00,NPP-375,PARANAÍBA,MATO GROSSO DO SUL,Brasil,5006309,50,33,1.0,1.62,0.1,Cerrado,4.3
a6356a60-9fbe-3747-bb21-f8257c753985,-18.87665,-44.98186,2026-03-26 17:26:00,NPP-375,POMPÉU,MINAS GERAIS,Brasil,3152006,31,33,3.0,2.4,0.0,Cerrado,3.5
9ddc1fca-17a2-39be-83ea-a4531bd6928c,-13.45747,-44.04769,2026-03-26 17:26:00,NPP-375,SÃO FÉLIX DO CORIBE,BAHIA,Brasil,2929057,29,33,4.0,4.43,0.01,Cerrado,6.0
585d04b1-2a4e-33f7-9712-9804894a98b7,-11.67084,-47.93976,2026-03-26 17:28:00,NPP-375,CHAPADA DA NATIVIDADE,TOCANTINS,Brasil,1705102,17,33,0.0,2.14,0.0,Cerrado,4.4
71a1c2f2-7e54-375c-87d0-ac45fc18f8cb,-5.66387,-47.78802,2026-03-26 17:30:00,NPP-375,AXIXÁ DO TOCANTINS,TOCANTINS,Brasil,1702901,17,33,0.0,1.3,0.0,Cerrado,4.4
75503a92-3217-3af4-954e-05f69bcd70ab,-19.6921,-51.35116,2026-03-26 17:45:00,NOAA-20,PARANAÍBA,MATO GROSSO DO SUL,Brasil,5006309,50,33,1.0,1.69,0.1,Cerrado,6.2
1d11d04e-1e92-367b-b913-546bcf150d9c,-19.61046,-51.13795,2026-03-26 17:45:00,NOAA-20,PARANAÍBA,MATO GROSSO DO SUL,Brasil,5006309,50,33,0.0,0.81,0.11,Cerrado,2.5
07c62eb9-26ec-38ff-a535-5330163825eb,-23.79126,-49.04342,2026-03-26 18:41:00,AQUA_M-T,ITABERÁ,SÃO PAULO,Brasil,3521705,35,33,0.0,0.2,0.44,Cerrado,11.3
1e183e63-ef41-390d-ae69-b72c197b5b55,-17.41018,-50.2587,2026-03-26 18:43:00,AQUA_M-T,ACREÚNA,GOIÁS,Brasil,5200134,52,33,2.0,2.7,0.02,Cerrado,5.2
ab3ddf07-5a93-3367-ba3d-39adfacc7d8e,-9.40024,-48.41584,2026-03-26 18:45:00,AQUA_M-T,MIRACEMA DO TOCANTINS,TOCANTINS,Brasil,1713205,17,33,0.0,0.65,0.0,Cerrado,11.7
ad05d5be-5a00-3675-ad23-5d28005b5a26,-22.27019,-48.47596,2026-03-27 00:37:00,TERRA_M-M,JAÚ,SÃO PAULO,Brasil,3525300,35,33,2.0,0.0,0.32,Cerrado,12.8
aa2e4003-8209-3bd8-a837-db1aad366c05,-22.26822,-48.4638,2026-03-27 00:37:00,TERRA_M-M,JAÚ,SÃO PAULO,Brasil,3525300,35,33,2.0,0.0,0.32,Cerrado,5.9
8b3bc0b9-cb7e-3958-aab8-26ba1b181a28,-23.78446,-49.0407,2026-03-27 00:37:00,TERRA_M-M,ITABERÁ,SÃO PAULO,Brasil,3521705,35,33,2.0,0.0,0.29,Cerrado,5.7
e115e5fb-15c0-3aca-8a2e-49a056e6551d,-23.78615,-49.05168,2026-03-27 00:37:00,TERRA_M-M,ITABERÁ,SÃO PAULO,Brasil,3521705,35,33,2.0,0.0,0.38,Cerrado,5.9
debf2611-92ce-3c5f-b72a-974f59033650,-22.2637,-48.458,2026-03-27 00:48:00,METOP-B,JAÚ,SÃO PAULO,Brasil,3525300,35,33,2.0,0.0,0.31,Cerrado,
641f6e56-b94d-3312-ac62-6593528ebac9,-22.259899,-48.443901,2026-03-27 00:48:00,METOP-B,JAÚ,SÃO PAULO,Brasil,3525300,35,33,2.0,0.0,0.31,Cerrado,
d735fbaf-9a42-3b05-979b-d958f2dc777d,-18.64306,-45.03062,2026-03-27 04:06:00,NOAA-21,FELIXLÂNDIA,MINAS GERAIS,Brasil,3125705,31,33,2.0,0.0,0.01,Cerrado,1.0
fdd93a55-c382-3e0d-9c64-f5df3002b7da,-22.26744,-48.47146,2026-03-27 04:06:00,NOAA-21,JAÚ,SÃO PAULO,Brasil,3525300,35,33,2.0,0.0,0.32,Cerrado,1.6
acff3e71-5f35-324a-bec6-2d9c18a529c8,-21.71532,-48.43648,2026-03-27 04:06:00,NOAA-21,MATÃO,SÃO PAULO,Brasil,3529302,35,33,0.0,0.0,0.29,Cerrado,4.7
e48431ad-968e-3e49-95d1-05bafd6d4e69,-23.7879,-49.04725,2026-03-27 04:08:00,NOAA-21,ITABERÁ,SÃO PAULO,Brasil,3521705,35,33,2.0,0.0,0.3,Cerrado,2.0
2772bd7a-2671-3e2d-bf78-13f370f6a845,-18.63987,-45.03126,2026-03-27 04:36:00,NPP-375D,FELIXLÂNDIA,MINAS GERAIS,Brasil,3125705,31,33,2.0,0.0,0.01,Cerrado,0.9
0855ea89-9f7a-30b6-a35a-54cb1492e27f,-23.35119,-48.73654,2026-03-27 04:38:00,NPP-375D,PARANAPANEMA,SÃO PAULO,Brasil,3535804,35,33,4.0,0.1,1.0,Cerrado,0.8
0f00d8a5-2dc2-3b34-96e4-d35da55f1933,-22.2655,-48.47173,2026-03-27 04:38:00,NPP-375D,JAÚ,SÃO PAULO,Brasil,3525300,35,33,2.0,0.0,0.32,Cerrado,1.1
8b7cf225-66ac-3d90-a00e-db75de06a784,-23.78609,-49.04554,2026-03-27 04:38:00,NPP-375D,ITABERÁ,SÃO PAULO,Brasil,3521705,35,33,2.0,0.0,0.28,Cerrado,0.7
c4909252-4f96-309b-9f18-2ceb56eb84bc,-21.71323,-48.43614,2026-03-27 04:38:00,NPP-375D,MATÃO,SÃO PAULO,Brasil,3529302,35,33,0.0,0.0,0.29,Cerrado,1.2
fd7ac2f3-8ab4-3e59-abca-c1a6921dcd81,-23.78946,-49.04615,2026-03-27 04:38:00,NPP-375D,ITABERÁ,SÃO PAULO,Brasil,3521705,35,33,2.0,0.0,0.37,Cerrado,0.7
2d6f73f5-eb48-3958-9af1-46e082c5d851,-23.02431,-48.45061,2026-03-27 04:38:00,NPP-375D,BOTUCATU,SÃO PAULO,Brasil,3507506,35,33,6.0,0.39,0.19,Cerrado,1.6
1849842c-fa55-3c4f-bf52-7d0855d70d8f,-23.78715,-49.04352,2026-03-27 04:57:00,NOAA-20,ITABERÁ,SÃO PAULO,Brasil,3521705,35,33,2.0,0.0,0.35,Cerrado,1.0
6e4f489c-de10-3977-8e55-f879aa172663,-23.78943,-49.04707,2026-03-27 04:57:00,NOAA-20,ITABERÁ,SÃO PAULO,Brasil,3521705,35,33,2.0,0.0,0.34,Cerrado,1.6
9c87c85e-f11b-3a7f-89f5-68e8555a0ea9,-23.02533,-48.44976,2026-03-27 04:57:00,NOAA-20,BOTUCATU,SÃO PAULO,Brasil,3507506,35,33,6.0,0.4,0.15,Cerrado,1.2
08424512-6d65-317b-8055-e056bb4800c4,-20.44367,-53.7737,2026-03-27 04:57:00,NOAA-20,RIBAS DO RIO PARDO,MATO GROSSO DO SUL,Brasil,5007109,50,33,0.0,0.91,0.03,Cerrado,0.7
17117354-e9b7-3a3c-bf20-13fa8acbe7ea,-8.86454,-44.16195,2026-03-27 11:28:00,TERRA_M-M,CRISTINO CASTRO,PIAUÍ,Brasil,2203107,22,33,0.0,0.0,0.0,Cerrado,15.3
0273553b-bf28-3680-a7d2-53e5f2513c2e,-8.85021,-44.17663,2026-03-27 11:28:00,TERRA_M-M,CRISTINO CASTRO,PIAUÍ,Brasil,2203107,22,33,0.0,0.0,0.01,Cerrado,16.1
65770eb0-93e4-3fe0-853a-3aba999e8495,-8.85287,-44.16003,2026-03-27 11:28:00,TERRA_M-M,CRISTINO CASTRO,PIAUÍ,Brasil,2203107,22,33,0.0,0.0,0.01,Cerrado,18.0
f461aaa9-4f2f-324c-a560-f7753766783b,-20.85728,-45.88852,2026-03-27 15:46:00,NOAA-20,ILICÍNEA,MINAS GERAIS,Brasil,3130507,31,33,5.0,0.0,0.8,Cerrado,6.0
c47a6c0f-8864-30bb-8b77-38fac48f8cfe,-15.08835,-43.89273,2026-03-27 15:48:00,NOAA-20,MATIAS CARDOSO,MINAS GERAIS,Brasil,3140852,31,33,0.0,0.0,0.02,Cerrado,6.7
48e2273b-9f40-3ecd-bbc4-1b3ac7fa7c71,-5.9921,-45.0463,2026-03-27 15:50:00,NOAA-20,FERNANDO FALCÃO,MARANHÃO,Brasil,2104081,21,33,1.0,0.48,0.08,Cerrado,5.2
511ba4b2-72d3-3d96-8ccb-9f907e6cce94,-9.41417,-44.53135,2026-03-27 15:50:00,NOAA-20,REDENÇÃO DO GURGUÉIA,PIAUÍ,Brasil,2208700,22,33,0.0,0.0,0.0,Cerrado,5.3
b8d75bfa-793f-35a5-b62f-a365409086da,-17.28732,-45.79422,2026-03-27 16:35:00,NOAA-21,JOÃO PINHEIRO,MINAS GERAIS,Brasil,3136306,31,33,1.0,0.0,0.02,Cerrado,13.8
0d5d4ed2-86a6-329c-8cf4-d7bab5b723a7,-18.23458,-44.35421,2026-03-27 16:35:00,NOAA-21,CORINTO,MINAS GERAIS,Brasil,3119104,31,33,2.0,0.2,0.05,Cerrado,4.1
eb80b9b7-321f-3404-bbfb-819b2261e75b,-15.35408,-45.83064,2026-03-27 16:37:00,NOAA-21,FORMOSO,MINAS GERAIS,Brasil,3126208,31,33,0.0,0.0,0.01,Cerrado,7.3
dd9b79fe-7c5d-3c9d-bc63-0ba2e4ef1799,-15.35077,-45.83117,2026-03-27 16:37:00,NOAA-21,FORMOSO,MINAS GERAIS,Brasil,3126208,31,33,0.0,0.0,0.01,Cerrado,7.3
cb17e5c5-9597-3da4-831c-1a466a18bf11,-20.48252,-45.96009,2026-03-27 16:37:00,NOAA-21,PIUMHI,MINAS GERAIS,Brasil,3151503,31,33,2.0,0.0,0.53,Cerrado,5.1
d120003e-0473-3e57-be25-c913f0da62bf,-9.39045,-46.92774,2026-03-27 16:37:00,NOAA-21,LIZARDA,TOCANTINS,Brasil,1712405,17,33,0.0,1.25,0.0,Cerrado,18.8
bfcb039b-b04f-357a-99fa-4bb9c7dc36f9,-15.34799,-45.83528,2026-03-27 16:37:00,NOAA-21,FORMOSO,MINAS GERAIS,Brasil,3126208,31,33,0.0,0.0,0.01,Cerrado,4.7
7022beb2-fa3b-3a0c-a85b-4a4129402d42,-21.05275,-47.25908,2026-03-27 16:37:00,NOAA-21,ALTINÓPOLIS,SÃO PAULO,Brasil,3501004,35,33,0.0,0.0,0.01,Cerrado,4.7
58b98a77-2537-362f-92a2-485299dad80e,-12.49184,-43.78466,2026-03-27 16:37:00,NOAA-21,BREJOLÂNDIA,BAHIA,Brasil,2904407,29,33,1.0,0.0,0.01,Cerrado,22.2
b6a41cd9-a102-3325-b0a8-316417a4cf6b,-12.49121,-43.78083,2026-03-27 16:37:00,NOAA-21,BREJOLÂNDIA,BAHIA,Brasil,2904407,29,33,1.0,0.0,0.01,Cerrado,22.2
96a8301e-74e2-319b-8de9-8f2e7b332a8e,-9.41277,-44.53493,2026-03-27 16:37:00,NOAA-21,REDENÇÃO DO GURGUÉIA,PIAUÍ,Brasil,2208700,22,33,0.0,0.0,0.0,Cerrado,5.4
364f36af-dfd3-3de9-a3aa-b90e064c2baf,-12.49242,-43.78478,2026-03-27 16:37:00,NOAA-21,BREJOLÂNDIA,BAHIA,Brasil,2904407,29,33,1.0,0.0,0.01,Cerrado,17.7
f440da38-b686-3af4-8209-3fccb6dfc2f7,-10.97882,-47.04782,2026-03-27 16:37:00,NOAA-21,PONTE ALTA DO TOCANTINS,TOCANTINS,Brasil,1717909,17,33,0.0,2.64,0.0,Cerrado,6.4
a02ef724-daa6-3e1a-b4eb-1d14722bdb4f,-15.34522,-45.8394,2026-03-27 16:37:00,NOAA-21,FORMOSO,MINAS GERAIS,Brasil,3126208,31,33,0.0,0.0,0.01,Cerrado,2.9
395c92fc-6a84-35eb-b178-2a7cdd68c9d2,-15.35023,-45.82759,2026-03-27 16:37:00,NOAA-21,FORMOSO,MINAS GERAIS,Brasil,3126208,31,33,0.0,0.0,0.01,Cerrado,6.0
68f41f78-191a-3e54-a217-f14c121d32d7,-12.49181,-43.78094,2026-03-27 16:37:00,NOAA-21,BREJOLÂNDIA,BAHIA,Brasil,2904407,29,33,1.0,0.0,0.01,Cerrado,17.7
4a57a253-e70d-34c6-921a-f7779cff1ab1,-22.10256,-47.83122,2026-03-27 16:37:00,NOAA-21,SÃO CARLOS,SÃO PAULO,Brasil,3548906,35,33,2.0,0.0,0.59,Cerrado,5.4
698d558f-a7f9-335f-8939-1737736fada7,-13.65891,-43.72262,2026-03-27 16:37:00,NOAA-21,SERRA DO RAMALHO,BAHIA,Brasil,2930154,29,33,0.0,0.0,0.14,Cerrado,5.1
148c1d94-96b0-3992-a2d6-bd0195c90fa9,-15.08738,-43.89163,2026-03-27 16:37:00,NOAA-21,MATIAS CARDOSO,MINAS GERAIS,Brasil,3140852,31,33,0.0,0.0,0.02,Cerrado,18.8
43e8fc4a-942c-3fbf-8c50-3ff530b4ec3d,-21.05415,-47.2597,2026-03-27 16:37:00,NOAA-21,ALTINÓPOLIS,SÃO PAULO,Brasil,3501004,35,33,0.0,0.0,0.01,Cerrado,5.1
cd729bac-669f-3e4b-839c-f2fb66e0f1b2,-14.07665,-43.69904,2026-03-27 16:37:00,NOAA-21,CARINHANHA,BAHIA,Brasil,2907103,29,33,1.0,0.0,0.14,Cerrado,23.6
e50e61ad-2fcc-3bc0-8a64-57eccd2b6ac1,-12.48837,-43.78152,2026-03-27 16:37:00,NOAA-21,BREJOLÂNDIA,BAHIA,Brasil,2904407,29,33,1.0,0.0,0.01,Cerrado,17.7
888650e9-c4bd-33d2-b9c7-f0a4d5e9ad65,-20.85628,-45.88483,2026-03-27 16:37:00,NOAA-21,ILICÍNEA,MINAS GERAIS,Brasil,3130507,31,33,5.0,0.0,0.78,Cerrado,13.7
d50595d3-a8a2-345f-81d7-a8dcfe5d736f,-5.96407,-44.58657,2026-03-27 16:39:00,NOAA-21,COLINAS,MARANHÃO,Brasil,2103505,21,33,0.0,0.1,0.02,Cerrado,5.6
e96050be-60a9-33a2-ae47-76f8ac4e6afe,-7.23843,-46.90239,2026-03-27 16:39:00,NOAA-21,CAROLINA,MARANHÃO,Brasil,2102804,21,33,0.0,1.6,0.0,Cerrado,5.6
f3a65e86-1915-3334-adf5-be6c31128043,-5.55718,-44.74289,2026-03-27 16:39:00,NOAA-21,SANTA FILOMENA DO MARANHÃO,MARANHÃO,Brasil,2109759,21,33,1.0,0.32,0.14,Cerrado,2.4
9c38eca4-f1eb-3e6d-9833-5835a780234f,-6.42577,-43.06775,2026-03-27 16:39:00,NOAA-21,SÃO FRANCISCO DO MARANHÃO,MARANHÃO,Brasil,2110906,21,33,0.0,4.35,0.01,Cerrado,12.4
e74e3b58-f58a-3ef6-95d8-b7e3a5e88b00,-6.6084,-44.37604,2026-03-27 16:39:00,NOAA-21,SUCUPIRA DO NORTE,MARANHÃO,Brasil,2111904,21,33,1.0,0.0,0.01,Cerrado,4.1
f8eb4513-a603-3749-ab1c-eb6970db0a6b,-20.8576,-45.88223,2026-03-27 17:05:00,NPP-375,ILICÍNEA,MINAS GERAIS,Brasil,3130507,31,33,5.0,0.0,0.68,Cerrado,4.5
cbeaab7c-5692-3793-8f82-42bbebfb3324,-20.85848,-45.88712,2026-03-27 17:05:00,NPP-375,ILICÍNEA,MINAS GERAIS,Brasil,3130507,31,33,5.0,0.0,0.75,Cerrado,4.5
7e624b54-ff45-3eb4-bb6a-5a1e16fb0950,-22.62334,-48.23375,2026-03-27 17:05:00,NPP-375,ANHEMBI,SÃO PAULO,Brasil,3502309,35,33,0.0,0.18,0.48,Cerrado,4.9
4c41cd5a-6eeb-36af-9fce-5d933138b319,-14.07595,-43.69833,2026-03-27 17:07:00,NPP-375,CARINHANHA,BAHIA,Brasil,2907103,29,33,1.0,0.0,0.11,Cerrado,8.0
39c32539-778d-326f-abdf-1987ffa2ddd7,-12.49252,-43.78226,2026-03-27 17:07:00,NPP-375,BREJOLÂNDIA,BAHIA,Brasil,2904407,29,33,1.0,0.0,0.01,Cerrado,14.6
e183a79b-6f6a-3a39-89b7-93e7e6034da7,-15.35226,-45.82849,2026-03-27 17:07:00,NPP-375,FORMOSO,MINAS GERAIS,Brasil,3126208,31,33,0.0,0.0,0.01,Cerrado,5.0
5d3510a6-2672-33a0-b93c-fe96b887cbb2,-13.40071,-44.15802,2026-03-27 17:07:00,NPP-375,SÃO FÉLIX DO CORIBE,BAHIA,Brasil,2929057,29,33,0.0,0.0,0.04,Cerrado,5.1
736f9d41-b126-3e51-8ef0-0a00f81b9da0,-12.49197,-43.77927,2026-03-27 17:07:00,NPP-375,BREJOLÂNDIA,BAHIA,Brasil,2904407,29,33,1.0,0.0,0.01,Cerrado,14.6
f64d5e1d-5ac7-3b83-99b4-2901e043362f,-12.49307,-43.78524,2026-03-27 17:07:00,NPP-375,BREJOLÂNDIA,BAHIA,Brasil,2904407,29,33,1.0,0.0,0.01,Cerrado,8.7
420062af-fe39-3181-ad0e-fcb80e30b753,-17.28627,-45.79378,2026-03-27 17:07:00,NPP-375,JOÃO PINHEIRO,MINAS GERAIS,Brasil,3136306,31,33,1.0,0.0,0.02,Cerrado,3.7
b2676540-8a1a-3605-86e7-1ed7d37be117,-11.74518,-46.65037,2026-03-27 17:07:00,NPP-375,NOVO JARDIM,TOCANTINS,Brasil,1715259,17,33,0.0,3.71,0.0,Cerrado,6.8
b7f35f84-e6e0-39b2-91a8-67946d304a3e,-15.34877,-45.83322,2026-03-27 17:07:00,NPP-375,FORMOSO,MINAS GERAIS,Brasil,3126208,31,33,0.0,0.0,0.01,Cerrado,5.0
e6114bdc-6ba1-30d2-a8da-3f132d72e541,-18.23626,-44.35381,2026-03-27 17:07:00,NPP-375,CORINTO,MINAS GERAIS,Brasil,3119104,31,33,2.0,0.19,0.05,Cerrado,3.6
941a13f0-58a5-3123-8b42-1798b6e9cc38,-9.48399,-46.07016,2026-03-27 17:09:00,NPP-375,ALTO PARNAÍBA,MARANHÃO,Brasil,2100501,21,33,0.0,0.6,0.0,Cerrado,16.6
0db53004-525b-3f1c-a6a5-2e4d7e6902e8,-9.47994,-46.07317,2026-03-27 17:09:00,NPP-375,ALTO PARNAÍBA,MARANHÃO,Brasil,2100501,21,33,0.0,0.6,0.0,Cerrado,7.2
1b87f15e-51d6-3c48-b380-9cec1c60fd3b,-6.42525,-43.06418,2026-03-27 17:09:00,NPP-375,SÃO FRANCISCO DO MARANHÃO,MARANHÃO,Brasil,2110906,21,33,0.0,4.37,0.01,Cerrado,3.8
a01b96da-5686-34e5-b3ee-5f62e5b75046,-6.49318,-44.70422,2026-03-27 17:09:00,NPP-375,MIRADOR,MARANHÃO,Brasil,2106706,21,33,2.0,0.1,0.0,Cerrado,5.8
c2f3c750-6fad-3e11-aca8-a7981cdb273e,-10.64645,-49.80179,2026-03-27 17:09:00,NPP-375,LAGOA DA CONFUSÃO,TOCANTINS,Brasil,1711902,17,33,1.0,2.81,0.01,Cerrado,16.7
b79a99ee-95a7-3acb-9a8a-b00f39d37088,-7.23932,-46.90359,2026-03-27 17:09:00,NPP-375,CAROLINA,MARANHÃO,Brasil,2102804,21,33,0.0,1.6,0.0,Cerrado,13.0
9c24e1de-2c54-3ae9-95ee-253c9a171233,-10.64935,-49.79708,2026-03-27 17:09:00,NPP-375,LAGOA DA CONFUSÃO,TOCANTINS,Brasil,1711902,17,33,1.0,2.73,0.01,Cerrado,4.8
7aac1edd-f00b-33d4-b6d7-429e2c4de7ad,-6.23767,-43.82426,2026-03-27 17:09:00,NPP-375,PASSAGEM FRANCA,MARANHÃO,Brasil,2107902,21,33,0.0,0.5,0.01,Cerrado,4.3
eb53a0da-1e17-3ff1-a703-3eda0e7d557e,-7.24078,-46.90089,2026-03-27 17:09:00,NPP-375,CAROLINA,MARANHÃO,Brasil,2102804,21,33,0.0,1.6,0.0,Cerrado,6.4
29b9eb77-bf1e-3ffb-a9fe-1bc74f49b480,-7.24155,-46.90529,2026-03-27 17:09:00,NPP-375,CAROLINA,MARANHÃO,Brasil,2102804,21,33,0.0,1.6,0.0,Cerrado,6.4
4e048dd9-35ee-3c3e-a58a-c625a869aa2d,-9.47944,-46.07108,2026-03-27 17:09:00,NPP-375,ALTO PARNAÍBA,MARANHÃO,Brasil,2100501,21,33,0.0,0.6,0.0,Cerrado,16.6
5e443877-caa6-36d1-b040-cb225c9bec05,-10.65003,-49.8012,2026-03-27 17:09:00,NPP-375,LAGOA DA CONFUSÃO,TOCANTINS,Brasil,1711902,17,33,1.0,2.76,0.01,Cerrado,16.7
b5466049-2c85-3f27-a568-a11e6b3ad99d,-23.02496,-48.44775,2026-03-27 17:26:00,NOAA-20,BOTUCATU,SÃO PAULO,Brasil,3507506,35,33,6.0,0.4,0.29,Cerrado,9.8
b45d7d1f-1e9c-3e70-8c1f-d2d422ae9a67,-23.02854,-48.44987,2026-03-27 17:26:00,NOAA-20,BOTUCATU,SÃO PAULO,Brasil,3507506,35,33,6.0,0.4,0.15,Cerrado,5.1
1126ceb8-c0df-37c9-ac35-0f1b0ab95bb4,-18.96074,-51.79078,2026-03-27 17:28:00,NOAA-20,APORÉ,GOIÁS,Brasil,5201504,52,33,2.0,6.53,0.01,Cerrado,1.1
4e7b9999-139b-3219-97a2-68396f9b8014,-19.93101,-52.60576,2026-03-27 17:28:00,NOAA-20,TRÊS LAGOAS,MATO GROSSO DO SUL,Brasil,5008305,50,33,0.0,3.36,0.06,Cerrado,2.4
abf7d5e4-03ab-37d5-959b-f799d4714d9c,-19.6987,-51.34262,2026-03-27 17:28:00,NOAA-20,PARANAÍBA,MATO GROSSO DO SUL,Brasil,5006309,50,33,0.0,0.13,0.29,Cerrado,7.4
9e3a25d2-bb5e-3135-b941-4f2bb75bdb9e,-9.48241,-46.0667,2026-03-27 17:30:00,NOAA-20,ALTO PARNAÍBA,MARANHÃO,Brasil,2100501,21,33,0.0,0.6,0.0,Cerrado,15.5
3b82378f-d70d-3135-b0d0-b049fb1481c7,-11.26086,-46.68211,2026-03-27 17:30:00,NOAA-20,RIO DA CONCEIÇÃO,TOCANTINS,Brasil,1718659,17,33,0.0,1.84,0.0,Cerrado,2.1
2b9ca53d-0aa8-3316-9311-5d8c62121b29,-21.42874,-54.65736,2026-03-27 19:19:00,AQUA_M-T,NOVA ALVORADA DO SUL,MATO GROSSO DO SUL,Brasil,5006002,50,33,0.0,0.0,0.07,Cerrado,7.5
c6623c87-4c60-367d-9f5a-83435cc6984c,-21.3638,-47.0661,2026-03-27 21:50:00,GOES-19,MOCOCA,SÃO PAULO,Brasil,3530508,35,33,0.0,0.0,0.3,Cerrado,63.2
96d8e6eb-20ee-3314-8c0e-fd3f4f0c13dc,-21.3638,-47.0661,2026-03-27 22:00:00,GOES-19,MOCOCA,SÃO PAULO,Brasil,3530508,35,33,0.0,0.0,0.3,Cerrado,75.6
2afb9544-fcf7-3970-a4b2-f1f3eb8d64f1,-21.36167,-47.06633,2026-03-27 23:39:00,TERRA_M-T,MOCOCA,SÃO PAULO,Brasil,3530508,35,33,0.0,0.0,0.23,Cerrado,33.0
b1fcc9c2-58b0-38a4-943c-1d574999a678,-12.48947,-43.78644,2026-03-27 23:41:00,TERRA_M-T,BREJOLÂNDIA,BAHIA,Brasil,2904407,29,33,1.0,0.0,0.01,Cerrado,14.6
4897c38f-d781-36c0-a5c0-36b0a7619b64,-21.351299,-47.033699,2026-03-28 00:30:00,METOP-B,MOCOCA,SÃO PAULO,Brasil,3530508,35,33,2.0,0.0,0.39,Cerrado,
6bd23370-81e9-395f-8289-aa9930929719,-21.490999,-48.7374,2026-03-28 00:30:00,METOP-B,ITÁPOLIS,SÃO PAULO,Brasil,3522703,35,33,2.0,0.0,0.31,Cerrado,
5e2cd99e-eb33-3559-a97e-2ca0862864b0,-21.4928,-48.745098,2026-03-28 00:30:00,METOP-B,ITÁPOLIS,SÃO PAULO,Brasil,3522703,35,33,2.0,0.0,0.35,Cerrado,
0a4ac0bf-934b-3ce0-b5c7-f2a6c6514694,-21.5042,-48.762901,2026-03-28 01:01:00,METOP-C,ITÁPOLIS,SÃO PAULO,Brasil,3522703,35,33,2.0,0.0,0.32,Cerrado,
ac3d1fba-88b6-398e-bc32-771acfe9691f,-18.48349,-44.80791,2026-03-28 03:47:00,NOAA-21,CORINTO,MINAS GERAIS,Brasil,3119104,31,33,3.0,0.2,0.16,Cerrado,2.0
6f39309a-4e58-3275-b177-e9a51fd923c5,-12.48957,-43.78434,2026-03-28 03:47:00,NOAA-21,BREJOLÂNDIA,BAHIA,Brasil,2904407,29,33,2.0,0.91,0.02,Cerrado,2.7
12317ddb-8f1e-3627-9208-a56f714edfdb,-16.92477,-43.59938,2026-03-28 03:47:00,NOAA-21,GLAUCILÂNDIA,MINAS GERAIS,Brasil,3127354,31,33,3.0,0.1,0.03,Cerrado,0.8
dd3c11e6-9034-3a28-8192-66809e09b6dc,-16.92403,-43.6033,2026-03-28 03:47:00,NOAA-21,GLAUCILÂNDIA,MINAS GERAIS,Brasil,3127354,31,33,3.0,0.1,0.03,Cerrado,1.6
825aa291-dfe2-3bf3-b467-252478538797,-16.92397,-43.60353,2026-03-28 03:47:00,NOAA-21,GLAUCILÂNDIA,MINAS GERAIS,Brasil,3127354,31,33,3.0,0.1,0.03,Cerrado,0.8
2b460496-1ae7-3154-a8e7-ecdb3f801d68,-21.71805,-47.25442,2026-03-28 03:49:00,NOAA-21,TAMBAÚ,SÃO PAULO,Brasil,3553302,35,33,2.0,0.0,0.44,Cerrado,1.4
bc493dad-9dcc-36ef-8666-46a84b2da9a2,-21.36029,-47.06699,2026-03-28 03:49:00,NOAA-21,MOCOCA,SÃO PAULO,Brasil,3530508,35,33,2.0,0.0,0.31,Cerrado,1.3
3b08a2a9-f05d-3b5f-b416-0c21edbb9f64,-21.3555,-47.06575,2026-03-28 03:49:00,NOAA-21,MOCOCA,SÃO PAULO,Brasil,3530508,35,33,2.0,0.0,0.07,Cerrado,1.3
7bb1d5e0-59fc-31ee-9114-fe2620c2b9a9,-5.43534,-44.03539,2026-03-28 04:14:00,NPP-375D,GOVERNADOR EUGÊNIO BARROS,MARANHÃO,Brasil,2104602,21,33,0.0,3.07,0.0,Cerrado,1.4
341b1b34-05af-38e3-ac3c-2d5f6f349553,-3.27283,-43.54321,2026-03-28 04:14:00,NPP-375D,SÃO BENEDITO DO RIO PRETO,MARANHÃO,Brasil,2110401,21,33,0.0,5.32,0.0,Cerrado,0.8
81e6c402-25b9-37e4-a59c-c5d4beba8834,-3.27638,-43.54378,2026-03-28 04:14:00,NPP-375D,SÃO BENEDITO DO RIO PRETO,MARANHÃO,Brasil,2110401,21,33,0.0,5.22,0.0,Cerrado,0.6
0684024f-5acf-37f1-b977-dc112bfa2947,-21.71711,-47.25704,2026-03-28 04:17:00,NPP-375D,TAMBAÚ,SÃO PAULO,Brasil,3553302,35,33,2.0,0.0,0.44,Cerrado,6.3
09a9241d-d95c-36e0-b583-ce104f5f620e,-21.49748,-48.76949,2026-03-28 04:17:00,NPP-375D,ITÁPOLIS,SÃO PAULO,Brasil,3522703,35,33,2.0,0.0,0.33,Cerrado,1.0
1c43788a-735f-3fd4-9bae-8d279fca63e6,-21.54395,-48.72207,2026-03-28 04:17:00,NPP-375D,ITÁPOLIS,SÃO PAULO,Brasil,3522703,35,33,2.0,0.0,0.29,Cerrado,2.1
fd36318c-76e9-3b0f-ac99-019142e49bdb,-21.7112,-48.43208,2026-03-28 04:17:00,NPP-375D,MATÃO,SÃO PAULO,Brasil,3529302,35,33,2.0,0.0,0.41,Cerrado,0.9
0a95fd21-6c49-3636-8b45-9b5379ac22fd,-21.71144,-48.43468,2026-03-28 04:17:00,NPP-375D,MATÃO,SÃO PAULO,Brasil,3529302,35,33,2.0,0.0,0.41,Cerrado,1.3
a0a4e729-6d3a-304f-b0c3-9ac6dbc26e33,-21.49382,-48.76869,2026-03-28 04:17:00,NPP-375D,ITÁPOLIS,SÃO PAULO,Brasil,3522703,35,33,2.0,0.0,0.33,Cerrado,1.0
44d61230-f0da-3c5d-bde2-d55eb048714a,-21.90284,-48.51364,2026-03-28 04:17:00,NPP-375D,BOA ESPERANÇA DO SUL,SÃO PAULO,Brasil,3506706,35,33,2.0,0.0,0.44,Cerrado,1.9
df51a767-8fc8-3df5-96a8-0edcacd46d76,-21.35511,-47.06284,2026-03-28 04:17:00,NPP-375D,MOCOCA,SÃO PAULO,Brasil,3530508,35,33,2.0,0.0,0.05,Cerrado,1.1
1ee2dc28-4133-3cbc-b4aa-309495c4a816,-21.35854,-47.06353,2026-03-28 04:17:00,NPP-375D,MOCOCA,SÃO PAULO,Brasil,3530508,35,33,2.0,0.0,0.22,Cerrado,2.2
6b2ca23d-c810-3872-bd64-79951718e9b9,-10.37367,-48.31055,2026-03-28 04:17:00,NPP-375D,PALMAS,TOCANTINS,Brasil,1721000,17,33,1.0,0.1,0.01,Cerrado,1.1
63fa8083-6164-38bb-9778-57639ce608c6,-16.92402,-43.60107,2026-03-28 04:17:00,NPP-375D,GLAUCILÂNDIA,MINAS GERAIS,Brasil,3127354,31,33,3.0,0.1,0.03,Cerrado,1.1
2584a622-4b76-3235-84ba-244d0a88ea3f,-18.48237,-44.80685,2026-03-28 04:19:00,NPP-375D,CORINTO,MINAS GERAIS,Brasil,3119104,31,33,3.0,0.2,0.18,Cerrado,0.8
8fc5bc5e-7a20-3ea8-891c-12a530780171,-18.48569,-44.80743,2026-03-28 04:19:00,NPP-375D,CORINTO,MINAS GERAIS,Brasil,3119104,31,33,3.0,0.21,0.14,Cerrado,0.7
c599d349-4f63-3451-8acf-3d8d04ec2105,-10.37246,-48.30927,2026-03-28 04:36:00,NOAA-20,PALMAS,TOCANTINS,Brasil,1721000,17,33,1.0,0.1,0.01,Cerrado,1.4
704d14a2-2760-3fcd-8efc-cb07d96e1287,-18.48274,-44.80934,2026-03-28 04:38:00,NOAA-20,CORINTO,MINAS GERAIS,Brasil,3119104,31,33,3.0,0.2,0.15,Cerrado,0.8
0bcd879b-dedb-31df-afa1-ca72a54164c1,-21.71112,-48.43108,2026-03-28 04:38:00,NOAA-20,MATÃO,SÃO PAULO,Brasil,3529302,35,33,2.0,0.0,0.41,Cerrado,1.3
bbd6ec24-bda8-3b2b-a960-e81ba5bad969,-18.89313,-45.47954,2026-03-28 04:38:00,NOAA-20,PAINEIRAS,MINAS GERAIS,Brasil,3146404,31,33,3.0,0.0,0.19,Cerrado,0.0
97411c1e-717d-32d0-814b-5a2dfb621370,-21.5436,-48.72122,2026-03-28 04:38:00,NOAA-20,ITÁPOLIS,SÃO PAULO,Brasil,3522703,35,33,2.0,0.0,0.29,Cerrado,1.7
36cddc96-1e19-3492-a9c9-be0a7ccbb137,-18.88859,-45.48272,2026-03-28 04:38:00,NOAA-20,PAINEIRAS,MINAS GERAIS,Brasil,3146404,31,33,3.0,0.0,0.19,Cerrado,0.0
6a0a86ec-0389-330a-8c19-c6e9857e7c1a,-21.35966,-47.06203,2026-03-28 04:38:00,NOAA-20,MOCOCA,SÃO PAULO,Brasil,3530508,35,33,2.0,0.0,0.28,Cerrado,1.0
1a3f2c57-2ffe-39b4-b2fd-16651ff2108e,-21.49709,-48.76979,2026-03-28 04:38:00,NOAA-20,ITÁPOLIS,SÃO PAULO,Brasil,3522703,35,33,2.0,0.0,0.33,Cerrado,1.7
39835c4b-0897-3877-bccd-cfb2db5d7f8a,-21.35436,-47.0628,2026-03-28 04:38:00,NOAA-20,MOCOCA,SÃO PAULO,Brasil,3530508,35,33,2.0,0.0,0.06,Cerrado,1.5
3ba59329-d79c-3da3-be87-e51465f776f4,-21.23075,-48.5377,2026-03-28 04:38:00,NOAA-20,MONTE ALTO,SÃO PAULO,Brasil,3531308,35,33,2.0,0.0,0.22,Cerrado,0.5
a25aaeac-b30d-335d-bbe5-48ef82fee1e3,-21.35583,-47.06151,2026-03-28 04:38:00,NOAA-20,MOCOCA,SÃO PAULO,Brasil,3530508,35,33,2.0,0.0,0.08,Cerrado,1.0
3f1bef0d-6c95-3e21-ab46-05c44ca498b1,-18.48327,-44.80511,2026-03-28 04:38:00,NOAA-20,CORINTO,MINAS GERAIS,Brasil,3119104,31,33,3.0,0.2,0.2,Cerrado,0.8
67a9f6a2-1bfd-3437-bf97-6e9e15e21b97,-21.35818,-47.06333,2026-03-28 04:38:00,NOAA-20,MOCOCA,SÃO PAULO,Brasil,3530508,35,33,2.0,0.0,0.2,Cerrado,1.5
02b73724-cab0-3653-8285-c06156d999f3,-15.60602,-48.45684,2026-03-28 04:38:00,NOAA-20,PADRE BERNARDO,GOIÁS,Brasil,5215603,52,33,2.0,0.0,0.13,Cerrado,0.8
87c717a7-96b6-34bd-9f3a-26bf3db510ef,-17.20951,-45.4061,2026-03-28 04:38:00,NOAA-20,BURITIZEIRO,MINAS GERAIS,Brasil,3109402,31,33,2.0,0.0,0.02,Cerrado,0.6
9f02bdd6-f068-3fdf-b039-a06c9694bc14,-21.7146,-47.25574,2026-03-28 04:38:00,NOAA-20,TAMBAÚ,SÃO PAULO,Brasil,3553302,35,33,2.0,0.0,0.44,Cerrado,2.4
aebb8bd7-3f36-395c-8680-33940795f3b7,-21.90456,-48.51509,2026-03-28 04:40:00,NOAA-20,BOA ESPERANÇA DO SUL,SÃO PAULO,Brasil,3506706,35,33,2.0,0.0,0.57,Cerrado,1.4
cb1f6d43-cafa-3c75-b45c-63b9c9063154,-9.52619,-47.53815,2026-03-28 12:06:00,TERRA_M-T,RIO SONO,TOCANTINS,Brasil,1718758,17,33,2.0,0.0,0.01,Cerrado,4.5
41e0e1ca-e7a6-342a-9bc7-a88054f217d4,-9.52491,-47.54742,2026-03-28 12:06:00,TERRA_M-T,RIO SONO,TOCANTINS,Brasil,1718758,17,33,2.0,0.0,0.0,Cerrado,4.5
97cee029-bf3c-3b0a-bac6-994ad395a761,-9.45081,-47.28365,2026-03-28 12:06:00,TERRA_M-T,RIO SONO,TOCANTINS,Brasil,1718758,17,33,1.0,0.0,0.0,Cerrado,6.3
333a7af5-7909-326f-a0e9-5411b12abef8,-18.9334,-46.98274,2026-03-28 12:08:00,TERRA_M-T,PATROCÍNIO,MINAS GERAIS,Brasil,3148103,31,33,2.0,0.0,-999.0,Cerrado,13.2
2b6b62c4-9387-3479-9380-6e7d711f1ebd,-10.1443,-47.6483,2026-03-28 14:50:00,GOES-19,NOVO ACORDO,TOCANTINS,Brasil,1715101,17,33,2.0,0.0,0.0,Cerrado,98.4
f0e9d21a-591a-3dff-91b2-ac95529a1331,-22.02781,-47.91438,2026-03-28 16:16:00,NOAA-21,SÃO CARLOS,SÃO PAULO,Brasil,3548906,35,33,2.0,0.0,-999.0,Cerrado,4.1
fa0c111b-fa62-38d1-bf4b-25e758f3dbe1,-21.05143,-47.26071,2026-03-28 16:16:00,NOAA-21,ALTINÓPOLIS,SÃO PAULO,Brasil,3501004,35,33,2.0,0.0,0.03,Cerrado,9.4
19087f24-7945-376c-8a43-cc66f3324b6b,-15.17138,-45.68859,2026-03-28 16:18:00,NOAA-21,CHAPADA GAÚCHA,MINAS GERAIS,Brasil,3116159,31,33,2.0,0.0,0.04,Cerrado,4.8
8a6e74d9-adf2-33ed-bf15-8f2fb85bd695,-19.17734,-49.13186,2026-03-28 16:18:00,NOAA-21,PRATA,MINAS GERAIS,Brasil,3152808,31,33,2.0,0.0,0.49,Cerrado,4.8
2c4a3dea-9057-3558-9211-d93d11b1094f,-17.07422,-46.49555,2026-03-28 16:18:00,NOAA-21,PARACATU,MINAS GERAIS,Brasil,3147006,31,33,2.0,0.0,0.06,Cerrado,8.7
7a12a713-394b-3540-8dc9-0e2b2fcc5fab,-16.55296,-42.65727,2026-03-28 16:18:00,NOAA-21,JOSENÓPOLIS,MINAS GERAIS,Brasil,3136579,31,33,0.0,2.14,0.0,Cerrado,3.3
ec9a6573-9671-38d1-a94d-9ee83e146102,-15.1754,-45.68803,2026-03-28 16:18:00,NOAA-21,CHAPADA GAÚCHA,MINAS GERAIS,Brasil,3116159,31,33,2.0,0.0,0.03,Cerrado,4.8
6fe98035-97a5-32ae-ae98-6b6da3f9b267,-19.18116,-49.13012,2026-03-28 16:18:00,NOAA-21,PRATA,MINAS GERAIS,Brasil,3152808,31,33,2.0,0.0,0.5,Cerrado,6.1
2a71e939-484b-3a3e-b9ed-4a6b9490aca8,-19.18151,-49.13356,2026-03-28 16:18:00,NOAA-21,PRATA,MINAS GERAIS,Brasil,3152808,31,33,2.0,0.0,0.5,Cerrado,6.1
e991ed45-b14c-381e-b32d-1a3d13417b66,-15.5533,-49.17861,2026-03-28 16:18:00,NOAA-21,GOIANÉSIA,GOIÁS,Brasil,5208608,52,33,2.0,0.2,0.04,Cerrado,2.0
42c5da6b-7d33-3912-8852-1ce460b802c0,-7.08349,-47.03769,2026-03-28 16:20:00,NOAA-21,CAROLINA,MARANHÃO,Brasil,2102804,21,33,0.0,0.0,0.0,Cerrado,8.6
52f4bff7-e638-383c-9e36-78613632a411,-10.09437,-47.70027,2026-03-28 16:20:00,NOAA-21,NOVO ACORDO,TOCANTINS,Brasil,1715101,17,33,0.0,0.0,0.0,Cerrado,3.7
834b201d-ef08-33f0-9c77-f076c003434e,-13.50573,-47.75444,2026-03-28 16:20:00,NOAA-21,CAVALCANTE,GOIÁS,Brasil,5205307,52,33,2.0,0.0,0.01,Cerrado,3.3
9e85e0c1-3230-3a25-99c9-a196b42f7e0a,-10.09106,-47.70033,2026-03-28 16:20:00,NOAA-21,NOVO ACORDO,TOCANTINS,Brasil,1715101,17,33,0.0,0.0,0.0,Cerrado,3.8
e6358d65-8feb-3f8a-9099-4d07feeb9bd2,-7.11005,-47.32805,2026-03-28 16:20:00,NOAA-21,CAROLINA,MARANHÃO,Brasil,2102804,21,33,0.0,0.0,0.0,Cerrado,3.1
ae2542a6-7601-383e-af1d-ec87b1b4fea7,-6.45357,-45.43335,2026-03-28 16:20:00,NOAA-21,MIRADOR,MARANHÃO,Brasil,2106706,21,33,0.0,0.0,0.04,Cerrado,5.8
78cdb428-40c6-3780-9a66-d2f8ae0b79dd,-10.52424,-43.63059,2026-03-28 16:20:00,NOAA-21,BURITIRAMA,BAHIA,Brasil,2904753,29,33,2.0,0.0,0.01,Cerrado,8.5
a0796a60-2f6f-3120-879d-0af0be955885,-7.93683,-44.11734,2026-03-28 16:20:00,NOAA-21,SEBASTIÃO LEAL,PIAUÍ,Brasil,2210631,22,33,2.0,0.58,0.01,Cerrado,3.8
b9e97cdf-883f-3564-9258-c8da506ffd1d,-11.75655,-46.56949,2026-03-28 16:20:00,NOAA-21,NOVO JARDIM,TOCANTINS,Brasil,1715259,17,33,0.0,0.0,0.0,Cerrado,5.2
13ab5dcb-9ce5-33c7-b2aa-e87755a9e6c8,-6.45416,-45.43734,2026-03-28 16:20:00,NOAA-21,MIRADOR,MARANHÃO,Brasil,2106706,21,33,0.0,0.0,0.04,Cerrado,5.8
6ff09de9-d04d-36ca-93e1-7279242923d0,-7.25221,-47.0389,2026-03-28 16:20:00,NOAA-21,CAROLINA,MARANHÃO,Brasil,2102804,21,33,0.0,0.0,0.0,Cerrado,51.9
04d6f321-30fa-3097-9626-abfdb8a7808a,-11.22978,-46.2676,2026-03-28 16:20:00,NOAA-21,FORMOSA DO RIO PRETO,BAHIA,Brasil,2911105,29,33,0.0,0.0,0.0,Cerrado,101.6
d6fff8dc-fee7-33ac-af00-bb72c1187190,-11.22906,-46.26233,2026-03-28 16:20:00,NOAA-21,FORMOSA DO RIO PRETO,BAHIA,Brasil,2911105,29,33,0.0,0.0,0.0,Cerrado,21.1
12313865-b22d-3c17-a047-f52bbaa73695,-11.09911,-47.0831,2026-03-28 16:20:00,NOAA-21,PONTE ALTA DO TOCANTINS,TOCANTINS,Brasil,1717909,17,33,0.0,0.13,0.0,Cerrado,8.5
886991f9-c308-3d84-81fd-8308affa04ea,-22.14001,-46.88949,2026-03-28 16:48:00,NPP-375,MOGI GUAÇU,SÃO PAULO,Brasil,3530706,35,33,2.0,0.0,0.54,Cerrado,2.4
2d1496b8-71f4-3cda-8809-3ce76ce69d32,-19.7807,-49.76949,2026-03-28 16:48:00,NPP-375,SÃO FRANCISCO DE SALES,MINAS GERAIS,Brasil,3161304,31,33,2.0,0.0,0.53,Cerrado,5.3
4daf1a25-01e5-3802-97bf-59815f4b05f0,-19.17918,-49.13063,2026-03-28 16:48:00,NPP-375,PRATA,MINAS GERAIS,Brasil,3152808,31,33,2.0,0.0,0.49,Cerrado,8.3
76a2381d-8e53-39a7-8979-4a76d6256ef8,-18.03913,-51.22323,2026-03-28 16:48:00,NPP-375,JATAÍ,GOIÁS,Brasil,5211909,52,33,0.0,0.0,0.01,Cerrado,2.7
f8fe8a83-91b3-3f0d-a035-87c90c8e2714,-19.77279,-49.76813,2026-03-28 16:48:00,NPP-375,SÃO FRANCISCO DE SALES,MINAS GERAIS,Brasil,3161304,31,33,2.0,0.0,0.46,Cerrado,8.3
a21d0b4f-1e96-3bf2-a1f5-fcd1e4549454,-20.528,-51.86789,2026-03-28 16:48:00,NPP-375,TRÊS LAGOAS,MATO GROSSO DO SUL,Brasil,5008305,50,33,0.0,0.0,0.35,Cerrado,3.1
4cd061cd-1db2-380e-b187-be262a435f06,-18.94775,-45.20644,2026-03-28 16:48:00,NPP-375,ABAETÉ,MINAS GERAIS,Brasil,3100203,31,33,2.0,0.0,0.12,Cerrado,3.0
e033eb88-268d-32fa-9cb1-86bbec54e76c,-21.05402,-47.26063,2026-03-28 16:48:00,NPP-375,ALTINÓPOLIS,SÃO PAULO,Brasil,3501004,35,33,2.0,0.0,0.03,Cerrado,4.5
0fa2971c-f980-30d3-97d2-7d8366a045f0,-19.78032,-49.76708,2026-03-28 16:48:00,NPP-375,SÃO FRANCISCO DE SALES,MINAS GERAIS,Brasil,3161304,31,33,2.0,0.0,0.53,Cerrado,3.6
c97ea0ec-fc9f-3e03-837e-37df39109da4,-21.05344,-47.25662,2026-03-28 16:48:00,NPP-375,ALTINÓPOLIS,SÃO PAULO,Brasil,3501004,35,33,2.0,0.0,0.04,Cerrado,4.5
49767672-d3ea-303e-86d2-e730dfbf9c9c,-19.18281,-49.13012,2026-03-28 16:48:00,NPP-375,PRATA,MINAS GERAIS,Brasil,3152808,31,33,2.0,0.0,0.5,Cerrado,10.9
03738413-a876-3cf5-a76a-3a80e3eaeb61,-19.69683,-51.35245,2026-03-28 16:48:00,NPP-375,PARANAÍBA,MATO GROSSO DO SUL,Brasil,5006309,50,33,2.0,0.0,0.48,Cerrado,1.7
3f7df713-a268-3376-9847-559172f940cc,-19.80273,-49.13841,2026-03-28 16:48:00,NPP-375,FRUTAL,MINAS GERAIS,Brasil,3127107,31,33,1.0,0.0,0.56,Cerrado,5.9
27a04afa-619c-3743-a1c5-94210354e7ee,-19.66217,-48.28293,2026-03-28 16:48:00,NPP-375,VERÍSSIMO,MINAS GERAIS,Brasil,3171105,31,33,2.0,0.0,0.11,Cerrado,0.9
770fba42-4c3f-3612-893f-1ccb4b19553e,-12.78112,-45.84809,2026-03-28 16:50:00,NPP-375,SÃO DESIDÉRIO,BAHIA,Brasil,2928901,29,33,2.0,0.4,0.02,Cerrado,4.8
ffeffc45-1a10-3406-9400-c8348905f49c,-12.79416,-45.84215,2026-03-28 16:50:00,NPP-375,SÃO DESIDÉRIO,BAHIA,Brasil,2928901,29,33,2.0,0.4,0.04,Cerrado,9.3
de3cf428-8a2b-3cf2-9272-320da37c6371,-13.50585,-47.75026,2026-03-28 16:50:00,NPP-375,CAVALCANTE,GOIÁS,Brasil,5205307,52,33,2.0,0.0,0.01,Cerrado,7.4
52ce9cbd-e6c5-3ec6-9e9a-ab912dfc5d82,-10.13539,-47.64453,2026-03-28 16:50:00,NPP-375,NOVO ACORDO,TOCANTINS,Brasil,1715101,17,33,2.0,0.0,0.0,Cerrado,5.8
1f36ea79-fee5-3078-99c9-5d9719ec0c70,-12.79594,-45.85331,2026-03-28 16:50:00,NPP-375,SÃO DESIDÉRIO,BAHIA,Brasil,2928901,29,33,2.0,0.4,0.02,Cerrado,14.6
448ec730-a5b6-37d9-a805-698e81bcb307,-10.52378,-43.6286,2026-03-28 16:50:00,NPP-375,BURITIRAMA,BAHIA,Brasil,2904753,29,33,2.0,0.0,0.01,Cerrado,6.6
b52ea268-5132-3a77-ad8c-577960b0c00c,-10.13594,-47.64805,2026-03-28 16:50:00,NPP-375,NOVO ACORDO,TOCANTINS,Brasil,1715101,17,33,2.0,0.0,0.0,Cerrado,9.5
101958a0-7a4d-3ae5-a85d-c3bb7cdc7e17,-12.79253,-45.85386,2026-03-28 16:50:00,NPP-375,SÃO DESIDÉRIO,BAHIA,Brasil,2928901,29,33,2.0,0.4,0.02,Cerrado,21.8
f59c9f3e-8552-3e4f-a96f-a6835a0121c0,-11.22856,-46.26878,2026-03-28 16:50:00,NPP-375,FORMOSA DO RIO PRETO,BAHIA,Brasil,2911105,29,33,0.0,0.0,0.0,Cerrado,3.2
98b3295c-2514-3ee3-89da-6cebd63c099a,-12.48667,-43.63647,2026-03-28 16:50:00,NPP-375,BREJOLÂNDIA,BAHIA,Brasil,2904407,29,33,2.0,1.87,0.12,Cerrado,7.4
ede44d13-58c9-398e-9e7b-fcb747183cd9,-12.79491,-45.86879,2026-03-28 16:50:00,NPP-375,SÃO DESIDÉRIO,BAHIA,Brasil,2928901,29,33,2.0,0.4,0.03,Cerrado,20.5
1afc27ee-bc89-397c-9688-1a80e3ac2304,-8.54291,-45.75716,2026-03-28 16:50:00,NPP-375,TASSO FRAGOSO,MARANHÃO,Brasil,2112001,21,33,0.0,0.0,0.0,Cerrado,5.7
398653a5-bcf1-3c84-9924-e2777774f6d3,-12.78691,-45.86242,2026-03-28 16:50:00,NPP-375,SÃO DESIDÉRIO,BAHIA,Brasil,2928901,29,33,2.0,0.4,0.02,Cerrado,23.7
180d389b-fd76-3e5f-925a-f65e1baf7bc1,-12.79535,-45.84959,2026-03-28 16:50:00,NPP-375,SÃO DESIDÉRIO,BAHIA,Brasil,2928901,29,33,2.0,0.4,0.02,Cerrado,14.6
d33d037a-feb0-361f-b2e4-8f7088c8185b,-12.79935,-45.85276,2026-03-28 16:50:00,NPP-375,SÃO DESIDÉRIO,BAHIA,Brasil,2928901,29,33,2.0,0.4,0.03,Cerrado,14.6
9afd7157-f725-382c-9daf-c27070febc40,-12.78631,-45.8587,2026-03-28 16:50:00,NPP-375,SÃO DESIDÉRIO,BAHIA,Brasil,2928901,29,33,2.0,0.4,0.02,Cerrado,23.7
b5333ea6-1c16-374a-b0a4-a56549cea1eb,-10.13206,-47.64505,2026-03-28 16:50:00,NPP-375,NOVO ACORDO,TOCANTINS,Brasil,1715101,17,33,2.0,0.0,0.0,Cerrado,40.6
081e25c0-b507-370f-a26c-1f91bc774b27,-12.79816,-45.84531,2026-03-28 16:50:00,NPP-375,SÃO DESIDÉRIO,BAHIA,Brasil,2928901,29,33,2.0,0.4,0.04,Cerrado,9.3
3c176c00-50f3-3522-bef4-101d5fda1039,-12.79432,-45.86505,2026-03-28 16:50:00,NPP-375,SÃO DESIDÉRIO,BAHIA,Brasil,2928901,29,33,2.0,0.4,0.02,Cerrado,20.5
f3701164-bc58-3383-be1d-a5102b1aad71,-12.48753,-43.63983,2026-03-28 16:50:00,NPP-375,BREJOLÂNDIA,BAHIA,Brasil,2904407,29,33,2.0,1.85,0.1,Cerrado,3.1
4f5632b7-9b91-3b80-9ca2-6b4081f4bc26,-10.1326,-47.64857,2026-03-28 16:50:00,NPP-375,NOVO ACORDO,TOCANTINS,Brasil,1715101,17,33,2.0,0.0,0.0,Cerrado,23.1
86964875-45e2-3387-9af6-02b63966430a,-12.79994,-45.85648,2026-03-28 16:50:00,NPP-375,SÃO DESIDÉRIO,BAHIA,Brasil,2928901,29,33,2.0,0.4,0.03,Cerrado,8.2
f35c31b0-0290-3b86-98cf-5bb4899f2b95,-12.48677,-43.63522,2026-03-28 16:50:00,NPP-375,BREJOLÂNDIA,BAHIA,Brasil,2904407,29,33,2.0,1.86,0.12,Cerrado,4.3
79c1c0bb-d005-3e92-b851-e6f811a69a16,-12.78572,-45.85498,2026-03-28 16:50:00,NPP-375,SÃO DESIDÉRIO,BAHIA,Brasil,2928901,29,33,2.0,0.4,0.02,Cerrado,11.2
4fd74815-a128-301d-8054-d7e86313d953,-12.78972,-45.85815,2026-03-28 16:50:00,NPP-375,SÃO DESIDÉRIO,BAHIA,Brasil,2928901,29,33,1.0,0.4,0.02,Cerrado,22.2
219569ef-650f-361b-88a7-427fdc957ec2,-12.7921,-45.87306,2026-03-28 16:50:00,NPP-375,SÃO DESIDÉRIO,BAHIA,Brasil,2928901,29,33,2.0,0.4,0.03,Cerrado,9.3
34cb05c0-18c2-312d-8f68-3666716f8965,-12.79194,-45.85015,2026-03-28 16:50:00,NPP-375,SÃO DESIDÉRIO,BAHIA,Brasil,2928901,29,33,2.0,0.4,0.02,Cerrado,21.8
a38b570c-03c1-3bf4-b000-5f99053dcc05,-12.78394,-45.84381,2026-03-28 16:50:00,NPP-375,SÃO DESIDÉRIO,BAHIA,Brasil,2928901,29,33,2.0,0.4,0.02,Cerrado,4.8
975b5d65-38d2-3817-bffb-95fdbee01d99,-12.79772,-45.86449,2026-03-28 16:50:00,NPP-375,SÃO DESIDÉRIO,BAHIA,Brasil,2928901,29,33,2.0,0.4,0.03,Cerrado,3.7
6973d4d7-cb7d-3d93-89e6-7c1a9bf07211,-12.79372,-45.86132,2026-03-28 16:50:00,NPP-375,SÃO DESIDÉRIO,BAHIA,Brasil,2928901,29,33,2.0,0.4,0.02,Cerrado,22.2
aca6f98a-4e6a-3a0a-ac02-3b9cbf90f14c,-12.79476,-45.84587,2026-03-28 16:50:00,NPP-375,SÃO DESIDÉRIO,BAHIA,Brasil,2928901,29,33,2.0,0.4,0.03,Cerrado,9.3
bf8ac8ee-4f40-344b-b213-9c5dcb6c5c0d,-12.78453,-45.84754,2026-03-28 16:50:00,NPP-375,SÃO DESIDÉRIO,BAHIA,Brasil,2928901,29,33,2.0,0.4,0.02,Cerrado,4.8
2628e807-0c22-3b31-8d84-358974384ed5,-11.73784,-48.83325,2026-03-28 16:50:00,NPP-375,GURUPI,TOCANTINS,Brasil,1709500,17,33,0.0,0.0,0.0,Cerrado,2.5
ac3b06f6-2b85-3bed-ae89-aec8ef7db0ee,-12.79031,-45.86187,2026-03-28 16:50:00,NPP-375,SÃO DESIDÉRIO,BAHIA,Brasil,2928901,29,33,2.0,0.4,0.02,Cerrado,22.2
ec0f13da-35c2-300f-87df-2fbd71593448,-12.80054,-45.86021,2026-03-28 16:50:00,NPP-375,SÃO DESIDÉRIO,BAHIA,Brasil,2928901,29,33,2.0,0.4,0.04,Cerrado,8.2
b81b704d-8a7d-3f84-bbbb-c8c697b35044,-12.78794,-45.84698,2026-03-28 16:50:00,NPP-375,SÃO DESIDÉRIO,BAHIA,Brasil,2928901,29,33,2.0,0.4,0.02,Cerrado,4.4
c910c1d8-5c40-34d5-acaa-7d06bbedc92c,-12.80335,-45.85594,2026-03-28 16:50:00,NPP-375,SÃO DESIDÉRIO,BAHIA,Brasil,2928901,29,33,2.0,0.4,0.05,Cerrado,5.5
0a3a433a-f8a6-359b-867a-4812b70c4a2a,-10.1437,-47.65406,2026-03-28 16:50:00,NPP-375,NOVO ACORDO,TOCANTINS,Brasil,1715101,17,33,1.0,0.0,0.0,Cerrado,3.1
dd93b028-0f40-31e3-a75c-fa25cc50995a,-12.78957,-45.83524,2026-03-28 16:50:00,NPP-375,SÃO DESIDÉRIO,BAHIA,Brasil,2928901,29,33,2.0,0.4,0.03,Cerrado,2.4
be36ef2a-e1fc-3ba4-a497-b458b70237d1,-12.79653,-45.85704,2026-03-28 16:50:00,NPP-375,SÃO DESIDÉRIO,BAHIA,Brasil,2928901,29,33,2.0,0.4,0.02,Cerrado,8.2
dea0f8ff-b444-3c0c-82f5-8d1886e2c1d6,-12.78897,-45.83152,2026-03-28 16:50:00,NPP-375,SÃO DESIDÉRIO,BAHIA,Brasil,2928901,29,33,2.0,0.4,0.03,Cerrado,2.0
8d06a397-a564-32f0-a023-ffaa3ce8c9b6,-12.80113,-45.86394,2026-03-28 16:50:00,NPP-375,SÃO DESIDÉRIO,BAHIA,Brasil,2928901,29,33,2.0,0.4,0.04,Cerrado,3.7
20a3c2fa-9d34-3e83-ba8f-690b515148f3,-12.79313,-45.85759,2026-03-28 16:50:00,NPP-375,SÃO DESIDÉRIO,BAHIA,Brasil,2928901,29,33,2.0,0.4,0.02,Cerrado,22.2
102cfb9c-f5ac-34c4-bcab-17229d056e3f,-12.79876,-45.84904,2026-03-28 16:50:00,NPP-375,SÃO DESIDÉRIO,BAHIA,Brasil,2928901,29,33,2.0,0.4,0.03,Cerrado,14.6
afb02e45-b402-3d58-bc05-6de3e347eede,-12.79091,-45.8656,2026-03-28 16:50:00,NPP-375,SÃO DESIDÉRIO,BAHIA,Brasil,2928901,29,33,2.0,0.4,0.02,Cerrado,20.5
9a1717ff-bf71-3db1-b4ae-4e528af67652,-12.49358,-43.65422,2026-03-28 16:50:00,NPP-375,BREJOLÂNDIA,BAHIA,Brasil,2904407,29,33,2.0,1.72,0.02,Cerrado,5.0
2248a184-570f-3082-bcba-2fb52a88d535,-11.6395,-46.48672,2026-03-28 16:50:00,NPP-375,DIANÓPOLIS,TOCANTINS,Brasil,1707009,17,33,2.0,0.0,0.01,Cerrado,13.3
29a98261-6581-383b-9c21-641e874cf266,-12.49655,-43.64897,2026-03-28 16:50:00,NPP-375,BREJOLÂNDIA,BAHIA,Brasil,2904407,29,33,2.0,1.68,0.02,Cerrado,3.0
ac7c8c16-a0d4-34b2-be3b-486a40674f95,-12.80276,-45.85221,2026-03-28 16:50:00,NPP-375,SÃO DESIDÉRIO,BAHIA,Brasil,2928901,29,33,2.0,0.4,0.04,Cerrado,4.3
9dde4168-82d7-3a16-bfb4-d90d3fd30b15,-12.78913,-45.85442,2026-03-28 16:50:00,NPP-375,SÃO DESIDÉRIO,BAHIA,Brasil,2928901,29,33,2.0,0.4,0.02,Cerrado,21.8
e7047a6d-25a1-3d51-ba08-6538b8038088,-12.78513,-45.85126,2026-03-28 16:50:00,NPP-375,SÃO DESIDÉRIO,BAHIA,Brasil,2928901,29,33,2.0,0.4,0.02,Cerrado,11.2
d6661e91-9805-3e17-b0a4-ecad0723e6bb,-12.49734,-43.65357,2026-03-28 16:50:00,NPP-375,BREJOLÂNDIA,BAHIA,Brasil,2904407,29,33,2.0,1.67,0.02,Cerrado,3.0
c700e94c-2b27-30f6-912a-48e900a57f18,-10.14036,-47.65458,2026-03-28 16:50:00,NPP-375,NOVO ACORDO,TOCANTINS,Brasil,1715101,17,33,1.0,0.0,0.0,Cerrado,7.1
1d9e02b6-6b66-3615-a3a4-b8ed83824036,-12.7955,-45.87251,2026-03-28 16:50:00,NPP-375,SÃO DESIDÉRIO,BAHIA,Brasil,2928901,29,33,2.0,0.4,0.03,Cerrado,9.3
6daa474a-2a63-31e8-92e7-64df57fbf4cb,-10.13485,-47.641,2026-03-28 16:50:00,NPP-375,NOVO ACORDO,TOCANTINS,Brasil,1715101,17,33,2.0,0.0,0.0,Cerrado,5.8
c6057c8d-5d60-3e1f-8432-677781fd32e7,-13.50639,-47.75382,2026-03-28 16:50:00,NPP-375,CAVALCANTE,GOIÁS,Brasil,5205307,52,33,2.0,0.0,0.01,Cerrado,6.2
ca59e706-8dff-3f94-9e33-335347f8da78,-12.7915,-45.86933,2026-03-28 16:50:00,NPP-375,SÃO DESIDÉRIO,BAHIA,Brasil,2928901,29,33,2.0,0.4,0.03,Cerrado,20.5
feddcf7b-ef8d-3a35-a022-4c76a2d7187c,-12.78735,-45.84326,2026-03-28 16:50:00,NPP-375,SÃO DESIDÉRIO,BAHIA,Brasil,2928901,29,33,2.0,0.4,0.02,Cerrado,4.4
893df282-ffb2-314b-9a96-fd1064d7953b,-11.23138,-46.26457,2026-03-28 16:50:00,NPP-375,FORMOSA DO RIO PRETO,BAHIA,Brasil,2911105,29,33,0.0,0.0,0.0,Cerrado,11.6
d2cf9c7f-bbb3-3f46-8ee9-6b625d94aa1d,-12.79713,-45.86076,2026-03-28 16:50:00,NPP-375,SÃO DESIDÉRIO,BAHIA,Brasil,2928901,29,33,2.0,0.4,0.03,Cerrado,8.2
6cde7ef3-ac8f-3924-b639-2f0e1396e822,-12.7875,-45.86615,2026-03-28 16:50:00,NPP-375,SÃO DESIDÉRIO,BAHIA,Brasil,2928901,29,33,2.0,0.4,0.02,Cerrado,6.8
28e56a2c-d64f-3d33-b9b6-3c1255fc9bd0,-10.13648,-47.65157,2026-03-28 16:50:00,NPP-375,NOVO ACORDO,TOCANTINS,Brasil,1715101,17,33,1.0,0.0,0.0,Cerrado,9.5
c39ebadf-f3c5-3dcb-a510-3373b50827bf,-12.78853,-45.8507,2026-03-28 16:50:00,NPP-375,SÃO DESIDÉRIO,BAHIA,Brasil,2928901,29,33,2.0,0.4,0.02,Cerrado,21.8
da1cdd90-7783-3b2c-b6b6-6db9a324548b,-8.79678,-44.7986,2026-03-28 16:50:00,NPP-375,CURRAIS,PIAUÍ,Brasil,2203230,22,33,0.0,0.63,0.02,Cerrado,11.6
66b433e3-6cd8-3b2e-b06f-f8e0c4fa09e5,-12.79135,-45.84643,2026-03-28 16:50:00,NPP-375,SÃO DESIDÉRIO,BAHIA,Brasil,2928901,29,33,2.0,0.4,0.03,Cerrado,4.4
176c440b-898f-3e42-aafc-872412ecdd5c,-6.12305,-47.89076,2026-03-28 16:52:00,NPP-375,CACHOEIRINHA,TOCANTINS,Brasil,1703826,17,33,2.0,0.0,0.03,Cerrado,20.9
1dcbdb34-3d9f-3585-abe8-5c377695f121,-6.79346,-46.2684,2026-03-28 16:52:00,NPP-375,FORMOSA DA SERRA NEGRA,MARANHÃO,Brasil,2104099,21,33,0.0,0.61,0.03,Cerrado,1.8
426ca9dc-9844-3bc7-9188-487802bc9c64,-7.18537,-47.00125,2026-03-28 16:52:00,NPP-375,CAROLINA,MARANHÃO,Brasil,2102804,21,33,0.0,0.0,0.0,Cerrado,7.8
e9ae06f3-6112-364b-aa9a-708ba7dcede8,-5.66774,-47.51635,2026-03-28 16:52:00,NPP-375,ITAGUATINS,TOCANTINS,Brasil,1710706,17,33,2.0,0.0,0.0,Cerrado,2.0
ee6eaff9-085e-3ec8-a242-a00d65225559,-7.20641,-46.91767,2026-03-28 16:52:00,NPP-375,CAROLINA,MARANHÃO,Brasil,2102804,21,33,0.0,0.0,0.0,Cerrado,2.4
1300e24f-a0f9-3bc0-9e9f-db45ebae4aef,-7.08711,-47.11131,2026-03-28 16:52:00,NPP-375,CAROLINA,MARANHÃO,Brasil,2102804,21,33,0.0,0.0,0.0,Cerrado,3.3
e66f9142-c995-34e2-9fd8-3b835de86cd9,-6.45199,-45.43919,2026-03-28 16:52:00,NPP-375,MIRADOR,MARANHÃO,Brasil,2106706,21,33,0.0,0.0,0.04,Cerrado,4.7
48f38de0-34cb-34b3-a499-ba19c38b12ac,-7.06303,-47.00152,2026-03-28 16:52:00,NPP-375,CAROLINA,MARANHÃO,Brasil,2102804,21,33,0.0,0.0,0.0,Cerrado,5.4
46bd55af-4cab-3aa3-951b-71d8174f868d,-5.67057,-47.51213,2026-03-28 16:52:00,NPP-375,ITAGUATINS,TOCANTINS,Brasil,1710706,17,33,2.0,0.0,0.0,Cerrado,3.8
a7f186b1-1184-3e2e-8ebf-58e951623da8,-5.86133,-47.75297,2026-03-28 16:52:00,NPP-375,SÃO BENTO DO TOCANTINS,TOCANTINS,Brasil,1720101,17,33,2.0,0.0,0.01,Cerrado,3.5
48ef2fcd-4179-3aec-833a-d878e486cab4,-7.17795,-46.99864,2026-03-28 16:52:00,NPP-375,CAROLINA,MARANHÃO,Brasil,2102804,21,33,0.0,0.0,0.0,Cerrado,7.6
b48ebc57-bf34-324b-88bf-2d00abb0ce58,-5.67115,-47.5158,2026-03-28 16:52:00,NPP-375,ITAGUATINS,TOCANTINS,Brasil,1710706,17,33,2.0,0.0,0.0,Cerrado,2.0
1e840b78-c2c4-35c7-b805-ee7cb3210977,-7.18594,-47.00494,2026-03-28 16:52:00,NPP-375,CAROLINA,MARANHÃO,Brasil,2102804,21,33,0.0,0.0,0.0,Cerrado,3.9
47802a21-1c36-3780-ac48-d79f6b3b8699,-7.14861,-47.19158,2026-03-28 16:52:00,NPP-375,CAROLINA,MARANHÃO,Brasil,2102804,21,33,0.0,0.0,-999.0,Cerrado,8.2
62bede47-535d-3a27-a02a-9de4810fa782,-6.60465,-47.61961,2026-03-28 16:52:00,NPP-375,PALMEIRAS DO TOCANTINS,TOCANTINS,Brasil,1713809,17,33,0.0,0.0,0.05,Cerrado,5.7
931ddf14-a664-3e68-8f23-49223c8587d6,-7.17804,-47.08926,2026-03-28 16:52:00,NPP-375,CAROLINA,MARANHÃO,Brasil,2102804,21,33,0.0,0.0,0.0,Cerrado,4.4
3caa1261-9964-330b-bbb2-d377127bc0d9,-7.11335,-47.16719,2026-03-28 16:52:00,NPP-375,CAROLINA,MARANHÃO,Brasil,2102804,21,33,0.0,0.0,0.0,Cerrado,2.8
4ff70dd5-0e6c-38eb-9bab-16066422b7ee,-3.27607,-43.5422,2026-03-28 16:52:00,NPP-375,SÃO BENEDITO DO RIO PRETO,MARANHÃO,Brasil,2110401,21,33,0.0,5.24,0.0,Cerrado,2.3
8737d65f-9795-39e6-b801-475684f1f205,-7.18788,-47.00043,2026-03-28 16:52:00,NPP-375,CAROLINA,MARANHÃO,Brasil,2102804,21,33,0.0,0.0,0.0,Cerrado,5.4
b969ce38-a5f4-39ec-8eda-add647a5bc83,-5.61506,-44.3725,2026-03-28 16:52:00,NPP-375,SÃO DOMINGOS DO MARANHÃO,MARANHÃO,Brasil,2110708,21,33,1.0,0.47,0.05,Cerrado,4.0
570f0072-a2f3-36e6-bff3-27658fd82005,-7.25359,-47.03912,2026-03-28 16:52:00,NPP-375,CAROLINA,MARANHÃO,Brasil,2102804,21,33,0.0,0.0,0.0,Cerrado,6.6
6235fb3f-0b86-39eb-a4b0-ba71ac627d38,-7.10993,-47.16771,2026-03-28 16:52:00,NPP-375,CAROLINA,MARANHÃO,Brasil,2102804,21,33,0.0,0.0,0.0,Cerrado,5.6
77ab7a0b-34df-35f6-a521-bc5ed6533c8a,-7.20298,-46.91824,2026-03-28 16:52:00,NPP-375,CAROLINA,MARANHÃO,Brasil,2102804,21,33,0.0,0.0,0.0,Cerrado,2.4
4d8a2744-26ca-3104-9da0-db3d4d163e45,-19.77188,-49.76845,2026-03-28 17:07:00,NOAA-20,SÃO FRANCISCO DE SALES,MINAS GERAIS,Brasil,3161304,31,33,2.0,0.0,0.44,Cerrado,5.3
b0ef35eb-3cc2-3ca6-8c7e-2f921e0955bf,-19.783,-49.77055,2026-03-28 17:07:00,NOAA-20,SÃO FRANCISCO DE SALES,MINAS GERAIS,Brasil,3161304,31,33,2.0,0.0,0.53,Cerrado,5.5
6d8f184e-8d04-3409-881b-5ff3dc649014,-19.18203,-49.12956,2026-03-28 17:07:00,NOAA-20,PRATA,MINAS GERAIS,Brasil,3152808,31,33,2.0,0.0,0.5,Cerrado,11.3
114d4f7a-a9a1-3838-be56-3f0dc89959f2,-19.32972,-50.51007,2026-03-28 17:07:00,NOAA-20,LIMEIRA DO OESTE,MINAS GERAIS,Brasil,3138625,31,33,2.0,0.1,0.43,Cerrado,6.6
a63a36f7-4206-34cf-b644-e4c367ba16ce,-20.1532,-46.78827,2026-03-28 17:07:00,NOAA-20,SÃO ROQUE DE MINAS,MINAS GERAIS,Brasil,3164308,31,33,2.0,0.0,0.03,Cerrado,4.7
b0eb045d-a702-3a42-afac-6fd972446b3e,-19.17843,-49.13027,2026-03-28 17:07:00,NOAA-20,PRATA,MINAS GERAIS,Brasil,3152808,31,33,2.0,0.0,0.49,Cerrado,3.5
1de26220-0dfd-333c-8561-1ee1e3b0612f,-19.15055,-51.07304,2026-03-28 17:07:00,NOAA-20,ITAJÁ,GOIÁS,Brasil,5210802,52,33,2.0,0.0,0.37,Cerrado,4.4
c6c8bc73-0ba6-3751-91fd-19881681f072,-19.69683,-51.35238,2026-03-28 17:07:00,NOAA-20,PARANAÍBA,MATO GROSSO DO SUL,Brasil,5006309,50,33,2.0,0.0,0.48,Cerrado,2.8
644fe99b-4b75-3989-9d54-54c567351ebd,-21.05467,-47.25744,2026-03-28 17:07:00,NOAA-20,ALTINÓPOLIS,SÃO PAULO,Brasil,3501004,35,33,2.0,0.0,0.03,Cerrado,5.1
0e4b7e0f-5eb0-3241-af56-1208006d57c9,-11.80399,-44.85338,2026-03-28 17:09:00,NOAA-20,RIACHÃO DAS NEVES,BAHIA,Brasil,2926202,29,33,0.0,1.55,0.01,Cerrado,4.9
3d7742d1-f59f-3e82-a96e-9fcbbb5cae53,-12.79436,-45.85805,2026-03-28 17:09:00,NOAA-20,SÃO DESIDÉRIO,BAHIA,Brasil,2928901,29,33,2.0,0.4,0.02,Cerrado,16.7
cbb4e200-d13c-3c13-8124-07e9d0abe709,-10.13308,-47.64441,2026-03-28 17:09:00,NOAA-20,NOVO ACORDO,TOCANTINS,Brasil,1715101,17,33,2.0,0.0,0.0,Cerrado,5.3
8b45ec3a-1d18-33bf-bf9f-dbd819bbc5ff,-10.13484,-47.65004,2026-03-28 17:09:00,NOAA-20,NOVO ACORDO,TOCANTINS,Brasil,1715101,17,33,1.0,0.0,0.0,Cerrado,25.1
b1639a3e-d26c-35df-82ac-cc2abde6825f,-12.79128,-45.84146,2026-03-28 17:09:00,NOAA-20,SÃO DESIDÉRIO,BAHIA,Brasil,2928901,29,33,2.0,0.4,0.04,Cerrado,17.0
49c3b2eb-59d1-3939-a5db-fd17a651833f,-12.49336,-43.64931,2026-03-28 17:09:00,NOAA-20,BREJOLÂNDIA,BAHIA,Brasil,2904407,29,33,2.0,1.73,0.02,Cerrado,7.6
7ce945dc-682c-31b0-aa1f-e568153e7b34,-15.17474,-45.68998,2026-03-28 17:09:00,NOAA-20,CHAPADA GAÚCHA,MINAS GERAIS,Brasil,3116159,31,33,2.0,0.0,0.03,Cerrado,5.4
17936058-1c24-39d8-a72e-bd8203ea69af,-10.13467,-47.65366,2026-03-28 17:09:00,NOAA-20,NOVO ACORDO,TOCANTINS,Brasil,1715101,17,33,1.0,0.0,0.0,Cerrado,12.2
589e0a1b-6b5e-3422-8276-f81dd0a6744a,-12.7954,-45.86365,2026-03-28 17:09:00,NOAA-20,SÃO DESIDÉRIO,BAHIA,Brasil,2928901,29,33,2.0,0.4,0.02,Cerrado,16.7
945be51b-bf2d-3751-ad40-eb21deb93bc0,-12.78948,-45.85892,2026-03-28 17:09:00,NOAA-20,SÃO DESIDÉRIO,BAHIA,Brasil,2928901,29,33,2.0,0.4,0.02,Cerrado,51.3
109a3690-16c1-3924-981d-8953c59ce1d2,-12.4854,-43.63859,2026-03-28 17:09:00,NOAA-20,BREJOLÂNDIA,BAHIA,Brasil,2904407,29,33,2.0,1.89,0.13,Cerrado,5.0
b148d4b4-bfd2-37ea-a8ad-14e436e5e2b9,-10.13388,-47.64903,2026-03-28 17:09:00,NOAA-20,NOVO ACORDO,TOCANTINS,Brasil,1715101,17,33,2.0,0.0,0.0,Cerrado,12.2
f9edd51d-2390-3499-839a-c0fb5570e4bc,-12.80029,-45.8628,2026-03-28 17:09:00,NOAA-20,SÃO DESIDÉRIO,BAHIA,Brasil,2928901,29,33,2.0,0.4,0.04,Cerrado,16.7
17ad175f-6bbd-3f98-bc9f-6489f71f9270,-10.13401,-47.64542,2026-03-28 17:09:00,NOAA-20,NOVO ACORDO,TOCANTINS,Brasil,1715101,17,33,2.0,0.0,0.0,Cerrado,12.5
6f620b29-b4d5-331a-8ef1-79c9b9434579,-12.80311,-45.85079,2026-03-28 17:09:00,NOAA-20,SÃO DESIDÉRIO,BAHIA,Brasil,2928901,29,33,2.0,0.4,0.04,Cerrado,13.3
2b0114d3-44ec-3b5e-b1e3-a30355e86208,-12.80414,-45.85637,2026-03-28 17:09:00,NOAA-20,SÃO DESIDÉRIO,BAHIA,Brasil,2928901,29,33,2.0,0.4,0.05,Cerrado,9.7
5148ab86-493c-33d0-b58d-3c23701ec33a,-14.8744,-46.61392,2026-03-28 17:09:00,NOAA-20,FLORES DE GOIÁS,GOIÁS,Brasil,5207907,52,33,2.0,0.0,0.13,Cerrado,7.3
949f121c-cfe3-3758-8a4e-fcc516a971ea,-12.79719,-45.84612,2026-03-28 17:09:00,NOAA-20,SÃO DESIDÉRIO,BAHIA,Brasil,2928901,29,33,2.0,0.4,0.04,Cerrado,20.6
c2889eda-2fe4-3aec-9c54-4b4325dc7ee8,-11.73677,-48.83391,2026-03-28 17:09:00,NOAA-20,GURUPI,TOCANTINS,Brasil,1709500,17,33,0.0,0.0,0.0,Cerrado,2.8
10571c7e-2f51-3739-a2e5-df297fd208b9,-12.79925,-45.85721,2026-03-28 17:09:00,NOAA-20,SÃO DESIDÉRIO,BAHIA,Brasil,2928901,29,33,2.0,0.4,0.03,Cerrado,16.7
198277b8-d80b-3b33-9abf-51111d4d7964,-16.24347,-47.48627,2026-03-28 17:09:00,NOAA-20,CRISTALINA,GOIÁS,Brasil,5206206,52,33,2.0,0.0,0.09,Cerrado,5.3
eeb302fe-0667-35fa-b014-69f77043e6db,-12.79822,-45.85164,2026-03-28 17:09:00,NOAA-20,SÃO DESIDÉRIO,BAHIA,Brasil,2928901,29,33,2.0,0.4,0.03,Cerrado,20.6
7d6cea10-0f89-37fd-a892-4e09a405eff0,-12.49413,-43.65324,2026-03-28 17:09:00,NOAA-20,BREJOLÂNDIA,BAHIA,Brasil,2904407,29,33,2.0,1.71,0.02,Cerrado,7.4
ff34993c-c6c4-31d1-a783-004c0a9b6a95,-5.62083,-44.37246,2026-03-28 17:11:00,NOAA-20,SÃO DOMINGOS DO MARANHÃO,MARANHÃO,Brasil,2110708,21,33,1.0,0.49,0.05,Cerrado,6.0
7329b99e-aa9d-3835-ad61-705b51801a9e,-5.66946,-47.5124,2026-03-28 17:11:00,NOAA-20,ITAGUATINS,TOCANTINS,Brasil,1710706,17,33,2.0,0.0,0.0,Cerrado,8.3
760f0282-27a4-37e3-a1af-ac2a2afe3b88,-7.06354,-47.00127,2026-03-28 17:11:00,NOAA-20,CAROLINA,MARANHÃO,Brasil,2102804,21,33,0.0,0.0,0.0,Cerrado,11.4
aecf58f1-12ee-3be4-b89b-99766e6cf4da,-5.5703,-44.29985,2026-03-28 17:11:00,NOAA-20,SÃO DOMINGOS DO MARANHÃO,MARANHÃO,Brasil,2110708,21,33,1.0,1.8,0.17,Cerrado,12.9
fd5562e8-562c-3d25-83ec-d4047efe76c1,-6.12451,-47.89104,2026-03-28 17:11:00,NOAA-20,CACHOEIRINHA,TOCANTINS,Brasil,1703826,17,33,2.0,0.0,0.02,Cerrado,17.2
78780b78-1c95-38b4-872f-8c14d282d389,-7.10659,-47.16356,2026-03-28 17:11:00,NOAA-20,CAROLINA,MARANHÃO,Brasil,2102804,21,33,0.0,0.0,0.0,Cerrado,4.6
b5da0370-437e-3400-9513-a88877673bf8,-9.24859,-47.30199,2026-03-28 17:11:00,NOAA-20,CENTENÁRIO,TOCANTINS,Brasil,1704105,17,33,0.0,0.1,0.0,Cerrado,7.1
a864f2e1-0c81-38b8-8c83-65530426ad9d,-5.67147,-47.516,2026-03-28 17:11:00,NOAA-20,ITAGUATINS,TOCANTINS,Brasil,1710706,17,33,2.0,0.0,0.0,Cerrado,3.1
2f410d43-ace6-3bd6-a0d3-e2f22181e613,-7.148,-47.18866,2026-03-28 17:11:00,NOAA-20,CAROLINA,MARANHÃO,Brasil,2102804,21,33,0.0,0.0,-999.0,Cerrado,28.9
2f896408-d99e-3678-802d-5864379f1191,-21.42462,-48.53778,2026-03-28 18:19:00,AQUA_M-T,TAQUARITINGA,SÃO PAULO,Brasil,3553708,35,33,2.0,0.0,0.2,Cerrado,62.2
f2cf88bf-c6c4-3a8d-83b9-3202ecef0a6b,-21.42839,-48.53032,2026-03-28 18:19:00,AQUA_M-T,TAQUARITINGA,SÃO PAULO,Brasil,3553708,35,33,2.0,0.0,0.2,Cerrado,43.5
ec246be6-8a17-3f12-8c09-04d3dfa95d4e,-11.09679,-47.08062,2026-03-28 18:21:00,AQUA_M-T,PONTE ALTA DO TOCANTINS,TOCANTINS,Brasil,1717909,17,33,0.0,0.11,0.0,Cerrado,11.1
e4d55c62-4b0f-3f29-80e9-5e9b276755a8,-15.08992,-43.89557,2026-03-28 18:21:00,AQUA_M-T,JAÍBA,MINAS GERAIS,Brasil,3135050,31,33,2.0,0.3,0.03,Cerrado,149.6
9aac1701-1e15-3d89-ae4b-5934d6ec0770,-15.08859,-43.88652,2026-03-28 18:21:00,AQUA_M-T,MATIAS CARDOSO,MINAS GERAIS,Brasil,3140852,31,33,2.0,0.32,0.04,Cerrado,36.3
fe3f5c89-3c41-3334-ad52-43ab791ca51c,-12.35353,-48.21251,2026-03-28 18:21:00,AQUA_M-T,PARANÃ,TOCANTINS,Brasil,1716208,17,33,0.0,0.0,0.0,Cerrado,11.1
8525e594-52bf-33b3-aed0-0f0f43723e47,-12.22856,-45.3529,2026-03-28 18:21:00,AQUA_M-T,BARREIRAS,BAHIA,Brasil,2903201,29,33,2.0,0.58,0.02,Cerrado,5.7
98ef5f03-e9eb-3d1c-86f7-a85a4c94e9a8,-11.66045,-46.49092,2026-03-28 18:21:00,AQUA_M-T,NOVO JARDIM,TOCANTINS,Brasil,1715259,17,33,1.0,0.0,0.01,Cerrado,19.2
e9555b97-3a3d-3d41-80b7-a07b3e223d23,-12.3281,-44.76196,2026-03-28 18:21:00,AQUA_M-T,CATOLÂNDIA,BAHIA,Brasil,2907400,29,33,3.0,0.2,0.02,Cerrado,6.8
345de448-59e8-38ca-bce5-c01acd85bf94,-10.58996,-46.22456,2026-03-28 18:21:00,AQUA_M-T,MATEIROS,TOCANTINS,Brasil,1712702,17,33,0.0,0.0,0.02,Cerrado,73.8
f79d8479-e73a-3c80-98d2-aedbf980090c,-10.59129,-46.23396,2026-03-28 18:21:00,AQUA_M-T,MATEIROS,TOCANTINS,Brasil,1712702,17,33,0.0,0.0,0.01,Cerrado,34.6
867de03c-bf93-3a65-992e-70f083e9a602,-10.00421,-44.29781,2026-03-28 18:21:00,AQUA_M-T,CURIMATÁ,PIAUÍ,Brasil,2203206,22,33,1.0,0.0,0.01,Cerrado,8.8
ff992568-a371-3424-9fe4-f41a51be8d1d,-10.9999,-49.6148,2026-03-28 18:21:00,AQUA_M-T,SANTA RITA DO TOCANTINS,TOCANTINS,Brasil,1718899,17,33,1.0,5.06,0.0,Cerrado,13.6
a54e1641-eb83-3776-95db-f64f34e70f7f,-12.79603,-45.84779,2026-03-28 18:21:00,AQUA_M-T,SÃO DESIDÉRIO,BAHIA,Brasil,2928901,29,33,2.0,0.4,0.03,Cerrado,32.8
b7fdc1c4-2f24-3eb1-a25a-6fa1a55f8873,-12.44598,-44.75639,2026-03-28 18:21:00,AQUA_M-T,SÃO DESIDÉRIO,BAHIA,Brasil,2928901,29,33,2.0,0.0,0.02,Cerrado,6.1
13f4d367-91ad-36b2-945f-8578caf9ff0d,-10.32499,-46.5014,2026-03-28 18:21:00,AQUA_M-T,MATEIROS,TOCANTINS,Brasil,1712702,17,33,0.0,0.0,0.0,Cerrado,9.5
b39ff928-f1da-3f50-b34b-afa17c5d0601,-6.12334,-47.89713,2026-03-28 18:24:00,AQUA_M-T,CACHOEIRINHA,TOCANTINS,Brasil,1703826,17,33,2.0,0.0,0.07,Cerrado,11.9
6158a49f-7d83-3da1-88ea-5da8341579cb,-5.95516,-44.77288,2026-03-28 18:24:00,AQUA_M-T,TUNTUM,MARANHÃO,Brasil,2112308,21,33,2.0,0.0,0.07,Cerrado,18.4
2eff84c2-8522-37a5-b4ae-1a1b28ab059d,-7.18168,-47.09758,2026-03-28 18:24:00,AQUA_M-T,CAROLINA,MARANHÃO,Brasil,2102804,21,33,0.0,0.0,0.0,Cerrado,17.0
e13ad818-ad83-3ca3-9711-9b41a739f5f8,-5.35118,-45.11673,2026-03-28 18:24:00,AQUA_M-T,BARRA DO CORDA,MARANHÃO,Brasil,2101608,21,33,0.0,0.0,0.29,Cerrado,55.4
aa3c3ccf-67f0-33f4-a84f-9718fc75094e,-6.61139,-47.62535,2026-03-28 18:24:00,AQUA_M-T,PALMEIRAS DO TOCANTINS,TOCANTINS,Brasil,1713809,17,33,0.0,0.0,0.03,Cerrado,24.3
142b3f2b-7a22-3875-995d-9246fa9d48cf,-7.14986,-47.19874,2026-03-28 18:24:00,AQUA_M-T,CAROLINA,MARANHÃO,Brasil,2102804,21,33,0.0,0.0,0.0,Cerrado,6.4
8f5323f0-5bdc-3bb4-baa8-532ec95a239c,-6.60998,-47.61562,2026-03-28 18:24:00,AQUA_M-T,PALMEIRAS DO TOCANTINS,TOCANTINS,Brasil,1713809,17,33,0.0,0.0,0.03,Cerrado,10.9
f9aebe16-14e6-37f1-a13e-4215eca033c1,-5.67304,-47.5187,2026-03-28 18:24:00,AQUA_M-T,ITAGUATINS,TOCANTINS,Brasil,1710706,17,33,2.0,0.0,0.0,Cerrado,6.8
45ecb725-0f39-3e0d-9114-a7cf3498a47c,-5.23437,-42.66874,2026-03-28 18:24:00,AQUA_M-T,TERESINA,PIAUÍ,Brasil,2211001,22,33,0.0,4.93,0.01,Cerrado,13.1
f0ac5c7c-c288-323c-a058-e1e5eba8fdb0,-7.98418,-43.8812,2026-03-28 18:24:00,AQUA_M-T,MANOEL EMÍDIO,PIAUÍ,Brasil,2205904,22,33,2.0,0.31,0.01,Cerrado,5.9
8cb6e057-a193-3d09-b21c-db3593f52b0e,-6.28085,-43.92511,2026-03-28 18:24:00,AQUA_M-T,PASSAGEM FRANCA,MARANHÃO,Brasil,2107902,21,33,1.0,0.0,0.02,Cerrado,11.4
800a1a55-5894-352e-9bb2-7da7087bb33a,-7.09715,-47.15494,2026-03-28 18:24:00,AQUA_M-T,CAROLINA,MARANHÃO,Brasil,2102804,21,33,0.0,0.0,0.0,Cerrado,6.1
235ef8ff-fe8b-39ad-88f2-bfb0c09292a1,-5.60315,-45.77551,2026-03-28 18:24:00,AQUA_M-T,GRAJAÚ,MARANHÃO,Brasil,2104800,21,33,2.0,0.0,0.13,Cerrado,4.9
623afbe6-650f-34e9-a739-dab665e66a4b,-15.0798,-43.8852,2026-03-28 18:50:00,GOES-19,MATIAS CARDOSO,MINAS GERAIS,Brasil,3140852,31,33,2.0,0.37,0.04,Cerrado,155.3
07b4fe84-c2d2-3254-9a48-e3154c5b9e4e,-12.7874,-45.8563,2026-03-28 18:50:00,GOES-19,SÃO DESIDÉRIO,BAHIA,Brasil,2928901,29,33,2.0,0.4,0.02,Cerrado,93.5
e74235b7-06ee-322a-b094-c1cbedce685a,-15.0798,-43.8852,2026-03-28 19:00:00,GOES-19,MATIAS CARDOSO,MINAS GERAIS,Brasil,3140852,31,33,2.0,0.37,0.04,Cerrado,205.2
9e8912f4-29a5-3f79-9f84-571512d8d144,-15.0798,-43.8852,2026-03-28 19:10:00,GOES-19,MATIAS CARDOSO,MINAS GERAIS,Brasil,3140852,31,33,2.0,0.37,0.04,Cerrado,211.5
60c6cc6a-e9e9-3079-8e6d-a205e701a72f,-12.7874,-45.8563,2026-03-28 19:20:00,GOES-19,SÃO DESIDÉRIO,BAHIA,Brasil,2928901,29,33,2.0,0.4,0.02,Cerrado,79.4
bd1b9d16-3bb3-3d16-b4b7-88b5316fda38,-15.0989,-43.9053,2026-03-28 19:20:00,GOES-19,JAÍBA,MINAS GERAIS,Brasil,3135050,31,33,2.0,0.3,0.05,Cerrado,108.0
be1aa1a0-22f9-3411-8ab0-f29e9f201db2,-12.4999,-43.7858,2026-03-28 19:20:00,GOES-19,BREJOLÂNDIA,BAHIA,Brasil,2904407,29,33,2.0,0.82,0.02,Cerrado,85.5
fde621d1-b0f7-3fe7-ae57-bbcf30b75712,-15.0798,-43.8852,2026-03-28 19:20:00,GOES-19,MATIAS CARDOSO,MINAS GERAIS,Brasil,3140852,31,33,2.0,0.37,0.04,Cerrado,147.7
b6a06011-ae4a-328a-ae03-520c49de4535,-15.0798,-43.8852,2026-03-28 19:30:00,GOES-19,MATIAS CARDOSO,MINAS GERAIS,Brasil,3140852,31,33,2.0,0.37,0.04,Cerrado,144.3
bb8f89b6-f3aa-3654-8893-c76a49055e24,-12.7874,-45.8563,2026-03-28 19:30:00,GOES-19,SÃO DESIDÉRIO,BAHIA,Brasil,2928901,29,33,2.0,0.4,0.02,Cerrado,82.2
b60b3387-680a-3471-84c7-603a3fdad122,-15.0798,-43.8852,2026-03-28 19:40:00,GOES-19,MATIAS CARDOSO,MINAS GERAIS,Brasil,3140852,31,33,2.0,0.37,0.04,Cerrado,111.9
5384a335-6494-3fa3-817b-2681e284b974,-15.0798,-43.8852,2026-03-28 21:50:00,GOES-19,MATIAS CARDOSO,MINAS GERAIS,Brasil,3140852,31,33,2.0,0.37,0.04,Cerrado,137.5
3488779c-7a1f-30f2-ac53-e01348548989,-15.0994,-43.8813,2026-03-28 21:50:00,GOES-19,JAÍBA,MINAS GERAIS,Brasil,3135050,31,33,2.0,0.3,0.09,Cerrado,74.6
6d2e6fb7-6f0f-333a-b9f8-3ae9557a2d4e,-15.0994,-43.8813,2026-03-28 22:00:00,GOES-19,JAÍBA,MINAS GERAIS,Brasil,3135050,31,33,2.0,0.3,0.09,Cerrado,76.6
1ead6556-73d4-390b-986d-921acf33f266,-15.0798,-43.8852,2026-03-28 22:00:00,GOES-19,MATIAS CARDOSO,MINAS GERAIS,Brasil,3140852,31,33,2.0,0.37,0.04,Cerrado,181.2
e69ee14d-0d13-35af-979f-3b7125405e69,-12.3388,-48.189499,2026-03-29 00:10:00,METOP-B,PARANÃ,TOCANTINS,Brasil,1716208,17,33,2.0,0.0,0.0,Cerrado,
54b5ad8f-edc8-3f95-bff3-67ebcca016a8,-12.3404,-48.196602,2026-03-29 00:10:00,METOP-B,PARANÃ,TOCANTINS,Brasil,1716208,17,33,2.0,0.0,0.0,Cerrado,
644effcf-f77c-3e6f-a4b5-a04edcdc9d86,-15.0763,-43.865002,2026-03-29 00:10:00,METOP-B,MATIAS CARDOSO,MINAS GERAIS,Brasil,3140852,31,33,3.0,0.0,0.09,Cerrado,
dc3d0861-27b5-3a15-843d-0c9b8e49462b,-15.0783,-43.873199,2026-03-29 00:10:00,METOP-B,MATIAS CARDOSO,MINAS GERAIS,Brasil,3140852,31,33,3.0,0.03,0.1,Cerrado,
c7587ec3-6818-33f8-9bfa-a0a69363a804,-12.79344,-45.85819,2026-03-29 00:20:00,TERRA_M-M,SÃO DESIDÉRIO,BAHIA,Brasil,2928901,29,33,3.0,0.0,0.04,Cerrado,7.4
cf0b2912-36e9-38c6-ad3b-83b283846396,-15.08906,-43.89882,2026-03-29 00:20:00,TERRA_M-M,JAÍBA,MINAS GERAIS,Brasil,3135050,31,33,3.0,0.1,0.05,Cerrado,7.0
f277f1b8-f1e3-3e14-9309-a2ec80440823,-15.08561,-43.89093,2026-03-29 00:20:00,TERRA_M-M,MATIAS CARDOSO,MINAS GERAIS,Brasil,3140852,31,33,3.0,0.1,0.05,Cerrado,8.1
e39926b3-851a-348c-86ec-226f89b04887,-12.34196,-48.21649,2026-03-29 00:20:00,TERRA_M-M,PARANÃ,TOCANTINS,Brasil,1716208,17,33,2.0,0.0,0.01,Cerrado,9.5
872ac0e6-16cc-3ec0-a0a0-becb382d263c,-10.93678,-49.43095,2026-03-29 00:20:00,TERRA_M-M,SANTA RITA DO TOCANTINS,TOCANTINS,Brasil,1718899,17,33,0.0,0.3,0.0,Cerrado,6.1
abab75de-02f5-32d7-be0d-863d56508a54,-12.3416,-48.210098,2026-03-29 00:44:00,METOP-C,PARANÃ,TOCANTINS,Brasil,1716208,17,33,2.0,0.0,0.0,Cerrado,
21648810-83ed-38d4-b582-fb86da3472a4,-15.08772,-43.88776,2026-03-29 03:25:00,NOAA-21,MATIAS CARDOSO,MINAS GERAIS,Brasil,3140852,31,33,3.0,0.09,0.06,Cerrado,1.4
f544435a-b85d-3289-a4e1-d673c59a387d,-15.08174,-43.88643,2026-03-29 03:25:00,NOAA-21,MATIAS CARDOSO,MINAS GERAIS,Brasil,3140852,31,33,3.0,0.1,0.07,Cerrado,1.4
2f43c241-4e69-3b56-9a27-e74683b4f3ce,-15.08674,-43.8924,2026-03-29 03:25:00,NOAA-21,MATIAS CARDOSO,MINAS GERAIS,Brasil,3140852,31,33,3.0,0.1,0.05,Cerrado,1.4
1a3f38b4-dada-35fe-9f96-8aae1126571c,-15.08577,-43.89702,2026-03-29 03:25:00,NOAA-21,MATIAS CARDOSO,MINAS GERAIS,Brasil,3140852,31,33,3.0,0.1,0.05,Cerrado,1.5
796c9ac3-3c62-3b06-b03d-1f293d954f17,-18.1749,-44.97704,2026-03-29 03:57:00,NPP-375D,TRÊS MARIAS,MINAS GERAIS,Brasil,3169356,31,33,4.0,0.0,0.04,Cerrado,0.6
5a958c20-fb35-3e55-8f2d-e985ef48ef26,-15.08394,-43.89397,2026-03-29 03:57:00,NPP-375D,MATIAS CARDOSO,MINAS GERAIS,Brasil,3140852,31,33,3.0,0.1,0.05,Cerrado,1.1
f0d75067-a8bd-33fe-b238-f372da21f99c,-19.22833,-44.7534,2026-03-29 03:57:00,NPP-375D,POMPÉU,MINAS GERAIS,Brasil,3152006,31,33,3.0,0.0,0.5,Cerrado,1.0
ebd5735d-a72a-3417-9328-befc8b9b4c70,-17.87143,-45.54789,2026-03-29 03:57:00,NPP-375D,JOÃO PINHEIRO,MINAS GERAIS,Brasil,3136306,31,33,4.0,0.0,0.01,Cerrado,0.7
24c2f975-c170-3535-b309-b76e31dbb3df,-12.43882,-44.75171,2026-03-29 03:57:00,NPP-375D,SÃO DESIDÉRIO,BAHIA,Brasil,2928901,29,33,3.0,0.1,0.04,Cerrado,1.4
4d954031-698e-35ed-833f-6a682ca7b770,-15.08525,-43.88676,2026-03-29 03:57:00,NPP-375D,MATIAS CARDOSO,MINAS GERAIS,Brasil,3140852,31,33,3.0,0.1,0.08,Cerrado,1.4
a032f5e6-34a2-344f-b230-6110f06b90c1,-15.0846,-43.89036,2026-03-29 03:57:00,NPP-375D,MATIAS CARDOSO,MINAS GERAIS,Brasil,3140852,31,33,3.0,0.1,0.05,Cerrado,1.4
30958b60-05b9-3489-ab11-f473f069617b,-20.05516,-51.10975,2026-03-29 04:00:00,NPP-375D,APARECIDA DO TABOADO,MATO GROSSO DO SUL,Brasil,5001003,50,33,3.0,0.0,0.68,Cerrado,6.4
a05e58c4-4d35-3907-aa94-a076351d2ef4,-15.08162,-43.88739,2026-03-29 04:17:00,NOAA-20,MATIAS CARDOSO,MINAS GERAIS,Brasil,3140852,31,33,3.0,0.1,0.06,Cerrado,1.1
215de8e7-2c34-3a1a-8861-9dc77dc12508,-6.6052,-47.62237,2026-03-29 04:17:00,NOAA-20,PALMEIRAS DO TOCANTINS,TOCANTINS,Brasil,1713809,17,33,0.0,2.75,0.05,Cerrado,0.9
ab94a8a9-c6fa-3665-84d4-ccd88ee420a2,-15.08554,-43.88425,2026-03-29 04:17:00,NOAA-20,MATIAS CARDOSO,MINAS GERAIS,Brasil,3140852,31,33,3.0,0.1,0.1,Cerrado,1.1
4cbd0038-9c63-3f69-bb69-00be6dcd5048,-15.08722,-43.89582,2026-03-29 04:17:00,NOAA-20,MATIAS CARDOSO,MINAS GERAIS,Brasil,3140852,31,33,3.0,0.1,0.05,Cerrado,0.8
6e4e65fe-88d4-3472-98cf-f654878dca90,-15.08442,-43.89161,2026-03-29 04:17:00,NOAA-20,MATIAS CARDOSO,MINAS GERAIS,Brasil,3140852,31,33,3.0,0.1,0.05,Cerrado,0.7
6656587d-bf46-3e8b-9ff0-73f640afeeac,-15.96072,-52.20868,2026-03-29 04:17:00,NOAA-20,ARAGARÇAS,GOIÁS,Brasil,5201702,52,33,2.0,0.0,0.09,Cerrado,1.1
104a5381-59dc-3adb-ae6a-92c74e9212b7,-15.08498,-43.88793,2026-03-29 04:17:00,NOAA-20,MATIAS CARDOSO,MINAS GERAIS,Brasil,3140852,31,33,3.0,0.1,0.07,Cerrado,1.1
b21c9855-af46-360d-b5aa-14c3b90d0034,-15.08386,-43.89528,2026-03-29 04:17:00,NOAA-20,MATIAS CARDOSO,MINAS GERAIS,Brasil,3140852,31,33,3.0,0.1,0.05,Cerrado,0.7
21b4b565-9e4d-3396-b2f7-66eee4e84787,-17.86983,-45.54508,2026-03-29 04:19:00,NOAA-20,JOÃO PINHEIRO,MINAS GERAIS,Brasil,3136306,31,33,4.0,0.0,0.01,Cerrado,0.8
27ff1301-6d8e-3401-aca6-10d9259400da,-12.44146,-44.7537,2026-03-29 04:19:00,NOAA-20,SÃO DESIDÉRIO,BAHIA,Brasil,2928901,29,33,3.0,0.1,0.04,Cerrado,0.8
045812d5-09a5-3b32-a3ed-359fba52f200,-19.22717,-44.75212,2026-03-29 04:19:00,NOAA-20,POMPÉU,MINAS GERAIS,Brasil,3152006,31,33,3.0,0.0,0.5,Cerrado,0.9
b4b89162-e323-3cde-88da-efdee4323ad5,-13.54465,-43.68655,2026-03-29 04:19:00,NOAA-20,SERRA DO RAMALHO,BAHIA,Brasil,2930154,29,33,3.0,0.0,0.39,Cerrado,1.8
2be6b37b-9014-3a0b-9306-5e3fff5cf947,-13.21505,-43.69052,2026-03-29 04:19:00,NOAA-20,BOM JESUS DA LAPA,BAHIA,Brasil,2903904,29,33,0.0,0.0,0.06,Cerrado,1.0
42da488b-b9c8-363c-b047-237dd66cd708,-19.77871,-49.77129,2026-03-29 04:19:00,NOAA-20,SÃO FRANCISCO DE SALES,MINAS GERAIS,Brasil,3161304,31,33,3.0,0.0,0.61,Cerrado,1.2
8dd0d956-8f67-32be-afc2-d40c166a3e1a,-18.17194,-44.97445,2026-03-29 04:19:00,NOAA-20,TRÊS MARIAS,MINAS GERAIS,Brasil,3169356,31,33,4.0,0.0,0.06,Cerrado,0.8
71b949db-7951-3227-9b2d-6f66fa0d3d5a,-20.05428,-51.10802,2026-03-29 04:19:00,NOAA-20,APARECIDA DO TABOADO,MATO GROSSO DO SUL,Brasil,5001003,50,33,3.0,0.0,0.68,Cerrado,6.4
f481aed6-65eb-3377-bb19-5920780eb665,-13.54131,-43.68601,2026-03-29 04:19:00,NOAA-20,SERRA DO RAMALHO,BAHIA,Brasil,2930154,29,33,3.0,0.0,0.39,Cerrado,1.7
8beeaf81-a6e4-3a19-a781-88bbdd3ea3f3,-13.5438,-43.68524,2026-03-29 05:08:00,NOAA-21,SERRA DO RAMALHO,BAHIA,Brasil,2930154,29,33,3.0,0.0,0.39,Cerrado,7.3
b224c9c2-f751-39f5-83da-b1de10990812,-15.0874,-43.89535,2026-03-29 05:08:00,NOAA-21,MATIAS CARDOSO,MINAS GERAIS,Brasil,3140852,31,33,3.0,0.1,0.05,Cerrado,1.5
c30745a2-ac19-35ed-a73c-8368de4b41ff,-15.08806,-43.88843,2026-03-29 05:08:00,NOAA-21,MATIAS CARDOSO,MINAS GERAIS,Brasil,3140852,31,33,3.0,0.1,0.06,Cerrado,1.5
556fd9e6-eb07-34a5-87bc-6dd540d780d9,-15.96247,-52.20817,2026-03-29 05:08:00,NOAA-21,ARAGARÇAS,GOIÁS,Brasil,5201702,52,33,2.0,0.0,0.09,Cerrado,1.0
5a865139-60b0-317c-b830-95621ea614ad,-12.63103,-51.17693,2026-03-29 12:46:00,TERRA_M-T,RIBEIRÃO CASCALHEIRA,MATO GROSSO,Brasil,5107180,51,33,2.0,0.0,0.03,Cerrado,10.9
68f687ad-0dd8-3aca-a4de-c530a981feef,-21.17099,-56.1487,2026-03-29 12:49:00,TERRA_M-T,NIOAQUE,MATO GROSSO DO SUL,Brasil,5005806,50,33,1.0,0.0,0.57,Cerrado,10.2
ac117bbb-815e-30b7-b8ec-858f86d97bd3,-11.8077,-49.4007,2026-03-29 14:50:00,GOES-19,FORMOSO DO ARAGUAIA,TOCANTINS,Brasil,1708205,17,33,2.0,0.0,0.0,Cerrado,71.7
66cdd396-8ae0-325f-88f5-396d8ef85019,-11.8074,-49.4225,2026-03-29 14:50:00,GOES-19,FORMOSO DO ARAGUAIA,TOCANTINS,Brasil,1708205,17,33,2.0,0.0,0.0,Cerrado,109.9
8ed9c163-abca-3f50-8231-d7a0a2fd6ed5,-11.8074,-49.4225,2026-03-29 15:10:00,GOES-19,FORMOSO DO ARAGUAIA,TOCANTINS,Brasil,1708205,17,33,2.0,0.0,0.0,Cerrado,92.1
406d4942-0cd1-3093-a414-be8670f560d3,-11.8077,-49.4007,2026-03-29 15:20:00,GOES-19,FORMOSO DO ARAGUAIA,TOCANTINS,Brasil,1708205,17,33,2.0,0.0,0.0,Cerrado,75.5
cfb469d1-e534-3c09-9197-016285be1f7e,-11.8074,-49.4225,2026-03-29 15:20:00,GOES-19,FORMOSO DO ARAGUAIA,TOCANTINS,Brasil,1708205,17,33,2.0,0.0,0.0,Cerrado,107.9
b590f0b0-27b7-3ca4-9433-9f0fb06f0ad3,-11.8074,-49.4225,2026-03-29 15:30:00,GOES-19,FORMOSO DO ARAGUAIA,TOCANTINS,Brasil,1708205,17,33,2.0,0.0,0.0,Cerrado,106.9
0172cc8e-5b73-3aaa-84c0-9c19568d9a58,-18.36066,-44.38957,2026-03-29 15:58:00,NOAA-21,CORINTO,MINAS GERAIS,Brasil,3119104,31,33,4.0,0.14,0.31,Cerrado,1.9
f8b90449-a474-3cf2-8437-7367bf26d173,-14.39569,-48.54828,2026-03-29 16:01:00,NOAA-21,NIQUELÂNDIA,GOIÁS,Brasil,5214606,52,33,2.0,0.31,0.0,Cerrado,2.0
aa009b65-b52a-3265-9b50-69b751acdf70,-23.13885,-49.23141,2026-03-29 16:28:00,NPP-375,CERQUEIRA CÉSAR,SÃO PAULO,Brasil,3511409,35,33,10.0,0.0,0.99,Cerrado,2.3
f1e1fa56-71b6-31be-ae60-342f84932fb3,-19.93624,-46.7203,2026-03-29 16:28:00,NPP-375,TAPIRA,MINAS GERAIS,Brasil,3168101,31,33,3.0,0.0,0.03,Cerrado,8.0
dea5f876-3d39-3fd4-b5cb-0537fa1ec9b6,-19.86714,-45.70294,2026-03-29 16:28:00,NPP-375,LUZ,MINAS GERAIS,Brasil,3138807,31,33,5.0,0.4,0.39,Cerrado,5.9
845281ab-a74d-3b39-8189-5b8bc501d4bd,-19.93672,-46.72437,2026-03-29 16:28:00,NPP-375,TAPIRA,MINAS GERAIS,Brasil,3168101,31,33,3.0,0.0,0.07,Cerrado,8.0
e6245419-f14f-343d-a8bf-15b9727418c3,-19.86648,-45.69781,2026-03-29 16:28:00,NPP-375,LUZ,MINAS GERAIS,Brasil,3138807,31,33,5.0,0.4,0.45,Cerrado,7.2
9c235634-2c1c-397b-a406-dd1e88562f0b,-16.91734,-54.03983,2026-03-29 16:30:00,NPP-375,PEDRA PRETA,MATO GROSSO,Brasil,5106372,51,33,2.0,0.1,0.08,Cerrado,11.9
df4c0312-0182-3486-961f-0b1847a2e654,-19.29603,-55.15875,2026-03-29 16:30:00,NPP-375,RIO VERDE DE MATO GROSSO,MATO GROSSO DO SUL,Brasil,5007406,50,33,0.0,0.0,0.01,Cerrado,4.9
622d7f95-54d7-32c3-ba94-44a30485bc50,-16.90552,-49.19793,2026-03-29 16:30:00,NPP-375,HIDROLÂNDIA,GOIÁS,Brasil,5209705,52,33,3.0,0.0,0.09,Cerrado,20.9
4bc20ecd-14cf-3e9d-85b7-53bf05c8ca48,-16.9096,-49.19215,2026-03-29 16:30:00,NPP-375,HIDROLÂNDIA,GOIÁS,Brasil,5209705,52,33,3.0,0.0,0.07,Cerrado,5.7
29e2a57a-6087-3bd1-8141-8489b9df6497,-16.9049,-49.19283,2026-03-29 16:30:00,NPP-375,HIDROLÂNDIA,GOIÁS,Brasil,5209705,52,33,3.0,0.0,0.04,Cerrado,20.9
61e9281c-15d8-3b27-802d-b5dee94f2fd6,-18.52097,-51.57035,2026-03-29 16:30:00,NPP-375,JATAÍ,GOIÁS,Brasil,5211909,52,33,2.0,0.0,0.06,Cerrado,7.3
93d69ce8-d97e-39ad-a4da-936125ec6556,-16.90612,-49.19506,2026-03-29 16:30:00,NPP-375,HIDROLÂNDIA,GOIÁS,Brasil,5209705,52,33,3.0,0.0,0.07,Cerrado,47.9
0a8ee7bc-f3ce-3eef-b1a3-38c93e9800e0,-16.91827,-54.03732,2026-03-29 16:30:00,NPP-375,PEDRA PRETA,MATO GROSSO,Brasil,5106372,51,33,2.0,0.1,0.08,Cerrado,15.8
d2878298-7a60-3f48-992e-b732a5e017c6,-16.91022,-49.1972,2026-03-29 16:30:00,NPP-375,HIDROLÂNDIA,GOIÁS,Brasil,5209705,52,33,2.0,0.0,0.1,Cerrado,5.7
630fe43b-bb87-3c37-8abf-145c02fb9615,-16.91879,-54.04288,2026-03-29 16:30:00,NPP-375,PEDRA PRETA,MATO GROSSO,Brasil,5106372,51,33,2.0,0.1,0.08,Cerrado,13.5
ed67118e-0db4-395b-8e52-e1c8b023d76e,-18.52659,-51.56967,2026-03-29 16:30:00,NPP-375,ITARUMÃ,GOIÁS,Brasil,5211305,52,33,2.0,0.0,0.06,Cerrado,8.3
e3b50ec0-a27f-3b44-8ba0-d7fdd2f12dbb,-19.29402,-55.15679,2026-03-29 16:30:00,NPP-375,RIO VERDE DE MATO GROSSO,MATO GROSSO DO SUL,Brasil,5007406,50,33,0.0,0.0,0.03,Cerrado,8.4
bfc932e4-b86e-3859-b61f-28e35ab577cb,-11.80373,-49.41183,2026-03-29 16:33:00,NPP-375,FORMOSO DO ARAGUAIA,TOCANTINS,Brasil,1708205,17,33,2.0,0.0,0.0,Cerrado,34.4
59b1e673-2566-3c5d-9e0b-509258235921,-8.78545,-44.80718,2026-03-29 16:33:00,NPP-375,CURRAIS,PIAUÍ,Brasil,2203230,22,33,1.0,0.4,0.06,Cerrado,6.0
e9138e1b-59ff-35d8-af2d-eb6d2def2ca1,-10.5876,-49.85764,2026-03-29 16:33:00,NPP-375,LAGOA DA CONFUSÃO,TOCANTINS,Brasil,1711902,17,33,0.0,0.1,0.01,Cerrado,5.6
3ee3754e-ad8d-32be-b56b-bbe153cb8ba6,-11.80875,-49.41564,2026-03-29 16:33:00,NPP-375,FORMOSO DO ARAGUAIA,TOCANTINS,Brasil,1708205,17,33,2.0,0.0,0.0,Cerrado,31.5
6da957f3-530d-39ab-a59d-0760e63c0eee,-11.80819,-49.41129,2026-03-29 16:33:00,NPP-375,FORMOSO DO ARAGUAIA,TOCANTINS,Brasil,1708205,17,33,2.0,0.0,0.0,Cerrado,20.9
d06ff16e-1f44-3c2e-8c85-d7faca12759b,-6.92681,-44.93623,2026-03-29 16:33:00,NPP-375,SÃO FÉLIX DE BALSAS,MARANHÃO,Brasil,2110807,21,33,2.0,9.47,0.0,Cerrado,23.4
4d0ebf84-0732-358e-a069-e4583386e02a,-10.63565,-49.80526,2026-03-29 16:33:00,NPP-375,LAGOA DA CONFUSÃO,TOCANTINS,Brasil,1711902,17,33,0.0,0.1,0.02,Cerrado,3.5
349c75c4-0dd5-3f80-b776-fcacf90c879d,-11.41142,-49.30481,2026-03-29 16:33:00,NPP-375,DUERÉ,TOCANTINS,Brasil,1707306,17,33,0.0,2.47,0.0,Cerrado,20.3
8200ebe1-4534-351e-bc68-24a0e5c53a77,-10.15937,-46.56308,2026-03-29 16:33:00,NPP-375,SÃO FÉLIX DO TOCANTINS,TOCANTINS,Brasil,1720150,17,33,1.0,1.4,0.01,Cerrado,16.1
60effa4e-fc2a-3ea7-b432-d849b18ef526,-11.88786,-43.28716,2026-03-29 16:33:00,NPP-375,IBOTIRAMA,BAHIA,Brasil,2913200,29,33,2.0,1.3,0.1,Cerrado,4.2
29cf219c-7631-368e-a7b7-09baedb5e507,-11.80602,-49.41381,2026-03-29 16:33:00,NPP-375,FORMOSO DO ARAGUAIA,TOCANTINS,Brasil,1708205,17,33,2.0,0.0,0.0,Cerrado,125.7
9a5cadfc-03ea-3e82-9119-9b4a39ca7cc6,-11.81107,-49.41765,2026-03-29 16:33:00,NPP-375,FORMOSO DO ARAGUAIA,TOCANTINS,Brasil,1708205,17,33,2.0,0.0,0.0,Cerrado,15.9
d3f22c5e-89b5-35b6-9b66-1c28a29aecbb,-6.93016,-44.93573,2026-03-29 16:33:00,NPP-375,SÃO FÉLIX DE BALSAS,MARANHÃO,Brasil,2110807,21,33,1.0,9.36,0.0,Cerrado,23.4
22129452-9e3f-3263-8f0b-e9e16c2a462f,-11.80429,-49.41616,2026-03-29 16:33:00,NPP-375,FORMOSO DO ARAGUAIA,TOCANTINS,Brasil,1708205,17,33,2.0,0.0,0.0,Cerrado,49.2
2cb5be7f-267e-3dab-b2a8-9f84cb03e8f1,-10.35508,-48.62071,2026-03-29 16:33:00,NPP-375,PORTO NACIONAL,TOCANTINS,Brasil,1718204,17,33,2.0,1.0,0.01,Cerrado,5.0
ad599f99-7181-371c-94bc-ebf030447daa,-11.81321,-49.41512,2026-03-29 16:33:00,NPP-375,FORMOSO DO ARAGUAIA,TOCANTINS,Brasil,1708205,17,33,2.0,0.0,0.0,Cerrado,31.5
6cec4bf1-17af-378c-8527-432c3c588b98,-10.58684,-49.86112,2026-03-29 16:33:00,NPP-375,LAGOA DA CONFUSÃO,TOCANTINS,Brasil,1711902,17,33,0.0,0.1,0.01,Cerrado,6.9
01e9e0c6-4ce0-3c80-963b-ba38eae0abc7,-10.15633,-46.56787,2026-03-29 16:33:00,NPP-375,SÃO FÉLIX DO TOCANTINS,TOCANTINS,Brasil,1720150,17,33,1.0,1.4,0.0,Cerrado,14.3
06b59fbd-90f7-3c4b-8303-d41acdcba189,-10.48624,-50.57961,2026-03-29 16:33:00,NPP-375,SANTA TEREZINHA,MATO GROSSO,Brasil,5107776,51,33,0.0,0.0,0.01,Cerrado,3.6
2fde094f-583c-34a5-8a24-7ac5ef5ced64,-8.78208,-44.80769,2026-03-29 16:33:00,NPP-375,CURRAIS,PIAUÍ,Brasil,2203230,22,33,1.0,0.4,0.05,Cerrado,6.4
c1c572d3-bd38-38db-9a00-99ff2a9515a8,-9.08178,-48.19503,2026-03-29 16:33:00,NPP-375,PEDRO AFONSO,TOCANTINS,Brasil,1716505,17,33,0.0,1.28,0.01,Cerrado,12.3
06b6943b-7b1e-3a74-b5b9-d74b2107345a,-6.92734,-44.93976,2026-03-29 16:33:00,NPP-375,SÃO FÉLIX DE BALSAS,MARANHÃO,Brasil,2110807,21,33,2.0,9.53,0.0,Cerrado,23.4
ab3b1a3c-ebb9-372e-947a-bfe416bf359a,-8.79252,-44.80257,2026-03-29 16:33:00,NPP-375,CURRAIS,PIAUÍ,Brasil,2203230,22,33,1.0,0.4,0.05,Cerrado,6.5
b7f5bc43-cc25-3e6a-aecf-12fd77dcfb25,-11.81048,-49.41331,2026-03-29 16:33:00,NPP-375,FORMOSO DO ARAGUAIA,TOCANTINS,Brasil,1708205,17,33,2.0,0.0,0.0,Cerrado,15.9
efaf64cf-61a0-3098-8633-6f6dcfdb3527,-22.74448,-47.69593,2026-03-29 16:48:00,NOAA-20,PIRACICABA,SÃO PAULO,Brasil,3538709,35,33,4.0,0.0,0.79,Cerrado,1.9
19c5ab84-54dc-328b-8353-693982befe44,-22.74256,-48.60749,2026-03-29 16:48:00,NOAA-20,SÃO MANUEL,SÃO PAULO,Brasil,3550100,35,33,4.0,0.0,1.0,Cerrado,3.4
7f17a502-593b-30a6-8f64-7952564ec3f0,-21.51772,-57.06847,2026-03-29 16:50:00,NOAA-20,PORTO MURTINHO,MATO GROSSO DO SUL,Brasil,5006903,50,33,0.0,0.09,0.28,Cerrado,3.7
37cecb02-5084-3c97-892d-07a5c65abacc,-18.51474,-51.56985,2026-03-29 16:50:00,NOAA-20,JATAÍ,GOIÁS,Brasil,5211909,52,33,2.0,0.0,0.06,Cerrado,6.1
075fe29a-850c-3ab2-8435-3bbacfbb938b,-20.63858,-51.68534,2026-03-29 16:50:00,NOAA-20,TRÊS LAGOAS,MATO GROSSO DO SUL,Brasil,5008305,50,33,3.0,0.0,0.42,Cerrado,2.4
1c38c9e5-2895-38c9-a51d-51d1cd471371,-19.9353,-46.7218,2026-03-29 16:50:00,NOAA-20,TAPIRA,MINAS GERAIS,Brasil,3168101,31,33,3.0,0.0,0.03,Cerrado,7.2
585dae36-6c63-39ff-ac60-ff940f553b2c,-18.52276,-51.57336,2026-03-29 16:50:00,NOAA-20,ITARUMÃ,GOIÁS,Brasil,5211305,52,33,2.0,0.0,0.06,Cerrado,6.7
5a3cfce7-2b9f-3da0-ad0d-7bcfb245749a,-20.76613,-45.77191,2026-03-29 16:50:00,NOAA-20,GUAPÉ,MINAS GERAIS,Brasil,3128105,31,33,5.0,0.0,0.28,Cerrado,2.8
4a56e959-5453-3598-a321-f63ccab6bba5,-16.92212,-54.04193,2026-03-29 16:50:00,NOAA-20,PEDRA PRETA,MATO GROSSO,Brasil,5106372,51,33,2.0,0.1,0.07,Cerrado,7.2
e94e9fc9-36a1-3be9-8004-a8bae5aa1324,-17.88415,-52.554,2026-03-29 16:50:00,NOAA-20,MINEIROS,GOIÁS,Brasil,5213103,52,33,2.0,0.0,0.05,Cerrado,5.5
bee8ca2e-7a78-3966-8fa4-9b78964b6317,-18.52586,-51.5682,2026-03-29 16:50:00,NOAA-20,ITARUMÃ,GOIÁS,Brasil,5211305,52,33,2.0,0.0,0.06,Cerrado,6.7
fc42226f-e158-3a16-8a70-329adb045384,-18.52647,-51.57278,2026-03-29 16:50:00,NOAA-20,ITARUMÃ,GOIÁS,Brasil,5211305,52,33,2.0,0.0,0.06,Cerrado,6.7
1cf79d91-f9f8-3a61-9e01-3e086038656a,-19.8643,-45.70199,2026-03-29 16:50:00,NOAA-20,LUZ,MINAS GERAIS,Brasil,3138807,31,33,5.0,0.41,0.39,Cerrado,13.6
18ec7800-c381-374e-88cd-0bfcfd4d5e6d,-18.75728,-47.61588,2026-03-29 16:50:00,NOAA-20,MONTE CARMELO,MINAS GERAIS,Brasil,3143104,31,33,2.0,0.32,0.15,Cerrado,5.7
ce6e9407-7c2e-303a-96df-cfed499c0e16,-21.30154,-53.32297,2026-03-29 16:50:00,NOAA-20,RIBAS DO RIO PARDO,MATO GROSSO DO SUL,Brasil,5007109,50,33,3.0,0.0,0.17,Cerrado,4.0
edc8b55a-9443-3dbf-9ace-445d39943711,-19.87324,-45.69236,2026-03-29 16:50:00,NOAA-20,LUZ,MINAS GERAIS,Brasil,3138807,31,33,5.0,0.4,0.32,Cerrado,1.8
5ddc3a98-a2cc-3351-ae49-78c47f27f81e,-15.55248,-49.8237,2026-03-29 16:50:00,NOAA-20,ITAPURANGA,GOIÁS,Brasil,5211206,52,33,2.0,0.0,0.04,Cerrado,9.9
ac83c3d3-d879-3528-a9de-44aed7796590,-15.57551,-42.59776,2026-03-29 16:50:00,NOAA-20,RIO PARDO DE MINAS,MINAS GERAIS,Brasil,3155603,31,33,0.0,0.0,0.0,Cerrado,9.9
70e5fac4-ea96-39c9-95b6-f5173e840cfa,-19.8677,-45.70136,2026-03-29 16:50:00,NOAA-20,LUZ,MINAS GERAIS,Brasil,3138807,31,33,5.0,0.4,0.42,Cerrado,3.0
cbafa5d8-abfc-3153-8cb8-17397ee89f38,-16.74556,-48.93123,2026-03-29 16:50:00,NOAA-20,CALDAZINHA,GOIÁS,Brasil,5204557,52,33,3.0,0.0,0.08,Cerrado,8.6
ea932f3c-885c-3717-8ccd-e9e052edfe3d,-19.29484,-55.16135,2026-03-29 16:50:00,NOAA-20,RIO VERDE DE MATO GROSSO,MATO GROSSO DO SUL,Brasil,5007406,50,33,0.0,0.0,0.05,Cerrado,18.1
3ef42667-e4f8-3801-9254-e0569bd91434,-21.88803,-47.90642,2026-03-29 16:50:00,NOAA-20,SÃO CARLOS,SÃO PAULO,Brasil,3548906,35,33,3.0,0.0,0.83,Cerrado,1.9
d8db14ff-5f86-3bcf-bc1c-2eb3364cb455,-15.5797,-42.59687,2026-03-29 16:50:00,NOAA-20,RIO PARDO DE MINAS,MINAS GERAIS,Brasil,3155603,31,33,0.0,0.0,0.0,Cerrado,9.9
9b635716-6443-3c56-91b3-f47910df0347,-16.03987,-48.47631,2026-03-29 16:50:00,NOAA-20,ALEXÂNIA,GOIÁS,Brasil,5200308,52,33,2.0,0.0,0.36,Cerrado,4.5
81b5e352-9354-3394-9f9b-7591975cc943,-14.5184,-46.9479,2026-03-29 16:52:00,NOAA-20,FLORES DE GOIÁS,GOIÁS,Brasil,5207907,52,33,3.0,0.0,0.57,Cerrado,8.7
c5ecd2c0-1159-3586-9785-247f0e70a2f5,-11.80432,-49.41314,2026-03-29 16:52:00,NOAA-20,FORMOSO DO ARAGUAIA,TOCANTINS,Brasil,1708205,17,33,2.0,0.0,0.0,Cerrado,27.3
7f81b500-b31e-372c-8696-2b5f6bb54c0e,-10.16059,-49.18037,2026-03-29 16:52:00,NOAA-20,CHAPADA DE AREIA,TOCANTINS,Brasil,1704600,17,33,2.0,0.0,0.0,Cerrado,8.0
c695fb57-6a25-30d0-bd79-aaebb486e565,-6.93064,-44.93433,2026-03-29 16:52:00,NOAA-20,SÃO FÉLIX DE BALSAS,MARANHÃO,Brasil,2110807,21,33,2.0,9.32,0.0,Cerrado,18.0
5a16d07b-9376-3cf0-9112-0c7bb442d383,-6.92773,-44.94271,2026-03-29 16:52:00,NOAA-20,SÃO FÉLIX DE BALSAS,MARANHÃO,Brasil,2110807,21,33,2.0,9.58,0.0,Cerrado,10.0
9799bbd9-ecb2-3d48-990f-eed605cebbb3,-8.90371,-48.47138,2026-03-29 16:52:00,NOAA-20,GUARAÍ,TOCANTINS,Brasil,1709302,17,33,2.0,0.1,0.05,Cerrado,7.0
13b26543-0e98-348f-9dc0-70660ed667f9,-10.58548,-49.85091,2026-03-29 16:52:00,NOAA-20,LAGOA DA CONFUSÃO,TOCANTINS,Brasil,1711902,17,33,0.0,0.1,0.0,Cerrado,52.9
daf1ad50-e936-31ee-b803-17073263a7bd,-14.14026,-50.73532,2026-03-29 16:52:00,NOAA-20,NOVA CRIXÁS,GOIÁS,Brasil,5214838,52,33,2.0,0.0,0.01,Cerrado,8.3
1a08dd2d-1e37-3eab-b661-2d2692008cc6,-11.81149,-49.41562,2026-03-29 16:52:00,NOAA-20,FORMOSO DO ARAGUAIA,TOCANTINS,Brasil,1708205,17,33,2.0,0.0,0.0,Cerrado,68.7
42c93daa-18fe-378a-953b-c853d34ee027,-10.05411,-48.49699,2026-03-29 16:52:00,NOAA-20,PORTO NACIONAL,TOCANTINS,Brasil,1718204,17,33,3.0,0.47,0.0,Cerrado,2.5
e1bd919f-ba23-3262-a47c-05cb42029b5b,-11.80764,-49.41262,2026-03-29 16:52:00,NOAA-20,FORMOSO DO ARAGUAIA,TOCANTINS,Brasil,1708205,17,33,2.0,0.0,0.0,Cerrado,10.0
6d17e9ce-33a8-34bd-9264-a7abfd421fe4,-14.13397,-50.74014,2026-03-29 16:52:00,NOAA-20,NOVA CRIXÁS,GOIÁS,Brasil,5214838,52,33,2.0,0.0,0.01,Cerrado,18.9
afe4482b-af35-3643-ad20-5e4000e1e6f1,-10.93486,-49.42797,2026-03-29 16:52:00,NOAA-20,SANTA RITA DO TOCANTINS,TOCANTINS,Brasil,1718899,17,33,0.0,0.3,0.0,Cerrado,8.8
3eaf986f-1d76-3c44-bbb5-74e2edf04a66,-7.98692,-46.79427,2026-03-29 16:52:00,NOAA-20,CAMPOS LINDOS,TOCANTINS,Brasil,1703842,17,33,2.0,0.24,0.0,Cerrado,3.8
fb5b5d41-a196-3477-b09d-3103d46f4af3,-6.9271,-44.93887,2026-03-29 16:52:00,NOAA-20,SÃO FÉLIX DE BALSAS,MARANHÃO,Brasil,2110807,21,33,2.0,9.52,0.0,Cerrado,15.8
63c56f8e-9ecc-3aa0-a90f-29f761a8585c,-10.63597,-49.80361,2026-03-29 16:52:00,NOAA-20,LAGOA DA CONFUSÃO,TOCANTINS,Brasil,1711902,17,33,0.0,0.1,0.01,Cerrado,9.1
4433bc3b-2b65-308e-86bd-7a08106f55aa,-10.35323,-48.62505,2026-03-29 16:52:00,NOAA-20,PORTO NACIONAL,TOCANTINS,Brasil,1718204,17,33,2.0,1.0,0.01,Cerrado,2.0
f32592c9-e318-379a-8a43-846e90b45e94,-10.35603,-48.62095,2026-03-29 16:52:00,NOAA-20,PORTO NACIONAL,TOCANTINS,Brasil,1718204,17,33,2.0,1.01,0.01,Cerrado,2.3
46ee1498-fbd8-3d1d-83db-fd9ed03b6bfc,-10.48472,-50.57799,2026-03-29 16:52:00,NOAA-20,SANTA TEREZINHA,MATO GROSSO,Brasil,5107776,51,33,0.0,0.0,0.01,Cerrado,4.2
c7e44792-0a58-3001-9c76-5737fdd3e964,-14.24314,-45.49047,2026-03-29 16:52:00,NOAA-20,JABORANDI,BAHIA,Brasil,2917359,29,33,3.0,0.1,0.06,Cerrado,6.0
37150a54-78a5-38bb-9594-c1f311f9f7bd,-6.92647,-44.93502,2026-03-29 16:52:00,NOAA-20,SÃO FÉLIX DE BALSAS,MARANHÃO,Brasil,2110807,21,33,2.0,9.46,0.0,Cerrado,15.8
f9dbd622-8bac-3eb2-9bf1-631db9cbc238,-10.63651,-49.80712,2026-03-29 16:52:00,NOAA-20,LAGOA DA CONFUSÃO,TOCANTINS,Brasil,1711902,17,33,0.0,0.1,0.02,Cerrado,6.0
0fb7a885-5fe3-3a3b-93c3-018ac251dcf3,-5.44143,-47.80737,2026-03-29 16:54:00,NOAA-20,PRAIA NORTE,TOCANTINS,Brasil,1718303,17,33,0.0,3.99,0.04,Cerrado,9.5
6bf3f8eb-f728-31db-b0ca-8fee39e702ac,-5.36105,-47.94118,2026-03-29 16:54:00,NOAA-20,CARRASCO BONITO,TOCANTINS,Brasil,1703891,17,33,0.0,2.59,0.01,Cerrado,5.1
22c53cc5-c2c9-34bc-9a57-f1096208c3a5,-19.87389,-45.69316,2026-03-29 17:37:00,NOAA-21,LUZ,MINAS GERAIS,Brasil,3138807,31,33,5.0,0.4,0.32,Cerrado,8.2
cc8f4dfe-dfc8-3a22-99fd-2ea5c3362661,-19.03502,-48.41851,2026-03-29 17:37:00,NOAA-21,UBERLÂNDIA,MINAS GERAIS,Brasil,3170206,31,33,3.0,0.2,0.26,Cerrado,1.8
b140bb06-c528-33df-a7a2-bca10b1c1da7,-20.65051,-47.6865,2026-03-29 17:37:00,NOAA-21,NUPORANGA,SÃO PAULO,Brasil,3533601,35,33,2.0,0.0,0.22,Cerrado,5.7
81cda7cf-db1a-308b-9707-23a849932f17,-19.87463,-45.69529,2026-03-29 17:37:00,NOAA-21,LUZ,MINAS GERAIS,Brasil,3138807,31,33,5.0,0.4,0.36,Cerrado,7.8
334564d5-b09d-386c-bccb-1703a6c7f5ca,-21.21702,-57.34493,2026-03-29 17:37:00,NOAA-21,PORTO MURTINHO,MATO GROSSO DO SUL,Brasil,5006903,50,33,4.0,0.1,0.11,Cerrado,5.9
aeb067a0-52a8-30a4-8e34-1708bb2cc7ce,-14.51942,-46.94668,2026-03-29 17:39:00,NOAA-21,FLORES DE GOIÁS,GOIÁS,Brasil,5207907,52,33,3.0,0.0,0.57,Cerrado,9.6
7c361d7f-dd27-3dfd-98ed-fc8ce173936e,-16.90989,-49.1949,2026-03-29 17:39:00,NOAA-21,HIDROLÂNDIA,GOIÁS,Brasil,5209705,52,33,3.0,0.0,0.08,Cerrado,24.5
fa8a3803-6e57-3615-a4e8-fec363f1a9b0,-14.51626,-46.95016,2026-03-29 17:39:00,NOAA-21,FLORES DE GOIÁS,GOIÁS,Brasil,5207907,52,33,3.0,0.0,0.58,Cerrado,7.5
9d78afbb-5c10-3b7e-8291-147e02e8c0a7,-17.55302,-54.04605,2026-03-29 17:39:00,NOAA-21,SONORA,MATO GROSSO DO SUL,Brasil,5007935,50,33,2.0,0.0,0.05,Cerrado,7.4
309aebf3-656d-361e-9a68-233dd7433fff,-11.81155,-49.41483,2026-03-29 17:39:00,NOAA-21,FORMOSO DO ARAGUAIA,TOCANTINS,Brasil,1708205,17,33,2.0,0.0,0.0,Cerrado,10.1
ce9b03af-524b-38f6-abcf-5eedacc20b74,-15.25441,-54.77477,2026-03-29 17:39:00,NOAA-21,CAMPO VERDE,MATO GROSSO,Brasil,5102678,51,33,2.0,0.4,0.04,Cerrado,12.1
b66cf93f-79d8-3647-9754-b262bac3d719,-14.77661,-58.33637,2026-03-29 17:39:00,NOAA-21,TANGARÁ DA SERRA,MATO GROSSO,Brasil,5107958,51,33,0.0,0.23,0.0,Cerrado,0.7
58928763-ffe5-302e-a800-7975f9b0a9d3,-11.41274,-49.30606,2026-03-29 17:39:00,NOAA-21,DUERÉ,TOCANTINS,Brasil,1707306,17,33,0.0,2.47,0.0,Cerrado,7.3
42c79a3e-7cab-39b1-acdd-4032fc087407,-11.81242,-49.41772,2026-03-29 17:39:00,NOAA-21,FORMOSO DO ARAGUAIA,TOCANTINS,Brasil,1708205,17,33,2.0,0.0,0.0,Cerrado,7.9
6a19c1c0-a9d0-33bd-8881-cdefec792f9f,-18.52715,-51.57169,2026-03-29 17:39:00,NOAA-21,ITARUMÃ,GOIÁS,Brasil,5211305,52,33,2.0,0.0,0.06,Cerrado,3.7
6e1d8374-5a0e-3945-863b-689ddeba4b44,-13.66993,-51.94791,2026-03-29 17:39:00,NOAA-21,CANARANA,MATO GROSSO,Brasil,5102702,51,33,2.0,0.0,0.01,Cerrado,5.2
2238eca6-a842-3120-90d6-dd295fdb89cf,-19.29254,-55.16197,2026-03-29 17:39:00,NOAA-21,RIO VERDE DE MATO GROSSO,MATO GROSSO DO SUL,Brasil,5007406,50,33,0.0,0.0,0.1,Cerrado,10.5
baafcba8-7a2a-364c-a0fc-d6064b8461a7,-11.80517,-49.41652,2026-03-29 17:39:00,NOAA-21,FORMOSO DO ARAGUAIA,TOCANTINS,Brasil,1708205,17,33,2.0,0.0,0.0,Cerrado,39.0
86b2ae13-c937-308b-a481-60fa88874a6b,-16.90389,-49.19606,2026-03-29 17:39:00,NOAA-21,HIDROLÂNDIA,GOIÁS,Brasil,5209705,52,33,3.0,0.0,0.07,Cerrado,24.5
8744e574-f14c-389b-8f65-7b83143a8a45,-19.2965,-55.16131,2026-03-29 17:39:00,NOAA-21,RIO VERDE DE MATO GROSSO,MATO GROSSO DO SUL,Brasil,5007406,50,33,0.0,0.0,0.04,Cerrado,10.5
db6ca3c0-0da2-340c-9f72-f249751b2360,-17.55655,-54.04084,2026-03-29 17:39:00,NOAA-21,SONORA,MATO GROSSO DO SUL,Brasil,5007935,50,33,2.0,0.0,0.04,Cerrado,14.7
5065bead-0013-3662-a9c5-8c0d922cb74e,-12.24204,-48.82745,2026-03-29 17:39:00,NOAA-21,SUCUPIRA,TOCANTINS,Brasil,1720853,17,33,2.0,0.0,0.01,Cerrado,10.7
beeb85e3-5fcd-3b9b-bd81-4a410e4521e9,-16.90887,-49.19013,2026-03-29 17:39:00,NOAA-21,HIDROLÂNDIA,GOIÁS,Brasil,5209705,52,33,3.0,0.0,0.05,Cerrado,24.5
32a7f794-d274-3038-9f82-32674c78e9b7,-11.80486,-49.41367,2026-03-29 17:39:00,NOAA-21,FORMOSO DO ARAGUAIA,TOCANTINS,Brasil,1708205,17,33,2.0,0.0,0.0,Cerrado,26.0
a5424662-e94c-3324-a11e-73f2e43264a0,-18.52214,-51.57273,2026-03-29 17:39:00,NOAA-21,ITARUMÃ,GOIÁS,Brasil,5211305,52,33,2.0,0.0,0.06,Cerrado,3.7
9b01644f-0609-3f65-a64d-4743f5e799db,-12.24532,-48.82866,2026-03-29 17:39:00,NOAA-21,SUCUPIRA,TOCANTINS,Brasil,1720853,17,33,2.0,0.0,0.0,Cerrado,9.4
6bb39b91-8a09-3c17-8f22-077f0ad1b6f6,-16.33395,-49.97652,2026-03-29 17:39:00,NOAA-21,ANICUNS,GOIÁS,Brasil,5201306,52,33,2.0,0.6,0.1,Cerrado,9.1
733630c1-8761-363f-992c-e22aee214d08,-17.5522,-54.04173,2026-03-29 17:39:00,NOAA-21,SONORA,MATO GROSSO DO SUL,Brasil,5007935,50,33,2.0,0.0,0.04,Cerrado,7.4
a21d6c8d-f991-370b-9cd0-596333536dc9,-11.8063,-49.4222,2026-03-29 17:39:00,NOAA-21,FORMOSO DO ARAGUAIA,TOCANTINS,Brasil,1708205,17,33,2.0,0.0,0.0,Cerrado,21.1
2b29a285-6ddb-34d0-9c4a-cbc480859d5a,-11.80604,-49.41936,2026-03-29 17:39:00,NOAA-21,FORMOSO DO ARAGUAIA,TOCANTINS,Brasil,1708205,17,33,2.0,0.0,0.0,Cerrado,26.0
3a468f56-784c-3f70-9673-f9914236a35f,-10.58119,-49.85269,2026-03-29 17:41:00,NOAA-21,LAGOA DA CONFUSÃO,TOCANTINS,Brasil,1711902,17,33,0.0,0.1,0.0,Cerrado,8.3
f4244279-838e-3028-b4cc-cd9f39dec5dc,-10.12347,-49.08993,2026-03-29 17:41:00,NOAA-21,MONTE SANTO DO TOCANTINS,TOCANTINS,Brasil,1713700,17,33,1.0,0.0,0.0,Cerrado,0.9
3ebb11af-5d3a-3bc1-b389-3494055779cd,-17.55577,-54.0415,2026-03-29 18:11:00,NPP-375,SONORA,MATO GROSSO DO SUL,Brasil,5007935,50,33,2.0,0.0,0.04,Cerrado,10.7
c56ed238-327c-3bb5-8c3f-c18beda33877,-19.29791,-55.15996,2026-03-29 18:11:00,NPP-375,RIO VERDE DE MATO GROSSO,MATO GROSSO DO SUL,Brasil,5007406,50,33,0.0,0.0,0.01,Cerrado,3.0
ba63d552-1621-3a1b-803d-668c5d983b15,-17.55454,-54.03609,2026-03-29 18:11:00,NPP-375,SONORA,MATO GROSSO DO SUL,Brasil,5007935,50,33,2.0,0.0,0.04,Cerrado,10.7
20b70cb8-2d0c-3fdd-8c74-70f2ce72a04d,-12.77411,-58.20606,2026-03-29 18:11:00,NPP-375,BRASNORTE,MATO GROSSO,Brasil,5101902,51,33,0.0,0.1,0.03,Cerrado,1.1
43f96d49-c040-30c8-ac25-f42f5b8d3c1a,-19.29192,-55.16084,2026-03-29 18:11:00,NPP-375,RIO VERDE DE MATO GROSSO,MATO GROSSO DO SUL,Brasil,5007406,50,33,0.0,0.0,0.09,Cerrado,5.8
531878e3-a1da-3996-9567-55ac4e80cc34,-19.29702,-55.16183,2026-03-29 18:11:00,NPP-375,RIO VERDE DE MATO GROSSO,MATO GROSSO DO SUL,Brasil,5007406,50,33,0.0,0.0,0.05,Cerrado,10.4
cb48f71b-f024-3857-9fc4-14c165b8b9e6,-17.54805,-54.03753,2026-03-29 18:11:00,NPP-375,SONORA,MATO GROSSO DO SUL,Brasil,5007935,50,33,2.0,0.0,0.05,Cerrado,11.4
53d20eeb-4fd6-3def-86b9-16712b41b579,-12.3423,-48.215,2026-03-29 18:50:00,GOES-19,PARANÃ,TOCANTINS,Brasil,1716208,17,33,2.0,0.0,0.01,Cerrado,85.2
48de2ddc-12ab-3c96-85f6-7d903e53a023,-11.81023,-49.42439,2026-03-29 19:00:00,AQUA_M-T,FORMOSO DO ARAGUAIA,TOCANTINS,Brasil,1708205,17,33,2.0,0.0,0.0,Cerrado,28.5
b7bda4c1-583d-3ec4-9120-231da7a2fe72,-16.43557,-54.91524,2026-03-29 19:00:00,AQUA_M-T,RONDONÓPOLIS,MATO GROSSO,Brasil,5107602,51,33,2.0,0.0,0.07,Cerrado,15.4
c55f257d-2453-34b7-ad07-f608a8308a83,-12.45047,-49.94365,2026-03-29 19:00:00,AQUA_M-T,SANDOLÂNDIA,TOCANTINS,Brasil,1718840,17,33,2.0,0.0,0.01,Cerrado,10.1
c8dd61ad-d9f4-3d97-b355-c1af8b51124c,-19.30096,-55.16376,2026-03-29 19:00:00,AQUA_M-T,RIO VERDE DE MATO GROSSO,MATO GROSSO DO SUL,Brasil,5007406,50,33,0.0,0.0,0.05,Cerrado,12.6
180d7407-a173-3903-be70-656c9a42641b,-17.55795,-54.04519,2026-03-29 19:00:00,AQUA_M-T,SONORA,MATO GROSSO DO SUL,Brasil,5007935,50,33,2.0,0.0,0.05,Cerrado,63.1
0310e688-fdef-32d0-ba2a-5873808c675a,-16.91332,-49.19178,2026-03-29 19:00:00,AQUA_M-T,HIDROLÂNDIA,GOIÁS,Brasil,5209705,52,33,3.0,0.0,0.1,Cerrado,73.8
6138c294-99a3-3ceb-9e2b-c3035ac302ea,-11.80783,-49.40994,2026-03-29 19:00:00,AQUA_M-T,FORMOSO DO ARAGUAIA,TOCANTINS,Brasil,1708205,17,33,2.0,0.0,0.0,Cerrado,10.6
52444ae7-c361-3775-b3f6-f70476459ed4,-19.25116,-55.10731,2026-03-29 19:00:00,AQUA_M-T,RIO VERDE DE MATO GROSSO,MATO GROSSO DO SUL,Brasil,5007406,50,33,0.0,0.0,0.2,Cerrado,6.7
20cb934f-89b1-3e7c-9bec-06b83408922c,-12.30749,-55.96587,2026-03-29 19:00:00,AQUA_M-T,SORRISO,MATO GROSSO,Brasil,5107925,51,33,0.0,0.0,0.0,Cerrado,5.2
1b1a2020-c829-34e9-b169-5b28e8e49937,-16.91536,-49.20428,2026-03-29 19:00:00,AQUA_M-T,HIDROLÂNDIA,GOIÁS,Brasil,5209705,52,33,3.0,0.0,0.11,Cerrado,35.1
b1b92a5c-732a-3d33-86da-1c026afb8914,-17.55931,-54.05478,2026-03-29 19:00:00,AQUA_M-T,ITIQUIRA,MATO GROSSO,Brasil,5104609,51,33,2.0,0.0,0.03,Cerrado,14.4
945527ab-0764-3b25-94af-ec3f48e13208,-13.51599,-54.99333,2026-03-29 19:00:00,AQUA_M-T,NOVA UBIRATÃ,MATO GROSSO,Brasil,5106240,51,33,0.0,0.0,0.0,Cerrado,5.4
e32f049e-9a06-3369-9977-a80d517d0075,-22.0563,-48.0485,2026-03-29 21:10:00,GOES-19,SÃO CARLOS,SÃO PAULO,Brasil,3548906,35,33,6.0,0.0,0.46,Cerrado,176.4
183ba526-71ed-34b0-970d-b0adf63f138b,-22.0556,-48.0722,2026-03-29 21:10:00,GOES-19,SÃO CARLOS,SÃO PAULO,Brasil,3548906,35,33,6.0,0.0,0.54,Cerrado,87.8
56460414-2282-3ec7-8066-ef184014402d,-22.0772,-48.0433,2026-03-29 21:10:00,GOES-19,BROTAS,SÃO PAULO,Brasil,3507902,35,33,6.0,0.0,0.49,Cerrado,120.1
e35b2eb0-767b-3c02-ac8f-93fa17fc1318,-19.14816,-53.0046,2026-03-30 00:56:00,TERRA_M-M,PARAÍSO DAS ÁGUAS,MATO GROSSO DO SUL,Brasil,5006275,50,33,2.0,0.0,0.15,Cerrado,14.1
3a3e69a3-f5c6-3ccb-ad3a-9c386b6634f3,-12.8378,-43.84754,2026-03-30 03:57:00,NOAA-20,SERRA DOURADA,BAHIA,Brasil,2930303,29,33,4.0,0.22,0.55,Cerrado,0.4
294d2a80-35f8-38d1-8665-ea30f719a3ff,-12.34125,-48.2283,2026-03-30 03:57:00,NOAA-20,PARANÃ,TOCANTINS,Brasil,1716208,17,33,3.0,0.0,0.03,Cerrado,0.9
45fab469-f320-3246-86ac-e93fb0bd1d72,-12.34182,-48.22534,2026-03-30 03:57:00,NOAA-20,PARANÃ,TOCANTINS,Brasil,1716208,17,33,3.0,0.0,0.03,Cerrado,0.9
ede914b3-e30b-375c-baaa-718ef0f216e7,-13.65118,-47.47774,2026-03-30 04:00:00,NOAA-20,CAVALCANTE,GOIÁS,Brasil,5205307,52,33,4.0,3.92,0.03,Cerrado,1.0
3246aa27-4c4e-3994-a57d-73791c2a27f7,-14.8718,-46.56611,2026-03-30 04:00:00,NOAA-20,SÍTIO D'ABADIA,GOIÁS,Brasil,5220702,52,33,4.0,0.5,0.11,Cerrado,1.0
d0b2b539-2311-36b6-b7b5-43573e38fcfc,-16.92123,-43.59941,2026-03-30 04:00:00,NOAA-20,GLAUCILÂNDIA,MINAS GERAIS,Brasil,3127354,31,33,5.0,0.0,0.18,Cerrado,0.4
81ed3204-45c3-31b6-9f20-a7795fac0114,-22.91425,-49.20686,2026-03-30 04:02:00,NOAA-20,ÁGUAS DE SANTA BÁRBARA,SÃO PAULO,Brasil,3500550,35,33,10.0,0.87,0.79,Cerrado,0.7
a6de9ac9-fe59-3527-b3b7-dc72294adb6f,-22.91861,-49.20786,2026-03-30 04:02:00,NOAA-20,ÁGUAS DE SANTA BÁRBARA,SÃO PAULO,Brasil,3500550,35,33,10.0,0.88,0.81,Cerrado,0.7
ef434fc7-f671-3b57-89df-a0ada29e975e,-19.29411,-55.16208,2026-03-30 05:21:00,NPP-375D,RIO VERDE DE MATO GROSSO,MATO GROSSO DO SUL,Brasil,5007406,50,33,2.0,0.0,0.12,Cerrado,2.2
7c9e74ba-b297-380e-b795-5e86191500a9,-19.41736,-53.94991,2026-03-30 05:21:00,NPP-375D,CAMAPUÃ,MATO GROSSO DO SUL,Brasil,5002605,50,33,3.0,0.0,0.14,Cerrado,0.8
c5a8fa5a-9a4b-3d9e-9798-4f721d9b4dc2,-12.8251,-45.8962,2026-03-30 11:20:00,GOES-19,SÃO DESIDÉRIO,BAHIA,Brasil,2928901,29,33,4.0,0.4,0.19,Cerrado,110.2
61b3ac05-281f-3a4f-ad0d-136972a1aa0e,-12.8251,-45.8962,2026-03-30 11:30:00,GOES-19,SÃO DESIDÉRIO,BAHIA,Brasil,2928901,29,33,4.0,0.4,0.19,Cerrado,147.6
01323402-3d5d-3998-a11e-5f97254b69e5,-12.8444,-45.8932,2026-03-30 11:30:00,GOES-19,SÃO DESIDÉRIO,BAHIA,Brasil,2928901,29,33,4.0,0.4,0.17,Cerrado,171.4
c935ebe9-289a-3812-a511-5761bad1d99f,-12.8251,-45.8962,2026-03-30 11:40:00,GOES-19,SÃO DESIDÉRIO,BAHIA,Brasil,2928901,29,33,4.0,0.4,0.19,Cerrado,163.1
5f1f64f9-921e-3e46-a5a4-ff59ddc2a862,-12.8255,-45.8732,2026-03-30 11:40:00,GOES-19,SÃO DESIDÉRIO,BAHIA,Brasil,2928901,29,33,4.0,0.3,0.2,Cerrado,110.2
d3129020-741b-3d25-addb-8da28259c977,-12.8444,-45.8932,2026-03-30 11:40:00,GOES-19,SÃO DESIDÉRIO,BAHIA,Brasil,2928901,29,33,4.0,0.4,0.17,Cerrado,166.7
86f7d83c-1791-321b-b0d2-3280c3d205ec,-12.83354,-45.88214,2026-03-30 11:47:00,TERRA_M-M,SÃO DESIDÉRIO,BAHIA,Brasil,2928901,29,33,4.0,0.32,0.18,Cerrado,63.1
ec64bc22-4cf7-3dae-85d9-ebda3840ce83,-12.83215,-45.89157,2026-03-30 11:47:00,TERRA_M-M,SÃO DESIDÉRIO,BAHIA,Brasil,2928901,29,33,4.0,0.4,0.13,Cerrado,209.5
321ce8bf-1a3c-359c-866f-9376619ab96c,-8.43324,-44.04204,2026-03-30 11:47:00,TERRA_M-M,ALVORADA DO GURGUÉIA,PIAUÍ,Brasil,2200459,22,33,0.0,1.83,0.02,Cerrado,8.2
f36afe08-a08b-3df9-999f-c7d4408bf3cd,-8.43453,-44.03316,2026-03-30 11:47:00,TERRA_M-M,ALVORADA DO GURGUÉIA,PIAUÍ,Brasil,2200459,22,33,0.0,2.03,0.02,Cerrado,17.8
1630f5ce-f52b-32d2-b3c0-22c6d67f34e6,-10.53032,-43.63463,2026-03-30 11:47:00,TERRA_M-M,BURITIRAMA,BAHIA,Brasil,2904753,29,33,2.0,2.85,0.02,Cerrado,5.5
29f6a69f-a9bb-381f-90f6-915da53f0df0,-16.64152,-44.34918,2026-03-30 11:49:00,TERRA_M-M,CORAÇÃO DE JESUS,MINAS GERAIS,Brasil,3118809,31,33,5.0,0.03,0.09,Cerrado,5.0
397eb2a6-efed-3516-9421-31b42aa2b067,-14.87258,-46.57342,2026-03-30 11:49:00,TERRA_M-M,SÍTIO D'ABADIA,GOIÁS,Brasil,5220702,52,33,4.0,0.46,0.1,Cerrado,8.8
2ffb1b82-9c62-3984-9064-c1490e8d681f,-21.82708,-47.10512,2026-03-30 11:49:00,TERRA_M-M,CASA BRANCA,SÃO PAULO,Brasil,3510807,35,33,4.0,0.0,0.54,Cerrado,20.4
e803f59b-dffe-38c3-b8a1-14864b408bbb,-14.87401,-46.56381,2026-03-30 11:49:00,TERRA_M-M,SÍTIO D'ABADIA,GOIÁS,Brasil,5220702,52,33,4.0,0.5,0.12,Cerrado,10.3
3b38fa73-02ec-39a1-993e-4035e75f9b0a,-12.8444,-45.8932,2026-03-30 11:50:00,GOES-19,SÃO DESIDÉRIO,BAHIA,Brasil,2928901,29,33,4.0,0.4,0.17,Cerrado,217.0
003bc97f-7993-3d97-a333-60c018f63e49,-12.8251,-45.8962,2026-03-30 11:50:00,GOES-19,SÃO DESIDÉRIO,BAHIA,Brasil,2928901,29,33,4.0,0.4,0.19,Cerrado,152.5
dc3083f5-5673-3b68-bee5-d921f54aca8a,-12.8251,-45.8962,2026-03-30 12:00:00,GOES-19,SÃO DESIDÉRIO,BAHIA,Brasil,2928901,29,33,4.0,0.4,0.19,Cerrado,174.7
cc1231c4-33a2-386a-8dba-d26a88695409,-12.8255,-45.8732,2026-03-30 12:00:00,GOES-19,SÃO DESIDÉRIO,BAHIA,Brasil,2928901,29,33,4.0,0.3,0.2,Cerrado,120.8
b73475be-7571-32f4-af23-4cfd3d1176ca,-12.8444,-45.8932,2026-03-30 12:00:00,GOES-19,SÃO DESIDÉRIO,BAHIA,Brasil,2928901,29,33,4.0,0.4,0.17,Cerrado,196.1
5fc195cd-999b-37a0-aa2c-507317dd97dd,-12.8444,-45.8932,2026-03-30 12:10:00,GOES-19,SÃO DESIDÉRIO,BAHIA,Brasil,2928901,29,33,4.0,0.4,0.17,Cerrado,194.9
b2ef56d8-a931-399d-9a04-0a1562e872a9,-12.8255,-45.8732,2026-03-30 12:10:00,GOES-19,SÃO DESIDÉRIO,BAHIA,Brasil,2928901,29,33,4.0,0.3,0.2,Cerrado,138.5
31f5a79f-8d6a-3406-945c-2fdf452602a7,-12.8251,-45.8962,2026-03-30 12:10:00,GOES-19,SÃO DESIDÉRIO,BAHIA,Brasil,2928901,29,33,4.0,0.4,0.19,Cerrado,176.4
a74aa835-e0cd-3e42-ab08-4a7a41dc026a,-12.8251,-45.8962,2026-03-30 12:20:00,GOES-19,SÃO DESIDÉRIO,BAHIA,Brasil,2928901,29,33,4.0,0.4,0.19,Cerrado,132.2
b1d4d492-b762-3f94-8abc-dd594b0a6e7b,-12.8255,-45.8732,2026-03-30 12:20:00,GOES-19,SÃO DESIDÉRIO,BAHIA,Brasil,2928901,29,33,4.0,0.3,0.2,Cerrado,118.1
c69364c5-dc22-389e-8eb3-6f1a36fc3cfb,-12.8444,-45.8932,2026-03-30 12:20:00,GOES-19,SÃO DESIDÉRIO,BAHIA,Brasil,2928901,29,33,4.0,0.4,0.17,Cerrado,236.8
807fcfb9-bee9-334a-bd99-0487064a5f42,-12.8255,-45.8732,2026-03-30 12:30:00,GOES-19,SÃO DESIDÉRIO,BAHIA,Brasil,2928901,29,33,4.0,0.3,0.2,Cerrado,144.2
299161f9-73f8-3b30-83e2-12499cf88841,-12.8251,-45.8962,2026-03-30 12:30:00,GOES-19,SÃO DESIDÉRIO,BAHIA,Brasil,2928901,29,33,4.0,0.4,0.19,Cerrado,183.4
152e8ba4-31dc-33fe-a055-957a39b763ac,-12.8444,-45.8932,2026-03-30 12:30:00,GOES-19,SÃO DESIDÉRIO,BAHIA,Brasil,2928901,29,33,4.0,0.4,0.17,Cerrado,180.8
e77f86cc-28b7-3778-a957-640f2ce87646,-12.8251,-45.8962,2026-03-30 12:40:00,GOES-19,SÃO DESIDÉRIO,BAHIA,Brasil,2928901,29,33,4.0,0.4,0.19,Cerrado,98.7
c8ad9a02-600a-3934-a594-24fc21c5ca30,-12.8255,-45.8732,2026-03-30 12:40:00,GOES-19,SÃO DESIDÉRIO,BAHIA,Brasil,2928901,29,33,4.0,0.3,0.2,Cerrado,97.4
2109053c-f31c-3a3c-a1dc-50441877bdfa,-12.8444,-45.8932,2026-03-30 12:40:00,GOES-19,SÃO DESIDÉRIO,BAHIA,Brasil,2928901,29,33,4.0,0.4,0.17,Cerrado,205.4
92f8d002-2bd5-3865-8f73-e0e9c3e28a0c,-12.8444,-45.8932,2026-03-30 12:50:00,GOES-19,SÃO DESIDÉRIO,BAHIA,Brasil,2928901,29,33,4.0,0.4,0.17,Cerrado,162.3
3a4c09fb-bf9f-32f7-aa38-712ab271d691,-12.8251,-45.8962,2026-03-30 12:50:00,GOES-19,SÃO DESIDÉRIO,BAHIA,Brasil,2928901,29,33,4.0,0.4,0.19,Cerrado,98.9
a8fc7964-c080-3886-8f03-23831e10db3e,-12.8255,-45.8732,2026-03-30 12:50:00,GOES-19,SÃO DESIDÉRIO,BAHIA,Brasil,2928901,29,33,4.0,0.3,0.2,Cerrado,99.9
121cdbe2-c7ed-3380-b21a-62f1f6536b66,-12.8444,-45.8932,2026-03-30 13:00:00,GOES-19,SÃO DESIDÉRIO,BAHIA,Brasil,2928901,29,33,4.0,0.4,0.17,Cerrado,140.1
8df81444-62c5-3d06-af2b-428b557ac717,-12.8251,-45.8962,2026-03-30 13:00:00,GOES-19,SÃO DESIDÉRIO,BAHIA,Brasil,2928901,29,33,4.0,0.4,0.19,Cerrado,94.3
dfa466e2-54d4-3681-9b79-c21d1856082c,-12.8255,-45.8732,2026-03-30 13:00:00,GOES-19,SÃO DESIDÉRIO,BAHIA,Brasil,2928901,29,33,4.0,0.3,0.2,Cerrado,94.6
fdb575c9-e2e4-3fe1-b8ff-7188b8eed51b,-12.8444,-45.8932,2026-03-30 13:10:00,GOES-19,SÃO DESIDÉRIO,BAHIA,Brasil,2928901,29,33,4.0,0.4,0.17,Cerrado,135.7
d3c5a13e-b9a3-34e9-bdce-3b0b79777844,-12.8444,-45.8932,2026-03-30 13:20:00,GOES-19,SÃO DESIDÉRIO,BAHIA,Brasil,2928901,29,33,4.0,0.4,0.17,Cerrado,123.5
89c5a21b-578c-37a0-8303-715888b7a32d,-12.8444,-45.8932,2026-03-30 13:30:00,GOES-19,SÃO DESIDÉRIO,BAHIA,Brasil,2928901,29,33,4.0,0.4,0.17,Cerrado,108.7
0508d379-069f-3f71-aa9a-d0ad42a56bb3,-12.8444,-45.8932,2026-03-30 13:40:00,GOES-19,SÃO DESIDÉRIO,BAHIA,Brasil,2928901,29,33,4.0,0.4,0.17,Cerrado,105.0
ea6caa71-a76f-3a17-8020-7829ecfa084b,-12.8251,-45.8962,2026-03-30 13:50:00,GOES-19,SÃO DESIDÉRIO,BAHIA,Brasil,2928901,29,33,4.0,0.4,0.19,Cerrado,89.2
10bf5070-feed-30ee-b209-d759ec2222c9,-12.8444,-45.8932,2026-03-30 14:00:00,GOES-19,SÃO DESIDÉRIO,BAHIA,Brasil,2928901,29,33,4.0,0.4,0.17,Cerrado,92.6
158ac5dd-0ca8-37ba-b189-c4f72f9de008,-11.8074,-49.4225,2026-03-30 15:20:00,GOES-19,FORMOSO DO ARAGUAIA,TOCANTINS,Brasil,1708205,17,33,3.0,0.0,0.0,Cerrado,109.8
d5d033c9-887a-34c2-9311-e7176d9c695d,-11.7883,-49.4248,2026-03-30 15:20:00,GOES-19,FORMOSO DO ARAGUAIA,TOCANTINS,Brasil,1708205,17,33,3.0,0.0,0.01,Cerrado,99.1
6ad61dd4-a4e0-3db2-80fd-bc8e541dff80,-11.7883,-49.4248,2026-03-30 15:30:00,GOES-19,FORMOSO DO ARAGUAIA,TOCANTINS,Brasil,1708205,17,33,3.0,0.0,0.01,Cerrado,106.3
ad8ccff6-5245-3e86-a114-ed8451ac62f4,-9.40858,-44.69225,2026-03-30 15:41:00,NOAA-21,REDENÇÃO DO GURGUÉIA,PIAUÍ,Brasil,2208700,22,33,3.0,2.39,0.02,Cerrado,15.2
80e93460-dbcf-3fa6-9e89-cf93bc5f698f,-12.97415,-44.88176,2026-03-30 15:41:00,NOAA-21,SÃO DESIDÉRIO,BAHIA,Brasil,2928901,29,33,5.0,0.0,0.13,Cerrado,6.3
76d1b2a1-464c-3266-9a78-fe6e2598e711,-9.40727,-44.68155,2026-03-30 15:41:00,NOAA-21,REDENÇÃO DO GURGUÉIA,PIAUÍ,Brasil,2208700,22,33,3.0,2.46,0.01,Cerrado,8.3
fe68f592-0245-30eb-a5e6-ab0134025f0c,-18.86259,-44.97137,2026-03-30 16:09:00,NPP-375,POMPÉU,MINAS GERAIS,Brasil,3152006,31,33,4.0,0.2,0.09,Cerrado,34.2
566f30c7-635c-382c-b59c-8ffd134cd697,-18.86329,-44.97757,2026-03-30 16:09:00,NPP-375,POMPÉU,MINAS GERAIS,Brasil,3152006,31,33,4.0,0.2,0.07,Cerrado,34.2
a4e382ae-5715-3ea7-a4df-738a99a79416,-18.79462,-45.60319,2026-03-30 16:09:00,NPP-375,BIQUINHAS,MINAS GERAIS,Brasil,3107000,31,33,5.0,0.0,0.25,Cerrado,0.8
be66dca9-9ca1-3fe4-8e75-0736fa26706a,-19.17949,-49.12979,2026-03-30 16:09:00,NPP-375,PRATA,MINAS GERAIS,Brasil,3152808,31,33,4.0,0.1,0.71,Cerrado,3.7
4465426d-c22a-308e-b788-7dca57886f32,-21.05286,-47.26062,2026-03-30 16:09:00,NPP-375,ALTINÓPOLIS,SÃO PAULO,Brasil,3501004,35,33,4.0,0.1,0.05,Cerrado,9.0
a607a0a1-aa7b-3d66-8442-6a9907480036,-18.8683,-44.97702,2026-03-30 16:09:00,NPP-375,POMPÉU,MINAS GERAIS,Brasil,3152006,31,33,4.0,0.2,0.02,Cerrado,34.2
6cbdaffd-729d-3ef7-aed4-cca207e00e14,-18.86761,-44.97083,2026-03-30 16:09:00,NPP-375,POMPÉU,MINAS GERAIS,Brasil,3152006,31,33,4.0,0.2,0.02,Cerrado,34.2
b4f90ac1-d4e5-3b63-a399-c65e0854bf0b,-15.50172,-49.75509,2026-03-30 16:11:00,NPP-375,CARMO DO RIO VERDE,GOIÁS,Brasil,5205000,52,33,3.0,0.17,0.1,Cerrado,3.6
655ffd6d-06a1-3055-82cc-f027a020a427,-12.83553,-45.88445,2026-03-30 16:11:00,NPP-375,SÃO DESIDÉRIO,BAHIA,Brasil,2928901,29,33,4.0,0.35,0.15,Cerrado,15.3
abc39c34-173e-3bee-9f4e-5f0a189892a7,-12.83417,-45.89093,2026-03-30 16:11:00,NPP-375,SÃO DESIDÉRIO,BAHIA,Brasil,2928901,29,33,4.0,0.4,0.11,Cerrado,7.0
deb017e5-570f-38e6-a678-f37cc18a04f6,-12.8362,-45.88997,2026-03-30 16:11:00,NPP-375,SÃO DESIDÉRIO,BAHIA,Brasil,2928901,29,33,4.0,0.4,0.12,Cerrado,15.3
f9438258-4d6a-3d2d-bd40-306573a2fcbf,-12.83837,-45.88479,2026-03-30 16:11:00,NPP-375,SÃO DESIDÉRIO,BAHIA,Brasil,2928901,29,33,4.0,0.35,0.16,Cerrado,10.4
559a2fb8-1c53-3d48-9f4d-68a414385aa4,-12.83979,-45.89584,2026-03-30 16:11:00,NPP-375,SÃO DESIDÉRIO,BAHIA,Brasil,2928901,29,33,4.0,0.4,0.13,Cerrado,7.0
e8b6efdf-280b-32e0-ac69-8a4ce6671cee,-14.65662,-45.00833,2026-03-30 16:11:00,NPP-375,COCOS,BAHIA,Brasil,2908101,29,33,5.0,0.0,0.07,Cerrado,3.0
15e81734-fc68-3fca-9348-e410300d7e73,-11.79708,-49.42563,2026-03-30 16:11:00,NPP-375,FORMOSO DO ARAGUAIA,TOCANTINS,Brasil,1708205,17,33,3.0,0.0,0.0,Cerrado,23.0
b0bb2db6-532d-3b36-8fad-abdd6bfdd36e,-12.83346,-45.88541,2026-03-30 16:11:00,NPP-375,SÃO DESIDÉRIO,BAHIA,Brasil,2928901,29,33,4.0,0.36,0.15,Cerrado,10.4
e97a6fcf-405f-3ba1-9f3f-45d1ef334ebb,-12.45071,-48.72198,2026-03-30 16:11:00,NPP-375,JAÚ DO TOCANTINS,TOCANTINS,Brasil,1711506,17,33,3.0,0.0,0.08,Cerrado,4.1
e5a29d72-da04-3e1d-ada1-7f8c923b697e,-12.83908,-45.89031,2026-03-30 16:11:00,NPP-375,SÃO DESIDÉRIO,BAHIA,Brasil,2928901,29,33,4.0,0.4,0.14,Cerrado,7.0
eddb35f9-b433-3670-8e45-426e070c8949,-11.7181,-44.7342,2026-03-30 16:11:00,NPP-375,RIACHÃO DAS NEVES,BAHIA,Brasil,2926202,29,33,2.0,0.0,0.03,Cerrado,5.0
afffc6a0-abec-37ec-be9e-74c004cf1cf8,-16.05244,-48.04137,2026-03-30 16:11:00,NPP-375,NOVO GAMA,GOIÁS,Brasil,5215231,52,33,4.0,0.0,-999.0,Cerrado,6.1
211e95f9-1f4a-340a-bc70-1d25c25ed355,-16.14121,-43.5066,2026-03-30 16:11:00,NPP-375,FRANCISCO SÁ,MINAS GERAIS,Brasil,3126703,31,33,5.0,0.0,0.25,Cerrado,9.0
6ce2bd69-cb7f-3f1f-84e0-4709ed5592d2,-12.83687,-45.89552,2026-03-30 16:11:00,NPP-375,SÃO DESIDÉRIO,BAHIA,Brasil,2928901,29,33,4.0,0.4,0.1,Cerrado,10.6
ded002cd-ac80-312d-b47d-5d8fa7690674,-12.44833,-48.72303,2026-03-30 16:11:00,NPP-375,JAÚ DO TOCANTINS,TOCANTINS,Brasil,1711506,17,33,3.0,0.0,0.08,Cerrado,3.4
b73d3a7e-9fa3-3bfe-95db-7afabdfbf88f,-12.83488,-45.89645,2026-03-30 16:11:00,NPP-375,SÃO DESIDÉRIO,BAHIA,Brasil,2928901,29,33,4.0,0.4,0.08,Cerrado,7.0
3eb36a94-5e5e-3586-a0ff-54fb3b8a2ab7,-11.80319,-49.42482,2026-03-30 16:11:00,NPP-375,FORMOSO DO ARAGUAIA,TOCANTINS,Brasil,1708205,17,33,3.0,0.0,0.0,Cerrado,23.0
bf8b945f-1a2b-3ee3-ba9f-d848d61c2ce1,-12.91149,-44.80846,2026-03-30 16:11:00,NPP-375,SÃO DESIDÉRIO,BAHIA,Brasil,2928901,29,33,4.0,0.0,0.1,Cerrado,6.9
36c20465-b985-30b9-8f9f-8c82a5ca075d,-12.49068,-43.78234,2026-03-30 16:11:00,NPP-375,BREJOLÂNDIA,BAHIA,Brasil,2904407,29,33,3.0,0.29,0.06,Cerrado,17.1
f5f38774-5ac0-31ca-9627-ada58232c45f,-11.71576,-44.73215,2026-03-30 16:11:00,NPP-375,RIACHÃO DAS NEVES,BAHIA,Brasil,2926202,29,33,2.0,0.0,0.03,Cerrado,6.1
b42fc502-8669-3997-8e06-7e5c0c00735b,-12.91606,-44.80789,2026-03-30 16:11:00,NPP-375,SÃO DESIDÉRIO,BAHIA,Brasil,2928901,29,33,5.0,0.0,0.09,Cerrado,3.6
66fdcffa-fb75-381a-88ca-c48a2cf61d99,-11.78486,-44.27974,2026-03-30 16:11:00,NPP-375,COTEGIPE,BAHIA,Brasil,2909406,29,33,1.0,0.8,0.04,Cerrado,4.7
5dca2411-f71d-3463-b8ac-0c1fd831c498,-16.14067,-43.50225,2026-03-30 16:11:00,NPP-375,FRANCISCO SÁ,MINAS GERAIS,Brasil,3126703,31,33,5.0,0.0,0.25,Cerrado,41.7
3f41b213-4af2-33c8-ac7f-96f7ca04231e,-12.7221,-49.49044,2026-03-30 16:11:00,NPP-375,ARAGUAÇU,TOCANTINS,Brasil,1702000,17,33,3.0,0.0,0.03,Cerrado,9.2
18a2de09-d9fa-3c8f-aba2-be662b4da57b,-12.91214,-44.81026,2026-03-30 16:11:00,NPP-375,SÃO DESIDÉRIO,BAHIA,Brasil,2928901,29,33,5.0,0.0,0.09,Cerrado,10.0
e48f6831-cbd3-352a-9351-f40d4bea30ff,-11.80266,-49.42022,2026-03-30 16:11:00,NPP-375,FORMOSO DO ARAGUAIA,TOCANTINS,Brasil,1708205,17,33,3.0,0.0,0.0,Cerrado,23.0
29ea8419-ceb5-33dd-88b6-f8ca8ec1e41a,-9.40994,-44.6831,2026-03-30 16:13:00,NPP-375,REDENÇÃO DO GURGUÉIA,PIAUÍ,Brasil,2208700,22,33,3.0,2.43,0.01,Cerrado,29.9
044776b4-ed5e-3583-9ab8-91adc2841e1c,-10.31477,-46.61872,2026-03-30 16:13:00,NPP-375,MATEIROS,TOCANTINS,Brasil,1712702,17,33,1.0,2.0,0.01,Cerrado,14.2
42c362aa-2281-3db4-96ba-949adcc78895,-9.40508,-44.67965,2026-03-30 16:13:00,NPP-375,REDENÇÃO DO GURGUÉIA,PIAUÍ,Brasil,2208700,22,33,3.0,2.5,0.01,Cerrado,10.7
d718d85f-8c64-3708-ac5a-70ce7689b4c0,-9.41104,-44.69112,2026-03-30 16:13:00,NPP-375,REDENÇÃO DO GURGUÉIA,PIAUÍ,Brasil,2208700,22,33,3.0,2.39,0.02,Cerrado,6.4
eff7c68d-ec0d-35d4-b1d5-be2045f35ab6,-9.40939,-44.6791,2026-03-30 16:13:00,NPP-375,REDENÇÃO DO GURGUÉIA,PIAUÍ,Brasil,2208700,22,33,3.0,2.46,0.01,Cerrado,29.9
2608ff9a-078d-3236-adc8-5d4c1e3977f9,-7.81463,-44.01882,2026-03-30 16:13:00,NPP-375,SEBASTIÃO LEAL,PIAUÍ,Brasil,2210631,22,33,2.0,4.64,0.07,Cerrado,7.3
77f16953-7df5-3e8a-9d68-80100668e357,-19.93515,-46.71997,2026-03-30 16:30:00,NOAA-20,TAPIRA,MINAS GERAIS,Brasil,3168101,31,33,4.0,0.0,0.02,Cerrado,4.4
d1eec271-2bfd-3e4c-9caf-97c37876bfef,-22.32049,-51.3218,2026-03-30 16:30:00,NOAA-20,REGENTE FEIJÓ,SÃO PAULO,Brasil,3542404,35,33,4.0,2.79,0.67,Cerrado,4.1
38dfa7bb-1d81-39f6-a485-bf0d48c1b63a,-24.23971,-49.19773,2026-03-30 16:30:00,NOAA-20,ITARARÉ,SÃO PAULO,Brasil,3523206,35,33,6.0,12.44,0.01,Cerrado,11.6
f7751c6e-b3da-3b74-85ed-8af710a00b9a,-22.06292,-56.2196,2026-03-30 16:30:00,NOAA-20,BELA VISTA,MATO GROSSO DO SUL,Brasil,5002100,50,33,3.0,0.0,1.0,Cerrado,6.1
5c36f121-bb18-3d04-9a07-16fdbcdd9fc0,-20.60513,-49.83342,2026-03-30 16:30:00,NOAA-20,TANABI,SÃO PAULO,Brasil,3553401,35,33,4.0,0.0,0.41,Cerrado,6.5
a335a339-2139-3fbc-a43a-49c32c622b0e,-20.46018,-49.50411,2026-03-30 16:30:00,NOAA-20,PALESTINA,SÃO PAULO,Brasil,3535002,35,33,4.0,0.0,0.33,Cerrado,15.8
2f3d3a20-c6c8-38a8-a3da-fe52558fd32d,-20.28791,-49.69477,2026-03-30 16:30:00,NOAA-20,AMÉRICO DE CAMPOS,SÃO PAULO,Brasil,3501806,35,33,4.0,0.0,0.35,Cerrado,10.2
d0b486de-1e92-30dc-b1e6-e9102a8775a7,-21.05061,-47.26033,2026-03-30 16:30:00,NOAA-20,ALTINÓPOLIS,SÃO PAULO,Brasil,3501004,35,33,4.0,0.1,0.05,Cerrado,8.6
8b6d881a-6960-31a3-8a6a-d7df85246073,-20.28694,-49.69683,2026-03-30 16:30:00,NOAA-20,AMÉRICO DE CAMPOS,SÃO PAULO,Brasil,3501806,35,33,4.0,0.0,0.35,Cerrado,8.0
cc74ed99-47d0-36e6-9ba9-1487f92be973,-18.78545,-51.9268,2026-03-30 16:33:00,NOAA-20,APORÉ,GOIÁS,Brasil,5201504,52,33,3.0,0.0,0.19,Cerrado,6.5
0bd5e070-ce36-34c1-a2da-750ac314b000,-14.41382,-49.29136,2026-03-30 16:33:00,NOAA-20,URUAÇU,GOIÁS,Brasil,5221601,52,33,3.0,0.0,0.02,Cerrado,12.6
c2297770-7293-3e74-856a-4640941f5291,-12.83567,-45.88604,2026-03-30 16:33:00,NOAA-20,SÃO DESIDÉRIO,BAHIA,Brasil,2928901,29,33,4.0,0.36,0.14,Cerrado,12.5
b1d5199b-05ae-344a-a3aa-acc6e92c28e9,-12.83621,-45.88972,2026-03-30 16:33:00,NOAA-20,SÃO DESIDÉRIO,BAHIA,Brasil,2928901,29,33,4.0,0.4,0.12,Cerrado,12.5
5d64f96b-c70a-3edd-a664-210590dd0a5e,-12.97459,-44.8824,2026-03-30 16:33:00,NOAA-20,SÃO DESIDÉRIO,BAHIA,Brasil,2928901,29,33,5.0,0.0,0.12,Cerrado,4.2
9040b6dc-30d4-3422-99e1-8982af818647,-13.63185,-49.42046,2026-03-30 16:33:00,NOAA-20,PORANGATU,GOIÁS,Brasil,5218003,52,33,2.0,4.28,0.01,Cerrado,2.3
17dde26e-c100-3479-a06e-9917380119a5,-14.86874,-46.57272,2026-03-30 16:33:00,NOAA-20,SÍTIO D'ABADIA,GOIÁS,Brasil,5220702,52,33,4.0,0.47,0.09,Cerrado,8.6
74ca8dc6-e4cc-3fec-afac-8b7aedb8f9e5,-19.01751,-53.487,2026-03-30 16:33:00,NOAA-20,CAMAPUÃ,MATO GROSSO DO SUL,Brasil,5002605,50,33,3.0,0.0,0.12,Cerrado,9.6
2b3e95ab-c109-3778-8fff-3572ba9e92d4,-13.2672,-43.62191,2026-03-30 16:33:00,NOAA-20,BOM JESUS DA LAPA,BAHIA,Brasil,2903904,29,33,2.0,0.0,0.26,Cerrado,3.4
915913e1-aea4-3fd5-aa6c-6af7ddbc5fbe,-18.21192,-51.12482,2026-03-30 16:33:00,NOAA-20,APARECIDA DO RIO DOCE,GOIÁS,Brasil,5201454,52,33,3.0,0.0,0.17,Cerrado,8.0
56d0dabb-3911-39f9-8f66-10004ef799fe,-15.17941,-45.66361,2026-03-30 16:33:00,NOAA-20,CHAPADA GAÚCHA,MINAS GERAIS,Brasil,3116159,31,33,4.0,0.2,0.12,Cerrado,4.9
cee3aba6-c6bf-369f-82a7-9b6a0b617c16,-12.97791,-44.88188,2026-03-30 16:33:00,NOAA-20,SÃO DESIDÉRIO,BAHIA,Brasil,2928901,29,33,5.0,0.0,0.13,Cerrado,3.3
572bd6f6-40b8-3a28-92db-8947357d23f4,-12.47559,-51.04254,2026-03-30 16:33:00,NOAA-20,RIBEIRÃO CASCALHEIRA,MATO GROSSO,Brasil,5107180,51,33,3.0,0.5,0.15,Cerrado,0.5
60fdb876-0185-3b53-a8a1-d8c285348af4,-12.97406,-44.87885,2026-03-30 16:33:00,NOAA-20,SÃO DESIDÉRIO,BAHIA,Brasil,2928901,29,33,5.0,0.0,0.13,Cerrado,2.8
1b69a78f-41c2-3292-b9ba-08ba3bba206a,-12.83729,-45.89709,2026-03-30 16:33:00,NOAA-20,SÃO DESIDÉRIO,BAHIA,Brasil,2928901,29,33,4.0,0.4,0.1,Cerrado,11.0
ca20b2f8-7eea-3235-bcc9-bdd896a747b1,-12.49116,-43.78351,2026-03-30 16:33:00,NOAA-20,BREJOLÂNDIA,BAHIA,Brasil,2904407,29,33,3.0,0.28,0.06,Cerrado,18.1
9be0bc39-1b37-3f3f-b895-36512c01880b,-12.42291,-47.17561,2026-03-30 16:33:00,NOAA-20,ARRAIAS,TOCANTINS,Brasil,1702406,17,33,3.0,0.0,0.23,Cerrado,6.4
6a3770d8-4a0d-3bd2-8cfe-e512812d3abc,-16.18361,-42.97696,2026-03-30 16:33:00,NOAA-20,GRÃO MOGOL,MINAS GERAIS,Brasil,3127800,31,33,2.0,0.0,0.06,Cerrado,6.2
9301d6c7-cba5-3d35-b1a1-631c6d556f5c,-12.83337,-45.89392,2026-03-30 16:33:00,NOAA-20,SÃO DESIDÉRIO,BAHIA,Brasil,2928901,29,33,4.0,0.4,0.11,Cerrado,4.3
980f38fc-083d-307a-a542-081abc8cdac9,-18.86961,-44.97735,2026-03-30 16:33:00,NOAA-20,POMPÉU,MINAS GERAIS,Brasil,3152006,31,33,4.0,0.2,0.02,Cerrado,15.0
68fb81c2-b23a-3da8-a19c-9433aac6c94c,-13.21444,-43.69697,2026-03-30 16:33:00,NOAA-20,BOM JESUS DA LAPA,BAHIA,Brasil,2903904,29,33,2.0,0.0,0.11,Cerrado,2.5
ecce5466-112d-34b2-b362-07b8fd1863c7,-18.86218,-44.97447,2026-03-30 16:33:00,NOAA-20,POMPÉU,MINAS GERAIS,Brasil,3152006,31,33,4.0,0.2,0.1,Cerrado,20.0
433e7572-10b7-3f5c-9733-4311098bdf95,-11.96529,-46.95811,2026-03-30 16:33:00,NOAA-20,TAIPAS DO TOCANTINS,TOCANTINS,Brasil,1720937,17,33,2.0,0.0,0.08,Cerrado,7.3
0fa1a1e8-e853-3665-802e-eadf3194a789,-17.33697,-53.78352,2026-03-30 16:33:00,NOAA-20,SONORA,MATO GROSSO DO SUL,Brasil,5007935,50,33,3.0,0.0,0.06,Cerrado,3.7
1239b261-1064-3a06-8553-84a8ae0472c4,-18.78579,-51.92997,2026-03-30 16:33:00,NOAA-20,APORÉ,GOIÁS,Brasil,5201504,52,33,3.0,0.0,0.19,Cerrado,7.4
f05af148-be03-3ea3-aa2b-01ffd0ee9fa5,-12.72523,-49.48931,2026-03-30 16:33:00,NOAA-20,ARAGUAÇU,TOCANTINS,Brasil,1702000,17,33,3.0,0.0,0.03,Cerrado,1.9
ba276955-01ce-3022-a93f-34f7cb7b33c3,-18.20824,-51.12153,2026-03-30 16:33:00,NOAA-20,APARECIDA DO RIO DOCE,GOIÁS,Brasil,5201454,52,33,3.0,0.0,0.17,Cerrado,8.3
43cb7be4-339e-3723-a452-04582b2d1e84,-19.26037,-49.35634,2026-03-30 16:33:00,NOAA-20,PRATA,MINAS GERAIS,Brasil,3152808,31,33,3.0,0.0,0.84,Cerrado,3.9
e8b15e61-31e2-32fe-857d-1995172f8b27,-11.96697,-46.95852,2026-03-30 16:33:00,NOAA-20,TAIPAS DO TOCANTINS,TOCANTINS,Brasil,1720937,17,33,2.0,0.0,0.07,Cerrado,4.7
1de10835-6778-369c-8b21-290921e68dc2,-17.12186,-49.41356,2026-03-30 16:33:00,NOAA-20,HIDROLÂNDIA,GOIÁS,Brasil,5209705,52,33,4.0,0.0,0.15,Cerrado,4.4
b8f4b642-6823-3fb7-85ef-aa8ae8bbc549,-14.41791,-49.29092,2026-03-30 16:33:00,NOAA-20,URUAÇU,GOIÁS,Brasil,5221601,52,33,3.0,0.0,0.02,Cerrado,12.6
38189af3-f13e-330b-ad57-7963d1001c91,-19.29494,-55.1608,2026-03-30 16:33:00,NOAA-20,RIO VERDE DE MATO GROSSO,MATO GROSSO DO SUL,Brasil,5007406,50,33,2.0,0.0,0.06,Cerrado,4.3
9cb10ae1-ff77-3c25-a3a5-ca04350d83a5,-18.86905,-44.9734,2026-03-30 16:33:00,NOAA-20,POMPÉU,MINAS GERAIS,Brasil,3152006,31,33,4.0,0.2,0.02,Cerrado,15.0
925d10a7-763a-397c-a7f2-6e1c03632f62,-18.93372,-46.98152,2026-03-30 16:33:00,NOAA-20,PATROCÍNIO,MINAS GERAIS,Brasil,3148103,31,33,4.0,0.6,-999.0,Cerrado,7.1
db5fec4b-79ca-3e97-9411-4da1841fe13a,-18.85875,-44.97501,2026-03-30 16:33:00,NOAA-20,POMPÉU,MINAS GERAIS,Brasil,3152006,31,33,4.0,0.2,0.2,Cerrado,5.5
bdf21f78-44bd-37dd-82cc-8b4d8070df19,-12.83675,-45.89341,2026-03-30 16:33:00,NOAA-20,SÃO DESIDÉRIO,BAHIA,Brasil,2928901,29,33,4.0,0.4,0.11,Cerrado,11.0
fd35a7b5-cb1f-3e00-80a7-99e87a61a8aa,-17.33514,-53.78621,2026-03-30 16:33:00,NOAA-20,SONORA,MATO GROSSO DO SUL,Brasil,5007935,50,33,3.0,0.0,0.03,Cerrado,7.9
4d43fbd7-496b-3d7c-b89f-063cde3af653,-11.80103,-49.42266,2026-03-30 16:35:00,NOAA-20,FORMOSO DO ARAGUAIA,TOCANTINS,Brasil,1708205,17,33,3.0,0.0,0.0,Cerrado,46.2
e3fcbcd8-b501-373a-a18f-d25369c6e59a,-10.31025,-46.6127,2026-03-30 16:35:00,NOAA-20,MATEIROS,TOCANTINS,Brasil,1712702,17,33,1.0,1.97,0.01,Cerrado,2.7
f2787b91-7b65-3111-b9f7-b46c27a332f5,-11.17142,-44.44272,2026-03-30 16:35:00,NOAA-20,SANTA RITA DE CÁSSIA,BAHIA,Brasil,2928406,29,33,4.0,0.6,0.03,Cerrado,13.6
d7b399d8-6003-3511-a95a-79d7508de923,-10.31472,-46.61954,2026-03-30 16:35:00,NOAA-20,MATEIROS,TOCANTINS,Brasil,1712702,17,33,1.0,2.0,0.01,Cerrado,5.5
95249caf-f603-35f7-b4e5-491e35b759bb,-10.39801,-44.93063,2026-03-30 16:35:00,NOAA-20,CORRENTE,PIAUÍ,Brasil,2202901,22,33,3.0,0.0,0.05,Cerrado,6.3
49bee4c3-e15a-35e7-a3e1-846cd6ce3bee,-9.411,-44.68913,2026-03-30 16:35:00,NOAA-20,REDENÇÃO DO GURGUÉIA,PIAUÍ,Brasil,2208700,22,33,3.0,2.4,0.02,Cerrado,5.2
a6d92642-3637-3a15-b280-6241ea61d618,-11.92669,-49.52462,2026-03-30 16:35:00,NOAA-20,FORMOSO DO ARAGUAIA,TOCANTINS,Brasil,1708205,17,33,3.0,0.0,0.0,Cerrado,6.1
6de2b9d6-d5ab-39b6-98a3-724db136105f,-11.17088,-44.43921,2026-03-30 16:35:00,NOAA-20,SANTA RITA DE CÁSSIA,BAHIA,Brasil,2928406,29,33,4.0,0.6,0.03,Cerrado,13.6
965a8e16-a0fe-3a20-be53-330b5c9284bf,-10.31187,-46.62374,2026-03-30 16:35:00,NOAA-20,MATEIROS,TOCANTINS,Brasil,1712702,17,33,1.0,2.04,0.01,Cerrado,11.6
da35cd94-9419-322b-b5a5-18e91dca16d5,-9.40993,-44.68211,2026-03-30 16:35:00,NOAA-20,REDENÇÃO DO GURGUÉIA,PIAUÍ,Brasil,2208700,22,33,3.0,2.44,0.01,Cerrado,8.4
a3730390-7a1d-36d6-830c-caa15601ca32,-11.80172,-49.42782,2026-03-30 16:35:00,NOAA-20,FORMOSO DO ARAGUAIA,TOCANTINS,Brasil,1708205,17,33,3.0,0.0,0.0,Cerrado,46.2
0138a9f3-2098-3633-b104-14041067b467,-11.8043,-49.41698,2026-03-30 16:35:00,NOAA-20,FORMOSO DO ARAGUAIA,TOCANTINS,Brasil,1708205,17,33,3.0,0.0,0.0,Cerrado,13.0
27faefee-8354-36ad-b81d-482b0bcf50f5,-9.40661,-44.68264,2026-03-30 16:35:00,NOAA-20,REDENÇÃO DO GURGUÉIA,PIAUÍ,Brasil,2208700,22,33,3.0,2.46,0.01,Cerrado,8.4
a9936e95-b8e7-31ef-9d6b-bc433ea35973,-10.29667,-46.61477,2026-03-30 16:35:00,NOAA-20,MATEIROS,TOCANTINS,Brasil,1712702,17,33,1.0,1.91,0.01,Cerrado,10.5
62885f04-ce3e-3300-82b4-63030d657f3a,-9.41046,-44.68562,2026-03-30 16:35:00,NOAA-20,REDENÇÃO DO GURGUÉIA,PIAUÍ,Brasil,2208700,22,33,3.0,2.42,0.02,Cerrado,8.4
00d2d93c-1788-335b-b5b9-aa0cf4437e60,-11.80499,-49.42211,2026-03-30 16:35:00,NOAA-20,FORMOSO DO ARAGUAIA,TOCANTINS,Brasil,1708205,17,33,3.0,0.0,0.0,Cerrado,25.7
8ffe7819-a737-353a-a8fe-9cde2c3edc88,-10.31418,-46.61586,2026-03-30 16:35:00,NOAA-20,MATEIROS,TOCANTINS,Brasil,1712702,17,33,1.0,2.0,0.01,Cerrado,2.2
d06956ce-01d1-3a16-ba59-4696793b6b32,-9.41324,-44.68159,2026-03-30 16:35:00,NOAA-20,REDENÇÃO DO GURGUÉIA,PIAUÍ,Brasil,2208700,22,33,3.0,2.41,0.01,Cerrado,16.9
11b03a43-74cf-3509-9e7a-21485e06ab33,-9.40275,-44.67964,2026-03-30 16:35:00,NOAA-20,REDENÇÃO DO GURGUÉIA,PIAUÍ,Brasil,2208700,22,33,3.0,2.5,0.01,Cerrado,2.8
8297afa6-3307-3581-a12b-669c161873ba,-9.33955,-47.31318,2026-03-30 16:35:00,NOAA-20,RIO SONO,TOCANTINS,Brasil,1718758,17,33,2.0,16.71,0.0,Cerrado,5.3
c4bc4727-9c4d-39e0-9990-24103e4d5b40,-10.30114,-46.62159,2026-03-30 16:35:00,NOAA-20,MATEIROS,TOCANTINS,Brasil,1712702,17,33,1.0,1.98,0.01,Cerrado,1.7
86d017fc-7a30-3150-b1c3-8fbc1e1d271e,-10.40132,-44.93011,2026-03-30 16:35:00,NOAA-20,CORRENTE,PIAUÍ,Brasil,2202901,22,33,3.0,0.0,0.05,Cerrado,5.8
8164b89d-4c2b-3a42-ac0d-a38f7ccb2282,-11.1681,-44.44324,2026-03-30 16:35:00,NOAA-20,SANTA RITA DE CÁSSIA,BAHIA,Brasil,2928406,29,33,4.0,0.6,0.03,Cerrado,13.6
f040bd9c-1144-39a7-9fda-38d6514ef53e,-9.40938,-44.6786,2026-03-30 16:35:00,NOAA-20,REDENÇÃO DO GURGUÉIA,PIAUÍ,Brasil,2208700,22,33,2.0,2.46,0.01,Cerrado,12.7
c0230366-5bdd-3532-a697-8de100942866,-9.40607,-44.67913,2026-03-30 16:35:00,NOAA-20,REDENÇÃO DO GURGUÉIA,PIAUÍ,Brasil,2208700,22,33,3.0,2.49,0.01,Cerrado,12.7
e491e9f1-cb21-3111-8a18-131ebc766cdf,-11.16757,-44.43974,2026-03-30 16:35:00,NOAA-20,SANTA RITA DE CÁSSIA,BAHIA,Brasil,2928406,29,33,4.0,0.6,0.03,Cerrado,13.6
33fa9c84-9cd8-3003-9bfe-1580e7b939d5,-11.80827,-49.41648,2026-03-30 16:35:00,NOAA-20,FORMOSO DO ARAGUAIA,TOCANTINS,Brasil,1708205,17,33,3.0,0.0,0.0,Cerrado,13.0
6dade7e1-6120-3a1e-8ce0-863333ec6133,-11.09184,-49.78785,2026-03-30 16:35:00,NOAA-20,DUERÉ,TOCANTINS,Brasil,1707306,17,33,1.0,0.4,0.02,Cerrado,4.4
31d0efa2-7d4c-38be-8f4b-23a7cbe48ab1,-11.80896,-49.42159,2026-03-30 16:35:00,NOAA-20,FORMOSO DO ARAGUAIA,TOCANTINS,Brasil,1708205,17,33,3.0,0.0,0.0,Cerrado,25.7
4b2e297a-0d43-3af5-8d2b-9b8414c02757,-18.85783,-44.97773,2026-03-30 17:20:00,NOAA-21,POMPÉU,MINAS GERAIS,Brasil,3152006,31,33,4.0,0.2,0.22,Cerrado,15.0
430c9b79-92ec-3980-bd0e-ec75efd8da88,-22.57052,-47.00887,2026-03-30 17:20:00,NOAA-21,SANTO ANTÔNIO DE POSSE,SÃO PAULO,Brasil,3548005,35,33,4.0,0.0,0.71,Cerrado,5.9
2ea498af-c821-3035-a5c1-029fcb40978d,-20.36884,-44.69133,2026-03-30 17:20:00,NOAA-21,CLÁUDIO,MINAS GERAIS,Brasil,3116605,31,33,10.0,0.2,0.93,Cerrado,5.8
2e6509cd-90fc-3f0a-8828-024bfb64350e,-19.03182,-52.27483,2026-03-30 17:20:00,NOAA-21,CASSILÂNDIA,MATO GROSSO DO SUL,Brasil,5002902,50,33,3.0,0.0,0.28,Cerrado,6.8
affc8556-bd2c-3c4f-9bb8-c3be26a055e0,-19.29089,-55.16293,2026-03-30 17:20:00,NOAA-21,RIO VERDE DE MATO GROSSO,MATO GROSSO DO SUL,Brasil,5007406,50,33,2.0,0.0,0.23,Cerrado,6.7
97d9cce6-b033-3b8c-961a-4d3fae4c0c11,-19.03049,-52.27656,2026-03-30 17:20:00,NOAA-21,CASSILÂNDIA,MATO GROSSO DO SUL,Brasil,5002902,50,33,3.0,0.0,0.28,Cerrado,7.4
423db00e-da6f-39e9-8f82-91a530350bff,-18.86893,-44.97507,2026-03-30 17:20:00,NOAA-21,POMPÉU,MINAS GERAIS,Brasil,3152006,31,33,4.0,0.2,0.02,Cerrado,5.1
f78e55b0-c4ba-386d-b378-8cf17e2e763a,-20.5534,-54.57993,2026-03-30 17:20:00,NOAA-21,CAMPO GRANDE,MATO GROSSO DO SUL,Brasil,5002704,50,33,4.0,0.0,-999.0,Cerrado,6.0
6067590f-9e89-3da9-a13e-790cc39fa832,-15.92141,-47.44617,2026-03-30 17:20:00,NOAA-21,BRASÍLIA,DISTRITO FEDERAL,Brasil,5300108,53,33,4.0,0.0,0.24,Cerrado,15.2
ad95245b-69c5-3b34-bfcb-6b4e036c8341,-21.70462,-56.31493,2026-03-30 17:20:00,NOAA-21,BELA VISTA,MATO GROSSO DO SUL,Brasil,5002100,50,33,2.0,0.0,0.9,Cerrado,4.3
1a3eb551-ad95-3119-9927-38aa95308721,-18.78446,-51.92537,2026-03-30 17:20:00,NOAA-21,APORÉ,GOIÁS,Brasil,5201504,52,33,3.0,0.0,0.19,Cerrado,19.0
4f43dc03-dcab-36a2-bf22-817b8d74dc26,-20.22683,-56.28134,2026-03-30 17:20:00,NOAA-21,MIRANDA,MATO GROSSO DO SUL,Brasil,5005608,50,33,1.0,0.0,0.31,Cerrado,2.2
cbc987a8-7c93-35b9-a80d-a18eb5d90135,-21.52998,-53.38771,2026-03-30 17:20:00,NOAA-21,RIBAS DO RIO PARDO,MATO GROSSO DO SUL,Brasil,5007109,50,33,3.0,0.0,0.68,Cerrado,2.4
cbe18f12-19e6-3ff4-ae5c-7e428fa21492,-21.70069,-56.31162,2026-03-30 17:20:00,NOAA-21,BELA VISTA,MATO GROSSO DO SUL,Brasil,5002100,50,33,2.0,0.0,0.9,Cerrado,4.3
7e14d83c-fe21-3a68-830e-fd6b4bdb0333,-17.06948,-45.35248,2026-03-30 17:20:00,NOAA-21,BURITIZEIRO,MINAS GERAIS,Brasil,3109402,31,33,0.0,0.0,0.14,Cerrado,0.7
b43aa7cc-b51a-37dc-9859-6918a3bfb44b,-22.23511,-55.65299,2026-03-30 17:20:00,NOAA-21,PONTA PORÃ,MATO GROSSO DO SUL,Brasil,5006606,50,33,4.0,0.0,0.72,Cerrado,4.2
e960cac8-3197-32c8-8243-a166c15189f0,-21.22201,-56.1944,2026-03-30 17:20:00,NOAA-21,NIOAQUE,MATO GROSSO DO SUL,Brasil,5005806,50,33,2.0,0.0,0.28,Cerrado,3.0
175d2534-4309-3e74-88c7-00326a1821dd,-20.95131,-45.57319,2026-03-30 17:20:00,NOAA-21,BOA ESPERANÇA,MINAS GERAIS,Brasil,3107109,31,33,8.0,0.03,0.91,Cerrado,8.4
8cc04f0b-317c-39b4-ad15-bab374afdb8b,-19.2942,-55.16236,2026-03-30 17:20:00,NOAA-21,RIO VERDE DE MATO GROSSO,MATO GROSSO DO SUL,Brasil,5007406,50,33,2.0,0.0,0.13,Cerrado,8.8
7d1a40e2-7d26-3c4f-8ccf-38058b0f6d40,-15.9158,-47.44438,2026-03-30 17:20:00,NOAA-21,BRASÍLIA,DISTRITO FEDERAL,Brasil,5300108,53,33,4.0,0.0,0.17,Cerrado,18.4
fbe2bad7-7945-3add-aab0-e691142d0dcf,-22.06287,-56.22091,2026-03-30 17:20:00,NOAA-21,BELA VISTA,MATO GROSSO DO SUL,Brasil,5002100,50,33,3.0,0.0,1.0,Cerrado,4.7
8a88df30-d3c8-3940-842a-168b9a15b391,-19.21062,-54.00391,2026-03-30 17:20:00,NOAA-21,CAMAPUÃ,MATO GROSSO DO SUL,Brasil,5002605,50,33,3.0,0.0,0.17,Cerrado,0.4
92d0ad62-e772-3f3c-8005-12e44ef90246,-19.18102,-49.13058,2026-03-30 17:20:00,NOAA-21,PRATA,MINAS GERAIS,Brasil,3152808,31,33,4.0,0.1,0.71,Cerrado,17.0
87eec935-cbc8-3707-91d1-fe0d4922ad03,-17.33838,-53.78979,2026-03-30 17:20:00,NOAA-21,SONORA,MATO GROSSO DO SUL,Brasil,5007935,50,33,3.0,0.0,0.08,Cerrado,7.4
712dd17d-8703-31ae-b4fd-e65e6217aa07,-16.18691,-42.97468,2026-03-30 17:20:00,NOAA-21,GRÃO MOGOL,MINAS GERAIS,Brasil,3127800,31,33,2.0,0.0,0.07,Cerrado,4.4
72dddeec-037a-3b9b-95b3-bfd2bc92f215,-19.25858,-49.35649,2026-03-30 17:20:00,NOAA-21,PRATA,MINAS GERAIS,Brasil,3152808,31,33,4.0,0.0,0.82,Cerrado,7.2
c5f574d7-e3e6-3568-8249-871be83bfa00,-21.59552,-54.76649,2026-03-30 17:20:00,NOAA-21,RIO BRILHANTE,MATO GROSSO DO SUL,Brasil,5007208,50,33,4.0,0.0,0.5,Cerrado,7.0
caa4ca9d-f2a0-3aa7-bb81-7b1a8a1ec182,-22.05895,-56.21759,2026-03-30 17:20:00,NOAA-21,BELA VISTA,MATO GROSSO DO SUL,Brasil,5002100,50,33,3.0,0.0,1.0,Cerrado,2.4
09dc427a-65ca-34de-bfa3-0c2bb4703ab0,-19.18526,-49.12959,2026-03-30 17:20:00,NOAA-21,PRATA,MINAS GERAIS,Brasil,3152808,31,33,4.0,0.1,0.72,Cerrado,21.0
c39dd441-92a3-3f75-bc28-9d40e5fef108,-18.86338,-44.97642,2026-03-30 17:20:00,NOAA-21,POMPÉU,MINAS GERAIS,Brasil,3152006,31,33,4.0,0.2,0.07,Cerrado,15.0
da1e8863-cc2b-30c6-bd86-cb7678468582,-16.18254,-42.97569,2026-03-30 17:20:00,NOAA-21,GRÃO MOGOL,MINAS GERAIS,Brasil,3127800,31,33,2.0,0.0,0.08,Cerrado,6.2
5e35a333-e848-3f0b-936c-0398e8b3888e,-18.857,-44.97392,2026-03-30 17:20:00,NOAA-21,POMPÉU,MINAS GERAIS,Brasil,3152006,31,33,4.0,0.2,0.24,Cerrado,15.0
37a436f1-6572-3e32-bc3d-f3c76ad61ced,-22.0595,-56.22145,2026-03-30 17:20:00,NOAA-21,BELA VISTA,MATO GROSSO DO SUL,Brasil,5002100,50,33,3.0,0.0,1.0,Cerrado,4.7
5186c812-7aa3-346d-8d04-079c0cc3503c,-22.06232,-56.21704,2026-03-30 17:20:00,NOAA-21,BELA VISTA,MATO GROSSO DO SUL,Brasil,5002100,50,33,3.0,0.0,1.0,Cerrado,2.4
0f7ae0b6-7fb0-3810-8bf1-5bcc2d3938e5,-17.33773,-53.78592,2026-03-30 17:20:00,NOAA-21,SONORA,MATO GROSSO DO SUL,Brasil,5007935,50,33,3.0,0.0,0.07,Cerrado,7.4
37cced28-868a-315c-94f7-c9ce764fb7ea,-14.32876,-58.31365,2026-03-30 17:22:00,NOAA-21,TANGARÁ DA SERRA,MATO GROSSO,Brasil,5107958,51,33,2.0,0.0,0.03,Cerrado,4.3
bb8d55da-9ea7-3ffe-ae2a-47a6a259bba0,-15.16352,-45.68412,2026-03-30 17:22:00,NOAA-21,CHAPADA GAÚCHA,MINAS GERAIS,Brasil,3116159,31,33,4.0,0.1,0.16,Cerrado,8.6
23d4edb1-1fe0-33f2-877e-cd1722445043,-11.80851,-49.41877,2026-03-30 17:22:00,NOAA-21,FORMOSO DO ARAGUAIA,TOCANTINS,Brasil,1708205,17,33,3.0,0.0,0.0,Cerrado,29.7
a597d0f2-59a1-34b9-9dff-2e2c1d86fd57,-12.21567,-49.18933,2026-03-30 17:22:00,NOAA-21,ALVORADA,TOCANTINS,Brasil,1700707,17,33,3.0,0.0,0.02,Cerrado,11.6
3ed40dc5-4422-3ec1-a551-f1675381d8af,-11.16726,-44.44419,2026-03-30 17:22:00,NOAA-21,SANTA RITA DE CÁSSIA,BAHIA,Brasil,2928406,29,33,4.0,0.6,0.03,Cerrado,29.7
14f5730f-611d-36b2-b61c-66079c88e612,-15.16433,-45.68812,2026-03-30 17:22:00,NOAA-21,CHAPADA GAÚCHA,MINAS GERAIS,Brasil,3116159,31,33,4.0,0.1,0.16,Cerrado,15.2
d4979f99-9950-3fa6-af04-86d7920de2af,-13.21258,-43.68777,2026-03-30 17:22:00,NOAA-21,BOM JESUS DA LAPA,BAHIA,Brasil,2903904,29,33,2.0,0.0,0.18,Cerrado,10.0
fc02523d-0fb6-33b1-8142-1f1b799ef256,-15.16467,-45.6842,2026-03-30 17:22:00,NOAA-21,CHAPADA GAÚCHA,MINAS GERAIS,Brasil,3116159,31,33,4.0,0.1,0.16,Cerrado,10.3
e731feb8-625a-3232-a0c6-aa317cc4789e,-11.16607,-44.43834,2026-03-30 17:22:00,NOAA-21,SANTA RITA DE CÁSSIA,BAHIA,Brasil,2928406,29,33,4.0,0.6,0.03,Cerrado,26.1
7a9a053a-21d6-3e96-b2d7-2799d1edcde9,-11.8095,-49.42413,2026-03-30 17:22:00,NOAA-21,FORMOSO DO ARAGUAIA,TOCANTINS,Brasil,1708205,17,33,3.0,0.0,0.0,Cerrado,29.7
0c97be5d-db1e-3bd1-ac5b-5a8fe40df30b,-11.71892,-44.73778,2026-03-30 17:22:00,NOAA-21,RIACHÃO DAS NEVES,BAHIA,Brasil,2926202,29,33,2.0,0.0,0.03,Cerrado,20.4
d436a221-d1a1-34a7-aabd-a6720d0d35c2,-14.30777,-58.3201,2026-03-30 17:22:00,NOAA-21,TANGARÁ DA SERRA,MATO GROSSO,Brasil,5107958,51,33,2.0,0.0,0.03,Cerrado,36.5
0e7bc14d-907c-3918-97fa-b781e642d20c,-14.3316,-58.30939,2026-03-30 17:22:00,NOAA-21,TANGARÁ DA SERRA,MATO GROSSO,Brasil,5107958,51,33,2.0,0.0,0.03,Cerrado,5.0
4d9b9060-854e-3acd-8c7d-a3ba6e09f0f8,-14.11965,-58.70909,2026-03-30 17:22:00,NOAA-21,TANGARÁ DA SERRA,MATO GROSSO,Brasil,5107958,51,33,1.0,0.0,0.04,Cerrado,5.0
07ccbe0b-7f2f-3c31-a872-59e3af9262b8,-9.409,-44.68161,2026-03-30 17:22:00,NOAA-21,REDENÇÃO DO GURGUÉIA,PIAUÍ,Brasil,2208700,22,33,3.0,2.45,0.01,Cerrado,7.6
8171757a-b928-30f7-b4f1-1cc53ea3ab39,-11.71779,-44.73232,2026-03-30 17:22:00,NOAA-21,RIACHÃO DAS NEVES,BAHIA,Brasil,2926202,29,33,2.0,0.0,0.03,Cerrado,19.6
c6627936-3f53-3a92-a659-352dcf132833,-15.16551,-45.6882,2026-03-30 17:22:00,NOAA-21,CHAPADA GAÚCHA,MINAS GERAIS,Brasil,3116159,31,33,4.0,0.1,0.16,Cerrado,15.3
c48750e0-3455-3031-bc2f-b6c4b38d74cb,-14.12252,-58.70476,2026-03-30 17:22:00,NOAA-21,TANGARÁ DA SERRA,MATO GROSSO,Brasil,5107958,51,33,2.0,0.0,0.04,Cerrado,5.0
d5ec226d-59e3-3c1c-81de-411773024aba,-14.32536,-58.31416,2026-03-30 17:22:00,NOAA-21,TANGARÁ DA SERRA,MATO GROSSO,Brasil,5107958,51,33,2.0,0.0,0.03,Cerrado,4.3
d20d6fec-9d66-3b07-8ee5-5a3b0caeeaa2,-12.47096,-43.73383,2026-03-30 17:22:00,NOAA-21,BREJOLÂNDIA,BAHIA,Brasil,2904407,29,33,2.0,0.44,0.05,Cerrado,3.9
c43c894d-0a37-3520-b27d-fa0a18289d1d,-12.84017,-45.89414,2026-03-30 17:22:00,NOAA-21,SÃO DESIDÉRIO,BAHIA,Brasil,2928901,29,33,4.0,0.4,0.14,Cerrado,7.1
0a2d5918-fcba-3a51-9c54-10f16e6fbe6a,-14.30437,-58.32061,2026-03-30 17:22:00,NOAA-21,TANGARÁ DA SERRA,MATO GROSSO,Brasil,5107958,51,33,2.0,0.0,0.03,Cerrado,71.5
42a97740-f258-3932-a19c-52b29c4bfdcc,-11.08633,-49.79528,2026-03-30 17:22:00,NOAA-21,DUERÉ,TOCANTINS,Brasil,1707306,17,33,1.0,0.4,0.07,Cerrado,13.7
00f92624-7ce3-3402-bd91-e6cf00198f2e,-15.40867,-50.33744,2026-03-30 17:22:00,NOAA-21,FAINA,GOIÁS,Brasil,5207535,52,33,0.0,1.38,0.04,Cerrado,9.1
b03e9c91-417a-3c9d-ad39-cf8ae559940a,-14.11511,-58.70197,2026-03-30 17:22:00,NOAA-21,TANGARÁ DA SERRA,MATO GROSSO,Brasil,5107958,51,33,2.0,0.0,0.04,Cerrado,7.9
4d55e5b5-379f-3616-9edc-0829b0598e57,-11.4486,-51.35719,2026-03-30 17:22:00,NOAA-21,SÃO FÉLIX DO ARAGUAIA,MATO GROSSO,Brasil,5107859,51,33,0.0,1.27,0.02,Cerrado,8.0
9a59500f-3590-3d27-b26c-80c96f0ab115,-12.4931,-43.78391,2026-03-30 17:22:00,NOAA-21,BREJOLÂNDIA,BAHIA,Brasil,2904407,29,33,3.0,0.27,0.06,Cerrado,6.1
648a4cae-7de8-3f03-9582-f5294ebeb62e,-11.08799,-49.79814,2026-03-30 17:22:00,NOAA-21,DUERÉ,TOCANTINS,Brasil,1707306,17,33,1.0,0.4,0.08,Cerrado,11.6
f4da9b85-7761-37ce-8946-fbe4c5ec59a9,-11.08704,-49.79302,2026-03-30 17:22:00,NOAA-21,DUERÉ,TOCANTINS,Brasil,1707306,17,33,1.0,0.4,0.05,Cerrado,11.6
495331e4-86de-3e72-8b8e-e99df718c2f2,-14.11566,-58.70578,2026-03-30 17:22:00,NOAA-21,TANGARÁ DA SERRA,MATO GROSSO,Brasil,5107958,51,33,2.0,0.0,0.03,Cerrado,15.4
e7170c2e-b9f1-3489-8d0e-059594ac7139,-10.39897,-44.93657,2026-03-30 17:22:00,NOAA-21,CORRENTE,PIAUÍ,Brasil,2202901,22,33,3.0,0.0,0.05,Cerrado,7.2
4ab0a60c-7872-3802-b142-d5c04d15fe6d,-10.29991,-46.62626,2026-03-30 17:22:00,NOAA-21,MATEIROS,TOCANTINS,Brasil,1712702,17,33,1.0,2.01,0.01,Cerrado,25.2
1891931f-382a-3972-8b8a-5747f6dbee4c,-11.71782,-44.73592,2026-03-30 17:22:00,NOAA-21,RIACHÃO DAS NEVES,BAHIA,Brasil,2926202,29,33,2.0,0.0,0.03,Cerrado,24.5
c678a5fa-9cf7-34d9-a2e9-f63cb67824f3,-14.10825,-58.703,2026-03-30 17:22:00,NOAA-21,TANGARÁ DA SERRA,MATO GROSSO,Brasil,5107958,51,33,2.0,0.0,0.03,Cerrado,8.7
ca3d9b73-7c06-3c47-a3dc-ede874de8b1b,-12.83555,-45.89163,2026-03-30 17:22:00,NOAA-21,SÃO DESIDÉRIO,BAHIA,Brasil,2928901,29,33,4.0,0.4,0.11,Cerrado,9.0
991b6e0d-889a-3b1c-8d37-e8c1759240e3,-10.39783,-44.93084,2026-03-30 17:22:00,NOAA-21,CORRENTE,PIAUÍ,Brasil,2202901,22,33,3.0,0.0,0.05,Cerrado,7.2
c265f246-0f23-3b0d-a5f4-885593403ebc,-14.11621,-58.70959,2026-03-30 17:22:00,NOAA-21,TANGARÁ DA SERRA,MATO GROSSO,Brasil,5107958,51,33,2.0,0.0,0.03,Cerrado,15.4
966230bb-8d15-3e13-a641-89ef9ea53681,-14.33431,-58.32811,2026-03-30 17:22:00,NOAA-21,TANGARÁ DA SERRA,MATO GROSSO,Brasil,5107958,51,33,2.0,0.0,0.03,Cerrado,7.1
0ec61b9e-3a3b-3c97-abfb-663a971468fb,-12.83838,-45.88537,2026-03-30 17:22:00,NOAA-21,SÃO DESIDÉRIO,BAHIA,Brasil,2928901,29,33,4.0,0.36,0.16,Cerrado,11.2
3b278885-66d9-32f8-9585-5603ece3ae0f,-11.80473,-49.42511,2026-03-30 17:22:00,NOAA-21,FORMOSO DO ARAGUAIA,TOCANTINS,Brasil,1708205,17,33,3.0,0.0,0.0,Cerrado,29.7
3753401b-88ac-3e2e-8738-f3a7a09c14cd,-14.86806,-46.57457,2026-03-30 17:22:00,NOAA-21,SÍTIO D'ABADIA,GOIÁS,Brasil,5220702,52,33,4.0,0.45,0.08,Cerrado,4.2
8f161790-b6ef-3f79-a18a-18ca6832899e,-14.30098,-58.32113,2026-03-30 17:22:00,NOAA-21,TANGARÁ DA SERRA,MATO GROSSO,Brasil,5107958,51,33,2.0,0.0,0.03,Cerrado,71.5
3b3b8e3c-3c40-34ed-aeda-dfea9244e6cc,-14.11168,-58.70248,2026-03-30 17:22:00,NOAA-21,TANGARÁ DA SERRA,MATO GROSSO,Brasil,5107958,51,33,2.0,0.0,0.03,Cerrado,7.9
3fe2dad2-d87c-3c4d-a933-191685815103,-12.83429,-45.89538,2026-03-30 17:22:00,NOAA-21,SÃO DESIDÉRIO,BAHIA,Brasil,2928901,29,33,4.0,0.4,0.09,Cerrado,7.1
180e8f49-c79d-3852-aec4-a0763f09fe91,-14.11909,-58.70527,2026-03-30 17:22:00,NOAA-21,TANGARÁ DA SERRA,MATO GROSSO,Brasil,5107958,51,33,2.0,0.0,0.04,Cerrado,5.0
29c16516-eaad-3a64-9988-9b710d885545,-14.33485,-58.33184,2026-03-30 17:22:00,NOAA-21,TANGARÁ DA SERRA,MATO GROSSO,Brasil,5107958,51,33,2.0,0.0,0.03,Cerrado,16.5
395b0723-c55d-3f74-bc92-fdd91b243a59,-14.33539,-58.33558,2026-03-30 17:22:00,NOAA-21,TANGARÁ DA SERRA,MATO GROSSO,Brasil,5107958,51,33,2.0,0.0,0.03,Cerrado,16.5
b7d35958-20ff-3307-991a-08ab09a93d28,-12.83641,-45.89602,2026-03-30 17:22:00,NOAA-21,SÃO DESIDÉRIO,BAHIA,Brasil,2928901,29,33,4.0,0.4,0.1,Cerrado,9.0
c18a3ad0-4dbe-3352-868b-f578eb60012f,-14.1077,-58.69918,2026-03-30 17:22:00,NOAA-21,TANGARÁ DA SERRA,MATO GROSSO,Brasil,5107958,51,33,2.0,0.0,0.03,Cerrado,8.7
f2146247-e94f-323e-a9c9-bf7b3b6425c1,-12.83468,-45.88723,2026-03-30 17:22:00,NOAA-21,SÃO DESIDÉRIO,BAHIA,Brasil,2928901,29,33,4.0,0.37,0.13,Cerrado,11.9
88a7c869-0a30-3135-a27d-e40e5d392c2f,-14.33825,-58.33133,2026-03-30 17:22:00,NOAA-21,TANGARÁ DA SERRA,MATO GROSSO,Brasil,5107958,51,33,2.0,0.0,0.03,Cerrado,16.5
d890574a-2fc6-3c2b-8d74-4979ea4a220a,-14.40275,-45.44046,2026-03-30 17:22:00,NOAA-21,COCOS,BAHIA,Brasil,2908101,29,33,3.0,2.66,0.06,Cerrado,15.5
3c9291bd-8c27-349a-9cb7-907a791ab9ee,-11.80375,-49.41978,2026-03-30 17:22:00,NOAA-21,FORMOSO DO ARAGUAIA,TOCANTINS,Brasil,1708205,17,33,3.0,0.0,0.0,Cerrado,29.7
a92f8e95-db26-3297-9f96-bb275614729e,-11.89994,-47.36207,2026-03-30 17:22:00,NOAA-21,ALMAS,TOCANTINS,Brasil,1700400,17,33,3.0,0.0,0.08,Cerrado,0.4
8b3cd22f-158e-3b41-ae04-1de2522f03e9,-14.41437,-49.29094,2026-03-30 17:22:00,NOAA-21,URUAÇU,GOIÁS,Brasil,5221601,52,33,3.0,0.0,0.02,Cerrado,5.7
d7ce5a19-ddef-3e71-a462-b79c2b4b77db,-11.79995,-49.42599,2026-03-30 17:22:00,NOAA-21,FORMOSO DO ARAGUAIA,TOCANTINS,Brasil,1708205,17,33,3.0,0.0,0.0,Cerrado,9.1
6836285d-f9ca-3310-88fe-a7aa443bd10f,-12.8325,-45.8866,2026-03-30 17:22:00,NOAA-21,SÃO DESIDÉRIO,BAHIA,Brasil,2928901,29,33,4.0,0.37,0.15,Cerrado,11.2
ca25e6ea-add3-3815-819f-aa6527a869d5,-15.41278,-50.33694,2026-03-30 17:22:00,NOAA-21,FAINA,GOIÁS,Brasil,5207535,52,33,0.0,1.37,0.04,Cerrado,4.9
f8c47807-e080-3a59-83eb-0c3afcecca70,-22.06177,-56.21663,2026-03-30 17:49:00,NPP-375,BELA VISTA,MATO GROSSO DO SUL,Brasil,5002100,50,33,3.0,0.0,1.0,Cerrado,4.8
71f42187-a62b-3b82-a042-f66726de8d51,-21.71933,-56.32358,2026-03-30 17:49:00,NPP-375,BELA VISTA,MATO GROSSO DO SUL,Brasil,5002100,50,33,2.0,0.0,0.92,Cerrado,10.1
0c1a8067-073d-3390-8ffe-0ec871a75aed,-19.18206,-49.12983,2026-03-30 17:49:00,NPP-375,PRATA,MINAS GERAIS,Brasil,3152808,31,33,4.0,0.1,0.71,Cerrado,9.4
493faa4c-bf91-34b7-b73b-f29524484a8a,-21.59666,-54.76388,2026-03-30 17:49:00,NPP-375,RIO BRILHANTE,MATO GROSSO DO SUL,Brasil,5007208,50,33,4.0,0.0,0.51,Cerrado,16.4
fe647755-42b4-397b-8a57-90ebe37b5ad5,-20.73649,-48.06614,2026-03-30 17:49:00,NPP-375,MORRO AGUDO,SÃO PAULO,Brasil,3531902,35,33,4.0,0.4,0.38,Cerrado,7.6
e849244b-1a16-3122-adc5-69055eac5306,-24.23685,-49.19483,2026-03-30 17:49:00,NPP-375,ITARARÉ,SÃO PAULO,Brasil,3523206,35,33,6.0,12.41,0.01,Cerrado,6.3
b6306b81-7754-385d-86c4-9664db1998dc,-21.52857,-53.38852,2026-03-30 17:49:00,NPP-375,RIBAS DO RIO PARDO,MATO GROSSO DO SUL,Brasil,5007109,50,33,4.0,0.0,0.69,Cerrado,3.8
52c2ac7c-f7de-3112-a40e-d74d0b2ff90a,-19.18831,-49.12794,2026-03-30 17:49:00,NPP-375,PRATA,MINAS GERAIS,Brasil,3152808,31,33,4.0,0.1,0.73,Cerrado,9.4
e3eb8d33-9e4d-3210-9cde-2de7fb979b7d,-22.06275,-56.22191,2026-03-30 17:49:00,NPP-375,BELA VISTA,MATO GROSSO DO SUL,Brasil,5002100,50,33,3.0,0.0,1.0,Cerrado,5.5
e9d49082-f937-3929-b1d3-eabbfe8f89c0,-21.59236,-54.76481,2026-03-30 17:49:00,NPP-375,RIO BRILHANTE,MATO GROSSO DO SUL,Brasil,5007208,50,33,4.0,0.0,0.5,Cerrado,7.0
f9366049-8e04-3b90-bba5-7ffec7f5eb1e,-22.24424,-49.33387,2026-03-30 17:49:00,NPP-375,AVAÍ,SÃO PAULO,Brasil,3504305,35,33,4.0,0.34,0.3,Cerrado,3.7
e2a6e593-a016-37a2-a677-7812dec8cb2c,-24.23718,-49.19552,2026-03-30 17:49:00,NPP-375,ITARARÉ,SÃO PAULO,Brasil,3523206,35,33,6.0,12.43,0.01,Cerrado,7.2
c72efed4-b887-395b-8e96-4cef5041744d,-14.2961,-58.3249,2026-03-30 17:50:00,GOES-19,TANGARÁ DA SERRA,MATO GROSSO,Brasil,5107958,51,33,2.0,0.0,0.04,Cerrado,95.7
2937df8a-9621-3c6a-b76d-2f36cf3d9241,-14.3153,-58.3231,2026-03-30 17:50:00,GOES-19,TANGARÁ DA SERRA,MATO GROSSO,Brasil,5107958,51,33,2.0,0.0,0.03,Cerrado,58.5
3ce26c8b-d12c-3671-a04b-445e9824e34c,-16.43759,-54.91494,2026-03-30 17:52:00,NPP-375,RONDONÓPOLIS,MATO GROSSO,Brasil,5107602,51,33,2.0,2.05,0.1,Cerrado,4.0
b211e7d4-b199-3017-b0af-9d4b554126e5,-19.29345,-55.15999,2026-03-30 17:52:00,NPP-375,RIO VERDE DE MATO GROSSO,MATO GROSSO DO SUL,Brasil,5007406,50,33,2.0,0.0,0.08,Cerrado,6.7
09d675d2-a49d-37c5-8b64-9ef3648a439d,-16.4366,-54.90986,2026-03-30 17:52:00,NPP-375,RONDONÓPOLIS,MATO GROSSO,Brasil,5107602,51,33,2.0,2.0,0.1,Cerrado,4.0
b4c4ec80-62d2-3858-ab1f-bf2376805625,-14.32833,-58.33178,2026-03-30 17:52:00,NPP-375,TANGARÁ DA SERRA,MATO GROSSO,Brasil,5107958,51,33,2.0,0.0,0.03,Cerrado,9.0
21665ad1-e3e0-3dfb-b69e-60abb6a9074b,-16.43465,-54.90651,2026-03-30 17:52:00,NPP-375,RONDONÓPOLIS,MATO GROSSO,Brasil,5107602,51,33,2.0,2.0,0.1,Cerrado,6.0
1bf16ead-7f9c-3c71-b610-8fe8022020dd,-16.4356,-54.9116,2026-03-30 17:52:00,NPP-375,RONDONÓPOLIS,MATO GROSSO,Brasil,5107602,51,33,2.0,2.02,0.1,Cerrado,6.0
059248cd-d97d-37b0-b5a5-6b0385495188,-14.10834,-58.70447,2026-03-30 17:52:00,NPP-375,TANGARÁ DA SERRA,MATO GROSSO,Brasil,5107958,51,33,2.0,0.0,0.03,Cerrado,11.4
6659515a-adc9-36bd-9b51-061268b84f5d,-14.33224,-58.33106,2026-03-30 17:52:00,NPP-375,TANGARÁ DA SERRA,MATO GROSSO,Brasil,5107958,51,33,2.0,0.0,0.03,Cerrado,23.5
a577c34c-a456-319e-bed1-9abf821f865f,-18.20737,-51.12254,2026-03-30 17:52:00,NPP-375,APARECIDA DO RIO DOCE,GOIÁS,Brasil,5201454,52,33,3.0,0.0,0.17,Cerrado,3.9
e0600abe-d23d-37c5-8c97-be5eac157171,-19.29475,-55.16318,2026-03-30 17:52:00,NPP-375,RIO VERDE DE MATO GROSSO,MATO GROSSO DO SUL,Brasil,5007406,50,33,2.0,0.0,0.14,Cerrado,3.1
9ece727e-81de-3812-a91d-d431f7d60a2b,-14.33312,-58.33615,2026-03-30 17:52:00,NPP-375,TANGARÁ DA SERRA,MATO GROSSO,Brasil,5107958,51,33,2.0,0.0,0.03,Cerrado,9.5
e7069c72-59dc-35cd-8225-1e7c2140a3a7,-11.9605,-49.53116,2026-03-30 17:52:00,NPP-375,FORMOSO DO ARAGUAIA,TOCANTINS,Brasil,1708205,17,33,3.0,0.0,0.0,Cerrado,6.1
7e0e181c-787f-3742-9bc2-8171d34c9ae5,-14.11603,-58.70309,2026-03-30 17:52:00,NPP-375,TANGARÁ DA SERRA,MATO GROSSO,Brasil,5107958,51,33,2.0,0.0,0.04,Cerrado,9.2
955759f5-00b9-33f5-b379-55743f92dcc7,-18.78358,-51.92521,2026-03-30 17:52:00,NPP-375,APORÉ,GOIÁS,Brasil,5201504,52,33,3.0,0.0,0.19,Cerrado,9.6
4135c19b-6042-3fe8-864a-2adfca8d8b2b,-19.29399,-55.15917,2026-03-30 17:52:00,NPP-375,RIO VERDE DE MATO GROSSO,MATO GROSSO DO SUL,Brasil,5007406,50,33,2.0,0.0,0.05,Cerrado,4.2
d11cdd82-70a2-3ff8-bedc-e8c2f5bc1231,-14.33616,-58.33033,2026-03-30 17:52:00,NPP-375,TANGARÁ DA SERRA,MATO GROSSO,Brasil,5107958,51,33,2.0,0.0,0.03,Cerrado,23.5
af8ede4a-05ac-3b7e-940f-fb4b9d080535,-15.40676,-50.33214,2026-03-30 17:52:00,NPP-375,FAINA,GOIÁS,Brasil,5207535,52,33,0.0,1.32,0.02,Cerrado,5.8
37625f6f-3399-3c6f-bce6-de619837ada6,-14.29826,-58.3215,2026-03-30 17:52:00,NPP-375,TANGARÁ DA SERRA,MATO GROSSO,Brasil,5107958,51,33,2.0,0.0,0.04,Cerrado,20.6
aea72f09-4ad7-31e8-8eb5-85b3d35d43da,-18.78437,-51.92891,2026-03-30 17:52:00,NPP-375,APORÉ,GOIÁS,Brasil,5201504,52,33,3.0,0.0,0.19,Cerrado,7.7
6eefe34f-e3ea-31bb-96d7-a04019a550df,-16.38858,-52.8973,2026-03-30 17:52:00,NPP-375,TORIXORÉU,MATO GROSSO,Brasil,5108204,51,33,2.0,0.54,0.13,Cerrado,2.0
2768ed8d-cf4b-3954-91fb-c7e9fca0a9d9,-14.07605,-58.14796,2026-03-30 17:52:00,NPP-375,TANGARÁ DA SERRA,MATO GROSSO,Brasil,5107958,51,33,0.0,0.0,0.03,Cerrado,2.9
d8572856-4ee8-3457-b23a-185b3d390852,-14.11774,-58.71289,2026-03-30 17:52:00,NPP-375,TANGARÁ DA SERRA,MATO GROSSO,Brasil,5107958,51,33,2.0,0.0,0.03,Cerrado,37.3
0b381364-6f09-390c-a5cc-2fde727baa9f,-14.30218,-58.32079,2026-03-30 17:52:00,NPP-375,TANGARÁ DA SERRA,MATO GROSSO,Brasil,5107958,51,33,2.0,0.0,0.03,Cerrado,20.6
e877dd32-007c-3aba-81a6-eb24e0aa5989,-14.30698,-58.32517,2026-03-30 17:52:00,NPP-375,TANGARÁ DA SERRA,MATO GROSSO,Brasil,5107958,51,33,2.0,0.0,0.03,Cerrado,25.5
4bd9e72a-2413-3b83-a606-0f4936f708df,-14.11219,-58.70379,2026-03-30 17:52:00,NPP-375,TANGARÁ DA SERRA,MATO GROSSO,Brasil,5107958,51,33,2.0,0.0,0.03,Cerrado,11.4
a29d11fb-c5f7-3a43-b679-f0bd9f3677ef,-14.29915,-58.32659,2026-03-30 17:52:00,NPP-375,TANGARÁ DA SERRA,MATO GROSSO,Brasil,5107958,51,33,2.0,0.0,0.04,Cerrado,20.6
0a75a695-de6b-3faf-bc5d-07b8151c8092,-14.11688,-58.70799,2026-03-30 17:52:00,NPP-375,TANGARÁ DA SERRA,MATO GROSSO,Brasil,5107958,51,33,2.0,0.0,0.03,Cerrado,37.3
a998da35-9457-3c3f-87c7-67ddbd115a83,-11.44832,-51.35895,2026-03-30 17:54:00,NPP-375,SÃO FÉLIX DO ARAGUAIA,MATO GROSSO,Brasil,5107859,51,33,0.0,1.25,0.02,Cerrado,4.9
76ac52a6-1811-329b-8d0c-8b29785d5340,-11.09383,-49.80257,2026-03-30 17:54:00,NPP-375,DUERÉ,TOCANTINS,Brasil,1707306,17,33,1.0,0.4,0.07,Cerrado,3.8
bb81e533-e824-3b18-a984-d9e6b25c79b0,-11.09244,-49.79573,2026-03-30 17:54:00,NPP-375,DUERÉ,TOCANTINS,Brasil,1707306,17,33,1.0,0.4,0.06,Cerrado,3.8
ffbdfc0f-8cb5-35a5-9244-121e05010687,-16.14651,-43.50986,2026-03-30 17:58:00,AQUA_M-T,FRANCISCO SÁ,MINAS GERAIS,Brasil,3126703,31,33,5.0,0.0,0.25,Cerrado,13.0
a5bc1a42-614e-34ce-aa4d-e6cc3d21b3e3,-14.41342,-45.4518,2026-03-30 17:58:00,AQUA_M-T,COCOS,BAHIA,Brasil,2908101,29,33,3.0,2.56,0.06,Cerrado,28.7
2f545e88-4417-3f37-a14a-b1409ecd684c,-13.5426,-44.00815,2026-03-30 17:58:00,AQUA_M-T,SÃO FÉLIX DO CORIBE,BAHIA,Brasil,2929057,29,33,4.0,0.0,0.54,Cerrado,13.7
c256428c-5381-3c23-acdc-c35a3538541a,-16.18377,-42.98447,2026-03-30 17:58:00,AQUA_M-T,GRÃO MOGOL,MINAS GERAIS,Brasil,3127800,31,33,2.0,0.0,0.08,Cerrado,9.2
cdf0d4e4-d05b-34e0-a642-5af5715cc3b3,-13.21508,-43.69566,2026-03-30 18:00:00,AQUA_M-T,BOM JESUS DA LAPA,BAHIA,Brasil,2903904,29,33,2.0,0.0,0.11,Cerrado,23.2
5d7c9b94-8e48-3c88-b6b5-f1acf4e76410,-10.39438,-44.93552,2026-03-30 18:00:00,AQUA_M-T,CORRENTE,PIAUÍ,Brasil,2202901,22,33,3.0,0.0,0.05,Cerrado,21.6
626ea3bc-66f4-3eb7-b071-0f02e4bc39d1,-10.40638,-44.9339,2026-03-30 18:00:00,AQUA_M-T,CORRENTE,PIAUÍ,Brasil,2202901,22,33,3.0,0.01,0.05,Cerrado,24.2
359d979b-6a25-3859-9fec-8b27c9328112,-10.40151,-44.93966,2026-03-30 18:00:00,AQUA_M-T,CORRENTE,PIAUÍ,Brasil,2202901,22,33,3.0,0.0,0.05,Cerrado,41.0
4b360e5f-2227-3a2e-9271-1c1c35f07873,-11.81711,-49.42008,2026-03-30 18:00:00,AQUA_M-T,FORMOSO DO ARAGUAIA,TOCANTINS,Brasil,1708205,17,33,3.0,0.0,0.0,Cerrado,41.4
c0b381d1-3372-3ca1-972e-ef06c9cd2b85,-14.3345,-58.3214,2026-03-30 18:00:00,GOES-19,TANGARÁ DA SERRA,MATO GROSSO,Brasil,5107958,51,33,2.0,0.0,0.03,Cerrado,67.5
18d9242e-2403-39fa-ae64-98f529d155ba,-11.16923,-44.44955,2026-03-30 18:00:00,AQUA_M-T,SANTA RITA DE CÁSSIA,BAHIA,Brasil,2928406,29,33,4.0,0.6,0.03,Cerrado,29.0
ea5899cc-39d5-3ac2-af36-30c12bc5498f,-14.3343,-58.3414,2026-03-30 18:10:00,GOES-19,TANGARÁ DA SERRA,MATO GROSSO,Brasil,5107958,51,33,2.0,0.0,0.03,Cerrado,47.6
91d6667a-f385-3a09-a6dc-cbc9326e36f2,-22.06276,-56.21535,2026-03-30 18:11:00,NOAA-20,BELA VISTA,MATO GROSSO DO SUL,Brasil,5002100,50,33,3.0,0.0,1.0,Cerrado,2.0
79ebe731-f15d-32bf-9a0d-c5d54bd3017c,-22.06373,-56.21962,2026-03-30 18:11:00,NOAA-20,BELA VISTA,MATO GROSSO DO SUL,Brasil,5002100,50,33,3.0,0.0,1.0,Cerrado,2.0
1e26d601-6290-32e2-9a66-e4ddbc671c64,-16.43498,-54.90807,2026-03-30 18:11:00,NOAA-20,RONDONÓPOLIS,MATO GROSSO,Brasil,5107602,51,33,2.0,2.0,0.1,Cerrado,12.5
d331a826-3c52-3ee3-9db0-5e0242dbb420,-14.11104,-58.70267,2026-03-30 18:13:00,NOAA-20,TANGARÁ DA SERRA,MATO GROSSO,Brasil,5107958,51,33,2.0,0.0,0.03,Cerrado,3.5
d1f0c726-b9bc-3eda-b11c-5aa6fd7afafa,-14.29986,-58.3269,2026-03-30 18:13:00,NOAA-20,TANGARÁ DA SERRA,MATO GROSSO,Brasil,5107958,51,33,2.0,0.0,0.04,Cerrado,21.4
90601c4c-a78c-34e4-8ce7-a92089f32abc,-14.29898,-58.32251,2026-03-30 18:13:00,NOAA-20,TANGARÁ DA SERRA,MATO GROSSO,Brasil,5107958,51,33,2.0,0.0,0.04,Cerrado,15.5
0b56083a-fecf-333b-a303-fa9a9c8e1322,-14.30075,-58.3313,2026-03-30 18:13:00,NOAA-20,TANGARÁ DA SERRA,MATO GROSSO,Brasil,5107958,51,33,2.0,0.0,0.04,Cerrado,21.4
74c72768-de03-33e1-b147-9dbb06717e99,-14.29807,-58.32964,2026-03-30 18:13:00,NOAA-20,TANGARÁ DA SERRA,MATO GROSSO,Brasil,5107958,51,33,2.0,0.0,0.04,Cerrado,23.3
725efc33-4e62-3419-a1ff-7e2435e13deb,-14.29715,-58.32527,2026-03-30 18:13:00,NOAA-20,TANGARÁ DA SERRA,MATO GROSSO,Brasil,5107958,51,33,2.0,0.0,0.04,Cerrado,23.3
91f30d5f-faef-374d-862a-90002718c3ed,-14.3345,-58.3214,2026-03-30 18:20:00,GOES-19,TANGARÁ DA SERRA,MATO GROSSO,Brasil,5107958,51,33,2.0,0.0,0.03,Cerrado,52.9
2d0855c3-7bf6-3374-a9b0-7d9c739ed6c6,-14.3153,-58.3231,2026-03-30 18:30:00,GOES-19,TANGARÁ DA SERRA,MATO GROSSO,Brasil,5107958,51,33,2.0,0.0,0.03,Cerrado,61.4
672c2f23-3ee1-3d26-8cdf-7e05110e45d8,-14.2961,-58.3249,2026-03-30 18:30:00,GOES-19,TANGARÁ DA SERRA,MATO GROSSO,Brasil,5107958,51,33,2.0,0.0,0.04,Cerrado,114.6
60b3e70b-6162-3b55-a247-28978c8a1ed8,-14.3343,-58.3414,2026-03-30 18:30:00,GOES-19,TANGARÁ DA SERRA,MATO GROSSO,Brasil,5107958,51,33,2.0,0.0,0.03,Cerrado,58.6
fcc506b0-1831-3932-a9a8-60079652227d,-14.1191,-58.7,2026-03-30 18:40:00,GOES-19,TANGARÁ DA SERRA,MATO GROSSO,Brasil,5107958,51,33,2.0,0.0,0.04,Cerrado,80.9
d82239be-a16a-375f-9227-3e2c668e6811,-14.3343,-58.3414,2026-03-30 18:40:00,GOES-19,TANGARÁ DA SERRA,MATO GROSSO,Brasil,5107958,51,33,2.0,0.0,0.03,Cerrado,72.9
0ba3571a-917a-31cb-915c-2ef0f8f50bc5,-14.2961,-58.3249,2026-03-30 18:50:00,GOES-19,TANGARÁ DA SERRA,MATO GROSSO,Brasil,5107958,51,33,2.0,0.0,0.04,Cerrado,140.8
5801764f-1c03-3079-aa33-ea37ae765284,-14.2961,-58.3249,2026-03-30 19:00:00,GOES-19,TANGARÁ DA SERRA,MATO GROSSO,Brasil,5107958,51,33,2.0,0.0,0.04,Cerrado,135.8
ff8beb1f-ce4d-30bd-95f6-f4d90dbc5fba,-14.2959,-58.3449,2026-03-30 19:00:00,GOES-19,TANGARÁ DA SERRA,MATO GROSSO,Brasil,5107958,51,33,2.0,0.0,0.04,Cerrado,76.5
54ded9f3-ce2c-3cae-b2b8-305b26ee824b,-14.3343,-58.3414,2026-03-30 19:10:00,GOES-19,TANGARÁ DA SERRA,MATO GROSSO,Brasil,5107958,51,33,2.0,0.0,0.03,Cerrado,100.6
a39d3561-0f88-3bcd-8bef-d68a3e23064a,-14.1189,-58.72,2026-03-30 19:10:00,GOES-19,TANGARÁ DA SERRA,MATO GROSSO,Brasil,5107958,51,33,2.0,0.0,0.03,Cerrado,79.1
b385dbbe-560a-3d05-b623-dd809c8c6448,-14.2959,-58.3449,2026-03-30 19:10:00,GOES-19,TANGARÁ DA SERRA,MATO GROSSO,Brasil,5107958,51,33,2.0,0.0,0.04,Cerrado,66.6
27f986b1-8301-3d8b-827e-dfa2e83f1d58,-14.2961,-58.3249,2026-03-30 19:10:00,GOES-19,TANGARÁ DA SERRA,MATO GROSSO,Brasil,5107958,51,33,2.0,0.0,0.04,Cerrado,85.8
a752a95d-5e08-3527-afe0-72628701ffbe,-14.2961,-58.3249,2026-03-30 19:20:00,GOES-19,TANGARÁ DA SERRA,MATO GROSSO,Brasil,5107958,51,33,2.0,0.0,0.04,Cerrado,71.5
6fe21459-1805-3978-92e5-e2871aba85cf,-14.2961,-58.3249,2026-03-30 19:30:00,GOES-19,TANGARÁ DA SERRA,MATO GROSSO,Brasil,5107958,51,33,2.0,0.0,0.04,Cerrado,86.8
2a53a22b-d993-3c8c-841e-4816a615a467,-14.29719,-58.33498,2026-03-30 19:36:00,AQUA_M-T,TANGARÁ DA SERRA,MATO GROSSO,Brasil,5107958,51,33,2.0,0.0,0.04,Cerrado,106.2
ba38349f-6b29-3fac-9131-178e4a28e53a,-14.11895,-58.73241,2026-03-30 19:36:00,AQUA_M-T,TANGARÁ DA SERRA,MATO GROSSO,Brasil,5107958,51,33,2.0,0.0,0.03,Cerrado,36.4
5fe1aabb-c9df-3bf4-99da-96fbf13fc3c6,-14.29504,-58.34224,2026-03-30 19:36:00,AQUA_M-T,TANGARÁ DA SERRA,MATO GROSSO,Brasil,5107958,51,33,2.0,0.0,0.04,Cerrado,57.2
31306a9d-c845-3ced-a62a-526c17c53ef4,-14.32148,-58.3455,2026-03-30 19:36:00,AQUA_M-T,TANGARÁ DA SERRA,MATO GROSSO,Brasil,5107958,51,33,2.0,0.0,0.03,Cerrado,20.3
07833ff8-636b-3b73-90ae-9351ea03ba96,-14.33239,-58.34356,2026-03-30 19:36:00,AQUA_M-T,TANGARÁ DA SERRA,MATO GROSSO,Brasil,5107958,51,33,2.0,0.0,0.03,Cerrado,62.7
8899f330-2b41-3b04-9b2f-2f14a0b49c03,-14.1273,-58.71673,2026-03-30 19:36:00,AQUA_M-T,TANGARÁ DA SERRA,MATO GROSSO,Brasil,5107958,51,33,2.0,0.0,0.03,Cerrado,31.4
6fd91d9a-dff3-3bed-9d24-9063c99bb263,-14.29267,-58.32777,2026-03-30 19:36:00,AQUA_M-T,TANGARÁ DA SERRA,MATO GROSSO,Brasil,5107958,51,33,2.0,0.0,0.04,Cerrado,49.8
c7df13ba-8418-359e-874e-8d982069a67e,-14.2961,-58.3249,2026-03-30 19:40:00,GOES-19,TANGARÁ DA SERRA,MATO GROSSO,Brasil,5107958,51,33,2.0,0.0,0.04,Cerrado,107.3
6b6ff95f-99d0-3a18-bf3e-224d041559d1,-14.3343,-58.3414,2026-03-30 19:40:00,GOES-19,TANGARÁ DA SERRA,MATO GROSSO,Brasil,5107958,51,33,2.0,0.0,0.03,Cerrado,95.1
8ac593ea-233b-3dba-9ce5-3acc414c3c26,-14.0997,-58.7216,2026-03-30 20:10:00,GOES-19,TANGARÁ DA SERRA,MATO GROSSO,Brasil,5107958,51,33,2.0,0.0,0.03,Cerrado,110.6
c8a7baec-9510-3517-8a33-50024f0894e7,-14.1189,-58.72,2026-03-30 20:10:00,GOES-19,TANGARÁ DA SERRA,MATO GROSSO,Brasil,5107958,51,33,2.0,0.0,0.03,Cerrado,107.2
1faa1f11-6420-35cf-a47a-b691a4b43bf0,-14.2961,-58.3249,2026-03-30 20:30:00,GOES-19,TANGARÁ DA SERRA,MATO GROSSO,Brasil,5107958,51,33,2.0,0.0,0.04,Cerrado,84.4
9afe4a5f-24e0-3c5a-9316-0d811ece793c,-14.3151,-58.3431,2026-03-30 20:30:00,GOES-19,TANGARÁ DA SERRA,MATO GROSSO,Brasil,5107958,51,33,2.0,0.0,0.03,Cerrado,80.2
2ccb5e3f-1221-35d6-a4b3-9d235b088d46,-14.2961,-58.3249,2026-03-30 20:40:00,GOES-19,TANGARÁ DA SERRA,MATO GROSSO,Brasil,5107958,51,33,2.0,0.0,0.04,Cerrado,88.6
acd28504-7f4c-3900-ba26-6f3523e7d4d8,-14.2959,-58.3449,2026-03-30 20:40:00,GOES-19,TANGARÁ DA SERRA,MATO GROSSO,Brasil,5107958,51,33,2.0,0.0,0.04,Cerrado,99.6
271cab8d-3e85-36be-954c-c522f5a9f9fe,-15.3416,-50.8071,2026-03-30 21:20:00,GOES-19,MATRINCHÃ,GOIÁS,Brasil,5212956,52,33,3.0,0.5,0.09,Cerrado,155.4
663422fb-0361-3dbe-a8db-bb8988619dbb,-15.3221,-50.8101,2026-03-30 21:20:00,GOES-19,MATRINCHÃ,GOIÁS,Brasil,5212956,52,33,3.0,0.4,0.09,Cerrado,319.1
94466b41-2b72-3120-86ec-36b77991eb16,-15.3225,-50.7883,2026-03-30 21:20:00,GOES-19,MATRINCHÃ,GOIÁS,Brasil,5212956,52,33,3.0,0.5,0.09,Cerrado,113.3
a562bb04-a908-3099-8009-4456b4746363,-17.17938,-47.12155,2026-03-30 23:58:00,TERRA_M-T,PARACATU,MINAS GERAIS,Brasil,3147006,31,33,3.0,0.0,0.04,Cerrado,8.6
ebb831b2-b535-39db-a0bf-70f2977123cc,-12.83694,-43.84887,2026-03-31 00:01:00,TERRA_M-M,SERRA DOURADA,BAHIA,Brasil,2930303,29,33,4.0,1.79,0.47,Cerrado,10.5
ab7001e8-e1c6-3063-83cd-dafff2692370,-12.48574,-43.64871,2026-03-31 00:01:00,TERRA_M-M,BREJOLÂNDIA,BAHIA,Brasil,2904407,29,33,3.0,3.17,0.06,Cerrado,13.1
a66012e7-e670-3c4b-811c-2dac7d687dc4,-13.54217,-43.68628,2026-03-31 00:01:00,TERRA_M-M,SERRA DO RAMALHO,BAHIA,Brasil,2930154,29,33,4.0,1.43,0.57,Cerrado,17.3
26944aa2-5702-3fdb-b9c4-64a3ccf1d3d0,-16.92502,-43.59759,2026-03-31 03:40:00,NOAA-20,GLAUCILÂNDIA,MINAS GERAIS,Brasil,3127354,31,33,5.0,3.12,0.1,Cerrado,1.3
c207aca4-2594-37a8-83fd-8396b7a930e7,-15.1644,-43.98665,2026-03-31 03:40:00,NOAA-20,JAÍBA,MINAS GERAIS,Brasil,3135050,31,33,5.0,0.1,0.17,Cerrado,2.0
b214fc01-7b99-309f-89fe-524f33f6f008,-13.54109,-43.68722,2026-03-31 03:40:00,NOAA-20,SERRA DO RAMALHO,BAHIA,Brasil,2930154,29,33,4.0,1.44,0.57,Cerrado,2.7
6fbe24ce-0204-3735-8fa2-626a1f9cc60b,-13.54244,-43.68248,2026-03-31 03:40:00,NOAA-20,SERRA DO RAMALHO,BAHIA,Brasil,2930154,29,33,4.0,1.43,0.58,Cerrado,1.7
8f6e43f5-1c06-3b46-98f6-6488c01e2029,-13.54132,-43.68824,2026-03-31 03:40:00,NOAA-20,SERRA DO RAMALHO,BAHIA,Brasil,2930154,29,33,4.0,1.44,0.57,Cerrado,2.1
4908f99f-edd9-31b9-bf8c-16fd089a4bdf,-16.92312,-43.59854,2026-03-31 03:40:00,NOAA-20,GLAUCILÂNDIA,MINAS GERAIS,Brasil,3127354,31,33,5.0,3.13,0.1,Cerrado,2.2
184bd100-29da-3ef1-b824-203b938bb643,-12.48427,-43.64701,2026-03-31 03:40:00,NOAA-20,BREJOLÂNDIA,BAHIA,Brasil,2904407,29,33,3.0,3.18,0.09,Cerrado,1.8
2d0b72aa-bca2-3aac-958c-b972c890210f,-12.83407,-43.84907,2026-03-31 03:40:00,NOAA-20,SERRA DOURADA,BAHIA,Brasil,2930303,29,33,4.0,1.78,0.47,Cerrado,1.9
af7f950e-8643-39a5-8d9a-7627a9ec6e4b,-16.92402,-43.60282,2026-03-31 03:40:00,NOAA-20,GLAUCILÂNDIA,MINAS GERAIS,Brasil,3127354,31,33,5.0,3.08,0.1,Cerrado,1.0
360dbde5-42d1-3455-8963-a16b967c6113,-21.33207,-47.06936,2026-03-31 03:42:00,NOAA-20,MOCOCA,SÃO PAULO,Brasil,3530508,35,33,4.0,18.71,0.0,Cerrado,2.2
07521db4-9f33-34ff-9ef2-37550ea3008e,-21.334,-47.07024,2026-03-31 03:42:00,NOAA-20,MOCOCA,SÃO PAULO,Brasil,3530508,35,33,4.0,18.65,0.0,Cerrado,2.2
68f10e24-c1fd-39b7-aa15-15de192a8caf,-20.20261,-46.44436,2026-03-31 03:42:00,NOAA-20,SÃO ROQUE DE MINAS,MINAS GERAIS,Brasil,3164308,31,33,4.0,19.17,0.0,Cerrado,0.5
a1ccea0c-5c55-39ad-86d3-07e3ee8367d2,-20.20401,-46.43782,2026-03-31 03:42:00,NOAA-20,SÃO ROQUE DE MINAS,MINAS GERAIS,Brasil,3164308,31,33,4.0,19.42,0.0,Cerrado,0.8
7832fdaf-e14c-3de3-8995-2504cfd7834a,-20.20473,-46.43448,2026-03-31 03:42:00,NOAA-20,SÃO ROQUE DE MINAS,MINAS GERAIS,Brasil,3164308,31,33,4.0,19.57,0.0,Cerrado,0.5
8f1f0e30-474b-3507-be66-44c2545f4cf2,-20.2033,-46.4411,2026-03-31 03:42:00,NOAA-20,SÃO ROQUE DE MINAS,MINAS GERAIS,Brasil,3164308,31,33,4.0,19.28,0.0,Cerrado,0.8
6ed2bd5e-17c8-3c06-8457-35135b9b2069,-17.90438,-42.85948,2026-03-31 03:42:00,NOAA-20,ITAMARANDIBA,MINAS GERAIS,Brasil,3132503,31,33,3.0,3.11,0.0,Cerrado,1.1
526b0740-ef91-3649-a76d-2b68d84b2245,-12.48981,-43.64542,2026-03-31 04:27:00,NOAA-21,BREJOLÂNDIA,BAHIA,Brasil,2904407,29,33,3.0,3.06,0.09,Cerrado,2.6
b0e3b6be-f8e0-3929-9830-0067b5a17f1c,-12.45152,-48.72609,2026-03-31 04:27:00,NOAA-21,JAÚ DO TOCANTINS,TOCANTINS,Brasil,1711506,17,33,3.0,7.04,0.02,Cerrado,1.0
201df53a-9051-31b8-8c65-b18b708354e2,-17.90612,-42.86325,2026-03-31 04:29:00,NOAA-21,ITAMARANDIBA,MINAS GERAIS,Brasil,3132503,31,33,3.0,3.08,0.0,Cerrado,1.0
c3633f4b-6bd7-3ad3-9772-9dfcba97e24b,-15.16638,-43.9847,2026-03-31 04:29:00,NOAA-21,JAÍBA,MINAS GERAIS,Brasil,3135050,31,33,5.0,0.1,0.19,Cerrado,2.6
35fd4ba5-6242-36e4-aec4-7f932735b201,-17.13427,-47.59591,2026-03-31 04:29:00,NOAA-21,CRISTALINA,GOIÁS,Brasil,5206206,52,33,4.0,2.39,0.15,Cerrado,0.8
7f2be536-86b6-3fbe-ad26-f3e25eecb44c,-17.88054,-49.86596,2026-03-31 04:29:00,NOAA-21,GOIATUBA,GOIÁS,Brasil,5209101,52,33,5.0,2.92,0.16,Cerrado,0.5
9215ad62-e0bf-3dab-87c0-e8c3f1f28373,-17.40657,-52.65275,2026-03-31 04:29:00,NOAA-21,PORTELÂNDIA,GOIÁS,Brasil,5218102,52,33,4.0,0.0,0.14,Cerrado,0.5
6dc955bc-c14c-3ade-b0a6-e3c33dc430cc,-15.2391,-50.83236,2026-03-31 04:29:00,NOAA-21,MATRINCHÃ,GOIÁS,Brasil,5212956,52,33,3.0,1.16,0.1,Cerrado,1.6
f9fe013d-ca20-36ac-8623-efc73a873de4,-16.26845,-47.96944,2026-03-31 04:29:00,NOAA-21,LUZIÂNIA,GOIÁS,Brasil,5212501,52,33,4.0,3.83,-999.0,Cerrado,0.6
e45ee920-9991-3750-985d-b1629c27d206,-17.90666,-42.85907,2026-03-31 04:29:00,NOAA-21,ITAMARANDIBA,MINAS GERAIS,Brasil,3132503,31,33,3.0,3.07,0.0,Cerrado,1.0
8a36fab2-d27c-39a4-8807-6eaeb212aaa2,-16.04021,-48.47534,2026-03-31 04:29:00,NOAA-21,ALEXÂNIA,GOIÁS,Brasil,5200308,52,33,4.0,1.7,0.33,Cerrado,0.6
73233b94-4b67-346b-a24f-be4ac855a6a7,-16.92699,-43.60091,2026-03-31 04:29:00,NOAA-21,GLAUCILÂNDIA,MINAS GERAIS,Brasil,3127354,31,33,5.0,3.09,0.1,Cerrado,1.3
abb0fe54-076a-3c0a-9db9-848defcf6e74,-13.54258,-43.68893,2026-03-31 04:29:00,NOAA-21,SERRA DO RAMALHO,BAHIA,Brasil,2930154,29,33,4.0,1.42,0.57,Cerrado,1.0
15581ce8-628e-32b7-b472-ce44249c4060,-13.54325,-43.68415,2026-03-31 04:29:00,NOAA-21,SERRA DO RAMALHO,BAHIA,Brasil,2930154,29,33,4.0,1.42,0.58,Cerrado,1.9
0d1a26f6-9c6a-353c-a87c-a25c23ee0504,-21.52473,-53.39213,2026-03-31 04:32:00,NOAA-21,RIBAS DO RIO PARDO,MATO GROSSO DO SUL,Brasil,5007109,50,33,5.0,0.3,0.85,Cerrado,1.3
f252684b-9c43-3a73-a351-83fff6453912,-19.18099,-49.1326,2026-03-31 04:32:00,NOAA-21,PRATA,MINAS GERAIS,Brasil,3152808,31,33,4.0,10.68,0.06,Cerrado,1.0
ac7d6660-5d6a-3e77-ad29-ac8d9be2a041,-20.14373,-52.83655,2026-03-31 04:32:00,NOAA-21,ÁGUA CLARA,MATO GROSSO DO SUL,Brasil,5000203,50,33,3.0,0.49,0.03,Cerrado,0.9
51b46b77-242b-3df3-817e-81fcb7011c38,-20.20448,-46.43698,2026-03-31 04:32:00,NOAA-21,SÃO ROQUE DE MINAS,MINAS GERAIS,Brasil,3164308,31,33,4.0,19.45,0.0,Cerrado,2.1
873747b3-c65f-3f48-8d24-4deaa00e770a,-21.33508,-47.07261,2026-03-31 04:32:00,NOAA-21,MOCOCA,SÃO PAULO,Brasil,3530508,35,33,4.0,18.68,0.0,Cerrado,0.7
c654701a-6ca2-3d3b-a43a-2a5af4e37436,-22.72156,-48.03489,2026-03-31 04:32:00,NOAA-21,PIRACICABA,SÃO PAULO,Brasil,3538709,35,33,4.0,1.55,0.15,Cerrado,2.7
48546842-63f4-32bd-b68d-2df2d530f898,-18.84078,-53.4234,2026-03-31 04:32:00,NOAA-21,COSTA RICA,MATO GROSSO DO SUL,Brasil,5003256,50,33,4.0,0.0,0.36,Cerrado,0.8
11641d1d-6be6-3041-9a43-e5cb56832efa,-19.18487,-49.12953,2026-03-31 04:32:00,NOAA-21,PRATA,MINAS GERAIS,Brasil,3152808,31,33,4.0,10.71,0.06,Cerrado,1.0
1681294d-ff8a-371c-a118-83ac1af3b868,-22.72208,-48.05542,2026-03-31 04:32:00,NOAA-21,PIRACICABA,SÃO PAULO,Brasil,3538709,35,33,4.0,1.66,0.52,Cerrado,1.5
d5d60711-0fa3-39de-922a-0743ad6d2c54,-19.69609,-51.35647,2026-03-31 04:32:00,NOAA-21,PARANAÍBA,MATO GROSSO DO SUL,Brasil,5006309,50,33,5.0,0.1,0.89,Cerrado,0.6
a1f0405f-a376-3994-b806-38a2314072bf,-20.04344,-54.51423,2026-03-31 04:32:00,NOAA-21,JARAGUARI,MATO GROSSO DO SUL,Brasil,5004908,50,33,2.0,1.54,0.11,Cerrado,4.4
cd48d45d-67fe-3ed4-9f65-aefc8ed65589,-18.8437,-53.42893,2026-03-31 04:32:00,NOAA-21,COSTA RICA,MATO GROSSO DO SUL,Brasil,5003256,50,33,4.0,0.0,0.37,Cerrado,1.1
0bd738b7-00aa-3aa5-9a55-ccfbd6f00538,-22.07398,-55.48894,2026-03-31 04:32:00,NOAA-21,DOURADOS,MATO GROSSO DO SUL,Brasil,5003702,50,33,4.0,1.19,0.4,Cerrado,1.1
c7802b4d-2404-37c4-9f6a-42caf652400d,-20.20508,-46.43268,2026-03-31 04:32:00,NOAA-21,SÃO ROQUE DE MINAS,MINAS GERAIS,Brasil,3164308,31,33,4.0,19.65,0.0,Cerrado,0.8
79a83e25-8d54-3693-a977-7bc87158cd5e,-20.20388,-46.4413,2026-03-31 04:32:00,NOAA-21,SÃO ROQUE DE MINAS,MINAS GERAIS,Brasil,3164308,31,33,4.0,19.26,0.0,Cerrado,2.1
2677023d-234d-3ad2-bbe1-573ec600f0a1,-22.07322,-55.49287,2026-03-31 04:32:00,NOAA-21,DOURADOS,MATO GROSSO DO SUL,Brasil,5003702,50,33,4.0,1.21,0.31,Cerrado,0.9
063f6d0e-5831-3898-83b7-c04e1cc0c97a,-19.29425,-55.16208,2026-03-31 04:32:00,NOAA-21,RIO VERDE DE MATO GROSSO,MATO GROSSO DO SUL,Brasil,5007406,50,33,3.0,0.0,0.15,Cerrado,2.1
07451c94-4bfb-340e-99eb-8be47dc476b0,-21.52836,-53.39289,2026-03-31 04:32:00,NOAA-21,RIBAS DO RIO PARDO,MATO GROSSO DO SUL,Brasil,5007109,50,33,5.0,0.27,0.86,Cerrado,1.3
51f97986-aed4-33a1-bcd5-1d93016385a0,-22.06313,-56.22028,2026-03-31 04:32:00,NOAA-21,BELA VISTA,MATO GROSSO DO SUL,Brasil,5002100,50,33,4.0,0.0,1.0,Cerrado,1.1
ee13828b-3b62-3ddb-94f7-e8587044a655,-21.3263,-55.78186,2026-03-31 04:32:00,NOAA-21,NIOAQUE,MATO GROSSO DO SUL,Brasil,5005806,50,33,3.0,0.0,0.23,Cerrado,0.6
d0a0a9e3-4ca3-3add-8ac9-fdcc1faa26f0,-20.56511,-47.87093,2026-03-31 04:32:00,NOAA-21,SÃO JOAQUIM DA BARRA,SÃO PAULO,Brasil,3549409,35,33,4.0,23.03,-999.0,Cerrado,0.6
0910c69a-b658-3220-a896-83af185a37a2,-21.33568,-47.06842,2026-03-31 04:32:00,NOAA-21,MOCOCA,SÃO PAULO,Brasil,3530508,35,33,4.0,18.53,0.0,Cerrado,2.1
4ee143b1-1044-39e8-89ba-1316d8f94af7,-12.44946,-48.7256,2026-03-31 04:59:00,NPP-375D,JAÚ DO TOCANTINS,TOCANTINS,Brasil,1711506,17,33,3.0,7.01,0.02,Cerrado,0.8
e053dd7c-939c-3124-9916-d58828e107cb,-20.20207,-46.43765,2026-03-31 05:01:00,NPP-375D,SÃO ROQUE DE MINAS,MINAS GERAIS,Brasil,3164308,31,33,4.0,19.46,0.0,Cerrado,0.7
7b7158be-24c4-39a8-95a7-918649474969,-15.24449,-50.82861,2026-03-31 05:01:00,NPP-375D,MATRINCHÃ,GOIÁS,Brasil,5212956,52,33,3.0,1.09,0.12,Cerrado,0.9
dc78d34c-6186-3748-8c25-0f836d6db823,-21.52306,-53.39205,2026-03-31 05:01:00,NPP-375D,RIBAS DO RIO PARDO,MATO GROSSO DO SUL,Brasil,5007109,50,33,5.0,0.3,0.82,Cerrado,0.9
23c1cc22-9d70-35ea-b242-8609afd6e8dd,-18.84058,-53.42648,2026-03-31 05:01:00,NPP-375D,COSTA RICA,MATO GROSSO DO SUL,Brasil,5003256,50,33,4.0,0.0,0.36,Cerrado,2.0
2d63a07c-9b17-3198-bde4-2f51e75f7b41,-19.29372,-55.15929,2026-03-31 05:01:00,NPP-375D,RIO VERDE DE MATO GROSSO,MATO GROSSO DO SUL,Brasil,5007406,50,33,3.0,0.0,0.08,Cerrado,1.1
ec3784d7-33b2-3987-99bb-bd8dac60e15b,-20.04068,-54.51559,2026-03-31 05:01:00,NPP-375D,JARAGUARI,MATO GROSSO DO SUL,Brasil,5004908,50,33,2.0,1.5,0.09,Cerrado,1.6
ad8a5921-e36f-359b-8937-b206252fc556,-22.07211,-55.4888,2026-03-31 05:01:00,NPP-375D,DOURADOS,MATO GROSSO DO SUL,Brasil,5003702,50,33,4.0,1.19,0.4,Cerrado,1.0
07fb1a48-92c2-3cfd-983d-dac5837abde1,-19.29315,-55.16293,2026-03-31 05:01:00,NPP-375D,RIO VERDE DE MATO GROSSO,MATO GROSSO DO SUL,Brasil,5007406,50,33,3.0,0.0,0.21,Cerrado,1.6
60f96a3b-1c93-3352-b7e7-dc0b9ec95c59,-20.7959,-55.37178,2026-03-31 05:01:00,NPP-375D,DOIS IRMÃOS DO BURITI,MATO GROSSO DO SUL,Brasil,5003488,50,33,3.0,0.1,0.05,Cerrado,1.2
4cd000c9-01a9-370b-922b-b961ae33bba9,-20.19966,-46.44165,2026-03-31 05:01:00,NPP-375D,SÃO ROQUE DE MINAS,MINAS GERAIS,Brasil,3164308,31,33,4.0,19.33,0.0,Cerrado,1.7
99cde616-2125-3093-a793-00b321eaeabc,-20.20168,-46.44123,2026-03-31 05:01:00,NPP-375D,SÃO ROQUE DE MINAS,MINAS GERAIS,Brasil,3164308,31,33,4.0,19.31,0.0,Cerrado,0.7
32063c16-58de-327e-8514-682dd02e17fd,-22.03333,-56.3038,2026-03-31 05:01:00,NPP-375D,BELA VISTA,MATO GROSSO DO SUL,Brasil,5002100,50,33,4.0,0.0,0.5,Cerrado,0.7
0f940ba3-ccf2-35f0-8f33-a5a75267f0c3,-21.71533,-56.32381,2026-03-31 05:01:00,NPP-375D,BELA VISTA,MATO GROSSO DO SUL,Brasil,5002100,50,33,3.0,0.0,1.0,Cerrado,1.5
cc8aa680-43ae-31bf-af3d-71a1416a8d12,-20.14396,-52.83832,2026-03-31 05:01:00,NPP-375D,ÁGUA CLARA,MATO GROSSO DO SUL,Brasil,5000203,50,33,3.0,0.49,0.03,Cerrado,1.1
36d7ecc1-3e03-3b3b-880b-316dc689014a,-19.18168,-49.13427,2026-03-31 05:01:00,NPP-375D,PRATA,MINAS GERAIS,Brasil,3152808,31,33,4.0,10.64,0.06,Cerrado,0.7
d47aa5fd-4a07-35c2-8393-8622c9e4fbaa,-19.18223,-49.12978,2026-03-31 05:01:00,NPP-375D,PRATA,MINAS GERAIS,Brasil,3152808,31,33,3.0,10.73,0.06,Cerrado,0.7
3d9a4cff-3ced-387f-a08c-d2072b091a7e,-22.06015,-56.22054,2026-03-31 05:01:00,NPP-375D,BELA VISTA,MATO GROSSO DO SUL,Brasil,5002100,50,33,4.0,0.0,1.0,Cerrado,0.8
2f5fca15-2250-3532-a0d5-a196bad7ce1d,-21.5266,-53.3926,2026-03-31 05:01:00,NPP-375D,RIBAS DO RIO PARDO,MATO GROSSO DO SUL,Brasil,5007109,50,33,5.0,0.28,0.86,Cerrado,1.2
7c4abc71-0308-301a-bb21-052472133035,-15.24008,-50.83271,2026-03-31 05:01:00,NPP-375D,MATRINCHÃ,GOIÁS,Brasil,5212956,52,33,3.0,1.15,0.1,Cerrado,0.9
3acd66d7-0720-3f56-b034-4c8e24d1b2a8,-20.04124,-54.51181,2026-03-31 05:01:00,NPP-375D,JARAGUARI,MATO GROSSO DO SUL,Brasil,5004908,50,33,2.0,1.54,0.11,Cerrado,2.3
4d9c5c49-6a68-3bb8-ae59-55f5fb2f94de,-22.07488,-55.49314,2026-03-31 05:01:00,NPP-375D,DOURADOS,MATO GROSSO DO SUL,Brasil,5003702,50,33,4.0,1.2,0.29,Cerrado,1.0
87f06422-e226-3c90-a522-7a78ce2186d6,-21.32456,-55.78283,2026-03-31 05:01:00,NPP-375D,NIOAQUE,MATO GROSSO DO SUL,Brasil,5005806,50,33,3.0,0.0,0.24,Cerrado,0.5
6b4b999f-849c-3004-84a9-aeb9cb603598,-18.84021,-53.42656,2026-03-31 05:23:00,NOAA-20,COSTA RICA,MATO GROSSO DO SUL,Brasil,5003256,50,33,4.0,0.0,0.36,Cerrado,1.8
d66dcc9a-8279-3314-9386-6e81dc1fa523,-20.04346,-54.51103,2026-03-31 05:23:00,NOAA-20,JARAGUARI,MATO GROSSO DO SUL,Brasil,5004908,50,33,2.0,1.57,0.11,Cerrado,2.8
74330f81-9999-3b3b-a8ed-752cc2858cf3,-19.29313,-55.16091,2026-03-31 05:23:00,NOAA-20,RIO VERDE DE MATO GROSSO,MATO GROSSO DO SUL,Brasil,5007406,50,33,3.0,0.0,0.14,Cerrado,2.1
f15e745c-135f-3598-bc0c-5ee0b1f31bcd,-21.7141,-48.44113,2026-03-31 05:23:00,NOAA-20,MATÃO,SÃO PAULO,Brasil,3529302,35,33,4.0,1.47,0.34,Cerrado,2.6
46b3bc9b-215f-333d-ba57-aab7f5b819c4,-21.70754,-48.43399,2026-03-31 05:23:00,NOAA-20,MATÃO,SÃO PAULO,Brasil,3529302,35,33,4.0,1.63,0.34,Cerrado,1.7
42526179-2455-3915-8375-325acc1b6818,-21.71459,-48.4341,2026-03-31 05:23:00,NOAA-20,MATÃO,SÃO PAULO,Brasil,3529302,35,33,4.0,1.67,0.33,Cerrado,1.7
83018d9b-e696-3b68-aeab-6a3d9eb1effa,-21.70934,-48.43476,2026-03-31 05:23:00,NOAA-20,MATÃO,SÃO PAULO,Brasil,3529302,35,33,4.0,1.62,0.34,Cerrado,2.2
5d34a52b-9190-3a75-9557-c1276d77561d,-21.71585,-48.44193,2026-03-31 05:23:00,NOAA-20,MATÃO,SÃO PAULO,Brasil,3529302,35,33,4.0,1.47,0.35,Cerrado,2.3
1d1a4eb6-fc7c-398e-940f-29aeb0bf8f7a,-22.07365,-55.49335,2026-03-31 05:25:00,NOAA-20,DOURADOS,MATO GROSSO DO SUL,Brasil,5003702,50,33,4.0,1.2,0.3,Cerrado,0.7
cd01bcdd-cf12-314f-ab45-6d3f9390fc3e,-21.71418,-56.32296,2026-03-31 05:25:00,NOAA-20,BELA VISTA,MATO GROSSO DO SUL,Brasil,5002100,50,33,3.0,0.0,1.0,Cerrado,1.7
2288c6ff-0f41-39ca-8a69-ba4277a73040,-21.71352,-52.99601,2026-03-31 05:25:00,NOAA-20,BATAGUASSU,MATO GROSSO DO SUL,Brasil,5001904,50,33,4.0,4.99,0.56,Cerrado,1.5
647dc769-bcd6-3ef0-8c86-a7532e2ad020,-21.71389,-52.9924,2026-03-31 05:25:00,NOAA-20,BATAGUASSU,MATO GROSSO DO SUL,Brasil,5001904,50,33,4.0,5.1,0.55,Cerrado,1.5
fd7762af-60d4-3273-84a5-5074e5ba2688,-22.07419,-55.48857,2026-03-31 05:25:00,NOAA-20,DOURADOS,MATO GROSSO DO SUL,Brasil,5003702,50,33,4.0,1.19,0.4,Cerrado,1.0
8505cd70-e686-301e-95bc-4c55e94f6bd8,-12.7878,-45.8333,2026-03-31 11:30:00,GOES-19,SÃO DESIDÉRIO,BAHIA,Brasil,2928901,29,33,4.0,5.04,0.05,Cerrado,123.5
21a0b11e-e69a-3ec3-9f9d-53227dc214e7,-12.7878,-45.8333,2026-03-31 11:40:00,GOES-19,SÃO DESIDÉRIO,BAHIA,Brasil,2928901,29,33,4.0,5.04,0.05,Cerrado,123.4
e6218bdb-05f4-3f59-85d8-88815ef1e15f,-12.7878,-45.8333,2026-03-31 11:50:00,GOES-19,SÃO DESIDÉRIO,BAHIA,Brasil,2928901,29,33,4.0,5.04,0.05,Cerrado,120.1
1991ccf8-ed7f-3a0b-9000-77f00f997008,-12.7878,-45.8333,2026-03-31 12:00:00,GOES-19,SÃO DESIDÉRIO,BAHIA,Brasil,2928901,29,33,4.0,5.04,0.05,Cerrado,136.7
d467570c-fec2-368e-976b-ce19c263b206,-12.7878,-45.8333,2026-03-31 12:10:00,GOES-19,SÃO DESIDÉRIO,BAHIA,Brasil,2928901,29,33,4.0,5.04,0.05,Cerrado,148.1
83346018-24f5-3548-af99-32df312749b5,-12.7878,-45.8333,2026-03-31 12:20:00,GOES-19,SÃO DESIDÉRIO,BAHIA,Brasil,2928901,29,33,4.0,5.04,0.05,Cerrado,145.0
60ab57d5-95b9-3f9c-b7ea-52dfa8131630,-12.78894,-45.84982,2026-03-31 12:27:00,TERRA_M-T,SÃO DESIDÉRIO,BAHIA,Brasil,2928901,29,33,4.0,4.92,0.03,Cerrado,60.9
e71c2aca-d98e-367e-8491-c14974931452,-16.19291,-45.1227,2026-03-31 12:27:00,TERRA_M-T,SÃO ROMÃO,MINAS GERAIS,Brasil,3164209,31,33,2.0,1.34,0.1,Cerrado,49.9
df38a590-0d3c-3836-9a2d-301f7fc9ffdb,-16.86156,-48.38475,2026-03-31 12:27:00,TERRA_M-T,VIANÓPOLIS,GOIÁS,Brasil,5222005,52,33,4.0,3.08,0.13,Cerrado,21.4
0a70debe-2792-39b2-bdf2-2c4746449392,-13.50787,-56.86644,2026-03-31 12:27:00,TERRA_M-T,SÃO JOSÉ DO RIO CLARO,MATO GROSSO,Brasil,5107305,51,33,3.0,0.2,0.0,Cerrado,14.5
b8985336-1d2b-307a-85f2-a9bfd37c5e70,-15.32166,-46.47081,2026-03-31 12:27:00,TERRA_M-T,BURITIS,MINAS GERAIS,Brasil,3109303,31,33,4.0,4.92,0.01,Cerrado,15.9
658354d0-eaef-3623-8dee-e9c09ebebaa5,-16.1836,-45.15421,2026-03-31 12:27:00,TERRA_M-T,SÃO ROMÃO,MINAS GERAIS,Brasil,3164209,31,33,1.0,1.42,0.23,Cerrado,61.6
6b3b347e-bcfc-3799-9b73-098ca5fbe665,-15.52905,-45.8974,2026-03-31 12:27:00,TERRA_M-T,ARINOS,MINAS GERAIS,Brasil,3104502,31,33,4.0,3.69,0.04,Cerrado,15.7
77c4d551-145b-34c3-a428-0db80c254c5b,-13.50943,-56.85609,2026-03-31 12:27:00,TERRA_M-T,SÃO JOSÉ DO RIO CLARO,MATO GROSSO,Brasil,5107305,51,33,3.0,0.2,0.0,Cerrado,131.8
74c6b1f1-7595-3ba2-96ea-396aa6e572bb,-15.12288,-47.31722,2026-03-31 12:27:00,TERRA_M-T,FORMOSA,GOIÁS,Brasil,5208004,52,33,5.0,0.48,0.18,Cerrado,22.2
70d0158e-5783-399c-872c-538e3c8767b8,-16.18939,-45.1601,2026-03-31 12:27:00,TERRA_M-T,SÃO ROMÃO,MINAS GERAIS,Brasil,3164209,31,33,1.0,1.31,0.07,Cerrado,42.8
05856fb0-52bd-3045-a579-b4e99cb1a419,-16.02511,-50.04301,2026-03-31 12:27:00,TERRA_M-T,GOIÁS,GOIÁS,Brasil,5208905,52,33,0.0,1.1,0.04,Cerrado,29.5
917c41ed-a02f-33ff-b8b4-b5dd90921b78,-16.18735,-45.11684,2026-03-31 12:27:00,TERRA_M-T,SÃO ROMÃO,MINAS GERAIS,Brasil,3164209,31,33,2.0,1.45,0.12,Cerrado,43.5
57b47a36-96a2-3003-a4fd-a70040d04495,-21.72544,-57.03559,2026-03-31 12:29:00,TERRA_M-T,CARACOL,MATO GROSSO DO SUL,Brasil,5002803,50,33,2.0,0.44,0.54,Cerrado,6.4
2c1d6c5b-fd07-3384-bf0e-77d48434b9de,-19.01403,-49.87221,2026-03-31 12:29:00,TERRA_M-T,GURINHATÃ,MINAS GERAIS,Brasil,3129103,31,33,5.0,0.1,0.59,Cerrado,19.9
b0085dd7-757c-37cb-bb6f-ba30962d8d8e,-13.5116,-56.8521,2026-03-31 12:30:00,GOES-19,SÃO JOSÉ DO RIO CLARO,MATO GROSSO,Brasil,5107305,51,33,3.0,0.2,0.0,Cerrado,91.0
eabab2b4-7474-30c7-8fa4-cd3f6ac52c7b,-12.7878,-45.8333,2026-03-31 12:30:00,GOES-19,SÃO DESIDÉRIO,BAHIA,Brasil,2928901,29,33,4.0,5.04,0.05,Cerrado,144.3
966a8aed-7a01-3759-8c1f-9cea7ddc47a0,-12.7878,-45.8333,2026-03-31 12:40:00,GOES-19,SÃO DESIDÉRIO,BAHIA,Brasil,2928901,29,33,4.0,5.04,0.05,Cerrado,129.7
ff55a515-3f3a-3703-a05d-820102ea9579,-13.5116,-56.8521,2026-03-31 12:40:00,GOES-19,SÃO JOSÉ DO RIO CLARO,MATO GROSSO,Brasil,5107305,51,33,3.0,0.2,0.0,Cerrado,94.2
4a9ecfdd-9a5a-3433-83e7-a99baae64f00,-13.5116,-56.8521,2026-03-31 12:50:00,GOES-19,SÃO JOSÉ DO RIO CLARO,MATO GROSSO,Brasil,5107305,51,33,3.0,0.2,0.0,Cerrado,101.8
c748bc9e-e873-3e5f-ba3e-475d6e6ffab1,-13.5116,-56.8521,2026-03-31 13:00:00,GOES-19,SÃO JOSÉ DO RIO CLARO,MATO GROSSO,Brasil,5107305,51,33,3.0,0.2,0.0,Cerrado,118.9
aefd8577-18da-30f3-a1c3-c32ad3872996,-12.7878,-45.8333,2026-03-31 13:10:00,GOES-19,SÃO DESIDÉRIO,BAHIA,Brasil,2928901,29,33,4.0,5.04,0.05,Cerrado,142.8
e9d4fb72-a60b-329b-b08a-8ce3b404ee43,-13.5113,-56.8723,2026-03-31 14:30:00,GOES-19,SÃO JOSÉ DO RIO CLARO,MATO GROSSO,Brasil,5107305,51,33,3.0,0.2,0.0,Cerrado,109.3
461a6aca-3b16-395f-9657-3d1bbfa3d124,-13.5113,-56.8723,2026-03-31 14:40:00,GOES-19,SÃO JOSÉ DO RIO CLARO,MATO GROSSO,Brasil,5107305,51,33,3.0,0.2,0.0,Cerrado,94.7
9f420c28-24d1-3365-a106-f3b893436cc6,-13.5113,-56.8723,2026-03-31 14:50:00,GOES-19,SÃO JOSÉ DO RIO CLARO,MATO GROSSO,Brasil,5107305,51,33,3.0,0.2,0.0,Cerrado,87.7
28c77357-ec46-398f-923e-1d8dd5023d41,-13.5116,-56.8521,2026-03-31 14:50:00,GOES-19,SÃO JOSÉ DO RIO CLARO,MATO GROSSO,Brasil,5107305,51,33,3.0,0.2,0.0,Cerrado,250.5
b3619227-6b31-3b95-8186-29c067c02a40,-13.5116,-56.8521,2026-03-31 15:00:00,GOES-19,SÃO JOSÉ DO RIO CLARO,MATO GROSSO,Brasil,5107305,51,33,3.0,0.2,0.0,Cerrado,187.2
95c1072c-6dd6-3a85-b4b2-99d6c6e48e50,-13.5113,-56.8723,2026-03-31 15:10:00,GOES-19,SÃO JOSÉ DO RIO CLARO,MATO GROSSO,Brasil,5107305,51,33,3.0,0.2,0.0,Cerrado,86.6
cba6c5c8-64f8-3bdd-836c-9b1c9648c9fe,-13.5113,-56.8723,2026-03-31 15:20:00,GOES-19,SÃO JOSÉ DO RIO CLARO,MATO GROSSO,Brasil,5107305,51,33,3.0,0.2,0.0,Cerrado,63.9
4bceb3b7-68a5-30ea-8933-24833dd1442c,-14.99923,-45.92102,2026-03-31 15:52:00,NPP-375,COCOS,BAHIA,Brasil,2908101,29,33,4.0,1.84,0.12,Cerrado,105.9
69c76caa-fdba-3b0c-bb92-74f77162a229,-15.01415,-45.93209,2026-03-31 15:52:00,NPP-375,COCOS,BAHIA,Brasil,2908101,29,33,4.0,1.68,0.09,Cerrado,11.1
da0329b3-ff2c-352a-866c-dcb4b4454d1e,-14.99983,-45.92712,2026-03-31 15:52:00,NPP-375,COCOS,BAHIA,Brasil,2908101,29,33,4.0,1.74,0.13,Cerrado,87.8
fecdacb7-9cae-3fd3-9860-605f6ff9a9ed,-14.99826,-45.92298,2026-03-31 15:52:00,NPP-375,COCOS,BAHIA,Brasil,2908101,29,33,4.0,1.81,0.13,Cerrado,191.1
fc17f7cf-bbfe-39c0-83f6-7677be19459e,-15.75645,-42.278,2026-03-31 15:52:00,NPP-375,RIO PARDO DE MINAS,MINAS GERAIS,Brasil,3155603,31,33,3.0,0.3,0.03,Cerrado,3.3
790371bf-eb86-32ad-abe3-52dc1666acf1,-15.75575,-42.28017,2026-03-31 15:52:00,NPP-375,RIO PARDO DE MINAS,MINAS GERAIS,Brasil,3155603,31,33,3.0,0.3,0.02,Cerrado,2.4
78b1f07e-3639-3f40-b8f6-0a8e412caf7d,-16.19056,-45.14731,2026-03-31 15:52:00,NPP-375,SÃO ROMÃO,MINAS GERAIS,Brasil,3164209,31,33,1.0,1.29,0.22,Cerrado,5.4
c2ee9844-c299-303f-a2a4-4554b14aadc2,-14.99762,-45.91684,2026-03-31 15:52:00,NPP-375,COCOS,BAHIA,Brasil,2908101,29,33,4.0,1.91,0.11,Cerrado,110.0
2aa6111b-e62f-3694-8db6-7bc458b9f50d,-14.99863,-45.9148,2026-03-31 15:52:00,NPP-375,COCOS,BAHIA,Brasil,2908101,29,33,4.0,1.93,0.11,Cerrado,105.9
f7b1c1a8-e78d-3c89-abae-5adb46708834,-12.77411,-45.83507,2026-03-31 15:54:00,NPP-375,SÃO DESIDÉRIO,BAHIA,Brasil,2928901,29,33,4.0,5.21,0.03,Cerrado,33.9
ec2a898e-ac87-3782-9159-d953b129f4bb,-12.77764,-45.83717,2026-03-31 15:54:00,NPP-375,SÃO DESIDÉRIO,BAHIA,Brasil,2928901,29,33,4.0,5.15,0.03,Cerrado,74.4
1a2b21ca-d0af-3ba0-88f3-9164e2dc5483,-12.78074,-45.83422,2026-03-31 15:54:00,NPP-375,SÃO DESIDÉRIO,BAHIA,Brasil,2928901,29,33,4.0,5.12,0.03,Cerrado,26.9
5d7f2cc1-3770-3948-b6dd-9658dd95ed5b,-12.7826,-45.85165,2026-03-31 15:54:00,NPP-375,SÃO DESIDÉRIO,BAHIA,Brasil,2928901,29,33,4.0,5.02,0.03,Cerrado,16.3
335ba58b-28c0-3c20-8954-3f9671bec8b2,-12.78675,-45.82755,2026-03-31 15:54:00,NPP-375,SÃO DESIDÉRIO,BAHIA,Brasil,2928901,29,33,4.0,5.08,0.05,Cerrado,26.9
304467e7-d002-3878-bb7c-7661dacb16f1,-12.78198,-45.84586,2026-03-31 15:54:00,NPP-375,SÃO DESIDÉRIO,BAHIA,Brasil,2928901,29,33,3.0,5.04,0.03,Cerrado,54.3
f9f7ddeb-64f7-3837-b54f-1a91ed2e26d0,-12.84123,-45.95691,2026-03-31 15:54:00,NPP-375,SÃO DESIDÉRIO,BAHIA,Brasil,2928901,29,33,3.0,4.25,0.08,Cerrado,7.2
545c9a26-cf41-3f8d-a28b-50e5901afffa,-12.78137,-45.84007,2026-03-31 15:54:00,NPP-375,SÃO DESIDÉRIO,BAHIA,Brasil,2928901,29,33,4.0,5.07,0.03,Cerrado,54.3
5283d50c-1393-3404-becb-530f43747404,-12.77895,-45.84874,2026-03-31 15:54:00,NPP-375,SÃO DESIDÉRIO,BAHIA,Brasil,2928901,29,33,4.0,5.07,0.03,Cerrado,26.1
4b98562d-d8e7-332d-804e-407f897bf6eb,-12.7909,-45.83546,2026-03-31 15:54:00,NPP-375,SÃO DESIDÉRIO,BAHIA,Brasil,2928901,29,33,4.0,4.98,0.07,Cerrado,21.0
352a1eed-82d3-357e-bd27-d0c5cc4b3878,-12.7783,-45.84298,2026-03-31 15:54:00,NPP-375,SÃO DESIDÉRIO,BAHIA,Brasil,2928901,29,33,4.0,5.11,0.03,Cerrado,74.4
6a7045a4-dedd-3cf7-a9c9-8cc8e5808369,-12.78012,-45.82836,2026-03-31 15:54:00,NPP-375,SÃO DESIDÉRIO,BAHIA,Brasil,2928901,29,33,4.0,5.16,0.04,Cerrado,26.9
5019f39b-ef4f-36ae-9882-bd5433b25836,-8.7732,-44.8104,2026-03-31 15:54:00,NPP-375,CURRAIS,PIAUÍ,Brasil,2203230,22,33,1.0,8.37,0.01,Cerrado,4.1
71e79326-ed11-378f-b4dd-f60c0d4415a5,-12.78295,-45.82468,2026-03-31 15:54:00,NPP-375,SÃO DESIDÉRIO,BAHIA,Brasil,2928901,29,33,4.0,5.13,0.06,Cerrado,16.4
009ee1ca-bf70-33f5-890c-4712023adc2a,-12.77698,-45.83128,2026-03-31 15:54:00,NPP-375,SÃO DESIDÉRIO,BAHIA,Brasil,2928901,29,33,4.0,5.18,0.03,Cerrado,66.1
0f52f9f0-387d-3403-9378-2a4be99b3a89,-12.78361,-45.83047,2026-03-31 15:54:00,NPP-375,SÃO DESIDÉRIO,BAHIA,Brasil,2928901,29,33,4.0,5.11,0.03,Cerrado,16.4
f58f29ce-b978-31c5-bcea-9bfee8b0104f,-12.78492,-45.84207,2026-03-31 15:54:00,NPP-375,SÃO DESIDÉRIO,BAHIA,Brasil,2928901,29,33,4.0,5.0,0.03,Cerrado,21.0
c07513ec-84e3-39f9-8bd1-da9f402e06f5,-12.77474,-45.84095,2026-03-31 15:54:00,NPP-375,SÃO DESIDÉRIO,BAHIA,Brasil,2928901,29,33,4.0,5.19,0.03,Cerrado,18.4
f80b4ac1-db81-39b2-a1f2-2ee27ad172e3,-12.78799,-45.83913,2026-03-31 15:54:00,NPP-375,SÃO DESIDÉRIO,BAHIA,Brasil,2928901,29,33,4.0,4.98,0.05,Cerrado,54.3
03855c7b-9f1f-3614-b5c4-5f9822f53dc7,-12.78427,-45.83628,2026-03-31 15:54:00,NPP-375,SÃO DESIDÉRIO,BAHIA,Brasil,2928901,29,33,4.0,5.05,0.03,Cerrado,21.0
e48ef6f4-7e42-301c-9d12-47a8c275e939,-12.78559,-45.84788,2026-03-31 15:54:00,NPP-375,SÃO DESIDÉRIO,BAHIA,Brasil,2928901,29,33,4.0,4.99,0.03,Cerrado,14.1
8154a334-1d5f-3c24-a36e-1c02743a8a1f,-12.78737,-45.83333,2026-03-31 15:54:00,NPP-375,SÃO DESIDÉRIO,BAHIA,Brasil,2928901,29,33,4.0,5.04,0.04,Cerrado,26.9
2e2e732b-eaa5-3466-ab8f-6a8da502bb14,-16.1931,-45.1446,2026-03-31 16:11:00,NOAA-20,SÃO ROMÃO,MINAS GERAIS,Brasil,3164209,31,33,1.0,1.24,0.14,Cerrado,17.4
deedceba-d88a-39df-9a3b-703e79f32e49,-16.18978,-45.14243,2026-03-31 16:11:00,NOAA-20,SÃO ROMÃO,MINAS GERAIS,Brasil,3164209,31,33,1.0,1.3,0.25,Cerrado,27.9
734117d2-c605-3f1d-b9c8-779920fb6e2d,-15.72963,-42.27349,2026-03-31 16:11:00,NOAA-20,RIO PARDO DE MINAS,MINAS GERAIS,Brasil,3155603,31,33,3.0,0.35,0.23,Cerrado,7.0
5e711562-12f8-39cc-9997-21e21df998dc,-16.18875,-45.14517,2026-03-31 16:11:00,NOAA-20,SÃO ROMÃO,MINAS GERAIS,Brasil,3164209,31,33,1.0,1.33,0.28,Cerrado,17.4
c450daf9-ea78-3924-93dc-f4c6ee8b555c,-19.97414,-47.20278,2026-03-31 16:11:00,NOAA-20,SACRAMENTO,MINAS GERAIS,Brasil,3156908,31,33,3.0,1.92,0.01,Cerrado,14.1
0f4dfb94-5f86-3d9f-9435-2d8ddd640912,-16.1882,-45.14089,2026-03-31 16:11:00,NOAA-20,SÃO ROMÃO,MINAS GERAIS,Brasil,3164209,31,33,1.0,1.34,0.3,Cerrado,17.4
664570b8-c6d4-30e4-8e8b-7ec96e829aca,-18.71871,-44.44372,2026-03-31 16:11:00,NOAA-20,CURVELO,MINAS GERAIS,Brasil,3120904,31,33,4.0,2.78,0.26,Cerrado,1.5
7605152b-53a4-3435-98d1-64e7f13ed9a0,-16.19365,-45.14889,2026-03-31 16:11:00,NOAA-20,SÃO ROMÃO,MINAS GERAIS,Brasil,3164209,31,33,1.0,1.23,0.12,Cerrado,18.7
af897669-bc9b-3a38-809a-f617c14be0f6,-19.97348,-47.1963,2026-03-31 16:11:00,NOAA-20,SACRAMENTO,MINAS GERAIS,Brasil,3156908,31,33,3.0,1.85,0.01,Cerrado,9.5
667b3198-3cd8-383e-b929-e610dfa36ee2,-21.46092,-47.57985,2026-03-31 16:11:00,NOAA-20,SÃO SIMÃO,SÃO PAULO,Brasil,3550902,35,33,3.0,13.34,0.01,Cerrado,4.5
b369d4f0-65cb-33a4-8926-bf5f96ce3cd4,-19.97381,-47.19955,2026-03-31 16:11:00,NOAA-20,SACRAMENTO,MINAS GERAIS,Brasil,3156908,31,33,3.0,1.89,0.01,Cerrado,14.1
221194c0-f751-3c4d-81f2-1de3efc43b9f,-16.1903,-45.14672,2026-03-31 16:11:00,NOAA-20,SÃO ROMÃO,MINAS GERAIS,Brasil,3164209,31,33,1.0,1.29,0.23,Cerrado,27.9
0dfb334b-368b-3fa0-bb32-c9b4aeca292a,-12.78397,-45.84219,2026-03-31 16:13:00,NOAA-20,SÃO DESIDÉRIO,BAHIA,Brasil,2928901,29,33,4.0,5.02,0.03,Cerrado,28.3
96d80bfe-4fa1-3469-ac92-cfb6273d02ef,-15.03252,-45.94478,2026-03-31 16:13:00,NOAA-20,COCOS,BAHIA,Brasil,2908101,29,33,4.0,1.55,0.14,Cerrado,48.6
10070290-b63c-3b02-8ebe-5a7f1be9eadc,-15.00266,-45.92521,2026-03-31 16:13:00,NOAA-20,COCOS,BAHIA,Brasil,2908101,29,33,4.0,1.76,0.13,Cerrado,39.1
3e59bb6f-08de-3fe7-896b-a9ec8086b02e,-8.77615,-44.81442,2026-03-31 16:13:00,NOAA-20,CURRAIS,PIAUÍ,Brasil,2203230,22,33,1.0,8.36,0.01,Cerrado,6.5
51a8380b-55a1-3bf0-bc80-0f4ff4ce878f,-12.78018,-45.84704,2026-03-31 16:13:00,NOAA-20,SÃO DESIDÉRIO,BAHIA,Brasil,2928901,29,33,4.0,5.06,0.03,Cerrado,28.3
27de1e21-0a4f-3f36-a8f8-0eb6e0771a01,-15.0218,-45.93207,2026-03-31 16:13:00,NOAA-20,COCOS,BAHIA,Brasil,2908101,29,33,4.0,1.68,0.1,Cerrado,14.1
34ced773-c592-30e2-b2bd-5bdfb9559e22,-10.63934,-49.80161,2026-03-31 16:13:00,NOAA-20,LAGOA DA CONFUSÃO,TOCANTINS,Brasil,1711902,17,33,0.0,6.07,0.01,Cerrado,5.5
c998e0dc-7c22-3ac5-9a84-e8ba9992d0d5,-14.99704,-45.91662,2026-03-31 16:13:00,NOAA-20,COCOS,BAHIA,Brasil,2908101,29,33,4.0,1.92,0.11,Cerrado,7.4
d89a7441-1f57-3e0e-84d4-f72dce20eeee,-11.09139,-49.78896,2026-03-31 16:13:00,NOAA-20,DUERÉ,TOCANTINS,Brasil,1707306,17,33,2.0,0.39,0.05,Cerrado,9.0
4d7802bf-53be-3403-8255-ad477cbca6c6,-15.00772,-45.92921,2026-03-31 16:13:00,NOAA-20,COCOS,BAHIA,Brasil,2908101,29,33,4.0,1.71,0.12,Cerrado,14.6
b27895c2-c853-39ff-a8ab-c2e0511ae002,-12.78342,-45.83796,2026-03-31 16:13:00,NOAA-20,SÃO DESIDÉRIO,BAHIA,Brasil,2928901,29,33,4.0,5.05,0.03,Cerrado,27.1
c44ca045-fe7f-3364-ba59-737054f92e53,-12.78665,-45.82889,2026-03-31 16:13:00,NOAA-20,SÃO DESIDÉRIO,BAHIA,Brasil,2928901,29,33,4.0,5.08,0.04,Cerrado,8.6
52891960-94ad-36b6-93c1-8d41dda82494,-15.01223,-45.92865,2026-03-31 16:13:00,NOAA-20,COCOS,BAHIA,Brasil,2908101,29,33,4.0,1.71,0.1,Cerrado,14.6
cb9c5b13-61aa-357e-bca4-c2e39c0d53e6,-11.09198,-49.78886,2026-03-31 16:13:00,NOAA-20,DUERÉ,TOCANTINS,Brasil,1707306,17,33,2.0,0.39,0.05,Cerrado,5.8
54875465-142f-33ea-958f-2c29569a623e,-15.01729,-45.93266,2026-03-31 16:13:00,NOAA-20,COCOS,BAHIA,Brasil,2908101,29,33,4.0,1.67,0.09,Cerrado,14.1
c7ea58e6-7249-35a8-9db9-351ce64778bc,-12.7872,-45.83311,2026-03-31 16:13:00,NOAA-20,SÃO DESIDÉRIO,BAHIA,Brasil,2928901,29,33,4.0,5.04,0.04,Cerrado,11.9
cd78e1fd-7b07-3157-909d-cecbc0ceb74c,-15.24149,-50.82946,2026-03-31 16:13:00,NOAA-20,MATRINCHÃ,GOIÁS,Brasil,5212956,52,33,3.0,1.13,0.12,Cerrado,2.4
d7f987e4-1c14-3959-9cab-09c73413e86d,-12.7883,-45.84155,2026-03-31 16:13:00,NOAA-20,SÃO DESIDÉRIO,BAHIA,Brasil,2928901,29,33,4.0,4.96,0.05,Cerrado,7.6
96f1b2d6-4e9d-30e5-8f6e-a7ba3159ef78,-15.00544,-45.92708,2026-03-31 16:13:00,NOAA-20,COCOS,BAHIA,Brasil,2908101,29,33,4.0,1.73,0.13,Cerrado,42.9
3cd62c15-7937-37b5-9be3-a1026656c428,-15.02688,-45.93612,2026-03-31 16:13:00,NOAA-20,COCOS,BAHIA,Brasil,2908101,29,33,4.0,1.64,0.12,Cerrado,108.2
8eb58c6b-a0cd-36c8-9810-48c88e691aef,-12.78177,-45.82528,2026-03-31 16:13:00,NOAA-20,SÃO DESIDÉRIO,BAHIA,Brasil,2928901,29,33,4.0,5.15,0.05,Cerrado,5.0
90801e16-6967-38e4-b211-a3c0a4aa44ab,-15.02744,-45.94076,2026-03-31 16:13:00,NOAA-20,COCOS,BAHIA,Brasil,2908101,29,33,4.0,1.59,0.14,Cerrado,108.2
4059d587-21db-3b71-b768-98a36b41aacd,-8.77999,-44.81387,2026-03-31 16:13:00,NOAA-20,CURRAIS,PIAUÍ,Brasil,2203230,22,33,1.0,8.26,0.01,Cerrado,6.5
8ab1f664-15b9-365d-985d-4a93d76457d7,-15.03308,-45.94936,2026-03-31 16:13:00,NOAA-20,COCOS,BAHIA,Brasil,2908101,29,33,4.0,1.5,0.14,Cerrado,48.6
131b4adb-80b1-331d-bda6-0cfcae834705,-15.02237,-45.9367,2026-03-31 16:13:00,NOAA-20,COCOS,BAHIA,Brasil,2908101,29,33,4.0,1.63,0.12,Cerrado,11.3
dab7b092-e0a4-399e-b7e3-83887b4a4c9b,-15.00716,-45.92462,2026-03-31 16:13:00,NOAA-20,COCOS,BAHIA,Brasil,2908101,29,33,4.0,1.75,0.12,Cerrado,23.3
8b5442bb-3fd7-3572-8a09-ce0ab2ccc20d,-15.0246,-45.95501,2026-03-31 16:13:00,NOAA-20,COCOS,BAHIA,Brasil,2908101,29,33,4.0,1.5,0.14,Cerrado,4.5
6df89d6d-4506-3692-810a-757a7fd0f255,-15.8332,-51.36393,2026-03-31 16:13:00,NOAA-20,JUSSARA,GOIÁS,Brasil,5212204,52,33,4.0,0.26,0.13,Cerrado,4.6
ed77c68e-de7d-3b23-b2bf-0c044bfdabb6,-15.00485,-45.92251,2026-03-31 16:13:00,NOAA-20,COCOS,BAHIA,Brasil,2908101,29,33,4.0,1.77,0.13,Cerrado,24.0
b62f01c1-bd90-3b18-aa2f-5483f4600f16,-15.00034,-45.92307,2026-03-31 16:13:00,NOAA-20,COCOS,BAHIA,Brasil,2908101,29,33,4.0,1.8,0.13,Cerrado,24.0
47b56fd7-48d1-34c4-a58f-e6c9a8a3c233,-15.02912,-45.95443,2026-03-31 16:13:00,NOAA-20,COCOS,BAHIA,Brasil,2908101,29,33,4.0,1.5,0.14,Cerrado,8.7
f5503f4d-cd2c-3fff-9ac8-0d302344f47e,-15.83276,-51.36451,2026-03-31 16:13:00,NOAA-20,JUSSARA,GOIÁS,Brasil,5212204,52,33,4.0,0.25,0.13,Cerrado,5.6
0b2c9b60-882a-3536-aa57-33a09bbefd3e,-12.77909,-45.83861,2026-03-31 16:13:00,NOAA-20,SÃO DESIDÉRIO,BAHIA,Brasil,2928901,29,33,4.0,5.12,0.03,Cerrado,27.1
fc8445c8-f04d-3673-94de-15da0f91be16,-14.99976,-45.9185,2026-03-31 16:13:00,NOAA-20,COCOS,BAHIA,Brasil,2908101,29,33,4.0,1.87,0.12,Cerrado,24.0
e94ccb31-47b1-3ed1-8279-ef8a919bbdd3,-15.02293,-45.94129,2026-03-31 16:13:00,NOAA-20,COCOS,BAHIA,Brasil,2908101,29,33,4.0,1.59,0.13,Cerrado,11.3
a896f18a-8516-3f5a-8bac-099733176350,-12.78775,-45.83733,2026-03-31 16:13:00,NOAA-20,SÃO DESIDÉRIO,BAHIA,Brasil,2928901,29,33,4.0,5.0,0.05,Cerrado,11.9
a8942cfc-5640-3fec-8882-f0dd7e9288b5,-12.77964,-45.84283,2026-03-31 16:13:00,NOAA-20,SÃO DESIDÉRIO,BAHIA,Brasil,2928901,29,33,4.0,5.09,0.03,Cerrado,28.3
14c043b1-0ba6-3ff8-95da-fba2542024b2,-15.03195,-45.94014,2026-03-31 16:13:00,NOAA-20,COCOS,BAHIA,Brasil,2908101,29,33,4.0,1.6,0.14,Cerrado,108.2
08999ace-5ae2-3502-87ff-169c5deca3a3,-15.0021,-45.92063,2026-03-31 16:13:00,NOAA-20,COCOS,BAHIA,Brasil,2908101,29,33,4.0,1.82,0.13,Cerrado,39.1
08912143-dacf-37c6-8843-3f9de3c59884,-16.23512,-48.75393,2026-03-31 17:02:00,NOAA-21,ABADIÂNIA,GOIÁS,Brasil,5200100,52,33,5.0,0.54,0.24,Cerrado,12.0
0c2a37f1-f124-355a-b362-a58243341036,-15.00349,-45.92476,2026-03-31 17:02:00,NOAA-21,COCOS,BAHIA,Brasil,2908101,29,33,4.0,1.76,0.13,Cerrado,39.7
3ed24a99-6773-38ac-994a-7bff4921322b,-15.00836,-45.92789,2026-03-31 17:02:00,NOAA-21,COCOS,BAHIA,Brasil,2908101,29,33,4.0,1.72,0.12,Cerrado,70.9
cfcfe124-6380-34b7-b797-82b21ec4463f,-12.78275,-45.83744,2026-03-31 17:02:00,NOAA-21,SÃO DESIDÉRIO,BAHIA,Brasil,2928901,29,33,4.0,5.06,0.03,Cerrado,15.1
13c1c036-e365-35ef-8cb1-99d8d39c7eb5,-15.00765,-45.92397,2026-03-31 17:02:00,NOAA-21,COCOS,BAHIA,Brasil,2908101,29,33,4.0,1.76,0.12,Cerrado,39.7
5ca35e60-5b18-3b3e-a967-0a59f7324560,-13.44849,-43.68667,2026-03-31 17:02:00,NOAA-21,SERRA DO RAMALHO,BAHIA,Brasil,2930154,29,33,4.0,2.22,0.37,Cerrado,12.4
d6e721a0-344c-352d-a106-6784d5e7951e,-21.27022,-54.41536,2026-03-31 17:02:00,NOAA-21,NOVA ALVORADA DO SUL,MATO GROSSO DO SUL,Brasil,5006002,50,33,4.0,0.2,0.83,Cerrado,8.7
3996474b-509f-3f00-9c0b-372791462754,-21.26994,-54.41357,2026-03-31 17:02:00,NOAA-21,NOVA ALVORADA DO SUL,MATO GROSSO DO SUL,Brasil,5006002,50,33,4.0,0.2,0.83,Cerrado,4.1
e9867f63-3d51-3fd9-b136-b2ab235e11a9,-21.60676,-56.62588,2026-03-31 17:02:00,NOAA-21,BELA VISTA,MATO GROSSO DO SUL,Brasil,5002100,50,33,3.0,0.3,0.11,Cerrado,69.1
918a6df3-c406-350d-850c-5f4d4c5845ab,-16.23861,-48.75328,2026-03-31 17:02:00,NOAA-21,ABADIÂNIA,GOIÁS,Brasil,5200100,52,33,5.0,0.51,0.2,Cerrado,12.0
702b465e-a248-3d06-851b-0af08a0b346e,-19.12794,-43.56237,2026-03-31 17:02:00,NOAA-21,CONCEIÇÃO DO MATO DENTRO,MINAS GERAIS,Brasil,3117504,31,33,0.0,6.78,0.0,Cerrado,5.1
cdf3f780-1964-307c-97fd-a3994571d264,-15.02707,-45.93645,2026-03-31 17:02:00,NOAA-21,COCOS,BAHIA,Brasil,2908101,29,33,4.0,1.63,0.13,Cerrado,7.8
ee6b214d-dfdd-32a6-be41-69b1f1745118,-12.97232,-44.88264,2026-03-31 17:02:00,NOAA-21,SÃO DESIDÉRIO,BAHIA,Brasil,2928901,29,33,5.0,5.4,0.03,Cerrado,2.5
c1667bcd-39bc-3b06-a382-7db7451a3ae8,-21.72184,-56.32161,2026-03-31 17:02:00,NOAA-21,BELA VISTA,MATO GROSSO DO SUL,Brasil,5002100,50,33,3.0,0.0,1.0,Cerrado,7.9
cd8d45ee-bb30-312e-8eb6-711f8147cfe4,-16.18664,-45.1434,2026-03-31 17:02:00,NOAA-21,SÃO ROMÃO,MINAS GERAIS,Brasil,3164209,31,33,1.0,1.37,0.35,Cerrado,21.1
f42906e2-42e3-344f-8567-3a67f31727ec,-12.43926,-44.7538,2026-03-31 17:02:00,NOAA-21,SÃO DESIDÉRIO,BAHIA,Brasil,2928901,29,33,4.0,1.23,0.05,Cerrado,5.2
18b2dff1-9166-33ec-9bde-a670c62adde5,-15.03261,-45.94349,2026-03-31 17:02:00,NOAA-21,COCOS,BAHIA,Brasil,2908101,29,33,4.0,1.56,0.14,Cerrado,28.6
dd6dd3ed-b851-3169-8083-9ff2f81d1bb6,-14.85835,-48.21426,2026-03-31 17:02:00,NOAA-21,NIQUELÂNDIA,GOIÁS,Brasil,5214606,52,33,0.0,0.66,0.02,Cerrado,4.2
c77d5f5c-9d4f-3230-aafb-8276fd9efe9f,-12.7843,-45.84599,2026-03-31 17:02:00,NOAA-21,SÃO DESIDÉRIO,BAHIA,Brasil,2928901,29,33,4.0,5.01,0.03,Cerrado,10.1
e34a77d5-3dbd-3f74-a1ad-bb5622e6aec9,-16.19092,-45.14254,2026-03-31 17:02:00,NOAA-21,SÃO ROMÃO,MINAS GERAIS,Brasil,3164209,31,33,1.0,1.28,0.21,Cerrado,21.1
58af695d-4553-353d-a8d8-a20790ae5013,-14.8714,-46.71948,2026-03-31 17:02:00,NOAA-21,FLORES DE GOIÁS,GOIÁS,Brasil,5207907,52,33,5.0,0.1,0.25,Cerrado,4.1
8906dcbb-a70b-3cce-a3dc-37001fdd700f,-14.63529,-49.60296,2026-03-31 17:02:00,NOAA-21,SANTA TEREZINHA DE GOIÁS,GOIÁS,Brasil,5219704,52,33,2.0,2.26,0.03,Cerrado,6.4
869d801e-8d11-3e86-b2f7-5c9fe620b1ae,-21.27084,-54.42031,2026-03-31 17:02:00,NOAA-21,NOVA ALVORADA DO SUL,MATO GROSSO DO SUL,Brasil,5006002,50,33,4.0,0.2,0.83,Cerrado,10.4
f5664b43-2023-3216-ba38-9edbbbf08db2,-15.02847,-45.94429,2026-03-31 17:02:00,NOAA-21,COCOS,BAHIA,Brasil,2908101,29,33,4.0,1.56,0.14,Cerrado,7.1
a7ad1d55-293b-3b9d-9a41-fca85269c2f7,-17.22838,-46.00979,2026-03-31 17:02:00,NOAA-21,JOÃO PINHEIRO,MINAS GERAIS,Brasil,3136306,31,33,5.0,3.7,0.01,Cerrado,6.8
d6820544-f854-3d06-9c50-61d01631840f,-12.7871,-45.83669,2026-03-31 17:02:00,NOAA-21,SÃO DESIDÉRIO,BAHIA,Brasil,2928901,29,33,4.0,5.01,0.04,Cerrado,15.1
551ac7c0-0ddd-3f24-ad5d-c5dd107ec4c0,-13.44899,-43.68431,2026-03-31 17:02:00,NOAA-21,SERRA DO RAMALHO,BAHIA,Brasil,2930154,29,33,4.0,2.23,0.32,Cerrado,5.0
d1d82cb5-99ef-3242-b18e-a2822e68bee3,-16.77884,-50.14597,2026-03-31 17:02:00,NOAA-21,PALMINÓPOLIS,GOIÁS,Brasil,5215900,52,33,5.0,1.1,0.31,Cerrado,2.7
5b5029c9-a705-3abe-bb74-571fca100685,-18.41945,-51.1408,2026-03-31 17:02:00,NOAA-21,CACHOEIRA ALTA,GOIÁS,Brasil,5204102,52,33,4.0,0.36,0.33,Cerrado,3.3
fca45041-fa11-30cb-b540-9fc08b6b7059,-12.7784,-45.8382,2026-03-31 17:02:00,NOAA-21,SÃO DESIDÉRIO,BAHIA,Brasil,2928901,29,33,4.0,5.14,0.03,Cerrado,19.6
34758b69-f4c6-3172-b738-0fdf512b305a,-16.19169,-45.14675,2026-03-31 17:02:00,NOAA-21,SÃO ROMÃO,MINAS GERAIS,Brasil,3164209,31,33,1.0,1.27,0.19,Cerrado,24.2
53dc0503-d341-3602-b1c4-e73cf833169a,-13.55683,-44.01007,2026-03-31 17:02:00,NOAA-21,SÃO FÉLIX DO CORIBE,BAHIA,Brasil,2929057,29,33,4.0,1.2,0.7,Cerrado,5.1
58806f41-601f-3636-99a4-51f5c661638e,-15.24372,-50.83014,2026-03-31 17:02:00,NOAA-21,MATRINCHÃ,GOIÁS,Brasil,5212956,52,33,3.0,1.11,0.12,Cerrado,8.3
c04261bd-3b4c-3571-8d77-c5db7caef1ed,-15.6586,-56.42808,2026-03-31 17:02:00,NOAA-21,NOSSA SENHORA DO LIVRAMENTO,MATO GROSSO,Brasil,5106109,51,33,3.0,0.0,0.07,Cerrado,4.4
966f2cb5-eed5-3eb1-9fd4-757196c372b1,-12.78121,-45.82891,2026-03-31 17:02:00,NOAA-21,SÃO DESIDÉRIO,BAHIA,Brasil,2928901,29,33,4.0,5.14,0.03,Cerrado,8.1
7763afe0-a840-30ce-a9f8-7d5fcaba0e0d,-15.03746,-45.94661,2026-03-31 17:02:00,NOAA-21,COCOS,BAHIA,Brasil,2908101,29,33,4.0,1.55,0.14,Cerrado,118.8
b059d6f2-ffbf-36e8-8024-4cd2890f668f,-15.68532,-42.42434,2026-03-31 17:02:00,NOAA-21,RIO PARDO DE MINAS,MINAS GERAIS,Brasil,3155603,31,33,3.0,0.6,0.18,Cerrado,5.7
82671506-6490-3da0-8462-5da112f6252d,-12.77995,-45.84675,2026-03-31 17:02:00,NOAA-21,SÃO DESIDÉRIO,BAHIA,Brasil,2928901,29,33,4.0,5.07,0.03,Cerrado,17.7
d0a7cb23-f62b-3847-b411-723226d4feb7,-12.78198,-45.83318,2026-03-31 17:02:00,NOAA-21,SÃO DESIDÉRIO,BAHIA,Brasil,2928901,29,33,4.0,5.11,0.03,Cerrado,8.1
191eff11-9a1b-324c-8f5b-c15be913bad8,-21.72087,-56.32203,2026-03-31 17:02:00,NOAA-21,BELA VISTA,MATO GROSSO DO SUL,Brasil,5002100,50,33,3.0,0.0,1.0,Cerrado,5.3
b2f00755-c776-3e1b-9830-405d97bac2a9,-16.18741,-45.14761,2026-03-31 17:02:00,NOAA-21,SÃO ROMÃO,MINAS GERAIS,Brasil,3164209,31,33,1.0,1.35,0.32,Cerrado,24.2
1dc1196d-d3f5-31d2-9ed1-d77893ec67b5,-16.2358,-48.75798,2026-03-31 17:02:00,NOAA-21,ABADIÂNIA,GOIÁS,Brasil,5200100,52,33,5.0,0.58,0.23,Cerrado,10.6
0fcaaa82-2185-350e-8fc4-bc1f57138910,-12.78353,-45.84172,2026-03-31 17:02:00,NOAA-21,SÃO DESIDÉRIO,BAHIA,Brasil,2928901,29,33,4.0,5.03,0.03,Cerrado,15.1
dbd2e29c-21bd-3ec3-b489-3932f8557848,-12.77763,-45.83395,2026-03-31 17:02:00,NOAA-21,SÃO DESIDÉRIO,BAHIA,Brasil,2928901,29,33,4.0,5.16,0.03,Cerrado,22.4
ecb50643-4ca5-3010-868e-278d23ef9d76,-21.27059,-54.4185,2026-03-31 17:02:00,NOAA-21,NOVA ALVORADA DO SUL,MATO GROSSO DO SUL,Brasil,5006002,50,33,4.0,0.2,0.83,Cerrado,13.0
f8d136eb-06d9-3408-b90d-92eee29abe6e,-14.26485,-45.7901,2026-03-31 17:02:00,NOAA-21,JABORANDI,BAHIA,Brasil,2917359,29,33,3.0,2.3,0.14,Cerrado,10.2
590bc610-c70e-34c9-a684-ef42afaebb5d,-12.78555,-45.82812,2026-03-31 17:02:00,NOAA-21,SÃO DESIDÉRIO,BAHIA,Brasil,2928901,29,33,4.0,5.09,0.04,Cerrado,8.1
3d9662ef-66e6-3691-a137-50ecc6f4402b,-12.77918,-45.84248,2026-03-31 17:02:00,NOAA-21,SÃO DESIDÉRIO,BAHIA,Brasil,2928901,29,33,4.0,5.1,0.03,Cerrado,19.6
9a61d940-cec3-361e-b306-40d209399344,-12.78633,-45.83241,2026-03-31 17:02:00,NOAA-21,SÃO DESIDÉRIO,BAHIA,Brasil,2928901,29,33,4.0,5.06,0.04,Cerrado,8.1
bfba92bb-aa7e-3a3e-8c19-e9610a370c68,-14.26413,-45.7905,2026-03-31 17:02:00,NOAA-21,JABORANDI,BAHIA,Brasil,2917359,29,33,3.0,2.3,0.14,Cerrado,9.9
09be997f-dd2d-36ee-b802-6577aad09784,-10.55655,-49.86358,2026-03-31 17:05:00,NOAA-21,LAGOA DA CONFUSÃO,TOCANTINS,Brasil,1711902,17,33,0.0,3.92,0.01,Cerrado,3.5
38d8f6d3-6997-30ba-90c5-a01177799785,-12.63011,-58.15776,2026-03-31 17:05:00,NOAA-21,BRASNORTE,MATO GROSSO,Brasil,5101902,51,33,3.0,0.8,0.02,Cerrado,13.1
63ded96e-1f38-37c2-aac3-0fe81fd3b1d8,-12.79882,-49.25501,2026-03-31 17:05:00,NOAA-21,TALISMÃ,TOCANTINS,Brasil,1720978,17,33,2.0,2.24,0.02,Cerrado,6.8
b7569ff2-244d-37c0-8b86-bd71dbac0656,-11.44543,-51.35855,2026-03-31 17:05:00,NOAA-21,SÃO FÉLIX DO ARAGUAIA,MATO GROSSO,Brasil,5107859,51,33,0.0,0.3,0.04,Cerrado,6.5
46fdd3b5-4a68-35d9-856c-d3e7c09a04d7,-10.63898,-49.81256,2026-03-31 17:05:00,NOAA-21,LAGOA DA CONFUSÃO,TOCANTINS,Brasil,1711902,17,33,0.0,6.27,0.01,Cerrado,7.2
adfbad2c-8eb3-316d-aa0b-910856fdb657,-18.37996,-52.64151,2026-03-31 17:32:00,NPP-375,CHAPADÃO DO CÉU,GOIÁS,Brasil,5205471,52,33,4.0,0.0,0.13,Cerrado,5.0
f0f15713-5c63-324e-98eb-9d53c2f45722,-19.12412,-45.0105,2026-03-31 17:32:00,NPP-375,POMPÉU,MINAS GERAIS,Brasil,3152006,31,33,4.0,4.28,0.04,Cerrado,11.9
ea7f6837-3199-3e3a-9cd8-5171498b67c0,-16.61293,-48.56041,2026-03-31 17:32:00,NPP-375,SILVÂNIA,GOIÁS,Brasil,5220603,52,33,4.0,0.9,0.58,Cerrado,1.2
fb6e125a-60b9-39d8-b2fa-f1e2d8a64827,-21.27001,-54.41545,2026-03-31 17:32:00,NPP-375,NOVA ALVORADA DO SUL,MATO GROSSO DO SUL,Brasil,5006002,50,33,4.0,0.2,0.83,Cerrado,10.2
b5c7aca9-7b65-390c-9e49-f7511d4e3e31,-16.18711,-45.14293,2026-03-31 17:32:00,NPP-375,SÃO ROMÃO,MINAS GERAIS,Brasil,3164209,31,33,1.0,1.36,0.34,Cerrado,9.7
52ff409c-20dd-340e-87ee-c122c1ffbfb0,-16.19309,-45.13874,2026-03-31 17:32:00,NPP-375,SÃO ROMÃO,MINAS GERAIS,Brasil,3164209,31,33,1.0,1.25,0.14,Cerrado,10.5
afd1ab45-167c-335a-a498-99b507e63175,-19.27444,-55.14972,2026-03-31 17:32:00,NPP-375,RIO VERDE DE MATO GROSSO,MATO GROSSO DO SUL,Brasil,5007406,50,33,3.0,0.0,0.05,Cerrado,3.3
b1ffe297-e3d2-345d-af31-54f337e45e34,-16.19431,-45.14423,2026-03-31 17:32:00,NPP-375,SÃO ROMÃO,MINAS GERAIS,Brasil,3164209,31,33,1.0,1.21,0.1,Cerrado,6.8
75b048aa-0084-36b2-abc1-37c88d192064,-16.19352,-45.14144,2026-03-31 17:32:00,NPP-375,SÃO ROMÃO,MINAS GERAIS,Brasil,3164209,31,33,1.0,1.23,0.13,Cerrado,9.7
bd4c8c4c-906e-3365-beca-3ec071a09648,-19.79835,-48.79286,2026-03-31 17:32:00,NPP-375,CAMPO FLORIDO,MINAS GERAIS,Brasil,3111408,31,33,4.0,12.34,0.01,Cerrado,12.6
655d5cf0-9036-3ffd-9c46-71d7b82459bc,-18.52559,-51.55974,2026-03-31 17:32:00,NPP-375,ITARUMÃ,GOIÁS,Brasil,5211305,52,33,4.0,0.0,0.18,Cerrado,8.7
c0ba8979-dd5c-3102-89fb-fe6d278ccf4c,-18.39717,-54.33934,2026-03-31 17:32:00,NPP-375,COXIM,MATO GROSSO DO SUL,Brasil,5003306,50,33,4.0,0.0,0.3,Cerrado,0.7
0d953acc-ad25-3468-be50-b35fd0583add,-19.40326,-51.42904,2026-03-31 17:32:00,NPP-375,PARANAÍBA,MATO GROSSO DO SUL,Brasil,5006309,50,33,5.0,0.0,0.69,Cerrado,2.8
d942ea0b-f59f-3f77-acaa-9440144bd3cd,-21.71939,-57.0423,2026-03-31 17:32:00,NPP-375,CARACOL,MATO GROSSO DO SUL,Brasil,5002803,50,33,2.0,0.38,0.85,Cerrado,5.6
a31e4ac8-efb8-3555-a0ea-6b99810cb484,-16.87561,-47.32107,2026-03-31 17:32:00,NPP-375,CRISTALINA,GOIÁS,Brasil,5206206,52,33,4.0,2.89,0.01,Cerrado,5.2
64b61a95-e85d-3a5a-8bf9-367c366aca60,-16.18668,-45.14021,2026-03-31 17:32:00,NPP-375,SÃO ROMÃO,MINAS GERAIS,Brasil,3164209,31,33,1.0,1.37,0.35,Cerrado,10.5
0ed7798d-a891-3591-ae9d-2787a87dbd0f,-16.1879,-45.14569,2026-03-31 17:32:00,NPP-375,SÃO ROMÃO,MINAS GERAIS,Brasil,3164209,31,33,1.0,1.34,0.31,Cerrado,6.8
243865a3-b7c3-396e-a5b8-bc8032c0bf4f,-17.90524,-54.12153,2026-03-31 17:32:00,NPP-375,PEDRO GOMES,MATO GROSSO DO SUL,Brasil,5006408,50,33,4.0,0.0,0.23,Cerrado,10.1
ef5425a2-7c56-3ae9-a9db-6cb2f4c3e61d,-21.72217,-57.03797,2026-03-31 17:32:00,NPP-375,CARACOL,MATO GROSSO DO SUL,Brasil,5002803,50,33,2.0,0.41,0.71,Cerrado,2.2
150f8a08-8e36-3913-a267-94ceeb4829b3,-19.11796,-45.01173,2026-03-31 17:32:00,NPP-375,POMPÉU,MINAS GERAIS,Brasil,3152006,31,33,4.0,4.2,0.12,Cerrado,21.2
e0b35934-2e1b-3b16-9c25-0e4d4063b6c7,-18.5263,-51.56361,2026-03-31 17:32:00,NPP-375,ITARUMÃ,GOIÁS,Brasil,5211305,52,33,4.0,0.0,0.18,Cerrado,8.7
9f6e5e83-d117-3d4e-908c-e61ab2268439,-21.27068,-54.41945,2026-03-31 17:32:00,NPP-375,NOVA ALVORADA DO SUL,MATO GROSSO DO SUL,Brasil,5006002,50,33,4.0,0.2,0.83,Cerrado,7.3
69deeb02-4d68-39b5-bfb1-15a6219c5222,-13.50497,-56.85409,2026-03-31 17:34:00,NPP-375,SÃO JOSÉ DO RIO CLARO,MATO GROSSO,Brasil,5107305,51,33,3.0,0.2,0.0,Cerrado,35.4
deb0c369-ff91-33f5-98af-99522cef2c73,-16.43334,-54.91113,2026-03-31 17:34:00,NPP-375,RONDONÓPOLIS,MATO GROSSO,Brasil,5107602,51,33,0.0,0.68,0.21,Cerrado,7.9
5dcd85d9-593c-3134-8007-edbb7bdfafd3,-13.50898,-56.85726,2026-03-31 17:34:00,NPP-375,SÃO JOSÉ DO RIO CLARO,MATO GROSSO,Brasil,5107305,51,33,3.0,0.2,0.0,Cerrado,35.4
8c7bd409-d3ea-31ea-8b5d-fc0a7ab815d1,-13.50838,-56.85353,2026-03-31 17:34:00,NPP-375,SÃO JOSÉ DO RIO CLARO,MATO GROSSO,Brasil,5107305,51,33,3.0,0.2,0.0,Cerrado,35.4
2c5d39f3-023c-3ddf-911d-b25d59475156,-12.17932,-50.88719,2026-03-31 17:34:00,NPP-375,NOVO SANTO ANTÔNIO,MATO GROSSO,Brasil,5106315,51,33,2.0,2.06,0.01,Cerrado,7.9
beb40f33-add3-3cc7-94a7-1e2ecca7c972,-16.23488,-48.75356,2026-03-31 17:34:00,NPP-375,ABADIÂNIA,GOIÁS,Brasil,5200100,52,33,5.0,0.54,0.25,Cerrado,3.7
c56a10f6-6d5b-36ef-906f-267ef3268b5e,-16.23424,-48.75033,2026-03-31 17:34:00,NPP-375,ABADIÂNIA,GOIÁS,Brasil,5200100,52,33,5.0,0.51,0.25,Cerrado,3.7
78f02130-13e8-3286-9a96-a9da5cd9681b,-13.50535,-56.8544,2026-03-31 17:34:00,NPP-375,SÃO JOSÉ DO RIO CLARO,MATO GROSSO,Brasil,5107305,51,33,3.0,0.2,0.0,Cerrado,35.4
08fece51-e8d3-3ec2-966e-e5e844958335,-13.50253,-56.85869,2026-03-31 17:34:00,NPP-375,SÃO JOSÉ DO RIO CLARO,MATO GROSSO,Brasil,5107305,51,33,3.0,0.2,0.0,Cerrado,35.4
5b1bfac5-6297-312a-9f79-31279cbba03a,-12.17448,-50.88811,2026-03-31 17:34:00,NPP-375,NOVO SANTO ANTÔNIO,MATO GROSSO,Brasil,5106315,51,33,2.0,1.88,0.01,Cerrado,40.6
21f44928-2ba2-376d-8424-eac6cc6c2216,-16.43483,-54.91039,2026-03-31 17:34:00,NPP-375,RONDONÓPOLIS,MATO GROSSO,Brasil,5107602,51,33,0.0,0.7,0.21,Cerrado,5.3
444e64aa-2cde-3aca-bd92-1a1ba60f32c0,-11.95469,-58.75163,2026-03-31 17:34:00,NPP-375,JUÍNA,MATO GROSSO,Brasil,5105150,51,33,2.0,0.32,0.01,Cerrado,6.4
5d96db27-a4a6-39bc-b48a-7f674e7b471f,-13.50594,-56.85813,2026-03-31 17:34:00,NPP-375,SÃO JOSÉ DO RIO CLARO,MATO GROSSO,Brasil,5107305,51,33,3.0,0.2,0.0,Cerrado,35.4
e1d49228-7893-3ae2-b45d-5723878e3753,-21.27302,-54.4156,2026-03-31 17:52:00,NOAA-20,NOVA ALVORADA DO SUL,MATO GROSSO DO SUL,Brasil,5006002,50,33,4.0,0.2,0.83,Cerrado,6.2
91905906-c87a-3986-9caa-0eb7f95366a6,-21.71932,-57.04398,2026-03-31 17:52:00,NOAA-20,CARACOL,MATO GROSSO DO SUL,Brasil,5002803,50,33,2.0,0.36,0.85,Cerrado,7.4
1f29f128-0ab7-31b4-ab86-54084c5aecb8,-21.60806,-56.6255,2026-03-31 17:52:00,NOAA-20,BELA VISTA,MATO GROSSO DO SUL,Brasil,5002100,50,33,3.0,0.3,0.13,Cerrado,31.8
de9bee72-2399-3962-a2ad-cd24e8ea3776,-21.27075,-54.41333,2026-03-31 17:52:00,NOAA-20,NOVA ALVORADA DO SUL,MATO GROSSO DO SUL,Brasil,5006002,50,33,4.0,0.2,0.83,Cerrado,3.7
5352a422-d987-3764-8648-f6c84cdcc1cb,-21.27192,-54.41909,2026-03-31 17:52:00,NOAA-20,NOVA ALVORADA DO SUL,MATO GROSSO DO SUL,Brasil,5006002,50,33,4.0,0.2,0.83,Cerrado,10.8
ce5c487d-5e39-3562-a5e9-73abeaf1ed4a,-13.50418,-56.85485,2026-03-31 17:54:00,NOAA-20,SÃO JOSÉ DO RIO CLARO,MATO GROSSO,Brasil,5107305,51,33,3.0,0.2,0.0,Cerrado,21.2
8b15ebc5-d575-3ae3-b9a7-b58d1ba7645a,-13.76922,-56.56413,2026-03-31 17:54:00,NOAA-20,SÃO JOSÉ DO RIO CLARO,MATO GROSSO,Brasil,5107305,51,33,0.0,0.64,0.01,Cerrado,12.3
393f2d0b-3c8e-380e-836c-20a7b0d0a6f2,-17.90953,-54.12141,2026-03-31 17:54:00,NOAA-20,PEDRO GOMES,MATO GROSSO DO SUL,Brasil,5006408,50,33,4.0,0.0,0.24,Cerrado,5.9
618cc5d8-b204-32da-b728-9fbc33be01fa,-13.50522,-56.86034,2026-03-31 17:54:00,NOAA-20,SÃO JOSÉ DO RIO CLARO,MATO GROSSO,Brasil,5107305,51,33,3.0,0.2,0.0,Cerrado,21.2
08b98598-e4ec-3be7-b389-8319f056ce78,-13.50904,-56.85401,2026-03-31 17:54:00,NOAA-20,SÃO JOSÉ DO RIO CLARO,MATO GROSSO,Brasil,5107305,51,33,3.0,0.2,0.0,Cerrado,20.2
7d4d090c-682e-3e61-ab29-634561bb0ca3,-16.18816,-45.14968,2026-03-31 18:36:00,AQUA_M-T,SÃO ROMÃO,MINAS GERAIS,Brasil,3164209,31,33,1.0,1.34,0.3,Cerrado,16.9
abbf2b90-0d89-3de6-8bf4-79f4e5bf924d,-21.60892,-56.64706,2026-03-31 18:36:00,AQUA_M-T,BELA VISTA,MATO GROSSO DO SUL,Brasil,5002100,50,33,3.0,0.3,0.1,Cerrado,51.2
1dbed89c-9943-38af-a90d-81d34eab8cc4,-18.52743,-51.56888,2026-03-31 18:36:00,AQUA_M-T,ITARUMÃ,GOIÁS,Brasil,5211305,52,33,4.0,0.0,0.17,Cerrado,27.3
6bdc604f-3164-34b3-bccd-b06e2f3f7155,-13.23995,-48.23317,2026-03-31 18:36:00,AQUA_M-T,MINAÇU,GOIÁS,Brasil,5213087,52,33,3.0,4.18,0.01,Cerrado,5.9
0a4f401a-6110-36d0-8689-5fd1fbcc798b,-18.52561,-51.5544,2026-03-31 18:36:00,AQUA_M-T,ITARUMÃ,GOIÁS,Brasil,5211305,52,33,4.0,0.0,0.19,Cerrado,21.8
c7b91511-00a1-307e-9a13-3ccec9e8acff,-18.26339,-51.27176,2026-03-31 18:36:00,AQUA_M-T,APARECIDA DO RIO DOCE,GOIÁS,Brasil,5201454,52,33,4.0,0.68,0.05,Cerrado,16.2
fe371479-729d-3340-9ce9-2732fa386e35,-18.27767,-49.25121,2026-03-31 18:36:00,AQUA_M-T,ITUMBIARA,GOIÁS,Brasil,5211503,52,33,5.0,0.18,0.35,Cerrado,3.5
f1b7867d-98db-34b6-b64b-d7654b5b8041,-19.07415,-47.61381,2026-03-31 18:36:00,AQUA_M-T,NOVA PONTE,MINAS GERAIS,Brasil,3145000,31,33,4.0,1.25,0.14,Cerrado,12.2
759eeca2-3654-3168-80c0-5348635aeabd,-14.63402,-49.60704,2026-03-31 18:36:00,AQUA_M-T,SANTA TEREZINHA DE GOIÁS,GOIÁS,Brasil,5219704,52,33,2.0,2.35,0.02,Cerrado,11.5
d8b91b40-231f-3806-9a4c-18920de1ce6b,-13.50672,-56.8696,2026-03-31 18:38:00,AQUA_M-T,SÃO JOSÉ DO RIO CLARO,MATO GROSSO,Brasil,5107305,51,33,3.0,0.2,0.0,Cerrado,48.5
d81b44a7-3ae4-37d5-91e4-00e37e828dc6,-12.52071,-58.33416,2026-03-31 18:38:00,AQUA_M-T,BRASNORTE,MATO GROSSO,Brasil,5101902,51,33,2.0,0.52,0.08,Cerrado,76.5
0a326178-f3c9-36dc-8bfa-ad5550e7caf2,-13.50339,-56.86535,2026-03-31 18:38:00,AQUA_M-T,SÃO JOSÉ DO RIO CLARO,MATO GROSSO,Brasil,5107305,51,33,3.0,0.2,0.0,Cerrado,50.7
75446094-711c-3e9b-b860-7a31db91f0e7,-12.51584,-58.34229,2026-03-31 18:38:00,AQUA_M-T,BRASNORTE,MATO GROSSO,Brasil,5101902,51,33,2.0,0.5,0.08,Cerrado,66.8
b7bcbd7b-4c3e-30ec-b261-55f9c42f2eb6,-21.6117,-56.6233,2026-03-31 19:20:00,GOES-19,BELA VISTA,MATO GROSSO DO SUL,Brasil,5002100,50,33,3.0,0.3,0.19,Cerrado,54.9
2ec6e1d8-dfbe-3538-bd27-a5292c65a919,-15.7286,-54.1191,2026-03-31 21:00:00,GOES-19,POXORÉU,MATO GROSSO,Brasil,5107008,51,33,3.0,8.22,0.01,Cerrado,133.0
34a0dd4d-45ad-3f1f-8898-8d275fc6964a,-15.7481,-54.1166,2026-03-31 21:00:00,GOES-19,POXORÉU,MATO GROSSO,Brasil,5107008,51,33,3.0,9.28,0.0,Cerrado,89.7
d285a62e-22d2-3a93-bb10-0244c3c59bea,-15.7286,-54.1191,2026-03-31 21:10:00,GOES-19,POXORÉU,MATO GROSSO,Brasil,5107008,51,33,3.0,8.22,0.01,Cerrado,126.4
0e2f8419-0666-340d-9441-c3f809537af9,-11.0147,-44.2489,2026-03-31 21:50:00,GOES-19,SANTA RITA DE CÁSSIA,BAHIA,Brasil,2928406,29,33,1.0,8.31,0.01,Cerrado,82.9
2117e123-7930-3680-839c-63c24f39652b,-11.0147,-44.2489,2026-03-31 22:00:00,GOES-19,SANTA RITA DE CÁSSIA,BAHIA,Brasil,2928406,29,33,1.0,8.31,0.01,Cerrado,82.2
aa4d3fbd-ef7f-3453-9cd6-0a349eb88a49,-11.0147,-44.2489,2026-03-31 22:10:00,GOES-19,SANTA RITA DE CÁSSIA,BAHIA,Brasil,2928406,29,33,1.0,8.31,0.01,Cerrado,64.4
1250e82d-28af-30cf-9032-a3ce72ef52fb,-11.0147,-44.2489,2026-03-31 22:20:00,GOES-19,SANTA RITA DE CÁSSIA,BAHIA,Brasil,2928406,29,33,1.0,8.31,0.01,Cerrado,60.7
24a21f72-3d46-3791-9c4a-0fd08feb0c6f,-11.0147,-44.2489,2026-03-31 23:10:00,GOES-19,SANTA RITA DE CÁSSIA,BAHIA,Brasil,2928406,29,33,1.0,8.31,0.01,Cerrado,62.9
