id,lat,lon,data_hora_gmt,satelite,municipio,estado,pais,municipio_id,estado_id,pais_id,numero_dias_sem_chuva,precipitacao,risco_fogo,bioma,frp
dc3ea62a-8577-311d-b0a1-12747d133d56, -14.123000, -58.380600,2026-07-11 00:00:00,GOES-19,TANGARÁ DA SERRA,MATO GROSSO,Brasil,5107958,51,33,10,2.1,1.0,Cerrado,60.2
95685261-65b5-311e-b4ed-6a21dfd5a3af, -13.373700, -54.357200,2026-07-11 00:00:00,GOES-19,PARANATINGA,MATO GROSSO,Brasil,5106307,51,33,20,0.67,0.84,Amazônia,66.6
efa419ea-fe39-39f6-9a5b-8ec8c3ad88f8, -10.382200, -49.584900,2026-07-11 00:00:00,GOES-19,PIUM,TOCANTINS,Brasil,1717503,17,33,50,0.0,1.0,Cerrado,97.9
aa1d248d-9b7b-31f6-8b3f-a3e77384c787, -18.636700, -62.790900,2026-07-11 00:00:00,GOES-19,Cordillera,Santa Cruz,Bolivia,81,8,28,31,0.0,0.98,,73.5
7529802a-bb14-3e91-97fd-861d9ac027c0, -11.893000, -47.654500,2026-07-11 00:00:00,GOES-19,NATIVIDADE,TOCANTINS,Brasil,1714203,17,33,49,0.0,1.0,Cerrado,67.0
58d9a411-32a6-39a6-941d-395526745c04, -12.835900, -44.342200,2026-07-11 00:00:00,GOES-19,BAIANÓPOLIS,BAHIA,Brasil,2902500,29,33,48,0.1,0.95,Cerrado,42.4
4288b886-3e55-3821-885f-1550aaa159a2, -17.497200, -59.576500,2026-07-11 00:00:00,GOES-19,Chiquitos,Santa Cruz,Bolivia,80,8,28,14,3.63,0.51,,50.1
40ad9c5b-4749-3224-bb20-a9cdcf37f382, -16.394800, -61.812700,2026-07-11 00:00:00,GOES-19,Ñuflo de Chávez,Santa Cruz,Bolivia,78,8,28,14,1.6,0.64,,47.3
9292b521-8326-3c25-8eaf-c4c79f6959c3, -16.403100, -59.586100,2026-07-11 00:00:00,GOES-19,José Miguel de Velasco,Santa Cruz,Bolivia,85,8,28,16,0.38,0.95,,56.8
22880ad9-45ad-369c-aa6e-79606468fec1, -16.394600, -61.832400,2026-07-11 00:00:00,GOES-19,Ñuflo de Chávez,Santa Cruz,Bolivia,78,8,28,14,1.51,0.66,,48.9
03b91a51-2c2e-3ea2-9245-c80c3893d68f, -13.392900, -54.355100,2026-07-11 00:00:00,GOES-19,PARANATINGA,MATO GROSSO,Brasil,5106307,51,33,20,1.14,0.78,Amazônia,77.8
52beada0-f648-3670-b134-8a45c6442d7a, -17.726300, -60.036500,2026-07-11 00:00:00,GOES-19,Chiquitos,Santa Cruz,Bolivia,80,8,28,15,4.47,0.38,,85.4
1d31b1ef-8688-3db2-90cd-d896585e7fa9, -16.414200, -61.811100,2026-07-11 00:00:00,GOES-19,Ñuflo de Chávez,Santa Cruz,Bolivia,78,8,28,14,1.12,0.69,,39.5
5c2a3505-f0b5-3bc1-901b-e5b502f436fb, -17.497500, -59.556300,2026-07-11 00:00:00,GOES-19,Chiquitos,Santa Cruz,Bolivia,80,8,28,14,3.43,0.53,,50.4
9cd3b122-9c93-3728-bda5-296ec1e9107a, -14.123300, -58.360600,2026-07-11 00:00:00,GOES-19,TANGARÁ DA SERRA,MATO GROSSO,Brasil,5107958,51,33,13,2.12,0.98,Cerrado,41.0
7d14c39f-873b-3522-b3a6-210bd22deca4,  -4.340200, -47.764500,2026-07-11 00:00:00,GOES-19,DOM ELISEU,PARÁ,Brasil,1502939,15,33,14,0.0,0.88,Amazônia,180.0
d395189a-dae4-3eef-9c99-65629a55575b, -16.414000, -61.830800,2026-07-11 00:00:00,GOES-19,Ñuflo de Chávez,Santa Cruz,Bolivia,78,8,28,14,1.11,0.7,,45.0
ccec27f4-d916-35eb-99ee-62a8e829c43f,  -6.497300, -42.214200,2026-07-11 00:00:00,GOES-19,VÁRZEA GRANDE,PIAUÍ,Brasil,2211407,22,33,56,0.0,0.99,Caatinga,74.5
7288179a-88f8-3c41-8328-4ae08cc44b58, -17.726600, -60.016300,2026-07-11 00:00:00,GOES-19,Chiquitos,Santa Cruz,Bolivia,80,8,28,15,4.35,0.39,,33.1
806f15fc-ebf7-3488-be62-e7219000f2d1, -16.422600, -59.584200,2026-07-11 00:00:00,GOES-19,José Miguel de Velasco,Santa Cruz,Bolivia,85,8,28,16,0.49,0.92,,118.8
590e8ed8-24fe-3cf2-a3d0-f00770308ee1, -18.636500, -62.810800,2026-07-11 00:00:00,GOES-19,Cordillera,Santa Cruz,Bolivia,81,8,28,31,0.0,0.98,,68.2
da74aafb-6cdf-3030-bc13-41cd7ce3bb59, -12.854800, -44.362500,2026-07-11 00:00:00,GOES-19,BAIANÓPOLIS,BAHIA,Brasil,2902500,29,33,49,0.1,0.95,Cerrado,46.4
2dc2d47d-6aa5-3b43-94e5-faf560afcfcb, -16.422800, -59.564100,2026-07-11 00:00:00,GOES-19,José Miguel de Velasco,Santa Cruz,Bolivia,85,8,28,16,0.48,0.97,,64.3
59858c7f-fe07-380a-9617-3fd912f0bef0, -17.760400, -60.415100,2026-07-11 00:10:00,GOES-19,Chiquitos,Santa Cruz,Bolivia,80,8,28,16,14.35,0.03,,31.4
81a35749-e920-311d-952a-d4f33e8661ef, -14.104100, -58.362300,2026-07-11 00:10:00,GOES-19,TANGARÁ DA SERRA,MATO GROSSO,Brasil,5107958,51,33,13,2.21,1.0,Cerrado,49.0
f90e4cea-3fba-3938-a8d2-47f747cc97a2, -16.394800, -61.812700,2026-07-11 00:10:00,GOES-19,Ñuflo de Chávez,Santa Cruz,Bolivia,78,8,28,14,1.6,0.64,,62.5
7e7a5b2e-23c0-34a6-99ce-a5d43ab934d4, -12.835400, -44.365700,2026-07-11 00:10:00,GOES-19,BAIANÓPOLIS,BAHIA,Brasil,2902500,29,33,49,0.04,0.95,Cerrado,40.0
609482a5-be75-329a-8693-7a47dea3fb38, -12.854800, -44.362500,2026-07-11 00:10:00,GOES-19,BAIANÓPOLIS,BAHIA,Brasil,2902500,29,33,49,0.1,0.95,Cerrado,78.5
521ff0a5-8663-361f-8073-da09e87a0b40, -16.422800, -59.564100,2026-07-11 00:10:00,GOES-19,José Miguel de Velasco,Santa Cruz,Bolivia,85,8,28,16,0.48,0.97,,57.2
ec8f9d9f-9696-3b08-967a-3f8593a8ee31, -16.394600, -61.832400,2026-07-11 00:10:00,GOES-19,Ñuflo de Chávez,Santa Cruz,Bolivia,78,8,28,14,1.51,0.66,,57.8
9935b698-6f37-322d-9786-75ee8f16f66e,  -4.358800, -47.763600,2026-07-11 00:10:00,GOES-19,DOM ELISEU,PARÁ,Brasil,1502939,15,33,14,0.0,0.82,Amazônia,67.5
8dd4e7cd-23ca-3c5c-beef-3f018d2f92b8, -15.734400, -61.983700,2026-07-11 00:10:00,GOES-19,Ñuflo de Chávez,Santa Cruz,Bolivia,78,8,28,16,3.69,0.29,,38.9
2806af45-1d54-354e-9a9c-1a8bac0c6dc4, -12.855200, -44.338900,2026-07-11 00:10:00,GOES-19,BAIANÓPOLIS,BAHIA,Brasil,2902500,29,33,49,0.1,0.95,Cerrado,53.1
0be02c37-5c81-377f-b7fd-12c143fb74e2, -18.636700, -62.790900,2026-07-11 00:10:00,GOES-19,Cordillera,Santa Cruz,Bolivia,81,8,28,31,0.0,0.98,,64.8
7f4567fe-24f7-3efe-a47f-7e488c47cfaa, -12.835900, -44.342200,2026-07-11 00:10:00,GOES-19,BAIANÓPOLIS,BAHIA,Brasil,2902500,29,33,48,0.1,0.95,Cerrado,94.4
82a1c43f-fd58-31cf-937e-45a13016fb0b, -16.414000, -61.830800,2026-07-11 00:10:00,GOES-19,Ñuflo de Chávez,Santa Cruz,Bolivia,78,8,28,14,1.11,0.7,,58.0
d3fc726c-1d6d-3b52-b91a-af940d041982, -12.831400, -66.725100,2026-07-11 00:10:00,GOES-19,José Ballivián,El Beni,Bolivia,26,3,28,16,1.23,1.0,,71.3
2b24dfda-3126-3f1b-89bc-a887471711a1, -17.497500, -59.556300,2026-07-11 00:10:00,GOES-19,Chiquitos,Santa Cruz,Bolivia,80,8,28,14,3.43,0.53,,31.1
c8c412fc-1859-3965-9431-c0883c62a5bb,  -6.497300, -42.214200,2026-07-11 00:10:00,GOES-19,VÁRZEA GRANDE,PIAUÍ,Brasil,2211407,22,33,56,0.0,0.99,Caatinga,65.4
bbcde351-c34e-39e1-acce-ae61782dcd90, -13.392900, -54.355100,2026-07-11 00:10:00,GOES-19,PARANATINGA,MATO GROSSO,Brasil,5106307,51,33,20,1.14,0.78,Amazônia,72.1
8559e466-aa68-3f6c-9762-1ab1dfb91ce6, -12.836300, -44.318600,2026-07-11 00:10:00,GOES-19,BAIANÓPOLIS,BAHIA,Brasil,2902500,29,33,48,0.09,0.94,Cerrado,60.4
b353a349-9896-3632-99d9-7ee7d3348cb3,   3.256100, -76.416200,2026-07-11 00:10:00,GOES-19,Puerto Tejada,Cauca,Colombia,432,11,53,2,8.24,0.01,,66.6
4dcd3d61-4fc0-329f-87b0-d2fc9e0abd22, -17.497200, -59.576500,2026-07-11 00:10:00,GOES-19,Chiquitos,Santa Cruz,Bolivia,80,8,28,14,3.63,0.51,,29.6
195e49fc-2f4c-3338-bb66-d5da958c0db3, -16.414200, -61.811100,2026-07-11 00:10:00,GOES-19,Ñuflo de Chávez,Santa Cruz,Bolivia,78,8,28,14,1.12,0.69,,60.0
0b02cd1f-a4bb-3e7b-82f5-60b9e6f3c445,   3.238000, -76.416100,2026-07-11 00:10:00,GOES-19,Puerto Tejada,Cauca,Colombia,432,11,53,2,8.31,-999.0,,73.6
fd7cfb79-05f3-34ce-8789-70ffdf293df3, -16.403100, -59.586100,2026-07-11 00:10:00,GOES-19,José Miguel de Velasco,Santa Cruz,Bolivia,85,8,28,16,0.38,0.95,,62.4
b04573c9-3f08-3875-891f-93da11198fc8, -12.816500, -44.345400,2026-07-11 00:10:00,GOES-19,BAIANÓPOLIS,BAHIA,Brasil,2902500,29,33,48,0.0,0.95,Cerrado,36.8
605897d5-b761-3ad4-8373-4e1b2e299ec8, -10.382200, -49.584900,2026-07-11 00:10:00,GOES-19,PIUM,TOCANTINS,Brasil,1717503,17,33,50,0.0,1.0,Cerrado,108.6
30c4d658-7068-354f-b1ff-7c0dfe1e87cd,  -4.340200, -47.764500,2026-07-11 00:10:00,GOES-19,DOM ELISEU,PARÁ,Brasil,1502939,15,33,14,0.0,0.88,Amazônia,124.7
e8042c8b-732d-37f4-b476-8ce508c153e4, -14.103900, -58.382300,2026-07-11 00:10:00,GOES-19,TANGARÁ DA SERRA,MATO GROSSO,Brasil,5107958,51,33,10,2.18,1.0,Cerrado,71.9
c957d8f3-2abc-3cca-9afd-e42d13c14809, -11.873900, -47.657000,2026-07-11 00:10:00,GOES-19,NATIVIDADE,TOCANTINS,Brasil,1714203,17,33,49,0.0,1.0,Cerrado,67.7
1e94687b-1059-3049-9672-29ad19ace8a5, -16.422600, -59.584200,2026-07-11 00:10:00,GOES-19,José Miguel de Velasco,Santa Cruz,Bolivia,85,8,28,16,0.49,0.92,,110.5
e18527c9-8647-330f-bf61-cf4422b5f1db, -17.497500, -59.556300,2026-07-11 00:20:00,GOES-19,Chiquitos,Santa Cruz,Bolivia,80,8,28,14,3.43,0.53,,31.6
e7b486aa-429a-3448-a549-024ec84582c6, -16.414200, -61.811100,2026-07-11 00:20:00,GOES-19,Ñuflo de Chávez,Santa Cruz,Bolivia,78,8,28,14,1.12,0.69,,64.9
d5606554-f052-3c59-968e-cdfd448a6295, -12.816500, -44.345400,2026-07-11 00:20:00,GOES-19,BAIANÓPOLIS,BAHIA,Brasil,2902500,29,33,48,0.0,0.95,Cerrado,57.4
1396f59d-fbd8-342a-be71-296ff89866d5, -12.836300, -44.318600,2026-07-11 00:20:00,GOES-19,BAIANÓPOLIS,BAHIA,Brasil,2902500,29,33,48,0.09,0.94,Cerrado,63.1
fed4d2f1-ec3d-38bc-b62d-9654eafbd913, -13.392900, -54.355100,2026-07-11 00:20:00,GOES-19,PARANATINGA,MATO GROSSO,Brasil,5106307,51,33,20,1.14,0.78,Amazônia,62.3
023b0ebb-9094-36bd-ab25-910f983e5879, -17.726300, -60.036500,2026-07-11 00:20:00,GOES-19,Chiquitos,Santa Cruz,Bolivia,80,8,28,15,4.47,0.38,,75.0
b602ab2f-1b4e-3e59-a7b6-aa6f3d9092de, -17.150800, -60.554500,2026-07-11 00:20:00,GOES-19,José Miguel de Velasco,Santa Cruz,Bolivia,85,8,28,16,1.49,0.81,,43.6
5306c3c2-5830-328b-82c5-ddad3d04d800, -11.873900, -47.657000,2026-07-11 00:20:00,GOES-19,NATIVIDADE,TOCANTINS,Brasil,1714203,17,33,49,0.0,1.0,Cerrado,67.2
314a1711-22a0-3b5f-93cb-c6fe153d3605, -15.734400, -61.983700,2026-07-11 00:20:00,GOES-19,Ñuflo de Chávez,Santa Cruz,Bolivia,78,8,28,16,3.69,0.29,,48.5
7b93b25f-a81b-3f1a-86a9-c9b154209a4d, -16.363300, -59.650000,2026-07-11 00:20:00,GOES-19,José Miguel de Velasco,Santa Cruz,Bolivia,85,8,28,16,0.18,0.97,,37.0
9c8d9060-de4f-35e1-8257-e3add6d61af1,   4.438200, -75.153600,2026-07-11 00:20:00,GOES-19,Ibagué,Tolima,Colombia,987,29,53,0,0.14,0.29,,54.1
a68050e6-604d-3bab-a68a-81166393d4eb,  -4.340200, -47.764500,2026-07-11 00:20:00,GOES-19,DOM ELISEU,PARÁ,Brasil,1502939,15,33,14,0.0,0.88,Amazônia,125.4
536729aa-5578-35c7-8ed2-be4ffb0573cf, -17.497200, -59.576500,2026-07-11 00:20:00,GOES-19,Chiquitos,Santa Cruz,Bolivia,80,8,28,14,3.63,0.51,,34.8
e9b5551c-2b63-3e53-a4da-dec213515d6c, -16.414000, -61.830800,2026-07-11 00:20:00,GOES-19,Ñuflo de Chávez,Santa Cruz,Bolivia,78,8,28,14,1.11,0.7,,70.9
c14526b8-832a-3ad0-bef8-60d5d27e3e01, -18.636700, -62.790900,2026-07-11 00:20:00,GOES-19,Cordillera,Santa Cruz,Bolivia,81,8,28,31,0.0,0.98,,67.7
7085a791-a4f9-32c6-a048-8d5e30e2c642,  -4.358800, -47.763600,2026-07-11 00:20:00,GOES-19,DOM ELISEU,PARÁ,Brasil,1502939,15,33,14,0.0,0.82,Amazônia,60.5
de024d1c-fd8a-3b8c-be33-2d817aa1dc18, -18.636500, -62.810800,2026-07-11 00:20:00,GOES-19,Cordillera,Santa Cruz,Bolivia,81,8,28,31,0.0,0.98,,69.3
ea75b7c1-806b-33e6-9199-ee8f6668e45c, -16.422800, -59.564100,2026-07-11 00:20:00,GOES-19,José Miguel de Velasco,Santa Cruz,Bolivia,85,8,28,16,0.48,0.97,,61.6
ce0d00b2-23f8-3b10-a831-ae4b610a1865, -16.422600, -59.584200,2026-07-11 00:20:00,GOES-19,José Miguel de Velasco,Santa Cruz,Bolivia,85,8,28,16,0.49,0.92,,103.4
53c18ce4-c2e3-38df-bd36-3acce187566c,   4.438200, -75.135500,2026-07-11 00:20:00,GOES-19,Ibagué,Tolima,Colombia,987,29,53,0,0.2,0.29,,49.6
709b146e-92bd-3351-beb3-07954a179d01, -16.394600, -61.832400,2026-07-11 00:20:00,GOES-19,Ñuflo de Chávez,Santa Cruz,Bolivia,78,8,28,14,1.51,0.66,,55.3
e7f5c110-0157-3f22-bba4-b1971a01879a, -22.470300, -57.807600,2026-07-11 00:20:00,GOES-19,Concepción,Concepción,Paraguay,102,11,177,12,0.76,0.96,,71.7
21f3eab0-ad4f-328d-ba41-2021d3841be4, -12.854800, -44.362500,2026-07-11 00:20:00,GOES-19,BAIANÓPOLIS,BAHIA,Brasil,2902500,29,33,49,0.1,0.95,Cerrado,88.6
d6563ac1-85cc-3a51-a618-6d0f6528768d, -16.403100, -59.586100,2026-07-11 00:20:00,GOES-19,José Miguel de Velasco,Santa Cruz,Bolivia,85,8,28,16,0.38,0.95,,56.1
83998f36-6965-38b3-ad63-d52e04ab6037, -10.382200, -49.584900,2026-07-11 00:20:00,GOES-19,PIUM,TOCANTINS,Brasil,1717503,17,33,50,0.0,1.0,Cerrado,99.3
9d41fcd5-4efa-36a4-a6f4-b8bf8daddf53, -12.817000, -44.321800,2026-07-11 00:20:00,GOES-19,BAIANÓPOLIS,BAHIA,Brasil,2902500,29,33,48,0.0,0.94,Cerrado,48.4
b5091a81-7988-353b-81c8-93a4ae580898, -23.170300, -61.321400,2026-07-11 00:20:00,GOES-19,Doctor Pedro P. Peña,Boquerón,Paraguay,42,6,177,31,0.0,0.91,,65.4
312b8cad-605b-3a1f-b655-f1e7904dc5b5, -12.835900, -44.342200,2026-07-11 00:20:00,GOES-19,BAIANÓPOLIS,BAHIA,Brasil,2902500,29,33,48,0.1,0.95,Cerrado,88.4
f0bf404d-1f11-33dd-9cad-a91950168077, -14.084700, -58.384100,2026-07-11 00:20:00,GOES-19,TANGARÁ DA SERRA,MATO GROSSO,Brasil,5107958,51,33,9,2.16,1.0,Cerrado,37.0
0d318c26-2681-39bf-af3a-c2eb5cdf3b96, -15.734400, -61.983700,2026-07-11 00:30:00,GOES-19,Ñuflo de Chávez,Santa Cruz,Bolivia,78,8,28,16,3.69,0.29,,38.4
953ffef7-07d5-376b-bec6-5b322070845d,  -4.358800, -47.763600,2026-07-11 00:30:00,GOES-19,DOM ELISEU,PARÁ,Brasil,1502939,15,33,14,0.0,0.82,Amazônia,61.8
715e7808-532d-30cf-823f-afd2f3f2482f, -16.394600, -61.832400,2026-07-11 00:30:00,GOES-19,Ñuflo de Chávez,Santa Cruz,Bolivia,78,8,28,14,1.51,0.66,,54.8
62e2f224-ac2a-3f8e-9b48-3c4f23bf1aae, -10.382200, -49.584900,2026-07-11 00:30:00,GOES-19,PIUM,TOCANTINS,Brasil,1717503,17,33,50,0.0,1.0,Cerrado,94.5
a77836c7-6668-3108-b827-e07200003ea3, -12.835900, -44.342200,2026-07-11 00:30:00,GOES-19,BAIANÓPOLIS,BAHIA,Brasil,2902500,29,33,48,0.1,0.95,Cerrado,78.9
51a6613f-5909-3ef8-bc78-98c8d38a5362, -12.836300, -44.318600,2026-07-11 00:30:00,GOES-19,BAIANÓPOLIS,BAHIA,Brasil,2902500,29,33,48,0.09,0.94,Cerrado,61.0
1e77d6c1-9787-3dcf-ae10-4ebcff90c774, -16.739600, -60.652800,2026-07-11 00:30:00,GOES-19,José Miguel de Velasco,Santa Cruz,Bolivia,85,8,28,15,5.24,0.31,,49.2
8fb95386-5cc5-34c9-a858-23266d16528e, -12.817000, -44.321800,2026-07-11 00:30:00,GOES-19,BAIANÓPOLIS,BAHIA,Brasil,2902500,29,33,48,0.0,0.94,Cerrado,42.5
fe614aec-bc19-3178-9c7b-8b3c9f8a30ba, -23.170300, -61.321400,2026-07-11 00:30:00,GOES-19,Doctor Pedro P. Peña,Boquerón,Paraguay,42,6,177,31,0.0,0.91,,57.3
66df33c2-08cb-30cc-b07e-52b4d5fcddb0, -16.414200, -61.811100,2026-07-11 00:30:00,GOES-19,Ñuflo de Chávez,Santa Cruz,Bolivia,78,8,28,14,1.12,0.69,,63.4
9ed1a68b-a4ca-36c6-9145-9c53b8999cd6, -17.726300, -60.036500,2026-07-11 00:30:00,GOES-19,Chiquitos,Santa Cruz,Bolivia,80,8,28,15,4.47,0.38,,87.5
b6eb17e8-bc88-39c2-9aa4-d279b2c8db84, -16.422600, -59.584200,2026-07-11 00:30:00,GOES-19,José Miguel de Velasco,Santa Cruz,Bolivia,85,8,28,16,0.49,0.92,,102.0
01dea316-dbe2-3048-95dd-90414a84acf1, -18.636500, -62.810800,2026-07-11 00:30:00,GOES-19,Cordillera,Santa Cruz,Bolivia,81,8,28,31,0.0,0.98,,72.4
68a5a342-6e56-321e-af1c-5097b84cb67c, -17.497200, -59.576500,2026-07-11 00:30:00,GOES-19,Chiquitos,Santa Cruz,Bolivia,80,8,28,14,3.63,0.51,,35.4
cd1bdf7a-2bb0-307d-a2c0-0ad139e8df05, -12.854800, -44.362500,2026-07-11 00:30:00,GOES-19,BAIANÓPOLIS,BAHIA,Brasil,2902500,29,33,49,0.1,0.95,Cerrado,81.1
b624a1aa-b709-3e1d-a139-f1abb8f32948, -17.497500, -59.556300,2026-07-11 00:30:00,GOES-19,Chiquitos,Santa Cruz,Bolivia,80,8,28,14,3.43,0.53,,33.4
9ec98a40-cd96-3d2d-8d79-633b5a3b5bdd, -18.636700, -62.790900,2026-07-11 00:30:00,GOES-19,Cordillera,Santa Cruz,Bolivia,81,8,28,31,0.0,0.98,,76.3
9ca6c3b6-f2c1-31d7-b71e-43d3fa50ae63, -12.816500, -44.345400,2026-07-11 00:30:00,GOES-19,BAIANÓPOLIS,BAHIA,Brasil,2902500,29,33,48,0.0,0.95,Cerrado,48.0
45101edb-b5cf-35ec-bb3f-3862c3de00cf, -17.150800, -60.554500,2026-07-11 00:30:00,GOES-19,José Miguel de Velasco,Santa Cruz,Bolivia,85,8,28,16,1.49,0.81,,32.6
12c9bf28-abf5-3ff0-b899-a6fbe005ea38, -16.414000, -61.830800,2026-07-11 00:30:00,GOES-19,Ñuflo de Chávez,Santa Cruz,Bolivia,78,8,28,14,1.11,0.7,,65.9
c4978746-547c-35e5-8b53-fa3c8ceb43ba,  -4.340200, -47.764500,2026-07-11 00:30:00,GOES-19,DOM ELISEU,PARÁ,Brasil,1502939,15,33,14,0.0,0.88,Amazônia,103.1
911709a2-2069-3d0a-b643-cb69086ce6a1, -16.422800, -59.564100,2026-07-11 00:30:00,GOES-19,José Miguel de Velasco,Santa Cruz,Bolivia,85,8,28,16,0.48,0.97,,61.7
3dd9b403-a879-3aac-bac6-113f482c017b, -16.403100, -59.586100,2026-07-11 00:30:00,GOES-19,José Miguel de Velasco,Santa Cruz,Bolivia,85,8,28,16,0.38,0.95,,55.3
5e4f8786-fdff-3d70-9f99-83e3737a9564, -16.739600, -60.652800,2026-07-11 00:40:00,GOES-19,José Miguel de Velasco,Santa Cruz,Bolivia,85,8,28,15,5.24,0.31,,57.4
1b5f8cd9-bcca-3c1c-a8eb-62ec6ad9d611, -12.836300, -44.318600,2026-07-11 00:40:00,GOES-19,BAIANÓPOLIS,BAHIA,Brasil,2902500,29,33,48,0.09,0.94,Cerrado,59.4
60230878-f716-386e-9004-759bc77d70ef, -14.104100, -58.362300,2026-07-11 00:40:00,GOES-19,TANGARÁ DA SERRA,MATO GROSSO,Brasil,5107958,51,33,13,2.21,1.0,Cerrado,67.6
9ee06501-db22-3351-8536-090c5784f6fc, -14.084700, -58.384100,2026-07-11 00:40:00,GOES-19,TANGARÁ DA SERRA,MATO GROSSO,Brasil,5107958,51,33,9,2.16,1.0,Cerrado,47.0
0f4f8411-e758-35a9-a6e1-8b2d64b4f2e6, -17.150800, -60.554500,2026-07-11 00:40:00,GOES-19,José Miguel de Velasco,Santa Cruz,Bolivia,85,8,28,16,1.49,0.81,,37.4
87326983-cbec-3f02-bff7-0e4d58db0026, -16.403100, -59.586100,2026-07-11 00:40:00,GOES-19,José Miguel de Velasco,Santa Cruz,Bolivia,85,8,28,16,0.38,0.95,,66.5
3e48cf93-f43a-3513-b770-ab0b7ec0cc1b, -10.382200, -49.584900,2026-07-11 00:40:00,GOES-19,PIUM,TOCANTINS,Brasil,1717503,17,33,50,0.0,1.0,Cerrado,84.7
85fe144e-2a66-36b0-8fdb-38d1dca01247, -18.636500, -62.810800,2026-07-11 00:40:00,GOES-19,Cordillera,Santa Cruz,Bolivia,81,8,28,31,0.0,0.98,,70.9
d4328f64-3070-3416-9373-deed9a271cf1, -12.854800, -44.362500,2026-07-11 00:40:00,GOES-19,BAIANÓPOLIS,BAHIA,Brasil,2902500,29,33,49,0.1,0.95,Cerrado,64.8
860fb333-5750-3517-a56a-3199ed027e5d, -16.422800, -59.564100,2026-07-11 00:40:00,GOES-19,José Miguel de Velasco,Santa Cruz,Bolivia,85,8,28,16,0.48,0.97,,55.8
0fb1cf15-5282-3cd4-85a0-686db94b75ab, -17.497200, -59.576500,2026-07-11 00:40:00,GOES-19,Chiquitos,Santa Cruz,Bolivia,80,8,28,14,3.63,0.51,,39.8
bed822c9-3419-34fb-91aa-42133462fc7f, -17.497500, -59.556300,2026-07-11 00:40:00,GOES-19,Chiquitos,Santa Cruz,Bolivia,80,8,28,14,3.43,0.53,,38.5
a1240b1a-6a7f-3b39-91cb-e9b085d26ecb, -16.414000, -61.830800,2026-07-11 00:40:00,GOES-19,Ñuflo de Chávez,Santa Cruz,Bolivia,78,8,28,14,1.11,0.7,,60.5
38b63904-1d6d-3f60-be16-019f7b4ae9bc, -15.734400, -61.983700,2026-07-11 00:40:00,GOES-19,Ñuflo de Chávez,Santa Cruz,Bolivia,78,8,28,16,3.69,0.29,,50.7
9923a081-0791-39cb-98c6-c438f5e97ced, -16.422600, -59.584200,2026-07-11 00:40:00,GOES-19,José Miguel de Velasco,Santa Cruz,Bolivia,85,8,28,16,0.49,0.92,,118.1
41a0fc5d-5060-302f-bad8-e37e003dcd31, -17.760400, -60.415100,2026-07-11 00:40:00,GOES-19,Chiquitos,Santa Cruz,Bolivia,80,8,28,16,14.35,0.03,,39.9
c8ab2760-cb2a-3d71-9bbe-bf7d72095800,  -4.358800, -47.763600,2026-07-11 00:40:00,GOES-19,DOM ELISEU,PARÁ,Brasil,1502939,15,33,14,0.0,0.82,Amazônia,47.4
b925104e-f6f6-3ab6-a5ee-24455a942ca5,  -4.340200, -47.764500,2026-07-11 00:40:00,GOES-19,DOM ELISEU,PARÁ,Brasil,1502939,15,33,14,0.0,0.88,Amazônia,84.3
22ebb920-c38d-339b-8d6e-292ac8346ce5, -12.835900, -44.342200,2026-07-11 00:40:00,GOES-19,BAIANÓPOLIS,BAHIA,Brasil,2902500,29,33,48,0.1,0.95,Cerrado,103.2
118154d4-cfaf-3950-b103-aca62fd3be33, -14.085000, -58.364100,2026-07-11 00:40:00,GOES-19,TANGARÁ DA SERRA,MATO GROSSO,Brasil,5107958,51,33,12,2.3,1.0,Cerrado,66.6
239d3325-be3b-3ad2-a315-fec634a524fd, -17.726300, -60.036500,2026-07-11 00:40:00,GOES-19,Chiquitos,Santa Cruz,Bolivia,80,8,28,15,4.47,0.38,,74.2
d5b66106-61f2-3a52-b900-f7adb049fdec, -18.636700, -62.790900,2026-07-11 00:40:00,GOES-19,Cordillera,Santa Cruz,Bolivia,81,8,28,31,0.0,0.98,,68.8
8e63fd55-0398-3f89-b769-6d7792c0c7a8, -16.414000, -61.830800,2026-07-11 00:50:00,GOES-19,Ñuflo de Chávez,Santa Cruz,Bolivia,78,8,28,14,1.11,0.7,,55.9
f22b9a4f-c0c8-3c03-914f-9a51d70bef7d, -17.497200, -59.576500,2026-07-11 00:50:00,GOES-19,Chiquitos,Santa Cruz,Bolivia,80,8,28,14,3.63,0.51,,35.3
2525f1a0-2c43-3c3f-8e09-2c52a3688529, -14.084700, -58.384100,2026-07-11 00:50:00,GOES-19,TANGARÁ DA SERRA,MATO GROSSO,Brasil,5107958,51,33,9,2.16,1.0,Cerrado,51.5
da665a70-fcb0-363f-ba1a-8e3a9d6d1bae, -17.497500, -59.556300,2026-07-11 00:50:00,GOES-19,Chiquitos,Santa Cruz,Bolivia,80,8,28,14,3.43,0.53,,30.7
31f3d872-39ab-3d6a-9d80-84eb4bc797fd, -17.726300, -60.036500,2026-07-11 00:50:00,GOES-19,Chiquitos,Santa Cruz,Bolivia,80,8,28,15,4.47,0.38,,65.5
f26db772-af9b-3554-8d53-44dd286d2f07, -12.835900, -44.342200,2026-07-11 00:50:00,GOES-19,BAIANÓPOLIS,BAHIA,Brasil,2902500,29,33,48,0.1,0.95,Cerrado,102.0
989be55b-9e8d-3f38-98e2-81ec1ee84a0d, -15.734400, -61.983700,2026-07-11 00:50:00,GOES-19,Ñuflo de Chávez,Santa Cruz,Bolivia,78,8,28,16,3.69,0.29,,37.6
a8e8bae6-d8e2-3f9b-9109-5f24a2a65870, -12.836300, -44.318600,2026-07-11 00:50:00,GOES-19,BAIANÓPOLIS,BAHIA,Brasil,2902500,29,33,48,0.09,0.94,Cerrado,59.9
a231534c-93e7-350d-b553-63df61e4fea2, -16.739600, -60.652800,2026-07-11 00:50:00,GOES-19,José Miguel de Velasco,Santa Cruz,Bolivia,85,8,28,15,5.24,0.31,,51.3
b10e9608-6cd9-391e-b89a-df3c261b0086, -18.636500, -62.810800,2026-07-11 00:50:00,GOES-19,Cordillera,Santa Cruz,Bolivia,81,8,28,31,0.0,0.98,,90.6
e69310f7-9983-3401-87b9-e3449096a826, -16.394800, -61.812700,2026-07-11 00:50:00,GOES-19,Ñuflo de Chávez,Santa Cruz,Bolivia,78,8,28,14,1.6,0.64,,47.6
6f8cf178-d125-3c46-9b2a-00f66c7f389e,  -4.340200, -47.764500,2026-07-11 00:50:00,GOES-19,DOM ELISEU,PARÁ,Brasil,1502939,15,33,14,0.0,0.88,Amazônia,81.6
f7af7a4b-e560-3724-bbe9-5fac771d85dc, -14.065800, -58.365800,2026-07-11 00:50:00,GOES-19,TANGARÁ DA SERRA,MATO GROSSO,Brasil,5107958,51,33,12,2.34,1.0,Cerrado,41.9
a602e0cd-32a1-3b5d-8304-e966d0407dd7, -16.422600, -59.584200,2026-07-11 00:50:00,GOES-19,José Miguel de Velasco,Santa Cruz,Bolivia,85,8,28,16,0.49,0.92,,109.9
3cdc18bb-53d1-3148-bd45-a82180a7951a, -12.854800, -44.362500,2026-07-11 00:50:00,GOES-19,BAIANÓPOLIS,BAHIA,Brasil,2902500,29,33,49,0.1,0.95,Cerrado,67.4
913068ba-10de-3d43-b1a9-2e6a75a2d2d4, -16.394600, -61.832400,2026-07-11 00:50:00,GOES-19,Ñuflo de Chávez,Santa Cruz,Bolivia,78,8,28,14,1.51,0.66,,55.1
d20708ea-afce-3d08-9570-c701b9a9369a, -17.760400, -60.415100,2026-07-11 00:50:00,GOES-19,Chiquitos,Santa Cruz,Bolivia,80,8,28,16,14.35,0.03,,34.2
6501806c-9472-3ac9-b82a-39fc98e882a4, -16.403100, -59.586100,2026-07-11 00:50:00,GOES-19,José Miguel de Velasco,Santa Cruz,Bolivia,85,8,28,16,0.38,0.95,,57.4
f8411b20-938c-35ad-ab5f-5bfb5b999508, -18.636700, -62.790900,2026-07-11 00:50:00,GOES-19,Cordillera,Santa Cruz,Bolivia,81,8,28,31,0.0,0.98,,74.4
73e05b2e-c6ac-3bf6-a02b-1d3c69c7d2f7, -10.382200, -49.584900,2026-07-11 00:50:00,GOES-19,PIUM,TOCANTINS,Brasil,1717503,17,33,50,0.0,1.0,Cerrado,75.8
45311082-8a52-3444-9bad-2ebf55e91926, -14.085000, -58.364100,2026-07-11 00:50:00,GOES-19,TANGARÁ DA SERRA,MATO GROSSO,Brasil,5107958,51,33,12,2.3,1.0,Cerrado,76.4
60795189-a21f-37bc-ac36-3f4a580e8ea3, -22.459460, -57.661130,2026-07-11 00:54:00,TERRA_M-M,Concepción,Concepción,Paraguay,102,11,177,11,1.45,0.83,,4.4
7c72a079-df0f-31b9-a844-bd8f9a77796c, -23.425940, -56.841680,2026-07-11 00:54:00,TERRA_M-M,Horqueta,Concepción,Paraguay,103,11,177,13,3.2,0.75,,8.2
33421ec6-a64c-3880-a026-987a78fefcb9, -22.233680, -58.010910,2026-07-11 00:54:00,TERRA_M-M,La Victoria,Alto Paraguay,Paraguay,18,2,177,14,7.17,0.31,,14.6
6a6f5a08-7e1c-3b96-8690-7bf11c33a5a8, -22.234250, -56.700910,2026-07-11 00:54:00,TERRA_M-M,Bella Vista,Amambay,Paraguay,38,4,177,11,16.51,0.01,,17.9
7054819d-af56-3437-8e68-397821a7d49c, -24.465390, -54.643300,2026-07-11 00:54:00,TERRA_M-M,General Francisco C. Alvarez,Canindeyú,Paraguay,75,9,177,11,8.21,0.08,,7.6
2a57e99d-52ef-3559-a166-b9e3c1d5bf12, -23.395780, -59.831710,2026-07-11 00:54:00,TERRA_M-M,Pozo Colorado,Presidente Hayes,Paraguay,201,17,177,22,0.0,0.94,,7.2
1a13091d-31d2-3dd5-967d-40eee868a410, -22.846410, -57.346710,2026-07-11 00:54:00,TERRA_M-M,Concepción,Concepción,Paraguay,102,11,177,12,1.4,0.98,,11.8
1b91886b-322b-3054-8aab-c54c3494bb43, -23.386800, -59.833120,2026-07-11 00:54:00,TERRA_M-M,Pozo Colorado,Presidente Hayes,Paraguay,201,17,177,22,0.0,0.95,,5.1
f0e01e28-4926-347b-a4e5-f39bfda8bc47, -23.168280, -61.306390,2026-07-11 00:54:00,TERRA_M-M,Doctor Pedro P. Peña,Boquerón,Paraguay,42,6,177,31,0.0,0.89,,8.7
94f0dad4-069d-386e-9b06-6bdb04873159, -24.455230, -54.645520,2026-07-11 00:54:00,TERRA_M-M,General Francisco C. Alvarez,Canindeyú,Paraguay,75,9,177,11,7.91,0.03,,5.7
aa724abf-8b6e-33b3-ad47-62422ee12039, -23.177760, -61.305010,2026-07-11 00:54:00,TERRA_M-M,Doctor Pedro P. Peña,Boquerón,Paraguay,42,6,177,31,0.0,0.92,,9.1
04398799-07bb-3b69-a9d6-25b20dd74192, -23.169610, -61.317440,2026-07-11 00:54:00,TERRA_M-M,Doctor Pedro P. Peña,Boquerón,Paraguay,42,6,177,31,0.0,0.91,,31.0
b9d74321-1500-3cee-b85c-120f9e04d0d3, -24.392210, -57.580540,2026-07-11 00:54:00,TERRA_M-M,Villa Hayes,Presidente Hayes,Paraguay,203,17,177,5,0.2,0.93,,11.6
27da894a-8cf4-3b70-bd7d-ed24c9c94ae7, -22.465900, -60.944730,2026-07-11 00:54:00,TERRA_M-M,Mariscal José Félix Estigarribia,Boquerón,Paraguay,44,6,177,29,1.25,0.94,,5.4
33919675-cc5f-3e10-82a8-02d8fb814c04, -22.232620, -56.690140,2026-07-11 00:54:00,TERRA_M-M,Bella Vista,Amambay,Paraguay,38,4,177,11,16.77,-999.0,,10.4
b54d252f-9a61-3334-90ac-de6bd249b866, -22.232270, -58.001140,2026-07-11 00:54:00,TERRA_M-M,La Victoria,Alto Paraguay,Paraguay,18,2,177,15,6.81,0.46,,9.0
30130011-67e1-31ec-bdc3-8077082e352e, -23.179100, -61.316060,2026-07-11 00:54:00,TERRA_M-M,Doctor Pedro P. Peña,Boquerón,Paraguay,42,6,177,31,0.0,0.91,,23.9
0242ed17-acd7-37df-a693-50646489c43f, -22.847900, -57.356820,2026-07-11 00:54:00,TERRA_M-M,Concepción,Concepción,Paraguay,102,11,177,11,1.47,1.0,,7.1
e80ae202-924a-3f2b-8f7c-93f54afec64f, -15.596390, -61.810840,2026-07-11 00:56:00,TERRA_M-M,Ñuflo de Chávez,Santa Cruz,Bolivia,78,8,28,16,6.87,0.13,,7.2
0e72b14b-72c4-3d1a-8926-212099619b5a, -20.990020, -59.650270,2026-07-11 00:56:00,TERRA_M-M,Fuerte Olimpo,Alto Paraguay,Paraguay,17,2,177,31,0.1,1.0,,19.3
f5353a9d-aa84-3384-84c8-d829eb614937, -20.522290, -60.480180,2026-07-11 00:56:00,TERRA_M-M,General Eugenio A. Garay,Boquerón,Paraguay,43,6,177,31,0.6,1.0,,7.3
9dd136ad-c659-38fe-8a4a-14de231b8a14, -18.634980, -62.807290,2026-07-11 00:56:00,TERRA_M-M,Cordillera,Santa Cruz,Bolivia,81,8,28,31,0.0,0.98,,114.7
5dde78f6-353a-34f3-8bc8-69d8812784e2, -18.337950, -59.051530,2026-07-11 00:56:00,TERRA_M-M,Chiquitos,Santa Cruz,Bolivia,80,8,28,15,11.42,0.06,,12.3
23318d19-31ce-3d5c-9cae-40b51bc0238a, -16.334430, -59.664780,2026-07-11 00:56:00,TERRA_M-M,José Miguel de Velasco,Santa Cruz,Bolivia,85,8,28,16,0.1,0.99,,41.7
5bd22b23-4510-3970-8278-a7ee385868f6, -20.377690, -59.148620,2026-07-11 00:56:00,TERRA_M-M,Fuerte Olimpo,Alto Paraguay,Paraguay,17,2,177,15,8.17,0.29,,5.4
9dc264ef-64b0-3982-b32a-b547ebfbe89b, -18.560800, -62.789090,2026-07-11 00:56:00,TERRA_M-M,Cordillera,Santa Cruz,Bolivia,81,8,28,31,0.25,0.98,,26.9
515db438-342e-3c3e-9db6-116c85841336, -17.147320, -60.552230,2026-07-11 00:56:00,TERRA_M-M,José Miguel de Velasco,Santa Cruz,Bolivia,85,8,28,16,1.43,0.82,,10.0
a6d93ef8-e8e9-3fc4-8b6a-95d404a0c5de, -15.827310, -61.264440,2026-07-11 00:56:00,TERRA_M-M,José Miguel de Velasco,Santa Cruz,Bolivia,85,8,28,16,3.1,0.5,,34.7
e821b1a6-90b1-3662-9700-6b043b8cd50c, -21.903390, -61.299960,2026-07-11 00:56:00,TERRA_M-M,General Eugenio A. Garay,Boquerón,Paraguay,43,6,177,31,0.1,0.93,,5.8
fc829e09-7cbd-3f16-89f2-66cbbf39de73, -15.595110, -61.801300,2026-07-11 00:56:00,TERRA_M-M,Ñuflo de Chávez,Santa Cruz,Bolivia,78,8,28,16,7.24,0.12,,5.1
91824d82-8f35-3de3-af31-eaf2d2400ad2, -17.730930, -60.043390,2026-07-11 00:56:00,TERRA_M-M,Chiquitos,Santa Cruz,Bolivia,80,8,28,15,4.54,0.38,,23.9
6e1c62f5-9a4c-3cb4-94f1-d7f45ad908f5, -15.923890, -61.925390,2026-07-11 00:56:00,TERRA_M-M,Ñuflo de Chávez,Santa Cruz,Bolivia,78,8,28,16,3.64,0.35,,13.5
ff763236-6c52-32db-bf3e-eea9a6f174ac, -17.728380, -60.024910,2026-07-11 00:56:00,TERRA_M-M,Chiquitos,Santa Cruz,Bolivia,80,8,28,15,4.38,0.39,,17.0
156b7f72-92ca-32eb-b851-5f9524969285, -17.109340, -63.154090,2026-07-11 00:56:00,TERRA_M-M,Obispo Santistevan,Santa Cruz,Bolivia,87,8,28,17,0.1,1.0,,9.3
fac4f30b-2709-3848-87c5-0808352fd209, -17.479080, -62.862690,2026-07-11 00:56:00,TERRA_M-M,Ignacio Warnes,Santa Cruz,Bolivia,84,8,28,20,0.47,1.0,,8.7
6c7c799b-3ca2-37a1-bc50-b961d15b46db, -16.344640, -59.672670,2026-07-11 00:56:00,TERRA_M-M,José Miguel de Velasco,Santa Cruz,Bolivia,85,8,28,16,0.1,0.99,,7.5
8924762c-3aaa-3bd1-ad9e-424a871dfd3f, -14.092360, -58.368800,2026-07-11 00:56:00,TERRA_M-M,TANGARÁ DA SERRA,MATO GROSSO,Brasil,5107958,51,33,12,2.23,1.0,Cerrado,13.4
b41a45d0-706f-38fe-9936-f15896fc2132, -15.712760, -61.928520,2026-07-11 00:56:00,TERRA_M-M,Ñuflo de Chávez,Santa Cruz,Bolivia,78,8,28,16,3.42,0.79,,6.7
bd402548-6dac-3fc0-b911-33b27ee81820, -16.413110, -59.570520,2026-07-11 00:56:00,TERRA_M-M,José Miguel de Velasco,Santa Cruz,Bolivia,85,8,28,16,0.4,0.94,,10.1
f48fcb82-3cfe-3e24-a3c9-72e61e88c157, -16.728370, -60.654810,2026-07-11 00:56:00,TERRA_M-M,José Miguel de Velasco,Santa Cruz,Bolivia,85,8,28,15,5.27,0.31,,7.2
8fd02198-8454-3672-bc96-7f71ba3f30a9, -13.378920, -54.347710,2026-07-11 00:56:00,TERRA_M-M,PARANATINGA,MATO GROSSO,Brasil,5106307,51,33,21,0.78,0.83,Amazônia,45.4
8e45c39b-c976-3e2b-8d56-d9d62541b848, -16.404770, -61.806380,2026-07-11 00:56:00,TERRA_M-M,Ñuflo de Chávez,Santa Cruz,Bolivia,78,8,28,14,1.4,0.67,,10.5
6f926661-ba53-30d3-a62a-e00346d475bf, -13.366050, -54.350070,2026-07-11 00:56:00,TERRA_M-M,PARANATINGA,MATO GROSSO,Brasil,5106307,51,33,20,0.52,0.88,Amazônia,15.3
85d618f3-3d7c-305e-bab7-741396a03a8a, -16.405530, -59.581250,2026-07-11 00:56:00,TERRA_M-M,José Miguel de Velasco,Santa Cruz,Bolivia,85,8,28,16,0.4,0.95,,28.9
2401e4b6-ded9-3fd5-87db-cd8671e7a41a, -15.916470, -61.311920,2026-07-11 00:56:00,TERRA_M-M,José Miguel de Velasco,Santa Cruz,Bolivia,85,8,28,16,1.47,0.66,,8.2
bfcdc202-7d23-348a-bb57-cdecaa3c151e, -16.366610, -59.309470,2026-07-11 00:56:00,TERRA_M-M,José Miguel de Velasco,Santa Cruz,Bolivia,85,8,28,14,0.18,0.92,,4.3
423b66d4-7180-38c7-b09c-60d5c60cb29f, -16.103910, -60.391960,2026-07-11 00:56:00,TERRA_M-M,José Miguel de Velasco,Santa Cruz,Bolivia,85,8,28,16,0.87,0.93,,6.7
a545ee19-c7ec-375e-96dd-28405cbb94fa, -16.069770, -60.471880,2026-07-11 00:56:00,TERRA_M-M,José Miguel de Velasco,Santa Cruz,Bolivia,85,8,28,16,0.7,1.0,,24.9
1cb9bec1-efb5-3811-ac49-85df01ba8ed9, -17.962360, -61.699020,2026-07-11 00:56:00,TERRA_M-M,Chiquitos,Santa Cruz,Bolivia,80,8,28,20,4.25,0.63,,5.4
6fe0dcc3-8ac9-3bee-9603-c250033febea, -16.396960, -61.817320,2026-07-11 00:56:00,TERRA_M-M,Ñuflo de Chávez,Santa Cruz,Bolivia,78,8,28,14,1.55,0.65,,9.9
b0e614d4-fee0-3d1f-8520-5e40d485992d, -18.274090, -59.052140,2026-07-11 00:56:00,TERRA_M-M,Chiquitos,Santa Cruz,Bolivia,80,8,28,15,14.21,0.03,,5.3
9b06da39-a522-37ca-9062-7328217d0ce4, -15.001490, -63.900020,2026-07-11 00:56:00,TERRA_M-M,Marbán,El Beni,Bolivia,28,3,28,16,13.77,0.02,,15.2
13e0ba6e-27e8-31c3-8873-7c1d06e3c2e1, -16.545770, -60.731900,2026-07-11 00:56:00,TERRA_M-M,José Miguel de Velasco,Santa Cruz,Bolivia,85,8,28,15,3.72,0.44,,9.9
429d43aa-bf47-3861-858b-421a74dd0c31, -17.489070, -59.563470,2026-07-11 00:56:00,TERRA_M-M,Chiquitos,Santa Cruz,Bolivia,80,8,28,14,3.32,0.54,,20.2
fb572496-415f-3e0a-820e-b0fb8232f11e, -18.559380, -62.777760,2026-07-11 00:56:00,TERRA_M-M,Cordillera,Santa Cruz,Bolivia,81,8,28,31,0.3,0.98,,26.5
6976fdca-ed7b-342c-93ad-d209ff8228e3, -16.406040, -61.816020,2026-07-11 00:56:00,TERRA_M-M,Ñuflo de Chávez,Santa Cruz,Bolivia,78,8,28,14,1.31,0.67,,38.0
e41240d2-37ac-3ca2-a703-2e2b97a36881, -15.932980, -61.924120,2026-07-11 00:56:00,TERRA_M-M,Ñuflo de Chávez,Santa Cruz,Bolivia,78,8,28,16,3.76,0.34,,15.3
4e342748-d4f5-38f2-977f-a0e7503074b8, -18.633570, -62.795900,2026-07-11 00:56:00,TERRA_M-M,Cordillera,Santa Cruz,Bolivia,81,8,28,31,0.01,0.98,,82.8
d2bd1ceb-ee6d-3ae9-9d35-1c719badb9f0, -20.270350, -57.691140,2026-07-11 00:56:00,TERRA_M-M,CORUMBÁ,MATO GROSSO DO SUL,Brasil,5003207,50,33,15,1.2,1.0,Pantanal,7.4
313f18ac-cbec-354c-915d-91897980876d, -15.587350, -61.812110,2026-07-11 00:56:00,TERRA_M-M,Ñuflo de Chávez,Santa Cruz,Bolivia,78,8,28,16,6.83,0.13,,4.8
92651198-d61f-3e6e-97aa-d78b5304c0fe, -16.398230, -61.826970,2026-07-11 00:56:00,TERRA_M-M,Ñuflo de Chávez,Santa Cruz,Bolivia,78,8,28,14,1.45,0.65,,20.8
3cd4a39b-cfc0-3e05-9308-61d505ac6c24, -15.756450, -60.951530,2026-07-11 00:56:00,TERRA_M-M,José Miguel de Velasco,Santa Cruz,Bolivia,85,8,28,16,1.5,0.83,,14.2
e2872af5-48cb-393b-b336-c53101c501f4, -18.032620, -54.368530,2026-07-11 00:56:00,TERRA_M-M,PEDRO GOMES,MATO GROSSO DO SUL,Brasil,5006408,50,33,1,0.22,0.96,Cerrado,13.6
a3eba9bd-af7d-36cb-baff-c378a7553e12, -17.755060, -60.417430,2026-07-11 00:56:00,TERRA_M-M,Chiquitos,Santa Cruz,Bolivia,80,8,28,16,14.45,0.03,,41.5
f689bb8f-ca6a-3084-8db6-67263df77012, -16.599880, -61.063960,2026-07-11 00:56:00,TERRA_M-M,José Miguel de Velasco,Santa Cruz,Bolivia,85,8,28,16,2.93,0.73,,6.8
ed7e0812-e579-3d66-ab7d-5df88a0d54a5, -18.340630, -59.070420,2026-07-11 00:56:00,TERRA_M-M,Chiquitos,Santa Cruz,Bolivia,80,8,28,15,10.86,0.07,,19.9
0694d002-5232-3ada-a1b2-33ffc9e75b1e, -16.547030, -60.741120,2026-07-11 00:56:00,TERRA_M-M,José Miguel de Velasco,Santa Cruz,Bolivia,85,8,28,15,3.74,0.44,,9.0
8f105aed-ca28-30d1-a442-f629cce7e0d1, -14.073370, -58.371910,2026-07-11 00:56:00,TERRA_M-M,TANGARÁ DA SERRA,MATO GROSSO,Brasil,5107958,51,33,11,2.28,1.0,Cerrado,40.8
0cdd6e9e-ac65-32cc-bee5-5c03586515a2, -16.102650, -60.382800,2026-07-11 00:56:00,TERRA_M-M,José Miguel de Velasco,Santa Cruz,Bolivia,85,8,28,15,0.88,0.93,,6.4
a0035f5e-7dbb-3d22-b3fe-de3cce68e5e1, -15.925400, -61.310640,2026-07-11 00:56:00,TERRA_M-M,José Miguel de Velasco,Santa Cruz,Bolivia,85,8,28,16,1.29,0.7,,25.2
d5a544d2-b9f2-327b-aae6-44d09c70f90f, -16.333120, -59.655520,2026-07-11 00:56:00,TERRA_M-M,José Miguel de Velasco,Santa Cruz,Bolivia,85,8,28,16,0.1,0.99,,15.2
8160586d-4022-3d3a-a30e-08ef0a284c7d, -17.729650, -60.034150,2026-07-11 00:56:00,TERRA_M-M,Chiquitos,Santa Cruz,Bolivia,80,8,28,15,4.44,0.39,,119.8
d41c40a2-0dc4-34a3-a897-b9d52645e6ca, -18.349550, -59.068990,2026-07-11 00:56:00,TERRA_M-M,Chiquitos,Santa Cruz,Bolivia,80,8,28,14,10.49,0.07,,22.2
ef26cedc-54c9-3889-acd0-e72b288cb7e7, -16.297550, -62.116630,2026-07-11 00:56:00,TERRA_M-M,Ñuflo de Chávez,Santa Cruz,Bolivia,78,8,28,15,0.41,0.88,,9.5
98e12f71-bc26-3384-83d3-c5a93718573f, -16.388870, -59.599280,2026-07-11 00:56:00,TERRA_M-M,José Miguel de Velasco,Santa Cruz,Bolivia,85,8,28,16,0.34,0.96,,5.9
2b125930-046c-36a9-bfa6-8dbf59567424, -15.729430, -61.567190,2026-07-11 00:56:00,TERRA_M-M,Ñuflo de Chávez,Santa Cruz,Bolivia,78,8,28,16,6.77,0.22,,6.5
35e4809e-c6b4-31d2-90a8-0b14c568141a, -17.756320, -60.426710,2026-07-11 00:56:00,TERRA_M-M,Chiquitos,Santa Cruz,Bolivia,80,8,28,16,14.68,0.03,,11.3
ccf5dddc-7e8f-3c9d-b5ef-924cba2961a1, -18.343300, -59.089310,2026-07-11 00:56:00,TERRA_M-M,Chiquitos,Santa Cruz,Bolivia,80,8,28,15,10.29,0.08,,7.9
1f5808f8-cf94-32a5-be80-3b0bbd68de65, -16.399500, -61.836650,2026-07-11 00:56:00,TERRA_M-M,Ñuflo de Chávez,Santa Cruz,Bolivia,78,8,28,14,1.41,0.66,,4.9
ade2607c-1569-3e54-b103-ea861b88e29c, -16.296280, -62.106750,2026-07-11 00:56:00,TERRA_M-M,Ñuflo de Chávez,Santa Cruz,Bolivia,78,8,28,15,0.52,0.74,,6.4
8d0aab6e-b421-357e-96d0-04bf457c66bc, -14.082860, -58.370360,2026-07-11 00:56:00,TERRA_M-M,TANGARÁ DA SERRA,MATO GROSSO,Brasil,5107958,51,33,11,2.29,1.0,Cerrado,13.1
9a17168e-6ee8-38bf-a02a-659699326697, -17.480490, -62.873750,2026-07-11 00:56:00,TERRA_M-M,Ignacio Warnes,Santa Cruz,Bolivia,84,8,28,21,0.4,1.0,,8.5
bd1f56b1-f8da-33d0-99bd-2c246d983340, -13.380720, -54.362580,2026-07-11 00:56:00,TERRA_M-M,PARANATINGA,MATO GROSSO,Brasil,5106307,51,33,20,0.83,0.81,Amazônia,50.2
6e57c129-516a-3016-a208-6c4d8809e912, -17.831670, -60.106950,2026-07-11 00:56:00,TERRA_M-M,Chiquitos,Santa Cruz,Bolivia,80,8,28,15,7.14,0.21,,4.5
6303557a-ffd9-37c5-95de-523b70dbf100, -17.490370, -59.572770,2026-07-11 00:56:00,TERRA_M-M,Chiquitos,Santa Cruz,Bolivia,80,8,28,14,3.44,0.53,,28.0
c345c080-d636-3955-94cd-cae9bb2645a3, -15.924160, -61.301320,2026-07-11 00:56:00,TERRA_M-M,José Miguel de Velasco,Santa Cruz,Bolivia,85,8,28,16,1.4,0.71,,17.6
298f04fc-0fba-3dcb-ba23-6b088695f0a1, -17.963660, -61.708960,2026-07-11 00:56:00,TERRA_M-M,Chiquitos,Santa Cruz,Bolivia,80,8,28,20,4.14,0.65,,24.0
8c9c66de-eed1-3463-8633-922f5bfcca40, -18.341960, -59.079860,2026-07-11 00:56:00,TERRA_M-M,Chiquitos,Santa Cruz,Bolivia,80,8,28,15,10.55,0.07,,25.0
ae932be6-f1f2-3370-b0f4-dc218eb8e730, -17.483080, -62.867070,2026-07-11 00:56:00,TERRA_M-M,Ignacio Warnes,Santa Cruz,Bolivia,84,8,28,21,0.43,1.0,,16.2
8a5d69f5-72d3-3bf1-b94d-0116cda54145, -13.382210, -54.367990,2026-07-11 00:56:00,TERRA_M-M,PARANATINGA,MATO GROSSO,Brasil,5106307,51,33,20,0.9,0.8,Amazônia,40.7
e19a3a21-6bca-3ced-8b08-f94f1c7fecee, -14.074940, -58.382540,2026-07-11 00:56:00,TERRA_M-M,TANGARÁ DA SERRA,MATO GROSSO,Brasil,5107958,51,33,10,2.2,1.0,Cerrado,26.4
f36f8e08-a6f8-3b81-9bf9-a2e8a090adc7, -16.737950, -60.647530,2026-07-11 00:56:00,TERRA_M-M,José Miguel de Velasco,Santa Cruz,Bolivia,85,8,28,15,5.29,0.3,,23.8
615c9a03-ebf1-3d52-b06a-3b138da958d6, -18.776750, -58.512550,2026-07-11 00:56:00,TERRA_M-M,Chiquitos,Santa Cruz,Bolivia,80,8,28,14,6.08,0.2,,7.0
bb8bef7d-5c39-3d69-ac89-305b10f12482, -17.139710, -60.562800,2026-07-11 00:56:00,TERRA_M-M,José Miguel de Velasco,Santa Cruz,Bolivia,85,8,28,16,1.38,0.82,,18.2
14d88664-4a45-3c53-aa27-6fabe0a8d331, -16.114000, -60.465210,2026-07-11 00:56:00,TERRA_M-M,José Miguel de Velasco,Santa Cruz,Bolivia,85,8,28,16,0.7,0.97,,7.4
4e745097-c8cf-3c45-bc1b-3dbd202b2b38, -17.521700, -62.861730,2026-07-11 00:56:00,TERRA_M-M,Andrés Ibáñez,Santa Cruz,Bolivia,79,8,28,24,0.5,1.0,,4.6
e4d86c6e-4472-3932-9e20-53b4f945a233, -16.350920, -59.652750,2026-07-11 00:56:00,TERRA_M-M,José Miguel de Velasco,Santa Cruz,Bolivia,85,8,28,16,0.07,0.99,,7.9
94eb129c-cf58-33c1-bb0b-a4573de46b6f, -17.674100, -60.768550,2026-07-11 00:56:00,TERRA_M-M,Chiquitos,Santa Cruz,Bolivia,80,8,28,14,5.73,0.3,,14.7
48d710b4-e3b3-36f0-9f69-2f629412f485, -17.701640, -61.048580,2026-07-11 00:56:00,TERRA_M-M,Chiquitos,Santa Cruz,Bolivia,80,8,28,16,2.45,0.91,,5.7
8d612211-701f-347c-8b50-c198086622fb, -16.371330, -59.668510,2026-07-11 00:56:00,TERRA_M-M,José Miguel de Velasco,Santa Cruz,Bolivia,85,8,28,16,0.26,0.96,,10.6
9d9eff3d-c58b-3f9b-876b-b69b5b5db5ef, -20.988730, -59.640810,2026-07-11 00:56:00,TERRA_M-M,Fuerte Olimpo,Alto Paraguay,Paraguay,17,2,177,31,0.1,1.0,,41.6
a4e5b4b0-827c-30cb-b84d-078d4aeb445d, -20.523560, -60.489850,2026-07-11 00:56:00,TERRA_M-M,General Eugenio A. Garay,Boquerón,Paraguay,43,6,177,31,0.6,1.0,,14.2
bc30c85f-0a84-3f11-8587-ff892a6d78c4, -16.731820, -60.207270,2026-07-11 00:56:00,TERRA_M-M,José Miguel de Velasco,Santa Cruz,Bolivia,85,8,28,15,1.92,0.75,,6.5
3cd5d8c5-6047-3a02-b1bc-fa96a8423ac9, -17.148570, -60.561470,2026-07-11 00:56:00,TERRA_M-M,José Miguel de Velasco,Santa Cruz,Bolivia,85,8,28,16,1.48,0.8,,12.6
a8604673-1996-37dd-96c3-de10b774d704, -17.694030, -60.991850,2026-07-11 00:56:00,TERRA_M-M,Chiquitos,Santa Cruz,Bolivia,80,8,28,15,3.09,0.85,,14.6
a4096f25-fd51-36d5-84d7-0abbe3d54ca2, -15.728110, -61.975410,2026-07-11 00:56:00,TERRA_M-M,Ñuflo de Chávez,Santa Cruz,Bolivia,78,8,28,16,3.66,0.29,,38.7
cfaf373c-f6a9-3dda-8243-3e83438e5066, -18.091990, -59.654370,2026-07-11 00:56:00,TERRA_M-M,Chiquitos,Santa Cruz,Bolivia,80,8,28,15,8.24,0.76,,5.0
ca9e9a42-1e22-3d35-a4e9-10bdf37cf173, -18.090690, -59.645080,2026-07-11 00:56:00,TERRA_M-M,Chiquitos,Santa Cruz,Bolivia,80,8,28,15,8.48,0.47,,13.7
cd1cc427-1726-307b-9c3f-cbb0186a8b4c, -13.377280, -54.342370,2026-07-11 00:56:00,TERRA_M-M,PARANATINGA,MATO GROSSO,Brasil,5106307,51,33,22,0.75,0.84,Amazônia,22.9
9c6246bc-7f0d-30f3-9660-17e421e3c270, -16.739200, -60.656740,2026-07-11 00:56:00,TERRA_M-M,José Miguel de Velasco,Santa Cruz,Bolivia,85,8,28,15,5.16,0.31,,28.8
ceb9c056-6229-31cf-b217-658ceed43e91, -17.497950, -59.562090,2026-07-11 00:56:00,TERRA_M-M,Chiquitos,Santa Cruz,Bolivia,80,8,28,14,3.51,0.52,,6.3
762915cc-2d82-3702-8ab7-4fcd296a60fc, -21.102510, -57.465880,2026-07-11 00:56:00,TERRA_M-M,PORTO MURTINHO,MATO GROSSO DO SUL,Brasil,5006903,50,33,21,7.22,0.16,Cerrado,6.9
4c3d7d3c-b7cc-39a9-8d01-edd19432de05, -13.391780, -54.345360,2026-07-11 00:56:00,TERRA_M-M,PARANATINGA,MATO GROSSO,Brasil,5106307,51,33,21,1.07,0.79,Amazônia,45.0
a121f2a7-3106-37c7-a9d6-3cc5eab33802, -18.329020, -59.052970,2026-07-11 00:56:00,TERRA_M-M,Chiquitos,Santa Cruz,Bolivia,80,8,28,15,11.78,0.05,,21.0
4588b04b-b964-3528-8cb1-a77d8425b18a, -16.115260, -60.474370,2026-07-11 00:56:00,TERRA_M-M,José Miguel de Velasco,Santa Cruz,Bolivia,85,8,28,16,0.7,0.98,,7.1
5e115e48-dbff-3789-9911-1ea6f1e9aa04, -16.368720, -59.649970,2026-07-11 00:56:00,TERRA_M-M,José Miguel de Velasco,Santa Cruz,Bolivia,85,8,28,16,0.24,0.97,,16.4
3ffa8f54-1360-3c87-a27c-8a2a42a6be8b, -16.370030, -59.659240,2026-07-11 00:56:00,TERRA_M-M,José Miguel de Velasco,Santa Cruz,Bolivia,85,8,28,16,0.25,0.96,,35.0
6227f78d-e678-3815-b679-24e0ce42475c, -16.111480, -60.446900,2026-07-11 00:56:00,TERRA_M-M,José Miguel de Velasco,Santa Cruz,Bolivia,85,8,28,16,0.68,0.97,,23.7
37c74aa7-04e1-32af-b8bd-d95c25cf6320, -15.729370, -61.985070,2026-07-11 00:56:00,TERRA_M-M,Ñuflo de Chávez,Santa Cruz,Bolivia,78,8,28,16,3.82,0.28,,38.0
67f9f810-676e-3ef3-bc12-3fd510eaf709, -15.914990, -61.369230,2026-07-11 00:56:00,TERRA_M-M,José Miguel de Velasco,Santa Cruz,Bolivia,85,8,28,16,1.3,0.66,,5.7
ccf19d2d-e98a-3085-bf72-7b9bb6dd3210, -13.395080, -54.365810,2026-07-11 00:56:00,TERRA_M-M,PARANATINGA,MATO GROSSO,Brasil,5106307,51,33,20,1.2,0.76,Amazônia,13.3
f7dede9d-29d1-3544-b6bf-cf33399cf0ad, -16.423350, -59.578460,2026-07-11 00:56:00,TERRA_M-M,José Miguel de Velasco,Santa Cruz,Bolivia,85,8,28,16,0.48,0.92,,115.6
79120ae1-10a3-3015-aa67-407c1b128f34, -17.146060, -60.543000,2026-07-11 00:56:00,TERRA_M-M,José Miguel de Velasco,Santa Cruz,Bolivia,85,8,28,16,1.34,0.83,,6.4
16a5e3b1-9b94-3c76-ac2b-e2eb15fd2ac9, -16.404200, -59.571930,2026-07-11 00:56:00,TERRA_M-M,José Miguel de Velasco,Santa Cruz,Bolivia,85,8,28,16,0.39,0.95,,13.3
f5fc10e7-504d-3cd1-aaa8-c16c0a731f64, -13.393590, -54.360360,2026-07-11 00:56:00,TERRA_M-M,PARANATINGA,MATO GROSSO,Brasil,5106307,51,33,20,1.16,0.77,Amazônia,41.9
5d29580c-de11-326c-b07d-9364f899844c, -20.997600, -59.639410,2026-07-11 00:56:00,TERRA_M-M,Fuerte Olimpo,Alto Paraguay,Paraguay,17,2,177,31,0.1,1.0,,12.6
2e384912-bd74-3a94-a146-16ad315e826a, -16.408600, -61.835400,2026-07-11 00:56:00,TERRA_M-M,Ñuflo de Chávez,Santa Cruz,Bolivia,78,8,28,14,1.21,0.68,,25.8
8c69a90c-a39a-38f8-a0af-108ccfe1502a, -16.414440, -59.579840,2026-07-11 00:56:00,TERRA_M-M,José Miguel de Velasco,Santa Cruz,Bolivia,85,8,28,16,0.4,0.93,,14.5
38e7681f-62b9-3ec4-92e2-ac9f59c52a6b, -13.390150, -54.340070,2026-07-11 00:56:00,TERRA_M-M,PARANATINGA,MATO GROSSO,Brasil,5106307,51,33,22,1.0,0.8,Amazônia,32.3
d74e4e84-7ffa-32be-8b92-9c21085ac433, -15.922620, -61.915750,2026-07-11 00:56:00,TERRA_M-M,Ñuflo de Chávez,Santa Cruz,Bolivia,78,8,28,16,3.48,0.37,,9.2
cdc32a0b-b41b-3798-81a5-6791a83a3226, -15.789030, -60.846750,2026-07-11 00:56:00,TERRA_M-M,José Miguel de Velasco,Santa Cruz,Bolivia,85,8,28,16,1.58,0.79,,5.2
48f9eee5-006e-3bf2-bcfd-c4a97ac8ac41, -17.491670, -59.582070,2026-07-11 00:56:00,TERRA_M-M,Chiquitos,Santa Cruz,Bolivia,80,8,28,14,3.57,0.51,,18.1
c5ae1492-cba8-3aef-af1b-baba5033b0be, -17.496640, -59.552780,2026-07-11 00:56:00,TERRA_M-M,Chiquitos,Santa Cruz,Bolivia,80,8,28,14,3.37,0.53,,6.7
f935cd5f-b7d6-3455-b7d0-2bb5e3297e00, -17.603520, -61.694450,2026-07-11 00:56:00,TERRA_M-M,Chiquitos,Santa Cruz,Bolivia,80,8,28,28,0.4,1.0,,14.7
20c34cb2-0b2c-392a-95ef-944aaa141e18, -16.407320, -61.825730,2026-07-11 00:56:00,TERRA_M-M,Ñuflo de Chávez,Santa Cruz,Bolivia,78,8,28,14,1.25,0.68,,71.1
d8c73100-c7e9-39f9-902c-919825f23b28, -16.117810, -60.427250,2026-07-11 00:56:00,TERRA_M-M,José Miguel de Velasco,Santa Cruz,Bolivia,85,8,28,16,0.8,0.95,,4.3
e1d64576-71a7-3944-b3d6-b2624cff3c52, -15.931710, -61.914480,2026-07-11 00:56:00,TERRA_M-M,Ñuflo de Chávez,Santa Cruz,Bolivia,78,8,28,16,3.6,0.36,,5.4
db032beb-8460-3ca9-947c-fced0ea1edf1, -15.916230, -61.378600,2026-07-11 00:56:00,TERRA_M-M,José Miguel de Velasco,Santa Cruz,Bolivia,85,8,28,16,1.29,0.7,,11.5
b3906f99-afad-30dd-bd92-cf7cf2caefca, -16.415760, -59.589160,2026-07-11 00:56:00,TERRA_M-M,José Miguel de Velasco,Santa Cruz,Bolivia,85,8,28,16,0.49,0.93,,17.9
bb92dd1a-ec69-389e-983c-1f5116615ac2, -16.363750, -59.679220,2026-07-11 00:56:00,TERRA_M-M,José Miguel de Velasco,Santa Cruz,Bolivia,85,8,28,16,0.28,0.96,,6.5
10ade4c8-5932-3ed3-8ecf-434ec38a6791, -20.376370, -59.139200,2026-07-11 00:56:00,TERRA_M-M,Fuerte Olimpo,Alto Paraguay,Paraguay,17,2,177,15,8.04,0.37,,21.1
d2592d73-0b90-3bc7-8792-1bc2dc3eebf3, -17.138450, -60.553560,2026-07-11 00:56:00,TERRA_M-M,José Miguel de Velasco,Santa Cruz,Bolivia,85,8,28,16,1.33,0.83,,24.9
3a343a21-7590-3d1b-be46-2c42838004fa, -16.424670, -59.587780,2026-07-11 00:56:00,TERRA_M-M,José Miguel de Velasco,Santa Cruz,Bolivia,85,8,28,16,0.5,0.92,,56.6
32e32ac0-eb43-3ae0-a557-823a694f4829, -15.826060, -61.255130,2026-07-11 00:56:00,TERRA_M-M,José Miguel de Velasco,Santa Cruz,Bolivia,85,8,28,16,3.14,0.5,,34.6
83d813f2-bd10-3e2c-b9e4-b102a9d480d6, -16.425990, -59.597090,2026-07-11 00:56:00,TERRA_M-M,José Miguel de Velasco,Santa Cruz,Bolivia,85,8,28,16,0.58,0.91,,5.8
fdddbcf8-07b3-34f7-b2c6-c76946149153, -10.975170, -58.681480,2026-07-11 00:58:00,TERRA_M-M,CASTANHEIRA,MATO GROSSO,Brasil,5102850,51,33,15,1.92,1.0,Amazônia,6.6
6831b3f4-d1ae-3710-911f-7c89fabcf5f6, -12.856450, -58.313230,2026-07-11 00:58:00,TERRA_M-M,BRASNORTE,MATO GROSSO,Brasil,5101902,51,33,15,4.92,0.28,Cerrado,6.3
54edb4fa-b99f-3ba1-90b0-e5e233ca6f1f, -12.708800, -64.713620,2026-07-11 00:58:00,TERRA_M-M,Mamoré,El Beni,Bolivia,27,3,28,29,4.86,0.88,,8.4
001838eb-f608-3910-bf33-991975f518f9, -12.081190, -57.131160,2026-07-11 00:58:00,TERRA_M-M,NOVA MARINGÁ,MATO GROSSO,Brasil,5108907,51,33,16,0.46,0.84,Amazônia,9.4
75fc3ac8-d5b9-3b15-80e2-8d51d2c98088, -10.382200, -49.584900,2026-07-11 01:00:00,GOES-19,PIUM,TOCANTINS,Brasil,1717503,17,33,50,0.0,1.0,Cerrado,77.7
3810406a-5f79-3669-bd90-a9b589e10ac3, -16.414000, -61.830800,2026-07-11 01:00:00,GOES-19,Ñuflo de Chávez,Santa Cruz,Bolivia,78,8,28,14,1.11,0.7,,64.1
7eb785b0-6cfc-3fdf-813f-5438f4cf42be, -13.392900, -54.355100,2026-07-11 01:00:00,GOES-19,PARANATINGA,MATO GROSSO,Brasil,5106307,51,33,20,1.14,0.78,Amazônia,75.6
e34d95e0-f7b5-336d-b136-44fa0f20c386, -12.836300, -44.318600,2026-07-11 01:00:00,GOES-19,BAIANÓPOLIS,BAHIA,Brasil,2902500,29,33,48,0.09,0.94,Cerrado,46.6
6161dfdb-7869-31ab-bda4-752a8d8920da,  -4.340200, -47.764500,2026-07-11 01:00:00,GOES-19,DOM ELISEU,PARÁ,Brasil,1502939,15,33,14,0.0,0.88,Amazônia,75.4
c06d337b-3152-3e91-8aa9-5d877945d696, -12.854800, -44.362500,2026-07-11 01:00:00,GOES-19,BAIANÓPOLIS,BAHIA,Brasil,2902500,29,33,49,0.1,0.95,Cerrado,72.8
0e01f2e9-d747-380c-94e5-4654dcfe2ccb, -18.636700, -62.790900,2026-07-11 01:00:00,GOES-19,Cordillera,Santa Cruz,Bolivia,81,8,28,31,0.0,0.98,,92.1
1defdf1d-c236-3b1e-bc82-6ed7c7118474,  -4.358800, -47.763600,2026-07-11 01:00:00,GOES-19,DOM ELISEU,PARÁ,Brasil,1502939,15,33,14,0.0,0.82,Amazônia,55.0
83b40a94-050e-3def-b655-18f4331c32b3, -18.636500, -62.810800,2026-07-11 01:00:00,GOES-19,Cordillera,Santa Cruz,Bolivia,81,8,28,31,0.0,0.98,,85.0
3ca61b9e-870b-38ff-8430-f671141d63d1, -16.422600, -59.584200,2026-07-11 01:00:00,GOES-19,José Miguel de Velasco,Santa Cruz,Bolivia,85,8,28,16,0.49,0.92,,106.5
0c2920de-6807-381c-b319-15a39f05d56a, -17.497500, -59.556300,2026-07-11 01:00:00,GOES-19,Chiquitos,Santa Cruz,Bolivia,80,8,28,14,3.43,0.53,,49.1
c552d487-38e0-30ed-9338-8a0b1c06f1a5, -16.414200, -61.811100,2026-07-11 01:00:00,GOES-19,Ñuflo de Chávez,Santa Cruz,Bolivia,78,8,28,14,1.12,0.69,,62.3
3c7080ee-f676-3be1-8242-03477a0da3da, -16.403100, -59.586100,2026-07-11 01:00:00,GOES-19,José Miguel de Velasco,Santa Cruz,Bolivia,85,8,28,16,0.38,0.95,,57.2
cf783db1-7303-3eae-ba29-8c070185ae05, -20.872500, -43.086300,2026-07-11 01:00:00,GOES-19,SENADOR FIRMINO,MINAS GERAIS,Brasil,3165701,31,33,28,0.0,1.0,Mata Atlântica,94.0
483c26aa-22a2-371f-8e8c-ce1662b1ad62, -12.816500, -44.345400,2026-07-11 01:00:00,GOES-19,BAIANÓPOLIS,BAHIA,Brasil,2902500,29,33,48,0.0,0.95,Cerrado,50.1
9570bc43-4210-37ee-a2a5-46504f359bca, -16.739600, -60.652800,2026-07-11 01:00:00,GOES-19,José Miguel de Velasco,Santa Cruz,Bolivia,85,8,28,15,5.24,0.31,,64.4
18fed28d-9daf-37df-91c0-25aa235e8774, -20.871700, -43.111600,2026-07-11 01:00:00,GOES-19,SENADOR FIRMINO,MINAS GERAIS,Brasil,3165701,31,33,28,0.0,1.0,Mata Atlântica,101.4
91fd2058-3a6a-36ff-b6ad-138e1d3c34ed, -17.497200, -59.576500,2026-07-11 01:00:00,GOES-19,Chiquitos,Santa Cruz,Bolivia,80,8,28,14,3.63,0.51,,55.8
e29d22d6-6c49-3cce-9dfe-acad1cdd1694, -12.835900, -44.342200,2026-07-11 01:00:00,GOES-19,BAIANÓPOLIS,BAHIA,Brasil,2902500,29,33,48,0.1,0.95,Cerrado,65.1
9a768c2c-777a-37c8-a76c-38b465166171,  -1.881180, -54.675600,2026-07-11 01:02:00,TERRA_M-M,ALENQUER,PARÁ,Brasil,1500404,15,33,5,0.0,1.0,Amazônia,21.9
cb1e6297-573d-3d3a-9ac0-6350bcca2254,  -1.870410, -54.682680,2026-07-11 01:02:00,TERRA_M-M,ALENQUER,PARÁ,Brasil,1500404,15,33,5,0.0,0.88,Amazônia,19.9
85cfec55-ebb0-3e93-90fe-d1d9e7896119, -16.363001, -59.669701,2026-07-11 01:04:00,METOP-B,José Miguel de Velasco,Santa Cruz,Bolivia,85,8,28,16,0.18,0.97,,
c2bd1de7-39f5-3dea-89af-ef0f51d81a84, -16.349800, -59.657501,2026-07-11 01:04:00,METOP-B,José Miguel de Velasco,Santa Cruz,Bolivia,85,8,28,16,0.09,0.99,,
ffca3c41-1a80-3415-8584-91c1c71a592f, -15.730600, -61.972401,2026-07-11 01:04:00,METOP-B,Ñuflo de Chávez,Santa Cruz,Bolivia,78,8,28,16,3.58,0.3,,
23f19d9b-32b3-322d-af49-e1650425467b, -15.917200, -61.366299,2026-07-11 01:04:00,METOP-B,José Miguel de Velasco,Santa Cruz,Bolivia,85,8,28,16,1.28,0.66,,
f4f0e064-f0d5-34dd-a078-d014fb3c9050, -24.464500, -54.634300,2026-07-11 01:04:00,METOP-B,General Francisco C. Alvarez,Canindeyú,Paraguay,75,9,177,11,8.19,0.11,,
83bd79ad-2b3d-3101-9212-9240dc33a338, -16.302900, -62.099400,2026-07-11 01:04:00,METOP-B,Ñuflo de Chávez,Santa Cruz,Bolivia,78,8,28,15,0.52,0.74,,
806fae1c-92d1-3ddc-a5fb-19fe01bfd842, -16.411301, -59.564999,2026-07-11 01:04:00,METOP-B,José Miguel de Velasco,Santa Cruz,Bolivia,85,8,28,16,0.38,0.97,,
f71e3b9c-5750-3e42-a129-01bc28d1591e, -17.494699, -59.564201,2026-07-11 01:04:00,METOP-B,Chiquitos,Santa Cruz,Bolivia,80,8,28,14,3.44,0.53,,
05eb7742-dd73-30bd-9973-16fd953784c9, -15.729100, -61.965199,2026-07-11 01:04:00,METOP-B,Ñuflo de Chávez,Santa Cruz,Bolivia,78,8,28,16,3.47,0.3,,
d651e8f1-e97c-35e2-a7aa-ba6eede00fd9, -18.560101, -62.778999,2026-07-11 01:04:00,METOP-B,Cordillera,Santa Cruz,Bolivia,81,8,28,31,0.3,0.98,,
d4a18b56-d7cd-3970-be72-52af6dbfd7b0, -20.993500, -59.628601,2026-07-11 01:04:00,METOP-B,Fuerte Olimpo,Alto Paraguay,Paraguay,17,2,177,31,0.1,1.0,,
89e59d00-5cd6-35b4-875a-6147d8a0765d, -18.335199, -59.037601,2026-07-11 01:04:00,METOP-B,Chiquitos,Santa Cruz,Bolivia,80,8,28,15,11.35,0.06,,
979d37e3-0a48-3d25-8d56-702e8a5d2ccd, -16.424500, -59.577400,2026-07-11 01:04:00,METOP-B,José Miguel de Velasco,Santa Cruz,Bolivia,85,8,28,16,0.49,0.92,,
01208379-0c0b-3d00-a708-758dc9222a02, -13.378500, -54.331200,2026-07-11 01:04:00,METOP-B,PARANATINGA,MATO GROSSO,Brasil,5106307,51,33,24,0.77,0.84,Amazônia,
97b44871-bac2-395c-b0a5-20e5bfec2325, -16.366100, -59.638100,2026-07-11 01:04:00,METOP-B,José Miguel de Velasco,Santa Cruz,Bolivia,85,8,28,16,0.18,0.98,,
509446ac-d714-3c5e-a948-a722553f98e0, -16.116400, -60.452000,2026-07-11 01:04:00,METOP-B,José Miguel de Velasco,Santa Cruz,Bolivia,85,8,28,16,0.7,0.97,,
45ecca82-8219-39a1-8ced-2605b3ea7878, -22.924801, -49.182598,2026-07-11 01:04:00,METOP-B,ÁGUAS DE SANTA BÁRBARA,SÃO PAULO,Brasil,3500550,35,33,15,0.0,1.0,Cerrado,
00e22b24-0ac3-331f-98d8-86aa932519a9, -16.098801, -60.373402,2026-07-11 01:04:00,METOP-B,José Miguel de Velasco,Santa Cruz,Bolivia,85,8,28,15,0.88,0.93,,
b6d64c65-8f98-32c4-9811-283416d019f3, -18.351700, -59.064899,2026-07-11 01:04:00,METOP-B,Chiquitos,Santa Cruz,Bolivia,80,8,28,14,10.5,0.07,,
0f997401-9ac3-36fc-8fd6-619945b39fe6, -17.677700, -60.757401,2026-07-11 01:04:00,METOP-B,Chiquitos,Santa Cruz,Bolivia,80,8,28,14,5.75,0.29,,
cab656bc-e870-37b3-a73f-191068854338, -17.695400, -60.979500,2026-07-11 01:04:00,METOP-B,Chiquitos,Santa Cruz,Bolivia,80,8,28,15,3.2,0.79,,
aa5ae102-c060-32df-9b01-d469be0d4b29, -20.377001, -59.123798,2026-07-11 01:04:00,METOP-B,Fuerte Olimpo,Alto Paraguay,Paraguay,17,2,177,16,7.96,0.37,,
3dd1927e-98fa-3163-b3f7-1f9a02ed3039, -23.173100, -61.295399,2026-07-11 01:04:00,METOP-B,Doctor Pedro P. Peña,Boquerón,Paraguay,42,6,177,31,0.0,0.9,,
587f653e-2d64-3de9-ba28-aec64f02dd1a, -16.346500, -59.642799,2026-07-11 01:04:00,METOP-B,José Miguel de Velasco,Santa Cruz,Bolivia,85,8,28,16,0.02,0.99,,
8f51a698-7601-3c15-9bce-8448142ac90f, -16.737400, -60.649799,2026-07-11 01:04:00,METOP-B,José Miguel de Velasco,Santa Cruz,Bolivia,85,8,28,15,5.3,0.3,,
5fedbf11-9a5b-367c-9d15-a53760d99af7, -16.734301, -60.635502,2026-07-11 01:04:00,METOP-B,José Miguel de Velasco,Santa Cruz,Bolivia,85,8,28,15,5.26,0.31,,
d96b1320-60c9-309b-a0aa-c871a4bfd152, -16.546499, -60.717602,2026-07-11 01:04:00,METOP-B,José Miguel de Velasco,Santa Cruz,Bolivia,85,8,28,15,3.64,0.52,,
73e00cb2-fa23-3838-86fa-18217a7a9e19, -20.991899, -59.621300,2026-07-11 01:04:00,METOP-B,Fuerte Olimpo,Alto Paraguay,Paraguay,17,2,177,31,0.1,1.0,,
9aad5cf0-0ac7-32b3-92d6-befeba5ee99f, -17.424400, -62.984200,2026-07-11 01:04:00,METOP-B,Ignacio Warnes,Santa Cruz,Bolivia,84,8,28,26,0.04,1.0,,
2398fb7b-7ebb-38f4-bf5a-0a730489e1ec, -22.957500, -60.103199,2026-07-11 01:04:00,METOP-B,Doctor Pedro P. Peña,Boquerón,Paraguay,42,6,177,22,0.07,0.92,,
0334df8f-4ad3-3328-a3f6-952be8473266, -16.361300, -59.662399,2026-07-11 01:04:00,METOP-B,José Miguel de Velasco,Santa Cruz,Bolivia,85,8,28,16,0.16,0.97,,
86d7b504-a6fe-30b5-874d-aaf3531a2d9a, -16.401600, -59.567402,2026-07-11 01:04:00,METOP-B,José Miguel de Velasco,Santa Cruz,Bolivia,85,8,28,16,0.35,0.96,,
175171be-6227-3ad4-96c4-189f360ca21e, -23.174700, -61.303398,2026-07-11 01:04:00,METOP-B,Doctor Pedro P. Peña,Boquerón,Paraguay,42,6,177,31,0.0,0.92,,
cafb7f04-fc89-34f5-97b6-04a4ce21edb7, -16.113199, -60.437801,2026-07-11 01:04:00,METOP-B,José Miguel de Velasco,Santa Cruz,Bolivia,85,8,28,16,0.72,0.96,,
6fd94a68-9871-3f35-bf9e-6d13a1ce0ea5, -16.336700, -59.645199,2026-07-11 01:04:00,METOP-B,José Miguel de Velasco,Santa Cruz,Bolivia,85,8,28,16,0.04,0.99,,
2a0b510e-4f09-3fdf-b487-05f11b944489, -15.708300, -61.917099,2026-07-11 01:04:00,METOP-B,Ñuflo de Chávez,Santa Cruz,Bolivia,78,8,28,16,3.49,0.34,,
0000bd64-64c6-3d2d-82bd-810c1a2e4df9, -16.348200, -59.650200,2026-07-11 01:04:00,METOP-B,José Miguel de Velasco,Santa Cruz,Bolivia,85,8,28,16,0.03,0.99,,
e2d3cd52-db50-3f0e-92d3-60081703ab4c, -20.995100, -59.636002,2026-07-11 01:04:00,METOP-B,Fuerte Olimpo,Alto Paraguay,Paraguay,17,2,177,31,0.1,1.0,,
db292153-cb6d-3a13-a448-283e723c57f7, -22.462900, -60.930500,2026-07-11 01:04:00,METOP-B,Mariscal José Félix Estigarribia,Boquerón,Paraguay,44,6,177,28,1.11,0.95,,
ff6b321a-0e51-393c-845d-e684ad843876, -24.702700, -56.826000,2026-07-11 01:04:00,METOP-B,25 de Diciembre,San Pedro,Paraguay,204,18,177,5,0.0,0.96,,
d8ce5edd-21d1-3168-bc09-228335d7b5a6, -18.343599, -59.074799,2026-07-11 01:04:00,METOP-B,Chiquitos,Santa Cruz,Bolivia,80,8,28,15,10.61,0.07,,
01994297-5272-36e7-87c8-50fc243176cc, -15.922800, -61.297798,2026-07-11 01:04:00,METOP-B,José Miguel de Velasco,Santa Cruz,Bolivia,85,8,28,16,1.44,0.74,,
34b00b35-99c0-310c-97c2-58f63399516a, -18.336901, -59.044998,2026-07-11 01:04:00,METOP-B,Chiquitos,Santa Cruz,Bolivia,80,8,28,15,11.42,0.06,,
c27c2b8c-eb3d-361a-b5e6-a449ba8458f7, -16.077200, -60.461300,2026-07-11 01:04:00,METOP-B,José Miguel de Velasco,Santa Cruz,Bolivia,85,8,28,16,0.61,0.97,,
2d7f2485-14a0-352a-9808-72a728bd71e7, -20.378599, -59.131199,2026-07-11 01:04:00,METOP-B,Fuerte Olimpo,Alto Paraguay,Paraguay,17,2,177,16,8.02,0.32,,
6537be32-e48d-3587-8a23-6a93c8a29753, -18.338499, -59.052502,2026-07-11 01:04:00,METOP-B,Chiquitos,Santa Cruz,Bolivia,80,8,28,15,11.37,0.06,,
6e240e60-d81d-36f5-9001-f128952ffa61, -15.924300, -61.304901,2026-07-11 01:04:00,METOP-B,José Miguel de Velasco,Santa Cruz,Bolivia,85,8,28,16,1.36,0.7,,
e0d01ea1-f9a4-31ed-aace-3a0b4269a8a3, -17.047899, -63.292702,2026-07-11 01:04:00,METOP-B,Obispo Santistevan,Santa Cruz,Bolivia,87,8,28,16,0.32,1.0,,
66c49a50-56af-3503-ab9a-286c7d213a52, -16.421101, -59.562698,2026-07-11 01:04:00,METOP-B,José Miguel de Velasco,Santa Cruz,Bolivia,85,8,28,16,0.46,0.98,,
61bfd087-83ba-325a-872e-6898032afd06, -16.111601, -60.430599,2026-07-11 01:04:00,METOP-B,José Miguel de Velasco,Santa Cruz,Bolivia,85,8,28,16,0.76,0.95,,
09b50e7a-1f06-305e-a601-c8e5a4091bf5, -12.085700, -57.124500,2026-07-11 01:04:00,METOP-B,NOVA MARINGÁ,MATO GROSSO,Brasil,5108907,51,33,15,0.45,0.8,Amazônia,
0ccd1a1d-d21a-3814-a93f-168129dd881d, -22.235500, -56.675301,2026-07-11 01:04:00,METOP-B,BELA VISTA,MATO GROSSO DO SUL,Brasil,5002100,50,33,11,17.46,0.06,Cerrado,
1d5f30f4-c935-3aff-9abb-28fe43e97978, -15.921200, -61.290699,2026-07-11 01:04:00,METOP-B,José Miguel de Velasco,Santa Cruz,Bolivia,85,8,28,16,1.48,0.69,,
e64882a3-ba75-3e83-bea9-a41b1baea054, -16.403200, -61.802299,2026-07-11 01:04:00,METOP-B,Ñuflo de Chávez,Santa Cruz,Bolivia,78,8,28,14,1.44,0.66,,
a945c405-b891-3cb6-bbf3-327e811abfb3, -18.633600, -62.787498,2026-07-11 01:04:00,METOP-B,Cordillera,Santa Cruz,Bolivia,81,8,28,31,0.01,0.98,,
f70be969-68ea-304c-9715-80dae996fe9f, -22.915199, -49.185799,2026-07-11 01:04:00,METOP-B,ÁGUAS DE SANTA BÁRBARA,SÃO PAULO,Brasil,3500550,35,33,15,0.0,1.0,Cerrado,
1d0db258-cf33-3a01-bd95-648f004855aa, -15.921800, -61.905701,2026-07-11 01:04:00,METOP-B,Ñuflo de Chávez,Santa Cruz,Bolivia,78,8,28,16,3.33,0.38,,
3b61bca5-2647-3dab-b9c5-4b7e2b1af931, -18.325399, -59.040001,2026-07-11 01:04:00,METOP-B,Chiquitos,Santa Cruz,Bolivia,80,8,28,15,11.79,0.05,,
097d5097-82cc-3887-9cbb-748ab9e40cba, -17.972500, -61.691700,2026-07-11 01:04:00,METOP-B,Chiquitos,Santa Cruz,Bolivia,80,8,28,19,4.04,0.66,,
6f7f3d6d-c2c3-312a-969a-9637ca966de2, -16.407900, -61.823898,2026-07-11 01:04:00,METOP-B,Ñuflo de Chávez,Santa Cruz,Bolivia,78,8,28,14,1.24,0.68,,
3b9b9971-37a4-313b-85fc-6482d18999e7, -13.382300, -54.345901,2026-07-11 01:04:00,METOP-B,PARANATINGA,MATO GROSSO,Brasil,5106307,51,33,21,0.85,0.82,Amazônia,
75cc9475-fbfc-3de5-b9fa-6cb5c20d1649, -18.348301, -59.049999,2026-07-11 01:04:00,METOP-B,Chiquitos,Santa Cruz,Bolivia,80,8,28,14,10.96,0.06,,
7692bcd8-d81b-390b-b61f-01a08beb384e,  -4.206100, -56.034100,2026-07-11 01:04:00,METOP-B,ITAITUBA,PARÁ,Brasil,1503606,15,33,2,1.57,0.6,Amazônia,
bfa8b709-4fad-3740-b3c8-dc1c209e2476, -22.240200, -57.998199,2026-07-11 01:04:00,METOP-B,La Victoria,Alto Paraguay,Paraguay,18,2,177,15,6.53,0.5,,
e376d098-e015-3ae2-beb7-2761a7a60a2b, -12.955100, -65.370399,2026-07-11 01:04:00,METOP-B,Yacuma,El Beni,Bolivia,31,3,28,5,4.19,0.92,,
6975428f-e210-3867-a8f8-40c639d1ccc3, -18.631901, -62.779499,2026-07-11 01:04:00,METOP-B,Cordillera,Santa Cruz,Bolivia,81,8,28,31,0.03,0.98,,
5fa7014f-71a0-34d8-b7a3-8bd2129a2155, -15.009900, -63.886101,2026-07-11 01:04:00,METOP-B,Marbán,El Beni,Bolivia,28,3,28,16,13.28,0.03,,
e7b6387b-f983-3c01-8902-353631ca7c05, -18.340200, -59.059898,2026-07-11 01:04:00,METOP-B,Chiquitos,Santa Cruz,Bolivia,80,8,28,15,11.14,0.07,,
844846f0-949d-347f-b75f-aed106d72f2d, -22.238501, -57.990601,2026-07-11 01:04:00,METOP-B,La Victoria,Alto Paraguay,Paraguay,18,2,177,15,6.26,0.52,,
8873294e-6717-34c5-8abf-db9a4f44dbbf, -18.635201, -62.795399,2026-07-11 01:04:00,METOP-B,Cordillera,Santa Cruz,Bolivia,81,8,28,31,0.0,0.98,,
ef5af994-f4d5-35b7-ab8e-d86ac3057ff5, -13.368800, -54.333801,2026-07-11 01:04:00,METOP-B,PARANATINGA,MATO GROSSO,Brasil,5106307,51,33,24,0.58,0.87,Amazônia,
69404307-6226-3e9a-9f7e-08f02fe09b04, -18.781000, -58.502602,2026-07-11 01:04:00,METOP-B,Chiquitos,Santa Cruz,Bolivia,80,8,28,14,6.39,0.18,,
dab5edeb-0d30-3a7c-a7a0-3362f6462cfd, -15.000100, -63.888302,2026-07-11 01:04:00,METOP-B,Marbán,El Beni,Bolivia,28,3,28,16,13.57,0.02,,
dcacd11f-c5b2-3798-b850-c4f6207bbc14,  -4.202300, -56.018200,2026-07-11 01:04:00,METOP-B,ITAITUBA,PARÁ,Brasil,1503606,15,33,2,1.68,0.42,Amazônia,
1aa1d24f-79b5-35b7-9532-747bb1b50c32, -13.388200, -54.328701,2026-07-11 01:04:00,METOP-B,PARANATINGA,MATO GROSSO,Brasil,5106307,51,33,25,0.95,0.81,Amazônia,
308d2a22-3c79-3200-9f2c-09e20f58bcaa, -22.459900, -57.645699,2026-07-11 01:04:00,METOP-B,Concepción,Concepción,Paraguay,102,11,177,11,1.47,0.78,,
a3fca6b7-aee0-3fff-bb8d-6e0f4754a0ad, -18.353399, -59.072399,2026-07-11 01:04:00,METOP-B,Chiquitos,Santa Cruz,Bolivia,80,8,28,14,10.22,0.08,,
7d5d8df5-2609-3a47-91f7-a7b637ce2cd1, -16.338400, -59.652599,2026-07-11 01:04:00,METOP-B,José Miguel de Velasco,Santa Cruz,Bolivia,85,8,28,16,0.08,0.99,,
09aaa266-1121-3468-be29-e84ad4e1827d, -22.909000, -49.164001,2026-07-11 01:04:00,METOP-B,IARAS,SÃO PAULO,Brasil,3519253,35,33,15,0.0,1.0,Cerrado,
0fc4d150-5b21-3c60-a0b9-8a1874bfab76, -17.496300, -59.571499,2026-07-11 01:04:00,METOP-B,Chiquitos,Santa Cruz,Bolivia,80,8,28,14,3.56,0.51,,
a9c6d56d-f2d4-392f-b1d9-e44ad3f0593c, -16.326900, -59.647499,2026-07-11 01:04:00,METOP-B,José Miguel de Velasco,Santa Cruz,Bolivia,85,8,28,16,0.1,0.99,,
62ce3508-962a-3d95-bf76-e27029214508, -15.884000, -61.262001,2026-07-11 01:04:00,METOP-B,José Miguel de Velasco,Santa Cruz,Bolivia,85,8,28,16,2.32,0.59,,
e7e36c45-23d1-3f76-bb7c-9f691182dd01, -17.962700, -61.693901,2026-07-11 01:04:00,METOP-B,Chiquitos,Santa Cruz,Bolivia,80,8,28,20,4.25,0.63,,
c56e9528-a486-3118-aa49-94d17de3c171, -15.830400, -61.252201,2026-07-11 01:04:00,METOP-B,José Miguel de Velasco,Santa Cruz,Bolivia,85,8,28,16,3.13,0.5,,
b8b061b9-182a-3d35-9aea-1b72722b5d4b, -15.933200, -61.910599,2026-07-11 01:04:00,METOP-B,Ñuflo de Chávez,Santa Cruz,Bolivia,78,8,28,16,3.57,0.36,,
af366ff9-f560-308d-b601-1ad2e0c8098a, -12.083200, -57.114201,2026-07-11 01:04:00,METOP-B,NOVA MARINGÁ,MATO GROSSO,Brasil,5108907,51,33,15,0.4,0.64,Amazônia,
45659efc-da11-34b9-a28a-0c772998fc99, -15.759900, -60.933201,2026-07-11 01:04:00,METOP-B,José Miguel de Velasco,Santa Cruz,Bolivia,85,8,28,16,1.5,0.94,,
ac906b0a-49b8-3503-8720-8b14e7a23dea, -16.008801, -68.776901,2026-07-11 01:04:00,METOP-B,Omasuyos,La Paz,Bolivia,46,4,28,31,0.0,0.59,,
fd9ca54e-7ed7-3565-8854-2026b8f3a387, -18.558500, -62.771000,2026-07-11 01:04:00,METOP-B,Cordillera,Santa Cruz,Bolivia,81,8,28,31,0.3,0.98,,
8cdfa49e-348f-3f1f-8990-e1464ea62415, -17.479799, -62.856899,2026-07-11 01:04:00,METOP-B,Ignacio Warnes,Santa Cruz,Bolivia,84,8,28,20,0.5,1.0,,
ebba7a61-1b26-34ab-b16a-cf9e2939df35, -18.088200, -59.634701,2026-07-11 01:04:00,METOP-B,Chiquitos,Santa Cruz,Bolivia,80,8,28,15,8.77,0.24,,
8eb371ba-c2b8-3462-a50e-5189fea975c8, -16.548000, -60.724701,2026-07-11 01:04:00,METOP-B,José Miguel de Velasco,Santa Cruz,Bolivia,85,8,28,15,3.72,0.44,,
569f0310-8929-303a-9e40-48701608b7b8, -22.458099, -57.637901,2026-07-11 01:04:00,METOP-B,Concepción,Concepción,Paraguay,102,11,177,11,1.5,0.89,,
952a1094-2678-3e51-9cdd-2505b6137162, -16.413000, -59.572399,2026-07-11 01:04:00,METOP-B,José Miguel de Velasco,Santa Cruz,Bolivia,85,8,28,16,0.4,0.94,,
943e810a-6e69-38a8-a938-cad9c1c3a306, -17.732500, -60.026699,2026-07-11 01:04:00,METOP-B,Chiquitos,Santa Cruz,Bolivia,80,8,28,15,4.38,0.39,,
5a1a2d61-9871-36cc-a0fc-90295c902923, -15.761400, -60.940300,2026-07-11 01:04:00,METOP-B,José Miguel de Velasco,Santa Cruz,Bolivia,85,8,28,16,1.5,1.0,,
94157f7f-7a2b-3ad7-b233-8015b1253989, -16.401600, -61.795101,2026-07-11 01:04:00,METOP-B,Ñuflo de Chávez,Santa Cruz,Bolivia,78,8,28,15,1.52,0.65,,
3d4cc0c9-04ae-32d1-a203-0ae028242737, -23.176300, -61.311401,2026-07-11 01:04:00,METOP-B,Doctor Pedro P. Peña,Boquerón,Paraguay,42,6,177,31,0.0,0.92,,
7f2474a7-072f-3ab2-a518-892155d01d67, -18.327101, -59.047401,2026-07-11 01:04:00,METOP-B,Chiquitos,Santa Cruz,Bolivia,80,8,28,15,11.87,0.05,,
1fcfe1c0-e25e-344c-8335-67adad5cc18c, -17.730900, -60.019501,2026-07-11 01:04:00,METOP-B,Chiquitos,Santa Cruz,Bolivia,80,8,28,15,4.34,0.4,,
967f8261-214a-39cd-8581-32dbe08b122a, -15.727500, -61.958000,2026-07-11 01:04:00,METOP-B,Ñuflo de Chávez,Santa Cruz,Bolivia,78,8,28,16,3.36,0.39,,
2d2deec3-1384-35ef-ab66-c8100188d00d, -16.075600, -60.454201,2026-07-11 01:04:00,METOP-B,José Miguel de Velasco,Santa Cruz,Bolivia,85,8,28,16,0.6,0.98,,
67172b07-c939-316a-a15d-9bfc3b64ab5f, -16.117901, -60.459202,2026-07-11 01:04:00,METOP-B,José Miguel de Velasco,Santa Cruz,Bolivia,85,8,28,16,0.7,0.97,,
a92c78a8-2a55-32a5-943c-d63fba179f2f, -18.350000, -59.057499,2026-07-11 01:04:00,METOP-B,Chiquitos,Santa Cruz,Bolivia,80,8,28,14,10.75,0.07,,
8c945306-cedf-336e-88d2-864d60b27aa2, -22.237499, -56.683701,2026-07-11 01:04:00,METOP-B,Bella Vista,Amambay,Paraguay,38,4,177,11,17.28,0.01,,
170b0781-37d3-3f2d-8da6-89fe3bbff05f, -17.491400, -59.549500,2026-07-11 01:04:00,METOP-B,Chiquitos,Santa Cruz,Bolivia,80,8,28,14,3.23,0.55,,
21431e58-f32a-33e7-b5a0-643bdb334255, -10.375500, -49.546001,2026-07-11 01:04:00,METOP-B,PIUM,TOCANTINS,Brasil,1717503,17,33,35,0.0,1.0,Cerrado,
ff5ac6f2-25b9-3b92-b6e0-d24ec556a325, -17.148399, -60.552101,2026-07-11 01:04:00,METOP-B,José Miguel de Velasco,Santa Cruz,Bolivia,85,8,28,16,1.44,0.82,,
87a3b93a-0f6f-3422-85bb-c53c9307fa94, -18.089899, -59.641998,2026-07-11 01:04:00,METOP-B,Chiquitos,Santa Cruz,Bolivia,80,8,28,15,8.59,0.33,,
c10cd49c-550f-3cc7-8edc-8490591c10a6, -17.146900, -60.544899,2026-07-11 01:04:00,METOP-B,José Miguel de Velasco,Santa Cruz,Bolivia,85,8,28,16,1.37,0.83,,
fcb2678b-1e6f-3269-81b5-12f28802a86b, -16.735800, -60.642601,2026-07-11 01:04:00,METOP-B,José Miguel de Velasco,Santa Cruz,Bolivia,85,8,28,15,5.29,0.31,,
2f65b6db-17c5-35b7-8fd5-113469325ffd, -17.145300, -60.537800,2026-07-11 01:04:00,METOP-B,José Miguel de Velasco,Santa Cruz,Bolivia,85,8,28,16,1.28,0.84,,
4eb991e3-8a2a-3e80-8aaa-ad665e199cfd, -17.493000, -59.556900,2026-07-11 01:04:00,METOP-B,Chiquitos,Santa Cruz,Bolivia,80,8,28,14,3.33,0.54,,
3f41aec6-cbaf-354f-a912-54208aaba12b, -16.369400, -59.652802,2026-07-11 01:04:00,METOP-B,José Miguel de Velasco,Santa Cruz,Bolivia,85,8,28,16,0.24,0.97,,
eb44d2d1-4be7-3d20-9db1-cd94f05820ec, -16.404800, -61.809502,2026-07-11 01:04:00,METOP-B,Ñuflo de Chávez,Santa Cruz,Bolivia,78,8,28,14,1.4,0.67,,
ec2afd7f-b30d-32f4-b8ff-139861d8c670, -16.409700, -59.557598,2026-07-11 01:04:00,METOP-B,José Miguel de Velasco,Santa Cruz,Bolivia,85,8,28,16,0.35,0.99,,
2d55fc2b-5e29-3972-8c2d-e0d21a0105de, -16.330299, -59.662201,2026-07-11 01:04:00,METOP-B,José Miguel de Velasco,Santa Cruz,Bolivia,85,8,28,16,0.1,0.99,,
a9d0bf17-f367-3931-a828-1f6e9c9e8678, -17.057699, -63.290501,2026-07-11 01:04:00,METOP-B,Obispo Santistevan,Santa Cruz,Bolivia,87,8,28,17,0.3,1.0,,
80912297-c6f9-3691-bc09-3e0fe8a6d79e, -15.882500, -61.254902,2026-07-11 01:04:00,METOP-B,José Miguel de Velasco,Santa Cruz,Bolivia,85,8,28,16,2.4,0.58,,
ca1d3b63-4d43-3b9b-80aa-9f45ad694a5f, -16.406300, -61.816700,2026-07-11 01:04:00,METOP-B,Ñuflo de Chávez,Santa Cruz,Bolivia,78,8,28,14,1.3,0.67,,
e0fbe7c4-b5d0-30db-ba2e-b70d40f5e223, -13.392000, -54.343399,2026-07-11 01:04:00,METOP-B,PARANATINGA,MATO GROSSO,Brasil,5106307,51,33,22,1.07,0.8,Amazônia,
cbedfb66-9fe5-3180-9859-6fae655a0ef2, -16.367800, -59.645401,2026-07-11 01:04:00,METOP-B,José Miguel de Velasco,Santa Cruz,Bolivia,85,8,28,16,0.22,0.97,,
74f6443d-2d31-306b-8a1b-45eaea01d37c, -15.828800, -61.245098,2026-07-11 01:04:00,METOP-B,José Miguel de Velasco,Santa Cruz,Bolivia,85,8,28,16,3.11,0.51,,
00578272-806e-3b7b-a784-35888a96b4de, -16.414700, -59.579700,2026-07-11 01:04:00,METOP-B,José Miguel de Velasco,Santa Cruz,Bolivia,85,8,28,16,0.4,0.93,,
25cbb586-ead5-3e2e-86ad-f82ef17749f3, -15.008300, -63.878101,2026-07-11 01:04:00,METOP-B,Marbán,El Beni,Bolivia,28,3,28,16,13.17,0.03,,
17a749b7-6704-3d43-9b15-86dc636d39b5, -17.426100, -62.992100,2026-07-11 01:04:00,METOP-B,Ignacio Warnes,Santa Cruz,Bolivia,84,8,28,26,0.1,1.0,,
19be1d83-a239-3bc5-a713-e5a6979e61ae, -18.556801, -62.763100,2026-07-11 01:04:00,METOP-B,Cordillera,Santa Cruz,Bolivia,81,8,28,31,0.3,0.98,,
00fa12b5-59ac-3dbd-a6c6-c09ba8594b35, -15.732200, -61.979599,2026-07-11 01:04:00,METOP-B,Ñuflo de Chávez,Santa Cruz,Bolivia,78,8,28,16,3.65,0.29,,
50358787-44e1-3365-a6f7-a6eada74ee24, -17.601299, -61.685398,2026-07-11 01:04:00,METOP-B,Chiquitos,Santa Cruz,Bolivia,80,8,28,28,0.4,1.0,,
efae4327-a3e5-32d8-9a09-811ba2de9d75, -16.340000, -59.659901,2026-07-11 01:04:00,METOP-B,José Miguel de Velasco,Santa Cruz,Bolivia,85,8,28,16,0.1,0.99,,
c97b0ca7-646c-3da1-9180-c49a7cefe68d, -16.422800, -59.570000,2026-07-11 01:04:00,METOP-B,José Miguel de Velasco,Santa Cruz,Bolivia,85,8,28,16,0.48,0.93,,
89ef4adc-0075-3fea-b58a-45173ef10690, -16.114799, -60.444901,2026-07-11 01:04:00,METOP-B,José Miguel de Velasco,Santa Cruz,Bolivia,85,8,28,16,0.7,0.97,,
34db6f69-4dc5-3064-9cb7-cdd50d68bd97, -18.341900, -59.067402,2026-07-11 01:04:00,METOP-B,Chiquitos,Santa Cruz,Bolivia,80,8,28,15,10.88,0.07,,
33c3fb0a-2ecb-322b-b247-a906b67fc4e2, -15.931600, -61.903400,2026-07-11 01:04:00,METOP-B,Ñuflo de Chávez,Santa Cruz,Bolivia,78,8,28,16,3.43,0.37,,
dd1384a4-ac1c-370d-a80c-9b7d32fc0bbf, -20.528000, -60.473202,2026-07-11 01:04:00,METOP-B,General Eugenio A. Garay,Boquerón,Paraguay,43,6,177,31,0.68,1.0,,
96a26cde-541b-39a9-bbb5-eb0b404bff74, -17.755100, -60.407299,2026-07-11 01:04:00,METOP-B,Chiquitos,Santa Cruz,Bolivia,80,8,28,16,14.25,0.04,,
bd251e01-5f3f-348e-be74-36afd397b545, -17.729300, -60.012299,2026-07-11 01:04:00,METOP-B,Chiquitos,Santa Cruz,Bolivia,80,8,28,15,4.31,0.4,,
24d39fb5-350f-3425-9278-580d2dba4367, -16.328600, -59.654900,2026-07-11 01:04:00,METOP-B,José Miguel de Velasco,Santa Cruz,Bolivia,85,8,28,16,0.1,0.99,,
3c01d9a4-0c5f-38e6-9b1f-a79167e60619, -18.273100, -59.037201,2026-07-11 01:04:00,METOP-B,Chiquitos,Santa Cruz,Bolivia,80,8,28,15,13.75,0.03,,
72c7108e-2f06-3449-9b8e-38aaca39c9db, -15.733000, -61.558601,2026-07-11 01:04:00,METOP-B,Ñuflo de Chávez,Santa Cruz,Bolivia,78,8,28,16,6.52,0.21,,
11063e93-6b0d-3ee0-b12c-bf5730e4c70a,   9.897860, -66.319510,2026-07-11 01:05:00,TERRA_M-M,Monagas,Guárico,Venezuela,140,13,249,2,9.27,0.02,,4.6
914a689a-3632-3a4e-82e1-c02d2e609c10, -18.636500, -62.810800,2026-07-11 01:10:00,GOES-19,Cordillera,Santa Cruz,Bolivia,81,8,28,31,0.0,0.98,,80.5
e5174f54-35c7-375b-ba2c-e7663b99c421,  -4.340200, -47.764500,2026-07-11 01:10:00,GOES-19,DOM ELISEU,PARÁ,Brasil,1502939,15,33,14,0.0,0.88,Amazônia,63.7
eae9fbf7-ffb6-3c42-87a4-223ec18c1d34, -17.497500, -59.556300,2026-07-11 01:10:00,GOES-19,Chiquitos,Santa Cruz,Bolivia,80,8,28,14,3.43,0.53,,42.1
b7d64537-9153-3e1e-912e-495cd1c38c03, -12.835900, -44.342200,2026-07-11 01:10:00,GOES-19,BAIANÓPOLIS,BAHIA,Brasil,2902500,29,33,48,0.1,0.95,Cerrado,68.8
f167345e-ca72-36bd-a5f6-d6ea629e464e, -16.403100, -59.586100,2026-07-11 01:10:00,GOES-19,José Miguel de Velasco,Santa Cruz,Bolivia,85,8,28,16,0.38,0.95,,59.1
c08b67ee-14ca-34c9-bd27-2524ed3dc045, -17.497200, -59.576500,2026-07-11 01:10:00,GOES-19,Chiquitos,Santa Cruz,Bolivia,80,8,28,14,3.63,0.51,,42.0
e17a0e2d-2ce8-3391-b319-904e5f9510b1, -16.422600, -59.584200,2026-07-11 01:10:00,GOES-19,José Miguel de Velasco,Santa Cruz,Bolivia,85,8,28,16,0.49,0.92,,107.0
86a06929-2a56-381a-8258-2b72367994d1, -16.739600, -60.652800,2026-07-11 01:10:00,GOES-19,José Miguel de Velasco,Santa Cruz,Bolivia,85,8,28,15,5.24,0.31,,61.9
edeedf23-f34a-3dcf-ae5d-b32f2d3fb3e4, -10.382200, -49.584900,2026-07-11 01:10:00,GOES-19,PIUM,TOCANTINS,Brasil,1717503,17,33,50,0.0,1.0,Cerrado,72.8
bce23a5b-d88b-3a38-81f4-5bf9d60b8d9d, -12.816500, -44.345400,2026-07-11 01:10:00,GOES-19,BAIANÓPOLIS,BAHIA,Brasil,2902500,29,33,48,0.0,0.95,Cerrado,51.3
3f53c8e1-74d7-3e6d-84b2-4297833eeb58, -18.636700, -62.790900,2026-07-11 01:10:00,GOES-19,Cordillera,Santa Cruz,Bolivia,81,8,28,31,0.0,0.98,,82.0
e360d917-e866-3436-89e5-31cde62af9fe, -12.854800, -44.362500,2026-07-11 01:10:00,GOES-19,BAIANÓPOLIS,BAHIA,Brasil,2902500,29,33,49,0.1,0.95,Cerrado,58.8
bb5613fa-a835-3b3c-8716-7fab19bead3f, -16.414000, -61.830800,2026-07-11 01:10:00,GOES-19,Ñuflo de Chávez,Santa Cruz,Bolivia,78,8,28,14,1.11,0.7,,57.9
79b91bd5-8380-3d76-8d1d-f81c74cf655f,   3.256100, -76.416200,2026-07-11 01:10:00,GOES-19,Puerto Tejada,Cauca,Colombia,432,11,53,2,8.24,0.01,,56.9
12b3553a-4769-3e81-8ab2-8e0cd2e72ff8, -18.636500, -62.810800,2026-07-11 01:20:00,GOES-19,Cordillera,Santa Cruz,Bolivia,81,8,28,31,0.0,0.98,,93.0
8a3bdfbb-2151-3be0-a944-2e9bd6853c11, -16.414200, -61.811100,2026-07-11 01:20:00,GOES-19,Ñuflo de Chávez,Santa Cruz,Bolivia,78,8,28,14,1.12,0.69,,46.6
e492705b-0ffa-3b9f-883a-dc4c9018bd9a,   3.256100, -76.416200,2026-07-11 01:20:00,GOES-19,Puerto Tejada,Cauca,Colombia,432,11,53,2,8.24,0.01,,56.9
33fb487d-8fb5-3540-8a94-7b980f28d090, -12.835900, -44.342200,2026-07-11 01:20:00,GOES-19,BAIANÓPOLIS,BAHIA,Brasil,2902500,29,33,48,0.1,0.95,Cerrado,76.3
26c48039-e63a-3930-a515-2ae42c37bbd1, -16.422600, -59.584200,2026-07-11 01:20:00,GOES-19,José Miguel de Velasco,Santa Cruz,Bolivia,85,8,28,16,0.49,0.92,,98.4
c270b39d-bb0c-38cc-bab8-c6912c197539, -18.636700, -62.790900,2026-07-11 01:20:00,GOES-19,Cordillera,Santa Cruz,Bolivia,81,8,28,31,0.0,0.98,,75.3
bddc3f04-eae5-367a-9d4a-acbaaeb13eac, -16.394600, -61.832400,2026-07-11 01:20:00,GOES-19,Ñuflo de Chávez,Santa Cruz,Bolivia,78,8,28,14,1.51,0.66,,44.4
78c5d1da-d7af-38c1-81e9-4dfd543f9931,   3.619700, -76.471000,2026-07-11 01:20:00,GOES-19,Palmira,Valle del Cauca,Colombia,1037,30,53,2,4.19,0.02,,48.2
acdc4ef1-d596-3d3c-9e19-3d49c0d3fd77, -16.414000, -61.830800,2026-07-11 01:20:00,GOES-19,Ñuflo de Chávez,Santa Cruz,Bolivia,78,8,28,14,1.11,0.7,,55.5
3e2ba48c-167d-3efc-a3fc-0070d0303119, -12.854800, -44.362500,2026-07-11 01:20:00,GOES-19,BAIANÓPOLIS,BAHIA,Brasil,2902500,29,33,49,0.1,0.95,Cerrado,59.6
40d4ecba-ce8b-3d01-ada0-eb2ebd6a5d5b, -17.150800, -60.554500,2026-07-11 01:20:00,GOES-19,José Miguel de Velasco,Santa Cruz,Bolivia,85,8,28,16,1.49,0.81,,35.6
f942dc9f-b8a2-3d16-877a-aaf91f231be0,  -4.340200, -47.764500,2026-07-11 01:20:00,GOES-19,DOM ELISEU,PARÁ,Brasil,1502939,15,33,14,0.0,0.88,Amazônia,59.1
2e849ddb-2c87-3293-bee5-8adc6773f8d4, -12.836300, -44.318600,2026-07-11 01:20:00,GOES-19,BAIANÓPOLIS,BAHIA,Brasil,2902500,29,33,48,0.09,0.94,Cerrado,49.1
a9bcbdcc-57c3-3069-b64d-00b1968c4618, -16.076200, -60.461700,2026-07-11 01:28:00,METOP-C,José Miguel de Velasco,Santa Cruz,Bolivia,85,8,28,16,0.62,0.98,,
c44360ac-08a5-3750-883f-d7b129fac555, -16.365200, -59.669102,2026-07-11 01:28:00,METOP-C,José Miguel de Velasco,Santa Cruz,Bolivia,85,8,28,16,0.2,0.97,,
29d1de7d-6f72-33d7-bd7d-2b2507210b9b, -15.724700, -61.980301,2026-07-11 01:28:00,METOP-C,Ñuflo de Chávez,Santa Cruz,Bolivia,78,8,28,16,3.82,0.28,,
5d4ca496-74b3-31e9-861e-14b4874bbb74, -16.113800, -60.445499,2026-07-11 01:28:00,METOP-C,José Miguel de Velasco,Santa Cruz,Bolivia,85,8,28,16,0.69,0.97,,
813f4d58-acbe-3fec-b2f0-cb0eacb31177, -22.460600, -57.657299,2026-07-11 01:28:00,METOP-C,Concepción,Concepción,Paraguay,102,11,177,11,1.44,0.76,,
b8e77201-97ca-3cc5-9f19-e640a0677e21, -17.143200, -60.549400,2026-07-11 01:28:00,METOP-C,José Miguel de Velasco,Santa Cruz,Bolivia,85,8,28,16,1.38,0.83,,
7cfa6d7b-d2cf-36d6-bb76-defeb20d0f79, -13.383600, -54.338699,2026-07-11 01:28:00,METOP-C,PARANATINGA,MATO GROSSO,Brasil,5106307,51,33,23,0.87,0.82,Amazônia,
731e7e62-78e4-3adc-8778-f12150db8ee2, -18.350901, -59.057899,2026-07-11 01:28:00,METOP-C,Chiquitos,Santa Cruz,Bolivia,80,8,28,14,10.7,0.07,,
2cbe64aa-125c-3226-8f7a-4bbcda8a804f, -15.928200, -61.298000,2026-07-11 01:28:00,METOP-C,José Miguel de Velasco,Santa Cruz,Bolivia,85,8,28,16,1.34,0.7,,
c05c11d5-6abb-31d7-b6b8-5879cd3ba0c0, -17.141600, -60.542000,2026-07-11 01:28:00,METOP-C,José Miguel de Velasco,Santa Cruz,Bolivia,85,8,28,16,1.29,0.84,,
a6fb563a-8049-3e00-882e-fa80d4c3ad3b, -18.775200, -58.508701,2026-07-11 01:28:00,METOP-C,Chiquitos,Santa Cruz,Bolivia,80,8,28,14,6.14,0.19,,
5c4a111e-c34d-339b-ac6d-460ee5531cf5, -15.828600, -61.264702,2026-07-11 01:28:00,METOP-C,José Miguel de Velasco,Santa Cruz,Bolivia,85,8,28,16,3.1,0.5,,
bf9dc1be-2438-37cc-9a43-5f744400b026, -18.342699, -59.067402,2026-07-11 01:28:00,METOP-C,Chiquitos,Santa Cruz,Bolivia,80,8,28,15,10.85,0.07,,
b6ffe077-8a12-3d5b-9339-e74af05681cc, -16.741899, -60.641102,2026-07-11 01:28:00,METOP-C,José Miguel de Velasco,Santa Cruz,Bolivia,85,8,28,15,5.24,0.31,,
f3d50add-0172-37e9-a371-f8cabdba2aee, -12.085100, -57.122200,2026-07-11 01:28:00,METOP-C,NOVA MARINGÁ,MATO GROSSO,Brasil,5108907,51,33,15,0.42,0.73,Amazônia,
56e44bc8-54c1-3f98-8d20-2db456682b00, -18.345900, -59.081902,2026-07-11 01:28:00,METOP-C,Chiquitos,Santa Cruz,Bolivia,80,8,28,14,10.32,0.07,,
4b1d9419-3e74-3a72-bc18-392e4bffb2f5, -16.350700, -59.650002,2026-07-11 01:28:00,METOP-C,José Miguel de Velasco,Santa Cruz,Bolivia,85,8,28,16,0.06,0.99,,
f6e6e96d-e32f-39e4-9cf9-841fae999a6e, -15.918400, -61.300098,2026-07-11 01:28:00,METOP-C,José Miguel de Velasco,Santa Cruz,Bolivia,85,8,28,16,1.53,0.89,,
33fc52a9-9fb9-3e97-b447-95c3e980097b, -17.729200, -60.027100,2026-07-11 01:28:00,METOP-C,Chiquitos,Santa Cruz,Bolivia,80,8,28,15,4.39,0.39,,
f5e4748d-c5de-34f9-8558-836374040b8c, -20.523300, -60.476700,2026-07-11 01:28:00,METOP-C,General Eugenio A. Garay,Boquerón,Paraguay,43,6,177,31,0.63,1.0,,
ecfab644-eac8-365c-a718-532906b5299f, -22.233801, -56.683998,2026-07-11 01:28:00,METOP-C,Bella Vista,Amambay,Paraguay,38,4,177,11,17.07,0.01,,
e8a8b29e-ea29-3723-b36c-04374e0ae033, -18.557100, -62.773102,2026-07-11 01:28:00,METOP-C,Cordillera,Santa Cruz,Bolivia,81,8,28,31,0.3,0.98,,
fdf61dec-68da-31ef-9235-1572826be292, -18.354099, -59.072300,2026-07-11 01:28:00,METOP-C,Chiquitos,Santa Cruz,Bolivia,80,8,28,14,10.19,0.08,,
00653dd6-0f94-3534-a0bf-f4c694c3e21b, -16.416300, -59.574699,2026-07-11 01:28:00,METOP-C,José Miguel de Velasco,Santa Cruz,Bolivia,85,8,28,16,0.41,0.93,,
759bf95b-32f7-3982-ad37-10682f4aea1f, -18.337900, -59.045799,2026-07-11 01:28:00,METOP-C,Chiquitos,Santa Cruz,Bolivia,80,8,28,15,11.39,0.06,,
29f9baf6-1f62-31ed-a5e2-5f53febb499e, -16.405001, -61.804501,2026-07-11 01:28:00,METOP-C,Ñuflo de Chávez,Santa Cruz,Bolivia,78,8,28,14,1.4,0.66,,
9fcb7c16-15ab-376d-b42e-7ae27d0c6eec, -15.827000, -61.257099,2026-07-11 01:28:00,METOP-C,José Miguel de Velasco,Santa Cruz,Bolivia,85,8,28,16,3.12,0.5,,
7e02106d-8a92-3822-9787-b12805e4611c, -16.429300, -59.586601,2026-07-11 01:28:00,METOP-C,José Miguel de Velasco,Santa Cruz,Bolivia,85,8,28,16,0.54,0.92,,
605028e3-0cb6-359e-a197-f5b1dbb385f6, -15.920000, -61.307800,2026-07-11 01:28:00,METOP-C,José Miguel de Velasco,Santa Cruz,Bolivia,85,8,28,16,1.42,0.71,,
da5a852c-3f1c-3c47-96f9-9ea4cf44de25, -16.733700, -60.650700,2026-07-11 01:28:00,METOP-C,José Miguel de Velasco,Santa Cruz,Bolivia,85,8,28,15,5.3,0.3,,
1ca7c6c4-868f-3b27-948d-a13f9a9a3a9d, -18.086700, -59.637199,2026-07-11 01:28:00,METOP-C,Chiquitos,Santa Cruz,Bolivia,80,8,28,15,8.74,0.24,,
76a6ca99-461d-34ea-a90f-aa55b9e2f8b5, -17.727699, -60.019798,2026-07-11 01:28:00,METOP-C,Chiquitos,Santa Cruz,Bolivia,80,8,28,15,4.37,0.39,,
205ada2c-488c-3ef7-9a3b-2bb14a2daca7, -15.723000, -61.972301,2026-07-11 01:28:00,METOP-C,Ñuflo de Chávez,Santa Cruz,Bolivia,78,8,28,16,3.67,0.29,,
a2491bd2-d3ec-3c72-9b6d-b5b66f41e117, -16.414801, -59.567600,2026-07-11 01:28:00,METOP-C,José Miguel de Velasco,Santa Cruz,Bolivia,85,8,28,16,0.4,0.95,,
3a51f6b1-91c4-3ec2-bd3e-76bdb9e18f34, -18.328100, -59.048199,2026-07-11 01:28:00,METOP-C,Chiquitos,Santa Cruz,Bolivia,80,8,28,15,11.84,0.05,,
77840f0e-956a-37de-bd6a-85367ee16a30, -15.759200, -60.942402,2026-07-11 01:28:00,METOP-C,José Miguel de Velasco,Santa Cruz,Bolivia,85,8,28,16,1.5,0.97,,
8de830fa-10ec-3167-9e8d-b410093ba434, -16.373400, -59.659698,2026-07-11 01:28:00,METOP-C,José Miguel de Velasco,Santa Cruz,Bolivia,85,8,28,16,0.28,0.96,,
57f490f5-7b4f-33e7-a27b-23182e6fc24d, -13.403100, -54.333698,2026-07-11 01:28:00,METOP-C,PARANATINGA,MATO GROSSO,Brasil,5106307,51,33,24,1.26,0.77,Amazônia,
eb7584d6-a103-3b51-85ef-ff26b6e458b6, -16.427700, -59.579498,2026-07-11 01:28:00,METOP-C,José Miguel de Velasco,Santa Cruz,Bolivia,85,8,28,16,0.53,0.92,,
d7cf25e9-3ff1-3062-9156-91b7c1d7bcfd, -20.991899, -59.626701,2026-07-11 01:28:00,METOP-C,Fuerte Olimpo,Alto Paraguay,Paraguay,17,2,177,31,0.1,1.0,,
80f5e7ab-3f86-3a44-a772-e6977c5ed649, -18.633200, -62.796299,2026-07-11 01:28:00,METOP-C,Cordillera,Santa Cruz,Bolivia,81,8,28,31,0.02,0.98,,
cdd49cfa-406e-38f7-ab8c-cf4b09429db3, -10.394800, -49.569401,2026-07-11 01:28:00,METOP-C,PIUM,TOCANTINS,Brasil,1717503,17,33,50,0.0,1.0,Cerrado,
f026d2de-1816-370e-b092-a24806a29de8, -20.995100, -59.641899,2026-07-11 01:28:00,METOP-C,Fuerte Olimpo,Alto Paraguay,Paraguay,17,2,177,31,0.1,1.0,,
0ac26543-dca4-3651-9eef-7277758ea75a, -15.880800, -61.268799,2026-07-11 01:28:00,METOP-C,José Miguel de Velasco,Santa Cruz,Bolivia,85,8,28,16,2.38,0.58,,
a6611583-9dbb-3775-833c-7300a062c942, -16.406700, -61.812500,2026-07-11 01:28:00,METOP-C,Ñuflo de Chávez,Santa Cruz,Bolivia,78,8,28,14,1.33,0.67,,
ec668dff-0a8c-3615-bcb4-36948f45c865, -16.332600, -59.661701,2026-07-11 01:28:00,METOP-C,José Miguel de Velasco,Santa Cruz,Bolivia,85,8,28,16,0.1,0.99,,
a6314f50-96c6-3309-9066-432a6bd7c562, -15.734500, -61.978199,2026-07-11 01:28:00,METOP-C,Ñuflo de Chávez,Santa Cruz,Bolivia,78,8,28,16,3.59,0.29,,
532687de-0c36-30dd-9afe-9c3641318c41, -15.729300, -61.567600,2026-07-11 01:28:00,METOP-C,Ñuflo de Chávez,Santa Cruz,Bolivia,78,8,28,15,6.78,0.23,,
1a50f012-ff3d-32e3-94de-1219520f1d02, -20.373800, -59.135799,2026-07-11 01:28:00,METOP-C,Fuerte Olimpo,Alto Paraguay,Paraguay,17,2,177,15,7.93,0.29,,
7b6118df-256e-3092-9bf9-0e6f7c3909c6, -18.334499, -59.077000,2026-07-11 01:28:00,METOP-C,Chiquitos,Santa Cruz,Bolivia,80,8,28,15,10.98,0.07,,
138e3767-6807-37e5-ba48-0d193a689c51, -18.326500, -59.041000,2026-07-11 01:28:00,METOP-C,Chiquitos,Santa Cruz,Bolivia,80,8,28,15,11.76,0.05,,
b251dce9-0d5f-371b-9c36-8688970f2ec6, -16.732100, -60.643299,2026-07-11 01:28:00,METOP-C,José Miguel de Velasco,Santa Cruz,Bolivia,85,8,28,15,5.31,0.31,,
0c62cd99-7260-3268-b964-c44a76e9ca48, -18.352501, -59.065102,2026-07-11 01:28:00,METOP-C,Chiquitos,Santa Cruz,Bolivia,80,8,28,14,10.45,0.07,,
be6e6ce1-6f68-3caf-89b2-84a101dd3e44, -22.924400, -49.188301,2026-07-11 01:28:00,METOP-C,ÁGUAS DE SANTA BÁRBARA,SÃO PAULO,Brasil,3500550,35,33,15,0.0,1.0,Cerrado,
490cdbd9-4304-3c4d-a473-e5fe302ce6d2, -22.238701, -58.008499,2026-07-11 01:28:00,METOP-C,La Victoria,Alto Paraguay,Paraguay,18,2,177,14,6.97,0.33,,
8e7cc5c5-c4af-350a-8cd9-838852683e73, -13.386400, -54.350101,2026-07-11 01:28:00,METOP-C,PARANATINGA,MATO GROSSO,Brasil,5106307,51,33,20,0.94,0.81,Amazônia,
3fb6b8c4-60db-3113-a265-eb6accae42c0, -22.235500, -57.993698,2026-07-11 01:28:00,METOP-C,La Victoria,Alto Paraguay,Paraguay,18,2,177,15,6.45,0.51,,
0ad3b268-c685-3d34-b154-7de2c90f4372, -12.094900, -57.119900,2026-07-11 01:28:00,METOP-C,NOVA MARINGÁ,MATO GROSSO,Brasil,5108907,51,33,14,0.5,0.63,Amazônia,
8502e502-0658-39d2-80c0-5ec64d65f230, -16.417900, -59.581799,2026-07-11 01:28:00,METOP-C,José Miguel de Velasco,Santa Cruz,Bolivia,85,8,28,16,0.44,0.93,,
11485637-972d-3c75-a8e8-642551640ba6, -23.171700, -61.299198,2026-07-11 01:28:00,METOP-C,Doctor Pedro P. Peña,Boquerón,Paraguay,42,6,177,31,0.0,0.91,,
6186a892-117e-3df6-805b-0f3eb7175ded, -23.173500, -61.308498,2026-07-11 01:28:00,METOP-C,Doctor Pedro P. Peña,Boquerón,Paraguay,42,6,177,31,0.0,0.91,,
3fe9c08b-fa31-39c8-a556-d2521922b6cb, -16.112200, -60.438202,2026-07-11 01:28:00,METOP-C,José Miguel de Velasco,Santa Cruz,Bolivia,85,8,28,16,0.71,0.96,,
f7157534-ed16-34b0-b6cc-c9ec69c7d182, -16.396900, -61.814701,2026-07-11 01:28:00,METOP-C,Ñuflo de Chávez,Santa Cruz,Bolivia,78,8,28,14,1.55,0.65,,
0d907348-5f8d-382b-bdc1-c5b3207ba489, -18.088301, -59.644501,2026-07-11 01:28:00,METOP-C,Chiquitos,Santa Cruz,Bolivia,80,8,28,15,8.53,0.36,,
bff16941-3b5a-306c-9f7f-da682f2d5545, -16.099501, -60.380100,2026-07-11 01:28:00,METOP-C,José Miguel de Velasco,Santa Cruz,Bolivia,85,8,28,15,0.85,0.94,,
9ca154f2-aa6b-3483-ba37-c49e6b8ff882, -15.925200, -61.910801,2026-07-11 01:28:00,METOP-C,Ñuflo de Chávez,Santa Cruz,Bolivia,78,8,28,16,3.42,0.37,,
ce52ddb0-1eb6-37fc-86c8-e64fd31aeabe, -16.408400, -61.820499,2026-07-11 01:28:00,METOP-C,Ñuflo de Chávez,Santa Cruz,Bolivia,78,8,28,14,1.23,0.68,,
54833cb1-38e3-3e42-b453-1575cb253c29, -17.144800, -60.556900,2026-07-11 01:28:00,METOP-C,José Miguel de Velasco,Santa Cruz,Bolivia,85,8,28,16,1.4,0.82,,
6758dd01-2aa7-3d31-8ec0-9a4a5eedd8ce, -16.406500, -59.577000,2026-07-11 01:28:00,METOP-C,José Miguel de Velasco,Santa Cruz,Bolivia,85,8,28,16,0.4,0.95,,
e3248640-829a-326c-93e1-f4d0b9f8c290, -18.329700, -59.055401,2026-07-11 01:28:00,METOP-C,Chiquitos,Santa Cruz,Bolivia,80,8,28,15,11.7,0.05,,
b58a4df6-051a-3ae9-8a13-35f4b85a9325, -18.341101, -59.060200,2026-07-11 01:28:00,METOP-C,Chiquitos,Santa Cruz,Bolivia,80,8,28,15,11.09,0.07,,
38c215a0-07fd-38a8-a7fb-e200a9c7079c, -18.635099, -62.805801,2026-07-11 01:28:00,METOP-C,Cordillera,Santa Cruz,Bolivia,81,8,28,31,0.0,0.98,,
d6074bdf-c263-36fa-ad98-ffdf978a45ec, -17.492901, -59.555901,2026-07-11 01:28:00,METOP-C,Chiquitos,Santa Cruz,Bolivia,80,8,28,14,3.32,0.54,,
696e9720-61d6-36d7-8f23-b715c7549a79, -15.594500, -61.801701,2026-07-11 01:28:00,METOP-C,Ñuflo de Chávez,Santa Cruz,Bolivia,78,8,28,16,7.22,0.12,,
a251a1f5-f790-399b-8d6a-c6374e54d80d, -17.491301, -59.548698,2026-07-11 01:28:00,METOP-C,Chiquitos,Santa Cruz,Bolivia,80,8,28,14,3.24,0.55,,
9db487f8-f694-32c3-886f-b1bc6ff90b81, -15.736200, -61.986198,2026-07-11 01:28:00,METOP-C,Ñuflo de Chávez,Santa Cruz,Bolivia,78,8,28,16,3.71,0.28,,
c3543931-07e6-3ee0-924c-b7e74c08a3e5, -16.371799, -59.652599,2026-07-11 01:28:00,METOP-C,José Miguel de Velasco,Santa Cruz,Bolivia,85,8,28,16,0.27,0.96,,
bc0ae882-3856-378f-afde-1989db87482f, -18.339500, -59.053001,2026-07-11 01:28:00,METOP-C,Chiquitos,Santa Cruz,Bolivia,80,8,28,15,11.31,0.06,,
d4696610-38ce-34e9-bdd7-80e120135ad6, -16.743500, -60.648499,2026-07-11 01:28:00,METOP-C,José Miguel de Velasco,Santa Cruz,Bolivia,85,8,28,15,5.29,0.3,,
a981a3ee-eaea-382b-96fd-bd268a1428b1, -20.993500, -59.634300,2026-07-11 01:28:00,METOP-C,Fuerte Olimpo,Alto Paraguay,Paraguay,17,2,177,31,0.1,1.0,,
6439c2a1-9cf5-3d3d-a9b3-e4fc02839bb5, -16.118500, -60.467300,2026-07-11 01:28:00,METOP-C,José Miguel de Velasco,Santa Cruz,Bolivia,85,8,28,16,0.7,0.97,,
5a111689-a5d2-3b4a-ba69-128dbe6cfca1, -16.400299, -61.830799,2026-07-11 01:28:00,METOP-C,Ñuflo de Chávez,Santa Cruz,Bolivia,78,8,28,14,1.39,0.66,,
192fcbca-79c9-3f5a-9fd1-678d2371a583, -16.426100, -59.572399,2026-07-11 01:28:00,METOP-C,José Miguel de Velasco,Santa Cruz,Bolivia,85,8,28,16,0.51,0.93,,
d639d768-5412-340c-9c68-98f537b6cca7, -17.730801, -60.034401,2026-07-11 01:28:00,METOP-C,Chiquitos,Santa Cruz,Bolivia,80,8,28,15,4.45,0.39,,
dad604bf-3de1-383f-8e68-8cfa59611a31, -16.344000, -59.666599,2026-07-11 01:28:00,METOP-C,José Miguel de Velasco,Santa Cruz,Bolivia,85,8,28,16,0.1,0.99,,
ab1cf385-6886-3c44-83c5-50f57a0c48df, -18.631300, -62.786800,2026-07-11 01:28:00,METOP-C,Cordillera,Santa Cruz,Bolivia,81,8,28,31,0.04,0.98,,
16656533-1c9b-33e0-8e8e-8ff94e0103c4, -16.398600, -61.822701,2026-07-11 01:28:00,METOP-C,Ñuflo de Chávez,Santa Cruz,Bolivia,78,8,28,14,1.47,0.65,,
3e60ad93-ca5e-351f-b695-cf0355922b5c, -16.395201, -61.806702,2026-07-11 01:28:00,METOP-C,Ñuflo de Chávez,Santa Cruz,Bolivia,78,8,28,14,1.6,0.64,,
10996788-c486-328b-8533-bb0c625862e5, -23.175301, -61.317799,2026-07-11 01:28:00,METOP-C,Doctor Pedro P. Peña,Boquerón,Paraguay,42,6,177,31,0.0,0.91,,
a7d42766-684f-3511-b9b3-7998ab60435f, -16.424601, -59.565300,2026-07-11 01:28:00,METOP-C,José Miguel de Velasco,Santa Cruz,Bolivia,85,8,28,16,0.5,0.96,,
ae59cc69-7716-31f7-8970-511173b63759, -16.370300, -59.645500,2026-07-11 01:28:00,METOP-C,José Miguel de Velasco,Santa Cruz,Bolivia,85,8,28,16,0.23,0.97,,
2a72e491-6123-3f19-8ed3-cb24bed81ad3, -20.525000, -60.484600,2026-07-11 01:28:00,METOP-C,General Eugenio A. Garay,Boquerón,Paraguay,43,6,177,31,0.6,1.0,,
e4a57bd4-9ec1-3a7a-a855-43a41372ddf9, -16.405001, -59.569901,2026-07-11 01:28:00,METOP-C,José Miguel de Velasco,Santa Cruz,Bolivia,85,8,28,16,0.4,0.95,,
921d21b2-26f7-32b4-bddf-719e37444daf, -18.559000, -62.782501,2026-07-11 01:28:00,METOP-C,Cordillera,Santa Cruz,Bolivia,81,8,28,31,0.29,0.98,,
03bf8b49-83e3-35ee-9116-92aeb620bea9, -15.760800, -60.949799,2026-07-11 01:28:00,METOP-C,José Miguel de Velasco,Santa Cruz,Bolivia,85,8,28,16,1.5,0.92,,
408af053-4324-31af-ae4f-2eef5dea72c7, -15.825400, -61.249500,2026-07-11 01:28:00,METOP-C,José Miguel de Velasco,Santa Cruz,Bolivia,85,8,28,16,3.19,0.5,,
efa2a83b-4c5e-3a4d-a86f-ac3166717bb9, -16.410000, -61.828602,2026-07-11 01:28:00,METOP-C,Ñuflo de Chávez,Santa Cruz,Bolivia,78,8,28,14,1.2,0.68,,
c9c55f90-4852-32b1-88f8-6ca60c833a94, -16.419500, -59.588902,2026-07-11 01:28:00,METOP-C,José Miguel de Velasco,Santa Cruz,Bolivia,85,8,28,16,0.5,0.93,,
cda8b528-95e9-36b7-9484-f77c26992d8f, -15.926900, -61.918800,2026-07-11 01:28:00,METOP-C,Ñuflo de Chávez,Santa Cruz,Bolivia,78,8,28,16,3.6,0.36,,
e5088892-1e62-3163-b31c-fe9d22c0cc3f, -18.344299, -59.074600,2026-07-11 01:28:00,METOP-C,Chiquitos,Santa Cruz,Bolivia,80,8,28,15,10.59,0.07,,
a5e38b45-a385-3684-85ae-f8198c88bde3, -17.960100, -61.698002,2026-07-11 01:28:00,METOP-C,Chiquitos,Santa Cruz,Bolivia,80,8,28,20,4.3,0.63,,
66e53d29-d2bb-3513-bed2-2455bcbfef9a, -16.413200, -59.560398,2026-07-11 01:28:00,METOP-C,José Miguel de Velasco,Santa Cruz,Bolivia,85,8,28,16,0.38,1.0,,
916364e1-7955-3b68-823a-feb52693f128, -16.735300, -60.658100,2026-07-11 01:28:00,METOP-C,José Miguel de Velasco,Santa Cruz,Bolivia,85,8,28,15,5.13,0.32,,
ef6abf9b-2d47-3195-a74a-00e0883ba530, -17.961800, -61.706299,2026-07-11 01:28:00,METOP-C,Chiquitos,Santa Cruz,Bolivia,80,8,28,20,4.2,0.64,,
2c78f058-8025-3f8b-9ee2-8c98e9445015, -16.116899, -60.459999,2026-07-11 01:28:00,METOP-C,José Miguel de Velasco,Santa Cruz,Bolivia,85,8,28,16,0.7,0.97,,
38528b7f-659d-304a-8345-b4e63742bee7, -15.732800, -61.970200,2026-07-11 01:28:00,METOP-C,Ñuflo de Chávez,Santa Cruz,Bolivia,78,8,28,16,3.53,0.3,,
54d1df4f-bd97-325a-9290-467d9b2c3519, -16.352200, -59.657101,2026-07-11 01:28:00,METOP-C,José Miguel de Velasco,Santa Cruz,Bolivia,85,8,28,16,0.09,0.98,,
99df22cd-cfb1-35e9-ba33-a7ab3148b4d2, -13.396200, -54.347599,2026-07-11 01:28:00,METOP-C,PARANATINGA,MATO GROSSO,Brasil,5106307,51,33,21,1.2,0.78,Amazônia,
f8d59c93-9e84-36fb-9069-a22b63abd14e, -16.104000, -60.447701,2026-07-11 01:28:00,METOP-C,José Miguel de Velasco,Santa Cruz,Bolivia,85,8,28,16,0.62,0.97,,
0f6fb6f7-3e88-3b7a-81b4-7548490dbad9, -22.237101, -58.001099,2026-07-11 01:28:00,METOP-C,La Victoria,Alto Paraguay,Paraguay,18,2,177,15,6.71,0.46,,
722d6c13-55f8-3924-967a-5b8034d79688, -16.546000, -60.732498,2026-07-11 01:28:00,METOP-C,José Miguel de Velasco,Santa Cruz,Bolivia,85,8,28,15,3.72,0.44,,
f722198a-9267-3f59-a0d4-e762ac5ae2ce, -22.459000, -57.649899,2026-07-11 01:28:00,METOP-C,Concepción,Concepción,Paraguay,102,11,177,11,1.46,0.82,,
abc0e61c-4941-3b82-a4dd-4106541fa872, -16.077700, -60.469002,2026-07-11 01:28:00,METOP-C,José Miguel de Velasco,Santa Cruz,Bolivia,85,8,28,16,0.69,1.0,,
ccfd7848-83f1-38f6-b422-c5c5dde2676f, -15.913500, -61.373299,2026-07-11 01:28:00,METOP-C,José Miguel de Velasco,Santa Cruz,Bolivia,85,8,28,16,1.33,0.66,,
7d82ffaf-2820-3940-b331-6a78917ba339, -13.393400, -54.336201,2026-07-11 01:28:00,METOP-C,PARANATINGA,MATO GROSSO,Brasil,5106307,51,33,23,1.07,0.79,Amazônia,
e5c4019c-75db-3ab6-986a-6a996ea280f5, -17.494499, -59.563099,2026-07-11 01:28:00,METOP-C,Chiquitos,Santa Cruz,Bolivia,80,8,28,14,3.42,0.53,,
1a5b8c88-9c85-32c3-adfe-b8daa035cfd5, -16.331100, -59.654598,2026-07-11 01:28:00,METOP-C,José Miguel de Velasco,Santa Cruz,Bolivia,85,8,28,16,0.1,0.99,,
77b8d4ba-3a43-3593-8371-ca48c1679a9a, -17.969900, -61.695801,2026-07-11 01:28:00,METOP-C,Chiquitos,Santa Cruz,Bolivia,80,8,28,19,4.07,0.65,,
76fdc0cb-7f42-3c4a-90d4-6d01027e1a20, -22.235500, -56.691601,2026-07-11 01:28:00,METOP-C,Bella Vista,Amambay,Paraguay,38,4,177,11,16.88,-999.0,,
2021d8cd-904c-3ae2-89b0-4afcb4435719, -16.394800, -61.812700,2026-07-11 01:30:00,GOES-19,Ñuflo de Chávez,Santa Cruz,Bolivia,78,8,28,14,1.6,0.64,,44.4
edfb904c-30a2-301b-830b-f4d162c5687d, -16.422600, -59.584200,2026-07-11 01:30:00,GOES-19,José Miguel de Velasco,Santa Cruz,Bolivia,85,8,28,16,0.49,0.92,,90.3
2c629deb-4f51-3aa1-9707-eaf1e0822a19, -16.394600, -61.832400,2026-07-11 01:30:00,GOES-19,Ñuflo de Chávez,Santa Cruz,Bolivia,78,8,28,14,1.51,0.66,,42.7
f9ca3e00-9db7-370e-b233-b8ed5018113f, -12.854800, -44.362500,2026-07-11 01:30:00,GOES-19,BAIANÓPOLIS,BAHIA,Brasil,2902500,29,33,49,0.1,0.95,Cerrado,58.2
93025056-2f86-395c-b204-99ff758293b3, -18.636700, -62.790900,2026-07-11 01:30:00,GOES-19,Cordillera,Santa Cruz,Bolivia,81,8,28,31,0.0,0.98,,88.5
dbee2304-aa35-31b4-ad9f-b4ebd92e29f2, -10.382200, -49.584900,2026-07-11 01:30:00,GOES-19,PIUM,TOCANTINS,Brasil,1717503,17,33,50,0.0,1.0,Cerrado,68.8
34cd7d80-c682-3506-8f65-cad8e1dfeec3,  -4.340200, -47.764500,2026-07-11 01:30:00,GOES-19,DOM ELISEU,PARÁ,Brasil,1502939,15,33,14,0.0,0.88,Amazônia,63.7
dd916b2e-0941-3f16-83dd-4aca77b51d5d, -16.414200, -61.811100,2026-07-11 01:30:00,GOES-19,Ñuflo de Chávez,Santa Cruz,Bolivia,78,8,28,14,1.12,0.69,,40.6
3d38bfa4-82f4-3008-adb6-898a2aeef588, -18.636500, -62.810800,2026-07-11 01:30:00,GOES-19,Cordillera,Santa Cruz,Bolivia,81,8,28,31,0.0,0.98,,83.6
56acf2d9-f8b5-36b0-919b-e6a9477317b5, -12.835900, -44.342200,2026-07-11 01:30:00,GOES-19,BAIANÓPOLIS,BAHIA,Brasil,2902500,29,33,48,0.1,0.95,Cerrado,57.6
0891529a-a7e8-3a65-ab3d-76115725be6b, -16.414000, -61.830800,2026-07-11 01:30:00,GOES-19,Ñuflo de Chávez,Santa Cruz,Bolivia,78,8,28,14,1.11,0.7,,40.1
51cb4549-93e6-3540-9f10-862063afca86, -16.394600, -61.832400,2026-07-11 01:40:00,GOES-19,Ñuflo de Chávez,Santa Cruz,Bolivia,78,8,28,14,1.51,0.66,,44.8
7acaab33-0d6c-3012-9ee4-77e8f98805e3,   3.328800, -76.308000,2026-07-11 01:40:00,GOES-19,Florida,Valle del Cauca,Colombia,1028,30,53,2,4.21,0.03,,102.4
41ca0eea-758a-36fd-b26b-c472b8871af8, -17.497200, -59.576500,2026-07-11 01:40:00,GOES-19,Chiquitos,Santa Cruz,Bolivia,80,8,28,14,3.63,0.51,,34.6
53a6acdb-d278-3bc3-a32c-403732d30caa, -12.835900, -44.342200,2026-07-11 01:40:00,GOES-19,BAIANÓPOLIS,BAHIA,Brasil,2902500,29,33,48,0.1,0.95,Cerrado,74.7
89e661b1-575a-37fe-b87c-4cf7fa77463a, -16.414000, -61.830800,2026-07-11 01:40:00,GOES-19,Ñuflo de Chávez,Santa Cruz,Bolivia,78,8,28,14,1.11,0.7,,43.9
4540b885-40fb-3200-8397-640a93593bb4, -18.636500, -62.810800,2026-07-11 01:40:00,GOES-19,Cordillera,Santa Cruz,Bolivia,81,8,28,31,0.0,0.98,,110.5
dc4bb6cc-3f12-3735-9459-ed1e2e309c92, -16.739600, -60.652800,2026-07-11 01:40:00,GOES-19,José Miguel de Velasco,Santa Cruz,Bolivia,85,8,28,15,5.24,0.31,,41.3
7b3e1c47-47c8-34d5-b50c-3680804680ff,   3.310600, -76.289900,2026-07-11 01:40:00,GOES-19,Florida,Valle del Cauca,Colombia,1028,30,53,2,3.9,0.04,,60.6
de03449b-146c-3cdd-a302-173cadd7a213, -16.394800, -61.812700,2026-07-11 01:40:00,GOES-19,Ñuflo de Chávez,Santa Cruz,Bolivia,78,8,28,14,1.6,0.64,,39.8
f37c26d7-0892-3ad7-ad5e-ad29a794be2e, -16.422600, -59.584200,2026-07-11 01:40:00,GOES-19,José Miguel de Velasco,Santa Cruz,Bolivia,85,8,28,16,0.49,0.92,,96.4
6d8df99a-e531-37b4-86b5-1b086fc22d70,   3.619700, -76.471000,2026-07-11 01:40:00,GOES-19,Palmira,Valle del Cauca,Colombia,1037,30,53,2,4.19,0.02,,51.1
be9d8db4-544c-3cd3-84e7-b32f3c54e693,   3.310600, -76.308000,2026-07-11 01:40:00,GOES-19,Florida,Valle del Cauca,Colombia,1028,30,53,2,4.39,0.03,,87.9
3e4fd487-d9cc-32e3-983e-4cf2aaa9412c, -17.726300, -60.036500,2026-07-11 01:40:00,GOES-19,Chiquitos,Santa Cruz,Bolivia,80,8,28,15,4.47,0.38,,40.3
7b831218-76db-382f-a853-d1a884d08f8e,   3.328800, -76.290000,2026-07-11 01:40:00,GOES-19,Florida,Valle del Cauca,Colombia,1028,30,53,2,3.77,0.04,,68.5
b898a7b8-8917-3fe0-bf3b-cf28ab94b284, -18.636700, -62.790900,2026-07-11 01:40:00,GOES-19,Cordillera,Santa Cruz,Bolivia,81,8,28,31,0.0,0.98,,92.0
81b9d7fd-d103-37dd-b991-de5d3475d9bc,  -4.340200, -47.764500,2026-07-11 01:40:00,GOES-19,DOM ELISEU,PARÁ,Brasil,1502939,15,33,14,0.0,0.88,Amazônia,49.0
8e589ef9-1677-3dc5-975c-3105f5f4df5c, -18.636500, -62.810800,2026-07-11 01:50:00,GOES-19,Cordillera,Santa Cruz,Bolivia,81,8,28,31,0.0,0.98,,106.4
12800b37-1dfc-3fd7-8a02-a801422875ea, -16.739600, -60.652800,2026-07-11 01:50:00,GOES-19,José Miguel de Velasco,Santa Cruz,Bolivia,85,8,28,15,5.24,0.31,,43.8
cc7f9c60-d425-39a4-82a8-b65ccf8c65d1,  -4.340200, -47.764500,2026-07-11 01:50:00,GOES-19,DOM ELISEU,PARÁ,Brasil,1502939,15,33,14,0.0,0.88,Amazônia,52.9
69631c0e-13f8-376b-9e49-9207640b3b20, -18.636700, -62.790900,2026-07-11 01:50:00,GOES-19,Cordillera,Santa Cruz,Bolivia,81,8,28,31,0.0,0.98,,105.2
3523be4d-c276-3030-a971-ca9445c32999, -16.414000, -61.830800,2026-07-11 01:50:00,GOES-19,Ñuflo de Chávez,Santa Cruz,Bolivia,78,8,28,14,1.11,0.7,,48.9
46abc6e0-f8ee-3d12-b1db-03a3fd67875c, -17.726300, -60.036500,2026-07-11 01:50:00,GOES-19,Chiquitos,Santa Cruz,Bolivia,80,8,28,15,4.47,0.38,,40.0
6b26eda7-ec34-31dd-9217-661cf2a1a3ca, -16.422600, -59.584200,2026-07-11 01:50:00,GOES-19,José Miguel de Velasco,Santa Cruz,Bolivia,85,8,28,16,0.49,0.92,,105.0
e7547656-b786-319d-8044-e25d6b1db450, -16.414200, -61.811100,2026-07-11 01:50:00,GOES-19,Ñuflo de Chávez,Santa Cruz,Bolivia,78,8,28,14,1.12,0.69,,41.3
836a633f-52be-3118-9844-d8f86a2a3856, -12.835900, -44.342200,2026-07-11 01:50:00,GOES-19,BAIANÓPOLIS,BAHIA,Brasil,2902500,29,33,48,0.1,0.95,Cerrado,53.9
9017c2ef-16a0-3ded-a783-c752f443a21f, -18.636700, -62.790900,2026-07-11 02:00:00,GOES-19,Cordillera,Santa Cruz,Bolivia,81,8,28,31,0.0,0.98,,77.5
c60e6b23-5c9a-3796-b969-f08c68129c6e, -12.835900, -44.342200,2026-07-11 02:00:00,GOES-19,BAIANÓPOLIS,BAHIA,Brasil,2902500,29,33,48,0.1,0.95,Cerrado,51.3
525be0f2-5907-3307-b8a1-1c0be8c2f0d6, -12.831400, -66.725100,2026-07-11 02:00:00,GOES-19,José Ballivián,El Beni,Bolivia,26,3,28,16,1.23,1.0,,88.2
ea87e9bd-039a-3586-907b-c0b2d0b2044f,    .426000, -78.126000,2026-07-11 02:00:00,GOES-19,San Miguel de Urcuquí,Imbabura,Ecuador,102,11,68,3,23.87,0.0,,39.4
692bcb57-d10c-3641-a465-5eae03b4f684, -18.636500, -62.810800,2026-07-11 02:00:00,GOES-19,Cordillera,Santa Cruz,Bolivia,81,8,28,31,0.0,0.98,,96.3
eec10579-577a-39be-b2cf-2e86c5875c28,    .426000, -78.144000,2026-07-11 02:00:00,GOES-19,San Miguel de Urcuquí,Imbabura,Ecuador,102,11,68,3,24.85,0.0,,37.7
98942050-beb3-3b9c-978e-ba3f16e7d2ff, -12.854800, -44.362500,2026-07-11 02:00:00,GOES-19,BAIANÓPOLIS,BAHIA,Brasil,2902500,29,33,49,0.1,0.95,Cerrado,49.3
f6162f6a-2665-323f-94c6-9cb429616184, -16.422600, -59.584200,2026-07-11 02:00:00,GOES-19,José Miguel de Velasco,Santa Cruz,Bolivia,85,8,28,16,0.49,0.92,,89.3
b368c0b4-4e33-36e3-b7ea-1fc048b46a08, -18.636700, -62.790900,2026-07-11 02:10:00,GOES-19,Cordillera,Santa Cruz,Bolivia,81,8,28,31,0.0,0.98,,86.7
da988c11-4734-332b-a4b8-3e4c95e6ec5e, -16.414000, -61.830800,2026-07-11 02:10:00,GOES-19,Ñuflo de Chávez,Santa Cruz,Bolivia,78,8,28,14,1.11,0.7,,45.9
29383bc9-14a0-326b-88c2-d156625d0b1d, -16.739600, -60.652800,2026-07-11 02:10:00,GOES-19,José Miguel de Velasco,Santa Cruz,Bolivia,85,8,28,15,5.24,0.31,,45.2
94238360-7cd5-3692-888b-e5b44ed92014, -16.422600, -59.584200,2026-07-11 02:10:00,GOES-19,José Miguel de Velasco,Santa Cruz,Bolivia,85,8,28,16,0.49,0.92,,86.5
30208465-fcca-3012-9694-96c1eace2b1d, -17.726300, -60.036500,2026-07-11 02:10:00,GOES-19,Chiquitos,Santa Cruz,Bolivia,80,8,28,15,4.47,0.38,,50.8
8fb15264-54fe-35b9-a784-f27f45b877b8, -18.636500, -62.810800,2026-07-11 02:10:00,GOES-19,Cordillera,Santa Cruz,Bolivia,81,8,28,31,0.0,0.98,,82.6
7fadf74d-e5ec-3e17-b719-88836c159d70, -18.636500, -62.810800,2026-07-11 02:20:00,GOES-19,Cordillera,Santa Cruz,Bolivia,81,8,28,31,0.0,0.98,,104.0
23fae477-45aa-3828-8e20-dfb219a5ead7, -16.422600, -59.584200,2026-07-11 02:20:00,GOES-19,José Miguel de Velasco,Santa Cruz,Bolivia,85,8,28,16,0.49,0.92,,77.9
4e2c7872-c280-3a35-a141-f821fdca7d1a, -17.497500, -59.556300,2026-07-11 02:20:00,GOES-19,Chiquitos,Santa Cruz,Bolivia,80,8,28,14,3.43,0.53,,33.2
a8f5deb4-25f5-3b3d-b845-60d6ca231bf9, -18.636700, -62.790900,2026-07-11 02:20:00,GOES-19,Cordillera,Santa Cruz,Bolivia,81,8,28,31,0.0,0.98,,90.5
b936d4e9-11b2-3ef9-adfc-5f5fdcf43198, -17.497200, -59.576500,2026-07-11 02:20:00,GOES-19,Chiquitos,Santa Cruz,Bolivia,80,8,28,14,3.63,0.51,,37.2
ffc5fcc4-9799-3088-9026-d14dd5ff4c22, -12.835900, -44.342200,2026-07-11 02:20:00,GOES-19,BAIANÓPOLIS,BAHIA,Brasil,2902500,29,33,48,0.1,0.95,Cerrado,50.1
28e9acec-09e3-31c1-9733-f1896d0539eb, -17.497200, -59.576500,2026-07-11 02:30:00,GOES-19,Chiquitos,Santa Cruz,Bolivia,80,8,28,14,3.63,0.51,,55.5
4feda24d-ebbe-3f80-9194-7b766a52125d, -16.739600, -60.652800,2026-07-11 02:30:00,GOES-19,José Miguel de Velasco,Santa Cruz,Bolivia,85,8,28,15,5.24,0.31,,36.7
5c9b9028-d949-3f1f-a64b-b0a062917ad7,   6.411400, -71.777700,2026-07-11 02:30:00,GOES-19,Tame,Arauca,Colombia,139,3,53,0,7.11,0.0,,47.2
697a0c36-95c1-37e2-b121-e335c51be0bf, -17.497500, -59.556300,2026-07-11 02:30:00,GOES-19,Chiquitos,Santa Cruz,Bolivia,80,8,28,14,3.43,0.53,,50.7
48f4c1a7-69d2-32a9-a721-b4edf58e3570, -16.422600, -59.584200,2026-07-11 02:30:00,GOES-19,José Miguel de Velasco,Santa Cruz,Bolivia,85,8,28,16,0.49,0.92,,86.0
66a246fe-541c-3bd5-913a-45515ffc8af5, -16.422600, -59.584200,2026-07-11 02:40:00,GOES-19,José Miguel de Velasco,Santa Cruz,Bolivia,85,8,28,16,0.49,0.92,,85.0
4cc4c5a8-a038-38d6-9c4f-a01780a7c41d, -18.636700, -62.790900,2026-07-11 02:40:00,GOES-19,Cordillera,Santa Cruz,Bolivia,81,8,28,31,0.0,0.98,,79.3
3ed2431d-d14c-30e4-b4fa-089003b41c23,   6.411400, -71.777700,2026-07-11 02:40:00,GOES-19,Tame,Arauca,Colombia,139,3,53,0,7.11,0.0,,47.7
898eb9d3-3a5b-3eb5-94d6-2d84a7230bc2, -16.739600, -60.652800,2026-07-11 02:40:00,GOES-19,José Miguel de Velasco,Santa Cruz,Bolivia,85,8,28,15,5.24,0.31,,41.4
e018721d-678f-34fa-b48f-28201337573a, -18.636500, -62.810800,2026-07-11 02:40:00,GOES-19,Cordillera,Santa Cruz,Bolivia,81,8,28,31,0.0,0.98,,78.9
917a8d19-06d0-3d20-835b-cb60708f46ee, -16.739600, -60.652800,2026-07-11 02:50:00,GOES-19,José Miguel de Velasco,Santa Cruz,Bolivia,85,8,28,15,5.24,0.31,,41.7
0f1fb8cf-715b-3ebe-aa69-dd169532c7f4, -18.332100, -59.060300,2026-07-11 02:50:00,GOES-19,Chiquitos,Santa Cruz,Bolivia,80,8,28,15,11.5,0.06,,36.1
b1433bac-94b5-3d63-9a5d-d695bbab51e4, -18.636500, -62.810800,2026-07-11 02:50:00,GOES-19,Cordillera,Santa Cruz,Bolivia,81,8,28,31,0.0,0.98,,90.7
0296c3d5-e01c-3204-8890-060ef221d194, -16.422600, -59.584200,2026-07-11 02:50:00,GOES-19,José Miguel de Velasco,Santa Cruz,Bolivia,85,8,28,16,0.49,0.92,,78.8
1c6db7d4-fd1d-30bc-9939-6f20a850df73, -17.726300, -60.036500,2026-07-11 02:50:00,GOES-19,Chiquitos,Santa Cruz,Bolivia,80,8,28,15,4.47,0.38,,53.3
882c05bf-2566-33a7-973d-d015707bfef7, -18.636700, -62.790900,2026-07-11 02:50:00,GOES-19,Cordillera,Santa Cruz,Bolivia,81,8,28,31,0.0,0.98,,79.7
829d3f1f-1e2d-3536-835a-6a1f14edf56a, -17.650100, -62.953100,2026-07-11 03:00:00,GOES-19,Andrés Ibáñez,Santa Cruz,Bolivia,79,8,28,26,0.0,1.0,,38.4
b79f7d83-4035-3a5a-b1cf-70435038dd25, -16.422600, -59.584200,2026-07-11 03:00:00,GOES-19,José Miguel de Velasco,Santa Cruz,Bolivia,85,8,28,16,0.49,0.92,,76.8
df863636-582a-32b1-bbe4-f59d18595c6f, -18.636500, -62.810800,2026-07-11 03:00:00,GOES-19,Cordillera,Santa Cruz,Bolivia,81,8,28,31,0.0,0.98,,86.7
0a58af07-3722-3ba5-b678-465d7d69b765, -18.636700, -62.790900,2026-07-11 03:00:00,GOES-19,Cordillera,Santa Cruz,Bolivia,81,8,28,31,0.0,0.98,,67.2
82a0349a-1bf7-3a2f-8a82-9b172062bcc1, -18.636700, -62.790900,2026-07-11 03:10:00,GOES-19,Cordillera,Santa Cruz,Bolivia,81,8,28,31,0.0,0.98,,81.6
c535d035-44db-33e7-920e-8403593bc7f0, -16.422600, -59.584200,2026-07-11 03:10:00,GOES-19,José Miguel de Velasco,Santa Cruz,Bolivia,85,8,28,16,0.49,0.92,,76.3
a7a89a5e-ccc7-3137-b044-e465a4e671be, -18.636500, -62.810800,2026-07-11 03:10:00,GOES-19,Cordillera,Santa Cruz,Bolivia,81,8,28,31,0.0,0.98,,96.0
16831297-0ef2-31ce-b86d-040bd6ac5d36, -16.422600, -59.584200,2026-07-11 03:20:00,GOES-19,José Miguel de Velasco,Santa Cruz,Bolivia,85,8,28,16,0.49,0.92,,74.3
50dcf633-5600-3a75-ae04-f760f523fa34, -18.636700, -62.790900,2026-07-11 03:20:00,GOES-19,Cordillera,Santa Cruz,Bolivia,81,8,28,31,0.0,0.98,,77.1
056dcd88-a7df-3a73-ab12-b624df42e05b, -18.636500, -62.810800,2026-07-11 03:20:00,GOES-19,Cordillera,Santa Cruz,Bolivia,81,8,28,31,0.0,0.98,,89.7
c8384c51-2a0a-3a2b-a027-1dbca9517a29,  -3.038180, -40.118840,2026-07-11 03:25:00,NOAA-20,ACARAÚ,CEARÁ,Brasil,2300200,23,33,-999,0.0,0.52,Caatinga,1.2
28a2b791-14c7-37fb-bb49-c60363e4deaf,  -3.037480, -40.122970,2026-07-11 03:25:00,NOAA-20,BELA CRUZ,CEARÁ,Brasil,2302305,23,33,-999,0.0,0.66,Caatinga,1.2
ea9b5296-c745-3941-abdd-9b3fd5e9c3db,  -7.016310, -42.779990,2026-07-11 03:28:00,NOAA-20,NAZARÉ DO PIAUÍ,PIAUÍ,Brasil,2206704,22,33,23,0.0,1.0,Caatinga,2.6
114a4e79-10b1-3380-8739-6273130393cc,  -6.075840, -44.008560,2026-07-11 03:28:00,NOAA-20,COLINAS,MARANHÃO,Brasil,2103505,21,33,17,0.0,1.0,Cerrado,2.4
d7b85ee3-d3ed-37fc-89cf-0c0175783f38,  -7.010020, -42.770100,2026-07-11 03:28:00,NOAA-20,NAZARÉ DO PIAUÍ,PIAUÍ,Brasil,2206704,22,33,23,0.0,1.0,Caatinga,2.6
e8cfc5c3-3322-3104-904b-9d0525c1d68b,  -6.083890, -44.004060,2026-07-11 03:28:00,NOAA-20,COLINAS,MARANHÃO,Brasil,2103505,21,33,15,0.0,1.0,Cerrado,4.4
64de1230-0587-3c95-9347-09b929ab7e9e,  -6.085400, -44.004740,2026-07-11 03:28:00,NOAA-20,COLINAS,MARANHÃO,Brasil,2103505,21,33,14,0.0,1.0,Cerrado,3.2
ea1ec58f-30af-340c-826d-1713aefc17dc,  -6.486190, -42.223720,2026-07-11 03:28:00,NOAA-20,VÁRZEA GRANDE,PIAUÍ,Brasil,2211407,22,33,56,0.0,0.99,Caatinga,1.4
cff5dadb-6ba3-361a-8948-9af0229a547f,  -6.499590, -42.220800,2026-07-11 03:28:00,NOAA-20,VÁRZEA GRANDE,PIAUÍ,Brasil,2211407,22,33,56,0.0,0.99,Caatinga,9.8
a40f82f1-3c7b-3c41-aa3b-b6241a930d64,  -6.498850, -42.213410,2026-07-11 03:28:00,NOAA-20,VÁRZEA GRANDE,PIAUÍ,Brasil,2211407,22,33,56,0.0,0.99,Caatinga,15.0
cd628241-a75e-359b-885f-1a6d937df07a,  -9.404190, -37.818160,2026-07-11 03:28:00,NOAA-20,OLHO D'ÁGUA DO CASADO,ALAGOAS,Brasil,2705804,27,33,13,0.0,1.0,Caatinga,2.0
259e62da-4c33-3aa6-bb95-613e81e9a4f6,  -7.015410, -42.776720,2026-07-11 03:28:00,NOAA-20,NAZARÉ DO PIAUÍ,PIAUÍ,Brasil,2206704,22,33,23,0.0,1.0,Caatinga,2.6
12d74dcf-b1a8-3ca6-932d-aa18fb1c7d2a,  -6.485240, -42.229000,2026-07-11 03:28:00,NOAA-20,VÁRZEA GRANDE,PIAUÍ,Brasil,2211407,22,33,56,0.0,0.99,Caatinga,1.4
a2e0bf94-6704-36dd-8672-0f7d3961b4bc,  -7.010960, -42.773380,2026-07-11 03:28:00,NOAA-20,NAZARÉ DO PIAUÍ,PIAUÍ,Brasil,2206704,22,33,23,0.0,1.0,Caatinga,5.5
a935e9b6-7978-3166-9f50-1b1069981343,  -7.015280, -42.785390,2026-07-11 03:28:00,NOAA-20,NAZARÉ DO PIAUÍ,PIAUÍ,Brasil,2206704,22,33,23,0.0,1.0,Caatinga,2.6
859e139b-5aea-315b-8a3d-920a51b7cdd0,  -7.009920, -42.778800,2026-07-11 03:28:00,NOAA-20,NAZARÉ DO PIAUÍ,PIAUÍ,Brasil,2206704,22,33,23,0.0,1.0,Caatinga,2.6
ca0b1144-3457-33bf-8441-7c401a19d68c,  -7.013420, -42.787580,2026-07-11 03:28:00,NOAA-20,NAZARÉ DO PIAUÍ,PIAUÍ,Brasil,2206704,22,33,23,0.0,1.0,Caatinga,2.1
9b950f6b-fe58-35b8-8810-ab97f4e16608,  -6.076900, -44.002900,2026-07-11 03:28:00,NOAA-20,COLINAS,MARANHÃO,Brasil,2103505,21,33,16,0.0,1.0,Cerrado,2.4
2013ba53-0c0c-3201-b763-898fe248866d,  -4.820910, -42.977150,2026-07-11 03:28:00,NOAA-20,CAXIAS,MARANHÃO,Brasil,2103000,21,33,13,0.0,0.65,Cerrado,3.3
db97a8fe-8047-3ae6-9c53-f4eb28c5248f,  -6.497910, -42.218480,2026-07-11 03:28:00,NOAA-20,VÁRZEA GRANDE,PIAUÍ,Brasil,2211407,22,33,56,0.0,0.99,Caatinga,15.0
7770717c-7033-3711-b40e-9543f2961868,  -6.500500, -42.215720,2026-07-11 03:28:00,NOAA-20,VÁRZEA GRANDE,PIAUÍ,Brasil,2211407,22,33,57,0.0,0.99,Caatinga,9.8
ab912616-1305-31df-a356-5b20ede6fb79,  -6.670020, -38.851800,2026-07-11 03:28:00,NOAA-20,LAVRAS DA MANGABEIRA,CEARÁ,Brasil,2307502,23,33,4,0.0,0.56,Caatinga,0.7
a287fcac-7c31-3413-bdba-824b544854df,  -6.726810, -44.372660,2026-07-11 03:28:00,NOAA-20,PASTOS BONS,MARANHÃO,Brasil,2108009,21,33,17,0.0,1.0,Cerrado,3.9
1aed0ad2-3367-3bd3-a597-8e5375659400,  -7.008020, -42.780960,2026-07-11 03:28:00,NOAA-20,NAZARÉ DO PIAUÍ,PIAUÍ,Brasil,2206704,22,33,23,0.0,1.0,Caatinga,2.1
66ec8cac-f1bd-3055-bbe0-8edf7920ae30,  -5.825100, -43.479950,2026-07-11 03:28:00,NOAA-20,PARNARAMA,MARANHÃO,Brasil,2107803,21,33,22,0.0,1.0,Cerrado,2.2
872cf9af-73e2-3ef2-a641-0a2a7b076bfe,  -9.858060, -36.771400,2026-07-11 03:28:00,NOAA-20,GIRAU DO PONCIANO,ALAGOAS,Brasil,2702900,27,33,12,0.0,1.0,Caatinga,1.5
f58db130-174a-3943-9f34-2c736000dd43,  -5.826870, -43.479260,2026-07-11 03:28:00,NOAA-20,PARNARAMA,MARANHÃO,Brasil,2107803,21,33,22,0.0,1.0,Cerrado,3.2
7c84f2d5-ea4e-319e-9926-004fc60d9a11,  -5.133210, -37.568760,2026-07-11 03:28:00,NOAA-20,BARAÚNA,RIO GRANDE DO NORTE,Brasil,2401453,24,33,7,0.0,0.72,Caatinga,3.6
f4b7bd6a-677c-349e-9568-36dcff21ce00,  -7.014420, -42.782140,2026-07-11 03:28:00,NOAA-20,NAZARÉ DO PIAUÍ,PIAUÍ,Brasil,2206704,22,33,23,0.0,1.0,Caatinga,2.1
7827f5bb-4ab3-33af-82e4-c2c0087bb52d,  -9.586860, -35.693160,2026-07-11 03:28:00,NOAA-20,MACEIÓ,ALAGOAS,Brasil,2704302,27,33,-999,0.0,0.71,Mata Atlântica,1.0
6da25dbe-dcb8-399a-9991-bfa5d469412a,  -5.823980, -43.486130,2026-07-11 03:28:00,NOAA-20,PARNARAMA,MARANHÃO,Brasil,2107803,21,33,21,0.0,1.0,Cerrado,2.2
4ca7f376-e888-3e6f-aba0-be8b22542775,  -7.009020, -42.775530,2026-07-11 03:28:00,NOAA-20,NAZARÉ DO PIAUÍ,PIAUÍ,Brasil,2206704,22,33,23,0.0,1.0,Caatinga,2.6
f0cefd5f-3c87-3a0f-9360-35db469ee512,  -9.399740, -37.817340,2026-07-11 03:28:00,NOAA-20,OLHO D'ÁGUA DO CASADO,ALAGOAS,Brasil,2705804,27,33,13,0.0,1.0,Caatinga,1.0
0d0fb7db-d23b-3edd-9331-ca872e8083d0,  -6.491660, -42.217470,2026-07-11 03:28:00,NOAA-20,VÁRZEA GRANDE,PIAUÍ,Brasil,2211407,22,33,56,0.0,0.99,Caatinga,4.0
3114bfb0-8e2b-3d42-bfa0-002bcba30f8d,  -6.493350, -42.219690,2026-07-11 03:28:00,NOAA-20,VÁRZEA GRANDE,PIAUÍ,Brasil,2211407,22,33,56,0.0,0.99,Caatinga,9.8
d1583b01-a376-38f3-8e35-90e8f186582f,  -6.077350, -44.009360,2026-07-11 03:28:00,NOAA-20,COLINAS,MARANHÃO,Brasil,2103505,21,33,16,0.0,1.0,Cerrado,5.5
75771192-9a15-390c-9e5f-7509f0078cbd,  -6.496950, -42.223640,2026-07-11 03:28:00,NOAA-20,VÁRZEA GRANDE,PIAUÍ,Brasil,2211407,22,33,56,0.0,0.99,Caatinga,18.9
34806601-c32d-3e9e-9f5b-49e7ba9055f4,  -6.670510, -38.848920,2026-07-11 03:28:00,NOAA-20,LAVRAS DA MANGABEIRA,CEARÁ,Brasil,2307502,23,33,4,0.0,0.55,Caatinga,0.7
150d01fa-5e19-307e-a3b9-0bc291734e83,  -6.490720, -42.222500,2026-07-11 03:28:00,NOAA-20,VÁRZEA GRANDE,PIAUÍ,Brasil,2211407,22,33,56,0.0,0.99,Caatinga,2.8
2c7511f8-1fcf-3880-812d-7af97031e46a,  -7.629640, -37.802280,2026-07-11 03:28:00,NOAA-20,QUIXABA,PERNAMBUCO,Brasil,2611533,26,33,8,0.0,0.86,Caatinga,1.0
df396afb-7d6b-3de5-b9b0-e6371d41d0e9,  -6.487100, -42.218680,2026-07-11 03:28:00,NOAA-20,VÁRZEA GRANDE,PIAUÍ,Brasil,2211407,22,33,56,0.0,0.99,Caatinga,1.8
81365810-7e93-3231-acfa-d7d0d4e3b4c4,  -6.492410, -42.224930,2026-07-11 03:28:00,NOAA-20,VÁRZEA GRANDE,PIAUÍ,Brasil,2211407,22,33,56,0.0,0.99,Caatinga,14.0
9b25daa3-ebe0-34d8-afac-87eb7a2a141c,  -5.825710, -43.485410,2026-07-11 03:28:00,NOAA-20,PARNARAMA,MARANHÃO,Brasil,2107803,21,33,22,0.0,1.0,Cerrado,3.1
fb7a9e41-1271-3454-a97e-f4c7a05e4c65,  -6.483530, -42.226450,2026-07-11 03:28:00,NOAA-20,VÁRZEA GRANDE,PIAUÍ,Brasil,2211407,22,33,56,0.0,0.99,Caatinga,2.8
1ad06062-e250-3c95-8ebc-673677e9539c,  -6.078390, -44.003660,2026-07-11 03:28:00,NOAA-20,COLINAS,MARANHÃO,Brasil,2103505,21,33,16,0.0,1.0,Cerrado,3.2
3b8e03f3-f251-3778-afd0-674e357ecd8d,  -6.494250, -42.214650,2026-07-11 03:28:00,NOAA-20,VÁRZEA GRANDE,PIAUÍ,Brasil,2211407,22,33,56,0.0,0.99,Caatinga,9.8
e1678faa-39ac-34e0-9a4c-97db3719559d, -17.497200, -59.576500,2026-07-11 03:30:00,GOES-19,Chiquitos,Santa Cruz,Bolivia,80,8,28,14,3.63,0.51,,53.5
cb7802f6-2920-3913-b6ba-ff8b40d429d1, -16.422600, -59.584200,2026-07-11 03:30:00,GOES-19,José Miguel de Velasco,Santa Cruz,Bolivia,85,8,28,16,0.49,0.92,,82.1
fd3709f8-4563-3ccb-b19c-397b5976e866, -16.739600, -60.652800,2026-07-11 03:30:00,GOES-19,José Miguel de Velasco,Santa Cruz,Bolivia,85,8,28,15,5.24,0.31,,60.3
dcb26cfa-813b-3547-b177-be829475ba6e, -17.497500, -59.556300,2026-07-11 03:30:00,GOES-19,Chiquitos,Santa Cruz,Bolivia,80,8,28,14,3.43,0.53,,51.7
821b4b8e-e47c-3088-b050-af0246ab2328, -18.636700, -62.790900,2026-07-11 03:30:00,GOES-19,Cordillera,Santa Cruz,Bolivia,81,8,28,31,0.0,0.98,,64.1
ffc03c9e-2e68-3ae4-94f7-1486414907ba, -18.636500, -62.810800,2026-07-11 03:30:00,GOES-19,Cordillera,Santa Cruz,Bolivia,81,8,28,31,0.0,0.98,,80.1
e900582b-3299-38cd-b669-79234c80591e, -12.820210, -44.338760,2026-07-11 03:30:00,NOAA-20,BAIANÓPOLIS,BAHIA,Brasil,2902500,29,33,48,0.0,0.95,Cerrado,5.4
6added38-8679-3e15-a62a-7b12d10075b5, -12.821320, -44.333420,2026-07-11 03:30:00,NOAA-20,BAIANÓPOLIS,BAHIA,Brasil,2902500,29,33,48,0.0,0.95,Cerrado,5.4
2eaa2d73-c1b7-3ed1-bc88-511367641c52, -13.255870, -45.115520,2026-07-11 03:30:00,NOAA-20,CORRENTINA,BAHIA,Brasil,2909307,29,33,49,0.0,1.0,Cerrado,1.5
b444b9bc-42ca-3eb8-ba27-9b461ebe7409, -12.849800, -44.363180,2026-07-11 03:30:00,NOAA-20,BAIANÓPOLIS,BAHIA,Brasil,2902500,29,33,49,0.1,0.95,Cerrado,13.5
307d9d4b-f72c-39b2-a3f4-a804007201a3, -13.435980, -43.844280,2026-07-11 03:30:00,NOAA-20,SERRA DO RAMALHO,BAHIA,Brasil,2930154,29,33,48,0.15,1.0,Cerrado,4.2
49a3c8b1-aff8-3bf4-99ff-05cc4aed51fc, -13.315780, -40.466400,2026-07-11 03:30:00,NOAA-20,MARACÁS,BAHIA,Brasil,2920502,29,33,20,2.45,1.0,Mata Atlântica,2.4
6b88b084-5a7f-3d79-9a8e-d1ba54c5ab94, -12.825450, -44.345520,2026-07-11 03:30:00,NOAA-20,BAIANÓPOLIS,BAHIA,Brasil,2902500,29,33,48,0.0,0.95,Cerrado,11.3
d3a6531a-4664-33b2-9526-c3ecde688ea6, -13.250570, -45.108090,2026-07-11 03:30:00,NOAA-20,CORRENTINA,BAHIA,Brasil,2909307,29,33,49,0.0,1.0,Cerrado,2.2
a1096291-a225-33d4-a269-64eeb0d20208, -13.316840, -40.460740,2026-07-11 03:30:00,NOAA-20,MARACÁS,BAHIA,Brasil,2920502,29,33,19,2.54,1.0,Mata Atlântica,2.4
fe0313b9-4081-36e7-81aa-e66c56e21ad5, -13.253460, -45.106310,2026-07-11 03:30:00,NOAA-20,CORRENTINA,BAHIA,Brasil,2909307,29,33,49,0.0,1.0,Cerrado,5.7
6a9c9030-3013-32d9-996c-ffbb0fc85449, -13.317590, -40.461280,2026-07-11 03:30:00,NOAA-20,MARACÁS,BAHIA,Brasil,2920502,29,33,19,2.56,1.0,Mata Atlântica,2.8
dedf764a-5a6d-39a2-8df3-0ae673aa4b0f, -12.827800, -44.341650,2026-07-11 03:30:00,NOAA-20,BAIANÓPOLIS,BAHIA,Brasil,2902500,29,33,48,0.03,0.95,Cerrado,3.9
5d4481fd-6b7e-3c65-ab0e-b2a3f139aa25, -13.252210, -45.112320,2026-07-11 03:30:00,NOAA-20,CORRENTINA,BAHIA,Brasil,2909307,29,33,49,0.0,1.0,Cerrado,4.6
aa6e78ed-3a54-3321-ae40-99b54b45dfb4, -13.249280, -45.114070,2026-07-11 03:30:00,NOAA-20,CORRENTINA,BAHIA,Brasil,2909307,29,33,49,0.0,1.0,Cerrado,2.2
048b1159-5f5f-3ffc-a7d6-3fb9da37207e, -13.258450, -45.103490,2026-07-11 03:30:00,NOAA-20,CORRENTINA,BAHIA,Brasil,2909307,29,33,49,0.0,1.0,Cerrado,1.4
47bbfb33-e25a-3279-9e1e-b44d0897a565, -12.826660, -44.347020,2026-07-11 03:30:00,NOAA-20,BAIANÓPOLIS,BAHIA,Brasil,2902500,29,33,48,0.02,0.95,Cerrado,3.9
29b0306c-aabb-3c1b-bfea-d12326a93cd1, -12.848660, -44.368550,2026-07-11 03:30:00,NOAA-20,BAIANÓPOLIS,BAHIA,Brasil,2902500,29,33,48,0.1,0.95,Cerrado,8.5
17f5ef05-5ed7-3bf8-8651-de1151a2d0ce, -12.826560, -44.340160,2026-07-11 03:30:00,NOAA-20,BAIANÓPOLIS,BAHIA,Brasil,2902500,29,33,48,0.02,0.95,Cerrado,14.7
c93eab66-6b7e-3f89-a7b9-7770120339a7, -12.843450, -44.361780,2026-07-11 03:30:00,NOAA-20,BAIANÓPOLIS,BAHIA,Brasil,2902500,29,33,49,0.1,0.95,Cerrado,3.2
ef46def4-8a3e-3ba0-b1de-0884005934be, -13.257180, -45.109440,2026-07-11 03:30:00,NOAA-20,CORRENTINA,BAHIA,Brasil,2909307,29,33,49,0.0,1.0,Cerrado,1.5
1a5f5dba-4345-39a3-8c95-511904e232cb, -12.847550, -44.367190,2026-07-11 03:30:00,NOAA-20,BAIANÓPOLIS,BAHIA,Brasil,2902500,29,33,49,0.1,0.95,Cerrado,10.8
8f180e4f-4c08-35fc-8d08-ae875361d2cc, -13.251830, -45.102240,2026-07-11 03:30:00,NOAA-20,CORRENTINA,BAHIA,Brasil,2909307,29,33,49,0.0,1.0,Cerrado,2.7
6b626395-2835-3845-aff8-ba801167ba95, -12.848650, -44.361810,2026-07-11 03:30:00,NOAA-20,BAIANÓPOLIS,BAHIA,Brasil,2902500,29,33,49,0.1,0.95,Cerrado,10.8
0c5dcbe7-4532-3a29-b2e6-cf8d8549d619, -12.844590, -44.356410,2026-07-11 03:30:00,NOAA-20,BAIANÓPOLIS,BAHIA,Brasil,2902500,29,33,48,0.1,0.95,Cerrado,3.2
de036387-63c6-3fdb-80dd-bec6b311401a, -18.023250, -41.827750,2026-07-11 03:32:00,NOAA-20,ITAMBACURI,MINAS GERAIS,Brasil,3132701,31,33,28,0.0,0.95,Mata Atlântica,1.6
d5fd39c0-d494-3558-9b71-6908868ec7b7, -22.920130, -49.203990,2026-07-11 03:32:00,NOAA-20,ÁGUAS DE SANTA BÁRBARA,SÃO PAULO,Brasil,3500550,35,33,15,0.0,1.0,Cerrado,2.6
0000949f-f97d-3712-ae93-4d8bc934edbc, -17.492420, -42.460220,2026-07-11 03:32:00,NOAA-20,MINAS NOVAS,MINAS GERAIS,Brasil,3141801,31,33,28,0.0,1.0,Cerrado,0.7
9c5ac514-5e03-3168-9f7f-a337c172063b, -17.829060, -41.964020,2026-07-11 03:32:00,NOAA-20,MALACACHETA,MINAS GERAIS,Brasil,3139201,31,33,28,0.0,0.91,Mata Atlântica,1.6
36116d21-af3b-3eaa-ba77-6ff7393f64eb, -19.836090, -40.276500,2026-07-11 03:32:00,NOAA-20,ARACRUZ,ESPÍRITO SANTO,Brasil,3200607,32,33,14,0.0,-999.0,Mata Atlântica,0.9
47485657-8829-38a7-a11f-0e9f8ffe1092, -18.022010, -41.833690,2026-07-11 03:32:00,NOAA-20,FRANCISCÓPOLIS,MINAS GERAIS,Brasil,3126752,31,33,28,0.0,0.94,Mata Atlântica,1.6
29a3c619-eabc-3a92-835c-a989f8193d73, -21.425580, -47.064350,2026-07-11 03:32:00,NOAA-20,MOCOCA,SÃO PAULO,Brasil,3530508,35,33,15,0.0,0.85,Cerrado,2.3
92574c22-b4f4-3b79-9dc4-d97035cd3845, -18.021870, -41.831810,2026-07-11 03:32:00,NOAA-20,ITAMBACURI,MINAS GERAIS,Brasil,3132701,31,33,28,0.0,0.94,Mata Atlântica,3.0
931e1a2f-a649-39d0-bce1-a8a744eefa3f, -20.559980, -43.263800,2026-07-11 03:32:00,NOAA-20,PIRANGA,MINAS GERAIS,Brasil,3150802,31,33,20,0.0,0.85,Mata Atlântica,0.9
8a582a25-7630-3a00-9259-3bfb059c24f8, -22.911340, -49.209550,2026-07-11 03:32:00,NOAA-20,ÁGUAS DE SANTA BÁRBARA,SÃO PAULO,Brasil,3500550,35,33,15,0.0,1.0,Cerrado,3.8
7e2f657d-e3fb-3ec0-9884-1c1df7d932e9, -20.559160, -43.262560,2026-07-11 03:32:00,NOAA-20,PIRANGA,MINAS GERAIS,Brasil,3150802,31,33,20,0.0,0.85,Mata Atlântica,1.1
115a549f-3f0c-3bf4-954c-fe9aecbd8553, -17.829660, -41.961090,2026-07-11 03:32:00,NOAA-20,MALACACHETA,MINAS GERAIS,Brasil,3139201,31,33,28,0.0,0.91,Mata Atlântica,1.6
1d71f6d6-1bb7-36b3-835d-679d7b8de194, -23.819610, -48.707550,2026-07-11 03:34:00,NOAA-20,BURI,SÃO PAULO,Brasil,3508009,35,33,14,9.35,0.04,Cerrado,1.5
0c854c75-2292-3f1d-bced-40b1dd35f252, -16.422600, -59.584200,2026-07-11 03:40:00,GOES-19,José Miguel de Velasco,Santa Cruz,Bolivia,85,8,28,16,0.49,0.92,,75.4
c305d9bb-536b-3019-bc3b-1696249cba86, -18.636500, -62.810800,2026-07-11 03:40:00,GOES-19,Cordillera,Santa Cruz,Bolivia,81,8,28,31,0.0,0.98,,63.3
c7c46c56-0423-3b98-a868-ae64b20ae0c0,  -6.497300, -42.214200,2026-07-11 03:50:00,GOES-19,VÁRZEA GRANDE,PIAUÍ,Brasil,2211407,22,33,56,0.0,0.99,Caatinga,51.5
db5e1973-8c94-33ea-a5cb-399e8b71ef8f, -16.422600, -59.584200,2026-07-11 03:50:00,GOES-19,José Miguel de Velasco,Santa Cruz,Bolivia,85,8,28,16,0.49,0.92,,63.8
c916c8d9-e1b4-3e44-8c05-2b28d0feb442, -18.636500, -62.810800,2026-07-11 03:50:00,GOES-19,Cordillera,Santa Cruz,Bolivia,81,8,28,31,0.0,0.98,,65.2
006edb49-72d4-385e-b245-6962acd76f68, -18.636700, -62.790900,2026-07-11 03:50:00,GOES-19,Cordillera,Santa Cruz,Bolivia,81,8,28,31,0.0,0.98,,65.2
4e60ec02-6006-3328-8770-237ea344f66c,  -3.041190, -40.121080,2026-07-11 04:12:00,NOAA-21,BELA CRUZ,CEARÁ,Brasil,2302305,23,33,-999,0.0,0.78,Caatinga,1.4
3628a3da-6e8c-3e9b-9309-b3d937dba0f4,  -5.135760, -37.567490,2026-07-11 04:14:00,NOAA-21,BARAÚNA,RIO GRANDE DO NORTE,Brasil,2401453,24,33,7,0.0,0.72,Caatinga,2.5
090e36f2-e724-3822-b103-c3bbccca3da2,  -9.299970, -40.239890,2026-07-11 04:14:00,NOAA-21,JUAZEIRO,BAHIA,Brasil,2918407,29,33,43,0.0,1.0,Caatinga,0.7
f88aafbd-6981-3aae-9b3e-718fc04f340b,  -3.679770, -45.838140,2026-07-11 04:14:00,NOAA-21,ALTO ALEGRE DO PINDARÉ,MARANHÃO,Brasil,2100477,21,33,2,0.0,1.0,Amazônia,1.0
cbc129ac-869d-30ec-b4af-20f30e453491,  -3.407830, -39.166160,2026-07-11 04:14:00,NOAA-21,PARAIPABA,CEARÁ,Brasil,2310258,23,33,2,0.0,0.27,Caatinga,1.0
d7570c85-4dec-3fd8-98ba-f3a0336f1cbd,  -7.009440, -42.771050,2026-07-11 04:14:00,NOAA-21,NAZARÉ DO PIAUÍ,PIAUÍ,Brasil,2206704,22,33,23,0.0,1.0,Caatinga,2.2
8fc25e22-b390-32e6-9b8b-e2b7766a045f,  -5.417670, -45.292790,2026-07-11 04:14:00,NOAA-21,BARRA DO CORDA,MARANHÃO,Brasil,2101608,21,33,14,0.0,0.76,Cerrado,4.8
c13989a1-4c32-3747-9299-76007c19f5aa,  -5.117230, -43.752260,2026-07-11 04:14:00,NOAA-21,SÃO JOÃO DO SOTER,MARANHÃO,Brasil,2111078,21,33,19,0.0,0.5,Cerrado,1.0
66c2af54-a4b1-3962-bd62-8bfc51e4fd8f,  -7.631140, -37.803350,2026-07-11 04:14:00,NOAA-21,QUIXABA,PERNAMBUCO,Brasil,2611533,26,33,7,0.0,0.88,Caatinga,1.2
060981ee-9eac-33e3-b7dc-37eba366341c,  -3.407200, -39.170330,2026-07-11 04:14:00,NOAA-21,PARAIPABA,CEARÁ,Brasil,2310258,23,33,2,0.0,0.27,Caatinga,1.0
48f77e69-6625-3c1c-ab79-f9c78a5cc48b,  -2.019430, -47.571620,2026-07-11 04:14:00,NOAA-21,MÃE DO RIO,PARÁ,Brasil,1504059,15,33,0,1.71,0.54,Amazônia,3.8
0418d96a-110b-3076-859c-055c49148bb4,  -6.076840, -44.011910,2026-07-11 04:14:00,NOAA-21,COLINAS,MARANHÃO,Brasil,2103505,21,33,16,0.0,1.0,Cerrado,0.6
fe1ef741-7a99-3a98-a8f6-d8625da2f1da,  -5.564480, -43.829930,2026-07-11 04:14:00,NOAA-21,BURITI BRAVO,MARANHÃO,Brasil,2102309,21,33,14,0.0,0.74,Cerrado,1.6
4cccb992-b53d-378a-b8d4-dfd108eaf6c2,  -5.830400, -43.479510,2026-07-11 04:14:00,NOAA-21,PARNARAMA,MARANHÃO,Brasil,2107803,21,33,22,0.0,1.0,Cerrado,6.0
82643b9d-6b89-33cb-ae38-77b40ec814dd,  -7.012750, -42.771560,2026-07-11 04:14:00,NOAA-21,NAZARÉ DO PIAUÍ,PIAUÍ,Brasil,2206704,22,33,23,0.0,1.0,Caatinga,2.6
cf8ae6bb-e13d-3a18-bb27-b84d5caf6291,  -5.442110, -44.674220,2026-07-11 04:14:00,NOAA-21,SANTA FILOMENA DO MARANHÃO,MARANHÃO,Brasil,2109759,21,33,22,0.0,1.0,Cerrado,1.5
6428ceb0-5373-31a2-a7dd-88617ca17444,  -4.614640, -49.054550,2026-07-11 04:14:00,NOAA-21,JACUNDÁ,PARÁ,Brasil,1503804,15,33,3,0.0,1.0,Amazônia,2.7
0bce56e6-4732-357e-9df1-5b1c355fa556,  -5.565030, -43.826400,2026-07-11 04:14:00,NOAA-21,BURITI BRAVO,MARANHÃO,Brasil,2102309,21,33,14,0.0,0.83,Cerrado,2.5
cffc9478-6859-33ec-b090-a78609819320,  -7.012210, -42.775020,2026-07-11 04:14:00,NOAA-21,NAZARÉ DO PIAUÍ,PIAUÍ,Brasil,2206704,22,33,23,0.0,1.0,Caatinga,3.4
7768785c-e6f7-36b1-9b21-ad8816fdf310,  -7.304050, -46.289420,2026-07-11 04:14:00,NOAA-21,NOVA COLINAS,MARANHÃO,Brasil,2107258,21,33,49,0.0,1.0,Cerrado,1.0
f7a8ba90-29db-34c2-ac89-e120cca8359a,  -8.351310, -45.398740,2026-07-11 04:14:00,NOAA-21,RIBEIRO GONÇALVES,PIAUÍ,Brasil,2208908,22,33,76,0.0,1.0,Cerrado,2.2
8753a981-e001-3421-8b61-af1a497f8448,  -7.011670, -42.778470,2026-07-11 04:14:00,NOAA-21,NAZARÉ DO PIAUÍ,PIAUÍ,Brasil,2206704,22,33,23,0.0,1.0,Caatinga,3.4
d5579e62-62fb-3445-b02b-5285235f8376,  -5.421150, -45.293360,2026-07-11 04:14:00,NOAA-21,BARRA DO CORDA,MARANHÃO,Brasil,2101608,21,33,14,0.0,0.82,Cerrado,4.8
0b63e360-1d31-3026-a955-c85dccc3dd6a,  -7.485170, -49.434400,2026-07-11 04:14:00,NOAA-21,FLORESTA DO ARAGUAIA,PARÁ,Brasil,1503044,15,33,14,0.0,1.0,Amazônia,2.4
d6b69846-d36f-3fe8-9ac7-f089bb23ab63,  -6.080720, -44.008950,2026-07-11 04:14:00,NOAA-21,COLINAS,MARANHÃO,Brasil,2103505,21,33,15,0.0,1.0,Cerrado,1.8
52f6695d-0ac1-35ff-aeee-3721caf738cd,  -8.506470, -48.063240,2026-07-11 04:14:00,NOAA-21,ITAPIRATINS,TOCANTINS,Brasil,1710904,17,33,23,0.0,1.0,Cerrado,3.3
618d4c9e-e176-376d-ab39-5ab48a260816,  -5.295440, -45.309650,2026-07-11 04:14:00,NOAA-21,BARRA DO CORDA,MARANHÃO,Brasil,2101608,21,33,14,0.0,0.67,Cerrado,1.6
10304966-0ca5-3dc5-b729-c176d329b47f,  -4.343230, -47.762660,2026-07-11 04:14:00,NOAA-21,DOM ELISEU,PARÁ,Brasil,1502939,15,33,14,0.0,0.89,Amazônia,9.8
e5b82198-34e5-3464-a6fe-eec1236dc04e,  -7.013080, -45.418650,2026-07-11 04:14:00,NOAA-21,SÃO RAIMUNDO DAS MANGABEIRAS,MARANHÃO,Brasil,2111607,21,33,48,0.0,1.0,Cerrado,3.0
036eb4b8-e58a-3801-96f7-38bbdb200aa6,  -3.981570, -48.430790,2026-07-11 04:14:00,NOAA-21,GOIANÉSIA DO PARÁ,PARÁ,Brasil,1503093,15,33,4,0.0,0.75,Amazônia,8.6
d797744a-54b5-3c10-8581-af89d7ae2114,  -6.728020, -44.369030,2026-07-11 04:14:00,NOAA-21,PASTOS BONS,MARANHÃO,Brasil,2108009,21,33,17,0.0,1.0,Cerrado,4.5
7eeb6d0b-6263-3d01-8e74-43b181f4eee7,  -4.342060, -47.769830,2026-07-11 04:14:00,NOAA-21,DOM ELISEU,PARÁ,Brasil,1502939,15,33,14,0.0,0.66,Amazônia,5.2
f7d9fc06-ac6e-35e8-ba25-a0524d0439c4,  -5.131220, -42.881610,2026-07-11 04:14:00,NOAA-21,TIMON,MARANHÃO,Brasil,2112209,21,33,13,0.0,1.0,Cerrado,1.2
20573b3f-58bb-3dd2-921a-a41ac5d8d0be,  -7.014440, -42.782440,2026-07-11 04:14:00,NOAA-21,NAZARÉ DO PIAUÍ,PIAUÍ,Brasil,2206704,22,33,23,0.0,1.0,Caatinga,2.7
8e2d3aad-414d-34f5-9985-5b65c263553d,  -9.214220, -47.928920,2026-07-11 04:14:00,NOAA-21,PEDRO AFONSO,TOCANTINS,Brasil,1716505,17,33,40,0.0,1.0,Cerrado,2.7
6ac255c3-afdf-3d8b-9c76-38dbd1c27917,  -5.438700, -44.673680,2026-07-11 04:14:00,NOAA-21,SANTA FILOMENA DO MARANHÃO,MARANHÃO,Brasil,2109759,21,33,22,0.0,1.0,Cerrado,2.6
dd25c8f9-47c2-37e1-9f0e-b32037b0752b,  -1.874700, -54.682140,2026-07-11 04:14:00,NOAA-21,ALENQUER,PARÁ,Brasil,1500404,15,33,5,0.0,0.83,Amazônia,2.6
83a30d5b-698d-3cf4-a70f-642fe7b34034,  -4.832520, -42.897720,2026-07-11 04:14:00,NOAA-21,UNIÃO,PIAUÍ,Brasil,2211100,22,33,13,0.0,1.0,Cerrado,4.7
a6a57bf0-2e77-376d-a291-90e08340f41b,  -1.881360, -54.683240,2026-07-11 04:14:00,NOAA-21,ALENQUER,PARÁ,Brasil,1500404,15,33,5,0.0,0.74,Amazônia,2.6
f4b9a0bc-b74d-334b-99f5-2af0679269f8,  -4.369510, -43.789900,2026-07-11 04:14:00,NOAA-21,CODÓ,MARANHÃO,Brasil,2103307,21,33,8,0.0,0.49,Cerrado,0.7
75a7c7d3-6183-3818-8d4f-7d0cf3a366d7,  -8.110410, -47.092010,2026-07-11 04:14:00,NOAA-21,GOIATINS,TOCANTINS,Brasil,1709005,17,33,17,0.0,1.0,Cerrado,0.5
130422f0-6814-3772-821b-a73c6db0398b,  -8.502580, -48.062610,2026-07-11 04:14:00,NOAA-21,ITAPIRATINS,TOCANTINS,Brasil,1710904,17,33,23,0.0,1.0,Cerrado,3.3
cb3b582e-398c-3e85-b5f9-3c51273b5824,  -6.184000, -43.677560,2026-07-11 04:14:00,NOAA-21,PASSAGEM FRANCA,MARANHÃO,Brasil,2107902,21,33,23,0.0,1.0,Cerrado,1.1
21a9ef86-2831-30e9-a5b0-1c21d8a4fd10,  -6.081810, -44.001970,2026-07-11 04:14:00,NOAA-21,COLINAS,MARANHÃO,Brasil,2103505,21,33,15,0.0,1.0,Cerrado,2.3
ab371fca-d919-3984-99de-f0e0404e741d,  -4.346710, -47.766870,2026-07-11 04:14:00,NOAA-21,DOM ELISEU,PARÁ,Brasil,1502939,15,33,14,0.0,0.72,Amazônia,9.8
62ca6abb-7e24-3aba-8d8b-06966a366fe4,  -8.831830, -48.331500,2026-07-11 04:14:00,NOAA-21,GUARAÍ,TOCANTINS,Brasil,1709302,17,33,23,0.0,1.0,Cerrado,1.4
41929715-1acc-35a5-875c-8db7b1977040,  -5.938060, -46.353570,2026-07-11 04:14:00,NOAA-21,GRAJAÚ,MARANHÃO,Brasil,2104800,21,33,2,0.0,1.0,Cerrado,2.1
f2fe4711-259d-35a9-b8cf-283f02792f22,  -7.014980, -42.778990,2026-07-11 04:14:00,NOAA-21,NAZARÉ DO PIAUÍ,PIAUÍ,Brasil,2206704,22,33,23,0.0,1.0,Caatinga,3.4
69503604-9813-3a80-a880-cd235af1998f,  -8.901360, -48.325390,2026-07-11 04:14:00,NOAA-21,TUPIRAMA,TOCANTINS,Brasil,1721257,17,33,23,0.0,1.0,Cerrado,4.3
1a0ee5a8-2584-3ad6-bb8b-fe2b285b731f,  -5.829850, -43.482970,2026-07-11 04:14:00,NOAA-21,PARNARAMA,MARANHÃO,Brasil,2107803,21,33,22,0.0,1.0,Cerrado,6.0
5821723c-9030-3d3d-bab6-3bb22864344b,  -8.982490, -42.701070,2026-07-11 04:14:00,NOAA-21,SÃO RAIMUNDO NONATO,PIAUÍ,Brasil,2210607,22,33,62,0.0,1.0,Caatinga,0.7
a2286bf6-e46b-3735-8eb8-c95b1c1747ae,  -1.877330, -54.684120,2026-07-11 04:14:00,NOAA-21,ALENQUER,PARÁ,Brasil,1500404,15,33,5,0.0,0.67,Amazônia,5.4
4e1a7818-43c8-3a44-b4e8-d82255e79490,  -5.726580, -44.501480,2026-07-11 04:14:00,NOAA-21,TUNTUM,MARANHÃO,Brasil,2112308,21,33,14,0.0,0.73,Cerrado,0.7
79ed6162-fe09-3875-af44-a0bc5c6f826a,  -6.726870, -44.376210,2026-07-11 04:14:00,NOAA-21,PASTOS BONS,MARANHÃO,Brasil,2108009,21,33,17,0.0,1.0,Cerrado,1.0
60618bac-06f4-3277-82cb-7bd3d496b802,  -5.673620, -43.568170,2026-07-11 04:14:00,NOAA-21,PARNARAMA,MARANHÃO,Brasil,2107803,21,33,13,0.0,1.0,Cerrado,0.6
2f05eee7-8752-355d-b3a9-97bed89af711,  -6.092000, -44.809960,2026-07-11 04:14:00,NOAA-21,FERNANDO FALCÃO,MARANHÃO,Brasil,2104081,21,33,12,0.0,1.0,Cerrado,1.2
a46a7670-baaa-343f-b9f5-423a6209af34,  -4.833050, -42.894280,2026-07-11 04:14:00,NOAA-21,UNIÃO,PIAUÍ,Brasil,2211100,22,33,13,0.0,1.0,Cerrado,0.7
9a421e9e-952c-3103-8558-8f22775a1119,  -8.107010, -47.096890,2026-07-11 04:14:00,NOAA-21,GOIATINS,TOCANTINS,Brasil,1709005,17,33,16,0.0,1.0,Cerrado,1.4
aad9fcd5-da01-3689-b293-da296e6f50cd,  -8.351910, -45.394950,2026-07-11 04:14:00,NOAA-21,RIBEIRO GONÇALVES,PIAUÍ,Brasil,2208908,22,33,77,0.0,1.0,Cerrado,2.2
8f14a74d-0755-324d-bd64-27053c8be948,  -4.820160, -42.976830,2026-07-11 04:14:00,NOAA-21,CAXIAS,MARANHÃO,Brasil,2103000,21,33,13,0.0,0.65,Cerrado,4.5
ae6133b8-fa82-3b3f-b5d7-097231a424a3,  -8.723540, -47.842940,2026-07-11 04:14:00,NOAA-21,ITACAJÁ,TOCANTINS,Brasil,1710508,17,33,23,0.0,1.0,Cerrado,8.6
6e290f47-8272-375d-b159-3646171765ba,  -5.522430, -37.485440,2026-07-11 04:14:00,NOAA-21,GOVERNADOR DIX-SEPT ROSADO,RIO GRANDE DO NORTE,Brasil,2404309,24,33,3,0.0,0.75,Caatinga,1.0
b02a68df-1e06-3722-9fe5-d2f7ec139bc3,  -6.084600, -44.005970,2026-07-11 04:14:00,NOAA-21,COLINAS,MARANHÃO,Brasil,2103505,21,33,15,0.0,1.0,Cerrado,1.3
990d6bdc-32a9-34e1-80aa-83b549b63030,  -6.085150, -44.002480,2026-07-11 04:14:00,NOAA-21,COLINAS,MARANHÃO,Brasil,2103505,21,33,14,0.0,1.0,Cerrado,3.7
774cb663-4dc2-3ecb-8f17-ba6efc15951d,  -2.806070, -48.593250,2026-07-11 04:14:00,NOAA-21,TAILÂNDIA,PARÁ,Brasil,1507953,15,33,5,0.0,0.65,Amazônia,1.3
5150c98f-79b4-3b24-a968-f759ada5ba46,  -6.727440, -44.372620,2026-07-11 04:14:00,NOAA-21,PASTOS BONS,MARANHÃO,Brasil,2108009,21,33,17,0.0,1.0,Cerrado,4.5
d7a4c2b2-428c-348c-83f2-6e09425655d4,  -7.091040, -41.419640,2026-07-11 04:14:00,NOAA-21,PICOS,PIAUÍ,Brasil,2208007,22,33,56,0.0,1.0,Caatinga,1.1
ef68ebdd-139d-384a-bbb3-9adefd88d295,  -6.500870, -42.211120,2026-07-11 04:14:00,NOAA-21,VÁRZEA GRANDE,PIAUÍ,Brasil,2211407,22,33,57,0.0,0.99,Caatinga,0.9
f763db4a-2b51-34f7-afa9-03277ccaa261,  -6.671090, -38.849800,2026-07-11 04:14:00,NOAA-21,LAVRAS DA MANGABEIRA,CEARÁ,Brasil,2307502,23,33,4,0.0,0.51,Caatinga,1.7
9a385e87-46ed-35bb-b8b9-a10f5ae024cf,  -9.401000, -37.815920,2026-07-11 04:14:00,NOAA-21,OLHO D'ÁGUA DO CASADO,ALAGOAS,Brasil,2705804,27,33,13,0.0,1.0,Caatinga,1.4
0debdc92-26f4-35ba-9175-87fc24cd36a2,  -8.900490, -48.330470,2026-07-11 04:14:00,NOAA-21,TUPIRAMA,TOCANTINS,Brasil,1721257,17,33,23,0.0,1.0,Cerrado,4.3
9681b10d-c68a-3c29-9c36-bcef1041b61d,  -7.013900, -42.785900,2026-07-11 04:14:00,NOAA-21,NAZARÉ DO PIAUÍ,PIAUÍ,Brasil,2206704,22,33,23,0.0,1.0,Caatinga,2.7
bb531770-b564-3705-9296-e1b73d3ca587,  -5.470840, -38.243470,2026-07-11 04:14:00,NOAA-21,ALTO SANTO,CEARÁ,Brasil,2300705,23,33,4,0.0,1.0,Caatinga,0.7
9236c84a-0d09-3342-b564-425962a0b003,  -5.441530, -44.677910,2026-07-11 04:14:00,NOAA-21,SANTA FILOMENA DO MARANHÃO,MARANHÃO,Brasil,2109759,21,33,22,0.0,1.0,Cerrado,1.8
79945b50-068a-3685-8215-85c292a0dfde,  -8.735730, -48.328650,2026-07-11 04:14:00,NOAA-21,GUARAÍ,TOCANTINS,Brasil,1709302,17,33,23,0.0,0.85,Cerrado,3.5
47b86e21-0e2d-3c26-80e2-a5bc8454a064,  -8.510370, -48.063830,2026-07-11 04:14:00,NOAA-21,ITAPIRATINS,TOCANTINS,Brasil,1710904,17,33,23,0.0,1.0,Cerrado,2.8
ec50892f-1fdb-327d-aaff-0c73ac9a2953,  -4.346130, -47.770440,2026-07-11 04:14:00,NOAA-21,DOM ELISEU,PARÁ,Brasil,1502939,15,33,14,0.0,0.6,Amazônia,5.2
3b8ea9ca-fa7c-3cfc-9171-556b920db293,  -9.161990, -50.892550,2026-07-11 04:14:00,NOAA-21,SANTANA DO ARAGUAIA,PARÁ,Brasil,1506708,15,33,69,1.13,1.0,Amazônia,1.2
41160b7e-d302-3d63-ac50-210d38f07cc6,  -4.342640, -47.766240,2026-07-11 04:14:00,NOAA-21,DOM ELISEU,PARÁ,Brasil,1502939,15,33,14,0.0,0.76,Amazônia,9.8
221cafc5-7143-3bd5-8466-bb9a630cc2c8,  -6.081270, -44.005450,2026-07-11 04:14:00,NOAA-21,COLINAS,MARANHÃO,Brasil,2103505,21,33,15,0.0,1.0,Cerrado,1.8
8af5ed8c-bfa0-3c31-99bf-9a7f6bf0f05e,  -6.187310, -43.678080,2026-07-11 04:14:00,NOAA-21,PASSAGEM FRANCA,MARANHÃO,Brasil,2107902,21,33,23,0.0,1.0,Cerrado,1.1
9d1eb5f7-3ac0-3065-8097-3e129430d8b1,  -6.074060, -44.007880,2026-07-11 04:14:00,NOAA-21,COLINAS,MARANHÃO,Brasil,2103505,21,33,17,0.0,1.0,Cerrado,0.8
efbed821-ffe2-38fa-8cc0-3c2345a29f19,  -5.548640, -45.199030,2026-07-11 04:14:00,NOAA-21,BARRA DO CORDA,MARANHÃO,Brasil,2101608,21,33,22,0.0,0.75,Cerrado,1.3
36b210ef-801f-3c5d-924e-42ba2c153fbe,  -8.109680, -47.096360,2026-07-11 04:14:00,NOAA-21,GOIATINS,TOCANTINS,Brasil,1709005,17,33,16,0.0,1.0,Cerrado,2.4
3caf048b-f297-3a14-aa1c-ab772046774c,  -7.013700, -45.414850,2026-07-11 04:14:00,NOAA-21,SAMBAÍBA,MARANHÃO,Brasil,2109700,21,33,49,0.0,1.0,Cerrado,3.0
8da81020-128e-3b75-b5ea-226d2d139096,  -5.114450, -43.748240,2026-07-11 04:14:00,NOAA-21,SÃO JOÃO DO SOTER,MARANHÃO,Brasil,2111078,21,33,18,0.0,0.39,Cerrado,1.8
f164d0de-cc51-3ce9-a8c6-4d9fee90e179,  -8.505630, -48.068160,2026-07-11 04:14:00,NOAA-21,ITAPIRATINS,TOCANTINS,Brasil,1710904,17,33,23,0.0,1.0,Cerrado,3.3
9def0ee7-f57e-3c24-8b81-28c7b9d63966,  -4.820690, -42.973390,2026-07-11 04:14:00,NOAA-21,CAXIAS,MARANHÃO,Brasil,2103000,21,33,13,0.0,0.65,Cerrado,4.5
0aaf044f-52ea-384e-aab6-47c6af020120,  -6.500330, -42.214610,2026-07-11 04:14:00,NOAA-21,VÁRZEA GRANDE,PIAUÍ,Brasil,2211407,22,33,57,0.0,0.99,Caatinga,0.9
229d23c8-5fbf-3d30-8856-5966d5fe572e,  -4.823460, -42.977340,2026-07-11 04:14:00,NOAA-21,CAXIAS,MARANHÃO,Brasil,2103000,21,33,13,0.0,0.65,Cerrado,1.1
c486e051-f11d-3cb1-9d59-a4de27fb61a6,  -7.008910, -42.774500,2026-07-11 04:14:00,NOAA-21,NAZARÉ DO PIAUÍ,PIAUÍ,Brasil,2206704,22,33,23,0.0,1.0,Caatinga,0.6
bbe06917-6335-3888-8ba4-85dde5e4018d,  -8.354710, -45.399300,2026-07-11 04:14:00,NOAA-21,RIBEIRO GONÇALVES,PIAUÍ,Brasil,2208908,22,33,77,0.0,1.0,Cerrado,1.0
b134610e-ab8b-3b78-8884-1d90268c228b,  -5.938570, -46.352820,2026-07-11 04:14:00,NOAA-21,GRAJAÚ,MARANHÃO,Brasil,2104800,21,33,2,0.0,1.0,Cerrado,1.9
44b34a37-9806-38bc-b335-7918c12e9791,  -5.344650, -42.692980,2026-07-11 04:14:00,NOAA-21,DEMERVAL LOBÃO,PIAUÍ,Brasil,2203305,22,33,13,0.0,0.85,Caatinga,2.2
a845d683-fd2c-3e8e-af3c-4911a0863bd2,  -7.015510, -42.775530,2026-07-11 04:14:00,NOAA-21,NAZARÉ DO PIAUÍ,PIAUÍ,Brasil,2206704,22,33,23,0.0,1.0,Caatinga,3.4
1ee18e85-a1d4-362e-92c2-9310e15caf58,  -5.438120, -44.677380,2026-07-11 04:14:00,NOAA-21,SANTA FILOMENA DO MARANHÃO,MARANHÃO,Brasil,2109759,21,33,22,0.0,1.0,Cerrado,5.3
3050ea93-a7e2-3a40-bc9d-a367b671337e,  -7.897300, -48.260610,2026-07-11 04:14:00,NOAA-21,PALMEIRANTE,TOCANTINS,Brasil,1715705,17,33,23,0.0,1.0,Cerrado,2.4
869c2e24-2d56-3ba9-a1bd-05485a4482e8,  -4.284450, -48.359900,2026-07-11 04:14:00,NOAA-21,RONDON DO PARÁ,PARÁ,Brasil,1506187,15,33,2,0.0,0.47,Amazônia,1.1
72a393c7-3d80-3069-a382-0ff40f8ddf81,  -9.405250, -37.816520,2026-07-11 04:14:00,NOAA-21,OLHO D'ÁGUA DO CASADO,ALAGOAS,Brasil,2705804,27,33,13,0.0,1.0,Caatinga,1.4
b7bfda2a-fa99-3d25-8fdf-f29ed4f94280,  -4.615340, -49.050250,2026-07-11 04:14:00,NOAA-21,JACUNDÁ,PARÁ,Brasil,1503804,15,33,3,0.0,1.0,Amazônia,2.7
65938875-9ca0-31e6-bb8e-ddf4b05d296f,  -5.131760, -42.878170,2026-07-11 04:14:00,NOAA-21,TIMON,MARANHÃO,Brasil,2112209,21,33,13,0.0,1.0,Cerrado,1.0
82d1cc29-e7fd-36fd-89d2-9ffe4af3fe4c,  -6.672430, -38.848200,2026-07-11 04:14:00,NOAA-21,BAIXIO,CEARÁ,Brasil,2301802,23,33,4,0.0,0.59,Caatinga,2.0
f9756866-36ce-3fdf-90a4-fe645c4e1fee,  -9.404430, -37.818550,2026-07-11 04:14:00,NOAA-21,OLHO D'ÁGUA DO CASADO,ALAGOAS,Brasil,2705804,27,33,13,0.0,1.0,Caatinga,1.9
6e60d1da-fb0e-342a-a3df-876ee718e67c,  -6.072980, -46.994530,2026-07-11 04:14:00,NOAA-21,LAJEADO NOVO,MARANHÃO,Brasil,2105989,21,33,30,0.0,1.0,Cerrado,1.9
ea89b0bb-72b9-397d-b825-aaedd92ee516,  -2.768560, -48.574170,2026-07-11 04:14:00,NOAA-21,TAILÂNDIA,PARÁ,Brasil,1507953,15,33,5,0.0,0.14,Amazônia,2.3
e97cddea-e81b-31e7-b0cc-e78ddc5e004c, -13.258850, -45.101120,2026-07-11 04:17:00,NOAA-21,CORRENTINA,BAHIA,Brasil,2909307,29,33,49,0.0,1.0,Cerrado,1.9
0559a25a-a0b7-3a5c-bb65-424b4018cad9, -14.509880, -46.539170,2026-07-11 04:17:00,NOAA-21,ALVORADA DO NORTE,GOIÁS,Brasil,5200803,52,33,42,0.0,1.0,Cerrado,1.8
11e38490-3dfb-3eb9-a537-55286267a0b0, -13.385350, -54.342020,2026-07-11 04:17:00,NOAA-21,PARANATINGA,MATO GROSSO,Brasil,5106307,51,33,22,0.91,0.82,Amazônia,1.0
60abee24-4739-3fbb-be81-f66ae98328d9, -13.390730, -54.343190,2026-07-11 04:17:00,NOAA-21,PARANATINGA,MATO GROSSO,Brasil,5106307,51,33,22,1.03,0.8,Amazônia,1.0
12fe9663-c837-3456-9f32-f26dc0addc8c, -13.897510, -43.788300,2026-07-11 04:17:00,NOAA-21,CARINHANHA,BAHIA,Brasil,2907103,29,33,49,0.0,1.0,Cerrado,1.0
fd5d336f-46ef-35f4-b524-b30b46cf566b, -17.731180, -60.028720,2026-07-11 04:17:00,NOAA-21,Chiquitos,Santa Cruz,Bolivia,80,8,28,15,4.39,0.39,,18.1
a0602c2f-255a-3da3-926d-a83eaa7e3d5f, -13.256610, -45.115270,2026-07-11 04:17:00,NOAA-21,CORRENTINA,BAHIA,Brasil,2909307,29,33,49,0.0,1.0,Cerrado,1.6
3dd4641f-2fbd-3dcd-aad8-6de921be4a02, -12.452720, -49.581680,2026-07-11 04:17:00,NOAA-21,SANDOLÂNDIA,TOCANTINS,Brasil,1718840,17,33,32,0.0,1.0,Cerrado,5.9
df5d03b3-67e5-39fd-a236-86b0377bf60c, -13.371010, -54.357830,2026-07-11 04:17:00,NOAA-21,PARANATINGA,MATO GROSSO,Brasil,5106307,51,33,20,0.62,0.85,Amazônia,1.1
7efcc362-b052-3e73-80c3-b87e73bdc3ea, -13.258300, -45.104660,2026-07-11 04:17:00,NOAA-21,CORRENTINA,BAHIA,Brasil,2909307,29,33,49,0.0,1.0,Cerrado,1.9
8e1411c5-6c06-3e01-a450-bbc7de2de421, -11.837610, -48.238840,2026-07-11 04:17:00,NOAA-21,SÃO VALÉRIO,TOCANTINS,Brasil,1720499,17,33,49,0.0,1.0,Cerrado,2.0
f4a72925-d9bb-3156-afe7-76c8d5d8dbde, -10.096400, -47.979180,2026-07-11 04:17:00,NOAA-21,APARECIDA DO RIO NEGRO,TOCANTINS,Brasil,1701101,17,33,29,0.0,1.0,Cerrado,6.5
46e51444-2e19-3be5-a27f-e4b528c0888e, -13.255550, -45.100580,2026-07-11 04:17:00,NOAA-21,CORRENTINA,BAHIA,Brasil,2909307,29,33,49,0.0,1.0,Cerrado,1.9
4d7a7ba0-2d4c-3845-bf10-5bd5d3d4acb6, -11.430570, -47.593020,2026-07-11 04:17:00,NOAA-21,NATIVIDADE,TOCANTINS,Brasil,1714203,17,33,49,0.0,1.0,Cerrado,1.1
002e00fe-f924-3ab5-b653-90731d3fc576, -14.741130, -48.197400,2026-07-11 04:17:00,NOAA-21,NIQUELÂNDIA,GOIÁS,Brasil,5214606,52,33,42,0.0,1.0,Cerrado,2.3
b5a6e51a-b49e-3702-ae8e-afd715b2f148, -17.938560, -42.797050,2026-07-11 04:17:00,NOAA-21,ITAMARANDIBA,MINAS GERAIS,Brasil,3132503,31,33,27,0.0,0.92,Cerrado,0.7
df4dd028-2116-3581-8c99-5a3b1971762a, -10.848580, -45.040090,2026-07-11 04:17:00,NOAA-21,CRISTALÂNDIA DO PIAUÍ,PIAUÍ,Brasil,2203008,22,33,77,0.0,1.0,Cerrado,1.0
298f397f-4a29-37f7-a2d9-30acb30f3a13, -10.741230, -47.265620,2026-07-11 04:17:00,NOAA-21,PONTE ALTA DO TOCANTINS,TOCANTINS,Brasil,1717909,17,33,49,0.0,1.0,Cerrado,1.3
e5367b16-1ca8-37b1-b80a-7e552f93c186, -11.878280, -47.656190,2026-07-11 04:17:00,NOAA-21,NATIVIDADE,TOCANTINS,Brasil,1714203,17,33,49,0.0,1.0,Cerrado,5.1
85347509-0434-305b-a4e0-b58199c5df8c, -13.216770, -54.305070,2026-07-11 04:17:00,NOAA-21,PARANATINGA,MATO GROSSO,Brasil,5106307,51,33,26,0.1,0.89,Amazônia,1.3
70dd0542-a442-3daf-8843-0f6785b2c562, -13.384640, -54.345660,2026-07-11 04:17:00,NOAA-21,PARANATINGA,MATO GROSSO,Brasil,5106307,51,33,21,0.89,0.82,Amazônia,1.0
c1ab3bc1-6a16-3bae-adec-512fe7c22c68, -18.328280, -59.058940,2026-07-11 04:17:00,NOAA-21,Chiquitos,Santa Cruz,Bolivia,80,8,28,15,11.69,0.05,,10.6
72ef6b23-fd20-338b-9e29-d8bee26e6ed9, -17.731470, -60.035760,2026-07-11 04:17:00,NOAA-21,Chiquitos,Santa Cruz,Bolivia,80,8,28,15,4.46,0.38,,30.6
560cfa71-f1d2-3638-bccb-a65cc6f4baee, -21.102420, -57.466070,2026-07-11 04:17:00,NOAA-21,PORTO MURTINHO,MATO GROSSO DO SUL,Brasil,5006903,50,33,21,7.22,0.16,Cerrado,2.7
dd06b1c5-08dd-37ab-b3c6-9eaf5559a2c3, -16.330100, -48.067380,2026-07-11 04:17:00,NOAA-21,LUZIÂNIA,GOIÁS,Brasil,5212501,52,33,16,0.1,0.98,Cerrado,1.3
f88c49b4-08cd-3cb6-bb51-e81838a6a3fc, -13.390020, -54.346840,2026-07-11 04:17:00,NOAA-21,PARANATINGA,MATO GROSSO,Brasil,5106307,51,33,21,1.04,0.8,Amazônia,1.0
3e5c2a89-d7a2-34e0-b06c-ac0913492154, -11.710610, -47.803110,2026-07-11 04:17:00,NOAA-21,CHAPADA DA NATIVIDADE,TOCANTINS,Brasil,1705102,17,33,49,0.0,1.0,Cerrado,1.2
1919c17e-0549-3cf2-a892-465b440471c4, -22.917100, -49.202350,2026-07-11 04:17:00,NOAA-21,ÁGUAS DE SANTA BÁRBARA,SÃO PAULO,Brasil,3500550,35,33,15,0.0,1.0,Cerrado,1.0
b06c84ba-692c-394d-ae2a-7c7f1d9cd47b, -13.257740, -45.108200,2026-07-11 04:17:00,NOAA-21,CORRENTINA,BAHIA,Brasil,2909307,29,33,49,0.0,1.0,Cerrado,2.0
9facf39a-510f-3a85-87dd-7244f611218c, -13.381080, -54.363800,2026-07-11 04:17:00,NOAA-21,PARANATINGA,MATO GROSSO,Brasil,5106307,51,33,20,0.85,0.81,Amazônia,3.1
363d67a4-084e-395c-b013-008ec6caf7f4, -15.685920, -47.511490,2026-07-11 04:17:00,NOAA-21,BRASÍLIA,DISTRITO FEDERAL,Brasil,5300108,53,33,28,0.1,1.0,Cerrado,0.7
b31cf3ec-2ade-378e-b6b0-509e2f643c65, -20.045480, -47.798130,2026-07-11 04:17:00,NOAA-21,IGARAPAVA,SÃO PAULO,Brasil,3520103,35,33,14,0.0,1.0,Cerrado,0.9
b6fec640-27fd-32c2-8105-0a00473aade9, -13.254430, -45.107650,2026-07-11 04:17:00,NOAA-21,CORRENTINA,BAHIA,Brasil,2909307,29,33,48,0.0,1.0,Cerrado,2.0
78771df3-6fc0-3cbe-9c45-38f4e51804a6, -20.849530, -50.247010,2026-07-11 04:17:00,NOAA-21,NOVA LUZITÂNIA,SÃO PAULO,Brasil,3533304,35,33,16,0.0,1.0,Mata Atlântica,1.2
d966a2aa-f2c4-3577-9a7f-891697e58ed9, -13.321550, -54.343530,2026-07-11 04:17:00,NOAA-21,PARANATINGA,MATO GROSSO,Brasil,5106307,51,33,23,0.1,0.92,Amazônia,1.4
783a9ab2-4f9e-31fc-9927-45b599db6b0a, -21.853320, -41.399940,2026-07-11 04:17:00,NOAA-21,CAMPOS DOS GOYTACAZES,RIO DE JANEIRO,Brasil,3301009,33,33,9,0.0,1.0,Mata Atlântica,0.8
320703e8-0260-3976-b178-c1c52beef9db, -12.686800, -46.512260,2026-07-11 04:17:00,NOAA-21,AURORA DO TOCANTINS,TOCANTINS,Brasil,1702703,17,33,44,0.0,1.0,Cerrado,1.8
070a8605-5ff1-3525-877e-2ceb420fc389, -13.367410, -54.376090,2026-07-11 04:17:00,NOAA-21,PARANATINGA,MATO GROSSO,Brasil,5106307,51,33,20,0.56,0.85,Amazônia,1.0
937087fa-249c-3377-9f7c-bd2dfa539a99, -17.760930, -60.417130,2026-07-11 04:17:00,NOAA-21,Chiquitos,Santa Cruz,Bolivia,80,8,28,16,14.39,0.03,,3.1
0121177c-490d-353a-84f5-1e165b131960, -15.587850, -46.810490,2026-07-11 04:17:00,NOAA-21,BURITIS,MINAS GERAIS,Brasil,3109303,31,33,27,0.0,1.0,Cerrado,1.5
6ed13702-c3a5-3bf3-90a3-e10e1dd16d7d, -13.850460, -44.974100,2026-07-11 04:17:00,NOAA-21,JABORANDI,BAHIA,Brasil,2917359,29,33,49,0.0,1.0,Cerrado,0.7
557e67e0-81de-3265-9058-8d64131274af, -18.346370, -59.069940,2026-07-11 04:17:00,NOAA-21,Chiquitos,Santa Cruz,Bolivia,80,8,28,14,10.63,0.07,,4.8
e43ac6f6-d2cc-3306-9af2-f879b1b2fa4a, -12.460130, -49.586800,2026-07-11 04:17:00,NOAA-21,SANDOLÂNDIA,TOCANTINS,Brasil,1718840,17,33,34,0.0,1.0,Cerrado,4.6
558efa23-fb8b-3697-8753-76fa455c763e, -12.456740, -49.582440,2026-07-11 04:17:00,NOAA-21,SANDOLÂNDIA,TOCANTINS,Brasil,1718840,17,33,33,0.0,1.0,Cerrado,5.9
a56c7665-1ab1-35e8-9f84-bcc871c29d5e, -13.374570, -54.339760,2026-07-11 04:17:00,NOAA-21,PARANATINGA,MATO GROSSO,Brasil,5106307,51,33,23,0.69,0.85,Amazônia,1.0
e7ff32b4-fdf9-393b-b063-884f06e5c185, -13.977400, -53.925730,2026-07-11 04:17:00,NOAA-21,PARANATINGA,MATO GROSSO,Brasil,5106307,51,33,21,0.2,1.0,Cerrado,1.7
2453a40d-e10d-3416-abfd-ef866ddba0d2, -15.528150, -45.919220,2026-07-11 04:17:00,NOAA-21,ARINOS,MINAS GERAIS,Brasil,3104502,31,33,59,0.0,1.0,Cerrado,0.4
e6bca82a-09c1-3076-8b70-e64af07dab8e, -22.676490, -43.479690,2026-07-11 04:17:00,NOAA-21,NOVA IGUAÇU,RIO DE JANEIRO,Brasil,3303500,33,33,-999,0.0,-999.0,Mata Atlântica,0.5
942431e0-f979-338c-9831-d34eb64d1d4c, -21.427140, -47.066730,2026-07-11 04:17:00,NOAA-21,MOCOCA,SÃO PAULO,Brasil,3530508,35,33,15,0.0,0.86,Cerrado,1.3
1bdffaa4-6ed3-372d-b130-650bf98a9170, -13.216060, -54.308610,2026-07-11 04:17:00,NOAA-21,PARANATINGA,MATO GROSSO,Brasil,5106307,51,33,26,0.1,0.89,Amazônia,1.2
7d09875e-989f-36f4-9315-ff99587c3232, -10.745540, -47.261970,2026-07-11 04:17:00,NOAA-21,PONTE ALTA DO TOCANTINS,TOCANTINS,Brasil,1717909,17,33,49,0.0,1.0,Cerrado,1.0
38625ada-efc5-33b8-90b8-4ee410ac79cd, -10.120730, -50.174140,2026-07-11 04:17:00,NOAA-21,PIUM,TOCANTINS,Brasil,1717503,17,33,68,2.49,0.92,Cerrado,5.3
5fbc07fa-f958-3eda-9ccb-6602ea3d9c7b, -17.724510, -60.034130,2026-07-11 04:17:00,NOAA-21,Chiquitos,Santa Cruz,Bolivia,80,8,28,15,4.45,0.39,,4.3
b13fb360-4808-3488-877a-dc19c0afbd1b, -13.972220, -53.924590,2026-07-11 04:17:00,NOAA-21,PARANATINGA,MATO GROSSO,Brasil,5106307,51,33,21,0.2,1.0,Cerrado,1.3
825982bc-e53c-3593-8363-036b56cb6ecf, -10.339070, -44.303900,2026-07-11 04:17:00,NOAA-21,PARNAGUÁ,PIAUÍ,Brasil,2207603,22,33,63,0.0,1.0,Cerrado,2.0
838532e1-15fd-3459-ab6c-8562a5eb4e4b, -12.682760, -46.515470,2026-07-11 04:17:00,NOAA-21,AURORA DO TOCANTINS,TOCANTINS,Brasil,1702703,17,33,44,0.0,1.0,Cerrado,2.4
a20d29d9-99bb-326e-92f4-00ba8c8f7fe4, -22.377100, -49.793100,2026-07-11 04:17:00,NOAA-21,LUPÉRCIO,SÃO PAULO,Brasil,3527801,35,33,16,0.0,0.87,Mata Atlântica,1.3
cf5a11c0-67c3-32ba-aa15-4c49b19380aa, -10.385220, -49.580960,2026-07-11 04:17:00,NOAA-21,PIUM,TOCANTINS,Brasil,1717503,17,33,50,0.0,1.0,Cerrado,7.8
dc698ee6-794e-3417-9591-50b6ab4603cf, -11.881910, -47.656790,2026-07-11 04:17:00,NOAA-21,NATIVIDADE,TOCANTINS,Brasil,1714203,17,33,49,0.0,1.0,Cerrado,5.1
26b68548-581d-3615-8a88-928aded3444b, -12.826460, -44.343990,2026-07-11 04:17:00,NOAA-21,BAIANÓPOLIS,BAHIA,Brasil,2902500,29,33,48,0.01,0.95,Cerrado,3.4
37a486ca-21ae-3baf-8f70-16c6574b0475, -10.095630, -47.983740,2026-07-11 04:17:00,NOAA-21,APARECIDA DO RIO NEGRO,TOCANTINS,Brasil,1701101,17,33,30,0.0,1.0,Cerrado,2.7
e1844d4e-95c9-3e7f-8656-3ffe884581e8, -12.824250, -44.336440,2026-07-11 04:17:00,NOAA-21,BAIANÓPOLIS,BAHIA,Brasil,2902500,29,33,48,0.0,0.95,Cerrado,2.1
94b6b051-458b-3ebe-a64b-aad7df342ef0, -18.026820, -41.830950,2026-07-11 04:17:00,NOAA-21,ITAMBACURI,MINAS GERAIS,Brasil,3132701,31,33,28,0.0,0.95,Mata Atlântica,2.7
a5bd2962-0094-3b06-a058-1973ff3f0636, -13.251680, -45.103580,2026-07-11 04:17:00,NOAA-21,CORRENTINA,BAHIA,Brasil,2909307,29,33,49,0.0,1.0,Cerrado,0.4
0581a76d-1d9a-385e-ab68-e73a8a5ab248, -23.364590, -46.169830,2026-07-11 04:17:00,NOAA-21,MOGI DAS CRUZES,SÃO PAULO,Brasil,3530607,35,33,9,0.0,1.0,Mata Atlântica,0.4
eb57e1c6-174e-327b-ad39-51c9199c7af3, -13.388590, -54.354130,2026-07-11 04:17:00,NOAA-21,PARANATINGA,MATO GROSSO,Brasil,5106307,51,33,20,1.01,0.79,Amazônia,1.4
41f0ea58-2596-31dd-bb9d-f40c3f2473f2, -22.920540, -49.203010,2026-07-11 04:17:00,NOAA-21,ÁGUAS DE SANTA BÁRBARA,SÃO PAULO,Brasil,3500550,35,33,15,0.0,1.0,Cerrado,1.0
0d0c2cc3-4356-3eaf-b484-6f1032a6eeac, -18.331010, -59.047160,2026-07-11 04:17:00,NOAA-21,Chiquitos,Santa Cruz,Bolivia,80,8,28,15,11.71,0.06,,5.8
c5d5f805-ef1a-34b1-a941-8d124d6b7001, -13.378530, -54.348150,2026-07-11 04:17:00,NOAA-21,PARANATINGA,MATO GROSSO,Brasil,5106307,51,33,21,0.77,0.83,Amazônia,0.9
c69a205a-43f1-30a0-8b2c-78a227cb45a3, -16.332760, -48.069010,2026-07-11 04:17:00,NOAA-21,LUZIÂNIA,GOIÁS,Brasil,5212501,52,33,16,0.1,1.0,Cerrado,2.0
36c7c8be-526c-38b1-b5c2-4c7192ebd53d, -10.403920, -49.446910,2026-07-11 04:17:00,NOAA-21,PIUM,TOCANTINS,Brasil,1717503,17,33,23,0.0,1.0,Cerrado,3.7
9cfe8569-14c4-3265-8f69-61f838a073e7, -20.375420, -59.143590,2026-07-11 04:17:00,NOAA-21,Fuerte Olimpo,Alto Paraguay,Paraguay,17,2,177,15,8.05,0.29,,2.2
36eeaba4-407d-37c7-907a-dbd0b9f574fe, -13.373860, -54.343350,2026-07-11 04:17:00,NOAA-21,PARANATINGA,MATO GROSSO,Brasil,5106307,51,33,22,0.68,0.85,Amazônia,1.0
181506d7-663e-37de-80a3-d982c29cffda, -16.872080, -47.571340,2026-07-11 04:17:00,NOAA-21,CRISTALINA,GOIÁS,Brasil,5206206,52,33,26,0.0,1.0,Cerrado,1.1
07d3cf52-f6a2-3c1e-9834-99c8f5adc4d6, -13.377820, -54.351770,2026-07-11 04:17:00,NOAA-21,PARANATINGA,MATO GROSSO,Brasil,5106307,51,33,20,0.76,0.83,Amazônia,0.9
492104c9-cefc-31a2-bf1c-464c8f05cd0e, -14.729580, -48.199990,2026-07-11 04:17:00,NOAA-21,NIQUELÂNDIA,GOIÁS,Brasil,5214606,52,33,42,0.0,1.0,Cerrado,1.5
3bdc629a-e543-3b04-bb25-2cb805b6e1e1, -12.827010, -44.340480,2026-07-11 04:17:00,NOAA-21,BAIANÓPOLIS,BAHIA,Brasil,2902500,29,33,48,0.02,0.95,Cerrado,2.1
7b4e1162-947e-3046-822b-03f2a358c09c, -13.377110, -54.355390,2026-07-11 04:17:00,NOAA-21,PARANATINGA,MATO GROSSO,Brasil,5106307,51,33,20,0.74,0.83,Amazônia,1.1
29a288ef-1620-33e4-ad39-37e817fcb781, -23.235750, -46.592280,2026-07-11 04:17:00,NOAA-21,ATIBAIA,SÃO PAULO,Brasil,3504107,35,33,15,0.0,1.0,Mata Atlântica,0.6
5990cf53-3f51-394b-b204-a1a49d6cf22d, -13.316910, -40.464880,2026-07-11 04:17:00,NOAA-21,MARACÁS,BAHIA,Brasil,2920502,29,33,20,2.5,1.0,Mata Atlântica,2.9
57b32ca4-9ba0-386b-b88b-6f6620692f42, -22.380630, -49.793820,2026-07-11 04:17:00,NOAA-21,LUPÉRCIO,SÃO PAULO,Brasil,3527801,35,33,16,0.0,0.85,Mata Atlântica,1.3
6178c465-d89b-3317-a1a7-95214ce676d0, -10.408040, -49.447690,2026-07-11 04:17:00,NOAA-21,PIUM,TOCANTINS,Brasil,1717503,17,33,23,0.0,1.0,Cerrado,1.1
f8e1f28d-e4f2-3c80-bdce-6828c7af7700, -14.987330, -45.424300,2026-07-11 04:17:00,NOAA-21,JANUÁRIA,MINAS GERAIS,Brasil,3135209,31,33,54,0.0,1.0,Cerrado,0.8
b1102a57-9483-3207-a601-1a8e943e4aff, -18.035460, -59.627710,2026-07-11 04:17:00,NOAA-21,Chiquitos,Santa Cruz,Bolivia,80,8,28,16,9.36,0.11,,3.8
458114d0-48ac-3332-9157-66995b4114bb, -21.281750, -41.813200,2026-07-11 04:17:00,NOAA-21,ITAPERUNA,RIO DE JANEIRO,Brasil,3302205,33,33,16,0.0,1.0,Mata Atlântica,1.0
27790704-e09d-37e4-8684-4c25dec2b295, -18.337490, -59.048870,2026-07-11 04:17:00,NOAA-21,Chiquitos,Santa Cruz,Bolivia,80,8,28,15,11.46,0.06,,3.4
0ac066cf-1a74-3148-b212-5f78cb72a64f, -12.686180, -46.516060,2026-07-11 04:17:00,NOAA-21,AURORA DO TOCANTINS,TOCANTINS,Brasil,1702703,17,33,44,0.0,1.0,Cerrado,2.1
bf7e7e29-1e4a-3b42-997b-e5cfa4491916, -13.760540, -46.263850,2026-07-11 04:17:00,NOAA-21,GUARANI DE GOIÁS,GOIÁS,Brasil,5209408,52,33,39,0.0,1.0,Cerrado,1.7
4d2408db-e759-3673-a8f6-713c0b828759, -11.470580, -47.599630,2026-07-11 04:17:00,NOAA-21,NATIVIDADE,TOCANTINS,Brasil,1714203,17,33,49,0.0,1.0,Cerrado,2.2
eab23f89-8303-3cb5-aa97-d8d585adca3b, -18.336130, -59.054740,2026-07-11 04:17:00,NOAA-21,Chiquitos,Santa Cruz,Bolivia,80,8,28,15,11.44,0.06,,3.4
cc553dce-bfb7-3956-8ac4-8c833396e304, -14.737560, -48.196640,2026-07-11 04:17:00,NOAA-21,NIQUELÂNDIA,GOIÁS,Brasil,5214606,52,33,42,0.0,1.0,Cerrado,2.3
6bdcc148-a9f4-3446-9e10-9c4b5b62f370, -11.122830, -38.628630,2026-07-11 04:17:00,NOAA-21,TUCANO,BAHIA,Brasil,2931905,29,33,8,0.0,1.0,Caatinga,1.2
2810954e-a93a-3c77-a624-e30ed15c6748, -13.368470, -54.342220,2026-07-11 04:17:00,NOAA-21,PARANATINGA,MATO GROSSO,Brasil,5106307,51,33,22,0.57,0.87,Amazônia,1.2
26c987b9-383d-3a70-a074-edf31887eb3d, -13.250560, -45.110650,2026-07-11 04:17:00,NOAA-21,CORRENTINA,BAHIA,Brasil,2909307,29,33,49,0.0,1.0,Cerrado,1.3
eb1b2d53-2996-3566-9b7e-af4be921eef5, -13.381780, -54.360180,2026-07-11 04:17:00,NOAA-21,PARANATINGA,MATO GROSSO,Brasil,5106307,51,33,20,0.84,0.81,Amazônia,1.9
b3f11c43-4b6e-35ee-905f-2206cd82cccb, -13.379960, -54.340900,2026-07-11 04:17:00,NOAA-21,PARANATINGA,MATO GROSSO,Brasil,5106307,51,33,22,0.8,0.83,Amazônia,1.0
fa5b1351-0f00-377a-b114-848ac5d879fa, -13.387190, -54.361290,2026-07-11 04:17:00,NOAA-21,PARANATINGA,MATO GROSSO,Brasil,5106307,51,33,20,0.98,0.79,Amazônia,1.9
0a4892be-7636-39b5-81b5-f5acb11798a5, -13.349410, -54.353370,2026-07-11 04:17:00,NOAA-21,PARANATINGA,MATO GROSSO,Brasil,5106307,51,33,21,0.19,0.91,Amazônia,1.3
d860cb0e-ecae-3681-b425-248c2753f543, -11.473540, -47.604350,2026-07-11 04:17:00,NOAA-21,NATIVIDADE,TOCANTINS,Brasil,1714203,17,33,49,0.0,1.0,Cerrado,2.2
42c9da4b-487a-3895-94ba-ae075e9aadf2, -11.885540, -47.657390,2026-07-11 04:17:00,NOAA-21,NATIVIDADE,TOCANTINS,Brasil,1714203,17,33,49,0.0,1.0,Cerrado,1.8
a82f7e81-f95a-3dd4-9d9a-8c488b0f7f90, -13.761140, -46.260160,2026-07-11 04:17:00,NOAA-21,GUARANI DE GOIÁS,GOIÁS,Brasil,5209408,52,33,39,0.0,1.0,Cerrado,4.1
661d6c90-212f-3f64-8a5f-69f93404682d, -13.764490, -46.260810,2026-07-11 04:17:00,NOAA-21,GUARANI DE GOIÁS,GOIÁS,Brasil,5209408,52,33,39,0.0,1.0,Cerrado,1.6
c119e5b3-83d8-361a-bbdf-42d11fceb4ea, -13.849910, -44.977630,2026-07-11 04:17:00,NOAA-21,JABORANDI,BAHIA,Brasil,2917359,29,33,49,0.0,1.0,Cerrado,0.7
42081aa4-2b2e-301d-8530-e934a260d9b9, -18.345000, -59.075860,2026-07-11 04:17:00,NOAA-21,Chiquitos,Santa Cruz,Bolivia,80,8,28,15,10.52,0.07,,4.1
4d141e3b-4bd2-3a9b-b497-3fc4325ac971, -13.379250, -54.344530,2026-07-11 04:17:00,NOAA-21,PARANATINGA,MATO GROSSO,Brasil,5106307,51,33,21,0.78,0.83,Amazônia,1.0
1c177865-2ebb-331a-b5cb-ce9c4320db4a, -18.034160, -59.608220,2026-07-11 04:17:00,NOAA-21,Chiquitos,Santa Cruz,Bolivia,80,8,28,16,10.04,0.09,,13.4
56ab831f-5704-392b-b41d-315cec96769f, -15.229020, -52.683690,2026-07-11 04:17:00,NOAA-21,BARRA DO GARÇAS,MATO GROSSO,Brasil,5101803,51,33,20,0.0,1.0,Cerrado,1.1
850f0761-196c-343e-bf12-1a7ea401364b, -10.651060, -46.580860,2026-07-11 04:17:00,NOAA-21,MATEIROS,TOCANTINS,Brasil,1712702,17,33,70,0.0,1.0,Cerrado,0.9
b384e3d8-0b29-3b21-8991-01922c7653ed, -12.687430, -46.508460,2026-07-11 04:17:00,NOAA-21,AURORA DO TOCANTINS,TOCANTINS,Brasil,1702703,17,33,44,0.0,1.0,Cerrado,1.8
79914672-a9bc-3201-960a-7fdeaaf37394, -13.322240, -54.339990,2026-07-11 04:17:00,NOAA-21,PARANATINGA,MATO GROSSO,Brasil,5106307,51,33,24,0.1,0.92,Amazônia,1.4
15d932a6-d0b8-36c5-a0f8-503d9700214b, -22.582140, -44.084590,2026-07-11 04:17:00,NOAA-21,VOLTA REDONDA,RIO DE JANEIRO,Brasil,3306305,33,33,15,0.0,0.71,Mata Atlântica,1.0
ffca52bd-a2af-3dc6-89c8-620d5779910a, -21.239620, -44.006380,2026-07-11 04:17:00,NOAA-21,BARBACENA,MINAS GERAIS,Brasil,3105608,31,33,16,0.0,1.0,Mata Atlântica,0.6
27a85667-5d40-317d-857f-b6929bdd32b7, -13.372440, -54.350570,2026-07-11 04:17:00,NOAA-21,PARANATINGA,MATO GROSSO,Brasil,5106307,51,33,20,0.65,0.85,Amazônia,0.9
ab9ff5a9-b2a3-3e8c-a8ca-efa91de4a297,  -9.597810, -48.547330,2026-07-11 04:17:00,NOAA-21,MIRACEMA DO TOCANTINS,TOCANTINS,Brasil,1713205,17,33,58,0.0,1.0,Cerrado,1.1
fb468d48-f6d1-3278-bfe2-347ca410a47e, -21.973780, -55.942470,2026-07-11 04:17:00,NOAA-21,PONTA PORÃ,MATO GROSSO DO SUL,Brasil,5006606,50,33,11,7.64,0.11,Cerrado,1.1
25929ee9-8f7b-39a2-80c9-ff65cd1780d5, -12.460750, -49.583230,2026-07-11 04:17:00,NOAA-21,SANDOLÂNDIA,TOCANTINS,Brasil,1718840,17,33,34,0.0,1.0,Cerrado,4.6
01c12c85-2044-32c1-9821-2dd86dcfb186, -16.333620, -48.067940,2026-07-11 04:17:00,NOAA-21,LUZIÂNIA,GOIÁS,Brasil,5212501,52,33,16,0.1,1.0,Cerrado,1.3
edc64d6c-288c-323d-9d03-f75ac359464c, -22.916400, -49.206440,2026-07-11 04:17:00,NOAA-21,ÁGUAS DE SANTA BÁRBARA,SÃO PAULO,Brasil,3500550,35,33,15,0.0,1.0,Cerrado,4.4
698eb7f3-5b01-36eb-b86d-9c68b58e8fc0, -18.031720, -59.613070,2026-07-11 04:17:00,NOAA-21,Chiquitos,Santa Cruz,Bolivia,80,8,28,16,9.84,0.1,,9.5
8decd3d5-8738-30e7-8505-ed8f3341bd7e, -10.849150, -45.036530,2026-07-11 04:17:00,NOAA-21,CRISTALÂNDIA DO PIAUÍ,PIAUÍ,Brasil,2203008,22,33,76,0.0,1.0,Cerrado,0.8
ac6ef6ac-95b0-35cc-8c2a-5c3b94dec57e, -12.456120, -49.586010,2026-07-11 04:17:00,NOAA-21,SANDOLÂNDIA,TOCANTINS,Brasil,1718840,17,33,33,0.0,1.0,Cerrado,5.9
3009c71b-3d15-347b-aca1-de33c003f3b1, -18.329650, -59.053040,2026-07-11 04:17:00,NOAA-21,Chiquitos,Santa Cruz,Bolivia,80,8,28,15,11.75,0.05,,5.8
4feb4a1e-5a36-3e6c-8cd4-f17f8038f6cb, -15.590620, -46.814790,2026-07-11 04:17:00,NOAA-21,BURITIS,MINAS GERAIS,Brasil,3109303,31,33,27,0.0,1.0,Cerrado,1.5
cc4806a8-65ab-3859-bb32-fa42bf506f27, -13.215350, -54.312150,2026-07-11 04:17:00,NOAA-21,PARANATINGA,MATO GROSSO,Brasil,5106307,51,33,26,0.1,0.89,Amazônia,1.2
0117f350-e2e0-362b-95db-ce4cbd7d6059, -11.472840, -47.608500,2026-07-11 04:17:00,NOAA-21,NATIVIDADE,TOCANTINS,Brasil,1714203,17,33,49,0.0,1.0,Cerrado,2.0
f2f2529d-da91-37ac-9d66-f418a3591935,  -9.596950, -48.552480,2026-07-11 04:17:00,NOAA-21,MIRACEMA DO TOCANTINS,TOCANTINS,Brasil,1713205,17,33,58,0.0,1.0,Cerrado,1.2
425b35ad-cd83-38e0-9da8-a7ca1d65de71, -13.373150, -54.346960,2026-07-11 04:17:00,NOAA-21,PARANATINGA,MATO GROSSO,Brasil,5106307,51,33,21,0.66,0.85,Amazônia,0.9
a3f19cae-d14e-3e75-ba30-0f99512569d4, -15.585080, -46.806190,2026-07-11 04:17:00,NOAA-21,BURITIS,MINAS GERAIS,Brasil,3109303,31,33,27,0.0,1.0,Cerrado,0.4
0e27f63e-f14f-3835-8a04-b4ffa007343c, -13.375680, -54.362660,2026-07-11 04:17:00,NOAA-21,PARANATINGA,MATO GROSSO,Brasil,5106307,51,33,20,0.72,0.83,Amazônia,1.1
437b05f3-7eb7-3ddb-9444-f29eff6e818b, -22.982870, -48.920580,2026-07-11 04:17:00,NOAA-21,AVARÉ,SÃO PAULO,Brasil,3504503,35,33,15,0.0,0.98,Cerrado,0.5
35c6c1a3-03a6-30b1-bb27-8a231afaccb8, -12.452100, -49.585270,2026-07-11 04:17:00,NOAA-21,SANDOLÂNDIA,TOCANTINS,Brasil,1718840,17,33,33,0.0,1.0,Cerrado,5.9
cb3542e2-3b91-3efe-b55e-b0204bbf3f57, -11.903180, -49.161950,2026-07-11 04:17:00,NOAA-21,CARIRI DO TOCANTINS,TOCANTINS,Brasil,1703867,17,33,49,0.0,1.0,Cerrado,1.6
2e5283f8-b04d-3483-bcf9-97725fea0526, -20.048850, -47.798780,2026-07-11 04:17:00,NOAA-21,IGARAPAVA,SÃO PAULO,Brasil,3520103,35,33,14,0.0,1.0,Cerrado,0.9
9fb5f693-d957-33ed-a4ab-08c6de9e556e, -18.043030, -59.630910,2026-07-11 04:17:00,NOAA-21,Chiquitos,Santa Cruz,Bolivia,80,8,28,16,9.26,0.11,,4.0
5251d8f2-872c-3256-95b1-bee65b750845, -17.833130, -41.959160,2026-07-11 04:17:00,NOAA-21,MALACACHETA,MINAS GERAIS,Brasil,3139201,31,33,27,0.0,0.91,Mata Atlântica,1.4
9dbdab7e-5242-34f9-9174-8c1c4024d7a9, -13.437070, -43.843960,2026-07-11 04:17:00,NOAA-21,SERRA DO RAMALHO,BAHIA,Brasil,2930154,29,33,48,0.15,1.0,Cerrado,4.2
b3c3d5b5-a434-3c0b-8a7a-be1649c89b16, -18.343630, -59.081780,2026-07-11 04:17:00,NOAA-21,Chiquitos,Santa Cruz,Bolivia,80,8,28,15,10.43,0.07,,4.1
e93de35e-4671-37d0-b123-aeedc61155ad, -13.371730, -54.354190,2026-07-11 04:17:00,NOAA-21,PARANATINGA,MATO GROSSO,Brasil,5106307,51,33,20,0.63,0.85,Amazônia,1.1
a606e3ee-0a17-3533-aa89-eb5dcac638de, -13.976110, -53.932270,2026-07-11 04:17:00,NOAA-21,PARANATINGA,MATO GROSSO,Brasil,5106307,51,33,21,0.22,1.0,Cerrado,1.1
c7ba49bf-d526-35b6-a846-ed4e4b169744, -15.588470, -46.806770,2026-07-11 04:17:00,NOAA-21,BURITIS,MINAS GERAIS,Brasil,3109303,31,33,27,0.0,1.0,Cerrado,3.3
5024ecf8-2e5e-35fa-b703-b028db53cb30, -21.283060, -41.809550,2026-07-11 04:17:00,NOAA-21,ITAPERUNA,RIO DE JANEIRO,Brasil,3302205,33,33,16,0.0,1.0,Mata Atlântica,0.8
98e29110-bca4-3ad0-ac07-26103bb23a13, -13.440390, -43.844510,2026-07-11 04:17:00,NOAA-21,SERRA DO RAMALHO,BAHIA,Brasil,2930154,29,33,48,0.12,1.0,Cerrado,4.2
14afd8cb-c49d-3adf-8773-e3f8a2ed29bb, -21.427730, -47.063020,2026-07-11 04:17:00,NOAA-21,MOCOCA,SÃO PAULO,Brasil,3530508,35,33,15,0.0,0.88,Cerrado,1.3
b43fc938-7605-3ad7-8edc-27c292b993ab, -18.032650, -59.614560,2026-07-11 04:17:00,NOAA-21,Chiquitos,Santa Cruz,Bolivia,80,8,28,16,9.79,0.1,,9.8
09a1fe15-ad17-3849-9170-a66412f1400d, -13.386070, -54.338380,2026-07-11 04:17:00,NOAA-21,PARANATINGA,MATO GROSSO,Brasil,5106307,51,33,23,0.92,0.82,Amazônia,1.7
6394d889-8cb1-361e-9272-360eea0ff34b, -18.347730, -59.064050,2026-07-11 04:17:00,NOAA-21,Chiquitos,Santa Cruz,Bolivia,80,8,28,14,10.69,0.07,,4.8
a7c20e2f-c400-361d-80ff-e78fd170848c, -10.736920, -47.269240,2026-07-11 04:17:00,NOAA-21,PONTE ALTA DO TOCANTINS,TOCANTINS,Brasil,1717909,17,33,49,0.0,1.0,Cerrado,1.3
d4577195-b703-31dd-b1bd-d94dacb9b61b,  -9.571060, -49.105320,2026-07-11 04:17:00,NOAA-21,ABREULÂNDIA,TOCANTINS,Brasil,1700251,17,33,26,0.26,1.0,Cerrado,1.8
3c749828-3a4a-309d-9fa2-1ba4e4363b47, -10.829650, -49.379690,2026-07-11 04:17:00,NOAA-21,SANTA RITA DO TOCANTINS,TOCANTINS,Brasil,1718899,17,33,54,0.5,0.92,Cerrado,1.3
45a24916-c768-36dc-8de7-c93b425b1154, -21.141730, -43.957530,2026-07-11 04:17:00,NOAA-21,BARROSO,MINAS GERAIS,Brasil,3105905,31,33,16,0.0,0.78,Mata Atlântica,1.4
c44a8062-4373-3ac8-b7c8-dfcd27e0a527, -12.830310, -44.341010,2026-07-11 04:17:00,NOAA-21,BAIANÓPOLIS,BAHIA,Brasil,2902500,29,33,48,0.05,0.95,Cerrado,1.6
9c556591-4255-3220-9736-93a306df65b3, -20.376710, -59.138150,2026-07-11 04:17:00,NOAA-21,Fuerte Olimpo,Alto Paraguay,Paraguay,17,2,177,15,8.03,0.38,,2.2
9c631580-8736-32c2-ad9d-7a066b4f866b, -22.923980, -49.203690,2026-07-11 04:17:00,NOAA-21,ÁGUAS DE SANTA BÁRBARA,SÃO PAULO,Brasil,3500550,35,33,15,0.0,1.0,Cerrado,2.1
a2e88219-c63f-3aa2-b726-20cb5971ad81, -13.396110, -54.344390,2026-07-11 04:17:00,NOAA-21,PARANATINGA,MATO GROSSO,Brasil,5106307,51,33,21,1.17,0.78,Amazônia,1.3
389d0943-06d1-366c-8bfa-87fdff222f00, -12.943110, -43.022600,2026-07-11 04:17:00,NOAA-21,PARATINGA,BAHIA,Brasil,2923704,29,33,49,0.1,1.0,Caatinga,0.6
3628a586-bfca-3ab9-8f84-27e03680fc60, -13.374260, -54.369890,2026-07-11 04:17:00,NOAA-21,PARANATINGA,MATO GROSSO,Brasil,5106307,51,33,20,0.69,0.83,Amazônia,1.7
d540d18c-5699-388c-9c95-d7cbf2d5b9da, -10.380390, -49.584100,2026-07-11 04:17:00,NOAA-21,PIUM,TOCANTINS,Brasil,1717503,17,33,50,0.0,1.0,Cerrado,5.5
0c531da7-9601-3153-8e7a-5e96022a8533, -10.381050, -49.580260,2026-07-11 04:17:00,NOAA-21,PIUM,TOCANTINS,Brasil,1717503,17,33,48,0.0,1.0,Cerrado,5.5
2b070aeb-d5c4-3f81-84d6-c678c4d7ac6b, -18.033200, -59.606720,2026-07-11 04:17:00,NOAA-21,Chiquitos,Santa Cruz,Bolivia,80,8,28,16,10.07,0.09,,9.5
8e52fe37-ae5a-3a91-ac51-10264c510d71, -20.155110, -54.403630,2026-07-11 04:17:00,NOAA-21,JARAGUARI,MATO GROSSO DO SUL,Brasil,5004908,50,33,16,0.0,1.0,Cerrado,1.3
604d93f8-6e36-3dac-bd19-0a6857de9b45, -10.687650, -49.620750,2026-07-11 04:17:00,NOAA-21,LAGOA DA CONFUSÃO,TOCANTINS,Brasil,1711902,17,33,43,1.3,1.0,Cerrado,0.9
77d9fe1f-6b72-332c-a1db-a64b4e83208f, -11.709860, -47.807470,2026-07-11 04:17:00,NOAA-21,CHAPADA DA NATIVIDADE,TOCANTINS,Brasil,1705102,17,33,49,0.0,1.0,Cerrado,1.8
6451fdb8-60c8-3f5e-9230-680adeafee94, -13.389310, -54.350490,2026-07-11 04:17:00,NOAA-21,PARANATINGA,MATO GROSSO,Brasil,5106307,51,33,20,1.03,0.8,Amazônia,1.4
d4928520-4617-3e5a-bd1d-25dfab55765a, -13.853210, -44.978180,2026-07-11 04:17:00,NOAA-21,JABORANDI,BAHIA,Brasil,2917359,29,33,49,0.0,1.0,Cerrado,1.6
038ed5db-f227-38da-9018-e919360b62c8, -17.726110, -60.027280,2026-07-11 04:17:00,NOAA-21,Chiquitos,Santa Cruz,Bolivia,80,8,28,15,4.4,0.39,,4.0
ee26e186-bf97-375a-af8b-9e88a453ad08, -18.780030, -58.514130,2026-07-11 04:17:00,NOAA-21,Chiquitos,Santa Cruz,Bolivia,80,8,28,14,6.09,0.2,,2.6
1ce7d47c-f524-37bc-a548-1593c48c5ba6, -10.539280, -54.868950,2026-07-11 04:17:00,NOAA-21,TERRA NOVA DO NORTE,MATO GROSSO,Brasil,5108055,51,33,19,2.9,0.77,Amazônia,1.4
db0e3b69-b48b-3493-9f64-9681ad67bf3f, -13.847160, -44.973560,2026-07-11 04:17:00,NOAA-21,JABORANDI,BAHIA,Brasil,2917359,29,33,49,0.0,1.0,Cerrado,0.7
913f46fd-9049-302c-9d61-aa10f230c488, -10.100180, -47.979810,2026-07-11 04:17:00,NOAA-21,APARECIDA DO RIO NEGRO,TOCANTINS,Brasil,1701101,17,33,29,0.0,1.0,Cerrado,6.5
7c4e50a9-305a-31a9-b3e0-e69504403d3d, -17.759140, -60.424500,2026-07-11 04:17:00,NOAA-21,Chiquitos,Santa Cruz,Bolivia,80,8,28,16,14.58,0.03,,2.9
97bb8af8-6e71-3aeb-afb9-8939a1acb85e, -10.125070, -50.174910,2026-07-11 04:17:00,NOAA-21,PIUM,TOCANTINS,Brasil,1717503,17,33,69,2.4,1.0,Cerrado,5.3
b2e14ba7-01e3-393e-ad22-b63e92d1cf37,  -9.596780, -48.549390,2026-07-11 04:17:00,NOAA-21,MIRACEMA DO TOCANTINS,TOCANTINS,Brasil,1713205,17,33,58,0.0,1.0,Cerrado,1.7
c3580932-4fa5-3e39-81e3-37db80d6f6f4, -18.088640, -59.649490,2026-07-11 04:17:00,NOAA-21,Chiquitos,Santa Cruz,Bolivia,80,8,28,15,8.37,0.51,,6.4
bd93433c-90a5-399f-a9b6-550044d9f8b5, -12.193580, -44.496620,2026-07-11 04:17:00,NOAA-21,CATOLÂNDIA,BAHIA,Brasil,2907400,29,33,49,0.0,1.0,Cerrado,0.5
5004ae4c-9c6f-3f7a-a4f6-49bf9e046abb, -13.374970, -54.366270,2026-07-11 04:17:00,NOAA-21,PARANATINGA,MATO GROSSO,Brasil,5106307,51,33,20,0.7,0.83,Amazônia,1.1
b8e663a9-7563-314a-bc8d-d10fdfaf0361, -10.384550, -49.584810,2026-07-11 04:17:00,NOAA-21,PIUM,TOCANTINS,Brasil,1717503,17,33,51,0.0,1.0,Cerrado,7.8
8467e311-5ab6-30f2-90bf-8b9834023a95, -11.850130, -48.238910,2026-07-11 04:17:00,NOAA-21,SÃO VALÉRIO,TOCANTINS,Brasil,1720499,17,33,49,0.0,1.0,Cerrado,1.4
17266c9e-1078-3e19-ba6e-cfd7579c5bde, -13.552170, -39.922130,2026-07-11 04:17:00,NOAA-21,JAGUAQUARA,BAHIA,Brasil,2917607,29,33,11,5.78,1.0,Mata Atlântica,1.0
84a00d49-ee10-3ec7-ae97-ecbf96d4b6bf, -13.395400, -54.348030,2026-07-11 04:17:00,NOAA-21,PARANATINGA,MATO GROSSO,Brasil,5106307,51,33,20,1.19,0.78,Amazônia,1.3
ef7edaf9-7b6b-3e93-b9de-22d486483097, -13.976770, -53.928930,2026-07-11 04:17:00,NOAA-21,PARANATINGA,MATO GROSSO,Brasil,5106307,51,33,21,0.2,1.0,Cerrado,1.1
99427288-e4c4-3ac7-9712-c5b41467080d, -21.764250, -56.303210,2026-07-11 04:17:00,NOAA-21,BELA VISTA,MATO GROSSO DO SUL,Brasil,5002100,50,33,10,6.88,0.16,Cerrado,1.1
669422f0-f9cf-35c4-8029-c3136b414261, -17.756740, -60.420580,2026-07-11 04:17:00,NOAA-21,Chiquitos,Santa Cruz,Bolivia,80,8,28,16,14.5,0.03,,4.4
fee3948c-46d2-38ca-8893-bef3e482031f, -13.257180, -45.111730,2026-07-11 04:17:00,NOAA-21,CORRENTINA,BAHIA,Brasil,2909307,29,33,49,0.0,1.0,Cerrado,2.0
4ccf80d6-605e-3c6c-8757-94c8b81b716d, -13.362710, -54.371360,2026-07-11 04:17:00,NOAA-21,PARANATINGA,MATO GROSSO,Brasil,5106307,51,33,20,0.45,0.87,Amazônia,1.4
0d98c15d-cce1-398b-9b7e-4e93bd8fa8cc, -17.733070, -60.028900,2026-07-11 04:17:00,NOAA-21,Chiquitos,Santa Cruz,Bolivia,80,8,28,15,4.39,0.39,,11.2
5be8965b-83a5-3933-9129-5648f5acf79c, -11.939200, -46.742010,2026-07-11 04:17:00,NOAA-21,NOVO JARDIM,TOCANTINS,Brasil,1715259,17,33,44,0.0,1.0,Cerrado,0.8
b4bfe24b-824d-3105-ad85-042905ed1d2c, -13.350130, -54.349750,2026-07-11 04:17:00,NOAA-21,PARANATINGA,MATO GROSSO,Brasil,5106307,51,33,21,0.2,0.91,Amazônia,1.3
a1dbfaef-a404-31c6-842e-93677fe8edd5, -12.827550, -44.336970,2026-07-11 04:17:00,NOAA-21,BAIANÓPOLIS,BAHIA,Brasil,2902500,29,33,48,0.03,0.95,Cerrado,2.1
1e5a6225-455d-3a42-b20f-ccecf76e4d01, -13.383920, -54.349310,2026-07-11 04:17:00,NOAA-21,PARANATINGA,MATO GROSSO,Brasil,5106307,51,33,20,0.88,0.81,Amazônia,1.4
37716ecd-ad41-37f0-96a8-ca2d0a508098, -21.590680, -48.784330,2026-07-11 04:17:00,NOAA-21,ITÁPOLIS,SÃO PAULO,Brasil,3522703,35,33,15,0.0,1.0,Cerrado,2.5
44444ef8-4746-3dc9-bb3d-d81cefd7d6e9, -13.344020, -54.352220,2026-07-11 04:17:00,NOAA-21,PARANATINGA,MATO GROSSO,Brasil,5106307,51,33,21,0.1,0.92,Amazônia,1.9
bce24995-43f5-3261-8b2b-a7e8989b785a, -13.382500, -54.356570,2026-07-11 04:17:00,NOAA-21,PARANATINGA,MATO GROSSO,Brasil,5106307,51,33,20,0.85,0.81,Amazônia,1.9
b2cfb09e-e7f3-3204-8d85-3a81cd5d0a04, -17.729540, -60.035540,2026-07-11 04:17:00,NOAA-21,Chiquitos,Santa Cruz,Bolivia,80,8,28,15,4.46,0.38,,18.1
dfffa413-b994-3b1c-a033-ee04238d108a, -14.743340, -48.206240,2026-07-11 04:17:00,NOAA-21,NIQUELÂNDIA,GOIÁS,Brasil,5214606,52,33,42,0.0,0.94,Cerrado,2.2
e5234432-e984-3567-807d-77d13daea77a, -13.253870, -45.111190,2026-07-11 04:17:00,NOAA-21,CORRENTINA,BAHIA,Brasil,2909307,29,33,49,0.0,1.0,Cerrado,2.0
f9b73870-cd6c-3cbc-8dd4-29b075266c73, -22.381400, -49.789480,2026-07-11 04:17:00,NOAA-21,LUPÉRCIO,SÃO PAULO,Brasil,3527801,35,33,16,0.0,1.0,Mata Atlântica,3.6
65e702ac-1bda-3722-acf1-64953c066067, -10.410960, -46.202000,2026-07-11 04:17:00,NOAA-21,MATEIROS,TOCANTINS,Brasil,1712702,17,33,59,0.0,1.0,Cerrado,1.1
5f12dee2-fe0f-3e7d-838f-e86679ff9409, -11.835140, -48.236420,2026-07-11 04:17:00,NOAA-21,SÃO VALÉRIO,TOCANTINS,Brasil,1720499,17,33,49,0.0,1.0,Cerrado,1.1
8c187ffd-fcc2-32e8-adc0-c83c9350b6ea, -17.832510, -41.963740,2026-07-11 04:17:00,NOAA-21,MALACACHETA,MINAS GERAIS,Brasil,3139201,31,33,28,0.0,0.91,Mata Atlântica,3.3
c4b80ff1-7d9a-3e86-a419-bdf60cf76743, -10.414400, -46.202570,2026-07-11 04:17:00,NOAA-21,MATEIROS,TOCANTINS,Brasil,1712702,17,33,60,0.0,1.0,Cerrado,1.1
8185ee58-12ce-37b6-965f-40812108b77c, -15.591240, -46.811060,2026-07-11 04:17:00,NOAA-21,BURITIS,MINAS GERAIS,Brasil,3109303,31,33,27,0.0,1.0,Cerrado,1.5
341722a5-2869-3e41-a270-40d52b210e8f, -17.495200, -42.460290,2026-07-11 04:17:00,NOAA-21,MINAS NOVAS,MINAS GERAIS,Brasil,3141801,31,33,28,0.0,0.99,Cerrado,0.7
9febbb97-d2fc-315a-8bb4-a34f4c0fe09e, -10.099410, -47.984390,2026-07-11 04:17:00,NOAA-21,APARECIDA DO RIO NEGRO,TOCANTINS,Brasil,1701101,17,33,30,0.0,1.0,Cerrado,2.7
d5680ae8-a44e-3dd6-ac92-99e40bb81435, -13.383210, -54.352950,2026-07-11 04:17:00,NOAA-21,PARANATINGA,MATO GROSSO,Brasil,5106307,51,33,20,0.86,0.81,Amazônia,1.4
a70abcf7-ea54-3c0a-8f6e-c65217f9e517, -10.408690, -49.443890,2026-07-11 04:17:00,NOAA-21,PIUM,TOCANTINS,Brasil,1717503,17,33,24,0.0,1.0,Cerrado,1.1
d6d551e2-2481-39ec-a6d2-de4407fcdc42, -21.423830, -47.066130,2026-07-11 04:17:00,NOAA-21,MOCOCA,SÃO PAULO,Brasil,3530508,35,33,15,0.0,0.86,Cerrado,1.3
c54b9fac-3ca2-3f64-af0b-aee33f819bad, -12.668410, -48.229770,2026-07-11 04:17:00,NOAA-21,PARANÃ,TOCANTINS,Brasil,1716208,17,33,49,0.0,1.0,Cerrado,1.6
adba9de3-db66-3f60-aa32-e00a96d604e9, -13.361990, -54.375010,2026-07-11 04:17:00,NOAA-21,PARANATINGA,MATO GROSSO,Brasil,5106307,51,33,20,0.44,0.86,Amazônia,1.2
502ff686-95bf-3b91-ad1a-c6b4be4919c6, -10.540110, -54.864700,2026-07-11 04:17:00,NOAA-21,TERRA NOVA DO NORTE,MATO GROSSO,Brasil,5108055,51,33,19,2.9,0.85,Amazônia,1.4
519cfd20-cca6-39b7-95c0-67b9c34232ca, -18.751190, -58.495750,2026-07-11 04:17:00,NOAA-21,Chiquitos,Santa Cruz,Bolivia,80,8,28,14,6.28,0.19,,1.9
8b0b8332-b70e-3094-a1b5-08cf8bdd40e5, -10.737620, -47.265030,2026-07-11 04:17:00,NOAA-21,PONTE ALTA DO TOCANTINS,TOCANTINS,Brasil,1717909,17,33,49,0.0,1.0,Cerrado,1.3
a835c0e2-cdb8-3be8-8482-6fe442ea1a4a, -13.387890, -54.357720,2026-07-11 04:17:00,NOAA-21,PARANATINGA,MATO GROSSO,Brasil,5106307,51,33,20,0.99,0.79,Amazônia,1.9
1af7b9d3-1ed4-38be-92e1-adba51bbaa5a, -18.040880, -59.609980,2026-07-11 04:17:00,NOAA-21,Chiquitos,Santa Cruz,Bolivia,80,8,28,16,10.05,0.09,,2.5
3ceef2c0-7f29-3cd1-88d0-fa6d75c92c13, -16.390420, -43.854880,2026-07-11 04:17:00,NOAA-21,MONTES CLAROS,MINAS GERAIS,Brasil,3143302,31,33,27,0.0,1.0,Cerrado,0.7
71f7ff61-73bb-3dd2-918c-544d0596ce4a, -13.966970, -53.923770,2026-07-11 04:17:00,NOAA-21,PARANATINGA,MATO GROSSO,Brasil,5106307,51,33,21,0.2,1.0,Cerrado,1.3
4955eb52-46e4-389c-80ad-4e09a8702458, -18.337130, -59.080130,2026-07-11 04:17:00,NOAA-21,Chiquitos,Santa Cruz,Bolivia,80,8,28,15,10.79,0.07,,6.4
f591302d-bcb0-3d9c-bbfd-d9093141d515, -13.367050, -54.349450,2026-07-11 04:17:00,NOAA-21,PARANATINGA,MATO GROSSO,Brasil,5106307,51,33,20,0.54,0.87,Amazônia,2.1
1eeebfd2-b851-3acc-a364-a109394b6cec, -18.022450, -41.835090,2026-07-11 04:17:00,NOAA-21,FRANCISCÓPOLIS,MINAS GERAIS,Brasil,3126752,31,33,28,0.0,0.94,Mata Atlântica,2.7
e4b01d5b-403c-376e-8add-0824beff90bb, -12.684010, -46.507860,2026-07-11 04:17:00,NOAA-21,AURORA DO TOCANTINS,TOCANTINS,Brasil,1702703,17,33,45,0.0,1.0,Cerrado,3.6
85d8457f-5743-3264-b108-af2c729638c6, -13.254990, -45.104120,2026-07-11 04:17:00,NOAA-21,CORRENTINA,BAHIA,Brasil,2909307,29,33,49,0.0,1.0,Cerrado,1.9
6c6d95af-3cd5-3428-9971-6692913576a1, -13.552260, -39.919120,2026-07-11 04:17:00,NOAA-21,JAGUAQUARA,BAHIA,Brasil,2917607,29,33,11,5.78,0.99,Mata Atlântica,1.2
d9aaac0b-99ef-3145-9ca1-ca16efd5c5aa, -22.236840, -58.007530,2026-07-11 04:19:00,NOAA-21,La Victoria,Alto Paraguay,Paraguay,18,2,177,14,6.97,0.34,,5.8
51a869af-9b5f-39cc-adc5-07d9d07b8361, -19.836330, -40.274870,2026-07-11 04:19:00,NOAA-21,ARACRUZ,ESPÍRITO SANTO,Brasil,3200607,32,33,14,0.0,-999.0,Mata Atlântica,2.6
6c8ccf56-840e-3336-a352-22533996c4be, -23.825610, -60.050080,2026-07-11 04:19:00,NOAA-21,Villa Hayes,Presidente Hayes,Paraguay,203,17,177,21,2.29,0.91,,3.0
a07c6395-e4b9-36dc-97c1-aa327cad9b75, -22.456890, -57.657740,2026-07-11 04:19:00,NOAA-21,Concepción,Concepción,Paraguay,102,11,177,11,1.48,0.92,,2.1
e0e05328-b8d5-3a8d-b89b-bc6260de33f8, -19.303030, -47.441580,2026-07-11 04:19:00,NOAA-21,SANTA JULIANA,MINAS GERAIS,Brasil,3157708,31,33,2,0.0,0.74,Cerrado,2.1
1a06a486-c3b9-364b-b217-080215db4805, -17.491850, -59.578190,2026-07-11 04:19:00,NOAA-21,Chiquitos,Santa Cruz,Bolivia,80,8,28,14,3.52,0.52,,1.9
d1df1452-83e9-3e16-a3f7-b8d1976ce84b, -23.174810, -61.308200,2026-07-11 04:19:00,NOAA-21,Doctor Pedro P. Peña,Boquerón,Paraguay,42,6,177,31,0.0,0.92,,5.1
5a368df4-d1fc-3b04-85ec-7d90c3b76146, -23.997610, -51.385000,2026-07-11 04:19:00,NOAA-21,FAXINAL,PARANÁ,Brasil,4107603,41,33,11,7.85,0.17,Mata Atlântica,0.7
d707042e-cd4f-3723-83b6-f2d9d8492240, -22.236450, -58.004480,2026-07-11 04:19:00,NOAA-21,La Victoria,Alto Paraguay,Paraguay,18,2,177,14,6.86,0.4,,6.3
27cce704-5244-36a2-8e71-42b64a6a343f, -25.652390, -57.302600,2026-07-11 04:19:00,NOAA-21,Yaguarón,Paraguarí,Paraguay,197,16,177,9,0.1,0.88,,0.9
2c81ee33-855f-3c6e-8498-baa5097b049e, -24.446640, -54.656950,2026-07-11 04:19:00,NOAA-21,General Francisco C. Alvarez,Canindeyú,Paraguay,75,9,177,11,7.89,0.08,,1.7
e751e296-c03a-3bca-beb3-051823719693, -16.422200, -59.587760,2026-07-11 04:19:00,NOAA-21,José Miguel de Velasco,Santa Cruz,Bolivia,85,8,28,16,0.49,0.92,,6.4
683c94af-7d13-38da-8dbf-4dfe2428f490, -24.462920, -54.645930,2026-07-11 04:19:00,NOAA-21,General Francisco C. Alvarez,Canindeyú,Paraguay,75,9,177,11,8.14,0.05,,1.2
38d11f39-d7ef-3da3-8ae0-f69ec84751e3, -23.948230, -56.243360,2026-07-11 04:19:00,NOAA-21,General Isidoro Resquín,San Pedro,Paraguay,208,18,177,12,0.2,0.91,,0.9
0eed2f54-781e-3a0b-9482-85c9aec795bc, -19.940850, -41.497950,2026-07-11 04:19:00,NOAA-21,MUTUM,MINAS GERAIS,Brasil,3144003,31,33,24,0.0,1.0,Mata Atlântica,1.2
48acf2c6-96d7-3253-a75b-a58966feee0c, -24.694150, -56.835590,2026-07-11 04:19:00,NOAA-21,25 de Diciembre,San Pedro,Paraguay,204,18,177,5,0.0,0.96,,1.5
c58203d9-f222-32b2-bba8-1a651c3e54a6, -22.235490, -58.008730,2026-07-11 04:19:00,NOAA-21,La Victoria,Alto Paraguay,Paraguay,18,2,177,14,7.05,0.32,,4.7
56b77aab-8777-3eb6-a14d-dd6d79433036, -22.236320, -56.693680,2026-07-11 04:19:00,NOAA-21,Bella Vista,Amambay,Paraguay,38,4,177,11,16.86,-999.0,,2.1
814f0fac-3038-31eb-ad64-e865a91d0865, -22.235520, -56.697270,2026-07-11 04:19:00,NOAA-21,Bella Vista,Amambay,Paraguay,38,4,177,11,16.7,0.01,,2.1
25ce7092-8aa8-31ad-8abe-acc31cdf633c, -24.467330, -54.647160,2026-07-11 04:19:00,NOAA-21,General Francisco C. Alvarez,Canindeyú,Paraguay,75,9,177,11,8.25,0.05,,1.2
cc6bc7b9-8575-331a-a14d-ebeeb1bd2e50, -20.558890, -43.263200,2026-07-11 04:19:00,NOAA-21,PIRANGA,MINAS GERAIS,Brasil,3150802,31,33,20,0.0,0.84,Mata Atlântica,1.1
7672deef-7bef-319d-8459-0a273f279009, -23.174330, -61.318680,2026-07-11 04:19:00,NOAA-21,Doctor Pedro P. Peña,Boquerón,Paraguay,42,6,177,31,0.0,0.91,,4.5
8c59698c-1dc9-38dd-af0b-aa4ea6082d00, -17.494320, -59.564380,2026-07-11 04:19:00,NOAA-21,Chiquitos,Santa Cruz,Bolivia,80,8,28,14,3.43,0.53,,2.5
1de66e4e-f5cd-3817-b899-c6e0b0efe29e, -17.494990, -59.564990,2026-07-11 04:19:00,NOAA-21,Chiquitos,Santa Cruz,Bolivia,80,8,28,14,3.45,0.52,,2.0
0266f28c-f42e-3285-846d-8a799ee99f94, -17.492790, -59.570960,2026-07-11 04:19:00,NOAA-21,Chiquitos,Santa Cruz,Bolivia,80,8,28,14,3.47,0.53,,2.5
34d74c04-93be-3bc6-bc79-7a9c4702a116, -18.314440, -47.201790,2026-07-11 04:19:00,NOAA-21,COROMANDEL,MINAS GERAIS,Brasil,3119302,31,33,18,0.0,0.89,Cerrado,0.8
3593a12b-8509-3013-aa3d-00a65e82365d, -24.450590, -54.637810,2026-07-11 04:19:00,NOAA-21,General Francisco C. Alvarez,Canindeyú,Paraguay,75,9,177,11,7.87,0.06,,1.5
e37ec25c-9412-3a44-9d05-5dc21edcf3ab, -18.269970, -43.692530,2026-07-11 04:19:00,NOAA-21,DIAMANTINA,MINAS GERAIS,Brasil,3121605,31,33,27,0.0,1.0,Cerrado,0.5
420ed3da-ed44-3129-bb49-3ac4f94a67eb, -23.948310, -56.242310,2026-07-11 04:19:00,NOAA-21,General Isidoro Resquín,San Pedro,Paraguay,208,18,177,12,0.2,0.91,,0.6
d22e8350-e678-33a8-8a07-f8256aa29219, -23.171520, -61.321250,2026-07-11 04:19:00,NOAA-21,Doctor Pedro P. Peña,Boquerón,Paraguay,42,6,177,31,0.0,0.91,,5.9
4da7a849-b64a-36d5-bcf5-0622088995d6, -17.491260, -59.577590,2026-07-11 04:19:00,NOAA-21,Chiquitos,Santa Cruz,Bolivia,80,8,28,14,3.5,0.52,,1.8
065c389a-4b80-3bd0-bc52-aa44d08d17ed, -27.406190, -57.115100,2026-07-11 04:19:00,NOAA-21,Ayolas,Misiones,Paraguay,173,15,177,7,0.0,0.84,,1.5
dcbe3084-e3be-3302-96e7-b729f7459246, -16.423750, -59.580960,2026-07-11 04:19:00,NOAA-21,José Miguel de Velasco,Santa Cruz,Bolivia,85,8,28,16,0.49,0.92,,8.6
2df1899c-88d0-32e1-9f96-6eb74e05ca1e, -23.823750, -48.709950,2026-07-11 04:19:00,NOAA-21,BURI,SÃO PAULO,Brasil,3508009,35,33,14,9.24,0.04,Cerrado,1.4
6a51e081-b3e0-34db-b677-242411a0667e, -17.493430, -59.571580,2026-07-11 04:19:00,NOAA-21,Chiquitos,Santa Cruz,Bolivia,80,8,28,14,3.49,0.52,,1.9
f5f06c36-f9d3-3f29-84a4-9b1d8c53eb8a, -22.237830, -58.003280,2026-07-11 04:19:00,NOAA-21,La Victoria,Alto Paraguay,Paraguay,18,2,177,14,6.78,0.42,,4.1
3cd2c3e5-aee1-371d-8d6b-1694ceef33fd, -22.451340, -57.656340,2026-07-11 04:19:00,NOAA-21,Concepción,Concepción,Paraguay,102,11,177,12,1.51,1.0,,2.1
9c72ab45-d953-35f8-a8cc-60d798a83d1f, -22.230240, -56.696030,2026-07-11 04:19:00,NOAA-21,BELA VISTA,MATO GROSSO DO SUL,Brasil,5002100,50,33,11,16.45,0.01,Cerrado,2.1
8d7f1159-f59b-368e-a323-e5dd3ea827b4, -19.194200, -46.233500,2026-07-11 04:19:00,NOAA-21,RIO PARANAÍBA,MINAS GERAIS,Brasil,3155504,31,33,17,0.0,1.0,Cerrado,0.7
90c26856-51ee-3bc2-ab5c-1e2fdfd68894, -24.695720, -56.838790,2026-07-11 04:19:00,NOAA-21,25 de Diciembre,San Pedro,Paraguay,204,18,177,5,0.0,0.96,,1.7
2c1bdb20-c6db-3d37-8b4d-713398c7f0d3, -23.820380, -48.709300,2026-07-11 04:19:00,NOAA-21,BURI,SÃO PAULO,Brasil,3508009,35,33,14,9.34,0.04,Cerrado,1.4
49fe3413-e837-38d3-bbb0-8eb4106fcb6d, -18.269400, -43.696430,2026-07-11 04:19:00,NOAA-21,DIAMANTINA,MINAS GERAIS,Brasil,3121605,31,33,27,0.0,1.0,Cerrado,0.8
0b51946e-de67-3cd5-a24d-fbbc45f665fb, -20.353140, -41.517790,2026-07-11 04:19:00,NOAA-21,IÚNA,ESPÍRITO SANTO,Brasil,3203007,32,33,9,0.0,1.0,Mata Atlântica,1.8
9727d859-f500-3864-986f-e512f2ec1722, -27.412400, -57.110360,2026-07-11 04:19:00,NOAA-21,Ayolas,Misiones,Paraguay,173,15,177,7,0.0,0.84,,1.5
a94d31ff-9c2d-3b3b-a50b-d4646c34ab95, -23.173160, -61.314720,2026-07-11 04:19:00,NOAA-21,Doctor Pedro P. Peña,Boquerón,Paraguay,42,6,177,31,0.0,0.91,,5.1
2d125149-047f-3c14-8ec1-eabad3bded70, -23.176010, -61.312180,2026-07-11 04:19:00,NOAA-21,Doctor Pedro P. Peña,Boquerón,Paraguay,42,6,177,31,0.0,0.92,,6.4
5a938523-5649-324f-8107-78ecd601f6d0, -23.947620, -56.245530,2026-07-11 04:19:00,NOAA-21,General Isidoro Resquín,San Pedro,Paraguay,208,18,177,12,0.2,0.91,,0.5
cbfccfc9-f624-365d-8fd3-6690f3086c35, -27.407560, -57.109020,2026-07-11 04:19:00,NOAA-21,Ayolas,Misiones,Paraguay,173,15,177,7,0.0,0.84,,1.5
428453bf-fcd7-3324-ba0b-b0204463ed68, -20.353520, -41.518880,2026-07-11 04:19:00,NOAA-21,IÚNA,ESPÍRITO SANTO,Brasil,3203007,32,33,9,0.0,1.0,Mata Atlântica,1.1
bbb03b4e-2689-3d52-af31-8ccb8bb99ae9, -27.401350, -57.113770,2026-07-11 04:19:00,NOAA-21,Ayolas,Misiones,Paraguay,173,15,177,7,0.0,0.84,,1.5
906142e3-3296-3cb5-abe4-2dd2fa31e7be, -16.422600, -59.584200,2026-07-11 04:30:00,GOES-19,José Miguel de Velasco,Santa Cruz,Bolivia,85,8,28,16,0.49,0.92,,52.7
5e866079-98e0-3dae-be5a-6125ce826ee7, -16.422600, -59.584200,2026-07-11 04:40:00,GOES-19,José Miguel de Velasco,Santa Cruz,Bolivia,85,8,28,16,0.49,0.92,,52.5
844fa834-68bb-3cbb-815d-14347056af88, -16.422600, -59.584200,2026-07-11 04:50:00,GOES-19,José Miguel de Velasco,Santa Cruz,Bolivia,85,8,28,16,0.49,0.92,,53.4
9505b54b-7e96-31ac-a79e-960bf73a0c0b, -16.739600, -60.652800,2026-07-11 04:50:00,GOES-19,José Miguel de Velasco,Santa Cruz,Bolivia,85,8,28,15,5.24,0.31,,62.5
9e4cf335-fde2-31d6-8d3b-ee98fe5a4043, -16.739600, -60.652800,2026-07-11 05:00:00,GOES-19,José Miguel de Velasco,Santa Cruz,Bolivia,85,8,28,15,5.24,0.31,,59.9
c616c354-e1fd-3a8c-a4b7-06a9c58aa088, -16.422600, -59.584200,2026-07-11 05:00:00,GOES-19,José Miguel de Velasco,Santa Cruz,Bolivia,85,8,28,16,0.49,0.92,,46.9
2d4f01ab-10c3-3400-a64c-471def4cf15a,  -7.012490, -45.415330,2026-07-11 05:08:00,NOAA-20,SAMBAÍBA,MARANHÃO,Brasil,2109700,21,33,49,0.0,1.0,Cerrado,2.4
58097f43-08de-3b74-879c-f23b12adb4fe,  -2.964300, -48.990230,2026-07-11 05:08:00,NOAA-20,TAILÂNDIA,PARÁ,Brasil,1507953,15,33,3,0.0,0.19,Amazônia,3.4
021ed484-7a75-3e25-a3bd-7096e3b17d8d,  -3.547900, -54.718080,2026-07-11 05:08:00,NOAA-20,PLACAS,PARÁ,Brasil,1505650,15,33,0,0.0,0.24,Amazônia,1.4
b2031ecc-2037-3955-b2b8-89116d763f6e,  -6.080930, -44.005190,2026-07-11 05:08:00,NOAA-20,COLINAS,MARANHÃO,Brasil,2103505,21,33,15,0.0,1.0,Cerrado,1.6
4ffd621b-7616-3e82-b4ba-b1c22b76987e,  -5.826910, -43.485510,2026-07-11 05:08:00,NOAA-20,PARNARAMA,MARANHÃO,Brasil,2107803,21,33,22,0.0,1.0,Cerrado,2.7
29e68be9-232e-316d-b213-7f0321badea3,  -3.209250, -49.063330,2026-07-11 05:08:00,NOAA-20,MOJU,PARÁ,Brasil,1504703,15,33,1,0.0,0.76,Amazônia,2.6
b6f39eb1-2319-3f53-b9e6-8100706cabe1,  -7.012700, -42.777370,2026-07-11 05:08:00,NOAA-20,NAZARÉ DO PIAUÍ,PIAUÍ,Brasil,2206704,22,33,23,0.0,1.0,Caatinga,3.5
5063a7cf-1daa-3570-9b02-ae0082370e30,  -4.338990, -47.766570,2026-07-11 05:08:00,NOAA-20,DOM ELISEU,PARÁ,Brasil,1502939,15,33,13,0.0,0.87,Amazônia,0.8
57557fc5-f472-3bef-af1f-360902145151,  -2.967080, -48.991580,2026-07-11 05:08:00,NOAA-20,TAILÂNDIA,PARÁ,Brasil,1507953,15,33,3,0.0,0.31,Amazônia,2.7
0c1dc78a-e396-3fb7-bbb2-63c9905c8aea,  -6.483160, -42.222730,2026-07-11 05:08:00,NOAA-20,VÁRZEA GRANDE,PIAUÍ,Brasil,2211407,22,33,55,0.0,0.99,Caatinga,3.5
b96fbf9c-42f2-341a-b954-95a7a5d001ba,  -7.013530, -42.771070,2026-07-11 05:08:00,NOAA-20,NAZARÉ DO PIAUÍ,PIAUÍ,Brasil,2206704,22,33,23,0.0,1.0,Caatinga,2.6
767e3889-bbaf-3577-b399-972f0ef7cc65,  -7.006620, -42.770020,2026-07-11 05:08:00,NOAA-20,NAZARÉ DO PIAUÍ,PIAUÍ,Brasil,2206704,22,33,23,0.0,1.0,Caatinga,1.2
e0cc6566-7bfa-334a-ad43-e12ccfc56401,  -5.828390, -43.481640,2026-07-11 05:08:00,NOAA-20,PARNARAMA,MARANHÃO,Brasil,2107803,21,33,22,0.0,1.0,Cerrado,4.8
b0e0a832-18b7-3906-b796-61a435a11fe6,  -2.765850, -48.575680,2026-07-11 05:08:00,NOAA-20,TAILÂNDIA,PARÁ,Brasil,1507953,15,33,5,0.0,0.14,Amazônia,1.3
323a14f8-fff5-3ad1-bfa3-3661f37d6f46,  -2.770310, -48.576350,2026-07-11 05:08:00,NOAA-20,TAILÂNDIA,PARÁ,Brasil,1507953,15,33,5,0.0,0.14,Amazônia,0.5
33cfa19e-96c5-347d-bb67-b339277431cc,  -3.979260, -48.432430,2026-07-11 05:08:00,NOAA-20,GOIANÉSIA DO PARÁ,PARÁ,Brasil,1503093,15,33,4,0.0,0.57,Amazônia,3.6
4b285839-bf81-3926-a573-b432f3a01492,  -5.827670, -43.479930,2026-07-11 05:08:00,NOAA-20,PARNARAMA,MARANHÃO,Brasil,2107803,21,33,22,0.0,1.0,Cerrado,4.0
c511f493-77dd-390a-8e53-45fd5a5eee01,  -7.010470, -45.417650,2026-07-11 05:08:00,NOAA-20,SÃO RAIMUNDO DAS MANGABEIRAS,MARANHÃO,Brasil,2111607,21,33,48,0.0,1.0,Cerrado,3.5
5f56ab76-0453-378b-9f26-f430a4b0de6a,  -4.817600, -42.978520,2026-07-11 05:08:00,NOAA-20,CAXIAS,MARANHÃO,Brasil,2103000,21,33,13,0.0,0.64,Cerrado,2.6
d6bbfe3c-032e-310e-bde7-1fc78cd44460,    .196600, -60.499380,2026-07-11 05:08:00,NOAA-20,RORAINÓPOLIS,RORAIMA,Brasil,1400472,14,33,3,0.0,0.02,Amazônia,0.8
83dc2e69-a5cd-37ac-8138-22ae078d703e,  -1.878610, -54.681450,2026-07-11 05:08:00,NOAA-20,ALENQUER,PARÁ,Brasil,1500404,15,33,5,0.0,0.88,Amazônia,6.2
d68cbb9b-b4b7-3302-b4cd-50717f7e8623,  -6.081810, -43.998700,2026-07-11 05:08:00,NOAA-20,COLINAS,MARANHÃO,Brasil,2103505,21,33,15,0.0,1.0,Cerrado,1.6
b60598f0-b237-37b5-9d9a-6fc843fd212b,  -4.347260, -47.769430,2026-07-11 05:08:00,NOAA-20,DOM ELISEU,PARÁ,Brasil,1502939,15,33,14,0.0,0.64,Amazônia,7.0
d8379914-7c19-3513-9e4d-f0356889e4c2,  -3.979970, -48.427750,2026-07-11 05:08:00,NOAA-20,GOIANÉSIA DO PARÁ,PARÁ,Brasil,1503093,15,33,3,0.0,0.69,Amazônia,3.6
111a9990-7817-3dfc-8ec4-024d78426412,  -2.485970, -47.092430,2026-07-11 05:08:00,NOAA-20,GARRAFÃO DO NORTE,PARÁ,Brasil,1503077,15,33,2,0.2,0.53,Amazônia,1.7
b8cfb161-de86-3d21-8202-474fea49043c,  -6.482230, -42.229600,2026-07-11 05:08:00,NOAA-20,VÁRZEA GRANDE,PIAUÍ,Brasil,2211407,22,33,55,0.0,0.99,Caatinga,3.5
4b58eaf9-6309-3343-8f72-d12701a9ed5d,  -8.112470, -47.578660,2026-07-11 05:08:00,NOAA-20,GOIATINS,TOCANTINS,Brasil,1709005,17,33,23,0.0,1.0,Cerrado,0.5
a705854e-1cf5-3721-b422-53fdd766022d,  -4.613890, -49.052190,2026-07-11 05:08:00,NOAA-20,JACUNDÁ,PARÁ,Brasil,1503804,15,33,3,0.0,1.0,Amazônia,1.7
7f74ba8d-d5d6-3e9b-ab6a-7835cf8a1243,  -4.343210, -47.763330,2026-07-11 05:08:00,NOAA-20,DOM ELISEU,PARÁ,Brasil,1502939,15,33,14,0.0,0.86,Amazônia,10.3
bb601c0f-5d15-338b-8685-3726cb09c7b8,  -6.487560, -42.221230,2026-07-11 05:08:00,NOAA-20,VÁRZEA GRANDE,PIAUÍ,Brasil,2211407,22,33,56,0.0,0.99,Caatinga,3.7
be39d2e1-4759-3ecb-bb23-ebdb80c79c72,  -5.417860, -45.294820,2026-07-11 05:08:00,NOAA-20,BARRA DO CORDA,MARANHÃO,Brasil,2101608,21,33,14,0.0,0.74,Cerrado,2.8
caacc405-b926-300f-898f-6ebc984702c1,  -2.018160, -47.572640,2026-07-11 05:08:00,NOAA-20,MÃE DO RIO,PARÁ,Brasil,1504059,15,33,0,1.74,0.53,Amazônia,1.6
6932a358-333e-3e75-8439-08e052859bf4,  -2.962730, -48.990920,2026-07-11 05:08:00,NOAA-20,TAILÂNDIA,PARÁ,Brasil,1507953,15,33,3,0.0,0.33,Amazônia,1.0
03895d1a-c2bf-3a63-8ed8-418686ed5fe8,    .197250, -60.503520,2026-07-11 05:08:00,NOAA-20,RORAINÓPOLIS,RORAIMA,Brasil,1400472,14,33,3,0.0,0.02,Amazônia,0.8
c4279019-9fab-35b1-ae8d-6b420611a69b,  -6.495520, -42.215570,2026-07-11 05:08:00,NOAA-20,VÁRZEA GRANDE,PIAUÍ,Brasil,2211407,22,33,56,0.0,0.99,Caatinga,3.7
868b2222-8924-3d1b-bf35-0c5aaaff1c4e,  -4.343000, -47.772640,2026-07-11 05:08:00,NOAA-20,DOM ELISEU,PARÁ,Brasil,1502939,15,33,14,0.0,0.72,Amazônia,3.5
9cb16481-5f89-343a-827a-c6b522778a3d,  -4.820150, -42.980930,2026-07-11 05:08:00,NOAA-20,CAXIAS,MARANHÃO,Brasil,2103000,21,33,13,0.0,0.65,Cerrado,1.7
43428cf2-4ad8-3480-87d1-fa176acfb0e6,  -4.821000, -42.975070,2026-07-11 05:08:00,NOAA-20,CAXIAS,MARANHÃO,Brasil,2103000,21,33,13,0.0,0.65,Cerrado,1.9
a4f16007-5935-370e-84f4-f42a3d34ca3f,  -5.566260, -43.828530,2026-07-11 05:08:00,NOAA-20,BURITI BRAVO,MARANHÃO,Brasil,2102309,21,33,14,0.0,0.8,Cerrado,2.0
5b2e1b76-2625-389a-af96-d96c52fa1162,  -7.011890, -45.419590,2026-07-11 05:08:00,NOAA-20,SÃO RAIMUNDO DAS MANGABEIRAS,MARANHÃO,Brasil,2111607,21,33,47,0.0,1.0,Cerrado,2.4
9d9a9062-d18f-3426-8057-d59176ae73c0,  -2.802840, -48.593380,2026-07-11 05:08:00,NOAA-20,TAILÂNDIA,PARÁ,Brasil,1507953,15,33,5,0.0,0.64,Amazônia,1.3
c2ade756-cceb-32a3-b52f-7bbc05f0e3c7,  -7.011870, -42.783630,2026-07-11 05:08:00,NOAA-20,NAZARÉ DO PIAUÍ,PIAUÍ,Brasil,2206704,22,33,23,0.0,1.0,Caatinga,3.5
80cc9741-8877-3d95-8cf5-b6d9f7148c54,  -6.486740, -42.227570,2026-07-11 05:08:00,NOAA-20,VÁRZEA GRANDE,PIAUÍ,Brasil,2211407,22,33,56,0.0,0.99,Caatinga,5.3
d55c4280-fdbd-375f-948e-74e2f21afb5b,  -4.366880, -55.771520,2026-07-11 05:08:00,NOAA-20,ITAITUBA,PARÁ,Brasil,1503606,15,33,4,0.0,0.24,Amazônia,2.0
0cdf9d3c-0e95-3166-9353-de21802e5b04,  -8.117660, -47.579290,2026-07-11 05:08:00,NOAA-20,GOIATINS,TOCANTINS,Brasil,1709005,17,33,23,0.0,1.0,Cerrado,0.5
727001e5-c2b4-3316-8016-a036c678bba3,  -7.056600, -55.457710,2026-07-11 05:08:00,NOAA-20,NOVO PROGRESSO,PARÁ,Brasil,1505031,15,33,1,0.57,0.98,Amazônia,0.9
c10806b9-e226-3b84-9e8d-37c4b510633e,  -8.116260, -47.577790,2026-07-11 05:08:00,NOAA-20,GOIATINS,TOCANTINS,Brasil,1709005,17,33,23,0.0,1.0,Cerrado,1.0
63913b09-4403-3a63-b6ae-3b67d78a666c,  -5.418450, -45.290700,2026-07-11 05:08:00,NOAA-20,BARRA DO CORDA,MARANHÃO,Brasil,2101608,21,33,14,0.0,0.79,Cerrado,2.0
1214c125-bc9a-3fd5-9cfc-1d3bf3ecf705,  -2.803910, -48.594950,2026-07-11 05:08:00,NOAA-20,TAILÂNDIA,PARÁ,Brasil,1507953,15,33,5,0.0,0.57,Amazônia,1.2
b84f3863-417b-3b8a-9674-8035a2f1aa0e,  -4.618340, -49.052780,2026-07-11 05:08:00,NOAA-20,JACUNDÁ,PARÁ,Brasil,1503804,15,33,3,0.0,1.0,Amazônia,1.7
c6eb41d3-402c-386f-9f1b-5e775fad3004,  -4.343820, -47.767300,2026-07-11 05:08:00,NOAA-20,DOM ELISEU,PARÁ,Brasil,1502939,15,33,14,0.0,0.68,Amazônia,20.2
0e23c899-92b4-329d-85ee-9de7c6bcfa39,  -3.213600, -49.063980,2026-07-11 05:08:00,NOAA-20,MOJU,PARÁ,Brasil,1504703,15,33,1,0.0,0.57,Amazônia,2.6
b0aebbb0-7d92-37aa-b84b-598995d64768,  -4.342430, -47.768660,2026-07-11 05:08:00,NOAA-20,DOM ELISEU,PARÁ,Brasil,1502939,15,33,14,0.0,0.68,Amazônia,7.0
bffdf68e-49f7-3b7b-9d6e-90d676e0b19f, -10.383430, -49.584540,2026-07-11 05:10:00,NOAA-20,PIUM,TOCANTINS,Brasil,1717503,17,33,51,0.0,1.0,Cerrado,4.7
e367cb4f-9285-31e2-adc9-35b9d5fc5e2e, -12.456810, -49.583800,2026-07-11 05:10:00,NOAA-20,SANDOLÂNDIA,TOCANTINS,Brasil,1718840,17,33,33,0.0,1.0,Cerrado,4.9
5cfe6c20-5cef-3aa7-a400-3fa03f30eaab, -12.460830, -49.585710,2026-07-11 05:10:00,NOAA-20,SANDOLÂNDIA,TOCANTINS,Brasil,1718840,17,33,34,0.0,1.0,Cerrado,4.3
2513ec00-bab2-3a85-8076-ea0122cf95d7, -14.742420, -48.199890,2026-07-11 05:10:00,NOAA-20,NIQUELÂNDIA,GOIÁS,Brasil,5214606,52,33,42,0.0,1.0,Cerrado,1.0
25bc4ede-03ed-3a30-b202-55b8560fc850, -12.688120, -46.508390,2026-07-11 05:10:00,NOAA-20,AURORA DO TOCANTINS,TOCANTINS,Brasil,1702703,17,33,44,0.0,1.0,Cerrado,1.1
40c87c42-cae6-3f31-9a8c-4fb14096eeab, -10.540740, -54.867060,2026-07-11 05:10:00,NOAA-20,TERRA NOVA DO NORTE,MATO GROSSO,Brasil,5108055,51,33,19,2.9,0.75,Amazônia,1.0
1f3f0ae1-4fc1-36b5-8574-df29bb55c8e2, -13.979050, -53.926980,2026-07-11 05:10:00,NOAA-20,PARANATINGA,MATO GROSSO,Brasil,5106307,51,33,21,0.2,1.0,Cerrado,0.7
13499d3a-4a6d-3b08-8576-182454de46aa,  -8.724860, -47.841610,2026-07-11 05:10:00,NOAA-20,ITACAJÁ,TOCANTINS,Brasil,1710508,17,33,23,0.0,1.0,Cerrado,1.6
84d01e67-ccdb-3304-92e6-17096546db5d, -10.384100, -49.579600,2026-07-11 05:10:00,NOAA-20,PIUM,TOCANTINS,Brasil,1717503,17,33,49,0.0,1.0,Cerrado,4.7
8fe52d3b-faf4-3868-be83-00d9baf642bf, -10.123290, -50.175370,2026-07-11 05:10:00,NOAA-20,PIUM,TOCANTINS,Brasil,1717503,17,33,69,2.43,0.96,Cerrado,3.3
709c7409-e414-3a7b-b03a-912d4f90a4de, -12.823280, -44.345330,2026-07-11 05:10:00,NOAA-20,BAIANÓPOLIS,BAHIA,Brasil,2902500,29,33,48,0.0,0.95,Cerrado,7.5
e0525165-105a-3a46-ab44-8a177d92daff, -12.451990, -49.583210,2026-07-11 05:10:00,NOAA-20,SANDOLÂNDIA,TOCANTINS,Brasil,1718840,17,33,33,0.0,1.0,Cerrado,9.8
51a11f67-fb31-358d-a1fa-7248fdc6a8bf, -10.095280, -47.982380,2026-07-11 05:10:00,NOAA-20,APARECIDA DO RIO NEGRO,TOCANTINS,Brasil,1701101,17,33,30,0.0,1.0,Cerrado,2.7
80f69e5d-16db-3077-b57a-7bc83b368d66, -15.683410, -47.513800,2026-07-11 05:10:00,NOAA-20,BRASÍLIA,DISTRITO FEDERAL,Brasil,5300108,53,33,28,0.1,1.0,Cerrado,0.6
3a77727d-a465-3efd-b748-a9026bfcdba7, -12.681160, -46.516450,2026-07-11 05:10:00,NOAA-20,AURORA DO TOCANTINS,TOCANTINS,Brasil,1702703,17,33,44,0.0,1.0,Cerrado,1.0
5356d49a-5c0c-3e65-b3bb-4b86eadf7292, -10.100910, -47.979770,2026-07-11 05:10:00,NOAA-20,APARECIDA DO RIO NEGRO,TOCANTINS,Brasil,1701101,17,33,29,0.0,1.0,Cerrado,2.8
17a62655-a212-3d69-83e7-86cec0e6d1ee, -12.848960, -44.360870,2026-07-11 05:10:00,NOAA-20,BAIANÓPOLIS,BAHIA,Brasil,2902500,29,33,49,0.1,0.95,Cerrado,7.2
2f784de6-f14e-3e26-a1d0-c7fb81ee8265, -10.378770, -49.583850,2026-07-11 05:10:00,NOAA-20,PIUM,TOCANTINS,Brasil,1717503,17,33,49,0.0,1.0,Cerrado,4.7
6050f0a4-3aaa-3894-a132-7573ec2d52ba, -15.227180, -52.685810,2026-07-11 05:10:00,NOAA-20,BARRA DO GARÇAS,MATO GROSSO,Brasil,5101803,51,33,20,0.0,1.0,Cerrado,0.8
313fd653-f319-3efe-859b-745fabeb4f42, -10.102020, -47.980390,2026-07-11 05:10:00,NOAA-20,APARECIDA DO RIO NEGRO,TOCANTINS,Brasil,1701101,17,33,29,0.0,1.0,Cerrado,0.8
38f77e5d-f35d-3f5e-959b-cbe2cf3d7f7e, -14.742950, -48.195440,2026-07-11 05:10:00,NOAA-20,NIQUELÂNDIA,GOIÁS,Brasil,5214606,52,33,42,0.0,1.0,Cerrado,1.0
7c024eca-e194-3e08-9ce7-c77a0f2f070f, -13.763450, -46.264060,2026-07-11 05:10:00,NOAA-20,GUARANI DE GOIÁS,GOIÁS,Brasil,5209408,52,33,39,0.0,1.0,Cerrado,0.8
de47ae56-83dc-3262-9352-c79d2ba57f31, -15.689200, -47.514250,2026-07-11 05:10:00,NOAA-20,BRASÍLIA,DISTRITO FEDERAL,Brasil,5300108,53,33,28,0.1,1.0,Cerrado,2.0
e6bfbb52-42aa-3823-9bf2-7b0a10168c63, -13.252820, -45.100930,2026-07-11 05:10:00,NOAA-20,CORRENTINA,BAHIA,Brasil,2909307,29,33,49,0.0,1.0,Cerrado,2.0
e95761d5-513c-31af-a46a-545be67a9fd1, -10.388770, -49.580280,2026-07-11 05:10:00,NOAA-20,PIUM,TOCANTINS,Brasil,1717503,17,33,51,0.0,1.0,Cerrado,1.3
06401563-929b-3691-b697-2242f22a7bd3, -12.687600, -46.512740,2026-07-11 05:10:00,NOAA-20,AURORA DO TOCANTINS,TOCANTINS,Brasil,1702703,17,33,44,0.0,1.0,Cerrado,1.0
74205a79-1867-3025-accc-e1223f881b57, -13.383500, -54.354400,2026-07-11 05:10:00,NOAA-20,PARANATINGA,MATO GROSSO,Brasil,5106307,51,33,20,0.87,0.81,Amazônia,1.5
989cd659-78b0-391d-955e-383263ff0eff, -12.456680, -49.579800,2026-07-11 05:10:00,NOAA-20,SANDOLÂNDIA,TOCANTINS,Brasil,1718840,17,33,32,0.0,1.0,Cerrado,4.4
ff0f8809-168c-36e0-a35f-b5d96f75b25a,  -8.736330, -48.328010,2026-07-11 05:10:00,NOAA-20,GUARAÍ,TOCANTINS,Brasil,1709302,17,33,23,0.0,0.87,Cerrado,2.1
940d0aec-d94e-3d59-b33d-dbc414653d52, -10.826130, -49.379690,2026-07-11 05:10:00,NOAA-20,SANTA RITA DO TOCANTINS,TOCANTINS,Brasil,1718899,17,33,54,0.5,0.87,Cerrado,1.0
e5c61c04-6bc7-35b4-9baf-45eb0e9c84b4, -12.848280, -44.366980,2026-07-11 05:10:00,NOAA-20,BAIANÓPOLIS,BAHIA,Brasil,2902500,29,33,49,0.1,0.95,Cerrado,7.2
7fad9051-45d0-32e3-ad66-f3d20e6f52db, -13.258680, -45.107490,2026-07-11 05:10:00,NOAA-20,CORRENTINA,BAHIA,Brasil,2909307,29,33,49,0.0,1.0,Cerrado,2.0
97b04095-49ef-3340-86d4-4503b7225aa6,  -8.501880, -48.064100,2026-07-11 05:10:00,NOAA-20,ITAPIRATINS,TOCANTINS,Brasil,1710904,17,33,23,0.0,1.0,Cerrado,2.0
430f8932-736b-3fd0-b8fa-afb677fd6f27, -12.456010, -49.585190,2026-07-11 05:10:00,NOAA-20,SANDOLÂNDIA,TOCANTINS,Brasil,1718840,17,33,33,0.0,1.0,Cerrado,4.3
4cf2913e-dd62-3e94-a57a-e8e176c8d1cd, -13.396160, -54.343390,2026-07-11 05:10:00,NOAA-20,PARANATINGA,MATO GROSSO,Brasil,5106307,51,33,21,1.16,0.78,Amazônia,1.4
9c18b3b1-abf4-35ab-af4f-973ff43197a8,  -8.506910, -48.064900,2026-07-11 05:10:00,NOAA-20,ITAPIRATINS,TOCANTINS,Brasil,1710904,17,33,23,0.0,1.0,Cerrado,1.6
208b596a-d620-3d37-ab0a-c763bc66db97, -15.588760, -46.811210,2026-07-11 05:10:00,NOAA-20,BURITIS,MINAS GERAIS,Brasil,3109303,31,33,27,0.0,1.0,Cerrado,1.2
4fdbd77e-4277-3f8c-aa72-3866f840054f, -12.850440, -44.367420,2026-07-11 05:10:00,NOAA-20,BAIANÓPOLIS,BAHIA,Brasil,2902500,29,33,49,0.1,0.95,Cerrado,9.7
e8d0d5ff-2ad6-387a-96e7-1c0058c4525f, -13.382880, -54.358610,2026-07-11 05:10:00,NOAA-20,PARANATINGA,MATO GROSSO,Brasil,5106307,51,33,20,0.86,0.81,Amazônia,1.5
8510e8d6-f7d3-3d0a-b1dd-ac2be81cd1e2, -10.096400, -47.983010,2026-07-11 05:10:00,NOAA-20,APARECIDA DO RIO NEGRO,TOCANTINS,Brasil,1701101,17,33,30,0.0,1.0,Cerrado,3.1
9e550dd5-1f08-3187-bce6-ec22794a8b9f, -15.589260, -46.806430,2026-07-11 05:10:00,NOAA-20,BURITIS,MINAS GERAIS,Brasil,3109303,31,33,27,0.0,1.0,Cerrado,1.2
79a5cdf8-2d1b-3c57-991f-22003773671d, -10.122180, -50.172480,2026-07-11 05:10:00,NOAA-20,PIUM,TOCANTINS,Brasil,1717503,17,33,69,2.46,0.97,Cerrado,2.6
aeb943f5-58ee-3456-a6fc-411d1352531d,  -8.501480, -48.067020,2026-07-11 05:10:00,NOAA-20,ITAPIRATINS,TOCANTINS,Brasil,1710904,17,33,23,0.0,1.0,Cerrado,1.1
195bb70f-58ac-35fb-a35c-f505bbaf972b,  -8.899990, -48.328800,2026-07-11 05:10:00,NOAA-20,TUPIRAMA,TOCANTINS,Brasil,1721257,17,33,23,0.0,1.0,Cerrado,4.1
60560f0e-3d9f-3f22-9f83-ceb60513b2d7, -12.823960, -44.339180,2026-07-11 05:10:00,NOAA-20,BAIANÓPOLIS,BAHIA,Brasil,2902500,29,33,48,0.0,0.95,Cerrado,8.9
63f5db3e-ef45-3e7b-a3b0-5968c026415e, -13.251600, -45.112030,2026-07-11 05:10:00,NOAA-20,CORRENTINA,BAHIA,Brasil,2909307,29,33,49,0.0,1.0,Cerrado,2.1
4cb56062-7315-3711-b6cd-21ffff2f1e9d,  -8.506510, -48.067860,2026-07-11 05:10:00,NOAA-20,ITAPIRATINS,TOCANTINS,Brasil,1710904,17,33,23,0.0,1.0,Cerrado,1.2
ad06c6a4-a6b1-308f-ad7f-374ebc524015, -12.451860, -49.579200,2026-07-11 05:10:00,NOAA-20,SANDOLÂNDIA,TOCANTINS,Brasil,1718840,17,33,32,0.01,1.0,Cerrado,4.7
f734a4c3-ea1e-39b6-919e-d1cb3829bdf5, -13.763960, -46.259520,2026-07-11 05:10:00,NOAA-20,GUARANI DE GOIÁS,GOIÁS,Brasil,5209408,52,33,39,0.0,1.0,Cerrado,0.8
d0cd1e70-2e00-39eb-8939-0caec301092a, -10.736400, -47.269090,2026-07-11 05:10:00,NOAA-20,PONTE ALTA DO TOCANTINS,TOCANTINS,Brasil,1717909,17,33,49,0.0,1.0,Cerrado,1.0
1489f098-a54a-3d5e-837b-0e7184af267e,  -9.570850, -49.102320,2026-07-11 05:10:00,NOAA-20,ABREULÂNDIA,TOCANTINS,Brasil,1700251,17,33,26,0.26,1.0,Cerrado,1.1
58440eb9-6d0b-3f36-8706-b536ed0b75b7, -10.095720, -47.979070,2026-07-11 05:10:00,NOAA-20,APARECIDA DO RIO NEGRO,TOCANTINS,Brasil,1701101,17,33,29,0.0,1.0,Cerrado,2.7
0693eb52-506b-35f9-bda9-b116848b5af0,  -8.719730, -47.840790,2026-07-11 05:10:00,NOAA-20,ITACAJÁ,TOCANTINS,Brasil,1710508,17,33,23,0.0,1.0,Cerrado,1.6
69f65617-91db-3000-b8f0-c9bebd605891, -12.844320, -44.360500,2026-07-11 05:10:00,NOAA-20,BAIANÓPOLIS,BAHIA,Brasil,2902500,29,33,49,0.1,0.95,Cerrado,5.9
a3c0007c-2929-3e47-886c-442fa15816c0, -13.967930, -53.925280,2026-07-11 05:10:00,NOAA-20,PARANATINGA,MATO GROSSO,Brasil,5106307,51,33,21,0.2,1.0,Cerrado,1.1
312e0e57-1f8d-3a3a-9ec1-bdd614a68b45, -13.757710, -46.260220,2026-07-11 05:10:00,NOAA-20,GUARANI DE GOIÁS,GOIÁS,Brasil,5209408,52,33,39,0.0,1.0,Cerrado,0.8
fe741ca6-c5e4-3379-a994-e01fe5d1fadf, -13.322890, -54.340970,2026-07-11 05:10:00,NOAA-20,PARANATINGA,MATO GROSSO,Brasil,5106307,51,33,23,0.1,0.92,Amazônia,0.9
7229a711-5f63-3f24-be6f-b74a62d06058,  -9.162980, -50.892090,2026-07-11 05:10:00,NOAA-20,SANTANA DO ARAGUAIA,PARÁ,Brasil,1506708,15,33,69,1.12,1.0,Amazônia,1.4
bb0b9a8f-620f-3577-a016-a5be73e9c1de, -13.437210, -43.845250,2026-07-11 05:10:00,NOAA-20,SERRA DO RAMALHO,BAHIA,Brasil,2930154,29,33,48,0.14,1.0,Cerrado,3.6
0ace171c-99f5-3ad3-9aa0-de46e2dfae50, -13.258080, -45.112930,2026-07-11 05:10:00,NOAA-20,CORRENTINA,BAHIA,Brasil,2909307,29,33,49,0.0,1.0,Cerrado,2.1
a80c4c09-3f46-35e1-a0ca-9d9e1dd34a00, -12.851080, -44.361320,2026-07-11 05:10:00,NOAA-20,BAIANÓPOLIS,BAHIA,Brasil,2902500,29,33,49,0.1,0.95,Cerrado,5.9
1ecd1ff9-6671-3ba3-9d41-37c1483b2771,  -8.722510, -47.839760,2026-07-11 05:10:00,NOAA-20,ITACAJÁ,TOCANTINS,Brasil,1710508,17,33,23,0.0,1.0,Cerrado,2.1
1c5ae694-9fbf-3aeb-a072-168f0a236636, -12.451190, -49.584550,2026-07-11 05:10:00,NOAA-20,SANDOLÂNDIA,TOCANTINS,Brasil,1718840,17,33,33,0.0,1.0,Cerrado,6.5
9b636a1e-b676-3e7e-9b7c-5f433afc9a14,  -9.415840, -48.214000,2026-07-11 05:10:00,NOAA-20,TOCANTÍNIA,TOCANTINS,Brasil,1721109,17,33,51,0.0,1.0,Cerrado,2.5
27ab360f-55dd-3f59-bf6e-92aece75b648, -10.736860, -47.265450,2026-07-11 05:10:00,NOAA-20,PONTE ALTA DO TOCANTINS,TOCANTINS,Brasil,1717909,17,33,49,0.0,1.0,Cerrado,1.0
71e5e20e-607f-342f-b17e-97a990312f54, -12.682170, -46.507870,2026-07-11 05:10:00,NOAA-20,AURORA DO TOCANTINS,TOCANTINS,Brasil,1702703,17,33,45,0.0,1.0,Cerrado,1.1
e7996afc-12d8-30db-90a1-2680b734e76c, -13.975340, -53.926440,2026-07-11 05:10:00,NOAA-20,PARANATINGA,MATO GROSSO,Brasil,5106307,51,33,21,0.2,1.0,Cerrado,1.3
9cc1ae6f-22c1-3161-9393-352a48709c5e, -10.407220, -49.445410,2026-07-11 05:10:00,NOAA-20,PIUM,TOCANTINS,Brasil,1717503,17,33,23,0.0,1.0,Cerrado,1.9
701c226f-300f-353c-a2e2-c2d7c7b8e2d4, -10.118820, -50.174750,2026-07-11 05:10:00,NOAA-20,PIUM,TOCANTINS,Brasil,1717503,17,33,68,2.52,0.86,Cerrado,3.3
bf8f7c80-7529-3325-9ec1-9887f35b3231, -14.741910, -48.204210,2026-07-11 05:10:00,NOAA-20,NIQUELÂNDIA,GOIÁS,Brasil,5214606,52,33,42,0.0,0.96,Cerrado,2.7
c67a9b29-4f38-38bb-b310-029cee386cee, -11.711080, -47.804310,2026-07-11 05:10:00,NOAA-20,CHAPADA DA NATIVIDADE,TOCANTINS,Brasil,1705102,17,33,49,0.0,1.0,Cerrado,0.7
2cd39d0b-9d9e-3a8c-a6e0-9e6a9d82e880, -12.687090, -46.517040,2026-07-11 05:10:00,NOAA-20,AURORA DO TOCANTINS,TOCANTINS,Brasil,1702703,17,33,44,0.0,1.0,Cerrado,1.0
b818d735-a213-3374-9a72-0cc27e70ff92, -10.117710, -50.171860,2026-07-11 05:10:00,NOAA-20,PIUM,TOCANTINS,Brasil,1717503,17,33,68,2.55,0.93,Cerrado,2.6
5d47f2ae-7260-3bf6-a7f0-8d3342ed46af, -12.824630, -44.333030,2026-07-11 05:10:00,NOAA-20,BAIANÓPOLIS,BAHIA,Brasil,2902500,29,33,48,0.0,0.95,Cerrado,8.9
0af6eb85-1d80-3949-abd1-b8da1c463331,  -8.722080, -47.842880,2026-07-11 05:10:00,NOAA-20,ITACAJÁ,TOCANTINS,Brasil,1710508,17,33,23,0.0,1.0,Cerrado,2.8
37f02025-6a8f-31b8-8e23-e99f6e60961e, -10.402490, -49.444820,2026-07-11 05:10:00,NOAA-20,PIUM,TOCANTINS,Brasil,1717503,17,33,23,0.0,1.0,Cerrado,1.6
38eeb168-74cf-369b-bc7e-38205cdd9269, -10.100470, -47.983050,2026-07-11 05:10:00,NOAA-20,APARECIDA DO RIO NEGRO,TOCANTINS,Brasil,1701101,17,33,30,0.0,1.0,Cerrado,2.1
561f75fc-190a-35f5-a1f8-31437beb8021, -11.882520, -47.657250,2026-07-11 05:10:00,NOAA-20,NATIVIDADE,TOCANTINS,Brasil,1714203,17,33,49,0.0,1.0,Cerrado,2.7
7ab7e2e3-b5f7-3941-a5be-550400c22c6a,  -9.222720, -48.580110,2026-07-11 05:10:00,NOAA-20,MIRANORTE,TOCANTINS,Brasil,1713304,17,33,74,0.0,1.0,Cerrado,3.9
a4d0cc9b-bff2-3166-8512-f678cf2e365d, -10.096830, -47.979680,2026-07-11 05:10:00,NOAA-20,APARECIDA DO RIO NEGRO,TOCANTINS,Brasil,1701101,17,33,29,0.0,1.0,Cerrado,2.7
21b07293-0fd4-3ced-8a55-864f30d5cbc9, -12.461630, -49.584310,2026-07-11 05:10:00,NOAA-20,SANDOLÂNDIA,TOCANTINS,Brasil,1718840,17,33,34,0.0,1.0,Cerrado,4.9
39fdb74a-4e8b-3bb1-8c93-844c9c303e87, -15.227680, -52.682120,2026-07-11 05:10:00,NOAA-20,BARRA DO GARÇAS,MATO GROSSO,Brasil,5101803,51,33,20,0.0,1.0,Cerrado,0.5
5b239e72-424c-329f-944e-7d1ac20259b5, -11.877100, -47.656470,2026-07-11 05:10:00,NOAA-20,NATIVIDADE,TOCANTINS,Brasil,1714203,17,33,49,0.0,1.0,Cerrado,2.2
2726fec9-9c24-311b-8298-a1f1ac5498d6, -12.681670, -46.512140,2026-07-11 05:10:00,NOAA-20,AURORA DO TOCANTINS,TOCANTINS,Brasil,1702703,17,33,45,0.0,1.0,Cerrado,1.0
082becc6-2360-3cc0-9006-0685adf4bbd0, -13.252200, -45.106570,2026-07-11 05:10:00,NOAA-20,CORRENTINA,BAHIA,Brasil,2909307,29,33,49,0.0,1.0,Cerrado,2.0
10218fa8-ca69-3ee7-904e-3d05cdc34c93,  -8.507310, -48.061940,2026-07-11 05:10:00,NOAA-20,ITAPIRATINS,TOCANTINS,Brasil,1710904,17,33,23,0.0,1.0,Cerrado,1.6
e5271300-d4a3-3248-a53c-66e78716b854, -10.379440, -49.578900,2026-07-11 05:10:00,NOAA-20,PIUM,TOCANTINS,Brasil,1717503,17,33,47,0.0,1.0,Cerrado,4.7
74cf6eac-bbb9-339d-b7a9-8f4b300201dd, -10.097240, -47.976410,2026-07-11 05:10:00,NOAA-20,APARECIDA DO RIO NEGRO,TOCANTINS,Brasil,1701101,17,33,28,0.0,1.0,Cerrado,2.7
e93f8159-86b3-3c38-b217-e3c6de7129f1, -10.413830, -46.200260,2026-07-11 05:10:00,NOAA-20,MATEIROS,TOCANTINS,Brasil,1712702,17,33,59,0.0,1.0,Cerrado,1.4
4ba3cefc-324b-3c7b-96b2-21a20c939bcc, -15.684170, -47.514200,2026-07-11 05:10:00,NOAA-20,BRASÍLIA,DISTRITO FEDERAL,Brasil,5300108,53,33,28,0.1,1.0,Cerrado,1.8
7fff2fcd-5978-39a5-9fd3-a4d4989a5f96, -11.710640, -47.807790,2026-07-11 05:10:00,NOAA-20,CHAPADA DA NATIVIDADE,TOCANTINS,Brasil,1705102,17,33,49,0.0,1.0,Cerrado,0.7
008ec52e-ad19-3175-8e46-c4fadd08ede7, -16.403650, -61.807700,2026-07-11 05:12:00,NOAA-20,Ñuflo de Chávez,Santa Cruz,Bolivia,78,8,28,14,1.43,0.66,,3.5
56535c72-e834-39a5-8b7e-55b0f1a517d1, -16.422670, -59.576110,2026-07-11 05:12:00,NOAA-20,José Miguel de Velasco,Santa Cruz,Bolivia,85,8,28,16,0.48,0.93,,6.2
79a93648-e922-3e52-8495-475ef56c9eed, -16.943880, -60.635460,2026-07-11 05:12:00,NOAA-20,José Miguel de Velasco,Santa Cruz,Bolivia,85,8,28,16,0.42,0.95,,1.0
113ccac3-c424-3810-9d31-edd55bbce996, -18.030360, -59.609440,2026-07-11 05:12:00,NOAA-20,Chiquitos,Santa Cruz,Bolivia,80,8,28,16,9.96,0.09,,4.5
735f1630-13d7-34df-83e0-0aa647126bff, -15.875310, -61.302080,2026-07-11 05:12:00,NOAA-20,José Miguel de Velasco,Santa Cruz,Bolivia,85,8,28,16,2.29,0.57,,2.0
023703d6-5bcd-3ac8-928d-a013fb0ed38c, -18.348430, -59.090860,2026-07-11 05:12:00,NOAA-20,Chiquitos,Santa Cruz,Bolivia,80,8,28,14,10.04,0.08,,0.9
f50cb4a4-8385-3b7e-bc68-10db96b913c1, -18.330630, -59.054100,2026-07-11 05:12:00,NOAA-20,Chiquitos,Santa Cruz,Bolivia,80,8,28,15,11.69,0.06,,2.5
5ea12f53-0186-3f70-98eb-5bc5f261afd2, -18.347450, -59.075760,2026-07-11 05:12:00,NOAA-20,Chiquitos,Santa Cruz,Bolivia,80,8,28,14,10.41,0.07,,2.1
7713c00a-657a-347f-af9e-3ded7658b131, -15.001540, -63.892700,2026-07-11 05:12:00,NOAA-20,Marbán,El Beni,Bolivia,28,3,28,16,13.63,0.02,,1.7
186f5c64-adc4-32c4-a117-0a433dcce505, -18.346870, -59.079400,2026-07-11 05:12:00,NOAA-20,Chiquitos,Santa Cruz,Bolivia,80,8,28,14,10.34,0.07,,2.1
0c25a5c9-aa36-3214-822d-3e8c8e196c7b, -15.631500, -64.019970,2026-07-11 05:12:00,NOAA-20,Marbán,El Beni,Bolivia,28,3,28,16,1.66,0.51,,0.7
190c51eb-1e57-3b91-8c0d-e7e8a8b0be7c, -18.271020, -59.043620,2026-07-11 05:12:00,NOAA-20,Chiquitos,Santa Cruz,Bolivia,80,8,28,15,14.11,0.03,,1.0
c33532e9-a0c8-3209-8efb-4b943b6a52ac, -16.600230, -62.299400,2026-07-11 05:12:00,NOAA-20,Ñuflo de Chávez,Santa Cruz,Bolivia,78,8,28,16,2.05,0.61,,1.1
5a310cdb-a1ff-30ec-87a4-68ae3172a324, -15.823840, -61.257390,2026-07-11 05:12:00,NOAA-20,José Miguel de Velasco,Santa Cruz,Bolivia,85,8,28,16,3.13,0.5,,8.3
c857b750-1aca-37b6-8446-9a120211d799, -17.260600, -61.012330,2026-07-11 05:12:00,NOAA-20,Chiquitos,Santa Cruz,Bolivia,80,8,28,14,3.63,0.49,,1.0
964909c1-4ef4-37d8-9094-0586e6cdca16, -17.495450, -59.553960,2026-07-11 05:12:00,NOAA-20,Chiquitos,Santa Cruz,Bolivia,80,8,28,14,3.35,0.53,,9.5
a5759f59-6725-3df2-a7e7-4ae015078393, -16.362390, -59.680550,2026-07-11 05:12:00,NOAA-20,José Miguel de Velasco,Santa Cruz,Bolivia,85,8,28,16,0.27,0.97,,0.8
82070d63-5594-38f9-a933-4191997bd376, -17.726510, -60.030270,2026-07-11 05:12:00,NOAA-20,Chiquitos,Santa Cruz,Bolivia,80,8,28,15,4.4,0.39,,7.1
a617c1de-dd67-37d9-b82b-04a4afd0c70e, -17.144500, -60.548930,2026-07-11 05:12:00,NOAA-20,José Miguel de Velasco,Santa Cruz,Bolivia,85,8,28,16,1.39,0.83,,1.2
16c8843c-2940-3b5b-959c-e2dc5e86fb29, -21.425240, -47.066800,2026-07-11 05:12:00,NOAA-20,MOCOCA,SÃO PAULO,Brasil,3530508,35,33,15,0.0,0.85,Cerrado,2.1
7cb67602-821c-3bfa-8dc0-a5a1a2f1b8c5, -16.390900, -59.275820,2026-07-11 05:12:00,NOAA-20,José Miguel de Velasco,Santa Cruz,Bolivia,85,8,28,14,0.12,0.93,,0.5
7a1c2afa-9f6f-316c-93ff-2fbb01407a2b, -16.366980, -59.589600,2026-07-11 05:12:00,NOAA-20,José Miguel de Velasco,Santa Cruz,Bolivia,85,8,28,16,0.12,0.99,,0.8
b55ee5fe-36f6-38aa-b4fb-04fd7ce808e4, -16.419310, -59.575520,2026-07-11 05:12:00,NOAA-20,José Miguel de Velasco,Santa Cruz,Bolivia,85,8,28,16,0.44,0.93,,6.3
24b4ce0f-9649-3cc6-88e1-f88be31b6858, -16.666240, -61.049840,2026-07-11 05:12:00,NOAA-20,José Miguel de Velasco,Santa Cruz,Bolivia,85,8,28,16,1.87,0.73,,1.5
e772bbf2-057c-3efc-83ee-789cfd6c298c, -16.100380, -60.387420,2026-07-11 05:12:00,NOAA-20,José Miguel de Velasco,Santa Cruz,Bolivia,85,8,28,16,0.85,0.93,,0.7
c97eaf6b-b3b9-3d97-a132-6db827384671, -17.728650, -60.038390,2026-07-11 05:12:00,NOAA-20,Chiquitos,Santa Cruz,Bolivia,80,8,28,15,4.49,0.38,,7.2
bc9facc8-36a6-30f8-a0a5-21d4333a3301, -17.830490, -60.102270,2026-07-11 05:12:00,NOAA-20,Chiquitos,Santa Cruz,Bolivia,80,8,28,15,7.01,0.22,,1.3
c0a85845-4ae9-304e-a19e-ea2da5c80084, -15.593890, -61.813800,2026-07-11 05:12:00,NOAA-20,Ñuflo de Chávez,Santa Cruz,Bolivia,78,8,28,16,6.78,0.13,,1.4
c504f0cc-b4be-326d-85e2-1eb8f3777cdf, -16.758880, -66.560340,2026-07-11 05:12:00,NOAA-20,Ayopaya,Cochabamba,Bolivia,13,2,28,31,0.0,0.85,,2.7
4d247e84-7193-3422-a2cc-065015e721a2, -15.709350, -61.928360,2026-07-11 05:12:00,NOAA-20,Ñuflo de Chávez,Santa Cruz,Bolivia,78,8,28,16,3.46,0.61,,2.1
93b72285-d5e5-3088-9dbc-2a51a1889e49, -17.624240, -60.434570,2026-07-11 05:12:00,NOAA-20,Chiquitos,Santa Cruz,Bolivia,80,8,28,16,7.66,0.21,,1.2
adea0ab1-2ad0-3e56-ae4d-32fabf8256ae, -17.603400, -61.696960,2026-07-11 05:12:00,NOAA-20,Chiquitos,Santa Cruz,Bolivia,80,8,28,28,0.4,1.0,,1.8
848adfb8-a84e-389e-a675-d23c43b95ba1, -18.751930, -58.496450,2026-07-11 05:12:00,NOAA-20,Chiquitos,Santa Cruz,Bolivia,80,8,28,14,6.27,0.19,,2.8
49d5ad2c-7084-3f90-9446-035771e970c4, -18.326160, -59.060780,2026-07-11 05:12:00,NOAA-20,Chiquitos,Santa Cruz,Bolivia,80,8,28,15,11.73,0.05,,2.0
341e91a4-ffc4-3ff9-b685-8cec7ac0e3e8, -15.929270, -61.917630,2026-07-11 05:12:00,NOAA-20,Ñuflo de Chávez,Santa Cruz,Bolivia,78,8,28,16,3.61,0.35,,1.3
f5de2ae5-185e-3598-b618-078c3d0baddc, -15.733880, -61.985110,2026-07-11 05:12:00,NOAA-20,Ñuflo de Chávez,Santa Cruz,Bolivia,78,8,28,16,3.73,0.28,,1.8
56155efa-640d-349e-be72-cfd1db3b2c41, -16.408780, -59.566550,2026-07-11 05:12:00,NOAA-20,José Miguel de Velasco,Santa Cruz,Bolivia,85,8,28,16,0.38,0.96,,1.1
910b23c0-78fa-3705-b716-cc0e86132650, -15.006140, -63.894910,2026-07-11 05:12:00,NOAA-20,Marbán,El Beni,Bolivia,28,3,28,16,13.57,0.02,,2.4
cf13234f-6384-3bfd-aa53-8411d9a9f46a, -18.339820, -59.081850,2026-07-11 05:12:00,NOAA-20,Chiquitos,Santa Cruz,Bolivia,80,8,28,15,10.62,0.07,,2.3
c6d1b196-a84e-332d-b3a7-2c36e6f00693, -16.405750, -61.817230,2026-07-11 05:12:00,NOAA-20,Ñuflo de Chávez,Santa Cruz,Bolivia,78,8,28,14,1.31,0.67,,7.9
dfb48934-ebc7-3947-89df-fcd9e692ae54, -15.593950, -61.801970,2026-07-11 05:12:00,NOAA-20,Ñuflo de Chávez,Santa Cruz,Bolivia,78,8,28,16,7.21,0.12,,1.4
1a406cba-47f1-3db9-83ca-141b66c97bcc, -15.728060, -61.974490,2026-07-11 05:12:00,NOAA-20,Ñuflo de Chávez,Santa Cruz,Bolivia,78,8,28,16,3.65,0.29,,4.9
59376d74-d5f2-34ff-9a0d-c99db73b0caa, -17.479950, -59.543650,2026-07-11 05:12:00,NOAA-20,Chiquitos,Santa Cruz,Bolivia,80,8,28,14,3.03,0.59,,1.1
b6bb23cb-d51d-314a-948f-daa44e20ef42, -16.928750, -60.640790,2026-07-11 05:12:00,NOAA-20,José Miguel de Velasco,Santa Cruz,Bolivia,85,8,28,16,0.73,0.87,,1.5
0b443f7c-4c55-31bc-a50e-218bdfdc51cc, -16.400250, -59.576440,2026-07-11 05:12:00,NOAA-20,José Miguel de Velasco,Santa Cruz,Bolivia,85,8,28,16,0.35,0.95,,0.4
72e674e1-ea1b-36f3-8272-363ed42eac76, -20.375990, -59.139170,2026-07-11 05:12:00,NOAA-20,Fuerte Olimpo,Alto Paraguay,Paraguay,17,2,177,15,8.02,0.35,,1.4
f43f1d2b-f0b9-3026-8a57-3f4d4c96f319, -18.340390, -59.078210,2026-07-11 05:12:00,NOAA-20,Chiquitos,Santa Cruz,Bolivia,80,8,28,15,10.67,0.07,,1.3
e71786ad-5a3b-3461-89ea-f2667765e55b, -15.760370, -60.953160,2026-07-11 05:12:00,NOAA-20,José Miguel de Velasco,Santa Cruz,Bolivia,85,8,28,16,1.5,0.88,,0.5
c6613c52-27ed-3ea5-a001-867f080e6ca0, -16.438600, -59.299240,2026-07-11 05:12:00,NOAA-20,José Miguel de Velasco,Santa Cruz,Bolivia,85,8,28,10,0.1,0.93,,0.4
b3b2e20e-3f9d-3f77-9b77-7c3b5e25d300, -16.738200, -60.647970,2026-07-11 05:12:00,NOAA-20,José Miguel de Velasco,Santa Cruz,Bolivia,85,8,28,15,5.29,0.3,,3.7
44ad365b-3fc4-3afe-bb66-28645907989e, -17.409760, -60.055570,2026-07-11 05:12:00,NOAA-20,Chiquitos,Santa Cruz,Bolivia,80,8,28,15,1.59,0.77,,1.0
61e84483-2e3a-34f1-bd6c-dad86878cd20, -16.295170, -61.501810,2026-07-11 05:12:00,NOAA-20,José Miguel de Velasco,Santa Cruz,Bolivia,85,8,28,16,8.67,0.12,,0.9
01a9eba3-4ccf-3e19-9628-c61193876510, -16.422060, -59.579800,2026-07-11 05:12:00,NOAA-20,José Miguel de Velasco,Santa Cruz,Bolivia,85,8,28,16,0.47,0.92,,6.2
6705dd49-8b9c-3a4b-9adb-e9df99bc2f7c, -16.406970, -59.577630,2026-07-11 05:12:00,NOAA-20,José Miguel de Velasco,Santa Cruz,Bolivia,85,8,28,16,0.4,0.95,,1.4
e58456c9-b743-3548-a21b-87c004423f73, -17.494250, -59.561310,2026-07-11 05:12:00,NOAA-20,Chiquitos,Santa Cruz,Bolivia,80,8,28,14,3.4,0.53,,10.1
4685cd1e-c103-393a-a86d-da41f782d821, -17.477210, -59.539380,2026-07-11 05:12:00,NOAA-20,Chiquitos,Santa Cruz,Bolivia,80,8,28,14,2.97,0.59,,1.1
88afa574-1252-3617-9cb8-686c330d07bb, -17.490910, -59.560720,2026-07-11 05:12:00,NOAA-20,Chiquitos,Santa Cruz,Bolivia,80,8,28,14,3.33,0.54,,4.0
3418093c-67c9-3f20-b3ed-a99f054a5a88, -16.365480, -59.305200,2026-07-11 05:12:00,NOAA-20,José Miguel de Velasco,Santa Cruz,Bolivia,85,8,28,14,0.2,0.92,,0.5
dc4d3fb3-ddb0-32ff-9754-07c14fd0c09a, -17.734560, -60.762780,2026-07-11 05:12:00,NOAA-20,Chiquitos,Santa Cruz,Bolivia,80,8,28,15,4.68,0.57,,2.6
b1c2994f-8ef8-3a33-bad4-93d043d9b8a7, -16.120170, -60.459750,2026-07-11 05:12:00,NOAA-20,José Miguel de Velasco,Santa Cruz,Bolivia,85,8,28,16,0.7,0.96,,0.6
fddfa7f3-d90b-3a28-aa83-fd1cb0ad5719, -18.635970, -62.804590,2026-07-11 05:12:00,NOAA-20,Cordillera,Santa Cruz,Bolivia,81,8,28,31,0.0,0.98,,10.5
4ab21a2b-6003-3862-a9fe-32ce92f183c4, -15.005000, -63.897580,2026-07-11 05:12:00,NOAA-20,Marbán,El Beni,Bolivia,28,3,28,16,13.66,0.02,,1.7
487099e4-5499-3ee0-8895-89ec45530dec, -17.732630, -60.035240,2026-07-11 05:12:00,NOAA-20,Chiquitos,Santa Cruz,Bolivia,80,8,28,15,4.45,0.38,,7.2
3317077d-f636-3dd6-95ed-0d92829e063e, -16.337370, -59.496820,2026-07-11 05:12:00,NOAA-20,José Miguel de Velasco,Santa Cruz,Bolivia,85,8,28,16,0.1,1.0,,0.8
f227fdc1-1afe-3d74-b08d-5537e7e3aec1, -15.912580, -61.372630,2026-07-11 05:12:00,NOAA-20,José Miguel de Velasco,Santa Cruz,Bolivia,85,8,28,16,1.35,0.66,,1.1
5815506d-0b07-3a10-8254-637a4a7ddd88, -16.363000, -59.676850,2026-07-11 05:12:00,NOAA-20,José Miguel de Velasco,Santa Cruz,Bolivia,85,8,28,16,0.25,0.97,,0.8
2d8f01d2-2816-3b56-82a3-7f6f564dddf1, -17.492450, -59.572340,2026-07-11 05:12:00,NOAA-20,Chiquitos,Santa Cruz,Bolivia,80,8,28,14,3.47,0.52,,6.2
331a99bc-a4ff-39cb-9e29-01cbcbcfce0a, -16.342180, -59.677020,2026-07-11 05:12:00,NOAA-20,José Miguel de Velasco,Santa Cruz,Bolivia,85,8,28,16,0.1,0.98,,0.3
50508963-2804-3de7-8e5c-170c42560046, -16.404970, -61.821670,2026-07-11 05:12:00,NOAA-20,Ñuflo de Chávez,Santa Cruz,Bolivia,78,8,28,14,1.3,0.67,,7.9
1b9c0e19-61d8-3735-9049-7d394c162733, -19.560460, -62.908010,2026-07-11 05:12:00,NOAA-20,Cordillera,Santa Cruz,Bolivia,81,8,28,31,0.0,0.93,,1.3
20ca8f7a-3b10-3459-b69e-48e2edb4a02f, -17.692300, -60.992680,2026-07-11 05:12:00,NOAA-20,Chiquitos,Santa Cruz,Bolivia,80,8,28,15,3.1,0.89,,5.7
73dc5d3e-edc0-3ed7-8e47-4945f7d78ff0, -16.407570, -59.573940,2026-07-11 05:12:00,NOAA-20,José Miguel de Velasco,Santa Cruz,Bolivia,85,8,28,16,0.4,0.95,,1.4
d4d44653-421a-3d24-aeff-081bff0b41c5, -15.915420, -61.377650,2026-07-11 05:12:00,NOAA-20,José Miguel de Velasco,Santa Cruz,Bolivia,85,8,28,16,1.3,0.67,,1.1
33bb6fad-7235-398b-a899-d9fd5959d7a3, -18.357930, -59.010440,2026-07-11 05:12:00,NOAA-20,Chiquitos,Santa Cruz,Bolivia,80,8,28,15,10.09,0.28,,1.4
67e7236b-fa01-321e-88c9-299070039081, -16.389280, -59.601210,2026-07-11 05:12:00,NOAA-20,José Miguel de Velasco,Santa Cruz,Bolivia,85,8,28,16,0.34,0.96,,0.6
9899fe86-1193-31ee-b39d-269f96081f48, -17.729890, -60.030880,2026-07-11 05:12:00,NOAA-20,Chiquitos,Santa Cruz,Bolivia,80,8,28,15,4.41,0.39,,11.4
f8ba3642-2fab-335b-b339-7dde27c620f0, -16.410330, -59.578240,2026-07-11 05:12:00,NOAA-20,José Miguel de Velasco,Santa Cruz,Bolivia,85,8,28,16,0.4,0.94,,0.7
b6c66bf7-2401-3774-9a1d-87890a9fb71a, -16.394240, -59.276410,2026-07-11 05:12:00,NOAA-20,José Miguel de Velasco,Santa Cruz,Bolivia,85,8,28,14,0.1,0.93,,0.5
f5309a98-7f4d-3943-8569-d4ef912e1204, -16.108340, -60.445450,2026-07-11 05:12:00,NOAA-20,José Miguel de Velasco,Santa Cruz,Bolivia,85,8,28,16,0.66,0.97,,2.5
6b86f5e5-8ed5-37d5-a373-762b813826c7, -16.298220, -62.113280,2026-07-11 05:12:00,NOAA-20,Ñuflo de Chávez,Santa Cruz,Bolivia,78,8,28,15,0.43,0.81,,3.6
1bdaff98-590f-394c-b7cb-d4a2e9424ec7, -21.126970, -54.375210,2026-07-11 05:12:00,NOAA-20,NOVA ALVORADA DO SUL,MATO GROSSO DO SUL,Brasil,5006002,50,33,15,0.0,1.0,Cerrado,0.8
11479f68-fca2-384e-99a3-d2df12b9eace, -20.154470, -54.403740,2026-07-11 05:12:00,NOAA-20,JARAGUARI,MATO GROSSO DO SUL,Brasil,5004908,50,33,16,0.0,0.99,Cerrado,1.1
1f76cf89-c099-3ba8-bfd1-442b542cab95, -18.042820, -59.611600,2026-07-11 05:12:00,NOAA-20,Chiquitos,Santa Cruz,Bolivia,80,8,28,16,10.01,0.09,,1.0
5cb4ccc6-45db-3e6d-8811-5d922737d33d, -16.366070, -59.658250,2026-07-11 05:12:00,NOAA-20,José Miguel de Velasco,Santa Cruz,Bolivia,85,8,28,16,0.21,0.97,,1.8
df591aa4-beb4-39ab-865c-98fde8cc2cf4, -18.041560, -59.603890,2026-07-11 05:12:00,NOAA-20,Chiquitos,Santa Cruz,Bolivia,80,8,28,16,10.24,0.08,,0.3
19128a8f-1880-393d-8de3-76dac05b0f65, -15.729340, -61.989010,2026-07-11 05:12:00,NOAA-20,Ñuflo de Chávez,Santa Cruz,Bolivia,78,8,28,16,3.9,0.28,,4.6
4f521e95-09d1-307d-b64f-cc7c5e567bc2, -16.080300, -61.679820,2026-07-11 05:12:00,NOAA-20,Ñuflo de Chávez,Santa Cruz,Bolivia,78,8,28,16,2.9,0.44,,1.1
37a119af-b962-3f90-b83b-66dcee51cebe, -16.407060, -61.831280,2026-07-11 05:12:00,NOAA-20,Ñuflo de Chávez,Santa Cruz,Bolivia,78,8,28,14,1.26,0.68,,1.2
83dd7fc6-1f44-313b-a256-58f22a4fa0f4, -17.695900, -61.041960,2026-07-11 05:12:00,NOAA-20,Chiquitos,Santa Cruz,Bolivia,80,8,28,16,2.57,0.99,,1.8
ff4312b8-9970-3aca-93d4-7c68ac95a5a1, -15.000770, -63.896740,2026-07-11 05:12:00,NOAA-20,Marbán,El Beni,Bolivia,28,3,28,16,13.72,0.02,,1.7
b182e98e-05c1-3931-a03f-89fa657fadec, -16.345880, -59.654590,2026-07-11 05:12:00,NOAA-20,José Miguel de Velasco,Santa Cruz,Bolivia,85,8,28,16,0.05,0.99,,1.0
d43faeda-353a-3da9-b11c-5709c59a1cd3, -18.038220, -59.603280,2026-07-11 05:12:00,NOAA-20,Chiquitos,Santa Cruz,Bolivia,80,8,28,16,10.23,0.08,,0.3
7bb72c4a-e7db-3d2f-8846-6cb0325ade71, -18.775910, -58.515180,2026-07-11 05:12:00,NOAA-20,Chiquitos,Santa Cruz,Bolivia,80,8,28,14,6.01,0.2,,2.8
e2e6410a-efbc-3e9e-a062-3add8a828e1a, -18.035230, -59.621690,2026-07-11 05:12:00,NOAA-20,Chiquitos,Santa Cruz,Bolivia,80,8,28,16,9.55,0.1,,0.7
3492f463-2f75-3d65-88b6-6f02d707bfce, -18.328480, -59.046260,2026-07-11 05:12:00,NOAA-20,Chiquitos,Santa Cruz,Bolivia,80,8,28,15,11.79,0.05,,3.0
fec1303b-205e-3b2b-bde8-5b9134a2e4cd, -18.345710, -59.086650,2026-07-11 05:12:00,NOAA-20,Chiquitos,Santa Cruz,Bolivia,80,8,28,14,10.23,0.08,,1.0
a2bba715-9ee0-3f4e-a9ed-ad5c657cc8d4, -15.914670, -61.381960,2026-07-11 05:12:00,NOAA-20,José Miguel de Velasco,Santa Cruz,Bolivia,85,8,28,16,1.31,0.66,,2.5
301d4599-2daf-30ce-87ca-365b11801bac, -18.632230, -62.803840,2026-07-11 05:12:00,NOAA-20,Cordillera,Santa Cruz,Bolivia,81,8,28,31,0.03,0.98,,10.5
359d713d-2ea9-3eec-989e-a2869f0b38ef, -17.485770, -59.571170,2026-07-11 05:12:00,NOAA-20,Chiquitos,Santa Cruz,Bolivia,80,8,28,14,3.33,0.55,,6.2
29075fd0-aaa3-3b4f-a14c-faaaa80da3c5, -19.565320, -62.923470,2026-07-11 05:12:00,NOAA-20,Cordillera,Santa Cruz,Bolivia,81,8,28,31,0.0,0.92,,1.5
c3c34ddd-60d6-3b12-a238-6b6466cb868b, -17.962480, -61.704030,2026-07-11 05:12:00,NOAA-20,Chiquitos,Santa Cruz,Bolivia,80,8,28,20,4.21,0.64,,4.3
23260410-e06b-35f0-b802-882dee90453a, -18.273160, -59.051460,2026-07-11 05:12:00,NOAA-20,Chiquitos,Santa Cruz,Bolivia,80,8,28,15,14.26,0.03,,1.5
718e9228-2761-3825-9ce6-4ae06b3f486f, -20.375410, -59.142840,2026-07-11 05:12:00,NOAA-20,Fuerte Olimpo,Alto Paraguay,Paraguay,17,2,177,15,8.04,0.3,,1.2
8cf023c6-3614-361c-9f2c-ef361dd272fa, -18.031900, -59.621080,2026-07-11 05:12:00,NOAA-20,Chiquitos,Santa Cruz,Bolivia,80,8,28,16,9.53,0.1,,0.7
a8723e48-6586-3a7a-978a-1c710e4735d0, -16.753810, -66.560460,2026-07-11 05:12:00,NOAA-20,Ayopaya,Cochabamba,Bolivia,13,2,28,31,0.0,0.85,,2.0
bcec7e94-a838-350d-b22d-d72cf3e5e78a, -17.658080, -60.732410,2026-07-11 05:12:00,NOAA-20,Chiquitos,Santa Cruz,Bolivia,80,8,28,14,6.26,0.78,,0.9
83966a83-737c-3fef-af09-caccc783545a, -17.624890, -60.430720,2026-07-11 05:12:00,NOAA-20,Chiquitos,Santa Cruz,Bolivia,80,8,28,16,7.53,0.2,,1.2
f04b6b31-dd19-3b85-beda-1a2484ba8876, -17.488510, -59.575440,2026-07-11 05:12:00,NOAA-20,Chiquitos,Santa Cruz,Bolivia,80,8,28,14,3.43,0.53,,6.2
0afd408f-b844-3cc8-885d-d69b04b8e561, -16.111270, -60.470300,2026-07-11 05:12:00,NOAA-20,José Miguel de Velasco,Santa Cruz,Bolivia,85,8,28,16,0.7,0.98,,1.5
91479cbf-edf2-305e-9dac-3482efe9d4af, -15.594710, -61.809260,2026-07-11 05:12:00,NOAA-20,Ñuflo de Chávez,Santa Cruz,Bolivia,78,8,28,16,6.92,0.13,,1.4
e0ed4b5e-4f4e-3723-9290-1e23a6e55b0d, -17.661510, -60.733040,2026-07-11 05:12:00,NOAA-20,Chiquitos,Santa Cruz,Bolivia,80,8,28,14,6.21,0.52,,0.9
d4c74cc1-50f8-344c-8ca8-3598d6859fc2, -16.410930, -59.574540,2026-07-11 05:12:00,NOAA-20,José Miguel de Velasco,Santa Cruz,Bolivia,85,8,28,16,0.4,0.94,,0.7
7fb9e8b0-d0a2-33f1-bcec-0419f0bc94b5, -16.730620, -60.650630,2026-07-11 05:12:00,NOAA-20,José Miguel de Velasco,Santa Cruz,Bolivia,85,8,28,15,5.33,0.3,,3.3
55784fdb-6094-3392-b99f-3f1154824d79, -15.757550, -60.948400,2026-07-11 05:12:00,NOAA-20,José Miguel de Velasco,Santa Cruz,Bolivia,85,8,28,16,1.5,0.88,,1.2
4f04af95-ffc8-3079-a1ab-0b1cccfb6e19, -15.001920, -63.894060,2026-07-11 05:12:00,NOAA-20,Marbán,El Beni,Bolivia,28,3,28,16,13.65,0.02,,1.2
abf9c237-24d8-3cd3-9d66-5742d3423f5a, -17.491250, -59.579710,2026-07-11 05:12:00,NOAA-20,Chiquitos,Santa Cruz,Bolivia,80,8,28,14,3.52,0.52,,3.9
69a5227d-4852-3197-bfe7-3ab1e715b62d, -17.480550, -59.539970,2026-07-11 05:12:00,NOAA-20,Chiquitos,Santa Cruz,Bolivia,80,8,28,14,3.07,0.58,,1.1
79dc60a9-cc36-3464-88a4-059f8378075a, -17.732010, -60.038990,2026-07-11 05:12:00,NOAA-20,Chiquitos,Santa Cruz,Bolivia,80,8,28,15,4.49,0.38,,7.2
7102a20e-2fc2-376a-9233-c203db767536, -17.693220, -61.050950,2026-07-11 05:12:00,NOAA-20,Chiquitos,Santa Cruz,Bolivia,80,8,28,16,2.52,0.99,,0.8
58f23bdc-7b79-30f8-b515-52a1e36aad3c, -16.418700, -59.579210,2026-07-11 05:12:00,NOAA-20,José Miguel de Velasco,Santa Cruz,Bolivia,85,8,28,16,0.44,0.93,,6.3
2717844f-bbee-306f-9d8d-029e8d6b21bb, -17.489110, -59.571760,2026-07-11 05:12:00,NOAA-20,Chiquitos,Santa Cruz,Bolivia,80,8,28,14,3.4,0.53,,6.2
227a8b20-4a20-3626-89af-7b6e7d60d906, -16.495600, -59.834400,2026-07-11 05:12:00,NOAA-20,José Miguel de Velasco,Santa Cruz,Bolivia,85,8,28,15,1.29,0.85,,1.1
79417bc1-e36b-35a4-874f-c4d10c671810, -18.033690, -59.610050,2026-07-11 05:12:00,NOAA-20,Chiquitos,Santa Cruz,Bolivia,80,8,28,16,9.98,0.09,,4.5
080086a7-27d8-34db-b857-120fcaf574dc, -17.523850, -62.860060,2026-07-11 05:12:00,NOAA-20,Andrés Ibáñez,Santa Cruz,Bolivia,79,8,28,24,0.5,1.0,,3.2
d4fdc426-d909-340e-83c2-36331384d65c, -18.341560, -59.070950,2026-07-11 05:12:00,NOAA-20,Chiquitos,Santa Cruz,Bolivia,80,8,28,15,10.81,0.07,,3.0
6f199a99-7d45-3d0d-b608-dc6442e73660, -16.413080, -59.582550,2026-07-11 05:12:00,NOAA-20,José Miguel de Velasco,Santa Cruz,Bolivia,85,8,28,16,0.42,0.93,,0.7
4e002bce-dee6-3e2b-a011-eed8a39d3b69, -17.490310, -59.564400,2026-07-11 05:12:00,NOAA-20,Chiquitos,Santa Cruz,Bolivia,80,8,28,14,3.35,0.54,,4.4
3757d999-4be8-3d56-afe5-9d1170f030ad, -17.460420, -60.469430,2026-07-11 05:12:00,NOAA-20,Chiquitos,Santa Cruz,Bolivia,80,8,28,15,3.8,0.68,,0.7
e0be256c-f630-3c6c-91f8-9170b87f42d6, -17.966050, -61.704720,2026-07-11 05:12:00,NOAA-20,Chiquitos,Santa Cruz,Bolivia,80,8,28,20,4.12,0.65,,4.3
0073d8b3-dbac-3215-b88e-1da839d3d710, -17.251070, -60.440260,2026-07-11 05:12:00,NOAA-20,Chiquitos,Santa Cruz,Bolivia,80,8,28,16,1.0,0.81,,0.4
bf4346a0-980f-39ee-885e-6fe83a7b9834, -15.591050, -61.796680,2026-07-11 05:12:00,NOAA-20,Ñuflo de Chávez,Santa Cruz,Bolivia,78,8,28,16,7.41,0.12,,1.2
580d9a24-f144-3951-ada4-0a9c44947466, -15.914080, -61.364050,2026-07-11 05:12:00,NOAA-20,José Miguel de Velasco,Santa Cruz,Bolivia,85,8,28,16,1.32,0.66,,1.9
943983c6-199a-347d-b145-874d100b889e, -17.462660, -59.544370,2026-07-11 05:12:00,NOAA-20,Chiquitos,Santa Cruz,Bolivia,80,8,28,14,2.65,0.64,,0.7
21027413-c699-343b-be8a-11b902d14594, -16.367290, -59.650790,2026-07-11 05:12:00,NOAA-20,José Miguel de Velasco,Santa Cruz,Bolivia,85,8,28,16,0.22,0.97,,1.5
a50681b0-8133-38cd-aeb5-a933d64e24f8, -18.085890, -59.642040,2026-07-11 05:12:00,NOAA-20,Chiquitos,Santa Cruz,Bolivia,80,8,28,15,8.62,0.26,,2.9
65f1d560-e1e8-3930-bd8f-62e64b3c2e34, -16.119220, -60.423160,2026-07-11 05:12:00,NOAA-20,José Miguel de Velasco,Santa Cruz,Bolivia,85,8,28,16,0.8,0.95,,0.8
7c1d388f-1847-3742-85d7-26e7dde25299, -14.728410, -65.312240,2026-07-11 05:12:00,NOAA-20,Moxos,El Beni,Bolivia,29,3,28,16,5.08,0.61,,1.3
60e15fa3-b093-3fc8-aad9-b2d1a7bb6b27, -16.424190, -59.587790,2026-07-11 05:12:00,NOAA-20,José Miguel de Velasco,Santa Cruz,Bolivia,85,8,28,16,0.5,0.92,,2.7
71ad0fa5-840a-33bc-aeb3-0cf91ed4895f, -18.127520, -59.702620,2026-07-11 05:12:00,NOAA-20,Chiquitos,Santa Cruz,Bolivia,80,8,28,16,6.82,0.21,,1.2
54a448c4-22e6-37c4-b9ac-ba9009093aac, -18.346610, -59.060650,2026-07-11 05:12:00,NOAA-20,Chiquitos,Santa Cruz,Bolivia,80,8,28,14,10.82,0.07,,2.0
5d5b8a1f-d2c9-3f37-b8ca-7fbf2427f254, -16.400000, -61.807000,2026-07-11 05:12:00,NOAA-20,Ñuflo de Chávez,Santa Cruz,Bolivia,78,8,28,14,1.5,0.65,,3.5
cfb9083c-cd91-330d-9cec-b3d595178b4a, -16.389890, -59.597490,2026-07-11 05:12:00,NOAA-20,José Miguel de Velasco,Santa Cruz,Bolivia,85,8,28,16,0.34,0.96,,0.5
5c6bd9dd-5224-35b2-b8a6-67b881042ad9, -17.140400, -60.552190,2026-07-11 05:12:00,NOAA-20,José Miguel de Velasco,Santa Cruz,Bolivia,85,8,28,16,1.35,0.83,,4.1
884ab662-a0b7-3e60-96ea-e39e280f5e1d, -18.324010, -59.052940,2026-07-11 05:12:00,NOAA-20,Chiquitos,Santa Cruz,Bolivia,80,8,28,15,11.98,0.05,,2.1
bc1c1fd5-5680-3824-bad1-807a0d78e8c7, -18.034040, -59.629050,2026-07-11 05:12:00,NOAA-20,Chiquitos,Santa Cruz,Bolivia,80,8,28,16,9.31,0.11,,0.8
c9ee1eac-3ee6-30bf-ae87-5205edb62cc3, -17.695770, -60.993330,2026-07-11 05:12:00,NOAA-20,Chiquitos,Santa Cruz,Bolivia,80,8,28,15,3.06,0.86,,5.7
42d8a2b6-f30a-38bb-b2c9-dc573a2cc4e6, -14.742410, -69.041620,2026-07-11 05:12:00,NOAA-20,Franz Tamayo,La Paz,Bolivia,36,4,28,9,0.0,0.75,,1.0
556aff7d-79d6-3bd7-9603-54ed7fabc437, -17.637100, -62.945320,2026-07-11 05:12:00,NOAA-20,Andrés Ibáñez,Santa Cruz,Bolivia,79,8,28,26,0.09,1.0,,1.3
3211f821-a2f0-34ca-a799-0a700cb4f400, -14.730250, -65.316000,2026-07-11 05:12:00,NOAA-20,Moxos,El Beni,Bolivia,29,3,28,16,5.24,0.59,,1.6
70f85d84-2d40-3a04-9441-0f4c35b0c042, -18.636820, -62.799870,2026-07-11 05:12:00,NOAA-20,Cordillera,Santa Cruz,Bolivia,81,8,28,31,0.0,0.98,,10.5
a90cc263-f109-3b7f-ab2f-6b0638122e74, -15.921690, -61.299420,2026-07-11 05:12:00,NOAA-20,José Miguel de Velasco,Santa Cruz,Bolivia,85,8,28,16,1.47,0.79,,1.3
ef49bac6-bae4-33e1-b165-4cee4b173401, -15.002300, -63.888650,2026-07-11 05:12:00,NOAA-20,Marbán,El Beni,Bolivia,28,3,28,16,13.53,0.02,,0.9
c08167c6-f4f1-3008-9d9c-4b1bf355f3eb, -16.404190, -61.826110,2026-07-11 05:12:00,NOAA-20,Ñuflo de Chávez,Santa Cruz,Bolivia,78,8,28,14,1.32,0.67,,11.7
dba9c2bb-07dc-3224-b086-dc61749e69ae, -16.346220, -59.589680,2026-07-11 05:12:00,NOAA-20,José Miguel de Velasco,Santa Cruz,Bolivia,85,8,28,16,0.0,1.0,,0.7
2dc4182a-c8ed-3225-b95b-adae5cb0a923, -15.005400, -63.898970,2026-07-11 05:12:00,NOAA-20,Marbán,El Beni,Bolivia,28,3,28,16,13.67,0.02,,2.4
6fac8ecf-27f3-31c3-9d07-069365ad5d76, -16.400540, -61.825380,2026-07-11 05:12:00,NOAA-20,Ñuflo de Chávez,Santa Cruz,Bolivia,78,8,28,14,1.41,0.66,,11.7
eeb1090d-b736-389d-acba-a654173d3ac2, -16.369740, -59.635910,2026-07-11 05:12:00,NOAA-20,José Miguel de Velasco,Santa Cruz,Bolivia,85,8,28,16,0.18,0.97,,0.8
4e77eb0f-eaa1-3769-ad1e-2736ed0d6020, -18.330050, -59.057740,2026-07-11 05:12:00,NOAA-20,Chiquitos,Santa Cruz,Bolivia,80,8,28,15,11.64,0.06,,7.2
d7876eef-72bb-3388-bd80-4e40c52c5473, -17.160610, -60.495720,2026-07-11 05:12:00,NOAA-20,José Miguel de Velasco,Santa Cruz,Bolivia,85,8,28,16,1.02,0.87,,0.9
819c6269-91fb-3a02-bea8-407dbcdbf465, -16.403410, -61.830550,2026-07-11 05:12:00,NOAA-20,Ñuflo de Chávez,Santa Cruz,Bolivia,78,8,28,14,1.33,0.67,,11.7
d1c3dcdc-8f1f-3e34-9193-892c272fa256, -16.541160, -60.737050,2026-07-11 05:12:00,NOAA-20,José Miguel de Velasco,Santa Cruz,Bolivia,85,8,28,15,3.58,0.46,,1.5
72a29998-5fd3-332b-96dd-2cf7b8196f22, -17.493650, -59.564990,2026-07-11 05:12:00,NOAA-20,Chiquitos,Santa Cruz,Bolivia,80,8,28,14,3.42,0.53,,13.2
13714f16-efa5-3714-a7cb-367ab4192bcb, -16.364840, -59.665720,2026-07-11 05:12:00,NOAA-20,José Miguel de Velasco,Santa Cruz,Bolivia,85,8,28,16,0.2,0.97,,0.5
c0b1c78f-250d-3473-9d2d-b25572083a39, -18.343130, -59.082430,2026-07-11 05:12:00,NOAA-20,Chiquitos,Santa Cruz,Bolivia,80,8,28,15,10.44,0.07,,2.3
c29fb83e-f023-3ee7-b041-1f8a09aa4bae, -17.141730, -60.544410,2026-07-11 05:12:00,NOAA-20,José Miguel de Velasco,Santa Cruz,Bolivia,85,8,28,16,1.31,0.84,,1.0
3d04e2a6-a33b-3428-a548-a7e788d92270, -18.375290, -59.050800,2026-07-11 05:12:00,NOAA-20,Chiquitos,Santa Cruz,Bolivia,80,8,28,14,9.86,0.09,,0.6
c4b7b56c-5514-3994-94af-e608f7de2c36, -14.934670, -68.818300,2026-07-11 05:12:00,NOAA-20,Bautista Saavedra,La Paz,Bolivia,34,4,28,15,0.0,0.86,,3.1
429a9c12-ca8f-3893-831c-d0d6fd7fadeb, -16.735670, -60.203670,2026-07-11 05:12:00,NOAA-20,José Miguel de Velasco,Santa Cruz,Bolivia,85,8,28,15,1.96,0.75,,2.3
1869a3a5-28b0-364e-ad53-9ea381987612, -17.491860, -59.576030,2026-07-11 05:12:00,NOAA-20,Chiquitos,Santa Cruz,Bolivia,80,8,28,14,3.5,0.52,,6.2
037a377f-4650-3be8-b41b-69330ef7969f, -16.737540, -60.651890,2026-07-11 05:12:00,NOAA-20,José Miguel de Velasco,Santa Cruz,Bolivia,85,8,28,15,5.26,0.3,,18.5
6fd7c04a-feab-3ea6-91f3-62b0a43029cb, -16.414110, -59.586030,2026-07-11 05:12:00,NOAA-20,José Miguel de Velasco,Santa Cruz,Bolivia,85,8,28,16,0.46,0.93,,2.3
d6ac0282-2d3b-3ac1-8e66-6277119d8fde, -17.487910, -59.579120,2026-07-11 05:12:00,NOAA-20,Chiquitos,Santa Cruz,Bolivia,80,8,28,14,3.45,0.53,,1.0
3b9d9704-8377-3763-b9f7-5a1684a549c5, -17.833240, -60.106660,2026-07-11 05:12:00,NOAA-20,Chiquitos,Santa Cruz,Bolivia,80,8,28,15,7.18,0.21,,0.3
39328077-3f0d-37c0-a476-801283e1f3e9, -18.354260, -59.054560,2026-07-11 05:12:00,NOAA-20,Chiquitos,Santa Cruz,Bolivia,80,8,28,14,10.63,0.07,,0.7
11355f6f-b9a1-3ec1-aa97-5ebbf63e8012, -16.071910, -60.471280,2026-07-11 05:12:00,NOAA-20,José Miguel de Velasco,Santa Cruz,Bolivia,85,8,28,16,0.7,1.0,,2.0
66791c67-9dcf-3e6f-bea6-dc3c24f09aad, -16.114590, -60.450640,2026-07-11 05:12:00,NOAA-20,José Miguel de Velasco,Santa Cruz,Bolivia,85,8,28,16,0.7,0.97,,1.9
9f8a6265-4a7b-3c7f-bdc2-9061a9d5db68, -17.757680, -60.414310,2026-07-11 05:12:00,NOAA-20,Chiquitos,Santa Cruz,Bolivia,80,8,28,16,14.36,0.03,,2.5
e725a403-9feb-3fe0-9439-dd9c83214279, -15.920210, -61.307900,2026-07-11 05:12:00,NOAA-20,José Miguel de Velasco,Santa Cruz,Bolivia,85,8,28,16,1.41,0.71,,5.0
216f33f1-db37-304a-be5c-e3965d0297b2, -15.926370, -61.912410,2026-07-11 05:12:00,NOAA-20,Ñuflo de Chávez,Santa Cruz,Bolivia,78,8,28,16,3.48,0.37,,1.3
6c4d14cc-fc4c-36e7-8498-b7e28345bc30, -18.344870, -59.071550,2026-07-11 05:12:00,NOAA-20,Chiquitos,Santa Cruz,Bolivia,80,8,28,15,10.65,0.07,,3.0
e36edfad-99c8-3e4a-9315-5dd96da84408, -17.138410, -60.563870,2026-07-11 05:12:00,NOAA-20,José Miguel de Velasco,Santa Cruz,Bolivia,85,8,28,16,1.37,0.82,,0.6
a56d9ca7-7405-3ada-872d-d0c5db4722ef, -16.541840, -60.733030,2026-07-11 05:12:00,NOAA-20,José Miguel de Velasco,Santa Cruz,Bolivia,85,8,28,15,3.61,0.45,,1.5
9289fe5b-03e3-30de-ae20-44aee452c693, -18.088620, -59.646330,2026-07-11 05:12:00,NOAA-20,Chiquitos,Santa Cruz,Bolivia,80,8,28,15,8.47,0.43,,4.0
1444bcd8-b103-3d2c-ab5c-64916bf74d8c, -16.413500, -59.589730,2026-07-11 05:12:00,NOAA-20,José Miguel de Velasco,Santa Cruz,Bolivia,85,8,28,16,0.48,0.93,,0.9
250310d6-586e-394b-b01d-43735f17b172, -17.588350, -60.459770,2026-07-11 05:12:00,NOAA-20,Chiquitos,Santa Cruz,Bolivia,80,8,28,16,7.0,0.73,,0.6
9b5c019b-7249-3066-a7d6-c83219dc2bf1, -17.250430, -60.444130,2026-07-11 05:12:00,NOAA-20,Chiquitos,Santa Cruz,Bolivia,80,8,28,16,1.0,0.81,,0.3
18d2c203-56cf-39b0-b9eb-15bfd34fbcad, -15.922680, -61.911690,2026-07-11 05:12:00,NOAA-20,Ñuflo de Chávez,Santa Cruz,Bolivia,78,8,28,16,3.41,0.37,,1.8
90f36463-5b1e-3102-b4bf-59d282acc7bf, -18.346030, -59.064280,2026-07-11 05:12:00,NOAA-20,Chiquitos,Santa Cruz,Bolivia,80,8,28,14,10.76,0.07,,2.0
c60addf7-5bf2-3348-82c6-41edcd12d69c, -16.350190, -59.586580,2026-07-11 05:12:00,NOAA-20,José Miguel de Velasco,Santa Cruz,Bolivia,85,8,28,16,0.0,1.0,,0.7
de6426f2-c8a3-3434-a92e-c974d26a24c2, -17.143840, -60.552820,2026-07-11 05:12:00,NOAA-20,José Miguel de Velasco,Santa Cruz,Bolivia,85,8,28,16,1.39,0.83,,6.6
9f38302c-d255-3184-8f3a-dc0a3ec24e64, -16.413680, -59.578850,2026-07-11 05:12:00,NOAA-20,José Miguel de Velasco,Santa Cruz,Bolivia,85,8,28,16,0.4,0.93,,0.7
edc615b5-d4b1-3537-98ef-3bf8989b964a, -18.325160, -59.045680,2026-07-11 05:12:00,NOAA-20,Chiquitos,Santa Cruz,Bolivia,80,8,28,15,11.91,0.05,,3.0
79b99060-4212-3ed0-9cbf-4ba8734ba065, -16.346500, -59.650880,2026-07-11 05:12:00,NOAA-20,José Miguel de Velasco,Santa Cruz,Bolivia,85,8,28,16,0.02,0.99,,0.8
f8358057-21a1-36a2-976e-655f4bd8f1bf, -17.667820, -60.758530,2026-07-11 05:12:00,NOAA-20,Chiquitos,Santa Cruz,Bolivia,80,8,28,14,5.94,0.35,,1.8
490de66c-1493-3999-a8cc-19ebc55d204e, -17.673370, -60.767690,2026-07-11 05:12:00,NOAA-20,Chiquitos,Santa Cruz,Bolivia,80,8,28,14,5.75,0.29,,3.1
d7638d8f-f565-3d6c-a4ee-379387d7c587, -17.623600, -60.438420,2026-07-11 05:12:00,NOAA-20,Chiquitos,Santa Cruz,Bolivia,80,8,28,15,7.79,0.19,,0.4
e2c3377e-cc71-383f-9671-8da4a98da801, -17.693900, -61.046910,2026-07-11 05:12:00,NOAA-20,Chiquitos,Santa Cruz,Bolivia,80,8,28,16,2.54,1.0,,0.8
18d2659d-22e2-3019-9473-03162c6ceea8, -18.633090, -62.799130,2026-07-11 05:12:00,NOAA-20,Cordillera,Santa Cruz,Bolivia,81,8,28,31,0.02,0.98,,10.5
3daf4484-41e1-35dd-9d37-acda00e11f94, -18.337080, -59.077630,2026-07-11 05:12:00,NOAA-20,Chiquitos,Santa Cruz,Bolivia,80,8,28,15,10.84,0.07,,1.8
2eeca3c8-3e1f-3a77-a89d-ac3bc9db69f7, -16.407830, -61.826860,2026-07-11 05:12:00,NOAA-20,Ñuflo de Chávez,Santa Cruz,Bolivia,78,8,28,14,1.24,0.68,,1.2
4c593b40-5f22-376d-96a5-dbcf404698fe, -16.602090, -61.064680,2026-07-11 05:12:00,NOAA-20,José Miguel de Velasco,Santa Cruz,Bolivia,85,8,28,16,2.89,0.83,,3.5
2ea0a159-36d8-3d17-9ed9-eb2162665779, -16.345600, -59.593400,2026-07-11 05:12:00,NOAA-20,José Miguel de Velasco,Santa Cruz,Bolivia,85,8,28,16,0.0,1.0,,0.8
8f9b1d75-4cb4-3a5c-bd5d-5f0b6cbcedc4, -18.327900, -59.049900,2026-07-11 05:12:00,NOAA-20,Chiquitos,Santa Cruz,Bolivia,80,8,28,15,11.88,0.05,,2.1
699a5852-7ff5-3432-964a-8caa977f3a77, -18.558060, -62.781430,2026-07-11 05:12:00,NOAA-20,Cordillera,Santa Cruz,Bolivia,81,8,28,31,0.3,0.98,,17.9
37dd4e29-f71d-3aad-91ac-75eb92828ec8, -20.378730, -59.143430,2026-07-11 05:12:00,NOAA-20,Fuerte Olimpo,Alto Paraguay,Paraguay,17,2,177,16,8.15,0.45,,1.2
8fe8a76d-a01c-357c-b57d-4d2dda79f0b6, -18.065560, -59.619460,2026-07-11 05:12:00,NOAA-20,Chiquitos,Santa Cruz,Bolivia,80,8,28,15,9.5,0.1,,0.2
c0c3962d-f3d2-3e45-84dd-f192a5963222, -15.826670, -61.262340,2026-07-11 05:12:00,NOAA-20,José Miguel de Velasco,Santa Cruz,Bolivia,85,8,28,16,3.1,0.5,,4.0
c4dde2e9-d406-30c5-af17-7c1dc01ecbf9, -17.308550, -60.029860,2026-07-11 05:12:00,NOAA-20,Chiquitos,Santa Cruz,Bolivia,80,8,28,14,1.43,0.79,,0.8
46ea93ac-1248-3782-812f-0fdae0d19a01, -17.141850, -60.564520,2026-07-11 05:12:00,NOAA-20,José Miguel de Velasco,Santa Cruz,Bolivia,85,8,28,16,1.42,0.81,,1.5
802c6fbc-7a7f-3373-853e-62eb9aff707e, -16.368200, -59.666320,2026-07-11 05:12:00,NOAA-20,José Miguel de Velasco,Santa Cruz,Bolivia,85,8,28,16,0.23,0.96,,0.8
b8975783-2dad-3a9f-967a-fdc568ca58c3, -18.348040, -59.072130,2026-07-11 05:12:00,NOAA-20,Chiquitos,Santa Cruz,Bolivia,80,8,28,14,10.49,0.07,,2.1
7dde29be-03f9-394b-aa21-8c36898e2fb5, -15.876830, -61.271760,2026-07-11 05:12:00,NOAA-20,José Miguel de Velasco,Santa Cruz,Bolivia,85,8,28,16,2.44,0.57,,2.3
dad61fd6-79d1-30ca-8e51-ade2c5ca7b07, -18.026550, -54.367580,2026-07-11 05:12:00,NOAA-20,PEDRO GOMES,MATO GROSSO DO SUL,Brasil,5006408,50,33,1,0.28,0.96,Cerrado,2.0
c032d1b9-4284-3b4f-a54e-a6fdd0f22aaa, -15.924530, -61.304350,2026-07-11 05:12:00,NOAA-20,José Miguel de Velasco,Santa Cruz,Bolivia,85,8,28,16,1.36,0.7,,2.1
ceea7ed0-64e1-3bd1-837b-1d09220b8c5c, -16.068450, -60.470660,2026-07-11 05:12:00,NOAA-20,José Miguel de Velasco,Santa Cruz,Bolivia,85,8,28,16,0.7,1.0,,2.0
785a1f30-4210-3ecb-8776-c277f14f5d31, -17.642750, -59.689750,2026-07-11 05:12:00,NOAA-20,Chiquitos,Santa Cruz,Bolivia,80,8,28,15,7.38,0.21,,1.9
b35da8e6-7f0d-3098-935b-afee9db6ccb0, -16.368820, -59.662580,2026-07-11 05:12:00,NOAA-20,José Miguel de Velasco,Santa Cruz,Bolivia,85,8,28,16,0.24,0.97,,1.5
93a61285-caf2-301c-9196-ec5be6ff08dd, -18.374710, -59.054430,2026-07-11 05:12:00,NOAA-20,Chiquitos,Santa Cruz,Bolivia,80,8,28,14,9.77,0.09,,0.6
d02f9f36-1833-3a87-aa7a-e765bd4fa0a9, -15.004230, -63.901640,2026-07-11 05:12:00,NOAA-20,Marbán,El Beni,Bolivia,28,3,28,16,13.75,0.02,,1.6
aa0243c2-96bc-3bc1-b5f1-8c387361989b, -16.732260, -60.203050,2026-07-11 05:12:00,NOAA-20,José Miguel de Velasco,Santa Cruz,Bolivia,85,8,28,15,1.95,0.75,,1.5
d848b99c-254a-3ffb-a90f-225820d333a4, -17.431080, -60.392420,2026-07-11 05:12:00,NOAA-20,Chiquitos,Santa Cruz,Bolivia,80,8,28,16,2.35,0.61,,1.1
4e7bc4a8-cd97-37bd-ba59-d3cdac17dfd6, -17.672700, -60.771630,2026-07-11 05:12:00,NOAA-20,Chiquitos,Santa Cruz,Bolivia,80,8,28,14,5.75,0.3,,3.1
7c07e241-ca41-39ca-a1f9-a0cd870f675d, -17.463750, -60.469570,2026-07-11 05:12:00,NOAA-20,Chiquitos,Santa Cruz,Bolivia,80,8,28,16,3.87,0.49,,0.5
8dce5d39-1c1d-34c2-b0a5-4d0abfc39415, -18.325570, -59.064410,2026-07-11 05:12:00,NOAA-20,Chiquitos,Santa Cruz,Bolivia,80,8,28,15,11.68,0.05,,2.0
42eb371f-3884-3981-8bf4-7861d409c515, -16.343410, -59.669560,2026-07-11 05:12:00,NOAA-20,José Miguel de Velasco,Santa Cruz,Bolivia,85,8,28,16,0.1,0.99,,1.0
67b4d629-ab81-3351-a09d-893fa2894e2b, -18.040960, -59.607570,2026-07-11 05:12:00,NOAA-20,Chiquitos,Santa Cruz,Bolivia,80,8,28,16,10.13,0.09,,0.4
0fb62ee5-768b-3b1a-a545-545656eef1a0, -16.418090, -59.582920,2026-07-11 05:12:00,NOAA-20,José Miguel de Velasco,Santa Cruz,Bolivia,85,8,28,16,0.45,0.93,,2.3
5d5a69b9-5139-3458-a917-c49e5d483fa9, -17.637100, -59.976070,2026-07-11 05:12:00,NOAA-20,Chiquitos,Santa Cruz,Bolivia,80,8,28,16,4.41,0.4,,2.0
32f23e4b-947a-3611-9c01-446b1cdc68c8, -15.593160, -61.806530,2026-07-11 05:12:00,NOAA-20,Ñuflo de Chávez,Santa Cruz,Bolivia,78,8,28,16,7.03,0.13,,1.4
6f670488-f329-3988-a6f9-f2ce05b8307d, -15.911830, -61.376930,2026-07-11 05:12:00,NOAA-20,José Miguel de Velasco,Santa Cruz,Bolivia,85,8,28,16,1.36,0.65,,1.1
f57e7b03-a435-3350-ab20-f36b48850f49, -16.402880, -61.812090,2026-07-11 05:12:00,NOAA-20,Ñuflo de Chávez,Santa Cruz,Bolivia,78,8,28,14,1.42,0.66,,3.5
845b947c-00ff-3dcf-b517-b78f27777032, -15.588690, -61.810340,2026-07-11 05:12:00,NOAA-20,Ñuflo de Chávez,Santa Cruz,Bolivia,78,8,28,16,6.88,0.13,,2.4
66bf6b50-1c6f-34ad-8ddc-b5e75339cd3e, -18.337830, -59.051640,2026-07-11 05:12:00,NOAA-20,Chiquitos,Santa Cruz,Bolivia,80,8,28,15,11.42,0.06,,1.7
15533db0-3dc0-3d9d-bee6-d43fe795abfc, -16.366680, -59.654520,2026-07-11 05:12:00,NOAA-20,José Miguel de Velasco,Santa Cruz,Bolivia,85,8,28,16,0.22,0.97,,1.5
6adece9b-5937-31f7-acfb-500bcc407596, -17.491510, -59.557040,2026-07-11 05:12:00,NOAA-20,Chiquitos,Santa Cruz,Bolivia,80,8,28,14,3.3,0.54,,4.0
8ed3f33f-cbdf-33dc-95c2-88edce84ea01, -18.326740, -59.057150,2026-07-11 05:12:00,NOAA-20,Chiquitos,Santa Cruz,Bolivia,80,8,28,15,11.78,0.05,,2.0
3eeb2ca9-3eed-30c8-b468-2619feed4b20, -18.274330, -59.044200,2026-07-11 05:12:00,NOAA-20,Chiquitos,Santa Cruz,Bolivia,80,8,28,15,14.0,0.03,,1.0
a5fced5d-43ad-3ad2-83f7-fbde40f1c905, -17.810760, -60.391490,2026-07-11 05:12:00,NOAA-20,Chiquitos,Santa Cruz,Bolivia,80,8,28,16,13.61,0.03,,0.5
ff00a338-95c8-398b-9bd8-7ac897ae1301, -16.359630, -59.676270,2026-07-11 05:12:00,NOAA-20,José Miguel de Velasco,Santa Cruz,Bolivia,85,8,28,16,0.21,0.97,,0.8
99a672f3-59f3-3d1b-b4db-7d11b678d3fb, -18.324580, -59.049310,2026-07-11 05:12:00,NOAA-20,Chiquitos,Santa Cruz,Bolivia,80,8,28,15,12.01,0.05,,2.1
5928a7aa-33ce-346d-bdc8-0958a9568065, -16.411870, -59.589980,2026-07-11 05:12:00,NOAA-20,José Miguel de Velasco,Santa Cruz,Bolivia,85,8,28,16,0.47,0.93,,0.8
0a232ab0-e999-3d44-bdaa-962e657465c0, -16.299030, -62.108640,2026-07-11 05:12:00,NOAA-20,Ñuflo de Chávez,Santa Cruz,Bolivia,78,8,28,15,0.47,0.75,,3.6
26817c25-6deb-3472-bf79-204f8611b00b, -18.375880, -59.047170,2026-07-11 05:12:00,NOAA-20,Chiquitos,Santa Cruz,Bolivia,80,8,28,15,9.84,0.09,,0.6
a82e45b2-2cf8-3947-9b41-a34d684d9209, -16.734080, -60.651260,2026-07-11 05:12:00,NOAA-20,José Miguel de Velasco,Santa Cruz,Bolivia,85,8,28,15,5.28,0.3,,18.5
091bf842-e80e-3afe-a312-59fc56c4c048, -18.343710, -59.078800,2026-07-11 05:12:00,NOAA-20,Chiquitos,Santa Cruz,Bolivia,80,8,28,15,10.49,0.07,,1.3
e3b8c58e-13e3-34b6-a4b8-b1913ab44b40, -17.729260, -60.034630,2026-07-11 05:12:00,NOAA-20,Chiquitos,Santa Cruz,Bolivia,80,8,28,15,4.45,0.39,,7.2
d69488bc-0e90-3b2e-8fe3-bf91cd9bf050, -17.145820, -60.541160,2026-07-11 05:12:00,NOAA-20,José Miguel de Velasco,Santa Cruz,Bolivia,85,8,28,16,1.32,0.84,,1.1
bdce45d9-be32-374a-bfb5-43f7c664ee1f, -18.062830, -59.615180,2026-07-11 05:12:00,NOAA-20,Chiquitos,Santa Cruz,Bolivia,80,8,28,15,9.68,0.1,,1.4
77a7d895-9cec-34f3-86bf-c79b65140b38, -16.363620, -59.588990,2026-07-11 05:12:00,NOAA-20,José Miguel de Velasco,Santa Cruz,Bolivia,85,8,28,16,0.09,0.99,,0.7
8a35a278-b753-35bb-8cc0-cbfe3ed277f7, -15.705640, -61.927710,2026-07-11 05:12:00,NOAA-20,Ñuflo de Chávez,Santa Cruz,Bolivia,78,8,28,16,3.49,0.42,,2.1
8c59199a-d797-3f6f-afaf-012fc6d4411c, -16.718120, -67.795670,2026-07-11 05:12:00,NOAA-20,Pedro Domingo Murillo,La Paz,Bolivia,48,4,28,26,0.0,0.92,,1.2
4b3e6fe7-7a06-37e4-9186-0c10b0165788, -15.921870, -61.916210,2026-07-11 05:12:00,NOAA-20,Ñuflo de Chávez,Santa Cruz,Bolivia,78,8,28,16,3.48,0.37,,1.8
819d1ae8-0511-33d6-a9a9-5db38be1f49f, -18.034640, -59.625370,2026-07-11 05:12:00,NOAA-20,Chiquitos,Santa Cruz,Bolivia,80,8,28,16,9.43,0.11,,0.7
aa76dd06-5947-383f-b749-4b1868786932, -16.406760, -59.304940,2026-07-11 05:12:00,NOAA-20,José Miguel de Velasco,Santa Cruz,Bolivia,85,8,28,11,0.1,0.94,,0.4
6018db64-8071-3db4-87de-ffe8e154766e, -16.366340, -59.279030,2026-07-11 05:12:00,NOAA-20,José Miguel de Velasco,Santa Cruz,Bolivia,85,8,28,15,0.2,0.92,,0.9
4eff3ab6-b239-3c7a-aa12-4f9ffe34d120, -15.632270, -64.015940,2026-07-11 05:12:00,NOAA-20,Marbán,El Beni,Bolivia,28,3,28,16,1.71,0.51,,0.5
e6020f38-34a8-3d8f-b88a-32f688497cf2, -18.354840, -59.050930,2026-07-11 05:12:00,NOAA-20,Chiquitos,Santa Cruz,Bolivia,80,8,28,14,10.68,0.07,,0.8
5f579fd4-561e-3726-8f4f-fd476d7c856c, -15.728220, -61.566720,2026-07-11 05:12:00,NOAA-20,Ñuflo de Chávez,Santa Cruz,Bolivia,78,8,28,16,6.83,0.22,,2.1
67180024-6b1d-383b-8f5b-c106bc18664f, -17.261620, -61.011290,2026-07-11 05:12:00,NOAA-20,Chiquitos,Santa Cruz,Bolivia,80,8,28,14,3.65,0.48,,1.5
e5150136-c766-3b94-84ed-605be5b81fb1, -17.145160, -60.545040,2026-07-11 05:12:00,NOAA-20,José Miguel de Velasco,Santa Cruz,Bolivia,85,8,28,16,1.35,0.83,,1.2
49805d3e-6f02-3016-9786-e90ca9d24742, -16.412470, -59.586270,2026-07-11 05:12:00,NOAA-20,José Miguel de Velasco,Santa Cruz,Bolivia,85,8,28,16,0.45,0.93,,0.7
46846248-0d4b-30bd-9cd1-ac1525235647, -16.469260, -63.329470,2026-07-11 05:12:00,NOAA-20,Ñuflo de Chávez,Santa Cruz,Bolivia,78,8,28,21,1.26,0.76,,0.9
7b5aa14e-eb51-3ca3-b457-8b750bc76dcf, -17.833860, -60.102900,2026-07-11 05:12:00,NOAA-20,Chiquitos,Santa Cruz,Bolivia,80,8,28,15,7.13,0.21,,1.4
3b06d72d-f0e6-3a48-9e8a-d017ee4122e4, -17.475780, -60.250550,2026-07-11 05:12:00,NOAA-20,Chiquitos,Santa Cruz,Bolivia,80,8,28,16,1.01,0.84,,0.5
78d8a0bb-ee7d-3080-9b40-dfa50a77bab9, -17.492110, -59.553370,2026-07-11 05:12:00,NOAA-20,Chiquitos,Santa Cruz,Bolivia,80,8,28,14,3.28,0.55,,2.0
cf72ebe6-c56a-3617-8ca1-fd65218367d5, -17.142390, -60.540530,2026-07-11 05:12:00,NOAA-20,José Miguel de Velasco,Santa Cruz,Bolivia,85,8,28,16,1.28,0.84,,0.8
0afec493-a91b-3601-9cd8-6247bae9f535, -15.730970, -61.979780,2026-07-11 05:12:00,NOAA-20,Ñuflo de Chávez,Santa Cruz,Bolivia,78,8,28,16,3.68,0.29,,4.9
a8b8d17f-0d35-36c3-8e9b-606d5f0b663c, -16.399220, -61.811390,2026-07-11 05:12:00,NOAA-20,Ñuflo de Chávez,Santa Cruz,Bolivia,78,8,28,14,1.51,0.65,,3.5
481609b2-a5b6-3704-a6c6-fe7e1262f632, -17.494600, -59.580300,2026-07-11 05:12:00,NOAA-20,Chiquitos,Santa Cruz,Bolivia,80,8,28,14,3.6,0.51,,3.9
4e156f4d-fe57-3d91-b8b3-370be4300873, -18.327320, -59.053520,2026-07-11 05:12:00,NOAA-20,Chiquitos,Santa Cruz,Bolivia,80,8,28,15,11.83,0.05,,2.1
16a65bd9-9513-3a0f-a786-0ed03b688e4e, -17.260910, -61.015340,2026-07-11 05:12:00,NOAA-20,Chiquitos,Santa Cruz,Bolivia,80,8,28,14,3.6,0.49,,1.3
1598c130-0784-31c9-81e3-06a3423bfa8c, -15.827420, -61.258080,2026-07-11 05:12:00,NOAA-20,José Miguel de Velasco,Santa Cruz,Bolivia,85,8,28,16,3.11,0.5,,8.3
790a72d7-2561-3079-bf04-a1e4c3705cc6, -16.111800, -60.446090,2026-07-11 05:12:00,NOAA-20,José Miguel de Velasco,Santa Cruz,Bolivia,85,8,28,16,0.68,0.97,,2.5
4b2282fa-88f8-31fa-9ed8-6b27588400db, -16.546300, -60.736550,2026-07-11 05:12:00,NOAA-20,José Miguel de Velasco,Santa Cruz,Bolivia,85,8,28,15,3.73,0.44,,0.7
705c4f8b-40d0-35bb-81aa-65a70d991586, -17.264090, -61.012970,2026-07-11 05:12:00,NOAA-20,Chiquitos,Santa Cruz,Bolivia,80,8,28,14,3.66,0.48,,1.0
f1eb1dfe-f578-3a82-a142-315ebec34d7d, -17.143170, -60.556720,2026-07-11 05:12:00,NOAA-20,José Miguel de Velasco,Santa Cruz,Bolivia,85,8,28,16,1.38,0.82,,6.6
d76e11f3-ffe6-3210-9c8f-ec1554e67efb, -16.353960, -59.276840,2026-07-11 05:12:00,NOAA-20,José Miguel de Velasco,Santa Cruz,Bolivia,85,8,28,15,0.2,0.92,,0.9
dcdae4c7-c576-37a1-85d0-a1f6f3e37638, -18.043430, -59.607910,2026-07-11 05:12:00,NOAA-20,Chiquitos,Santa Cruz,Bolivia,80,8,28,16,10.14,0.09,,1.0
d71eef81-29e1-30af-b708-79bdf7253449, -18.068290, -59.623750,2026-07-11 05:12:00,NOAA-20,Chiquitos,Santa Cruz,Bolivia,80,8,28,15,9.35,0.11,,0.7
3387762a-4570-31ed-bb2c-1c4cd69c65fb, -18.561790, -62.782180,2026-07-11 05:12:00,NOAA-20,Cordillera,Santa Cruz,Bolivia,81,8,28,31,0.28,0.98,,17.9
8a163e3e-bdf0-38ed-b04e-37fa581bf92e, -15.924760, -61.921440,2026-07-11 05:12:00,NOAA-20,Ñuflo de Chávez,Santa Cruz,Bolivia,78,8,28,16,3.61,0.36,,4.7
401a5679-3346-3283-901c-c812f5b59af9, -17.134800, -60.023010,2026-07-11 05:12:00,NOAA-20,Chiquitos,Santa Cruz,Bolivia,80,8,28,15,0.9,0.87,,3.6
75b95874-4b6e-355f-893f-c3ac5d1effd6, -17.395950, -66.062220,2026-07-11 05:12:00,NOAA-20,Chapare,Cochabamba,Bolivia,17,2,28,31,0.0,-999.0,,1.7
14c116b7-e362-378a-b0c7-adf1aa7be03d, -20.376570, -59.135510,2026-07-11 05:12:00,NOAA-20,Fuerte Olimpo,Alto Paraguay,Paraguay,17,2,177,15,8.0,0.35,,1.4
a3952a5a-1d42-3b51-9993-bcb0f075c295, -17.997510, -61.693150,2026-07-11 05:12:00,NOAA-20,Chiquitos,Santa Cruz,Bolivia,80,8,28,17,3.52,0.74,,2.4
6e8dbd51-e57c-312a-904c-7135171c4b87, -15.925570, -61.916920,2026-07-11 05:12:00,NOAA-20,Ñuflo de Chávez,Santa Cruz,Bolivia,78,8,28,16,3.55,0.36,,1.3
df4aa7ab-38bc-33a7-b3b7-823d98ab8169, -16.402100, -61.816510,2026-07-11 05:12:00,NOAA-20,Ñuflo de Chávez,Santa Cruz,Bolivia,78,8,28,14,1.41,0.66,,7.9
da10703c-8884-3e01-bcb5-df93a18028aa, -16.602180, -61.063350,2026-07-11 05:12:00,NOAA-20,José Miguel de Velasco,Santa Cruz,Bolivia,85,8,28,16,2.9,0.82,,2.7
5b78cfa2-f51d-3e43-b63c-e7da4e83121a, -18.346290, -59.083020,2026-07-11 05:12:00,NOAA-20,Chiquitos,Santa Cruz,Bolivia,80,8,28,14,10.28,0.08,,1.0
50933836-64ae-3407-9b97-87c0a89f3077, -18.039800, -59.630000,2026-07-11 05:12:00,NOAA-20,Chiquitos,Santa Cruz,Bolivia,80,8,28,16,9.29,0.11,,3.1
96dd134f-ce05-3bd1-9679-139fe366e4fd, -17.757040, -60.418140,2026-07-11 05:12:00,NOAA-20,Chiquitos,Santa Cruz,Bolivia,80,8,28,16,14.45,0.03,,2.5
a238eb75-2f79-3242-b66b-a15d1868f92b, -17.139740, -60.556080,2026-07-11 05:12:00,NOAA-20,José Miguel de Velasco,Santa Cruz,Bolivia,85,8,28,16,1.35,0.83,,4.1
dd335a5a-3f04-36f1-99a6-d8d3b36fd908, -16.101040, -60.383510,2026-07-11 05:12:00,NOAA-20,José Miguel de Velasco,Santa Cruz,Bolivia,85,8,28,15,0.86,0.93,,0.7
329fd2c2-fcb0-3222-97bc-1cdb9ed219f0, -16.401320, -61.820950,2026-07-11 05:12:00,NOAA-20,Ñuflo de Chávez,Santa Cruz,Bolivia,78,8,28,14,1.41,0.66,,7.9
6fb5a13c-5669-3558-808d-da89ca45c6c3, -18.349200, -59.064870,2026-07-11 05:12:00,NOAA-20,Chiquitos,Santa Cruz,Bolivia,80,8,28,14,10.61,0.07,,2.1
008f0392-98d2-3fbb-a9bb-521949c52447, -17.694510, -61.050010,2026-07-11 05:12:00,NOAA-20,Chiquitos,Santa Cruz,Bolivia,80,8,28,16,2.5,1.0,,1.3
328a2c4c-1748-3c2b-b718-ebc7d2c5f7b5, -16.544640, -60.737660,2026-07-11 05:12:00,NOAA-20,José Miguel de Velasco,Santa Cruz,Bolivia,85,8,28,15,3.69,0.44,,1.3
136770ce-271b-34d9-ae38-c6ef3bd337bf, -16.496220, -59.830660,2026-07-11 05:12:00,NOAA-20,José Miguel de Velasco,Santa Cruz,Bolivia,85,8,28,15,1.29,0.84,,1.3
e08bced9-a5ac-33fd-a78d-03b40291c067, -16.420830, -59.587200,2026-07-11 05:12:00,NOAA-20,José Miguel de Velasco,Santa Cruz,Bolivia,85,8,28,16,0.49,0.92,,2.7
600a27ca-b31d-3bd4-9c3c-57e0ed155464, -18.348620, -59.068500,2026-07-11 05:12:00,NOAA-20,Chiquitos,Santa Cruz,Bolivia,80,8,28,14,10.55,0.07,,2.1
f5fc9df0-5f1a-3e95-9f62-3d4a241c132c, -18.557220, -62.786140,2026-07-11 05:12:00,NOAA-20,Cordillera,Santa Cruz,Bolivia,81,8,28,31,0.29,0.98,,4.1
57000a4c-fbb3-3c2b-b4e0-e42e071f0826, -18.322850, -59.060200,2026-07-11 05:12:00,NOAA-20,Chiquitos,Santa Cruz,Bolivia,80,8,28,15,11.9,0.05,,2.0
ee29cbe2-7417-378e-b588-35174a9ba0a9, -16.335170, -59.656540,2026-07-11 05:12:00,NOAA-20,José Miguel de Velasco,Santa Cruz,Bolivia,85,8,28,16,0.1,0.99,,0.6
938d17ac-f0ab-3518-81c2-4d221f645690, -16.329950, -59.667170,2026-07-11 05:12:00,NOAA-20,José Miguel de Velasco,Santa Cruz,Bolivia,85,8,28,16,0.1,0.99,,1.3
5345306e-05fa-317d-bfec-733dc591db88, -17.141070, -60.548290,2026-07-11 05:12:00,NOAA-20,José Miguel de Velasco,Santa Cruz,Bolivia,85,8,28,16,1.35,0.84,,1.0
b9deb9c1-8c55-3336-a0b4-a58784e92354, -16.104890, -60.444820,2026-07-11 05:12:00,NOAA-20,José Miguel de Velasco,Santa Cruz,Bolivia,85,8,28,16,0.65,0.97,,1.5
0c87555d-c862-3ad9-bf4c-04aec4c74042, -16.421440, -59.583500,2026-07-11 05:12:00,NOAA-20,José Miguel de Velasco,Santa Cruz,Bolivia,85,8,28,16,0.48,0.92,,2.7
f67815d6-df2c-3112-86c9-ec309175e1d7, -18.342130, -59.067330,2026-07-11 05:12:00,NOAA-20,Chiquitos,Santa Cruz,Bolivia,80,8,28,15,10.87,0.07,,3.0
794d9d1e-9b1d-36bd-92e6-fa245a1b87fa, -16.403610, -59.577030,2026-07-11 05:12:00,NOAA-20,José Miguel de Velasco,Santa Cruz,Bolivia,85,8,28,16,0.39,0.95,,1.4
9d3f2cc7-5762-38e7-83d9-9a3c2590eee6, -17.669920, -60.767050,2026-07-11 05:12:00,NOAA-20,Chiquitos,Santa Cruz,Bolivia,80,8,28,14,5.83,0.29,,2.4
878e2389-00b3-3273-be31-ae1c93f7cf4d, -15.596060, -61.811820,2026-07-11 05:12:00,NOAA-20,Ñuflo de Chávez,Santa Cruz,Bolivia,78,8,28,16,6.84,0.13,,1.1
6234b697-8272-33af-8e44-b0cda6e2898e, -17.276170, -60.246770,2026-07-11 05:12:00,NOAA-20,Chiquitos,Santa Cruz,Bolivia,80,8,28,16,2.64,0.61,,1.3
2afc0f10-c5c7-3846-8d9b-0fb894813050, -18.345450, -59.067910,2026-07-11 05:12:00,NOAA-20,Chiquitos,Santa Cruz,Bolivia,80,8,28,14,10.72,0.07,,3.0
6ae6e6a5-7d78-3719-a581-9088f38eeb98, -15.730160, -61.984400,2026-07-11 05:12:00,NOAA-20,Ñuflo de Chávez,Santa Cruz,Bolivia,78,8,28,16,3.79,0.28,,4.6
d966ddc4-d9bb-3aa6-83f3-f8e5d4c92702, -17.473540, -59.519840,2026-07-11 05:12:00,NOAA-20,Chiquitos,Santa Cruz,Bolivia,80,8,28,14,2.96,0.6,,1.6
cef3b071-4bec-3193-a893-e6e86c92949e, -15.965890, -61.193920,2026-07-11 05:12:00,NOAA-20,José Miguel de Velasco,Santa Cruz,Bolivia,85,8,28,16,1.24,0.76,,0.8
04d9ef30-e842-3baf-b74f-f6420fd04d57, -18.044030, -59.604240,2026-07-11 05:12:00,NOAA-20,Chiquitos,Santa Cruz,Bolivia,80,8,28,16,10.26,0.08,,0.6
8b6c83d8-0cd0-3633-b29b-92a460339558, -16.107680, -60.449380,2026-07-11 05:12:00,NOAA-20,José Miguel de Velasco,Santa Cruz,Bolivia,85,8,28,16,0.63,0.97,,2.5
16f641d8-b328-3e91-b8a4-4dddb7f03378, -15.727250, -61.979080,2026-07-11 05:12:00,NOAA-20,Ñuflo de Chávez,Santa Cruz,Bolivia,78,8,28,16,3.74,0.28,,4.9
6dd495e8-4f1a-3d1a-90ea-7366b6099504, -15.727460, -61.571150,2026-07-11 05:12:00,NOAA-20,Ñuflo de Chávez,Santa Cruz,Bolivia,78,8,28,16,6.88,0.24,,2.1
d03106fa-0fee-38ce-8094-e399059d5930, -15.928460, -61.922150,2026-07-11 05:12:00,NOAA-20,Ñuflo de Chávez,Santa Cruz,Bolivia,78,8,28,16,3.67,0.35,,4.7
69cda5b0-1474-3ba6-be2c-ccc3b50c1412, -18.336500, -59.081260,2026-07-11 05:12:00,NOAA-20,Chiquitos,Santa Cruz,Bolivia,80,8,28,15,10.8,0.07,,4.1
073ed25a-a607-3fdd-ae0d-149b1f273d99, -19.372850, -59.778090,2026-07-11 05:12:00,NOAA-20,Mayor Pablo Lagerenza,Alto Paraguay,Paraguay,19,2,177,13,1.0,1.0,,1.1
98aee74e-882d-3652-b255-6c68ee8e714a, -16.545320, -60.733650,2026-07-11 05:12:00,NOAA-20,José Miguel de Velasco,Santa Cruz,Bolivia,85,8,28,15,3.71,0.44,,1.3
c3133ab2-4a11-3c93-bcce-29b2ed4b3cf1, -15.923790, -61.308580,2026-07-11 05:12:00,NOAA-20,José Miguel de Velasco,Santa Cruz,Bolivia,85,8,28,16,1.34,0.69,,2.1
0b1e2034-3dd6-3231-853d-258cfe5fa0bd, -16.365450, -59.661990,2026-07-11 05:12:00,NOAA-20,José Miguel de Velasco,Santa Cruz,Bolivia,85,8,28,16,0.2,0.97,,1.8
7a3aaa12-ebc7-39b7-80a8-8b97925c0a9a, -15.002650, -63.890010,2026-07-11 05:12:00,NOAA-20,Marbán,El Beni,Bolivia,28,3,28,16,13.55,0.02,,1.1
b2f19e4b-7870-3e6b-8855-b782d8feb6b3, -18.337660, -59.074010,2026-07-11 05:12:00,NOAA-20,Chiquitos,Santa Cruz,Bolivia,80,8,28,15,10.9,0.07,,1.8
6340964d-cdb9-31c9-ba9c-1efc7b827623, -17.495200, -59.576620,2026-07-11 05:12:00,NOAA-20,Chiquitos,Santa Cruz,Bolivia,80,8,28,14,3.57,0.51,,6.2
c9911177-070c-34c9-bfa3-1de354c1ebe4, -18.270440, -59.047250,2026-07-11 05:12:00,NOAA-20,Chiquitos,Santa Cruz,Bolivia,80,8,28,15,14.28,0.03,,1.5
8dc80b4f-1183-34e7-9e50-a40a1a7c002e, -15.761080, -60.949050,2026-07-11 05:12:00,NOAA-20,José Miguel de Velasco,Santa Cruz,Bolivia,85,8,28,16,1.5,0.93,,0.5
d66d50d3-1e72-34ed-bb87-777a5f6a48ff, -17.969610, -61.705390,2026-07-11 05:12:00,NOAA-20,Chiquitos,Santa Cruz,Bolivia,80,8,28,19,4.03,0.66,,1.5
d1b7880b-aa27-3075-aa78-3b5fa04a98ba, -16.415220, -59.295160,2026-07-11 05:12:00,NOAA-20,José Miguel de Velasco,Santa Cruz,Bolivia,85,8,28,12,0.1,1.0,,1.0
3c9c147b-3a31-3f8d-8d9f-1e5e4d91ca94, -14.929990, -68.811760,2026-07-11 05:12:00,NOAA-20,Bautista Saavedra,La Paz,Bolivia,34,4,28,14,0.0,0.86,,3.1
6eaefe3a-fa0f-3c4c-897d-a719b9eb00b9, -15.920950, -61.303670,2026-07-11 05:12:00,NOAA-20,José Miguel de Velasco,Santa Cruz,Bolivia,85,8,28,16,1.44,0.76,,5.0
a0bf7562-3897-3d5e-b64b-10d7a8822cef, -17.627570, -60.206630,2026-07-11 05:12:00,NOAA-20,Chiquitos,Santa Cruz,Bolivia,80,8,28,16,2.98,0.56,,0.4
ffa9f6c4-561a-36f7-882d-40d7f75bf21f, -15.592370, -61.811080,2026-07-11 05:12:00,NOAA-20,Ñuflo de Chávez,Santa Cruz,Bolivia,78,8,28,16,6.86,0.13,,1.1
db4c5d9a-61a9-312c-92bc-4d92f2c5d6a8, -16.120830, -60.455810,2026-07-11 05:12:00,NOAA-20,José Miguel de Velasco,Santa Cruz,Bolivia,85,8,28,16,0.7,0.96,,0.6
96b0c52f-0489-3d31-a350-c7dcb64c1be2, -18.337250, -59.055280,2026-07-11 05:12:00,NOAA-20,Chiquitos,Santa Cruz,Bolivia,80,8,28,15,11.38,0.06,,1.7
ae29f250-1195-3861-9245-24474d631077, -16.408180, -59.570240,2026-07-11 05:12:00,NOAA-20,José Miguel de Velasco,Santa Cruz,Bolivia,85,8,28,16,0.4,0.95,,1.1
d8af4af9-e00e-312a-bf7d-97a00900ad2e, -18.336670, -59.058900,2026-07-11 05:12:00,NOAA-20,Chiquitos,Santa Cruz,Bolivia,80,8,28,15,11.33,0.06,,1.6
b3139f19-f237-3318-a4ac-892f3883f306, -18.334520, -59.051060,2026-07-11 05:12:00,NOAA-20,Chiquitos,Santa Cruz,Bolivia,80,8,28,15,11.59,0.06,,2.5
c93d6bd7-806e-3b1f-a12a-9dce4b2dc9f9, -16.330570, -59.663430,2026-07-11 05:12:00,NOAA-20,José Miguel de Velasco,Santa Cruz,Bolivia,85,8,28,16,0.1,0.99,,2.0
d0be3b7c-a526-3493-97f8-6903183a5fa7, -16.111930, -60.466370,2026-07-11 05:12:00,NOAA-20,José Miguel de Velasco,Santa Cruz,Bolivia,85,8,28,16,0.7,0.98,,1.5
fb42069c-8a09-3766-b728-f2288f9cb0e0, -17.520040, -62.859310,2026-07-11 05:12:00,NOAA-20,Andrés Ibáñez,Santa Cruz,Bolivia,79,8,28,24,0.5,1.0,,5.2
fd8723bd-6fa6-3a27-a842-36c856dbae71, -18.349780, -59.061240,2026-07-11 05:12:00,NOAA-20,Chiquitos,Santa Cruz,Bolivia,80,8,28,14,10.67,0.07,,2.1
fd038379-a173-3aa1-9dfc-e046c422f56b, -18.085290, -59.645730,2026-07-11 05:12:00,NOAA-20,Chiquitos,Santa Cruz,Bolivia,80,8,28,15,8.52,0.26,,4.0
2d75de40-034e-3eee-8ec6-e7f886a95c35, -18.068890, -59.620060,2026-07-11 05:12:00,NOAA-20,Chiquitos,Santa Cruz,Bolivia,80,8,28,15,9.45,0.1,,0.7
684ead2a-7e27-3077-8187-fb65c9652f88, -18.340970, -59.074580,2026-07-11 05:12:00,NOAA-20,Chiquitos,Santa Cruz,Bolivia,80,8,28,15,10.74,0.07,,1.3
3f3c9f96-a720-3364-9d58-36d875838198, -16.347390, -59.666430,2026-07-11 05:12:00,NOAA-20,José Miguel de Velasco,Santa Cruz,Bolivia,85,8,28,16,0.1,0.99,,0.7
0627a9dd-58af-373b-92d8-f5690f071ba4, -18.344290, -59.075170,2026-07-11 05:12:00,NOAA-20,Chiquitos,Santa Cruz,Bolivia,80,8,28,15,10.57,0.07,,1.3
c6a673b5-2552-3f44-b3ab-295907eaac59, -15.001180, -63.898120,2026-07-11 05:12:00,NOAA-20,Marbán,El Beni,Bolivia,28,3,28,16,13.74,0.02,,1.2
399c9e31-2f32-36b2-9642-6282c06a0ae2, -17.630950, -60.207250,2026-07-11 05:12:00,NOAA-20,Chiquitos,Santa Cruz,Bolivia,80,8,28,16,3.04,0.55,,0.5
c06a5557-2d5f-31e8-a53f-848966e1582b, -18.335100, -59.047440,2026-07-11 05:12:00,NOAA-20,Chiquitos,Santa Cruz,Bolivia,80,8,28,15,11.55,0.06,,2.1
4f02711c-4c3b-381f-a1b7-2a131b10db41, -16.661120, -60.671490,2026-07-11 05:12:00,NOAA-20,José Miguel de Velasco,Santa Cruz,Bolivia,85,8,28,15,5.54,0.91,,1.4
0d42057e-f24f-3a35-b512-ae8fd333d73e, -16.356330, -59.277250,2026-07-11 05:12:00,NOAA-20,José Miguel de Velasco,Santa Cruz,Bolivia,85,8,28,15,0.2,0.92,,0.8
f7ff399a-86c5-3959-9a39-b98f24f4b9e4, -17.486970, -59.563810,2026-07-11 05:12:00,NOAA-20,Chiquitos,Santa Cruz,Bolivia,80,8,28,14,3.28,0.55,,4.4
cc3cd44b-369a-30bd-9eab-1b2fd951a23a, -18.341050, -58.988810,2026-07-11 05:12:00,NOAA-20,Chiquitos,Santa Cruz,Bolivia,80,8,28,14,10.26,0.31,,1.4
fd3d95f5-6124-34eb-9dd7-0ace18ca95c5, -17.136890, -66.298130,2026-07-11 05:12:00,NOAA-20,Quillacollo,Cochabamba,Bolivia,23,2,28,31,0.0,0.8,,2.5
3b147b9b-2f56-3b28-9506-954439acc351, -15.710170, -61.923770,2026-07-11 05:12:00,NOAA-20,Ñuflo de Chávez,Santa Cruz,Bolivia,78,8,28,16,3.45,0.49,,2.1
455cfc1d-594c-3e34-ae7f-e7544475b10d, -16.331190, -59.659690,2026-07-11 05:12:00,NOAA-20,José Miguel de Velasco,Santa Cruz,Bolivia,85,8,28,16,0.1,0.99,,2.0
0a79074c-e24f-3b5d-8a2b-b77eaadf05d4, -16.733410, -60.655190,2026-07-11 05:12:00,NOAA-20,José Miguel de Velasco,Santa Cruz,Bolivia,85,8,28,15,5.21,0.31,,18.5
ef60046e-6a6c-3216-a922-c6ea98eff4f6, -16.662980, -60.691280,2026-07-11 05:12:00,NOAA-20,José Miguel de Velasco,Santa Cruz,Bolivia,85,8,28,15,5.41,0.3,,0.7
03fecc89-5fba-3ca9-b27b-eb8cfce072fb, -18.034290, -59.606370,2026-07-11 05:12:00,NOAA-20,Chiquitos,Santa Cruz,Bolivia,80,8,28,16,10.1,0.09,,4.5
45a09791-adc1-3a46-8be3-55303c20fab3, -18.030960, -59.605780,2026-07-11 05:12:00,NOAA-20,Chiquitos,Santa Cruz,Bolivia,80,8,28,16,10.08,0.09,,4.5
78cffe06-9f43-3138-8fa4-d60ab4ae65b5, -17.670590, -60.763110,2026-07-11 05:12:00,NOAA-20,Chiquitos,Santa Cruz,Bolivia,80,8,28,14,5.86,0.29,,1.8
df2e2535-39b5-3d74-9ff0-1a7663c69841, -18.040360, -59.611260,2026-07-11 05:12:00,NOAA-20,Chiquitos,Santa Cruz,Bolivia,80,8,28,16,10.0,0.09,,0.4
f3ed53e8-5f2f-3975-9254-481b6e45a2e1, -16.409720, -59.581950,2026-07-11 05:12:00,NOAA-20,José Miguel de Velasco,Santa Cruz,Bolivia,85,8,28,16,0.41,0.94,,0.7
b906da39-4cdd-35c7-8467-f298c0ae9aef, -16.406360, -59.581340,2026-07-11 05:12:00,NOAA-20,José Miguel de Velasco,Santa Cruz,Bolivia,85,8,28,16,0.4,0.95,,1.3
42fc526a-0968-300a-9a20-2a146dc6c888, -15.909700, -61.262300,2026-07-11 05:12:00,NOAA-20,José Miguel de Velasco,Santa Cruz,Bolivia,85,8,28,16,1.81,0.65,,0.9
f98e56e8-5172-3672-bda7-6f39ce2e94ad, -18.349020, -59.087230,2026-07-11 05:12:00,NOAA-20,Chiquitos,Santa Cruz,Bolivia,80,8,28,14,10.09,0.08,,1.0
6358a6ad-1a12-35e8-9f82-10c5e659e9e5, -15.731780, -61.975200,2026-07-11 05:12:00,NOAA-20,Ñuflo de Chávez,Santa Cruz,Bolivia,78,8,28,16,3.6,0.29,,4.9
09087cfb-524f-3084-9ade-d3e508f47a17, -15.005760, -63.893520,2026-07-11 05:12:00,NOAA-20,Marbán,El Beni,Bolivia,28,3,28,16,13.55,0.02,,1.7
ef1a59b1-49b9-3601-9d68-259d2c6f487c, -17.698680, -61.046630,2026-07-11 05:12:00,NOAA-20,Chiquitos,Santa Cruz,Bolivia,80,8,28,16,2.49,0.95,,1.2
98e2633c-0721-33f4-a6f8-16a845b4e1dd, -19.301790, -47.443970,2026-07-11 05:12:00,NOAA-20,SANTA JULIANA,MINAS GERAIS,Brasil,3157708,31,33,2,0.0,0.85,Cerrado,1.6
e6e87d2c-aafc-3d4b-9286-fb0ec029ff48, -18.333940, -59.054680,2026-07-11 05:12:00,NOAA-20,Chiquitos,Santa Cruz,Bolivia,80,8,28,15,11.54,0.06,,2.5
e6dca25d-172f-3b78-a64c-17e47abb3195, -20.379300, -59.139760,2026-07-11 05:12:00,NOAA-20,Fuerte Olimpo,Alto Paraguay,Paraguay,17,2,177,16,8.13,0.59,,1.4
ce6650f2-037a-3c44-8a68-c450b57f471c, -16.424800, -59.584100,2026-07-11 05:12:00,NOAA-20,José Miguel de Velasco,Santa Cruz,Bolivia,85,8,28,16,0.5,0.92,,2.7
e9eacc30-82d5-31d1-8c79-f38b00cc549b, -17.667150, -60.762470,2026-07-11 05:12:00,NOAA-20,Chiquitos,Santa Cruz,Bolivia,80,8,28,14,5.93,0.28,,1.8
063df1b0-e878-3f47-9afa-d9b83dd64015, -16.368820, -59.305790,2026-07-11 05:12:00,NOAA-20,José Miguel de Velasco,Santa Cruz,Bolivia,85,8,28,14,0.18,0.92,,0.5
5371370e-3806-39c9-b05d-d64d87f371f9, -15.589480, -61.805770,2026-07-11 05:12:00,NOAA-20,Ñuflo de Chávez,Santa Cruz,Bolivia,78,8,28,16,7.06,0.13,,1.4
ba90e130-5308-344a-885c-f562a2ff92ce, -25.958670, -59.422020,2026-07-11 05:14:00,NOAA-20,Pirané,Formosa,Argentina,260,9,12,22,0.0,0.79,,0.8
804f09ef-fdae-3b94-8212-c2545b8bac66, -22.562330, -55.963470,2026-07-11 05:14:00,NOAA-20,Pedro Juan Caballero,Amambay,Paraguay,40,4,177,11,0.94,1.0,,1.2
5c7802e7-20be-36c6-9854-4c14b8acd118, -22.915750, -49.206420,2026-07-11 05:14:00,NOAA-20,ÁGUAS DE SANTA BÁRBARA,SÃO PAULO,Brasil,3500550,35,33,15,0.0,1.0,Cerrado,1.6
ab9684c9-35c2-3ecb-958a-49f136a3b1a5, -21.976760, -55.941740,2026-07-11 05:14:00,NOAA-20,PONTA PORÃ,MATO GROSSO DO SUL,Brasil,5006606,50,33,11,7.47,0.18,Cerrado,1.4
4794c973-ac03-312b-b42c-d4870d169c95, -20.991440, -59.647250,2026-07-11 05:14:00,NOAA-20,Fuerte Olimpo,Alto Paraguay,Paraguay,17,2,177,31,0.1,1.0,,2.8
8a93b5ca-ea1b-32dc-a88c-eb9a39e50e18, -19.907690, -65.385060,2026-07-11 05:14:00,NOAA-20,José María Linares,Potosí,Bolivia,70,7,28,77,0.0,0.88,,2.0
83e8643d-6b41-3383-9c16-c120ef65f892, -20.754800, -61.205210,2026-07-11 05:14:00,NOAA-20,General Eugenio A. Garay,Boquerón,Paraguay,43,6,177,34,0.0,0.96,,3.0
cf5be18b-a561-355c-a8ee-05cf23f93dfa, -21.299680, -61.205180,2026-07-11 05:14:00,NOAA-20,General Eugenio A. Garay,Boquerón,Paraguay,43,6,177,43,0.0,0.93,,2.2
b929b60e-acf8-3c55-b6ff-0e1ea6a3758a, -21.100750, -57.466420,2026-07-11 05:14:00,NOAA-20,PORTO MURTINHO,MATO GROSSO DO SUL,Brasil,5006903,50,33,21,7.24,0.17,Cerrado,0.9
72639802-00a5-3900-a998-a645be166105, -27.408310, -57.109900,2026-07-11 05:14:00,NOAA-20,Ayolas,Misiones,Paraguay,173,15,177,7,0.0,0.84,,5.8
50804551-a134-35fe-9597-dd33597a1901, -22.827660, -59.572990,2026-07-11 05:14:00,NOAA-20,Pozo Colorado,Presidente Hayes,Paraguay,201,17,177,22,0.86,0.94,,0.7
b302a83d-4587-39a6-b414-386a654c89e3, -22.457180, -57.656010,2026-07-11 05:14:00,NOAA-20,Concepción,Concepción,Paraguay,102,11,177,11,1.48,0.91,,6.2
d60c479d-01c2-3acc-98a7-c5bdb58143bd, -27.402610, -57.106920,2026-07-11 05:14:00,NOAA-20,Ayolas,Misiones,Paraguay,173,15,177,7,0.0,0.84,,2.6
a3b5c5ce-bda6-319d-bc48-0dac488a2d1d, -22.234870, -58.004520,2026-07-11 05:14:00,NOAA-20,La Victoria,Alto Paraguay,Paraguay,18,2,177,14,6.89,0.4,,7.4
7047845e-e09e-377b-8660-2feae4ce534f, -25.770860, -57.227890,2026-07-11 05:14:00,NOAA-20,Carapeguá,Paraguarí,Paraguay,185,16,177,9,0.1,0.81,,1.6
7b28519a-9504-37d3-af3e-818424ce75c5, -22.918860, -49.205280,2026-07-11 05:14:00,NOAA-20,ÁGUAS DE SANTA BÁRBARA,SÃO PAULO,Brasil,3500550,35,33,15,0.0,1.0,Cerrado,0.8
583f288f-bfc4-307e-8685-c2fb8c61cccc, -22.453750, -57.655430,2026-07-11 05:14:00,NOAA-20,Concepción,Concepción,Paraguay,102,11,177,11,1.51,1.0,,6.2
710ac583-8933-3e98-9ea6-33f3963ec25e, -23.294440, -58.851880,2026-07-11 05:14:00,NOAA-20,Pozo Colorado,Presidente Hayes,Paraguay,201,17,177,21,2.1,0.5,,0.7
18134aa6-de6c-3442-af14-b030df6c347d, -22.381620, -49.788890,2026-07-11 05:14:00,NOAA-20,LUPÉRCIO,SÃO PAULO,Brasil,3527801,35,33,16,0.0,0.99,Mata Atlântica,1.2
a39f2080-fb95-3195-a6f7-3a5830ca1a3f, -23.828690, -60.053010,2026-07-11 05:14:00,NOAA-20,Villa Hayes,Presidente Hayes,Paraguay,203,17,177,21,2.24,0.86,,1.7
2670c30f-0f97-3631-9280-8789eaa03fe0, -25.141530, -58.874340,2026-07-11 05:14:00,NOAA-20,Pilagás,Formosa,Argentina,258,9,12,22,0.0,0.97,,1.1
399b1368-f2ce-3703-a3e5-2d00d14a6790, -21.296290, -61.204520,2026-07-11 05:14:00,NOAA-20,General Eugenio A. Garay,Boquerón,Paraguay,43,6,177,43,0.0,0.93,,2.2
cc7dcad4-9e88-3229-a179-2090a2bc4954, -24.688190, -60.736290,2026-07-11 05:14:00,NOAA-20,Patiño,Formosa,Argentina,257,9,12,23,0.0,0.99,,0.3
92622d60-32c3-3d09-8687-f0ee460fc936, -27.002660, -57.591290,2026-07-11 05:14:00,NOAA-20,Tacuaras,Ñeembucú,Paraguay,13,1,177,5,0.0,0.93,,2.0
994eb938-b5a0-37f5-a828-55f88598a671, -24.144040, -60.226050,2026-07-11 05:14:00,NOAA-20,Patiño,Formosa,Argentina,257,9,12,23,0.0,0.96,,0.9
da476c29-5afc-388b-a450-1c169e699995, -20.755470, -61.201290,2026-07-11 05:14:00,NOAA-20,General Eugenio A. Garay,Boquerón,Paraguay,43,6,177,33,0.0,0.96,,3.0
b0d4851b-43eb-3fab-86b8-3272241a0a6c, -25.147700, -58.879490,2026-07-11 05:14:00,NOAA-20,Pilagás,Formosa,Argentina,258,9,12,22,0.0,0.97,,1.0
6aa6a43f-b00c-3ada-9da3-a6d86b6205ca, -23.829280, -60.049260,2026-07-11 05:14:00,NOAA-20,Villa Hayes,Presidente Hayes,Paraguay,203,17,177,21,2.29,0.87,,1.5
f5a7f31a-8059-3bc9-911b-331fcc831965, -27.406290, -57.107520,2026-07-11 05:14:00,NOAA-20,Ayolas,Misiones,Paraguay,173,15,177,7,0.0,0.84,,2.6
97902e77-4b6e-3c64-959e-8d88b5d68d46, -20.994750, -59.647850,2026-07-11 05:14:00,NOAA-20,Fuerte Olimpo,Alto Paraguay,Paraguay,17,2,177,31,0.1,1.0,,1.2
407785f2-3691-3362-9048-86bfa0037989, -27.409980, -57.108120,2026-07-11 05:14:00,NOAA-20,Ayolas,Misiones,Paraguay,173,15,177,7,0.0,0.84,,3.5
70c3c3f5-03d0-3514-9787-442d6c944d8c, -23.391420, -59.831190,2026-07-11 05:14:00,NOAA-20,Pozo Colorado,Presidente Hayes,Paraguay,201,17,177,22,0.0,0.94,,1.2
ac51fd4e-7fbc-3e9e-a36f-e5cf656af385, -27.058890, -60.435940,2026-07-11 05:14:00,NOAA-20,San Lorenzo,Chaco,Argentina,191,4,12,23,0.0,0.9,,1.5
59c53791-1c94-3545-a086-3f4dcc048935, -25.772480, -57.226350,2026-07-11 05:14:00,NOAA-20,Carapeguá,Paraguarí,Paraguay,185,16,177,9,0.1,0.81,,1.4
eecd0854-112b-3def-a7a2-42001ccd2a5d, -27.065530, -60.437220,2026-07-11 05:14:00,NOAA-20,San Lorenzo,Chaco,Argentina,191,4,12,23,0.0,0.89,,1.4
5456baab-b73a-3518-92f9-19793999ae90, -22.921750, -49.203180,2026-07-11 05:14:00,NOAA-20,ÁGUAS DE SANTA BÁRBARA,SÃO PAULO,Brasil,3500550,35,33,15,0.0,1.0,Cerrado,1.6
c283c429-3cff-34b2-94c1-1de3aa196158, -22.919210, -49.201230,2026-07-11 05:14:00,NOAA-20,ÁGUAS DE SANTA BÁRBARA,SÃO PAULO,Brasil,3500550,35,33,15,0.0,1.0,Cerrado,0.8
335af0b2-9b16-33cc-8011-f63481d73cc6, -22.381290, -49.792390,2026-07-11 05:14:00,NOAA-20,LUPÉRCIO,SÃO PAULO,Brasil,3527801,35,33,16,0.0,0.9,Mata Atlântica,1.2
8ecdd18d-defe-309e-a2c4-b3c8439bc87e, -20.989310, -59.639270,2026-07-11 05:14:00,NOAA-20,Fuerte Olimpo,Alto Paraguay,Paraguay,17,2,177,31,0.1,1.0,,21.9
87877dc4-d7af-37ae-b929-d2726775c88c, -27.062210, -60.436580,2026-07-11 05:14:00,NOAA-20,San Lorenzo,Chaco,Argentina,191,4,12,23,0.0,0.89,,1.5
da735429-a4e5-3e8e-a744-3edc2399dbd4, -25.151080, -58.880100,2026-07-11 05:14:00,NOAA-20,Pilagás,Formosa,Argentina,258,9,12,22,0.0,0.97,,0.6
0aaedd5d-e0b8-30bb-b48c-b4989bd1a281, -23.174700, -61.315370,2026-07-11 05:14:00,NOAA-20,Doctor Pedro P. Peña,Boquerón,Paraguay,42,6,177,31,0.0,0.91,,0.9
1e6980ec-535b-3683-9970-129beda40d24, -23.660360, -60.149920,2026-07-11 05:14:00,NOAA-20,Villa Hayes,Presidente Hayes,Paraguay,203,17,177,21,3.05,0.9,,0.6
c6f0b8f6-db56-3592-82c5-d3461baca498, -20.992030, -59.643560,2026-07-11 05:14:00,NOAA-20,Fuerte Olimpo,Alto Paraguay,Paraguay,17,2,177,31,0.1,1.0,,2.8
9278a306-6710-3d59-bdbb-2c02f1463bb4, -22.238250, -58.005110,2026-07-11 05:14:00,NOAA-20,La Victoria,Alto Paraguay,Paraguay,18,2,177,14,6.85,0.39,,1.2
03dbcc33-d8c4-339b-b71b-611f24666d9b, -27.405650, -57.112360,2026-07-11 05:14:00,NOAA-20,Ayolas,Misiones,Paraguay,173,15,177,7,0.0,0.84,,4.3
42598f5b-6954-3830-b577-6376ae22b6b8, -19.911920, -65.386040,2026-07-11 05:14:00,NOAA-20,José María Linares,Potosí,Bolivia,70,7,28,78,0.0,0.88,,4.3
c0941750-e960-326d-a652-9c2d046c3704, -20.758870, -61.201960,2026-07-11 05:14:00,NOAA-20,General Eugenio A. Garay,Boquerón,Paraguay,43,6,177,34,0.0,0.96,,0.8
7a5c4b1d-e2ce-3047-9f3a-9730c9b26527, -20.992620, -59.639870,2026-07-11 05:14:00,NOAA-20,Fuerte Olimpo,Alto Paraguay,Paraguay,17,2,177,31,0.1,1.0,,21.9
a119f443-2ba3-3155-8a84-d32956339584, -23.392010, -59.827440,2026-07-11 05:14:00,NOAA-20,Pozo Colorado,Presidente Hayes,Paraguay,201,17,177,22,0.0,0.94,,1.2
ee44b3df-7262-3e04-9543-9cb16a089176, -27.350720, -56.588900,2026-07-11 05:14:00,NOAA-20,San Cosme y Damián,Itapúa,Paraguay,166,14,177,2,0.0,0.71,,1.1
12741917-9a7f-3837-b623-e34902ce85de, -23.825970, -60.048630,2026-07-11 05:14:00,NOAA-20,Villa Hayes,Presidente Hayes,Paraguay,203,17,177,21,2.29,0.91,,1.5
967da440-f3dd-36ff-869e-cb9b544e9ce7, -22.234290, -58.008430,2026-07-11 05:14:00,NOAA-20,La Victoria,Alto Paraguay,Paraguay,18,2,177,14,7.06,0.33,,3.3
a107dfda-d733-360a-84c4-c6c7cbaa6cb1, -24.392340, -57.577850,2026-07-11 05:14:00,NOAA-20,Villa Hayes,Presidente Hayes,Paraguay,203,17,177,5,0.2,0.96,,1.2
2042a27d-77a0-3e21-98ee-76bb444fc3a5, -22.238830, -58.001200,2026-07-11 05:14:00,NOAA-20,La Victoria,Alto Paraguay,Paraguay,18,2,177,15,6.68,0.46,,1.2
808abcd6-52e6-3288-88ef-d37af7753105, -21.097340, -57.465840,2026-07-11 05:14:00,NOAA-20,PORTO MURTINHO,MATO GROSSO DO SUL,Brasil,5006903,50,33,21,7.3,0.19,Cerrado,0.9
ac587767-3382-389e-9539-005d1f91a85e, -24.395830, -57.578430,2026-07-11 05:14:00,NOAA-20,Villa Hayes,Presidente Hayes,Paraguay,203,17,177,5,0.2,0.96,,1.2
41d18741-03ae-33cd-81b0-af0e505eff18, -20.988720, -59.642960,2026-07-11 05:14:00,NOAA-20,Fuerte Olimpo,Alto Paraguay,Paraguay,17,2,177,31,0.1,1.0,,2.8
f5b300d9-24e4-3210-9fbb-e6099b10b4de, -22.375890, -49.791770,2026-07-11 05:14:00,NOAA-20,LUPÉRCIO,SÃO PAULO,Brasil,3527801,35,33,16,0.0,0.93,Mata Atlântica,0.6
bfe22a61-0afa-3925-91f9-a7b4c2ca15f7, -27.401970, -57.111760,2026-07-11 05:14:00,NOAA-20,Ayolas,Misiones,Paraguay,173,15,177,7,0.0,0.84,,4.3
31be131a-ebcc-3c57-8a07-25f82c7ce4b0, -23.171990, -61.310850,2026-07-11 05:14:00,NOAA-20,Doctor Pedro P. Peña,Boquerón,Paraguay,42,6,177,31,0.0,0.91,,0.9
32517ac5-3e10-3198-ad55-5906130122c9, -27.404630, -57.109300,2026-07-11 05:14:00,NOAA-20,Ayolas,Misiones,Paraguay,173,15,177,7,0.0,0.84,,5.8
a8ac3a11-26da-37bf-b877-4cb4fa1002d2, -23.388110, -59.830580,2026-07-11 05:14:00,NOAA-20,Pozo Colorado,Presidente Hayes,Paraguay,201,17,177,22,0.0,0.95,,2.3
0ffe2c20-496d-3d25-992c-a2c6357dd830, -24.391740, -57.582090,2026-07-11 05:14:00,NOAA-20,Villa Hayes,Presidente Hayes,Paraguay,203,17,177,5,0.2,0.89,,1.2
668f7144-2434-3d0c-b3ac-469397d3defd, -32.401760, -65.680430,2026-07-11 05:16:00,NOAA-20,Libertador General San Martín,San Luis,Argentina,431,19,12,3,0.0,0.83,,0.7
3410b671-0508-3c0f-9891-e121dc6c3796, -34.192370, -70.744930,2026-07-11 05:16:00,NOAA-20,Cachapoal,Libertador General Bernardo O'Higgins,Chile,22,8,48,0,0.0,-999.0,,0.8
a7f6d62d-e3a2-3264-b20f-f43c2bf89742, -34.132980, -59.009030,2026-07-11 05:16:00,NOAA-20,Zárate,Buenos Aires,Argentina,128,1,12,1,0.1,-999.0,,1.7
9f5dbba6-0896-34ae-9a43-838d6dc22bca, -33.664430, -70.758050,2026-07-11 05:16:00,NOAA-20,Cordillera,Región Metropolitana de Santiago,Chile,40,13,48,0,0.0,0.39,,2.9
98012ba1-66ea-3e32-b449-d891c86be43a, -34.194020, -70.743830,2026-07-11 05:16:00,NOAA-20,Cachapoal,Libertador General Bernardo O'Higgins,Chile,22,8,48,0,0.0,-999.0,,0.6
cf9e3cd6-76ff-3292-8f67-c00542bd4898, -33.663230, -70.763330,2026-07-11 05:16:00,NOAA-20,Cordillera,Región Metropolitana de Santiago,Chile,40,13,48,0,0.0,0.48,,2.9
daebc9b7-fbe2-37dc-862d-13c3b5f0d4a5, -34.255730, -70.931380,2026-07-11 05:18:00,NOAA-20,Cachapoal,Libertador General Bernardo O'Higgins,Chile,22,8,48,0,0.0,0.13,,0.7
8e3ececc-8f18-3475-91dd-be40d9badb05, -36.741410, -71.975180,2026-07-11 05:18:00,NOAA-20,Ñuble,Bío-Bío,Chile,15,6,48,0,0.0,0.0,,1.1
78061d26-6515-3dbf-8650-9b85dac65423, -16.739600, -60.652800,2026-07-11 05:20:00,GOES-19,José Miguel de Velasco,Santa Cruz,Bolivia,85,8,28,15,5.24,0.31,,47.5
4e947351-4229-37d6-820d-2a205b59df39, -27.413200, -57.097800,2026-07-11 05:30:00,GOES-19,Ayolas,Misiones,Paraguay,173,15,177,7,0.0,0.84,,84.6
241aa545-6bef-3e0e-9cfc-c02950860986, -27.412600, -57.120200,2026-07-11 05:30:00,GOES-19,Ayolas,Misiones,Paraguay,173,15,177,7,0.0,0.85,,80.7
1c43942e-05e1-3694-9f53-cb77b300bbe4, -27.391200, -57.102100,2026-07-11 05:30:00,GOES-19,Ayolas,Misiones,Paraguay,173,15,177,7,0.0,0.84,,75.3
0e3ab405-f373-3d4a-bae2-c649f44646d0,  -6.492720, -42.200440,2026-07-11 05:38:00,AQUA_M-M,VÁRZEA GRANDE,PIAUÍ,Brasil,2211407,22,33,56,0.0,0.98,Caatinga,40.0
a532749a-8be5-31f2-a277-63cc60a4efbf, -16.739600, -60.652800,2026-07-11 05:40:00,GOES-19,José Miguel de Velasco,Santa Cruz,Bolivia,85,8,28,15,5.24,0.31,,47.3
5bc08b29-d72e-3ab2-a77f-a3dd59360337, -16.422600, -59.584200,2026-07-11 05:50:00,GOES-19,José Miguel de Velasco,Santa Cruz,Bolivia,85,8,28,16,0.49,0.92,,51.4
106d262a-bb83-38de-92e2-861848d91cfd,  10.495020, -67.146160,2026-07-11 05:50:00,NOAA-21,Vargas,Vargas,Venezuela,303,23,249,-999,3.4,0.19,,1.3
051d421a-b650-3250-a308-a45e922ccd47,   9.674170, -66.444820,2026-07-11 05:50:00,NOAA-21,Monagas,Guárico,Venezuela,140,13,249,0,4.04,0.51,,0.2
b635e097-3342-3de7-bc7b-93d268400757,   9.619830, -63.551270,2026-07-11 05:50:00,NOAA-21,Santa Barbara,Monagas,Venezuela,211,17,249,0,3.7,0.27,,0.7
5863a117-1b2a-3282-acc1-5d73b9f47865,   9.838980, -64.594090,2026-07-11 05:50:00,NOAA-21,Libertad,Anzoátegui,Venezuela,21,2,249,2,2.26,0.22,,1.2
509d963c-98e5-3ad7-b367-92ae8b1c5eab,  10.491520, -67.146600,2026-07-11 05:50:00,NOAA-21,Vargas,Vargas,Venezuela,303,23,249,-999,3.32,0.38,,1.3
b32ef1e7-fd8f-3440-aa65-db2c81c04e8d,   6.398050, -71.774990,2026-07-11 05:53:00,NOAA-21,Tame,Arauca,Colombia,139,3,53,0,6.33,0.0,,2.5
0b5e3aa3-cd93-3bff-938e-9ed0f067b2db,   6.401060, -71.773460,2026-07-11 05:53:00,NOAA-21,Tame,Arauca,Colombia,139,3,53,0,6.5,0.0,,1.7
99efa09b-1c56-3fb7-add0-de52f68feaa3,   4.037550, -72.482910,2026-07-11 05:53:00,NOAA-21,Puerto López,Meta,Colombia,701,20,53,1,1.01,0.02,,1.5
f5b14075-09eb-38c3-bd62-1cd354570ba4,   4.038190, -72.487270,2026-07-11 05:53:00,NOAA-21,Puerto López,Meta,Colombia,701,20,53,1,1.04,0.02,,1.1
bfefa51e-76ec-38f7-b105-6f6de5ab7e52,   6.405420, -71.772860,2026-07-11 05:53:00,NOAA-21,Tame,Arauca,Colombia,139,3,53,0,6.75,0.0,,1.7
96bdf2f3-f9bc-3402-bcd0-892d944b55a8,   6.397310, -71.778200,2026-07-11 05:53:00,NOAA-21,Tame,Arauca,Colombia,139,3,53,0,6.32,0.0,,2.2
ea29a150-34a4-35ae-b173-bde2f0ee245a,   4.033760, -72.487880,2026-07-11 05:53:00,NOAA-21,Puerto López,Meta,Colombia,701,20,53,1,1.09,0.01,,1.1
79a1aa7d-0dbd-357f-b9ac-fcf8e5457de1,   5.207690, -68.090400,2026-07-11 05:53:00,NOAA-21,Santa Rita,Vichada,Colombia,1064,32,53,0,2.89,0.0,,2.1
d36beaf0-e0dd-32fc-9ab3-dec8c688debb,   6.402410, -71.774380,2026-07-11 05:53:00,NOAA-21,Tame,Arauca,Colombia,139,3,53,0,6.59,0.0,,2.5
b36f4536-409d-3992-ba1e-266b86760897,   6.406770, -71.773780,2026-07-11 05:53:00,NOAA-21,Tame,Arauca,Colombia,139,3,53,0,6.84,0.0,,1.4
51a0103b-8c22-3089-b69a-341dcf4e8078,   6.396700, -71.774060,2026-07-11 05:53:00,NOAA-21,Tame,Arauca,Colombia,139,3,53,0,6.24,0.0,,1.7
517ffb94-6832-3d06-8615-b44402f8b52b,   6.398630, -71.779140,2026-07-11 05:53:00,NOAA-21,Tame,Arauca,Colombia,139,3,53,0,6.41,0.0,,1.4
79ac613c-63b0-3be0-9430-ad996134dd90,   5.210380, -68.090440,2026-07-11 05:53:00,NOAA-21,Santa Rita,Vichada,Colombia,1064,32,53,0,2.86,0.0,,5.4
49754858-d2af-3b33-ad83-0f1c64dde94f,  -9.164960, -78.236030,2026-07-11 05:55:00,NOAA-21,Santa,Ancash,Peru,25,2,178,32,0.0,0.94,,1.0
28770258-5e77-35e1-8596-da635de84a35,  -1.877370, -54.684460,2026-07-11 05:55:00,NOAA-21,ALENQUER,PARÁ,Brasil,1500404,15,33,5,0.0,0.65,Amazônia,2.7
c5981977-b443-39ad-a3c5-2e7920f71bcb, -17.675210, -60.774150,2026-07-11 05:57:00,NOAA-21,Chiquitos,Santa Cruz,Bolivia,80,8,28,14,5.7,0.3,,2.8
d6f95ad1-26d8-332b-a92c-072ea2a10762, -17.736940, -60.763620,2026-07-11 05:57:00,NOAA-21,Chiquitos,Santa Cruz,Bolivia,80,8,28,15,4.62,0.54,,2.0
5c21ca9e-5b96-3944-9407-521dddeaccff, -15.921400, -61.915000,2026-07-11 05:57:00,NOAA-21,Ñuflo de Chávez,Santa Cruz,Bolivia,78,8,28,16,3.45,0.37,,1.0
df1631dd-a233-37b8-82b9-487c9a08ce9e, -16.349930, -59.652860,2026-07-11 05:57:00,NOAA-21,José Miguel de Velasco,Santa Cruz,Bolivia,85,8,28,16,0.06,0.99,,2.6
c90acc57-f3cc-3e06-8b73-9e661728410a, -17.491550, -59.570040,2026-07-11 05:57:00,NOAA-21,Chiquitos,Santa Cruz,Bolivia,80,8,28,14,3.43,0.53,,6.5
f43a977a-e351-32f3-b031-69636efedc1f, -17.135730, -60.022710,2026-07-11 05:57:00,NOAA-21,Chiquitos,Santa Cruz,Bolivia,80,8,28,15,0.9,0.87,,2.1
75fcca76-0c84-30f5-a5e5-ba069e92613d, -15.711420, -61.926860,2026-07-11 05:57:00,NOAA-21,Ñuflo de Chávez,Santa Cruz,Bolivia,78,8,28,16,3.44,0.65,,2.4
dca9add2-4dae-3b89-901f-adaa579c1b63, -16.405990, -59.577140,2026-07-11 05:57:00,NOAA-21,José Miguel de Velasco,Santa Cruz,Bolivia,85,8,28,16,0.4,0.95,,2.4
2501f9d6-9290-3f83-b345-271ee946d9a6, -15.913600, -61.381690,2026-07-11 05:57:00,NOAA-21,José Miguel de Velasco,Santa Cruz,Bolivia,85,8,28,16,1.33,0.66,,1.2
442efe59-04eb-3b37-baf5-33420b5081b2, -17.142160, -60.554680,2026-07-11 05:57:00,NOAA-21,José Miguel de Velasco,Santa Cruz,Bolivia,85,8,28,16,1.37,0.82,,2.2
54ba573d-d109-3045-9ad6-87f62a8d590d, -16.105310, -60.446540,2026-07-11 05:57:00,NOAA-21,José Miguel de Velasco,Santa Cruz,Bolivia,85,8,28,16,0.63,0.97,,3.5
d91d6ebf-a957-3fe0-942e-dec08a2867a8, -16.403450, -61.823030,2026-07-11 05:57:00,NOAA-21,Ñuflo de Chávez,Santa Cruz,Bolivia,78,8,28,14,1.34,0.67,,4.2
73783632-094f-3434-98f9-f56098b115ac, -16.424410, -59.574290,2026-07-11 05:57:00,NOAA-21,José Miguel de Velasco,Santa Cruz,Bolivia,85,8,28,16,0.49,0.93,,7.0
0c4dfdc6-738d-3ba6-8155-c127a61a51d0, -18.340340, -59.066190,2026-07-11 05:57:00,NOAA-21,Chiquitos,Santa Cruz,Bolivia,80,8,28,15,10.98,0.07,,3.8
0d063171-ff6c-3541-bb73-50611128030c, -17.145870, -60.543750,2026-07-11 05:57:00,NOAA-21,José Miguel de Velasco,Santa Cruz,Bolivia,85,8,28,16,1.35,0.83,,1.4
c5d70aab-82e6-3d33-bd03-8f56be9352a4, -18.348420, -59.089750,2026-07-11 05:57:00,NOAA-21,Chiquitos,Santa Cruz,Bolivia,80,8,28,14,10.06,0.08,,2.1
7c4df08f-26e1-3552-a4f4-a2e14c544692, -17.966840, -61.705810,2026-07-11 05:57:00,NOAA-21,Chiquitos,Santa Cruz,Bolivia,80,8,28,20,4.1,0.65,,5.9
faa2a69f-0f35-3445-904e-7e5a4ea21431, -15.003070, -63.896590,2026-07-11 05:57:00,NOAA-21,Marbán,El Beni,Bolivia,28,3,28,16,13.67,0.02,,1.5
0a1270ba-0208-37ab-91e9-99d2ebba12dd, -18.000160, -61.696110,2026-07-11 05:57:00,NOAA-21,Chiquitos,Santa Cruz,Bolivia,80,8,28,17,3.43,0.81,,1.0
5befa733-72b3-38d7-a8e7-9a17874ee496, -14.997840, -68.166210,2026-07-11 05:57:00,NOAA-21,Franz Tamayo,La Paz,Bolivia,36,4,28,19,0.0,0.72,,1.4
085e9734-e98e-3c76-951c-43756112421f, -16.411490, -59.582170,2026-07-11 05:57:00,NOAA-21,José Miguel de Velasco,Santa Cruz,Bolivia,85,8,28,16,0.42,0.94,,2.4
db44f1d1-ae7b-3c41-a7c8-069cc3c3a207, -16.404520, -61.813350,2026-07-11 05:57:00,NOAA-21,Ñuflo de Chávez,Santa Cruz,Bolivia,78,8,28,14,1.38,0.67,,3.0
9c21d1c5-a85e-3cae-8462-4d1c6a616cf9, -16.407910, -61.829940,2026-07-11 05:57:00,NOAA-21,Ñuflo de Chávez,Santa Cruz,Bolivia,78,8,28,14,1.24,0.68,,5.2
f06fbc5d-24f9-3cc3-b0fa-d1f9b1c8533f, -18.335020, -59.055180,2026-07-11 05:57:00,NOAA-21,Chiquitos,Santa Cruz,Bolivia,80,8,28,15,11.49,0.06,,3.0
d29b933e-069d-33b0-93b2-483412e30992, -17.492000, -59.565340,2026-07-11 05:57:00,NOAA-21,Chiquitos,Santa Cruz,Bolivia,80,8,28,14,3.4,0.53,,6.5
fae6bba9-c13d-3543-86aa-63e73d6b603e, -18.348880, -59.084550,2026-07-11 05:57:00,NOAA-21,Chiquitos,Santa Cruz,Bolivia,80,8,28,14,10.15,0.08,,2.0
b67a9063-bcac-302c-a91a-b45a8d5ba0e1, -15.729240, -61.986390,2026-07-11 05:57:00,NOAA-21,Ñuflo de Chávez,Santa Cruz,Bolivia,78,8,28,16,3.85,0.28,,2.5
e34b5532-9364-3e64-bd33-6200b9661b9e, -16.110930, -60.447220,2026-07-11 05:57:00,NOAA-21,José Miguel de Velasco,Santa Cruz,Bolivia,85,8,28,16,0.67,0.97,,3.6
28bdbe02-64ae-3a4b-9e9e-7c14bb7b3041, -17.263100, -61.015080,2026-07-11 05:57:00,NOAA-21,Chiquitos,Santa Cruz,Bolivia,80,8,28,14,3.63,0.49,,2.4
b736549b-1634-3934-a52c-9f19be674833, -15.732340, -61.569020,2026-07-11 05:57:00,NOAA-21,Ñuflo de Chávez,Santa Cruz,Bolivia,78,8,28,16,6.63,0.22,,1.2
959c2fa0-6058-3ff0-9c87-a1b3dea1f4b7, -17.624350, -60.434640,2026-07-11 05:57:00,NOAA-21,Chiquitos,Santa Cruz,Bolivia,80,8,28,16,7.67,0.21,,0.9
a808ee07-54a0-3f78-a882-dc9e5725994e, -17.733970, -60.035100,2026-07-11 05:57:00,NOAA-21,Chiquitos,Santa Cruz,Bolivia,80,8,28,15,4.45,0.38,,6.4
8f7323db-55e3-3410-9a92-a2389ba03df7, -16.330820, -59.663700,2026-07-11 05:57:00,NOAA-21,José Miguel de Velasco,Santa Cruz,Bolivia,85,8,28,16,0.1,0.99,,3.4
c0847390-3648-3e5d-95b4-2fb17e7d910a, -17.696090, -60.993100,2026-07-11 05:57:00,NOAA-21,Chiquitos,Santa Cruz,Bolivia,80,8,28,15,3.06,0.85,,7.7
6e935e34-9442-3726-9166-46bdbec8d5d5, -17.137180, -66.043490,2026-07-11 05:57:00,NOAA-21,Chapare,Cochabamba,Bolivia,17,2,28,28,0.0,0.58,,1.7
5168415a-d5cb-3435-9a94-6728cb63b5e4, -16.758390, -66.562240,2026-07-11 05:57:00,NOAA-21,Ayopaya,Cochabamba,Bolivia,13,2,28,31,0.0,0.85,,1.9
b4dbf578-5826-3532-923f-f862da6ee8fd, -17.696480, -61.042920,2026-07-11 05:57:00,NOAA-21,Chiquitos,Santa Cruz,Bolivia,80,8,28,16,2.55,0.98,,1.6
427335bc-06cb-31bb-82d2-afa9d7da7acb, -16.417940, -59.578280,2026-07-11 05:57:00,NOAA-21,José Miguel de Velasco,Santa Cruz,Bolivia,85,8,28,16,0.43,0.93,,7.9
124e48ff-d9a7-3ea3-9f1a-bceb1781b717, -17.070810, -63.142110,2026-07-11 05:57:00,NOAA-21,Obispo Santistevan,Santa Cruz,Bolivia,87,8,28,17,0.1,1.0,,2.1
fd8f7b39-095a-3bf5-ad5f-caa970ebcb6a, -16.109030, -60.448060,2026-07-11 05:57:00,NOAA-21,José Miguel de Velasco,Santa Cruz,Bolivia,85,8,28,16,0.65,0.97,,4.3
efbe78aa-c82e-3731-871d-2efeeac8fe79, -16.409300, -59.577750,2026-07-11 05:57:00,NOAA-21,José Miguel de Velasco,Santa Cruz,Bolivia,85,8,28,16,0.4,0.94,,2.7
7363890d-1b46-3270-a318-97024d6e9c7f, -15.922160, -61.303780,2026-07-11 05:57:00,NOAA-21,José Miguel de Velasco,Santa Cruz,Bolivia,85,8,28,16,1.42,0.74,,3.5
f56a1262-dd7f-39b7-9d8c-33b001ab4e82, -18.342600, -59.083850,2026-07-11 05:57:00,NOAA-21,Chiquitos,Santa Cruz,Bolivia,80,8,28,15,10.44,0.07,,2.5
c18ffdf5-ccd9-38dc-ae27-5627992d4f30, -18.328730, -59.054550,2026-07-11 05:57:00,NOAA-21,Chiquitos,Santa Cruz,Bolivia,80,8,28,15,11.76,0.05,,4.8
716fd1ea-4d75-3486-97e3-8c1b4950f6c8, -16.403090, -61.826240,2026-07-11 05:57:00,NOAA-21,Ñuflo de Chávez,Santa Cruz,Bolivia,78,8,28,14,1.35,0.67,,5.2
6b134bff-24a1-34cf-9c75-8bd7f2a322a0, -18.272070, -59.048780,2026-07-11 05:57:00,NOAA-21,Chiquitos,Santa Cruz,Bolivia,80,8,28,15,14.28,0.03,,2.3
b695cb43-8c90-3bac-b8b6-befc01aac181, -18.085440, -59.649500,2026-07-11 05:57:00,NOAA-21,Chiquitos,Santa Cruz,Bolivia,80,8,28,15,8.4,0.28,,2.2
adfc05b4-5a97-3e3a-b774-3fff8938e86a, -18.346640, -59.066820,2026-07-11 05:57:00,NOAA-21,Chiquitos,Santa Cruz,Bolivia,80,8,28,14,10.68,0.07,,4.0
a43613a3-2697-3c24-9baf-c400a3f9ede5, -17.142960, -60.546560,2026-07-11 05:57:00,NOAA-21,José Miguel de Velasco,Santa Cruz,Bolivia,85,8,28,16,1.35,0.84,,1.7
cad63973-f606-3ffc-8e43-c2dfc06230ab, -15.759150, -60.946290,2026-07-11 05:57:00,NOAA-21,José Miguel de Velasco,Santa Cruz,Bolivia,85,8,28,16,1.5,0.93,,0.9
cd6f7716-a229-3008-94ad-173c05c65972, -16.730320, -60.654820,2026-07-11 05:57:00,NOAA-21,José Miguel de Velasco,Santa Cruz,Bolivia,85,8,28,15,5.25,0.31,,13.5
e1682b6e-792d-3208-a5cd-df30cd20f734, -16.414380, -59.587300,2026-07-11 05:57:00,NOAA-21,José Miguel de Velasco,Santa Cruz,Bolivia,85,8,28,16,0.47,0.93,,5.6
64fbdf6e-af52-3fca-9a80-cf07d305edaa, -17.760830, -60.419460,2026-07-11 05:57:00,NOAA-21,Chiquitos,Santa Cruz,Bolivia,80,8,28,16,14.43,0.03,,2.6
6562ab71-94e6-39d0-8e8b-43eb2255053a, -16.406480, -59.572530,2026-07-11 05:57:00,NOAA-21,José Miguel de Velasco,Santa Cruz,Bolivia,85,8,28,16,0.4,0.95,,2.8
dbb05bd6-c3d7-3349-8197-ffa44223aa44, -17.143370, -60.542450,2026-07-11 05:57:00,NOAA-21,José Miguel de Velasco,Santa Cruz,Bolivia,85,8,28,16,1.31,0.84,,1.1
5d41d9b6-e216-3b09-9f7e-115903adcf69, -16.413930, -59.591880,2026-07-11 05:57:00,NOAA-21,José Miguel de Velasco,Santa Cruz,Bolivia,85,8,28,16,0.49,0.93,,2.2
fd835d73-f8da-3560-a4aa-6ef80cf5e7c6, -15.730620, -61.974160,2026-07-11 05:57:00,NOAA-21,Ñuflo de Chávez,Santa Cruz,Bolivia,78,8,28,16,3.61,0.29,,5.7
1606ae4f-95b3-3a58-8064-47d7f330d61b, -19.910900, -65.387340,2026-07-11 05:57:00,NOAA-21,José María Linares,Potosí,Bolivia,70,7,28,78,0.0,0.88,,4.3
18ce280e-5f88-3918-8a38-462656b9828e, -16.116110, -60.451840,2026-07-11 05:57:00,NOAA-21,José Miguel de Velasco,Santa Cruz,Bolivia,85,8,28,16,0.7,0.97,,3.6
d60f02fe-138f-3ace-91fc-31d6cca13469, -13.781640, -70.460780,2026-07-11 05:57:00,NOAA-21,Carabaya,Puno,Peru,162,22,178,0,0.0,0.72,,3.1
391d7049-5c19-3074-9b76-a3f0b503a177, -17.730040, -60.029050,2026-07-11 05:57:00,NOAA-21,Chiquitos,Santa Cruz,Bolivia,80,8,28,15,4.4,0.39,,10.9
a81c8d89-29d6-3d76-8bca-6846d193fa2b, -15.002520, -63.900980,2026-07-11 05:57:00,NOAA-21,Marbán,El Beni,Bolivia,28,3,28,16,13.77,0.02,,1.5
0b26ee79-937a-33ec-9f7a-da46cceabce7, -18.339370, -59.076510,2026-07-11 05:57:00,NOAA-21,Chiquitos,Santa Cruz,Bolivia,80,8,28,15,10.76,0.07,,2.7
2645d086-a1e2-3907-bc96-4300af43ac87, -20.995590, -59.642000,2026-07-11 05:57:00,NOAA-21,Fuerte Olimpo,Alto Paraguay,Paraguay,17,2,177,31,0.1,1.0,,6.4
5fd06aba-6147-3b2f-863f-ec4d7f376c2d, -17.526390, -63.240070,2026-07-11 05:57:00,NOAA-21,Sara,Santa Cruz,Bolivia,88,8,28,22,0.3,1.0,,3.6
c850a67e-860a-345c-8243-9a06dd7b9102, -15.731970, -61.572200,2026-07-11 05:57:00,NOAA-21,Ñuflo de Chávez,Santa Cruz,Bolivia,78,8,28,16,6.65,0.22,,1.2
c032bca4-6eec-32b3-942d-0e4d7589778e, -17.141360, -60.562670,2026-07-11 05:57:00,NOAA-21,José Miguel de Velasco,Santa Cruz,Bolivia,85,8,28,16,1.39,0.81,,1.9
cf3efb93-ca76-38fe-94f7-07c0aea51102, -16.422930, -59.588130,2026-07-11 05:57:00,NOAA-21,José Miguel de Velasco,Santa Cruz,Bolivia,85,8,28,16,0.5,0.92,,5.5
3e3b10a8-9f84-3ed8-8984-7876d4c5e122, -16.349980, -59.593800,2026-07-11 05:57:00,NOAA-21,José Miguel de Velasco,Santa Cruz,Bolivia,85,8,28,16,0.02,1.0,,1.6
aee655af-6f55-32c9-8975-02921fe15753, -18.350710, -59.063770,2026-07-11 05:57:00,NOAA-21,Chiquitos,Santa Cruz,Bolivia,80,8,28,14,10.57,0.07,,4.2
588a0f65-6bda-3982-bcc3-3546cd79a164, -17.497120, -59.575610,2026-07-11 05:57:00,NOAA-21,Chiquitos,Santa Cruz,Bolivia,80,8,28,14,3.62,0.51,,2.4
7d5006f4-3c14-39a5-8674-3a380d6026ed, -17.605300, -61.697100,2026-07-11 05:57:00,NOAA-21,Chiquitos,Santa Cruz,Bolivia,80,8,28,28,0.4,1.0,,1.5
4138a4f1-5ee8-3039-a459-15f8ec4b4bde, -16.414830, -59.582840,2026-07-11 05:57:00,NOAA-21,José Miguel de Velasco,Santa Cruz,Bolivia,85,8,28,16,0.43,0.93,,5.6
c836cb3e-a201-3213-b9dc-c1732ffcd4bf, -15.632770, -64.019450,2026-07-11 05:57:00,NOAA-21,Marbán,El Beni,Bolivia,28,3,28,16,1.68,0.51,,1.0
42b73c37-119b-3c2a-b52f-c68e95bc966c, -18.347130, -59.061630,2026-07-11 05:57:00,NOAA-21,Chiquitos,Santa Cruz,Bolivia,80,8,28,14,10.77,0.07,,4.0
cdbb7f7e-975d-32ec-ad1d-2d7d1264f6ac, -18.087180, -59.649630,2026-07-11 05:57:00,NOAA-21,Chiquitos,Santa Cruz,Bolivia,80,8,28,15,8.38,0.41,,3.2
a62428bd-1838-3e70-a506-223fc7e96252, -16.426280, -59.588960,2026-07-11 05:57:00,NOAA-21,José Miguel de Velasco,Santa Cruz,Bolivia,85,8,28,16,0.51,0.92,,1.4
a206dcb1-1046-362d-ba81-c193feeac180, -17.145000, -60.551870,2026-07-11 05:57:00,NOAA-21,José Miguel de Velasco,Santa Cruz,Bolivia,85,8,28,16,1.4,0.83,,1.3
cd41460e-d877-3761-98a4-42e87057c1d5, -17.660640, -60.730160,2026-07-11 05:57:00,NOAA-21,Chiquitos,Santa Cruz,Bolivia,80,8,28,14,6.24,0.59,,0.9
453252e9-4f59-345f-9b88-8fc24a640b7a, -17.070100, -63.141760,2026-07-11 05:57:00,NOAA-21,Obispo Santistevan,Santa Cruz,Bolivia,87,8,28,17,0.1,1.0,,1.6
dc4e29ce-840f-3550-856a-e1f60dc7df21, -15.913970, -61.378380,2026-07-11 05:57:00,NOAA-21,José Miguel de Velasco,Santa Cruz,Bolivia,85,8,28,16,1.32,0.66,,1.2
87fab7bf-8caf-3097-ba28-78080c5dfa59, -16.408270, -61.826710,2026-07-11 05:57:00,NOAA-21,Ñuflo de Chávez,Santa Cruz,Bolivia,78,8,28,14,1.23,0.68,,5.2
24e2063b-995c-368c-a459-efa32d901edb, -15.214780, -68.619500,2026-07-11 05:57:00,NOAA-21,Muñecas,La Paz,Bolivia,44,4,28,9,0.0,0.66,,1.3
f3b364d6-1758-3334-a3ac-cc48487b8176, -16.402370, -61.832730,2026-07-11 05:57:00,NOAA-21,Ñuflo de Chávez,Santa Cruz,Bolivia,78,8,28,14,1.35,0.66,,3.4
70227f3a-8c94-30a3-97e8-eb488e396d0d, -18.343050, -59.078660,2026-07-11 05:57:00,NOAA-21,Chiquitos,Santa Cruz,Bolivia,80,8,28,15,10.53,0.07,,2.5
da6c6c2b-875e-3b3e-a404-4f58c8d59ab2, -16.412460, -59.573060,2026-07-11 05:57:00,NOAA-21,José Miguel de Velasco,Santa Cruz,Bolivia,85,8,28,16,0.4,0.94,,2.8
7c33ecac-273d-321c-a4c3-5baab9bf4bde, -18.338890, -59.081680,2026-07-11 05:57:00,NOAA-21,Chiquitos,Santa Cruz,Bolivia,80,8,28,15,10.67,0.07,,5.1
228f8257-b68f-320e-9e4b-ccb1a5229830, -16.403800, -61.819830,2026-07-11 05:57:00,NOAA-21,Ñuflo de Chávez,Santa Cruz,Bolivia,78,8,28,14,1.34,0.67,,4.2
71033503-616a-3ff3-89cb-e1a0be63a8e9, -17.668750, -60.763150,2026-07-11 05:57:00,NOAA-21,Chiquitos,Santa Cruz,Bolivia,80,8,28,14,5.89,0.29,,1.4
566f2773-3ecd-3c01-aab3-7d5d0ce5a0be, -16.409750, -59.573130,2026-07-11 05:57:00,NOAA-21,José Miguel de Velasco,Santa Cruz,Bolivia,85,8,28,16,0.4,0.94,,2.7
ffec8494-deda-3869-a913-8b3c499f2d82, -16.411970, -59.577660,2026-07-11 05:57:00,NOAA-21,José Miguel de Velasco,Santa Cruz,Bolivia,85,8,28,16,0.4,0.94,,2.4
d8a15cbc-bc5b-3fa0-8613-1ab0e9c2cf1c, -18.633380, -62.805270,2026-07-11 05:57:00,NOAA-21,Cordillera,Santa Cruz,Bolivia,81,8,28,31,0.02,0.98,,2.2
2b7e5504-aba6-328e-a648-717639f0a28c, -15.389080, -69.320710,2026-07-11 05:57:00,NOAA-21,Moho,Puno,Peru,169,22,178,7,0.0,0.72,,4.9
71a640a4-3436-306f-b339-64e0ea52ffc7, -20.995160, -59.647190,2026-07-11 05:57:00,NOAA-21,Fuerte Olimpo,Alto Paraguay,Paraguay,17,2,177,31,0.1,1.0,,6.2
e61c28d9-2ec0-317f-acb3-07907aa22072, -18.327760, -59.064880,2026-07-11 05:57:00,NOAA-21,Chiquitos,Santa Cruz,Bolivia,80,8,28,15,11.57,0.06,,4.0
bf9f86e6-e0bf-3d27-a1e0-7ef45214be2b, -17.141760, -60.558680,2026-07-11 05:57:00,NOAA-21,José Miguel de Velasco,Santa Cruz,Bolivia,85,8,28,16,1.37,0.82,,2.2
000c7574-2e11-38db-aa10-f0468230133c, -16.103860, -60.387900,2026-07-11 05:57:00,NOAA-21,José Miguel de Velasco,Santa Cruz,Bolivia,85,8,28,16,0.89,0.93,,2.7
5679722a-b738-3cf3-bf6b-c0896eb62e2b, -13.435370, -72.918980,2026-07-11 05:57:00,NOAA-21,Abancay,Apurímac,Peru,28,3,178,29,0.0,0.85,,1.8
6f3ac0e1-0ea3-3266-b7f3-86118b6fd95c, -16.402730, -61.829450,2026-07-11 05:57:00,NOAA-21,Ñuflo de Chávez,Santa Cruz,Bolivia,78,8,28,14,1.35,0.67,,5.2
a292f155-cedc-3803-bac6-8ecdec1b7a91, -18.085910, -59.644740,2026-07-11 05:57:00,NOAA-21,Chiquitos,Santa Cruz,Bolivia,80,8,28,15,8.54,0.28,,2.2
4a6787b7-61e9-3abd-8847-017e2dcf81ab, -17.147420, -60.559290,2026-07-11 05:57:00,NOAA-21,José Miguel de Velasco,Santa Cruz,Bolivia,85,8,28,16,1.45,0.81,,2.2
2af05f50-b3e8-3e35-b2fe-b30f617ff398, -16.405510, -59.581690,2026-07-11 05:57:00,NOAA-21,José Miguel de Velasco,Santa Cruz,Bolivia,85,8,28,16,0.4,0.95,,2.4
31fe5210-e3d9-3c73-b400-6b6835cb70a3, -17.139350, -60.551200,2026-07-11 05:57:00,NOAA-21,José Miguel de Velasco,Santa Cruz,Bolivia,85,8,28,16,1.34,0.83,,1.3
e621b7b6-e194-331a-9196-ccb237ab8bca, -15.914700, -61.371710,2026-07-11 05:57:00,NOAA-21,José Miguel de Velasco,Santa Cruz,Bolivia,85,8,28,16,1.31,0.66,,1.5
c54f3d58-327d-38e7-b812-089664fb2c11, -18.339030, -59.052020,2026-07-11 05:57:00,NOAA-21,Chiquitos,Santa Cruz,Bolivia,80,8,28,15,11.35,0.06,,4.3
61f26efd-a9d4-344a-9db0-335430ce0c04, -16.114650, -60.448770,2026-07-11 05:57:00,NOAA-21,José Miguel de Velasco,Santa Cruz,Bolivia,85,8,28,16,0.7,0.97,,1.7
9bf7ef2b-82b7-3a67-9950-a197c373a5eb, -17.999480, -61.691310,2026-07-11 05:57:00,NOAA-21,Chiquitos,Santa Cruz,Bolivia,80,8,28,17,3.5,0.74,,0.8
832dc407-ad80-3c8c-872a-8dfcb794d21f, -18.349340, -59.079350,2026-07-11 05:57:00,NOAA-21,Chiquitos,Santa Cruz,Bolivia,80,8,28,14,10.24,0.08,,2.0
68249bf2-08b0-341e-8358-802f9dcec0b9, -17.729120, -60.037970,2026-07-11 05:57:00,NOAA-21,Chiquitos,Santa Cruz,Bolivia,80,8,28,15,4.48,0.38,,11.3
615439c3-8a0e-382a-ae6d-2f8412d9d8b3, -15.730270, -61.977260,2026-07-11 05:57:00,NOAA-21,Ñuflo de Chávez,Santa Cruz,Bolivia,78,8,28,16,3.66,0.29,,5.1
b6039c9c-daf0-3b6f-ab67-2d4c6d3743d7, -17.670850, -60.761750,2026-07-11 05:57:00,NOAA-21,Chiquitos,Santa Cruz,Bolivia,80,8,28,14,5.86,0.29,,3.1
529ab0ca-5466-3dd9-b252-d0ac6ad21c83, -13.322740, -63.542000,2026-07-11 05:57:00,NOAA-21,Vaca Díez,El Beni,Bolivia,30,3,28,26,10.09,0.95,,0.9
e688168b-0f7c-3500-84df-9e94b15a6909, -18.329210, -59.049340,2026-07-11 05:57:00,NOAA-21,Chiquitos,Santa Cruz,Bolivia,80,8,28,15,11.82,0.05,,4.8
97ea7445-6db9-3368-8bb8-900c564e3167, -13.429810, -72.930410,2026-07-11 05:57:00,NOAA-21,Abancay,Apurímac,Peru,28,3,178,29,0.0,0.88,,1.5
469900e2-6165-3453-9cf2-ebd5d02a748e, -18.350960, -59.088240,2026-07-11 05:57:00,NOAA-21,Chiquitos,Santa Cruz,Bolivia,80,8,28,14,9.99,0.09,,3.2
ff5b087c-9475-3fe6-a38b-dd83bd36a293, -17.490650, -59.579410,2026-07-11 05:57:00,NOAA-21,Chiquitos,Santa Cruz,Bolivia,80,8,28,14,3.51,0.52,,6.5
e7c3ad8a-378c-3ffd-9910-97670cf3b407, -17.670430, -60.765670,2026-07-11 05:57:00,NOAA-21,Chiquitos,Santa Cruz,Bolivia,80,8,28,14,5.83,0.29,,3.1
7c41203d-eb37-3ecc-9f2c-9585d92e00fa, -15.926860, -61.912460,2026-07-11 05:57:00,NOAA-21,Ñuflo de Chávez,Santa Cruz,Bolivia,78,8,28,16,3.49,0.36,,1.2
29169e31-7118-3efe-9609-34631d14e01a, -16.543410, -60.734240,2026-07-11 05:57:00,NOAA-21,José Miguel de Velasco,Santa Cruz,Bolivia,85,8,28,15,3.65,0.45,,3.1
2c07d9b7-416d-3334-8725-29a3a5d6377a, -16.299900, -62.114920,2026-07-11 05:57:00,NOAA-21,Ñuflo de Chávez,Santa Cruz,Bolivia,78,8,28,15,0.4,0.82,,2.5
16ef4553-945b-37f0-9b3f-b33c653be4ec, -16.100550, -60.386370,2026-07-11 05:57:00,NOAA-21,José Miguel de Velasco,Santa Cruz,Bolivia,85,8,28,16,0.86,0.93,,2.2
8cbef3b6-39fc-3ee6-8113-01cf7cefc576, -18.345660, -59.077190,2026-07-11 05:57:00,NOAA-21,Chiquitos,Santa Cruz,Bolivia,80,8,28,14,10.45,0.07,,4.5
88599622-98ae-38f9-8750-a8c242a3ad78, -17.485060, -59.573990,2026-07-11 05:57:00,NOAA-21,Chiquitos,Santa Cruz,Bolivia,80,8,28,14,3.34,0.54,,6.5
f5c97f29-e009-3a48-a292-764d02ea3b1c, -18.346150, -59.072010,2026-07-11 05:57:00,NOAA-21,Chiquitos,Santa Cruz,Bolivia,80,8,28,14,10.58,0.07,,4.5
b090c74c-b9ac-3b51-983c-99f17d0b8d4c, -17.496670, -59.580290,2026-07-11 05:57:00,NOAA-21,Chiquitos,Santa Cruz,Bolivia,80,8,28,14,3.66,0.5,,2.4
05f1b7b1-5812-3892-a7f8-efdcde983e88, -18.345170, -59.082370,2026-07-11 05:57:00,NOAA-21,Chiquitos,Santa Cruz,Bolivia,80,8,28,14,10.34,0.07,,3.2
ec5b0ac6-542d-3edb-a9c5-83aebf8b14b1, -17.624770, -60.430500,2026-07-11 05:57:00,NOAA-21,Chiquitos,Santa Cruz,Bolivia,80,8,28,16,7.52,0.21,,0.9
90552dd4-54e3-3bb9-acb7-6098a2e53967, -17.733540, -60.039570,2026-07-11 05:57:00,NOAA-21,Chiquitos,Santa Cruz,Bolivia,80,8,28,15,4.5,0.38,,6.4
ec113727-eb9d-3900-9b39-5484ef3ee1e6, -16.300590, -62.108880,2026-07-11 05:57:00,NOAA-21,Ñuflo de Chávez,Santa Cruz,Bolivia,78,8,28,15,0.45,0.75,,2.6
4dd108f1-4c49-3a6f-be03-c3bfde253a34, -13.784930, -70.461350,2026-07-11 05:57:00,NOAA-21,Carabaya,Puno,Peru,162,22,178,0,0.0,0.72,,3.1
5008062d-60b5-3762-9fc1-552c9bc2da83, -15.006910, -63.901600,2026-07-11 05:57:00,NOAA-21,Marbán,El Beni,Bolivia,28,3,28,16,13.68,0.02,,2.1
dd1dd38b-a27d-31a4-9a8c-0c2c78e43259, -16.330380, -59.668000,2026-07-11 05:57:00,NOAA-21,José Miguel de Velasco,Santa Cruz,Bolivia,85,8,28,16,0.1,0.99,,3.9
e55c1ad3-b9b5-3c79-9796-6c58c25851b0, -15.825830, -61.260770,2026-07-11 05:57:00,NOAA-21,José Miguel de Velasco,Santa Cruz,Bolivia,85,8,28,16,3.1,0.5,,3.6
53b977ff-bad2-34ac-b5b8-a5a7878dab33, -17.142560, -60.550620,2026-07-11 05:57:00,NOAA-21,José Miguel de Velasco,Santa Cruz,Bolivia,85,8,28,16,1.38,0.83,,1.7
b488c837-2860-3653-b59a-68fecf1fdadb, -15.597760, -61.809720,2026-07-11 05:57:00,NOAA-21,Ñuflo de Chávez,Santa Cruz,Bolivia,78,8,28,16,6.9,0.13,,2.0
4eb91c96-2921-3069-97ea-e4810ae5e31a, -15.930480, -61.925620,2026-07-11 05:57:00,NOAA-21,Ñuflo de Chávez,Santa Cruz,Bolivia,78,8,28,16,3.74,0.34,,2.4
d2b7850a-43cb-310b-b535-2f255ebf53f1, -17.143720, -60.563850,2026-07-11 05:57:00,NOAA-21,José Miguel de Velasco,Santa Cruz,Bolivia,85,8,28,16,1.43,0.81,,1.6
09a0dbf7-358e-33f4-938b-cfd8b40d812f, -13.426990, -72.925620,2026-07-11 05:57:00,NOAA-21,Abancay,Apurímac,Peru,28,3,178,29,0.0,0.87,,1.5
77a4bc60-c2d2-3c85-b410-048e821a444a, -16.415270, -59.578330,2026-07-11 05:57:00,NOAA-21,José Miguel de Velasco,Santa Cruz,Bolivia,85,8,28,16,0.4,0.93,,7.4
192cc4fc-4377-3683-bd2f-6a5e6f8f3be6, -16.408620, -61.823500,2026-07-11 05:57:00,NOAA-21,Ñuflo de Chávez,Santa Cruz,Bolivia,78,8,28,14,1.23,0.68,,4.2
05ef422e-5457-3769-b201-f479b153e8b1, -16.741900, -60.652280,2026-07-11 05:57:00,NOAA-21,José Miguel de Velasco,Santa Cruz,Bolivia,85,8,28,15,5.25,0.3,,3.7
78682d7c-97f9-3fa2-a7e2-c656ef21a8dc, -15.734640, -61.984010,2026-07-11 05:57:00,NOAA-21,Ñuflo de Chávez,Santa Cruz,Bolivia,78,8,28,16,3.69,0.29,,1.5
fa278def-ebca-3db4-b2d3-209605d72e17, -16.423410, -59.583580,2026-07-11 05:57:00,NOAA-21,José Miguel de Velasco,Santa Cruz,Bolivia,85,8,28,16,0.49,0.92,,7.9
3b4b0916-38ca-3a91-9e39-5034c7e8f20b, -16.758480, -66.559750,2026-07-11 05:57:00,NOAA-21,Ayopaya,Cochabamba,Bolivia,13,2,28,31,0.0,0.85,,1.6
4710a7d2-93bc-30d8-99ac-5b7b50498249, -15.921780, -61.307240,2026-07-11 05:57:00,NOAA-21,José Miguel de Velasco,Santa Cruz,Bolivia,85,8,28,16,1.39,0.71,,3.5
3986b2a5-8307-3f47-8598-a48b1f436d3b, -18.335510, -59.049970,2026-07-11 05:57:00,NOAA-21,Chiquitos,Santa Cruz,Bolivia,80,8,28,15,11.57,0.06,,3.0
9f36a085-ffd9-30f3-b7e7-8ecb2ee8cc70, -14.937300, -68.818250,2026-07-11 05:57:00,NOAA-21,Bautista Saavedra,La Paz,Bolivia,34,4,28,16,0.0,0.86,,10.8
660c18f1-9335-39da-ba29-32d57b16813e, -15.726190, -61.975540,2026-07-11 05:57:00,NOAA-21,Ñuflo de Chávez,Santa Cruz,Bolivia,78,8,28,16,3.7,0.29,,2.0
f0b551a6-e834-3039-9d6e-c2bc151b366b, -16.421240, -59.579010,2026-07-11 05:57:00,NOAA-21,José Miguel de Velasco,Santa Cruz,Bolivia,85,8,28,16,0.46,0.92,,7.4
34ee87b3-d8d4-337e-bf7d-12d75aa79b97, -14.937860, -68.814450,2026-07-11 05:57:00,NOAA-21,Bautista Saavedra,La Paz,Bolivia,34,4,28,15,0.0,0.86,,2.7
b3b6404d-3d4c-3ced-8334-baf06939dd1a, -18.034590, -59.605500,2026-07-11 05:57:00,NOAA-21,Chiquitos,Santa Cruz,Bolivia,80,8,28,16,10.12,0.09,,5.4
7305245a-0c43-380c-9f5e-602e372a3ba9, -18.034130, -59.610260,2026-07-11 05:57:00,NOAA-21,Chiquitos,Santa Cruz,Bolivia,80,8,28,16,9.97,0.09,,6.2
7c4f1ef0-8e10-309f-8d78-7dc82b07a18a, -16.736310, -60.651600,2026-07-11 05:57:00,NOAA-21,José Miguel de Velasco,Santa Cruz,Bolivia,85,8,28,15,5.26,0.3,,29.3
0a842eba-6581-3da5-ae95-909e15a4cd47, -17.491100, -59.574730,2026-07-11 05:57:00,NOAA-21,Chiquitos,Santa Cruz,Bolivia,80,8,28,14,3.47,0.52,,6.5
cc8c97fc-13af-3aff-a7ce-26dbf07305c2, -15.734990, -61.980950,2026-07-11 05:57:00,NOAA-21,Ñuflo de Chávez,Santa Cruz,Bolivia,78,8,28,16,3.62,0.29,,0.9
10273239-56f6-3f40-a95e-289da23a8e14, -18.638990, -62.799980,2026-07-11 05:57:00,NOAA-21,Cordillera,Santa Cruz,Bolivia,81,8,28,31,0.0,0.98,,2.2
6424e1bd-0c8d-3b0c-b86c-3b9d01bf92ff, -15.926490, -61.915600,2026-07-11 05:57:00,NOAA-21,Ñuflo de Chávez,Santa Cruz,Bolivia,78,8,28,16,3.54,0.36,,1.0
6ca0a128-3b5a-316a-a90b-a862509a6638, -18.336770, -59.077960,2026-07-11 05:57:00,NOAA-21,Chiquitos,Santa Cruz,Bolivia,80,8,28,15,10.85,0.07,,2.5
a47a8535-32b8-3c9f-86ba-283a16f07179, -16.732070, -60.649870,2026-07-11 05:57:00,NOAA-21,José Miguel de Velasco,Santa Cruz,Bolivia,85,8,28,15,5.33,0.3,,10.3
7ff44165-a27c-3ab7-866f-485356791e45, -16.683390, -67.450500,2026-07-11 05:57:00,NOAA-21,Inquisivi,La Paz,Bolivia,39,4,28,16,0.0,0.94,,1.2
65c3c6ee-f048-3449-afd2-0afdf5084e4f, -17.673580, -60.771670,2026-07-11 05:57:00,NOAA-21,Chiquitos,Santa Cruz,Bolivia,80,8,28,14,5.73,0.3,,3.1
0aadae5b-1a74-3e9d-95b4-cad88072c20c, -16.399360, -61.812720,2026-07-11 05:57:00,NOAA-21,Ñuflo de Chávez,Santa Cruz,Bolivia,78,8,28,14,1.5,0.65,,0.6
ccbc5773-a055-3b06-9c8c-3c90c497db87, -18.564210, -62.783180,2026-07-11 05:57:00,NOAA-21,Cordillera,Santa Cruz,Bolivia,81,8,28,31,0.27,0.98,,11.8
d6591c65-d1a6-3ce2-b8fa-bb43a0c786f3, -18.338570, -59.057240,2026-07-11 05:57:00,NOAA-21,Chiquitos,Santa Cruz,Bolivia,80,8,28,15,11.27,0.06,,5.4
7e8a6988-00ad-3f61-99c0-021f960645f6, -16.388760, -59.602660,2026-07-11 05:57:00,NOAA-21,José Miguel de Velasco,Santa Cruz,Bolivia,85,8,28,16,0.34,0.96,,0.4
c5dfa226-e96b-3e8e-9254-2f835e75513e, -17.675620, -60.770240,2026-07-11 05:57:00,NOAA-21,Chiquitos,Santa Cruz,Bolivia,80,8,28,14,5.69,0.3,,2.8
9aa4879e-ecc8-3d96-8633-84d6e97baee3, -16.348160, -59.670060,2026-07-11 05:57:00,NOAA-21,José Miguel de Velasco,Santa Cruz,Bolivia,85,8,28,16,0.1,0.99,,1.4
5a6619b4-8442-3d2c-8149-1d146c215549, -16.426730, -59.584380,2026-07-11 05:57:00,NOAA-21,José Miguel de Velasco,Santa Cruz,Bolivia,85,8,28,16,0.52,0.92,,1.4
2012000f-60bc-38b1-991e-bbfc9307277f, -15.831150, -61.261370,2026-07-11 05:57:00,NOAA-21,José Miguel de Velasco,Santa Cruz,Bolivia,85,8,28,16,3.1,0.5,,3.6
2ea4c843-b4ef-3c1b-881f-a4ecbed64715, -18.000540, -61.692670,2026-07-11 05:57:00,NOAA-21,Chiquitos,Santa Cruz,Bolivia,80,8,28,17,3.46,0.77,,1.1
0d67047e-13b5-31f3-bee6-499a581e7970, -15.826210, -61.257380,2026-07-11 05:57:00,NOAA-21,José Miguel de Velasco,Santa Cruz,Bolivia,85,8,28,16,3.12,0.5,,3.6
ea94c482-1ad0-3f80-8398-57e6eda24da0, -15.007470, -63.897200,2026-07-11 05:57:00,NOAA-21,Marbán,El Beni,Bolivia,28,3,28,16,13.57,0.02,,2.1
fef1f166-8f3f-3277-8ec1-bb7aa20e201d, -16.113930, -60.471320,2026-07-11 05:57:00,NOAA-21,José Miguel de Velasco,Santa Cruz,Bolivia,85,8,28,16,0.7,0.98,,2.2
8d8544d4-44c5-322d-853d-ded0153ef475, -15.925390, -61.925030,2026-07-11 05:57:00,NOAA-21,Ñuflo de Chávez,Santa Cruz,Bolivia,78,8,28,16,3.66,0.35,,1.2
0b4dc4fc-5978-38d5-98f6-9ca8ac84dc2c, -18.087620, -59.644860,2026-07-11 05:57:00,NOAA-21,Chiquitos,Santa Cruz,Bolivia,80,8,28,15,8.52,0.35,,4.0
0d714076-9bc8-368a-9d15-7a5605de1a82, -16.368210, -59.650290,2026-07-11 05:57:00,NOAA-21,José Miguel de Velasco,Santa Cruz,Bolivia,85,8,28,16,0.23,0.97,,3.6
c9dbcb49-95d7-3992-a67e-58c944c6e478, -16.733980, -60.206150,2026-07-11 05:57:00,NOAA-21,José Miguel de Velasco,Santa Cruz,Bolivia,85,8,28,15,1.93,0.75,,4.2
560dac9e-bebf-3b5d-9e46-612c62be864b, -20.757310, -61.202760,2026-07-11 05:57:00,NOAA-21,General Eugenio A. Garay,Boquerón,Paraguay,43,6,177,34,0.0,0.96,,4.3
0bc3e99f-b8c3-350a-bb54-b64c7da1463c, -16.367750, -59.654680,2026-07-11 05:57:00,NOAA-21,José Miguel de Velasco,Santa Cruz,Bolivia,85,8,28,16,0.23,0.97,,4.5
a17162ab-ff4f-3625-9861-f701a84d253c, -18.339860, -59.071360,2026-07-11 05:57:00,NOAA-21,Chiquitos,Santa Cruz,Bolivia,80,8,28,15,10.87,0.07,,2.7
cc6a27c1-77f4-3407-a22f-bf7eb50f3b7d, -17.669140, -60.759210,2026-07-11 05:57:00,NOAA-21,Chiquitos,Santa Cruz,Bolivia,80,8,28,14,5.92,0.31,,1.4
e42ba9fa-3d05-399c-a24c-70dc7e27c92b, -16.073810, -60.474170,2026-07-11 05:57:00,NOAA-21,José Miguel de Velasco,Santa Cruz,Bolivia,85,8,28,16,0.7,1.0,,1.8
df6e2fcd-301e-343d-85d0-549440dbade6, -16.367310, -59.658980,2026-07-11 05:57:00,NOAA-21,José Miguel de Velasco,Santa Cruz,Bolivia,85,8,28,16,0.22,0.97,,4.5
1757a156-fed7-31c5-a92e-63ee0f950149, -18.638350, -62.805930,2026-07-11 05:57:00,NOAA-21,Cordillera,Santa Cruz,Bolivia,81,8,28,31,0.0,0.98,,2.2
d8ace7a7-2619-3a54-84e7-521508bb635c, -17.492910, -59.555840,2026-07-11 05:57:00,NOAA-21,Chiquitos,Santa Cruz,Bolivia,80,8,28,14,3.32,0.54,,4.7
8b76d732-b962-37f4-8c27-76042fc66e37, -17.144150, -60.559850,2026-07-11 05:57:00,NOAA-21,José Miguel de Velasco,Santa Cruz,Bolivia,85,8,28,16,1.39,0.81,,4.5
668cc422-46a3-3189-ac9c-25a18a5e6222, -16.109440, -60.444130,2026-07-11 05:57:00,NOAA-21,José Miguel de Velasco,Santa Cruz,Bolivia,85,8,28,16,0.68,0.96,,4.3
2e4ad298-06b0-38e9-93f7-5f4edb727ada, -16.389180, -59.598300,2026-07-11 05:57:00,NOAA-21,José Miguel de Velasco,Santa Cruz,Bolivia,85,8,28,16,0.34,0.96,,0.4
ab2b1d7a-ce90-3f64-9ae9-61bf5ba8d996, -15.926120, -61.918750,2026-07-11 05:57:00,NOAA-21,Ñuflo de Chávez,Santa Cruz,Bolivia,78,8,28,16,3.59,0.36,,1.0
1be336ee-8d21-37f8-8ce2-802b7b17ba74, -16.112610, -60.468320,2026-07-11 05:57:00,NOAA-21,José Miguel de Velasco,Santa Cruz,Bolivia,85,8,28,16,0.7,0.98,,3.2
5b9e49af-7efa-33bd-8d16-f755d934fd7b, -18.559240, -62.782540,2026-07-11 05:57:00,NOAA-21,Cordillera,Santa Cruz,Bolivia,81,8,28,31,0.29,0.98,,11.8
417ae54d-b0c3-354e-ab57-83b3b99c3bae, -17.147820, -60.555300,2026-07-11 05:57:00,NOAA-21,José Miguel de Velasco,Santa Cruz,Bolivia,85,8,28,16,1.44,0.81,,2.2
889ef8d5-5a1f-37cb-a513-edcbcf7ed654, -16.417460, -59.582830,2026-07-11 05:57:00,NOAA-21,José Miguel de Velasco,Santa Cruz,Bolivia,85,8,28,16,0.45,0.93,,7.9
8aa91ba2-b3d7-3807-a0d8-bb9bb7fb7b29, -13.785500, -70.457730,2026-07-11 05:57:00,NOAA-21,Carabaya,Puno,Peru,162,22,178,0,0.0,0.72,,1.3
a3c80d78-252b-365a-a1c2-db29273e3f45, -18.329700, -59.044140,2026-07-11 05:57:00,NOAA-21,Chiquitos,Santa Cruz,Bolivia,80,8,28,15,11.7,0.05,,1.6
0bd4e8c6-90e2-34ef-bd6d-64c7b0138908, -16.300250, -62.111840,2026-07-11 05:57:00,NOAA-21,Ñuflo de Chávez,Santa Cruz,Bolivia,78,8,28,15,0.43,0.78,,2.6
8128db1d-270d-308f-addc-4db501a87fbd, -13.334310, -63.658570,2026-07-11 05:57:00,NOAA-21,Vaca Díez,El Beni,Bolivia,30,3,28,20,8.14,0.47,,1.6
25e127a3-1d99-3e8d-af33-e1f2db887481, -16.735900, -60.655590,2026-07-11 05:57:00,NOAA-21,José Miguel de Velasco,Santa Cruz,Bolivia,85,8,28,15,5.18,0.31,,13.5
5efb35b9-6322-33fc-91cb-1ec21b45759b, -15.926710, -61.311260,2026-07-11 05:57:00,NOAA-21,José Miguel de Velasco,Santa Cruz,Bolivia,85,8,28,16,1.27,0.74,,0.7
9e93d815-a5d9-3bcf-a9ca-415289e25a3c, -16.074230, -60.470290,2026-07-11 05:57:00,NOAA-21,José Miguel de Velasco,Santa Cruz,Bolivia,85,8,28,16,0.7,1.0,,2.1
6bb71fa4-0db7-3ddd-9329-f6d603abb2d0, -16.423900, -59.578990,2026-07-11 05:57:00,NOAA-21,José Miguel de Velasco,Santa Cruz,Bolivia,85,8,28,16,0.49,0.92,,7.9
44988cd1-655a-3394-8506-0ea156ae61c9, -17.498930, -59.556770,2026-07-11 05:57:00,NOAA-21,Chiquitos,Santa Cruz,Bolivia,80,8,28,14,3.48,0.52,,1.3
9ac13057-318a-39be-8547-842554c5633e, -17.728090, -60.034330,2026-07-11 05:57:00,NOAA-21,Chiquitos,Santa Cruz,Bolivia,80,8,28,15,4.45,0.39,,9.6
1880aaa3-10ae-3c81-997f-ec46743e1454, -17.729580, -60.033500,2026-07-11 05:57:00,NOAA-21,Chiquitos,Santa Cruz,Bolivia,80,8,28,15,4.44,0.39,,10.9
faca9a14-74f4-3b0c-ac20-8412d724a38b, -19.027030, -65.573460,2026-07-11 05:57:00,NOAA-21,Cornelio Saavedra,Potosí,Bolivia,68,7,28,9,0.0,0.87,,1.4
cd941b59-0b8d-3fc3-b8ff-3c65ac26cdf4, -15.706000, -61.929120,2026-07-11 05:57:00,NOAA-21,Ñuflo de Chávez,Santa Cruz,Bolivia,78,8,28,16,3.49,0.45,,2.1
7b1c974f-dcaa-37d0-a34d-2f72522e05e6, -13.434770, -72.922540,2026-07-11 05:57:00,NOAA-21,Abancay,Apurímac,Peru,28,3,178,29,0.0,0.87,,1.8
fcfb658a-609c-3a17-9f1c-24405e3cbd06, -18.343960, -59.068290,2026-07-11 05:57:00,NOAA-21,Chiquitos,Santa Cruz,Bolivia,80,8,28,15,10.77,0.07,,5.0
68698b99-8304-3a1a-b339-064c0b5a96e1, -17.674360, -60.763850,2026-07-11 05:57:00,NOAA-21,Chiquitos,Santa Cruz,Bolivia,80,8,28,14,5.77,0.29,,1.5
2f2b8bb6-d419-3f76-8f39-c54784ada3fc, -15.734300, -61.987060,2026-07-11 05:57:00,NOAA-21,Ñuflo de Chávez,Santa Cruz,Bolivia,78,8,28,16,3.76,0.28,,1.5
7bc4f5c0-f92d-3d43-89f5-ad5aed597520, -18.343510, -59.073470,2026-07-11 05:57:00,NOAA-21,Chiquitos,Santa Cruz,Bolivia,80,8,28,15,10.66,0.07,,5.0
cd0c0d6b-e379-33e3-bcac-60367db1f5ba, -16.404880, -61.810050,2026-07-11 05:57:00,NOAA-21,Ñuflo de Chávez,Santa Cruz,Bolivia,78,8,28,14,1.4,0.67,,1.0
982631f3-d06a-358e-8ad1-4e9c0bd0b045, -17.144580, -60.555880,2026-07-11 05:57:00,NOAA-21,José Miguel de Velasco,Santa Cruz,Bolivia,85,8,28,16,1.4,0.82,,4.5
cda5032c-ea35-3971-97cc-49a9fffad80d, -15.711060, -61.929860,2026-07-11 05:57:00,NOAA-21,Ñuflo de Chávez,Santa Cruz,Bolivia,78,8,28,16,3.44,0.76,,2.1
921f271f-b429-3f12-9ff2-2edbda4667bb, -17.492450, -59.560620,2026-07-11 05:57:00,NOAA-21,Chiquitos,Santa Cruz,Bolivia,80,8,28,14,3.36,0.54,,4.7
d48c80de-5e66-31a8-aae4-500129f84c32, -17.271950, -66.992840,2026-07-11 05:57:00,NOAA-21,Inquisivi,La Paz,Bolivia,39,4,28,7,0.0,0.85,,1.5
fce440ef-8233-304d-a18b-b23ca67d55b3, -16.416980, -59.587330,2026-07-11 05:57:00,NOAA-21,José Miguel de Velasco,Santa Cruz,Bolivia,85,8,28,16,0.48,0.93,,5.5
c395c935-89b7-358e-98ce-f95d9afce7de, -16.399720, -61.809440,2026-07-11 05:57:00,NOAA-21,Ñuflo de Chávez,Santa Cruz,Bolivia,78,8,28,14,1.51,0.65,,0.8
ae04c86e-d832-3714-9b94-35ce8f76766c, -13.430560, -72.926020,2026-07-11 05:57:00,NOAA-21,Abancay,Apurímac,Peru,28,3,178,29,0.0,0.87,,1.5
a16d84aa-acae-3d56-b3c4-4f46afb9b854, -16.410210, -59.568500,2026-07-11 05:57:00,NOAA-21,José Miguel de Velasco,Santa Cruz,Bolivia,85,8,28,16,0.39,0.95,,2.0
21522964-d4cc-3eeb-9c88-fccaf782c914, -17.673970, -60.767760,2026-07-11 05:57:00,NOAA-21,Chiquitos,Santa Cruz,Bolivia,80,8,28,14,5.74,0.3,,3.1
42ae4b93-ab75-3688-a400-b8529cf4c667, -15.831530, -61.257970,2026-07-11 05:57:00,NOAA-21,José Miguel de Velasco,Santa Cruz,Bolivia,85,8,28,16,3.11,0.5,,3.6
cb10e428-9358-3a71-bfe8-ccb8f30f7f22, -13.333750, -63.662860,2026-07-11 05:57:00,NOAA-21,Vaca Díez,El Beni,Bolivia,30,3,28,20,7.97,0.49,,2.0
5c105553-cc4d-331e-9ef8-f77753266678, -18.328240, -59.059720,2026-07-11 05:57:00,NOAA-21,Chiquitos,Santa Cruz,Bolivia,80,8,28,15,11.67,0.05,,4.0
c9eab523-10a9-3e6c-bf0b-9ed9eede0b5d, -18.350250, -59.068960,2026-07-11 05:57:00,NOAA-21,Chiquitos,Santa Cruz,Bolivia,80,8,28,14,10.46,0.07,,2.3
29bdbc19-ceb4-39b4-94d6-8c2d0cdb10ee, -16.342230, -59.669380,2026-07-11 05:57:00,NOAA-21,José Miguel de Velasco,Santa Cruz,Bolivia,85,8,28,16,0.1,0.99,,1.8
47f3a3d0-f4dc-3dc7-9b21-f5489ee6804e, -17.521830, -62.859910,2026-07-11 05:57:00,NOAA-21,Andrés Ibáñez,Santa Cruz,Bolivia,79,8,28,24,0.5,1.0,,5.9
83d9a33f-1224-309e-a159-40649af11e47, -15.729930, -61.980330,2026-07-11 05:57:00,NOAA-21,Ñuflo de Chávez,Santa Cruz,Bolivia,78,8,28,16,3.71,0.28,,5.1
8c5af4d2-57cd-3bd8-b016-cdcda8da82b9, -16.420780, -59.583600,2026-07-11 05:57:00,NOAA-21,José Miguel de Velasco,Santa Cruz,Bolivia,85,8,28,16,0.47,0.92,,5.6
66dd16ce-2b97-339d-b84e-76e753174cea, -17.735000, -60.038710,2026-07-11 05:57:00,NOAA-21,Chiquitos,Santa Cruz,Bolivia,80,8,28,15,4.49,0.38,,2.3
d5df576e-f7e8-38c7-b91a-9b2518c6def8, -15.931220, -61.919370,2026-07-11 05:57:00,NOAA-21,Ñuflo de Chávez,Santa Cruz,Bolivia,78,8,28,16,3.66,0.35,,2.6
a04a0da6-ab85-3e03-803f-9c9d9233e31c, -15.921400, -61.310700,2026-07-11 05:57:00,NOAA-21,José Miguel de Velasco,Santa Cruz,Bolivia,85,8,28,16,1.37,0.68,,3.3
f1860766-f19b-3762-90cb-9093784075a8, -14.933940, -68.817780,2026-07-11 05:57:00,NOAA-21,Bautista Saavedra,La Paz,Bolivia,34,4,28,15,0.0,0.86,,1.2
b378b6bc-ded2-37df-b3a6-59473b4d2441, -15.925750, -61.921890,2026-07-11 05:57:00,NOAA-21,Ñuflo de Chávez,Santa Cruz,Bolivia,78,8,28,16,3.63,0.35,,1.2
8783e4ef-f354-3c98-82d3-ed873a08b4a6, -16.404160, -61.816610,2026-07-11 05:57:00,NOAA-21,Ñuflo de Chávez,Santa Cruz,Bolivia,78,8,28,14,1.35,0.67,,3.0
d8eba4ca-5c78-3702-8cc5-5ebe6b23f7cd, -18.336320, -59.083150,2026-07-11 05:57:00,NOAA-21,Chiquitos,Santa Cruz,Bolivia,80,8,28,15,10.77,0.07,,2.5
375cc9bd-29b4-394e-9d14-f8f0a36c3386, -16.407540, -61.833240,2026-07-11 05:57:00,NOAA-21,Ñuflo de Chávez,Santa Cruz,Bolivia,78,8,28,14,1.24,0.68,,3.4
1be7e519-0158-3e04-82b8-24d616628011, -16.366860, -59.663290,2026-07-11 05:57:00,NOAA-21,José Miguel de Velasco,Santa Cruz,Bolivia,85,8,28,16,0.22,0.97,,3.4
47ea45e1-e41e-31d8-b8f4-903175d7d248, -15.758760, -60.949900,2026-07-11 05:57:00,NOAA-21,José Miguel de Velasco,Santa Cruz,Bolivia,85,8,28,16,1.5,0.88,,1.4
ce98cd26-e327-3b60-b4d7-51bbbeab8b33, -16.421710, -59.574300,2026-07-11 05:57:00,NOAA-21,José Miguel de Velasco,Santa Cruz,Bolivia,85,8,28,16,0.47,0.93,,7.4
0e24db47-0b61-3635-b3cc-ae94ff1694a3, -16.408850, -59.582270,2026-07-11 05:57:00,NOAA-21,José Miguel de Velasco,Santa Cruz,Bolivia,85,8,28,16,0.41,0.94,,3.8
39a84798-0d9e-3407-80a6-54cb2042a5bd, -17.660260, -60.734080,2026-07-11 05:57:00,NOAA-21,Chiquitos,Santa Cruz,Bolivia,80,8,28,14,6.22,0.62,,0.7
76460703-d0c3-3e40-ba02-3908336266c1, -16.114370, -60.467410,2026-07-11 05:57:00,NOAA-21,José Miguel de Velasco,Santa Cruz,Bolivia,85,8,28,16,0.7,0.97,,1.8
a1df7970-e84c-3635-8c66-b737bb0f8e00, -14.934490, -68.814030,2026-07-11 05:57:00,NOAA-21,Bautista Saavedra,La Paz,Bolivia,34,4,28,15,0.0,0.86,,3.4
fa8ed299-6bfd-38b9-91e0-a59784f7de67, -16.731630, -60.653850,2026-07-11 05:57:00,NOAA-21,José Miguel de Velasco,Santa Cruz,Bolivia,85,8,28,15,5.25,0.31,,10.3
70cb959e-712a-3104-9e97-fee1f3cbf69e, -15.930850, -61.922510,2026-07-11 05:57:00,NOAA-21,Ñuflo de Chávez,Santa Cruz,Bolivia,78,8,28,16,3.7,0.34,,2.4
061eb600-d145-35ca-b8be-132c58abaadb, -15.921030, -61.918130,2026-07-11 05:57:00,NOAA-21,Ñuflo de Chávez,Santa Cruz,Bolivia,78,8,28,15,3.49,0.37,,1.0
b743ff7e-6898-342c-a1fc-81996fc6801c, -13.338110, -63.663500,2026-07-11 05:57:00,NOAA-21,Vaca Díez,El Beni,Bolivia,30,3,28,20,8.0,0.49,,2.0
4bd1620d-f7d5-3048-b966-5605a4b4e27d, -15.729590, -61.983360,2026-07-11 05:57:00,NOAA-21,Ñuflo de Chávez,Santa Cruz,Bolivia,78,8,28,16,3.78,0.28,,2.5
0becd775-b017-362c-9881-6a14eeaa186a, -16.366400, -59.667660,2026-07-11 05:57:00,NOAA-21,José Miguel de Velasco,Santa Cruz,Bolivia,85,8,28,16,0.21,0.97,,3.4
0ec32315-feb5-3cf7-994c-7e26f6c9736e, -17.728510, -60.029850,2026-07-11 05:57:00,NOAA-21,Chiquitos,Santa Cruz,Bolivia,80,8,28,15,4.4,0.39,,9.9
9b61a861-6e8e-379b-b58d-1b7d078e30fd, -17.145440, -60.547820,2026-07-11 05:57:00,NOAA-21,José Miguel de Velasco,Santa Cruz,Bolivia,85,8,28,16,1.38,0.83,,1.3
5045de08-44d3-3d17-aef2-e289324b9306, -17.999130, -61.694760,2026-07-11 05:57:00,NOAA-21,Chiquitos,Santa Cruz,Bolivia,80,8,28,17,3.47,0.78,,1.2
d57b5319-b16f-36a5-9a52-3d5e5535be23, -16.408980, -61.820310,2026-07-11 05:57:00,NOAA-21,Ñuflo de Chávez,Santa Cruz,Bolivia,78,8,28,14,1.22,0.68,,4.2
a55031f5-ae86-34a4-84d7-8103b37077b0, -18.349790, -59.074160,2026-07-11 05:57:00,NOAA-21,Chiquitos,Santa Cruz,Bolivia,80,8,28,14,10.35,0.08,,2.3
9a21397f-1544-3254-9de8-0d9494e2c0e9, -16.420330, -59.588150,2026-07-11 05:57:00,NOAA-21,José Miguel de Velasco,Santa Cruz,Bolivia,85,8,28,16,0.49,0.92,,5.6
af74459a-58ae-343f-be1f-85310207970a, -15.003630, -63.892170,2026-07-11 05:57:00,NOAA-21,Marbán,El Beni,Bolivia,28,3,28,16,13.57,0.02,,2.1
724243ed-9daf-328e-abe5-b89ce7073013, -16.543010, -60.737940,2026-07-11 05:57:00,NOAA-21,José Miguel de Velasco,Santa Cruz,Bolivia,85,8,28,15,3.64,0.45,,3.8
7a3cc207-6fcd-36aa-aa8e-94d59fb92132, -16.331250, -59.659410,2026-07-11 05:57:00,NOAA-21,José Miguel de Velasco,Santa Cruz,Bolivia,85,8,28,16,0.1,0.99,,3.4
66aaf606-b5e0-377e-8ce6-f39cb6d2a5d1, -16.403320, -59.577160,2026-07-11 05:57:00,NOAA-21,José Miguel de Velasco,Santa Cruz,Bolivia,85,8,28,16,0.38,0.95,,2.7
7336d551-067d-3cc1-838d-eb2ce3231c27, -19.911440, -65.382960,2026-07-11 05:57:00,NOAA-21,José María Linares,Potosí,Bolivia,70,7,28,78,0.0,0.88,,4.3
e51ba229-7cb5-3fd1-ada6-7d8eb317aa7b, -23.173900, -61.316360,2026-07-11 05:59:00,NOAA-21,Doctor Pedro P. Peña,Boquerón,Paraguay,42,6,177,31,0.0,0.91,,3.6
2a4de4d4-c5f0-3c55-b2e5-6275432a4268, -22.533460, -68.927320,2026-07-11 05:59:00,NOAA-21,El Loa,Antofagasta,Chile,6,2,48,68,0.0,-999.0,,0.6
f3f54ee2-96e3-37af-afdb-2f4e28c6d87b, -23.830570, -60.049130,2026-07-11 05:59:00,NOAA-21,Villa Hayes,Presidente Hayes,Paraguay,203,17,177,21,2.29,0.86,,1.8
24a6484e-0c05-3ccd-b062-13b25da9e665, -23.174270, -61.312020,2026-07-11 05:59:00,NOAA-21,Doctor Pedro P. Peña,Boquerón,Paraguay,42,6,177,31,0.0,0.92,,3.6
4f8c5fcb-2723-36fb-bb42-818e61292c23, -16.422600, -59.584200,2026-07-11 06:00:00,GOES-19,José Miguel de Velasco,Santa Cruz,Bolivia,85,8,28,16,0.49,0.92,,54.8
63f88400-e8c5-3ec0-9f6a-0d2b4af74937, -31.728900, -68.279340,2026-07-11 06:01:00,NOAA-21,Veinticinco de Mayo,San Juan,Argentina,421,18,12,33,0.0,0.78,,1.0
46ced08a-4990-3890-9e7b-98c0a2233784, -33.668580, -70.760500,2026-07-11 06:01:00,NOAA-21,Cordillera,Región Metropolitana de Santiago,Chile,40,13,48,0,0.0,0.4,,4.0
e62b1168-2812-3f44-a235-cc9b4ff3c80c, -36.742700, -71.973980,2026-07-11 06:03:00,NOAA-21,Ñuble,Bío-Bío,Chile,15,6,48,0,0.0,0.0,,4.4
025bf83a-70cd-34b9-b0cb-5d5b70e1b387, -37.796200, -72.297120,2026-07-11 06:03:00,NOAA-21,Biobío,Bío-Bío,Chile,17,6,48,0,0.0,0.0,,1.6
f9bbe430-e712-329f-b9c0-1794d4c8c16e, -37.989970, -73.022890,2026-07-11 06:03:00,NOAA-21,Malleco,Araucanía,Chile,9,3,48,0,0.1,0.01,,1.4
6d22ce7d-e24b-399c-acf6-eb4efb05e96f, -16.739600, -60.652800,2026-07-11 06:10:00,GOES-19,José Miguel de Velasco,Santa Cruz,Bolivia,85,8,28,15,5.24,0.31,,45.8
efca23c0-1845-3415-adf0-0b00b9c25a02, -16.422600, -59.584200,2026-07-11 06:10:00,GOES-19,José Miguel de Velasco,Santa Cruz,Bolivia,85,8,28,16,0.49,0.92,,50.3
1c445265-3184-362d-a9eb-5aab5dac8a9e,   7.082430, -73.244790,2026-07-11 06:46:00,NOAA-20,Lebrija,Santander,Colombia,902,27,53,1,1.56,0.0,,1.1
5a03ca8c-b51b-31bf-958f-5fdf1d626536,   4.031680, -72.487670,2026-07-11 06:46:00,NOAA-20,Puerto López,Meta,Colombia,701,20,53,1,1.1,0.02,,1.3
f5efadfd-6613-323e-8d55-23d99b198f6b,   6.408870, -71.775280,2026-07-11 06:46:00,NOAA-20,Tame,Arauca,Colombia,139,3,53,0,6.97,0.0,,5.3
53a59f95-ad8e-3ea9-ae37-3464209f0411,   6.403650, -71.771550,2026-07-11 06:46:00,NOAA-20,Tame,Arauca,Colombia,139,3,53,0,6.64,0.0,,5.3
ae338365-5cf7-3af5-a168-efeb3c34ffe9,   7.081820, -73.241140,2026-07-11 06:46:00,NOAA-20,Lebrija,Santander,Colombia,902,27,53,1,1.54,0.0,,1.1
7fa09bce-d20f-3e5f-8d56-e88d0a24df01,   6.408100, -71.770740,2026-07-11 06:46:00,NOAA-20,Tame,Arauca,Colombia,139,3,53,0,6.89,0.0,,5.3
7c57584b-2241-3266-b898-58bc40435888,   4.036100, -72.486920,2026-07-11 06:46:00,NOAA-20,Puerto López,Meta,Colombia,701,20,53,1,1.06,0.02,,1.3
b254c736-e25b-34d5-9b30-92e45fa39a35,   6.413310, -71.774410,2026-07-11 06:46:00,NOAA-20,Tame,Arauca,Colombia,139,3,53,0,7.21,0.0,,0.9
6072cde9-ff58-30e9-b0a5-fe01d341ebcc,   9.618030, -63.707290,2026-07-11 06:46:00,NOAA-20,Ezequiel Zamora,Monagas,Venezuela,206,17,249,0,3.3,0.53,,3.3
2f00be54-024f-30bc-8066-3e44108b1e32,   6.402870, -71.766970,2026-07-11 06:46:00,NOAA-20,Tame,Arauca,Colombia,139,3,53,0,6.54,0.0,,4.0
e2ac3046-a519-31a4-815a-e0c1c076b041,   3.719170, -74.870120,2026-07-11 06:48:00,NOAA-20,Prado,Tolima,Colombia,997,29,53,0,0.8,0.03,,0.9
95fc9de5-7ce5-3a94-a101-badb4d068600,  -5.759600, -79.864910,2026-07-11 06:50:00,NOAA-20,Lambayeque,Lambayeque,Peru,127,14,178,28,0.0,1.0,,0.6
aee8fd30-7d94-3666-8f3f-507c11b2afd7,  -4.536860, -81.266780,2026-07-11 06:50:00,NOAA-20,Talara,Piura,Peru,160,21,178,-999,0.0,0.93,,0.9
b53b1415-ecb2-3ca9-8c2c-2865da2b4cd8, -13.786050, -70.459370,2026-07-11 06:52:00,NOAA-20,Carabaya,Puno,Peru,162,22,178,0,0.0,0.72,,3.1
10685118-c319-3a20-8494-d303cd6f870e, -13.427920, -72.924200,2026-07-11 06:52:00,NOAA-20,Abancay,Apurímac,Peru,28,3,178,29,0.0,0.87,,3.5
38d93438-1777-3e04-b852-1eceebbfed6c, -13.780290, -70.458860,2026-07-11 06:52:00,NOAA-20,Carabaya,Puno,Peru,162,22,178,0,0.0,0.72,,3.0
829fa022-c979-34f8-939a-aa58ac0b37b4, -13.427570, -72.927150,2026-07-11 06:52:00,NOAA-20,Abancay,Apurímac,Peru,28,3,178,29,0.0,0.87,,3.5
2c0eb07c-67fc-338a-9c92-5434e72e6358, -13.786310, -70.456940,2026-07-11 06:52:00,NOAA-20,Carabaya,Puno,Peru,162,22,178,0,0.0,0.72,,4.0
60de15be-1cf1-3aa7-8f34-f5e8c04f4292, -13.434000, -72.920680,2026-07-11 06:52:00,NOAA-20,Abancay,Apurímac,Peru,28,3,178,29,0.0,0.87,,1.1
d4c9026e-e574-3952-a291-7f19a17398c2, -13.786900, -70.459010,2026-07-11 06:52:00,NOAA-20,Carabaya,Puno,Peru,162,22,178,0,0.0,0.72,,3.0
70bc594e-dab6-3707-9134-4aac711944f2, -13.779450, -70.459160,2026-07-11 06:52:00,NOAA-20,Carabaya,Puno,Peru,162,22,178,0,0.0,0.72,,3.1
2b1b7ca3-b8ce-3e9c-9bc0-9c7d986a5a42, -36.744900, -71.971500,2026-07-11 06:59:00,NOAA-20,Ñuble,Bío-Bío,Chile,15,6,48,0,0.0,0.0,,1.7
0f46232b-7241-30b6-a394-402a1bcdceec,  -4.199450, -56.037250,2026-07-11 07:14:00,AQUA_M-M,ITAITUBA,PARÁ,Brasil,1503606,15,33,2,1.77,0.62,Amazônia,13.0
0fe572ec-3c3a-385f-94fe-6953ee41c2cc,  -6.685830, -63.802640,2026-07-11 07:16:00,AQUA_M-M,CANUTAMA,AMAZONAS,Brasil,1300904,13,33,0,6.26,0.01,Amazônia,13.3
ae326026-b98f-3458-adeb-28c76d283f21, -18.340670, -59.070750,2026-07-11 07:18:00,AQUA_M-M,Chiquitos,Santa Cruz,Bolivia,80,8,28,15,10.85,0.07,,9.6
db566ad1-baca-3dda-8c74-9c1a6ddcc2d1, -16.416630, -59.576660,2026-07-11 07:18:00,AQUA_M-M,José Miguel de Velasco,Santa Cruz,Bolivia,85,8,28,16,0.42,0.93,,16.8
0a1fda85-cab7-32de-9c9f-4e458e486ee4, -17.488500, -59.574690,2026-07-11 07:18:00,AQUA_M-M,Chiquitos,Santa Cruz,Bolivia,80,8,28,14,3.42,0.53,,34.1
2344fdf3-6b1f-3550-b61f-fb6ab6b07c6e, -18.339300, -59.080040,2026-07-11 07:18:00,AQUA_M-M,Chiquitos,Santa Cruz,Bolivia,80,8,28,15,10.68,0.07,,8.1
28a19ff0-3f9b-3e7c-9e40-68f943b69ad8, -16.398800, -61.810460,2026-07-11 07:18:00,AQUA_M-M,Ñuflo de Chávez,Santa Cruz,Bolivia,78,8,28,14,1.52,0.65,,17.4
8fabab24-c1d5-367e-b284-042133c14175, -17.694930, -60.992750,2026-07-11 07:18:00,AQUA_M-M,Chiquitos,Santa Cruz,Bolivia,80,8,28,15,3.07,0.85,,11.2
2dbd9d58-670d-3312-be77-4b6bb6d9a297, -18.325740, -59.049360,2026-07-11 07:18:00,AQUA_M-M,Chiquitos,Santa Cruz,Bolivia,80,8,28,15,11.96,0.05,,12.3
cdd9e7e2-52f9-3113-a670-c40e22b89453, -20.990070, -59.638290,2026-07-11 07:18:00,AQUA_M-M,Fuerte Olimpo,Alto Paraguay,Paraguay,17,2,177,31,0.1,1.0,,32.0
0b4d040d-7f8f-34b3-a50a-0052e5df6600, -17.727150, -60.022950,2026-07-11 07:18:00,AQUA_M-M,Chiquitos,Santa Cruz,Bolivia,80,8,28,15,4.39,0.39,,7.3
17dcb002-5bb2-3d0e-9d41-29d26c76a37e, -17.725740, -60.032130,2026-07-11 07:18:00,AQUA_M-M,Chiquitos,Santa Cruz,Bolivia,80,8,28,15,4.42,0.39,,21.7
ee11da04-1efa-3cb3-8001-46ca32f1c4bc, -17.734530, -60.033570,2026-07-11 07:18:00,AQUA_M-M,Chiquitos,Santa Cruz,Bolivia,80,8,28,15,4.44,0.39,,5.1
a8f34e91-4063-3e76-a5ef-2a7020a4b9eb, -16.397110, -61.820970,2026-07-11 07:18:00,AQUA_M-M,Ñuflo de Chávez,Santa Cruz,Bolivia,78,8,28,14,1.53,0.65,,14.5
92beaa24-632a-3a2c-862d-55e5e2572671, -17.492640, -59.547300,2026-07-11 07:18:00,AQUA_M-M,Chiquitos,Santa Cruz,Bolivia,80,8,28,14,3.28,0.55,,6.8
1c8cfd2d-559d-3857-961e-87b9c3ad84a0, -16.732470, -60.643890,2026-07-11 07:18:00,AQUA_M-M,José Miguel de Velasco,Santa Cruz,Bolivia,85,8,28,15,5.31,0.31,,13.6
e8435c8f-40a0-39ba-a03e-9aac7ebb4ba5, -18.029420, -59.605790,2026-07-11 07:18:00,AQUA_M-M,Chiquitos,Santa Cruz,Bolivia,80,8,28,16,10.06,0.09,,11.9
463b830e-7f16-3577-85ad-1e90e9c4291e, -16.406520, -61.822650,2026-07-11 07:18:00,AQUA_M-M,Ñuflo de Chávez,Santa Cruz,Bolivia,78,8,28,14,1.27,0.67,,21.4
cf95f330-eb3f-3225-b2ed-9f5484aa189f, -17.491260, -59.556430,2026-07-11 07:18:00,AQUA_M-M,Chiquitos,Santa Cruz,Bolivia,80,8,28,14,3.29,0.54,,23.2
7aa59d1a-0531-35e3-8578-30148b0bbfc2, -15.927510, -61.918590,2026-07-11 07:18:00,AQUA_M-M,Ñuflo de Chávez,Santa Cruz,Bolivia,78,8,28,16,3.6,0.36,,8.7
e58877ca-9fda-3fd1-a032-2067f8bfba30, -16.730990, -60.653340,2026-07-11 07:18:00,AQUA_M-M,José Miguel de Velasco,Santa Cruz,Bolivia,85,8,28,15,5.27,0.31,,24.5
186910da-32a5-32d2-9565-2678738aad13, -17.144170, -60.554040,2026-07-11 07:18:00,AQUA_M-M,José Miguel de Velasco,Santa Cruz,Bolivia,85,8,28,16,1.39,0.82,,13.8
06f944d3-c737-3f79-a380-fdd7f82b1fba, -17.675100, -60.767720,2026-07-11 07:18:00,AQUA_M-M,Chiquitos,Santa Cruz,Bolivia,80,8,28,14,5.72,0.3,,4.7
ce2ccead-32f5-30ae-bb8f-57167e1bf346, -17.497270, -59.576110,2026-07-11 07:18:00,AQUA_M-M,Chiquitos,Santa Cruz,Bolivia,80,8,28,14,3.63,0.51,,7.3
498fe865-8c0d-3804-a85f-4cac6d71bca5, -16.404820, -61.833210,2026-07-11 07:18:00,AQUA_M-M,Ñuflo de Chávez,Santa Cruz,Bolivia,78,8,28,14,1.3,0.67,,8.2
955b601c-a575-3f47-b0a1-283f7fec9680, -17.489880, -59.565560,2026-07-11 07:18:00,AQUA_M-M,Chiquitos,Santa Cruz,Bolivia,80,8,28,14,3.36,0.54,,22.6
fbb15c99-a411-35b8-9f62-b6227a2e795d, -15.731790, -61.984300,2026-07-11 07:18:00,AQUA_M-M,Ñuflo de Chávez,Santa Cruz,Bolivia,78,8,28,16,3.75,0.28,,7.4
a767a3dd-4493-3ca9-8037-93e907ddb343,  -6.999090, -42.900200,2026-07-11 11:45:00,TERRA_M-M,FLORIANO,PIAUÍ,Brasil,2203909,22,33,23,0.0,1.0,Caatinga,26.8
2e47b0ee-bc3c-3442-bd8e-e8574a2393b5,  -7.753330, -44.835370,2026-07-11 11:45:00,TERRA_M-M,URUÇUÍ,PIAUÍ,Brasil,2211209,22,33,75,0.0,1.0,Cerrado,18.0
5ea2378d-a797-3896-a255-704a4d07250f,  -6.487800, -42.220410,2026-07-11 11:45:00,TERRA_M-M,VÁRZEA GRANDE,PIAUÍ,Brasil,2211407,22,33,56,0.0,0.99,Caatinga,8.3
2ad009a8-8e91-3da0-b9f2-688dc500ced1,  -7.914950, -48.245290,2026-07-11 11:45:00,TERRA_M-M,PALMEIRANTE,TOCANTINS,Brasil,1715705,17,33,24,0.0,1.0,Cerrado,9.2
9960d415-82a8-3d2c-be7a-c87ded18d9b4,  -6.497990, -42.227650,2026-07-11 11:45:00,TERRA_M-M,VÁRZEA GRANDE,PIAUÍ,Brasil,2211407,22,33,56,0.0,0.99,Caatinga,11.0
da924bca-a5fc-31c4-b6a4-64a97b22aac9,  -8.115260, -47.575830,2026-07-11 11:45:00,TERRA_M-M,GOIATINS,TOCANTINS,Brasil,1709005,17,33,23,0.0,1.0,Cerrado,11.2
3dd649ef-f9ef-3868-af90-e1ee8fac48cf,  -4.977160, -37.934550,2026-07-11 11:45:00,TERRA_M-M,RUSSAS,CEARÁ,Brasil,2311801,23,33,12,0.0,1.0,Caatinga,19.3
4528d95c-0d4d-3b4e-9b08-696b31ec70ea,  -6.499320, -42.210440,2026-07-11 11:45:00,TERRA_M-M,VÁRZEA GRANDE,PIAUÍ,Brasil,2211407,22,33,56,0.0,0.99,Caatinga,12.1
4d158ab4-f8b5-3ada-a2c2-3950e275d466,  -7.754600, -44.826360,2026-07-11 11:45:00,TERRA_M-M,URUÇUÍ,PIAUÍ,Brasil,2211209,22,33,75,0.0,1.0,Cerrado,15.6
dd7e5635-f7c1-3f2d-adeb-4219bdc4325f, -10.366300, -46.178410,2026-07-11 11:45:00,TERRA_M-M,MATEIROS,TOCANTINS,Brasil,1712702,17,33,50,0.0,1.0,Cerrado,7.7
23c9f1c9-817c-3e9c-9418-b4cbd2a55e04,  -6.497740, -42.221770,2026-07-11 11:45:00,TERRA_M-M,VÁRZEA GRANDE,PIAUÍ,Brasil,2211407,22,33,56,0.0,0.99,Caatinga,35.6
c719a034-4ecc-3396-a98d-a4f3e57748bf,  -9.341280, -40.461810,2026-07-11 11:45:00,TERRA_M-M,PETROLINA,PERNAMBUCO,Brasil,2611101,26,33,21,0.0,1.0,Caatinga,21.1
45170c37-2bb2-3349-b6ef-9f8a93188aeb,  -7.015320, -45.421240,2026-07-11 11:45:00,TERRA_M-M,SÃO RAIMUNDO DAS MANGABEIRAS,MARANHÃO,Brasil,2111607,21,33,47,0.0,1.0,Cerrado,5.7
07a54feb-58d8-3084-bbe6-29e1dc1f456b,  -6.499490, -42.216330,2026-07-11 11:45:00,TERRA_M-M,VÁRZEA GRANDE,PIAUÍ,Brasil,2211407,22,33,56,0.0,0.99,Caatinga,32.2
9159e86a-c3f4-3aa4-816e-f768cfd9cccb,  -4.817960, -45.233660,2026-07-11 11:45:00,TERRA_M-M,LAGO DA PEDRA,MARANHÃO,Brasil,2105708,21,33,17,0.0,0.9,Cerrado,9.8
cb824bc6-a06f-3ffe-943f-3647a12b2c66,  -4.970600, -37.940500,2026-07-11 11:45:00,TERRA_M-M,RUSSAS,CEARÁ,Brasil,2311801,23,33,13,0.0,1.0,Caatinga,17.3
2130ea85-6e0b-38cd-a276-4d13b5733b31,  -5.832460, -43.476350,2026-07-11 11:45:00,TERRA_M-M,PARNARAMA,MARANHÃO,Brasil,2107803,21,33,22,0.0,1.0,Cerrado,9.0
b1d6ebee-f823-33a4-884c-90aae07d4cd0,  -9.343440, -40.444720,2026-07-11 11:45:00,TERRA_M-M,PETROLINA,PERNAMBUCO,Brasil,2611101,26,33,15,0.0,1.0,Caatinga,33.4
ecfbe83b-6dbe-3053-9b9e-25b9fd72cc8e,  -6.997650, -42.910760,2026-07-11 11:45:00,TERRA_M-M,FLORIANO,PIAUÍ,Brasil,2203909,22,33,23,0.0,1.0,Caatinga,24.7
3714f469-8333-371a-a1a7-0fba7ec08403, -13.954380, -47.798940,2026-07-11 11:47:00,TERRA_M-M,CAVALCANTE,GOIÁS,Brasil,5205307,52,33,36,0.0,1.0,Cerrado,4.4
92091afb-39f4-31a7-871d-8ea78e8cdc03, -13.425690, -40.263740,2026-07-11 11:47:00,TERRA_M-M,LAJEDO DO TABOCAL,BAHIA,Brasil,2919058,29,33,13,25.82,0.15,Mata Atlântica,11.8
db0ff32c-8623-3968-bb5c-a02f46740593, -17.560680, -54.038300,2026-07-11 11:47:00,TERRA_M-M,SONORA,MATO GROSSO DO SUL,Brasil,5007935,50,33,2,0.0,1.0,Cerrado,20.3
8e6b50d8-c52f-397a-89bc-ded3e9a79974, -13.815790, -42.399570,2026-07-11 11:47:00,TERRA_M-M,CAETITÉ,BAHIA,Brasil,2905206,29,33,49,0.0,1.0,Caatinga,12.5
87a818e1-1986-3c7b-ac24-ea74e20fc2a4, -17.572980, -54.040400,2026-07-11 11:47:00,TERRA_M-M,SONORA,MATO GROSSO DO SUL,Brasil,5007935,50,33,2,0.0,1.0,Cerrado,19.9
f13ce234-9f8c-3446-a4d0-0c0b3f9252ae, -15.984020, -43.693430,2026-07-11 11:47:00,TERRA_M-M,SÃO JOÃO DA PONTE,MINAS GERAIS,Brasil,3162401,31,33,51,0.0,1.0,Cerrado,4.7
756bfe40-95a3-3743-8807-c26c9d82596e, -13.804850, -42.398090,2026-07-11 11:47:00,TERRA_M-M,CAETITÉ,BAHIA,Brasil,2905206,29,33,49,0.0,1.0,Caatinga,16.1
7ca793fc-e4b9-36a9-b911-2f77fe44adb1, -12.025040, -42.763460,2026-07-11 11:47:00,TERRA_M-M,BROTAS DE MACAÚBAS,BAHIA,Brasil,2904506,29,33,46,0.0,1.0,Caatinga,5.7
3ad201f5-6312-3839-9142-e94a96fba6b1, -13.625200, -43.715950,2026-07-11 11:47:00,TERRA_M-M,SERRA DO RAMALHO,BAHIA,Brasil,2930154,29,33,45,0.1,1.0,Cerrado,9.5
1376c353-3444-314f-93db-47aa466ec7f3, -15.985590, -43.680760,2026-07-11 11:47:00,TERRA_M-M,SÃO JOÃO DA PONTE,MINAS GERAIS,Brasil,3162401,31,33,56,0.0,1.0,Cerrado,18.4
507ea651-ff63-394e-a72c-dd3207c447c9, -12.847730, -44.362870,2026-07-11 11:47:00,TERRA_M-M,BAIANÓPOLIS,BAHIA,Brasil,2902500,29,33,49,0.1,0.95,Cerrado,13.9
ab684cc7-818b-3b26-b506-c28fa7dbf7e1, -13.724970, -42.942670,2026-07-11 11:47:00,TERRA_M-M,RIACHO DE SANTANA,BAHIA,Brasil,2926400,29,33,42,0.0,1.0,Caatinga,13.4
3854cb66-7395-33eb-b85b-1e8b27bb046e, -17.070390, -45.409710,2026-07-11 11:47:00,TERRA_M-M,BURITIZEIRO,MINAS GERAIS,Brasil,3109402,31,33,28,0.0,1.0,Cerrado,7.5
7453a0b3-4981-3e13-8949-8e029bfd9b7c, -13.545640, -40.351280,2026-07-11 11:47:00,TERRA_M-M,LAJEDO DO TABOCAL,BAHIA,Brasil,2919058,29,33,13,23.65,0.05,Mata Atlântica,13.9
09bda37e-2fff-3c1e-b19b-2cbf39400424, -13.424400, -40.269870,2026-07-11 11:47:00,TERRA_M-M,LAJEDO DO TABOCAL,BAHIA,Brasil,2919058,29,33,13,26.86,0.16,Mata Atlântica,9.9
98597f7a-f03c-39a0-b86b-096a0974a735, -21.809450, -45.283480,2026-07-11 11:49:00,TERRA_M-M,TRÊS CORAÇÕES,MINAS GERAIS,Brasil,3169307,31,33,15,0.0,1.0,Mata Atlântica,7.2
b0f6e9b3-1348-3da8-9c36-8fbd8a29aa6b, -19.728610, -46.170890,2026-07-11 11:49:00,TERRA_M-M,CAMPOS ALTOS,MINAS GERAIS,Brasil,3111507,31,33,20,0.0,1.0,Cerrado,8.9
b40bb666-6d23-3a0c-bcf5-5cea3aeaa7f8, -20.141540, -47.075820,2026-07-11 11:49:00,TERRA_M-M,SACRAMENTO,MINAS GERAIS,Brasil,3156908,31,33,15,0.0,0.96,Cerrado,13.3
812c4d4d-eb94-31bc-b3ea-625d3b209563, -22.485250, -49.091960,2026-07-11 11:49:00,TERRA_M-M,PIRATININGA,SÃO PAULO,Brasil,3539400,35,33,16,0.0,0.67,Cerrado,6.8
a3d4f802-cc9d-31ea-abbc-6a2ca2055639, -20.583110, -44.300040,2026-07-11 11:49:00,TERRA_M-M,DESTERRO DE ENTRE RIOS,MINAS GERAIS,Brasil,3121407,31,33,16,0.0,1.0,Mata Atlântica,44.8
5f30595b-2857-30ab-8043-dd97205dd168,  -6.997900, -42.901600,2026-07-11 13:10:00,GOES-19,FLORIANO,PIAUÍ,Brasil,2203909,22,33,23,0.0,1.0,Caatinga,81.5
0932540b-3ba5-3797-9fc7-5b873b6b3331,  10.083510, -70.332510,2026-07-11 13:18:00,TERRA_M-T,Torres,Lara,Venezuela,155,14,249,0,2.4,0.99,,11.7
c9f2dccd-23d1-3e9d-ac3f-8008c1e046b4,  10.076200, -70.340100,2026-07-11 13:18:00,TERRA_M-T,Torres,Lara,Venezuela,155,14,249,0,2.33,0.8,,29.9
db87b015-eaee-3d0e-904a-a7e76b2bf594,  -6.997900, -42.901600,2026-07-11 13:20:00,GOES-19,FLORIANO,PIAUÍ,Brasil,2203909,22,33,23,0.0,1.0,Caatinga,81.2
379fd197-7fb4-3cdb-b7e6-97106c3793e7, -16.680500, -67.455500,2026-07-11 13:25:00,TERRA_M-T,Inquisivi,La Paz,Bolivia,39,4,28,15,0.0,0.94,,33.8
0064f17f-b149-3231-9c9a-77a4a4e53a3c, -13.671770, -73.007160,2026-07-11 13:25:00,TERRA_M-T,Andahuaylas,Apurímac,Peru,29,3,178,31,0.0,0.91,,7.2
7c14086f-71af-3bd2-a3dc-d55023cc1882, -16.456370, -71.886120,2026-07-11 13:25:00,TERRA_M-T,Arequipa,Arequipa,Peru,35,4,178,32,0.0,-999.0,,5.9
861d8e23-fb9a-337a-ad46-34a371608df1, -13.778430, -70.459800,2026-07-11 13:25:00,TERRA_M-T,Carabaya,Puno,Peru,162,22,178,0,0.0,0.72,,32.5
3893cecb-b572-3785-8246-d28ad9540380, -14.527760, -69.200270,2026-07-11 13:25:00,TERRA_M-T,San Antonio de Putina,Puno,Peru,171,22,178,21,0.0,0.77,,10.5
25a17f7c-d039-3bad-aea7-f0a6072f69c5, -13.789100, -70.457910,2026-07-11 13:25:00,TERRA_M-T,Carabaya,Puno,Peru,162,22,178,0,0.0,0.72,,17.9
09c1ddba-7518-38a5-941d-a758b0f47b09, -20.190460, -62.918930,2026-07-11 13:27:00,TERRA_M-T,Cordillera,Santa Cruz,Bolivia,81,8,28,46,0.0,0.92,,20.6
cdd97979-002c-3238-8259-2d422fa48e3c, -26.957500, -60.801700,2026-07-11 13:30:00,GOES-19,Independencia,Chaco,Argentina,180,4,12,23,0.0,0.92,,101.3
47b3cf20-793c-3d1f-9efd-120b47438926, -26.957500, -60.801700,2026-07-11 13:40:00,GOES-19,Independencia,Chaco,Argentina,180,4,12,23,0.0,0.92,,114.6
bc5b96d9-382f-308e-af70-6c8cafa7c32b, -17.570300, -54.034100,2026-07-11 13:40:00,GOES-19,SONORA,MATO GROSSO DO SUL,Brasil,5007935,50,33,2,0.0,1.0,Cerrado,95.1
d7f05ce9-d636-3a7d-b546-44d375064769,  -6.997900, -42.901600,2026-07-11 13:40:00,GOES-19,FLORIANO,PIAUÍ,Brasil,2203909,22,33,23,0.0,1.0,Caatinga,87.8
f9da8d7a-9118-39bd-8bc5-4e77d6948305, -17.570300, -54.034100,2026-07-11 13:50:00,GOES-19,SONORA,MATO GROSSO DO SUL,Brasil,5007935,50,33,2,0.0,1.0,Cerrado,96.1
223847b5-5c5f-37a9-aa98-3eb729678934,  -6.997900, -42.901600,2026-07-11 13:50:00,GOES-19,FLORIANO,PIAUÍ,Brasil,2203909,22,33,23,0.0,1.0,Caatinga,88.5
63679047-8578-352e-b94a-7e3d626cb651, -26.957500, -60.801700,2026-07-11 13:50:00,GOES-19,Independencia,Chaco,Argentina,180,4,12,23,0.0,0.92,,117.8
8aed88d7-2f70-3f4a-b32a-55ee1844f21b, -26.957500, -60.801700,2026-07-11 14:00:00,GOES-19,Independencia,Chaco,Argentina,180,4,12,23,0.0,0.92,,110.0
7e8e8575-6d51-3911-bf18-a36668bd346f, -26.957000, -60.823400,2026-07-11 14:00:00,GOES-19,Independencia,Chaco,Argentina,180,4,12,23,0.0,0.92,,96.7
327edeb4-0913-354f-be5e-68879af949d6,  -6.997900, -42.901600,2026-07-11 14:00:00,GOES-19,FLORIANO,PIAUÍ,Brasil,2203909,22,33,23,0.0,1.0,Caatinga,102.2
9a07a2bd-bc59-3da4-9be7-50a08f51928d, -17.570300, -54.034100,2026-07-11 14:00:00,GOES-19,SONORA,MATO GROSSO DO SUL,Brasil,5007935,50,33,2,0.0,1.0,Cerrado,90.2
2bbfe226-5fb2-3d6a-91d2-fd7f455eee7e,  -6.997900, -42.901600,2026-07-11 14:10:00,GOES-19,FLORIANO,PIAUÍ,Brasil,2203909,22,33,23,0.0,1.0,Caatinga,100.4
e557403d-7ec4-3412-8588-5eb2eab586e7, -26.957500, -60.801700,2026-07-11 14:10:00,GOES-19,Independencia,Chaco,Argentina,180,4,12,23,0.0,0.92,,116.7
8a3961f2-f855-3a88-9aa1-413375e267f7, -26.935600, -60.805000,2026-07-11 14:10:00,GOES-19,Independencia,Chaco,Argentina,180,4,12,23,0.0,0.85,,104.7
e1f548f4-74ae-3896-8edd-8958e9b4758d, -16.692600, -67.450800,2026-07-11 14:20:00,GOES-19,Inquisivi,La Paz,Bolivia,39,4,28,18,0.0,0.94,,97.5
55f505d1-8cda-3cd7-8e94-5eb74b0c8086, -26.935600, -60.805000,2026-07-11 14:20:00,GOES-19,Independencia,Chaco,Argentina,180,4,12,23,0.0,0.85,,90.3
5b85648f-cc47-3de2-8f1f-e32e91c7f0b1, -26.957500, -60.801700,2026-07-11 14:20:00,GOES-19,Independencia,Chaco,Argentina,180,4,12,23,0.0,0.92,,101.4
973c6d08-8030-3791-b2f3-6887a5f874af,  -6.997900, -42.901600,2026-07-11 14:20:00,GOES-19,FLORIANO,PIAUÍ,Brasil,2203909,22,33,23,0.0,1.0,Caatinga,98.8
736015ff-9bbe-39ae-b629-21be58944c84,  -6.997900, -42.901600,2026-07-11 14:30:00,GOES-19,FLORIANO,PIAUÍ,Brasil,2203909,22,33,23,0.0,1.0,Caatinga,107.6
9ffea031-b800-3afb-9569-e938fa02a49d, -26.957500, -60.801700,2026-07-11 14:30:00,GOES-19,Independencia,Chaco,Argentina,180,4,12,23,0.0,0.92,,101.7
0f3439b4-a8ba-3fce-b92d-b2d33c6c2332,  -6.997900, -42.901600,2026-07-11 14:40:00,GOES-19,FLORIANO,PIAUÍ,Brasil,2203909,22,33,23,0.0,1.0,Caatinga,113.7
3b799dd4-ea1c-396d-b064-b6bbcd82d9c4, -26.957500, -60.801700,2026-07-11 14:40:00,GOES-19,Independencia,Chaco,Argentina,180,4,12,23,0.0,0.92,,98.4
64a57256-9b5c-3620-89a6-b5dbd3601d63, -26.935600, -60.805000,2026-07-11 14:50:00,GOES-19,Independencia,Chaco,Argentina,180,4,12,23,0.0,0.85,,89.3
2b1db1a2-cc5a-3d83-bd1e-4144360d20c3,  -6.997900, -42.901600,2026-07-11 14:50:00,GOES-19,FLORIANO,PIAUÍ,Brasil,2203909,22,33,23,0.0,1.0,Caatinga,104.8
70e059d2-5bae-34d4-95af-e7662ba5507b, -26.935600, -60.805000,2026-07-11 15:00:00,GOES-19,Independencia,Chaco,Argentina,180,4,12,23,0.0,0.85,,86.3
f82d48bd-ac79-37bf-be08-e4823f97fb38,  -6.997900, -42.901600,2026-07-11 15:00:00,GOES-19,FLORIANO,PIAUÍ,Brasil,2203909,22,33,23,0.0,1.0,Caatinga,111.4
368ff531-6c54-307e-9c0c-2a609d3398cd,  -6.532250, -37.353790,2026-07-11 15:09:00,NOAA-21,SERRA NEGRA DO NORTE,RIO GRANDE DO NORTE,Brasil,2413409,24,33,2,0.0,1.0,Caatinga,5.4
825572a7-8225-3955-b409-f7f6d3d87395,  -6.533050, -37.356620,2026-07-11 15:09:00,NOAA-21,SERRA NEGRA DO NORTE,RIO GRANDE DO NORTE,Brasil,2413409,24,33,2,0.0,1.0,Caatinga,4.9
976ee21a-e093-31f7-a03c-1153ebb0afd5,  -8.971470, -36.867980,2026-07-11 15:09:00,NOAA-21,IATI,PERNAMBUCO,Brasil,2606507,26,33,14,0.0,1.0,Caatinga,5.1
06f3da55-190b-3ee2-8dce-2205dc7944e5,  -9.077710, -38.468010,2026-07-11 15:09:00,NOAA-21,GLÓRIA,BAHIA,Brasil,2911402,29,33,14,0.0,1.0,Caatinga,34.9
94bba0b7-90cd-3d9e-ab88-b5b6943e5353, -13.432800, -72.924200,2026-07-11 15:10:00,GOES-19,Abancay,Apurímac,Peru,28,3,178,29,0.0,0.87,,74.8
c643b568-7edb-32aa-bd90-79ae8492541f,  -6.997900, -42.901600,2026-07-11 15:10:00,GOES-19,FLORIANO,PIAUÍ,Brasil,2203909,22,33,23,0.0,1.0,Caatinga,108.5
1ff9535c-9c2e-364d-8683-3c62c5d1728a,  -6.997900, -42.901600,2026-07-11 15:20:00,GOES-19,FLORIANO,PIAUÍ,Brasil,2203909,22,33,23,0.0,1.0,Caatinga,117.3
46a202f7-aeb4-3970-9345-ca9d7965e51b, -12.770300, -74.100200,2026-07-11 15:20:00,GOES-19,Huanta,Ayacucho,Peru,46,5,178,14,0.0,0.83,,72.9
0e2cc61d-374e-3085-a895-b1b23747e540,  -6.997900, -42.901600,2026-07-11 15:30:00,GOES-19,FLORIANO,PIAUÍ,Brasil,2203909,22,33,23,0.0,1.0,Caatinga,117.8
9e7d9788-8967-35aa-b5ac-74040e7f4ae4,  -6.497300, -42.214200,2026-07-11 15:30:00,GOES-19,VÁRZEA GRANDE,PIAUÍ,Brasil,2211407,22,33,56,0.0,0.99,Caatinga,74.4
cdc37b92-3b78-319e-8567-b476032dc8a6, -12.770300, -74.100200,2026-07-11 15:30:00,GOES-19,Huanta,Ayacucho,Peru,46,5,178,14,0.0,0.83,,76.4
c591c9cf-f93a-3c72-9e90-711c0221a205,  -4.668900, -43.226000,2026-07-11 15:30:00,GOES-19,ALDEIAS ALTAS,MARANHÃO,Brasil,2100303,21,33,12,0.0,0.6,Cerrado,67.4
57e46e4f-7997-328a-b45a-4cab01339527,  -6.997900, -42.901600,2026-07-11 15:40:00,GOES-19,FLORIANO,PIAUÍ,Brasil,2203909,22,33,23,0.0,1.0,Caatinga,126.2
ae6a5383-cee6-34ff-b90d-43f90eaab71d,  -4.668900, -43.226000,2026-07-11 15:40:00,GOES-19,ALDEIAS ALTAS,MARANHÃO,Brasil,2100303,21,33,12,0.0,0.6,Cerrado,62.2
4886196a-168b-3cba-b34d-67b0b598fccd,  -4.668900, -43.226000,2026-07-11 15:50:00,GOES-19,ALDEIAS ALTAS,MARANHÃO,Brasil,2100303,21,33,12,0.0,0.6,Cerrado,70.5
160a39a9-1dad-38f6-979b-c74a288e4d90,  -4.668900, -43.226000,2026-07-11 16:00:00,GOES-19,ALDEIAS ALTAS,MARANHÃO,Brasil,2100303,21,33,12,0.0,0.6,Cerrado,68.8
27c42ec2-ec74-33a0-be05-4091951ed9b4, -21.825040, -41.324680,2026-07-11 16:01:00,NOAA-20,CAMPOS DOS GOYTACAZES,RIO DE JANEIRO,Brasil,3301009,33,33,4,0.0,1.0,Mata Atlântica,3.5
51a892bf-83de-3522-8fe8-6f6d334d6a0c, -22.887480, -43.780700,2026-07-11 16:01:00,NOAA-20,ITAGUAÍ,RIO DE JANEIRO,Brasil,3302007,33,33,11,0.0,1.0,Mata Atlântica,1.7
fa0f9838-f210-3536-9d89-3d09ae53309f, -22.737400, -42.950870,2026-07-11 16:01:00,NOAA-20,ITABORAÍ,RIO DE JANEIRO,Brasil,3301900,33,33,7,0.0,-999.0,Mata Atlântica,2.4
df937811-7cb7-34ee-85fa-0f2c51cbd25e, -22.745150, -43.734650,2026-07-11 16:01:00,NOAA-20,SEROPÉDICA,RIO DE JANEIRO,Brasil,3305554,33,33,14,0.0,1.0,Mata Atlântica,3.0
4988cb6c-03b5-3dc7-af2f-6c1d7b0b7936, -22.562050, -42.054240,2026-07-11 16:01:00,NOAA-20,CASIMIRO DE ABREU,RIO DE JANEIRO,Brasil,3301306,33,33,-999,0.0,0.83,Mata Atlântica,3.0
5c1a8d0b-667d-375f-8e5c-ab27bd5ba4c9, -22.583270, -42.731040,2026-07-11 16:01:00,NOAA-20,CACHOEIRAS DE MACACU,RIO DE JANEIRO,Brasil,3300803,33,33,14,0.0,1.0,Mata Atlântica,2.2
d8d4b1e6-3806-3271-9fff-335503378bc6, -23.030870, -47.082290,2026-07-11 16:01:00,NOAA-20,CAMPINAS,SÃO PAULO,Brasil,3509502,35,33,15,0.0,1.0,Mata Atlântica,5.6
072d3cf0-6938-3550-8e9a-77fe081566a7, -23.031190, -47.082230,2026-07-11 16:01:00,NOAA-20,CAMPINAS,SÃO PAULO,Brasil,3509502,35,33,15,0.0,1.0,Mata Atlântica,6.5
ae025f4b-3026-3c34-b9d8-baf00f597b8e, -20.819490, -41.924350,2026-07-11 16:03:00,NOAA-20,PORCIÚNCULA,RIO DE JANEIRO,Brasil,3304102,33,33,25,0.0,0.9,Mata Atlântica,4.3
83d907d1-0e4e-300b-92d4-ff92317962e8, -21.812760, -44.867070,2026-07-11 16:03:00,NOAA-20,CRUZÍLIA,MINAS GERAIS,Brasil,3120805,31,33,15,0.0,1.0,Mata Atlântica,1.9
264306b9-56d8-3161-a136-512859a881aa, -19.639550, -40.164400,2026-07-11 16:03:00,NOAA-20,ARACRUZ,ESPÍRITO SANTO,Brasil,3200607,32,33,11,0.0,1.0,Mata Atlântica,3.7
a659f340-92e6-320c-b732-efaa0c1a9413, -14.278460, -41.618170,2026-07-11 16:03:00,NOAA-20,BRUMADO,BAHIA,Brasil,2904605,29,33,29,0.0,1.0,Caatinga,2.0
88c021c8-d691-3267-a72f-5e3fd630be15, -19.118310, -40.734390,2026-07-11 16:03:00,NOAA-20,PANCAS,ESPÍRITO SANTO,Brasil,3204005,32,33,15,0.0,1.0,Mata Atlântica,2.7
b572efd2-0b9e-32be-b677-f1cb0022b1e7, -20.382360, -45.588190,2026-07-11 16:03:00,NOAA-20,PAINS,MINAS GERAIS,Brasil,3146503,31,33,17,0.0,1.0,Cerrado,3.5
fcf5a092-a0e5-34ba-8d2c-c87da347c63b, -15.593170, -41.447010,2026-07-11 16:03:00,NOAA-20,ÁGUAS VERMELHAS,MINAS GERAIS,Brasil,3101003,31,33,27,0.0,0.99,Mata Atlântica,49.6
657fa1ca-bbe4-3c66-a356-75a8aca2827a, -21.352510, -43.587250,2026-07-11 16:03:00,NOAA-20,OLIVEIRA FORTES,MINAS GERAIS,Brasil,3145703,31,33,16,0.0,1.0,Mata Atlântica,4.1
21c84005-3285-336f-b54d-3fdb73db2697, -18.614470, -40.494290,2026-07-11 16:03:00,NOAA-20,NOVA VENÉCIA,ESPÍRITO SANTO,Brasil,3203908,32,33,11,0.0,1.0,Mata Atlântica,4.5
b797152b-7a1c-3db3-874f-b1bf85e1a906, -15.592680, -41.443200,2026-07-11 16:03:00,NOAA-20,ÁGUAS VERMELHAS,MINAS GERAIS,Brasil,3101003,31,33,28,0.0,0.99,Mata Atlântica,15.0
61e26c25-fd4c-330e-bfdd-747e617f8c9b, -19.304890, -41.402420,2026-07-11 16:03:00,NOAA-20,SANTA RITA DO ITUETO,MINAS GERAIS,Brasil,3159506,31,33,26,0.0,1.0,Mata Atlântica,4.8
c87c7e24-ab26-3c37-a727-e628d7d6b7e7, -16.233530, -39.473100,2026-07-11 16:03:00,NOAA-20,EUNÁPOLIS,BAHIA,Brasil,2910727,29,33,8,0.0,0.69,Mata Atlântica,5.5
6e2074db-25eb-3120-8aa5-db8b13a50130, -15.589010, -41.447570,2026-07-11 16:03:00,NOAA-20,ÁGUAS VERMELHAS,MINAS GERAIS,Brasil,3101003,31,33,28,0.0,0.99,Mata Atlântica,30.7
a641c19b-cec9-3973-ab01-30af0566529c, -20.010000, -41.752420,2026-07-11 16:03:00,NOAA-20,SÃO JOSÉ DO MANTIMENTO,MINAS GERAIS,Brasil,3163607,31,33,25,0.0,1.0,Mata Atlântica,6.4
a0db286c-7134-382c-9fda-5f994ceef200, -21.713910, -43.287190,2026-07-11 16:03:00,NOAA-20,JUIZ DE FORA,MINAS GERAIS,Brasil,3136702,31,33,16,0.0,0.84,Mata Atlântica,6.9
a49b6746-7d79-3712-8b12-a5b9803932bd, -18.012110, -44.378160,2026-07-11 16:03:00,NOAA-20,BUENÓPOLIS,MINAS GERAIS,Brasil,3109204,31,33,27,0.0,0.94,Cerrado,7.0
5e490f01-2cc6-3f6b-aa81-4744fefa3528, -19.702920, -46.931510,2026-07-11 16:03:00,NOAA-20,ARAXÁ,MINAS GERAIS,Brasil,3104007,31,33,7,0.0,1.0,Cerrado,4.5
49617094-861e-3f5e-b282-4cfbaeedea47, -21.331760, -43.756520,2026-07-11 16:03:00,NOAA-20,ANTÔNIO CARLOS,MINAS GERAIS,Brasil,3102902,31,33,17,0.0,1.0,Mata Atlântica,2.1
d5f3ed05-d0cb-3da0-967b-a6a8f37bf69e, -19.865410, -40.218150,2026-07-11 16:03:00,NOAA-20,ARACRUZ,ESPÍRITO SANTO,Brasil,3200607,32,33,11,0.0,0.71,Mata Atlântica,3.5
8c3bba6a-4902-3d5e-a38b-61b76257c9b3, -18.696540, -47.497240,2026-07-11 16:03:00,NOAA-20,MONTE CARMELO,MINAS GERAIS,Brasil,3143104,31,33,15,0.0,1.0,Cerrado,11.5
756c4c0e-7fdf-3e2f-8fa3-7e0e07c2d78b, -19.106430, -44.824220,2026-07-11 16:03:00,NOAA-20,POMPÉU,MINAS GERAIS,Brasil,3152006,31,33,26,0.0,1.0,Cerrado,4.7
034b9f39-53a6-3022-955b-dbaa0a804de4, -15.669960, -41.843370,2026-07-11 16:03:00,NOAA-20,BERIZAL,MINAS GERAIS,Brasil,3106655,31,33,48,0.0,1.0,Mata Atlântica,3.8
54785476-3b0b-31f3-acdb-ec8a198a8842, -20.105160, -40.189460,2026-07-11 16:03:00,NOAA-20,SERRA,ESPÍRITO SANTO,Brasil,3205002,32,33,-999,0.0,0.61,Mata Atlântica,7.0
73a24155-679c-39d3-ac18-afac87ab3dd8, -19.191730, -40.557070,2026-07-11 16:03:00,NOAA-20,GOVERNADOR LINDENBERG,ESPÍRITO SANTO,Brasil,3202256,32,33,14,0.0,1.0,Mata Atlântica,3.6
82de7ba2-d2f0-33f7-8fcd-6ac02a94a922, -18.781470, -44.416630,2026-07-11 16:03:00,NOAA-20,CURVELO,MINAS GERAIS,Brasil,3120904,31,33,28,0.0,1.0,Cerrado,1.1
0dd06a2a-e717-32bf-88e4-b65fefe7c4fd, -14.239260, -42.085410,2026-07-11 16:03:00,NOAA-20,RIO DO ANTÔNIO,BAHIA,Brasil,2926806,29,33,45,0.5,1.0,Caatinga,3.4
c77eb42b-09eb-3394-aa4c-2d8344ca0e99, -16.490740, -43.256520,2026-07-11 16:03:00,NOAA-20,GRÃO MOGOL,MINAS GERAIS,Brasil,3127800,31,33,27,0.0,1.0,Cerrado,5.2
8d127b03-849d-392d-bee1-2ab12bf6591e, -18.049680, -39.793110,2026-07-11 16:03:00,NOAA-20,MUCURI,BAHIA,Brasil,2922003,29,33,12,0.0,0.93,Mata Atlântica,3.5
27a963a2-1f2f-3dfd-bc21-52a2029f2fa3, -18.582720, -41.271710,2026-07-11 16:03:00,NOAA-20,ITABIRINHA,MINAS GERAIS,Brasil,3131802,31,33,27,0.0,1.0,Mata Atlântica,4.6
ce374042-4e7a-39cb-85ed-bf51ffeee270, -17.280370, -39.560130,2026-07-11 16:03:00,NOAA-20,PRADO,BAHIA,Brasil,2925501,29,33,0,0.0,0.65,Mata Atlântica,5.5
57cd0f5e-89f7-3e3a-b476-437d6ebaf41e, -19.625470, -40.250190,2026-07-11 16:03:00,NOAA-20,ARACRUZ,ESPÍRITO SANTO,Brasil,3200607,32,33,14,0.0,0.99,Mata Atlântica,2.1
8a28ec3e-c80b-37f8-9339-1337a64a3d49, -21.808940, -45.288620,2026-07-11 16:03:00,NOAA-20,TRÊS CORAÇÕES,MINAS GERAIS,Brasil,3169307,31,33,15,0.0,1.0,Mata Atlântica,4.5
4efb48ba-a067-3e45-a8e4-aed6862f68cd, -20.319380, -40.767190,2026-07-11 16:03:00,NOAA-20,DOMINGOS MARTINS,ESPÍRITO SANTO,Brasil,3201902,32,33,19,0.0,0.67,Mata Atlântica,3.2
b826c306-94e1-315b-9d24-cb80be3e2a9a, -21.109250, -40.920520,2026-07-11 16:03:00,NOAA-20,MARATAÍZES,ESPÍRITO SANTO,Brasil,3203320,32,33,-999,0.0,1.0,Mata Atlântica,2.9
2e63351f-f36c-3643-ba90-a37321b08e71, -21.809220, -45.286690,2026-07-11 16:03:00,NOAA-20,TRÊS CORAÇÕES,MINAS GERAIS,Brasil,3169307,31,33,15,0.0,1.0,Mata Atlântica,4.0
063d52b3-36e2-3f1a-b075-4d40b8f22633, -15.981650, -43.679320,2026-07-11 16:03:00,NOAA-20,SÃO JOÃO DA PONTE,MINAS GERAIS,Brasil,3162401,31,33,58,0.0,1.0,Cerrado,5.0
a7cf2079-e87c-33fb-a668-e2ed7fb209d1, -18.037830, -43.033600,2026-07-11 16:03:00,NOAA-20,ITAMARANDIBA,MINAS GERAIS,Brasil,3132503,31,33,28,0.0,0.92,Mata Atlântica,10.1
3e6cdcbf-3493-3ecc-950d-7d6a1634b4d7, -20.104700, -40.185650,2026-07-11 16:03:00,NOAA-20,SERRA,ESPÍRITO SANTO,Brasil,3205002,32,33,-999,0.0,0.61,Mata Atlântica,7.0
d0f06761-92c5-331c-8ba0-6a923a9cdc30, -19.619080, -40.231970,2026-07-11 16:03:00,NOAA-20,ARACRUZ,ESPÍRITO SANTO,Brasil,3200607,32,33,14,0.0,0.91,Mata Atlântica,3.9
915485d1-8b77-3229-b020-1b080b7ec767, -21.060350, -43.436040,2026-07-11 16:03:00,NOAA-20,ALTO RIO DOCE,MINAS GERAIS,Brasil,3102100,31,33,25,0.0,1.0,Mata Atlântica,6.1
754e3694-5c5b-3ed6-a586-bfeb8cf1fecf, -18.912600, -40.669380,2026-07-11 16:03:00,NOAA-20,NOVA VENÉCIA,ESPÍRITO SANTO,Brasil,3203908,32,33,19,0.0,1.0,Mata Atlântica,2.5
695927a8-ac9d-3e4d-b7af-610d73a817ae, -18.862730, -41.854720,2026-07-11 16:03:00,NOAA-20,GOVERNADOR VALADARES,MINAS GERAIS,Brasil,3127701,31,33,28,0.0,1.0,Mata Atlântica,10.4
c3465ca8-599c-3285-bdb1-27ac03d5200b, -18.012460, -44.377340,2026-07-11 16:03:00,NOAA-20,BUENÓPOLIS,MINAS GERAIS,Brasil,3109204,31,33,27,0.0,0.95,Cerrado,6.9
4334c524-af69-3177-90c0-2dac4c33645e, -18.617110, -40.850700,2026-07-11 16:03:00,NOAA-20,BARRA DE SÃO FRANCISCO,ESPÍRITO SANTO,Brasil,3200904,32,33,22,0.0,1.0,Mata Atlântica,6.7
7a8c9233-d0d1-3adc-8216-e23211f58cee, -15.588530, -41.443760,2026-07-11 16:03:00,NOAA-20,ÁGUAS VERMELHAS,MINAS GERAIS,Brasil,3101003,31,33,28,0.0,1.0,Mata Atlântica,26.2
f75c8a29-841a-3a0e-888f-9a95068b610a, -18.529270, -41.116790,2026-07-11 16:03:00,NOAA-20,NOVA BELÉM,MINAS GERAIS,Brasil,3144672,31,33,16,0.0,0.94,Mata Atlântica,2.2
0e81d4aa-d1d2-3378-9dcb-a7ab76a64736, -16.231610, -39.472030,2026-07-11 16:03:00,NOAA-20,EUNÁPOLIS,BAHIA,Brasil,2910727,29,33,8,0.0,0.64,Mata Atlântica,4.1
97497606-1165-3d59-8fc5-3134db638e89, -18.182940, -46.323290,2026-07-11 16:03:00,NOAA-20,PRESIDENTE OLEGÁRIO,MINAS GERAIS,Brasil,3153400,31,33,25,0.0,1.0,Cerrado,5.0
0c162a70-5031-338f-b2cb-443f0f0e2a4d, -18.045800, -39.793640,2026-07-11 16:03:00,NOAA-20,MUCURI,BAHIA,Brasil,2922003,29,33,12,0.0,0.86,Mata Atlântica,3.5
2328a02b-236d-3c55-b408-13443aff3967, -19.643600, -40.163860,2026-07-11 16:03:00,NOAA-20,ARACRUZ,ESPÍRITO SANTO,Brasil,3200607,32,33,11,0.0,1.0,Mata Atlântica,3.7
2c84784a-94a6-3d0f-994a-2bebb77c8df9, -19.356850, -42.724370,2026-07-11 16:03:00,NOAA-20,CORONEL FABRICIANO,MINAS GERAIS,Brasil,3119401,31,33,22,0.0,0.95,Mata Atlântica,8.6
a63050b5-6ff4-366f-aa9f-cecfe6b7f72c, -14.527140, -41.137810,2026-07-11 16:03:00,NOAA-20,CARAÍBAS,BAHIA,Brasil,2906899,29,33,8,0.0,1.0,Caatinga,5.9
5c136545-4e7f-3750-9932-afcab224a269, -16.489930, -43.258050,2026-07-11 16:03:00,NOAA-20,GRÃO MOGOL,MINAS GERAIS,Brasil,3127800,31,33,27,0.0,1.0,Cerrado,4.8
85cad12c-a70e-307d-91c7-5d1494437fa3, -18.908460, -40.669950,2026-07-11 16:03:00,NOAA-20,NOVA VENÉCIA,ESPÍRITO SANTO,Brasil,3203908,32,33,20,0.0,1.0,Mata Atlântica,2.5
72cfcf24-91f7-355f-b5dc-58ee4f69b368,  -8.734680, -45.262490,2026-07-11 16:05:00,NOAA-20,BAIXA GRANDE DO RIBEIRO,PIAUÍ,Brasil,2201150,22,33,21,0.0,1.0,Cerrado,6.0
b42e961b-6afb-39ad-91b3-72870cb2e991, -10.473210, -50.164350,2026-07-11 16:05:00,NOAA-20,PIUM,TOCANTINS,Brasil,1717503,17,33,57,0.0,1.0,Cerrado,11.5
63d48d96-86a3-3ec4-b968-09ea918a50ef, -10.708030, -50.063680,2026-07-11 16:05:00,NOAA-20,LAGOA DA CONFUSÃO,TOCANTINS,Brasil,1711902,17,33,63,1.19,1.0,Cerrado,25.3
1c7dbff1-4f0e-32cd-b589-8af19e5c1f1d,  -7.507630, -43.437700,2026-07-11 16:05:00,NOAA-20,CANAVIEIRA,PIAUÍ,Brasil,2202251,22,33,75,0.0,1.0,Cerrado,7.9
725912df-041a-3f73-bd11-f5bc523e1986,  -9.987050, -46.778860,2026-07-11 16:05:00,NOAA-20,SÃO FÉLIX DO TOCANTINS,TOCANTINS,Brasil,1720150,17,33,56,0.0,1.0,Cerrado,3.3
9c9c74ce-adea-39b6-ba64-31fcdb89fa94, -10.366530, -46.176010,2026-07-11 16:05:00,NOAA-20,MATEIROS,TOCANTINS,Brasil,1712702,17,33,50,0.0,1.0,Cerrado,12.3
194d2b32-28ee-3be1-a871-80632d2cb262, -13.841640, -44.971840,2026-07-11 16:05:00,NOAA-20,JABORANDI,BAHIA,Brasil,2917359,29,33,49,0.0,1.0,Cerrado,5.6
451cee4f-5aa6-3649-b208-8d0fc28f2f03,  -6.382190, -37.881910,2026-07-11 16:05:00,NOAA-20,BREJO DOS SANTOS,PARAÍBA,Brasil,2502904,25,33,14,0.0,0.8,Caatinga,3.5
640c2e47-50a9-3809-8692-87e647ce12fb, -13.476250, -40.097620,2026-07-11 16:05:00,NOAA-20,ITIRUÇU,BAHIA,Brasil,2916906,29,33,11,8.54,1.0,Mata Atlântica,6.4
f76600c9-85d3-3b6a-b176-6c1165abeda6,  -7.009280, -45.418990,2026-07-11 16:05:00,NOAA-20,SÃO RAIMUNDO DAS MANGABEIRAS,MARANHÃO,Brasil,2111607,21,33,48,0.0,1.0,Cerrado,10.7
401a1986-6c17-37d8-992c-29fde3d64625,  -9.117950, -40.175210,2026-07-11 16:05:00,NOAA-20,JUAZEIRO,BAHIA,Brasil,2918407,29,33,50,0.0,1.0,Caatinga,10.5
9e746015-9869-3dea-9cf1-f54c597818ec, -10.713630, -50.066000,2026-07-11 16:05:00,NOAA-20,LAGOA DA CONFUSÃO,TOCANTINS,Brasil,1711902,17,33,63,1.22,1.0,Cerrado,25.5
47ad9f20-0b9e-3608-accf-8df9817c7e65,  -2.957590, -41.059510,2026-07-11 16:05:00,NOAA-20,CAMOCIM,CEARÁ,Brasil,2302602,23,33,-999,0.0,0.36,Caatinga,4.6
74df629a-cd00-3491-8f91-66b0d8992e85,  -8.103960, -47.099200,2026-07-11 16:05:00,NOAA-20,GOIATINS,TOCANTINS,Brasil,1709005,17,33,16,0.0,1.0,Cerrado,7.2
6abeb8a8-51f9-3967-8a82-299bd7d6184a, -12.433210, -40.073820,2026-07-11 16:05:00,NOAA-20,ITABERABA,BAHIA,Brasil,2914703,29,33,12,0.0,1.0,Caatinga,8.0
6b760c7d-47bd-35e7-9672-302c02e86362, -10.496830, -40.377740,2026-07-11 16:05:00,NOAA-20,CAMPO FORMOSO,BAHIA,Brasil,2906006,29,33,12,0.0,1.0,Caatinga,5.7
61836857-5791-3a36-8b9e-0c89a6c3591a, -10.682550, -42.164860,2026-07-11 16:05:00,NOAA-20,ITAGUAÇU DA BAHIA,BAHIA,Brasil,2915353,29,33,91,0.0,1.0,Caatinga,2.2
3d230651-46f7-3a76-b012-ae0671155324,  -8.461650, -39.809580,2026-07-11 16:05:00,NOAA-20,SANTA MARIA DA BOA VISTA,PERNAMBUCO,Brasil,2612604,26,33,25,0.0,1.0,Caatinga,5.5
9a2b065a-aef5-31af-9bde-c477b3ebd827,  -9.129490, -45.988510,2026-07-11 16:05:00,NOAA-20,ALTO PARNAÍBA,MARANHÃO,Brasil,2100501,21,33,72,0.0,1.0,Cerrado,3.3
48c1fe70-d3ca-3395-b130-0403de970d50,  -9.680220, -46.064770,2026-07-11 16:05:00,NOAA-20,ALTO PARNAÍBA,MARANHÃO,Brasil,2100501,21,33,49,0.0,1.0,Cerrado,3.6
48d2d9b2-fbc3-35d9-86b8-1099a26e120f,  -9.921430, -42.299370,2026-07-11 16:05:00,NOAA-20,REMANSO,BAHIA,Brasil,2926004,29,33,83,0.0,1.0,Caatinga,3.5
e6ba1194-bd2c-3897-94b8-ea4e03f6a862, -11.310860, -41.937980,2026-07-11 16:05:00,NOAA-20,IRECÊ,BAHIA,Brasil,2914604,29,33,41,0.0,1.0,Caatinga,2.0
ba05d60d-f0c0-343b-a7f0-bdfb930df76a,  -9.800790, -37.611680,2026-07-11 16:05:00,NOAA-20,POÇO REDONDO,SERGIPE,Brasil,2805406,28,33,12,0.0,1.0,Caatinga,4.8
e8d97b97-fb58-3d6f-871e-ab6570767b8a,  -8.103480, -47.095490,2026-07-11 16:05:00,NOAA-20,GOIATINS,TOCANTINS,Brasil,1709005,17,33,16,0.0,1.0,Cerrado,7.2
d53418f6-2d4f-3012-aac6-629e0ebe965b,  -6.949400, -43.728950,2026-07-11 16:05:00,NOAA-20,GUADALUPE,PIAUÍ,Brasil,2204501,22,33,23,0.1,1.0,Cerrado,6.0
8a8ede8f-cea6-307f-a555-1f3d5598f181, -11.739750, -41.590630,2026-07-11 16:05:00,NOAA-20,CAFARNAUM,BAHIA,Brasil,2905305,29,33,49,0.0,1.0,Caatinga,1.2
9a3f7d23-0cc4-37f5-92e5-54b6e76a443f, -10.712150, -50.053560,2026-07-11 16:05:00,NOAA-20,LAGOA DA CONFUSÃO,TOCANTINS,Brasil,1711902,17,33,63,1.33,1.0,Cerrado,57.8
73dd6f1e-841b-3f4c-829e-2d17a9adad51,  -6.514140, -37.790530,2026-07-11 16:05:00,NOAA-20,JERICÓ,PARAÍBA,Brasil,2507408,25,33,5,0.0,0.65,Caatinga,4.1
748c3c9d-e292-3d68-8046-bd402fa522fa, -10.839730, -44.078410,2026-07-11 16:05:00,NOAA-20,MANSIDÃO,BAHIA,Brasil,2920452,29,33,49,0.0,1.0,Cerrado,131.7
7706ed82-a8a6-37a3-84b2-05bcf562901f,  -7.507090, -43.433780,2026-07-11 16:05:00,NOAA-20,CANAVIEIRA,PIAUÍ,Brasil,2202251,22,33,74,0.0,1.0,Cerrado,7.9
7b4cc061-323a-3288-9f02-20f0ff924eed,  -9.987160, -46.778720,2026-07-11 16:05:00,NOAA-20,SÃO FÉLIX DO TOCANTINS,TOCANTINS,Brasil,1720150,17,33,56,0.0,1.0,Cerrado,3.4
217e1f41-5797-3074-835f-8680aa471016, -12.196300, -37.827110,2026-07-11 16:05:00,NOAA-20,ESPLANADA,BAHIA,Brasil,2910602,29,33,-999,0.0,0.89,Mata Atlântica,1.3
24829b1b-0507-3a3f-99f7-42cecf142c22, -10.704600, -50.048130,2026-07-11 16:05:00,NOAA-20,LAGOA DA CONFUSÃO,TOCANTINS,Brasil,1711902,17,33,63,1.3,1.0,Cerrado,18.1
597b0bec-c001-30e9-be0e-23516a7cf8c9,  -9.081420, -38.466280,2026-07-11 16:05:00,NOAA-20,GLÓRIA,BAHIA,Brasil,2911402,29,33,14,0.0,1.0,Caatinga,10.6
672e820e-1d1e-397f-ac22-6e891446cb46, -13.842010, -44.974990,2026-07-11 16:05:00,NOAA-20,JABORANDI,BAHIA,Brasil,2917359,29,33,49,0.0,1.0,Cerrado,3.8
eb5cff10-e313-3bae-a772-e56d91428f9c, -11.181100, -46.129750,2026-07-11 16:05:00,NOAA-20,FORMOSA DO RIO PRETO,BAHIA,Brasil,2911105,29,33,46,0.0,1.0,Cerrado,6.5
b5d4a525-c33b-3ff6-817e-f59ae53a6b59,  -6.880470, -39.360260,2026-07-11 16:05:00,NOAA-20,VÁRZEA ALEGRE,CEARÁ,Brasil,2314003,23,33,13,0.0,1.0,Caatinga,4.3
7b9bc414-8919-332c-98ae-502c1b8a04c7,  -6.946590, -43.709020,2026-07-11 16:05:00,NOAA-20,GUADALUPE,PIAUÍ,Brasil,2204501,22,33,23,0.1,1.0,Cerrado,4.9
ec8ba5ff-12ec-3fde-a89c-21749758bf37,  -6.510830, -37.791040,2026-07-11 16:05:00,NOAA-20,JERICÓ,PARAÍBA,Brasil,2507408,25,33,5,0.0,0.65,Caatinga,4.1
82087cb8-a018-31bb-9ce6-32a4e485301c,  -6.933040, -43.372600,2026-07-11 16:05:00,NOAA-20,FLORIANO,PIAUÍ,Brasil,2203909,22,33,23,0.1,1.0,Caatinga,2.6
e872dd28-0c96-3a53-bd54-8893d0944dda,  -1.548720, -47.615730,2026-07-11 16:05:00,NOAA-20,SÃO MIGUEL DO GUAMÁ,PARÁ,Brasil,1507607,15,33,1,0.0,0.21,Amazônia,3.1
22feaba0-0300-32d8-8a69-315f83b3f366, -13.075780, -40.296880,2026-07-11 16:05:00,NOAA-20,PLANALTINO,BAHIA,Brasil,2924900,29,33,24,0.0,1.0,Caatinga,2.1
27c02a96-7325-3674-8c2b-636ac485314d,  -6.685310, -43.357060,2026-07-11 16:05:00,NOAA-20,BARÃO DE GRAJAÚ,MARANHÃO,Brasil,2101509,21,33,23,0.0,1.0,Caatinga,5.5
015d989f-be9e-3b1c-9e41-a102ab0960fb,  -9.121500, -40.174680,2026-07-11 16:05:00,NOAA-20,JUAZEIRO,BAHIA,Brasil,2918407,29,33,50,0.0,1.0,Caatinga,2.9
81bfe770-54f2-33bb-bd86-2baf40148897,  -7.746660, -44.854020,2026-07-11 16:05:00,NOAA-20,URUÇUÍ,PIAUÍ,Brasil,2211209,22,33,76,0.0,1.0,Cerrado,6.5
3c12a520-2608-3b47-a99f-37dbd20320f6, -11.413040, -50.692090,2026-07-11 16:05:00,NOAA-20,LAGOA DA CONFUSÃO,TOCANTINS,Brasil,1711902,17,33,65,0.1,1.0,Cerrado,7.6
ba322217-4a8d-3a77-8975-052a47846c39, -10.378020, -46.181560,2026-07-11 16:05:00,NOAA-20,MATEIROS,TOCANTINS,Brasil,1712702,17,33,52,0.0,1.0,Cerrado,3.7
dd8cb161-6d42-353d-adfe-73039c91c713,  -7.039520, -37.876740,2026-07-11 16:05:00,NOAA-20,COREMAS,PARAÍBA,Brasil,2504801,25,33,1,0.0,0.27,Caatinga,4.4
24254f5f-07f0-3f2d-9348-7059aa509722,  -8.971780, -36.868710,2026-07-11 16:05:00,NOAA-20,IATI,PERNAMBUCO,Brasil,2606507,26,33,14,0.0,1.0,Caatinga,4.5
6ccec8c2-cbb3-3511-8715-2fc4ab79ac03,  -1.990860, -47.043880,2026-07-11 16:05:00,NOAA-20,GARRAFÃO DO NORTE,PARÁ,Brasil,1503077,15,33,2,0.7,0.09,Amazônia,5.9
da940ec2-d2f6-330c-aca9-91343f4e8a44, -10.713460, -50.050430,2026-07-11 16:05:00,NOAA-20,LAGOA DA CONFUSÃO,TOCANTINS,Brasil,1711902,17,33,63,1.38,1.0,Cerrado,31.0
a37be0b6-de08-3334-abf4-14ab5bbf05fd, -11.051630, -38.571850,2026-07-11 16:05:00,NOAA-20,RIBEIRA DO AMPARO,BAHIA,Brasil,2926509,29,33,8,0.0,1.0,Caatinga,20.2
d9c4e6d1-2a2c-3ec6-a075-6092c8a23b7b,  -6.997610, -42.901650,2026-07-11 16:05:00,NOAA-20,FLORIANO,PIAUÍ,Brasil,2203909,22,33,23,0.0,1.0,Caatinga,17.1
ac8d4de1-fdd6-39dc-af86-81a472b12c3e, -10.474020, -42.423730,2026-07-11 16:05:00,NOAA-20,XIQUE-XIQUE,BAHIA,Brasil,2933604,29,33,73,0.0,1.0,Caatinga,10.3
389b6bc4-1e5d-3786-9de6-8df975d4e75d,  -9.025190, -47.484950,2026-07-11 16:05:00,NOAA-20,CENTENÁRIO,TOCANTINS,Brasil,1704105,17,33,43,0.0,1.0,Cerrado,4.8
bdbcad71-07d5-391f-a8ae-ef66c033c610,  -9.224840, -48.580480,2026-07-11 16:05:00,NOAA-20,MIRANORTE,TOCANTINS,Brasil,1713304,17,33,74,0.0,1.0,Cerrado,2.9
e473da8f-bb92-3970-81c5-3d46d323f739, -11.177960, -46.129050,2026-07-11 16:05:00,NOAA-20,FORMOSA DO RIO PRETO,BAHIA,Brasil,2911105,29,33,46,0.0,1.0,Cerrado,9.1
da2e7bb8-ba9e-36ca-a6ed-3f96846a0aa2,  -6.998810, -42.905210,2026-07-11 16:05:00,NOAA-20,FLORIANO,PIAUÍ,Brasil,2203909,22,33,23,0.0,1.0,Caatinga,55.5
131d5e8b-4aba-3ea8-87a4-451ce8a46c31,  -8.375840, -47.472940,2026-07-11 16:05:00,NOAA-20,GOIATINS,TOCANTINS,Brasil,1709005,17,33,6,0.0,1.0,Cerrado,4.7
f58d89c5-926f-301c-a602-12179576351f,  -8.729810, -45.263200,2026-07-11 16:05:00,NOAA-20,BAIXA GRANDE DO RIBEIRO,PIAUÍ,Brasil,2201150,22,33,25,0.0,1.0,Cerrado,6.9
d86d6518-7a09-3094-8bd4-d804e18bb564,  -2.887760, -42.246770,2026-07-11 16:05:00,NOAA-20,TUTÓIA,MARANHÃO,Brasil,2112506,21,33,-999,0.0,0.16,Cerrado,5.0
3ed5d03d-9fbf-3b10-99ec-df0fc99e99bc,  -1.927930, -45.806430,2026-07-11 16:05:00,NOAA-20,GOVERNADOR NUNES FREIRE,MARANHÃO,Brasil,2104677,21,33,2,0.0,0.18,Amazônia,4.0
5b01e408-841a-348d-953f-a1760844263a, -11.414650, -37.768830,2026-07-11 16:05:00,NOAA-20,CRISTINÁPOLIS,SERGIPE,Brasil,2801702,28,33,5,0.0,1.0,Mata Atlântica,2.0
0f09a34b-ebf9-3422-b7a1-6fe218bf01ff, -13.280320, -43.548770,2026-07-11 16:05:00,NOAA-20,SERRA DO RAMALHO,BAHIA,Brasil,2930154,29,33,49,0.2,1.0,Cerrado,7.3
3be02250-2dc1-305e-8a32-0cf3dd8b6138,  -7.498310, -43.434350,2026-07-11 16:05:00,NOAA-20,CANAVIEIRA,PIAUÍ,Brasil,2202251,22,33,73,0.0,1.0,Cerrado,14.3
8b1fa4eb-7491-3f1a-a6b0-3d3f9e204b9c,  -1.946010, -47.451530,2026-07-11 16:05:00,NOAA-20,MÃE DO RIO,PARÁ,Brasil,1504059,15,33,0,3.8,0.19,Amazônia,3.0
656845f9-69d7-32b1-979f-f66830038da9,  -6.998660, -42.908760,2026-07-11 16:05:00,NOAA-20,FLORIANO,PIAUÍ,Brasil,2203909,22,33,23,0.0,1.0,Caatinga,124.3
92077d6a-25a7-3893-bd45-09c72d77d1f6,  -8.108950, -47.094710,2026-07-11 16:05:00,NOAA-20,GOIATINS,TOCANTINS,Brasil,1709005,17,33,16,0.0,1.0,Cerrado,7.2
2f62961f-e4b6-3d95-b181-dac6ca768614,  -8.378290, -47.472380,2026-07-11 16:05:00,NOAA-20,GOIATINS,TOCANTINS,Brasil,1709005,17,33,6,0.0,1.0,Cerrado,6.8
d7874944-9cb4-335c-993d-73e953a63a51,  -8.103340, -47.099620,2026-07-11 16:05:00,NOAA-20,GOIATINS,TOCANTINS,Brasil,1709005,17,33,16,0.0,1.0,Cerrado,4.8
02b5f228-c033-3ab3-a1a9-96c4401b3c29,  -6.999310, -42.908790,2026-07-11 16:05:00,NOAA-20,FLORIANO,PIAUÍ,Brasil,2203909,22,33,23,0.0,1.0,Caatinga,55.5
fba6e692-7196-354d-a278-4ab29e8b5233,  -6.727970, -39.272950,2026-07-11 16:05:00,NOAA-20,VÁRZEA ALEGRE,CEARÁ,Brasil,2314003,23,33,13,0.0,1.0,Caatinga,3.8
3c0a67c9-397d-3ce6-8277-57dbda24489d, -11.473650, -47.618360,2026-07-11 16:05:00,NOAA-20,NATIVIDADE,TOCANTINS,Brasil,1714203,17,33,49,0.0,1.0,Cerrado,8.0
b9ba5e9c-9005-3678-9ea4-8341b6caf2ac,  -8.031830, -46.896010,2026-07-11 16:05:00,NOAA-20,CAMPOS LINDOS,TOCANTINS,Brasil,1703842,17,33,23,0.0,1.0,Cerrado,12.1
09fb403b-deb6-35e9-868d-ee061db4e7ef, -10.714850, -50.062850,2026-07-11 16:05:00,NOAA-20,LAGOA DA CONFUSÃO,TOCANTINS,Brasil,1711902,17,33,63,1.27,1.0,Cerrado,25.3
5f27c356-ed11-37e9-ba8a-4d3c7a7d3404,  -6.803590, -43.080340,2026-07-11 16:05:00,NOAA-20,FLORIANO,PIAUÍ,Brasil,2203909,22,33,23,0.0,1.0,Cerrado,5.4
5be4b97d-01d5-3c2b-a76f-d8df94f072ab, -11.046970, -47.054990,2026-07-11 16:05:00,NOAA-20,PONTE ALTA DO TOCANTINS,TOCANTINS,Brasil,1717909,17,33,49,0.0,1.0,Cerrado,8.7
b4e9eb26-3a93-3332-93d9-52e8f2c3af03,  -6.877340, -43.705750,2026-07-11 16:05:00,NOAA-20,GUADALUPE,PIAUÍ,Brasil,2204501,22,33,23,0.2,1.0,Cerrado,5.0
aab9f834-43dc-3068-aedb-afb89cfd0515,  -6.933580, -43.376370,2026-07-11 16:05:00,NOAA-20,FLORIANO,PIAUÍ,Brasil,2203909,22,33,23,0.1,1.0,Caatinga,2.6
27e51864-dd87-3051-a36d-22ae0b39825d,  -7.508160, -43.441590,2026-07-11 16:05:00,NOAA-20,CANAVIEIRA,PIAUÍ,Brasil,2202251,22,33,77,0.0,1.0,Cerrado,4.5
d825c89a-a965-3c86-919f-992b3d98aa6c,  -7.507300, -43.436920,2026-07-11 16:05:00,NOAA-20,CANAVIEIRA,PIAUÍ,Brasil,2202251,22,33,75,0.0,1.0,Cerrado,5.0
1deb5523-40e2-3212-bd00-75bfd2c58503, -13.842370, -44.978150,2026-07-11 16:05:00,NOAA-20,JABORANDI,BAHIA,Brasil,2917359,29,33,49,0.0,1.0,Cerrado,3.8
10f0855b-952b-355b-8e53-4077b6467720,  -8.817930, -37.347630,2026-07-11 16:05:00,NOAA-20,TUPANATINGA,PERNAMBUCO,Brasil,2615805,26,33,9,0.0,1.0,Caatinga,4.0
34d8a059-fb0a-324d-bc64-a0a0f647b45e,  -6.999800, -42.912360,2026-07-11 16:05:00,NOAA-20,FLORIANO,PIAUÍ,Brasil,2203909,22,33,23,0.0,1.0,Caatinga,7.3
d69bd826-32b6-383f-8f08-032dd8cfd6ac, -10.352580, -38.576070,2026-07-11 16:05:00,NOAA-20,CÍCERO DANTAS,BAHIA,Brasil,2907806,29,33,11,0.0,1.0,Caatinga,7.7
2b1736de-a47d-3499-b33b-be8261a0d90d,  -4.342290, -47.765350,2026-07-11 16:05:00,NOAA-20,DOM ELISEU,PARÁ,Brasil,1502939,15,33,14,0.0,0.81,Amazônia,6.4
6cf49a59-e667-32e1-be13-112980903097, -10.712890, -50.059770,2026-07-11 16:05:00,NOAA-20,LAGOA DA CONFUSÃO,TOCANTINS,Brasil,1711902,17,33,63,1.28,1.0,Cerrado,57.8
aceb53f5-3c01-3b1e-9eda-4d4b3c33b8b1, -13.836120, -44.969270,2026-07-11 16:05:00,NOAA-20,JABORANDI,BAHIA,Brasil,2917359,29,33,49,0.0,1.0,Cerrado,5.6
a0500608-c853-306e-acc4-49700774b41b,  -1.546880, -47.617370,2026-07-11 16:05:00,NOAA-20,SÃO MIGUEL DO GUAMÁ,PARÁ,Brasil,1507607,15,33,1,0.0,0.26,Amazônia,3.2
7d012386-8219-357a-8f50-47ea3f2e281e, -12.788940, -40.818130,2026-07-11 16:05:00,NOAA-20,BOA VISTA DO TUPIM,BAHIA,Brasil,2903805,29,33,14,0.0,1.0,Caatinga,26.4
31f8aeff-4aa6-365e-998b-d6bfdccef605, -11.475950, -47.620350,2026-07-11 16:05:00,NOAA-20,NATIVIDADE,TOCANTINS,Brasil,1714203,17,33,49,0.0,1.0,Cerrado,7.7
a4f78113-706d-345a-935a-0a9bd50623b9,  -7.507860, -43.440810,2026-07-11 16:05:00,NOAA-20,CANAVIEIRA,PIAUÍ,Brasil,2202251,22,33,76,0.0,1.0,Cerrado,6.9
d0294086-44e2-38bd-a934-b63b180f991e, -12.036940, -42.066090,2026-07-11 16:05:00,NOAA-20,BARRA DO MENDES,BAHIA,Brasil,2903003,29,33,49,0.0,1.0,Caatinga,5.2
8908454e-f61d-3820-b991-5905626de107, -10.970240, -39.608270,2026-07-11 16:05:00,NOAA-20,QUEIMADAS,BAHIA,Brasil,2925808,29,33,8,0.0,1.0,Caatinga,7.8
6166252c-b311-302e-87fe-851a168306dc,  -8.735430, -45.267910,2026-07-11 16:05:00,NOAA-20,BAIXA GRANDE DO RIBEIRO,PIAUÍ,Brasil,2201150,22,33,24,0.0,1.0,Cerrado,75.8
eabffb91-10e2-3869-908b-33ba514aadb0, -10.372270, -46.178760,2026-07-11 16:05:00,NOAA-20,MATEIROS,TOCANTINS,Brasil,1712702,17,33,51,0.0,1.0,Cerrado,12.3
9625ccf6-1dc4-3177-8472-12fe39888b1d, -13.836860, -44.975600,2026-07-11 16:05:00,NOAA-20,JABORANDI,BAHIA,Brasil,2917359,29,33,49,0.0,1.0,Cerrado,3.8
c0247e36-cb6b-3381-8064-d651c66386cf, -12.429540, -40.074360,2026-07-11 16:05:00,NOAA-20,ITABERABA,BAHIA,Brasil,2914703,29,33,12,0.0,1.0,Caatinga,8.0
f5abad85-2288-30ab-94da-10917758ba55,  -7.231600, -44.013660,2026-07-11 16:05:00,NOAA-20,LANDRI SALES,PIAUÍ,Brasil,2205607,22,33,39,0.1,1.0,Cerrado,5.2
cb0a6445-fa90-3d28-82ef-b127102f00b6, -11.047450, -47.058920,2026-07-11 16:05:00,NOAA-20,PONTE ALTA DO TOCANTINS,TOCANTINS,Brasil,1717909,17,33,49,0.0,1.0,Cerrado,8.7
3017603b-ecc4-3b5c-8de1-bcd77024d68f,  -7.844390, -35.525210,2026-07-11 16:05:00,NOAA-20,JOÃO ALFREDO,PERNAMBUCO,Brasil,2608107,26,33,13,0.0,0.18,Caatinga,3.7
d6a29912-c023-33fb-8d7e-99bac3a32540,  -8.732290, -45.260730,2026-07-11 16:05:00,NOAA-20,BAIXA GRANDE DO RIBEIRO,PIAUÍ,Brasil,2201150,22,33,21,0.0,1.0,Cerrado,22.3
fd276f98-7194-3c01-9924-cdde4d3460c5, -10.714150, -50.056630,2026-07-11 16:05:00,NOAA-20,LAGOA DA CONFUSÃO,TOCANTINS,Brasil,1711902,17,33,63,1.32,1.0,Cerrado,25.3
faa9e3b3-b1a6-3686-abba-2eef6d258b3e,  -6.531890, -37.353670,2026-07-11 16:05:00,NOAA-20,SERRA NEGRA DO NORTE,RIO GRANDE DO NORTE,Brasil,2413409,24,33,2,0.0,1.0,Caatinga,4.5
d6d1587b-999f-3607-8602-62f5b35fd8e2,  -8.337610, -46.870350,2026-07-11 16:05:00,NOAA-20,CAMPOS LINDOS,TOCANTINS,Brasil,1703842,17,33,46,0.0,1.0,Cerrado,3.8
3d01ff71-7035-3f32-a5d7-a1877b6d78f4,  -8.108300, -47.095100,2026-07-11 16:05:00,NOAA-20,GOIATINS,TOCANTINS,Brasil,1709005,17,33,16,0.0,1.0,Cerrado,10.0
8272b09c-0fff-327a-b72c-3ab0079dec94,  -7.015480, -42.674390,2026-07-11 16:05:00,NOAA-20,NAZARÉ DO PIAUÍ,PIAUÍ,Brasil,2206704,22,33,45,0.0,1.0,Caatinga,3.4
71603937-c752-393f-809a-faf34de82cd2, -13.837220, -44.978740,2026-07-11 16:05:00,NOAA-20,JABORANDI,BAHIA,Brasil,2917359,29,33,49,0.0,1.0,Cerrado,3.8
2e585df9-6c12-3149-a593-1d0c70fcc97a,  -8.337170, -46.866990,2026-07-11 16:05:00,NOAA-20,CAMPOS LINDOS,TOCANTINS,Brasil,1703842,17,33,48,0.0,1.0,Cerrado,4.4
adab7c4c-3658-38cd-ba11-4481a26872bd,  -9.155470, -39.832480,2026-07-11 16:05:00,NOAA-20,CURAÇÁ,BAHIA,Brasil,2909901,29,33,63,0.0,1.0,Caatinga,2.6
7c13e5a5-3697-3294-945d-da6dfa4bd8b4,  -6.375340, -38.170990,2026-07-11 16:05:00,NOAA-20,MARCELINO VIEIRA,RIO GRANDE DO NORTE,Brasil,2407302,24,33,14,0.0,0.77,Caatinga,3.4
809acda0-14e9-3307-bded-eeac78ce5540, -10.746330, -38.587760,2026-07-11 16:05:00,NOAA-20,RIBEIRA DO POMBAL,BAHIA,Brasil,2926608,29,33,11,0.0,1.0,Caatinga,3.8
34c57873-b919-31f8-b1ce-170497741ea9,  -1.927320, -45.804730,2026-07-11 16:05:00,NOAA-20,GOVERNADOR NUNES FREIRE,MARANHÃO,Brasil,2104677,21,33,2,0.0,0.18,Amazônia,3.2
399ca686-895f-390e-9979-b6a99c9b2146,  -9.158980, -39.831970,2026-07-11 16:05:00,NOAA-20,CURAÇÁ,BAHIA,Brasil,2909901,29,33,63,0.0,1.0,Caatinga,0.8
f71411e2-e82e-3d69-a1d3-306b511612c2, -10.366110, -46.172630,2026-07-11 16:05:00,NOAA-20,MATEIROS,TOCANTINS,Brasil,1712702,17,33,50,0.0,1.0,Cerrado,9.9
38c3b0ff-a4e2-3bb6-9391-fc852ea856be,  -9.716860, -46.102230,2026-07-11 16:05:00,NOAA-20,ALTO PARNAÍBA,MARANHÃO,Brasil,2100501,21,33,49,0.0,1.0,Cerrado,4.2
de556b0e-8853-3c0c-8568-8eafe827f7ac, -10.801350, -46.111720,2026-07-11 16:05:00,NOAA-20,FORMOSA DO RIO PRETO,BAHIA,Brasil,2911105,29,33,49,0.0,1.0,Cerrado,2.9
a7816dff-52c2-3681-b1c0-3d7484cbab0b,  -9.347230, -40.453960,2026-07-11 16:05:00,NOAA-20,PETROLINA,PERNAMBUCO,Brasil,2611101,26,33,15,0.0,1.0,Caatinga,3.6
cc68b993-339b-3636-8da4-2595dd5d7c20,  -7.074910, -43.549870,2026-07-11 16:05:00,NOAA-20,JERUMENHA,PIAUÍ,Brasil,2205300,22,33,22,0.2,1.0,Cerrado,9.5
c0a73b92-f4d2-3073-a0cf-0cc35ce3d570, -10.705330, -50.054360,2026-07-11 16:05:00,NOAA-20,LAGOA DA CONFUSÃO,TOCANTINS,Brasil,1711902,17,33,63,1.26,1.0,Cerrado,24.0
2dd2f2a1-c391-32d8-9557-ea85b6722196,  -3.623740, -40.366200,2026-07-11 16:05:00,NOAA-20,SOBRAL,CEARÁ,Brasil,2312908,23,33,5,0.0,0.81,Caatinga,6.3
57da5486-78ae-317c-964f-373671de1da6,  -8.536370, -36.641060,2026-07-11 16:05:00,NOAA-20,PESQUEIRA,PERNAMBUCO,Brasil,2610905,26,33,14,0.0,1.0,Caatinga,2.8
4b92be57-18c8-3ab3-8a78-71f6bf39b927,  -8.262530, -48.214240,2026-07-11 16:05:00,NOAA-20,TUPIRATINS,TOCANTINS,Brasil,1721307,17,33,23,0.0,1.0,Cerrado,7.1
ed991359-d19b-3632-9a51-2de37c12e5b4, -10.706640, -50.051250,2026-07-11 16:05:00,NOAA-20,LAGOA DA CONFUSÃO,TOCANTINS,Brasil,1711902,17,33,63,1.3,1.0,Cerrado,31.0
b7c1bf77-c672-34e0-a927-cc44add97325,  -6.880100, -43.664710,2026-07-11 16:05:00,NOAA-20,GUADALUPE,PIAUÍ,Brasil,2204501,22,33,23,0.2,1.0,Cerrado,9.7
618c8371-2829-3038-8492-5e1d63aeae90,  -8.032270, -46.899380,2026-07-11 16:05:00,NOAA-20,CAMPOS LINDOS,TOCANTINS,Brasil,1703842,17,33,22,0.0,1.0,Cerrado,14.1
6c3a492c-79d1-39c8-ba18-d69d5cbddbfc, -12.738980, -40.729280,2026-07-11 16:05:00,NOAA-20,BOA VISTA DO TUPIM,BAHIA,Brasil,2903805,29,33,13,0.0,0.96,Caatinga,0.2
14279234-ee58-3454-aad1-ad4be67c8891, -10.707330, -50.057460,2026-07-11 16:05:00,NOAA-20,LAGOA DA CONFUSÃO,TOCANTINS,Brasil,1711902,17,33,63,1.25,1.0,Cerrado,25.3
b4de5b15-58a0-36ff-8258-f8f525ee11aa, -13.836490, -44.972450,2026-07-11 16:05:00,NOAA-20,JABORANDI,BAHIA,Brasil,2917359,29,33,49,0.0,1.0,Cerrado,5.6
ca2dedc3-e73f-336e-99db-b1491c9bf6b6,  -8.108790, -47.098700,2026-07-11 16:05:00,NOAA-20,GOIATINS,TOCANTINS,Brasil,1709005,17,33,16,0.0,1.0,Cerrado,10.0
4e7ac2a8-bcab-376e-8a70-23d9d32c75f6,  -6.919090, -43.394090,2026-07-11 16:05:00,NOAA-20,FLORIANO,PIAUÍ,Brasil,2203909,22,33,23,0.1,1.0,Caatinga,4.4
0f8979eb-bdd5-374f-8174-c9da7852c977,  -9.717270, -46.105480,2026-07-11 16:05:00,NOAA-20,ALTO PARNAÍBA,MARANHÃO,Brasil,2100501,21,33,49,0.0,1.0,Cerrado,4.2
49ea737f-2dd5-3639-b82a-47d743d13b50,  -6.948840, -43.724960,2026-07-11 16:05:00,NOAA-20,GUADALUPE,PIAUÍ,Brasil,2204501,22,33,23,0.1,1.0,Cerrado,4.7
5cf7d502-bbef-339d-95f6-37d83d80d132,  -9.754060, -36.903560,2026-07-11 16:05:00,NOAA-20,TRAIPU,ALAGOAS,Brasil,2709202,27,33,12,0.0,1.0,Caatinga,4.8
a85f992e-a08f-3bb4-a18b-ee984843f223, -12.429770, -40.072670,2026-07-11 16:05:00,NOAA-20,ITABERABA,BAHIA,Brasil,2914703,29,33,12,0.0,1.0,Caatinga,7.4
6fc10823-fe0d-3ecc-8eef-a4ad0fa6ba25,  -3.497780, -48.037040,2026-07-11 16:05:00,NOAA-20,PARAGOMINAS,PARÁ,Brasil,1505502,15,33,3,0.0,0.34,Amazônia,6.2
19e06be3-9064-33a6-923a-db09c9ba6439,  -9.518410, -38.212420,2026-07-11 16:05:00,NOAA-20,PAULO AFONSO,BAHIA,Brasil,2924009,29,33,39,0.0,1.0,Caatinga,1.2
37768430-2179-3e3f-a3ec-75352f121e9b,  -7.626470, -37.299920,2026-07-11 16:05:00,NOAA-20,TUPARETAMA,PERNAMBUCO,Brasil,2615904,26,33,4,0.0,0.31,Caatinga,4.0
3228b4a1-3850-3f8b-9596-1191ceca74d2,  -8.733000, -45.266160,2026-07-11 16:05:00,NOAA-20,BAIXA GRANDE DO RIBEIRO,PIAUÍ,Brasil,2201150,22,33,24,0.0,1.0,Cerrado,22.3
2cdbd55e-9d28-3938-8fa1-b9c5be910f98, -12.430390, -40.077010,2026-07-11 16:05:00,NOAA-20,ITABERABA,BAHIA,Brasil,2914703,29,33,12,0.0,1.0,Caatinga,7.4
7431e1d3-2348-33c0-8a01-c9a9107b0ce0,  -8.064420, -45.394070,2026-07-11 16:05:00,NOAA-20,RIBEIRO GONÇALVES,PIAUÍ,Brasil,2208908,22,33,27,0.0,1.0,Cerrado,6.6
a80c7758-6170-3487-9fc4-284782858dac, -14.208790, -42.806880,2026-07-11 16:05:00,NOAA-20,GUANAMBI,BAHIA,Brasil,2911709,29,33,49,0.0,1.0,Caatinga,3.6
209e1771-d741-332f-b753-18ebe98d4b96,  -6.736270, -43.075460,2026-07-11 16:05:00,NOAA-20,BARÃO DE GRAJAÚ,MARANHÃO,Brasil,2101509,21,33,23,0.0,1.0,Cerrado,11.2
eec59c73-552e-3279-bf1c-3ee11e2adc70,  -9.679740, -46.064200,2026-07-11 16:05:00,NOAA-20,ALTO PARNAÍBA,MARANHÃO,Brasil,2100501,21,33,49,0.0,1.0,Cerrado,3.9
fd59b074-6019-37ec-842b-8427cfd79710, -13.960640, -41.494420,2026-07-11 16:05:00,NOAA-20,BRUMADO,BAHIA,Brasil,2904605,29,33,39,0.0,1.0,Caatinga,2.3
b5e08bb7-dc09-3666-a8a9-c2feeb16c9c9, -10.712760, -50.044230,2026-07-11 16:05:00,NOAA-20,LAGOA DA CONFUSÃO,TOCANTINS,Brasil,1711902,17,33,63,1.38,1.0,Cerrado,31.0
a40cee57-628b-30f7-8772-f0e16bcd4a37, -14.205800, -42.805680,2026-07-11 16:05:00,NOAA-20,GUANAMBI,BAHIA,Brasil,2911709,29,33,49,0.0,1.0,Caatinga,2.4
96b1bc34-9844-3eb5-9f8a-e5b865161af6,  -8.037640, -46.898430,2026-07-11 16:05:00,NOAA-20,CAMPOS LINDOS,TOCANTINS,Brasil,1703842,17,33,21,0.0,1.0,Cerrado,2.5
469afdb7-3262-3338-b8f3-681f33bad46c, -10.473500, -42.420010,2026-07-11 16:05:00,NOAA-20,XIQUE-XIQUE,BAHIA,Brasil,2933604,29,33,72,0.0,1.0,Caatinga,11.8
196ba9e2-008a-3dd8-9e5b-de6d6bfa45ec,  -9.313460, -38.269700,2026-07-11 16:05:00,NOAA-20,GLÓRIA,BAHIA,Brasil,2911402,29,33,28,0.0,1.0,Caatinga,4.4
d15a3d47-77f8-3ded-a39f-53938242e66f,  -7.506730, -43.433000,2026-07-11 16:05:00,NOAA-20,CANAVIEIRA,PIAUÍ,Brasil,2202251,22,33,74,0.0,1.0,Cerrado,5.0
500b0885-6b5a-38d9-be90-092fdd9da9bf,  -8.066920, -39.052980,2026-07-11 16:05:00,NOAA-20,SALGUEIRO,PERNAMBUCO,Brasil,2612208,26,33,15,0.0,1.0,Caatinga,12.3
5cc4dfbb-4193-3239-a0d1-79eb988d10d9, -10.371850, -46.175430,2026-07-11 16:05:00,NOAA-20,MATEIROS,TOCANTINS,Brasil,1712702,17,33,50,0.0,1.0,Cerrado,12.3
18e638db-4e0a-3420-b41c-4a2f6a085876,  -6.936380, -43.698270,2026-07-11 16:05:00,NOAA-20,GUADALUPE,PIAUÍ,Brasil,2204501,22,33,23,0.19,1.0,Cerrado,17.3
3ee0df39-48e7-3f9e-a03d-50c1a0a5d1c9, -10.705950, -50.045030,2026-07-11 16:05:00,NOAA-20,LAGOA DA CONFUSÃO,TOCANTINS,Brasil,1711902,17,33,63,1.31,1.0,Cerrado,31.0
365326bc-7a84-3c5d-aa30-52d1dd88170d, -11.388420, -40.352520,2026-07-11 16:05:00,NOAA-20,SERROLÂNDIA,BAHIA,Brasil,2930600,29,33,22,0.0,1.0,Caatinga,2.8
e2de9ea1-89b7-3908-9f3f-54ede8bae8e1,  -2.448030, -49.096860,2026-07-11 16:05:00,NOAA-20,MOJU,PARÁ,Brasil,1504703,15,33,2,0.0,0.14,Amazônia,3.1
a4c96558-6d47-3dbe-b03f-555d98e0bf41,  -7.499450, -43.442260,2026-07-11 16:05:00,NOAA-20,CANAVIEIRA,PIAUÍ,Brasil,2202251,22,33,76,0.0,1.0,Cerrado,4.6
5a2a8782-0e8d-350d-aa50-0e5a65eda5d8, -10.372700, -46.182180,2026-07-11 16:05:00,NOAA-20,MATEIROS,TOCANTINS,Brasil,1712702,17,33,51,0.0,1.0,Cerrado,13.7
311e4751-1314-3c95-a915-d6c6f7211444,  -6.303860, -36.973510,2026-07-11 16:05:00,NOAA-20,CAICÓ,RIO GRANDE DO NORTE,Brasil,2402006,24,33,3,0.0,1.0,Caatinga,1.8
8c72264a-a0d5-3e0f-b8c0-12aa33069df0, -10.711420, -50.047360,2026-07-11 16:05:00,NOAA-20,LAGOA DA CONFUSÃO,TOCANTINS,Brasil,1711902,17,33,63,1.36,1.0,Cerrado,59.2
b63413ea-52d4-30ff-afe4-c66184db9d1a,  -2.943480, -42.147400,2026-07-11 16:05:00,NOAA-20,ÁGUA DOCE DO MARANHÃO,MARANHÃO,Brasil,2100154,21,33,-999,0.0,0.17,Cerrado,2.0
9210b9bc-4cbe-3f32-b53c-90476d914235,  -6.880670, -43.668610,2026-07-11 16:05:00,NOAA-20,GUADALUPE,PIAUÍ,Brasil,2204501,22,33,22,0.2,1.0,Cerrado,9.7
6959ebdc-1e96-336e-94c3-cd245a7af244,  -2.954120, -41.060040,2026-07-11 16:05:00,NOAA-20,CAMOCIM,CEARÁ,Brasil,2302602,23,33,-999,0.0,0.36,Caatinga,4.6
4320720a-68c3-3c5d-a21c-c57b55726d41,  -7.040040, -37.880200,2026-07-11 16:05:00,NOAA-20,COREMAS,PARAÍBA,Brasil,2504801,25,33,1,0.0,0.18,Caatinga,6.6
6398c83e-82ef-3eb9-aa61-4c8d14a6688f,  -6.434990, -37.097180,2026-07-11 16:05:00,NOAA-20,CAICÓ,RIO GRANDE DO NORTE,Brasil,2402006,24,33,12,0.0,1.0,Caatinga,3.2
9d83a119-ec89-303b-b100-15c9b9c62a85, -10.392560, -40.164360,2026-07-11 16:05:00,NOAA-20,SENHOR DO BONFIM,BAHIA,Brasil,2930105,29,33,13,0.0,1.0,Caatinga,2.9
d90788d2-5d19-3420-a478-50b8cdb53006,  -7.042830, -37.876230,2026-07-11 16:05:00,NOAA-20,COREMAS,PARAÍBA,Brasil,2504801,25,33,1,0.0,0.36,Caatinga,4.4
22ab338d-9f8b-354b-a7e3-191da678e30d, -11.424680, -41.951750,2026-07-11 16:05:00,NOAA-20,IBITITÁ,BAHIA,Brasil,2913101,29,33,46,0.0,1.0,Caatinga,2.5
4f61774a-dee3-3109-be36-2900a0d71c01, -10.703860, -50.041920,2026-07-11 16:05:00,NOAA-20,LAGOA DA CONFUSÃO,TOCANTINS,Brasil,1711902,17,33,63,1.28,1.0,Cerrado,18.1
ba96da28-f4ae-3183-bba1-21bce4ca32bb,  -6.998320, -42.901650,2026-07-11 16:05:00,NOAA-20,FLORIANO,PIAUÍ,Brasil,2203909,22,33,23,0.0,1.0,Caatinga,22.7
b5263b7a-c741-30da-80eb-67533a04e31b,  -6.577210, -46.384590,2026-07-11 16:07:00,NOAA-20,FORMOSA DA SERRA NEGRA,MARANHÃO,Brasil,2104099,21,33,0,0.0,1.0,Cerrado,7.4
d19073e2-28e4-308b-bcf5-1b211d602afa,  -4.667790, -43.226440,2026-07-11 16:07:00,NOAA-20,ALDEIAS ALTAS,MARANHÃO,Brasil,2100303,21,33,13,0.0,0.57,Cerrado,19.1
62def582-043b-3f14-9679-af6547d538de,  -5.231780, -37.814090,2026-07-11 16:07:00,NOAA-20,LIMOEIRO DO NORTE,CEARÁ,Brasil,2307601,23,33,4,0.0,0.82,Caatinga,2.7
b1771b27-d648-32f3-b35e-7f97ea36a470,  -4.940760, -37.421350,2026-07-11 16:07:00,NOAA-20,MOSSORÓ,RIO GRANDE DO NORTE,Brasil,2408003,24,33,-999,0.0,1.0,Caatinga,4.2
f18a7afe-09b5-34ad-8789-a71561bac0c3,  -4.666760, -43.219570,2026-07-11 16:07:00,NOAA-20,ALDEIAS ALTAS,MARANHÃO,Brasil,2100303,21,33,13,0.0,0.49,Cerrado,5.7
7893a581-7b89-3fb8-8dc9-9340e7c54df6,  -6.302590, -43.638700,2026-07-11 16:07:00,NOAA-20,PASSAGEM FRANCA,MARANHÃO,Brasil,2107902,21,33,23,0.0,0.88,Cerrado,6.4
9040d574-62be-3873-a993-7ca0da73627e,  -5.121230, -38.401300,2026-07-11 16:07:00,NOAA-20,MORADA NOVA,CEARÁ,Brasil,2308708,23,33,3,0.0,1.0,Caatinga,14.0
80adc4e9-ba8e-3239-aeb4-6388933eabf4,  -5.140060, -43.986280,2026-07-11 16:07:00,NOAA-20,SÃO JOÃO DO SOTER,MARANHÃO,Brasil,2111078,21,33,21,0.0,0.68,Cerrado,16.1
be14f7d0-0a50-3993-ab24-ca0cef611c0b,  -5.077830, -42.509750,2026-07-11 16:07:00,NOAA-20,ALTOS,PIAUÍ,Brasil,2200400,22,33,13,0.0,0.68,Caatinga,8.0
c4fac041-e9a7-3b56-94d8-7e336e098dc4,  -6.487550, -42.226390,2026-07-11 16:07:00,NOAA-20,VÁRZEA GRANDE,PIAUÍ,Brasil,2211407,22,33,56,0.0,0.99,Caatinga,18.5
66dd04ad-52ac-3c23-9d2e-c4da5cf5bc87,  -4.669300, -43.222520,2026-07-11 16:07:00,NOAA-20,ALDEIAS ALTAS,MARANHÃO,Brasil,2100303,21,33,13,0.0,0.54,Cerrado,25.3
eb83d22c-e105-330b-b7f9-671bf122bbe5,  -4.663280, -43.223570,2026-07-11 16:07:00,NOAA-20,ALDEIAS ALTAS,MARANHÃO,Brasil,2100303,21,33,13,0.0,0.49,Cerrado,9.1
d7bf1eb6-fc1f-3f64-9886-bef1ad83e56f,  -4.671270, -43.222430,2026-07-11 16:07:00,NOAA-20,ALDEIAS ALTAS,MARANHÃO,Brasil,2100303,21,33,13,0.0,0.56,Cerrado,19.1
54d58c82-7ade-371f-9f7d-e57da7de45c6,  -5.124540, -38.400800,2026-07-11 16:07:00,NOAA-20,MORADA NOVA,CEARÁ,Brasil,2308708,23,33,3,0.0,1.0,Caatinga,23.5
37f8ee9c-cc4d-38af-9888-322beb9d92b2,  -4.978510, -38.912750,2026-07-11 16:07:00,NOAA-20,QUIXADÁ,CEARÁ,Brasil,2311306,23,33,11,0.0,0.81,Caatinga,2.7
6f971dbc-8b69-3c42-8c77-7fef8ae99ea2,  -5.979780, -43.615590,2026-07-11 16:07:00,NOAA-20,LAGOA DO MATO,MARANHÃO,Brasil,2105922,21,33,23,0.0,1.0,Cerrado,6.4
4250468a-3597-318c-8513-dc3397e120ec,  -4.929320, -37.369220,2026-07-11 16:07:00,NOAA-20,MOSSORÓ,RIO GRANDE DO NORTE,Brasil,2408003,24,33,-999,0.0,0.82,Caatinga,6.9
f142de11-c84f-380f-a6db-a6f5d0d5385d,  -5.977200, -39.939090,2026-07-11 16:07:00,NOAA-20,TAUÁ,CEARÁ,Brasil,2313302,23,33,4,0.0,0.71,Caatinga,13.2
6378cb2b-904d-374d-913a-68431398d6d1,  -4.668810, -43.219100,2026-07-11 16:07:00,NOAA-20,ALDEIAS ALTAS,MARANHÃO,Brasil,2100303,21,33,13,0.0,0.49,Cerrado,17.6
f2d73343-0054-3ff1-a78c-a2817cc52464,  -5.080540, -38.312100,2026-07-11 16:07:00,NOAA-20,MORADA NOVA,CEARÁ,Brasil,2308708,23,33,5,0.0,-999.0,Caatinga,5.3
590927ca-67f0-337d-8bfd-6d7b56fd865c,  -4.480580, -38.049820,2026-07-11 16:07:00,NOAA-20,BEBERIBE,CEARÁ,Brasil,2302206,23,33,-999,0.0,0.73,Caatinga,8.3
cfe19a9c-c082-3695-94a5-b4d31a1c3b5c,   -.847910, -47.538910,2026-07-11 16:07:00,NOAA-20,MARACANÃ,PARÁ,Brasil,1504307,15,33,2,0.0,0.08,Amazônia,3.1
4dbdb632-03dc-33b3-89d9-c1e57b068807,  -5.198150, -40.626340,2026-07-11 16:07:00,NOAA-20,CRATEÚS,CEARÁ,Brasil,2304103,23,33,13,0.0,1.0,Caatinga,6.1
d945259a-d8de-3c12-b401-f21b163b225a,  -6.303150, -43.642570,2026-07-11 16:07:00,NOAA-20,PASSAGEM FRANCA,MARANHÃO,Brasil,2107902,21,33,23,0.0,0.84,Cerrado,6.4
f7301a92-69a4-3625-94c8-706fdb9c3e9b,  -4.484420, -38.052780,2026-07-11 16:07:00,NOAA-20,BEBERIBE,CEARÁ,Brasil,2302206,23,33,-999,0.0,0.96,Caatinga,6.9
09c7cb12-f6b8-3950-aa74-f45c3848e8e9,  -4.976660, -37.942700,2026-07-11 16:07:00,NOAA-20,RUSSAS,CEARÁ,Brasil,2311801,23,33,12,0.0,1.0,Caatinga,2.7
3b66ec4b-f2fa-361c-9605-43d94896b75a,  -4.827210, -45.235800,2026-07-11 16:07:00,NOAA-20,LAGO DA PEDRA,MARANHÃO,Brasil,2105708,21,33,17,0.0,0.78,Cerrado,3.1
c1fb0aea-e199-39d8-95dc-46f5c7b2d34f,  -4.663800, -43.227010,2026-07-11 16:07:00,NOAA-20,ALDEIAS ALTAS,MARANHÃO,Brasil,2100303,21,33,13,0.0,0.48,Cerrado,9.1
a5f02bea-fa75-384f-afee-26d93b998a9a,  -4.671790, -43.225870,2026-07-11 16:07:00,NOAA-20,ALDEIAS ALTAS,MARANHÃO,Brasil,2100303,21,33,13,0.0,0.68,Cerrado,19.1
1d61b971-ed4a-3b26-84a7-4dd830b02bf2,  -5.198720, -40.630200,2026-07-11 16:07:00,NOAA-20,CRATEÚS,CEARÁ,Brasil,2304103,23,33,13,0.0,1.0,Caatinga,6.1
736b1fe1-e02c-35cb-87e6-1840b4730553,  -6.302040, -43.634830,2026-07-11 16:07:00,NOAA-20,PASSAGEM FRANCA,MARANHÃO,Brasil,2107902,21,33,23,0.0,0.94,Cerrado,5.8
e7ef8622-0bd5-3f3d-8281-607402207593,  -4.669790, -43.225970,2026-07-11 16:07:00,NOAA-20,ALDEIAS ALTAS,MARANHÃO,Brasil,2100303,21,33,13,0.0,0.62,Cerrado,25.3
7b2bc2e5-e455-31d2-a5e8-4a159845a46a,  -4.670250, -43.215600,2026-07-11 16:07:00,NOAA-20,ALDEIAS ALTAS,MARANHÃO,Brasil,2100303,21,33,13,0.0,0.49,Cerrado,5.7
21f05ae2-a39e-3434-97d8-c6c34391cf90,  -4.950160, -45.146180,2026-07-11 16:07:00,NOAA-20,LAGO DA PEDRA,MARANHÃO,Brasil,2105708,21,33,21,0.0,0.49,Cerrado,5.3
9017130e-191d-3637-80ca-6b654c98230c,  -4.667280, -43.223000,2026-07-11 16:07:00,NOAA-20,ALDEIAS ALTAS,MARANHÃO,Brasil,2100303,21,33,13,0.0,0.52,Cerrado,19.1
0568a8c0-88ee-3eeb-a3e0-b5a7a0fa0e30,  -4.834440, -42.894780,2026-07-11 16:07:00,NOAA-20,UNIÃO,PIAUÍ,Brasil,2211100,22,33,13,0.0,1.0,Cerrado,4.8
c21912d5-5e4d-36cc-be4f-dac1c03c3fc3,  -4.670760, -43.219010,2026-07-11 16:07:00,NOAA-20,ALDEIAS ALTAS,MARANHÃO,Brasil,2100303,21,33,12,0.0,0.49,Cerrado,5.7
65885270-b03f-3d36-80a7-0957ea8d1b72,  -5.525130, -42.995240,2026-07-11 16:07:00,NOAA-20,NAZÁRIA,PIAUÍ,Brasil,2206720,22,33,13,0.0,1.0,Cerrado,8.5
34b1aad1-2f0a-3efb-9683-386ba389f357,  -6.497300, -42.214200,2026-07-11 16:30:00,GOES-19,VÁRZEA GRANDE,PIAUÍ,Brasil,2211407,22,33,56,0.0,0.99,Caatinga,65.5
9e91487a-beb6-35e2-979d-c5ffe1124b08, -22.274710, -46.637270,2026-07-11 16:45:00,NOAA-21,JACUTINGA,MINAS GERAIS,Brasil,3134905,31,33,15,0.0,1.0,Mata Atlântica,2.6
1f66a4d2-aaea-32a7-8d05-a21a6d3c93b8, -23.071500, -46.472540,2026-07-11 16:45:00,NOAA-21,ATIBAIA,SÃO PAULO,Brasil,3504107,35,33,15,0.0,1.0,Mata Atlântica,3.6
aa3bd90b-f4cd-3072-b3d4-ec25787cdab1, -22.585160, -42.729970,2026-07-11 16:45:00,NOAA-21,CACHOEIRAS DE MACACU,RIO DE JANEIRO,Brasil,3300803,33,33,14,0.0,1.0,Mata Atlântica,5.8
cb5f1a75-8ad2-3509-a599-e282af7569ce, -28.898570, -56.715390,2026-07-11 16:45:00,NOAA-21,San Martín,Corrientes,Argentina,231,7,12,13,0.2,0.92,,10.7
7f4c969d-a0f7-323d-bb80-ea1dc50fb426, -28.591150, -56.662930,2026-07-11 16:45:00,NOAA-21,General Alvear,Corrientes,Argentina,218,7,12,13,0.0,0.92,,5.4
6aea03f4-4eeb-3183-bd12-cb0a11c69949, -30.373170, -57.548480,2026-07-11 16:45:00,NOAA-21,n.a3,Artigas,Uruguay,2,1,245,19,0.1,0.89,,7.6
a2cb8ea0-2b6c-3cbd-b722-974120a2e677, -21.999250, -46.108710,2026-07-11 16:45:00,NOAA-21,IPUIÚNA,MINAS GERAIS,Brasil,3131505,31,33,15,0.0,1.0,Mata Atlântica,6.3
0cbbe577-fe75-3243-904c-ed1a25abe327, -24.983620, -60.500620,2026-07-11 16:45:00,NOAA-21,Patiño,Formosa,Argentina,257,9,12,23,0.0,1.0,,14.2
e75160b1-fbbe-35c8-af96-d7bdb2279f99, -28.432040, -59.192700,2026-07-11 16:45:00,NOAA-21,General Obligado,Santa Fe,Argentina,445,21,12,13,0.0,0.93,,8.8
eaf2c1b4-db8d-3f00-a684-9eb33a0f3f9b, -28.590830, -56.661490,2026-07-11 16:45:00,NOAA-21,General Alvear,Corrientes,Argentina,218,7,12,13,0.0,0.92,,5.2
940e4937-563e-308a-b3e4-14dfee3d69ed, -26.950830, -60.812540,2026-07-11 16:45:00,NOAA-21,Independencia,Chaco,Argentina,180,4,12,23,0.0,0.92,,6.6
d54d814a-bf3d-35b9-b929-6315af247486, -28.520900, -55.892930,2026-07-11 16:45:00,NOAA-21,SÃO BORJA,RIO GRANDE DO SUL,Brasil,4318002,43,33,5,0.1,0.91,Pampa,2.7
f2d80671-2c31-3af4-88a5-0d8753e2157d, -30.095970, -59.229170,2026-07-11 16:45:00,NOAA-21,Esquina,Corrientes,Argentina,217,7,12,20,0.0,0.89,,15.2
f5c980a8-d522-3101-ba22-70148afca038, -24.984260, -60.504660,2026-07-11 16:45:00,NOAA-21,Patiño,Formosa,Argentina,257,9,12,23,0.0,1.0,,16.3
c5f8e760-80f6-3f5b-a3b4-0bb7162bbe0f, -21.832080, -41.413560,2026-07-11 16:45:00,NOAA-21,CAMPOS DOS GOYTACAZES,RIO DE JANEIRO,Brasil,3301009,33,33,11,0.0,1.0,Mata Atlântica,2.1
db2bfce3-3ebc-3a96-b6b7-80c4af6b3cff, -22.668510, -46.414350,2026-07-11 16:45:00,NOAA-21,TOLEDO,MINAS GERAIS,Brasil,3169109,31,33,15,0.0,0.78,Mata Atlântica,2.8
c4cae623-beb7-3987-8e20-45ee00679a00, -22.903150, -43.634690,2026-07-11 16:45:00,NOAA-21,RIO DE JANEIRO,RIO DE JANEIRO,Brasil,3304557,33,33,6,0.0,0.47,Mata Atlântica,4.4
5969a80e-8e15-3e1f-86ac-d14f6918198e, -23.487750, -56.613110,2026-07-11 16:45:00,NOAA-21,Tacuatí,San Pedro,Paraguay,215,18,177,11,2.21,0.41,,3.9
aad6dbb9-fa16-394f-82e6-592201966336, -26.941060, -60.813100,2026-07-11 16:45:00,NOAA-21,Independencia,Chaco,Argentina,180,4,12,23,0.0,0.88,,14.7
5fb52762-f06a-3568-b88e-644ac21734d7, -29.263820, -57.542090,2026-07-11 16:45:00,NOAA-21,Paso de los Libres,Corrientes,Argentina,227,7,12,21,0.0,0.93,,12.0
72f72966-cf42-3987-a55e-09f927550f01, -29.222890, -57.190940,2026-07-11 16:45:00,NOAA-21,San Martín,Corrientes,Argentina,231,7,12,17,0.28,0.92,,5.8
fc8a3103-59f8-3e04-bbd8-9028eb4ed06a, -21.106510, -40.918690,2026-07-11 16:45:00,NOAA-21,MARATAÍZES,ESPÍRITO SANTO,Brasil,3203320,32,33,-999,0.0,1.0,Mata Atlântica,2.6
976d6495-d8c6-3530-94da-76920d568dac, -23.070930, -46.468800,2026-07-11 16:45:00,NOAA-21,ATIBAIA,SÃO PAULO,Brasil,3504107,35,33,15,0.0,1.0,Mata Atlântica,3.6
362504af-4ef9-3e28-8f8c-22b0531cb3b0, -28.698750, -56.440190,2026-07-11 16:45:00,NOAA-21,General Alvear,Corrientes,Argentina,218,7,12,13,0.04,0.93,,7.5
a7f61dcb-d47f-3d00-b067-18759eeb573e, -22.755990, -42.635800,2026-07-11 16:45:00,NOAA-21,RIO BONITO,RIO DE JANEIRO,Brasil,3304300,33,33,6,0.0,0.66,Mata Atlântica,10.3
7372c27e-5a4e-3e28-b58e-7f63adca46d0, -29.690580, -57.798970,2026-07-11 16:45:00,NOAA-21,Mercedes,Corrientes,Argentina,225,7,12,18,0.0,0.92,,3.6
c3ca9eb1-3115-3b56-aafd-a3d6f4d4cdba, -28.693030, -56.440660,2026-07-11 16:45:00,NOAA-21,Santo Tomé,Corrientes,Argentina,234,7,12,13,0.0,0.93,,7.8
dbba6aac-69f0-3ba7-b7d4-5a6e032bfa1f, -22.556670, -42.054150,2026-07-11 16:45:00,NOAA-21,CASIMIRO DE ABREU,RIO DE JANEIRO,Brasil,3301306,33,33,-999,0.0,0.96,Mata Atlântica,6.7
1e5e5a50-ec67-36f9-8a57-1412cd15956b, -29.222240, -57.181000,2026-07-11 16:45:00,NOAA-21,San Martín,Corrientes,Argentina,231,7,12,17,0.21,0.92,,21.9
8c11875a-c0dc-305c-87b6-5b7127069ee2, -30.788480, -58.367480,2026-07-11 16:45:00,NOAA-21,Federación,Entre Ríos,Argentina,239,8,12,22,0.1,0.88,,3.4
5ef5d68e-d777-33ea-a6c8-6613253a4f5b, -23.039540, -46.220540,2026-07-11 16:45:00,NOAA-21,PIRACAIA,SÃO PAULO,Brasil,3538600,35,33,15,0.2,0.54,Mata Atlântica,2.6
4d0b6a47-07fe-3b10-8baf-1593ecab51a2, -29.278120, -58.784990,2026-07-11 16:45:00,NOAA-21,Curuzú Cuatiá,Corrientes,Argentina,215,7,12,6,0.0,0.92,,4.8
21e5f3aa-f92f-3ad0-bce7-d2f25368850a, -23.031200, -47.083760,2026-07-11 16:45:00,NOAA-21,CAMPINAS,SÃO PAULO,Brasil,3509502,35,33,15,0.0,1.0,Mata Atlântica,9.6
ad167f1f-8fea-371e-b521-836999447bc5, -28.892850, -56.715830,2026-07-11 16:45:00,NOAA-21,San Martín,Corrientes,Argentina,231,7,12,13,0.2,0.92,,10.1
83a994f3-a8e5-3a48-ba39-74e356d92050, -22.675130, -43.283020,2026-07-11 16:45:00,NOAA-21,DUQUE DE CAXIAS,RIO DE JANEIRO,Brasil,3301702,33,33,-999,0.0,-999.0,Mata Atlântica,2.2
3faeeb9f-de50-3c38-b48a-eec67ec7250d, -22.581470, -42.730760,2026-07-11 16:45:00,NOAA-21,CACHOEIRAS DE MACACU,RIO DE JANEIRO,Brasil,3300803,33,33,14,0.0,1.0,Mata Atlântica,9.6
97d8e0d5-0dc8-3524-a737-6e8bf962a64b, -28.892750, -56.715850,2026-07-11 16:45:00,NOAA-21,San Martín,Corrientes,Argentina,231,7,12,13,0.2,0.92,,10.7
49f1f039-0074-3033-a45e-5784b9ae022d, -27.278040, -58.722550,2026-07-11 16:45:00,NOAA-21,Bermejo,Chaco,Argentina,172,4,12,13,0.0,0.94,,7.0
1d874204-2ccd-3e72-ba03-393f6a5a2fc8, -22.569730, -48.124860,2026-07-11 16:45:00,NOAA-21,SANTA MARIA DA SERRA,SÃO PAULO,Brasil,3547007,35,33,15,0.0,1.0,Cerrado,8.0
9bf74201-d3f6-3bef-9baa-8ed11e92825a, -28.985730, -57.842320,2026-07-11 16:45:00,NOAA-21,Mercedes,Corrientes,Argentina,225,7,12,20,0.1,0.93,,6.7
4d19d5d0-d850-3a24-b92d-ad2b9b4b3ee0, -28.697530, -56.422630,2026-07-11 16:45:00,NOAA-21,Santo Tomé,Corrientes,Argentina,234,7,12,13,0.08,0.93,,17.9
713cb182-8271-3c86-8d60-deca6c5f7c96, -26.948250, -60.812840,2026-07-11 16:45:00,NOAA-21,Independencia,Chaco,Argentina,180,4,12,23,0.0,0.92,,20.1
a5626f48-bbc4-3a0a-a35f-269242a1b351, -21.806530, -45.287670,2026-07-11 16:45:00,NOAA-21,TRÊS CORAÇÕES,MINAS GERAIS,Brasil,3169307,31,33,15,0.0,1.0,Mata Atlântica,4.5
d1bc0e75-9a7a-338d-9e97-710908d6fcec, -30.095640, -59.222370,2026-07-11 16:45:00,NOAA-21,Esquina,Corrientes,Argentina,217,7,12,19,0.0,0.89,,15.2
dbcbbbdd-f124-3bec-9668-b508a315f2ba, -23.762170, -47.369780,2026-07-11 16:45:00,NOAA-21,PIEDADE,SÃO PAULO,Brasil,3537800,35,33,15,0.0,1.0,Mata Atlântica,2.4
7e3c9895-6ce8-3590-9647-70d97601b705, -23.693820, -46.410980,2026-07-11 16:45:00,NOAA-21,RIBEIRÃO PIRES,SÃO PAULO,Brasil,3543303,35,33,14,0.0,0.38,Mata Atlântica,1.8
dbf43502-ca43-3cda-af1d-8bb7928127c8, -28.590850, -56.658400,2026-07-11 16:45:00,NOAA-21,General Alvear,Corrientes,Argentina,218,7,12,13,0.0,0.92,,5.4
bd06b9ac-67a1-30eb-89bc-b4c35a8cb9b5, -29.251240, -57.537670,2026-07-11 16:45:00,NOAA-21,Paso de los Libres,Corrientes,Argentina,227,7,12,21,0.0,0.93,,8.2
039ba7c4-a556-378b-b5cb-7c7e3b8948d7, -29.371830, -57.281090,2026-07-11 16:45:00,NOAA-21,Paso de los Libres,Corrientes,Argentina,227,7,12,18,0.82,0.93,,8.0
3c88f7a4-4d11-3f1c-a5ce-c44816543c72, -29.375180, -57.337100,2026-07-11 16:45:00,NOAA-21,Paso de los Libres,Corrientes,Argentina,227,7,12,18,0.33,0.93,,9.7
6c424245-171d-35e8-947a-2292fd4b8471, -23.245110, -46.275920,2026-07-11 16:45:00,NOAA-21,SANTA ISABEL,SÃO PAULO,Brasil,3546801,35,33,14,0.0,0.48,Mata Atlântica,2.4
ba591ee3-de91-374c-a30b-eef86d8d917f, -30.379950, -57.669170,2026-07-11 16:45:00,NOAA-21,n.a3,Artigas,Uruguay,2,1,245,22,0.1,-999.0,,8.9
74fed97c-e625-39af-bc30-bfefa90e52ae, -28.898680, -56.715380,2026-07-11 16:45:00,NOAA-21,San Martín,Corrientes,Argentina,231,7,12,13,0.2,0.92,,10.1
ccf6532b-1995-332a-832a-f6fee1802c3d, -29.380250, -57.342880,2026-07-11 16:45:00,NOAA-21,Paso de los Libres,Corrientes,Argentina,227,7,12,18,0.27,0.93,,13.0
a78e9d8b-c709-37e4-a8db-0240ec589852, -27.276870, -58.723560,2026-07-11 16:45:00,NOAA-21,Bermejo,Chaco,Argentina,172,4,12,13,0.0,0.94,,5.2
1df62d3e-f82b-3ec0-a56c-53ce262a60e7, -29.216240, -57.181420,2026-07-11 16:45:00,NOAA-21,San Martín,Corrientes,Argentina,231,7,12,16,0.2,0.91,,21.9
584b62fd-c90a-3406-afcd-cc26d7f1a793, -30.091460, -59.223230,2026-07-11 16:45:00,NOAA-21,Esquina,Corrientes,Argentina,217,7,12,19,0.0,0.89,,11.0
8f223de0-aab7-32ef-8ef4-0e5156bfcfa9, -29.263780, -57.537820,2026-07-11 16:45:00,NOAA-21,Paso de los Libres,Corrientes,Argentina,227,7,12,21,0.0,0.93,,14.4
2ee197b4-2273-3103-93f2-856901183cfc, -26.943650, -60.812820,2026-07-11 16:45:00,NOAA-21,Independencia,Chaco,Argentina,180,4,12,23,0.0,0.91,,22.6
93a5a6bc-8d93-3bf9-8578-f37b1e9f4003, -28.590500, -56.656970,2026-07-11 16:45:00,NOAA-21,General Alvear,Corrientes,Argentina,218,7,12,13,0.0,0.92,,5.2
3b55f979-7e0c-326b-a716-79c5ad115cc9, -29.612560, -58.824950,2026-07-11 16:45:00,NOAA-21,Esquina,Corrientes,Argentina,217,7,12,5,0.0,0.9,,11.3
7c0124b0-99be-3f6f-922b-3a39a3916690, -23.046800, -52.337880,2026-07-11 16:45:00,NOAA-21,ALTO PARANÁ,PARANÁ,Brasil,4100608,41,33,12,12.4,0.19,Mata Atlântica,4.6
fa6dcb5e-0dd4-3ec8-bb3f-6a105c7a0a46, -28.119530, -57.680600,2026-07-11 16:45:00,NOAA-21,Concepción,Corrientes,Argentina,214,7,12,7,0.3,0.94,,5.0
088046fd-c136-316e-a47d-b50e38ad2ce6, -28.697840, -56.427010,2026-07-11 16:45:00,NOAA-21,Santo Tomé,Corrientes,Argentina,234,7,12,13,0.05,0.93,,10.9
f71c6283-661f-3e35-b6cd-6e314c93615d, -28.693330, -56.445060,2026-07-11 16:45:00,NOAA-21,Santo Tomé,Corrientes,Argentina,234,7,12,13,0.0,0.93,,5.7
14b6f967-02f7-3371-b091-6ddddc3f8d3a, -29.733770, -59.167910,2026-07-11 16:45:00,NOAA-21,Esquina,Corrientes,Argentina,217,7,12,2,0.0,0.88,,3.8
6f5bac6b-46f4-377f-8499-f996be89d7da, -22.716190, -42.243650,2026-07-11 16:45:00,NOAA-21,ARARUAMA,RIO DE JANEIRO,Brasil,3300209,33,33,3,0.0,1.0,Mata Atlântica,4.6
455e012d-31e8-37e9-a758-37435b1409d0, -30.255090, -58.641780,2026-07-11 16:45:00,NOAA-21,Feliciano,Entre Ríos,Argentina,241,8,12,20,0.0,0.89,,5.1
af1da663-ae0a-3a94-94df-968aa1a1b089, -23.476950, -52.867900,2026-07-11 16:45:00,NOAA-21,RONDON,PARANÁ,Brasil,4122602,41,33,11,1.32,1.0,Mata Atlântica,7.8
81220c60-a56b-339b-b054-7bc987158dba, -23.805710, -47.503930,2026-07-11 16:45:00,NOAA-21,PIEDADE,SÃO PAULO,Brasil,3537800,35,33,16,0.1,0.65,Mata Atlântica,5.8
8b25f677-982e-3991-8a20-136f16d1464c, -23.412020, -46.411560,2026-07-11 16:45:00,NOAA-21,GUARULHOS,SÃO PAULO,Brasil,3518800,35,33,13,0.0,-999.0,Mata Atlântica,1.7
1a20228b-9c56-3f42-85a4-a4687fd6c843, -28.090230, -59.103910,2026-07-11 16:45:00,NOAA-21,General Obligado,Santa Fe,Argentina,445,21,12,5,0.0,0.93,,7.5
0e115ff9-1880-3469-9c65-d7aeb202acb4, -28.691820, -56.423090,2026-07-11 16:45:00,NOAA-21,Santo Tomé,Corrientes,Argentina,234,7,12,13,0.05,0.93,,18.4
02edd4d7-a229-3311-b645-8ca65f7bb51c, -30.318940, -57.579030,2026-07-11 16:45:00,NOAA-21,n.a3,Artigas,Uruguay,2,1,245,19,0.0,0.89,,5.0
f966e65f-28c7-38d8-89ce-0bb96bac2a22, -28.691270, -56.443980,2026-07-11 16:45:00,NOAA-21,Santo Tomé,Corrientes,Argentina,234,7,12,13,0.0,0.93,,7.1
229ef2b7-ba5a-3a5f-9c9c-7c3543471e9f, -28.838740, -57.275490,2026-07-11 16:45:00,NOAA-21,Mercedes,Corrientes,Argentina,225,7,12,7,0.2,0.91,,6.1
ef5371e7-d227-3c5f-b4aa-489923dda4bd, -23.667530, -47.069280,2026-07-11 16:45:00,NOAA-21,COTIA,SÃO PAULO,Brasil,3513009,35,33,15,0.0,0.86,Mata Atlântica,4.8
cf883189-a92b-345f-978e-d81126c820ed, -30.436400, -59.054600,2026-07-11 16:45:00,NOAA-21,Feliciano,Entre Ríos,Argentina,241,8,12,18,0.0,0.88,,25.0
3b2edece-5378-3254-ac61-96760d46542a, -28.986910, -57.841000,2026-07-11 16:45:00,NOAA-21,Mercedes,Corrientes,Argentina,225,7,12,20,0.1,0.93,,7.9
52a64728-d0c4-3b06-ac13-fd37d9015229, -30.320130, -57.579950,2026-07-11 16:45:00,NOAA-21,n.a3,Artigas,Uruguay,2,1,245,19,0.0,0.89,,7.1
5ddbffcc-7d52-32e1-b892-c7bc6d825c67, -23.743340, -47.010070,2026-07-11 16:45:00,NOAA-21,COTIA,SÃO PAULO,Brasil,3513009,35,33,15,0.0,0.42,Mata Atlântica,3.0
40795b0f-6689-3241-99a5-867933ee3e52, -30.335160, -57.623120,2026-07-11 16:45:00,NOAA-21,n.a3,Artigas,Uruguay,2,1,245,21,0.0,0.88,,9.1
8c7c8131-2d70-3727-8d74-aee3617bfda5, -30.333700, -57.622240,2026-07-11 16:45:00,NOAA-21,n.a3,Artigas,Uruguay,2,1,245,21,0.0,0.88,,7.1
e36b59c5-70ad-3839-a3c3-036e1fc8a754, -16.746380, -49.068130,2026-07-11 16:48:00,NOAA-21,SENADOR CANEDO,GOIÁS,Brasil,5220454,52,33,26,0.0,0.98,Cerrado,5.0
5277e88e-f407-31e9-80fc-d98bcd3ba23f, -19.328060, -40.577460,2026-07-11 16:48:00,NOAA-21,COLATINA,ESPÍRITO SANTO,Brasil,3201506,32,33,15,0.0,0.96,Mata Atlântica,6.0
8425a478-af31-378a-961e-1f0702abeb1a, -22.229280, -57.713060,2026-07-11 16:48:00,NOAA-21,San Lázaro,Concepción,Paraguay,106,11,177,18,6.95,0.41,,7.2
9ce2aa7f-7c24-3669-8c25-2d95c9ace8f1, -21.718350, -52.982620,2026-07-11 16:48:00,NOAA-21,BATAGUASSU,MATO GROSSO DO SUL,Brasil,5001904,50,33,16,0.0,1.0,Cerrado,4.8
eb7380d1-9de7-3e99-97ae-dd20de26cf34, -19.302150, -41.399540,2026-07-11 16:48:00,NOAA-21,SANTA RITA DO ITUETO,MINAS GERAIS,Brasil,3159506,31,33,26,0.0,1.0,Mata Atlântica,30.9
6c553c51-2a23-3053-ab4d-abd87af9ec14, -18.790160, -40.275490,2026-07-11 16:48:00,NOAA-21,SÃO MATEUS,ESPÍRITO SANTO,Brasil,3204906,32,33,11,0.0,0.94,Mata Atlântica,5.7
0f12b57e-15e8-3e2c-98b2-32e477f9d05b, -18.696840, -47.497930,2026-07-11 16:48:00,NOAA-21,MONTE CARMELO,MINAS GERAIS,Brasil,3143104,31,33,15,0.0,1.0,Cerrado,6.7
5b5b5cfd-801f-35c9-af6a-35a10ae683f1, -22.293680, -56.049530,2026-07-11 16:48:00,NOAA-21,Pedro Juan Caballero,Amambay,Paraguay,40,4,177,11,5.94,0.61,,5.6
2df35d35-33c4-3c6f-bcc0-bb4cc286dccd, -19.734170, -44.152830,2026-07-11 16:48:00,NOAA-21,ESMERALDAS,MINAS GERAIS,Brasil,3124104,31,33,26,0.0,1.0,Cerrado,2.8
38252adb-fe6f-3169-b402-955ab4155e03, -20.202780, -54.458440,2026-07-11 16:48:00,NOAA-21,JARAGUARI,MATO GROSSO DO SUL,Brasil,5004908,50,33,16,0.0,1.0,Cerrado,7.7
30922211-12cb-30fc-ba34-c600d3682939, -22.293360, -56.046120,2026-07-11 16:48:00,NOAA-21,Pedro Juan Caballero,Amambay,Paraguay,40,4,177,11,5.9,0.62,,4.8
9dd77112-c3e7-39e5-8005-465f9ca45898, -21.213630, -44.993820,2026-07-11 16:48:00,NOAA-21,LAVRAS,MINAS GERAIS,Brasil,3138203,31,33,15,0.0,1.0,Mata Atlântica,3.5
0aba7a35-c9e5-3482-a847-9e0c70e2fa8c, -18.786340, -53.902960,2026-07-11 16:48:00,NOAA-21,FIGUEIRÃO,MATO GROSSO DO SUL,Brasil,5003900,50,33,16,0.23,1.0,Cerrado,1.1
2c7307ff-cddd-3d22-a6b0-cd47f6e13406, -18.332740, -41.629430,2026-07-11 16:48:00,NOAA-21,PESCADOR,MINAS GERAIS,Brasil,3150000,31,33,27,0.0,1.0,Mata Atlântica,4.1
88c447d7-5b1e-3af3-9b85-1271c6f3b7e1, -17.812100, -43.884540,2026-07-11 16:48:00,NOAA-21,BUENÓPOLIS,MINAS GERAIS,Brasil,3109204,31,33,28,0.0,1.0,Cerrado,11.4
a9ef293b-487f-35f6-978b-9c9fccde93f6, -15.955030, -39.114330,2026-07-11 16:48:00,NOAA-21,BELMONTE,BAHIA,Brasil,2903409,29,33,8,0.0,1.0,Mata Atlântica,4.3
93767dd7-3e7f-3697-9276-f451924c45de, -16.316340, -48.016180,2026-07-11 16:48:00,NOAA-21,LUZIÂNIA,GOIÁS,Brasil,5212501,52,33,16,0.1,1.0,Cerrado,9.3
d4e9ca18-ac1e-3a42-bbeb-957418f3e410, -18.012120, -44.376340,2026-07-11 16:48:00,NOAA-21,BUENÓPOLIS,MINAS GERAIS,Brasil,3109204,31,33,27,0.0,0.95,Cerrado,25.2
d6618503-6cca-36a5-85d0-bdd4a3e0f377, -21.128150, -46.168910,2026-07-11 16:48:00,NOAA-21,CONCEIÇÃO DA APARECIDA,MINAS GERAIS,Brasil,3117108,31,33,15,0.0,1.0,Mata Atlântica,58.7
93162130-f085-387b-bffd-2836812b7537, -19.049760, -41.025510,2026-07-11 16:48:00,NOAA-21,ALTO RIO NOVO,ESPÍRITO SANTO,Brasil,3200359,32,33,28,0.0,1.0,Mata Atlântica,11.3
88ca985e-56f8-32ef-8d18-cde78ba92eb4, -15.626370, -41.225340,2026-07-11 16:48:00,NOAA-21,ENCRUZILHADA,BAHIA,Brasil,2910404,29,33,18,0.0,1.0,Mata Atlântica,7.9
d2b1d43c-42aa-3116-b287-1d2c2eff67f3, -21.555030, -45.409300,2026-07-11 16:48:00,NOAA-21,VARGINHA,MINAS GERAIS,Brasil,3170701,31,33,15,0.0,-999.0,Mata Atlântica,9.1
90b0d922-1ea0-3d7d-a252-7afd5cc8c4d5, -20.693320, -43.612800,2026-07-11 16:48:00,NOAA-21,ITAVERAVA,MINAS GERAIS,Brasil,3133907,31,33,26,0.0,1.0,Mata Atlântica,2.4
3cb3ed77-cc78-32ed-9223-9fb7831d9107, -20.486640, -46.918640,2026-07-11 16:48:00,NOAA-21,CÁSSIA,MINAS GERAIS,Brasil,3115102,31,33,15,0.0,1.0,Cerrado,7.0
89707add-f1e7-3005-b3c5-54c23a058234, -18.375110, -40.557740,2026-07-11 16:48:00,NOAA-21,NOVA VENÉCIA,ESPÍRITO SANTO,Brasil,3203908,32,33,11,0.0,1.0,Mata Atlântica,4.4
740348d8-ce07-39e0-a60b-fa15945e3745, -22.137080, -57.670160,2026-07-11 16:48:00,NOAA-21,San Lázaro,Concepción,Paraguay,106,11,177,12,8.09,0.3,,4.5
9eb8dfc1-4364-3355-b6d1-85b12ecb9f4a, -16.308200, -44.099580,2026-07-11 16:48:00,NOAA-21,MIRABELA,MINAS GERAIS,Brasil,3142007,31,33,32,0.0,1.0,Cerrado,11.3
57c0028d-1b11-384d-89a9-b96464f7706c, -18.781190, -44.459080,2026-07-11 16:48:00,NOAA-21,CURVELO,MINAS GERAIS,Brasil,3120904,31,33,28,0.0,1.0,Cerrado,15.7
e95e1b10-828b-32ec-bbe1-50b969e4988b, -18.385030, -43.858420,2026-07-11 16:48:00,NOAA-21,GOUVEIA,MINAS GERAIS,Brasil,3127602,31,33,27,0.0,1.0,Cerrado,10.4
4a60e5d6-d689-3e86-8b02-b7f5b68c475a, -22.389550, -56.922590,2026-07-11 16:48:00,NOAA-21,Concepción,Concepción,Paraguay,102,11,177,12,15.64,0.04,,7.5
c149fbaf-00eb-392e-ba80-d3d99df6c7c6, -22.339340, -57.353800,2026-07-11 16:48:00,NOAA-21,San Carlos,Concepción,Paraguay,105,11,177,12,6.77,0.48,,5.6
14b7c5b7-e5ca-360b-9d9d-83df897af42a, -20.131600, -44.890220,2026-07-11 16:48:00,NOAA-21,DIVINÓPOLIS,MINAS GERAIS,Brasil,3122306,31,33,14,0.0,-999.0,Cerrado,8.0
9ed7dcfb-5063-3c29-85b0-82915ba6e904, -19.728020, -46.173470,2026-07-11 16:48:00,NOAA-21,CAMPOS ALTOS,MINAS GERAIS,Brasil,3111507,31,33,20,0.0,1.0,Cerrado,23.8
1d1f145d-92fd-31fc-8441-19daef7bd459, -20.658660, -44.263490,2026-07-11 16:48:00,NOAA-21,DESTERRO DE ENTRE RIOS,MINAS GERAIS,Brasil,3121407,31,33,16,0.0,1.0,Mata Atlântica,2.6
3ce6e971-c79e-3008-b8c4-652ae29dd765, -22.254970, -56.741990,2026-07-11 16:48:00,NOAA-21,Bella Vista,Amambay,Paraguay,38,4,177,11,16.03,0.02,,7.2
c26c9463-7632-30e0-a3e2-ee7e0a7f8b57, -22.344990, -57.353180,2026-07-11 16:48:00,NOAA-21,San Carlos,Concepción,Paraguay,105,11,177,12,6.6,0.5,,15.9
374d5278-1473-3290-8ea0-a73762199f13, -22.267710, -56.118310,2026-07-11 16:48:00,NOAA-21,ANTÔNIO JOÃO,MATO GROSSO DO SUL,Brasil,5000906,50,33,12,3.94,0.28,Cerrado,3.3
5da53045-f4fd-3918-b287-73aaf3f79e4a, -22.354420, -54.609630,2026-07-11 16:48:00,NOAA-21,FÁTIMA DO SUL,MATO GROSSO DO SUL,Brasil,5003801,50,33,12,0.1,1.0,Mata Atlântica,1.1
074de7a1-eae7-3865-8de8-72066398b90d, -19.698140, -52.691120,2026-07-11 16:48:00,NOAA-21,ÁGUA CLARA,MATO GROSSO DO SUL,Brasil,5000203,50,33,16,0.1,0.57,Cerrado,3.5
c21d3113-4027-3bca-a133-c59e09dcc56d, -16.374840, -49.123600,2026-07-11 16:48:00,NOAA-21,ANÁPOLIS,GOIÁS,Brasil,5201108,52,33,26,0.06,1.0,Cerrado,3.9
c74778d5-3162-3966-8dfb-cd5d6dc24520, -19.051460, -41.027410,2026-07-11 16:48:00,NOAA-21,ALTO RIO NOVO,ESPÍRITO SANTO,Brasil,3200359,32,33,28,0.0,1.0,Mata Atlântica,8.9
5bf1a2c1-ffe1-3d77-b089-58f3e0e635fe, -22.230160, -57.713040,2026-07-11 16:48:00,NOAA-21,San Lázaro,Concepción,Paraguay,106,11,177,18,6.93,0.41,,11.5
47c2c9c5-802b-3464-a3f6-69d202fff228, -21.094630, -43.895760,2026-07-11 16:48:00,NOAA-21,CARANDAÍ,MINAS GERAIS,Brasil,3113206,31,33,16,0.0,0.74,Mata Atlântica,19.9
c2b5c260-9abd-357d-bec0-6eeb69631e2a, -19.861840, -42.135990,2026-07-11 16:48:00,NOAA-21,SANTA RITA DE MINAS,MINAS GERAIS,Brasil,3159357,31,33,28,0.0,1.0,Mata Atlântica,2.7
f41698f6-0347-3b66-b38a-11b226e23c3d, -19.903790, -40.999610,2026-07-11 16:48:00,NOAA-21,LARANJA DA TERRA,ESPÍRITO SANTO,Brasil,3203163,32,33,25,0.0,1.0,Mata Atlântica,4.7
e1015779-a376-32e1-945e-83af2d71334e, -17.153880, -49.654150,2026-07-11 16:48:00,NOAA-21,CEZARINA,GOIÁS,Brasil,5205455,52,33,24,0.0,1.0,Cerrado,5.3
d19a2af6-40ef-3f8d-9a54-4a92aa1ff709, -16.647560, -45.988980,2026-07-11 16:48:00,NOAA-21,SANTA FÉ DE MINAS,MINAS GERAIS,Brasil,3157609,31,33,28,0.0,1.0,Cerrado,2.3
95029a59-a4a4-34a3-ac99-0a7928cefeaa, -20.956990, -44.909790,2026-07-11 16:48:00,NOAA-21,SANTO ANTÔNIO DO AMPARO,MINAS GERAIS,Brasil,3159902,31,33,17,0.0,-999.0,Mata Atlântica,4.1
bb36a8a1-1ab9-336f-9175-a1cd21e9e05d, -21.144480, -44.684890,2026-07-11 16:48:00,NOAA-21,NAZARENO,MINAS GERAIS,Brasil,3144508,31,33,17,0.0,0.93,Mata Atlântica,7.2
a154cc21-369d-3898-8a9a-d7ede482b931, -20.172430, -40.876130,2026-07-11 16:48:00,NOAA-21,SANTA MARIA DE JETIBÁ,ESPÍRITO SANTO,Brasil,3204559,32,33,23,0.0,0.72,Mata Atlântica,6.1
ca3d00b0-36e4-30ec-9866-e5fead319fd8, -21.188200, -44.904210,2026-07-11 16:48:00,NOAA-21,IJACI,MINAS GERAIS,Brasil,3130408,31,33,15,0.0,1.0,Mata Atlântica,25.8
bb3624b4-084b-368c-b435-d8ea7921404e, -19.354920, -42.725270,2026-07-11 16:48:00,NOAA-21,CORONEL FABRICIANO,MINAS GERAIS,Brasil,3119401,31,33,22,0.0,0.95,Mata Atlântica,22.3
8731bf75-756c-336f-9d33-36ec51e59ca9, -18.099550, -48.104670,2026-07-11 16:48:00,NOAA-21,GOIANDIRA,GOIÁS,Brasil,5208509,52,33,26,0.0,1.0,Cerrado,2.3
431df659-4b0f-3dfa-9dc0-041e019fbb4d, -22.234390, -56.699310,2026-07-11 16:48:00,NOAA-21,BELA VISTA,MATO GROSSO DO SUL,Brasil,5002100,50,33,11,16.58,0.01,Cerrado,6.2
2bcf7be6-edbf-3a98-a295-802891a0b3a3, -22.312160, -57.783910,2026-07-11 16:48:00,NOAA-21,San Lázaro,Concepción,Paraguay,106,11,177,18,3.83,0.82,,11.2
f7466f64-f980-38c4-b036-d7a1a9b710c8, -16.866660, -44.061340,2026-07-11 16:48:00,NOAA-21,MONTES CLAROS,MINAS GERAIS,Brasil,3143302,31,33,28,0.0,0.96,Cerrado,6.8
bcfa5f28-5bc6-3ee2-852b-3cf33335b59a, -19.166500, -42.028550,2026-07-11 16:48:00,NOAA-21,ENGENHEIRO CALDAS,MINAS GERAIS,Brasil,3123700,31,33,28,0.0,1.0,Mata Atlântica,10.6
ab7ac4fa-b018-3061-a040-e091642d022d, -19.866060, -40.216940,2026-07-11 16:48:00,NOAA-21,ARACRUZ,ESPÍRITO SANTO,Brasil,3200607,32,33,11,0.0,0.71,Mata Atlântica,4.3
66109e00-58c0-3a5c-9fec-01d633dbdcc0, -19.107200, -44.822240,2026-07-11 16:48:00,NOAA-21,POMPÉU,MINAS GERAIS,Brasil,3152006,31,33,26,0.0,1.0,Cerrado,4.3
6b959e84-3493-31a4-ba15-f06db6bc7683, -19.483250, -46.522970,2026-07-11 16:48:00,NOAA-21,IBIÁ,MINAS GERAIS,Brasil,3129509,31,33,9,0.0,1.0,Cerrado,8.9
20249ead-7d43-3103-bde3-1f59cb3aed11, -18.103170, -43.854230,2026-07-11 16:48:00,NOAA-21,DIAMANTINA,MINAS GERAIS,Brasil,3121605,31,33,26,0.0,1.0,Cerrado,3.6
5be08797-d266-34a6-ac0a-7b764f490f5b, -22.239810, -56.698740,2026-07-11 16:48:00,NOAA-21,Bella Vista,Amambay,Paraguay,38,4,177,11,16.88,0.01,,6.2
df9a375c-3d78-3bd9-a7d9-9f0ae8b907d8, -18.968030, -49.499240,2026-07-11 16:48:00,NOAA-21,ITUIUTABA,MINAS GERAIS,Brasil,3134202,31,33,8,0.0,1.0,Cerrado,2.6
0bee7bf3-5d55-3de1-b4ca-9d03567ca741, -16.377490, -49.123350,2026-07-11 16:48:00,NOAA-21,ANÁPOLIS,GOIÁS,Brasil,5201108,52,33,26,0.06,1.0,Cerrado,8.1
744cb3ca-f910-3076-8256-eb8bbb5ada90, -16.378030, -49.126990,2026-07-11 16:48:00,NOAA-21,ANÁPOLIS,GOIÁS,Brasil,5201108,52,33,26,0.03,1.0,Cerrado,8.1
7ea83a37-b114-3dfb-98bb-4cb23e465e1c, -22.389940, -56.921850,2026-07-11 16:48:00,NOAA-21,Concepción,Concepción,Paraguay,102,11,177,12,15.62,0.04,,8.4
c01570c4-6f9c-34c9-a3fb-16a4ffc06c9b, -19.172610, -40.242450,2026-07-11 16:48:00,NOAA-21,RIO BANANAL,ESPÍRITO SANTO,Brasil,3204351,32,33,11,0.0,0.83,Mata Atlântica,6.9
37602429-ea1f-3caf-a2e9-3bf6597de83c, -18.531790, -41.117240,2026-07-11 16:48:00,NOAA-21,NOVA BELÉM,MINAS GERAIS,Brasil,3144672,31,33,16,0.0,0.91,Mata Atlântica,20.5
b06650e9-cf33-3fe1-9102-551aee91fbc7, -19.354520, -42.727050,2026-07-11 16:48:00,NOAA-21,CORONEL FABRICIANO,MINAS GERAIS,Brasil,3119401,31,33,22,0.0,0.95,Mata Atlântica,20.4
306930cf-aac8-3662-bea6-fafdff72deb0, -20.009070, -41.750010,2026-07-11 16:48:00,NOAA-21,SÃO JOSÉ DO MANTIMENTO,MINAS GERAIS,Brasil,3163607,31,33,25,0.0,1.0,Mata Atlântica,19.5
571e83a0-4592-3de5-b823-93aa43209caf, -18.859310, -51.625490,2026-07-11 16:48:00,NOAA-21,ITAJÁ,GOIÁS,Brasil,5210802,52,33,14,0.84,1.0,Cerrado,12.2
c22235b9-966b-393b-85e1-19e3fadc0a80, -19.616070, -40.230430,2026-07-11 16:48:00,NOAA-21,ARACRUZ,ESPÍRITO SANTO,Brasil,3200607,32,33,14,0.0,0.98,Mata Atlântica,3.0
10ce002b-6728-3b23-9273-2f75c87245e4, -22.234030, -56.695570,2026-07-11 16:48:00,NOAA-21,Bella Vista,Amambay,Paraguay,38,4,177,11,16.67,0.01,,6.2
41f479ed-9cb6-3a53-9988-b61444c10721, -19.588540, -46.500270,2026-07-11 16:48:00,NOAA-21,IBIÁ,MINAS GERAIS,Brasil,3129509,31,33,2,0.0,0.63,Cerrado,5.3
721a7ca1-66da-3565-8e0e-2fb2d65ff2b9, -20.567360, -48.528430,2026-07-11 16:48:00,NOAA-21,BARRETOS,SÃO PAULO,Brasil,3505500,35,33,15,0.0,1.0,Cerrado,4.9
33ae53ea-a2f6-3dce-a416-6888e1ef4391, -17.776400, -49.126140,2026-07-11 16:48:00,NOAA-21,MORRINHOS,GOIÁS,Brasil,5213806,52,33,24,0.0,1.0,Cerrado,10.7
0e4ee06e-5452-303f-8272-a9156cf4957a, -21.061670, -43.438150,2026-07-11 16:48:00,NOAA-21,ALTO RIO DOCE,MINAS GERAIS,Brasil,3102100,31,33,25,0.0,1.0,Mata Atlântica,9.6
b2116b09-c066-3e89-a989-3eb831377a97, -17.811300, -43.879880,2026-07-11 16:48:00,NOAA-21,BUENÓPOLIS,MINAS GERAIS,Brasil,3109204,31,33,28,0.0,1.0,Cerrado,11.4
d0223bee-240c-317e-b09a-1e465a0e2274, -22.290890, -56.034100,2026-07-11 16:48:00,NOAA-21,Pedro Juan Caballero,Amambay,Paraguay,40,4,177,11,5.72,0.74,,2.9
8141a82f-ff27-3757-b907-1ca00bfdebf8, -18.790410, -40.277430,2026-07-11 16:48:00,NOAA-21,SÃO MATEUS,ESPÍRITO SANTO,Brasil,3204906,32,33,11,0.0,0.97,Mata Atlântica,4.9
2177b05e-f00c-33ae-b334-28f122330dd3, -19.640890, -40.164440,2026-07-11 16:48:00,NOAA-21,ARACRUZ,ESPÍRITO SANTO,Brasil,3200607,32,33,11,0.0,1.0,Mata Atlântica,4.1
2e474476-c32d-36c4-b586-89ed291b9525, -18.866440, -41.853010,2026-07-11 16:48:00,NOAA-21,GOVERNADOR VALADARES,MINAS GERAIS,Brasil,3127701,31,33,28,0.0,1.0,Mata Atlântica,6.2
1e6ca8f1-d6aa-3a3e-8fe8-afb9893d4ba2, -18.008500, -44.377050,2026-07-11 16:48:00,NOAA-21,BUENÓPOLIS,MINAS GERAIS,Brasil,3109204,31,33,27,0.0,0.95,Cerrado,25.2
aa657b5e-3c1d-3138-a0e9-39250ddafc9e, -22.624450, -56.240980,2026-07-11 16:48:00,NOAA-21,Bella Vista,Amambay,Paraguay,38,4,177,11,1.5,0.85,,4.8
62dc586c-4fe6-34c9-80bd-f6fea123a1da, -22.580660, -54.910020,2026-07-11 16:48:00,NOAA-21,CAARAPÓ,MATO GROSSO DO SUL,Brasil,5002407,50,33,14,0.4,1.0,Mata Atlântica,9.1
3a594bd2-b389-371d-92d3-aabf5f8370a1, -20.382520, -45.586630,2026-07-11 16:48:00,NOAA-21,PAINS,MINAS GERAIS,Brasil,3146503,31,33,17,0.0,1.0,Cerrado,6.4
a721b012-4a13-3a26-852e-a909d5e5f625, -19.848820, -44.887130,2026-07-11 16:48:00,NOAA-21,CONCEIÇÃO DO PARÁ,MINAS GERAIS,Brasil,3117603,31,33,15,0.0,1.0,Cerrado,2.8
9ac96397-d5d9-3845-b7c2-f81cc00bfaaa, -22.338980, -57.349730,2026-07-11 16:48:00,NOAA-21,San Carlos,Concepción,Paraguay,105,11,177,12,6.78,0.48,,5.6
2f2df433-4b5b-30a0-83e0-aaf6221420d2, -18.040030, -43.032710,2026-07-11 16:48:00,NOAA-21,ITAMARANDIBA,MINAS GERAIS,Brasil,3132503,31,33,28,0.0,0.92,Mata Atlântica,13.2
40a3e1b7-4b4f-370c-8664-62a26ccf6468, -22.292270, -56.047820,2026-07-11 16:48:00,NOAA-21,Pedro Juan Caballero,Amambay,Paraguay,40,4,177,11,5.88,0.67,,6.6
ef3772ce-ad0c-3210-9108-d71947538ac5, -19.583930, -49.700210,2026-07-11 16:48:00,NOAA-21,CAMPINA VERDE,MINAS GERAIS,Brasil,3111101,31,33,15,0.0,1.0,Mata Atlântica,8.0
7d8e20d7-a49d-31c1-bc2c-9a7316c21415, -22.625310, -56.241700,2026-07-11 16:48:00,NOAA-21,Bella Vista,Amambay,Paraguay,38,4,177,11,1.5,0.83,,4.2
95edbc7f-8fde-32aa-ba4e-71db667f081e, -19.143520, -45.188300,2026-07-11 16:48:00,NOAA-21,ABAETÉ,MINAS GERAIS,Brasil,3100203,31,33,27,0.0,1.0,Cerrado,53.1
946bfba8-ee2f-37fc-9b34-f2ca55de897d, -18.977100, -48.276650,2026-07-11 16:48:00,NOAA-21,UBERLÂNDIA,MINAS GERAIS,Brasil,3170206,31,33,4,0.0,-999.0,Cerrado,1.3
3360638d-565d-3a7d-89ad-c414c5b67b24, -18.099400, -43.788040,2026-07-11 16:48:00,NOAA-21,DIAMANTINA,MINAS GERAIS,Brasil,3121605,31,33,25,0.0,1.0,Cerrado,9.2
d84151d2-719e-3c8d-b245-83d5c56c46de, -21.098190, -43.894990,2026-07-11 16:48:00,NOAA-21,CARANDAÍ,MINAS GERAIS,Brasil,3113206,31,33,16,0.0,0.78,Mata Atlântica,19.9
1508f6da-ac2a-3db5-9cf6-59b29f260b1a, -19.642050, -40.166220,2026-07-11 16:48:00,NOAA-21,ARACRUZ,ESPÍRITO SANTO,Brasil,3200607,32,33,11,0.0,1.0,Mata Atlântica,5.0
4dc46c82-6252-32c4-8500-6d9ecb12194c, -19.730100, -46.172870,2026-07-11 16:48:00,NOAA-21,CAMPOS ALTOS,MINAS GERAIS,Brasil,3111507,31,33,20,0.0,1.0,Cerrado,5.2
96a62ce2-ba83-3253-af25-e49d942af073, -19.749120, -46.227230,2026-07-11 16:48:00,NOAA-21,CAMPOS ALTOS,MINAS GERAIS,Brasil,3111507,31,33,7,0.0,0.96,Cerrado,5.3
dca9221f-8918-3e42-a3ee-44d01d5edbcb, -16.474150, -39.424570,2026-07-11 16:48:00,NOAA-21,PORTO SEGURO,BAHIA,Brasil,2925303,29,33,8,0.0,0.79,Mata Atlântica,3.5
2b418baf-a3c2-3188-b2e7-6ecaa1b5b6c6, -18.780460, -44.454770,2026-07-11 16:48:00,NOAA-21,CURVELO,MINAS GERAIS,Brasil,3120904,31,33,28,0.0,1.0,Cerrado,15.7
2435bc4d-33e1-34cb-8083-ebdcb52b5361, -22.958250, -56.060190,2026-07-11 16:48:00,NOAA-21,Pedro Juan Caballero,Amambay,Paraguay,40,4,177,11,2.57,0.89,,5.7
c5903373-35ad-3828-8469-04178aa2d288, -17.773030, -49.126650,2026-07-11 16:48:00,NOAA-21,MORRINHOS,GOIÁS,Brasil,5213806,52,33,24,0.0,1.0,Cerrado,12.0
f4d78813-655f-3464-ae73-7e6b5705ae11, -19.139400, -45.184930,2026-07-11 16:48:00,NOAA-21,ABAETÉ,MINAS GERAIS,Brasil,3100203,31,33,27,0.0,0.98,Cerrado,53.1
4b135621-7e24-3c21-8f21-def7f632ebee, -22.427750, -50.136600,2026-07-11 16:48:00,NOAA-21,ECHAPORÃ,SÃO PAULO,Brasil,3514700,35,33,15,0.0,1.0,Mata Atlântica,10.0
eb754c9e-41c4-3247-8448-ac6a93bf3248, -20.201920, -54.456720,2026-07-11 16:48:00,NOAA-21,JARAGUARI,MATO GROSSO DO SUL,Brasil,5004908,50,33,16,0.0,1.0,Cerrado,9.5
f7878e68-ccf1-34d9-b929-14ca041e245b, -19.343350, -40.240710,2026-07-11 16:48:00,NOAA-21,RIO BANANAL,ESPÍRITO SANTO,Brasil,3204351,32,33,11,0.0,1.0,Mata Atlântica,7.0
663ccf35-f331-3268-9a38-4eb0c4a7df56, -21.391660, -46.683540,2026-07-11 16:48:00,NOAA-21,TAPIRATIBA,SÃO PAULO,Brasil,3553609,35,33,15,0.0,0.96,Mata Atlântica,6.5
756f89c1-e2ff-3627-aa8e-493b67049aa0, -17.072650, -43.659690,2026-07-11 16:48:00,NOAA-21,GUARACIAMA,MINAS GERAIS,Brasil,3128253,31,33,27,0.0,1.0,Cerrado,6.9
4806464f-9073-3338-bcf3-587a49250269, -18.013020, -44.378240,2026-07-11 16:48:00,NOAA-21,BUENÓPOLIS,MINAS GERAIS,Brasil,3109204,31,33,27,0.0,0.94,Cerrado,13.0
36606b91-0b88-3c8b-a584-c1d13dba9171, -19.570120, -41.315930,2026-07-11 16:48:00,NOAA-21,AIMORÉS,MINAS GERAIS,Brasil,3101102,31,33,25,0.0,1.0,Mata Atlântica,11.2
03ba97d7-0300-3bd0-8ad0-a4f13d6bbd58, -21.131480, -46.168320,2026-07-11 16:48:00,NOAA-21,CONCEIÇÃO DA APARECIDA,MINAS GERAIS,Brasil,3117108,31,33,15,0.0,1.0,Mata Atlântica,15.6
dc2979e5-30e7-3e8f-8625-f88955dfc8e4, -22.256740, -56.742270,2026-07-11 16:48:00,NOAA-21,Bella Vista,Amambay,Paraguay,38,4,177,12,16.11,0.02,,8.0
2455b9df-7179-35c7-9586-cb5e5718ce8f, -19.302880, -41.403480,2026-07-11 16:48:00,NOAA-21,SANTA RITA DO ITUETO,MINAS GERAIS,Brasil,3159506,31,33,26,0.0,1.0,Mata Atlântica,30.9
42a0c222-c190-3baf-8fdd-e1bfb728aeda, -20.106730, -40.186990,2026-07-11 16:48:00,NOAA-21,SERRA,ESPÍRITO SANTO,Brasil,3205002,32,33,-999,0.0,0.61,Mata Atlântica,6.0
677ef244-4a3d-313f-b0f4-d1506aa3a666, -19.342160, -40.239140,2026-07-11 16:48:00,NOAA-21,RIO BANANAL,ESPÍRITO SANTO,Brasil,3204351,32,33,11,0.0,1.0,Mata Atlântica,13.4
f47b370b-f652-3a58-ad88-fd6b150733ad, -15.954260, -39.114230,2026-07-11 16:48:00,NOAA-21,BELMONTE,BAHIA,Brasil,2903409,29,33,7,0.0,0.98,Mata Atlântica,4.6
7d950b38-9765-3308-b1f8-1079677706ea, -20.418210, -56.176620,2026-07-11 16:48:00,NOAA-21,MIRANDA,MATO GROSSO DO SUL,Brasil,5005608,50,33,16,0.0,0.65,Cerrado,6.2
8060d63c-bc30-36a0-ac09-7017298bb6de, -16.092400, -45.019160,2026-07-11 16:48:00,NOAA-21,SÃO FRANCISCO,MINAS GERAIS,Brasil,3161106,31,33,27,0.0,1.0,Cerrado,2.7
2485c802-c236-376a-9410-6b25d2129a0f, -22.377450, -57.525230,2026-07-11 16:48:00,NOAA-21,San Carlos,Concepción,Paraguay,105,11,177,12,4.17,0.72,,3.0
6a90b0a3-eb0e-32af-8ee3-92e0cfb5a3ee, -16.866160, -44.063630,2026-07-11 16:48:00,NOAA-21,MONTES CLAROS,MINAS GERAIS,Brasil,3143302,31,33,28,0.0,0.95,Cerrado,5.9
d571794c-cc97-3357-ae6e-ced49c6d5aa4, -16.375380, -49.127240,2026-07-11 16:48:00,NOAA-21,ANÁPOLIS,GOIÁS,Brasil,5201108,52,33,26,0.03,1.0,Cerrado,3.9
0c75d464-9d02-3d60-a063-2e7a44470d54, -16.406030, -42.249730,2026-07-11 16:48:00,NOAA-21,RUBELITA,MINAS GERAIS,Brasil,3156502,31,33,2,0.0,1.0,Mata Atlântica,3.6
e7d5bdd9-aae7-3835-8f04-5d8c7e65bbd6, -11.055250, -47.060320,2026-07-11 16:50:00,NOAA-21,PONTE ALTA DO TOCANTINS,TOCANTINS,Brasil,1717909,17,33,49,0.0,1.0,Cerrado,20.9
844bd638-fb07-36f3-87ed-ac1f12013152,  -8.661010, -51.282520,2026-07-11 16:50:00,NOAA-21,CUMARU DO NORTE,PARÁ,Brasil,1502764,15,33,43,5.08,1.0,Amazônia,53.7
e855038e-636e-3a27-9dbd-0e8ead7f2a1a,  -9.084520, -38.468070,2026-07-11 16:50:00,NOAA-21,GLÓRIA,BAHIA,Brasil,2911402,29,33,14,0.0,1.0,Caatinga,6.5
05aed775-0789-3f6b-bcfb-b40d56f57183, -10.221430, -44.638160,2026-07-11 16:50:00,NOAA-21,PARNAGUÁ,PIAUÍ,Brasil,2207603,22,33,80,0.3,-999.0,Cerrado,6.5
126dd333-ad7b-39b9-b1a0-70c976887cc1, -12.334350, -42.856210,2026-07-11 16:50:00,NOAA-21,OLIVEIRA DOS BREJINHOS,BAHIA,Brasil,2923209,29,33,47,0.0,1.0,Caatinga,4.2
51b77a63-9b91-3355-9546-3f87afa78f11, -10.319500, -49.927600,2026-07-11 16:50:00,NOAA-21,PIUM,TOCANTINS,Brasil,1717503,17,33,73,0.0,1.0,Cerrado,7.2
aba24163-7054-3194-9f1a-05e2dbb359de, -13.663700, -44.462470,2026-07-11 16:50:00,NOAA-21,CORIBE,BAHIA,Brasil,2909109,29,33,49,0.0,1.0,Cerrado,17.6
47199cd0-313a-3990-850d-93e7a938ca9f, -10.981330, -58.681840,2026-07-11 16:50:00,NOAA-21,CASTANHEIRA,MATO GROSSO,Brasil,5102850,51,33,15,2.05,0.94,Amazônia,7.6
1df8d615-4578-35ca-838a-7f75b0820816, -10.132700, -50.175750,2026-07-11 16:50:00,NOAA-21,PIUM,TOCANTINS,Brasil,1717503,17,33,70,2.25,1.0,Cerrado,5.0
02cb2fbe-301b-3f0c-ae36-8d396bd6a615, -10.865860, -40.126510,2026-07-11 16:50:00,NOAA-21,PONTO NOVO,BAHIA,Brasil,2925253,29,33,11,0.0,-999.0,Caatinga,4.9
180fe6ac-3710-3615-8267-550779c177ab, -10.495700, -50.151080,2026-07-11 16:50:00,NOAA-21,PIUM,TOCANTINS,Brasil,1717503,17,33,58,0.0,1.0,Cerrado,5.3
fa2993da-f6af-3c7d-9f6a-d33b3623de05, -12.796760, -59.795570,2026-07-11 16:50:00,NOAA-21,COMODORO,MATO GROSSO,Brasil,5103304,51,33,15,7.04,0.64,Cerrado,6.8
b898c37d-1809-3e18-8d13-506ab251220a, -10.753020, -49.829750,2026-07-11 16:50:00,NOAA-21,LAGOA DA CONFUSÃO,TOCANTINS,Brasil,1711902,17,33,61,0.4,1.0,Cerrado,3.3
6dffc1c7-d5a6-335c-ab38-c9f14cb9e0b7, -11.053040, -47.057580,2026-07-11 16:50:00,NOAA-21,PONTE ALTA DO TOCANTINS,TOCANTINS,Brasil,1717909,17,33,49,0.0,1.0,Cerrado,12.2
59b37f9c-aed6-349d-bd5d-504b773d9fac,  -9.678400, -46.069110,2026-07-11 16:50:00,NOAA-21,ALTO PARNAÍBA,MARANHÃO,Brasil,2100501,21,33,49,0.0,1.0,Cerrado,5.1
504633b9-0807-36ba-9701-175bf27fe7cc, -13.839320, -44.976910,2026-07-11 16:50:00,NOAA-21,JABORANDI,BAHIA,Brasil,2917359,29,33,49,0.0,1.0,Cerrado,9.3
922c6890-0dc2-3687-9e75-3bb3745a8340, -15.771550, -48.586550,2026-07-11 16:50:00,NOAA-21,CORUMBÁ DE GOIÁS,GOIÁS,Brasil,5205802,52,33,25,0.0,0.94,Cerrado,5.0
0f266882-0fd1-3a22-9cf3-af539d3d149a,  -9.304540, -48.351830,2026-07-11 16:50:00,NOAA-21,TOCANTÍNIA,TOCANTINS,Brasil,1721109,17,33,73,0.0,1.0,Cerrado,3.0
b5291f29-05af-37aa-8fbe-878c2eb61b5e, -12.792180, -40.817300,2026-07-11 16:50:00,NOAA-21,BOA VISTA DO TUPIM,BAHIA,Brasil,2903805,29,33,14,0.0,1.0,Caatinga,5.8
b6c5f0ed-65eb-350e-8e95-b611ef3a0d5e, -10.495170, -50.147560,2026-07-11 16:50:00,NOAA-21,PIUM,TOCANTINS,Brasil,1717503,17,33,58,0.0,1.0,Cerrado,5.3
5a8247c7-1b07-3435-8974-072ae277927b,  -9.307350, -48.347680,2026-07-11 16:50:00,NOAA-21,TOCANTÍNIA,TOCANTINS,Brasil,1721109,17,33,73,0.0,1.0,Cerrado,7.5
fc237be7-8381-3a21-93c6-ba7a81f14943,  -6.496780, -38.004970,2026-07-11 16:50:00,NOAA-21,BOM SUCESSO,PARAÍBA,Brasil,2502300,25,33,14,0.1,0.84,Caatinga,14.0
d10c45ec-ef62-3b4a-93e8-a5197ba6d684, -10.322820, -49.927090,2026-07-11 16:50:00,NOAA-21,PIUM,TOCANTINS,Brasil,1717503,17,33,73,0.0,1.0,Cerrado,7.2
235e96e2-446f-32be-8f7c-bfa5bd65e01a,  -8.294490, -46.980160,2026-07-11 16:50:00,NOAA-21,CAMPOS LINDOS,TOCANTINS,Brasil,1703842,17,33,14,0.0,1.0,Cerrado,4.9
8fa300b7-5538-3607-a458-9f204a445acd,  -8.031110, -46.901350,2026-07-11 16:50:00,NOAA-21,CAMPOS LINDOS,TOCANTINS,Brasil,1703842,17,33,22,0.0,1.0,Cerrado,18.0
a0f7695b-197f-3075-9380-4e5f4c8a5595, -11.562700, -52.804290,2026-07-11 16:50:00,NOAA-21,SÃO FÉLIX DO ARAGUAIA,MATO GROSSO,Brasil,5107859,51,33,20,6.0,0.2,Amazônia,5.9
56b1e8dd-98e3-3165-949b-786970fbd166, -13.846740, -44.975570,2026-07-11 16:50:00,NOAA-21,JABORANDI,BAHIA,Brasil,2917359,29,33,49,0.0,1.0,Cerrado,8.7
4b3a67d5-78bd-340c-ac9c-1d5557fb0fc0, -10.131650, -50.168730,2026-07-11 16:50:00,NOAA-21,PIUM,TOCANTINS,Brasil,1717503,17,33,70,2.28,1.0,Cerrado,4.6
267dfb92-e9c8-382c-81de-eefc571ffea1, -10.810360, -50.757980,2026-07-11 16:50:00,NOAA-21,LUCIARA,MATO GROSSO,Brasil,5105309,51,33,64,0.4,1.0,Cerrado,3.6
3befe5ae-a879-329c-86a0-a6446da4f578, -10.382360, -49.580840,2026-07-11 16:50:00,NOAA-21,PIUM,TOCANTINS,Brasil,1717503,17,33,49,0.0,1.0,Cerrado,10.8
d2342288-9b60-334d-a0f5-6c85c47a508f,  -8.260880, -48.214130,2026-07-11 16:50:00,NOAA-21,TUPIRATINS,TOCANTINS,Brasil,1721307,17,33,23,0.0,1.0,Cerrado,33.4
db1cda06-ff77-371b-8979-d8fb2fc13651,  -8.110950, -47.101590,2026-07-11 16:50:00,NOAA-21,GOIATINS,TOCANTINS,Brasil,1709005,17,33,16,0.0,1.0,Cerrado,3.0
9608ae4f-a9f7-3ed8-a398-d0229bae7051, -13.320880, -51.685710,2026-07-11 16:50:00,NOAA-21,RIBEIRÃO CASCALHEIRA,MATO GROSSO,Brasil,5107180,51,33,34,0.0,1.0,Cerrado,5.7
b3cf9f5d-75ee-31f2-aa63-82b0a5089f72,  -9.307920, -48.351300,2026-07-11 16:50:00,NOAA-21,TOCANTÍNIA,TOCANTINS,Brasil,1721109,17,33,73,0.0,1.0,Cerrado,4.7
97406b94-6f5d-340e-96cc-c02abf2f51a5,  -8.427980, -47.227150,2026-07-11 16:50:00,NOAA-21,GOIATINS,TOCANTINS,Brasil,1709005,17,33,22,0.0,0.99,Cerrado,24.7
a5ccc80a-5f15-30e4-beec-5833fc4ab6d6, -10.690250, -50.044860,2026-07-11 16:50:00,NOAA-21,LAGOA DA CONFUSÃO,TOCANTINS,Brasil,1711902,17,33,63,1.08,1.0,Cerrado,7.1
cc9718c2-2629-3ccc-a86f-57a5c36eabf2, -14.128080, -58.442880,2026-07-11 16:50:00,NOAA-21,TANGARÁ DA SERRA,MATO GROSSO,Brasil,5107958,51,33,1,1.93,1.0,Cerrado,6.2
23e531d5-bdae-3586-b753-7a63f345cc7a, -10.475630, -42.425110,2026-07-11 16:50:00,NOAA-21,XIQUE-XIQUE,BAHIA,Brasil,2933604,29,33,73,0.0,1.0,Caatinga,20.7
d77d58bf-b290-3a56-91ec-06e8194d7eee, -10.318980, -49.924100,2026-07-11 16:50:00,NOAA-21,PIUM,TOCANTINS,Brasil,1717503,17,33,73,0.0,1.0,Cerrado,7.2
16115d4f-73fe-3d0b-a7d1-3e7799319ade, -13.748150, -46.276070,2026-07-11 16:50:00,NOAA-21,GUARANI DE GOIÁS,GOIÁS,Brasil,5209408,52,33,39,0.0,1.0,Cerrado,6.9
bcc25d3c-5da1-351d-85f9-5a14c849225c, -14.261050, -53.283230,2026-07-11 16:50:00,NOAA-21,CAMPINÁPOLIS,MATO GROSSO,Brasil,5102603,51,33,53,0.0,1.0,Cerrado,3.0
53b08be2-a896-3894-b910-eea77550583d, -10.659250, -46.580490,2026-07-11 16:50:00,NOAA-21,MATEIROS,TOCANTINS,Brasil,1712702,17,33,71,0.0,1.0,Cerrado,8.7
3b28d26e-e34d-3b62-8cd2-c789a12f8827, -12.788460, -40.815960,2026-07-11 16:50:00,NOAA-21,BOA VISTA DO TUPIM,BAHIA,Brasil,2903805,29,33,14,0.0,1.0,Caatinga,13.2
5bd4f3a3-3d78-35bf-8220-00c15d122dbb, -11.410780, -50.691520,2026-07-11 16:50:00,NOAA-21,LAGOA DA CONFUSÃO,TOCANTINS,Brasil,1711902,17,33,64,0.1,1.0,Cerrado,4.0
10c82154-4e62-3940-bb94-f37e54054268, -10.474790, -42.420260,2026-07-11 16:50:00,NOAA-21,XIQUE-XIQUE,BAHIA,Brasil,2933604,29,33,72,0.0,1.0,Caatinga,19.5
5338dcc0-3eb0-3334-96bf-d051244658a1,  -8.337240, -46.867300,2026-07-11 16:50:00,NOAA-21,CAMPOS LINDOS,TOCANTINS,Brasil,1703842,17,33,47,0.0,1.0,Cerrado,4.3
ea7e75cf-4e7d-37af-a832-111ed16354ea, -12.652690, -47.644100,2026-07-11 16:50:00,NOAA-21,PARANÃ,TOCANTINS,Brasil,1716208,17,33,82,0.0,1.0,Cerrado,22.0
85039ecf-83e9-35e0-adb2-153c3ed7bcb0, -10.801200, -48.569560,2026-07-11 16:50:00,NOAA-21,PORTO NACIONAL,TOCANTINS,Brasil,1718204,17,33,42,0.0,1.0,Cerrado,4.6
d2bf8bb1-d322-38a6-a130-8f97ba7723f9, -13.842280, -44.971720,2026-07-11 16:50:00,NOAA-21,JABORANDI,BAHIA,Brasil,2917359,29,33,49,0.0,1.0,Cerrado,4.9
256a0d10-1bdb-37b3-88ca-d62432391283, -10.655690, -46.581060,2026-07-11 16:50:00,NOAA-21,MATEIROS,TOCANTINS,Brasil,1712702,17,33,71,0.0,1.0,Cerrado,8.7
476f54d3-f338-3e95-b592-1d82ad894ee0,  -9.986370, -46.790980,2026-07-11 16:50:00,NOAA-21,SÃO FÉLIX DO TOCANTINS,TOCANTINS,Brasil,1720150,17,33,54,0.0,1.0,Cerrado,6.0
d279f5b6-ea7c-3ef2-8123-5e9bb21ec6ea, -10.655010, -46.576930,2026-07-11 16:50:00,NOAA-21,MATEIROS,TOCANTINS,Brasil,1712702,17,33,72,0.0,1.0,Cerrado,8.7
7c755671-c384-3f66-a703-f2a87a693b61,  -9.300020, -48.345110,2026-07-11 16:50:00,NOAA-21,TOCANTÍNIA,TOCANTINS,Brasil,1721109,17,33,73,0.0,1.0,Cerrado,7.4
386acae5-b2df-389e-9f8a-5f821d2016fb,  -8.106080, -47.093960,2026-07-11 16:50:00,NOAA-21,GOIATINS,TOCANTINS,Brasil,1709005,17,33,16,0.0,1.0,Cerrado,18.3
4aaf3c99-c0f6-3ab2-a5f0-3ce616b2d231,  -8.067290, -39.054070,2026-07-11 16:50:00,NOAA-21,SALGUEIRO,PERNAMBUCO,Brasil,2612208,26,33,15,0.0,1.0,Caatinga,8.4
337337dd-af45-3619-a3bf-da0312a09410, -14.274200, -41.486290,2026-07-11 16:50:00,NOAA-21,ARACATU,BAHIA,Brasil,2902005,29,33,16,0.0,1.0,Caatinga,5.5
0c970698-8493-3488-a640-2225305a3a7a,  -9.121030, -40.174210,2026-07-11 16:50:00,NOAA-21,JUAZEIRO,BAHIA,Brasil,2918407,29,33,50,0.0,1.0,Caatinga,5.1
f5b52cfe-6e3d-3b01-83dd-4be6751aa58e, -14.599130, -41.220680,2026-07-11 16:50:00,NOAA-21,CARAÍBAS,BAHIA,Brasil,2906899,29,33,8,0.0,1.0,Caatinga,15.9
847c516e-b02d-3495-a8c1-60b57e8c49f4,  -8.721560, -47.840970,2026-07-11 16:50:00,NOAA-21,ITACAJÁ,TOCANTINS,Brasil,1710508,17,33,23,0.0,1.0,Cerrado,2.6
81015057-934f-3cf0-8972-cadaab001817, -11.357610, -50.670270,2026-07-11 16:50:00,NOAA-21,LAGOA DA CONFUSÃO,TOCANTINS,Brasil,1711902,17,33,48,0.2,1.0,Cerrado,4.3
a24c0430-94c8-3697-95c9-bfb8a147a5fb, -11.559030, -52.804810,2026-07-11 16:50:00,NOAA-21,SÃO FÉLIX DO ARAGUAIA,MATO GROSSO,Brasil,5107859,51,33,20,6.13,0.2,Amazônia,7.2
438ed468-4d35-3223-abca-a40e444cd68b, -12.798350, -59.797150,2026-07-11 16:50:00,NOAA-21,COMODORO,MATO GROSSO,Brasil,5103304,51,33,15,7.05,0.65,Cerrado,6.1
77717939-eae2-3143-8470-f3f4880d8638, -11.474450, -47.623130,2026-07-11 16:50:00,NOAA-21,NATIVIDADE,TOCANTINS,Brasil,1714203,17,33,49,0.0,1.0,Cerrado,3.2
3e819ab0-ee45-3bd0-8f0f-645b11d19852, -14.215960, -53.042320,2026-07-11 16:50:00,NOAA-21,CAMPINÁPOLIS,MATO GROSSO,Brasil,5102603,51,33,49,0.77,1.0,Cerrado,6.6
b643222d-47fe-3763-88d2-092d11a5d3c5, -13.278660, -43.550800,2026-07-11 16:50:00,NOAA-21,SERRA DO RAMALHO,BAHIA,Brasil,2930154,29,33,48,0.2,1.0,Cerrado,6.4
445658b0-8b6c-3dc0-a006-2ffe53061a27,  -9.120520, -40.175180,2026-07-11 16:50:00,NOAA-21,JUAZEIRO,BAHIA,Brasil,2918407,29,33,50,0.0,1.0,Caatinga,6.7
50afb853-3e32-3a56-857e-179a356cedd0, -12.269980, -50.967790,2026-07-11 16:50:00,NOAA-21,NOVO SANTO ANTÔNIO,MATO GROSSO,Brasil,5106315,51,33,28,0.0,1.0,Cerrado,3.3
cfeb06b2-b58f-35ca-9d8f-6010f494fd67, -10.498490, -50.147050,2026-07-11 16:50:00,NOAA-21,PIUM,TOCANTINS,Brasil,1717503,17,33,58,0.0,1.0,Cerrado,5.3
f5a8ca9f-bbeb-3fe0-a78b-f8bcf62b161a, -10.322290, -49.923580,2026-07-11 16:50:00,NOAA-21,PIUM,TOCANTINS,Brasil,1717503,17,33,73,0.0,1.0,Cerrado,7.2
4bdcbdaa-35d4-3c2c-9c76-43ebf9f4408d, -10.804530, -48.569040,2026-07-11 16:50:00,NOAA-21,PORTO NACIONAL,TOCANTINS,Brasil,1718204,17,33,42,0.0,1.0,Cerrado,8.5
82bd05df-ac32-359b-a0c3-829bedc5b862,  -7.746250, -44.853000,2026-07-11 16:50:00,NOAA-21,URUÇUÍ,PIAUÍ,Brasil,2211209,22,33,76,0.0,1.0,Cerrado,2.8
91fcef70-16e5-3357-a59d-a1038f3f8150, -14.262070, -53.285130,2026-07-11 16:50:00,NOAA-21,CAMPINÁPOLIS,MATO GROSSO,Brasil,5102603,51,33,53,0.0,1.0,Cerrado,3.2
910fdacb-f836-37d7-83d0-78069e916dfa,  -9.987030, -46.795090,2026-07-11 16:50:00,NOAA-21,SÃO FÉLIX DO TOCANTINS,TOCANTINS,Brasil,1720150,17,33,54,0.0,1.0,Cerrado,6.0
f898f19b-d0b3-3f10-8572-3074bc634ff4, -10.188620, -46.467220,2026-07-11 16:50:00,NOAA-21,SÃO FÉLIX DO TOCANTINS,TOCANTINS,Brasil,1720150,17,33,62,0.0,1.0,Cerrado,7.0
3d32e1a7-9892-3dd3-8491-f7e6c8a0d6a1,  -8.725000, -47.840430,2026-07-11 16:50:00,NOAA-21,ITACAJÁ,TOCANTINS,Brasil,1710508,17,33,23,0.0,1.0,Cerrado,14.1
8a307050-b6ce-3f61-87ed-01e4f81eb7f1, -13.751010, -46.271540,2026-07-11 16:50:00,NOAA-21,GUARANI DE GOIÁS,GOIÁS,Brasil,5209408,52,33,39,0.0,1.0,Cerrado,6.9
c564f089-0434-37c6-9284-684f8a665be5,  -7.746840, -44.856610,2026-07-11 16:50:00,NOAA-21,URUÇUÍ,PIAUÍ,Brasil,2211209,22,33,75,0.0,1.0,Cerrado,2.8
656daf12-4da6-3810-9ce8-9a52b3eb410d, -10.121130, -50.167620,2026-07-11 16:50:00,NOAA-21,PIUM,TOCANTINS,Brasil,1717503,17,33,68,2.5,1.0,Cerrado,5.2
365b8be4-f6c8-305c-a938-dac01af428d6, -11.051160, -47.056980,2026-07-11 16:50:00,NOAA-21,PONTE ALTA DO TOCANTINS,TOCANTINS,Brasil,1717909,17,33,49,0.0,1.0,Cerrado,18.1
a44c0f60-1962-3816-a60c-7f63a5f8563a, -11.177400, -46.129650,2026-07-11 16:50:00,NOAA-21,FORMOSA DO RIO PRETO,BAHIA,Brasil,2911105,29,33,46,0.0,1.0,Cerrado,10.3
1c97191c-5012-300d-a281-b099f1197eeb, -10.645610, -40.455730,2026-07-11 16:50:00,NOAA-21,ANTÔNIO GONÇALVES,BAHIA,Brasil,2901809,29,33,11,0.0,1.0,Caatinga,3.5
bb7ef573-45df-307b-ac07-b4d434746926, -10.114500, -50.168630,2026-07-11 16:50:00,NOAA-21,PIUM,TOCANTINS,Brasil,1717503,17,33,68,2.63,1.0,Cerrado,5.5
721a9253-c9e8-3341-bb6f-e98985490270, -11.047680, -47.057510,2026-07-11 16:50:00,NOAA-21,PONTE ALTA DO TOCANTINS,TOCANTINS,Brasil,1717909,17,33,49,0.0,1.0,Cerrado,6.8
95b6c4bb-6668-33a1-8773-4ac8f5036cb1,  -8.466270, -47.445510,2026-07-11 16:50:00,NOAA-21,GOIATINS,TOCANTINS,Brasil,1709005,17,33,28,0.0,1.0,Cerrado,5.3
84f7c0d6-b7d4-3194-81d4-9852186e5000, -11.402570, -54.692670,2026-07-11 16:50:00,NOAA-21,CLÁUDIA,MATO GROSSO,Brasil,5103056,51,33,32,12.78,0.04,Amazônia,3.2
52a3fb56-89df-3af8-92d1-877e7db120bf,  -7.508810, -43.439190,2026-07-11 16:50:00,NOAA-21,CANAVIEIRA,PIAUÍ,Brasil,2202251,22,33,76,0.0,1.0,Cerrado,6.3
a9dbf716-71f6-3b4a-a9ad-68f598de4357,  -8.258050, -48.218380,2026-07-11 16:50:00,NOAA-21,TUPIRATINS,TOCANTINS,Brasil,1721307,17,33,23,0.0,1.0,Cerrado,31.6
935667ff-f578-3a4b-a164-1b5aadff1d3c, -10.219110, -44.637940,2026-07-11 16:50:00,NOAA-21,PARNAGUÁ,PIAUÍ,Brasil,2207603,22,33,80,0.3,1.0,Cerrado,8.8
468c0433-1b7e-3841-a84d-0eddbc047902,  -8.103150, -47.098610,2026-07-11 16:50:00,NOAA-21,GOIATINS,TOCANTINS,Brasil,1709005,17,33,16,0.0,1.0,Cerrado,26.1
baaf4cdf-f040-3490-a840-51cab56cf22c, -11.356540, -50.663020,2026-07-11 16:50:00,NOAA-21,LAGOA DA CONFUSÃO,TOCANTINS,Brasil,1711902,17,33,46,0.13,1.0,Cerrado,4.9
da26d0ec-bf93-377d-9ab8-4399c8654a27,  -9.987680, -46.799160,2026-07-11 16:50:00,NOAA-21,SÃO FÉLIX DO TOCANTINS,TOCANTINS,Brasil,1720150,17,33,54,0.0,1.0,Cerrado,18.3
8cbb6d80-7cf6-32b4-b3e1-897551b81046,  -9.638560, -48.245860,2026-07-11 16:50:00,NOAA-21,TOCANTÍNIA,TOCANTINS,Brasil,1721109,17,33,50,0.0,1.0,Cerrado,5.1
caa4d4d5-e3f9-3771-a1bb-cc8378755f7f, -11.411310, -50.695150,2026-07-11 16:50:00,NOAA-21,LAGOA DA CONFUSÃO,TOCANTINS,Brasil,1711902,17,33,65,0.1,1.0,Cerrado,4.0
d3736553-79b0-3b99-aff0-d11e2f6ce749,  -8.956290, -37.433590,2026-07-11 16:50:00,NOAA-21,ITAÍBA,PERNAMBUCO,Brasil,2607505,26,33,14,0.0,1.0,Caatinga,7.5
f3e81554-7165-312d-bfd2-5d1a813a6578, -13.792270, -58.447920,2026-07-11 16:50:00,NOAA-21,SAPEZAL,MATO GROSSO,Brasil,5107875,51,33,8,1.66,0.89,Cerrado,6.3
698edd2c-2b89-366a-8d7b-6844d5fa5017, -14.366490, -49.177750,2026-07-11 16:50:00,NOAA-21,CAMPINORTE,GOIÁS,Brasil,5204706,52,33,49,0.0,1.0,Cerrado,4.5
47bdde31-12f4-3aab-99a7-8de4d3a59b03,  -9.256030, -49.260910,2026-07-11 16:50:00,NOAA-21,DOIS IRMÃOS DO TOCANTINS,TOCANTINS,Brasil,1707207,17,33,55,0.0,1.0,Cerrado,3.9
41995b56-359a-3c39-b370-8e304874c012, -12.077750, -50.633880,2026-07-11 16:50:00,NOAA-21,FORMOSO DO ARAGUAIA,TOCANTINS,Brasil,1708205,17,33,44,0.0,1.0,Cerrado,7.7
18c1dd1c-dfe6-393a-a3c2-bb6b5b98f289, -10.135490, -50.171730,2026-07-11 16:50:00,NOAA-21,PIUM,TOCANTINS,Brasil,1717503,17,33,70,2.19,1.0,Cerrado,4.6
e0d5c89b-40ac-3bba-a644-6a5a168cbf17, -10.474040, -50.165200,2026-07-11 16:50:00,NOAA-21,PIUM,TOCANTINS,Brasil,1717503,17,33,57,0.0,1.0,Cerrado,5.5
8fff844a-a70c-30fa-882b-29098f6f7a32,  -9.528030, -41.521180,2026-07-11 16:50:00,NOAA-21,CASA NOVA,BAHIA,Brasil,2907202,29,33,69,0.0,1.0,Caatinga,2.0
82bc353e-a138-300b-b45d-58b973dc63c3, -12.690460, -46.510330,2026-07-11 16:50:00,NOAA-21,AURORA DO TOCANTINS,TOCANTINS,Brasil,1702703,17,33,44,0.0,1.0,Cerrado,3.4
ff4a6b29-1684-3ce5-ac62-9670de842910,  -8.110660, -47.578170,2026-07-11 16:50:00,NOAA-21,GOIATINS,TOCANTINS,Brasil,1709005,17,33,23,0.0,1.0,Cerrado,7.0
1249de35-14f4-3e28-b1db-8a4317b7dea3, -11.005900, -45.187810,2026-07-11 16:50:00,NOAA-21,FORMOSA DO RIO PRETO,BAHIA,Brasil,2911105,29,33,58,0.0,1.0,Cerrado,4.3
6f820a53-b123-368a-8c42-9d31daf889f2,  -8.734670, -45.266350,2026-07-11 16:50:00,NOAA-21,BAIXA GRANDE DO RIBEIRO,PIAUÍ,Brasil,2201150,22,33,23,0.0,1.0,Cerrado,7.9
0c1c7cec-4640-3fc7-a299-9d0606aa0b9c,  -9.635180, -48.246400,2026-07-11 16:50:00,NOAA-21,TOCANTÍNIA,TOCANTINS,Brasil,1721109,17,33,50,0.0,1.0,Cerrado,14.7
3c65462d-665f-3c72-9ffc-a0431fca1c01, -14.214680, -53.044250,2026-07-11 16:50:00,NOAA-21,CAMPINÁPOLIS,MATO GROSSO,Brasil,5102603,51,33,49,0.76,1.0,Cerrado,7.2
78792425-bf0c-36b0-b7d6-3953024d5a4b, -10.128330, -50.169240,2026-07-11 16:50:00,NOAA-21,PIUM,TOCANTINS,Brasil,1717503,17,33,69,2.34,1.0,Cerrado,3.6
1853ac94-ae02-3748-a297-9b2d75ae4f2d, -12.797230, -59.799820,2026-07-11 16:50:00,NOAA-21,COMODORO,MATO GROSSO,Brasil,5103304,51,33,15,7.16,0.84,Cerrado,7.4
3b454b91-6b1a-3292-9dee-56c6770fbdff,  -8.257470, -48.214660,2026-07-11 16:50:00,NOAA-21,TUPIRATINS,TOCANTINS,Brasil,1721307,17,33,23,0.0,1.0,Cerrado,41.9
9fa7d845-51d6-3fb2-af05-f218b86b9d8b, -10.191550, -46.462450,2026-07-11 16:50:00,NOAA-21,SÃO FÉLIX DO TOCANTINS,TOCANTINS,Brasil,1720150,17,33,63,0.0,1.0,Cerrado,7.0
bd0a0319-9518-3481-82a9-9ea7fa3ea225, -15.574460, -57.181580,2026-07-11 16:50:00,NOAA-21,PORTO ESTRELA,MATO GROSSO,Brasil,5106851,51,33,6,1.0,0.94,Cerrado,3.0
b6733ade-37a5-3b4e-ab3a-cdfc103b1373,  -8.034730, -46.900840,2026-07-11 16:50:00,NOAA-21,CAMPOS LINDOS,TOCANTINS,Brasil,1703842,17,33,21,0.0,1.0,Cerrado,18.0
1cc02a14-fad1-3503-bfa4-5109ab574a33, -12.028880, -41.370000,2026-07-11 16:50:00,NOAA-21,BONITO,BAHIA,Brasil,2904050,29,33,33,0.0,1.0,Caatinga,5.8
dc441211-56fe-39bc-ac8c-e1337beaa3ec, -13.834860, -44.973070,2026-07-11 16:50:00,NOAA-21,JABORANDI,BAHIA,Brasil,2917359,29,33,49,0.0,1.0,Cerrado,35.5
73755d88-97cb-3023-99f7-50ff8399f6b3,  -9.256560, -49.264420,2026-07-11 16:50:00,NOAA-21,DOIS IRMÃOS DO TOCANTINS,TOCANTINS,Brasil,1707207,17,33,55,0.0,1.0,Cerrado,5.8
fd95767e-3e8b-3650-b48a-7425d94bf191, -10.174020, -46.422330,2026-07-11 16:50:00,NOAA-21,SÃO FÉLIX DO TOCANTINS,TOCANTINS,Brasil,1720150,17,33,63,0.0,1.0,Cerrado,6.7
3be335b0-d87c-3f56-b559-daeed88809cb, -13.837810, -44.967880,2026-07-11 16:50:00,NOAA-21,JABORANDI,BAHIA,Brasil,2917359,29,33,49,0.0,1.0,Cerrado,4.9
a844059b-9e6d-3a45-b786-17f23a1ed37c,  -8.729060, -45.256870,2026-07-11 16:50:00,NOAA-21,BAIXA GRANDE DO RIBEIRO,PIAUÍ,Brasil,2201150,22,33,21,0.0,1.0,Cerrado,5.3
6394a4a5-bfbb-3f3d-ab7d-f3e48ddac60a, -10.842500, -44.079000,2026-07-11 16:50:00,NOAA-21,MANSIDÃO,BAHIA,Brasil,2920452,29,33,49,0.0,1.0,Cerrado,8.6
b06b72c8-e7af-31d5-bd18-3d39e49f00a5, -11.051770, -47.060870,2026-07-11 16:50:00,NOAA-21,PONTE ALTA DO TOCANTINS,TOCANTINS,Brasil,1717909,17,33,49,0.0,1.0,Cerrado,20.9
16295656-8c82-330a-a3be-4dd84f7ed359,  -8.109650, -47.093380,2026-07-11 16:50:00,NOAA-21,GOIATINS,TOCANTINS,Brasil,1709005,17,33,17,0.0,1.0,Cerrado,18.3
c9231d2e-ce9b-3ed4-95f9-b569d3e51f39, -11.920350, -47.579800,2026-07-11 16:50:00,NOAA-21,NATIVIDADE,TOCANTINS,Brasil,1714203,17,33,49,0.0,1.0,Cerrado,13.4
8d320c62-2916-379e-8df3-bb2bfdef7203,  -8.733830, -45.261300,2026-07-11 16:50:00,NOAA-21,BAIXA GRANDE DO RIBEIRO,PIAUÍ,Brasil,2201150,22,33,21,0.0,1.0,Cerrado,4.3
b6e79c66-81c7-372c-a55f-a74b067ddf0b, -11.181020, -46.129030,2026-07-11 16:50:00,NOAA-21,FORMOSA DO RIO PRETO,BAHIA,Brasil,2911105,29,33,46,0.0,1.0,Cerrado,10.3
9e3ead18-2dee-3fb6-a4ce-8bba87e5ea33, -10.496230, -50.154590,2026-07-11 16:50:00,NOAA-21,PIUM,TOCANTINS,Brasil,1717503,17,33,58,0.0,1.0,Cerrado,6.5
4cad79e0-11c4-3ae1-86ab-ddb5fa70521f, -12.081670, -50.637030,2026-07-11 16:50:00,NOAA-21,FORMOSO DO ARAGUAIA,TOCANTINS,Brasil,1708205,17,33,44,0.0,1.0,Cerrado,5.4
5900ec9f-4364-34fe-a415-a763d0fbcc1f, -11.413770, -50.665080,2026-07-11 16:50:00,NOAA-21,LAGOA DA CONFUSÃO,TOCANTINS,Brasil,1711902,17,33,62,0.1,1.0,Cerrado,7.0
63f556be-3896-330b-9415-92768f3455a0, -10.693570, -50.044350,2026-07-11 16:50:00,NOAA-21,LAGOA DA CONFUSÃO,TOCANTINS,Brasil,1711902,17,33,63,1.12,1.0,Cerrado,7.1
9faf7fff-7d8e-3207-934d-68e10c988ee5,  -7.503510, -43.435310,2026-07-11 16:50:00,NOAA-21,CANAVIEIRA,PIAUÍ,Brasil,2202251,22,33,74,0.0,1.0,Cerrado,6.3
a2f02af1-9fe2-3cd2-ba42-ef97f81e8170,  -7.508040, -43.434570,2026-07-11 16:50:00,NOAA-21,CANAVIEIRA,PIAUÍ,Brasil,2202251,22,33,74,0.0,1.0,Cerrado,6.3
90bb9043-de1b-33f6-bc2f-685574f28be6, -11.053670, -47.061460,2026-07-11 16:50:00,NOAA-21,PONTE ALTA DO TOCANTINS,TOCANTINS,Brasil,1717909,17,33,49,0.0,1.0,Cerrado,20.0
d0e6ab17-3fd3-36ef-9af6-a38308c1edbc, -13.659860, -44.463090,2026-07-11 16:50:00,NOAA-21,CORIBE,BAHIA,Brasil,2909109,29,33,49,0.0,1.0,Cerrado,17.6
65dafe55-7fff-3c72-b467-7d0f04fe19a9, -13.732950, -45.418170,2026-07-11 16:50:00,NOAA-21,JABORANDI,BAHIA,Brasil,2917359,29,33,49,0.0,1.0,Cerrado,7.3
593be263-1052-3de3-91ac-31a706b8b8ce,  -8.030430, -46.897130,2026-07-11 16:50:00,NOAA-21,CAMPOS LINDOS,TOCANTINS,Brasil,1703842,17,33,23,0.0,1.0,Cerrado,14.5
06c4b1b5-64b1-39d5-bbbf-a056aafbe250, -11.923740, -47.579250,2026-07-11 16:50:00,NOAA-21,NATIVIDADE,TOCANTINS,Brasil,1714203,17,33,49,0.0,1.0,Cerrado,13.4
cdea882a-a03d-34b5-be51-59eb68daeee3,  -9.252710, -49.261430,2026-07-11 16:50:00,NOAA-21,DOIS IRMÃOS DO TOCANTINS,TOCANTINS,Brasil,1707207,17,33,55,0.0,1.0,Cerrado,3.9
180c6f6d-6055-3c4f-9581-5a5d7339473b, -10.473510, -50.161680,2026-07-11 16:50:00,NOAA-21,PIUM,TOCANTINS,Brasil,1717503,17,33,57,0.0,1.0,Cerrado,7.9
7962561a-fc19-3485-94c8-7a66ce46cc4a, -12.740660, -44.458040,2026-07-11 16:50:00,NOAA-21,BAIANÓPOLIS,BAHIA,Brasil,2902500,29,33,49,0.0,0.99,Cerrado,7.0
a301843d-372b-3dce-a168-c43f1acbb66f, -12.024280, -41.367870,2026-07-11 16:50:00,NOAA-21,BONITO,BAHIA,Brasil,2904050,29,33,32,0.0,0.98,Caatinga,7.1
b230b21f-2c3b-3ddf-9197-a1cd062751a4,  -9.548760, -47.501390,2026-07-11 16:50:00,NOAA-21,RIO SONO,TOCANTINS,Brasil,1718758,17,33,74,0.0,1.0,Cerrado,3.6
d776cd92-071d-3a30-98e2-70df8048a4e5, -10.193300, -46.462890,2026-07-11 16:50:00,NOAA-21,SÃO FÉLIX DO TOCANTINS,TOCANTINS,Brasil,1720150,17,33,63,0.0,1.0,Cerrado,4.8
1f1cfe32-fd27-3626-8563-584fbf584a9a,  -8.256880, -48.210930,2026-07-11 16:50:00,NOAA-21,TUPIRATINS,TOCANTINS,Brasil,1721307,17,33,23,0.0,1.0,Cerrado,41.9
c492797f-33d9-309c-be1b-d373b2d48af0,  -7.236140, -40.853310,2026-07-11 16:50:00,NOAA-21,ALEGRETE DO PIAUÍ,PIAUÍ,Brasil,2200277,22,33,75,0.0,1.0,Caatinga,5.2
32a01e44-ca2a-36bf-8f04-f765b0b2bffd,  -7.498970, -43.435950,2026-07-11 16:50:00,NOAA-21,CANAVIEIRA,PIAUÍ,Brasil,2202251,22,33,74,0.0,1.0,Cerrado,8.4
5d29d897-429a-3ba7-ac0e-3959951d1fb3,  -8.729900, -45.261930,2026-07-11 16:50:00,NOAA-21,BAIXA GRANDE DO RIBEIRO,PIAUÍ,Brasil,2201150,22,33,24,0.0,1.0,Cerrado,5.3
5cb3f18a-6f61-373c-bb11-47aea6ebe94c, -10.125010, -50.169750,2026-07-11 16:50:00,NOAA-21,PIUM,TOCANTINS,Brasil,1717503,17,33,69,2.4,1.0,Cerrado,3.6
79402999-9e6e-3a09-9658-063e257d8a15,  -9.416570, -48.217990,2026-07-11 16:50:00,NOAA-21,TOCANTÍNIA,TOCANTINS,Brasil,1721109,17,33,51,0.0,1.0,Cerrado,4.5
e7946ee1-4c85-39c1-bc6c-fb4b3473283d,  -8.106730, -47.098060,2026-07-11 16:50:00,NOAA-21,GOIATINS,TOCANTINS,Brasil,1709005,17,33,16,0.0,1.0,Cerrado,18.3
ea406c25-1651-34fc-a6a9-8f4b265ddd31,  -9.253250, -49.264930,2026-07-11 16:50:00,NOAA-21,DOIS IRMÃOS DO TOCANTINS,TOCANTINS,Brasil,1707207,17,33,55,0.0,1.0,Cerrado,5.8
72c452cd-dfc3-3958-b3bb-e1819a20a092, -12.787280, -40.818300,2026-07-11 16:50:00,NOAA-21,BOA VISTA DO TUPIM,BAHIA,Brasil,2903805,29,33,14,0.0,1.0,Caatinga,5.2
1a9046e8-3945-385d-bf60-935a7b0700f4, -10.554320, -47.272770,2026-07-11 16:50:00,NOAA-21,PONTE ALTA DO TOCANTINS,TOCANTINS,Brasil,1717909,17,33,49,0.0,1.0,Cerrado,8.3
650e11c0-dbd0-38b5-890c-76343ea043c7,  -8.469780, -47.444930,2026-07-11 16:50:00,NOAA-21,GOIATINS,TOCANTINS,Brasil,1709005,17,33,29,0.0,1.0,Cerrado,5.3
fb8d5bc6-97f4-33c1-9259-abaf9e745104,  -9.677690, -46.064700,2026-07-11 16:50:00,NOAA-21,ALTO PARNAÍBA,MARANHÃO,Brasil,2100501,21,33,49,0.0,1.0,Cerrado,5.1
2202c74e-fe0e-31bc-8eeb-8eacaedd636b, -10.134960, -50.168220,2026-07-11 16:50:00,NOAA-21,PIUM,TOCANTINS,Brasil,1717503,17,33,70,2.22,1.0,Cerrado,4.6
93f549a0-b451-36d8-931e-c16a33bbcb75, -10.117820, -50.168130,2026-07-11 16:50:00,NOAA-21,PIUM,TOCANTINS,Brasil,1717503,17,33,68,2.56,1.0,Cerrado,5.2
6c957327-e782-37a9-8f65-fb2729247b8c, -13.838570, -44.972390,2026-07-11 16:50:00,NOAA-21,JABORANDI,BAHIA,Brasil,2917359,29,33,49,0.0,1.0,Cerrado,4.9
82ed5c3a-56fb-34e1-bce1-765f08113186, -10.470720, -50.165710,2026-07-11 16:50:00,NOAA-21,PIUM,TOCANTINS,Brasil,1717503,17,33,57,0.0,1.0,Cerrado,5.5
93a54b7e-e1f5-32fa-9191-e68acb8e5c31,  -5.073650, -42.512420,2026-07-11 16:52:00,NOAA-21,ALTOS,PIAUÍ,Brasil,2200400,22,33,13,0.0,0.75,Caatinga,3.0
c52653e4-6e87-399b-8581-f7e487bddd31,  -6.998220, -42.908410,2026-07-11 16:52:00,NOAA-21,FLORIANO,PIAUÍ,Brasil,2203909,22,33,23,0.0,1.0,Caatinga,82.1
d7d37e0f-f807-3647-a56d-bc2bf4f47a81,  -2.244920, -56.014060,2026-07-11 16:52:00,NOAA-21,JURUTI,PARÁ,Brasil,1503903,15,33,5,0.26,0.16,Amazônia,4.7
207a5d6b-1b15-30b1-93da-5eebde0df375,  -2.885350, -42.902140,2026-07-11 16:52:00,NOAA-21,BARREIRINHAS,MARANHÃO,Brasil,2101707,21,33,3,0.0,0.12,Cerrado,3.3
295b7520-d12a-300a-94a1-7b661178ff18,  -6.821300, -41.751110,2026-07-11 16:52:00,NOAA-21,IPIRANGA DO PIAUÍ,PIAUÍ,Brasil,2204808,22,33,18,0.0,1.0,Caatinga,5.5
f600d996-6c35-3ea4-92cc-7e78bf513201,  -6.496300, -42.221320,2026-07-11 16:52:00,NOAA-21,VÁRZEA GRANDE,PIAUÍ,Brasil,2211407,22,33,56,0.0,0.99,Caatinga,8.9
c66eb607-09eb-329f-b3fa-00de965ce0fb,  -7.074830, -43.547650,2026-07-11 16:52:00,NOAA-21,JERUMENHA,PIAUÍ,Brasil,2205300,22,33,22,0.2,1.0,Cerrado,5.0
af595232-aa52-3f6e-9499-11adc30cf00a,  -7.008460, -45.419080,2026-07-11 16:52:00,NOAA-21,SÃO RAIMUNDO DAS MANGABEIRAS,MARANHÃO,Brasil,2111607,21,33,48,0.0,1.0,Cerrado,6.1
72eb691e-4d73-3377-a00f-d20c4b4b9562,  -2.378020, -48.233190,2026-07-11 16:52:00,NOAA-21,TOMÉ-AÇU,PARÁ,Brasil,1508001,15,33,2,0.0,0.07,Amazônia,6.5
d0213c7f-a282-35bc-a98b-fc1e6251f54d,  -6.409060, -45.589200,2026-07-11 16:52:00,NOAA-21,FERNANDO FALCÃO,MARANHÃO,Brasil,2104081,21,33,17,0.0,1.0,Cerrado,3.3
9f06fe85-3428-3226-b350-aa9925f1baf6,  -1.818760, -55.265710,2026-07-11 16:52:00,NOAA-21,ÓBIDOS,PARÁ,Brasil,1505106,15,33,1,0.0,0.68,Amazônia,16.6
ed813f2d-6843-3d1d-83e8-4e0cff00e5fc,  -6.943540, -43.713390,2026-07-11 16:52:00,NOAA-21,GUADALUPE,PIAUÍ,Brasil,2204501,22,33,23,0.11,1.0,Cerrado,18.7
fe97c2d9-671d-3be0-9d62-114247d2e71e,  -6.950300, -43.726100,2026-07-11 16:52:00,NOAA-21,GUADALUPE,PIAUÍ,Brasil,2204501,22,33,23,0.1,1.0,Cerrado,4.5
8110d948-1924-3c76-8a32-f0292ed903d9,  -3.059760, -59.354760,2026-07-11 16:52:00,NOAA-21,ITACOATIARA,AMAZONAS,Brasil,1301902,13,33,3,0.73,0.43,Amazônia,7.0
cdcdc32f-8825-3639-aba9-ae8123b27878,  -3.649830, -60.306660,2026-07-11 16:52:00,NOAA-21,CAREIRO,AMAZONAS,Brasil,1301100,13,33,2,1.6,0.06,Amazônia,5.6
6d260465-f443-3370-9bac-511b8580dcec,  -7.626630, -48.421330,2026-07-11 16:52:00,NOAA-21,NOVA OLINDA,TOCANTINS,Brasil,1714880,17,33,22,0.0,1.0,Amazônia,3.7
9cfea391-7016-34ae-9c57-0ea9e849fa20,  -1.204720, -46.157810,2026-07-11 16:52:00,NOAA-21,VISEU,PARÁ,Brasil,1508308,15,33,5,0.0,0.03,Amazônia,5.6
224e3fd1-1448-30b9-8622-0dd8c776dddb,  -3.843020, -43.035340,2026-07-11 16:52:00,NOAA-21,BURITI,MARANHÃO,Brasil,2102200,21,33,0,0.0,0.1,Cerrado,4.3
b71fcf1b-b7fe-3438-86b2-eb45090401c3,  -4.664950, -43.224450,2026-07-11 16:52:00,NOAA-21,ALDEIAS ALTAS,MARANHÃO,Brasil,2100303,21,33,13,0.0,0.49,Cerrado,27.6
062b04bd-f329-3eb8-be02-adecc8d8e0a7,  -7.193980, -48.257250,2026-07-11 16:52:00,NOAA-21,ARAGUAÍNA,TOCANTINS,Brasil,1702109,17,33,23,0.0,1.0,Amazônia,7.0
07fa1346-aa11-311f-b4f8-c12ab2a9a9f3,  -6.491770, -42.224870,2026-07-11 16:52:00,NOAA-21,VÁRZEA GRANDE,PIAUÍ,Brasil,2211407,22,33,56,0.0,0.99,Caatinga,8.9
a9ea5814-4832-33a1-98f6-63fc78eb6c10,  -6.945840, -43.726900,2026-07-11 16:52:00,NOAA-21,GUADALUPE,PIAUÍ,Brasil,2204501,22,33,23,0.1,1.0,Cerrado,4.5
e06396f3-ebc8-394d-8611-28c306725def,  -6.194190, -39.261860,2026-07-11 16:52:00,NOAA-21,QUIXELÔ,CEARÁ,Brasil,2311355,23,33,7,0.0,0.83,Caatinga,8.1
83a03cb0-7bdf-35a7-8b5a-83dcf662badb,  -5.979560, -39.939130,2026-07-11 16:52:00,NOAA-21,TAUÁ,CEARÁ,Brasil,2313302,23,33,5,0.0,0.72,Caatinga,7.1
f6290272-6c1b-333b-8cdf-238a9c844b36,  -2.799550, -49.533520,2026-07-11 16:52:00,NOAA-21,BAIÃO,PARÁ,Brasil,1501204,15,33,0,0.0,0.04,Amazônia,2.5
89edd7d3-2810-3526-97da-bc636c7eb7a4,  -1.883160, -47.518980,2026-07-11 16:52:00,NOAA-21,MÃE DO RIO,PARÁ,Brasil,1504059,15,33,0,2.88,0.2,Amazônia,15.3
fbc76a8e-b1f2-33e7-86d6-520e8d028870,  -7.908460, -49.916010,2026-07-11 16:52:00,NOAA-21,PAU D'ARCO,PARÁ,Brasil,1505551,15,33,22,0.0,1.0,Amazônia,8.8
53d845da-83e2-3557-93a4-1fd8e0fa735b,  -3.700570, -57.102040,2026-07-11 16:52:00,NOAA-21,MAUÉS,AMAZONAS,Brasil,1302900,13,33,3,0.0,0.07,Amazônia,7.3
4c283a4a-287a-3300-ac34-1accc90644d1,  -6.931500, -43.696830,2026-07-11 16:52:00,NOAA-21,GUADALUPE,PIAUÍ,Brasil,2204501,22,33,23,0.2,1.0,Cerrado,4.9
ffc20cdb-527b-37c4-bc53-88fa456a68a2,  -6.932850, -43.374080,2026-07-11 16:52:00,NOAA-21,FLORIANO,PIAUÍ,Brasil,2203909,22,33,23,0.1,1.0,Caatinga,3.6
b6bf848d-298a-31d8-b3f0-a342922f74ef,  -1.883110, -47.516530,2026-07-11 16:52:00,NOAA-21,MÃE DO RIO,PARÁ,Brasil,1504059,15,33,0,2.88,0.21,Amazônia,7.5
dad38f8c-8206-3e9e-aff9-e180a8b1eb71,  -6.948010, -43.712580,2026-07-11 16:52:00,NOAA-21,GUADALUPE,PIAUÍ,Brasil,2204501,22,33,23,0.1,1.0,Cerrado,18.7
91249cbe-52b4-392f-b46e-750dfa5a0cdd,  -7.927720, -48.259570,2026-07-11 16:52:00,NOAA-21,PALMEIRANTE,TOCANTINS,Brasil,1715705,17,33,23,0.0,1.0,Cerrado,2.8
e8d423d8-003e-3afa-b733-ed86903e2227,  -1.705780, -45.426970,2026-07-11 16:52:00,NOAA-21,TURIAÇU,MARANHÃO,Brasil,2112407,21,33,3,0.0,0.03,Amazônia,7.4
457c9264-5f75-3a43-a39c-d02fc03227d3,  -1.146970, -49.180640,2026-07-11 16:52:00,NOAA-21,PONTA DE PEDRAS,PARÁ,Brasil,1505700,15,33,0,0.03,0.02,Amazônia,3.2
6205b371-1924-32f9-b445-8f300c6f4117,  -7.401500, -49.733390,2026-07-11 16:52:00,NOAA-21,FLORESTA DO ARAGUAIA,PARÁ,Brasil,1503044,15,33,33,0.0,1.0,Amazônia,3.9
41cc3f62-19c8-3921-8470-66f62af015b4,  -4.664860, -43.226890,2026-07-11 16:52:00,NOAA-21,ALDEIAS ALTAS,MARANHÃO,Brasil,2100303,21,33,13,0.0,0.48,Cerrado,27.6
8a6ad6b6-fea2-38f7-bb63-481e3ac32327,  -4.520360, -40.550490,2026-07-11 16:52:00,NOAA-21,HIDROLÂNDIA,CEARÁ,Brasil,2305209,23,33,13,0.0,1.0,Caatinga,5.4
56de6991-18fe-3ca2-a5b4-db45255b1cde,  -2.286730, -50.071320,2026-07-11 16:52:00,NOAA-21,OEIRAS DO PARÁ,PARÁ,Brasil,1505205,15,33,3,0.0,0.05,Amazônia,19.6
5e96a9e6-5813-392f-b1a2-f1da4fe8ef86,  -6.917280, -47.622830,2026-07-11 16:52:00,NOAA-21,DARCINÓPOLIS,TOCANTINS,Brasil,1706506,17,33,0,0.0,1.0,Cerrado,17.7
ae0b8d49-a964-3eeb-a9d5-e418f5da8634,  -6.094400, -45.173680,2026-07-11 16:52:00,NOAA-21,FERNANDO FALCÃO,MARANHÃO,Brasil,2104081,21,33,16,0.0,1.0,Cerrado,2.3
56dc8ee6-1c6c-3fa6-9503-b2271447df49,  -6.804700, -47.990100,2026-07-11 16:52:00,NOAA-21,WANDERLÂNDIA,TOCANTINS,Brasil,1722081,17,33,17,0.7,1.0,Cerrado,3.4
49d7bcc0-3531-3cfb-84d9-363c42a5cb62,  -6.961670, -45.370390,2026-07-11 16:52:00,NOAA-21,SAMBAÍBA,MARANHÃO,Brasil,2109700,21,33,63,0.0,1.0,Cerrado,2.4
71f3edff-f77d-3613-b561-c8f88f10eabf,  -4.823510, -45.237140,2026-07-11 16:52:00,NOAA-21,LAGO DA PEDRA,MARANHÃO,Brasil,2105708,21,33,17,0.0,0.88,Cerrado,6.9
83dca1ef-9910-3356-92fc-a955bcc51a04,  -7.001210, -42.905730,2026-07-11 16:52:00,NOAA-21,FLORIANO,PIAUÍ,Brasil,2203909,22,33,23,0.0,1.0,Caatinga,23.9
73273b6e-518b-3d0f-8ff1-65558fe2c237,  -6.804100, -47.986250,2026-07-11 16:52:00,NOAA-21,WANDERLÂNDIA,TOCANTINS,Brasil,1722081,17,33,17,0.77,1.0,Cerrado,3.5
69e85187-0fa7-3059-9e49-0e1dce739bd1,  -6.717980, -45.105100,2026-07-11 16:52:00,NOAA-21,MIRADOR,MARANHÃO,Brasil,2106706,21,33,2,0.0,1.0,Cerrado,3.9
777fb14a-fa86-3d48-887a-32d08d5a7d2b,  -6.935980, -43.696040,2026-07-11 16:52:00,NOAA-21,GUADALUPE,PIAUÍ,Brasil,2204501,22,33,23,0.19,1.0,Cerrado,4.9
7da10482-a2a4-37dc-9d64-5b57d01436a5,  -3.064410, -45.031600,2026-07-11 16:52:00,NOAA-21,MATINHA,MARANHÃO,Brasil,2106508,21,33,-999,0.0,0.51,Amazônia,4.3
8ae95b97-26b2-371f-a224-2b3dfd692362,  -6.195010, -39.266460,2026-07-11 16:52:00,NOAA-21,QUIXELÔ,CEARÁ,Brasil,2311355,23,33,7,0.0,0.83,Caatinga,8.1
6470fac8-524c-3a91-9fba-4b750bfaa49f,  -4.668770, -43.220810,2026-07-11 16:52:00,NOAA-21,ALDEIAS ALTAS,MARANHÃO,Brasil,2100303,21,33,13,0.0,0.51,Cerrado,22.0
cb7d5826-cb58-3a19-98be-ee858d3f7b81,  -6.240710, -41.961200,2026-07-11 16:52:00,NOAA-21,VALENÇA DO PIAUÍ,PIAUÍ,Brasil,2211308,22,33,50,0.0,1.0,Caatinga,2.4
87328c47-3c7f-37cf-8ef4-4513fdae73a7,  -5.474620, -47.468770,2026-07-11 16:52:00,NOAA-21,IMPERATRIZ,MARANHÃO,Brasil,2105302,21,33,0,0.0,-999.0,Cerrado,3.6
c5db10d6-df74-3573-8425-ad023effc3d5,  -6.936760, -43.700630,2026-07-11 16:52:00,NOAA-21,GUADALUPE,PIAUÍ,Brasil,2204501,22,33,23,0.18,1.0,Cerrado,15.9
dcd79ee5-ed6c-301d-bd80-f11e19a3f2cc,  -2.377380, -48.229050,2026-07-11 16:52:00,NOAA-21,TOMÉ-AÇU,PARÁ,Brasil,1508001,15,33,2,0.0,0.08,Amazônia,10.2
28251407-8ea4-3e84-a9f7-febab444b40a,  -2.016710, -48.100900,2026-07-11 16:52:00,NOAA-21,ACARÁ,PARÁ,Brasil,1500206,15,33,2,0.5,0.06,Amazônia,5.8
4a21a420-300d-3c72-90ae-b439892c4d34,  -1.677610, -48.950290,2026-07-11 16:52:00,NOAA-21,ABAETETUBA,PARÁ,Brasil,1500107,15,33,0,0.0,0.02,Amazônia,3.8
0750a8f7-f400-3020-a67c-87c46a520f2e,  -2.212590, -54.752140,2026-07-11 16:52:00,NOAA-21,SANTARÉM,PARÁ,Brasil,1506807,15,33,8,0.88,-999.0,Amazônia,4.8
e1c6f5f7-8cd0-3db3-8614-69e9436db71e,  -7.193390, -48.253500,2026-07-11 16:52:00,NOAA-21,ARAGUAÍNA,TOCANTINS,Brasil,1702109,17,33,23,0.0,1.0,Amazônia,2.3
5b0ce4f9-202d-3f56-9a24-caee847050a0,  -6.495820, -42.218500,2026-07-11 16:52:00,NOAA-21,VÁRZEA GRANDE,PIAUÍ,Brasil,2211407,22,33,56,0.0,0.99,Caatinga,18.8
b6baf851-62a0-3e8f-8b41-8fa3d324a24e,  -6.501310, -42.220540,2026-07-11 16:52:00,NOAA-21,VÁRZEA GRANDE,PIAUÍ,Brasil,2211407,22,33,57,0.0,0.99,Caatinga,12.8
f2e7fc46-fbb2-3949-8b8e-67e33c8dfbe5,  -6.415900, -45.580890,2026-07-11 16:52:00,NOAA-21,FERNANDO FALCÃO,MARANHÃO,Brasil,2104081,21,33,16,0.0,1.0,Cerrado,3.3
4957daf4-424c-3fb8-89cd-937a11e8f444,  -6.854940, -44.868010,2026-07-11 16:52:00,NOAA-21,SÃO FÉLIX DE BALSAS,MARANHÃO,Brasil,2110807,21,33,2,0.0,1.0,Cerrado,4.5
cee2856f-f734-30f4-92b0-968386c6c739,  -6.706960, -45.064610,2026-07-11 16:52:00,NOAA-21,MIRADOR,MARANHÃO,Brasil,2106706,21,33,2,0.0,1.0,Cerrado,3.5
13464164-76ad-3237-b7e1-26ce27ceedbf,  -3.304650, -57.053420,2026-07-11 16:52:00,NOAA-21,BARREIRINHA,AMAZONAS,Brasil,1300508,13,33,1,0.26,0.05,Amazônia,5.1
ebd94b51-2dd3-3c4c-a2d9-cdbbd3ec1b4a,  -3.145740, -61.138280,2026-07-11 16:52:00,NOAA-21,MANACAPURU,AMAZONAS,Brasil,1302504,13,33,5,0.0,0.16,Amazônia,12.1
40031329-da60-3bee-8c19-2683fd0e8e2b,  -4.663970, -43.221630,2026-07-11 16:52:00,NOAA-21,ALDEIAS ALTAS,MARANHÃO,Brasil,2100303,21,33,13,0.0,0.49,Cerrado,22.0
04bf1eb7-7fdd-37a3-ad8e-8dada01f946b,  -3.235280, -60.222640,2026-07-11 16:52:00,NOAA-21,IRANDUBA,AMAZONAS,Brasil,1301852,13,33,4,0.0,0.22,Amazônia,2.8
05d76d37-2c47-3800-91c2-b4562878757f,  -3.467350, -56.897580,2026-07-11 16:52:00,NOAA-21,BARREIRINHA,AMAZONAS,Brasil,1300508,13,33,0,0.1,0.03,Amazônia,3.7
33d9e50c-0b76-38b3-85d4-9dadeb63d77a,  -2.886410, -42.901470,2026-07-11 16:52:00,NOAA-21,BARREIRINHAS,MARANHÃO,Brasil,2101707,21,33,3,0.0,0.12,Cerrado,3.3
d9ea1313-5f91-3a93-8692-f5069816b29f,  -1.992640, -47.047450,2026-07-11 16:52:00,NOAA-21,GARRAFÃO DO NORTE,PARÁ,Brasil,1503077,15,33,2,0.7,0.09,Amazônia,8.2
6c665429-d497-35b9-ba10-97256df1cf9e,  -6.708040, -45.065040,2026-07-11 16:52:00,NOAA-21,MIRADOR,MARANHÃO,Brasil,2106706,21,33,2,0.0,1.0,Cerrado,3.4
7e90ac27-6642-309c-b677-222b37321fc3,  -3.140770, -45.191170,2026-07-11 16:52:00,NOAA-21,VIANA,MARANHÃO,Brasil,2112803,21,33,2,0.0,0.7,Amazônia,5.4
e15f3eb2-3608-3745-9987-a5414ba2afb5,  -6.996490, -42.906550,2026-07-11 16:52:00,NOAA-21,FLORIANO,PIAUÍ,Brasil,2203909,22,33,23,0.0,1.0,Caatinga,42.2
135f6f8a-5bfd-3268-8ebf-52113be5f87a,  -4.668900, -43.218300,2026-07-11 16:52:00,NOAA-21,ALDEIAS ALTAS,MARANHÃO,Brasil,2100303,21,33,13,0.0,0.49,Cerrado,18.7
5c67101a-a66c-32fe-aab8-789bf7a1e18d,  -6.997330, -42.911620,2026-07-11 16:52:00,NOAA-21,FLORIANO,PIAUÍ,Brasil,2203909,22,33,23,0.0,1.0,Caatinga,42.2
1f047f86-b719-336f-9807-87050b2e0884,  -2.507910, -49.439020,2026-07-11 16:52:00,NOAA-21,CAMETÁ,PARÁ,Brasil,1502103,15,33,1,0.0,0.05,Amazônia,3.1
7c65c5a4-3ff8-39fb-98ac-bc9c08da6750,  -4.669760, -43.223620,2026-07-11 16:52:00,NOAA-21,ALDEIAS ALTAS,MARANHÃO,Brasil,2100303,21,33,13,0.0,0.57,Cerrado,27.6
ad27b72b-9bc1-35e0-9cec-fc58934a5996,  -1.966070, -45.217250,2026-07-11 16:52:00,NOAA-21,TURILÂNDIA,MARANHÃO,Brasil,2112456,21,33,3,0.0,0.05,Amazônia,3.5
de3fb993-f09d-3a43-9918-4ccf1165e9f4,  -5.078660, -42.511570,2026-07-11 16:52:00,NOAA-21,ALTOS,PIAUÍ,Brasil,2200400,22,33,13,0.0,0.71,Caatinga,4.5
bb57a1eb-57de-3e7d-b621-e381aac65f1e,  -6.983580, -43.313140,2026-07-11 16:52:00,NOAA-21,FLORIANO,PIAUÍ,Brasil,2203909,22,33,23,0.39,1.0,Caatinga,3.6
9b26ae17-fe97-3488-b4fe-8b64cb7f6182,  -6.039780, -52.791370,2026-07-11 16:52:00,NOAA-21,SÃO FÉLIX DO XINGU,PARÁ,Brasil,1507300,15,33,16,1.7,0.21,Amazônia,2.0
9550aca9-a3fe-3de7-84f1-f82fcb2d836e,  -6.855570, -44.871830,2026-07-11 16:52:00,NOAA-21,SÃO FÉLIX DE BALSAS,MARANHÃO,Brasil,2110807,21,33,2,0.0,1.0,Cerrado,3.4
c0077102-a1e9-3c14-abcd-a31a912913cf,  -3.312680, -54.701650,2026-07-11 16:52:00,NOAA-21,MOJUÍ DOS CAMPOS,PARÁ,Brasil,1504752,15,33,3,0.0,0.11,Amazônia,2.8
00006706-069d-31a7-a983-6490ebc656af,  -4.669660, -43.226090,2026-07-11 16:52:00,NOAA-21,ALDEIAS ALTAS,MARANHÃO,Brasil,2100303,21,33,13,0.0,0.62,Cerrado,27.6
7fcd2a65-ec20-3f89-93bf-47f26de84b88,  -4.369520, -43.788960,2026-07-11 16:52:00,NOAA-21,CODÓ,MARANHÃO,Brasil,2103307,21,33,8,0.0,0.5,Cerrado,14.0
c782fce8-73ee-30ed-a060-4109d875f591,  -7.012450, -45.418370,2026-07-11 16:52:00,NOAA-21,SÃO RAIMUNDO DAS MANGABEIRAS,MARANHÃO,Brasil,2111607,21,33,48,0.0,1.0,Cerrado,8.6
c7df6eac-18dc-3cde-88c2-2b10fe035268,  -6.997340, -42.903350,2026-07-11 16:52:00,NOAA-21,FLORIANO,PIAUÍ,Brasil,2203909,22,33,23,0.0,1.0,Caatinga,54.2
ba334099-cc36-3cc9-852b-0b2e11f359d5,  -4.822890, -45.233300,2026-07-11 16:52:00,NOAA-21,LAGO DA PEDRA,MARANHÃO,Brasil,2105708,21,33,17,0.0,0.72,Cerrado,6.9
1fff63e6-3c7e-3c41-bbce-c0d6027b4d31,  -6.877850, -43.666230,2026-07-11 16:52:00,NOAA-21,GUADALUPE,PIAUÍ,Brasil,2204501,22,33,23,0.2,1.0,Cerrado,15.0
dc09f141-d269-345a-9551-68ad64b1ab84,  -4.486380, -59.596190,2026-07-11 16:52:00,NOAA-21,BORBA,AMAZONAS,Brasil,1300805,13,33,5,0.2,0.14,Amazônia,3.2
d2b514a0-5488-39ac-87f4-cfb725b9d10b,  -2.765740, -42.477920,2026-07-11 16:52:00,NOAA-21,PAULINO NEVES,MARANHÃO,Brasil,2108058,21,33,-999,0.0,0.46,Cerrado,7.7
f8cc02fb-b868-3010-8fab-bf8e76ffd712,  -3.140110, -61.139060,2026-07-11 16:52:00,NOAA-21,MANACAPURU,AMAZONAS,Brasil,1302504,13,33,5,0.0,0.16,Amazônia,12.1
c23b013f-dc51-3561-84f5-9eb060c064fb,  -4.202230, -56.039700,2026-07-11 16:52:00,NOAA-21,ITAITUBA,PARÁ,Brasil,1503606,15,33,2,1.68,0.62,Amazônia,5.3
6bd76550-bda8-3fd7-987c-0795533465fd,  -3.608760, -48.910610,2026-07-11 16:52:00,NOAA-21,GOIANÉSIA DO PARÁ,PARÁ,Brasil,1503093,15,33,0,0.2,0.26,Amazônia,4.6
05e65e46-9e96-3cb6-aa81-5ad700427738,  -4.670610, -43.228900,2026-07-11 16:52:00,NOAA-21,ALDEIAS ALTAS,MARANHÃO,Brasil,2100303,21,33,13,0.0,0.72,Cerrado,27.6
eab1686b-041a-3ba8-a322-0ee44efd0b0c,  -7.330810, -46.628800,2026-07-11 16:52:00,NOAA-21,RIACHÃO,MARANHÃO,Brasil,2109502,21,33,22,0.0,1.0,Cerrado,13.3
d8eacf12-2f71-367a-8c6a-dc5b043bef44,  -2.765220, -42.474720,2026-07-11 16:52:00,NOAA-21,PAULINO NEVES,MARANHÃO,Brasil,2108058,21,33,-999,0.0,0.45,Cerrado,8.9
e7dd5f6e-ebbc-31c9-a1a2-64b50f292b7b,  -2.445660, -49.098990,2026-07-11 16:52:00,NOAA-21,MOJU,PARÁ,Brasil,1504703,15,33,2,0.0,0.07,Amazônia,6.9
64107e9e-4fb4-337b-881a-a8044cd1d0ba,  -6.486760, -42.225640,2026-07-11 16:52:00,NOAA-21,VÁRZEA GRANDE,PIAUÍ,Brasil,2211407,22,33,56,0.0,0.99,Caatinga,11.2
d3624721-eb46-34f1-af80-4587e265c1e9,  -4.281430, -60.850150,2026-07-11 16:52:00,NOAA-21,BERURI,AMAZONAS,Brasil,1300631,13,33,3,0.0,0.14,Amazônia,3.4
659351b5-70be-3e41-8931-3061649fb72b,   -.949810, -47.500210,2026-07-11 16:52:00,NOAA-21,MARACANÃ,PARÁ,Brasil,1504307,15,33,2,0.0,0.01,Amazônia,7.8
b7b46646-b0e2-3ec9-879f-6db064069325,  -2.767460, -42.388940,2026-07-11 16:52:00,NOAA-21,TUTÓIA,MARANHÃO,Brasil,2112506,21,33,-999,0.0,0.38,Cerrado,32.5
64129627-9b38-37d5-8591-31b75abc126b,  -3.127940, -45.208230,2026-07-11 16:52:00,NOAA-21,VIANA,MARANHÃO,Brasil,2112803,21,33,2,0.0,0.28,Amazônia,11.4
aec22fa6-54a3-3ccd-9db4-570edb7aeb57,  -2.449120, -49.098460,2026-07-11 16:52:00,NOAA-21,MOJU,PARÁ,Brasil,1504703,15,33,2,0.0,0.21,Amazônia,6.9
751dbf6c-bfaf-39b6-9d52-2ad14d6d5af3,  -3.143250, -45.193190,2026-07-11 16:52:00,NOAA-21,VIANA,MARANHÃO,Brasil,2112803,21,33,2,0.0,0.7,Amazônia,1.2
02dfd5b3-9bf8-3cad-b5a6-aae99280eb19,  -4.006760, -47.858650,2026-07-11 16:52:00,NOAA-21,ULIANÓPOLIS,PARÁ,Brasil,1508126,15,33,2,0.0,1.0,Amazônia,6.7
01db2840-b034-3019-9eee-94a882ba1134,  -6.491300, -42.222120,2026-07-11 16:52:00,NOAA-21,VÁRZEA GRANDE,PIAUÍ,Brasil,2211407,22,33,56,0.0,0.99,Caatinga,8.9
f0af811f-7492-35c3-b347-bf30f3d67080,  -1.965410, -45.216560,2026-07-11 16:52:00,NOAA-21,TURILÂNDIA,MARANHÃO,Brasil,2112456,21,33,3,0.0,0.05,Amazônia,4.3
a9ca1c5d-a3d7-330a-af67-5c21074b7ec5,  -6.736260, -43.078720,2026-07-11 16:52:00,NOAA-21,BARÃO DE GRAJAÚ,MARANHÃO,Brasil,2101509,21,33,23,0.0,1.0,Cerrado,6.7
cfa1f528-4bdb-36a2-9e57-af3ae9b8292c,    .144410, -60.412670,2026-07-11 16:54:00,NOAA-21,RORAINÓPOLIS,RORAIMA,Brasil,1400472,14,33,4,0.0,0.02,Amazônia,3.5
29ba2a90-53b5-3415-8472-a6b6922ac1b7,   1.992450, -55.857700,2026-07-11 16:54:00,NOAA-21,ORIXIMINÁ,PARÁ,Brasil,1505304,15,33,4,0.0,0.29,Amazônia,4.7
df1b8e21-7eb5-3f2b-872c-ad9642b033ea,    .196470, -60.501280,2026-07-11 16:54:00,NOAA-21,RORAINÓPOLIS,RORAIMA,Brasil,1400472,14,33,3,0.0,0.02,Amazônia,6.1
810e30ac-0b63-34a5-bb9e-c240cf9f7bfd,    .149520, -60.413380,2026-07-11 16:54:00,NOAA-21,RORAINÓPOLIS,RORAIMA,Brasil,1400472,14,33,4,0.0,0.02,Amazônia,3.5
5cd85615-e51c-3bd7-9e82-e333e534c1d3,    .147540, -60.413860,2026-07-11 16:54:00,NOAA-21,RORAINÓPOLIS,RORAIMA,Brasil,1400472,14,33,4,0.0,0.02,Amazônia,5.0
7b3d569c-d69c-36df-b8c3-0e09376de5dc,   1.993120, -55.853400,2026-07-11 16:54:00,NOAA-21,ÓBIDOS,PARÁ,Brasil,1505106,15,33,4,0.0,0.29,Amazônia,3.0
afdebc60-03c0-37dd-a61f-663a6aec5ed3,   1.504160, -55.745490,2026-07-11 16:54:00,NOAA-21,ORIXIMINÁ,PARÁ,Brasil,1505304,15,33,6,0.0,0.26,Amazônia,6.7
d0af02d5-96ee-343b-9c55-add3103fc35b,   2.547370, -59.761100,2026-07-11 16:54:00,NOAA-21,Rest of Region 9,Upper Takutu-Upper Essequibo,Guyana,112,10,98,0,0.0,0.12,,4.7
519c0d35-b92a-359b-845a-025e5ff16048,    .201600, -60.502030,2026-07-11 16:54:00,NOAA-21,RORAINÓPOLIS,RORAIMA,Brasil,1400472,14,33,3,0.0,0.02,Amazônia,6.1
e5947d8e-e427-309d-a734-c495e4f1c716,   3.267720, -60.046480,2026-07-11 16:54:00,NOAA-21,BONFIM,RORAIMA,Brasil,1400159,14,33,0,0.0,0.03,Amazônia,6.1
3eae6d84-339d-3287-9c34-6ff834779004,   5.606890, -53.679110,2026-07-11 16:56:00,NOAA-21,Mana,Saint-Laurent-du-Maroni,French Guiana,17,2,80,-999,0.1,0.0,,2.8
774861f1-8a70-3411-9bf6-5899d3548be5,   4.331580, -61.021810,2026-07-11 16:56:00,NOAA-21,PACARAIMA,RORAIMA,Brasil,1400456,14,33,0,1.47,0.01,Amazônia,1.6
714bf78d-f12f-354b-a32f-b67d8a4dd6ba,   7.911260, -63.739650,2026-07-11 16:56:00,NOAA-21,Heres,Bolívar,Venezuela,72,6,249,1,2.7,1.0,,6.8
cae1763a-3b40-3a49-a975-29784b4b021a,   5.182180, -61.595640,2026-07-11 16:56:00,NOAA-21,Gran Sabana,Bolívar,Venezuela,71,6,249,0,7.24,0.0,,5.7
c7fc666d-bf6b-3832-885b-ccae5d62826e,  -6.497300, -42.214200,2026-07-11 17:00:00,GOES-19,VÁRZEA GRANDE,PIAUÍ,Brasil,2211407,22,33,56,0.0,0.99,Caatinga,55.8
f84f5041-eb6e-329b-9974-bfbbcf357863,  -6.951400, -43.701500,2026-07-11 17:10:00,GOES-19,GUADALUPE,PIAUÍ,Brasil,2204501,22,33,23,0.1,1.0,Cerrado,91.0
8d4921d4-0ffb-3e84-9b44-f9bdb0cc214c,  -6.951200, -43.724700,2026-07-11 17:10:00,GOES-19,GUADALUPE,PIAUÍ,Brasil,2204501,22,33,24,0.1,1.0,Cerrado,93.9
d88d9b64-5b64-371a-8838-7a4b564a536a, -14.604100, -69.094800,2026-07-11 17:10:00,GOES-19,Franz Tamayo,La Paz,Bolivia,36,4,28,14,0.1,0.82,,109.9
3e14785e-c81a-3c64-b516-2641ea0a273e, -16.625400, -68.929100,2026-07-11 17:20:00,GOES-19,Ingavi,La Paz,Bolivia,38,4,28,8,0.0,0.77,,107.6
95577886-bbf6-3014-8b41-66d212214353,  -6.951400, -43.701500,2026-07-11 17:20:00,GOES-19,GUADALUPE,PIAUÍ,Brasil,2204501,22,33,23,0.1,1.0,Cerrado,95.3
f0f90635-3aed-305f-b860-077118e383f1, -13.432800, -72.924200,2026-07-11 17:20:00,GOES-19,Abancay,Apurímac,Peru,28,3,178,29,0.0,0.87,,51.8
228d39d5-b14b-394b-9696-62ef5ee0c830,  -6.951200, -43.724700,2026-07-11 17:20:00,GOES-19,GUADALUPE,PIAUÍ,Brasil,2204501,22,33,24,0.1,1.0,Cerrado,92.8
80ebf2a9-20d3-38e5-9e5e-31d9e925fc2a,  -6.951200, -43.724700,2026-07-11 17:30:00,GOES-19,GUADALUPE,PIAUÍ,Brasil,2204501,22,33,24,0.1,1.0,Cerrado,111.3
7d6148c2-52e4-3383-8526-ea0c82ea421b,  -6.951400, -43.701500,2026-07-11 17:30:00,GOES-19,GUADALUPE,PIAUÍ,Brasil,2204501,22,33,23,0.1,1.0,Cerrado,106.4
3f892fd9-0457-3918-a945-882f5606fb72, -36.382520, -72.323560,2026-07-11 17:37:00,NOAA-20,Ñuble,Bío-Bío,Chile,15,6,48,0,0.17,0.08,,30.4
ff8c34a8-b778-38f9-a418-ebb69d9755a1, -35.170350, -69.247790,2026-07-11 17:37:00,NOAA-20,San Rafael,Mendoza,Argentina,332,13,12,0,0.0,0.76,,0.5
be4c1b58-5872-3251-a97c-11077b92ca74, -33.936020, -58.726770,2026-07-11 17:37:00,NOAA-20,Islas del Ibicuy,Entre Ríos,Argentina,245,8,12,3,0.0,0.82,,11.7
aef47611-17ee-38c1-901d-06837b904cdf, -36.375420, -72.324330,2026-07-11 17:37:00,NOAA-20,Ñuble,Bío-Bío,Chile,15,6,48,0,0.2,0.1,,30.4
5b8e90f8-c882-3598-87a9-4cd28e945988, -33.794530, -59.790810,2026-07-11 17:37:00,NOAA-20,San Pedro,Buenos Aires,Argentina,112,1,12,6,0.1,0.81,,3.1
06663b59-ef5b-3416-b7ea-02d4bcc306f2, -36.378700, -72.314240,2026-07-11 17:37:00,NOAA-20,Ñuble,Bío-Bío,Chile,15,6,48,0,0.26,0.08,,26.9
ef986a50-1928-3a2b-a5ec-46895fa20f61, -36.378830, -72.323130,2026-07-11 17:37:00,NOAA-20,Ñuble,Bío-Bío,Chile,15,6,48,0,0.19,0.09,,52.0
ce58f70c-e591-3852-a20f-84099adbb8f2, -34.154270, -57.959570,2026-07-11 17:37:00,NOAA-20,n.a461,Colonia,Uruguay,49,4,245,-999,0.49,0.75,,0.5
fcaa2624-f41e-3e4c-aca4-0bcd523b52b4, -28.586960, -56.662050,2026-07-11 17:39:00,NOAA-20,General Alvear,Corrientes,Argentina,218,7,12,13,0.0,0.92,,2.2
588850b3-9e57-3018-9639-600db0e6a18e, -30.107630, -57.870140,2026-07-11 17:39:00,NOAA-20,Monte Caseros,Corrientes,Argentina,226,7,12,21,0.1,0.89,,4.7
084fe049-9428-3b6c-b8d8-3dc64c208860, -29.470460, -56.994170,2026-07-11 17:39:00,NOAA-20,Paso de los Libres,Corrientes,Argentina,227,7,12,19,0.0,0.92,,3.3
e2dcd6a6-39e6-328c-8e8b-f0f8191effcf, -29.137990, -57.565530,2026-07-11 17:39:00,NOAA-20,Mercedes,Corrientes,Argentina,225,7,12,22,0.0,0.92,,3.9
62623bd3-b8b9-3a9a-b1bc-b8142f5ac7b8, -28.621700, -55.568030,2026-07-11 17:39:00,NOAA-20,SANTO ANTÔNIO DAS MISSÕES,RIO GRANDE DO SUL,Brasil,4317707,43,33,6,0.0,0.72,Pampa,6.1
2a03f7d8-28e3-3ac8-843c-d7534366141d, -29.514580, -57.150510,2026-07-11 17:39:00,NOAA-20,Paso de los Libres,Corrientes,Argentina,227,7,12,19,0.0,0.93,,1.7
4b7de18a-505b-302c-a4b9-06f9d131f549, -30.434850, -59.059520,2026-07-11 17:39:00,NOAA-20,Feliciano,Entre Ríos,Argentina,241,8,12,17,0.0,0.88,,4.1
e2457c6f-8f4f-3c5e-882d-53f6327d1950, -23.034690, -47.081260,2026-07-11 17:39:00,NOAA-20,CAMPINAS,SÃO PAULO,Brasil,3509502,35,33,15,0.0,1.0,Mata Atlântica,2.8
06b58081-9f8c-37e4-841e-e510731c10fc, -25.909940, -59.397200,2026-07-11 17:39:00,NOAA-20,Pirané,Formosa,Argentina,260,9,12,22,0.0,0.78,,5.2
42ca6fa5-0079-3834-a0b8-a4dd08487cd0, -30.386920, -59.516470,2026-07-11 17:39:00,NOAA-20,La Paz,Entre Ríos,Argentina,246,8,12,1,1.23,0.89,,3.2
d6e59c32-e855-3bbb-b02f-6818c7b6e284, -30.906580, -57.976000,2026-07-11 17:39:00,NOAA-20,Federación,Entre Ríos,Argentina,239,8,12,22,0.22,0.88,,3.1
3ecacee9-f054-3183-b873-0c44ac63e966, -29.385910, -57.344050,2026-07-11 17:39:00,NOAA-20,Paso de los Libres,Corrientes,Argentina,227,7,12,18,0.25,0.93,,3.3
84afb0bd-3181-3358-b3f2-2b3d49b155b1, -29.774640, -57.619120,2026-07-11 17:39:00,NOAA-20,Paso de los Libres,Corrientes,Argentina,227,7,12,19,0.1,0.91,,9.3
57942ef8-3f0c-391f-b4ea-7ab440f49193, -28.695280, -56.425560,2026-07-11 17:39:00,NOAA-20,Santo Tomé,Corrientes,Argentina,234,7,12,13,0.04,0.93,,11.9
62e1c32f-43ef-342e-ae3e-6d0e6a8dd7a9, -29.714300, -57.672230,2026-07-11 17:39:00,NOAA-20,Mercedes,Corrientes,Argentina,225,7,12,14,0.0,0.83,,1.4
590d3612-fb64-39bf-a5de-b26805052c97, -30.431470, -59.060150,2026-07-11 17:39:00,NOAA-20,La Paz,Entre Ríos,Argentina,246,8,12,17,0.0,0.88,,4.1
4d5d768c-0894-3a50-aea0-4d3ee6d6d150, -30.338190, -58.944240,2026-07-11 17:39:00,NOAA-20,Feliciano,Entre Ríos,Argentina,241,8,12,3,0.0,0.89,,2.8
b8354a26-b0d1-323a-9086-934216fa520e, -29.609050, -59.720360,2026-07-11 17:39:00,NOAA-20,San Javier,Santa Fe,Argentina,452,21,12,20,0.0,0.42,,1.8
6ea81454-cb31-3e20-a6bf-942ff3c3d5d3, -29.508030, -57.233280,2026-07-11 17:39:00,NOAA-20,Paso de los Libres,Corrientes,Argentina,227,7,12,19,0.0,0.85,,5.0
268a90fd-42e5-36c1-bc48-b52c1d70a64c, -28.900940, -56.713840,2026-07-11 17:39:00,NOAA-20,San Martín,Corrientes,Argentina,231,7,12,13,0.2,0.92,,2.9
b99add34-c9ec-3f47-89f4-9f275eb1fe8b, -28.488420, -59.152650,2026-07-11 17:39:00,NOAA-20,General Obligado,Santa Fe,Argentina,445,21,12,6,0.0,0.93,,1.9
53437d58-b9b6-35f6-804d-92c61ed128ac, -28.892780, -57.979000,2026-07-11 17:39:00,NOAA-20,Mercedes,Corrientes,Argentina,225,7,12,18,0.2,0.93,,1.8
3d4538aa-5d75-36fc-ad41-39c49da12f90, -29.777350, -57.614480,2026-07-11 17:39:00,NOAA-20,Paso de los Libres,Corrientes,Argentina,227,7,12,19,0.1,0.91,,9.3
5b1d716c-220b-32f5-b75d-b2f19a17abee, -29.690300, -57.799660,2026-07-11 17:39:00,NOAA-20,Mercedes,Corrientes,Argentina,225,7,12,19,0.0,0.92,,7.6
1ad477f9-0e98-3900-be2d-502838878765, -28.893380, -57.982940,2026-07-11 17:39:00,NOAA-20,Mercedes,Corrientes,Argentina,225,7,12,17,0.23,0.93,,2.9
12a125c2-76c1-3eb5-85a6-710253166921, -27.064170, -60.434910,2026-07-11 17:39:00,NOAA-20,San Lorenzo,Chaco,Argentina,191,4,12,23,0.0,0.86,,7.9
3925efd2-08c7-368d-91f9-3ac10b6beb3b, -30.341570, -58.943600,2026-07-11 17:39:00,NOAA-20,Feliciano,Entre Ríos,Argentina,241,8,12,3,0.0,0.89,,2.2
3e0aa445-a979-353a-b0b8-962e4ff72a97, -27.803980, -59.246990,2026-07-11 17:39:00,NOAA-20,San Fernando,Chaco,Argentina,190,4,12,7,0.0,0.92,,8.5
74a71402-73ff-3d9b-840a-d726e0e079c3, -27.144290, -59.369030,2026-07-11 17:39:00,NOAA-20,General Donovan,Chaco,Argentina,178,4,12,13,0.2,0.94,,3.9
08f3283c-9098-30f2-8faa-cc6caaa37f91, -30.434270, -59.055340,2026-07-11 17:39:00,NOAA-20,Feliciano,Entre Ríos,Argentina,241,8,12,18,0.0,0.88,,4.1
88ac538b-e5dc-3311-b6de-d24da6752fb4, -29.313980, -57.104390,2026-07-11 17:39:00,NOAA-20,Paso de los Libres,Corrientes,Argentina,227,7,12,18,0.0,0.91,,4.3
2837c41c-be8b-35b2-a053-f88f2a09a367, -30.226840, -57.805520,2026-07-11 17:39:00,NOAA-20,Monte Caseros,Corrientes,Argentina,226,7,12,22,0.22,0.88,,3.0
7bb0d806-c2c7-38d5-8c5a-dccba7e0e88b, -28.442510, -56.964240,2026-07-11 17:39:00,NOAA-20,San Martín,Corrientes,Argentina,231,7,12,7,0.0,0.93,,5.0
9eb260bb-1d32-3dea-9540-b62fc6af5d53, -29.719160, -57.704060,2026-07-11 17:39:00,NOAA-20,Mercedes,Corrientes,Argentina,225,7,12,16,0.0,0.92,,1.8
74a1a7c9-dd12-3ca2-bdec-69d09a98aa31, -30.905970, -57.971940,2026-07-11 17:39:00,NOAA-20,Federación,Entre Ríos,Argentina,239,8,12,22,0.21,-999.0,,3.1
c22269da-3393-35a3-9237-abf5ee724ac1, -28.414970, -59.393420,2026-07-11 17:39:00,NOAA-20,General Obligado,Santa Fe,Argentina,445,21,12,9,0.0,0.92,,2.8
8afd8cfd-d591-3b56-9dd7-107e620341b3, -26.601990, -64.555560,2026-07-11 17:39:00,NOAA-20,Burruyacú,Tucumán,Argentina,487,24,12,46,0.0,0.93,,3.1
547c096a-9fdb-3823-81ed-3ac891be7a76, -28.389240, -59.431390,2026-07-11 17:39:00,NOAA-20,General Obligado,Santa Fe,Argentina,445,21,12,14,0.0,0.92,,2.9
11146cec-5330-36b1-824c-9ae35b393d2e, -30.709750, -59.129990,2026-07-11 17:39:00,NOAA-20,Federal,Entre Ríos,Argentina,240,8,12,20,0.1,0.87,,3.3
1f5fc4ec-d625-30b7-807a-8c37f3029178, -30.256000, -58.642460,2026-07-11 17:39:00,NOAA-20,Feliciano,Entre Ríos,Argentina,241,8,12,20,0.0,0.89,,5.0
6efdaa82-4029-3a41-bb73-86eeeff9270b, -28.983000, -57.835820,2026-07-11 17:39:00,NOAA-20,Mercedes,Corrientes,Argentina,225,7,12,20,0.1,0.93,,3.2
bc4f8c8e-fc52-3e9a-bda2-a6b5f6fb9c1e, -26.949180, -60.813680,2026-07-11 17:39:00,NOAA-20,Independencia,Chaco,Argentina,180,4,12,23,0.0,0.92,,7.2
646d79b3-c687-3de9-8909-1802d1de627d, -28.215840, -59.490540,2026-07-11 17:39:00,NOAA-20,General Obligado,Santa Fe,Argentina,445,21,12,12,0.0,0.92,,3.6
a62d8f48-8cbf-37cf-9888-af106b7ba9c0, -28.932640, -57.487680,2026-07-11 17:39:00,NOAA-20,Mercedes,Corrientes,Argentina,225,7,12,17,0.2,0.91,,5.3
64a4562c-615c-37e3-9830-1f08229d3b21, -28.590310, -56.661350,2026-07-11 17:39:00,NOAA-20,General Alvear,Corrientes,Argentina,218,7,12,13,0.0,0.92,,2.8
77039e56-8c3b-3f4c-880f-d50a2285d9e4, -29.243030, -56.896490,2026-07-11 17:39:00,NOAA-20,Paso de los Libres,Corrientes,Argentina,227,7,12,13,0.0,0.9,,4.0
37937c94-72a9-345b-9595-99f4e1ecd64b, -29.777960, -57.618450,2026-07-11 17:39:00,NOAA-20,Paso de los Libres,Corrientes,Argentina,227,7,12,19,0.1,0.91,,9.3
55cd2300-e513-34c0-9e5f-a332f7311f6c, -29.721030, -60.034900,2026-07-11 17:39:00,NOAA-20,Vera,Santa Fe,Argentina,457,21,12,20,0.0,0.87,,3.2
c3d98d17-a79b-3a06-ad54-e91617badc6c, -30.786890, -58.367570,2026-07-11 17:39:00,NOAA-20,Federación,Entre Ríos,Argentina,239,8,12,21,0.1,0.88,,8.1
41173d11-2d58-3cd3-8a35-7e4e2a7715e3, -27.450970, -65.726550,2026-07-11 17:39:00,NOAA-20,Rió Chico,Tucumán,Argentina,498,24,12,14,0.0,0.89,,3.6
10cdb503-1b8a-3546-b9ae-e3c5a5c7d468, -28.433630, -62.652810,2026-07-11 17:39:00,NOAA-20,General Taboada,Santiago del Estero,Argentina,468,22,12,23,0.0,0.92,,4.2
58cb0901-9a38-30c6-b989-d43b2b8c8e15, -29.240130, -55.708610,2026-07-11 17:39:00,NOAA-20,ITAQUI,RIO GRANDE DO SUL,Brasil,4310603,43,33,8,0.0,0.62,Pampa,6.4
bb9b1eff-539a-376e-bdf8-a0528444352f, -26.941660, -60.810600,2026-07-11 17:39:00,NOAA-20,Independencia,Chaco,Argentina,180,4,12,23,0.0,0.88,,6.3
f46965cb-3c50-3024-827c-34d10cbd4d61, -27.777730, -59.423950,2026-07-11 17:39:00,NOAA-20,Tapenagá,Chaco,Argentina,193,4,12,6,0.0,0.92,,2.7
153b2b06-5575-30bf-8acb-6b8368740394, -28.049300, -59.231110,2026-07-11 17:39:00,NOAA-20,General Obligado,Santa Fe,Argentina,445,21,12,5,0.0,-999.0,,2.3
9b2bed94-3cc5-33d6-95ba-7ee1ec9bdaa5, -29.711590, -57.676880,2026-07-11 17:39:00,NOAA-20,Mercedes,Corrientes,Argentina,225,7,12,14,0.0,0.73,,3.9
2cbc16f9-5e78-3f1f-801b-fab0c10852d1, -30.095160, -59.226640,2026-07-11 17:39:00,NOAA-20,Esquina,Corrientes,Argentina,217,7,12,19,0.0,0.89,,2.2
b19a11fe-ed9e-34cf-a215-220e8eb961d0, -29.284900, -58.788590,2026-07-11 17:39:00,NOAA-20,Curuzú Cuatiá,Corrientes,Argentina,215,7,12,7,0.0,0.92,,7.7
3ae91d8b-9c25-3901-be00-f90168ecb32b, -29.514330, -59.714820,2026-07-11 17:39:00,NOAA-20,San Javier,Santa Fe,Argentina,452,21,12,23,0.0,0.45,,6.2
e7e83eb7-9bc3-3e18-9237-2d9be69a05f3, -28.392650, -59.602110,2026-07-11 17:39:00,NOAA-20,General Obligado,Santa Fe,Argentina,445,21,12,14,0.0,0.92,,2.2
68c4ba78-f66a-36db-b1d1-9b98f3bc3fa3, -29.798790, -58.004180,2026-07-11 17:39:00,NOAA-20,Curuzú Cuatiá,Corrientes,Argentina,215,7,12,19,0.1,0.91,,2.9
dc9502fd-3458-330e-8eae-70334a9cde90, -28.593010, -56.656620,2026-07-11 17:39:00,NOAA-20,General Alvear,Corrientes,Argentina,218,7,12,13,0.0,0.92,,5.5
74ceb681-d264-3f7c-9c9b-1856a490ce22, -26.035800, -61.088280,2026-07-11 17:39:00,NOAA-20,General Güemes,Chaco,Argentina,179,4,12,29,0.0,0.92,,3.6
77f39482-185d-3bf3-ae8a-ced29d481183, -30.433110, -59.047000,2026-07-11 17:39:00,NOAA-20,Feliciano,Entre Ríos,Argentina,241,8,12,18,0.0,0.88,,13.5
9fcb12f6-f23f-3e6d-873a-d813f94df89c, -28.483420, -56.865350,2026-07-11 17:39:00,NOAA-20,San Martín,Corrientes,Argentina,231,7,12,7,0.0,0.92,,5.0
9d8e27f2-157e-3d70-8bd3-492c7b940422, -30.107160, -58.436180,2026-07-11 17:39:00,NOAA-20,Curuzú Cuatiá,Corrientes,Argentina,215,7,12,22,0.0,0.89,,5.9
5c1da6c3-99d8-3257-a76c-0d98723132ff, -30.438240, -59.058880,2026-07-11 17:39:00,NOAA-20,Feliciano,Entre Ríos,Argentina,241,8,12,18,0.0,0.88,,6.6
e93d6229-b685-3f86-a143-32c68d0a1bb8, -29.263200, -57.540640,2026-07-11 17:39:00,NOAA-20,Paso de los Libres,Corrientes,Argentina,227,7,12,21,0.0,0.93,,2.7
11c90d33-ce88-3083-8d67-16fd383c7dbf, -27.006200, -59.071400,2026-07-11 17:39:00,NOAA-20,General Donovan,Chaco,Argentina,178,4,12,5,0.0,0.95,,2.7
217416dd-ad88-3e16-b90b-e3bf5de95637, -29.204680, -56.467580,2026-07-11 17:39:00,NOAA-20,ITAQUI,RIO GRANDE DO SUL,Brasil,4310603,43,33,13,0.1,-999.0,Pampa,7.0
0250ebf4-171d-3747-95b4-381f141370ad, -28.694610, -56.421490,2026-07-11 17:39:00,NOAA-20,Santo Tomé,Corrientes,Argentina,234,7,12,13,0.08,0.93,,11.9
974ef868-ee87-3b43-9c94-a12f31ba989e, -30.082660, -58.670410,2026-07-11 17:39:00,NOAA-20,Sauce,Corrientes,Argentina,235,7,12,14,0.1,0.89,,3.7
84868ff6-e84f-3336-be91-78f865906111, -27.355090, -59.234230,2026-07-11 17:39:00,NOAA-20,Libertad,Chaco,Argentina,181,4,12,11,0.0,0.93,,2.7
6f6a1c60-45f5-3182-bcac-655f48478f1c, -30.837680, -57.835510,2026-07-11 17:39:00,NOAA-20,Federación,Entre Ríos,Argentina,239,8,12,19,0.08,0.76,,3.4
e5ff6d26-3698-347f-90a2-e688c5503695, -28.217180, -59.694950,2026-07-11 17:39:00,NOAA-20,General Obligado,Santa Fe,Argentina,445,21,12,7,0.0,0.92,,1.2
e3c8c934-f02c-3794-a355-946a92837e34, -28.693240, -56.434400,2026-07-11 17:39:00,NOAA-20,Santo Tomé,Corrientes,Argentina,234,7,12,13,0.0,0.93,,5.5
0dd12e06-2820-3f46-88a8-3dff9fad277b, -27.272560, -58.721980,2026-07-11 17:39:00,NOAA-20,Bermejo,Chaco,Argentina,172,4,12,13,0.0,0.94,,2.0
b340db6b-5160-3225-a58a-0fbe65355f21, -30.338350, -59.520970,2026-07-11 17:39:00,NOAA-20,Esquina,Corrientes,Argentina,217,7,12,2,0.62,0.83,,2.5
c7bc2520-5ae8-3872-bf8b-a8434825d762, -30.442690, -59.040920,2026-07-11 17:39:00,NOAA-20,Feliciano,Entre Ríos,Argentina,241,8,12,20,0.0,0.88,,3.7
c0f3e1c6-2e56-3dc7-a7a3-aa0ee711397e, -29.080980, -60.801610,2026-07-11 17:39:00,NOAA-20,Vera,Santa Fe,Argentina,457,21,12,23,0.0,0.91,,4.7
310e22fc-4c3d-3c8b-9ee2-c84ef110b30f, -29.289100, -60.970020,2026-07-11 17:39:00,NOAA-20,Vera,Santa Fe,Argentina,457,21,12,23,0.0,0.9,,4.4
de9cc880-bf26-322f-b88a-4183436dc081, -29.081740, -58.632840,2026-07-11 17:39:00,NOAA-20,Curuzú Cuatiá,Corrientes,Argentina,215,7,12,5,0.0,0.92,,26.1
bbbf5108-890a-33ba-99db-f934d6f30019, -30.094790, -58.492690,2026-07-11 17:39:00,NOAA-20,Sauce,Corrientes,Argentina,235,7,12,22,0.1,0.89,,2.2
da3f81af-a674-33f6-ac36-7409c55dc762, -26.574960, -56.052740,2026-07-11 17:39:00,NOAA-20,San Pedro del Paraná,Itapúa,Paraguay,168,14,177,0,0.3,0.11,,2.3
2fa43fa8-2c9b-3c27-a3bb-b1b1074f28ad, -29.734270, -59.167050,2026-07-11 17:39:00,NOAA-20,Esquina,Corrientes,Argentina,217,7,12,2,0.0,0.88,,1.7
508dd87c-488d-3c42-9e2c-dcd7e1817ede, -28.779270, -56.750550,2026-07-11 17:39:00,NOAA-20,San Martín,Corrientes,Argentina,231,7,12,13,0.2,0.93,,2.7
da9d2355-8c3e-3982-a431-44e779e46d11, -30.430840, -59.059130,2026-07-11 17:39:00,NOAA-20,Feliciano,Entre Ríos,Argentina,241,8,12,17,0.0,0.88,,2.2
1307996c-f431-3c9b-95cd-6ee81e1ada2f, -29.608890, -58.828580,2026-07-11 17:39:00,NOAA-20,Esquina,Corrientes,Argentina,217,7,12,6,0.0,0.9,,2.8
244a1142-4c8f-3d32-84bd-4145f7387cac, -30.098550, -59.226010,2026-07-11 17:39:00,NOAA-20,Esquina,Corrientes,Argentina,217,7,12,19,0.0,0.89,,1.8
5043faba-dacf-364e-8c7c-4383b39a6044, -28.498910, -59.225090,2026-07-11 17:39:00,NOAA-20,General Obligado,Santa Fe,Argentina,445,21,12,11,0.0,0.93,,2.4
887895c3-9615-3cce-86cc-1e83b4716fb9, -26.603120, -64.555940,2026-07-11 17:39:00,NOAA-20,Burruyacú,Tucumán,Argentina,487,24,12,46,0.0,0.93,,2.6
b263b856-95ff-3d8f-954b-d923c79a7109, -29.830900, -61.382910,2026-07-11 17:39:00,NOAA-20,Nueve de Julio,Santa Fe,Argentina,449,21,12,18,0.0,0.88,,4.8
630ecb57-77a3-3358-86e5-1b7b75397782, -29.281550, -58.789220,2026-07-11 17:39:00,NOAA-20,Curuzú Cuatiá,Corrientes,Argentina,215,7,12,7,0.0,0.92,,3.2
de088290-d9ac-3136-bfa8-ad18a039ce74, -28.698640, -56.424850,2026-07-11 17:39:00,NOAA-20,Santo Tomé,Corrientes,Argentina,234,7,12,13,0.07,0.93,,11.9
45c58980-1c37-3b26-94e6-e1cfc3526c7f, -29.375360, -57.276510,2026-07-11 17:39:00,NOAA-20,Paso de los Libres,Corrientes,Argentina,227,7,12,18,0.83,0.93,,4.1
69db79ea-fb58-3cfd-88f8-1adb7c0701df, -29.238410, -56.889170,2026-07-11 17:39:00,NOAA-20,Paso de los Libres,Corrientes,Argentina,227,7,12,13,0.0,0.9,,3.8
a75d27c1-3a5e-3724-8120-b5fa75177d84, -28.496020, -59.147260,2026-07-11 17:39:00,NOAA-20,General Obligado,Santa Fe,Argentina,445,21,12,6,0.0,0.93,,4.9
f81e9053-32e1-3ac7-b107-ac02cf0ab89d, -29.608300, -58.824520,2026-07-11 17:39:00,NOAA-20,Esquina,Corrientes,Argentina,217,7,12,6,0.0,0.9,,2.8
55a0837e-01a2-33f8-bbbf-bf64dbbc12d0, -29.132370, -62.550460,2026-07-11 17:39:00,NOAA-20,Belgrano,Santiago del Estero,Argentina,463,22,12,23,0.0,0.89,,5.3
596ef9f1-3ca7-3d13-b104-53502bd9b354, -29.510470, -57.233530,2026-07-11 17:39:00,NOAA-20,Paso de los Libres,Corrientes,Argentina,227,7,12,19,0.0,0.8,,3.4
606887d3-5e02-32fa-b2f9-dea922ad5503, -28.494550, -59.147390,2026-07-11 17:39:00,NOAA-20,General Obligado,Santa Fe,Argentina,445,21,12,6,0.0,0.93,,3.0
a861b223-a2bb-3871-9391-80bc9148a28c, -29.383760, -56.838580,2026-07-11 17:39:00,NOAA-20,San Martín,Corrientes,Argentina,231,7,12,18,0.0,0.91,,1.9
ffd7e009-6233-3fce-83da-b5e437690e34, -30.107750, -58.440220,2026-07-11 17:39:00,NOAA-20,Curuzú Cuatiá,Corrientes,Argentina,215,7,12,22,0.0,0.89,,10.4
0e2fcaaa-da7b-359f-9097-16b05c1364ce, -27.734240, -58.748730,2026-07-11 17:39:00,NOAA-20,Empedrado,Corrientes,Argentina,216,7,12,5,0.0,0.93,,3.9
bbf5d01e-468d-32f3-9b80-1419eb0ffe03, -28.502270, -59.224480,2026-07-11 17:39:00,NOAA-20,General Obligado,Santa Fe,Argentina,445,21,12,11,0.0,0.93,,2.4
5265f3d0-9b51-3db8-b6bd-a026744caa79, -27.231310, -63.584690,2026-07-11 17:39:00,NOAA-20,Figueroa,Santiago del Estero,Argentina,467,22,12,38,0.0,0.97,,3.5
8f2411da-97f7-3f8d-bf7a-f27e78061a94, -23.544310, -46.237100,2026-07-11 17:39:00,NOAA-20,MOGI DAS CRUZES,SÃO PAULO,Brasil,3530607,35,33,15,0.0,-999.0,Mata Atlântica,5.4
1cc7b329-6fc9-3a80-9e4a-a97f854cfed8, -27.778300, -59.427960,2026-07-11 17:39:00,NOAA-20,Tapenagá,Chaco,Argentina,193,4,12,6,0.0,0.92,,2.5
35a5c790-e036-3b32-851d-c2e546340150, -26.162110, -60.666620,2026-07-11 17:39:00,NOAA-20,Maipú,Chaco,Argentina,183,4,12,23,0.0,0.9,,4.8
f90a6df8-ccd1-30f3-8b17-e4d90c95e708, -27.127120, -59.416790,2026-07-11 17:39:00,NOAA-20,General Donovan,Chaco,Argentina,178,4,12,13,0.2,0.94,,4.1
bb7882fe-1f3b-3712-b0d5-3593b216a207, -29.239050, -56.893170,2026-07-11 17:39:00,NOAA-20,Paso de los Libres,Corrientes,Argentina,227,7,12,13,0.0,0.9,,4.0
b375f0c3-f44c-38e1-a797-43612d2b5fc9, -28.785110, -61.424190,2026-07-11 17:39:00,NOAA-20,Nueve de Julio,Santa Fe,Argentina,449,21,12,23,0.0,0.91,,2.9
440dcfb3-0eb9-35a8-af44-086e45d8854d, -29.252010, -57.534730,2026-07-11 17:39:00,NOAA-20,Paso de los Libres,Corrientes,Argentina,227,7,12,21,0.0,0.93,,18.4
7aa164a7-245e-35b9-a990-f63ebc02081d, -26.954950, -60.882500,2026-07-11 17:39:00,NOAA-20,General Belgrano,Chaco,Argentina,177,4,12,23,0.0,0.92,,1.0
a3ce663e-e258-397b-a699-114ad13ac9a4, -28.489880, -56.585600,2026-07-11 17:39:00,NOAA-20,General Alvear,Corrientes,Argentina,218,7,12,13,0.0,0.92,,4.1
c6fdd297-a90e-36e0-bfe4-e195a6d3bc06, -26.948610, -60.809430,2026-07-11 17:39:00,NOAA-20,Independencia,Chaco,Argentina,180,4,12,22,0.0,0.92,,11.2
13dd52a5-ffa6-35e4-b0b3-ebab130e6b5c, -28.815360, -56.472510,2026-07-11 17:39:00,NOAA-20,General Alvear,Corrientes,Argentina,218,7,12,13,0.1,0.93,,7.0
81342415-a1cd-3f1c-ada5-47bdd720e24d, -29.715840, -57.704720,2026-07-11 17:39:00,NOAA-20,Mercedes,Corrientes,Argentina,225,7,12,16,0.0,0.92,,20.3
ba184c1d-f38e-3917-804c-ee3888e9947e, -28.366150, -62.791660,2026-07-11 17:39:00,NOAA-20,General Taboada,Santiago del Estero,Argentina,468,22,12,23,0.0,0.92,,5.4
041813ab-3f2c-3f03-a638-3efa7a0be8c4, -30.078050, -58.425170,2026-07-11 17:39:00,NOAA-20,Curuzú Cuatiá,Corrientes,Argentina,215,7,12,22,0.0,0.89,,2.2
6f92a371-0764-38ca-9c70-a2fc981275c2, -27.125570, -59.416750,2026-07-11 17:39:00,NOAA-20,General Donovan,Chaco,Argentina,178,4,12,13,0.2,0.94,,2.3
1b67a839-b2d9-3821-8d10-09cd8d3032b9, -28.697280, -56.437760,2026-07-11 17:39:00,NOAA-20,General Alvear,Corrientes,Argentina,218,7,12,13,0.02,0.93,,9.2
290c62bd-d034-3406-b39c-a25de5774fb1, -29.251390, -57.530770,2026-07-11 17:39:00,NOAA-20,Paso de los Libres,Corrientes,Argentina,227,7,12,21,0.0,0.93,,18.4
ffb9418b-5667-3109-8ba7-03c62996846d, -29.373170, -65.775900,2026-07-11 17:39:00,NOAA-20,Capital,La Rioja,Argentina,301,12,12,35,0.0,0.92,,3.1
32c5b1aa-3d0a-3dde-a342-fb01c206b68d, -30.545470, -56.578630,2026-07-11 17:39:00,NOAA-20,n.a6,Artigas,Uruguay,5,1,245,2,0.2,0.88,,7.0
3e5b6d4d-882f-3c7a-b62d-b757f279f004, -30.251000, -58.896350,2026-07-11 17:39:00,NOAA-20,Feliciano,Entre Ríos,Argentina,241,8,12,3,0.0,0.89,,4.0
d4f6a1b3-3ea9-350c-a80a-0bb8cd92e5a7, -30.386130, -59.517630,2026-07-11 17:39:00,NOAA-20,La Paz,Entre Ríos,Argentina,246,8,12,1,1.21,0.89,,5.4
4504dd68-b021-3bb4-b218-f1d6af25e9e0, -30.103210, -58.645550,2026-07-11 17:39:00,NOAA-20,Sauce,Corrientes,Argentina,235,7,12,12,0.18,0.89,,2.5
0b248b1e-9adc-32ee-bb7b-7273233c83b7, -29.259260, -57.537350,2026-07-11 17:39:00,NOAA-20,Paso de los Libres,Corrientes,Argentina,227,7,12,21,0.0,0.93,,2.7
69d5c320-1a68-3ec2-a19b-aeeb8ddf56ff, -27.801360, -57.228050,2026-07-11 17:39:00,NOAA-20,Ituzaingó,Corrientes,Argentina,222,7,12,9,0.0,0.77,,1.8
f8e835bc-51a2-3ca8-b60b-8e23344ee7c4, -23.541590, -46.241240,2026-07-11 17:39:00,NOAA-20,MOGI DAS CRUZES,SÃO PAULO,Brasil,3530607,35,33,15,0.0,-999.0,Mata Atlântica,8.0
acd1877f-e36d-3dd7-9ee0-15ba6445e6c7, -28.666010, -59.436630,2026-07-11 17:39:00,NOAA-20,General Obligado,Santa Fe,Argentina,445,21,12,5,0.0,0.92,,3.9
6a2417d1-381e-39f7-83a5-cb3797e1f87f, -29.615600, -58.827310,2026-07-11 17:39:00,NOAA-20,Esquina,Corrientes,Argentina,217,7,12,5,0.0,0.9,,5.7
50ce0708-f76e-3602-aeb3-43276a9c6cf4, -29.780670, -57.613810,2026-07-11 17:39:00,NOAA-20,Paso de los Libres,Corrientes,Argentina,227,7,12,19,0.1,0.91,,6.2
13a22031-c7f5-367c-a2c8-3bb898173b49, -29.358570, -56.059360,2026-07-11 17:39:00,NOAA-20,ALEGRETE,RIO GRANDE DO SUL,Brasil,4300406,43,33,11,0.24,0.9,Pampa,4.1
3792e1fd-b5df-33f4-97d0-74317ae20f5a, -29.258650, -57.533390,2026-07-11 17:39:00,NOAA-20,Paso de los Libres,Corrientes,Argentina,227,7,12,21,0.0,0.93,,3.0
de81a9ca-d8d5-3b81-b846-a9361a1da1bb, -29.472700, -56.994460,2026-07-11 17:39:00,NOAA-20,Paso de los Libres,Corrientes,Argentina,227,7,12,19,0.0,0.92,,2.0
8a3bbc68-e3c5-3bad-b0e5-c36a3617fb10, -28.697940, -56.441830,2026-07-11 17:39:00,NOAA-20,General Alvear,Corrientes,Argentina,218,7,12,13,0.03,0.93,,9.2
903d32f3-7e1b-3232-a7a4-34d26014d138, -28.048720, -59.227120,2026-07-11 17:39:00,NOAA-20,General Obligado,Santa Fe,Argentina,445,21,12,5,0.0,-999.0,,6.3
4623e03c-e357-32ae-bf2b-a98606bb0c4b, -30.042400, -59.676700,2026-07-11 17:39:00,NOAA-20,San Javier,Santa Fe,Argentina,452,21,12,21,0.12,0.81,,2.8
e36f3b19-317a-3a17-b76a-2cb379167bf2, -30.343600, -59.766870,2026-07-11 17:39:00,NOAA-20,San Javier,Santa Fe,Argentina,452,21,12,12,0.0,0.44,,3.1
a40bf74e-0f57-364a-8a8c-5b3377e38405, -28.499370, -59.146640,2026-07-11 17:39:00,NOAA-20,General Obligado,Santa Fe,Argentina,445,21,12,6,0.0,0.93,,4.9
a5001302-5c07-3473-8666-076ded2b9ef1, -27.023390, -58.712010,2026-07-11 17:39:00,NOAA-20,Bermejo,Chaco,Argentina,172,4,12,10,0.2,0.96,,5.3
fe9a472f-c525-394b-9165-3e26cbd07947, -30.552780, -56.581270,2026-07-11 17:39:00,NOAA-20,n.a6,Artigas,Uruguay,5,1,245,2,0.2,0.88,,2.5
82d50bd8-f12e-32b0-bd19-49c0da41556f, -30.259360, -58.641820,2026-07-11 17:39:00,NOAA-20,Feliciano,Entre Ríos,Argentina,241,8,12,20,0.0,0.89,,2.9
716870a7-284f-38b1-ae4b-01f86f03d644, -29.377410, -57.333490,2026-07-11 17:39:00,NOAA-20,Paso de los Libres,Corrientes,Argentina,227,7,12,18,0.35,0.93,,3.0
075caf71-dea9-3760-9697-b9171ebb4e54, -26.945130, -60.810010,2026-07-11 17:39:00,NOAA-20,Independencia,Chaco,Argentina,180,4,12,23,0.0,0.92,,11.2
40d4a454-ba8a-310a-ba9c-bc111e298aba, -30.342160, -58.947740,2026-07-11 17:39:00,NOAA-20,Feliciano,Entre Ríos,Argentina,241,8,12,3,0.0,0.89,,2.2
0939bef7-3c14-3120-a4d5-50f64ba2fc08, -29.081160, -58.628850,2026-07-11 17:39:00,NOAA-20,Curuzú Cuatiá,Corrientes,Argentina,215,7,12,5,0.0,0.92,,11.9
1459c23f-f3de-30fc-87a3-7a83667a1a61, -29.255330, -57.534060,2026-07-11 17:39:00,NOAA-20,Paso de los Libres,Corrientes,Argentina,227,7,12,21,0.0,0.93,,18.4
6a2f4f79-1064-3ab4-81de-9fc87720cca7, -28.780970, -56.750950,2026-07-11 17:39:00,NOAA-20,San Martín,Corrientes,Argentina,231,7,12,13,0.2,0.92,,2.9
5cc166dd-86e6-363d-9e21-06bf03ab2a58, -27.392780, -58.985490,2026-07-11 17:39:00,NOAA-20,San Fernando,Chaco,Argentina,190,4,12,7,0.0,0.93,,3.9
1662b765-f204-3a46-ab80-ac1986765508, -28.493460, -55.581570,2026-07-11 17:39:00,NOAA-20,SANTO ANTÔNIO DAS MISSÕES,RIO GRANDE DO SUL,Brasil,4317707,43,33,6,0.1,0.7,Pampa,12.5
747c13d4-8e5f-34cf-9c03-de90a6ccb4ee, -28.986920, -57.839120,2026-07-11 17:39:00,NOAA-20,Mercedes,Corrientes,Argentina,225,7,12,20,0.1,0.93,,3.4
590ed9df-dccb-33fd-b783-e33c6c1e7c7d, -30.837070, -57.831460,2026-07-11 17:39:00,NOAA-20,Federación,Entre Ríos,Argentina,239,8,12,19,0.1,0.63,,2.5
cbfdfa03-c310-34a7-867c-16cd66cfc818, -29.510900, -59.715440,2026-07-11 17:39:00,NOAA-20,San Javier,Santa Fe,Argentina,452,21,12,23,0.0,0.61,,6.2
1ca089df-2934-33a2-9fc6-762d454879fa, -28.900030, -57.981640,2026-07-11 17:39:00,NOAA-20,Mercedes,Corrientes,Argentina,225,7,12,18,0.26,0.93,,3.2
e8587385-56d3-3bce-bb14-5c6008088f68, -29.220730, -57.181020,2026-07-11 17:39:00,NOAA-20,San Martín,Corrientes,Argentina,231,7,12,17,0.21,0.92,,3.5
19c91db1-178a-35d3-b192-3da9bd340f47, -27.275880, -58.721360,2026-07-11 17:39:00,NOAA-20,Bermejo,Chaco,Argentina,172,4,12,13,0.0,0.94,,10.7
68bda587-118d-37db-9b83-b2ac86aa0674, -30.091760, -59.227280,2026-07-11 17:39:00,NOAA-20,Esquina,Corrientes,Argentina,217,7,12,20,0.0,0.89,,2.2
880e3a91-8bf3-363c-9f99-eee288bd4f13, -28.984200, -57.843720,2026-07-11 17:39:00,NOAA-20,Mercedes,Corrientes,Argentina,225,7,12,20,0.1,0.93,,3.1
3926c7f9-c2e6-3490-9e9b-5501289fab05, -28.899430, -57.977690,2026-07-11 17:39:00,NOAA-20,Mercedes,Corrientes,Argentina,225,7,12,18,0.23,0.93,,6.0
b41d19d7-66be-3100-a12d-d29359918829, -29.433310, -57.063590,2026-07-11 17:39:00,NOAA-20,Paso de los Libres,Corrientes,Argentina,227,7,12,19,0.0,0.92,,3.7
e92d0a81-be31-38e3-b622-67db14337dc3, -28.712250, -56.337630,2026-07-11 17:39:00,NOAA-20,Santo Tomé,Corrientes,Argentina,234,7,12,13,0.1,0.55,,1.0
62ffa67e-bad9-3050-80f2-5e12a4423c9b, -29.084500, -58.628210,2026-07-11 17:39:00,NOAA-20,Curuzú Cuatiá,Corrientes,Argentina,215,7,12,5,0.0,0.92,,20.8
cc926e30-aee0-3528-a87e-bd901b626d95, -29.612240, -58.827940,2026-07-11 17:39:00,NOAA-20,Esquina,Corrientes,Argentina,217,7,12,6,0.0,0.9,,2.8
9cd572f0-8576-335a-b9dc-6380a546327a, -29.687370, -58.718420,2026-07-11 17:39:00,NOAA-20,Curuzú Cuatiá,Corrientes,Argentina,215,7,12,5,0.0,0.88,,1.4
b12028a7-6db8-39d8-9a14-171cf113dfb4, -30.430880, -59.055980,2026-07-11 17:39:00,NOAA-20,Feliciano,Entre Ríos,Argentina,241,8,12,17,0.0,0.88,,4.1
e421f7c1-d3f9-383d-9eab-154023b647ed, -28.900290, -56.709820,2026-07-11 17:39:00,NOAA-20,San Martín,Corrientes,Argentina,231,7,12,13,0.2,0.92,,2.2
bab50760-5656-3cc9-b095-483d03306478, -28.490610, -59.143990,2026-07-11 17:39:00,NOAA-20,General Obligado,Santa Fe,Argentina,445,21,12,6,0.03,0.93,,3.0
b929465a-3484-3384-9715-8cb9641cdfff, -27.229710, -63.588950,2026-07-11 17:39:00,NOAA-20,Figueroa,Santiago del Estero,Argentina,467,22,12,38,0.0,0.97,,3.0
674975a0-7d29-3a62-ac5e-f915d9e991e0, -28.697980, -56.420780,2026-07-11 17:39:00,NOAA-20,Santo Tomé,Corrientes,Argentina,234,7,12,13,0.09,0.93,,11.9
b37e2f64-b612-3509-a6d6-56d20b437646, -30.252640, -58.643100,2026-07-11 17:39:00,NOAA-20,Feliciano,Entre Ríos,Argentina,241,8,12,20,0.0,0.89,,5.0
e43b5d4c-a6be-3c22-b64e-d26243525630, -30.549450, -56.581980,2026-07-11 17:39:00,NOAA-20,n.a6,Artigas,Uruguay,5,1,245,2,0.2,0.88,,2.5
6da52b7e-17d2-3c1d-a75e-76dca62e7d1e, -30.287200, -59.403940,2026-07-11 17:39:00,NOAA-20,Esquina,Corrientes,Argentina,217,7,12,2,0.62,0.85,,2.2
28b278ef-e34c-3b49-8f91-a5cf80ea63b4, -28.279670, -62.102830,2026-07-11 17:39:00,NOAA-20,Juan Felipe Ibarra,Santiago del Estero,Argentina,471,22,12,19,0.0,0.91,,3.5
37117528-1e85-3a97-9e69-c835d2abf6c9, -23.545590, -46.242330,2026-07-11 17:39:00,NOAA-20,MOGI DAS CRUZES,SÃO PAULO,Brasil,3530607,35,33,15,0.0,-999.0,Mata Atlântica,5.4
17f64a5a-ab6e-30db-8ede-26d19ea42b00, -28.897590, -56.714540,2026-07-11 17:39:00,NOAA-20,San Martín,Corrientes,Argentina,231,7,12,13,0.2,0.92,,2.9
b85203fe-a42e-3809-8f4f-f34d7b2cd45d, -28.109520, -57.650250,2026-07-11 17:39:00,NOAA-20,San Miguel,Corrientes,Argentina,232,7,12,7,0.3,0.94,,4.1
2f93b34f-c42b-3b43-97f8-f54581d012da, -27.140940, -59.369640,2026-07-11 17:39:00,NOAA-20,General Donovan,Chaco,Argentina,178,4,12,13,0.2,0.94,,3.9
5c7fdf45-a6f4-3ad4-91c3-020614991ed0, -30.038960, -59.677320,2026-07-11 17:39:00,NOAA-20,San Javier,Santa Fe,Argentina,452,21,12,21,0.11,0.69,,2.8
d9c53e3f-7736-393c-b2ad-3aa7801cc37c, -28.642300, -56.725420,2026-07-11 17:39:00,NOAA-20,San Martín,Corrientes,Argentina,231,7,12,13,0.1,0.92,,1.7
429f8949-d059-31c5-879f-86854aa8d133, -30.337760, -59.516700,2026-07-11 17:39:00,NOAA-20,Esquina,Corrientes,Argentina,217,7,12,2,0.65,0.83,,3.5
50b83c7c-5c05-3ccd-a424-5126c0e91950, -30.438720, -59.037380,2026-07-11 17:39:00,NOAA-20,Feliciano,Entre Ríos,Argentina,241,8,12,19,0.0,0.88,,3.8
016fa9f5-8d42-320a-a063-d700670a3049,  -6.951400, -43.701500,2026-07-11 17:40:00,GOES-19,GUADALUPE,PIAUÍ,Brasil,2204501,22,33,23,0.1,1.0,Cerrado,83.8
8d45acde-ac74-3587-b571-88ac5d045ef3,  -4.386900, -80.259900,2026-07-11 17:40:00,GOES-19,Zapotillo,Loja,Ecuador,117,12,68,8,0.0,1.0,,59.0
bdc420e0-a212-39ce-8265-e75039b768ef, -24.426200, -63.791800,2026-07-11 17:40:00,GOES-19,Anta,Salta,Argentina,382,17,12,30,0.0,0.97,,67.8
0b1b7244-5868-377d-a220-6f326054584f,  -4.386900, -80.278100,2026-07-11 17:40:00,GOES-19,Zapotillo,Loja,Ecuador,117,12,68,9,0.0,1.0,,58.5
e089c28d-b90b-32a8-aa46-42d7b6511e58, -13.432800, -72.924200,2026-07-11 17:40:00,GOES-19,Abancay,Apurímac,Peru,28,3,178,29,0.0,0.87,,70.3
e10eb6d6-8647-3133-a6a7-ed575b8082c9,  -6.951200, -43.724700,2026-07-11 17:40:00,GOES-19,GUADALUPE,PIAUÍ,Brasil,2204501,22,33,24,0.1,1.0,Cerrado,75.4
4376e6cf-5795-37a9-8d50-7c689335503b, -24.426500, -63.771000,2026-07-11 17:40:00,GOES-19,Anta,Salta,Argentina,382,17,12,30,0.0,0.97,,177.6
580e1d70-138c-327e-b5c0-f613763cd83e, -23.766760, -65.313350,2026-07-11 17:41:00,NOAA-20,Tilcara,Jujuy,Argentina,274,10,12,78,0.0,0.76,,2.8
3a454390-5a61-33b6-a26e-b7b2d91f65eb, -18.858210, -51.622770,2026-07-11 17:41:00,NOAA-20,ITAJÁ,GOIÁS,Brasil,5210802,52,33,14,0.83,1.0,Cerrado,2.4
1edf4b3c-df07-3641-b31a-74c479858dd1, -22.294590, -56.042330,2026-07-11 17:41:00,NOAA-20,Pedro Juan Caballero,Amambay,Paraguay,40,4,177,11,5.91,0.57,,8.4
119d166d-0ad5-372e-bed2-cf9681f38edb, -20.827370, -50.174840,2026-07-11 17:41:00,NOAA-20,GASTÃO VIDIGAL,SÃO PAULO,Brasil,3516804,35,33,16,0.0,1.0,Mata Atlântica,0.6
114fcb18-629f-3260-b421-fbedf37ad0b4, -18.969390, -49.492610,2026-07-11 17:41:00,NOAA-20,ITUIUTABA,MINAS GERAIS,Brasil,3134202,31,33,7,0.0,-999.0,Cerrado,3.8
b58e579b-0b6f-3407-889b-ce75457c4f29, -23.486890, -56.616120,2026-07-11 17:41:00,NOAA-20,Tacuatí,San Pedro,Paraguay,215,18,177,11,2.24,0.34,,3.4
10adf1ed-0f1d-358c-adc2-98e34ffadd64, -20.420350, -56.177210,2026-07-11 17:41:00,NOAA-20,MIRANDA,MATO GROSSO DO SUL,Brasil,5005608,50,33,16,0.0,0.66,Cerrado,4.9
48f3931d-d67b-3225-96dd-b317c779a94e, -23.486170, -56.611870,2026-07-11 17:41:00,NOAA-20,Tacuatí,San Pedro,Paraguay,215,18,177,11,2.21,0.36,,3.4
a040a793-5513-3cdd-b5a9-420486889d89, -24.423420, -63.757750,2026-07-11 17:41:00,NOAA-20,Anta,Salta,Argentina,382,17,12,29,0.0,0.97,,5.3
7a92768d-06f8-3659-b679-aa77989cfb01, -22.281550, -56.096260,2026-07-11 17:41:00,NOAA-20,ANTÔNIO JOÃO,MATO GROSSO DO SUL,Brasil,5000906,50,33,12,4.81,0.49,Cerrado,4.2
8f9f5ce8-1729-36f9-b38d-194d7e9931c7, -22.136670, -57.673120,2026-07-11 17:41:00,NOAA-20,San Lázaro,Concepción,Paraguay,106,11,177,12,8.09,0.3,,4.8
2ae1f22f-d05b-3783-b32a-d3fe0bb6f8b7, -22.066010, -65.231860,2026-07-11 17:41:00,NOAA-20,Modesto Omiste,Potosí,Bolivia,71,7,28,84,0.0,0.79,,4.2
0aeca1a7-1628-3ac1-a233-3aeeb3f6d3f3, -23.473790, -55.591290,2026-07-11 17:41:00,NOAA-20,Capitán Bado,Amambay,Paraguay,39,4,177,12,0.19,1.0,,15.8
6d184b74-8113-3430-8a43-837f2bb4423d, -20.204760, -54.454410,2026-07-11 17:41:00,NOAA-20,JARAGUARI,MATO GROSSO DO SUL,Brasil,5004908,50,33,16,0.0,1.0,Cerrado,12.0
56584f14-14ab-30d3-a80b-b39eca6268a4, -24.413720, -63.775260,2026-07-11 17:41:00,NOAA-20,Anta,Salta,Argentina,382,17,12,30,0.0,0.97,,38.2
8987360b-3183-30c5-880b-6db27fae6aaa, -22.435020, -57.088260,2026-07-11 17:41:00,NOAA-20,Concepción,Concepción,Paraguay,102,11,177,12,8.83,0.31,,2.6
5edabc25-c771-3cc5-aaed-d49d903a68c3, -24.417600, -63.774690,2026-07-11 17:41:00,NOAA-20,Anta,Salta,Argentina,382,17,12,30,0.0,0.97,,42.9
dd51d8cf-86c9-394f-9102-ab76f79beb03, -22.347340, -57.353040,2026-07-11 17:41:00,NOAA-20,San Carlos,Concepción,Paraguay,105,11,177,12,6.53,0.51,,2.9
928a406d-f9c8-3dd9-a2a6-13ea35982dfe, -22.293010, -56.033330,2026-07-11 17:41:00,NOAA-20,Pedro Juan Caballero,Amambay,Paraguay,40,4,177,11,5.78,0.64,,8.6
84319786-b903-3df9-8f0a-4a15b25b4e2b, -23.045760, -52.340110,2026-07-11 17:41:00,NOAA-20,ALTO PARANÁ,PARANÁ,Brasil,4100608,41,33,12,12.41,0.21,Mata Atlântica,19.1
c3031a24-6044-368e-8279-b4cf93ca6f12, -22.339780, -57.350300,2026-07-11 17:41:00,NOAA-20,San Carlos,Concepción,Paraguay,105,11,177,12,6.76,0.48,,6.9
8c50fb30-cc6d-3a32-b2ec-0a52fb917867, -24.984910, -58.640690,2026-07-11 17:41:00,NOAA-20,Pilagás,Formosa,Argentina,258,9,12,11,0.0,0.97,,12.1
5aa99c15-df42-3b28-8bc4-a51fb0e02061, -20.307270, -65.684100,2026-07-11 17:41:00,NOAA-20,Nor Chichas,Potosí,Bolivia,72,7,28,74,0.0,-999.0,,3.7
2a1706b1-e978-3904-b476-3bbfcf58cd46, -22.065160, -65.232320,2026-07-11 17:41:00,NOAA-20,Modesto Omiste,Potosí,Bolivia,71,7,28,84,0.0,0.79,,4.0
f43e3f14-fdff-32c5-ae6d-5c5ace4c9dc7, -22.139440, -57.668510,2026-07-11 17:41:00,NOAA-20,San Lázaro,Concepción,Paraguay,106,11,177,12,8.17,0.3,,5.3
ff11f60f-68e3-34da-bec2-f4018bb86df0, -25.474530, -61.065360,2026-07-11 17:41:00,NOAA-20,General Güemes,Chaco,Argentina,179,4,12,27,0.0,0.97,,4.4
6d4ef270-8c53-366e-b9e9-da4354d4c3e6, -20.207220, -54.452590,2026-07-11 17:41:00,NOAA-20,JARAGUARI,MATO GROSSO DO SUL,Brasil,5004908,50,33,16,0.0,1.0,Cerrado,3.9
036298ef-e01c-30b1-9308-80afabbd9012, -22.626280, -56.239090,2026-07-11 17:41:00,NOAA-20,Bella Vista,Amambay,Paraguay,38,4,177,11,1.49,0.8,,7.0
dd5a1bcb-b932-3432-9967-0ff1d278fa7a, -20.203130, -54.453430,2026-07-11 17:41:00,NOAA-20,JARAGUARI,MATO GROSSO DO SUL,Brasil,5004908,50,33,16,0.0,1.0,Cerrado,7.3
33adfd38-1246-3acc-90ab-43f0ce2b6856, -23.763280, -65.320270,2026-07-11 17:41:00,NOAA-20,Tilcara,Jujuy,Argentina,274,10,12,78,0.0,0.77,,5.2
08cf38e6-ab63-33c8-9c02-0839358d82b2, -22.290170, -56.038550,2026-07-11 17:41:00,NOAA-20,Pedro Juan Caballero,Amambay,Paraguay,40,4,177,11,5.74,0.77,,8.4
6a058c72-3f28-3fa0-ad35-1aa3f4db4430, -22.603230, -53.853110,2026-07-11 17:41:00,NOAA-20,NOVO HORIZONTE DO SUL,MATO GROSSO DO SUL,Brasil,5006259,50,33,13,5.62,0.97,Mata Atlântica,2.2
1e7c9144-7fbf-3ba4-b65b-f940cf5eebb6, -22.250990, -56.093090,2026-07-11 17:41:00,NOAA-20,ANTÔNIO JOÃO,MATO GROSSO DO SUL,Brasil,5000906,50,33,11,3.77,1.0,Cerrado,5.6
6f5cafd9-ee0f-3dbe-ba46-0aa8d13d9082, -19.307180, -47.438630,2026-07-11 17:41:00,NOAA-20,SANTA JULIANA,MINAS GERAIS,Brasil,3157708,31,33,2,0.0,0.73,Cerrado,3.3
45c4b36b-4dcc-3f6d-ae4b-f9e9c9cc98a6, -23.767140, -65.316700,2026-07-11 17:41:00,NOAA-20,Tilcara,Jujuy,Argentina,274,10,12,78,0.0,0.77,,2.8
986b321e-4e07-3024-bd93-3eb0bbfd99ab, -19.588440, -46.494360,2026-07-11 17:41:00,NOAA-20,IBIÁ,MINAS GERAIS,Brasil,3129509,31,33,2,0.0,0.75,Cerrado,6.6
24392690-f3da-347c-98f9-0397b11727da, -25.338120, -61.334820,2026-07-11 17:41:00,NOAA-20,General Güemes,Chaco,Argentina,179,4,12,27,0.0,0.96,,3.0
134b692d-9133-3dc0-ae66-761da6adb8fb, -22.289370, -56.034000,2026-07-11 17:41:00,NOAA-20,Pedro Juan Caballero,Amambay,Paraguay,40,4,177,11,5.67,0.81,,8.6
954146a1-b8bb-3d3a-af18-ac809f2c3201, -23.762130, -65.310250,2026-07-11 17:41:00,NOAA-20,Tilcara,Jujuy,Argentina,274,10,12,78,0.0,0.76,,6.7
5150a3f6-0122-306b-a11e-0496c98360be, -24.419550, -63.758330,2026-07-11 17:41:00,NOAA-20,Anta,Salta,Argentina,382,17,12,29,0.0,0.97,,6.5
f0023db6-4434-39da-ac4e-2f69b275e82c, -23.762500, -65.313530,2026-07-11 17:41:00,NOAA-20,Tilcara,Jujuy,Argentina,274,10,12,78,0.0,0.76,,8.1
d02ce78a-fc9b-339d-9aaa-aaeb418dccdf, -19.729020, -46.173000,2026-07-11 17:41:00,NOAA-20,CAMPOS ALTOS,MINAS GERAIS,Brasil,3111507,31,33,20,0.0,1.0,Cerrado,8.4
ef701741-f80c-3c41-b351-b3ba386101fe, -19.590900, -46.493940,2026-07-11 17:41:00,NOAA-20,IBIÁ,MINAS GERAIS,Brasil,3129509,31,33,2,0.0,0.71,Cerrado,6.0
daa56dbd-b807-3e07-8472-a1f169f470e8, -24.689980, -60.741230,2026-07-11 17:41:00,NOAA-20,Patiño,Formosa,Argentina,257,9,12,23,0.0,0.99,,2.6
b8be14d3-0c23-3545-88fa-35726c20d40c, -22.343900, -57.353690,2026-07-11 17:41:00,NOAA-20,San Carlos,Concepción,Paraguay,105,11,177,12,6.63,0.5,,6.9
270039ea-c59a-3e07-9b9b-f26626b9b5c4, -24.690550, -60.745240,2026-07-11 17:41:00,NOAA-20,Patiño,Formosa,Argentina,257,9,12,23,0.0,0.99,,2.6
fa67e700-6092-3a2f-a58d-f275bf29dd49, -18.696440, -47.496230,2026-07-11 17:41:00,NOAA-20,MONTE CARMELO,MINAS GERAIS,Brasil,3143104,31,33,15,0.0,1.0,Cerrado,4.3
5f5c40f8-690c-31d7-84ea-d7e17adc8b82, -20.567740, -54.649090,2026-07-11 17:41:00,NOAA-20,CAMPO GRANDE,MATO GROSSO DO SUL,Brasil,5002704,50,33,16,0.0,1.0,Cerrado,3.0
a9bac295-6783-396c-9978-844abbe650d4, -19.729180, -46.170110,2026-07-11 17:41:00,NOAA-20,CAMPOS ALTOS,MINAS GERAIS,Brasil,3111507,31,33,21,0.0,1.0,Cerrado,9.2
032cc34e-0df0-3e43-b2c0-d1c714c4440c, -23.762890, -65.316890,2026-07-11 17:41:00,NOAA-20,Tilcara,Jujuy,Argentina,274,10,12,78,0.0,0.77,,8.1
5ba045e1-1a32-3229-89e9-e2943c9ba1b9, -22.277930, -56.096980,2026-07-11 17:41:00,NOAA-20,ANTÔNIO JOÃO,MATO GROSSO DO SUL,Brasil,5000906,50,33,12,4.67,0.77,Cerrado,4.2
55d3989d-1f59-341d-8db4-161a5c6727db, -24.418240, -63.779960,2026-07-11 17:41:00,NOAA-20,Anta,Salta,Argentina,382,17,12,30,0.0,0.97,,42.9
bcc1b2ad-f779-3108-8f6c-28182c856b76, -22.236560, -56.693360,2026-07-11 17:41:00,NOAA-20,Bella Vista,Amambay,Paraguay,38,4,177,11,16.88,-999.0,,4.0
61892005-961f-3b8e-b52b-49bb66ca9e5e, -20.567040, -54.649220,2026-07-11 17:41:00,NOAA-20,CAMPO GRANDE,MATO GROSSO DO SUL,Brasil,5002704,50,33,16,0.0,1.0,Cerrado,2.0
408813f9-1c67-3197-9909-d579569095c9, -21.721410, -52.982230,2026-07-11 17:41:00,NOAA-20,BATAGUASSU,MATO GROSSO DO SUL,Brasil,5001904,50,33,16,0.0,1.0,Cerrado,5.7
631d7e21-c8c2-317f-8da3-29192495ab5d, -22.251790, -56.097570,2026-07-11 17:41:00,NOAA-20,ANTÔNIO JOÃO,MATO GROSSO DO SUL,Brasil,5000906,50,33,11,3.73,1.0,Cerrado,5.6
d8cbf6d0-d73d-353f-96c2-2d1a742a86cb, -22.710240, -66.091610,2026-07-11 17:41:00,NOAA-20,Cochinoca,Jujuy,Argentina,263,10,12,86,0.0,0.8,,8.5
b0ad1313-8a33-3d1c-a38b-7c1e4b6b6296, -23.529980, -57.060810,2026-07-11 17:41:00,NOAA-20,San Pedro del Ycuamandyyú,San Pedro,Paraguay,214,18,177,12,0.9,0.95,,1.9
42b01276-30e8-3da4-924f-ad3fc5b1225a, -18.898020, -48.324840,2026-07-11 17:41:00,NOAA-20,UBERLÂNDIA,MINAS GERAIS,Brasil,3170206,31,33,2,0.0,-999.0,Cerrado,5.5
070a8884-f0fc-3e76-8344-e4f6d457ce98, -15.415020, -67.812640,2026-07-11 17:43:00,NOAA-20,Larecaja,La Paz,Bolivia,40,4,28,9,0.0,0.69,,6.7
dda2e1ea-0912-390a-956d-00ea824c7615, -13.165150, -65.070100,2026-07-11 17:43:00,NOAA-20,Mamoré,El Beni,Bolivia,27,3,28,5,13.17,0.13,,3.8
8537ba1d-3ec1-3430-a26d-3332fe8bd093, -13.431830, -72.925960,2026-07-11 17:43:00,NOAA-20,Abancay,Apurímac,Peru,28,3,178,29,0.0,0.87,,21.3
d5e8f851-9697-3189-af6b-e54c8df7e60f, -16.606330, -68.932750,2026-07-11 17:43:00,NOAA-20,Ingavi,La Paz,Bolivia,38,4,28,8,0.0,0.77,,29.0
5988ddf7-882b-3725-9390-60ba00215f99, -14.277320, -52.092620,2026-07-11 17:43:00,NOAA-20,ÁGUA BOA,MATO GROSSO,Brasil,5100201,51,33,51,0.7,1.0,Cerrado,2.5
873e49dd-3f0c-3537-9c73-9421fa6f28b5, -15.325540, -56.863920,2026-07-11 17:43:00,NOAA-20,ROSÁRIO OESTE,MATO GROSSO,Brasil,5107701,51,33,10,5.35,0.96,Cerrado,4.6
ed21bc0a-0ad0-3cf9-a4e7-1755104e9f78, -12.740400, -63.882080,2026-07-11 17:43:00,NOAA-20,Vaca Díez,El Beni,Bolivia,30,3,28,20,13.7,0.11,,5.0
813afe11-4334-3016-a4e8-a3c2b7be615f, -15.886080, -68.598980,2026-07-11 17:43:00,NOAA-20,Larecaja,La Paz,Bolivia,40,4,28,31,0.0,0.74,,10.0
728f213f-9ad0-398d-bf84-8de4a11c1c9f, -17.735130, -66.095600,2026-07-11 17:43:00,NOAA-20,Esteban Arce,Cochabamba,Bolivia,18,2,28,31,0.0,0.98,,6.1
5e808645-fea0-3217-943f-ecabd5cb9959, -15.715040, -61.925310,2026-07-11 17:43:00,NOAA-20,Ñuflo de Chávez,Santa Cruz,Bolivia,78,8,28,16,3.4,0.69,,14.2
7cea45de-4f7a-3651-8039-be0ae79001e9, -12.905980, -65.347900,2026-07-11 17:43:00,NOAA-20,Yacuma,El Beni,Bolivia,31,3,28,9,5.51,0.75,,3.1
606563ca-0c56-381c-82a9-8fd3a29c29c9, -14.277990, -52.096040,2026-07-11 17:43:00,NOAA-20,ÁGUA BOA,MATO GROSSO,Brasil,5100201,51,33,51,0.73,1.0,Cerrado,2.5
c5f446a3-8f30-3338-a456-a9cda4d6b60b, -16.679030, -67.447690,2026-07-11 17:43:00,NOAA-20,Inquisivi,La Paz,Bolivia,39,4,28,15,0.0,0.95,,5.2
1e7525fb-456a-3cad-a553-4591a39e8f08, -13.190010, -65.141240,2026-07-11 17:43:00,NOAA-20,Mamoré,El Beni,Bolivia,27,3,28,11,7.03,0.48,,3.9
42b13054-1b5c-3e26-991f-6884d0f52239, -16.609900, -68.931110,2026-07-11 17:43:00,NOAA-20,Ingavi,La Paz,Bolivia,38,4,28,8,0.0,0.77,,7.9
5ddff0ba-2641-3eb3-a6ce-1aeaecc52323, -12.015660, -53.379040,2026-07-11 17:43:00,NOAA-20,QUERÊNCIA,MATO GROSSO,Brasil,5107065,51,33,44,1.89,0.64,Amazônia,3.7
8ab2c5b4-a440-3465-9eff-6889039a15d1, -13.431370, -72.921950,2026-07-11 17:43:00,NOAA-20,Abancay,Apurímac,Peru,28,3,178,29,0.0,0.87,,73.4
45bb1dbf-3bb7-3baa-b814-87afa22212a0, -13.366350, -63.547790,2026-07-11 17:43:00,NOAA-20,Vaca Díez,El Beni,Bolivia,30,3,28,27,12.27,0.28,,3.6
4ed985fb-a831-3ee4-8725-033af3c6773c, -15.759650, -60.965360,2026-07-11 17:43:00,NOAA-20,José Miguel de Velasco,Santa Cruz,Bolivia,85,8,28,15,1.5,0.85,,6.9
369453f7-8b8d-3df3-9321-896262e4eb9e, -15.715580, -61.928930,2026-07-11 17:43:00,NOAA-20,Ñuflo de Chávez,Santa Cruz,Bolivia,78,8,28,16,3.39,0.9,,15.5
67cdfc9b-2b70-3c50-bc36-6d901aac5274, -17.693310, -60.990780,2026-07-11 17:43:00,NOAA-20,Chiquitos,Santa Cruz,Bolivia,80,8,28,15,3.11,0.84,,12.0
1dc4261e-23c0-3930-a6cd-7cdd451a3449, -12.898750, -65.429940,2026-07-11 17:43:00,NOAA-20,Yacuma,El Beni,Bolivia,31,3,28,24,4.79,0.92,,11.5
8515e226-5409-3aaf-a2f5-fce6be601912, -13.321590, -63.577390,2026-07-11 17:43:00,NOAA-20,Vaca Díez,El Beni,Bolivia,30,3,28,25,9.64,0.91,,15.9
e4d3b7bb-84e4-38be-8363-5dde07f793c5, -17.845730, -66.251460,2026-07-11 17:43:00,NOAA-20,Capinota,Cochabamba,Bolivia,14,2,28,30,0.0,0.94,,6.6
e923fe29-cb32-3763-969e-369bb9d5360e, -16.570730, -67.762420,2026-07-11 17:43:00,NOAA-20,Sud Yungas,La Paz,Bolivia,49,4,28,7,0.0,0.89,,5.3
296436b0-6991-366d-be12-5fbec7bc93b0, -16.399410, -67.092610,2026-07-11 17:43:00,NOAA-20,Inquisivi,La Paz,Bolivia,39,4,28,31,0.0,0.76,,2.2
40b0ec28-efc6-3a1c-bd5a-e76f9ab0cae8, -13.357190, -63.556880,2026-07-11 17:43:00,NOAA-20,Vaca Díez,El Beni,Bolivia,30,3,28,28,12.01,0.18,,3.3
4cad9577-2361-3358-9881-034ce5f22681, -16.367750, -68.726820,2026-07-11 17:43:00,NOAA-20,Ingavi,La Paz,Bolivia,38,4,28,13,0.0,0.66,,4.9
ef624934-b11f-371b-bae3-e05b8966bccf, -11.847500, -49.184340,2026-07-11 17:43:00,NOAA-20,CARIRI DO TOCANTINS,TOCANTINS,Brasil,1703867,17,33,49,0.0,1.0,Cerrado,24.6
c40cdea1-7ed9-363d-9a8f-11d7f6d4680e, -16.855680, -67.172500,2026-07-11 17:43:00,NOAA-20,Inquisivi,La Paz,Bolivia,39,4,28,7,0.0,0.89,,15.6
972b0d65-773c-354f-a15e-07c3e58a3be8, -18.032650, -62.286310,2026-07-11 17:43:00,NOAA-20,Chiquitos,Santa Cruz,Bolivia,80,8,28,9,0.3,0.97,,3.4
def608f2-d401-31ba-8f22-4a9444f90599, -17.477820, -62.876940,2026-07-11 17:43:00,NOAA-20,Ignacio Warnes,Santa Cruz,Bolivia,84,8,28,21,0.4,1.0,,20.6
8cb1372d-77a4-37c6-9573-7a713a9442e5, -16.601530, -68.933640,2026-07-11 17:43:00,NOAA-20,Ingavi,La Paz,Bolivia,38,4,28,8,0.0,0.77,,29.0
c7a88aee-5397-3115-bd37-58d79d02e997, -16.604090, -67.174940,2026-07-11 17:43:00,NOAA-20,Inquisivi,La Paz,Bolivia,39,4,28,31,0.0,0.92,,14.2
7065c1a0-b063-323f-b909-f5d851daefa2, -17.027110, -66.444900,2026-07-11 17:43:00,NOAA-20,Ayopaya,Cochabamba,Bolivia,13,2,28,32,0.0,0.76,,3.5
e185817b-d39f-3ff5-b5c3-7c81188aaf5e, -15.006700, -70.971050,2026-07-11 17:43:00,NOAA-20,Melgar,Puno,Peru,168,22,178,31,0.0,0.79,,127.0
9bbc6799-7a4c-3034-96c1-c7c8519eec24, -15.960650, -69.575160,2026-07-11 17:43:00,NOAA-20,El Collao,Puno,Peru,164,22,178,8,0.0,0.76,,14.8
b134d3fc-86da-3e2a-b021-66f1003924b6, -15.192740, -69.614910,2026-07-11 17:43:00,NOAA-20,Huancane,Puno,Peru,165,22,178,7,0.0,0.75,,1.6
0a30dcf5-0952-3c27-9f39-60e48b4fdd87, -12.798890, -59.795740,2026-07-11 17:43:00,NOAA-20,COMODORO,MATO GROSSO,Brasil,5103304,51,33,15,7.0,0.56,Cerrado,4.0
610f7bec-5252-3cc7-a24b-c333655ce033, -14.895690, -68.785690,2026-07-11 17:43:00,NOAA-20,Bautista Saavedra,La Paz,Bolivia,34,4,28,10,0.0,0.75,,5.9
2d16efb4-83ca-336d-8756-5d64a95a2c36, -14.034550, -69.657660,2026-07-11 17:43:00,NOAA-20,Sandia,Puno,Peru,173,22,178,20,0.0,0.77,,18.9
0108ccfb-1dbd-3ba0-8790-0fc240639058, -12.905360, -65.343510,2026-07-11 17:43:00,NOAA-20,Yacuma,El Beni,Bolivia,31,3,28,9,5.83,0.72,,3.1
c88c5b2e-9610-3426-8955-cf5fecbd4f0f, -16.497120, -66.570590,2026-07-11 17:43:00,NOAA-20,Ayopaya,Cochabamba,Bolivia,13,2,28,26,0.0,0.65,,2.6
9c944fab-0617-304a-b7cd-59299048ff15, -13.347490, -63.562210,2026-07-11 17:43:00,NOAA-20,Vaca Díez,El Beni,Bolivia,30,3,28,28,11.53,0.3,,2.3
6ea8f4bf-9a2b-3585-9b94-0c5412c81ac5, -16.709520, -67.478260,2026-07-11 17:43:00,NOAA-20,Inquisivi,La Paz,Bolivia,39,4,28,18,0.0,0.91,,15.2
bcd676e9-ad86-3296-a7d8-127e180fe0a4, -12.792010, -59.796860,2026-07-11 17:43:00,NOAA-20,COMODORO,MATO GROSSO,Brasil,5103304,51,33,15,7.17,0.68,Cerrado,3.2
e52b6d99-19ef-3e5d-8d62-031ca36c0703, -16.877760, -67.537410,2026-07-11 17:43:00,NOAA-20,Loayza,La Paz,Bolivia,41,4,28,31,0.0,0.85,,13.7
798280b9-28a3-3cdd-8289-af560e666729, -17.698760, -61.049290,2026-07-11 17:43:00,NOAA-20,Chiquitos,Santa Cruz,Bolivia,80,8,28,16,2.47,0.95,,1.7
e22c67e6-b24e-3288-b337-19d3e88715ec, -15.414120, -67.810010,2026-07-11 17:43:00,NOAA-20,Larecaja,La Paz,Bolivia,40,4,28,9,0.0,0.69,,6.3
19f2d398-15c7-3cb0-900b-606e81ca1389, -16.606940, -68.937850,2026-07-11 17:43:00,NOAA-20,Ingavi,La Paz,Bolivia,38,4,28,8,0.0,0.77,,29.0
fb9ca530-c495-3729-a77e-c892bad4bf78, -11.560790, -52.803310,2026-07-11 17:43:00,NOAA-20,SÃO FÉLIX DO ARAGUAIA,MATO GROSSO,Brasil,5107859,51,33,20,6.03,0.2,Amazônia,7.4
6ecd27e8-c5e3-3d72-b0d9-b8b276164281, -16.881720, -67.537700,2026-07-11 17:43:00,NOAA-20,Loayza,La Paz,Bolivia,41,4,28,31,0.0,0.85,,10.0
f6b1e6e3-1e76-34df-b7e3-f71b8be40c58, -16.499260, -59.831500,2026-07-11 17:43:00,NOAA-20,José Miguel de Velasco,Santa Cruz,Bolivia,85,8,28,15,1.26,0.85,,2.1
28669ea2-ab86-3b24-bcfc-28cc309a0d98, -13.360060, -63.552590,2026-07-11 17:43:00,NOAA-20,Vaca Díez,El Beni,Bolivia,30,3,28,28,12.17,0.17,,4.6
6da42ff0-8502-3eeb-be2e-31e56921394b, -13.353780, -63.557400,2026-07-11 17:43:00,NOAA-20,Vaca Díez,El Beni,Bolivia,30,3,28,28,11.92,0.18,,3.9
91f3f2a3-e9b4-3a9a-bb52-f0fc8e3a7776, -12.877380, -66.399440,2026-07-11 17:43:00,NOAA-20,Yacuma,El Beni,Bolivia,31,3,28,19,3.66,0.96,,12.7
c81e8691-cad3-3f1f-90b6-b6d528b45284, -15.759100, -60.961770,2026-07-11 17:43:00,NOAA-20,José Miguel de Velasco,Santa Cruz,Bolivia,85,8,28,16,1.5,0.82,,8.2
b494f24a-5347-3893-bda4-bf7517c795d2, -11.812560, -62.776640,2026-07-11 17:43:00,NOAA-20,SÃO MIGUEL DO GUAPORÉ,RONDÔNIA,Brasil,1100320,11,33,13,8.77,0.28,Amazônia,17.5
82b9b162-e135-37c3-a91d-0247a5f4f2e9, -11.854140, -49.183140,2026-07-11 17:43:00,NOAA-20,CARIRI DO TOCANTINS,TOCANTINS,Brasil,1703867,17,33,49,0.0,1.0,Cerrado,24.6
b8ba8f77-ebe0-37eb-bdc9-6e20de3c4ccd, -17.696630, -60.990230,2026-07-11 17:43:00,NOAA-20,Chiquitos,Santa Cruz,Bolivia,80,8,28,15,3.08,0.8,,12.0
b077f092-22cc-373b-92d9-3a3f93797342, -16.080970, -67.180370,2026-07-11 17:43:00,NOAA-20,Sud Yungas,La Paz,Bolivia,49,4,28,28,0.0,0.68,,2.5
c4bc5f76-cdd4-37f0-bb8f-a2c195413a8a, -16.608350, -67.174020,2026-07-11 17:43:00,NOAA-20,Inquisivi,La Paz,Bolivia,39,4,28,31,0.0,0.91,,24.0
a3eb1c2b-4ea0-35bf-9988-5bc3a4a71eb6, -13.511030, -64.610530,2026-07-11 17:43:00,NOAA-20,Mamoré,El Beni,Bolivia,27,3,28,15,4.69,0.83,,9.2
76633bb4-e10b-3bde-bd77-a9c7dbefa3fe, -15.212840, -52.656860,2026-07-11 17:43:00,NOAA-20,BARRA DO GARÇAS,MATO GROSSO,Brasil,5101803,51,33,19,0.0,1.0,Cerrado,5.5
c7d4acce-9930-3d76-a974-764b78ab2760, -11.410330, -50.693370,2026-07-11 17:43:00,NOAA-20,LAGOA DA CONFUSÃO,TOCANTINS,Brasil,1711902,17,33,64,0.1,1.0,Cerrado,9.4
b2b11acc-823e-38b2-9d2a-78a22c19dab6, -13.366890, -63.551560,2026-07-11 17:43:00,NOAA-20,Vaca Díez,El Beni,Bolivia,30,3,28,27,12.26,0.24,,3.6
1e517826-237f-3254-a598-cd4e47575300, -16.604440, -67.177760,2026-07-11 17:43:00,NOAA-20,Inquisivi,La Paz,Bolivia,39,4,28,31,0.0,0.95,,18.0
7030f5dc-a293-348e-a17b-5098e0008c66, -16.769610, -67.311460,2026-07-11 17:43:00,NOAA-20,Inquisivi,La Paz,Bolivia,39,4,28,29,0.0,0.94,,5.4
68eb2b10-d0b1-36db-975b-cb090e6f7f37, -16.847850, -64.753210,2026-07-11 17:43:00,NOAA-20,Carrasco,Cochabamba,Bolivia,15,2,28,22,0.2,0.53,,4.2
e9e04069-9963-329f-b278-cc2b98451f45, -12.834840, -66.588020,2026-07-11 17:43:00,NOAA-20,José Ballivián,El Beni,Bolivia,26,3,28,16,1.42,1.0,,16.1
c8d1b4c7-faea-36d4-bb7c-97e0500d3be6, -15.605030, -64.203000,2026-07-11 17:43:00,NOAA-20,Marbán,El Beni,Bolivia,28,3,28,16,1.97,0.49,,17.9
465597e2-8539-3593-bf39-93d0a052ad9c, -13.337250, -63.563770,2026-07-11 17:43:00,NOAA-20,Vaca Díez,El Beni,Bolivia,30,3,28,27,10.92,0.74,,3.8
72f8e5c9-5250-3902-bb83-cf375a39a2f5, -13.433140, -72.920580,2026-07-11 17:43:00,NOAA-20,Abancay,Apurímac,Peru,28,3,178,29,0.0,0.87,,28.6
6a31bc3c-ae5f-303b-a47a-fc00332aa470, -19.391410, -66.532360,2026-07-11 17:43:00,NOAA-20,Antonio Quijarro,Potosí,Bolivia,64,7,28,75,0.0,0.66,,4.3
a4edef68-39e6-378c-9c6f-41155404a50b, -16.605070, -68.931820,2026-07-11 17:43:00,NOAA-20,Ingavi,La Paz,Bolivia,38,4,28,8,0.0,0.77,,34.8
85c202a4-e6cd-311d-8fc7-6a979912a0c8, -13.161520, -65.070630,2026-07-11 17:43:00,NOAA-20,Mamoré,El Beni,Bolivia,27,3,28,5,13.17,0.13,,3.8
c4662828-77de-37f3-9cd7-9df9f7b6a608, -15.601450, -64.203540,2026-07-11 17:43:00,NOAA-20,Marbán,El Beni,Bolivia,28,3,28,16,1.94,0.67,,5.8
83e9a676-1150-36be-9be4-9e13a751e52c, -15.006340, -70.967830,2026-07-11 17:43:00,NOAA-20,Melgar,Puno,Peru,168,22,178,31,0.0,0.79,,27.3
4b28ec1d-cab8-3e5b-b142-84359848fe0c, -17.478370, -62.880860,2026-07-11 17:43:00,NOAA-20,Ignacio Warnes,Santa Cruz,Bolivia,84,8,28,21,0.39,1.0,,20.6
a028e57b-925c-3725-bec4-470f147b42a1, -12.796060, -59.800130,2026-07-11 17:43:00,NOAA-20,COMODORO,MATO GROSSO,Brasil,5103304,51,33,15,7.19,0.93,Cerrado,4.0
54f1249c-d8ee-3e43-a1a5-420aba46135d, -17.047170, -57.507600,2026-07-11 17:43:00,NOAA-20,CÁCERES,MATO GROSSO,Brasil,5102504,51,33,10,0.0,-999.0,Pantanal,0.2
078ab6b8-9f34-3f60-951a-f7233e01a8c4, -15.835600, -68.493490,2026-07-11 17:43:00,NOAA-20,Larecaja,La Paz,Bolivia,40,4,28,31,0.0,0.73,,44.9
88cabc38-015f-3f72-bb0a-a4ce1188d06e, -11.812030, -62.773090,2026-07-11 17:43:00,NOAA-20,SÃO MIGUEL DO GUAPORÉ,RONDÔNIA,Brasil,1100320,11,33,13,8.73,0.53,Amazônia,51.2
79ef8e7b-9234-365f-80ae-6ec93dfe09cc, -15.820560, -61.252670,2026-07-11 17:43:00,NOAA-20,José Miguel de Velasco,Santa Cruz,Bolivia,85,8,28,16,3.18,0.5,,7.4
4e562a3c-fd2b-3e69-ada4-adadbc622245, -13.154230, -65.098010,2026-07-11 17:43:00,NOAA-20,Mamoré,El Beni,Bolivia,27,3,28,9,11.05,0.67,,4.2
c47db0fd-d374-3649-b28f-0b7efbdd44c6, -11.809230, -62.777160,2026-07-11 17:43:00,NOAA-20,SÃO MIGUEL DO GUAPORÉ,RONDÔNIA,Brasil,1100320,11,33,13,8.77,0.24,Amazônia,5.0
10c60cf3-7a85-35d3-9bb1-e3a252f9ee28, -13.696190, -64.492490,2026-07-11 17:43:00,NOAA-20,Mamoré,El Beni,Bolivia,27,3,28,6,4.73,0.84,,5.0
b041f2ce-42ff-395e-8da1-4f7564819745, -13.190620, -65.145560,2026-07-11 17:43:00,NOAA-20,Mamoré,El Beni,Bolivia,27,3,28,11,6.68,0.44,,2.9
98478a70-173e-352e-bc55-501d509c0001, -13.840890, -70.381450,2026-07-11 17:43:00,NOAA-20,Carabaya,Puno,Peru,162,22,178,0,0.0,0.73,,8.5
b4a8a0ad-0278-37b8-b44a-1cc3fc5229d9, -16.710180, -67.483670,2026-07-11 17:43:00,NOAA-20,Inquisivi,La Paz,Bolivia,39,4,28,17,0.0,0.91,,15.2
6b155f89-0e64-3b58-b5fb-b74380fb3f5d, -16.605640, -68.936970,2026-07-11 17:43:00,NOAA-20,Ingavi,La Paz,Bolivia,38,4,28,8,0.0,0.77,,35.8
0ca1ed3d-10ce-39ba-846e-cd62ea0b5744, -13.426290, -72.931150,2026-07-11 17:43:00,NOAA-20,Abancay,Apurímac,Peru,28,3,178,29,0.0,0.87,,21.3
bd71a8a5-8f11-3769-b86c-0862833cfd7b, -16.680280, -67.458050,2026-07-11 17:43:00,NOAA-20,Inquisivi,La Paz,Bolivia,39,4,28,15,0.0,0.94,,9.8
1a229b19-b909-30f4-b87a-e1dedbe026f5, -12.015100, -53.376040,2026-07-11 17:43:00,NOAA-20,QUERÊNCIA,MATO GROSSO,Brasil,5107065,51,33,45,1.86,0.64,Amazônia,3.7
7172942b-5f34-3d4d-8957-a63d912419b0, -14.011070, -67.957520,2026-07-11 17:43:00,NOAA-20,Abel Iturralde,La Paz,Bolivia,32,4,28,8,2.4,0.24,,1.9
233ecf67-2923-328a-a5e1-1ebcbbfc7133, -15.218980, -52.661560,2026-07-11 17:43:00,NOAA-20,BARRA DO GARÇAS,MATO GROSSO,Brasil,5101803,51,33,19,0.0,1.0,Cerrado,3.8
77cae016-731d-3002-b6c6-7b3a38499cbd, -13.324450, -63.573100,2026-07-11 17:43:00,NOAA-20,Vaca Díez,El Beni,Bolivia,30,3,28,25,9.9,0.94,,6.3
8f6e56d4-055b-3582-9766-85396564c85f, -14.261390, -58.853170,2026-07-11 17:43:00,NOAA-20,TANGARÁ DA SERRA,MATO GROSSO,Brasil,5107958,51,33,0,2.84,0.98,Cerrado,6.9
3102b045-7458-3868-a73a-e4a405013af3, -15.212260, -52.653920,2026-07-11 17:43:00,NOAA-20,BARRA DO GARÇAS,MATO GROSSO,Brasil,5101803,51,33,19,0.0,1.0,Cerrado,2.2
4d2161e6-cf64-315b-b24b-8ab82c6a984d, -15.748220, -68.989340,2026-07-11 17:43:00,NOAA-20,Eliodoro Camacho,La Paz,Bolivia,35,4,28,7,0.0,0.73,,14.8
c0441741-68a8-314a-b802-b57fe5d83806, -13.154830, -65.102320,2026-07-11 17:43:00,NOAA-20,Mamoré,El Beni,Bolivia,27,3,28,10,10.7,0.8,,4.2
fc93e98d-3f50-3092-9f92-33f469e3f53a, -15.762410, -60.961240,2026-07-11 17:43:00,NOAA-20,José Miguel de Velasco,Santa Cruz,Bolivia,85,8,28,16,1.5,0.82,,7.3
6d410f43-52ae-3a48-bb44-14561106b3a5, -15.960990, -69.578140,2026-07-11 17:43:00,NOAA-20,El Collao,Puno,Peru,164,22,178,8,0.0,0.76,,14.8
229cf4f6-9fd7-3240-9115-144011567e59, -17.980020, -67.348780,2026-07-11 17:43:00,NOAA-20,Saucarí,Oruro,Bolivia,59,5,28,7,0.0,0.8,,8.5
d996d44b-9030-3b50-9f9a-cb55339545c1, -17.698210, -61.045680,2026-07-11 17:43:00,NOAA-20,Chiquitos,Santa Cruz,Bolivia,80,8,28,16,2.51,0.95,,1.7
ff2e5aa1-13f0-3f9e-9381-7fa4f0cbf7d9, -12.792620, -59.800680,2026-07-11 17:43:00,NOAA-20,COMODORO,MATO GROSSO,Brasil,5103304,51,33,15,7.27,0.85,Cerrado,3.2
d1330e58-6dbb-3d21-888b-0b830229b8d7, -17.721780, -61.000880,2026-07-11 17:43:00,NOAA-20,Chiquitos,Santa Cruz,Bolivia,80,8,28,16,2.82,0.82,,16.0
7f256dbd-0631-3384-a396-2785986e7dfe, -15.899170, -70.021980,2026-07-11 17:43:00,NOAA-20,Puno,Puno,Peru,170,22,178,20,0.0,0.78,,7.9
b7cefc80-46d4-3158-9bc1-1ffbc04260a6, -14.032790, -69.659770,2026-07-11 17:43:00,NOAA-20,Sandia,Puno,Peru,173,22,178,20,0.0,0.77,,12.2
4fb10bb0-bda6-3a69-9795-f26913158c46, -17.410080, -65.917050,2026-07-11 17:43:00,NOAA-20,Chapare,Cochabamba,Bolivia,17,2,28,39,0.0,0.9,,7.8
d4fa6f47-2c33-38c0-be02-c93b40b0cf49, -12.874150, -66.405010,2026-07-11 17:43:00,NOAA-20,Yacuma,El Beni,Bolivia,31,3,28,19,3.62,0.96,,5.3
ab307da3-8113-345b-aeb9-08acba41c6e4, -14.037630, -69.658670,2026-07-11 17:43:00,NOAA-20,Sandia,Puno,Peru,173,22,178,20,0.0,0.77,,8.5
77b625ab-645a-3b00-bdf7-7fb212519b4b, -16.611770, -68.937090,2026-07-11 17:43:00,NOAA-20,Ingavi,La Paz,Bolivia,38,4,28,8,0.0,0.77,,20.0
a639677e-ee3f-3d26-8f52-62e102b25bf7, -13.841140, -70.383570,2026-07-11 17:43:00,NOAA-20,Carabaya,Puno,Peru,162,22,178,0,0.0,0.73,,6.0
a5510cd1-ee41-314f-8158-3ee64af4ca3e, -13.321030, -63.573620,2026-07-11 17:43:00,NOAA-20,Vaca Díez,El Beni,Bolivia,30,3,28,25,9.69,0.76,,6.3
355c9644-06c9-3054-8cff-fceae9339e64, -12.871810, -66.298900,2026-07-11 17:43:00,NOAA-20,Yacuma,El Beni,Bolivia,31,3,28,20,5.06,0.81,,5.0
a8ad8671-4408-32b6-ac1a-64dc473ccc9f, -17.374250, -67.470280,2026-07-11 17:43:00,NOAA-20,Aroma,La Paz,Bolivia,33,4,28,6,0.0,0.79,,3.9
43446044-63b8-3d47-b906-99549cc807ce, -17.481260, -62.876410,2026-07-11 17:43:00,NOAA-20,Ignacio Warnes,Santa Cruz,Bolivia,84,8,28,21,0.4,1.0,,4.8
9fc8241a-3764-389b-88e3-ac8a790d9e11, -13.053260, -71.884800,2026-07-11 17:43:00,NOAA-20,Paucartambo,Cusco,Peru,78,8,178,0,0.0,0.81,,7.2
900b7ea4-e90f-3cb2-86d5-953061962930, -16.610470, -68.936140,2026-07-11 17:43:00,NOAA-20,Ingavi,La Paz,Bolivia,38,4,28,8,0.0,0.77,,27.7
a854dde6-ee62-382e-98c3-5bc498d5b6e4, -15.265590, -69.799160,2026-07-11 17:43:00,NOAA-20,Huancane,Puno,Peru,165,22,178,7,0.0,0.76,,2.4
3bd78cc1-58d6-3b68-9ef1-48df926e3501, -13.324670, -63.573390,2026-07-11 17:43:00,NOAA-20,Vaca Díez,El Beni,Bolivia,30,3,28,25,9.91,0.95,,7.8
802cefa2-8a86-3810-a091-ffc3677593ea, -14.897850, -68.782690,2026-07-11 17:43:00,NOAA-20,Bautista Saavedra,La Paz,Bolivia,34,4,28,10,0.0,0.65,,7.9
17dd52c0-1e62-3277-8bad-296ec9759e92, -15.602030, -64.207740,2026-07-11 17:43:00,NOAA-20,Marbán,El Beni,Bolivia,28,3,28,16,1.91,0.65,,3.2
e5a380bd-9bd8-39af-8eea-bf50655eaf6c, -15.966010, -69.577510,2026-07-11 17:43:00,NOAA-20,El Collao,Puno,Peru,164,22,178,9,0.0,0.76,,3.9
fd8b700d-0676-3429-a228-9fd3c4b73b9b, -18.029800, -62.290660,2026-07-11 17:43:00,NOAA-20,Chiquitos,Santa Cruz,Bolivia,80,8,28,9,0.3,0.97,,11.4
de0cfe72-4e51-37cf-aed0-341a44f56b15, -12.865980, -73.812280,2026-07-11 17:45:00,NOAA-20,La Mar,Ayacucho,Peru,47,5,178,3,0.0,0.94,,8.4
1286d9fc-ed76-3766-b70e-515b29b3b816,  -7.929560, -75.201100,2026-07-11 17:45:00,NOAA-20,Ucayali,Loreto,Peru,143,17,178,7,6.63,0.07,,14.0
e379a7b3-8742-33b8-8874-f5d4ed71f0aa, -12.002240, -75.590300,2026-07-11 17:45:00,NOAA-20,Concepción,Junín,Peru,106,12,178,5,0.0,0.78,,5.2
ab3eb23d-6e46-3942-9ded-7be91f58cfa2,  -7.929770, -75.204520,2026-07-11 17:45:00,NOAA-20,Ucayali,Loreto,Peru,143,17,178,7,6.6,0.07,,8.5
406f08dc-3b66-3e04-bce9-e6767d122263, -12.758620, -74.099600,2026-07-11 17:45:00,NOAA-20,Huanta,Ayacucho,Peru,46,5,178,14,0.0,0.82,,8.8
75517ba6-f72e-3a52-a90e-2fc31f11900d,  -6.425950, -53.929080,2026-07-11 17:45:00,NOAA-20,ALTAMIRA,PARÁ,Brasil,1500602,15,33,15,2.46,0.07,Amazônia,0.8
2990aef2-714b-3b3f-928a-ffff502ee976, -11.884090, -74.174190,2026-07-11 17:45:00,NOAA-20,Satipo,Junín,Peru,110,12,178,0,0.11,0.06,,11.6
bccdeb20-0782-30fd-8ca3-2ac80a8255ea, -13.148120, -74.657380,2026-07-11 17:45:00,NOAA-20,Angaraes,Huancavelica,Peru,93,10,178,0,0.0,0.76,,11.5
2ae834b2-d979-304f-82c4-dfde7af814eb, -11.601070, -74.750500,2026-07-11 17:45:00,NOAA-20,Satipo,Junín,Peru,110,12,178,1,0.0,0.82,,32.9
adfe82ec-f3de-3eab-8dd9-34cb4ef2b648,  -6.867740, -56.576120,2026-07-11 17:45:00,NOAA-20,ITAITUBA,PARÁ,Brasil,1503606,15,33,13,1.97,0.54,Amazônia,9.4
ffcf6cba-afae-35c2-a970-5f7ddfdca56c,  -3.666740, -59.655450,2026-07-11 17:45:00,NOAA-20,AUTAZES,AMAZONAS,Brasil,1300300,13,33,4,0.0,0.15,Amazônia,7.8
3310722f-1409-3483-981f-864218fea527,  -8.569370, -74.395360,2026-07-11 17:45:00,NOAA-20,Coronel Portillo,Ucayali,Peru,193,26,178,6,3.16,0.45,,5.0
cf05dee9-f6a3-3922-ba13-d420697a2c4e,  -9.184400, -49.621560,2026-07-11 17:45:00,NOAA-20,ARAGUACEMA,TOCANTINS,Brasil,1701903,17,33,59,0.12,1.0,Cerrado,11.4
cbe0ed73-b543-367a-bc9a-7a3c52ea478b, -10.465090, -76.083600,2026-07-11 17:45:00,NOAA-20,Pasco,Pasco,Peru,152,20,178,0,0.0,0.73,,19.2
2866e087-140a-3115-b617-bc16dd96769f,  -6.877630, -76.611560,2026-07-11 17:45:00,NOAA-20,Bellavista,San Martín,Peru,175,23,178,5,0.1,0.68,,11.0
0ed795e8-1844-37a0-b7c0-a93127ca7ab4, -11.596800, -74.424500,2026-07-11 17:45:00,NOAA-20,Satipo,Junín,Peru,110,12,178,1,0.0,0.26,,12.7
9c603c4f-d365-3245-a098-f879e9c1f03e, -12.645190, -73.225810,2026-07-11 17:45:00,NOAA-20,La Convención,Cusco,Peru,76,8,178,7,0.0,0.77,,2.5
e474a5f2-c48b-377f-92b0-00d8a9119aca, -11.193080, -75.733380,2026-07-11 17:45:00,NOAA-20,Tarma,Junín,Peru,111,12,178,0,0.0,0.54,,6.5
0e0b2fbf-9cc0-3456-9330-e96d79ee1895,  -7.176540, -76.424000,2026-07-11 17:45:00,NOAA-20,Bellavista,San Martín,Peru,175,23,178,3,0.0,0.55,,9.6
f4e4c04c-52ce-396c-a034-002b9f9a80b8, -11.691090, -68.362320,2026-07-11 17:45:00,NOAA-20,Manuripi,Pando,Bolivia,62,6,28,17,1.75,0.48,,6.7
615672ea-5e60-3989-87f3-6847bce52d00,  -3.808930, -61.208220,2026-07-11 17:45:00,NOAA-20,BERURI,AMAZONAS,Brasil,1300631,13,33,2,0.0,0.16,Amazônia,4.0
5e32fe59-a29b-321f-8e0b-52c124528968,  -3.854380, -61.338610,2026-07-11 17:45:00,NOAA-20,BERURI,AMAZONAS,Brasil,1300631,13,33,0,0.1,-999.0,Amazônia,4.4
db561e66-5ec0-39cb-9ef9-7382b6440a88,  -7.140720, -76.363980,2026-07-11 17:45:00,NOAA-20,Bellavista,San Martín,Peru,175,23,178,3,0.0,0.92,,2.3
f6204a5c-1be2-3d08-9d16-d852adfe291d, -11.659790, -66.388130,2026-07-11 17:45:00,NOAA-20,Vaca Díez,El Beni,Bolivia,30,3,28,17,2.28,0.47,,17.6
aa005d2b-38eb-33ea-9dd3-9fe5b103b951, -12.759330, -74.094990,2026-07-11 17:45:00,NOAA-20,Huanta,Ayacucho,Peru,46,5,178,15,0.0,0.82,,13.9
55297c84-5897-359d-aa6b-8dc9bad10cf3, -12.758140, -74.095450,2026-07-11 17:45:00,NOAA-20,Huanta,Ayacucho,Peru,46,5,178,15,0.0,0.82,,8.8
030a30c6-7d23-3012-a7b9-0ce2eac4fdf0, -11.885360, -74.170630,2026-07-11 17:45:00,NOAA-20,Satipo,Junín,Peru,110,12,178,0,0.1,0.06,,12.3
c27dcc35-932a-3051-9a04-fe54a9d1ec13,  -6.867010, -56.571700,2026-07-11 17:45:00,NOAA-20,ITAITUBA,PARÁ,Brasil,1503606,15,33,14,1.98,0.27,Amazônia,11.0
0b0646f2-4d1d-346c-9c7d-06e8bef775a8, -11.596620, -74.422760,2026-07-11 17:45:00,NOAA-20,Satipo,Junín,Peru,110,12,178,1,0.0,0.27,,13.5
9a19a147-4570-302a-b627-e47e7e9e1456,  -8.639490, -74.803560,2026-07-11 17:45:00,NOAA-20,Puerto Inca,Huánuco,Peru,90,9,178,6,8.88,0.05,,4.4
8e819f67-1faf-3548-8cc7-9b31d16706cd, -12.759770, -74.099080,2026-07-11 17:45:00,NOAA-20,Huanta,Ayacucho,Peru,46,5,178,14,0.0,0.82,,12.6
f85de1e0-565f-35f5-9669-e822881f8884, -12.766340, -74.099460,2026-07-11 17:45:00,NOAA-20,Huanta,Ayacucho,Peru,46,5,178,14,0.0,0.83,,5.9
c427bba5-26b2-3943-a3e9-ba33d5c054ab,  -3.923560, -61.316470,2026-07-11 17:45:00,NOAA-20,BERURI,AMAZONAS,Brasil,1300631,13,33,0,0.1,0.12,Amazônia,4.2
4fae78ee-f817-315f-8563-a0ca0ecc9acf,  -3.429720, -60.167930,2026-07-11 17:47:00,NOAA-20,CAREIRO,AMAZONAS,Brasil,1301100,13,33,0,0.45,0.59,Amazônia,9.6
fcce385f-6c6a-39fd-89a8-4da4ebc26d13,  -1.668240, -54.649440,2026-07-11 17:47:00,NOAA-20,ALENQUER,PARÁ,Brasil,1500404,15,33,0,0.2,0.14,Amazônia,6.6
60d5269b-4906-3a7e-8c97-034afe88c971,  -3.143690, -61.140360,2026-07-11 17:47:00,NOAA-20,MANACAPURU,AMAZONAS,Brasil,1302504,13,33,5,0.0,0.16,Amazônia,4.6
e69c8a39-68a0-3069-91fd-70111066e1da,  -1.667640, -54.645700,2026-07-11 17:47:00,NOAA-20,ALENQUER,PARÁ,Brasil,1500404,15,33,0,0.2,0.48,Amazônia,6.6
bfc5c131-afc9-38d9-8298-84d7bbe098cb,  -2.875640, -59.214970,2026-07-11 17:47:00,NOAA-20,ITACOATIARA,AMAZONAS,Brasil,1301902,13,33,4,0.1,0.1,Amazônia,5.7
3cdb2721-36c7-3d70-b685-478cc7f3d25e,  -3.278440, -60.612180,2026-07-11 17:47:00,NOAA-20,MANACAPURU,AMAZONAS,Brasil,1302504,13,33,5,0.0,0.18,Amazônia,5.9
d3afb8a3-3bbc-3e25-8bc4-0ea443c98383,  -3.356010, -59.493630,2026-07-11 17:47:00,NOAA-20,CAREIRO DA VÁRZEA,AMAZONAS,Brasil,1301159,13,33,4,0.2,0.18,Amazônia,5.4
59c9bd67-2f55-39b9-ab4f-ed337e0093c6,  -1.497510, -55.163190,2026-07-11 17:47:00,NOAA-20,ALENQUER,PARÁ,Brasil,1500404,15,33,0,0.0,0.2,Amazônia,2.4
ecdf15d5-5c3d-3309-a15d-b7dbd5fee0a4,  -3.359800, -59.490460,2026-07-11 17:47:00,NOAA-20,CAREIRO DA VÁRZEA,AMAZONAS,Brasil,1301159,13,33,4,0.2,0.18,Amazônia,2.6
6a4dc186-d298-3f7d-b15e-8b38a7a11067,  -3.359920, -59.493020,2026-07-11 17:47:00,NOAA-20,CAREIRO DA VÁRZEA,AMAZONAS,Brasil,1301159,13,33,4,0.2,0.18,Amazônia,5.4
e70de688-c033-3cfa-82cb-a8bdd4eff174,  -1.687210, -53.805630,2026-07-11 17:47:00,NOAA-20,PRAINHA,PARÁ,Brasil,1506005,15,33,0,0.0,0.17,Amazônia,6.0
fbe2826a-15e1-37ce-a2a9-515051fb9812,  -3.410040, -60.358110,2026-07-11 17:47:00,NOAA-20,MANAQUIRI,AMAZONAS,Brasil,1302553,13,33,1,0.3,0.14,Amazônia,4.7
98be47de-05a9-3490-888b-69b1c13acfe4,  -3.355890, -59.491080,2026-07-11 17:47:00,NOAA-20,CAREIRO DA VÁRZEA,AMAZONAS,Brasil,1301159,13,33,4,0.2,0.18,Amazônia,11.9
d9723926-676a-3396-a12a-193bc27960f5,  -1.685530, -53.805730,2026-07-11 17:47:00,NOAA-20,PRAINHA,PARÁ,Brasil,1506005,15,33,0,0.0,0.17,Amazônia,6.2
4660200e-5d62-3b66-a7a1-c1b4005148b1,  -2.634800, -60.011630,2026-07-11 17:47:00,NOAA-20,MANAUS,AMAZONAS,Brasil,1302603,13,33,0,0.0,0.08,Amazônia,3.1
b3876758-0ba1-35d7-adf7-b0f136a6b58e,    .144360, -60.410190,2026-07-11 17:47:00,NOAA-20,RORAINÓPOLIS,RORAIMA,Brasil,1400472,14,33,4,0.0,0.02,Amazônia,8.3
5fb8a426-f26d-31bf-86f2-7a11ec8b2134, -15.956130, -39.121530,2026-07-11 17:49:00,AQUA_M-T,BELMONTE,BAHIA,Brasil,2903409,29,33,8,0.0,0.85,Mata Atlântica,17.9
07fc5bbb-023d-3fe1-a7e7-235006aef8fc,   5.776450, -61.587250,2026-07-11 17:49:00,NOAA-20,Gran Sabana,Bolívar,Venezuela,71,6,249,0,0.6,0.0,,9.7
ec4c9c8c-1c35-335c-a3ed-1caa5290a24b,   4.625660, -69.641370,2026-07-11 17:49:00,NOAA-20,Cumaribo,Vichada,Colombia,1060,32,53,0,14.76,0.0,,2.2
daec2f14-ef7b-360f-84e5-a1f07e0e5ae9,   3.841340, -61.307960,2026-07-11 17:49:00,NOAA-20,AMAJARI,RORAIMA,Brasil,1400027,14,33,0,0.0,0.04,Amazônia,3.3
2f6802a1-de78-38af-b794-d6baaf34171e,   3.267940, -60.046610,2026-07-11 17:49:00,NOAA-20,BONFIM,RORAIMA,Brasil,1400159,14,33,0,0.0,0.03,Amazônia,9.0
85fab96e-3f2e-3265-8a58-3972ffc74841,   6.956950, -74.689070,2026-07-11 17:49:00,NOAA-20,Remedios,Antioquia,Colombia,90,2,53,0,0.52,0.0,,1.4
3011ffce-e6b5-3ea0-9727-5803cf3eacff,   5.148210, -68.140270,2026-07-11 17:49:00,NOAA-20,Santa Rita,Vichada,Colombia,1064,32,53,0,5.48,0.0,,22.9
989bfa5a-112b-3f75-88e8-3cb79f1c35e8,   4.979270, -69.714440,2026-07-11 17:49:00,NOAA-20,La Primavera,Vichada,Colombia,1061,32,53,0,1.8,0.0,,4.9
fb889ff9-8950-3a49-bf66-b9f36a47b103,   4.956000, -68.310200,2026-07-11 17:49:00,NOAA-20,Santa Rita,Vichada,Colombia,1064,32,53,0,2.21,0.0,,5.1
061bf623-61f0-3a9d-b323-47d181ae447a,   4.769760, -61.374790,2026-07-11 17:49:00,NOAA-20,Gran Sabana,Bolívar,Venezuela,71,6,249,2,10.27,0.0,,12.8
004c0bea-543f-31d3-9fe0-d5f49de35611,   4.689970, -68.824690,2026-07-11 17:49:00,NOAA-20,Cumaribo,Vichada,Colombia,1060,32,53,0,0.1,0.0,,5.6
40923d52-a255-337f-a590-f39e022384c1,   7.306500, -74.447880,2026-07-11 17:49:00,NOAA-20,Segovia,Antioquia,Colombia,112,2,53,0,1.0,0.0,,8.7
de155257-f102-3e9e-ac70-1661a083a232,   4.692980, -68.875410,2026-07-11 17:49:00,NOAA-20,Cumaribo,Vichada,Colombia,1060,32,53,0,0.1,0.0,,5.1
e452b332-cd40-39b4-ba67-7658ad69dbe0,   3.110230, -61.167860,2026-07-11 17:49:00,NOAA-20,ALTO ALEGRE,RORAIMA,Brasil,1400050,14,33,0,0.0,0.09,Amazônia,8.1
d43f7eaf-e054-30f9-9a2d-971ee6036aac,   3.431720, -72.668040,2026-07-11 17:49:00,NOAA-20,San Martín,Meta,Colombia,709,20,53,0,2.82,0.0,,8.6
68e02982-baeb-3f7c-bb59-09337b76a262,   5.149390, -68.132710,2026-07-11 17:49:00,NOAA-20,Santa Rita,Vichada,Colombia,1064,32,53,0,5.24,0.0,,4.8
b129c2d5-b759-3707-89b7-e823ad29560d,   5.151670, -68.140800,2026-07-11 17:49:00,NOAA-20,Santa Rita,Vichada,Colombia,1064,32,53,0,5.46,0.0,,22.9
5614683d-9b89-38a0-a947-aa4be4f5d831,   5.152250, -68.137020,2026-07-11 17:49:00,NOAA-20,Santa Rita,Vichada,Colombia,1064,32,53,0,5.34,0.0,,22.9
d4b49af9-19c6-3294-bbc7-fd6226af4b31,   5.530320, -74.943060,2026-07-11 17:49:00,NOAA-20,Samaná,Caldas,Colombia,368,8,53,1,0.38,0.14,,6.5
fc26fa73-4bb4-33f3-af2d-51a0cd28d6c7,   6.792280, -74.086920,2026-07-11 17:49:00,NOAA-20,Puerto Parra,Santander,Colombia,918,27,53,2,0.52,-999.0,,7.7
9fe86f46-23e6-3e62-827f-e26110bd9fed,   2.969850, -60.281420,2026-07-11 17:49:00,NOAA-20,BONFIM,RORAIMA,Brasil,1400159,14,33,0,0.0,0.09,Amazônia,10.7
b009c8ea-b505-366d-8672-4b83ab3cadff,   4.689330, -68.828770,2026-07-11 17:49:00,NOAA-20,Cumaribo,Vichada,Colombia,1060,32,53,0,0.1,0.0,,4.1
c26bc093-b906-3ed9-b505-00d1aa0cb8b2,   4.624220, -69.635460,2026-07-11 17:49:00,NOAA-20,Cumaribo,Vichada,Colombia,1060,32,53,0,15.04,0.0,,4.1
9db4c8cb-cb70-35e7-9fcf-1920fd2138e0,   4.975530, -69.713860,2026-07-11 17:49:00,NOAA-20,La Primavera,Vichada,Colombia,1061,32,53,0,1.84,0.0,,19.8
209fbf57-fd90-33e6-bcfd-5bb386f30dc7,   7.308410, -74.449520,2026-07-11 17:49:00,NOAA-20,Segovia,Antioquia,Colombia,112,2,53,0,1.0,0.0,,9.6
fe50153f-54c1-3192-83a5-53e955f84955,   5.530720, -74.940690,2026-07-11 17:49:00,NOAA-20,Samaná,Caldas,Colombia,368,8,53,1,0.4,0.14,,6.5
8ac90ea7-31bf-38d4-8294-d689cdf2a8a4,   5.983430, -75.163400,2026-07-11 17:49:00,NOAA-20,Cocorná,Antioquia,Colombia,43,2,53,2,0.35,0.04,,4.4
5877bd00-e166-35ca-88df-1228780cd2c5,   4.709650, -60.745470,2026-07-11 17:49:00,NOAA-20,PACARAIMA,RORAIMA,Brasil,1400456,14,33,0,3.31,0.0,Amazônia,3.7
6fd0bcfc-f11e-30e6-b655-5cd5db04c903,   5.748920, -74.926390,2026-07-11 17:49:00,NOAA-20,Sonsón,Antioquia,Colombia,113,2,53,1,0.52,0.04,,2.3
543f5f16-0dba-3a29-a775-b2e5765b4b5c,   5.982620, -75.163990,2026-07-11 17:49:00,NOAA-20,Cocorná,Antioquia,Colombia,43,2,53,2,0.34,0.04,,3.9
8f8a482d-22a3-30c0-9b53-e414116ea092,   4.981880, -68.259100,2026-07-11 17:49:00,NOAA-20,Santa Rita,Vichada,Colombia,1064,32,53,0,2.7,0.0,,2.8
ef085b9b-dffa-3e8e-8d28-73c6375e1240,   5.151080, -68.144580,2026-07-11 17:49:00,NOAA-20,Santa Rita,Vichada,Colombia,1064,32,53,0,5.56,0.0,,11.7
caefe074-6535-39c5-842e-1e2b847efa0b,   4.623490, -69.639930,2026-07-11 17:49:00,NOAA-20,Cumaribo,Vichada,Colombia,1060,32,53,0,15.26,0.0,,5.2
0f198a13-aa0d-3f21-b371-f3b391b3c0b5,   7.255690, -73.933620,2026-07-11 17:49:00,NOAA-20,Puerto Wilches,Santander,Colombia,919,27,53,2,0.2,-999.0,,3.6
12a9a7dd-0cc4-3eec-8c1e-1c5540792c40,   8.680370, -62.904980,2026-07-11 17:49:00,NOAA-20,Libertador,Monagas,Venezuela,207,17,249,2,5.79,0.17,,31.1
319f8676-60a2-3217-9860-73e8070be9d7,   4.296100, -70.642220,2026-07-11 17:49:00,NOAA-20,San Jose de Ocune,Vichada,Colombia,1063,32,53,0,7.89,0.0,,2.4
56d3c804-4e3c-36fc-97f9-296ff9ebe92f,   4.571070, -60.472850,2026-07-11 17:49:00,NOAA-20,UIRAMUTÃ,RORAIMA,Brasil,1400704,14,33,0,1.5,0.01,Amazônia,2.6
26269d93-b618-3ee3-a008-f85439a5ce1f,   4.765120, -61.379220,2026-07-11 17:49:00,NOAA-20,Gran Sabana,Bolívar,Venezuela,71,6,249,2,10.11,0.0,,5.1
5ce3502f-fd35-3e36-96fc-701cbc32e4a8,   5.531100, -74.661020,2026-07-11 17:49:00,NOAA-20,Puerto Salgar,Cundinamarca,Colombia,557,14,53,1,0.4,0.27,,2.6
778c807a-90b3-3929-a3fb-6fb1a16938f0,   8.681040, -62.900450,2026-07-11 17:49:00,NOAA-20,Libertador,Monagas,Venezuela,207,17,249,2,5.76,0.17,,35.5
df43cf84-444c-36da-9b16-74e5d1dd4688,   5.533970, -74.660840,2026-07-11 17:49:00,NOAA-20,Puerto Salgar,Cundinamarca,Colombia,557,14,53,1,0.4,0.18,,4.8
7a29d5f5-822e-34d2-a464-918dd8449f10,   3.270340, -60.043010,2026-07-11 17:49:00,NOAA-20,BONFIM,RORAIMA,Brasil,1400159,14,33,0,0.0,0.03,Amazônia,4.2
a178f558-a8eb-35b0-b58d-20f1e5e6c213,   8.681240, -62.908010,2026-07-11 17:49:00,NOAA-20,Libertador,Monagas,Venezuela,207,17,249,2,5.75,0.17,,25.1
a192910c-3511-3d43-acc8-7d9151ff5da8,   5.887210, -75.217350,2026-07-11 17:49:00,NOAA-20,El Carmen de Viboral,Antioquia,Colombia,51,2,53,2,0.2,0.05,,2.2
f49f187e-fe59-3f04-926f-6df7c44dd931,   8.665160, -62.851710,2026-07-11 17:49:00,NOAA-20,Libertador,Monagas,Venezuela,207,17,249,2,6.29,0.13,,9.2
f6466654-b760-3a33-8ea1-6eb8e061672c,   4.971800, -69.713290,2026-07-11 17:49:00,NOAA-20,La Primavera,Vichada,Colombia,1061,32,53,0,1.83,0.0,,19.8
baf9d8f3-127e-35e9-a6d0-19e72cb5af01,   6.893070, -74.824930,2026-07-11 17:49:00,NOAA-20,Remedios,Antioquia,Colombia,90,2,53,1,0.94,0.01,,12.3
9d8c381c-5cea-34d0-9a9c-10a9d159185d,   3.265630, -60.046150,2026-07-11 17:49:00,NOAA-20,BONFIM,RORAIMA,Brasil,1400159,14,33,0,0.0,0.03,Amazônia,5.0
4e90bd20-e1a0-3b4e-93f5-ea7e91fc61b8,   3.918220, -61.253140,2026-07-11 17:49:00,NOAA-20,AMAJARI,RORAIMA,Brasil,1400027,14,33,0,0.0,0.04,Amazônia,11.4
53ef7b63-c306-3b9f-9854-d5910785e8be,   4.721000, -68.884000,2026-07-11 17:49:00,NOAA-20,Cumaribo,Vichada,Colombia,1060,32,53,0,0.07,0.0,,3.2
2235ee61-6100-3799-9ed9-59d569148a4c,   3.426110, -72.761540,2026-07-11 17:49:00,NOAA-20,San Martín,Meta,Colombia,709,20,53,0,3.06,0.0,,4.8
f58ccb74-105d-3963-a2db-0cdf0c1180fc,   5.359200, -69.085820,2026-07-11 17:49:00,NOAA-20,La Primavera,Vichada,Colombia,1061,32,53,0,7.37,0.0,,5.8
445772c9-c556-3920-be86-9f75d03f23f8,   7.305550, -74.453530,2026-07-11 17:49:00,NOAA-20,Segovia,Antioquia,Colombia,112,2,53,0,1.0,0.0,,8.7
db474410-b606-3845-9164-b51b3bd34c20,   3.266210, -60.057950,2026-07-11 17:49:00,NOAA-20,BONFIM,RORAIMA,Brasil,1400159,14,33,0,0.0,0.03,Amazônia,4.8
71f250fc-74c6-32f0-8d94-2f9e0ae3d07a,   4.986920, -71.219510,2026-07-11 17:49:00,NOAA-20,San Luis de Palenque,Casanare,Colombia,401,10,53,0,1.9,0.02,,2.3
4d1598ee-baf1-352a-9a5b-68ba9c4c4774,   7.876090, -65.079100,2026-07-11 17:49:00,NOAA-20,Monagas,Anzoátegui,Venezuela,24,2,249,1,3.7,0.22,,6.3
847efe42-5f4d-384f-8253-ce3e413f9610,   6.793190, -74.081590,2026-07-11 17:49:00,NOAA-20,Puerto Parra,Santander,Colombia,918,27,53,2,0.57,0.02,,7.7
5fc13632-15ea-39cc-b73b-a40d67aa7247,   4.765850, -61.374320,2026-07-11 17:49:00,NOAA-20,Gran Sabana,Bolívar,Venezuela,71,6,249,2,10.18,0.0,,5.1
677edb82-f1aa-3cce-9cf3-8587b16d836f,   8.681880, -62.903470,2026-07-11 17:49:00,NOAA-20,Libertador,Monagas,Venezuela,207,17,249,2,5.72,0.17,,25.1
c190e916-d577-3916-9f34-e9965f187a4b,   8.665400, -62.902850,2026-07-11 17:49:00,NOAA-20,Libertador,Monagas,Venezuela,207,17,249,2,6.29,0.15,,6.5
c27f8736-7833-36d5-baa7-83878c1e2c93,   4.844960, -70.071580,2026-07-11 17:49:00,NOAA-20,La Primavera,Vichada,Colombia,1061,32,53,0,13.75,0.0,,6.4
041c1bed-0be1-3166-909d-13d049aa9cf9,  -6.997900, -42.901600,2026-07-11 17:50:00,GOES-19,FLORIANO,PIAUÍ,Brasil,2203909,22,33,23,0.0,1.0,Caatinga,98.5
a4b00c22-81cf-3be7-9acf-59f58495b63a,  -6.951200, -43.724700,2026-07-11 17:50:00,GOES-19,GUADALUPE,PIAUÍ,Brasil,2204501,22,33,24,0.1,1.0,Cerrado,132.2
d2d126ca-58ac-39a9-a88e-55f88d0f7ed6, -13.432800, -72.924200,2026-07-11 17:50:00,GOES-19,Abancay,Apurímac,Peru,28,3,178,29,0.0,0.87,,56.4
5abf4d69-09b1-3258-bcf1-935387bd13d3,  -6.932300, -43.726400,2026-07-11 17:50:00,GOES-19,GUADALUPE,PIAUÍ,Brasil,2204501,22,33,23,0.2,1.0,Cerrado,97.4
5fac86e0-b6af-36c4-9cac-2f8866f02005,  -6.951400, -43.701500,2026-07-11 17:50:00,GOES-19,GUADALUPE,PIAUÍ,Brasil,2204501,22,33,23,0.1,1.0,Cerrado,109.9
b88607c2-a853-3c14-954a-a952efe09b2f,  -4.368800, -80.332500,2026-07-11 17:50:00,GOES-19,Zapotillo,Loja,Ecuador,117,12,68,10,0.0,1.0,,61.7
1fd8e524-e762-3c0c-a4c8-cfcf8f7c8aec,  -8.120420, -35.495420,2026-07-11 17:52:00,AQUA_M-T,GRAVATÁ,PERNAMBUCO,Brasil,2606408,26,33,13,0.0,0.75,Mata Atlântica,6.6
8407ceae-9a57-36aa-b3f1-77380947a642,  -6.542000, -39.388880,2026-07-11 17:52:00,AQUA_M-T,CARIÚS,CEARÁ,Brasil,2303303,23,33,13,0.0,0.94,Caatinga,21.3
424f0b92-1ba7-3658-b854-e6e0678aa798,  -6.539870, -39.373660,2026-07-11 17:52:00,AQUA_M-T,CARIÚS,CEARÁ,Brasil,2303303,23,33,13,0.0,0.93,Caatinga,18.0
25a30705-f87c-3048-be39-2f5888d9e21b,  -9.423160, -37.768170,2026-07-11 17:52:00,AQUA_M-T,OLHO D'ÁGUA DO CASADO,ALAGOAS,Brasil,2705804,27,33,12,0.0,1.0,Caatinga,12.1
41bc364a-b026-3995-ba44-c6718e1b5502,  -7.003880, -42.893220,2026-07-11 17:52:00,AQUA_M-T,FLORIANO,PIAUÍ,Brasil,2203909,22,33,23,0.0,1.0,Caatinga,51.1
bbc69e3c-de3a-3a0a-887a-6d607b07ac28, -13.478790, -40.106130,2026-07-11 17:52:00,AQUA_M-T,ITIRUÇU,BAHIA,Brasil,2916906,29,33,11,9.0,0.99,Mata Atlântica,39.7
59338626-e16d-3786-b123-eadcbc4928ca,  -8.958880, -37.430200,2026-07-11 17:52:00,AQUA_M-T,ITAÍBA,PERNAMBUCO,Brasil,2607505,26,33,14,0.0,1.0,Caatinga,42.6
72c56bf1-8303-30ad-bad5-ab65f6783b75, -12.484980, -40.261720,2026-07-11 17:52:00,AQUA_M-T,ITABERABA,BAHIA,Brasil,2914703,29,33,14,0.0,1.0,Caatinga,17.5
3e6a10b3-850a-3904-ade6-95958ded93d4,  -8.121770, -35.504790,2026-07-11 17:52:00,AQUA_M-T,GRAVATÁ,PERNAMBUCO,Brasil,2606408,26,33,13,0.0,0.82,Mata Atlântica,7.1
8e94e070-79a8-3fad-83ea-6b7b700e182e,  -9.052870, -38.342510,2026-07-11 17:52:00,AQUA_M-T,GLÓRIA,BAHIA,Brasil,2911402,29,33,14,0.0,1.0,Caatinga,13.5
171ada73-c864-3ab4-ba7f-9d2e05f3cba7,  -7.007800, -42.923000,2026-07-11 17:52:00,AQUA_M-T,FLORIANO,PIAUÍ,Brasil,2203909,22,33,23,0.0,1.0,Caatinga,71.2
c459aa30-e82e-31ad-aa28-3e8f4b13d80f,  -8.960550, -37.442130,2026-07-11 17:52:00,AQUA_M-T,ITAÍBA,PERNAMBUCO,Brasil,2607505,26,33,14,0.0,1.0,Caatinga,34.3
ec755514-9356-3c24-ac93-1a9f18f89c05, -10.483410, -42.435970,2026-07-11 17:52:00,AQUA_M-T,XIQUE-XIQUE,BAHIA,Brasil,2933604,29,33,77,0.0,1.0,Caatinga,81.9
4a6c1e8e-22e4-3f01-8f5e-554e6b9c10a4, -13.470390, -40.113960,2026-07-11 17:52:00,AQUA_M-T,ITIRUÇU,BAHIA,Brasil,2916906,29,33,11,9.69,0.94,Mata Atlântica,28.1
65643b72-4b6f-364e-87d1-2e3b24da5948,  -9.054780, -38.356560,2026-07-11 17:52:00,AQUA_M-T,GLÓRIA,BAHIA,Brasil,2911402,29,33,14,0.0,1.0,Caatinga,12.8
0d3b8e71-88c0-36b3-bf07-3d3501816d64, -10.479610, -42.429160,2026-07-11 17:52:00,AQUA_M-T,XIQUE-XIQUE,BAHIA,Brasil,2933604,29,33,75,0.0,1.0,Caatinga,82.9
7fb1fd53-f22b-301f-bb85-8e876749753b,  -6.552730, -35.511680,2026-07-11 17:52:00,AQUA_M-T,TACIMA,PARAÍBA,Brasil,2516409,25,33,2,0.0,0.86,Caatinga,8.7
b4b4927c-399d-3f36-adea-76bd01936a02,  -6.500600, -38.005340,2026-07-11 17:52:00,AQUA_M-T,BOM SUCESSO,PARAÍBA,Brasil,2502300,25,33,14,0.1,0.87,Caatinga,7.9
8fde0751-55ec-3b53-94bd-8c3758760e88,   9.106210, -72.221470,2026-07-11 17:52:00,NOAA-20,Catatumbo,Zulia,Venezuela,321,25,249,0,0.1,0.27,,4.0
b34302c4-6a17-3005-985d-7971c58c23a7,  10.472400, -73.496960,2026-07-11 17:52:00,NOAA-20,Valledupar,Cesar,Colombia,468,12,53,2,0.17,0.44,,9.8
0954a507-7f06-379c-aca6-960db182fc3f,  10.649050, -73.549160,2026-07-11 17:52:00,NOAA-20,Valledupar,Cesar,Colombia,468,12,53,0,0.1,0.39,,12.1
99fffbc9-e8ef-3607-bb1f-3ff76ecb9489,  10.809160, -70.664120,2026-07-11 17:52:00,NOAA-20,Dabajuro,Falcón,Venezuela,114,12,249,11,2.02,0.83,,3.8
6f012ceb-8d6e-3997-a7d3-78f23f181257,  10.033770, -73.341820,2026-07-11 17:52:00,NOAA-20,Agustín Codazzi,Cesar,Colombia,446,12,53,2,0.3,0.57,,5.1
c6bc5898-51e3-351c-8e31-1844e9f56249,  10.036130, -73.004150,2026-07-11 17:52:00,NOAA-20,Agustín Codazzi,Cesar,Colombia,446,12,53,1,0.39,0.27,,5.6
2e472167-1db7-3db5-987d-2fa593e75135,  10.036400, -72.999010,2026-07-11 17:52:00,NOAA-20,Agustín Codazzi,Cesar,Colombia,446,12,53,1,0.39,0.25,,7.0
61f3e6b6-141e-31bd-abf3-d6c24e975508,  10.246160, -75.260800,2026-07-11 17:52:00,NOAA-20,Arjona,Bolívar,Colombia,165,5,53,2,0.0,1.0,,8.8
48df1dd0-a98c-3d68-a196-d5e38d7c78bc,  10.093130, -71.118820,2026-07-11 17:52:00,NOAA-20,Lagunillas,Zulia,Venezuela,328,25,249,2,0.1,0.89,,3.3
c5d7510a-0a23-323b-a3e4-a137da713b75,  10.016820, -64.206860,2026-07-11 17:52:00,NOAA-20,Sucre,Sucre,Venezuela,252,20,249,0,4.77,0.32,,10.0
ee2a9f65-dbdf-3c8d-9846-974c771c5cb3,  10.664890, -73.458700,2026-07-11 17:52:00,NOAA-20,Valledupar,Cesar,Colombia,468,12,53,8,0.0,0.8,,5.5
0115f66c-cb0c-3c5a-84a4-91d1aca2be53,  10.657980, -73.549410,2026-07-11 17:52:00,NOAA-20,Valledupar,Cesar,Colombia,468,12,53,0,0.1,0.64,,33.2
59e475f5-5dd3-3b6f-a46f-41c11a3514ff,  10.653720, -73.548100,2026-07-11 17:52:00,NOAA-20,Valledupar,Cesar,Colombia,468,12,53,0,0.1,0.5,,33.2
f661404c-c637-33df-b9dc-67f1a375048c,  10.255520, -71.147310,2026-07-11 17:52:00,NOAA-20,Lagunillas,Zulia,Venezuela,328,25,249,4,0.02,0.95,,7.5
51579622-7726-3148-91f0-0ed487cc7c1c,   9.817730, -74.038430,2026-07-11 17:52:00,NOAA-20,Ariguaní,Magdalena,Colombia,664,19,53,2,0.0,0.28,,16.0
6b5da142-73f9-39ae-8f53-19e9349583b7,  10.445340, -71.334530,2026-07-11 17:52:00,NOAA-20,Cabimas,Zulia,Venezuela,320,25,249,4,0.1,1.0,,12.8
0cc673da-b525-3e7a-84e5-8efd8966d14a,  10.217830, -73.810530,2026-07-11 17:52:00,NOAA-20,Valledupar,Cesar,Colombia,468,12,53,2,0.3,0.38,,6.5
6d57304d-0113-32d5-8ec0-4384f253a4b4,  10.238410, -72.564690,2026-07-11 17:52:00,NOAA-20,Machiques de Perijá,Zulia,Venezuela,329,25,249,2,0.0,0.8,,4.3
52731a04-efd1-3180-9681-2c48074d92c1,  10.978210, -73.156960,2026-07-11 17:52:00,NOAA-20,Riohacha,La Guajira,Colombia,658,18,53,6,0.13,0.99,,3.6
c1804dc7-3dd0-39b0-b46c-c6fa40291ca9,  10.658630, -73.545680,2026-07-11 17:52:00,NOAA-20,Valledupar,Cesar,Colombia,468,12,53,0,0.1,0.58,,33.2
af3442b2-1d7a-346e-b592-d9daf7ff4323,   9.972360, -73.512460,2026-07-11 17:52:00,NOAA-20,La Paz,Cesar,Colombia,459,12,53,2,0.2,0.59,,2.6
54f233dc-32b0-3ba5-9c72-cfe776672d45,  10.035570, -73.003700,2026-07-11 17:52:00,NOAA-20,Agustín Codazzi,Cesar,Colombia,446,12,53,1,0.39,0.28,,9.2
ccc27d60-c8f5-3a36-89b8-9f23fd198cb0,  10.016940, -64.207570,2026-07-11 17:52:00,NOAA-20,Sucre,Sucre,Venezuela,252,20,249,0,4.76,0.31,,6.8
516a3d6a-e57e-3d4e-8fcc-e3dc0c0b47ad,  10.255590, -72.563280,2026-07-11 17:52:00,NOAA-20,Machiques de Perijá,Zulia,Venezuela,329,25,249,2,0.0,1.0,,36.6
79326021-a5fe-3506-8265-c102628cc1df,  10.975940, -73.392590,2026-07-11 17:52:00,NOAA-20,Riohacha,La Guajira,Colombia,658,18,53,5,0.4,0.62,,5.0
423a8c94-76e1-375b-9756-eea44c2b3ce8,  10.268120, -72.564220,2026-07-11 17:52:00,NOAA-20,Machiques de Perijá,Zulia,Venezuela,329,25,249,2,0.0,1.0,,50.5
1cd4a09a-448f-3c1b-b39b-ac077c8314d9,  11.178970, -73.903700,2026-07-11 17:52:00,NOAA-20,Santa Marta (Dist. Esp.),Magdalena,Colombia,681,19,53,2,0.7,0.41,,5.3
919583b2-2a13-35fe-881d-90672aaf6322,  10.219990, -73.808590,2026-07-11 17:52:00,NOAA-20,Valledupar,Cesar,Colombia,468,12,53,2,0.31,0.38,,4.4
d4b0257e-2d44-382d-be33-55b242128535,   9.912380, -70.027940,2026-07-11 17:52:00,NOAA-20,Morán,Lara,Venezuela,152,14,249,2,0.6,1.0,,2.9
a9177812-e4f2-3d3e-a4ca-13bd79142be7,  10.268740, -72.560600,2026-07-11 17:52:00,NOAA-20,Machiques de Perijá,Zulia,Venezuela,329,25,249,2,0.0,1.0,,27.5
ba8493a8-9abb-357b-9a9c-240422260bbc,   9.958190, -74.176800,2026-07-11 17:52:00,NOAA-20,Ariguaní,Magdalena,Colombia,664,19,53,2,0.1,0.36,,6.2
4041c54f-94c8-327e-b659-621c0ab4511c,   9.901610, -70.229090,2026-07-11 17:52:00,NOAA-20,Torres,Lara,Venezuela,155,14,249,0,1.11,0.51,,8.6
20f7b789-75c2-3966-baf5-9ad4d2a78404,   9.866570, -72.951950,2026-07-11 17:52:00,NOAA-20,Machiques de Perijá,Zulia,Venezuela,329,25,249,0,2.44,0.01,,24.8
6be33c26-6051-3b34-b12a-cc44467c7eb6,  10.654370, -73.544430,2026-07-11 17:52:00,NOAA-20,Valledupar,Cesar,Colombia,468,12,53,0,0.1,0.41,,33.2
b879b286-5c4c-37f8-a0ea-c78db91cc8d5,  10.624490, -73.460220,2026-07-11 17:52:00,NOAA-20,Valledupar,Cesar,Colombia,468,12,53,7,0.1,0.6,,4.4
50708f9f-3de4-33b5-ada9-95c83bcaa42e,   9.566580, -71.015790,2026-07-11 17:52:00,NOAA-20,La Ceiba,Trujillo,Venezuela,291,22,249,-999,1.1,0.1,,6.4
cd270023-fc41-38e4-8245-4de8406f25fe,  10.036910, -72.999510,2026-07-11 17:52:00,NOAA-20,Agustín Codazzi,Cesar,Colombia,446,12,53,1,0.38,0.25,,7.8
28bb4d5d-0d4b-3bd3-a5c1-ba2fa5c9af62,  10.149340, -72.330100,2026-07-11 17:52:00,NOAA-20,Rosario de Perijá,Zulia,Venezuela,333,25,249,1,0.0,1.0,,4.8
f3510410-7ea3-3ca5-8444-bb2acfa187a0,  10.034510, -73.337590,2026-07-11 17:52:00,NOAA-20,Agustín Codazzi,Cesar,Colombia,446,12,53,2,0.3,0.66,,5.1
bd7ac3f3-835f-3313-a558-dbd7c8524e96,  10.017510, -64.203670,2026-07-11 17:52:00,NOAA-20,Sucre,Sucre,Venezuela,252,20,249,0,4.81,0.3,,6.1
982fefe9-39bd-386e-8df9-26ef4a565994,  -5.607510, -43.358980,2026-07-11 17:54:00,AQUA_M-T,PARNARAMA,MARANHÃO,Brasil,2107803,21,33,21,0.0,0.99,Cerrado,69.7
2a73b4ee-0098-31ac-a0fa-b8c744e14cee,  -6.199920, -39.247520,2026-07-11 17:54:00,AQUA_M-T,QUIXELÔ,CEARÁ,Brasil,2311355,23,33,7,0.0,0.83,Caatinga,13.4
773888db-1cb1-3085-9a6a-86ad93aa9731,  -6.955390, -43.717160,2026-07-11 17:54:00,AQUA_M-T,GUADALUPE,PIAUÍ,Brasil,2204501,22,33,24,0.1,1.0,Cerrado,144.7
207e84e3-d0b4-30ab-8ce2-2fd3c3646205,  -4.359030, -39.303440,2026-07-11 17:54:00,AQUA_M-T,CANINDÉ,CEARÁ,Brasil,2302800,23,33,6,0.0,0.73,Caatinga,11.3
e6aaca5f-d870-3f03-85c7-2bc14d78feca,  -4.491410, -38.057810,2026-07-11 17:54:00,AQUA_M-T,BEBERIBE,CEARÁ,Brasil,2302206,23,33,6,0.0,1.0,Caatinga,8.5
5fc23baf-a9f5-35e2-a69f-82b8efa44cd8,  -4.679440, -43.243420,2026-07-11 17:54:00,AQUA_M-T,ALDEIAS ALTAS,MARANHÃO,Brasil,2100303,21,33,13,0.0,0.94,Cerrado,33.5
5777fdae-8b81-3325-8599-99ab8abfbf4d,  -6.193310, -39.271520,2026-07-11 17:54:00,AQUA_M-T,QUIXELÔ,CEARÁ,Brasil,2311355,23,33,7,0.0,0.84,Caatinga,11.8
80e4a7b0-6828-341a-8e2d-1b92e9b9f7ee,  -4.675470, -43.214650,2026-07-11 17:54:00,AQUA_M-T,ALDEIAS ALTAS,MARANHÃO,Brasil,2100303,21,33,13,0.0,0.5,Cerrado,27.5
d4fe2e1d-3852-3c19-a241-6340a79b0a37,  -6.947280, -43.724910,2026-07-11 17:54:00,AQUA_M-T,GUADALUPE,PIAUÍ,Brasil,2204501,22,33,23,0.1,1.0,Cerrado,212.0
705dd5dc-7da0-36f6-bef8-d29c6e6e5116,  -6.200500, -39.240720,2026-07-11 17:54:00,AQUA_M-T,QUIXELÔ,CEARÁ,Brasil,2311355,23,33,7,0.0,0.82,Caatinga,11.1
8b63ff1d-deab-356b-a7ee-832a152dc1de,  -6.951200, -43.724700,2026-07-11 18:00:00,GOES-19,GUADALUPE,PIAUÍ,Brasil,2204501,22,33,24,0.1,1.0,Cerrado,110.7
94c8d352-6de7-373b-be71-71172ffcaa77, -13.432800, -72.924200,2026-07-11 18:00:00,GOES-19,Abancay,Apurímac,Peru,28,3,178,29,0.0,0.87,,54.8
83a566d9-09ca-3c3b-afe7-2c669d2af752,  -6.932600, -43.703200,2026-07-11 18:00:00,GOES-19,GUADALUPE,PIAUÍ,Brasil,2204501,22,33,23,0.2,1.0,Cerrado,128.6
986a6094-2e88-3c3a-b3b9-3f7ddaf13751,  -4.386900, -80.278100,2026-07-11 18:00:00,GOES-19,Zapotillo,Loja,Ecuador,117,12,68,9,0.0,1.0,,60.5
1bcda53f-fdcd-3150-adae-d06af2dbdc85, -11.643000, -74.363200,2026-07-11 18:00:00,GOES-19,Satipo,Junín,Peru,110,12,178,0,0.0,0.22,,52.7
a4fe2725-9ef7-3ea0-824e-01fa1b20ff99, -16.869400, -67.173000,2026-07-11 18:00:00,GOES-19,Inquisivi,La Paz,Bolivia,39,4,28,7,0.0,0.82,,87.0
73606762-2a62-3597-b44f-ce8aa5ce9733,  -6.997900, -42.901600,2026-07-11 18:00:00,GOES-19,FLORIANO,PIAUÍ,Brasil,2203909,22,33,23,0.0,1.0,Caatinga,100.9
887995ff-ec27-3435-9db5-46368fabd58d,  -6.932300, -43.726400,2026-07-11 18:00:00,GOES-19,GUADALUPE,PIAUÍ,Brasil,2204501,22,33,23,0.2,1.0,Cerrado,116.3
ca53d8e3-0232-30ef-84b6-5563b523c5ab,  -6.951400, -43.701500,2026-07-11 18:00:00,GOES-19,GUADALUPE,PIAUÍ,Brasil,2204501,22,33,23,0.1,1.0,Cerrado,119.0
d34e99eb-7217-3148-b5bd-3c9f5bab739e,  -4.368800, -80.332500,2026-07-11 18:00:00,GOES-19,Zapotillo,Loja,Ecuador,117,12,68,10,0.0,1.0,,62.8
664feff6-71b8-3839-8ade-1c24b4383a9d,  -6.951200, -43.724700,2026-07-11 18:10:00,GOES-19,GUADALUPE,PIAUÍ,Brasil,2204501,22,33,24,0.1,1.0,Cerrado,122.6
aa5ff0d6-9113-3177-84d6-baf5992b6cc5,  -4.386900, -80.278100,2026-07-11 18:10:00,GOES-19,Zapotillo,Loja,Ecuador,117,12,68,9,0.0,1.0,,61.0
898e9664-75eb-3d4d-b07c-94758d7dba23,  -6.951400, -43.701500,2026-07-11 18:10:00,GOES-19,GUADALUPE,PIAUÍ,Brasil,2204501,22,33,23,0.1,1.0,Cerrado,124.3
52adedd9-248c-344c-907e-0e6b7be8a9cf,  -6.932300, -43.726400,2026-07-11 18:10:00,GOES-19,GUADALUPE,PIAUÍ,Brasil,2204501,22,33,23,0.2,1.0,Cerrado,86.5
3325bcdc-d9cf-341f-a637-b1628b9c2a0f,  -4.460400, -80.752000,2026-07-11 18:10:00,GOES-19,Sullana,Piura,Peru,159,21,178,41,0.0,1.0,,60.4
fabab215-4fe8-35af-b894-4608cc234251, -21.983700, -54.625300,2026-07-11 18:10:00,GOES-19,DOURADINA,MATO GROSSO DO SUL,Brasil,5003504,50,33,14,0.0,1.0,Mata Atlântica,139.5
8a204071-42db-3f40-944d-a60ba26c39ff,  -4.668900, -43.226000,2026-07-11 18:10:00,GOES-19,ALDEIAS ALTAS,MARANHÃO,Brasil,2100303,21,33,12,0.0,0.6,Cerrado,65.5
3f8da981-7336-37bb-80ce-7367b17404d7,  -4.551400, -80.589000,2026-07-11 18:20:00,GOES-19,Sullana,Piura,Peru,159,21,178,41,0.0,1.0,,64.2
c836979f-d6ad-35ac-b76f-dce404239621,  -4.442100, -80.697200,2026-07-11 18:20:00,GOES-19,Sullana,Piura,Peru,159,21,178,37,0.0,1.0,,60.5
ea452783-89c1-31b1-bdda-9402c1355d05,  -4.460400, -80.752000,2026-07-11 18:20:00,GOES-19,Sullana,Piura,Peru,159,21,178,41,0.0,1.0,,60.9
b2adf101-3c53-3aaf-98dd-bd52a4d83867,  -4.478600, -80.734000,2026-07-11 18:20:00,GOES-19,Sullana,Piura,Peru,159,21,178,41,0.0,1.0,,60.6
411f9d9f-b743-368c-8749-f62b1a2b5149,  -4.668900, -43.226000,2026-07-11 18:20:00,GOES-19,ALDEIAS ALTAS,MARANHÃO,Brasil,2100303,21,33,12,0.0,0.6,Cerrado,65.4
488bcc43-be23-3514-a151-eaa89a5618cf, -33.933380, -58.727250,2026-07-11 18:24:00,NOAA-21,Islas del Ibicuy,Entre Ríos,Argentina,245,8,12,3,0.0,0.75,,9.4
c14a0666-8dc3-3ffd-9320-b5be6fc23151, -36.379100, -72.320410,2026-07-11 18:24:00,NOAA-21,Ñuble,Bío-Bío,Chile,15,6,48,0,0.2,0.08,,49.0
3ca748e7-98f6-3152-8e1e-5c7908460b6e, -36.376090, -72.326420,2026-07-11 18:24:00,NOAA-21,Ñuble,Bío-Bío,Chile,15,6,48,0,0.19,0.1,,23.2
883a3059-9ea7-3f9e-9a7e-ffb7067f52b2, -36.784340, -72.650440,2026-07-11 18:24:00,NOAA-21,Concepción,Bío-Bío,Chile,18,6,48,0,0.29,0.03,,6.4
a5d9a67f-0714-353e-a965-6b460cdefe6f, -33.938320, -58.725490,2026-07-11 18:24:00,NOAA-21,Islas del Ibicuy,Entre Ríos,Argentina,245,8,12,3,0.0,0.82,,9.4
11222301-1446-3531-9c46-34b3cad4ed32, -37.884900, -71.998880,2026-07-11 18:24:00,NOAA-21,Biobío,Bío-Bío,Chile,17,6,48,0,0.0,0.0,,9.5
a2c37290-6e22-30ca-86b0-5ff9c6e841cf, -36.783710, -72.644940,2026-07-11 18:24:00,NOAA-21,Concepción,Bío-Bío,Chile,18,6,48,0,0.3,0.05,,6.4
760a31c9-c69b-3d0e-b73c-5c3fd7b96498, -33.932550, -58.723790,2026-07-11 18:24:00,NOAA-21,Islas del Ibicuy,Entre Ríos,Argentina,245,8,12,3,0.0,0.72,,17.5
1b4029b8-3a5f-3734-8423-c25ea690dc45, -30.278320, -58.944000,2026-07-11 18:26:00,NOAA-21,Feliciano,Entre Ríos,Argentina,241,8,12,3,0.0,0.89,,6.5
4fcd61c3-8b69-3c9d-b495-380033ef7ce5, -28.690940, -56.439750,2026-07-11 18:26:00,NOAA-21,Santo Tomé,Corrientes,Argentina,234,7,12,13,0.0,0.93,,9.6
3c75f2ab-90b5-3e4a-92d3-821e80bef094, -29.611100, -58.830470,2026-07-11 18:26:00,NOAA-21,Esquina,Corrientes,Argentina,217,7,12,6,0.0,0.9,,4.6
72f87887-2a15-3b97-865f-f95b84a0f4e9, -30.837190, -57.833020,2026-07-11 18:26:00,NOAA-21,Federación,Entre Ríos,Argentina,239,8,12,19,0.09,0.68,,3.6
43c89357-f0c6-31ea-9b1a-46d71cc91301, -29.722420, -57.707180,2026-07-11 18:26:00,NOAA-21,Mercedes,Corrientes,Argentina,225,7,12,17,0.0,0.92,,19.2
b4754125-2544-37d6-a97d-1c49ff3b8df2, -30.109120, -58.443120,2026-07-11 18:26:00,NOAA-21,Curuzú Cuatiá,Corrientes,Argentina,215,7,12,22,0.0,0.89,,3.1
6f697202-8cc6-348f-80ab-c61b77e9565f, -28.735020, -56.533410,2026-07-11 18:26:00,NOAA-21,General Alvear,Corrientes,Argentina,218,7,12,13,0.1,0.93,,5.0
b92b020b-7e1c-32b4-a9c5-511bbd5ac696, -28.360000, -62.784280,2026-07-11 18:26:00,NOAA-21,General Taboada,Santiago del Estero,Argentina,468,22,12,23,0.0,0.93,,8.0
b8595099-d893-328d-940d-73239305751f, -30.249680, -58.897690,2026-07-11 18:26:00,NOAA-21,Feliciano,Entre Ríos,Argentina,241,8,12,3,0.0,0.89,,4.1
0a1ee5fd-5e62-394d-93d9-19fe0fab307a, -28.608950, -59.582730,2026-07-11 18:26:00,NOAA-21,General Obligado,Santa Fe,Argentina,445,21,12,5,0.0,0.92,,3.0
eedd96ca-25d4-3c1c-9a5f-f180c1cd54d5, -30.116870, -58.482270,2026-07-11 18:26:00,NOAA-21,Sauce,Corrientes,Argentina,235,7,12,22,0.1,0.89,,15.1
bb3b21e8-f49c-3092-bd3d-504e1238c2f0, -30.622970, -57.988430,2026-07-11 18:26:00,NOAA-21,Federación,Entre Ríos,Argentina,239,8,12,19,0.81,0.9,,4.1
33a2277f-afe8-328d-a192-ce6d8a1d6c91, -28.610230, -59.582030,2026-07-11 18:26:00,NOAA-21,General Obligado,Santa Fe,Argentina,445,21,12,5,0.0,0.92,,3.7
aadc54ca-1543-3e57-9e87-14fc780d2d87, -29.081330, -60.806950,2026-07-11 18:26:00,NOAA-21,Vera,Santa Fe,Argentina,457,21,12,23,0.0,0.91,,4.2
465e678c-8e85-3624-a724-244028b79de1, -29.242200, -58.256320,2026-07-11 18:26:00,NOAA-21,Mercedes,Corrientes,Argentina,225,7,12,19,0.0,0.91,,14.3
0d41fb4d-a71f-3650-b0ed-14f6f5fd901a, -28.690140, -56.440640,2026-07-11 18:26:00,NOAA-21,Santo Tomé,Corrientes,Argentina,234,7,12,13,0.0,0.93,,8.9
949f38f8-7545-3b87-ac6a-c0b5f6b8c68f, -28.502270, -59.233650,2026-07-11 18:26:00,NOAA-21,General Obligado,Santa Fe,Argentina,445,21,12,11,0.0,0.93,,4.0
3b91b345-3816-389e-913d-f9b75b931cb8, -30.322200, -59.418850,2026-07-11 18:26:00,NOAA-21,La Paz,Entre Ríos,Argentina,246,8,12,2,0.97,0.82,,4.9
23fdc2a0-d2e7-3adc-a361-b2da8f26fe9e, -29.610090, -58.826350,2026-07-11 18:26:00,NOAA-21,Esquina,Corrientes,Argentina,217,7,12,6,0.0,0.9,,7.0
e5935156-89f1-3146-bf6b-3b87f57d2806, -34.203490, -70.735080,2026-07-11 18:26:00,NOAA-21,Cachapoal,Libertador General Bernardo O'Higgins,Chile,22,8,48,0,0.0,-999.0,,3.6
b211af2e-c53b-36df-84c1-bef7813dd856, -29.780120, -57.615120,2026-07-11 18:26:00,NOAA-21,Paso de los Libres,Corrientes,Argentina,227,7,12,19,0.1,0.91,,9.8
9416a7db-db02-3f7c-b8fb-77d41432d7f3, -28.520930, -59.479390,2026-07-11 18:26:00,NOAA-21,General Obligado,Santa Fe,Argentina,445,21,12,5,0.0,0.92,,11.8
9baacc4c-77f6-3992-b6e0-cb954e3ccb9a, -29.234610, -57.208170,2026-07-11 18:26:00,NOAA-21,San Martín,Corrientes,Argentina,231,7,12,18,0.4,0.92,,29.1
22452aa7-9458-3261-a332-2aec7e858586, -27.778220, -59.427090,2026-07-11 18:26:00,NOAA-21,Tapenagá,Chaco,Argentina,193,4,12,6,0.0,0.92,,3.0
16f7fc0e-2cc3-34fe-90c8-80c2f1202395, -29.236200, -57.213260,2026-07-11 18:26:00,NOAA-21,San Martín,Corrientes,Argentina,231,7,12,18,0.45,0.92,,34.5
5c467fbe-881c-3729-80cb-92ef712e1978, -28.499300, -59.221350,2026-07-11 18:26:00,NOAA-21,General Obligado,Santa Fe,Argentina,445,21,12,11,0.0,0.93,,7.2
21bd2cb0-3e1f-3262-a526-b1585faa2d50, -27.783400, -64.129790,2026-07-11 18:26:00,NOAA-21,Robles,Santiago del Estero,Argentina,480,22,12,48,0.0,0.95,,3.3
c805c72b-3746-39e8-bca2-8b1e790ec0bc, -28.696390, -56.438460,2026-07-11 18:26:00,NOAA-21,General Alvear,Corrientes,Argentina,218,7,12,13,0.01,0.93,,16.5
88e88d63-056a-32e4-acf7-0cb5e5b166c7, -29.715060, -57.678650,2026-07-11 18:26:00,NOAA-21,Mercedes,Corrientes,Argentina,225,7,12,15,0.0,0.56,,11.1
14862b40-75e2-3123-b846-63153933506e, -26.942750, -60.812520,2026-07-11 18:26:00,NOAA-21,Independencia,Chaco,Argentina,180,4,12,23,0.0,0.9,,8.9
820b3d1d-60be-3b1f-92b8-78ecdb9d074f, -28.694010, -56.425830,2026-07-11 18:26:00,NOAA-21,Santo Tomé,Corrientes,Argentina,234,7,12,13,0.04,0.93,,12.6
15246b22-fa8c-33fc-97e6-5372f5aae17f, -28.699530, -56.424460,2026-07-11 18:26:00,NOAA-21,Santo Tomé,Corrientes,Argentina,234,7,12,13,0.07,0.93,,13.4
7f362125-cb89-33eb-9223-cd68a5b96298, -29.602980, -57.910500,2026-07-11 18:26:00,NOAA-21,Curuzú Cuatiá,Corrientes,Argentina,215,7,12,13,0.0,0.91,,8.6
c9bb442d-ed71-3f1d-856b-80bd6ed13717, -28.771700, -60.733950,2026-07-11 18:26:00,NOAA-21,Vera,Santa Fe,Argentina,457,21,12,23,0.0,0.91,,3.1
2e3d6295-338b-322b-9188-a0d5c82175ab, -28.452550, -59.363020,2026-07-11 18:26:00,NOAA-21,General Obligado,Santa Fe,Argentina,445,21,12,5,0.0,0.93,,4.3
f3469911-d78c-338e-af54-ae4e5a8f2ee9, -29.717190, -57.704610,2026-07-11 18:26:00,NOAA-21,Mercedes,Corrientes,Argentina,225,7,12,16,0.0,0.92,,8.4
9b4abe17-9929-3b8c-af78-24df8dd86c7d, -29.768580, -57.618950,2026-07-11 18:26:00,NOAA-21,Paso de los Libres,Corrientes,Argentina,227,7,12,19,0.1,0.91,,7.6
b259e37d-f720-320e-96fe-513a2bd0c389, -28.909720, -57.985700,2026-07-11 18:26:00,NOAA-21,Mercedes,Corrientes,Argentina,225,7,12,18,0.3,0.93,,30.0
c33c195e-0a76-3d9b-a85e-e012ebd13c67, -30.463670, -58.306290,2026-07-11 18:26:00,NOAA-21,Federación,Entre Ríos,Argentina,239,8,12,13,0.0,0.89,,13.9
3fda0b7c-e4a6-3b3f-9f5c-919b054ac796, -30.572310, -58.767970,2026-07-11 18:26:00,NOAA-21,Feliciano,Entre Ríos,Argentina,241,8,12,22,0.0,0.88,,7.5
bf42afb8-baee-3f79-ac82-ef8f4d971ce6, -27.446980, -65.729300,2026-07-11 18:26:00,NOAA-21,Rió Chico,Tucumán,Argentina,498,24,12,13,0.0,0.89,,8.8
48680fe3-8ddb-3c6c-b98b-55e293dcc7bc, -27.063600, -60.437010,2026-07-11 18:26:00,NOAA-21,San Lorenzo,Chaco,Argentina,191,4,12,23,0.0,0.89,,4.6
85e50759-d912-3f5b-9217-f740821d869a, -29.256240, -57.590260,2026-07-11 18:26:00,NOAA-21,Mercedes,Corrientes,Argentina,225,7,12,22,0.0,0.93,,6.9
ae8afdd5-bdd6-363c-a132-3af06448a729, -28.280190, -62.876450,2026-07-11 18:26:00,NOAA-21,Juan Felipe Ibarra,Santiago del Estero,Argentina,471,22,12,23,0.0,0.93,,17.4
be6940d5-8113-3ef6-b3d3-496b029de78f, -30.328950, -59.701570,2026-07-11 18:26:00,NOAA-21,San Javier,Santa Fe,Argentina,452,21,12,7,0.1,0.49,,6.3
32d1e106-d364-34d6-bef5-fa3caf555e89, -29.333220, -61.343140,2026-07-11 18:26:00,NOAA-21,Nueve de Julio,Santa Fe,Argentina,449,21,12,23,0.0,0.9,,5.8
148e0f40-afe6-3a2e-bef5-87f99f143ddf, -29.833850, -66.247570,2026-07-11 18:26:00,NOAA-21,Capital,La Rioja,Argentina,301,12,12,37,0.0,0.93,,0.2
32f7ac8e-f674-34b8-a9c9-19f7edb615b7, -29.501920, -57.210530,2026-07-11 18:26:00,NOAA-21,Paso de los Libres,Corrientes,Argentina,227,7,12,19,0.0,0.93,,4.4
f9d20f8f-5392-30a3-b706-7ed4dda7b6d8, -28.129820, -57.680050,2026-07-11 18:26:00,NOAA-21,Concepción,Corrientes,Argentina,214,7,12,7,0.3,0.94,,21.9
7ce2a93b-b254-3a54-abd1-56c8f81b7cac, -28.908500, -57.980950,2026-07-11 18:26:00,NOAA-21,Mercedes,Corrientes,Argentina,225,7,12,18,0.3,0.93,,27.3
489fd3c5-fe1d-3e48-b2ca-b4792431f8a9, -26.161570, -60.667040,2026-07-11 18:26:00,NOAA-21,Maipú,Chaco,Argentina,183,4,12,23,0.0,0.9,,3.7
ff85ea3e-2394-3b34-a50b-1834721028a8, -26.914750, -65.246280,2026-07-11 18:26:00,NOAA-21,Lules,Tucumán,Argentina,496,24,12,37,0.0,0.91,,5.4
64d63ed2-4a14-316b-8746-3b2ca6d588fa, -28.700260, -56.423660,2026-07-11 18:26:00,NOAA-21,Santo Tomé,Corrientes,Argentina,234,7,12,13,0.08,0.93,,12.6
f957665d-b0ca-3483-b114-6643209b44da, -29.234850, -57.208120,2026-07-11 18:26:00,NOAA-21,San Martín,Corrientes,Argentina,231,7,12,18,0.4,0.92,,38.7
cd1c1d76-b508-3f57-b61e-84be1172608b, -28.902740, -57.982860,2026-07-11 18:26:00,NOAA-21,Mercedes,Corrientes,Argentina,225,7,12,18,0.28,0.93,,25.5
05cc0d5a-836f-3189-8eb0-806b304b4f9d, -28.736400, -56.532300,2026-07-11 18:26:00,NOAA-21,General Alvear,Corrientes,Argentina,218,7,12,13,0.1,0.93,,6.9
1ae81f0d-6145-3d0b-a9b4-0c799c6b519c, -28.422340, -59.218940,2026-07-11 18:26:00,NOAA-21,General Obligado,Santa Fe,Argentina,445,21,12,17,0.0,0.93,,7.3
a1c05222-60c0-31f9-8f6b-f5d658cbb8b3, -29.718390, -57.709340,2026-07-11 18:26:00,NOAA-21,Mercedes,Corrientes,Argentina,225,7,12,16,0.0,0.92,,12.4
4a0170bb-14e7-31cf-a0b1-95ccfbf1a2e4, -28.129510, -57.676640,2026-07-11 18:26:00,NOAA-21,Concepción,Corrientes,Argentina,214,7,12,7,0.3,0.94,,23.0
87312c46-f6cc-3104-91f3-a5fb15769da6, -29.235940, -57.213330,2026-07-11 18:26:00,NOAA-21,San Martín,Corrientes,Argentina,231,7,12,18,0.44,0.92,,29.1
11aec2be-dbc2-330c-89d9-b38010626417, -28.772450, -60.737250,2026-07-11 18:26:00,NOAA-21,Vera,Santa Fe,Argentina,457,21,12,23,0.0,0.91,,3.1
52f3ad11-41a8-3c1b-a993-46bb969e4ada, -29.833470, -57.777120,2026-07-11 18:26:00,NOAA-21,Curuzú Cuatiá,Corrientes,Argentina,215,7,12,19,0.0,0.91,,7.8
203e87ef-f57e-3deb-a114-90a2c66c2ca3, -28.941180, -57.504710,2026-07-11 18:26:00,NOAA-21,Mercedes,Corrientes,Argentina,225,7,12,16,0.2,0.91,,6.6
796cdf0d-4cab-357f-b23f-420dbf129e8d, -30.107180, -57.866120,2026-07-11 18:26:00,NOAA-21,Monte Caseros,Corrientes,Argentina,226,7,12,21,0.1,0.89,,2.7
f78c18ad-51e7-3553-94bf-918384f50a30, -28.939880, -57.499660,2026-07-11 18:26:00,NOAA-21,Mercedes,Corrientes,Argentina,225,7,12,16,0.2,0.91,,6.6
0afab29b-aefb-35bb-b536-83356cfd7bb9, -28.897900, -57.486290,2026-07-11 18:26:00,NOAA-21,Mercedes,Corrientes,Argentina,225,7,12,14,0.2,0.91,,4.0
ab7b850e-f078-34d7-a23a-eb0648214689, -28.980100, -57.842840,2026-07-11 18:26:00,NOAA-21,Mercedes,Corrientes,Argentina,225,7,12,20,0.1,0.93,,4.6
6dd2a077-3dcd-3aee-8030-897303a7f273, -28.280490, -62.102710,2026-07-11 18:26:00,NOAA-21,Juan Felipe Ibarra,Santiago del Estero,Argentina,471,22,12,19,0.0,0.91,,21.9
06ef342a-3243-3cc2-8e0f-b39fa2d4060b, -29.037130, -58.464580,2026-07-11 18:26:00,NOAA-21,Mercedes,Corrientes,Argentina,225,7,12,17,0.0,0.92,,5.5
fda9fccc-b235-3351-bac0-72433a27c757, -28.366630, -62.793310,2026-07-11 18:26:00,NOAA-21,General Taboada,Santiago del Estero,Argentina,468,22,12,23,0.0,0.92,,13.4
d232b877-006f-3f4f-aa8c-cfba681d4c76, -29.369930, -65.777120,2026-07-11 18:26:00,NOAA-21,Capital,La Rioja,Argentina,301,12,12,35,0.0,0.92,,5.0
fd7e6e5b-11ad-3a1d-ade5-f4dd244ef360, -30.678990, -58.798720,2026-07-11 18:26:00,NOAA-21,Federal,Entre Ríos,Argentina,240,8,12,22,0.1,0.88,,10.5
33439aa5-c6fc-3393-b766-9c1c34fe0a17, -29.605670, -58.832240,2026-07-11 18:26:00,NOAA-21,Esquina,Corrientes,Argentina,217,7,12,7,0.0,0.9,,8.3
cecf4940-dc57-3527-a698-32e985a2d608, -27.520730, -58.672820,2026-07-11 18:26:00,NOAA-21,Capital,Corrientes,Argentina,213,7,12,7,0.0,0.93,,0.2
671590f1-720c-3941-be95-e7cc3793a477, -30.114010, -58.487180,2026-07-11 18:26:00,NOAA-21,Sauce,Corrientes,Argentina,235,7,12,22,0.1,0.89,,8.1
e13139d6-843d-399f-baed-3d95cc5ee3e0, -30.112980, -58.482980,2026-07-11 18:26:00,NOAA-21,Sauce,Corrientes,Argentina,235,7,12,22,0.1,0.89,,8.1
dce8aba0-5798-3b49-921f-e19a5c241059, -29.322090, -60.183270,2026-07-11 18:26:00,NOAA-21,Vera,Santa Fe,Argentina,457,21,12,23,0.0,0.88,,2.1
22d81bed-5f00-3720-8239-e4169829db82, -29.036030, -57.826680,2026-07-11 18:26:00,NOAA-21,Mercedes,Corrientes,Argentina,225,7,12,21,0.1,0.93,,7.3
5cef0a8b-2c2a-3cf7-a8d1-175b24533bc2, -27.312680, -65.387540,2026-07-11 18:26:00,NOAA-21,Simoca,Tucumán,Argentina,499,24,12,35,0.0,0.94,,5.1
0431f218-e4ae-38a9-8c71-f0292412bb0d, -28.548340, -59.210500,2026-07-11 18:26:00,NOAA-21,General Obligado,Santa Fe,Argentina,445,21,12,5,0.0,0.93,,6.2
5f2e2abf-348b-38a3-92b6-aadc13305cc4, -28.452010, -59.363330,2026-07-11 18:26:00,NOAA-21,General Obligado,Santa Fe,Argentina,445,21,12,5,0.0,0.93,,9.5
0d9a7929-d39f-39d8-bb6b-cf2f0bc07493, -30.112790, -58.442550,2026-07-11 18:26:00,NOAA-21,Curuzú Cuatiá,Corrientes,Argentina,215,7,12,22,0.0,0.89,,4.0
58e24899-e530-308b-a327-268a32b31240, -28.128510, -57.674910,2026-07-11 18:26:00,NOAA-21,Concepción,Corrientes,Argentina,214,7,12,7,0.3,0.94,,21.3
5f23ba8f-e911-3822-9c9f-3a30872cd274, -29.071380, -56.554550,2026-07-11 18:26:00,NOAA-21,General Alvear,Corrientes,Argentina,218,7,12,13,0.34,0.91,,3.9
8673948a-a9f0-3523-87f3-434ccb063160, -28.898680, -57.983250,2026-07-11 18:26:00,NOAA-21,Mercedes,Corrientes,Argentina,225,7,12,17,0.26,0.93,,19.7
e51b9ead-9188-3523-9c2d-c6657c6a31ff, -29.079850, -60.800470,2026-07-11 18:26:00,NOAA-21,Vera,Santa Fe,Argentina,457,21,12,23,0.0,0.91,,5.2
94e77a05-b962-3d73-9bfb-225af1a7fd06, -28.366760, -62.790370,2026-07-11 18:26:00,NOAA-21,General Taboada,Santiago del Estero,Argentina,468,22,12,23,0.0,0.92,,6.5
8f3ff07d-d26d-3a5f-b6d7-5e23479cea6c, -28.421330, -59.214840,2026-07-11 18:26:00,NOAA-21,General Obligado,Santa Fe,Argentina,445,21,12,16,0.0,0.93,,8.2
4a4ebb01-397e-345a-bdba-d6f4db0fa979, -28.486400, -59.216590,2026-07-11 18:26:00,NOAA-21,General Obligado,Santa Fe,Argentina,445,21,12,12,0.0,0.93,,5.9
4388545a-0b22-3ce8-a48d-d445f0bc06c1, -30.251310, -58.644540,2026-07-11 18:26:00,NOAA-21,Feliciano,Entre Ríos,Argentina,241,8,12,20,0.0,0.89,,3.4
9c80178a-c3bf-3a4c-b096-295dee3479e7, -26.947920, -60.811020,2026-07-11 18:26:00,NOAA-21,Independencia,Chaco,Argentina,180,4,12,23,0.0,0.92,,8.9
18825318-8039-375d-8c3a-8def89499c4d, -29.771200, -57.614070,2026-07-11 18:26:00,NOAA-21,Paso de los Libres,Corrientes,Argentina,227,7,12,19,0.1,0.91,,15.2
04ccbfed-8056-3be3-877a-0025269720c2, -29.401010, -59.719360,2026-07-11 18:26:00,NOAA-21,General Obligado,Santa Fe,Argentina,445,21,12,20,0.0,0.89,,3.7
57f8b72e-a684-3fdd-9888-576e3066054a, -30.577640, -58.766250,2026-07-11 18:26:00,NOAA-21,Feliciano,Entre Ríos,Argentina,241,8,12,22,0.0,0.88,,5.1
a2d6339d-fd3b-303a-a9a8-e27fa61fe86a, -29.138840, -61.036670,2026-07-11 18:26:00,NOAA-21,Nueve de Julio,Santa Fe,Argentina,449,21,12,23,0.0,0.9,,5.4
ee06e926-806c-3073-a0c0-20e5affce6d8, -28.773960, -60.743890,2026-07-11 18:26:00,NOAA-21,Vera,Santa Fe,Argentina,457,21,12,23,0.0,0.91,,10.5
9b8df899-132d-3ae2-a631-124e508096f5, -28.904450, -57.981340,2026-07-11 18:26:00,NOAA-21,Mercedes,Corrientes,Argentina,225,7,12,18,0.3,0.93,,19.7
70b1f97b-28cb-3c1c-8dc2-83aa3f3d5449, -27.304500, -58.984250,2026-07-11 18:26:00,NOAA-21,Primero de Mayo,Chaco,Argentina,188,4,12,7,0.0,0.93,,3.2
31f35597-877c-3505-a37a-bc3728e8cc70, -30.329800, -59.705120,2026-07-11 18:26:00,NOAA-21,San Javier,Santa Fe,Argentina,452,21,12,8,0.1,0.56,,5.0
33c0a1a0-cdd4-325e-9672-ef8ac1a01969, -29.240910, -57.531040,2026-07-11 18:26:00,NOAA-21,Paso de los Libres,Corrientes,Argentina,227,7,12,21,0.0,0.93,,7.4
d8e9e39e-6a91-3998-80ef-4667911b74e1, -28.361170, -62.786480,2026-07-11 18:26:00,NOAA-21,General Taboada,Santiago del Estero,Argentina,468,22,12,23,0.0,0.92,,12.1
3a472341-5081-3191-9763-8e71be40eae7, -29.082070, -60.810190,2026-07-11 18:26:00,NOAA-21,Vera,Santa Fe,Argentina,457,21,12,23,0.0,0.91,,4.2
9da832ba-e628-30b1-987c-96bf54e88d67, -29.772460, -57.618850,2026-07-11 18:26:00,NOAA-21,Paso de los Libres,Corrientes,Argentina,227,7,12,18,0.1,0.91,,15.2
4526ace3-2248-3102-9a39-c131d6ff90f6, -26.941920, -60.808980,2026-07-11 18:26:00,NOAA-21,Independencia,Chaco,Argentina,180,4,12,23,0.0,0.88,,10.7
04cf41eb-bd6a-3bc6-9f71-f51db30d9b38, -28.697190, -56.437600,2026-07-11 18:26:00,NOAA-21,General Alvear,Corrientes,Argentina,218,7,12,13,0.02,0.93,,12.1
2a21a4ab-e718-361e-a6aa-1438d70e4c75, -29.038230, -58.468960,2026-07-11 18:26:00,NOAA-21,Mercedes,Corrientes,Argentina,225,7,12,16,0.0,0.92,,5.4
fea3578d-658a-3ed3-ae52-9aea7a383c75, -29.774350, -57.617040,2026-07-11 18:26:00,NOAA-21,Paso de los Libres,Corrientes,Argentina,227,7,12,19,0.1,0.91,,9.8
a20ae64b-d173-3036-8d23-d52dbf2586ac, -28.697970, -56.418560,2026-07-11 18:26:00,NOAA-21,Santo Tomé,Corrientes,Argentina,234,7,12,13,0.1,0.93,,13.4
c0c32bcc-c953-3b65-8564-378fe92bb67f, -29.604660, -58.828120,2026-07-11 18:26:00,NOAA-21,Esquina,Corrientes,Argentina,217,7,12,7,0.0,0.9,,4.2
3facc0b1-8054-3411-94a6-a72f95934568, -29.381640, -58.541310,2026-07-11 18:26:00,NOAA-21,Curuzú Cuatiá,Corrientes,Argentina,215,7,12,20,0.1,0.91,,5.8
6c5ffaef-3487-3544-b3de-f5ab99129dc5, -27.028200, -58.706230,2026-07-11 18:26:00,NOAA-21,Bermejo,Chaco,Argentina,172,4,12,11,0.2,0.96,,3.7
2296bd44-9164-38bf-b749-fb2e4e1c351f, -30.283630, -58.942250,2026-07-11 18:26:00,NOAA-21,Feliciano,Entre Ríos,Argentina,241,8,12,3,0.0,0.89,,6.5
bce0d7a4-bbf6-3f25-a829-13e0b56a17f8, -26.034020, -61.090180,2026-07-11 18:26:00,NOAA-21,General Güemes,Chaco,Argentina,179,4,12,29,0.0,0.92,,2.8
993c8cff-4743-3d49-b7ab-f5f5377a4bff, -29.710000, -57.676020,2026-07-11 18:26:00,NOAA-21,Mercedes,Corrientes,Argentina,225,7,12,14,0.0,0.79,,4.9
f688e349-7192-37a8-88a8-d03a2ea3585b, -28.830280, -59.198830,2026-07-11 18:26:00,NOAA-21,General Obligado,Santa Fe,Argentina,445,21,12,5,0.0,0.93,,2.3
108e7bf2-0de6-3708-8119-769dd71c0f26, -29.387190, -58.539520,2026-07-11 18:26:00,NOAA-21,Curuzú Cuatiá,Corrientes,Argentina,215,7,12,20,0.1,0.91,,5.8
b609a89c-3e51-36af-96b2-ca6adc78c5f2, -27.339630, -65.570730,2026-07-11 18:26:00,NOAA-21,Chicligasta,Tucumán,Argentina,489,24,12,33,0.0,0.92,,4.3
cdb26c7b-7ab3-3c62-92aa-72bfacd08d43, -28.905640, -57.986110,2026-07-11 18:26:00,NOAA-21,Mercedes,Corrientes,Argentina,225,7,12,17,0.3,0.93,,27.7
d191dc69-1b1b-3c0f-928f-b27680427c51, -28.746530, -59.211850,2026-07-11 18:26:00,NOAA-21,General Obligado,Santa Fe,Argentina,445,21,12,5,0.0,0.94,,3.6
3a1dd030-6b5b-3b69-8648-eaf54799c955, -28.940810, -58.689000,2026-07-11 18:26:00,NOAA-21,San Roque,Corrientes,Argentina,233,7,12,4,0.0,0.93,,3.7
07bc9ef1-3008-3fe2-837b-3b32a690ed3b, -28.903250, -57.976550,2026-07-11 18:26:00,NOAA-21,Mercedes,Corrientes,Argentina,225,7,12,18,0.26,0.93,,19.7
c0f0ab47-32dc-3a4c-8535-2ecfa07c27ec, -28.010910, -60.963440,2026-07-11 18:26:00,NOAA-21,Nueve de Julio,Santa Fe,Argentina,449,21,12,5,0.0,0.93,,2.0
d1324853-2820-3529-85bc-818d067fc771, -28.423800, -59.218220,2026-07-11 18:26:00,NOAA-21,General Obligado,Santa Fe,Argentina,445,21,12,17,0.0,0.93,,7.1
968d1ff3-43c3-3b8e-9f35-56388dbfadbe, -28.775340, -60.735070,2026-07-11 18:26:00,NOAA-21,Vera,Santa Fe,Argentina,457,21,12,23,0.0,0.91,,2.8
68cbf01d-2a7c-314a-a1c7-7d53d1fc7f9d, -28.901520, -57.978100,2026-07-11 18:26:00,NOAA-21,Mercedes,Corrientes,Argentina,225,7,12,18,0.25,0.93,,25.5
12259b41-b4b3-3791-86c9-507b63bfd619, -28.453000, -59.367360,2026-07-11 18:26:00,NOAA-21,General Obligado,Santa Fe,Argentina,445,21,12,5,0.0,0.93,,7.3
338c410a-83c0-3a7c-a9d8-2dad423690a9, -28.903820, -57.484310,2026-07-11 18:26:00,NOAA-21,Mercedes,Corrientes,Argentina,225,7,12,14,0.2,0.91,,7.2
49cb195d-0ea5-36c3-b176-51b218104dab, -29.241080, -58.251830,2026-07-11 18:26:00,NOAA-21,Mercedes,Corrientes,Argentina,225,7,12,19,0.0,0.91,,14.3
abacbdf6-a5e4-3084-9bb7-9d22bb6d1070, -28.679110, -59.438350,2026-07-11 18:26:00,NOAA-21,General Obligado,Santa Fe,Argentina,445,21,12,5,0.0,0.92,,4.8
e0cb7c66-e4ec-3eef-93e0-2c9438db87b9, -29.248040, -57.534020,2026-07-11 18:26:00,NOAA-21,Paso de los Libres,Corrientes,Argentina,227,7,12,21,0.0,0.93,,8.8
3bddbc5a-27f3-3eaa-937a-1cfd96a3d8f9, -29.832590, -57.778500,2026-07-11 18:26:00,NOAA-21,Curuzú Cuatiá,Corrientes,Argentina,215,7,12,18,0.0,0.91,,7.0
27e54deb-c8bb-359c-80b7-9b5b7634a16a, -29.148050, -61.613400,2026-07-11 18:26:00,NOAA-21,Nueve de Julio,Santa Fe,Argentina,449,21,12,23,0.0,0.9,,6.5
2a030e33-e0a6-3ae2-8b52-ed365d7c4c31, -26.952180, -58.717350,2026-07-11 18:26:00,NOAA-21,Bermejo,Chaco,Argentina,172,4,12,5,0.0,0.96,,6.2
04289f32-39be-3ed0-84e7-4409481d2f89, -29.713830, -57.673880,2026-07-11 18:26:00,NOAA-21,Mercedes,Corrientes,Argentina,225,7,12,14,0.0,0.77,,11.1
ccb607ce-d386-3041-99b4-493b2d062a4c, -28.421830, -58.454340,2026-07-11 18:26:00,NOAA-21,San Roque,Corrientes,Argentina,233,7,12,22,0.47,0.92,,6.7
7936acee-3512-30c3-a3dd-f220fa12ce00, -30.385180, -58.065510,2026-07-11 18:26:00,NOAA-21,Monte Caseros,Corrientes,Argentina,226,7,12,14,0.0,0.9,,18.0
2f7a3fce-795b-30bd-8920-e7ab9b25ea27, -30.433830, -59.058730,2026-07-11 18:26:00,NOAA-21,Feliciano,Entre Ríos,Argentina,241,8,12,17,0.0,0.88,,7.0
f6959a9e-dac3-391e-86d4-f7731b632a4d, -24.414110, -63.776870,2026-07-11 18:28:00,NOAA-21,Anta,Salta,Argentina,382,17,12,30,0.0,0.97,,5.5
edd31317-15e4-3964-a7f0-5d026f159a9f, -25.182560, -60.034970,2026-07-11 18:28:00,NOAA-21,Patiño,Formosa,Argentina,257,9,12,23,0.0,0.93,,0.3
15c8ec55-0ca4-3365-9924-00d7898e49fc, -26.601290, -64.553050,2026-07-11 18:28:00,NOAA-21,Burruyacú,Tucumán,Argentina,487,24,12,46,0.0,0.93,,9.4
1549029b-95c2-34ae-936b-f80990f3ca11, -24.413020, -63.771660,2026-07-11 18:28:00,NOAA-21,Anta,Salta,Argentina,382,17,12,30,0.0,0.97,,187.3
00954487-6193-3c57-835a-1760c0a78077, -19.507240, -65.514600,2026-07-11 18:28:00,NOAA-21,Cornelio Saavedra,Potosí,Bolivia,68,7,28,10,0.0,0.83,,18.9
f463cccf-258c-32c5-a462-3d85a514a767, -24.681120, -60.759540,2026-07-11 18:28:00,NOAA-21,Patiño,Formosa,Argentina,257,9,12,23,0.0,0.99,,4.7
cece1d38-8832-3542-94ad-8f45851f3e7b, -23.764270, -65.312390,2026-07-11 18:28:00,NOAA-21,Tilcara,Jujuy,Argentina,274,10,12,78,0.0,0.76,,5.3
aeef41e4-cd19-3047-b2c8-c60c42816152, -23.765420, -65.318230,2026-07-11 18:28:00,NOAA-21,Tilcara,Jujuy,Argentina,274,10,12,78,0.0,0.77,,5.3
6a6f0afb-2779-3a16-a28d-53ca8ab21173, -19.752300, -67.739460,2026-07-11 18:28:00,NOAA-21,Ladislao Cabrera,Oruro,Bolivia,54,5,28,104,0.0,0.77,,7.6
b058fbbf-564f-3170-8a5e-ad0ade418dad, -25.149830, -66.336960,2026-07-11 18:28:00,NOAA-21,Molinos,Salta,Argentina,398,17,12,79,0.0,0.78,,6.1
d79379d9-bca5-34f5-99fb-bc3e61e11e3e, -22.065800, -65.230740,2026-07-11 18:28:00,NOAA-21,Modesto Omiste,Potosí,Bolivia,71,7,28,85,0.0,0.79,,4.3
1f232a08-ac88-3c88-a231-89042f905809, -24.680220, -60.755630,2026-07-11 18:28:00,NOAA-21,Patiño,Formosa,Argentina,257,9,12,23,0.0,0.99,,4.7
74df63d9-7f6e-3a85-963f-8aa88bc3429b, -24.420000, -63.758940,2026-07-11 18:28:00,NOAA-21,Anta,Salta,Argentina,382,17,12,29,0.0,0.97,,3.9
01eaf76d-9cdf-3935-9d3a-07fc1a9331ab, -24.920710, -65.496080,2026-07-11 18:28:00,NOAA-21,Cerrillos,Salta,Argentina,386,17,12,56,0.0,0.9,,2.4
3002a6ca-c83e-3b7e-8ad3-fa5bf7134ddf, -22.066870, -65.233270,2026-07-11 18:28:00,NOAA-21,Modesto Omiste,Potosí,Bolivia,71,7,28,84,0.0,0.79,,4.0
83ebe361-5c17-3f9a-8344-71d4c97ef230, -19.503670, -65.517200,2026-07-11 18:28:00,NOAA-21,Cornelio Saavedra,Potosí,Bolivia,68,7,28,10,0.0,0.83,,4.6
09c36e87-d73c-3dbf-adc7-56017e388630, -19.508140, -65.515970,2026-07-11 18:28:00,NOAA-21,Cornelio Saavedra,Potosí,Bolivia,68,7,28,10,0.0,0.83,,23.4
fed41e9b-06bb-3120-8e5d-59aeae3b7a53,  -4.478600, -80.734000,2026-07-11 18:30:00,GOES-19,Sullana,Piura,Peru,159,21,178,41,0.0,1.0,,61.8
4c82185b-40a4-36ee-a63c-f5ebda82adb7,  -3.504300, -48.039000,2026-07-11 18:30:00,GOES-19,PARAGOMINAS,PARÁ,Brasil,1505502,15,33,3,0.0,0.34,Amazônia,94.0
93adbf40-66e8-3884-9267-e139fa27bbb2,  -4.460400, -80.752000,2026-07-11 18:30:00,GOES-19,Sullana,Piura,Peru,159,21,178,41,0.0,1.0,,59.9
d9c31df5-a074-3f7e-a4a9-7a80928cf20b,  -4.405500, -80.551200,2026-07-11 18:30:00,GOES-19,Sullana,Piura,Peru,159,21,178,28,0.0,1.0,,61.0
e9d2cce4-bb77-34d1-bbb8-cfa905607b9c, -17.843600, -65.933910,2026-07-11 18:30:00,NOAA-21,Esteban Arce,Cochabamba,Bolivia,18,2,28,27,0.0,0.96,,7.5
6b0735ac-3481-392c-912c-936efd82624a, -16.629990, -67.124530,2026-07-11 18:30:00,NOAA-21,Inquisivi,La Paz,Bolivia,39,4,28,31,0.0,0.85,,11.8
9822bbd8-53b9-3d6c-b24e-ca319241c0dc, -16.763100, -67.306300,2026-07-11 18:30:00,NOAA-21,Inquisivi,La Paz,Bolivia,39,4,28,29,0.0,0.95,,13.5
a8e4b6a9-85c4-31dc-b4e9-3b08fa667200, -15.342120, -68.167620,2026-07-11 18:30:00,NOAA-21,Larecaja,La Paz,Bolivia,40,4,28,9,0.0,0.66,,4.4
7103d281-0f6f-3a58-8fd6-9d2b55487984, -14.531730, -72.907700,2026-07-11 18:30:00,NOAA-21,Antabamba,Apurímac,Peru,30,3,178,31,0.0,0.74,,4.8
eaad9f6e-5390-3ee7-8597-8d19fa11ac2e, -17.576920, -63.216460,2026-07-11 18:30:00,NOAA-21,Sara,Santa Cruz,Bolivia,88,8,28,24,0.27,1.0,,5.9
d0359fa8-ea2a-3f00-9484-f99efa31261e, -15.826560, -61.251980,2026-07-11 18:30:00,NOAA-21,José Miguel de Velasco,Santa Cruz,Bolivia,85,8,28,16,3.17,0.5,,10.5
b663b605-b26a-37bb-b776-78b0d086d64d, -16.883340, -67.535820,2026-07-11 18:30:00,NOAA-21,Loayza,La Paz,Bolivia,41,4,28,31,0.0,0.85,,4.0
872c820d-c1db-33fd-b73d-b5c8290d7b89, -15.690620, -72.109860,2026-07-11 18:30:00,NOAA-21,Caylloma,Arequipa,Peru,39,4,178,14,0.0,0.82,,4.0
efb96205-729c-3af7-b00e-1c28cc971795, -17.843310, -65.931240,2026-07-11 18:30:00,NOAA-21,Esteban Arce,Cochabamba,Bolivia,18,2,28,26,0.0,0.96,,8.8
903985a0-e3be-345d-b762-b332704ffdc6, -16.708200, -67.482860,2026-07-11 18:30:00,NOAA-21,Inquisivi,La Paz,Bolivia,39,4,28,17,0.0,0.91,,26.4
f096954a-5128-362a-abce-49cb0899b2ac, -15.749480, -61.575970,2026-07-11 18:30:00,NOAA-21,Ñuflo de Chávez,Santa Cruz,Bolivia,78,8,28,15,5.82,0.24,,5.9
4a058d20-0897-3697-aec9-fbcc9afad479, -16.091750, -61.830670,2026-07-11 18:30:00,NOAA-21,Ñuflo de Chávez,Santa Cruz,Bolivia,78,8,28,16,3.16,0.38,,10.7
044f5b61-5c88-3f5d-8c25-6fe6356e55bd, -16.604320, -68.930940,2026-07-11 18:30:00,NOAA-21,Ingavi,La Paz,Bolivia,38,4,28,8,0.0,0.77,,10.4
41f29928-486a-3191-957d-b8e9eb1d7a62, -15.804170, -71.748240,2026-07-11 18:30:00,NOAA-21,Caylloma,Arequipa,Peru,39,4,178,20,0.0,-999.0,,0.7
6e1cab71-74c4-32d3-bb83-c383300bff46, -15.189080, -69.612570,2026-07-11 18:30:00,NOAA-21,Huancane,Puno,Peru,165,22,178,7,0.0,0.75,,2.5
1d046df2-2a83-3883-a9be-44efcc1d55b3, -16.270350, -67.543580,2026-07-11 18:30:00,NOAA-21,Sud Yungas,La Paz,Bolivia,49,4,28,9,0.0,0.73,,10.3
7f681a25-2d62-322a-ab8e-6b03b4ac2b3d, -15.827720, -61.257310,2026-07-11 18:30:00,NOAA-21,José Miguel de Velasco,Santa Cruz,Bolivia,85,8,28,16,3.12,0.5,,13.8
629bf30d-5de6-39f0-b1e0-4e617a0ea750, -16.389260, -67.433850,2026-07-11 18:30:00,NOAA-21,Sud Yungas,La Paz,Bolivia,49,4,28,12,0.0,0.88,,4.7
e0dc0aff-6e2f-355a-813e-42fb10213e06, -15.883950, -68.597490,2026-07-11 18:30:00,NOAA-21,Larecaja,La Paz,Bolivia,40,4,28,31,0.0,0.74,,3.6
e3a29ec6-85a1-3fb3-bd31-fe13c4ae4619, -12.879010, -66.395370,2026-07-11 18:30:00,NOAA-21,Yacuma,El Beni,Bolivia,31,3,28,19,3.71,0.96,,17.9
a3e8e98a-0215-382b-a440-6480bf6f5ef1, -15.757070, -60.964230,2026-07-11 18:30:00,NOAA-21,José Miguel de Velasco,Santa Cruz,Bolivia,85,8,28,16,1.5,0.82,,15.9
5948dfe6-8559-3836-9b38-bddb479d3e64, -15.011920, -70.975350,2026-07-11 18:30:00,NOAA-21,Melgar,Puno,Peru,168,22,178,31,0.0,0.78,,7.9
d290317a-11a1-3bf9-8d90-addb98805b17, -17.576150, -63.212780,2026-07-11 18:30:00,NOAA-21,Sara,Santa Cruz,Bolivia,88,8,28,24,0.23,1.0,,5.9
ef6f6555-6a81-330f-9463-686b318a6b11, -16.707570, -67.479490,2026-07-11 18:30:00,NOAA-21,Inquisivi,La Paz,Bolivia,39,4,28,17,0.0,0.91,,3.9
030a5dbc-d04c-3bd0-b014-3c77ae084554, -17.745530, -62.897960,2026-07-11 18:30:00,NOAA-21,Andrés Ibáñez,Santa Cruz,Bolivia,79,8,28,27,0.1,1.0,,6.2
64e0b4d6-0e2b-36a0-936a-b59b73b10dde, -14.588050, -69.097650,2026-07-11 18:30:00,NOAA-21,Franz Tamayo,La Paz,Bolivia,36,4,28,14,0.1,0.82,,9.5
202605bd-e64a-3490-aa13-637b2664d143, -18.937030, -65.292630,2026-07-11 18:30:00,NOAA-21,Oropeza,Chuquisaca,Bolivia,7,1,28,39,0.0,0.94,,3.2
0af78a17-16dc-388c-a5c3-e582ce6d5136, -15.004120, -70.972090,2026-07-11 18:30:00,NOAA-21,Melgar,Puno,Peru,168,22,178,31,0.0,0.79,,63.2
88e8f213-fbed-3082-9605-64d588b45a1f, -16.882690, -67.532290,2026-07-11 18:30:00,NOAA-21,Loayza,La Paz,Bolivia,41,4,28,31,0.0,0.84,,9.0
bcaacb7a-0929-3d05-a8ee-e09faecee54a, -16.708340, -67.485120,2026-07-11 18:30:00,NOAA-21,Inquisivi,La Paz,Bolivia,39,4,28,17,0.0,0.9,,28.7
0c385ec4-5af6-3a74-b0a6-2e8eb0014cf2, -16.629310, -67.120850,2026-07-11 18:30:00,NOAA-21,Inquisivi,La Paz,Bolivia,39,4,28,31,0.0,0.85,,11.8
95d2e19f-0c68-39f0-bc2d-49b052fa30d1, -19.426250, -68.549390,2026-07-11 18:30:00,NOAA-21,Iquique,Tarapacá,Chile,45,14,48,14,0.0,0.84,,5.2
31761c0d-dac9-3d6d-93d9-c96428336794, -13.403880, -66.667020,2026-07-11 18:30:00,NOAA-21,José Ballivián,El Beni,Bolivia,26,3,28,8,1.18,1.0,,11.7
96f74031-3355-3e43-8821-aa095167b0cd, -16.090720, -61.825810,2026-07-11 18:30:00,NOAA-21,Ñuflo de Chávez,Santa Cruz,Bolivia,78,8,28,16,3.21,0.37,,10.7
50d30371-abb6-38bd-a58f-0c22c0eebab0, -15.659210, -67.826930,2026-07-11 18:30:00,NOAA-21,Larecaja,La Paz,Bolivia,40,4,28,8,0.0,0.82,,9.6
11dbda55-9ace-3a7e-a30d-042f97007428, -13.370690, -63.547640,2026-07-11 18:30:00,NOAA-21,Vaca Díez,El Beni,Bolivia,30,3,28,27,12.31,0.37,,16.5
4cdc0df3-2f88-313e-85be-06e83d5a86d7, -15.659990, -67.831320,2026-07-11 18:30:00,NOAA-21,Larecaja,La Paz,Bolivia,40,4,28,8,0.0,0.85,,9.6
a09f3198-abdb-34eb-9c60-528eafa8fffc, -19.422430, -68.549820,2026-07-11 18:30:00,NOAA-21,Iquique,Tarapacá,Chile,45,14,48,15,0.0,0.84,,6.0
4babf9a0-c321-3e11-b187-7dbcaca779fd, -16.707720, -67.481740,2026-07-11 18:30:00,NOAA-21,Inquisivi,La Paz,Bolivia,39,4,28,17,0.0,0.91,,28.7
725eca82-a673-3c41-8c53-5fa5d85bbd55, -14.584770, -69.102040,2026-07-11 18:30:00,NOAA-21,Franz Tamayo,La Paz,Bolivia,36,4,28,15,0.1,0.82,,9.6
5356c67f-547d-34fd-a337-a6fa62793343, -12.875180, -66.401760,2026-07-11 18:30:00,NOAA-21,Yacuma,El Beni,Bolivia,31,3,28,19,3.66,0.95,,15.0
bb26db90-2517-39a1-a2a6-f574de9e3b23, -16.606150, -68.941450,2026-07-11 18:30:00,NOAA-21,Ingavi,La Paz,Bolivia,38,4,28,8,0.0,0.77,,11.6
7ae48ac8-5076-39ef-bacf-f926f7219f98, -18.210080, -67.298170,2026-07-11 18:30:00,NOAA-21,Saucarí,Oruro,Bolivia,59,5,28,7,0.0,0.8,,5.0
530844ff-c42e-3699-a708-056ec55f2e8e, -16.680050, -67.449230,2026-07-11 18:30:00,NOAA-21,Inquisivi,La Paz,Bolivia,39,4,28,15,0.0,0.94,,6.0
384c872d-5543-3a0c-9e98-b7b2ef8057d3, -16.567940, -67.763070,2026-07-11 18:30:00,NOAA-21,Sud Yungas,La Paz,Bolivia,49,4,28,7,0.0,0.88,,4.6
554a3edf-d6bd-3530-8511-3b7f01961e22, -16.857500, -67.178320,2026-07-11 18:30:00,NOAA-21,Inquisivi,La Paz,Bolivia,39,4,28,7,0.0,0.89,,10.8
ff0d6669-15f4-33f8-b0ff-6297bd24a3d1, -15.754600, -61.569600,2026-07-11 18:30:00,NOAA-21,Ñuflo de Chávez,Santa Cruz,Bolivia,78,8,28,16,5.61,0.25,,21.1
80dcd689-b199-3b21-89d9-543261f36f49, -15.837430, -68.498050,2026-07-11 18:30:00,NOAA-21,Larecaja,La Paz,Bolivia,40,4,28,31,0.0,0.73,,57.7
93ac0a98-d297-3770-bab8-63559bba1904, -16.879570, -64.224500,2026-07-11 18:30:00,NOAA-21,Ichilo,Santa Cruz,Bolivia,83,8,28,22,0.2,0.62,,3.1
2cba871e-f790-3fbe-94c8-20d5b7e07c8d, -16.878470, -67.532820,2026-07-11 18:30:00,NOAA-21,Loayza,La Paz,Bolivia,41,4,28,31,0.0,0.85,,9.0
c1498f46-f0c1-3573-84f8-1735ae0e7d50, -16.682060, -67.460250,2026-07-11 18:30:00,NOAA-21,Inquisivi,La Paz,Bolivia,39,4,28,15,0.0,0.94,,11.2
703f98c4-36c2-394b-8ee4-7d6bdcdddf40, -16.785980, -67.408180,2026-07-11 18:30:00,NOAA-21,Inquisivi,La Paz,Bolivia,39,4,28,31,0.0,0.88,,4.2
f573be2b-4fbe-3eaf-aba0-1e8d5cc24625, -16.608030, -67.175090,2026-07-11 18:30:00,NOAA-21,Inquisivi,La Paz,Bolivia,39,4,28,31,0.0,0.92,,6.8
581cfb6e-aea2-3a67-85a9-4171821b6706, -13.403170, -66.670140,2026-07-11 18:30:00,NOAA-21,José Ballivián,El Beni,Bolivia,26,3,28,8,1.2,1.0,,10.2
44be02e0-10ad-3e5f-b76c-5f8d0ededfb2, -14.365770, -69.305460,2026-07-11 18:30:00,NOAA-21,Sandia,Puno,Peru,173,22,178,10,0.0,0.81,,7.0
2cc08ea8-b5d6-3d59-9941-428e9ec5f8cc, -16.708850, -67.486360,2026-07-11 18:30:00,NOAA-21,Inquisivi,La Paz,Bolivia,39,4,28,17,0.0,0.9,,26.4
1c1c57b6-965d-3b26-9b66-481933606ef4, -18.689390, -64.322080,2026-07-11 18:30:00,NOAA-21,Belisario Boeto,Chuquisaca,Bolivia,1,1,28,67,0.0,0.95,,0.8
e3108e2b-0b10-32d1-8b1e-15c771519aa3, -12.874170, -66.396320,2026-07-11 18:30:00,NOAA-21,Yacuma,El Beni,Bolivia,31,3,28,19,3.79,0.94,,17.9
086ca81e-68b0-3bec-a493-ec2f4379b65f, -16.609090, -68.935520,2026-07-11 18:30:00,NOAA-21,Ingavi,La Paz,Bolivia,38,4,28,8,0.0,0.77,,10.4
56f42616-06aa-3e8a-b01b-d2749280fcb6, -17.737300, -66.097850,2026-07-11 18:30:00,NOAA-21,Esteban Arce,Cochabamba,Bolivia,18,2,28,31,0.0,0.98,,2.4
691a9cbc-b254-3629-93b2-c8230bb15246, -15.346270, -68.166950,2026-07-11 18:30:00,NOAA-21,Larecaja,La Paz,Bolivia,40,4,28,9,0.0,0.7,,3.3
801eaee6-8787-340a-94da-2dff61443915, -16.879130, -67.536410,2026-07-11 18:30:00,NOAA-21,Loayza,La Paz,Bolivia,41,4,28,31,0.0,0.85,,9.0
0c7cd142-0872-3c33-9174-ab7682b18863, -15.412300, -67.810230,2026-07-11 18:30:00,NOAA-21,Larecaja,La Paz,Bolivia,40,4,28,9,0.0,0.69,,5.8
7fd6030a-1f12-3684-acc9-f5aba504e4e2, -15.755690, -61.574580,2026-07-11 18:30:00,NOAA-21,Ñuflo de Chávez,Santa Cruz,Bolivia,78,8,28,16,5.58,0.25,,12.6
4d805b3e-31e8-3f44-ae27-d96b74dcbb0b, -15.008380, -70.975910,2026-07-11 18:30:00,NOAA-21,Melgar,Puno,Peru,168,22,178,31,0.0,0.79,,17.8
fc49d5c8-2653-33e8-bd8a-a9a50d3f7e18, -13.422020, -72.922440,2026-07-11 18:32:00,NOAA-21,Abancay,Apurímac,Peru,28,3,178,29,0.0,0.86,,10.6
9af49ba0-ed41-3562-838a-445a990beadc, -13.471200, -76.172650,2026-07-11 18:32:00,NOAA-21,Chincha,Ica,Peru,99,11,178,-999,0.0,-999.0,,6.3
2a6ad6f9-1970-34c0-b3f5-0fa63b80ab6c, -11.637290, -74.365200,2026-07-11 18:32:00,NOAA-21,Satipo,Junín,Peru,110,12,178,0,0.0,0.19,,5.3
ac42df1d-1246-3c30-a283-faf9abd41500,  -8.432910, -74.633190,2026-07-11 18:32:00,NOAA-21,Coronel Portillo,Ucayali,Peru,193,26,178,12,3.95,0.59,,8.7
c3a974b4-60f2-301c-89ac-1fb3895c8154, -11.640060, -74.361170,2026-07-11 18:32:00,NOAA-21,Satipo,Junín,Peru,110,12,178,0,0.0,0.19,,3.4
0e180355-1151-3fd8-ac01-02a5c291b911, -12.196980, -73.959390,2026-07-11 18:32:00,NOAA-21,Satipo,Junín,Peru,110,12,178,0,0.0,0.3,,3.0
ebeba964-2201-3d54-84c2-7e63e3a28af9,  -7.533550, -76.719390,2026-07-11 18:32:00,NOAA-21,Mariscal Cáceres,San Martín,Peru,179,23,178,0,0.99,0.3,,5.7
3211253d-9083-3c2c-b042-d4f4a8c6df61, -12.761500, -74.095900,2026-07-11 18:32:00,NOAA-21,Huanta,Ayacucho,Peru,46,5,178,15,0.0,0.82,,6.8
9c7a77d2-7c98-3a68-ac62-5c0b96fd0e59, -12.762040, -74.099430,2026-07-11 18:32:00,NOAA-21,Huanta,Ayacucho,Peru,46,5,178,14,0.0,0.83,,6.8
1fb0986b-65b6-3432-a4e8-bb889aa81e54, -11.800130, -75.034080,2026-07-11 18:32:00,NOAA-21,Concepción,Junín,Peru,106,12,178,1,0.0,0.74,,2.0
48974f0c-df41-32ee-91f8-2401d71aec35,  -7.435030, -76.586000,2026-07-11 18:32:00,NOAA-21,Mariscal Cáceres,San Martín,Peru,179,23,178,0,0.2,0.48,,2.6
1a6684ee-17c4-373a-90e1-8a2afbc9a435, -11.625960, -74.446070,2026-07-11 18:32:00,NOAA-21,Satipo,Junín,Peru,110,12,178,0,0.0,0.03,,6.1
bb9bc8ff-490e-385e-9d73-348b6e21cbfc, -10.202450, -69.387700,2026-07-11 18:32:00,NOAA-21,SENA MADUREIRA,ACRE,Brasil,1200500,12,33,8,4.89,0.18,Amazônia,4.0
6bbc4ba2-4763-3c00-a7bd-fa7e65ad7918,  -7.176770, -76.425090,2026-07-11 18:32:00,NOAA-21,Bellavista,San Martín,Peru,175,23,178,3,0.0,0.58,,6.4
a8259cbc-ee4a-3aae-a50b-ee720af38a8c, -11.245080, -74.244580,2026-07-11 18:32:00,NOAA-21,Satipo,Junín,Peru,110,12,178,0,0.0,0.2,,3.2
c4bea0a2-0269-3fa9-a7ca-2c55e65c0bf2, -11.076330, -74.828540,2026-07-11 18:32:00,NOAA-21,Chanchamayo,Junín,Peru,104,12,178,1,0.0,0.76,,3.5
1c75b4d0-8b3e-381e-a9e8-093c18df3f2f,  -7.139560, -76.291420,2026-07-11 18:32:00,NOAA-21,Bellavista,San Martín,Peru,175,23,178,3,0.18,0.8,,10.5
bf2453b5-23cf-35e9-b9af-43ada0993345,  -7.128830, -76.400120,2026-07-11 18:32:00,NOAA-21,Bellavista,San Martín,Peru,175,23,178,3,0.0,0.81,,11.8
c6e0054f-e1f6-3a84-846e-bc0429efcad3,  -8.106550, -74.786760,2026-07-11 18:32:00,NOAA-21,Coronel Portillo,Ucayali,Peru,193,26,178,2,6.12,0.09,,3.1
b8748ec9-24fd-3bb1-96c2-f7663faae8d2,  -9.668530, -77.051730,2026-07-11 18:32:00,NOAA-21,Huari,Ancash,Peru,17,2,178,0,0.0,0.76,,4.5
408271a1-059d-3bc6-a811-793322650929,  -9.793640, -72.712680,2026-07-11 18:32:00,NOAA-21,Atalaya,Ucayali,Peru,192,26,178,7,11.43,0.01,,5.2
c7ce3c51-7240-302a-a8db-f02edd882471, -12.403990, -73.979230,2026-07-11 18:32:00,NOAA-21,Huanta,Ayacucho,Peru,46,5,178,0,0.0,0.46,,2.5
5822ebdc-fcd1-3584-9c0d-5f82081a250c, -10.849940, -74.106770,2026-07-11 18:32:00,NOAA-21,Atalaya,Ucayali,Peru,192,26,178,0,0.2,0.06,,4.9
08ab6fd9-d6bd-301a-8df9-6b7c150daa6e,  -7.209080, -76.369640,2026-07-11 18:32:00,NOAA-21,Bellavista,San Martín,Peru,175,23,178,3,0.0,0.66,,2.8
74b7da7b-2ae3-3832-b4f1-6e4ffa534384,  -7.220600, -76.378560,2026-07-11 18:32:00,NOAA-21,Bellavista,San Martín,Peru,175,23,178,3,0.0,0.65,,20.9
d3de9c63-90f0-3c8a-b9fa-cfe1e98a2139,  -7.186150, -76.262420,2026-07-11 18:32:00,NOAA-21,Bellavista,San Martín,Peru,175,23,178,3,0.2,0.39,,4.0
2b91299d-5665-3bb1-bfe6-ccfa79819b13,  -7.848380, -74.655080,2026-07-11 18:32:00,NOAA-21,Ucayali,Loreto,Peru,143,17,178,6,6.93,0.06,,2.6
d8a38e3e-3576-37d8-be38-aa355bca437e,  -9.635950, -77.070970,2026-07-11 18:32:00,NOAA-21,Huari,Ancash,Peru,17,2,178,1,0.0,0.74,,19.0
b3f81082-e60a-31d2-adf9-15d3ea07cece,  -7.114270, -76.281100,2026-07-11 18:32:00,NOAA-21,Bellavista,San Martín,Peru,175,23,178,3,0.2,0.98,,6.8
94a15629-24d0-31d9-b5df-c57660ee6b25, -11.983450, -73.808930,2026-07-11 18:32:00,NOAA-21,Satipo,Junín,Peru,110,12,178,0,0.12,0.26,,5.0
5b82ee0b-5f09-32a8-86ea-da11259fc2ad, -11.247990, -74.395870,2026-07-11 18:32:00,NOAA-21,Satipo,Junín,Peru,110,12,178,0,0.0,0.2,,5.9
6e1430c8-bf11-3371-bc37-ee3281994106, -11.812940, -73.916420,2026-07-11 18:32:00,NOAA-21,Satipo,Junín,Peru,110,12,178,5,0.03,0.32,,10.3
d2de99c0-7ada-39f2-b34b-9e6d7dab6583, -12.459340, -73.282710,2026-07-11 18:32:00,NOAA-21,La Convención,Cusco,Peru,76,8,178,0,0.0,0.17,,2.4
b28dd615-2adc-3566-896d-788d7d48e807,  -8.660960, -74.944440,2026-07-11 18:32:00,NOAA-21,Coronel Portillo,Ucayali,Peru,193,26,178,6,6.7,0.02,,3.9
1cc71809-29c2-39d0-96b5-7d46bf98c48a,  -7.131100, -76.392650,2026-07-11 18:32:00,NOAA-21,Bellavista,San Martín,Peru,175,23,178,3,0.0,0.82,,3.1
c2ece5a3-9281-3a5c-91e5-ddd6abb810c2,  -6.993710, -76.225520,2026-07-11 18:32:00,NOAA-21,Picota,San Martín,Peru,181,23,178,3,0.69,1.0,,5.2
d6a0e6d5-fd70-3f1d-90c8-6279f038cbc9, -12.956800, -72.689890,2026-07-11 18:32:00,NOAA-21,La Convención,Cusco,Peru,76,8,178,6,0.0,0.79,,3.9
de1b1a27-d7db-393f-bb5d-804b14360318,  -6.741400, -76.489200,2026-07-11 18:32:00,NOAA-21,Picota,San Martín,Peru,181,23,178,6,0.2,0.66,,3.3
e9c12942-3b31-32de-84cb-a1e4083dee67,  -6.931720, -76.399480,2026-07-11 18:32:00,NOAA-21,Picota,San Martín,Peru,181,23,178,8,0.0,1.0,,4.9
72aa80f8-057d-3162-b1b6-3cea6c9202af, -12.610480, -73.405820,2026-07-11 18:32:00,NOAA-21,La Convención,Cusco,Peru,76,8,178,4,0.0,0.31,,2.3
82da7756-8aff-338e-add2-2181868bd634,  -8.091760, -74.427510,2026-07-11 18:32:00,NOAA-21,Coronel Portillo,Ucayali,Peru,193,26,178,6,7.56,0.21,,3.6
7aa8897b-3623-36bb-bf57-0ec2e0f17aa0, -12.269820, -73.946970,2026-07-11 18:32:00,NOAA-21,La Convención,Cusco,Peru,76,8,178,0,0.0,0.2,,2.5
1e73e01c-dfc9-30bf-97ea-267c7c8037a6,  -7.463540, -75.003880,2026-07-11 18:32:00,NOAA-21,Ucayali,Loreto,Peru,143,17,178,7,2.77,0.23,,3.0
5b05953a-6ac9-3c81-bf47-1dc81746fb84,  -7.156270, -76.131680,2026-07-11 18:32:00,NOAA-21,Bellavista,San Martín,Peru,175,23,178,4,1.68,0.24,,22.4
728dd228-3390-3633-b685-ac855ee1457f,  -8.577210, -73.920490,2026-07-11 18:32:00,NOAA-21,Coronel Portillo,Ucayali,Peru,193,26,178,5,7.91,0.02,,6.7
98b891aa-0bd7-305b-a26e-db9dd0729dcd, -11.597310, -74.751930,2026-07-11 18:32:00,NOAA-21,Satipo,Junín,Peru,110,12,178,1,0.0,0.82,,7.2
2cd8d206-bcbd-3381-bddb-9855e47e33da,  -7.223400, -76.374590,2026-07-11 18:32:00,NOAA-21,Bellavista,San Martín,Peru,175,23,178,3,0.0,0.76,,20.9
8c9f3d5b-9a38-3f38-8ada-7893edbd609e,  -8.057140, -76.609780,2026-07-11 18:32:00,NOAA-21,Tocache,San Martín,Peru,184,23,178,4,1.82,0.51,,11.6
be070e4c-a019-301e-8989-2d30bda5e970, -13.755570, -75.936230,2026-07-11 18:32:00,NOAA-21,Pisco,Ica,Peru,103,11,178,103,0.0,0.93,,12.4
a355cc0a-9225-3911-94f5-fc83887cab9a,  -7.929210, -75.204210,2026-07-11 18:32:00,NOAA-21,Ucayali,Loreto,Peru,143,17,178,7,6.6,0.07,,20.2
9fae3713-ad64-328f-9cd9-79c7ea4d7b2d, -11.669020, -74.840610,2026-07-11 18:32:00,NOAA-21,Concepción,Junín,Peru,106,12,178,1,0.0,0.8,,2.8
b9f8f7f0-6126-31b8-b44d-5e3892571a15,  -7.962450, -78.030140,2026-07-11 18:32:00,NOAA-21,Santiago de Chuco,La Libertad,Peru,122,13,178,15,2.15,0.85,,10.4
5f71eb2f-cf81-38bb-8a47-cfa882ce0926,  -8.021520, -77.689300,2026-07-11 18:32:00,NOAA-21,Santiago de Chuco,La Libertad,Peru,122,13,178,9,0.2,0.82,,2.8
8f83631c-75fc-37c5-baaf-d67f550eeed6, -12.380990, -73.874230,2026-07-11 18:32:00,NOAA-21,La Convención,Cusco,Peru,76,8,178,0,0.0,0.17,,4.3
a1cee0d4-5de6-376e-95b5-106e8e38f3cf,  -8.537340, -74.406680,2026-07-11 18:32:00,NOAA-21,Coronel Portillo,Ucayali,Peru,193,26,178,6,3.29,0.39,,5.7
aa9759e8-c04a-3150-8427-f304bec64217,  -7.031350, -76.205570,2026-07-11 18:32:00,NOAA-21,Picota,San Martín,Peru,181,23,178,3,1.07,0.4,,2.0
d1117a9e-0b2d-33b9-903a-54e55456a7d9, -13.425930, -72.925480,2026-07-11 18:32:00,NOAA-21,Abancay,Apurímac,Peru,28,3,178,29,0.0,0.87,,6.3
3cce3998-92e7-3c0e-b1b7-2e716b5bbaad,  -6.891030, -76.580780,2026-07-11 18:32:00,NOAA-21,Bellavista,San Martín,Peru,175,23,178,6,0.1,0.7,,3.2
2f759f9f-572f-356c-a628-37fee011d408, -11.369960, -68.324840,2026-07-11 18:32:00,NOAA-21,Manuripi,Pando,Bolivia,62,6,28,14,3.73,0.29,,6.3
5602a7bb-3054-34e9-a68c-a08edcf1d0db, -12.793840, -73.950090,2026-07-11 18:32:00,NOAA-21,La Mar,Ayacucho,Peru,47,5,178,5,0.0,0.86,,5.2
fcde4ef3-eaf8-31b1-a66a-1de9f45454c7,  -8.563200, -75.038830,2026-07-11 18:32:00,NOAA-21,Padre Abad,Ucayali,Peru,194,26,178,6,12.12,0.0,,2.1
e68f6aa8-5681-3ec5-b315-5a6ac6d96a0c,  -7.144320, -76.322840,2026-07-11 18:32:00,NOAA-21,Bellavista,San Martín,Peru,175,23,178,3,0.1,0.8,,8.6
d7242712-eef8-3574-b323-77c90a8ea329,  -6.879290, -76.614800,2026-07-11 18:32:00,NOAA-21,Bellavista,San Martín,Peru,175,23,178,5,0.1,0.68,,5.6
42953ab1-85d7-33db-b257-8d0a0e98b58d, -13.436590, -72.927830,2026-07-11 18:32:00,NOAA-21,Abancay,Apurímac,Peru,28,3,178,29,0.0,0.88,,5.3
29023a10-ed70-30ec-9af2-b048f30783c7, -11.669330, -73.976380,2026-07-11 18:32:00,NOAA-21,Satipo,Junín,Peru,110,12,178,2,0.1,0.2,,3.0
e389909b-cdca-3f87-92cb-3d85a4c16a12, -10.937400, -75.123020,2026-07-11 18:32:00,NOAA-21,Chanchamayo,Junín,Peru,104,12,178,5,0.0,0.75,,7.6
913fb9ca-5a59-32fc-9ba7-2d938080f84e,  -6.741920, -76.492650,2026-07-11 18:32:00,NOAA-21,Picota,San Martín,Peru,181,23,178,6,0.2,0.66,,5.1
fc479bcf-9db6-3ae6-bae9-d7c1513deed5,  -7.053100, -76.326770,2026-07-11 18:32:00,NOAA-21,Bellavista,San Martín,Peru,175,23,178,3,0.1,0.42,,10.2
a4dd817d-595d-3875-a087-8cf791775e99,  -7.173450, -76.425580,2026-07-11 18:32:00,NOAA-21,Bellavista,San Martín,Peru,175,23,178,3,0.0,0.67,,6.4
4c35fd1c-6a8f-31ee-83d3-032285df3ef5, -11.999650, -74.001950,2026-07-11 18:32:00,NOAA-21,Satipo,Junín,Peru,110,12,178,0,0.0,0.53,,3.1
a7705eac-d92a-3017-b01f-e67f564a2a59, -11.972520, -76.479890,2026-07-11 18:32:00,NOAA-21,Huarochiri,Lima,Peru,134,16,178,30,0.0,0.89,,4.3
d16af26c-06c1-3012-9436-327a3d06a629, -11.728080, -74.292570,2026-07-11 18:32:00,NOAA-21,Satipo,Junín,Peru,110,12,178,0,0.1,0.12,,10.0
8b1c6e39-97c5-3ca8-ad3f-d8945e00e842,  -7.154390, -76.231610,2026-07-11 18:32:00,NOAA-21,Bellavista,San Martín,Peru,175,23,178,3,0.48,0.74,,8.8
1903de72-6e2e-3931-899a-23e7ca49a846,  -7.431700, -76.586500,2026-07-11 18:32:00,NOAA-21,Mariscal Cáceres,San Martín,Peru,179,23,178,0,0.17,0.48,,8.4
c5f0ed30-3892-37f1-b0a6-6899f9fd78fc, -11.799590, -75.030560,2026-07-11 18:32:00,NOAA-21,Concepción,Junín,Peru,106,12,178,0,0.0,0.74,,2.7
5fdf41fa-9d8f-3095-8614-304578c010d6, -11.155640, -74.816150,2026-07-11 18:32:00,NOAA-21,Satipo,Junín,Peru,110,12,178,0,0.0,0.65,,4.7
768298a9-cd16-3ae4-9122-b0e9f6cba731, -13.433220, -72.928230,2026-07-11 18:32:00,NOAA-21,Abancay,Apurímac,Peru,28,3,178,29,0.0,0.88,,5.3
9ca842c4-de3f-3022-a53a-e497160c5f0a,  -7.965910, -78.029460,2026-07-11 18:32:00,NOAA-21,Santiago de Chuco,La Libertad,Peru,122,13,178,15,2.21,0.85,,7.5
4ad151de-0a99-327f-9cbc-5461f343e1ef, -13.428720, -72.921420,2026-07-11 18:32:00,NOAA-21,Abancay,Apurímac,Peru,28,3,178,29,0.0,0.87,,16.6
63de7353-bc63-3c8a-a398-3004296580a5, -11.723550, -73.909390,2026-07-11 18:32:00,NOAA-21,Satipo,Junín,Peru,110,12,178,3,0.0,0.26,,2.1
e99e7776-906a-3642-bd32-39757f3dd257, -11.641140, -74.368170,2026-07-11 18:32:00,NOAA-21,Satipo,Junín,Peru,110,12,178,0,0.0,0.25,,5.3
76f6d4f1-a2ab-376e-b3cc-d6e89cf4e7df, -11.304260, -75.013410,2026-07-11 18:32:00,NOAA-21,Satipo,Junín,Peru,110,12,178,0,0.0,0.8,,3.3
f228d5bc-dd91-3b27-8a72-17bd74e25bcf,  -7.782260, -75.330470,2026-07-11 18:32:00,NOAA-21,Ucayali,Loreto,Peru,143,17,178,7,3.36,0.22,,2.2
b4ef6b62-15b4-3ab8-9d9e-3a6158f9cac2, -12.797140, -73.949580,2026-07-11 18:32:00,NOAA-21,La Mar,Ayacucho,Peru,47,5,178,5,0.0,0.86,,4.1
70cfbf5f-4f0d-3976-ac53-bd76f2f8319f,  -6.832860, -76.600330,2026-07-11 18:32:00,NOAA-21,Bellavista,San Martín,Peru,175,23,178,5,0.2,0.85,,12.2
0c3e6148-4f1e-30a9-87a5-f7690a5cd419,  -8.209660, -74.838070,2026-07-11 18:32:00,NOAA-21,Coronel Portillo,Ucayali,Peru,193,26,178,6,7.45,0.36,,1.9
6712c80d-06b7-3de0-8c45-16c1a39da777,  -7.014150, -76.293510,2026-07-11 18:32:00,NOAA-21,Picota,San Martín,Peru,181,23,178,4,0.2,0.71,,6.5
f5e92abd-1209-3b8c-a013-65127dd23b81, -11.633100, -74.448550,2026-07-11 18:32:00,NOAA-21,Satipo,Junín,Peru,110,12,178,0,0.0,0.01,,3.2
c4ab925b-a605-3418-94ff-82649ce80dfd,  -7.963020, -78.034110,2026-07-11 18:32:00,NOAA-21,Santiago de Chuco,La Libertad,Peru,122,13,178,15,2.17,0.85,,5.0
1e66c272-0497-309d-be58-62be4f42a43e,  -7.120390, -76.187350,2026-07-11 18:32:00,NOAA-21,Bellavista,San Martín,Peru,175,23,178,3,1.14,0.64,,19.4
f219e4f9-f6ad-3bae-bba6-c57703491520,  -7.052580, -76.323300,2026-07-11 18:32:00,NOAA-21,Bellavista,San Martín,Peru,175,23,178,3,0.1,0.4,,10.2
490bbd8d-8785-32a0-b1be-7a8bc187fe85,  -6.931150, -76.621290,2026-07-11 18:32:00,NOAA-21,Bellavista,San Martín,Peru,175,23,178,5,0.1,0.71,,11.1
857997b8-8aa4-3d02-8ea3-15ce628c6fdb, -10.102790, -75.806420,2026-07-11 18:32:00,NOAA-21,Pachitea,Huánuco,Peru,89,9,178,2,0.0,0.77,,7.7
da1b2aaf-4e11-30cd-94a4-e050abf2ce60,  -7.159580, -76.131160,2026-07-11 18:32:00,NOAA-21,Bellavista,San Martín,Peru,175,23,178,4,1.69,0.24,,22.4
1b28ea91-e9ea-3e2e-9394-c6679b934fc8,  -7.005170, -76.595040,2026-07-11 18:32:00,NOAA-21,Bellavista,San Martín,Peru,175,23,178,4,0.0,0.75,,2.9
f7fd6eef-75c6-3cb4-8983-e8c6108d0861, -12.758750, -74.099970,2026-07-11 18:32:00,NOAA-21,Huanta,Ayacucho,Peru,46,5,178,14,0.0,0.82,,6.8
b1be09bc-4823-30e8-85ae-21948202b2b8,  -7.800520, -75.317020,2026-07-11 18:32:00,NOAA-21,Ucayali,Loreto,Peru,143,17,178,7,4.16,0.17,,5.8
795ce382-0932-3829-9402-ccdc1e829c86, -13.426480, -72.928990,2026-07-11 18:32:00,NOAA-21,Abancay,Apurímac,Peru,28,3,178,29,0.0,0.87,,6.3
7c8e8da8-86c2-3f78-8061-7986b6978fae, -11.640600, -74.364670,2026-07-11 18:32:00,NOAA-21,Satipo,Junín,Peru,110,12,178,0,0.0,0.22,,5.3
2fc7e99c-039c-3808-adab-19bf4aa80f1f,  -8.700870, -74.938280,2026-07-11 18:32:00,NOAA-21,Coronel Portillo,Ucayali,Peru,193,26,178,6,6.78,0.01,,3.6
66ab838c-f970-3d1f-9647-a53b45dbabaa,  -7.689880, -78.568390,2026-07-11 18:32:00,NOAA-21,Gran Chimú,La Libertad,Peru,116,13,178,26,0.1,0.96,,12.3
00a66375-247d-3e98-b165-7e42a20786ac,  -8.270340, -76.605290,2026-07-11 18:32:00,NOAA-21,Tocache,San Martín,Peru,184,23,178,6,1.99,0.14,,2.7
8336e318-b9fa-3499-82f9-3cea541798b5, -13.655120, -73.064080,2026-07-11 18:32:00,NOAA-21,Andahuaylas,Apurímac,Peru,29,3,178,31,0.0,0.89,,4.1
e93adc35-51d6-3321-b998-90fdb0b2b97c,  -9.445450, -75.097750,2026-07-11 18:32:00,NOAA-21,Puerto Inca,Huánuco,Peru,90,9,178,6,3.4,0.04,,3.0
5ee52b64-084f-3881-9983-6f2bdf792846,  -6.878760, -76.611320,2026-07-11 18:32:00,NOAA-21,Bellavista,San Martín,Peru,175,23,178,5,0.1,0.68,,5.2
53a1bc1f-5f7a-3fee-bf88-673f5927ef49, -13.425370, -72.921940,2026-07-11 18:32:00,NOAA-21,Abancay,Apurímac,Peru,28,3,178,29,0.0,0.86,,16.6
d281369f-7441-3d19-862b-059e53e4bbc3,  -8.660110, -74.894580,2026-07-11 18:32:00,NOAA-21,Coronel Portillo,Ucayali,Peru,193,26,178,6,8.13,0.02,,3.0
4e7aea02-513d-335c-98bf-1c3e629bc111,  -8.011730, -76.649280,2026-07-11 18:32:00,NOAA-21,Tocache,San Martín,Peru,184,23,178,4,2.29,0.49,,18.9
9a4f40f1-7240-370b-b320-30e784714de8, -12.228320, -74.008260,2026-07-11 18:32:00,NOAA-21,Satipo,Junín,Peru,110,12,178,0,0.0,0.84,,1.3
3a60de51-8645-326f-be89-4e5929e8da1b, -13.281180, -73.258500,2026-07-11 18:32:00,NOAA-21,La Convención,Cusco,Peru,76,8,178,19,0.0,0.83,,6.2
85914431-fa95-3561-b893-77b317089539,  -7.139490, -76.380710,2026-07-11 18:32:00,NOAA-21,Bellavista,San Martín,Peru,175,23,178,3,0.0,0.82,,3.9
a3b00c04-692c-3d4f-9a28-5ca36e77eb46,  -6.804140, -76.590360,2026-07-11 18:32:00,NOAA-21,Bellavista,San Martín,Peru,175,23,178,5,0.21,0.81,,2.2
7fcd745b-f3e0-34d1-8b89-cbc169999bbc,  -6.916480, -76.366080,2026-07-11 18:32:00,NOAA-21,Picota,San Martín,Peru,181,23,178,8,0.05,0.76,,10.3
e2ed9d4d-c233-3bd1-9c8f-a052cc3a9703, -11.584420, -75.000540,2026-07-11 18:32:00,NOAA-21,Concepción,Junín,Peru,106,12,178,4,0.0,0.76,,8.2
a74500bd-7118-3309-8be3-b93a3b7aa63e,  -6.995860, -76.734090,2026-07-11 18:32:00,NOAA-21,Huallaga,San Martín,Peru,177,23,178,3,0.73,0.69,,4.1
02fba9e8-9ede-3ca9-90ce-ab6ad6cf9b71, -10.420590, -75.524290,2026-07-11 18:32:00,NOAA-21,Oxapampa,Pasco,Peru,151,20,178,1,1.34,0.15,,2.4
47f9c94c-27e0-3fa6-9e37-9e2e5ed97018,  -8.449590, -74.807170,2026-07-11 18:32:00,NOAA-21,Coronel Portillo,Ucayali,Peru,193,26,178,6,9.78,0.09,,12.6
67a24390-d3e8-3b83-b160-dd006101ecd5,  -6.859470, -76.596280,2026-07-11 18:32:00,NOAA-21,Bellavista,San Martín,Peru,175,23,178,6,0.1,0.68,,2.9
393c5937-b2c0-379f-abeb-be40839bc668, -10.910670, -75.239170,2026-07-11 18:32:00,NOAA-21,Chanchamayo,Junín,Peru,104,12,178,3,0.0,0.6,,3.9
cc14d689-b848-313b-a963-9bd9b9edfcee,  -6.910470, -76.574290,2026-07-11 18:32:00,NOAA-21,Bellavista,San Martín,Peru,175,23,178,7,0.07,0.86,,2.3
a88b71e9-075e-326f-a215-63a8b27b5202,  -8.746560, -76.386100,2026-07-11 18:32:00,NOAA-21,Marañón,Huánuco,Peru,88,9,178,7,4.91,0.05,,5.5
e91bae5a-5101-3dd6-87ae-c072826fd9ec,  -8.636260, -74.805320,2026-07-11 18:32:00,NOAA-21,Coronel Portillo,Ucayali,Peru,193,26,178,6,8.91,0.05,,2.8
b48fa089-001e-38ed-97b7-857e3dccc628, -11.712900, -73.972430,2026-07-11 18:32:00,NOAA-21,Satipo,Junín,Peru,110,12,178,4,0.1,0.26,,2.7
f35d7b93-2146-3aea-9c24-f7fb4b56ea39,  -8.234600, -74.934330,2026-07-11 18:32:00,NOAA-21,Coronel Portillo,Ucayali,Peru,193,26,178,6,8.15,0.1,,4.0
c056cf54-5f1c-3f9e-9b54-6a025371e1a7, -10.846650, -74.107250,2026-07-11 18:32:00,NOAA-21,Atalaya,Ucayali,Peru,192,26,178,0,0.2,0.06,,4.4
18e81a24-593d-3f3d-b15e-ef3f391cf817, -11.862260, -73.883070,2026-07-11 18:32:00,NOAA-21,Satipo,Junín,Peru,110,12,178,2,0.1,0.56,,7.7
f9ccddd3-855d-3e12-9350-29c358751f0e, -10.846420, -75.603430,2026-07-11 18:32:00,NOAA-21,Junín,Junín,Peru,109,12,178,1,0.0,0.81,,4.0
42f7fcd1-beb2-375f-98f7-97f038a92118, -12.412600, -72.754900,2026-07-11 18:32:00,NOAA-21,La Convención,Cusco,Peru,76,8,178,0,0.0,0.06,,9.6
cb6161ea-a948-3792-a5a9-3f5758be13d3, -12.160200, -75.215010,2026-07-11 18:32:00,NOAA-21,Huancayo,Junín,Peru,107,12,178,0,0.0,0.8,,2.6
9d93f046-7bcb-38e6-a1d5-b4d71c568801, -13.429860, -72.928610,2026-07-11 18:32:00,NOAA-21,Abancay,Apurímac,Peru,28,3,178,29,0.0,0.87,,6.3
07e67854-70e0-3505-a4c1-c729ff1cf7a3,  -8.008910, -76.653360,2026-07-11 18:32:00,NOAA-21,Tocache,San Martín,Peru,184,23,178,4,2.3,0.5,,18.9
0cefc157-b61f-36a1-8b93-381ddf5e0a63, -11.068010, -74.729550,2026-07-11 18:32:00,NOAA-21,Satipo,Junín,Peru,110,12,178,0,0.0,0.71,,2.7
04f4b67b-d099-30ab-815d-0291ef728039,  -7.966480, -78.033410,2026-07-11 18:32:00,NOAA-21,Santiago de Chuco,La Libertad,Peru,122,13,178,15,2.21,0.85,,8.5
df545dac-d28c-328c-be6b-7258408b481f,  -5.226460, -79.977150,2026-07-11 18:34:00,NOAA-21,Morropón,Piura,Peru,155,21,178,9,0.0,1.0,,5.7
ba8386b0-066c-360d-ac18-3f59cafb5cba,  -4.894770, -80.790630,2026-07-11 18:34:00,NOAA-21,Sullana,Piura,Peru,159,21,178,70,0.0,1.0,,3.0
c1e6a1c1-b1ea-31fa-88ca-16289f24d3d6,  -1.798160, -80.062740,2026-07-11 18:34:00,NOAA-21,Lomas de Sargentillo,Guayas,Ecuador,83,10,68,9,0.0,1.0,,6.9
7647e86e-9059-3c7e-9264-5784dc322930,  -1.568400, -80.028150,2026-07-11 18:34:00,NOAA-21,Colimes,Guayas,Ecuador,76,10,68,9,0.0,1.0,,3.8
2bbbdd25-a6c3-3d58-85fa-207a38f1939f,  -1.542540, -80.002630,2026-07-11 18:34:00,NOAA-21,Colimes,Guayas,Ecuador,76,10,68,11,0.0,1.0,,4.3
42137a1a-b8fe-3a72-bbf8-a076e3363d02,  -6.229050, -76.786460,2026-07-11 18:34:00,NOAA-21,Lamas,San Martín,Peru,178,23,178,7,1.89,0.38,,5.8
63731a90-363d-3524-8d19-a92e1b8a6d01,  -6.738160, -76.647610,2026-07-11 18:34:00,NOAA-21,El Dorado,San Martín,Peru,176,23,178,4,0.55,0.59,,1.7
46da44e9-a082-3528-9f0b-9c672036a3b4,  -4.771080, -80.546360,2026-07-11 18:34:00,NOAA-21,Sullana,Piura,Peru,159,21,178,34,0.0,1.0,,11.5
86c48027-b52e-3114-bd53-15e4dd0dfd5b,  -1.562380, -80.160080,2026-07-11 18:34:00,NOAA-21,Colimes,Guayas,Ecuador,76,10,68,1,0.0,1.0,,2.6
3408f7b4-f245-3870-8591-1d5be413b96f,  -1.744440, -80.036570,2026-07-11 18:34:00,NOAA-21,Santa Lucia,Guayas,Ecuador,93,10,68,7,0.0,1.0,,5.4
64355401-c14c-3ebc-a6e4-4ae240bd3236,  -6.024900, -78.876500,2026-07-11 18:34:00,NOAA-21,Jaén,Cajamarca,Peru,61,6,178,7,2.0,0.96,,15.0
54f30941-4d5c-3595-8b06-a4d8fd06ee31,  -6.023600, -78.873340,2026-07-11 18:34:00,NOAA-21,Jaén,Cajamarca,Peru,61,6,178,7,1.99,0.96,,15.5
ec5625b1-edb3-302a-8511-d3f0a05bdfb4,  -5.004960, -80.237820,2026-07-11 18:34:00,NOAA-21,Morropón,Piura,Peru,155,21,178,25,0.0,1.0,,4.0
b0a906c0-8b35-388b-ab4e-addc8d53dff5,  -6.518300, -76.609130,2026-07-11 18:34:00,NOAA-21,Lamas,San Martín,Peru,178,23,178,5,0.77,0.46,,6.8
58407d87-0c7c-388f-ad94-418e02427b24,  -1.741700, -79.994860,2026-07-11 18:34:00,NOAA-21,Santa Lucia,Guayas,Ecuador,93,10,68,4,0.0,1.0,,6.9
9dbaf67f-20de-3471-a6b1-0c6d9c99d7ff,  -5.927120, -76.991190,2026-07-11 18:34:00,NOAA-21,Moyobamba,San Martín,Peru,180,23,178,0,1.7,0.3,,2.8
397a3d4d-1afe-3f24-8667-ad8526d8b6f5,  -6.024350, -78.872800,2026-07-11 18:34:00,NOAA-21,Jaén,Cajamarca,Peru,61,6,178,7,1.99,0.96,,15.0
d79ab85b-f19b-3b62-a4c8-54407d3f0bb6,  -5.815760, -77.109940,2026-07-11 18:34:00,NOAA-21,Moyobamba,San Martín,Peru,180,23,178,0,1.79,0.38,,2.2
5496f58f-428f-3688-9810-00e6769d120d,  -1.740200, -79.995310,2026-07-11 18:34:00,NOAA-21,Santa Lucia,Guayas,Ecuador,93,10,68,4,0.0,1.0,,5.2
338bba76-f57a-329a-9ed0-0613c3da31ec,  -1.564810, -80.028690,2026-07-11 18:34:00,NOAA-21,Colimes,Guayas,Ecuador,76,10,68,9,0.0,1.0,,6.4
7aa249c1-aeb5-3d7a-b40a-a914ec82809c,  -1.795040, -80.042050,2026-07-11 18:34:00,NOAA-21,Daule,Guayas,Ecuador,78,10,68,8,0.0,1.0,,3.0
b007d612-5588-3cb9-93cd-8e9726c7b53a,  -1.746320, -80.036540,2026-07-11 18:34:00,NOAA-21,Santa Lucia,Guayas,Ecuador,93,10,68,7,0.0,1.0,,5.0
1ae25674-86b3-3990-b4eb-fc5da661325f,  -5.922820, -76.894940,2026-07-11 18:34:00,NOAA-21,Moyobamba,San Martín,Peru,180,23,178,0,3.19,0.18,,3.2
7a9dabd2-6a55-3666-8e2d-e9e2eea073d3,  -6.024130, -78.877010,2026-07-11 18:34:00,NOAA-21,Jaén,Cajamarca,Peru,61,6,178,7,1.99,0.96,,15.5
ebbdf2c5-b803-3ac5-9320-0f1182228fc5,  -4.750210, -76.576810,2026-07-11 18:34:00,NOAA-21,Alto Amazonas,Loreto,Peru,138,17,178,0,0.0,0.08,,5.7
d4b0ba4d-6648-3383-8f14-029875a87e74,   6.201700, -68.860230,2026-07-11 18:36:00,NOAA-21,Pedro Camejo,Apure,Venezuela,34,3,249,0,7.29,0.0,,5.6
f64343c5-e639-3ab4-8e42-1e08a2341a43,   5.926050, -74.547440,2026-07-11 18:36:00,NOAA-21,Puerto Boyacá,Boyacá,Colombia,270,6,53,0,0.44,0.02,,3.6
1b561cb1-ff71-3788-8156-a8228fc93a38,   5.153760, -68.135210,2026-07-11 18:36:00,NOAA-21,Santa Rita,Vichada,Colombia,1064,32,53,0,5.27,0.0,,28.6
4a0e5990-d50f-3707-b9f5-781140776cb7,   6.278480, -68.415310,2026-07-11 18:36:00,NOAA-21,Pedro Camejo,Apure,Venezuela,34,3,249,0,7.17,0.0,,3.0
742392c2-6f5a-3da1-bf0e-3d8346128e4c,   4.445970, -74.580540,2026-07-11 18:36:00,NOAA-21,Viotá,Cundinamarca,Colombia,601,14,53,0,1.41,0.4,,16.5
cbf7e7ce-4b0f-3b4c-b922-98541a51b1f3,   4.819710, -69.725220,2026-07-11 18:36:00,NOAA-21,Cumaribo,Vichada,Colombia,1060,32,53,0,2.91,0.0,,9.1
905dc167-de37-32c8-ab6c-83505f02a4d9,   7.039300, -73.988270,2026-07-11 18:36:00,NOAA-21,Yondó,Antioquia,Colombia,131,2,53,2,0.5,0.01,,4.2
62ecd727-b10d-38c3-a3be-c05d75230d74,   3.462660, -75.454770,2026-07-11 18:36:00,NOAA-21,Ataco,Tolima,Colombia,971,29,53,0,0.15,0.09,,3.8
e07a54a1-c050-3b8f-8126-dc052e45b387,   5.159540, -68.136020,2026-07-11 18:36:00,NOAA-21,Santa Rita,Vichada,Colombia,1064,32,53,0,5.17,0.0,,30.4
3dc8b1dc-e183-306e-a56a-542ce2ef5cb9,   5.947550, -74.558370,2026-07-11 18:36:00,NOAA-21,Puerto Boyacá,Boyacá,Colombia,270,6,53,0,0.21,0.02,,3.0
386e0c82-a346-396f-9af4-dac292a0cde8,   1.612750, -77.537420,2026-07-11 18:36:00,NOAA-21,Cumbitara,Nariño,Colombia,726,21,53,3,29.3,0.0,,10.7
49305eca-5bac-3924-a63b-89a16daa9451,   5.157840, -68.148300,2026-07-11 18:36:00,NOAA-21,Santa Rita,Vichada,Colombia,1064,32,53,0,5.57,0.0,,20.1
60ea3398-785f-35c9-bb39-d2e2905cdc8f,   3.473840, -75.452060,2026-07-11 18:36:00,NOAA-21,Ataco,Tolima,Colombia,971,29,53,0,0.12,0.1,,4.8
b570f8c9-cbe1-32c7-b58d-f538c58ac2c6,   3.054380, -72.224700,2026-07-11 18:36:00,NOAA-21,Mapiripán,Meta,Colombia,697,20,53,0,2.5,0.01,,11.5
2fad7db7-5f95-3422-97f5-f4067db5bd60,   5.148560, -68.130230,2026-07-11 18:36:00,NOAA-21,Santa Rita,Vichada,Colombia,1064,32,53,0,5.18,0.0,,13.0
9a4b8f93-58c3-3d68-8acf-b7deeba4a8c2,   6.853450, -74.029370,2026-07-11 18:36:00,NOAA-21,Barrancabermeja,Santander,Colombia,860,27,53,2,0.9,0.01,,7.4
ba5155b4-029b-37ca-8e82-3049535e84d5,   3.293240, -74.839430,2026-07-11 18:36:00,NOAA-21,Colombia,Huila,Colombia,623,17,53,0,0.1,0.01,,7.8
0021065d-25db-306e-9c7e-937f1bd51b3c,   7.255180, -73.934090,2026-07-11 18:36:00,NOAA-21,Puerto Wilches,Santander,Colombia,919,27,53,2,0.2,-999.0,,7.3
607a7eed-ac18-36ac-b73e-51f8c9cabcca,   6.793140, -74.083290,2026-07-11 18:36:00,NOAA-21,Puerto Parra,Santander,Colombia,918,27,53,2,0.55,0.02,,14.4
e53603f1-2709-335e-b09b-138d1f23e2a6,   4.814550, -69.724440,2026-07-11 18:36:00,NOAA-21,Cumaribo,Vichada,Colombia,1060,32,53,0,3.01,0.0,,19.1
4fcb0822-6298-38cc-a0a4-80f064e6c24c,   3.466190, -75.455210,2026-07-11 18:36:00,NOAA-21,Ataco,Tolima,Colombia,971,29,53,0,0.15,0.09,,3.8
32420362-65b2-3b73-82e8-fc51d8ca4060,   5.158980, -68.140120,2026-07-11 18:36:00,NOAA-21,Santa Rita,Vichada,Colombia,1064,32,53,0,5.29,0.0,,30.4
33a03b41-38ca-3fe4-8095-e14781bd71c0,   1.330270, -77.026500,2026-07-11 18:36:00,NOAA-21,El Tablón de Gomez,Nariño,Colombia,729,21,53,2,16.33,0.0,,7.7
ec76bbe8-7f14-3160-8446-19d61455568d,   5.158410, -68.144230,2026-07-11 18:36:00,NOAA-21,Santa Rita,Vichada,Colombia,1064,32,53,0,5.43,0.0,,20.1
fd9d51ed-ce2b-305d-bae4-9e903345cdbf,   4.395510, -70.337270,2026-07-11 18:36:00,NOAA-21,Cumaribo,Vichada,Colombia,1060,32,53,0,8.15,0.0,,9.1
414f2bcc-a87c-3a10-824b-246cb9750947,   6.691640, -73.653200,2026-07-11 18:36:00,NOAA-21,El Carmen de Chucurí,Santander,Colombia,880,27,53,0,4.5,0.0,,3.5
244f8575-7131-3988-9ede-b013460e12d3,   6.202560, -68.862960,2026-07-11 18:36:00,NOAA-21,Pedro Camejo,Apure,Venezuela,34,3,249,0,7.24,0.0,,6.8
f2221b8a-da15-3270-ab1e-462620e1563e,   4.442260, -74.579950,2026-07-11 18:36:00,NOAA-21,Viotá,Cundinamarca,Colombia,601,14,53,0,1.4,0.39,,13.4
b08b58a8-68b1-385b-ad16-667a9576fa86,  10.245640, -75.263550,2026-07-11 18:38:00,NOAA-21,Arjona,Bolívar,Colombia,165,5,53,2,0.0,1.0,,6.3
35546d0f-25f5-3b4f-a170-25b168b0b712,  10.993270, -73.144740,2026-07-11 18:38:00,NOAA-21,Riohacha,La Guajira,Colombia,658,18,53,6,0.2,0.99,,4.5
fa143cbc-2dba-3b3b-bb50-42e1d635974a,  10.116630, -74.437030,2026-07-11 18:38:00,NOAA-21,Chivolo,Magdalena,Colombia,666,19,53,2,0.16,0.69,,7.5
963fe90d-7ae1-3f24-9de9-f68a25afb40d,   9.646060, -70.709950,2026-07-11 18:38:00,NOAA-21,Andrés Bello,Trujillo,Venezuela,283,22,249,0,2.0,0.22,,5.3
428683be-9def-30ee-9220-7ea400f3cdfc,  10.273420, -73.117330,2026-07-11 18:38:00,NOAA-21,La Paz,Cesar,Colombia,459,12,53,2,0.0,0.45,,10.4
7220a895-c9ba-3631-8373-da7a48a748f2,  10.854180, -75.041500,2026-07-11 18:38:00,NOAA-21,Juan de Acosta,Atlántico,Colombia,145,4,53,-999,0.0,1.0,,7.6
65557e6b-b195-390c-b93f-f610ad63d252,  10.981260, -73.157110,2026-07-11 18:38:00,NOAA-21,Riohacha,La Guajira,Colombia,658,18,53,6,0.16,0.99,,10.9
96735726-3b18-327e-bd55-f45eb99eec04,  10.982300, -73.158640,2026-07-11 18:38:00,NOAA-21,Riohacha,La Guajira,Colombia,658,18,53,6,0.17,0.98,,16.1
5b2f3a97-c3c9-3d3b-b6d4-2c92686a880a,   9.623850, -75.258140,2026-07-11 18:38:00,NOAA-21,Ovejas,Sucre,Colombia,953,28,53,2,0.13,0.29,,14.0
e022df38-6c69-375c-8bcb-9a4b3367dde3,  10.474160, -75.065750,2026-07-11 18:38:00,NOAA-21,Repelón,Atlántico,Colombia,154,4,53,-999,0.0,0.47,,6.3
d63dad04-9628-31d9-a6b6-0332e1007d9c,  10.997040, -70.482890,2026-07-11 18:38:00,NOAA-21,Buchivacoa,Falcón,Venezuela,110,12,249,-999,0.29,1.0,,18.3
0bf2e6fd-2ab3-32af-b744-576836a97d94,  10.094090, -74.888910,2026-07-11 18:38:00,NOAA-21,Pedraza,Magdalena,Colombia,672,19,53,2,0.21,1.0,,4.2
74bd700c-4f22-3797-9ea9-92cb0c10b924,   9.592450, -70.675470,2026-07-11 18:38:00,NOAA-21,Miranda,Trujillo,Venezuela,292,22,249,0,1.8,0.24,,2.2
e3469be6-a28e-3341-9ad2-8aeaf40c722c,   8.446780, -75.347180,2026-07-11 18:38:00,NOAA-21,Pueblo Nuevo,Córdoba,Colombia,335,7,53,2,0.1,0.18,,4.9
fb46ee99-ba95-3a0a-b2da-f15592ae2600,   9.822170, -74.038090,2026-07-11 18:38:00,NOAA-21,Ariguaní,Magdalena,Colombia,664,19,53,2,0.0,0.27,,4.8
8ad3ca85-d634-37fa-b85c-057147ba8234,  10.036710, -73.343220,2026-07-11 18:38:00,NOAA-21,La Paz,Cesar,Colombia,459,12,53,2,0.3,0.64,,6.9
bf5d7910-264b-3b9f-b1ad-5f6a98413021,  10.678840, -72.945400,2026-07-11 18:38:00,NOAA-21,San Juan del Cesar,La Guajira,Colombia,659,18,53,4,0.0,1.0,,5.8
dc6c2183-665b-3533-9e0c-91f226851924,  10.930270, -73.508230,2026-07-11 18:38:00,NOAA-21,Riohacha,La Guajira,Colombia,658,18,53,2,0.4,0.93,,4.9
5e875c35-1451-3d94-a2bd-964fd6370fc0,  10.116130, -74.440650,2026-07-11 18:38:00,NOAA-21,Chivolo,Magdalena,Colombia,666,19,53,2,0.19,0.69,,7.5
2b1ad8e7-b714-3524-9370-4663620ec31b,   9.988480, -73.328750,2026-07-11 18:38:00,NOAA-21,Agustín Codazzi,Cesar,Colombia,446,12,53,2,0.2,1.0,,2.3
1203d185-0058-31f7-afd2-a9e11c3c7f7c,   8.647730, -74.087460,2026-07-11 18:38:00,NOAA-21,Morales,Bolívar,Colombia,180,5,53,2,0.0,0.08,,13.6
33bf057f-0d20-3617-bcc9-003ef2d5f7f7,   9.821660, -74.041870,2026-07-11 18:38:00,NOAA-21,Ariguaní,Magdalena,Colombia,664,19,53,2,0.0,0.27,,4.6
1a334cd0-4fa0-3412-b538-a3453c5160b2,   9.655420, -73.894640,2026-07-11 18:38:00,NOAA-21,Santa Ana,Magdalena,Colombia,680,19,53,2,0.1,0.28,,4.6
c8d00ee5-2324-3f4b-9d56-d2fef4f70a39,  10.997470, -70.479530,2026-07-11 18:38:00,NOAA-21,Buchivacoa,Falcón,Venezuela,110,12,249,-999,0.3,1.0,,18.0
7a7e1b20-5995-3d01-9f8c-82db54d9cb52,  10.087020, -74.258180,2026-07-11 18:38:00,NOAA-21,Ariguaní,Magdalena,Colombia,664,19,53,2,0.0,0.55,,2.1
15fb5524-77f5-3069-a59c-50428dadf848,  10.995230, -70.479950,2026-07-11 18:38:00,NOAA-21,Buchivacoa,Falcón,Venezuela,110,12,249,-999,0.3,1.0,,21.3
d142cde5-871a-37ab-9d63-abcb9b21401e,  10.982470, -73.218560,2026-07-11 18:38:00,NOAA-21,Riohacha,La Guajira,Colombia,658,18,53,6,0.1,1.0,,3.3
40587311-958f-397b-8687-26c760a4702c,  10.994840, -70.483180,2026-07-11 18:38:00,NOAA-21,Buchivacoa,Falcón,Venezuela,110,12,249,-999,0.3,1.0,,16.8
34e6965b-12ed-37c7-86ed-3a2c82ce23fb,  10.812660, -70.667300,2026-07-11 18:38:00,NOAA-21,Dabajuro,Falcón,Venezuela,114,12,249,12,1.95,0.9,,6.0
a31ea415-b3cf-3091-a0a7-8466290aaef6,  11.136900, -73.240870,2026-07-11 18:38:00,NOAA-21,Riohacha,La Guajira,Colombia,658,18,53,1,0.39,0.54,,8.4
5bda3609-4a62-3297-8ce2-52a741334147,  10.489960, -74.474980,2026-07-11 18:38:00,NOAA-21,Pivijay,Magdalena,Colombia,673,19,53,9,0.0,1.0,,4.6
149b296f-b4e9-31f4-aa23-36a1e4507257,  10.264550, -74.544980,2026-07-11 18:38:00,NOAA-21,El Piñón,Magdalena,Colombia,669,19,53,2,0.35,0.9,,9.3
3a709af7-73a6-3cfd-b614-5fa720e65b06,   9.430950, -70.796360,2026-07-11 18:38:00,NOAA-21,Bolívar,Trujillo,Venezuela,285,22,249,0,2.31,0.1,,2.2
b0613655-d1df-3230-bf7d-252acaa392f3,  10.992130, -73.143070,2026-07-11 18:38:00,NOAA-21,Riohacha,La Guajira,Colombia,658,18,53,6,0.2,0.99,,3.8
10e8f0c1-fdad-38e2-a081-2933b9ac66f2,   8.651830, -74.087720,2026-07-11 18:38:00,NOAA-21,Morales,Bolívar,Colombia,180,5,53,2,0.0,0.1,,13.6
3ecebf03-9caa-3796-9f89-6df5550d7599,  10.481930, -74.074810,2026-07-11 18:38:00,NOAA-21,Aracataca,Magdalena,Colombia,663,19,53,2,0.0,0.59,,26.4
ed2475cf-5b38-3007-8dad-1ff16d66de8c,  11.424000, -72.833990,2026-07-11 18:38:00,NOAA-21,Riohacha,La Guajira,Colombia,658,18,53,5,0.16,1.0,,5.8
2ea0a4a1-9362-3d35-92ac-b989a58ba1f6,   9.623480, -75.256420,2026-07-11 18:38:00,NOAA-21,Ovejas,Sucre,Colombia,953,28,53,2,0.14,0.29,,11.4
240b9ee0-5891-3b96-803d-da265eb265db,  10.268950, -73.117000,2026-07-11 18:38:00,NOAA-21,La Paz,Cesar,Colombia,459,12,53,2,0.0,0.45,,6.1
eaf9e4c7-972c-3109-ad91-d1238718d108,  10.850920, -75.035910,2026-07-11 18:38:00,NOAA-21,Juan de Acosta,Atlántico,Colombia,145,4,53,-999,0.0,1.0,,5.6
c33a6a3d-3b56-3373-905c-bb09b775eea0,  10.804480, -72.880420,2026-07-11 18:38:00,NOAA-21,Fonseca,La Guajira,Colombia,655,18,53,5,0.0,1.0,,2.6
1ee97bf5-535b-3365-a96b-2545d0473bb5,  10.805700, -72.882630,2026-07-11 18:38:00,NOAA-21,Fonseca,La Guajira,Colombia,655,18,53,5,0.0,1.0,,3.6
fe55734c-526c-3487-9dd1-1318844d74d9,   8.464610, -75.275340,2026-07-11 18:38:00,NOAA-21,Pueblo Nuevo,Córdoba,Colombia,335,7,53,2,0.24,0.24,,3.9
1bf72d46-c99f-3b48-b229-2919993c67c1,  10.179840, -74.130120,2026-07-11 18:38:00,NOAA-21,Fundación,Magdalena,Colombia,670,19,53,3,0.0,0.92,,6.7
e09dcb69-67f0-31ef-a27a-b6a7309d097f,  10.828230, -73.334850,2026-07-11 18:38:00,NOAA-21,Valledupar,Cesar,Colombia,468,12,53,2,0.17,0.85,,10.0
b25d6bcc-04cc-370d-a235-85e2a1c5143f,  -4.405500, -80.533000,2026-07-11 18:40:00,GOES-19,Sullana,Piura,Peru,159,21,178,26,0.0,1.0,,64.0
c2f56e6d-79e3-31a8-bd27-3b81fafa8cec, -16.711900, -67.469100,2026-07-11 18:40:00,GOES-19,Inquisivi,La Paz,Bolivia,39,4,28,20,0.0,0.92,,89.0
9afabe37-622c-3cfe-93c5-95403280099d,  -3.504300, -48.039000,2026-07-11 18:40:00,GOES-19,PARAGOMINAS,PARÁ,Brasil,1505502,15,33,3,0.0,0.34,Amazônia,58.1
512cd196-4845-3db6-8884-93db3016415f,  -3.485700, -48.039700,2026-07-11 18:40:00,GOES-19,PARAGOMINAS,PARÁ,Brasil,1505502,15,33,3,0.0,0.35,Amazônia,95.6
ee05c4c9-bb6b-395b-aac2-63c5d9cad36d, -16.711800, -67.488400,2026-07-11 18:40:00,GOES-19,Inquisivi,La Paz,Bolivia,39,4,28,17,0.0,0.9,,111.4
91349ca9-ec3c-3b4c-bf2d-52dfa6a3e13f, -16.731200, -67.487400,2026-07-11 18:40:00,GOES-19,Inquisivi,La Paz,Bolivia,39,4,28,20,0.0,0.9,,122.4
2479e2cd-12b2-3d34-a3ce-b9250c6e0b3e,  -4.368800, -80.332500,2026-07-11 18:40:00,GOES-19,Zapotillo,Loja,Ecuador,117,12,68,10,0.0,1.0,,63.4
68bad269-c3b9-3c74-a913-5dd7ecff934f, -17.399200, -66.682100,2026-07-11 18:50:00,GOES-19,Tapacarí,Cochabamba,Bolivia,24,2,28,19,0.0,0.87,,147.2
819e1bc3-0573-3235-a28e-f82487d60929, -13.432800, -72.924200,2026-07-11 18:50:00,GOES-19,Abancay,Apurímac,Peru,28,3,178,29,0.0,0.87,,64.4
ab6cab2d-02c8-3479-9544-b3084fd460be,  -4.460400, -80.697400,2026-07-11 18:50:00,GOES-19,Sullana,Piura,Peru,159,21,178,39,0.0,1.0,,59.6
fc5be425-5a57-3eca-8793-63ba9765b71e,  -3.485700, -48.039700,2026-07-11 18:50:00,GOES-19,PARAGOMINAS,PARÁ,Brasil,1505502,15,33,3,0.0,0.35,Amazônia,86.8
0e7c8b12-9d2f-3772-95dc-2f4caa6990f7,  -4.496700, -80.588500,2026-07-11 18:50:00,GOES-19,Sullana,Piura,Peru,159,21,178,34,0.0,1.0,,60.8
a50a8561-dcd4-3f52-99be-1631c56167d3,  -4.668900, -43.226000,2026-07-11 18:50:00,GOES-19,ALDEIAS ALTAS,MARANHÃO,Brasil,2100303,21,33,12,0.0,0.6,Cerrado,61.5
c1964a79-ca26-3e99-817c-f21bed52f809, -17.399100, -66.701400,2026-07-11 18:50:00,GOES-19,Ayopaya,Cochabamba,Bolivia,13,2,28,19,0.0,0.87,,133.1
b98cbd4c-81f2-335b-8a54-2c17cb55eb0e,  -4.533100, -80.570600,2026-07-11 19:00:00,GOES-19,Sullana,Piura,Peru,159,21,178,33,0.0,1.0,,60.2
88eb07c3-d4bf-3095-86c4-202d776d4c5e,  -5.212000, -43.166600,2026-07-11 19:00:00,GOES-19,MATÕES,MARANHÃO,Brasil,2106607,21,33,13,0.0,0.96,Cerrado,54.8
9ddafa0e-6f16-30f8-ae4f-3d2f1c1a1b8e,  -4.496800, -80.697700,2026-07-11 19:00:00,GOES-19,Sullana,Piura,Peru,159,21,178,46,0.0,1.0,,64.2
ae1bdd1d-a3ce-3af5-8226-8667eb7811aa,  -4.496700, -80.643100,2026-07-11 19:00:00,GOES-19,Sullana,Piura,Peru,159,21,178,49,0.0,1.0,,60.2
518d30f2-7a74-3726-88b8-52b84eb59911,  -3.485700, -48.039700,2026-07-11 19:00:00,GOES-19,PARAGOMINAS,PARÁ,Brasil,1505502,15,33,3,0.0,0.35,Amazônia,86.0
90453408-8641-3833-ad3c-359a52de61a5,  -3.504300, -48.039000,2026-07-11 19:00:00,GOES-19,PARAGOMINAS,PARÁ,Brasil,1505502,15,33,3,0.0,0.34,Amazônia,82.6
1c3a0d94-9c0b-3297-a5f5-e10186599d0e,  -4.551300, -80.516100,2026-07-11 19:10:00,GOES-19,Sullana,Piura,Peru,159,21,178,25,0.0,1.0,,66.6
5729a0f2-1de2-30f0-8986-103bd05e791f,  -4.533000, -80.534200,2026-07-11 19:10:00,GOES-19,Sullana,Piura,Peru,159,21,178,25,0.0,1.0,,66.3
f565ab0c-990a-3668-8213-9c1c11ff7b28,  -3.485700, -48.039700,2026-07-11 19:10:00,GOES-19,PARAGOMINAS,PARÁ,Brasil,1505502,15,33,3,0.0,0.35,Amazônia,79.9
570a345c-b778-3561-b686-ef26aa85ca53,  -4.423700, -80.515000,2026-07-11 19:10:00,GOES-19,Sullana,Piura,Peru,159,21,178,24,0.0,1.0,,62.0
587fe911-4283-3a54-a990-ad1127f23084,  -4.533000, -80.516000,2026-07-11 19:10:00,GOES-19,Sullana,Piura,Peru,159,21,178,25,0.0,1.0,,66.1
24f0cb60-dde8-3d05-b377-8f2f3fa1d911,  -4.496700, -80.606700,2026-07-11 19:10:00,GOES-19,Sullana,Piura,Peru,159,21,178,39,0.0,1.0,,62.7
a3cf3c28-1518-3def-91d0-983e07a352fc,  -4.551200, -80.497900,2026-07-11 19:10:00,GOES-19,Sullana,Piura,Peru,159,21,178,24,0.0,1.0,,62.8
afe44e0a-c807-30d0-981d-10a05c20b538,  -4.551500, -80.680000,2026-07-11 19:10:00,GOES-19,Sullana,Piura,Peru,159,21,178,58,0.0,1.0,,61.5
00dc5341-0d99-3684-a6a0-6dafce1c96b4,  -4.588000, -80.698600,2026-07-11 19:10:00,GOES-19,Sullana,Piura,Peru,159,21,178,39,0.0,1.0,,64.2
30df48ac-55e0-333b-8e64-b65ef06c03d9,  -5.212000, -43.166600,2026-07-11 19:10:00,GOES-19,MATÕES,MARANHÃO,Brasil,2106607,21,33,13,0.0,0.96,Cerrado,68.2
e94210aa-132a-37db-973a-36f3fdb57bfa,  -4.405400, -80.514800,2026-07-11 19:10:00,GOES-19,Sullana,Piura,Peru,159,21,178,24,0.0,1.0,,63.3
006ef487-5e15-3fcd-95a6-83bdfc591753, -15.950100, -68.611300,2026-07-11 19:10:00,GOES-19,Omasuyos,La Paz,Bolivia,46,4,28,31,0.0,0.7,,134.5
9a231e2d-cedc-3a91-8f39-a050a4630e9a, -15.950200, -68.592200,2026-07-11 19:10:00,GOES-19,Omasuyos,La Paz,Bolivia,46,4,28,31,0.0,0.7,,87.7
aab73961-2da6-34ae-97b9-56965f0ced85, -48.806570, -70.202930,2026-07-11 19:17:00,NOAA-20,Rió Chico,Santa Cruz,Argentina,438,20,12,11,0.0,0.52,,2.2
985c72ba-2561-3906-8dd6-3e71938dd1ca, -36.742070, -71.966250,2026-07-11 19:17:00,NOAA-20,Ñuble,Bío-Bío,Chile,15,6,48,0,0.0,0.0,,6.7
c04eb009-4aa3-31af-9de1-e14e90bf108d, -36.382710, -72.321710,2026-07-11 19:19:00,NOAA-20,Ñuble,Bío-Bío,Chile,15,6,48,0,0.19,0.08,,12.6
4524f15c-2b8d-3806-ac07-f9186c369c65, -36.744480, -71.968560,2026-07-11 19:19:00,NOAA-20,Ñuble,Bío-Bío,Chile,15,6,48,0,0.0,0.0,,6.6
9d329df3-22a5-36c6-bb57-f94f86d2d879, -36.381690, -72.320280,2026-07-11 19:19:00,NOAA-20,Ñuble,Bío-Bío,Chile,15,6,48,0,0.2,0.07,,26.0
18143706-7bb3-3efb-bdba-abc407597354, -36.381430, -72.316100,2026-07-11 19:19:00,NOAA-20,Ñuble,Bío-Bío,Chile,15,6,48,0,0.24,0.07,,11.3
a0e2e62e-93a3-3a27-addf-41910bb80974, -36.781250, -72.645750,2026-07-11 19:19:00,NOAA-20,Concepción,Bío-Bío,Chile,18,6,48,0,0.3,0.04,,9.4
6476e7c9-4895-389d-bf3a-3f0d6c9f0836, -36.378180, -72.323100,2026-07-11 19:19:00,NOAA-20,Ñuble,Bío-Bío,Chile,15,6,48,0,0.19,0.09,,12.6
a5d185e4-54f8-3bc0-985a-ba65f13237d4, -36.784310, -72.647710,2026-07-11 19:19:00,NOAA-20,Concepción,Bío-Bío,Chile,18,6,48,0,0.3,0.04,,9.8
938b1779-c7d9-33d5-b814-d0ddc092f96a, -36.377160, -72.321680,2026-07-11 19:19:00,NOAA-20,Ñuble,Bío-Bío,Chile,15,6,48,0,0.2,0.09,,17.4
d202560e-53af-3e1e-b526-6f29c1810db8, -36.376900, -72.317510,2026-07-11 19:19:00,NOAA-20,Ñuble,Bío-Bío,Chile,15,6,48,0,0.22,0.09,,11.3
a0907241-44cc-3918-a861-55f7cd956fbb,  -4.533000, -80.534200,2026-07-11 19:20:00,GOES-19,Sullana,Piura,Peru,159,21,178,25,0.0,1.0,,65.4
f295fb5a-ded9-3a77-8041-534b1b80abd9, -15.950100, -68.611300,2026-07-11 19:20:00,GOES-19,Omasuyos,La Paz,Bolivia,46,4,28,31,0.0,0.7,,136.4
ad977a27-3615-3c55-9910-49bb7e173a82,  -4.551300, -80.516100,2026-07-11 19:20:00,GOES-19,Sullana,Piura,Peru,159,21,178,25,0.0,1.0,,64.3
cc5ea02c-7faf-364e-82e3-04356adda00b, -15.950200, -68.592200,2026-07-11 19:20:00,GOES-19,Omasuyos,La Paz,Bolivia,46,4,28,31,0.0,0.7,,101.1
0b621028-a0f0-39b4-86c9-7eb5b2048c98,  -5.212000, -43.166600,2026-07-11 19:20:00,GOES-19,MATÕES,MARANHÃO,Brasil,2106607,21,33,13,0.0,0.96,Cerrado,58.7
5a4c06eb-b7de-3758-afaf-454f98960a1a,  -4.551200, -80.497900,2026-07-11 19:20:00,GOES-19,Sullana,Piura,Peru,159,21,178,24,0.0,1.0,,62.7
ccc4dd09-4d23-33ba-a894-36ce4954a28f,  -4.588000, -80.698600,2026-07-11 19:20:00,GOES-19,Sullana,Piura,Peru,159,21,178,39,0.0,1.0,,64.0
18c2fa7e-fc63-3046-92be-a1fa40d21c48, -13.432800, -72.924200,2026-07-11 19:20:00,GOES-19,Abancay,Apurímac,Peru,28,3,178,29,0.0,0.87,,61.8
b0a0a64e-8799-31fc-ac39-9cbd7d004325, -33.653920, -58.921230,2026-07-11 19:23:00,AQUA_M-T,Islas del Ibicuy,Entre Ríos,Argentina,245,8,12,0,0.0,0.45,,18.5
d0adfed8-e4e0-3a82-9c39-7c97e0345c8b, -33.655900, -58.940870,2026-07-11 19:23:00,AQUA_M-T,Islas del Ibicuy,Entre Ríos,Argentina,245,8,12,0,0.0,0.79,,20.5
b30a7deb-eb02-33b6-a55a-26443cc00842, -33.804090, -59.787520,2026-07-11 19:23:00,AQUA_M-T,San Pedro,Buenos Aires,Argentina,112,1,12,6,0.1,0.81,,39.0
52f19f4b-ae02-36a6-bc8e-02b8391a2231, -29.081780, -58.098450,2026-07-11 19:25:00,AQUA_M-T,Mercedes,Corrientes,Argentina,225,7,12,19,0.0,0.92,,7.9
2d20df4f-2f81-35a8-9546-1fed395c4cd3, -28.825940, -56.693350,2026-07-11 19:25:00,AQUA_M-T,General Alvear,Corrientes,Argentina,218,7,12,13,0.1,0.79,,8.8
186679df-56b9-326d-889f-a12dafbd814f, -29.535970, -57.921250,2026-07-11 19:25:00,AQUA_M-T,Mercedes,Corrientes,Argentina,225,7,12,19,0.0,0.91,,23.4
c408e851-a869-31df-976e-7de9e4dc097f, -28.927880, -57.501640,2026-07-11 19:25:00,AQUA_M-T,Mercedes,Corrientes,Argentina,225,7,12,15,0.2,0.91,,8.3
67e9e05e-2288-332c-8309-9d4cf6b8beee, -30.097140, -58.088480,2026-07-11 19:25:00,AQUA_M-T,Curuzú Cuatiá,Corrientes,Argentina,215,7,12,22,0.1,0.9,,44.2
12f1f05c-f9a0-3dda-a6fb-8bec65244e25, -30.038970, -59.200210,2026-07-11 19:25:00,AQUA_M-T,Esquina,Corrientes,Argentina,217,7,12,22,0.0,0.89,,11.4
077d30b9-d07d-352d-8f4c-82e06015c2a9, -28.270400, -58.479980,2026-07-11 19:25:00,AQUA_M-T,Saladas,Corrientes,Argentina,228,7,12,22,0.1,0.91,,8.8
462fff5d-5e22-3387-90cd-1b6636566864, -28.935980, -57.567460,2026-07-11 19:25:00,AQUA_M-T,Mercedes,Corrientes,Argentina,225,7,12,13,0.2,0.92,,23.8
a616489f-b867-3d0e-a75a-76651ea99a86, -28.901050, -56.710890,2026-07-11 19:25:00,AQUA_M-T,San Martín,Corrientes,Argentina,231,7,12,13,0.2,0.92,,5.4
536e7ba9-3060-3d00-861e-5fcab4d33685, -29.767220, -57.617420,2026-07-11 19:25:00,AQUA_M-T,Paso de los Libres,Corrientes,Argentina,227,7,12,19,0.1,0.91,,42.1
1d308144-c85c-3e1d-8676-9c6c03d3be9a, -29.071350, -58.100020,2026-07-11 19:25:00,AQUA_M-T,Mercedes,Corrientes,Argentina,225,7,12,19,0.0,0.92,,6.7
3c5b5105-0ccc-3eb6-8a55-6da8dfebe142, -29.507500, -55.865810,2026-07-11 19:25:00,AQUA_M-T,ALEGRETE,RIO GRANDE DO SUL,Brasil,4300406,43,33,2,0.32,0.85,Pampa,6.3
80d6d4b7-8940-331f-91c6-5039d9469450, -28.988520, -57.841340,2026-07-11 19:25:00,AQUA_M-T,Mercedes,Corrientes,Argentina,225,7,12,20,0.1,0.93,,8.2
c635122c-eab8-3043-8b94-aa8deb0619a9, -28.594610, -55.373170,2026-07-11 19:25:00,AQUA_M-T,SANTO ANTÔNIO DAS MISSÕES,RIO GRANDE DO SUL,Brasil,4317707,43,33,5,0.0,0.6,Pampa,12.9
8883f8e5-ecf8-3e59-8001-1a6faa8c84b2, -28.700900, -56.433780,2026-07-11 19:25:00,AQUA_M-T,General Alvear,Corrientes,Argentina,218,7,12,13,0.06,0.93,,23.0
af027166-c37a-38ec-b4f0-69c5fc3f200c, -30.173340, -56.934940,2026-07-11 19:25:00,AQUA_M-T,n.a2,Artigas,Uruguay,1,1,245,19,0.0,0.9,,10.4
8be5d5d3-8ca3-3d2e-88f5-95561cfc1827, -28.831100, -56.698110,2026-07-11 19:25:00,AQUA_M-T,General Alvear,Corrientes,Argentina,218,7,12,12,0.1,0.62,,5.5
86a7d5fe-faae-3346-9df9-6f7de52f28c1, -30.093220, -58.097360,2026-07-11 19:25:00,AQUA_M-T,Curuzú Cuatiá,Corrientes,Argentina,215,7,12,22,0.1,0.89,,34.1
e879cf50-933e-39f2-b0f2-513717b4a313, -28.498080, -59.393400,2026-07-11 19:25:00,AQUA_M-T,General Obligado,Santa Fe,Argentina,445,21,12,5,0.0,0.93,,14.9
66082fae-1c3f-3b6c-ad68-a4c00d5b9f13, -30.091580, -58.082450,2026-07-11 19:25:00,AQUA_M-T,Curuzú Cuatiá,Corrientes,Argentina,215,7,12,22,0.1,0.9,,19.9
3f82a29a-f68c-3a5d-8af4-7fba08c9108f, -30.038830, -59.189640,2026-07-11 19:25:00,AQUA_M-T,Esquina,Corrientes,Argentina,217,7,12,22,0.0,0.89,,11.0
0a43af4d-a88a-3dcb-98fc-6d42ee71da68, -28.829630, -56.686240,2026-07-11 19:25:00,AQUA_M-T,General Alvear,Corrientes,Argentina,218,7,12,13,0.1,0.92,,7.8
5d81a139-63ed-3161-85c1-b07f17abb6d8, -30.435910, -59.067680,2026-07-11 19:25:00,AQUA_M-T,La Paz,Entre Ríos,Argentina,246,8,12,16,0.0,0.88,,9.8
59d5d149-31bb-354d-b39d-58edd0de3c11, -28.499760, -59.398300,2026-07-11 19:25:00,AQUA_M-T,General Obligado,Santa Fe,Argentina,445,21,12,5,0.0,0.93,,10.7
d2e2f19b-3d56-3e4c-bf50-e11edb545cc2, -28.596030, -55.383610,2026-07-11 19:25:00,AQUA_M-T,SANTO ANTÔNIO DAS MISSÕES,RIO GRANDE DO SUL,Brasil,4317707,43,33,5,0.0,0.6,Pampa,18.5
e035aa57-12f5-3bc6-8278-8816145ce02e, -28.839790, -57.278750,2026-07-11 19:25:00,AQUA_M-T,Mercedes,Corrientes,Argentina,225,7,12,7,0.2,0.91,,5.1
ccb9123d-8440-32ff-b6a9-9bd151895406, -28.937610, -57.580680,2026-07-11 19:25:00,AQUA_M-T,Mercedes,Corrientes,Argentina,225,7,12,14,0.2,0.92,,17.2
e60ec8b7-c189-346b-82c6-1daae42a2fcb, -30.023090, -58.099540,2026-07-11 19:25:00,AQUA_M-T,Curuzú Cuatiá,Corrientes,Argentina,215,7,12,22,0.22,0.9,,42.0
99ddcdf9-cf7f-3697-a8bb-5917e8f765c7, -30.033660, -58.097930,2026-07-11 19:25:00,AQUA_M-T,Curuzú Cuatiá,Corrientes,Argentina,215,7,12,22,0.2,0.9,,9.0
02dc281b-0c86-394e-8fd7-77a52257c437, -30.716090, -59.137530,2026-07-11 19:25:00,AQUA_M-T,Federal,Entre Ríos,Argentina,240,8,12,21,0.02,0.87,,21.0
e307a518-4223-3ab1-8230-5e81fbf4bd03, -30.229320, -59.055740,2026-07-11 19:25:00,AQUA_M-T,Sauce,Corrientes,Argentina,235,7,12,6,0.0,0.89,,14.2
f3d07b55-ebea-39b3-8589-36f515bbff69, -29.098980, -55.915000,2026-07-11 19:25:00,AQUA_M-T,MAÇAMBARÁ,RIO GRANDE DO SUL,Brasil,4311718,43,33,6,0.2,0.91,Pampa,12.6
e5d59e71-2eed-394d-8811-3d399289a64c, -30.398340, -57.556100,2026-07-11 19:25:00,AQUA_M-T,n.a3,Artigas,Uruguay,2,1,245,20,0.23,0.88,,32.3
5730b0a7-2893-3801-bf3a-cebd77faac28, -27.481820, -56.843360,2026-07-11 19:25:00,AQUA_M-T,Ayolas,Misiones,Paraguay,173,15,177,7,0.0,0.81,,9.3
fd3f7da3-9bcf-3f98-94e1-55dccd1c7daf, -29.529350, -57.928810,2026-07-11 19:25:00,AQUA_M-T,Mercedes,Corrientes,Argentina,225,7,12,18,0.0,0.91,,17.3
0a9193a9-b361-36d9-af7c-9385a3a38aa0, -29.502120, -57.196170,2026-07-11 19:25:00,AQUA_M-T,Paso de los Libres,Corrientes,Argentina,227,7,12,19,0.0,0.93,,8.5
6d41f344-5da9-3f75-b758-01a044071f79, -28.927440, -57.495290,2026-07-11 19:25:00,AQUA_M-T,Mercedes,Corrientes,Argentina,225,7,12,15,0.2,0.91,,8.6
b3306d80-4c6f-3268-aa31-b8e4dc35cd46, -28.699400, -56.422310,2026-07-11 19:25:00,AQUA_M-T,Santo Tomé,Corrientes,Argentina,234,7,12,13,0.09,0.93,,15.4
17d459d5-9bcd-3533-834c-ee8a689a435e, -29.062700, -56.539080,2026-07-11 19:25:00,AQUA_M-T,General Alvear,Corrientes,Argentina,218,7,12,13,0.4,0.91,,5.2
54cb93b9-b7f0-3272-9e2f-02455a24b8bc, -30.714230, -59.119670,2026-07-11 19:25:00,AQUA_M-T,Federal,Entre Ríos,Argentina,240,8,12,19,0.1,0.87,,13.9
52cc4fd5-ea4b-388f-9c5b-417b83201c1d, -30.024750, -58.114460,2026-07-11 19:25:00,AQUA_M-T,Curuzú Cuatiá,Corrientes,Argentina,215,7,12,22,0.3,0.89,,10.7
5b186701-5839-3658-aa5c-1146383622f3, -28.873430, -57.144900,2026-07-11 19:25:00,AQUA_M-T,San Martín,Corrientes,Argentina,231,7,12,7,0.3,0.91,,51.4
dc0da7bf-8cbb-3d76-809a-5f6fae01d5ce, -27.520580, -56.919630,2026-07-11 19:25:00,AQUA_M-T,Ayolas,Misiones,Paraguay,173,15,177,8,0.0,0.6,,7.7
49b937ca-85cb-3155-ba4d-d995d5871fb8, -29.775880, -57.624680,2026-07-11 19:25:00,AQUA_M-T,Paso de los Libres,Corrientes,Argentina,227,7,12,19,0.1,0.91,,24.7
b0b72272-0784-32bd-b102-0005a6d25b69, -28.421640, -59.206090,2026-07-11 19:25:00,AQUA_M-T,General Obligado,Santa Fe,Argentina,445,21,12,15,0.0,0.93,,9.8
c5008941-48b9-36e1-8c76-763128a2ea0c, -28.498300, -56.585690,2026-07-11 19:25:00,AQUA_M-T,General Alvear,Corrientes,Argentina,218,7,12,12,0.0,0.92,,6.4
ab0397bc-0610-306c-9cdf-18dd5729167f, -29.503690, -57.209060,2026-07-11 19:25:00,AQUA_M-T,Paso de los Libres,Corrientes,Argentina,227,7,12,19,0.0,0.93,,11.6
57712657-2b3b-33b3-a0ac-8ea7865452f5, -28.702400, -56.445260,2026-07-11 19:25:00,AQUA_M-T,General Alvear,Corrientes,Argentina,218,7,12,13,0.07,0.93,,10.0
a7b58d2f-34fb-3193-8ba6-dc0f335aebc1, -28.902940, -57.987880,2026-07-11 19:25:00,AQUA_M-T,Mercedes,Corrientes,Argentina,225,7,12,17,0.3,0.93,,12.9
5c06958b-0384-3245-87dd-c09796bc4af7, -28.863630, -57.146460,2026-07-11 19:25:00,AQUA_M-T,San Martín,Corrientes,Argentina,231,7,12,7,0.3,0.91,,13.3
0e821ef1-ef6b-3aa3-9add-49fcc68fb1ec, -28.936720, -57.574400,2026-07-11 19:25:00,AQUA_M-T,Mercedes,Corrientes,Argentina,225,7,12,14,0.2,0.92,,34.0
cd23ffdf-1fa6-3d40-9821-73df794ab587, -28.913260, -57.986330,2026-07-11 19:25:00,AQUA_M-T,Mercedes,Corrientes,Argentina,225,7,12,18,0.3,0.93,,14.9
31e9d0e8-8d02-3f52-bcdb-6365ada893dd, -29.240130, -58.254580,2026-07-11 19:25:00,AQUA_M-T,Mercedes,Corrientes,Argentina,225,7,12,19,0.0,0.91,,8.8
a1a6c81b-1b9a-3528-b331-aaa036578a76, -29.768880, -57.631190,2026-07-11 19:25:00,AQUA_M-T,Paso de los Libres,Corrientes,Argentina,227,7,12,19,0.1,0.91,,33.1
ae840ab0-986c-3c07-a5c6-f023ccd942dd, -28.901330, -57.973920,2026-07-11 19:25:00,AQUA_M-T,Mercedes,Corrientes,Argentina,225,7,12,18,0.23,0.93,,10.6
7638f1ef-d6b4-3077-8f69-247001a21121, -29.765660, -57.626310,2026-07-11 19:25:00,AQUA_M-T,Paso de los Libres,Corrientes,Argentina,227,7,12,19,0.1,0.91,,41.6
bb20ff11-e57e-34ac-aa01-ddca3770fb9c, -29.537580, -57.935490,2026-07-11 19:25:00,AQUA_M-T,Mercedes,Corrientes,Argentina,225,7,12,19,0.0,0.91,,7.7
61cffab1-77ff-3ac7-b651-e67494fea0ee, -13.410020, -72.872480,2026-07-11 19:25:00,NOAA-20,La Convención,Cusco,Peru,76,8,178,29,0.0,0.83,,10.7
6a0f1ae6-a56b-3861-99de-3fb30e60e159, -13.432380, -72.891140,2026-07-11 19:25:00,NOAA-20,Abancay,Apurímac,Peru,28,3,178,29,0.0,0.85,,16.9
30fc05e8-d020-37e0-bc19-968d853bc52d, -13.056690, -74.193860,2026-07-11 19:25:00,NOAA-20,Huamanga,Ayacucho,Peru,44,5,178,29,0.0,0.87,,7.8
124525e7-afc0-3011-b0cb-bbd568e0cc21, -12.699640, -74.095330,2026-07-11 19:25:00,NOAA-20,Huanta,Ayacucho,Peru,46,5,178,15,0.0,0.86,,6.3
7444a599-0386-3875-acb7-b88de34ae804, -13.429350, -72.925990,2026-07-11 19:25:00,NOAA-20,Abancay,Apurímac,Peru,28,3,178,29,0.0,0.87,,19.6
a54de388-13f8-319f-96dd-554f9362f986, -11.635980, -74.448050,2026-07-11 19:25:00,NOAA-20,Satipo,Junín,Peru,110,12,178,0,0.0,0.01,,5.1
1ee3bf52-72d7-3d7c-836a-f707d597d5d0, -13.416570, -72.868710,2026-07-11 19:25:00,NOAA-20,Abancay,Apurímac,Peru,28,3,178,29,0.0,0.83,,15.4
275e2f65-bdc5-35da-affc-c4da64184b81,  -8.449850, -74.988510,2026-07-11 19:25:00,NOAA-20,Coronel Portillo,Ucayali,Peru,193,26,178,6,13.3,0.0,,4.5
85261d55-abec-3793-9f59-5e1ccda8213c, -12.088570, -74.016750,2026-07-11 19:25:00,NOAA-20,Satipo,Junín,Peru,110,12,178,0,0.0,0.52,,5.6
54c2aa4a-674e-3dfe-844c-c41ab9de8f4b, -11.066930, -74.713520,2026-07-11 19:25:00,NOAA-20,Satipo,Junín,Peru,110,12,178,0,0.0,0.48,,6.7
40f0e1d1-82c1-3e3e-a1b9-2922e7e6ba10, -13.411370, -72.862080,2026-07-11 19:25:00,NOAA-20,La Convención,Cusco,Peru,76,8,178,29,0.0,0.83,,16.2
a8ad517f-0e1a-39ac-8c86-2ef628d64fb3, -13.437400, -72.929040,2026-07-11 19:25:00,NOAA-20,Abancay,Apurímac,Peru,28,3,178,29,0.0,0.88,,19.6
e38fe395-12a2-3a15-a272-b860ced3e0e4, -13.425040, -72.873540,2026-07-11 19:25:00,NOAA-20,Abancay,Apurímac,Peru,28,3,178,29,0.0,0.83,,15.4
8f00582b-6045-3039-a9c8-c6d6c0c9e897, -10.050110, -77.439740,2026-07-11 19:25:00,NOAA-20,Recuay,Ancash,Peru,24,2,178,31,0.0,0.8,,12.9
4a38aeab-ebee-3695-b939-f3c863bf3518, -13.232900, -74.024960,2026-07-11 19:25:00,NOAA-20,Huamanga,Ayacucho,Peru,44,5,178,8,0.0,0.83,,8.7
1b16a1a7-f32a-3daf-bf11-6c01fb51d710, -10.193490, -76.029840,2026-07-11 19:25:00,NOAA-20,Pachitea,Huánuco,Peru,89,9,178,4,0.0,0.76,,3.9
d10fac0d-fbf0-322a-8a89-42af2a27b9e8, -12.089640, -74.015510,2026-07-11 19:25:00,NOAA-20,Satipo,Junín,Peru,110,12,178,0,0.0,0.52,,5.7
1f648210-e11e-3f17-8d4c-135dc30d130a, -10.049230, -77.440940,2026-07-11 19:25:00,NOAA-20,Recuay,Ancash,Peru,24,2,178,31,0.0,0.8,,14.9
d8fbf558-1151-3c11-bc50-43adde3bfcf1, -13.433110, -72.928860,2026-07-11 19:25:00,NOAA-20,Abancay,Apurímac,Peru,28,3,178,29,0.0,0.88,,22.8
1b8b39ad-3887-35c9-b244-13d70da512ea, -13.235600, -74.020980,2026-07-11 19:25:00,NOAA-20,Huamanga,Ayacucho,Peru,44,5,178,9,0.0,0.83,,6.7
961a3601-4379-3094-897e-53e7079c299c, -10.941130, -75.118860,2026-07-11 19:25:00,NOAA-20,Chanchamayo,Junín,Peru,104,12,178,5,0.0,0.76,,7.6
5d6651d5-ab78-31eb-b381-0790b15b40be, -12.175770, -74.090160,2026-07-11 19:25:00,NOAA-20,Satipo,Junín,Peru,110,12,178,0,0.0,0.44,,3.5
873721b2-da14-3151-970c-160e79236740, -13.424350, -72.922360,2026-07-11 19:25:00,NOAA-20,Abancay,Apurímac,Peru,28,3,178,29,0.0,0.86,,22.8
f95fb656-d296-3eae-b32c-5c9a37f65150, -23.488530, -56.611580,2026-07-11 19:28:00,AQUA_M-T,Tacuatí,San Pedro,Paraguay,215,18,177,11,2.18,0.47,,4.8
30c847e0-7a94-3a28-b3b1-402b935e8e19, -24.528720, -58.585240,2026-07-11 19:28:00,AQUA_M-T,Villa Hayes,Presidente Hayes,Paraguay,203,17,177,14,0.0,0.95,,12.6
2e16c72f-9862-3308-a235-4e71226e26d8, -24.692390, -60.769090,2026-07-11 19:28:00,AQUA_M-T,Patiño,Formosa,Argentina,257,9,12,23,0.0,0.99,,8.6
218f761b-918a-390d-bb39-8a561641b541, -23.539070, -57.047580,2026-07-11 19:28:00,AQUA_M-T,San Pedro del Ycuamandyyú,San Pedro,Paraguay,214,18,177,11,0.91,0.91,,8.1
833c009c-ed32-3632-a31f-d30de3cc669a, -24.849260, -60.755000,2026-07-11 19:28:00,AQUA_M-T,Patiño,Formosa,Argentina,257,9,12,23,0.0,0.99,,15.0
050f62ac-4862-394f-bbde-634f64ee57cd, -24.690410, -60.751090,2026-07-11 19:28:00,AQUA_M-T,Patiño,Formosa,Argentina,257,9,12,23,0.0,0.99,,8.4
beaa5d89-1ecb-3f92-a057-2c7d39f8eeec, -26.047570, -60.883130,2026-07-11 19:28:00,AQUA_M-T,General Güemes,Chaco,Argentina,179,4,12,23,0.0,0.81,,27.6
6027cff0-c690-3102-ae36-7d2cde115bfc, -24.390050, -57.571990,2026-07-11 19:28:00,AQUA_M-T,Villa Hayes,Presidente Hayes,Paraguay,203,17,177,5,0.2,0.96,,5.9
6e985865-6c74-35e5-9cec-a4f0dc096467, -22.611760, -53.856870,2026-07-11 19:28:00,AQUA_M-T,NOVO HORIZONTE DO SUL,MATO GROSSO DO SUL,Brasil,5006259,50,33,13,5.67,0.97,Mata Atlântica,5.0
a4a6ca76-acef-3bbf-9fd4-0b30b5351be3, -21.724510, -52.987910,2026-07-11 19:28:00,AQUA_M-T,BATAGUASSU,MATO GROSSO DO SUL,Brasil,5001904,50,33,16,0.0,1.0,Cerrado,7.8
014b5f4b-1eb8-3f7c-bf7e-f504890c7609, -26.949900, -60.808360,2026-07-11 19:28:00,AQUA_M-T,Independencia,Chaco,Argentina,180,4,12,23,0.0,0.92,,14.8
998dbf4f-6ff1-31ad-afa2-411580990c00, -22.081820, -55.992940,2026-07-11 19:28:00,AQUA_M-T,ANTÔNIO JOÃO,MATO GROSSO DO SUL,Brasil,5000906,50,33,11,3.5,0.57,Cerrado,12.4
0408891d-4504-37a1-86a6-005e90d8e1b4, -26.329190, -62.865970,2026-07-11 19:28:00,AQUA_M-T,Alberdi,Santiago del Estero,Argentina,459,22,12,27,0.0,0.94,,17.8
2977b5cc-7f28-391b-af8a-b61e27dfe12f,  -7.161180, -76.338500,2026-07-11 19:28:00,NOAA-20,Bellavista,San Martín,Peru,175,23,178,3,0.01,0.83,,4.5
c21848fb-f3d8-35c5-b23f-ea3e0ca7bf80,  -1.102800, -80.607830,2026-07-11 19:28:00,NOAA-20,Montecristi,Manabi,Ecuador,135,14,68,11,0.0,1.0,,8.7
761660d7-5ee7-3040-8d7f-efba3b9be773,  -6.842940, -76.498870,2026-07-11 19:28:00,NOAA-20,Bellavista,San Martín,Peru,175,23,178,7,0.09,0.72,,7.4
d3a2c570-beac-33c0-8627-2884aca07581,  -6.835560, -76.494690,2026-07-11 19:28:00,NOAA-20,Bellavista,San Martín,Peru,175,23,178,7,0.1,0.72,,7.5
6aa13f28-1e12-334c-a14f-d38cc6f66e70,  -1.811910, -80.023160,2026-07-11 19:28:00,NOAA-20,Daule,Guayas,Ecuador,78,10,68,8,0.0,1.0,,4.3
5737e529-ee6f-34b3-8491-7c1edf6a6b6a,  -3.504300, -48.039000,2026-07-11 19:30:00,GOES-19,PARAGOMINAS,PARÁ,Brasil,1505502,15,33,3,0.0,0.34,Amazônia,77.0
29d3edfa-1a40-3128-ac54-14c5f1078253,  -3.485700, -48.039700,2026-07-11 19:30:00,GOES-19,PARAGOMINAS,PARÁ,Brasil,1505502,15,33,3,0.0,0.35,Amazônia,55.6
f862a60c-cef8-3922-8336-ca447b7a1a97,  -4.569500, -80.516300,2026-07-11 19:30:00,GOES-19,Sullana,Piura,Peru,159,21,178,25,0.0,1.0,,62.4
605f8d59-a385-30a6-86db-29a2427d569a, -14.276740, -53.279530,2026-07-11 19:30:00,AQUA_M-T,CAMPINÁPOLIS,MATO GROSSO,Brasil,5102603,51,33,52,0.1,1.0,Cerrado,38.0
5e0dfd57-41e6-3831-84bf-850cfcf14ca2, -15.977550, -60.626150,2026-07-11 19:30:00,AQUA_M-T,José Miguel de Velasco,Santa Cruz,Bolivia,85,8,28,16,1.65,0.85,,27.5
b29c3d47-da83-3f24-bed5-f94ce4a94443, -16.406470, -59.310870,2026-07-11 19:30:00,AQUA_M-T,José Miguel de Velasco,Santa Cruz,Bolivia,85,8,28,11,0.1,0.93,,15.6
d0b8fdc7-9b4b-3df3-af3e-a5d596b9ce3d, -16.405060, -59.300300,2026-07-11 19:30:00,AQUA_M-T,José Miguel de Velasco,Santa Cruz,Bolivia,85,8,28,12,0.1,0.93,,35.0
4290e90b-e2d4-3f86-b8f0-d20a3220c659, -16.372680, -59.310510,2026-07-11 19:30:00,AQUA_M-T,José Miguel de Velasco,Santa Cruz,Bolivia,85,8,28,14,0.12,0.92,,12.1
e01590a5-aa95-3daa-8445-d2c4703503c2, -16.368800, -59.641000,2026-07-11 19:30:00,AQUA_M-T,José Miguel de Velasco,Santa Cruz,Bolivia,85,8,28,16,0.2,0.97,,31.5
f43b310f-5c76-37f7-93cc-3579591c4dea, -16.392800, -59.280530,2026-07-11 19:30:00,AQUA_M-T,José Miguel de Velasco,Santa Cruz,Bolivia,85,8,28,14,0.1,0.93,,11.6
c5481962-af00-3bd0-bb8a-39520e1f658a, -14.282920, -53.271730,2026-07-11 19:30:00,AQUA_M-T,CAMPINÁPOLIS,MATO GROSSO,Brasil,5102603,51,33,52,0.08,1.0,Cerrado,59.5
734d7f86-a85d-3bc1-9d21-4ed812b11022, -15.766210, -60.959590,2026-07-11 19:30:00,AQUA_M-T,José Miguel de Velasco,Santa Cruz,Bolivia,85,8,28,16,1.5,0.8,,24.4
75dfaa5a-72d8-3550-9c92-e9ea6b1866e0, -16.341810, -59.511480,2026-07-11 19:30:00,AQUA_M-T,José Miguel de Velasco,Santa Cruz,Bolivia,85,8,28,16,0.1,1.0,,37.9
bb36991c-85d3-3d07-b1e7-772b8d808de6, -16.068900, -60.469790,2026-07-11 19:30:00,AQUA_M-T,José Miguel de Velasco,Santa Cruz,Bolivia,85,8,28,16,0.7,1.0,,21.4
56821f5f-5498-3388-92e0-c73b5ed5a6ac, -16.353330, -58.917270,2026-07-11 19:30:00,AQUA_M-T,José Miguel de Velasco,Santa Cruz,Bolivia,85,8,28,15,0.1,1.0,,9.4
4ebd8ad5-edf5-310f-ada8-b463788f0c7a, -16.072480, -60.419760,2026-07-11 19:30:00,AQUA_M-T,José Miguel de Velasco,Santa Cruz,Bolivia,85,8,28,16,0.67,0.99,,21.7
9356ab7c-1fd5-3a44-83c9-a10968d277c8, -16.069760, -61.086330,2026-07-11 19:30:00,AQUA_M-T,José Miguel de Velasco,Santa Cruz,Bolivia,85,8,28,16,0.79,0.91,,8.9
95fd506b-dfbf-38cb-acc2-180fce5b7cd4, -16.065990, -60.371490,2026-07-11 19:30:00,AQUA_M-T,José Miguel de Velasco,Santa Cruz,Bolivia,85,8,28,16,0.71,0.96,,19.2
bc5b99ff-af74-3057-a5f2-716c6d948895, -16.343260, -59.522320,2026-07-11 19:30:00,AQUA_M-T,José Miguel de Velasco,Santa Cruz,Bolivia,85,8,28,16,0.07,1.0,,50.4
9e1c5b49-bfb9-3fe0-a335-e6701a00a770, -13.360520, -54.347520,2026-07-11 19:30:00,AQUA_M-T,PARANATINGA,MATO GROSSO,Brasil,5106307,51,33,21,0.41,0.89,Amazônia,10.2
d193a19d-d507-3aed-8436-5f75d3703ea7, -16.088060, -60.460450,2026-07-11 19:30:00,AQUA_M-T,José Miguel de Velasco,Santa Cruz,Bolivia,85,8,28,16,0.61,0.97,,12.1
b6b7dc22-a787-374a-b4cd-93c497d395e2, -14.274630, -53.266520,2026-07-11 19:30:00,AQUA_M-T,CAMPINÁPOLIS,MATO GROSSO,Brasil,5102603,51,33,53,0.0,1.0,Cerrado,33.3
f6b2e038-fff2-3873-a255-d24a34db1373,  -6.929690, -51.947010,2026-07-11 19:32:00,AQUA_M-T,SÃO FÉLIX DO XINGU,PARÁ,Brasil,1507300,15,33,3,1.78,0.9,Amazônia,22.9
be15aa50-3168-3023-9a67-5b51a0ba7ae1,  -6.552430, -55.152620,2026-07-11 19:32:00,AQUA_M-T,ALTAMIRA,PARÁ,Brasil,1500602,15,33,0,0.0,0.21,Amazônia,7.6
a2bb016a-a4ac-34eb-81bd-84d92292668e,  -2.875820, -58.606510,2026-07-11 19:32:00,AQUA_M-T,SILVES,AMAZONAS,Brasil,1304005,13,33,0,0.0,0.1,Amazônia,4.8
0ad5d62b-ff91-34fe-81c5-bf9703aea7e4,  -5.501430, -60.249520,2026-07-11 19:32:00,AQUA_M-T,NOVO ARIPUANÃ,AMAZONAS,Brasil,1303304,13,33,0,0.4,0.17,Amazônia,5.0
45f8f1b7-e885-30c2-8ea4-95a9de4691fd,  -6.867910, -56.574980,2026-07-11 19:32:00,AQUA_M-T,ITAITUBA,PARÁ,Brasil,1503606,15,33,14,1.97,0.46,Amazônia,9.2
895dd7fb-d12a-3298-afbd-6683522deb82,  -7.077480, -55.414670,2026-07-11 19:32:00,AQUA_M-T,NOVO PROGRESSO,PARÁ,Brasil,1505031,15,33,0,0.3,1.0,Amazônia,13.0
0e26233a-0c15-3a80-91ee-9b60053c69bc,  -6.547070, -55.159110,2026-07-11 19:32:00,AQUA_M-T,ALTAMIRA,PARÁ,Brasil,1500602,15,33,0,0.0,0.21,Amazônia,7.7
34ed81c7-0869-3a9c-919e-f0cecdbd4dfe,  -3.715810, -59.411360,2026-07-11 19:32:00,AQUA_M-T,AUTAZES,AMAZONAS,Brasil,1300300,13,33,4,0.0,0.33,Amazônia,4.9
fbb4295d-c6f4-3f81-8e48-ba91ab69ba41,  -7.067360, -55.416210,2026-07-11 19:32:00,AQUA_M-T,NOVO PROGRESSO,PARÁ,Brasil,1505031,15,33,0,0.35,1.0,Amazônia,19.1
f1ff969e-1bfb-3fb0-895d-0681d0b4edf6,   8.682970, -62.908090,2026-07-11 19:34:00,AQUA_M-T,Libertador,Monagas,Venezuela,207,17,249,2,5.68,0.18,,12.2
f4d5fef1-92ec-3fed-b0f4-ec5ac47b6fe2,   1.764950, -60.229050,2026-07-11 19:34:00,AQUA_M-T,CARACARAÍ,RORAIMA,Brasil,1400209,14,33,0,0.0,0.01,Amazônia,10.2
c76a0eda-5de8-3323-9560-9aceca8299f9,   5.778590, -61.590690,2026-07-11 19:34:00,AQUA_M-T,Gran Sabana,Bolívar,Venezuela,71,6,249,0,0.6,0.0,,4.4
ef7ccf65-f4b6-3541-a46a-a0761a11e3a0,   3.917050, -61.253710,2026-07-11 19:34:00,AQUA_M-T,AMAJARI,RORAIMA,Brasil,1400027,14,33,0,0.0,0.04,Amazônia,9.2
907e5585-c20e-39a9-877f-96988585ea36,   4.891680, -61.397380,2026-07-11 19:34:00,AQUA_M-T,Gran Sabana,Bolívar,Venezuela,71,6,249,0,12.42,0.0,,9.2
4c24f117-2288-3cd3-af19-ef4acdf6bca3,   8.735970, -62.342780,2026-07-11 19:34:00,AQUA_M-T,Uracoa,Monagas,Venezuela,213,17,249,0,1.38,0.35,,7.3
c171ff07-c286-3c64-8661-7ae383667262,   8.674210, -62.906750,2026-07-11 19:34:00,AQUA_M-T,Libertador,Monagas,Venezuela,207,17,249,2,6.02,0.16,,40.1
c069182f-98dc-365c-93fa-c34a6b62c046,   8.660800, -62.853080,2026-07-11 19:34:00,AQUA_M-T,Libertador,Monagas,Venezuela,207,17,249,2,6.43,0.12,,9.0
ddb2b621-0ead-3506-8391-920fa4fbcffd,    .199400, -60.500040,2026-07-11 19:34:00,AQUA_M-T,RORAINÓPOLIS,RORAIMA,Brasil,1400472,14,33,3,0.0,0.02,Amazônia,7.0
c49afeb2-bf10-398c-9d8c-64bfa8be682a,   8.665440, -62.905420,2026-07-11 19:34:00,AQUA_M-T,Libertador,Monagas,Venezuela,207,17,249,2,6.29,0.15,,18.1
feed66fd-b73d-3949-bcdc-8af3ea4166c4,   4.274350, -60.824720,2026-07-11 19:34:00,AQUA_M-T,PACARAIMA,RORAIMA,Brasil,1400456,14,33,0,0.89,0.01,Amazônia,8.7
649511bc-b7ef-3bac-8f54-4a3dceee614f,   8.669400, -62.431430,2026-07-11 19:34:00,AQUA_M-T,Sotillo,Monagas,Venezuela,212,17,249,0,2.1,0.32,,21.9
e37390de-e29d-3666-ad5f-cc61a7848eb4,   2.963860, -61.364760,2026-07-11 19:34:00,AQUA_M-T,ALTO ALEGRE,RORAIMA,Brasil,1400050,14,33,0,0.0,0.34,Amazônia,13.0
8af9998c-95ae-378d-8814-f8d26173fd49,   3.915770, -61.262410,2026-07-11 19:34:00,AQUA_M-T,AMAJARI,RORAIMA,Brasil,1400027,14,33,0,0.0,0.04,Amazônia,18.6
f0d718bd-3cff-3e19-8edf-e1c268f26f01,   9.080770, -63.336590,2026-07-11 19:34:00,AQUA_M-T,Maturín,Monagas,Venezuela,208,17,249,1,3.1,0.41,,6.5
6eed3139-8faf-3563-9738-12751e535f06,   8.693050, -62.900590,2026-07-11 19:34:00,AQUA_M-T,Libertador,Monagas,Venezuela,207,17,249,2,5.36,0.19,,7.2
53a16acf-5bef-31b4-8404-177742e96c7a,   8.675520, -62.897910,2026-07-11 19:34:00,AQUA_M-T,Libertador,Monagas,Venezuela,207,17,249,2,5.98,0.16,,77.9
d3829931-ee5b-3a47-9874-f50aebb02813,   2.962580, -61.373470,2026-07-11 19:34:00,AQUA_M-T,ALTO ALEGRE,RORAIMA,Brasil,1400050,14,33,0,0.0,0.34,Amazônia,15.2
88487476-ef9f-3f02-9ee1-4178d24cdd41,   8.666760, -62.896570,2026-07-11 19:34:00,AQUA_M-T,Libertador,Monagas,Venezuela,207,17,249,2,6.25,0.15,,21.1
fd73357b-024e-333f-9186-18fa91363535,   3.841670, -61.315940,2026-07-11 19:34:00,AQUA_M-T,AMAJARI,RORAIMA,Brasil,1400027,14,33,0,0.0,0.04,Amazônia,5.3
d835930a-b01d-3ce7-a59c-e63165cff1b4,   8.670690, -62.422650,2026-07-11 19:34:00,AQUA_M-T,Sotillo,Monagas,Venezuela,212,17,249,0,2.09,0.32,,9.0
fe9223c6-ad1c-3f7b-9267-92a9428d344d,   7.869570, -64.003860,2026-07-11 19:34:00,AQUA_M-T,Heres,Bolívar,Venezuela,72,6,249,1,1.13,1.0,,11.2
6146ef5c-b8a4-3170-bff8-15d8fe242da4,   8.684290, -62.899240,2026-07-11 19:34:00,AQUA_M-T,Libertador,Monagas,Venezuela,207,17,249,2,5.63,0.18,,39.0
6b3b2362-65f8-31b2-9f8d-53f5db20bbc2,    .189380, -60.507430,2026-07-11 19:34:00,AQUA_M-T,RORAINÓPOLIS,RORAIMA,Brasil,1400472,14,33,3,0.0,0.02,Amazônia,9.3
3d1bdfca-bbf9-3d25-85c9-fbb9d7eb7bf0,    .190660, -60.498750,2026-07-11 19:34:00,AQUA_M-T,RORAINÓPOLIS,RORAIMA,Brasil,1400472,14,33,3,0.0,0.02,Amazônia,18.1
17c3736f-ade5-3e45-a486-800318ff4a81,   7.615450, -62.564000,2026-07-11 19:34:00,AQUA_M-T,Piar,Bolívar,Venezuela,74,6,249,0,3.75,0.45,,5.0
0bfa9ef3-7ef3-3864-a540-4a655ce411fa,   2.477250, -59.969700,2026-07-11 19:34:00,AQUA_M-T,BONFIM,RORAIMA,Brasil,1400159,14,33,0,0.0,0.02,Amazônia,10.1
006a221b-0087-34de-bbae-4e31ff511c91,    .198130, -60.508720,2026-07-11 19:34:00,AQUA_M-T,RORAINÓPOLIS,RORAIMA,Brasil,1400472,14,33,3,0.0,0.02,Amazônia,5.3
266b465a-e8f1-3293-9554-759a832aafdb,   4.890400, -61.406080,2026-07-11 19:34:00,AQUA_M-T,Gran Sabana,Bolívar,Venezuela,71,6,249,0,12.37,0.0,,9.9
8a2a5280-fe10-3f71-afb9-7b1d6e8729bd,   7.275810, -63.279530,2026-07-11 19:34:00,AQUA_M-T,Angostura,Bolívar,Venezuela,67,6,249,0,4.81,0.25,,6.6
044bf558-7331-3bf2-8008-39397a4ebbcc,  -3.485700, -48.039700,2026-07-11 19:40:00,GOES-19,PARAGOMINAS,PARÁ,Brasil,1505502,15,33,3,0.0,0.35,Amazônia,81.7
900888fe-0adf-3b81-b141-2660778309eb,  -3.485700, -48.039700,2026-07-11 19:50:00,GOES-19,PARAGOMINAS,PARÁ,Brasil,1505502,15,33,3,0.0,0.35,Amazônia,69.2
16b2d5d9-6048-3536-b64d-9ed50e46a610,  -3.485700, -48.039700,2026-07-11 20:00:00,GOES-19,PARAGOMINAS,PARÁ,Brasil,1505502,15,33,3,0.0,0.35,Amazônia,84.7
c39b27e0-af40-3c00-9f35-441130b14fbd, -16.221000, -39.397800,2026-07-11 20:00:00,GOES-19,SANTA CRUZ CABRÁLIA,BAHIA,Brasil,2927705,29,33,8,0.0,0.76,Mata Atlântica,119.1
37b52422-a4e4-3519-b610-69a8cd5dd148,  -3.485700, -48.039700,2026-07-11 20:10:00,GOES-19,PARAGOMINAS,PARÁ,Brasil,1505502,15,33,3,0.0,0.35,Amazônia,80.6
63cd8e09-3e12-3dd1-9346-3aacc31dd625,  -4.610700, -49.044700,2026-07-11 20:10:00,GOES-19,JACUNDÁ,PARÁ,Brasil,1503804,15,33,3,0.0,1.0,Amazônia,60.1
616b9425-8d2c-30c4-9eed-c45663a479d4,  -5.766000, -44.054600,2026-07-11 20:10:00,GOES-19,FORTUNA,MARANHÃO,Brasil,2104206,21,33,14,0.0,0.98,Cerrado,58.3
e445de54-6ade-3de2-a0e2-328c071e759b,  -7.198000, -76.372400,2026-07-11 20:10:00,GOES-19,Bellavista,San Martín,Peru,175,23,178,3,0.0,0.83,,97.2
95ec7410-8eed-3403-8dc8-dadcc42d5dc7,  -3.504300, -48.039000,2026-07-11 20:20:00,GOES-19,PARAGOMINAS,PARÁ,Brasil,1505502,15,33,3,0.0,0.34,Amazônia,61.2
d9dca051-4e91-3c30-a4f8-aa66e8481e17,  -3.485700, -48.039700,2026-07-11 20:20:00,GOES-19,PARAGOMINAS,PARÁ,Brasil,1505502,15,33,3,0.0,0.35,Amazônia,61.1
a41fdc1d-2828-3adf-90f6-3b8800850bb9,  -5.765800, -44.077700,2026-07-11 20:20:00,GOES-19,FORTUNA,MARANHÃO,Brasil,2104206,21,33,14,0.0,0.96,Cerrado,95.9
0119c898-f757-36e1-a405-cdb1c50dc916,  -5.766000, -44.054600,2026-07-11 20:20:00,GOES-19,FORTUNA,MARANHÃO,Brasil,2104206,21,33,14,0.0,0.98,Cerrado,82.2
b695f62a-078b-3139-b804-0351a42c4602,  -3.485700, -48.039700,2026-07-11 20:30:00,GOES-19,PARAGOMINAS,PARÁ,Brasil,1505502,15,33,3,0.0,0.35,Amazônia,64.8
49527e28-46bf-3542-8add-543d38d0ae8b,  -5.766000, -44.054600,2026-07-11 20:30:00,GOES-19,FORTUNA,MARANHÃO,Brasil,2104206,21,33,14,0.0,0.98,Cerrado,66.7
510af782-a013-3de6-b337-d6ef94b17e2a,  -5.765800, -44.077700,2026-07-11 20:30:00,GOES-19,FORTUNA,MARANHÃO,Brasil,2104206,21,33,14,0.0,0.96,Cerrado,61.2
59be0a83-a19a-3b0e-8abd-d503b149a8dc,  -4.610700, -49.044700,2026-07-11 20:30:00,GOES-19,JACUNDÁ,PARÁ,Brasil,1503804,15,33,3,0.0,1.0,Amazônia,70.9
35300bd5-0e6b-3f61-8e41-37afd2ddef68,  -4.610700, -49.044700,2026-07-11 20:40:00,GOES-19,JACUNDÁ,PARÁ,Brasil,1503804,15,33,3,0.0,1.0,Amazônia,77.6
1fe08db0-b8b0-342e-9085-5c972569587a, -17.537100, -40.110900,2026-07-11 21:00:00,GOES-19,CARAVELAS,BAHIA,Brasil,2906907,29,33,16,0.0,0.94,Mata Atlântica,114.3
23c3b5b9-f2de-3de9-b590-94096998542e, -17.537900, -40.084900,2026-07-11 21:00:00,GOES-19,CARAVELAS,BAHIA,Brasil,2906907,29,33,10,0.0,0.96,Mata Atlântica,193.5
7e0136ec-86cd-3124-986a-1c20ea3709fc,  -4.610700, -49.044700,2026-07-11 21:00:00,GOES-19,JACUNDÁ,PARÁ,Brasil,1503804,15,33,3,0.0,1.0,Amazônia,74.0
10fa7e3a-c294-34c8-9870-18a37ecd229b, -13.436670, -72.943950,2026-07-11 21:06:00,AQUA_M-T,Abancay,Apurímac,Peru,28,3,178,29,0.0,0.89,,42.7
d8d0196f-0c68-3954-9bff-12b398a7cf1e,  -8.991430, -77.528850,2026-07-11 21:08:00,AQUA_M-T,Mariscal Luzuriaga,Ancash,Peru,20,2,178,30,0.21,0.76,,35.4
f4fa7af4-700a-32f3-b711-55ebc900ad16, -11.548060, -74.921090,2026-07-11 21:08:00,AQUA_M-T,Concepción,Junín,Peru,106,12,178,7,0.0,0.78,,19.6
99798196-00e5-322f-bd19-459db83f5b66,  -8.994030, -77.544880,2026-07-11 21:08:00,AQUA_M-T,Mariscal Luzuriaga,Ancash,Peru,20,2,178,31,0.15,0.76,,21.0
c8af9898-4efa-3db2-9fe0-c4e658221ceb,  -4.610700, -49.044700,2026-07-11 21:10:00,GOES-19,JACUNDÁ,PARÁ,Brasil,1503804,15,33,3,0.0,1.0,Amazônia,66.2
d7c1e0be-fddc-3e9c-b768-3e51025cac33,  -4.227180, -79.268490,2026-07-11 21:10:00,AQUA_M-T,Loja,Loja,Ecuador,109,12,68,8,0.1,0.89,,31.1
11f828f8-635e-35dd-857d-016885ea8cd2,  -4.882110, -80.968730,2026-07-11 21:10:00,AQUA_M-T,Paita,Piura,Peru,156,21,178,-999,0.0,1.0,,6.2
a18f7af1-7be2-336d-ba09-8b7522807043, -17.575600, -46.669000,2026-07-11 21:30:00,GOES-19,VAZANTE,MINAS GERAIS,Brasil,3171006,31,33,25,0.0,1.0,Cerrado,127.8
f8074c7c-b65d-3a62-a44a-a5752b24fa22, -17.596100, -46.641500,2026-07-11 21:30:00,GOES-19,VAZANTE,MINAS GERAIS,Brasil,3171006,31,33,27,0.0,1.0,Cerrado,267.3
31e1ed2c-6318-3c97-8b73-d7970fca1ee7, -17.576200, -46.645700,2026-07-11 21:30:00,GOES-19,VAZANTE,MINAS GERAIS,Brasil,3171006,31,33,27,0.0,0.99,Cerrado,106.3
cfd6366c-5415-3b45-91ab-313940ec98d5, -10.473100, -42.411800,2026-07-11 21:30:00,GOES-19,XIQUE-XIQUE,BAHIA,Brasil,2933604,29,33,69,0.0,1.0,Caatinga,106.4
1d062c77-0b48-3a22-849b-d9ae34687b07, -17.595600, -46.664800,2026-07-11 21:30:00,GOES-19,VAZANTE,MINAS GERAIS,Brasil,3171006,31,33,26,0.0,0.99,Cerrado,328.5
fca4de8f-e426-3eaf-9f21-c6e2bdb78eac, -17.595600, -46.664800,2026-07-11 21:40:00,GOES-19,VAZANTE,MINAS GERAIS,Brasil,3171006,31,33,26,0.0,0.99,Cerrado,330.0
c72f5ca9-46fb-33c1-8dee-076f5ed47c32, -10.473100, -42.411800,2026-07-11 21:40:00,GOES-19,XIQUE-XIQUE,BAHIA,Brasil,2933604,29,33,69,0.0,1.0,Caatinga,86.4
71e832a1-cc26-316b-8a46-95c06b9f98e5, -15.963200, -42.340600,2026-07-11 21:40:00,GOES-19,SALINAS,MINAS GERAIS,Brasil,3157005,31,33,28,0.0,0.99,Mata Atlântica,68.8
c2406d00-18ad-318f-b248-380045d4671f, -17.596100, -46.641500,2026-07-11 21:40:00,GOES-19,VAZANTE,MINAS GERAIS,Brasil,3171006,31,33,27,0.0,1.0,Cerrado,220.3
13c02a7e-4542-316c-a224-71cda2fe3e97, -17.575600, -46.669000,2026-07-11 21:40:00,GOES-19,VAZANTE,MINAS GERAIS,Brasil,3171006,31,33,25,0.0,1.0,Cerrado,114.8
894fa9ac-0d27-3ac8-ac75-ad006109c4e4, -17.576200, -46.645700,2026-07-11 21:40:00,GOES-19,VAZANTE,MINAS GERAIS,Brasil,3171006,31,33,27,0.0,0.99,Cerrado,83.4
78e7bce1-a524-3a8c-999d-76dc909cb813, -10.492200, -42.409000,2026-07-11 21:40:00,GOES-19,XIQUE-XIQUE,BAHIA,Brasil,2933604,29,33,68,0.0,1.0,Caatinga,69.0
7b1dd741-fede-3df4-96a8-f74c535c1070, -10.492200, -42.409000,2026-07-11 21:50:00,GOES-19,XIQUE-XIQUE,BAHIA,Brasil,2933604,29,33,68,0.0,1.0,Caatinga,75.3
35e8b2f5-0e03-3d7b-a919-908ac8eba5c6, -17.596100, -46.641500,2026-07-11 21:50:00,GOES-19,VAZANTE,MINAS GERAIS,Brasil,3171006,31,33,27,0.0,1.0,Cerrado,79.3
d3d95771-8d74-32a5-9187-1c73e2e1e476, -17.595600, -46.664800,2026-07-11 21:50:00,GOES-19,VAZANTE,MINAS GERAIS,Brasil,3171006,31,33,26,0.0,0.99,Cerrado,92.3
dadf352f-94b0-3f07-8f2b-da0b49a8e7fe,  -8.727100, -47.818900,2026-07-11 21:50:00,GOES-19,ITACAJÁ,TOCANTINS,Brasil,1710508,17,33,23,0.0,1.0,Cerrado,73.8
8ed09dcf-7acb-30fd-b16a-b704f93c80cb, -10.473100, -42.411800,2026-07-11 21:50:00,GOES-19,XIQUE-XIQUE,BAHIA,Brasil,2933604,29,33,69,0.0,1.0,Caatinga,88.2
cc183944-8d1c-3f84-9d22-d0a0bb0475b5,  -4.610700, -49.044700,2026-07-11 22:00:00,GOES-19,JACUNDÁ,PARÁ,Brasil,1503804,15,33,3,0.0,1.0,Amazônia,63.1
833d6ba6-a602-35fa-b3e2-9bb6e6f6be1b,  -8.727100, -47.818900,2026-07-11 22:00:00,GOES-19,ITACAJÁ,TOCANTINS,Brasil,1710508,17,33,23,0.0,1.0,Cerrado,80.5
5b529af8-db5a-3fcf-b6b5-11f69129fdab,  -4.340200, -47.764500,2026-07-11 22:00:00,GOES-19,DOM ELISEU,PARÁ,Brasil,1502939,15,33,14,0.0,0.88,Amazônia,92.2
adb9df3a-64a3-3e35-8b74-49ebeb2906e9, -10.473100, -42.411800,2026-07-11 22:00:00,GOES-19,XIQUE-XIQUE,BAHIA,Brasil,2933604,29,33,69,0.0,1.0,Caatinga,86.5
71c3c225-69fe-3754-8597-f6e7d01ee021,  -8.727100, -47.818900,2026-07-11 22:10:00,GOES-19,ITACAJÁ,TOCANTINS,Brasil,1710508,17,33,23,0.0,1.0,Cerrado,75.6
4008667b-54fb-37a3-868a-ab15f7cc3b6d, -10.473100, -42.411800,2026-07-11 22:10:00,GOES-19,XIQUE-XIQUE,BAHIA,Brasil,2933604,29,33,69,0.0,1.0,Caatinga,71.8
0b1c7ca6-5864-3607-a6c3-7d712c6252f8, -13.742000, -54.047500,2026-07-11 22:10:00,GOES-19,GAÚCHA DO NORTE,MATO GROSSO,Brasil,5103858,51,33,18,0.25,1.0,Cerrado,88.5
a588bc29-a859-3952-972e-d94c348a24ab,  -4.860000, -42.698100,2026-07-11 22:10:00,GOES-19,JOSÉ DE FREITAS,PIAUÍ,Brasil,2205508,22,33,12,0.0,0.68,Cerrado,76.4
e52b967c-8aa6-34d4-bee7-513fb49fc489,  -4.340200, -47.764500,2026-07-11 22:10:00,GOES-19,DOM ELISEU,PARÁ,Brasil,1502939,15,33,14,0.0,0.88,Amazônia,158.5
0f44d61f-1fd7-3d4b-be25-9e13c41e9aef,  -4.340100, -47.786200,2026-07-11 22:10:00,GOES-19,DOM ELISEU,PARÁ,Brasil,1502939,15,33,14,0.0,0.85,Amazônia,55.3
e63c29cc-8bb2-3b79-96a8-fb6167bc060a,  -4.610700, -49.044700,2026-07-11 22:10:00,GOES-19,JACUNDÁ,PARÁ,Brasil,1503804,15,33,3,0.0,1.0,Amazônia,53.3
ee78a22f-face-34af-a366-7dcbf1761e81,  -8.727100, -47.818900,2026-07-11 22:20:00,GOES-19,ITACAJÁ,TOCANTINS,Brasil,1710508,17,33,23,0.0,1.0,Cerrado,77.2
94555d16-91cc-34fa-8f64-3f021b1ba127,  -4.340200, -47.764500,2026-07-11 22:20:00,GOES-19,DOM ELISEU,PARÁ,Brasil,1502939,15,33,14,0.0,0.88,Amazônia,166.9
f539bee9-19ea-3a76-8fb6-55c7228a4522, -10.473100, -42.411800,2026-07-11 22:20:00,GOES-19,XIQUE-XIQUE,BAHIA,Brasil,2933604,29,33,69,0.0,1.0,Caatinga,99.1
a0e73bcd-f385-3700-838b-b38da96d1420,  -4.358800, -47.763600,2026-07-11 22:20:00,GOES-19,DOM ELISEU,PARÁ,Brasil,1502939,15,33,14,0.0,0.82,Amazônia,90.1
5c6fc1e5-e173-39d6-95bf-e84a6b07e9f9, -13.742000, -54.047500,2026-07-11 22:20:00,GOES-19,GAÚCHA DO NORTE,MATO GROSSO,Brasil,5103858,51,33,18,0.25,1.0,Cerrado,105.1
16e42035-19fb-3b32-80f1-15a4376af1fa,  -4.340100, -47.786200,2026-07-11 22:20:00,GOES-19,DOM ELISEU,PARÁ,Brasil,1502939,15,33,14,0.0,0.85,Amazônia,50.9
4bd22847-a929-3f60-8201-1e3cab0e7862, -15.963200, -42.340600,2026-07-11 22:20:00,GOES-19,SALINAS,MINAS GERAIS,Brasil,3157005,31,33,28,0.0,0.99,Mata Atlântica,72.4
3e26581b-b2b7-31bd-8ddf-2a338ffd9ca0,  -4.358800, -47.763600,2026-07-11 22:30:00,GOES-19,DOM ELISEU,PARÁ,Brasil,1502939,15,33,14,0.0,0.82,Amazônia,52.5
30aa14af-ec4f-352d-b5a2-653d7e5793d4, -16.422600, -59.584200,2026-07-11 22:30:00,GOES-19,José Miguel de Velasco,Santa Cruz,Bolivia,85,8,28,16,0.49,0.92,,57.1
161e1978-e348-3869-ab5d-81b29c1c097c,  -4.610700, -49.044700,2026-07-11 22:30:00,GOES-19,JACUNDÁ,PARÁ,Brasil,1503804,15,33,3,0.0,1.0,Amazônia,49.8
f51c64e8-167c-3fcc-af3b-d6e673fe4c48,  -8.726900, -47.840800,2026-07-11 22:30:00,GOES-19,ITACAJÁ,TOCANTINS,Brasil,1710508,17,33,23,0.0,1.0,Cerrado,68.3
9e7e0f69-fa97-30ed-9d99-6a05d7f7869b,  -5.650100, -49.053300,2026-07-11 22:30:00,GOES-19,MARABÁ,PARÁ,Brasil,1504208,15,33,39,0.0,1.0,Amazônia,48.6
879ffe40-f32f-349d-87bf-4c6cf6bf5564,  -8.727100, -47.818900,2026-07-11 22:30:00,GOES-19,ITACAJÁ,TOCANTINS,Brasil,1710508,17,33,23,0.0,1.0,Cerrado,73.5
d8cd34cd-949c-33f9-8573-df6244522ebf,  -4.340100, -47.786200,2026-07-11 22:30:00,GOES-19,DOM ELISEU,PARÁ,Brasil,1502939,15,33,14,0.0,0.85,Amazônia,75.3
400a566a-46ec-38ac-bca7-b834b93165e4, -16.403100, -59.586100,2026-07-11 22:30:00,GOES-19,José Miguel de Velasco,Santa Cruz,Bolivia,85,8,28,16,0.38,0.95,,78.7
edb6c578-26eb-34a7-8c51-dd7fcb661480,  -4.340200, -47.764500,2026-07-11 22:30:00,GOES-19,DOM ELISEU,PARÁ,Brasil,1502939,15,33,14,0.0,0.88,Amazônia,248.8
41a5ceee-57df-38fd-831e-a322d2d13f68, -10.473100, -42.411800,2026-07-11 22:30:00,GOES-19,XIQUE-XIQUE,BAHIA,Brasil,2933604,29,33,69,0.0,1.0,Caatinga,67.3
0ead77ec-407f-36e1-8d1a-587c5c467af5,  -8.727100, -47.818900,2026-07-11 22:40:00,GOES-19,ITACAJÁ,TOCANTINS,Brasil,1710508,17,33,23,0.0,1.0,Cerrado,82.7
034dbf82-76d4-32ec-8676-56b13522cdbf, -16.422600, -59.584200,2026-07-11 22:40:00,GOES-19,José Miguel de Velasco,Santa Cruz,Bolivia,85,8,28,16,0.49,0.92,,56.2
03924b68-b16e-3a8e-898c-6a1c5437fb00,  -4.340200, -47.764500,2026-07-11 22:40:00,GOES-19,DOM ELISEU,PARÁ,Brasil,1502939,15,33,14,0.0,0.88,Amazônia,220.7
2feffdc2-ed02-3cda-b1e4-cce3a0da8a43, -16.403100, -59.586100,2026-07-11 22:40:00,GOES-19,José Miguel de Velasco,Santa Cruz,Bolivia,85,8,28,16,0.38,0.95,,81.6
2ff9a353-c51f-30a9-8a47-523a3af7df2b,  -4.340100, -47.786200,2026-07-11 22:40:00,GOES-19,DOM ELISEU,PARÁ,Brasil,1502939,15,33,14,0.0,0.85,Amazônia,109.3
9499c9d3-caec-3f03-b8b3-ff17209afdaa, -15.963200, -42.340600,2026-07-11 22:40:00,GOES-19,SALINAS,MINAS GERAIS,Brasil,3157005,31,33,28,0.0,0.99,Mata Atlântica,77.4
0ed7982b-d3c1-3966-bc02-8be81f628b27,  -1.878800, -54.690800,2026-07-11 22:50:00,GOES-19,ALENQUER,PARÁ,Brasil,1500404,15,33,5,0.0,0.27,Amazônia,47.5
485761af-d14c-370a-b47b-b2f73afbc06c,  -4.340200, -47.764500,2026-07-11 22:50:00,GOES-19,DOM ELISEU,PARÁ,Brasil,1502939,15,33,14,0.0,0.88,Amazônia,246.0
84a8886c-281d-3da2-a1da-7c4b6946b0b8,  -8.727100, -47.818900,2026-07-11 22:50:00,GOES-19,ITACAJÁ,TOCANTINS,Brasil,1710508,17,33,23,0.0,1.0,Cerrado,66.4
6f02593a-e53e-3ef9-a32d-a0dba448b077,  -4.358800, -47.763600,2026-07-11 22:50:00,GOES-19,DOM ELISEU,PARÁ,Brasil,1502939,15,33,14,0.0,0.82,Amazônia,67.7
b28f9669-a259-37d6-955b-0f6940225aa0,  -4.340100, -47.786200,2026-07-11 22:50:00,GOES-19,DOM ELISEU,PARÁ,Brasil,1502939,15,33,14,0.0,0.85,Amazônia,82.5
27bd3fdb-41e7-3fd7-92bc-1a8e0c6abf7e, -16.221000, -39.397800,2026-07-11 23:00:00,GOES-19,SANTA CRUZ CABRÁLIA,BAHIA,Brasil,2927705,29,33,8,0.0,0.76,Mata Atlântica,92.7
738e1380-fedd-3dac-8635-043adffeb771,  -4.340200, -47.764500,2026-07-11 23:00:00,GOES-19,DOM ELISEU,PARÁ,Brasil,1502939,15,33,14,0.0,0.88,Amazônia,196.6
07d63cd1-e809-3cfa-b7cd-179f5929dddb,  -8.727100, -47.818900,2026-07-11 23:00:00,GOES-19,ITACAJÁ,TOCANTINS,Brasil,1710508,17,33,23,0.0,1.0,Cerrado,66.6
97f18a58-677b-3429-b194-405d102a1cce,  -4.340100, -47.786200,2026-07-11 23:00:00,GOES-19,DOM ELISEU,PARÁ,Brasil,1502939,15,33,14,0.0,0.85,Amazônia,61.5
362203cc-2b78-30a4-897c-3c088fe7f31c, -10.473100, -42.411800,2026-07-11 23:00:00,GOES-19,XIQUE-XIQUE,BAHIA,Brasil,2933604,29,33,69,0.0,1.0,Caatinga,59.1
0c5d18f8-73b2-3a5d-9ac6-17a7e6569922,  -4.358800, -47.763600,2026-07-11 23:00:00,GOES-19,DOM ELISEU,PARÁ,Brasil,1502939,15,33,14,0.0,0.82,Amazônia,83.1
ac9aff4f-188d-3088-87de-560b62319004, -15.947300, -42.328602,2026-07-11 23:02:00,METOP-B,SALINAS,MINAS GERAIS,Brasil,3157005,31,33,28,0.0,1.0,Mata Atlântica,
50ecd327-434d-3261-9a08-1791bd746b21, -10.986900, -37.678200,2026-07-11 23:02:00,METOP-B,LAGARTO,SERGIPE,Brasil,2803500,28,33,7,0.0,1.0,Mata Atlântica,
6e96e4c5-0d75-3ff1-a05d-dbd9420569ad,  -4.358800, -47.763600,2026-07-11 23:10:00,GOES-19,DOM ELISEU,PARÁ,Brasil,1502939,15,33,14,0.0,0.82,Amazônia,46.9
e4cc3988-8e68-3aed-812d-519b5f684b94,  -4.340100, -47.786200,2026-07-11 23:10:00,GOES-19,DOM ELISEU,PARÁ,Brasil,1502939,15,33,14,0.0,0.85,Amazônia,68.3
748ee279-4a95-3210-baf6-6bf793dfa43d,  -4.340200, -47.764500,2026-07-11 23:10:00,GOES-19,DOM ELISEU,PARÁ,Brasil,1502939,15,33,14,0.0,0.88,Amazônia,177.5
971ed850-e4fc-33c2-86d8-34d2ea8fb5e0,  -4.340200, -47.764500,2026-07-11 23:20:00,GOES-19,DOM ELISEU,PARÁ,Brasil,1502939,15,33,14,0.0,0.88,Amazônia,158.0
9c8deb82-cf36-3e5c-9260-3b409449101d,  -4.340100, -47.786200,2026-07-11 23:20:00,GOES-19,DOM ELISEU,PARÁ,Brasil,1502939,15,33,14,0.0,0.85,Amazônia,64.2
925e1023-0cf4-345f-8cd8-92adacf77b5a, -13.432800, -72.924200,2026-07-11 23:20:00,GOES-19,Abancay,Apurímac,Peru,28,3,178,29,0.0,0.87,,53.8
f1198524-5613-3c2b-83b7-5a6eae20a18e, -13.432800, -72.905600,2026-07-11 23:30:00,GOES-19,Abancay,Apurímac,Peru,28,3,178,29,0.0,0.72,,41.8
946f37f4-c1ae-34d6-b91e-c6357389d4f5, -13.432800, -72.924200,2026-07-11 23:30:00,GOES-19,Abancay,Apurímac,Peru,28,3,178,29,0.0,0.87,,72.6
a17b9211-eed0-3f4e-a9ba-7937cb1a5326,  -4.340200, -47.764500,2026-07-11 23:30:00,GOES-19,DOM ELISEU,PARÁ,Brasil,1502939,15,33,14,0.0,0.88,Amazônia,89.8
6cb04568-92f6-35cd-b89b-bae4869217e0,  -4.358800, -47.763600,2026-07-11 23:30:00,GOES-19,DOM ELISEU,PARÁ,Brasil,1502939,15,33,14,0.0,0.82,Amazônia,65.2
40123ae8-94ab-342f-8121-fdab45b0ab0a,  -4.340100, -47.786200,2026-07-11 23:30:00,GOES-19,DOM ELISEU,PARÁ,Brasil,1502939,15,33,14,0.0,0.85,Amazônia,44.3
436b65a3-d86f-3839-b4c7-beb931c28d00, -17.836700, -40.158000,2026-07-11 23:40:00,GOES-19,MUCURI,BAHIA,Brasil,2922003,29,33,23,0.0,1.0,Mata Atlântica,88.0
bd4dbcbf-0738-3afb-b948-823cea913600, -13.432800, -72.924200,2026-07-11 23:40:00,GOES-19,Abancay,Apurímac,Peru,28,3,178,29,0.0,0.87,,76.7
848ee66b-95a3-36b6-b5f5-74238ad767fb, -13.432800, -72.905600,2026-07-11 23:40:00,GOES-19,Abancay,Apurímac,Peru,28,3,178,29,0.0,0.72,,40.2
e379c43a-d96a-3501-9765-465cc16e4aee, -12.583600, -72.598600,2026-07-11 23:40:00,GOES-19,La Convención,Cusco,Peru,76,8,178,1,0.1,0.86,,53.8
6e5f9f01-8f4c-3fc0-91e3-8bffdb665482,  -4.358800, -47.763600,2026-07-11 23:40:00,GOES-19,DOM ELISEU,PARÁ,Brasil,1502939,15,33,14,0.0,0.82,Amazônia,50.4
834a948d-d083-3424-9957-73ccfcb8ea61,  -4.340200, -47.764500,2026-07-11 23:40:00,GOES-19,DOM ELISEU,PARÁ,Brasil,1502939,15,33,14,0.0,0.88,Amazônia,86.9
cd8eac21-dc59-34cd-9d50-b73cfd25dfb6,  -4.340200, -47.764500,2026-07-11 23:50:00,GOES-19,DOM ELISEU,PARÁ,Brasil,1502939,15,33,14,0.0,0.88,Amazônia,93.2
6b6f5b81-7205-3b42-b544-afccaf3aac3c, -13.432800, -72.924200,2026-07-11 23:50:00,GOES-19,Abancay,Apurímac,Peru,28,3,178,29,0.0,0.87,,70.2
b4ad0f49-8ca7-3a3e-806f-3856fbab4f7a, -17.150800, -60.554500,2026-07-11 23:50:00,GOES-19,José Miguel de Velasco,Santa Cruz,Bolivia,85,8,28,16,1.49,0.81,,57.2
67eff54c-08bc-333b-8d93-f20af3381060, -13.432800, -72.905600,2026-07-11 23:50:00,GOES-19,Abancay,Apurímac,Peru,28,3,178,29,0.0,0.72,,45.9
5cc4ed20-033c-3697-97e8-313e24fdefee,  -4.358800, -47.763600,2026-07-11 23:50:00,GOES-19,DOM ELISEU,PARÁ,Brasil,1502939,15,33,14,0.0,0.82,Amazônia,53.4
2eee4db2-9830-351f-ac1f-999fc2f2e21d, -15.921680, -43.525920,2026-07-11 23:56:00,TERRA_M-T,JANAÚBA,MINAS GERAIS,Brasil,3135100,31,33,91,0.0,1.0,Cerrado,15.3
5b07eec1-c1b5-3678-a04a-1d20bbbc83ba, -15.961310, -42.356920,2026-07-11 23:56:00,TERRA_M-T,SALINAS,MINAS GERAIS,Brasil,3157005,31,33,28,0.0,0.97,Mata Atlântica,13.7
88c9423b-4b1e-3aad-a2dc-817b4b2f177f, -21.787200, -46.447380,2026-07-11 23:56:00,TERRA_M-T,POÇOS DE CALDAS,MINAS GERAIS,Brasil,3151800,31,33,15,0.0,1.0,Mata Atlântica,7.2
5569ae9b-d1b0-33b3-9cbf-0364a636618e, -18.522320, -48.249660,2026-07-11 23:56:00,TERRA_M-T,ARAGUARI,MINAS GERAIS,Brasil,3103504,31,33,1,0.0,1.0,Cerrado,28.8
a6cdfbd6-1625-3b7f-8704-b4d628fb5241, -15.951370, -42.358490,2026-07-11 23:56:00,TERRA_M-T,SALINAS,MINAS GERAIS,Brasil,3157005,31,33,28,0.0,0.97,Mata Atlântica,16.8
4ce9b2ad-485b-3ff2-bfae-d0ddbe8b8655, -15.960960, -42.350490,2026-07-11 23:56:00,TERRA_M-T,SALINAS,MINAS GERAIS,Brasil,3157005,31,33,28,0.0,0.97,Mata Atlântica,7.1
7aeed2fc-4824-34bf-b95a-85eb17172ad0, -19.725460, -46.176770,2026-07-11 23:56:00,TERRA_M-T,CAMPOS ALTOS,MINAS GERAIS,Brasil,3111507,31,33,19,0.0,1.0,Cerrado,11.5
9af7ee11-13d5-301c-9476-5d5ff5432c17, -18.522590, -48.243930,2026-07-11 23:56:00,TERRA_M-T,ARAGUARI,MINAS GERAIS,Brasil,3103504,31,33,2,0.0,1.0,Cerrado,19.2
76674356-d338-3be5-a198-034a80227b81, -23.489520, -46.125930,2026-07-11 23:56:00,TERRA_M-T,MOGI DAS CRUZES,SÃO PAULO,Brasil,3530607,35,33,15,0.07,-999.0,Mata Atlântica,6.1
844208a7-10e3-3d6a-a014-5d3de2bc277c, -18.523990, -48.255670,2026-07-11 23:56:00,TERRA_M-T,ARAGUARI,MINAS GERAIS,Brasil,3103504,31,33,2,0.0,1.0,Cerrado,15.1
56fadc89-192f-3b6d-b5ab-89f779872b1f, -20.468200, -43.671530,2026-07-11 23:56:00,TERRA_M-T,OURO BRANCO,MINAS GERAIS,Brasil,3145901,31,33,26,0.0,-999.0,Mata Atlântica,6.9
f868a703-a27c-3620-8d94-d7518bc16866,  -8.100730, -47.103800,2026-07-11 23:58:00,TERRA_M-T,GOIATINS,TOCANTINS,Brasil,1709005,17,33,16,0.0,1.0,Cerrado,6.5
b5c11817-49d9-3190-b357-e65aec70a006,  -8.504840, -49.491940,2026-07-11 23:58:00,TERRA_M-T,CONCEIÇÃO DO ARAGUAIA,PARÁ,Brasil,1502707,15,33,22,0.0,1.0,Amazônia,12.7
4b90fa6d-69de-3255-a09e-d2c3c84eb1d3,  -8.723930, -47.828440,2026-07-11 23:58:00,TERRA_M-T,ITACAJÁ,TOCANTINS,Brasil,1710508,17,33,23,0.0,1.0,Cerrado,49.6
e5b23569-19c3-3041-8a36-48d66f135b0e, -13.750320, -54.064210,2026-07-11 23:58:00,TERRA_M-T,GAÚCHA DO NORTE,MATO GROSSO,Brasil,5103858,51,33,18,0.7,1.0,Cerrado,41.4
995782e4-f1b4-3e8f-a9f9-fd146fd8dbee, -11.849900, -49.181230,2026-07-11 23:58:00,TERRA_M-T,CARIRI DO TOCANTINS,TOCANTINS,Brasil,1703867,17,33,49,0.0,1.0,Cerrado,11.9
522c7684-75ca-30af-8e1d-d58ed7202a50, -10.469360, -42.422750,2026-07-11 23:58:00,TERRA_M-T,XIQUE-XIQUE,BAHIA,Brasil,2933604,29,33,73,0.0,1.0,Caatinga,6.5
2f68cabe-f5eb-338d-9fc0-6088e90c24cc,  -6.948860, -43.725690,2026-07-11 23:58:00,TERRA_M-T,GUADALUPE,PIAUÍ,Brasil,2204501,22,33,23,0.1,1.0,Cerrado,11.8
1b56c82f-6c2f-3a3f-9d0f-1eaa3b47292d,  -6.675520, -47.521260,2026-07-11 23:58:00,TERRA_M-T,PALMEIRAS DO TOCANTINS,TOCANTINS,Brasil,1713809,17,33,0,0.2,0.68,Cerrado,14.6
6bfafa66-7d9f-383e-abeb-2a874ee7c677,  -7.908030, -48.255360,2026-07-11 23:58:00,TERRA_M-T,PALMEIRANTE,TOCANTINS,Brasil,1715705,17,33,23,0.0,1.0,Cerrado,9.9
8f8dfc89-1de5-32f8-8cb1-e032fbceb88e,  -7.644710, -50.018010,2026-07-11 23:58:00,TERRA_M-T,RIO MARIA,PARÁ,Brasil,1506161,15,33,24,0.0,0.97,Amazônia,6.3
43395f43-1a7c-3481-972f-55e3973f5f2c,  -7.646080, -50.028600,2026-07-11 23:58:00,TERRA_M-T,RIO MARIA,PARÁ,Brasil,1506161,15,33,23,0.0,0.84,Amazônia,10.1
f5ad0336-a61a-3f0a-9327-dd689777e651,  -6.941050, -43.720500,2026-07-11 23:58:00,TERRA_M-T,GUADALUPE,PIAUÍ,Brasil,2204501,22,33,23,0.14,1.0,Cerrado,16.3
b97b3386-65e4-3c70-ac29-791af84fcf6d,  -8.099500, -47.094940,2026-07-11 23:58:00,TERRA_M-T,GOIATINS,TOCANTINS,Brasil,1709005,17,33,16,0.0,1.0,Cerrado,9.8
a5f4f14a-8f14-39e6-b6f6-c1fbe2dc9e4e,  -5.124290, -43.233210,2026-07-11 23:58:00,TERRA_M-T,CAXIAS,MARANHÃO,Brasil,2103000,21,33,13,0.0,0.69,Cerrado,9.6
286ac5da-a904-3af9-b7f1-814d1dfe84fb, -15.339500, -42.911130,2026-07-11 23:58:00,TERRA_M-T,MATO VERDE,MINAS GERAIS,Brasil,3141009,31,33,37,0.0,1.0,Cerrado,11.8
357bbb5f-67c2-3ee7-b77a-742a25748fbe,  -8.725160, -47.837420,2026-07-11 23:58:00,TERRA_M-T,ITACAJÁ,TOCANTINS,Brasil,1710508,17,33,23,0.0,1.0,Cerrado,15.4
b097a38a-4fd3-3f71-bd09-f14b56480ef2,  -5.124340, -43.238850,2026-07-11 23:58:00,TERRA_M-T,CAXIAS,MARANHÃO,Brasil,2103000,21,33,13,0.0,0.68,Cerrado,14.5
7c0e57bb-7524-3d9c-9eee-c878e673c95a, -11.851320, -49.192020,2026-07-11 23:58:00,TERRA_M-T,CARIRI DO TOCANTINS,TOCANTINS,Brasil,1703867,17,33,49,0.0,1.0,Cerrado,5.7
c8c19178-b24a-30f6-bdaf-599499b67a3e,  -8.515610, -49.500890,2026-07-11 23:58:00,TERRA_M-T,CONCEIÇÃO DO ARAGUAIA,PARÁ,Brasil,1502707,15,33,22,0.0,1.0,Amazônia,6.8
6f80a4d4-84af-3b99-823a-0b6a14aed434, -13.626090, -43.718700,2026-07-11 23:58:00,TERRA_M-T,SERRA DO RAMALHO,BAHIA,Brasil,2930154,29,33,45,0.09,1.0,Cerrado,6.0
5a6c7e3a-b32f-3899-8c3d-8884c4d06e08, -10.482300, -42.434890,2026-07-11 23:58:00,TERRA_M-T,XIQUE-XIQUE,BAHIA,Brasil,2933604,29,33,77,0.0,1.0,Caatinga,7.7
8086a3fd-644d-3971-95ef-2fb0d213ebf5, -11.877610, -47.664360,2026-07-11 23:58:00,TERRA_M-T,NATIVIDADE,TOCANTINS,Brasil,1714203,17,33,49,0.0,1.0,Cerrado,14.8
c2c806c9-5392-379c-b9f8-ac04e6767b4d,  -7.641630, -50.024660,2026-07-11 23:58:00,TERRA_M-T,RIO MARIA,PARÁ,Brasil,1506161,15,33,23,0.0,0.94,Amazônia,13.9
547e4ac0-376a-3a29-8601-ee080eb48de9,  -8.506170, -49.502120,2026-07-11 23:58:00,TERRA_M-T,CONCEIÇÃO DO ARAGUAIA,PARÁ,Brasil,1502707,15,33,22,0.0,1.0,Amazônia,7.7
9d3bbe1b-24cb-3ba1-a6cd-09fd2473386c, -11.988800, -45.137050,2026-07-11 23:58:00,TERRA_M-T,BARREIRAS,BAHIA,Brasil,2903201,29,33,47,0.0,1.0,Cerrado,9.7
67eb0198-7743-3459-8641-70f7af933b25,  -8.514270, -49.490700,2026-07-11 23:58:00,TERRA_M-T,CONCEIÇÃO DO ARAGUAIA,PARÁ,Brasil,1502707,15,33,22,0.0,1.0,Amazônia,13.5
83aafebd-ee21-34cc-8200-1c7c27b2822f, -10.480180, -42.421040,2026-07-11 23:58:00,TERRA_M-T,XIQUE-XIQUE,BAHIA,Brasil,2933604,29,33,72,0.0,1.0,Caatinga,37.8
cbb39a62-490b-388f-8e63-e0e57fe66228, -11.854010, -49.185760,2026-07-11 23:58:00,TERRA_M-T,CARIRI DO TOCANTINS,TOCANTINS,Brasil,1703867,17,33,49,0.0,1.0,Cerrado,15.1
500249b9-460d-380a-93b7-40c47d5976df,  -6.946960, -43.713050,2026-07-11 23:58:00,TERRA_M-T,GUADALUPE,PIAUÍ,Brasil,2204501,22,33,23,0.1,1.0,Cerrado,17.2
f899197a-15f9-337b-8c01-6f17874a211b,  -8.108330, -47.093680,2026-07-11 23:58:00,TERRA_M-T,GOIATINS,TOCANTINS,Brasil,1709005,17,33,16,0.0,1.0,Cerrado,10.2
262955fc-e93d-3a99-9c8b-b5b0a90e0451, -11.990140, -45.146470,2026-07-11 23:58:00,TERRA_M-T,BARREIRAS,BAHIA,Brasil,2903201,29,33,47,0.0,1.0,Cerrado,7.6
9e466241-0f15-32ce-9338-2569540ec037, -11.886600, -47.663060,2026-07-11 23:58:00,TERRA_M-T,NATIVIDADE,TOCANTINS,Brasil,1714203,17,33,49,0.0,1.0,Cerrado,9.0
806d54ad-f4c8-3bf1-be4a-842b356d62b7, -13.827040, -44.974780,2026-07-11 23:58:00,TERRA_M-T,JABORANDI,BAHIA,Brasil,2917359,29,33,49,0.0,1.0,Cerrado,6.1
