id,lat,lon,data_hora_gmt,satelite,municipio,estado,pais,municipio_id,estado_id,pais_id,numero_dias_sem_chuva,precipitacao,risco_fogo,bioma,frp
949334d5-e79e-3cba-b3a3-c107b669cb10, -13.133300, -53.804100,2026-06-20 00:00:00,GOES-19,GAÚCHA DO NORTE,MATO GROSSO,Brasil,5103858,51,33,2,1.29,0.39,Amazônia,139.7
96ebdb59-f32e-369c-b7db-f322a34185bd, -15.581500, -61.838600,2026-06-20 00:00:00,GOES-19,Ñuflo de Chávez,Santa Cruz,Bolivia,78,8,28,8,0.0,0.56,,50.7
a95b9631-11a8-3f29-b507-7a859059fe78, -11.598400, -65.133800,2026-06-20 00:00:00,GOES-19,GUAJARÁ-MIRIM,RONDÔNIA,Brasil,1100106,11,33,10,0.0,0.78,Amazônia,67.2
e1af99d5-ba73-3031-8dc7-6b03157353fe,   3.746900, -76.362900,2026-06-20 00:00:00,GOES-19,Guacarí,Valle del Cauca,Colombia,1030,30,53,3,0.0,0.25,,107.3
80e90169-f2a4-3209-8e17-b994ca6d8379,  -9.015500, -63.541100,2026-06-20 00:00:00,GOES-19,CANDEIAS DO JAMARI,RONDÔNIA,Brasil,1100809,11,33,3,0.59,1.0,Amazônia,80.8
29a3269a-f58a-367d-86fa-81dd23d7597c, -13.133900, -53.762500,2026-06-20 00:00:00,GOES-19,GAÚCHA DO NORTE,MATO GROSSO,Brasil,5103858,51,33,2,0.73,0.59,Amazônia,75.4
e8b72f0f-c46d-3e3c-845e-b50d92ba7f96,  -9.033900, -63.559300,2026-06-20 00:00:00,GOES-19,CANDEIAS DO JAMARI,RONDÔNIA,Brasil,1100809,11,33,2,0.5,1.0,Amazônia,58.7
1bb3fbe9-14c0-35ea-b640-6c5dde224dfe, -10.711400, -60.750500,2026-06-20 00:00:00,GOES-19,RONDOLÂNDIA,MATO GROSSO,Brasil,5107578,51,33,1,0.0,0.98,Amazônia,46.8
0e723f6c-3b5c-3dfd-8d63-f8572521da2b, -10.692500, -60.770900,2026-06-20 00:00:00,GOES-19,RONDOLÂNDIA,MATO GROSSO,Brasil,5107578,51,33,1,0.0,0.44,Amazônia,49.9
41d840c8-84ae-39b2-8d58-2e68738297b8, -15.601200, -61.797800,2026-06-20 00:00:00,GOES-19,Ñuflo de Chávez,Santa Cruz,Bolivia,78,8,28,7,0.0,0.37,,52.5
2cec5938-858d-3acd-a752-4f540ce74891, -11.061900, -52.481200,2026-06-20 00:00:00,GOES-19,SÃO JOSÉ DO XINGU,MATO GROSSO,Brasil,5107354,51,33,2,0.67,0.37,Amazônia,62.4
25b437a7-3cc5-3a1d-8f81-f7eb3811f124,  -5.813000, -45.079900,2026-06-20 00:00:00,GOES-19,BARRA DO CORDA,MARANHÃO,Brasil,2101608,21,33,5,0.0,0.9,Cerrado,81.1
123f3851-8751-3bb0-9a93-37596434b1e0, -13.114200, -53.806200,2026-06-20 00:00:00,GOES-19,GAÚCHA DO NORTE,MATO GROSSO,Brasil,5103858,51,33,2,1.36,0.38,Amazônia,62.3
9e1387cb-351f-3c6e-b5c7-e0d9926280ac, -13.114500, -53.785400,2026-06-20 00:00:00,GOES-19,GAÚCHA DO NORTE,MATO GROSSO,Brasil,5103858,51,33,2,1.06,0.65,Amazônia,136.4
925e0978-b1c3-3a69-a5be-420d71f43f61, -13.187400, -50.351700,2026-06-20 00:00:00,GOES-19,SÃO MIGUEL DO ARAGUAIA,GOIÁS,Brasil,5220207,52,33,9,0.0,1.0,Cerrado,67.5
1feb9310-2f78-328d-bd3a-a0841d76c97f, -13.152800, -53.781200,2026-06-20 00:00:00,GOES-19,GAÚCHA DO NORTE,MATO GROSSO,Brasil,5103858,51,33,4,0.93,0.43,Amazônia,80.7
69156467-c360-3666-8ae3-7b0353acc026,  -9.034000, -63.540400,2026-06-20 00:00:00,GOES-19,CANDEIAS DO JAMARI,RONDÔNIA,Brasil,1100809,11,33,2,0.59,1.0,Amazônia,70.8
09d4856c-99ea-3351-8bc2-cbe710302add, -15.600800, -61.837100,2026-06-20 00:00:00,GOES-19,Ñuflo de Chávez,Santa Cruz,Bolivia,78,8,28,8,0.0,0.37,,63.4
daaa8763-3999-30d6-b860-76d94fb65159, -13.133600, -53.783300,2026-06-20 00:00:00,GOES-19,GAÚCHA DO NORTE,MATO GROSSO,Brasil,5103858,51,33,2,0.98,0.79,Amazônia,302.6
7165076c-484d-3260-9a49-77e147fe4b95, -15.601000, -61.817400,2026-06-20 00:00:00,GOES-19,Ñuflo de Chávez,Santa Cruz,Bolivia,78,8,28,8,0.0,0.37,,61.9
d8255790-e8d5-3de4-8d5a-6a57672d6996, -13.206900, -50.327500,2026-06-20 00:00:00,GOES-19,SÃO MIGUEL DO ARAGUAIA,GOIÁS,Brasil,5220207,52,33,9,0.0,1.0,Cerrado,86.2
e9c65877-87c3-3e8f-a34f-f5b996fa7631, -13.206600, -50.349200,2026-06-20 00:00:00,GOES-19,SÃO MIGUEL DO ARAGUAIA,GOIÁS,Brasil,5220207,52,33,9,0.0,0.98,Cerrado,133.7
545e1f72-1394-37be-95d7-a886c0d1c243,  -8.633800, -47.762000,2026-06-20 00:00:00,GOES-19,ITACAJÁ,TOCANTINS,Brasil,1710508,17,33,2,0.0,0.96,Cerrado,56.8
e7ba4f5c-7540-3a97-9d2f-2e0813d632bf,  -8.634100, -47.740000,2026-06-20 00:00:00,GOES-19,ITACAJÁ,TOCANTINS,Brasil,1710508,17,33,2,0.0,0.96,Cerrado,55.0
c71ab2b4-c305-32d6-8c54-47c701534536, -10.692600, -60.751600,2026-06-20 00:00:00,GOES-19,RONDOLÂNDIA,MATO GROSSO,Brasil,5107578,51,33,0,0.0,0.89,Amazônia,57.8
72d40098-7fae-3513-8e5c-34b1b3e7787e,  -8.652600, -47.760200,2026-06-20 00:00:00,GOES-19,ITACAJÁ,TOCANTINS,Brasil,1710508,17,33,2,0.0,0.95,Cerrado,75.2
8c766f8c-cfe9-3858-b1fb-6137d5d7e35d,  -9.015400, -63.560000,2026-06-20 00:00:00,GOES-19,CANDEIAS DO JAMARI,RONDÔNIA,Brasil,1100809,11,33,3,0.5,1.0,Amazônia,66.0
e768ac8d-5863-3a18-af9a-4e6a0771fa23,  -6.370300, -43.589800,2026-06-20 00:10:00,GOES-19,SUCUPIRA DO RIACHÃO,MARANHÃO,Brasil,2111953,21,33,2,0.0,0.67,Cerrado,38.7
760e672b-d6ff-30fc-b5b1-c9d66e867b97,  -9.033900, -63.559300,2026-06-20 00:10:00,GOES-19,CANDEIAS DO JAMARI,RONDÔNIA,Brasil,1100809,11,33,2,0.5,1.0,Amazônia,56.6
b1642023-104f-394b-ad0c-6dedfa218126,  -8.652600, -47.760200,2026-06-20 00:10:00,GOES-19,ITACAJÁ,TOCANTINS,Brasil,1710508,17,33,2,0.0,0.95,Cerrado,82.1
3912463d-d240-3aeb-92da-fc5a6a7d1e38, -12.553100, -45.017400,2026-06-20 00:10:00,GOES-19,SÃO DESIDÉRIO,BAHIA,Brasil,2928901,29,33,27,0.0,1.0,Cerrado,46.3
8421cf21-6eff-3ed4-be08-ce498c16a4b6, -15.601200, -61.797800,2026-06-20 00:10:00,GOES-19,Ñuflo de Chávez,Santa Cruz,Bolivia,78,8,28,7,0.0,0.37,,51.0
5f3ee137-8a57-3928-a506-09680318cfb0, -15.601000, -61.817400,2026-06-20 00:10:00,GOES-19,Ñuflo de Chávez,Santa Cruz,Bolivia,78,8,28,8,0.0,0.37,,61.8
62b94acf-d1b7-3eea-83c6-b658c733e549, -15.581700, -61.818900,2026-06-20 00:10:00,GOES-19,Ñuflo de Chávez,Santa Cruz,Bolivia,78,8,28,7,0.0,0.39,,56.9
e7204e03-7b3c-3c37-81fc-83e3f0d9762e,  -5.813000, -45.079900,2026-06-20 00:10:00,GOES-19,BARRA DO CORDA,MARANHÃO,Brasil,2101608,21,33,5,0.0,0.9,Cerrado,81.6
a9b76a8e-5419-35a8-8f3d-ff1384fba6ab,  -9.015400, -63.560000,2026-06-20 00:10:00,GOES-19,CANDEIAS DO JAMARI,RONDÔNIA,Brasil,1100809,11,33,3,0.5,1.0,Amazônia,85.0
7eb8cac5-3f0c-3227-aee5-179bca1fb3a0, -13.206600, -50.349200,2026-06-20 00:10:00,GOES-19,SÃO MIGUEL DO ARAGUAIA,GOIÁS,Brasil,5220207,52,33,9,0.0,0.98,Cerrado,75.6
0b37a9c9-a6bb-354a-a540-edcaac173723, -10.692600, -60.751600,2026-06-20 00:10:00,GOES-19,RONDOLÂNDIA,MATO GROSSO,Brasil,5107578,51,33,0,0.0,0.89,Amazônia,69.4
151eeae5-0242-3c29-9cfc-a26a8b867677,  -9.015500, -63.541100,2026-06-20 00:10:00,GOES-19,CANDEIAS DO JAMARI,RONDÔNIA,Brasil,1100809,11,33,3,0.59,1.0,Amazônia,98.3
46e8b72c-4624-3253-83d2-62d2f5a82cea, -15.581500, -61.838600,2026-06-20 00:10:00,GOES-19,Ñuflo de Chávez,Santa Cruz,Bolivia,78,8,28,8,0.0,0.56,,61.0
73f21920-f364-3d69-ab40-d4ad4ea33dd0,  -9.034000, -63.540400,2026-06-20 00:10:00,GOES-19,CANDEIAS DO JAMARI,RONDÔNIA,Brasil,1100809,11,33,2,0.59,1.0,Amazônia,66.1
d4796cf2-1690-3e3f-b175-19241679702a, -15.600800, -61.837100,2026-06-20 00:10:00,GOES-19,Ñuflo de Chávez,Santa Cruz,Bolivia,78,8,28,8,0.0,0.37,,54.6
4aa271e1-7816-3058-be39-555f0bd9486d, -13.114200, -53.806200,2026-06-20 00:10:00,GOES-19,GAÚCHA DO NORTE,MATO GROSSO,Brasil,5103858,51,33,2,1.36,0.38,Amazônia,73.8
9dc66207-bafd-32cf-a4cd-9f913ac4889c, -13.133300, -53.804100,2026-06-20 00:10:00,GOES-19,GAÚCHA DO NORTE,MATO GROSSO,Brasil,5103858,51,33,2,1.29,0.39,Amazônia,120.2
d4facfce-c621-3451-9aac-78676be2f8c1, -13.114500, -53.785400,2026-06-20 00:10:00,GOES-19,GAÚCHA DO NORTE,MATO GROSSO,Brasil,5103858,51,33,2,1.06,0.65,Amazônia,198.1
2eb2feee-ed2e-3503-adc8-2f39c2767ec9, -13.133600, -53.783300,2026-06-20 00:10:00,GOES-19,GAÚCHA DO NORTE,MATO GROSSO,Brasil,5103858,51,33,2,0.98,0.79,Amazônia,344.5
73b24f55-c602-36a8-abef-92bbc6c572d2, -13.152800, -53.781200,2026-06-20 00:10:00,GOES-19,GAÚCHA DO NORTE,MATO GROSSO,Brasil,5103858,51,33,4,0.93,0.43,Amazônia,76.2
023747bd-c0f0-354e-bdce-b6f079c3fdb9, -12.553100, -45.017400,2026-06-20 00:20:00,GOES-19,SÃO DESIDÉRIO,BAHIA,Brasil,2928901,29,33,27,0.0,1.0,Cerrado,66.2
b764936b-0ac2-3350-b56b-fa27e5c846fc, -13.206600, -50.349200,2026-06-20 00:20:00,GOES-19,SÃO MIGUEL DO ARAGUAIA,GOIÁS,Brasil,5220207,52,33,9,0.0,0.98,Cerrado,139.1
f68ff552-0895-321c-97a1-d0dd9683e896, -13.133300, -53.804100,2026-06-20 00:20:00,GOES-19,GAÚCHA DO NORTE,MATO GROSSO,Brasil,5103858,51,33,2,1.29,0.39,Amazônia,83.2
4b5e30f8-00c8-3955-a074-43b2bdb0334d, -13.206900, -50.327500,2026-06-20 00:20:00,GOES-19,SÃO MIGUEL DO ARAGUAIA,GOIÁS,Brasil,5220207,52,33,9,0.0,1.0,Cerrado,87.8
0f6a500a-db7c-3235-80cf-fbc9167b564a,  -9.534300, -40.328200,2026-06-20 00:20:00,GOES-19,JUAZEIRO,BAHIA,Brasil,2918407,29,33,21,0.0,1.0,Caatinga,67.7
311445db-cc41-3b1f-9c61-93e2989f25e1,  -8.652600, -47.760200,2026-06-20 00:20:00,GOES-19,ITACAJÁ,TOCANTINS,Brasil,1710508,17,33,2,0.0,0.95,Cerrado,71.7
f12386ed-91a7-35c9-a199-01b9efb80e3a, -15.601000, -61.817400,2026-06-20 00:20:00,GOES-19,Ñuflo de Chávez,Santa Cruz,Bolivia,78,8,28,8,0.0,0.37,,48.6
3c16c6db-d85b-355a-8591-8310fa2a74e7,  -9.015400, -63.560000,2026-06-20 00:20:00,GOES-19,CANDEIAS DO JAMARI,RONDÔNIA,Brasil,1100809,11,33,3,0.5,1.0,Amazônia,50.2
208db9d0-b491-3010-a865-41cfd048bbca, -13.114200, -53.806200,2026-06-20 00:20:00,GOES-19,GAÚCHA DO NORTE,MATO GROSSO,Brasil,5103858,51,33,2,1.36,0.38,Amazônia,65.0
a34d3edc-1fe1-3d27-9318-de314dff5cf1,  -5.813000, -45.079900,2026-06-20 00:20:00,GOES-19,BARRA DO CORDA,MARANHÃO,Brasil,2101608,21,33,5,0.0,0.9,Cerrado,70.9
b41e39d1-9f1c-3fc8-9f48-f3166d1732f2, -13.133600, -53.783300,2026-06-20 00:20:00,GOES-19,GAÚCHA DO NORTE,MATO GROSSO,Brasil,5103858,51,33,2,0.98,0.79,Amazônia,143.4
998d6df7-6912-3632-9cf5-1c519661c4d6, -13.114500, -53.785400,2026-06-20 00:20:00,GOES-19,GAÚCHA DO NORTE,MATO GROSSO,Brasil,5103858,51,33,2,1.06,0.65,Amazônia,123.7
c1267fd3-5b18-3f80-8382-af1c4e1f7966,  -9.015500, -63.541100,2026-06-20 00:20:00,GOES-19,CANDEIAS DO JAMARI,RONDÔNIA,Brasil,1100809,11,33,3,0.59,1.0,Amazônia,59.9
2de37200-ab22-3efd-96fa-d756b64524f9, -15.600800, -61.837100,2026-06-20 00:20:00,GOES-19,Ñuflo de Chávez,Santa Cruz,Bolivia,78,8,28,8,0.0,0.37,,49.5
224dd8ef-121c-3ba8-8fc0-9ee974c05a0b,  11.047400, -71.950700,2026-06-20 00:20:00,GOES-19,Mara,Zulia,Venezuela,331,25,249,-999,0.0,1.0,,46.9
c535ac86-6bbb-3bc0-92e0-963d6ce69e29,  -8.633800, -47.762000,2026-06-20 00:20:00,GOES-19,ITACAJÁ,TOCANTINS,Brasil,1710508,17,33,2,0.0,0.96,Cerrado,52.9
73da5a3a-0b62-3c39-bf4e-13f34bc64191,  -9.033900, -63.559300,2026-06-20 00:20:00,GOES-19,CANDEIAS DO JAMARI,RONDÔNIA,Brasil,1100809,11,33,2,0.5,1.0,Amazônia,43.7
e2b88426-8cad-314a-8bf3-06c1eb74b8e5,  -9.034000, -63.540400,2026-06-20 00:20:00,GOES-19,CANDEIAS DO JAMARI,RONDÔNIA,Brasil,1100809,11,33,2,0.59,1.0,Amazônia,53.0
2ae24d04-45fe-3559-a4df-7b93b6f78ef0, -18.047600, -59.599100,2026-06-20 00:20:00,GOES-19,Chiquitos,Santa Cruz,Bolivia,80,8,28,4,0.0,0.46,,69.6
4a3e6d6c-7399-365c-9a35-fe1552d39991, -13.187400, -50.351700,2026-06-20 00:20:00,GOES-19,SÃO MIGUEL DO ARAGUAIA,GOIÁS,Brasil,5220207,52,33,9,0.0,1.0,Cerrado,65.5
e7c69f6c-5dd2-3400-b36e-1159bee4983c, -17.320760, -49.608300,2026-06-20 00:22:00,TERRA_M-M,PONTALINA,GOIÁS,Brasil,5217708,52,33,5,0.0,1.0,Cerrado,5.8
40e99f43-d49c-32a1-b107-5349d1d39216, -17.353560, -42.636250,2026-06-20 00:22:00,TERRA_M-M,MINAS NOVAS,MINAS GERAIS,Brasil,3141801,31,33,7,0.0,0.64,Cerrado,58.9
864226a9-0dc0-37bb-a846-abfffb1da5e5,  -9.563010, -48.677480,2026-06-20 00:24:00,TERRA_M-M,MIRANORTE,TOCANTINS,Brasil,1713304,17,33,24,0.0,1.0,Cerrado,9.5
baafd982-8fb4-3b09-9d1c-6d54348dcdce, -11.361120, -55.820690,2026-06-20 00:24:00,TERRA_M-M,SINOP,MATO GROSSO,Brasil,5107909,51,33,0,2.86,0.28,Amazônia,10.5
8c4409b7-3816-3483-bcc3-4ca99a93462b,  -8.653600, -47.773540,2026-06-20 00:24:00,TERRA_M-M,ITACAJÁ,TOCANTINS,Brasil,1710508,17,33,2,0.0,0.95,Cerrado,69.6
aa7d150d-a335-3f61-8cf9-6b01443a6f68,  -6.780960, -46.325940,2026-06-20 00:24:00,TERRA_M-M,FORMOSA DA SERRA NEGRA,MARANHÃO,Brasil,2104099,21,33,2,0.0,1.0,Cerrado,33.9
238737b9-4ac2-3a37-b2fc-9744b5af33da, -13.205930, -50.353240,2026-06-20 00:24:00,TERRA_M-M,SÃO MIGUEL DO ARAGUAIA,GOIÁS,Brasil,5220207,52,33,9,0.0,1.0,Cerrado,22.9
cc5cb2bd-fee0-3cfa-a2e3-b31d5920ac01,  -7.798290, -46.462680,2026-06-20 00:24:00,TERRA_M-M,RIACHÃO,MARANHÃO,Brasil,2109502,21,33,33,0.0,1.0,Cerrado,17.0
f8640e48-375a-3213-a83b-ad863911890a,  -9.751240, -47.881640,2026-06-20 00:24:00,TERRA_M-M,RIO SONO,TOCANTINS,Brasil,1718758,17,33,47,0.22,1.0,Cerrado,13.6
1a0414de-31a1-340f-aa81-a81ec26d5ad5, -13.288720, -45.220910,2026-06-20 00:24:00,TERRA_M-M,CORRENTINA,BAHIA,Brasil,2909307,29,33,28,0.0,1.0,Cerrado,29.2
d801971e-bb29-3bd3-89cc-6f54d4172260, -12.313350, -46.739650,2026-06-20 00:24:00,TERRA_M-M,TAGUATINGA,TOCANTINS,Brasil,1720903,17,33,28,0.0,1.0,Cerrado,14.1
e10c7e59-5ec0-3732-8f3d-302289e74930, -13.197150, -50.350680,2026-06-20 00:24:00,TERRA_M-M,SÃO MIGUEL DO ARAGUAIA,GOIÁS,Brasil,5220207,52,33,9,0.0,1.0,Cerrado,100.6
56e32747-621a-3049-92b0-4fae25a4b361, -11.311740, -54.734390,2026-06-20 00:24:00,TERRA_M-M,CLÁUDIA,MATO GROSSO,Brasil,5103056,51,33,9,1.21,0.42,Amazônia,26.4
9498c2b5-58dc-35e5-b18d-d5c70c59e5f0,  -8.648900, -47.742210,2026-06-20 00:24:00,TERRA_M-M,ITACAJÁ,TOCANTINS,Brasil,1710508,17,33,2,0.0,0.97,Cerrado,11.9
1e9f5806-c3cc-375c-b581-57a14461d441, -11.633460, -48.538900,2026-06-20 00:24:00,TERRA_M-M,PEIXE,TOCANTINS,Brasil,1716604,17,33,28,0.0,1.0,Cerrado,54.7
f357a16f-2894-36ed-8889-4fdb780e0d18,  -9.718030, -48.882520,2026-06-20 00:24:00,TERRA_M-M,ABREULÂNDIA,TOCANTINS,Brasil,1700251,17,33,17,0.0,1.0,Cerrado,34.2
3e88f5f2-57e1-39c3-8c8e-883a71c4156d, -12.135110, -48.267570,2026-06-20 00:24:00,TERRA_M-M,PEIXE,TOCANTINS,Brasil,1716604,17,33,28,0.0,1.0,Cerrado,9.5
d110dd86-1fac-3d68-8428-7f4439f06303, -12.544440, -45.009520,2026-06-20 00:24:00,TERRA_M-M,SÃO DESIDÉRIO,BAHIA,Brasil,2928901,29,33,27,0.0,1.0,Cerrado,55.3
b109e94e-7ad1-39b9-a908-373b5a71ddb6,  -7.809310, -46.455580,2026-06-20 00:24:00,TERRA_M-M,RIACHÃO,MARANHÃO,Brasil,2109502,21,33,35,0.0,1.0,Cerrado,13.0
a41d7b71-7bcf-38d7-b58f-20e318281410, -10.767970, -54.105460,2026-06-20 00:24:00,TERRA_M-M,MARCELÂNDIA,MATO GROSSO,Brasil,5105580,51,33,7,0.71,0.39,Amazônia,12.7
ccee2401-6a69-363c-8c97-aab80238ff2a, -11.310350, -54.723950,2026-06-20 00:24:00,TERRA_M-M,CLÁUDIA,MATO GROSSO,Brasil,5103056,51,33,9,1.17,0.42,Amazônia,25.1
f0d06656-530c-30c8-a5bb-a2d417b28f9c,  -7.295540, -55.320130,2026-06-20 00:24:00,TERRA_M-M,NOVO PROGRESSO,PARÁ,Brasil,1505031,15,33,7,7.66,0.46,Amazônia,24.2
5bf2e0e7-fad6-3c42-8e00-f571f7cc19ee,  -8.983860, -47.982890,2026-06-20 00:24:00,TERRA_M-M,BOM JESUS DO TOCANTINS,TOCANTINS,Brasil,1703305,17,33,8,0.0,1.0,Cerrado,21.4
fc93cb7d-fe7b-3fd4-b36d-9a2cf8440058, -13.123790, -53.783630,2026-06-20 00:24:00,TERRA_M-M,GAÚCHA DO NORTE,MATO GROSSO,Brasil,5103858,51,33,2,1.04,0.77,Amazônia,184.3
08244181-11d8-3351-a297-2fae87afa637,  -7.634230, -50.023360,2026-06-20 00:24:00,TERRA_M-M,RIO MARIA,PARÁ,Brasil,1506161,15,33,3,0.0,1.0,Amazônia,11.1
4b9d7777-65f3-3fc1-90c5-b95ecd95ce20,  -8.637410, -47.743990,2026-06-20 00:24:00,TERRA_M-M,ITACAJÁ,TOCANTINS,Brasil,1710508,17,33,2,0.0,0.96,Cerrado,46.8
23431038-7016-3f95-a2d8-0b480231d57d, -13.511200, -54.433380,2026-06-20 00:24:00,TERRA_M-M,PARANATINGA,MATO GROSSO,Brasil,5106307,51,33,5,5.01,1.0,Cerrado,6.7
455935c1-bc30-3fcb-9e7e-5470ac35cc69, -13.142250, -53.781010,2026-06-20 00:24:00,TERRA_M-M,GAÚCHA DO NORTE,MATO GROSSO,Brasil,5103858,51,33,2,0.92,0.56,Amazônia,15.3
10405110-5f4f-3aff-97c1-d87897491f0f, -11.315830, -54.727530,2026-06-20 00:24:00,TERRA_M-M,CLÁUDIA,MATO GROSSO,Brasil,5103056,51,33,9,1.09,0.43,Amazônia,5.4
56d05a5c-381e-3f71-abd0-3796019d6e2c, -13.144810, -53.800790,2026-06-20 00:24:00,TERRA_M-M,GAÚCHA DO NORTE,MATO GROSSO,Brasil,5103858,51,33,2,1.21,0.4,Amazônia,6.2
1d18f3db-b644-3244-b02c-a90c6497aec8, -13.143530, -53.790890,2026-06-20 00:24:00,TERRA_M-M,GAÚCHA DO NORTE,MATO GROSSO,Brasil,5103858,51,33,2,1.11,0.41,Amazônia,29.7
07b88c13-d04b-3385-abb1-c0c82f289e8b, -12.550040, -54.587960,2026-06-20 00:24:00,TERRA_M-M,NOVA UBIRATÃ,MATO GROSSO,Brasil,5106240,51,33,12,0.2,0.6,Amazônia,5.4
64c7165f-4c47-3de3-b3f1-e3ccccf303b3, -10.776300, -54.108180,2026-06-20 00:24:00,TERRA_M-M,MARCELÂNDIA,MATO GROSSO,Brasil,5105580,51,33,7,0.72,0.39,Amazônia,4.7
ddb80c2b-9f63-3fff-bb96-307d22bb9e17, -10.596590, -44.323140,2026-06-20 00:24:00,TERRA_M-M,SANTA RITA DE CÁSSIA,BAHIA,Brasil,2928406,29,33,28,0.0,0.98,Cerrado,38.8
f3cc5c24-ecb8-38b1-8437-794ea9127772, -11.072480, -52.480800,2026-06-20 00:24:00,TERRA_M-M,SÃO JOSÉ DO XINGU,MATO GROSSO,Brasil,5107354,51,33,2,0.71,0.37,Amazônia,9.1
0cc0cd3b-0143-364e-aa02-8a4c4d3a2d2e, -13.204540, -50.343680,2026-06-20 00:24:00,TERRA_M-M,SÃO MIGUEL DO ARAGUAIA,GOIÁS,Brasil,5220207,52,33,9,0.0,0.8,Cerrado,162.5
2659412f-4d49-373f-b39b-bfa4abf60ee1, -13.117460, -53.790500,2026-06-20 00:24:00,TERRA_M-M,GAÚCHA DO NORTE,MATO GROSSO,Brasil,5103858,51,33,2,1.11,0.4,Amazônia,56.2
242bd5ed-3a85-3488-8545-5643694a945f, -13.134300, -53.792210,2026-06-20 00:24:00,TERRA_M-M,GAÚCHA DO NORTE,MATO GROSSO,Brasil,5103858,51,33,2,1.12,0.41,Amazônia,118.7
663f83b8-4810-395e-a13a-5fb58c85552e, -12.785150, -44.495580,2026-06-20 00:24:00,TERRA_M-M,BAIANÓPOLIS,BAHIA,Brasil,2902500,29,33,28,0.0,1.0,Cerrado,29.4
5907ba38-3919-360c-a525-d7672f1fbbbf, -14.911640, -52.001110,2026-06-20 00:24:00,TERRA_M-M,ARAGUAIANA,MATO GROSSO,Brasil,5101001,51,33,28,0.0,0.99,Cerrado,7.6
6bae10fd-d00e-3ce5-961b-3a0b5aabcdfc, -13.135580, -53.802120,2026-06-20 00:24:00,TERRA_M-M,GAÚCHA DO NORTE,MATO GROSSO,Brasil,5103858,51,33,2,1.25,0.4,Amazônia,13.0
051e4da0-9709-35a1-8126-dcc3bc4ae420, -12.518720, -48.296910,2026-06-20 00:24:00,TERRA_M-M,SÃO SALVADOR DO TOCANTINS,TOCANTINS,Brasil,1720259,17,33,28,0.0,1.0,Cerrado,43.3
e8cc18ab-58dc-3845-8003-8aad13d3e582,  -6.779700, -46.341670,2026-06-20 00:24:00,TERRA_M-M,FORMOSA DA SERRA NEGRA,MARANHÃO,Brasil,2104099,21,33,2,0.0,1.0,Cerrado,39.7
0e1ad8fc-d282-33da-b95c-923a83aedd6d, -13.126350, -53.803470,2026-06-20 00:24:00,TERRA_M-M,GAÚCHA DO NORTE,MATO GROSSO,Brasil,5103858,51,33,2,1.27,0.39,Amazônia,16.0
8821716e-17ab-3fe0-a0bf-6df25b6668cd, -13.133020, -53.782310,2026-06-20 00:24:00,TERRA_M-M,GAÚCHA DO NORTE,MATO GROSSO,Brasil,5103858,51,33,2,0.96,0.85,Amazônia,143.2
af6e0797-60e3-3053-b0ef-38e1c8123a19, -10.060130, -48.094940,2026-06-20 00:24:00,TERRA_M-M,APARECIDA DO RIO NEGRO,TOCANTINS,Brasil,1701101,17,33,38,0.8,0.8,Cerrado,17.7
285956d3-53f5-33bc-a059-f42d12546c17,  -8.983230, -47.977320,2026-06-20 00:24:00,TERRA_M-M,BOM JESUS DO TOCANTINS,TOCANTINS,Brasil,1703305,17,33,8,0.0,1.0,Cerrado,31.1
858abebb-7615-39fd-82f2-5b631981044b, -13.509840, -54.422710,2026-06-20 00:24:00,TERRA_M-M,PARANATINGA,MATO GROSSO,Brasil,5106307,51,33,5,4.6,0.71,Cerrado,8.5
6f456615-4271-3397-95be-ac94a71531af, -12.543700, -45.026490,2026-06-20 00:24:00,TERRA_M-M,SÃO DESIDÉRIO,BAHIA,Brasil,2928901,29,33,27,0.0,1.0,Cerrado,76.3
15b25726-9726-3071-8ed5-f73e37bdefee,  -6.784220, -46.347420,2026-06-20 00:24:00,TERRA_M-M,FORMOSA DA SERRA NEGRA,MARANHÃO,Brasil,2104099,21,33,2,0.0,1.0,Cerrado,25.0
81eb437e-3fba-3fb6-ac08-2d8174609b66, -10.769260, -54.115100,2026-06-20 00:24:00,TERRA_M-M,MARCELÂNDIA,MATO GROSSO,Brasil,5105580,51,33,7,0.67,0.39,Amazônia,9.0
913ffa1d-3117-3536-8933-197030d680e8, -13.118770, -53.800400,2026-06-20 00:24:00,TERRA_M-M,GAÚCHA DO NORTE,MATO GROSSO,Brasil,5103858,51,33,2,1.27,0.39,Amazônia,16.8
e3ee7e68-12dd-36e4-802d-f0f30c011285, -11.627840, -50.397690,2026-06-20 00:24:00,TERRA_M-M,FORMOSO DO ARAGUAIA,TOCANTINS,Brasil,1708205,17,33,38,0.0,0.99,Cerrado,14.6
d4298351-6f8c-31b2-bef0-81eca787255b, -10.467190, -49.100550,2026-06-20 00:24:00,TERRA_M-M,PIUM,TOCANTINS,Brasil,1717503,17,33,37,0.0,1.0,Cerrado,11.7
f3d4ddd3-0fe3-3f63-89ca-674d49e9b2f4, -11.302250, -54.735710,2026-06-20 00:24:00,TERRA_M-M,CLÁUDIA,MATO GROSSO,Brasil,5103056,51,33,9,1.39,0.47,Amazônia,12.6
80f5b6ae-6653-3fa9-8f67-a6a8bbf1801e,  -7.527260, -49.643840,2026-06-20 00:24:00,TERRA_M-M,FLORESTA DO ARAGUAIA,PARÁ,Brasil,1503044,15,33,33,0.0,1.0,Amazônia,7.0
1818aae6-e4be-359f-a8a5-93a7fb77e14b,  -5.812230, -45.078640,2026-06-20 00:24:00,TERRA_M-M,BARRA DO CORDA,MARANHÃO,Brasil,2101608,21,33,5,0.0,0.89,Cerrado,84.2
645d2cf4-2a3e-3c0c-aa3b-7755a6879d5a, -10.121110, -52.196330,2026-06-20 00:24:00,TERRA_M-M,SANTA CRUZ DO XINGU,MATO GROSSO,Brasil,5107743,51,33,16,3.99,0.41,Amazônia,5.7
551fb594-d3da-3989-9c01-97187b2c4236, -13.116140, -53.780590,2026-06-20 00:24:00,TERRA_M-M,GAÚCHA DO NORTE,MATO GROSSO,Brasil,5103858,51,33,2,1.01,0.95,Amazônia,56.6
bf91ecdc-c10f-30df-918f-70ea66b3070c, -11.890430, -43.834340,2026-06-20 00:24:00,TERRA_M-M,WANDERLEY,BAHIA,Brasil,2933455,29,33,25,0.0,1.0,Cerrado,27.0
4e4609cf-de81-3c7f-9679-2b5c20e66570, -10.049250, -48.096790,2026-06-20 00:24:00,TERRA_M-M,APARECIDA DO RIO NEGRO,TOCANTINS,Brasil,1701101,17,33,39,0.76,0.92,Cerrado,15.5
d7207737-b93f-3f38-98e3-bb32ad4c4bb2, -12.556920, -45.024010,2026-06-20 00:24:00,TERRA_M-M,SÃO DESIDÉRIO,BAHIA,Brasil,2928901,29,33,27,0.0,1.0,Cerrado,34.8
af6089f2-1d81-3360-8d37-d003ab165652, -10.588730, -51.779530,2026-06-20 00:24:00,TERRA_M-M,CONFRESA,MATO GROSSO,Brasil,5103353,51,33,36,0.0,1.0,Amazônia,6.3
557b5d2a-e42e-39eb-a500-d993341ed3e9,  -8.639770, -47.759660,2026-06-20 00:24:00,TERRA_M-M,ITACAJÁ,TOCANTINS,Brasil,1710508,17,33,2,0.0,0.96,Cerrado,56.2
e0baac85-7972-3874-9c25-2c1ee616bcbe,  -8.651260, -47.757930,2026-06-20 00:24:00,TERRA_M-M,ITACAJÁ,TOCANTINS,Brasil,1710508,17,33,2,0.0,0.95,Cerrado,34.0
338cfbbc-08b7-38f4-8f85-caec891ee281, -11.063650, -52.482070,2026-06-20 00:24:00,TERRA_M-M,SÃO JOSÉ DO XINGU,MATO GROSSO,Brasil,5107354,51,33,2,0.69,0.37,Amazônia,11.8
91bf61b1-10b4-302c-adc1-2c92c141da13, -13.519410, -54.421370,2026-06-20 00:24:00,TERRA_M-M,PARANATINGA,MATO GROSSO,Brasil,5106307,51,33,5,4.75,0.7,Cerrado,8.3
39661d31-3fb0-32a7-ad0f-93ab1520d6ef, -13.125070, -53.793540,2026-06-20 00:24:00,TERRA_M-M,GAÚCHA DO NORTE,MATO GROSSO,Brasil,5103858,51,33,2,1.14,0.4,Amazônia,116.6
5295f590-3ae9-32e2-b763-5f064d7408b4,  -7.364380, -49.860780,2026-06-20 00:24:00,TERRA_M-M,RIO MARIA,PARÁ,Brasil,1506161,15,33,10,0.0,0.92,Amazônia,22.7
ffbb33d0-e059-301a-b0f1-cb11868f7c45, -12.922610, -49.487780,2026-06-20 00:24:00,TERRA_M-M,ARAGUAÇU,TOCANTINS,Brasil,1702000,17,33,14,0.0,1.0,Cerrado,7.6
b32837da-b530-3f7c-9c0a-cb0a5801e4d6, -10.465420, -49.088770,2026-06-20 00:24:00,TERRA_M-M,PIUM,TOCANTINS,Brasil,1717503,17,33,41,0.0,1.0,Cerrado,11.9
d38869ff-04e2-364a-a050-c036b7ac4baa, -13.195780, -50.341080,2026-06-20 00:24:00,TERRA_M-M,SÃO MIGUEL DO ARAGUAIA,GOIÁS,Brasil,5220207,52,33,9,0.0,0.98,Cerrado,84.7
57f2efc6-eba6-3334-b2db-26c28424983c, -13.301620, -45.218880,2026-06-20 00:24:00,TERRA_M-M,CORRENTINA,BAHIA,Brasil,2909307,29,33,27,0.0,0.99,Cerrado,42.3
54bf68f7-8352-31c5-8731-3b3772af1d3f,  -9.749000, -47.866970,2026-06-20 00:24:00,TERRA_M-M,RIO SONO,TOCANTINS,Brasil,1718758,17,33,52,0.13,1.0,Cerrado,8.6
c5974d06-49d8-3f50-b32b-c5db4c35e564, -13.106920, -53.781930,2026-06-20 00:24:00,TERRA_M-M,GAÚCHA DO NORTE,MATO GROSSO,Brasil,5103858,51,33,2,1.02,0.5,Amazônia,5.2
26185b10-6f48-3d23-bf8c-8f5f63550dad, -11.062420, -52.473130,2026-06-20 00:24:00,TERRA_M-M,SÃO JOSÉ DO XINGU,MATO GROSSO,Brasil,5107354,51,33,1,0.61,0.38,Amazônia,6.3
11eb611d-afb1-37c7-962f-fc75bbde0ace, -10.595690, -44.328760,2026-06-20 00:24:00,TERRA_M-M,SANTA RITA DE CÁSSIA,BAHIA,Brasil,2928406,29,33,28,0.0,0.98,Cerrado,38.4
ee49d08b-c844-385f-a6db-e0cff9eb3e33, -12.657750, -47.679290,2026-06-20 00:24:00,TERRA_M-M,PARANÃ,TOCANTINS,Brasil,1716208,17,33,58,0.0,1.0,Cerrado,10.5
dcddb642-ee04-323c-b68f-0a7cbb8cc477,  -7.294210, -55.310090,2026-06-20 00:24:00,TERRA_M-M,NOVO PROGRESSO,PARÁ,Brasil,1505031,15,33,7,8.14,0.43,Amazônia,6.0
1fef9cf9-11b0-3cdf-bdf8-a4c4dc72ec98, -11.358900, -52.953410,2026-06-20 00:24:00,TERRA_M-M,SÃO FÉLIX DO ARAGUAIA,MATO GROSSO,Brasil,5107859,51,33,0,3.23,0.33,Amazônia,5.5
23df6b58-6817-3b5b-9ca7-95c19bf3ce71, -12.547990, -45.031230,2026-06-20 00:24:00,TERRA_M-M,SÃO DESIDÉRIO,BAHIA,Brasil,2928901,29,33,27,0.0,1.0,Cerrado,73.7
4ea2a652-b5ed-3817-8092-77bc5ee8a6c6,  -8.981650, -47.967960,2026-06-20 00:24:00,TERRA_M-M,BOM JESUS DO TOCANTINS,TOCANTINS,Brasil,1703305,17,33,8,0.0,1.0,Cerrado,11.5
a61d4dcd-32ef-3e52-a1ac-d57c6fc75b71,  -9.719900, -48.895030,2026-06-20 00:24:00,TERRA_M-M,ABREULÂNDIA,TOCANTINS,Brasil,1700251,17,33,19,0.0,0.88,Cerrado,6.0
dac08d24-0f2d-3563-a711-b39f379baea9,  -4.349290, -47.769890,2026-06-20 00:26:00,TERRA_M-M,DOM ELISEU,PARÁ,Brasil,1502939,15,33,0,0.0,0.24,Amazônia,18.8
13f2641d-8717-3797-afd4-819332e474eb, -13.206600, -50.349200,2026-06-20 00:30:00,GOES-19,SÃO MIGUEL DO ARAGUAIA,GOIÁS,Brasil,5220207,52,33,9,0.0,0.98,Cerrado,140.1
3de80b85-eadf-3c8f-912a-73e0c00a8a9e, -15.600800, -61.837100,2026-06-20 00:30:00,GOES-19,Ñuflo de Chávez,Santa Cruz,Bolivia,78,8,28,8,0.0,0.37,,54.2
f08847c7-5d71-37e6-a8f1-561e16339a1f, -13.206900, -50.327500,2026-06-20 00:30:00,GOES-19,SÃO MIGUEL DO ARAGUAIA,GOIÁS,Brasil,5220207,52,33,9,0.0,1.0,Cerrado,74.6
8e95a45c-55b8-389f-b6e8-9ad7d8cc62cd, -13.187400, -50.351700,2026-06-20 00:30:00,GOES-19,SÃO MIGUEL DO ARAGUAIA,GOIÁS,Brasil,5220207,52,33,9,0.0,1.0,Cerrado,54.6
4815d937-1c9a-39ce-824a-166954306cbf,  -8.652600, -47.760200,2026-06-20 00:30:00,GOES-19,ITACAJÁ,TOCANTINS,Brasil,1710508,17,33,2,0.0,0.95,Cerrado,66.9
1dad7862-e675-3842-b442-4df8bc62047d, -13.133900, -53.762500,2026-06-20 00:30:00,GOES-19,GAÚCHA DO NORTE,MATO GROSSO,Brasil,5103858,51,33,2,0.73,0.59,Amazônia,57.5
d9a29855-930e-3fe4-98d1-f0b54fc9eadf,  -9.015500, -63.541100,2026-06-20 00:30:00,GOES-19,CANDEIAS DO JAMARI,RONDÔNIA,Brasil,1100809,11,33,3,0.59,1.0,Amazônia,74.6
d5ff6c83-1b3d-387a-bb19-0c88fc5e688e, -12.553100, -45.017400,2026-06-20 00:30:00,GOES-19,SÃO DESIDÉRIO,BAHIA,Brasil,2928901,29,33,27,0.0,1.0,Cerrado,58.7
f0534c97-2fd6-33e4-9cb1-a8b9bbb19596,  -9.034000, -63.540400,2026-06-20 00:30:00,GOES-19,CANDEIAS DO JAMARI,RONDÔNIA,Brasil,1100809,11,33,2,0.59,1.0,Amazônia,69.1
6c098a23-26b3-32d4-9361-656ab774f32e,  -9.015400, -63.560000,2026-06-20 00:30:00,GOES-19,CANDEIAS DO JAMARI,RONDÔNIA,Brasil,1100809,11,33,3,0.5,1.0,Amazônia,73.6
d784b24a-01ab-3b74-8375-d35a915ae239, -13.114500, -53.785400,2026-06-20 00:30:00,GOES-19,GAÚCHA DO NORTE,MATO GROSSO,Brasil,5103858,51,33,2,1.06,0.65,Amazônia,97.3
3c081b43-1434-3a1e-8558-760befe3ede1, -18.047600, -59.599100,2026-06-20 00:30:00,GOES-19,Chiquitos,Santa Cruz,Bolivia,80,8,28,4,0.0,0.46,,94.8
41886b34-dd67-3a72-867b-fd5231db733b, -13.133600, -53.783300,2026-06-20 00:30:00,GOES-19,GAÚCHA DO NORTE,MATO GROSSO,Brasil,5103858,51,33,2,0.98,0.79,Amazônia,174.9
5771a52b-c7d9-37a6-aa90-bc4c2e18e310,  -9.033900, -63.559300,2026-06-20 00:30:00,GOES-19,CANDEIAS DO JAMARI,RONDÔNIA,Brasil,1100809,11,33,2,0.5,1.0,Amazônia,67.1
b426bf50-ac2a-3dcc-9c09-6e448c26d87c, -13.133300, -53.804100,2026-06-20 00:30:00,GOES-19,GAÚCHA DO NORTE,MATO GROSSO,Brasil,5103858,51,33,2,1.29,0.39,Amazônia,92.6
ca6b033d-36a5-3e5d-97f2-414cde3a94f4,  -9.033900, -63.559300,2026-06-20 00:40:00,GOES-19,CANDEIAS DO JAMARI,RONDÔNIA,Brasil,1100809,11,33,2,0.5,1.0,Amazônia,40.2
db3036ff-0f6d-371b-9077-f990eff981bf,  -5.813000, -45.079900,2026-06-20 00:40:00,GOES-19,BARRA DO CORDA,MARANHÃO,Brasil,2101608,21,33,5,0.0,0.9,Cerrado,61.5
f670daf4-ec33-3192-a63c-7aa3d13e016f,  -9.015500, -63.541100,2026-06-20 00:40:00,GOES-19,CANDEIAS DO JAMARI,RONDÔNIA,Brasil,1100809,11,33,3,0.59,1.0,Amazônia,71.9
df171dfa-f1e8-3436-b4a7-f1a09c511cec,  -9.015400, -63.560000,2026-06-20 00:40:00,GOES-19,CANDEIAS DO JAMARI,RONDÔNIA,Brasil,1100809,11,33,3,0.5,1.0,Amazônia,60.5
95311aa3-8c1e-3559-be50-a8a112e0a1cd, -12.553100, -45.017400,2026-06-20 00:40:00,GOES-19,SÃO DESIDÉRIO,BAHIA,Brasil,2928901,29,33,27,0.0,1.0,Cerrado,93.6
d073a9e3-7994-3139-9433-ba89b2f3d481, -13.133600, -53.783300,2026-06-20 00:40:00,GOES-19,GAÚCHA DO NORTE,MATO GROSSO,Brasil,5103858,51,33,2,0.98,0.79,Amazônia,66.6
b6fb2237-b065-362f-9642-08e8bfc58051,  -9.034000, -63.540400,2026-06-20 00:40:00,GOES-19,CANDEIAS DO JAMARI,RONDÔNIA,Brasil,1100809,11,33,2,0.59,1.0,Amazônia,47.1
249ef552-f5f5-39eb-bfd1-1cb62c55ecc2,  -8.652600, -47.760200,2026-06-20 00:40:00,GOES-19,ITACAJÁ,TOCANTINS,Brasil,1710508,17,33,2,0.0,0.95,Cerrado,67.7
4f617083-38d8-36f4-a9fa-20689fa879b0, -13.206900, -50.327500,2026-06-20 00:40:00,GOES-19,SÃO MIGUEL DO ARAGUAIA,GOIÁS,Brasil,5220207,52,33,9,0.0,1.0,Cerrado,64.1
b2439659-d3f9-3532-91ae-cd97d3df4e70, -17.773300, -60.915000,2026-06-20 00:40:00,GOES-19,Chiquitos,Santa Cruz,Bolivia,80,8,28,8,0.0,0.87,,64.5
07b8a382-2236-31f1-9d76-8858063351e6, -13.206600, -50.349200,2026-06-20 00:40:00,GOES-19,SÃO MIGUEL DO ARAGUAIA,GOIÁS,Brasil,5220207,52,33,9,0.0,0.98,Cerrado,97.9
fb2a3816-c5a1-3fd1-840c-db65f04588e1, -13.133300, -53.804100,2026-06-20 00:50:00,GOES-19,GAÚCHA DO NORTE,MATO GROSSO,Brasil,5103858,51,33,2,1.29,0.39,Amazônia,65.3
408cea24-8b87-3e7c-a74b-23daad81f17c, -13.187400, -50.351700,2026-06-20 00:50:00,GOES-19,SÃO MIGUEL DO ARAGUAIA,GOIÁS,Brasil,5220207,52,33,9,0.0,1.0,Cerrado,65.7
a0e2d4bb-9027-3b8f-a866-ba6978c2f23d, -15.601000, -61.817400,2026-06-20 00:50:00,GOES-19,Ñuflo de Chávez,Santa Cruz,Bolivia,78,8,28,8,0.0,0.37,,58.9
b2e859f9-03b0-3ae8-ab91-960ca37ee415,  -8.652600, -47.760200,2026-06-20 00:50:00,GOES-19,ITACAJÁ,TOCANTINS,Brasil,1710508,17,33,2,0.0,0.95,Cerrado,61.3
3bd7771e-d0e9-3e0e-9b9e-e61360636024, -17.773300, -60.915000,2026-06-20 00:50:00,GOES-19,Chiquitos,Santa Cruz,Bolivia,80,8,28,8,0.0,0.87,,60.4
921676bb-a182-3e8e-8c7e-f90b60563c60, -13.206900, -50.327500,2026-06-20 00:50:00,GOES-19,SÃO MIGUEL DO ARAGUAIA,GOIÁS,Brasil,5220207,52,33,9,0.0,1.0,Cerrado,63.3
64f6797a-7acd-34ce-afcc-b55950b78424,  -9.015500, -63.541100,2026-06-20 00:50:00,GOES-19,CANDEIAS DO JAMARI,RONDÔNIA,Brasil,1100809,11,33,3,0.59,1.0,Amazônia,62.9
b4f99ae1-d40f-3a5d-8fc8-deb4b1fba7bb,  -9.033900, -63.559300,2026-06-20 00:50:00,GOES-19,CANDEIAS DO JAMARI,RONDÔNIA,Brasil,1100809,11,33,2,0.5,1.0,Amazônia,34.9
cb14e521-266a-3d7c-bb2a-27c3a0e9b1dc, -13.114500, -53.785400,2026-06-20 00:50:00,GOES-19,GAÚCHA DO NORTE,MATO GROSSO,Brasil,5103858,51,33,2,1.06,0.65,Amazônia,101.2
d25f9ef5-47d8-3db7-b5e3-d75fb861e73a,  -9.034000, -63.540400,2026-06-20 00:50:00,GOES-19,CANDEIAS DO JAMARI,RONDÔNIA,Brasil,1100809,11,33,2,0.59,1.0,Amazônia,47.7
97d404e9-7675-31ce-9557-d58341586d8c, -15.601200, -61.797800,2026-06-20 00:50:00,GOES-19,Ñuflo de Chávez,Santa Cruz,Bolivia,78,8,28,7,0.0,0.37,,49.7
b107ff3c-3113-324c-8aac-2812dbaed0c8, -15.600800, -61.837100,2026-06-20 00:50:00,GOES-19,Ñuflo de Chávez,Santa Cruz,Bolivia,78,8,28,8,0.0,0.37,,57.5
f646504e-ef37-3b5b-b375-e1a7c5b1c768, -12.553100, -45.017400,2026-06-20 00:50:00,GOES-19,SÃO DESIDÉRIO,BAHIA,Brasil,2928901,29,33,27,0.0,1.0,Cerrado,87.2
6cc1a456-ad7c-35c7-b509-17857ba520d9, -13.133600, -53.783300,2026-06-20 00:50:00,GOES-19,GAÚCHA DO NORTE,MATO GROSSO,Brasil,5103858,51,33,2,0.98,0.79,Amazônia,123.0
55fa62dc-d73b-3e1f-80f1-ffa138630959, -12.533900, -45.020400,2026-06-20 00:50:00,GOES-19,SÃO DESIDÉRIO,BAHIA,Brasil,2928901,29,33,27,0.0,1.0,Cerrado,52.8
2bf44dbd-d0c7-3617-8087-88ef513b6bd3, -13.206600, -50.349200,2026-06-20 00:50:00,GOES-19,SÃO MIGUEL DO ARAGUAIA,GOIÁS,Brasil,5220207,52,33,9,0.0,0.98,Cerrado,109.7
daf3da42-b245-384f-8e30-06073efe4aad,  -9.015400, -63.560000,2026-06-20 00:50:00,GOES-19,CANDEIAS DO JAMARI,RONDÔNIA,Brasil,1100809,11,33,3,0.5,1.0,Amazônia,47.0
74ca5b9a-f120-3895-9dfe-738dbd8effb3, -13.133900, -53.762500,2026-06-20 00:50:00,GOES-19,GAÚCHA DO NORTE,MATO GROSSO,Brasil,5103858,51,33,2,0.73,0.59,Amazônia,61.6
146265de-db71-30d5-9ca9-9fd14fa20f4f, -12.553600, -44.994100,2026-06-20 01:00:00,GOES-19,SÃO DESIDÉRIO,BAHIA,Brasil,2928901,29,33,26,0.0,1.0,Cerrado,48.1
fc75b65a-3f22-3f7c-9a62-d8600f3996bf,  -8.652600, -47.760200,2026-06-20 01:00:00,GOES-19,ITACAJÁ,TOCANTINS,Brasil,1710508,17,33,2,0.0,0.95,Cerrado,61.5
0bbbb0c3-c3cc-3063-9f5f-efe381906112, -12.553100, -45.017400,2026-06-20 01:00:00,GOES-19,SÃO DESIDÉRIO,BAHIA,Brasil,2928901,29,33,27,0.0,1.0,Cerrado,125.2
f976e135-8e27-3981-bb83-9ce1a2c23b24, -13.114800, -53.764600,2026-06-20 01:00:00,GOES-19,GAÚCHA DO NORTE,MATO GROSSO,Brasil,5103858,51,33,2,0.75,0.71,Amazônia,59.3
ec2f7058-0c71-35f6-a34c-2179d2255785, -13.133600, -53.783300,2026-06-20 01:00:00,GOES-19,GAÚCHA DO NORTE,MATO GROSSO,Brasil,5103858,51,33,2,0.98,0.79,Amazônia,199.4
fcef7dc0-8707-3fc2-a618-749770e8d0cc,  -9.033900, -63.559300,2026-06-20 01:00:00,GOES-19,CANDEIAS DO JAMARI,RONDÔNIA,Brasil,1100809,11,33,2,0.5,1.0,Amazônia,60.4
707b4108-cb09-34c7-a4b0-ad35132bd824,  -9.015400, -63.560000,2026-06-20 01:00:00,GOES-19,CANDEIAS DO JAMARI,RONDÔNIA,Brasil,1100809,11,33,3,0.5,1.0,Amazônia,64.7
5fbddbfa-819a-30b7-977c-e32a81aa52ae,  -9.015500, -63.541100,2026-06-20 01:00:00,GOES-19,CANDEIAS DO JAMARI,RONDÔNIA,Brasil,1100809,11,33,3,0.59,1.0,Amazônia,72.1
bb77bee4-6c1e-3cca-bacf-34641498c9c3, -15.601000, -61.817400,2026-06-20 01:00:00,GOES-19,Ñuflo de Chávez,Santa Cruz,Bolivia,78,8,28,8,0.0,0.37,,51.4
8b79a81d-2709-3722-86c0-67a7ad6e6c4f, -13.133900, -53.762500,2026-06-20 01:00:00,GOES-19,GAÚCHA DO NORTE,MATO GROSSO,Brasil,5103858,51,33,2,0.73,0.59,Amazônia,66.3
c2f637e1-ec7d-3468-a8ca-723674bae729, -13.133300, -53.804100,2026-06-20 01:00:00,GOES-19,GAÚCHA DO NORTE,MATO GROSSO,Brasil,5103858,51,33,2,1.29,0.39,Amazônia,82.2
669a6272-95f7-3abf-8fa9-022e4ec20a1e, -13.206600, -50.349200,2026-06-20 01:00:00,GOES-19,SÃO MIGUEL DO ARAGUAIA,GOIÁS,Brasil,5220207,52,33,9,0.0,0.98,Cerrado,102.1
2f7cd4f7-4f22-34d6-ad20-01cd40e19560, -13.206900, -50.327500,2026-06-20 01:00:00,GOES-19,SÃO MIGUEL DO ARAGUAIA,GOIÁS,Brasil,5220207,52,33,9,0.0,1.0,Cerrado,63.0
45329bad-2f90-37c1-90a9-85a593858aa8,  -9.034000, -63.540400,2026-06-20 01:00:00,GOES-19,CANDEIAS DO JAMARI,RONDÔNIA,Brasil,1100809,11,33,2,0.59,1.0,Amazônia,67.0
ddadec90-06a1-381e-841c-5140d0cf1e2f, -13.114500, -53.785400,2026-06-20 01:00:00,GOES-19,GAÚCHA DO NORTE,MATO GROSSO,Brasil,5103858,51,33,2,1.06,0.65,Amazônia,126.7
58513c97-009b-3c78-9671-b38907d5ba78, -12.553100, -45.017400,2026-06-20 01:10:00,GOES-19,SÃO DESIDÉRIO,BAHIA,Brasil,2928901,29,33,27,0.0,1.0,Cerrado,156.5
9ff31e4f-76c6-324d-96c9-a9dfce4bc145, -13.114500, -53.785400,2026-06-20 01:10:00,GOES-19,GAÚCHA DO NORTE,MATO GROSSO,Brasil,5103858,51,33,2,1.06,0.65,Amazônia,80.2
473a2a65-eac6-3927-b19d-b05c97e6e2a2,  -9.015400, -63.560000,2026-06-20 01:10:00,GOES-19,CANDEIAS DO JAMARI,RONDÔNIA,Brasil,1100809,11,33,3,0.5,1.0,Amazônia,61.0
48b277e4-af15-3d65-9505-f90235fe9476, -13.206600, -50.349200,2026-06-20 01:10:00,GOES-19,SÃO MIGUEL DO ARAGUAIA,GOIÁS,Brasil,5220207,52,33,9,0.0,0.98,Cerrado,108.6
9b7c4420-a963-3fef-9062-d75571d4fa70,  -8.652600, -47.760200,2026-06-20 01:10:00,GOES-19,ITACAJÁ,TOCANTINS,Brasil,1710508,17,33,2,0.0,0.95,Cerrado,65.0
aba927f8-5e8d-3269-83e2-aad4ea3e1b0f,  -9.033900, -63.559300,2026-06-20 01:10:00,GOES-19,CANDEIAS DO JAMARI,RONDÔNIA,Brasil,1100809,11,33,2,0.5,1.0,Amazônia,53.0
894b7828-e1a8-37cc-aaed-dda370bdcb1e,  -9.015500, -63.541100,2026-06-20 01:10:00,GOES-19,CANDEIAS DO JAMARI,RONDÔNIA,Brasil,1100809,11,33,3,0.59,1.0,Amazônia,75.0
9beb966b-8308-343a-8bb3-63d1431f5ae9,  -9.034000, -63.540400,2026-06-20 01:10:00,GOES-19,CANDEIAS DO JAMARI,RONDÔNIA,Brasil,1100809,11,33,2,0.59,1.0,Amazônia,65.3
6e97ef93-7d4c-3d7f-a12d-c12dcd2486bf, -12.533900, -45.020400,2026-06-20 01:10:00,GOES-19,SÃO DESIDÉRIO,BAHIA,Brasil,2928901,29,33,27,0.0,1.0,Cerrado,57.1
3eb7619b-284b-30a1-8a21-d894d36ba7ff, -13.133300, -53.804100,2026-06-20 01:10:00,GOES-19,GAÚCHA DO NORTE,MATO GROSSO,Brasil,5103858,51,33,2,1.29,0.39,Amazônia,73.8
36a5f645-5d45-3e32-96cd-0c8e55352a18, -13.133600, -53.783300,2026-06-20 01:10:00,GOES-19,GAÚCHA DO NORTE,MATO GROSSO,Brasil,5103858,51,33,2,0.98,0.79,Amazônia,129.7
a5ed8204-d03a-3567-84c9-83a2cd83ccce,  -9.015400, -63.560000,2026-06-20 01:20:00,GOES-19,CANDEIAS DO JAMARI,RONDÔNIA,Brasil,1100809,11,33,3,0.5,1.0,Amazônia,58.1
8cb060c8-9404-398c-b7cd-39fcab311a4f, -18.047600, -59.599100,2026-06-20 01:20:00,GOES-19,Chiquitos,Santa Cruz,Bolivia,80,8,28,4,0.0,0.46,,61.0
231ab1e5-742c-36dd-b03f-d1577668d3ea,  -8.652600, -47.760200,2026-06-20 01:20:00,GOES-19,ITACAJÁ,TOCANTINS,Brasil,1710508,17,33,2,0.0,0.95,Cerrado,62.0
6aad6a93-dbb4-33cb-8389-5dc504c6c714, -12.533900, -45.020400,2026-06-20 01:20:00,GOES-19,SÃO DESIDÉRIO,BAHIA,Brasil,2928901,29,33,27,0.0,1.0,Cerrado,56.9
fd1bf303-e331-3788-a61e-85b0826d8eca,  -9.015500, -63.541100,2026-06-20 01:20:00,GOES-19,CANDEIAS DO JAMARI,RONDÔNIA,Brasil,1100809,11,33,3,0.59,1.0,Amazônia,73.4
5e327b59-235c-347b-8fd0-0108f1099f3f, -13.206600, -50.349200,2026-06-20 01:20:00,GOES-19,SÃO MIGUEL DO ARAGUAIA,GOIÁS,Brasil,5220207,52,33,9,0.0,0.98,Cerrado,92.2
b968ce41-9b16-3c10-8a52-70cb636c30cd,  -9.034000, -63.540400,2026-06-20 01:20:00,GOES-19,CANDEIAS DO JAMARI,RONDÔNIA,Brasil,1100809,11,33,2,0.59,1.0,Amazônia,54.8
2db669d2-8b09-3dd5-8a22-07cf5f8556f6, -12.553100, -45.017400,2026-06-20 01:20:00,GOES-19,SÃO DESIDÉRIO,BAHIA,Brasil,2928901,29,33,27,0.0,1.0,Cerrado,132.9
8b1ae9d8-c013-33f7-af4f-3d0cba232177,  -9.033900, -63.559300,2026-06-20 01:30:00,GOES-19,CANDEIAS DO JAMARI,RONDÔNIA,Brasil,1100809,11,33,2,0.5,1.0,Amazônia,42.5
baf31797-a6fa-35e9-9f49-91569e82b1a2, -12.553100, -45.017400,2026-06-20 01:30:00,GOES-19,SÃO DESIDÉRIO,BAHIA,Brasil,2928901,29,33,27,0.0,1.0,Cerrado,79.4
aac19725-1412-3409-835b-f446013640b6,  -9.034000, -63.540400,2026-06-20 01:30:00,GOES-19,CANDEIAS DO JAMARI,RONDÔNIA,Brasil,1100809,11,33,2,0.59,1.0,Amazônia,43.4
9d264b0d-9c9d-3e1c-aa2f-116892dbfbb0,  -9.015500, -63.541100,2026-06-20 01:30:00,GOES-19,CANDEIAS DO JAMARI,RONDÔNIA,Brasil,1100809,11,33,3,0.59,1.0,Amazônia,45.4
79bc145e-7cce-3f97-b3d0-cf757b285b2a, -12.533900, -45.020400,2026-06-20 01:30:00,GOES-19,SÃO DESIDÉRIO,BAHIA,Brasil,2928901,29,33,27,0.0,1.0,Cerrado,53.4
d1f22525-81e5-3f04-a6a4-08cbc6e40239, -13.206600, -50.349200,2026-06-20 01:30:00,GOES-19,SÃO MIGUEL DO ARAGUAIA,GOIÁS,Brasil,5220207,52,33,9,0.0,0.98,Cerrado,77.1
25563250-4398-35e3-a2fd-2d480a71e130,  -9.015400, -63.560000,2026-06-20 01:30:00,GOES-19,CANDEIAS DO JAMARI,RONDÔNIA,Brasil,1100809,11,33,3,0.5,1.0,Amazônia,45.4
d8888039-4a5c-3d7c-917b-82257dc7e882, -13.206600, -50.349200,2026-06-20 01:40:00,GOES-19,SÃO MIGUEL DO ARAGUAIA,GOIÁS,Brasil,5220207,52,33,9,0.0,0.98,Cerrado,76.5
d0c61fbe-ad30-3ba2-b59e-d1651f101ede, -18.047600, -59.599100,2026-06-20 01:40:00,GOES-19,Chiquitos,Santa Cruz,Bolivia,80,8,28,4,0.0,0.46,,76.9
f4cd25f8-d9b9-3fb4-a626-ec2e0e7192e2,  -9.015500, -63.541100,2026-06-20 01:40:00,GOES-19,CANDEIAS DO JAMARI,RONDÔNIA,Brasil,1100809,11,33,3,0.59,1.0,Amazônia,50.5
6d57986a-a1b2-3044-856b-c1abe0396359,  -9.015400, -63.560000,2026-06-20 01:40:00,GOES-19,CANDEIAS DO JAMARI,RONDÔNIA,Brasil,1100809,11,33,3,0.5,1.0,Amazônia,40.6
47fc03ea-41ec-3381-8931-4abf6cf9cd6b,  -9.034000, -63.540400,2026-06-20 01:40:00,GOES-19,CANDEIAS DO JAMARI,RONDÔNIA,Brasil,1100809,11,33,2,0.59,1.0,Amazônia,41.1
80fa63c4-e861-32a4-85d1-76e5492071b5,  -8.652600, -47.760200,2026-06-20 01:40:00,GOES-19,ITACAJÁ,TOCANTINS,Brasil,1710508,17,33,2,0.0,0.95,Cerrado,56.4
b60313c8-9a7e-3959-881b-debf456cdf15, -12.553100, -45.017400,2026-06-20 01:40:00,GOES-19,SÃO DESIDÉRIO,BAHIA,Brasil,2928901,29,33,27,0.0,1.0,Cerrado,97.1
eafced72-09a1-35df-a56a-22d34551b6e1,  -9.015500, -63.541100,2026-06-20 01:50:00,GOES-19,CANDEIAS DO JAMARI,RONDÔNIA,Brasil,1100809,11,33,3,0.59,1.0,Amazônia,42.0
d4b08219-ba53-37fc-add1-b568440a66cb, -18.047600, -59.599100,2026-06-20 01:50:00,GOES-19,Chiquitos,Santa Cruz,Bolivia,80,8,28,4,0.0,0.46,,85.6
707dedd7-865a-3e60-bb8a-7f6faa5c1203, -12.553100, -45.017400,2026-06-20 01:50:00,GOES-19,SÃO DESIDÉRIO,BAHIA,Brasil,2928901,29,33,27,0.0,1.0,Cerrado,64.9
13aa54e3-498c-38ec-ad3a-77b447d5434e,  -9.015400, -63.560000,2026-06-20 01:50:00,GOES-19,CANDEIAS DO JAMARI,RONDÔNIA,Brasil,1100809,11,33,3,0.5,1.0,Amazônia,39.8
b7089026-4a05-31ee-ba35-81c690d89188, -13.206600, -50.349200,2026-06-20 01:50:00,GOES-19,SÃO MIGUEL DO ARAGUAIA,GOIÁS,Brasil,5220207,52,33,9,0.0,0.98,Cerrado,63.0
3123df7e-39e5-3ea6-a78d-1622bbbc1788,  -9.034000, -63.540400,2026-06-20 01:50:00,GOES-19,CANDEIAS DO JAMARI,RONDÔNIA,Brasil,1100809,11,33,2,0.59,1.0,Amazônia,31.8
e689f857-0be9-315b-a648-c5d9070a019d, -12.553100, -45.017400,2026-06-20 02:00:00,GOES-19,SÃO DESIDÉRIO,BAHIA,Brasil,2928901,29,33,27,0.0,1.0,Cerrado,58.4
2273f359-47cb-37ad-a761-c9d58cc5e7f3,  -9.015400, -63.560000,2026-06-20 02:00:00,GOES-19,CANDEIAS DO JAMARI,RONDÔNIA,Brasil,1100809,11,33,3,0.5,1.0,Amazônia,44.4
ad795940-f3ae-3306-9880-1ee9192ceb35,  -9.015500, -63.541100,2026-06-20 02:00:00,GOES-19,CANDEIAS DO JAMARI,RONDÔNIA,Brasil,1100809,11,33,3,0.59,1.0,Amazônia,46.7
9316bfc6-b8c2-306c-a254-ce9b2df36d1c, -13.206600, -50.349200,2026-06-20 02:00:00,GOES-19,SÃO MIGUEL DO ARAGUAIA,GOIÁS,Brasil,5220207,52,33,9,0.0,0.98,Cerrado,58.3
4ee6ed95-bd73-3fe1-b68d-789428c2e7c3, -14.091000, -59.456900,2026-06-20 02:00:00,GOES-19,NOVA LACERDA,MATO GROSSO,Brasil,5106182,51,33,0,0.01,0.41,Cerrado,64.7
d1b9c72d-d89c-3cd6-9c1a-102de82b5c5d,  -4.013390, -79.377130,2026-06-20 02:04:00,TERRA_M-M,Catamayo,Loja,Ecuador,104,12,68,2,2.11,0.45,,70.2
79d9eb2b-5cdf-356e-8143-2289e08aee2f,  -4.014610, -79.386150,2026-06-20 02:04:00,TERRA_M-M,Catamayo,Loja,Ecuador,104,12,68,2,2.1,0.6,,6.0
bcf23f3e-0a33-35b8-8749-6c9e6e7b7768,   1.821500, -74.103260,2026-06-20 02:06:00,TERRA_M-M,La Macarena,Meta,Colombia,694,20,53,0,21.77,0.0,,12.5
95ce1ab3-3153-3f95-b296-444868315657, -12.553100, -45.017400,2026-06-20 02:10:00,GOES-19,SÃO DESIDÉRIO,BAHIA,Brasil,2928901,29,33,27,0.0,1.0,Cerrado,56.9
0ab80b19-5acf-3aea-96b2-fbecd4b1b374,  -9.015500, -63.541100,2026-06-20 02:10:00,GOES-19,CANDEIAS DO JAMARI,RONDÔNIA,Brasil,1100809,11,33,3,0.59,1.0,Amazônia,33.2
437881be-0c36-3e4f-b008-92536e7f104b, -13.398800, -42.381700,2026-06-20 02:20:00,GOES-19,PARAMIRIM,BAHIA,Brasil,2923605,29,33,20,0.0,1.0,Caatinga,48.3
b3ac15dd-0d9b-31ba-8d96-d72784fb417e, -12.553100, -45.017400,2026-06-20 02:20:00,GOES-19,SÃO DESIDÉRIO,BAHIA,Brasil,2928901,29,33,27,0.0,1.0,Cerrado,73.1
2568dece-9150-3c1c-86e8-758af1502244,  -9.015500, -63.541100,2026-06-20 02:20:00,GOES-19,CANDEIAS DO JAMARI,RONDÔNIA,Brasil,1100809,11,33,3,0.59,1.0,Amazônia,40.2
dd012e11-4591-3a7a-afb1-4d2b713e484f, -14.091000, -59.456900,2026-06-20 02:20:00,GOES-19,NOVA LACERDA,MATO GROSSO,Brasil,5106182,51,33,0,0.01,0.41,Cerrado,54.9
91704b33-ea11-381c-add9-f68eb6d694eb, -12.553100, -45.017400,2026-06-20 02:30:00,GOES-19,SÃO DESIDÉRIO,BAHIA,Brasil,2928901,29,33,27,0.0,1.0,Cerrado,70.0
725bafac-9d5a-30e2-806c-ae1deb1d1dbc, -12.533900, -45.020400,2026-06-20 02:30:00,GOES-19,SÃO DESIDÉRIO,BAHIA,Brasil,2928901,29,33,27,0.0,1.0,Cerrado,55.3
6917c018-03f9-3382-84e7-6349551aa553, -12.553100, -45.017400,2026-06-20 02:40:00,GOES-19,SÃO DESIDÉRIO,BAHIA,Brasil,2928901,29,33,27,0.0,1.0,Cerrado,79.6
c120e1ce-bea4-3186-8dfa-7285a107f3d9,  -9.553400, -40.325400,2026-06-20 02:40:00,GOES-19,JUAZEIRO,BAHIA,Brasil,2918407,29,33,21,0.0,1.0,Caatinga,46.8
9b83398b-24ee-3799-8183-a988b5b0813e,  -9.534300, -40.328200,2026-06-20 02:40:00,GOES-19,JUAZEIRO,BAHIA,Brasil,2918407,29,33,21,0.0,1.0,Caatinga,60.5
acdc8a23-2e8d-3a80-82e8-ca957898d2d4, -12.553100, -45.017400,2026-06-20 02:50:00,GOES-19,SÃO DESIDÉRIO,BAHIA,Brasil,2928901,29,33,27,0.0,1.0,Cerrado,65.9
18c34eaf-00c3-3671-a8db-45669c9d2a28, -18.047600, -59.599100,2026-06-20 02:50:00,GOES-19,Chiquitos,Santa Cruz,Bolivia,80,8,28,4,0.0,0.46,,74.1
f71ef650-467c-33c7-be95-545d0690f5a2, -18.067300, -59.597000,2026-06-20 02:50:00,GOES-19,Chiquitos,Santa Cruz,Bolivia,80,8,28,3,0.0,0.5,,54.7
a2dcf3d3-3905-3d93-bd2e-d2d1a05bbcc5, -12.553100, -45.017400,2026-06-20 03:00:00,GOES-19,SÃO DESIDÉRIO,BAHIA,Brasil,2928901,29,33,27,0.0,1.0,Cerrado,55.8
5615a799-92ae-319d-838f-c36e384f96de, -18.047600, -59.599100,2026-06-20 03:00:00,GOES-19,Chiquitos,Santa Cruz,Bolivia,80,8,28,4,0.0,0.46,,60.8
2c866d78-0f4a-34c3-8f7d-04b917ff2904, -17.692670, -40.173600,2026-06-20 03:06:00,NPP-375D,IBIRAPUÃ,BAHIA,Brasil,2912806,29,33,3,0.0,1.0,Mata Atlântica,15.4
dc3550fc-042f-3d1e-96fb-978ada892e52, -17.694430, -40.166240,2026-06-20 03:06:00,NPP-375D,IBIRAPUÃ,BAHIA,Brasil,2912806,29,33,3,0.0,1.0,Mata Atlântica,15.4
463e8959-c7c6-34ad-a39f-44f031893ac8, -17.701570, -40.168060,2026-06-20 03:06:00,NPP-375D,IBIRAPUÃ,BAHIA,Brasil,2912806,29,33,3,0.0,1.0,Mata Atlântica,1.8
1a530ae5-afcc-3e91-8882-68893caf97bf, -12.553100, -45.017400,2026-06-20 03:10:00,GOES-19,SÃO DESIDÉRIO,BAHIA,Brasil,2928901,29,33,27,0.0,1.0,Cerrado,89.5
4f512f30-dc26-3f65-a1e3-316d3fbce1a6, -13.133600, -53.783300,2026-06-20 03:20:00,GOES-19,GAÚCHA DO NORTE,MATO GROSSO,Brasil,5103858,51,33,2,0.98,0.79,Amazônia,66.6
1c62c915-9461-3d6a-9578-8fa42537cdf6, -12.553100, -45.017400,2026-06-20 03:20:00,GOES-19,SÃO DESIDÉRIO,BAHIA,Brasil,2928901,29,33,27,0.0,1.0,Cerrado,73.2
41d28935-c7fb-327b-b79f-d10cc3367726, -11.891280, -43.837540,2026-06-20 03:21:00,NOAA-20,WANDERLEY,BAHIA,Brasil,2933455,29,33,25,0.0,1.0,Cerrado,4.5
b6995017-89aa-32ec-bdb4-eba236220e8e, -13.385200, -42.387900,2026-06-20 03:21:00,NOAA-20,CATURAMA,BAHIA,Brasil,2907558,29,33,20,0.0,1.0,Caatinga,19.9
321c45f1-cb18-31b9-bb1d-a84de39d2ab7, -13.384170, -42.392800,2026-06-20 03:21:00,NOAA-20,CATURAMA,BAHIA,Brasil,2907558,29,33,20,0.0,1.0,Caatinga,18.1
a0309be8-d872-32af-a1e9-7bf82ea3231d, -11.885810, -43.833110,2026-06-20 03:21:00,NOAA-20,WANDERLEY,BAHIA,Brasil,2933455,29,33,25,0.0,1.0,Cerrado,5.2
2a63dbf7-cd24-39a2-9daa-75be261bafe3, -11.892720, -43.830840,2026-06-20 03:21:00,NOAA-20,WANDERLEY,BAHIA,Brasil,2933455,29,33,25,0.0,1.0,Cerrado,4.5
0660be4d-40a8-372a-be24-ead74a8ae806, -11.884400, -43.836030,2026-06-20 03:21:00,NOAA-20,WANDERLEY,BAHIA,Brasil,2933455,29,33,26,0.0,1.0,Cerrado,3.6
f61c96e6-5b28-3b2d-ad60-aa8450b71074, -11.892690, -43.834640,2026-06-20 03:21:00,NOAA-20,WANDERLEY,BAHIA,Brasil,2933455,29,33,25,0.0,1.0,Cerrado,5.2
8e17d251-d351-31c8-a2a8-c97e99a23e4a, -13.386450, -42.390050,2026-06-20 03:21:00,NOAA-20,CATURAMA,BAHIA,Brasil,2907558,29,33,20,0.0,1.0,Caatinga,13.9
2df346c6-c2bd-32c4-ab6b-b017ee0d0012,  -9.013850, -40.985600,2026-06-20 03:21:00,NOAA-20,CASA NOVA,BAHIA,Brasil,2907202,29,33,43,0.0,1.0,Caatinga,0.9
c8797fef-0f63-310c-ab99-5d6cb8ca6fc0, -13.385450, -42.394960,2026-06-20 03:21:00,NOAA-20,CATURAMA,BAHIA,Brasil,2907558,29,33,20,0.0,1.0,Caatinga,14.3
2e6b205e-5443-3e51-b7e9-5edd3f47999f, -13.379230, -42.393780,2026-06-20 03:21:00,NOAA-20,CATURAMA,BAHIA,Brasil,2907558,29,33,20,0.0,1.0,Caatinga,14.3
cf768b83-d952-322e-b0f0-ea9b7c03435e,  -9.012920, -40.990350,2026-06-20 03:21:00,NOAA-20,CASA NOVA,BAHIA,Brasil,2907202,29,33,43,0.0,1.0,Caatinga,0.8
6fc10272-450b-3574-a2b5-4fd96db55178, -13.380240, -42.388890,2026-06-20 03:21:00,NOAA-20,CATURAMA,BAHIA,Brasil,2907558,29,33,19,0.0,1.0,Caatinga,13.9
fd4a2f58-b053-3a09-b5ea-7cf64b241242, -13.383140, -42.397670,2026-06-20 03:21:00,NOAA-20,CATURAMA,BAHIA,Brasil,2907558,29,33,20,0.0,1.0,Caatinga,18.1
d8bd2444-9d6b-3c2c-a0ad-eed97fb6f627, -17.350020, -42.623040,2026-06-20 03:23:00,NOAA-20,MINAS NOVAS,MINAS GERAIS,Brasil,3141801,31,33,7,0.0,0.62,Cerrado,5.8
1318aae9-3de4-3c17-a153-0849bd3580ee, -17.697530, -40.162480,2026-06-20 03:23:00,NOAA-20,IBIRAPUÃ,BAHIA,Brasil,2912806,29,33,3,0.0,1.0,Mata Atlântica,1.2
b88dce85-818b-326a-824e-b9746dc9eeea, -17.696910, -40.165520,2026-06-20 03:23:00,NOAA-20,IBIRAPUÃ,BAHIA,Brasil,2912806,29,33,3,0.0,1.0,Mata Atlântica,1.5
41809adc-8325-3398-98fd-5d90bbc9cc22, -17.692540, -40.161460,2026-06-20 03:23:00,NOAA-20,IBIRAPUÃ,BAHIA,Brasil,2912806,29,33,3,0.0,1.0,Mata Atlântica,1.2
f35d106f-1a03-388a-a6e0-7d26ed264dea, -17.693150, -40.158480,2026-06-20 03:23:00,NOAA-20,IBIRAPUÃ,BAHIA,Brasil,2912806,29,33,3,0.0,1.0,Mata Atlântica,1.2
6aec15cb-c99a-35f3-9c44-b5d0ca93cee8, -17.351140, -42.625430,2026-06-20 03:23:00,NOAA-20,MINAS NOVAS,MINAS GERAIS,Brasil,3141801,31,33,7,0.0,0.63,Cerrado,10.2
27cdb725-e4b4-3b67-9a2e-585465f3753b, -17.349080, -42.627300,2026-06-20 03:23:00,NOAA-20,MINAS NOVAS,MINAS GERAIS,Brasil,3141801,31,33,7,0.0,0.63,Cerrado,5.8
5ff2f2d2-14d5-3eac-bf72-323a87429e3b, -22.856190, -43.377580,2026-06-20 03:25:00,NOAA-20,RIO DE JANEIRO,RIO DE JANEIRO,Brasil,3304557,33,33,-999,0.6,-999.0,Mata Atlântica,5.9
b9511cb8-1921-3196-a742-a854b9fd6fae, -12.553100, -45.017400,2026-06-20 03:30:00,GOES-19,SÃO DESIDÉRIO,BAHIA,Brasil,2928901,29,33,27,0.0,1.0,Cerrado,60.8
bf4d51e6-bc87-3369-ae5c-936a53a4675c, -12.533900, -45.020400,2026-06-20 03:40:00,GOES-19,SÃO DESIDÉRIO,BAHIA,Brasil,2928901,29,33,27,0.0,1.0,Cerrado,54.6
59408af5-c1bb-3b56-9205-d85ea7d01154, -13.379400, -42.385400,2026-06-20 03:40:00,GOES-19,CATURAMA,BAHIA,Brasil,2907558,29,33,20,0.0,1.0,Caatinga,51.3
fdb71a52-4822-36fc-9318-baaa08d0e6c3, -18.047600, -59.599100,2026-06-20 03:40:00,GOES-19,Chiquitos,Santa Cruz,Bolivia,80,8,28,4,0.0,0.46,,69.8
a9dd0ecf-c2d7-3ec5-923f-887927a71071, -12.553100, -45.017400,2026-06-20 03:40:00,GOES-19,SÃO DESIDÉRIO,BAHIA,Brasil,2928901,29,33,27,0.0,1.0,Cerrado,73.8
5703aac2-4370-3f96-b755-67d1a85267d1, -12.533900, -45.020400,2026-06-20 03:50:00,GOES-19,SÃO DESIDÉRIO,BAHIA,Brasil,2928901,29,33,27,0.0,1.0,Cerrado,49.6
2e2d74e4-40eb-375f-a472-defe81b866b6, -12.553100, -45.017400,2026-06-20 03:50:00,GOES-19,SÃO DESIDÉRIO,BAHIA,Brasil,2928901,29,33,27,0.0,1.0,Cerrado,68.5
4b4a2cb0-ef4d-3d87-881d-fcaa197bd6c3, -18.047600, -59.599100,2026-06-20 03:50:00,GOES-19,Chiquitos,Santa Cruz,Bolivia,80,8,28,4,0.0,0.46,,74.2
be346242-66a6-3511-abe3-0b3db94cf5c8, -12.553100, -45.017400,2026-06-20 04:00:00,GOES-19,SÃO DESIDÉRIO,BAHIA,Brasil,2928901,29,33,27,0.0,1.0,Cerrado,82.4
c9aae99f-6da8-37c8-8b81-07c04870b7cf, -12.533900, -45.020400,2026-06-20 04:00:00,GOES-19,SÃO DESIDÉRIO,BAHIA,Brasil,2928901,29,33,27,0.0,1.0,Cerrado,63.7
4a3420cc-348a-3ed3-ab91-9aa7e32075df, -18.047600, -59.599100,2026-06-20 04:00:00,GOES-19,Chiquitos,Santa Cruz,Bolivia,80,8,28,4,0.0,0.46,,60.5
22e78ce6-7084-3597-8091-4d2cf355ea15,  -3.864570, -42.965420,2026-06-20 04:06:00,NOAA-21,BURITI,MARANHÃO,Brasil,2102200,21,33,0,0.0,0.08,Cerrado,2.5
04552e55-8645-3aa7-8d36-20e3650e46d2,  -3.868010, -42.965950,2026-06-20 04:06:00,NOAA-21,BURITI,MARANHÃO,Brasil,2102200,21,33,0,0.0,0.16,Cerrado,2.5
6c32cbc7-4cb6-3d04-979e-4460f7c71b90,  -3.865170, -42.961670,2026-06-20 04:06:00,NOAA-21,BURITI,MARANHÃO,Brasil,2102200,21,33,0,0.0,0.08,Cerrado,3.9
b720ad1b-6623-3146-a2b0-529217c24435,  -3.868610, -42.962200,2026-06-20 04:06:00,NOAA-21,BURITI,MARANHÃO,Brasil,2102200,21,33,0,0.0,0.12,Cerrado,3.9
187e1ff1-cfa3-37ef-9cc4-64d9f8187d7f,  -5.816320, -45.070130,2026-06-20 04:08:00,NOAA-21,BARRA DO CORDA,MARANHÃO,Brasil,2101608,21,33,4,0.0,0.9,Cerrado,1.6
c44e0565-314a-3005-ba02-5dcabfeb5b2e,  -8.686290, -48.309360,2026-06-20 04:08:00,NOAA-21,GUARAÍ,TOCANTINS,Brasil,1709302,17,33,2,0.0,0.42,Cerrado,1.6
95b4d7dd-92dc-393e-84ce-81c36c67bd74, -10.600530, -44.324540,2026-06-20 04:08:00,NOAA-21,SANTA RITA DE CÁSSIA,BAHIA,Brasil,2928406,29,33,28,0.0,0.91,Cerrado,2.4
f9d742e1-452d-32f4-b53e-56cc43c42dfc,  -6.361300, -43.591770,2026-06-20 04:08:00,NOAA-21,SUCUPIRA DO RIACHÃO,MARANHÃO,Brasil,2111953,21,33,2,0.0,0.64,Cerrado,1.8
0ef2d014-75e1-3ef7-b84e-67c86808ea99,  -9.721100, -48.884900,2026-06-20 04:08:00,NOAA-21,ABREULÂNDIA,TOCANTINS,Brasil,1700251,17,33,16,0.0,1.0,Cerrado,4.8
c66b2bb8-d2fd-3432-b504-7fe48a395b6f, -11.035320, -45.076760,2026-06-20 04:08:00,NOAA-21,FORMOSA DO RIO PRETO,BAHIA,Brasil,2911105,29,33,53,0.0,1.0,Cerrado,2.0
c604e874-ef07-3a7f-acb2-387095eb695a,  -6.371620, -43.593510,2026-06-20 04:08:00,NOAA-21,SUCUPIRA DO RIACHÃO,MARANHÃO,Brasil,2111953,21,33,2,0.0,0.65,Cerrado,9.7
86865ada-c873-3d5d-8221-5707c3ace544,  -8.079480, -46.241570,2026-06-20 04:08:00,NOAA-21,BALSAS,MARANHÃO,Brasil,2101400,21,33,37,0.0,1.0,Cerrado,1.8
f87e9233-5700-333f-a27b-124206ec955c, -10.506610, -45.260960,2026-06-20 04:08:00,NOAA-21,CORRENTE,PIAUÍ,Brasil,2202901,22,33,48,0.0,1.0,Cerrado,0.4
11e255a8-2850-32e7-89cb-e55ae77eae40,  -8.649620, -47.766560,2026-06-20 04:08:00,NOAA-21,ITACAJÁ,TOCANTINS,Brasil,1710508,17,33,2,0.0,0.95,Cerrado,3.6
1eeb8f41-1fcb-3957-bcaa-1d9e9681dae5,  -6.994850, -42.768340,2026-06-20 04:08:00,NOAA-21,NAZARÉ DO PIAUÍ,PIAUÍ,Brasil,2206704,22,33,2,0.0,0.89,Caatinga,0.6
d7aad0dc-97a4-391c-8ff7-921c555d2ff0,  -4.058890, -43.244520,2026-06-20 04:08:00,NOAA-21,COELHO NETO,MARANHÃO,Brasil,2103406,21,33,2,0.0,0.28,Cerrado,3.7
ecd9cb40-c1e2-3425-87bb-7be44b55f7e7,  -6.325560, -48.421830,2026-06-20 04:08:00,NOAA-21,SÃO GERALDO DO ARAGUAIA,PARÁ,Brasil,1507458,15,33,4,0.0,0.96,Amazônia,1.7
4148e538-b4ef-3f54-b11d-f645512f6a53,  -9.721910, -48.880390,2026-06-20 04:08:00,NOAA-21,ABREULÂNDIA,TOCANTINS,Brasil,1700251,17,33,15,0.0,1.0,Cerrado,2.7
c715fed8-4a6b-35eb-af5b-2dc0cf6a7675,  -6.992070, -42.764250,2026-06-20 04:08:00,NOAA-21,NAZARÉ DO PIAUÍ,PIAUÍ,Brasil,2206704,22,33,2,0.0,0.88,Caatinga,0.6
cebd5120-a826-3926-b85e-3d641d712cdc,  -4.054800, -43.247800,2026-06-20 04:08:00,NOAA-21,COELHO NETO,MARANHÃO,Brasil,2103406,21,33,2,0.0,0.29,Cerrado,2.0
0485f4bd-af0d-3459-a708-f37d660a8c4b, -11.197790, -46.567620,2026-06-20 04:08:00,NOAA-21,MATEIROS,TOCANTINS,Brasil,1712702,17,33,30,0.0,1.0,Cerrado,0.9
3535ab40-0b93-3695-8078-762044a7ebdf,  -5.811110, -45.078460,2026-06-20 04:08:00,NOAA-21,BARRA DO CORDA,MARANHÃO,Brasil,2101608,21,33,4,0.0,0.89,Cerrado,1.6
a25b0dba-ef3d-3c41-bd0c-74d77002c6b6,  -6.502910, -42.220660,2026-06-20 04:08:00,NOAA-21,VÁRZEA GRANDE,PIAUÍ,Brasil,2211407,22,33,36,0.0,0.78,Caatinga,2.4
5c8530c9-0929-323e-8d77-e6c062e76762,  -5.810370, -45.082960,2026-06-20 04:08:00,NOAA-21,BARRA DO CORDA,MARANHÃO,Brasil,2101608,21,33,5,0.0,0.89,Cerrado,1.6
921a6f41-4e6a-3e9d-9c06-ba09f8971368, -10.468190, -49.092860,2026-06-20 04:08:00,NOAA-21,PIUM,TOCANTINS,Brasil,1717503,17,33,39,0.0,1.0,Cerrado,5.5
c33ed03c-3af1-324b-a7f4-c98981157b0e,  -5.800210, -43.796350,2026-06-20 04:08:00,NOAA-21,BURITI BRAVO,MARANHÃO,Brasil,2102309,21,33,1,0.0,0.02,Cerrado,0.7
3401e096-a1a4-3826-89a0-0c72ff783793,  -8.650310, -47.762600,2026-06-20 04:08:00,NOAA-21,ITACAJÁ,TOCANTINS,Brasil,1710508,17,33,2,0.0,0.95,Cerrado,5.4
7e9ca1eb-162a-322f-baf7-b075e3a63fda, -10.878010, -46.342880,2026-06-20 04:08:00,NOAA-21,MATEIROS,TOCANTINS,Brasil,1712702,17,33,59,0.0,1.0,Cerrado,2.3
bc3bd85b-9b1e-3552-8dff-f0ada4a393c0, -10.601130, -44.320770,2026-06-20 04:08:00,NOAA-21,SANTA RITA DE CÁSSIA,BAHIA,Brasil,2928406,29,33,28,0.0,0.98,Cerrado,2.4
9b525027-b86f-3880-ad76-12c74e1cfa9f, -10.249410, -47.353210,2026-06-20 04:08:00,NOAA-21,NOVO ACORDO,TOCANTINS,Brasil,1715101,17,33,30,0.0,1.0,Cerrado,1.8
ed47530f-dae3-3a72-bd68-8c1d46af29a7,  -9.719290, -48.880880,2026-06-20 04:08:00,NOAA-21,ABREULÂNDIA,TOCANTINS,Brasil,1700251,17,33,16,0.0,1.0,Cerrado,3.1
424f2207-e74d-383d-aa5a-5133f686e792,  -6.370370, -43.596830,2026-06-20 04:08:00,NOAA-21,SUCUPIRA DO RIACHÃO,MARANHÃO,Brasil,2111953,21,33,2,0.0,0.64,Cerrado,10.0
ac13d6c0-38f7-3373-84c6-a7ff542ab2fc, -11.034210, -45.076890,2026-06-20 04:08:00,NOAA-21,FORMOSA DO RIO PRETO,BAHIA,Brasil,2911105,29,33,53,0.0,1.0,Cerrado,2.0
b6bbca3e-6ad0-37a3-876e-b6eaf4165136,  -8.648940, -47.770520,2026-06-20 04:08:00,NOAA-21,ITACAJÁ,TOCANTINS,Brasil,1710508,17,33,2,0.0,0.95,Cerrado,3.6
9f5f137e-a35f-3882-8be1-b4ff412757c4,  -6.152790, -48.494160,2026-06-20 04:08:00,NOAA-21,SÃO GERALDO DO ARAGUAIA,PARÁ,Brasil,1507458,15,33,1,0.0,0.92,Amazônia,3.1
dd7b3f38-c899-37af-94e6-a5f8b8b2cc6d,  -9.748910, -47.875680,2026-06-20 04:08:00,NOAA-21,RIO SONO,TOCANTINS,Brasil,1718758,17,33,49,0.17,1.0,Cerrado,3.1
43cf60b8-3931-31cc-999c-8efa4c5c9b38,  -7.135890, -41.809470,2026-06-20 04:08:00,NOAA-21,SANTA CRUZ DO PIAUÍ,PIAUÍ,Brasil,2209104,22,33,53,0.0,1.0,Caatinga,0.5
c9478a38-2381-3f63-9cf0-cc673ee41792,  -6.654520, -42.467540,2026-06-20 04:08:00,NOAA-21,ARRAIAL,PIAUÍ,Brasil,2201002,22,33,2,0.0,0.98,Caatinga,1.4
0886aba6-2122-3134-96cd-fb8f4e84dbc9,  -6.325690, -48.419450,2026-06-20 04:08:00,NOAA-21,SÃO GERALDO DO ARAGUAIA,PARÁ,Brasil,1507458,15,33,4,0.0,0.96,Amazônia,1.3
51b11aaf-2aff-3641-ae75-01ee92f87f5e,  -7.294980, -43.262890,2026-06-20 04:08:00,NOAA-21,JERUMENHA,PIAUÍ,Brasil,2205300,22,33,18,0.0,1.0,Cerrado,0.8
34d6d022-2780-3aea-8c02-b1ae360c3df4,  -4.352590, -47.760300,2026-06-20 04:08:00,NOAA-21,DOM ELISEU,PARÁ,Brasil,1502939,15,33,0,0.0,0.27,Amazônia,2.1
3756d681-79a4-3f3a-a8f4-5594d13d6db3,  -7.366600, -49.858040,2026-06-20 04:08:00,NOAA-21,RIO MARIA,PARÁ,Brasil,1506161,15,33,10,0.0,1.0,Amazônia,1.7
69297a17-c8d8-3201-ba1f-3fc4e557739b,  -6.364740, -43.592340,2026-06-20 04:08:00,NOAA-21,SUCUPIRA DO RIACHÃO,MARANHÃO,Brasil,2111953,21,33,2,0.0,0.65,Cerrado,1.8
522f8437-572c-3a5a-b9b3-c7b2312ad3e9,  -6.506220, -42.221190,2026-06-20 04:08:00,NOAA-21,VÁRZEA GRANDE,PIAUÍ,Brasil,2211407,22,33,36,0.0,0.78,Caatinga,2.4
7f4bdb35-661d-3e48-9386-6a29e51a264f,  -9.723790, -48.881550,2026-06-20 04:08:00,NOAA-21,ABREULÂNDIA,TOCANTINS,Brasil,1700251,17,33,15,0.0,1.0,Cerrado,1.5
d436d9bb-8e51-3ca8-8e76-3fed7617069c, -10.250660, -47.346000,2026-06-20 04:08:00,NOAA-21,NOVO ACORDO,TOCANTINS,Brasil,1715101,17,33,30,0.0,1.0,Cerrado,3.0
c0c1c150-0489-3549-9723-4f01d1b027c8,  -6.370990, -43.593050,2026-06-20 04:08:00,NOAA-21,SUCUPIRA DO RIACHÃO,MARANHÃO,Brasil,2111953,21,33,2,0.0,0.66,Cerrado,10.0
9250e78d-d037-34ea-b250-cad0f72134d9,  -9.749590, -47.871770,2026-06-20 04:08:00,NOAA-21,RIO SONO,TOCANTINS,Brasil,1718758,17,33,51,0.16,1.0,Cerrado,3.1
7ff46d5b-423f-3d59-a324-0d11666bcbcb, -10.903550, -46.328230,2026-06-20 04:08:00,NOAA-21,MATEIROS,TOCANTINS,Brasil,1712702,17,33,55,0.0,1.0,Cerrado,1.9
b017fa57-60c3-3d12-9f2c-a60665afe452,  -5.810570, -45.071010,2026-06-20 04:08:00,NOAA-21,BARRA DO CORDA,MARANHÃO,Brasil,2101608,21,33,4,0.0,0.89,Cerrado,1.8
ac94cee4-84e0-3f07-8e5b-6fb86d222ba7,  -6.374430, -43.593620,2026-06-20 04:08:00,NOAA-21,SUCUPIRA DO RIACHÃO,MARANHÃO,Brasil,2111953,21,33,2,0.0,0.66,Cerrado,10.0
83c7e970-4a80-3185-b351-8b0ccba186a9, -10.561340, -45.609910,2026-06-20 04:08:00,NOAA-21,FORMOSA DO RIO PRETO,BAHIA,Brasil,2911105,29,33,61,0.0,1.0,Cerrado,1.0
7f7da93c-a180-3dae-a479-5d4138dd8102,  -6.904650, -42.845470,2026-06-20 04:08:00,NOAA-21,FLORIANO,PIAUÍ,Brasil,2203909,22,33,2,0.0,0.4,Caatinga,1.7
00b607ae-9b74-31f1-a921-d965e9729ca7,  -8.227940, -39.820420,2026-06-20 04:08:00,NOAA-21,PARNAMIRIM,PERNAMBUCO,Brasil,2610400,26,33,38,0.0,1.0,Caatinga,0.8
eb5b6143-83a2-339a-b242-d9e12bf98867,  -5.804970, -43.789120,2026-06-20 04:08:00,NOAA-21,BURITI BRAVO,MARANHÃO,Brasil,2102309,21,33,1,0.0,0.03,Cerrado,6.5
33bb0d84-f845-3641-8124-7b973ac7c744,  -6.148170, -48.493290,2026-06-20 04:08:00,NOAA-21,SÃO GERALDO DO ARAGUAIA,PARÁ,Brasil,1507458,15,33,1,0.0,0.72,Amazônia,0.9
3d5de65c-820d-37f9-8d5f-6f298038a09a,  -6.371020, -43.597300,2026-06-20 04:08:00,NOAA-21,SUCUPIRA DO RIACHÃO,MARANHÃO,Brasil,2111953,21,33,2,0.0,0.63,Cerrado,9.7
5628c19d-12a6-3757-b263-229d58ea2a8b,  -6.330150, -48.422720,2026-06-20 04:08:00,NOAA-21,SÃO GERALDO DO ARAGUAIA,PARÁ,Brasil,1507458,15,33,4,0.0,0.66,Amazônia,2.7
965704a1-8089-32bb-b25a-90d2ab729270,  -6.779970, -46.329100,2026-06-20 04:08:00,NOAA-21,FORMOSA DA SERRA NEGRA,MARANHÃO,Brasil,2104099,21,33,2,0.0,1.0,Cerrado,1.7
7eb27b29-ce16-3823-b3ec-9dd7d90f5647, -10.604540, -44.321330,2026-06-20 04:08:00,NOAA-21,SANTA RITA DE CÁSSIA,BAHIA,Brasil,2928406,29,33,28,0.0,0.95,Cerrado,2.4
9761f421-41d1-3d8f-a023-01f074669acf,  -7.722300, -44.569210,2026-06-20 04:08:00,NOAA-21,URUÇUÍ,PIAUÍ,Brasil,2211209,22,33,52,0.0,1.0,Cerrado,0.9
a224e475-55eb-3976-8315-605ca59b9a41,  -6.330300, -48.420170,2026-06-20 04:08:00,NOAA-21,SÃO GERALDO DO ARAGUAIA,PARÁ,Brasil,1507458,15,33,4,0.0,0.66,Amazônia,1.3
ff4bdd1c-0b34-362d-9344-a653ad996cd4,  -5.801480, -43.788560,2026-06-20 04:08:00,NOAA-21,BURITI BRAVO,MARANHÃO,Brasil,2102309,21,33,1,0.0,0.03,Cerrado,6.5
6ad0a613-b98a-3b2a-8450-0a99b35516d1,  -6.368180, -43.592930,2026-06-20 04:08:00,NOAA-21,SUCUPIRA DO RIACHÃO,MARANHÃO,Brasil,2111953,21,33,2,0.0,0.65,Cerrado,9.7
bc983b2e-7738-3b4d-8a00-7a94580fa849,  -5.812600, -45.069470,2026-06-20 04:08:00,NOAA-21,BARRA DO CORDA,MARANHÃO,Brasil,2101608,21,33,4,0.0,0.89,Cerrado,3.0
bb182381-ebbc-3b37-a39f-32ab0721c6c5,  -5.814090, -45.083620,2026-06-20 04:08:00,NOAA-21,BARRA DO CORDA,MARANHÃO,Brasil,2101608,21,33,5,0.0,0.9,Cerrado,8.4
6d504860-00e0-353b-b78b-10760e8f1d60, -10.458280, -46.455180,2026-06-20 04:08:00,NOAA-21,MATEIROS,TOCANTINS,Brasil,1712702,17,33,58,0.0,1.0,Cerrado,2.0
31faadc9-ecd1-3cf9-80a9-c5dea2eb4a7b,  -5.811860, -45.073960,2026-06-20 04:08:00,NOAA-21,BARRA DO CORDA,MARANHÃO,Brasil,2101608,21,33,4,0.0,0.89,Cerrado,3.0
18966f3d-fda6-3fd8-802a-74b4e857685c,  -9.619850, -48.489100,2026-06-20 04:08:00,NOAA-21,MIRACEMA DO TOCANTINS,TOCANTINS,Brasil,1713205,17,33,37,0.1,1.0,Cerrado,2.3
33fcd1f2-1466-31cc-8c04-a160213681a9,  -8.687040, -48.305070,2026-06-20 04:08:00,NOAA-21,GUARAÍ,TOCANTINS,Brasil,1709302,17,33,2,0.0,0.58,Cerrado,1.2
1a518f3e-e5d2-3219-8605-77b3daa91f71, -10.904010, -44.490860,2026-06-20 04:08:00,NOAA-21,SANTA RITA DE CÁSSIA,BAHIA,Brasil,2928406,29,33,20,0.0,1.0,Cerrado,2.2
0cb70f05-cfb4-3cf8-af49-b0b51e60f00b,  -6.360700, -43.595540,2026-06-20 04:08:00,NOAA-21,SUCUPIRA DO RIACHÃO,MARANHÃO,Brasil,2111953,21,33,2,0.0,0.63,Cerrado,1.8
6df4f9b5-146d-3956-a3b2-449e6a72f4fe,  -6.997060, -42.776000,2026-06-20 04:08:00,NOAA-21,NAZARÉ DO PIAUÍ,PIAUÍ,Brasil,2206704,22,33,2,0.0,0.89,Caatinga,2.0
1d545ff1-388c-3da5-989d-4ba099851b19,  -8.653860, -47.767290,2026-06-20 04:08:00,NOAA-21,ITACAJÁ,TOCANTINS,Brasil,1710508,17,33,2,0.0,0.95,Cerrado,3.6
3dc6d79c-8912-3ee0-8082-ee17480742b4,  -9.718510, -48.885410,2026-06-20 04:08:00,NOAA-21,ABREULÂNDIA,TOCANTINS,Brasil,1700251,17,33,17,0.0,1.0,Cerrado,3.0
622b9131-a784-33d3-b4fb-6fba37b58993,  -5.290770, -43.958140,2026-06-20 04:08:00,NOAA-21,SENADOR ALEXANDRE COSTA,MARANHÃO,Brasil,2111748,21,33,0,0.0,0.02,Cerrado,1.5
c909d457-440c-3559-98f1-656398740c52,  -6.398090, -44.182970,2026-06-20 04:08:00,NOAA-21,SUCUPIRA DO NORTE,MARANHÃO,Brasil,2111904,21,33,2,0.0,0.87,Cerrado,4.1
14211c0a-f31b-3ae7-b2d3-ef1a51c0f3a9,  -5.612740, -37.531950,2026-06-20 04:08:00,NOAA-21,CARAÚBAS,RIO GRANDE DO NORTE,Brasil,2402303,24,33,13,0.5,0.62,Caatinga,1.2
6040c582-35f7-37fc-8138-762021b5d62d,  -7.663350, -45.842120,2026-06-20 04:08:00,NOAA-21,BALSAS,MARANHÃO,Brasil,2101400,21,33,36,0.0,1.0,Cerrado,2.5
4b4d1a5a-d408-3646-b5a6-e1152e04d874,  -8.657390, -47.772040,2026-06-20 04:08:00,NOAA-21,ITACAJÁ,TOCANTINS,Brasil,1710508,17,33,2,0.0,0.95,Cerrado,2.7
8b3865b0-99f4-3e3c-b369-05678816578d,  -6.367580, -43.596710,2026-06-20 04:08:00,NOAA-21,SUCUPIRA DO RIACHÃO,MARANHÃO,Brasil,2111953,21,33,2,0.0,0.63,Cerrado,9.7
433f462a-a276-39b0-9848-aca7b7a2ce5a,  -6.174090, -43.354590,2026-06-20 04:08:00,NOAA-21,LAGOA DO MATO,MARANHÃO,Brasil,2105922,21,33,2,0.0,0.97,Cerrado,0.6
566838ea-b15e-3372-b309-5a536eade29c,  -7.801820, -46.456820,2026-06-20 04:08:00,NOAA-21,RIACHÃO,MARANHÃO,Brasil,2109502,21,33,34,0.0,1.0,Cerrado,2.1
e721fca2-169d-376f-a868-a05461273724, -10.459090, -46.450330,2026-06-20 04:08:00,NOAA-21,MATEIROS,TOCANTINS,Brasil,1712702,17,33,59,0.0,1.0,Cerrado,1.0
d4a3ef9a-2a69-31fc-a4fd-5df82680b054, -10.519290, -46.507720,2026-06-20 04:08:00,NOAA-21,MATEIROS,TOCANTINS,Brasil,1712702,17,33,41,0.0,1.0,Cerrado,0.9
922fc84c-443f-3319-a417-1cebc4a47d36,  -7.549810, -43.430810,2026-06-20 04:08:00,NOAA-21,ITAUEIRA,PIAUÍ,Brasil,2205102,22,33,59,0.0,1.0,Cerrado,1.1
47ccbe8d-7150-3212-a8f5-1377754751a9,  -6.364140, -43.596120,2026-06-20 04:08:00,NOAA-21,SUCUPIRA DO RIACHÃO,MARANHÃO,Brasil,2111953,21,33,2,0.0,0.63,Cerrado,1.8
3b843fcb-5514-3e5b-90db-0a9bf50015ec,  -8.653170, -47.771240,2026-06-20 04:08:00,NOAA-21,ITACAJÁ,TOCANTINS,Brasil,1710508,17,33,2,0.0,0.95,Cerrado,3.6
b80de0bb-90f5-3334-98e2-ede54639b703, -10.603940, -44.325100,2026-06-20 04:08:00,NOAA-21,SANTA RITA DE CÁSSIA,BAHIA,Brasil,2928406,29,33,28,0.0,0.84,Cerrado,2.4
9dcae28a-c023-3b66-80aa-7e7c450355c4,  -6.373810, -43.597420,2026-06-20 04:08:00,NOAA-21,SUCUPIRA DO RIACHÃO,MARANHÃO,Brasil,2111953,21,33,2,0.0,0.64,Cerrado,10.0
396f9208-c8db-34b4-97ad-5186eef4957b,  -9.018410, -40.989080,2026-06-20 04:08:00,NOAA-21,CASA NOVA,BAHIA,Brasil,2907202,29,33,43,0.0,1.0,Caatinga,1.1
49dc65de-0d74-390a-a57c-70b77a54e43a,  -6.401620, -44.183530,2026-06-20 04:08:00,NOAA-21,SUCUPIRA DO NORTE,MARANHÃO,Brasil,2111904,21,33,2,0.0,0.72,Cerrado,4.1
03d739e9-2b40-36d0-a733-e544d36499ed,  -5.814830, -45.079120,2026-06-20 04:08:00,NOAA-21,BARRA DO CORDA,MARANHÃO,Brasil,2101608,21,33,5,0.0,0.9,Cerrado,8.4
9f088f22-f876-38c0-b8a1-d06ef0f2e5b3,  -4.351840, -47.764890,2026-06-20 04:08:00,NOAA-21,DOM ELISEU,PARÁ,Brasil,1502939,15,33,0,0.0,0.31,Amazônia,2.1
66b12c26-03ff-30b2-b73f-2efa3a5a9ec5,  -6.787330, -46.333990,2026-06-20 04:08:00,NOAA-21,FORMOSA DA SERRA NEGRA,MARANHÃO,Brasil,2104099,21,33,2,0.0,1.0,Cerrado,5.7
9c003772-6945-3f56-b480-875bea5949d8,  -6.783360, -46.333290,2026-06-20 04:08:00,NOAA-21,FORMOSA DA SERRA NEGRA,MARANHÃO,Brasil,2104099,21,33,2,0.0,1.0,Cerrado,5.7
00ff5293-3620-3ee8-b52a-d2390252c55a,  -9.015090, -40.988560,2026-06-20 04:08:00,NOAA-21,CASA NOVA,BAHIA,Brasil,2907202,29,33,43,0.0,1.0,Caatinga,1.1
274f45af-8f10-3e6b-8d6c-a7e4447a85b6,  -7.805770, -46.457430,2026-06-20 04:08:00,NOAA-21,RIACHÃO,MARANHÃO,Brasil,2109502,21,33,34,0.0,1.0,Cerrado,2.1
e64fc694-5ff9-33e4-a78d-c687cd0dccac,  -4.356390, -47.765590,2026-06-20 04:08:00,NOAA-21,DOM ELISEU,PARÁ,Brasil,1502939,15,33,0,0.0,0.35,Amazônia,2.1
a9d8fe7f-8e88-3efb-bb5e-f0a34e8344ab, -10.248780, -47.356810,2026-06-20 04:08:00,NOAA-21,NOVO ACORDO,TOCANTINS,Brasil,1715101,17,33,30,0.0,1.0,Cerrado,1.8
acc55b6b-6173-3b16-b523-a75bc893fdc2,  -5.815580, -45.074620,2026-06-20 04:08:00,NOAA-21,BARRA DO CORDA,MARANHÃO,Brasil,2101608,21,33,4,0.0,0.9,Cerrado,1.6
2eba4f79-2ead-34d4-9161-a85dc7da76cf,  -6.397440, -44.186960,2026-06-20 04:08:00,NOAA-21,SUCUPIRA DO NORTE,MARANHÃO,Brasil,2111904,21,33,2,0.0,0.9,Cerrado,4.5
8647c5d4-40d5-3710-9e71-f078df40c277,  -7.366110, -49.860870,2026-06-20 04:08:00,NOAA-21,RIO MARIA,PARÁ,Brasil,1506161,15,33,10,0.0,0.95,Amazônia,1.7
5c4f0578-35f0-3c0e-8b1d-5f1a5948a36b,  -5.800840, -43.792450,2026-06-20 04:08:00,NOAA-21,BURITI BRAVO,MARANHÃO,Brasil,2102309,21,33,1,0.0,0.03,Cerrado,6.5
772db3c2-cf2a-30a7-8f5b-c7d23d0f6918,  -7.259630, -44.223000,2026-06-20 04:08:00,NOAA-21,ANTÔNIO ALMEIDA,PIAUÍ,Brasil,2200806,22,33,57,0.0,1.0,Cerrado,1.2
def74fbd-d8af-3e57-bb96-9393621cfdf2,  -6.994280, -42.771910,2026-06-20 04:08:00,NOAA-21,NAZARÉ DO PIAUÍ,PIAUÍ,Brasil,2206704,22,33,2,0.0,0.88,Caatinga,0.6
810fc495-9642-39d0-b0da-55b16b876710, -12.533900, -45.020400,2026-06-20 04:10:00,GOES-19,SÃO DESIDÉRIO,BAHIA,Brasil,2928901,29,33,27,0.0,1.0,Cerrado,72.8
76d2efc2-7815-3177-bede-f9cdb2d8da74, -12.553100, -45.017400,2026-06-20 04:10:00,GOES-19,SÃO DESIDÉRIO,BAHIA,Brasil,2928901,29,33,27,0.0,1.0,Cerrado,90.1
785bd764-ba63-31b1-888b-7d54d552e0e0, -18.047600, -59.599100,2026-06-20 04:10:00,GOES-19,Chiquitos,Santa Cruz,Bolivia,80,8,28,4,0.0,0.46,,63.4
2e9c649e-8ec5-31fa-a743-ae03234449c2, -13.120000, -53.791010,2026-06-20 04:10:00,NOAA-21,GAÚCHA DO NORTE,MATO GROSSO,Brasil,5103858,51,33,2,1.12,0.4,Amazônia,3.2
ab07323b-47cd-3710-b04a-2a7ba9c6dfbe, -13.299510, -45.210440,2026-06-20 04:10:00,NOAA-21,CORRENTINA,BAHIA,Brasil,2909307,29,33,28,0.0,0.93,Cerrado,2.4
1c2d5ac7-ebda-3f2f-90ee-76b54bc7ad5c, -13.293750, -45.229310,2026-06-20 04:10:00,NOAA-21,CORRENTINA,BAHIA,Brasil,2909307,29,33,28,0.0,1.0,Cerrado,1.2
8a1f7abf-111b-3d73-a2a1-cd4d2bfcfa34, -11.218710, -46.764460,2026-06-20 04:10:00,NOAA-21,RIO DA CONCEIÇÃO,TOCANTINS,Brasil,1718659,17,33,25,0.0,1.0,Cerrado,2.3
104ed7f4-27b2-3f72-a451-ab90597ac497, -19.167650, -45.586590,2026-06-20 04:10:00,NOAA-21,ABAETÉ,MINAS GERAIS,Brasil,3100203,31,33,6,0.0,1.0,Cerrado,0.8
c4f7e109-a57a-3f9f-8ff0-1edac488f6d7, -12.540680, -45.017330,2026-06-20 04:10:00,NOAA-21,SÃO DESIDÉRIO,BAHIA,Brasil,2928901,29,33,27,0.0,1.0,Cerrado,17.4
258f2b0c-cf92-39f9-a9fa-83ae8deede69, -13.194160, -50.349360,2026-06-20 04:10:00,NOAA-21,SÃO MIGUEL DO ARAGUAIA,GOIÁS,Brasil,5220207,52,33,9,0.0,1.0,Cerrado,3.6
12834514-465d-36de-90cc-fc5e938cff03, -13.120870, -53.786650,2026-06-20 04:10:00,NOAA-21,GAÚCHA DO NORTE,MATO GROSSO,Brasil,5103858,51,33,2,1.07,0.59,Amazônia,3.2
a0cdcdac-5e9c-3bc0-bf17-4ead12d2df6a, -12.544760, -45.014070,2026-06-20 04:10:00,NOAA-21,SÃO DESIDÉRIO,BAHIA,Brasil,2928901,29,33,27,0.0,1.0,Cerrado,15.6
7f84dd99-7e48-3bfb-89f9-3b8d04961a00, -13.301010, -45.222650,2026-06-20 04:10:00,NOAA-21,CORRENTINA,BAHIA,Brasil,2909307,29,33,28,0.0,1.0,Cerrado,2.5
1b92e19d-806c-3e51-ade9-e024957608db, -12.751780, -45.956610,2026-06-20 04:10:00,NOAA-21,SÃO DESIDÉRIO,BAHIA,Brasil,2928901,29,33,27,0.0,-999.0,Cerrado,0.6
eee1f32a-ae79-3032-987d-30b378b46c2b, -13.132540, -53.788770,2026-06-20 04:10:00,NOAA-21,GAÚCHA DO NORTE,MATO GROSSO,Brasil,5103858,51,33,2,1.08,0.47,Amazônia,4.8
e71781a8-573a-3659-8386-4ed3810caa0f, -13.297550, -45.206010,2026-06-20 04:10:00,NOAA-21,CORRENTINA,BAHIA,Brasil,2909307,29,33,28,0.0,0.96,Cerrado,0.8
a72d9a6b-1cc1-36a3-b444-f424a9a98ee7, -12.794800, -44.474860,2026-06-20 04:10:00,NOAA-21,BAIANÓPOLIS,BAHIA,Brasil,2902500,29,33,28,0.0,1.0,Cerrado,1.6
b113b7d3-ea83-38ce-b035-b05a1466a6f8, -12.786840, -44.481110,2026-06-20 04:10:00,NOAA-21,BAIANÓPOLIS,BAHIA,Brasil,2902500,29,33,28,0.0,1.0,Cerrado,1.0
e4f5cd79-e483-3194-8745-058abe958137, -14.854850, -48.116450,2026-06-20 04:10:00,NOAA-21,MIMOSO DE GOIÁS,GOIÁS,Brasil,5213053,52,33,31,0.0,1.0,Cerrado,1.4
d4390747-96ac-3802-ac1f-f0323b3485fb, -11.830920, -47.098270,2026-06-20 04:10:00,NOAA-21,DIANÓPOLIS,TOCANTINS,Brasil,1707009,17,33,28,0.0,1.0,Cerrado,1.3
1f4006bc-0702-3024-942f-43d01b3c2708, -12.151990, -48.449340,2026-06-20 04:10:00,NOAA-21,PEIXE,TOCANTINS,Brasil,1716604,17,33,28,0.0,1.0,Cerrado,0.8
d510cddc-2e9d-3586-a1b3-18b16b415916, -14.335870, -47.515180,2026-06-20 04:10:00,NOAA-21,ALTO PARAÍSO DE GOIÁS,GOIÁS,Brasil,5200605,52,33,29,0.0,1.0,Cerrado,1.7
7692898e-7130-3b77-a630-9c1f1c4446a5, -13.389450, -42.394660,2026-06-20 04:10:00,NOAA-21,CATURAMA,BAHIA,Brasil,2907558,29,33,20,0.0,1.0,Caatinga,3.7
6e78a038-a362-394e-8f01-ef441820009c, -12.662020, -47.679060,2026-06-20 04:10:00,NOAA-21,PARANÃ,TOCANTINS,Brasil,1716208,17,33,58,0.0,1.0,Cerrado,3.6
b9c34ce0-e1fd-3faf-8a6e-0608d8b3fc30, -12.550380, -45.022990,2026-06-20 04:10:00,NOAA-21,SÃO DESIDÉRIO,BAHIA,Brasil,2928901,29,33,27,0.0,1.0,Cerrado,12.2
5dc8a199-7c19-3051-838f-e26266fa83b2, -14.909850, -51.997600,2026-06-20 04:10:00,NOAA-21,ARAGUAIANA,MATO GROSSO,Brasil,5101001,51,33,28,0.0,0.98,Cerrado,1.1
a8ac0f6a-0475-32a8-9f0e-ec7dc5f77e95, -17.451280, -47.160750,2026-06-20 04:10:00,NOAA-21,PARACATU,MINAS GERAIS,Brasil,3147006,31,33,5,0.0,0.85,Cerrado,3.0
d37bdf69-5c92-3f97-93e2-1eb0ed277534, -17.605040, -44.612020,2026-06-20 04:10:00,NOAA-21,VÁRZEA DA PALMA,MINAS GERAIS,Brasil,3170800,31,33,28,0.0,1.0,Cerrado,0.9
9a13033b-9812-38b9-ac72-ebe577a15fce, -12.790820, -44.477990,2026-06-20 04:10:00,NOAA-21,BAIANÓPOLIS,BAHIA,Brasil,2902500,29,33,28,0.0,1.0,Cerrado,1.1
b9597418-0293-39e6-97a5-ae03dafa9fa3, -12.793590, -44.482250,2026-06-20 04:10:00,NOAA-21,BAIANÓPOLIS,BAHIA,Brasil,2902500,29,33,28,0.0,1.0,Cerrado,1.3
ec111e14-4eb7-3ccb-8bde-724315a30f43, -12.795400, -44.471170,2026-06-20 04:10:00,NOAA-21,BAIANÓPOLIS,BAHIA,Brasil,2902500,29,33,28,0.0,1.0,Cerrado,1.1
357f2f9b-2cf7-3993-ad82-8e3c74ac5d64, -12.915160, -49.480940,2026-06-20 04:10:00,NOAA-21,ARAGUAÇU,TOCANTINS,Brasil,1702000,17,33,14,0.0,1.0,Cerrado,2.1
fd08b6ca-4357-350d-b16c-526415b0a931, -17.694130, -40.160600,2026-06-20 04:10:00,NOAA-21,IBIRAPUÃ,BAHIA,Brasil,2912806,29,33,3,0.0,1.0,Mata Atlântica,2.4
c1604822-6331-3b27-8d7f-41559d54d5d1, -13.299100, -45.218240,2026-06-20 04:10:00,NOAA-21,CORRENTINA,BAHIA,Brasil,2909307,29,33,28,0.0,0.99,Cerrado,2.6
fa4aacce-7b14-3dfa-9db9-7f26bec19d56, -13.125840, -53.792040,2026-06-20 04:10:00,NOAA-21,GAÚCHA DO NORTE,MATO GROSSO,Brasil,5103858,51,33,2,1.12,0.41,Amazônia,3.2
d8bb143d-9b3b-3b40-a423-7e868115b071, -14.860460, -48.107500,2026-06-20 04:10:00,NOAA-21,MIMOSO DE GOIÁS,GOIÁS,Brasil,5213053,52,33,32,0.0,1.0,Cerrado,1.5
815728a6-470d-3871-a25a-d8a475596cf5, -12.781650, -44.491650,2026-06-20 04:10:00,NOAA-21,BAIANÓPOLIS,BAHIA,Brasil,2902500,29,33,28,0.0,1.0,Cerrado,0.9
c8913bdf-21f8-317e-a3aa-d9f24136c0d8, -13.387230, -42.387040,2026-06-20 04:10:00,NOAA-21,CATURAMA,BAHIA,Brasil,2907558,29,33,20,0.0,1.0,Caatinga,18.8
fe42e947-3b17-396d-b5c6-9cfad6cf6d68, -12.792020, -44.470600,2026-06-20 04:10:00,NOAA-21,BAIANÓPOLIS,BAHIA,Brasil,2902500,29,33,28,0.0,1.0,Cerrado,1.1
95acddbe-251f-3d4b-98fc-dc99520c6780, -12.317300, -46.737710,2026-06-20 04:10:00,NOAA-21,TAGUATINGA,TOCANTINS,Brasil,1720903,17,33,28,0.0,1.0,Cerrado,1.8
0ae2eecf-1b1c-34ce-9885-6d2ccc270048, -13.126710, -53.787700,2026-06-20 04:10:00,NOAA-21,GAÚCHA DO NORTE,MATO GROSSO,Brasil,5103858,51,33,2,1.08,0.53,Amazônia,3.2
3376fd10-4a56-3948-a4ed-008fb64ccafd, -12.522690, -48.297220,2026-06-20 04:10:00,NOAA-21,SÃO SALVADOR DO TOCANTINS,TOCANTINS,Brasil,1720259,17,33,28,0.0,1.0,Cerrado,2.9
20093080-440a-38f3-abec-8b12d55bd4b5, -14.914360, -51.996550,2026-06-20 04:10:00,NOAA-21,ARAGUAIANA,MATO GROSSO,Brasil,5101001,51,33,28,0.0,0.93,Cerrado,0.9
57e37080-34b0-3af7-b520-8b9d1e3e8408, -12.313550, -46.737060,2026-06-20 04:10:00,NOAA-21,TAGUATINGA,TOCANTINS,Brasil,1720903,17,33,28,0.0,1.0,Cerrado,1.8
bdc48604-1029-3a68-bb70-547069179a52, -13.297560, -45.222080,2026-06-20 04:10:00,NOAA-21,CORRENTINA,BAHIA,Brasil,2909307,29,33,28,0.0,1.0,Cerrado,2.5
98df0936-d3f2-3d79-b323-2651494398ac, -12.548200, -45.014670,2026-06-20 04:10:00,NOAA-21,SÃO DESIDÉRIO,BAHIA,Brasil,2928901,29,33,27,0.0,1.0,Cerrado,15.6
39de28eb-fb9d-3290-a5e5-1f2639c6922a, -12.863840, -44.369140,2026-06-20 04:10:00,NOAA-21,BAIANÓPOLIS,BAHIA,Brasil,2902500,29,33,28,0.0,0.78,Cerrado,5.2
572e46a6-2d5a-3a72-9d0d-99a54688a4e6, -12.518580, -48.296440,2026-06-20 04:10:00,NOAA-21,SÃO SALVADOR DO TOCANTINS,TOCANTINS,Brasil,1720259,17,33,28,0.0,1.0,Cerrado,2.9
9074b045-94cd-34ac-81a5-4a98d4719180, -15.646660, -42.034200,2026-06-20 04:10:00,NOAA-21,INDAIABIRA,MINAS GERAIS,Brasil,3130655,31,33,28,0.0,0.98,Cerrado,1.2
075a4745-15f3-39c6-b8d3-3cabd4d0d719, -13.133390, -53.784500,2026-06-20 04:10:00,NOAA-21,GAÚCHA DO NORTE,MATO GROSSO,Brasil,5103858,51,33,2,1.0,0.72,Amazônia,3.7
c8fbf683-f66d-3722-afa3-38903d1dab7c, -13.289390, -45.212620,2026-06-20 04:10:00,NOAA-21,CORRENTINA,BAHIA,Brasil,2909307,29,33,28,0.0,1.0,Cerrado,1.5
9b56714f-f98d-3ed3-bd24-5e32c75af615, -13.294380, -45.225430,2026-06-20 04:10:00,NOAA-21,CORRENTINA,BAHIA,Brasil,2909307,29,33,28,0.0,1.0,Cerrado,1.2
837e604c-c168-357f-84cf-f4760dc92385, -14.913750, -51.999610,2026-06-20 04:10:00,NOAA-21,ARAGUAIANA,MATO GROSSO,Brasil,5101001,51,33,28,0.0,1.0,Cerrado,1.0
0e466adb-b33a-3e13-8397-500123b10523, -13.139220, -53.785590,2026-06-20 04:10:00,NOAA-21,GAÚCHA DO NORTE,MATO GROSSO,Brasil,5103858,51,33,2,1.02,0.56,Amazônia,3.7
dbf7dff1-e552-3c18-abc8-516240405ba3, -12.551630, -45.015270,2026-06-20 04:10:00,NOAA-21,SÃO DESIDÉRIO,BAHIA,Brasil,2928901,29,33,27,0.0,1.0,Cerrado,7.8
a19ea795-ed0c-39c0-9c7d-c451ce12740c, -13.386140, -42.394130,2026-06-20 04:10:00,NOAA-21,CATURAMA,BAHIA,Brasil,2907558,29,33,20,0.0,1.0,Caatinga,16.4
74cbcadc-0b31-35f1-9ae3-c9ac75b891c3, -13.119130, -53.795350,2026-06-20 04:10:00,NOAA-21,GAÚCHA DO NORTE,MATO GROSSO,Brasil,5103858,51,33,2,1.19,0.4,Amazônia,4.0
fc637024-3de3-31c5-9341-7f750ca726df, -12.132060, -45.002670,2026-06-20 04:10:00,NOAA-21,BARREIRAS,BAHIA,Brasil,2903201,29,33,25,0.0,-999.0,Cerrado,0.6
dab61275-d3b3-3e80-870b-2c83806fd073, -13.297840, -45.226000,2026-06-20 04:10:00,NOAA-21,CORRENTINA,BAHIA,Brasil,2909307,29,33,28,0.0,1.0,Cerrado,1.2
edfb2023-e8f5-3d2b-9ed5-e50e0c5f97a2, -13.124970, -53.796400,2026-06-20 04:10:00,NOAA-21,GAÚCHA DO NORTE,MATO GROSSO,Brasil,5103858,51,33,2,1.17,0.4,Amazônia,4.0
889412b7-3f8a-33ba-a16c-5495699ac299, -11.447780, -47.399650,2026-06-20 04:10:00,NOAA-21,ALMAS,TOCANTINS,Brasil,1700400,17,33,25,0.0,1.0,Cerrado,1.7
b59359c6-4d62-37e6-bab5-a875daf4fa09, -11.890110, -43.835530,2026-06-20 04:10:00,NOAA-21,WANDERLEY,BAHIA,Brasil,2933455,29,33,25,0.0,1.0,Cerrado,9.5
de01c64c-cbc3-36d3-a173-427e064eabc4, -12.551010, -45.019130,2026-06-20 04:10:00,NOAA-21,SÃO DESIDÉRIO,BAHIA,Brasil,2928901,29,33,27,0.0,1.0,Cerrado,7.8
8511b5ab-4531-3cca-bb1c-4bbbba52f87e, -11.451630, -47.400920,2026-06-20 04:10:00,NOAA-21,ALMAS,TOCANTINS,Brasil,1700400,17,33,25,0.0,1.0,Cerrado,1.8
188e7290-1e44-3472-a0c5-d21d56661cf5, -13.389990, -42.391120,2026-06-20 04:10:00,NOAA-21,CATURAMA,BAHIA,Brasil,2907558,29,33,20,0.0,1.0,Caatinga,1.6
06f6d291-2d30-3dd0-8323-f20e8ce381cc, -13.298210, -45.218200,2026-06-20 04:10:00,NOAA-21,CORRENTINA,BAHIA,Brasil,2909307,29,33,28,0.0,0.99,Cerrado,2.5
af2c5bb5-e0a7-349b-a120-404bd079b521, -13.195110, -50.344290,2026-06-20 04:10:00,NOAA-21,SÃO MIGUEL DO ARAGUAIA,GOIÁS,Brasil,5220207,52,33,9,0.0,1.0,Cerrado,3.6
10fb6a86-d073-34d0-bd8a-cb528813305e, -12.543500, -45.021790,2026-06-20 04:10:00,NOAA-21,SÃO DESIDÉRIO,BAHIA,Brasil,2928901,29,33,27,0.0,1.0,Cerrado,19.2
ceb2a395-3280-3326-b347-8c62a07e9d68, -13.133190, -53.783290,2026-06-20 04:10:00,NOAA-21,GAÚCHA DO NORTE,MATO GROSSO,Brasil,5103858,51,33,2,0.98,0.79,Amazônia,3.4
82d7966d-8ac0-3851-8757-8ed5ff402fe3, -13.295020, -45.221550,2026-06-20 04:10:00,NOAA-21,CORRENTINA,BAHIA,Brasil,2909307,29,33,28,0.0,1.0,Cerrado,2.6
17a75f86-ddd6-35ff-b826-b232c7179479, -13.835850, -44.774650,2026-06-20 04:10:00,NOAA-21,COCOS,BAHIA,Brasil,2908101,29,33,28,0.0,1.0,Cerrado,1.7
f7553776-dbca-3d98-b8c3-14746eec469e, -13.139020, -53.784370,2026-06-20 04:10:00,NOAA-21,GAÚCHA DO NORTE,MATO GROSSO,Brasil,5103858,51,33,2,0.99,0.6,Amazônia,3.4
4ebc8837-1990-3e2d-882e-1c3b2a581aef, -12.789610, -44.485380,2026-06-20 04:10:00,NOAA-21,BAIANÓPOLIS,BAHIA,Brasil,2902500,29,33,28,0.0,1.0,Cerrado,1.0
ce0321a8-26d9-3863-9d92-ef018ba90577, -14.061980, -44.479020,2026-06-20 04:10:00,NOAA-21,COCOS,BAHIA,Brasil,2908101,29,33,54,0.0,1.0,Cerrado,1.1
652d0d86-6788-34ca-984b-0e852a046e37, -12.918770, -49.486170,2026-06-20 04:10:00,NOAA-21,ARAGUAÇU,TOCANTINS,Brasil,1702000,17,33,13,0.0,1.0,Cerrado,2.1
701cd82f-b980-3f3c-87f5-7bf4a9712097, -12.546310, -45.026250,2026-06-20 04:10:00,NOAA-21,SÃO DESIDÉRIO,BAHIA,Brasil,2928901,29,33,27,0.0,1.0,Cerrado,19.2
146c1fd0-e395-3578-ad75-27775228b196, -13.205360, -50.340920,2026-06-20 04:10:00,NOAA-21,SÃO MIGUEL DO ARAGUAIA,GOIÁS,Brasil,5220207,52,33,9,0.0,0.71,Cerrado,5.7
0a77a001-f4ed-3ef8-9d37-ab255f98d000, -13.290020, -45.208740,2026-06-20 04:10:00,NOAA-21,CORRENTINA,BAHIA,Brasil,2909307,29,33,28,0.0,1.0,Cerrado,1.5
3788c971-7583-36ca-99c1-4a652c7fb64b, -17.447710, -47.160050,2026-06-20 04:10:00,NOAA-21,PARACATU,MINAS GERAIS,Brasil,3147006,31,33,5,0.0,0.93,Cerrado,3.0
27beabb9-cab4-3eeb-9edf-3091ff5c4263, -13.301660, -45.218770,2026-06-20 04:10:00,NOAA-21,CORRENTINA,BAHIA,Brasil,2909307,29,33,28,0.0,0.99,Cerrado,2.5
481ffe4f-499c-3533-b1b9-9fad2fbfc5a0, -13.132310, -53.787530,2026-06-20 04:10:00,NOAA-21,GAÚCHA DO NORTE,MATO GROSSO,Brasil,5103858,51,33,2,1.06,0.54,Amazônia,3.1
20b90993-d309-3208-a1b3-7f4d46afb8fa, -13.293470, -45.209320,2026-06-20 04:10:00,NOAA-21,CORRENTINA,BAHIA,Brasil,2909307,29,33,27,0.0,1.0,Cerrado,1.5
0ebcfe03-1f07-3712-aec6-2f77a0fb1bf5, -17.350350, -42.627490,2026-06-20 04:10:00,NOAA-21,MINAS NOVAS,MINAS GERAIS,Brasil,3141801,31,33,7,0.0,0.63,Cerrado,4.1
ddb55c92-e2b2-3b3c-8359-af9446772c28, -13.121730, -53.782310,2026-06-20 04:10:00,NOAA-21,GAÚCHA DO NORTE,MATO GROSSO,Brasil,5103858,51,33,2,1.03,0.85,Amazônia,2.4
4aed5eab-8c58-3e8b-b057-c19195e09014, -12.662420, -47.682260,2026-06-20 04:10:00,NOAA-21,PARANÃ,TOCANTINS,Brasil,1716208,17,33,57,0.0,1.0,Cerrado,0.9
ee01e6a0-9579-39a7-868c-ccb060347b8b, -13.298470, -45.222120,2026-06-20 04:10:00,NOAA-21,CORRENTINA,BAHIA,Brasil,2909307,29,33,28,0.0,1.0,Cerrado,2.6
aef82194-c6ff-3b70-b34e-58b1d3aa49aa, -11.665290, -56.763900,2026-06-20 04:10:00,NOAA-21,PORTO DOS GAÚCHOS,MATO GROSSO,Brasil,5106802,51,33,3,0.78,0.24,Amazônia,5.3
d0bc8092-dc6d-3b11-bb7a-a281af254f6d, -11.222530, -46.765090,2026-06-20 04:10:00,NOAA-21,RIO DA CONCEIÇÃO,TOCANTINS,Brasil,1718659,17,33,26,0.0,1.0,Cerrado,2.3
493c7bdd-2463-3f64-b87f-f015ec9eeb03, -11.816860, -47.342870,2026-06-20 04:10:00,NOAA-21,ALMAS,TOCANTINS,Brasil,1700400,17,33,28,0.0,1.0,Cerrado,1.4
acae34c9-3f09-3416-b0b7-b03d764ada5d, -13.561460, -44.686570,2026-06-20 04:10:00,NOAA-21,JABORANDI,BAHIA,Brasil,2917359,29,33,28,0.0,1.0,Cerrado,2.4
57c3ac91-16ab-3ba4-8b5e-945b68bdbf44, -13.382830, -42.393590,2026-06-20 04:10:00,NOAA-21,CATURAMA,BAHIA,Brasil,2907558,29,33,20,0.0,1.0,Caatinga,16.4
aee750d6-3bd5-3953-9941-159ac935818c, -12.546940, -45.022390,2026-06-20 04:10:00,NOAA-21,SÃO DESIDÉRIO,BAHIA,Brasil,2928901,29,33,27,0.0,1.0,Cerrado,19.2
5146e4ca-e4fa-3956-9104-fbcbc9631f0a, -12.555080, -45.015870,2026-06-20 04:10:00,NOAA-21,SÃO DESIDÉRIO,BAHIA,Brasil,2928901,29,33,27,0.0,1.0,Cerrado,7.8
8180c4d4-b252-3809-a2a5-55f3072531f9, -14.857770, -48.122850,2026-06-20 04:10:00,NOAA-21,MIMOSO DE GOIÁS,GOIÁS,Brasil,5213053,52,33,31,0.0,1.0,Cerrado,2.3
68f9750b-716e-3a52-8081-d307e50d86d3, -12.541320, -45.013480,2026-06-20 04:10:00,NOAA-21,SÃO DESIDÉRIO,BAHIA,Brasil,2928901,29,33,27,0.0,1.0,Cerrado,17.4
db8c0233-58ef-3057-a659-c4787e492116, -11.890690, -43.831920,2026-06-20 04:10:00,NOAA-21,WANDERLEY,BAHIA,Brasil,2933455,29,33,25,0.0,1.0,Cerrado,9.5
882a5095-b624-3af9-a78c-eed750dcffe5, -17.456360, -47.152820,2026-06-20 04:10:00,NOAA-21,PARACATU,MINAS GERAIS,Brasil,3147006,31,33,5,0.0,0.75,Cerrado,1.6
65d8367a-7df8-3673-8594-e928026c7419, -12.542870, -45.025650,2026-06-20 04:10:00,NOAA-21,SÃO DESIDÉRIO,BAHIA,Brasil,2928901,29,33,27,0.0,1.0,Cerrado,19.2
25ce57d7-0a66-3d60-902e-99a3794d91f9, -12.919580, -49.481730,2026-06-20 04:10:00,NOAA-21,ARAGUAÇU,TOCANTINS,Brasil,1702000,17,33,14,0.0,1.0,Cerrado,2.1
6b1377e4-7433-3ca3-8719-d1e9bd3048ec, -11.894030, -43.832470,2026-06-20 04:10:00,NOAA-21,WANDERLEY,BAHIA,Brasil,2933455,29,33,25,0.0,1.0,Cerrado,9.5
014185ae-7ca3-3671-b6ca-d0b3259af4a5, -13.386680, -42.390590,2026-06-20 04:10:00,NOAA-21,CATURAMA,BAHIA,Brasil,2907558,29,33,20,0.0,1.0,Caatinga,18.8
db1585c4-592b-3c0c-aa42-f1e1fe4ec073, -13.292840, -45.213200,2026-06-20 04:10:00,NOAA-21,CORRENTINA,BAHIA,Brasil,2909307,29,33,28,0.0,1.0,Cerrado,1.5
cedb949f-5fcc-3669-8466-b9d6c97ac380, -14.858670, -48.117690,2026-06-20 04:10:00,NOAA-21,MIMOSO DE GOIÁS,GOIÁS,Brasil,5213053,52,33,31,0.0,1.0,Cerrado,1.4
d56dada0-4e34-3ad2-aaf5-666be2e50b7d, -13.296280, -45.213780,2026-06-20 04:10:00,NOAA-21,CORRENTINA,BAHIA,Brasil,2909307,29,33,28,0.0,0.99,Cerrado,3.1
27dd751f-6724-39a5-8504-c5eeb1bf943d, -13.292200, -45.217090,2026-06-20 04:10:00,NOAA-21,CORRENTINA,BAHIA,Brasil,2909307,29,33,28,0.0,1.0,Cerrado,1.3
bef91b33-254c-31cd-a5b0-dbded2f49dcd, -13.127560, -53.783390,2026-06-20 04:10:00,NOAA-21,GAÚCHA DO NORTE,MATO GROSSO,Brasil,5103858,51,33,2,1.02,0.79,Amazônia,2.4
99efa8ac-57d4-36c5-90da-24b75343c9f1, -13.298860, -45.214320,2026-06-20 04:10:00,NOAA-21,CORRENTINA,BAHIA,Brasil,2909307,29,33,28,0.0,0.97,Cerrado,2.4
d6d9f925-4011-3558-90de-8f22dd94820d, -13.296920, -45.209890,2026-06-20 04:10:00,NOAA-21,CORRENTINA,BAHIA,Brasil,2909307,29,33,28,0.0,0.97,Cerrado,3.1
6ad6896b-f40c-36d0-9150-48b6209b352f, -15.815460, -41.896610,2026-06-20 04:10:00,NOAA-21,TAIOBEIRAS,MINAS GERAIS,Brasil,3168002,31,33,28,0.0,0.77,Cerrado,0.9
3f388107-6ae3-3d1d-a479-6a91489a7501, -11.632210, -47.879070,2026-06-20 04:10:00,NOAA-21,CHAPADA DA NATIVIDADE,TOCANTINS,Brasil,1705102,17,33,28,0.0,1.0,Cerrado,1.1
f2ce8b0b-0fa6-38d1-8ee2-8f83dbf10425, -12.547570, -45.018530,2026-06-20 04:10:00,NOAA-21,SÃO DESIDÉRIO,BAHIA,Brasil,2928901,29,33,27,0.0,1.0,Cerrado,15.6
f103f204-64b0-305a-9193-f56bebfb521a, -12.544120, -45.017930,2026-06-20 04:10:00,NOAA-21,SÃO DESIDÉRIO,BAHIA,Brasil,2928901,29,33,27,0.0,1.0,Cerrado,15.6
8a160118-f930-399a-81ad-09cdcf717883, -13.295650, -45.217670,2026-06-20 04:10:00,NOAA-21,CORRENTINA,BAHIA,Brasil,2909307,29,33,28,0.0,1.0,Cerrado,2.6
a1b8a54e-4f31-3f7b-acef-c0dbcbad2472, -12.792380, -44.489650,2026-06-20 04:10:00,NOAA-21,BAIANÓPOLIS,BAHIA,Brasil,2902500,29,33,28,0.0,1.0,Cerrado,1.5
4e6777cd-4c71-3209-b1f2-d915d7cbbf09, -13.199760, -50.345130,2026-06-20 04:10:00,NOAA-21,SÃO MIGUEL DO ARAGUAIA,GOIÁS,Brasil,5220207,52,33,9,0.0,0.92,Cerrado,14.1
619400d5-9289-345e-a5d9-d35abb6234ca, -17.350900, -42.623780,2026-06-20 04:10:00,NOAA-21,MINAS NOVAS,MINAS GERAIS,Brasil,3141801,31,33,7,0.0,0.62,Cerrado,7.5
06cca728-ebaa-3680-98b1-25c3f58b2b63, -13.383380, -42.390050,2026-06-20 04:10:00,NOAA-21,CATURAMA,BAHIA,Brasil,2907558,29,33,20,0.0,1.0,Caatinga,18.8
a1f56b34-5359-30b3-bb20-d2e5f0b69ecc, -12.137390, -48.266730,2026-06-20 04:10:00,NOAA-21,PEIXE,TOCANTINS,Brasil,1716604,17,33,28,0.0,1.0,Cerrado,1.7
f519dc29-7a5c-32d0-9d6d-490045c3e38a, -13.204410, -50.346000,2026-06-20 04:10:00,NOAA-21,SÃO MIGUEL DO ARAGUAIA,GOIÁS,Brasil,5220207,52,33,9,0.0,0.88,Cerrado,14.1
e0dcd02b-d37b-3db8-85bb-69c991a86ff1, -12.663310, -47.677040,2026-06-20 04:10:00,NOAA-21,PARANÃ,TOCANTINS,Brasil,1716208,17,33,58,0.0,1.0,Cerrado,3.1
b72b1943-0388-30c8-b01a-ae8fef515dd5, -12.782260, -44.487950,2026-06-20 04:10:00,NOAA-21,BAIANÓPOLIS,BAHIA,Brasil,2902500,29,33,28,0.0,1.0,Cerrado,0.9
3350c737-d976-3961-8b58-f6d0b19adf4e, -14.864310, -48.108530,2026-06-20 04:10:00,NOAA-21,MIMOSO DE GOIÁS,GOIÁS,Brasil,5213053,52,33,32,0.0,1.0,Cerrado,0.8
951818dd-e8b6-3628-9cb5-31ec59d350b7, -13.304460, -45.223220,2026-06-20 04:10:00,NOAA-21,CORRENTINA,BAHIA,Brasil,2909307,29,33,28,0.0,1.0,Cerrado,1.0
f89ab422-228c-3491-a76f-6a7caba374d8, -12.554450, -45.019730,2026-06-20 04:10:00,NOAA-21,SÃO DESIDÉRIO,BAHIA,Brasil,2928901,29,33,27,0.0,1.0,Cerrado,7.8
1071e514-bbcc-3422-83ab-64337140205d, -13.299730, -45.214350,2026-06-20 04:10:00,NOAA-21,CORRENTINA,BAHIA,Brasil,2909307,29,33,28,0.0,0.96,Cerrado,3.1
66946060-ed2b-3c51-9557-45a7f1ec6b25, -12.790220, -44.481680,2026-06-20 04:10:00,NOAA-21,BAIANÓPOLIS,BAHIA,Brasil,2902500,29,33,28,0.0,1.0,Cerrado,1.0
defa3db2-3b2e-36ff-807e-3f47321b01a3, -10.769470, -54.107880,2026-06-20 04:10:00,NOAA-21,MARCELÂNDIA,MATO GROSSO,Brasil,5105580,51,33,7,0.71,0.39,Amazônia,4.0
37e1a011-3b5c-3717-a76c-58d197ce492b, -12.789010, -44.489080,2026-06-20 04:10:00,NOAA-21,BAIANÓPOLIS,BAHIA,Brasil,2902500,29,33,28,0.0,1.0,Cerrado,2.4
d0e1177f-d590-345f-b1b5-13ca096bff2d, -12.791420, -44.474290,2026-06-20 04:10:00,NOAA-21,BAIANÓPOLIS,BAHIA,Brasil,2902500,29,33,28,0.0,1.0,Cerrado,1.1
8be46591-e316-3abb-b7ec-e6edd4644389, -13.115020, -53.785650,2026-06-20 04:10:00,NOAA-21,GAÚCHA DO NORTE,MATO GROSSO,Brasil,5103858,51,33,2,1.06,0.65,Amazônia,3.8
135144b9-5162-311b-bd5e-115ff879522b, -13.296910, -45.225960,2026-06-20 04:10:00,NOAA-21,CORRENTINA,BAHIA,Brasil,2909307,29,33,28,0.0,1.0,Cerrado,1.9
72ba26b5-002c-3315-9b9a-1c8b2a823c68, -12.787450, -44.477420,2026-06-20 04:10:00,NOAA-21,BAIANÓPOLIS,BAHIA,Brasil,2902500,29,33,28,0.0,1.0,Cerrado,1.1
f0a82e96-9237-341f-adc6-b0d7a01d3df5, -13.138150, -53.788590,2026-06-20 04:10:00,NOAA-21,GAÚCHA DO NORTE,MATO GROSSO,Brasil,5103858,51,33,2,1.08,0.46,Amazônia,3.1
91a68e0c-d50e-3406-9644-a6ca32fe1e2c, -13.300360, -45.226520,2026-06-20 04:10:00,NOAA-21,CORRENTINA,BAHIA,Brasil,2909307,29,33,28,0.0,1.0,Cerrado,1.9
a179d607-2077-3723-b1ce-fd467176af2a, -13.303810, -45.227090,2026-06-20 04:10:00,NOAA-21,CORRENTINA,BAHIA,Brasil,2909307,29,33,28,0.0,1.0,Cerrado,0.5
516caf41-9c3d-32ae-9549-a5515d10b7f2, -21.703550, -60.187870,2026-06-20 04:12:00,NOAA-21,General Eugenio A. Garay,Boquerón,Paraguay,43,6,177,6,0.0,0.75,,9.1
7a7dc1db-e06a-350b-a3bd-75f06e08c8d8, -22.606030, -47.048070,2026-06-20 04:12:00,NOAA-21,HOLAMBRA,SÃO PAULO,Brasil,3519055,35,33,6,0.6,1.0,Cerrado,0.4
76735990-cea8-3ff8-8760-39e764bff283, -23.607330, -46.376580,2026-06-20 04:12:00,NOAA-21,FERRAZ DE VASCONCELOS,SÃO PAULO,Brasil,3515707,35,33,4,1.12,0.43,Mata Atlântica,0.6
c35e3518-1e7f-38a1-9a35-0d074f9e9945, -22.322520, -41.794140,2026-06-20 04:12:00,NOAA-21,MACAÉ,RIO DE JANEIRO,Brasil,3302403,33,33,4,0.0,1.0,Mata Atlântica,2.9
5c54ed90-5047-3b5d-b55a-d9aaa440a232, -22.858300, -43.379470,2026-06-20 04:12:00,NOAA-21,RIO DE JANEIRO,RIO DE JANEIRO,Brasil,3304557,33,33,-999,0.6,-999.0,Mata Atlântica,0.7
6d0b2e86-47ec-39d3-aea7-f44d95a68a7b, -21.615020, -48.726960,2026-06-20 04:12:00,NOAA-21,ITÁPOLIS,SÃO PAULO,Brasil,3522703,35,33,5,0.4,1.0,Cerrado,1.3
a027bcdb-a330-34a0-95d2-040fd9493e55, -23.817370, -48.714740,2026-06-20 04:12:00,NOAA-21,BURI,SÃO PAULO,Brasil,3508009,35,33,4,6.9,0.03,Cerrado,0.5
8ec6b403-f478-3d68-9841-4e2ab92146fc, -19.967290, -44.717690,2026-06-20 04:12:00,NOAA-21,IGARATINGA,MINAS GERAIS,Brasil,3130200,31,33,5,0.0,1.0,Cerrado,0.4
1801ed0e-b34a-37f5-8c72-3e5725161a91, -20.922120, -43.086460,2026-06-20 04:12:00,NOAA-21,SENADOR FIRMINO,MINAS GERAIS,Brasil,3165701,31,33,7,0.0,0.55,Mata Atlântica,0.7
62015cf5-c038-3a85-84b2-7fa4df2dc596, -19.828300, -43.383590,2026-06-20 04:12:00,NOAA-21,SÃO GONÇALO DO RIO ABAIXO,MINAS GERAIS,Brasil,3161908,31,33,6,0.0,0.94,Mata Atlântica,0.5
fa580a7b-795a-3be7-ac4e-6bff1dd666af, -19.700490, -47.329050,2026-06-20 04:12:00,NOAA-21,PERDIZES,MINAS GERAIS,Brasil,3149804,31,33,6,0.0,0.98,Cerrado,1.5
9dba683e-6feb-3355-ae07-08bf7e56a843, -19.159240, -48.388160,2026-06-20 04:12:00,NOAA-21,UBERLÂNDIA,MINAS GERAIS,Brasil,3170206,31,33,5,0.1,0.7,Cerrado,1.4
bf43ff8b-6ccc-3d43-a3fc-066386f1712d, -19.913000, -44.060230,2026-06-20 04:12:00,NOAA-21,CONTAGEM,MINAS GERAIS,Brasil,3118601,31,33,6,0.0,-999.0,Mata Atlântica,0.4
62f7f058-7e97-3c3c-975f-5f794684805c, -19.526200, -44.731220,2026-06-20 04:12:00,NOAA-21,MARAVILHAS,MINAS GERAIS,Brasil,3139706,31,33,6,0.0,1.0,Cerrado,0.9
1137902a-9271-337c-8146-1fb8ff91d904, -20.726900, -42.937250,2026-06-20 04:12:00,NOAA-21,VIÇOSA,MINAS GERAIS,Brasil,3171303,31,33,4,0.0,0.9,Mata Atlântica,0.5
c874c44f-c824-3574-996e-cd557cf89aae, -20.820480, -45.176080,2026-06-20 04:12:00,NOAA-21,CANDEIAS,MINAS GERAIS,Brasil,3112000,31,33,5,0.2,0.97,Mata Atlântica,1.1
79f12680-eb5b-334d-96c8-27873b85dec2, -18.047600, -59.599100,2026-06-20 04:20:00,GOES-19,Chiquitos,Santa Cruz,Bolivia,80,8,28,4,0.0,0.46,,56.3
a3cae44e-5c61-3724-a9ae-1b760cead079, -12.553100, -45.017400,2026-06-20 04:20:00,GOES-19,SÃO DESIDÉRIO,BAHIA,Brasil,2928901,29,33,27,0.0,1.0,Cerrado,94.7
99c47b5f-cf5c-3bd5-9a37-413e05d19c1b, -18.047600, -59.599100,2026-06-20 04:30:00,GOES-19,Chiquitos,Santa Cruz,Bolivia,80,8,28,4,0.0,0.46,,68.1
043cb901-3d7c-3ed3-a86f-4bc655721920, -12.533900, -45.020400,2026-06-20 04:30:00,GOES-19,SÃO DESIDÉRIO,BAHIA,Brasil,2928901,29,33,27,0.0,1.0,Cerrado,71.5
dec76ce4-ff46-3e45-9a85-9348513e1469, -12.553100, -45.017400,2026-06-20 04:30:00,GOES-19,SÃO DESIDÉRIO,BAHIA,Brasil,2928901,29,33,27,0.0,1.0,Cerrado,112.9
32d68a70-0e67-3da2-886d-6c1f7bf8bc94, -12.553100, -45.017400,2026-06-20 04:40:00,GOES-19,SÃO DESIDÉRIO,BAHIA,Brasil,2928901,29,33,27,0.0,1.0,Cerrado,163.5
76d166c7-ab93-3453-aa29-01b8e735b11c, -12.533900, -45.020400,2026-06-20 04:40:00,GOES-19,SÃO DESIDÉRIO,BAHIA,Brasil,2928901,29,33,27,0.0,1.0,Cerrado,65.9
c57d5a72-3ff2-3166-9cd3-9402b15f251f, -18.047600, -59.599100,2026-06-20 04:40:00,GOES-19,Chiquitos,Santa Cruz,Bolivia,80,8,28,4,0.0,0.46,,60.1
e1280043-957d-31b9-94a8-200ab0bf1768,  -6.785410, -46.331440,2026-06-20 04:42:00,NPP-375D,FORMOSA DA SERRA NEGRA,MARANHÃO,Brasil,2104099,21,33,2,0.0,1.0,Cerrado,2.2
99a12147-b779-3674-8c7a-e8322cdd2574,  -6.153370, -48.492280,2026-06-20 04:42:00,NPP-375D,SÃO GERALDO DO ARAGUAIA,PARÁ,Brasil,1507458,15,33,1,0.0,0.92,Amazônia,0.6
f70264ab-d497-372a-916e-ae6251575255,  -5.812710, -45.077840,2026-06-20 04:42:00,NPP-375D,BARRA DO CORDA,MARANHÃO,Brasil,2101608,21,33,5,0.0,0.9,Cerrado,4.8
b4cd4662-1a23-3aca-b47a-62b67e346a73,  -5.815670, -45.082380,2026-06-20 04:42:00,NPP-375D,BARRA DO CORDA,MARANHÃO,Brasil,2101608,21,33,5,0.0,0.9,Cerrado,4.8
d7dbc75c-1b86-3d74-9346-e928ce1e079a,  -6.358380, -43.596510,2026-06-20 04:42:00,NPP-375D,SUCUPIRA DO RIACHÃO,MARANHÃO,Brasil,2111953,21,33,2,0.0,0.62,Cerrado,1.9
61126aff-c0b6-3428-a9fc-07eafe82c20b,  -6.993270, -42.779050,2026-06-20 04:42:00,NPP-375D,NAZARÉ DO PIAUÍ,PIAUÍ,Brasil,2206704,22,33,2,0.0,0.86,Caatinga,0.9
6d44385d-3214-39f7-a56d-bff63418fe43,  -6.327920, -48.420140,2026-06-20 04:42:00,NPP-375D,SÃO GERALDO DO ARAGUAIA,PARÁ,Brasil,1507458,15,33,4,0.0,0.81,Amazônia,1.2
e0a0c416-e202-3ea7-af98-b994f38c6c52,  -3.606060, -49.453660,2026-06-20 04:42:00,NPP-375D,BREU BRANCO,PARÁ,Brasil,1501782,15,33,0,0.0,0.03,Amazônia,0.8
3176b69e-8b24-36ab-be9b-816af1372ced,  -4.456070, -48.023140,2026-06-20 04:42:00,NPP-375D,RONDON DO PARÁ,PARÁ,Brasil,1506187,15,33,0,0.0,0.32,Amazônia,1.0
081a99f0-6425-3007-a8f2-9ec584cc8a5a,  -6.370150, -43.598080,2026-06-20 04:42:00,NPP-375D,SUCUPIRA DO RIACHÃO,MARANHÃO,Brasil,2111953,21,33,2,0.0,0.63,Cerrado,8.1
c58e4ddb-0cc9-37f2-ac52-57747853c5d0,  -6.366220, -43.597580,2026-06-20 04:42:00,NPP-375D,SUCUPIRA DO RIACHÃO,MARANHÃO,Brasil,2111953,21,33,2,0.0,0.62,Cerrado,8.1
e0b35ce3-72b3-3ff4-8462-c871411ac496,  -6.782400, -46.331560,2026-06-20 04:42:00,NPP-375D,FORMOSA DA SERRA NEGRA,MARANHÃO,Brasil,2104099,21,33,2,0.0,1.0,Cerrado,3.7
2833666f-a880-3d8c-ae78-3fb4a8a29e54,  -6.362300, -43.597080,2026-06-20 04:42:00,NPP-375D,SUCUPIRA DO RIACHÃO,MARANHÃO,Brasil,2111953,21,33,2,0.0,0.62,Cerrado,1.9
1a05d1ac-8b8b-3f9c-b05a-222298cc9626,  -5.802400, -43.791400,2026-06-20 04:42:00,NPP-375D,BURITI BRAVO,MARANHÃO,Brasil,2102309,21,33,1,0.0,0.03,Cerrado,5.2
7df0792f-25b7-3157-84b3-2aefc37fc383,  -5.808510, -45.081390,2026-06-20 04:42:00,NPP-375D,BARRA DO CORDA,MARANHÃO,Brasil,2101608,21,33,5,0.0,0.89,Cerrado,0.6
2be74f73-fa02-3186-930a-8eb96524a179,  -4.350970, -47.765150,2026-06-20 04:42:00,NPP-375D,DOM ELISEU,PARÁ,Brasil,1502939,15,33,0,0.0,0.29,Amazônia,1.6
94eec61a-6d77-3512-ac74-0d12e0790eb5,  -6.784840, -46.335140,2026-06-20 04:42:00,NPP-375D,FORMOSA DA SERRA NEGRA,MARANHÃO,Brasil,2104099,21,33,2,0.0,1.0,Cerrado,4.3
68452ab9-6fc1-31ba-a64f-7173a44767cb,  -6.837360, -47.917060,2026-06-20 04:42:00,NPP-375D,WANDERLÂNDIA,TOCANTINS,Brasil,1722081,17,33,3,0.0,0.97,Cerrado,0.8
6a3c8532-19e2-302f-b31a-552cfa8d5ffa,  -6.938020, -48.196400,2026-06-20 04:42:00,NPP-375D,PIRAQUÊ,TOCANTINS,Brasil,1717206,17,33,3,0.0,0.94,Amazônia,2.5
e86f519c-c452-3bc7-b683-306beb02128f,  -4.486240, -48.277180,2026-06-20 04:42:00,NPP-375D,RONDON DO PARÁ,PARÁ,Brasil,1506187,15,33,0,0.5,0.72,Amazônia,0.6
2c14ebc2-c0cb-35aa-ade6-2e56fa93549c,  -6.398430, -44.181960,2026-06-20 04:42:00,NPP-375D,SUCUPIRA DO NORTE,MARANHÃO,Brasil,2111904,21,33,2,0.0,0.86,Cerrado,1.7
c019c91a-3d44-3313-9d94-4e02a47b205b,  -6.366960, -43.592620,2026-06-20 04:42:00,NPP-375D,SUCUPIRA DO RIACHÃO,MARANHÃO,Brasil,2111953,21,33,2,0.0,0.65,Cerrado,8.1
b5ccbf42-0094-335f-9538-64140ac581e3,  -6.994810, -42.775310,2026-06-20 04:42:00,NPP-375D,NAZARÉ DO PIAUÍ,PIAUÍ,Brasil,2206704,22,33,2,0.0,0.88,Caatinga,1.5
463ffdf1-9605-3eae-b607-81734a694a8f,  -6.145600, -48.498160,2026-06-20 04:42:00,NPP-375D,SÃO GERALDO DO ARAGUAIA,PARÁ,Brasil,1507458,15,33,1,0.0,0.9,Amazônia,1.1
ff0bf2fa-22ce-3881-ba38-61003a787843,  -6.503840, -42.220680,2026-06-20 04:42:00,NPP-375D,VÁRZEA GRANDE,PIAUÍ,Brasil,2211407,22,33,36,0.0,0.78,Caatinga,2.2
3703307a-cc09-369a-b80f-7836ce932316,  -6.397740, -44.186540,2026-06-20 04:42:00,NPP-375D,SUCUPIRA DO NORTE,MARANHÃO,Brasil,2111904,21,33,1,0.0,0.88,Cerrado,6.6
8d852ef0-3b55-3a71-86ac-4bcd73835673,  -6.778970, -46.331040,2026-06-20 04:42:00,NPP-375D,FORMOSA DA SERRA NEGRA,MARANHÃO,Brasil,2104099,21,33,2,0.0,1.0,Cerrado,3.7
ef5b6455-2c9b-3b28-853b-51cef1b02524,  -6.993830, -42.775310,2026-06-20 04:42:00,NPP-375D,NAZARÉ DO PIAUÍ,PIAUÍ,Brasil,2206704,22,33,2,0.0,0.87,Caatinga,0.9
84cd1c66-c531-348b-a0ad-50ba233a18ac,  -7.550030, -43.430160,2026-06-20 04:42:00,NPP-375D,ITAUEIRA,PIAUÍ,Brasil,2205102,22,33,59,0.0,1.0,Cerrado,1.2
8370da71-b30a-356e-8f22-82820b5cefee,  -3.976200, -49.110270,2026-06-20 04:42:00,NPP-375D,BREU BRANCO,PARÁ,Brasil,1501782,15,33,0,0.0,0.99,Amazônia,0.9
5f4fe70b-88fb-321b-af4a-7ed93ff3ed6d,  -5.812090, -45.081890,2026-06-20 04:42:00,NPP-375D,BARRA DO CORDA,MARANHÃO,Brasil,2101608,21,33,5,0.0,0.9,Cerrado,4.8
1b1aebc0-9442-3c19-8e76-e53a9036ff99,  -6.834030, -47.916530,2026-06-20 04:42:00,NPP-375D,WANDERLÂNDIA,TOCANTINS,Brasil,1722081,17,33,3,0.0,0.97,Cerrado,0.8
98e95374-31a1-30cf-85df-a5cc8bc62ef0,  -6.778390, -46.334720,2026-06-20 04:42:00,NPP-375D,FORMOSA DA SERRA NEGRA,MARANHÃO,Brasil,2104099,21,33,2,0.0,1.0,Cerrado,3.3
09f52798-0eda-3971-8d14-1de23aeea8a0,  -6.781820, -46.335250,2026-06-20 04:42:00,NPP-375D,FORMOSA DA SERRA NEGRA,MARANHÃO,Brasil,2104099,21,33,2,0.0,1.0,Cerrado,3.3
adb51968-c45f-3452-be5d-f5b622c77126,  -6.150040, -48.491740,2026-06-20 04:42:00,NPP-375D,SÃO GERALDO DO ARAGUAIA,PARÁ,Brasil,1507458,15,33,1,0.0,0.75,Amazônia,0.4
47d4b74f-0ff1-3bc5-9d44-f9a4f6c83d68,  -6.146150, -48.494680,2026-06-20 04:42:00,NPP-375D,SÃO GERALDO DO ARAGUAIA,PARÁ,Brasil,1507458,15,33,1,0.0,0.71,Amazônia,1.1
1cc80b91-0e38-3945-873a-95dc0f6ac63c,  -6.902800, -42.846160,2026-06-20 04:42:00,NPP-375D,FLORIANO,PIAUÍ,Brasil,2203909,22,33,2,0.0,0.4,Caatinga,1.1
dcdb57d4-461d-3fe4-9496-328378eed190,  -5.813940, -45.069740,2026-06-20 04:42:00,NPP-375D,BARRA DO CORDA,MARANHÃO,Brasil,2101608,21,33,4,0.0,0.9,Cerrado,2.1
964f2e59-19df-3542-ba18-5cd8e3ca7414,  -6.306280, -48.427460,2026-06-20 04:42:00,NPP-375D,SÃO GERALDO DO ARAGUAIA,PARÁ,Brasil,1507458,15,33,3,0.0,1.0,Amazônia,0.8
7e18d2e4-ad6e-330a-acf6-ba9495b84e52,  -6.304640, -48.480670,2026-06-20 04:42:00,NPP-375D,SÃO GERALDO DO ARAGUAIA,PARÁ,Brasil,1507458,15,33,3,0.0,1.0,Amazônia,1.4
874e9a57-5396-35ab-aaee-faf457274100,  -5.732450, -49.092650,2026-06-20 04:42:00,NPP-375D,MARABÁ,PARÁ,Brasil,1504208,15,33,19,0.0,0.54,Amazônia,0.5
8f67363f-68ea-3b4d-99a9-f4ece616512c,  -5.811480, -45.085930,2026-06-20 04:42:00,NPP-375D,BARRA DO CORDA,MARANHÃO,Brasil,2101608,21,33,5,0.0,0.9,Cerrado,1.4
620d3fc7-5d06-386b-8eef-7332e9e84ef5,  -6.370880, -43.593120,2026-06-20 04:42:00,NPP-375D,SUCUPIRA DO RIACHÃO,MARANHÃO,Brasil,2111953,21,33,2,0.0,0.66,Cerrado,8.1
67006d97-0be5-3c52-ab13-c634f4f6515e,  -6.781410, -46.334630,2026-06-20 04:42:00,NPP-375D,FORMOSA DA SERRA NEGRA,MARANHÃO,Brasil,2104099,21,33,2,0.0,1.0,Cerrado,4.3
27b15933-bfb9-35b1-b552-73ded6e30bc2,  -6.363030, -43.592120,2026-06-20 04:42:00,NPP-375D,SUCUPIRA DO RIACHÃO,MARANHÃO,Brasil,2111953,21,33,2,0.0,0.64,Cerrado,1.9
63dcc09e-37b4-3a42-a12e-eb214cee1be6,  -5.810350, -45.069240,2026-06-20 04:42:00,NPP-375D,BARRA DO CORDA,MARANHÃO,Brasil,2101608,21,33,4,0.0,0.89,Cerrado,1.2
ae8b907d-fe0a-35c6-9874-887e4f7d9939,  -6.781980, -46.330930,2026-06-20 04:42:00,NPP-375D,FORMOSA DA SERRA NEGRA,MARANHÃO,Brasil,2104099,21,33,2,0.0,1.0,Cerrado,2.2
d6790fdb-5199-34ce-88bf-8bfc1b0a4363,  -4.354290, -47.765670,2026-06-20 04:42:00,NPP-375D,DOM ELISEU,PARÁ,Brasil,1502939,15,33,0,0.0,0.39,Amazônia,1.7
3468d8ed-b55e-34d8-805b-1bdca9756ef4,  -5.797860, -43.795530,2026-06-20 04:42:00,NPP-375D,BURITI BRAVO,MARANHÃO,Brasil,2102309,21,33,0,0.0,0.02,Cerrado,2.7
cfbcc6b8-43a6-3fa2-841b-eaa6423587b8,  -5.809120, -45.077340,2026-06-20 04:42:00,NPP-375D,BARRA DO CORDA,MARANHÃO,Brasil,2101608,21,33,4,0.0,0.89,Cerrado,0.6
221c317d-57fe-3abf-9335-512fdc5a0de4,  -7.258830, -44.221550,2026-06-20 04:42:00,NPP-375D,ANTÔNIO ALMEIDA,PIAUÍ,Brasil,2200806,22,33,58,0.0,1.0,Cerrado,1.9
db74a05d-ebf5-3d70-89b8-3017e4e246ee,  -5.815060, -45.086430,2026-06-20 04:42:00,NPP-375D,BARRA DO CORDA,MARANHÃO,Brasil,2101608,21,33,5,0.0,0.91,Cerrado,1.4
769cfc0f-c0df-3900-bcc7-21561bcb1db2,  -4.351520, -47.761690,2026-06-20 04:42:00,NPP-375D,DOM ELISEU,PARÁ,Brasil,1502939,15,33,0,0.0,0.28,Amazônia,1.6
334d9004-28e3-3785-b8ca-3771e65c8782,  -6.149480, -48.495220,2026-06-20 04:42:00,NPP-375D,SÃO GERALDO DO ARAGUAIA,PARÁ,Brasil,1507458,15,33,1,0.0,0.84,Amazônia,1.1
51a51367-1d1b-304a-b873-71ae596185ce,  -5.798560, -43.790820,2026-06-20 04:42:00,NPP-375D,BURITI BRAVO,MARANHÃO,Brasil,2102309,21,33,0,0.0,0.03,Cerrado,5.2
a083921c-d39b-356a-b54d-08907d7b9dd6,  -6.994280, -42.779070,2026-06-20 04:42:00,NPP-375D,NAZARÉ DO PIAUÍ,PIAUÍ,Brasil,2206704,22,33,1,0.0,0.87,Caatinga,0.9
d138d4b1-4fe1-31e2-a00b-5ee22287f6a3,  -6.304090, -48.484130,2026-06-20 04:42:00,NPP-375D,SÃO GERALDO DO ARAGUAIA,PARÁ,Brasil,1507458,15,33,3,0.0,1.0,Amazônia,1.0
4930837c-1fe1-30c1-a593-25bbe206543d,  -5.809730, -45.073290,2026-06-20 04:42:00,NPP-375D,BARRA DO CORDA,MARANHÃO,Brasil,2101608,21,33,4,0.0,0.89,Cerrado,1.2
33fb5114-3ec0-3e53-b39c-99e274baa633,  -5.813320, -45.073790,2026-06-20 04:42:00,NPP-375D,BARRA DO CORDA,MARANHÃO,Brasil,2101608,21,33,4,0.0,0.9,Cerrado,2.1
c78b36c5-e995-356f-84b4-9c45ccbcb1fb,  -3.421560, -43.165330,2026-06-20 04:42:00,NPP-375D,URBANO SANTOS,MARANHÃO,Brasil,2112605,21,33,1,1.2,0.18,Cerrado,1.0
0d859b57-864f-3c31-abaf-2a8c456117ad, -12.791900, -44.478070,2026-06-20 04:44:00,NPP-375D,BAIANÓPOLIS,BAHIA,Brasil,2902500,29,33,28,0.0,1.0,Cerrado,1.2
3e8cae4a-6b0f-3c05-82b6-a30c797a1eb1, -11.892670, -43.833900,2026-06-20 04:44:00,NPP-375D,WANDERLEY,BAHIA,Brasil,2933455,29,33,25,0.0,1.0,Cerrado,5.4
e8724c12-ac13-36b0-8d24-3342fce1f6a1, -13.296310, -45.206160,2026-06-20 04:44:00,NPP-375D,CORRENTINA,BAHIA,Brasil,2909307,29,33,28,0.0,0.98,Cerrado,2.1
a031721a-f61f-3b70-a72d-732822989b0d, -11.635660, -48.536510,2026-06-20 04:44:00,NPP-375D,PEIXE,TOCANTINS,Brasil,1716604,17,33,28,0.0,1.0,Cerrado,1.8
9d8bee5e-fe30-3a6f-9132-167972e84efd, -11.891820, -43.830650,2026-06-20 04:44:00,NPP-375D,WANDERLEY,BAHIA,Brasil,2933455,29,33,25,0.0,1.0,Cerrado,9.0
5ea9054b-7ef9-3ab4-a1a2-bff442dc8b6b, -10.903950, -44.492550,2026-06-20 04:44:00,NPP-375D,SANTA RITA DE CÁSSIA,BAHIA,Brasil,2928406,29,33,20,0.0,1.0,Cerrado,0.7
8bf8685c-9e92-3ab7-b659-4db4cff5231c, -12.786390, -44.488250,2026-06-20 04:44:00,NPP-375D,BAIANÓPOLIS,BAHIA,Brasil,2902500,29,33,28,0.0,1.0,Cerrado,1.2
590f5c62-fbe3-345b-b17c-eafffa5bfc56, -12.860710, -44.369840,2026-06-20 04:44:00,NPP-375D,BAIANÓPOLIS,BAHIA,Brasil,2902500,29,33,28,0.0,0.78,Cerrado,2.1
3b1fb029-b16f-3eaa-9290-7475ca4ef2ec, -10.902910, -46.328330,2026-06-20 04:44:00,NPP-375D,MATEIROS,TOCANTINS,Brasil,1712702,17,33,55,0.0,1.0,Cerrado,3.2
17c4e232-cb69-363d-ae98-b272e83b1990,  -8.950980, -49.846370,2026-06-20 04:44:00,NPP-375D,SANTA MARIA DAS BARREIRAS,PARÁ,Brasil,1506583,15,33,35,0.0,1.0,Amazônia,1.9
97be8773-3af7-3647-8353-0bed38466079, -10.765410, -54.107350,2026-06-20 04:44:00,NPP-375D,MARCELÂNDIA,MATO GROSSO,Brasil,5105580,51,33,7,0.7,0.39,Amazônia,1.6
c54081d7-45e1-3121-a63c-5459eb84955f, -12.134060, -48.266010,2026-06-20 04:44:00,NPP-375D,PEIXE,TOCANTINS,Brasil,1716604,17,33,28,0.0,1.0,Cerrado,1.0
d0753e8a-baed-3866-a226-e97eb589b29e, -11.631760, -48.539540,2026-06-20 04:44:00,NPP-375D,PEIXE,TOCANTINS,Brasil,1716604,17,33,28,0.0,1.0,Cerrado,1.8
b743b987-8b18-382e-9f9f-9ea0c2eea912, -13.830690, -47.126040,2026-06-20 04:44:00,NPP-375D,NOVA ROMA,GOIÁS,Brasil,5214903,52,33,27,0.0,1.0,Cerrado,1.0
f115d421-8191-3727-95b4-ef458e95b72e, -13.382880, -42.393520,2026-06-20 04:44:00,NPP-375D,CATURAMA,BAHIA,Brasil,2907558,29,33,20,0.0,1.0,Caatinga,9.6
1b7a2d13-f47b-33a7-abf7-f533088f3d98, -12.541240, -45.025880,2026-06-20 04:44:00,NPP-375D,SÃO DESIDÉRIO,BAHIA,Brasil,2928901,29,33,27,0.0,1.0,Cerrado,33.0
f0115df6-8614-3344-9720-90d623312c3e, -11.450270, -47.400580,2026-06-20 04:44:00,NPP-375D,ALMAS,TOCANTINS,Brasil,1700400,17,33,25,0.0,1.0,Cerrado,1.0
2cdda9ca-5511-313a-96bf-11b745eaf259, -13.195270, -50.344660,2026-06-20 04:44:00,NPP-375D,SÃO MIGUEL DO ARAGUAIA,GOIÁS,Brasil,5220207,52,33,9,0.0,1.0,Cerrado,2.5
7ffe9c99-73a2-339b-936d-564096123d88, -12.317320, -46.739560,2026-06-20 04:44:00,NPP-375D,TAGUATINGA,TOCANTINS,Brasil,1720903,17,33,28,0.0,1.0,Cerrado,1.1
d68b2ba5-ab08-31fa-b034-f1b3016df5a0, -11.648740, -52.865470,2026-06-20 04:44:00,NPP-375D,QUERÊNCIA,MATO GROSSO,Brasil,5107065,51,33,2,1.36,0.35,Amazônia,0.8
1cecabfe-768e-3db0-bc88-189f0beb7cf2, -12.433550, -58.400200,2026-06-20 04:44:00,NPP-375D,BRASNORTE,MATO GROSSO,Brasil,5101902,51,33,0,0.1,0.04,Cerrado,1.2
0f079f5d-66cb-3f2b-814e-c5ed692da9e8,  -7.805340, -46.457820,2026-06-20 04:44:00,NPP-375D,RIACHÃO,MARANHÃO,Brasil,2109502,21,33,34,0.0,1.0,Cerrado,1.5
cbf0b3ab-ae3d-37ab-b3e5-4d5b94cdd3d3, -11.198160, -46.568440,2026-06-20 04:44:00,NPP-375D,MATEIROS,TOCANTINS,Brasil,1712702,17,33,30,0.0,1.0,Cerrado,2.4
9a0a69cc-008a-3a03-932d-a6db9a98ccd5, -12.424620, -58.418380,2026-06-20 04:44:00,NPP-375D,BRASNORTE,MATO GROSSO,Brasil,5101902,51,33,0,0.1,0.04,Cerrado,1.1
5a50f54a-db69-34b4-a73f-9907e8e2e3e6, -12.783320, -44.480490,2026-06-20 04:44:00,NPP-375D,BAIANÓPOLIS,BAHIA,Brasil,2902500,29,33,28,0.0,1.0,Cerrado,0.9
b210383b-8dfe-3f33-8815-4388e0898cbd, -13.202530, -50.342190,2026-06-20 04:44:00,NPP-375D,SÃO MIGUEL DO ARAGUAIA,GOIÁS,Brasil,5220207,52,33,9,0.0,0.81,Cerrado,7.3
376db3c1-0778-3a95-8e78-6b089df76721, -12.314370, -46.734980,2026-06-20 04:44:00,NPP-375D,TAGUATINGA,TOCANTINS,Brasil,1720903,17,33,28,0.0,1.0,Cerrado,1.1
450557ba-b039-3611-818d-450da34c5317,  -8.649140, -47.764790,2026-06-20 04:44:00,NPP-375D,ITACAJÁ,TOCANTINS,Brasil,1710508,17,33,2,0.0,0.95,Cerrado,2.4
25fd3264-c9f5-392e-a0b6-f1db8a4ea6e8,  -8.651930, -47.768860,2026-06-20 04:44:00,NPP-375D,ITACAJÁ,TOCANTINS,Brasil,1710508,17,33,2,0.0,0.95,Cerrado,2.8
b95c30ab-c547-3c57-a76c-fb85e5b8aaab, -13.381070, -42.391450,2026-06-20 04:44:00,NPP-375D,CATURAMA,BAHIA,Brasil,2907558,29,33,20,0.0,1.0,Caatinga,1.9
aba0494e-c9e9-3078-b46d-ab18eb67115f, -10.602460, -44.320190,2026-06-20 04:44:00,NPP-375D,SANTA RITA DE CÁSSIA,BAHIA,Brasil,2928406,29,33,28,0.0,0.99,Cerrado,2.3
8a9bf06c-d1f8-39fb-aabe-1f4571dd9813, -13.201950, -50.345780,2026-06-20 04:44:00,NPP-375D,SÃO MIGUEL DO ARAGUAIA,GOIÁS,Brasil,5220207,52,33,9,0.0,0.9,Cerrado,7.3
d7141c10-d6b8-3ee8-92ba-cc7765bbe02f, -11.442260, -47.407020,2026-06-20 04:44:00,NPP-375D,ALMAS,TOCANTINS,Brasil,1700400,17,33,26,0.0,1.0,Cerrado,1.4
7ed492da-b322-378c-9199-edf7b2d64348, -12.787370, -44.481080,2026-06-20 04:44:00,NPP-375D,BAIANÓPOLIS,BAHIA,Brasil,2902500,29,33,28,0.0,1.0,Cerrado,0.9
6167606c-4e8e-3662-a697-94ee9da7a97b, -11.669490, -56.765030,2026-06-20 04:44:00,NPP-375D,PORTO DOS GAÚCHOS,MATO GROSSO,Brasil,5106802,51,33,3,0.8,0.23,Amazônia,1.3
dfd2d104-7454-39c7-9f67-0fdb81df19d4, -10.879920, -46.342610,2026-06-20 04:44:00,NPP-375D,MATEIROS,TOCANTINS,Brasil,1712702,17,33,59,0.0,1.0,Cerrado,1.2
849606cf-410e-3437-9871-c003671cca82, -12.545140, -45.026410,2026-06-20 04:44:00,NPP-375D,SÃO DESIDÉRIO,BAHIA,Brasil,2928901,29,33,27,0.0,1.0,Cerrado,33.0
8a50fe01-ba75-3dd0-b272-ddf4bc7c47fd, -13.191350, -50.347690,2026-06-20 04:44:00,NPP-375D,SÃO MIGUEL DO ARAGUAIA,GOIÁS,Brasil,5220207,52,33,9,0.0,1.0,Cerrado,2.4
655d0194-cea8-3c10-8f1a-a4a6fc7a9e9a, -13.291720, -45.210490,2026-06-20 04:44:00,NPP-375D,CORRENTINA,BAHIA,Brasil,2909307,29,33,28,0.0,1.0,Cerrado,2.1
40707c6d-b828-384f-a970-72a898a95743, -12.545850, -45.021460,2026-06-20 04:44:00,NPP-375D,SÃO DESIDÉRIO,BAHIA,Brasil,2928901,29,33,27,0.0,1.0,Cerrado,21.2
c3d1b665-1aa6-3b8e-abff-a4d739cf81d5,  -8.637960, -47.748500,2026-06-20 04:44:00,NPP-375D,ITACAJÁ,TOCANTINS,Brasil,1710508,17,33,2,0.0,0.96,Cerrado,4.6
fc6ac29f-ed4d-3783-92ba-12b92cc2f57b, -10.778720, -54.102380,2026-06-20 04:44:00,NPP-375D,MARCELÂNDIA,MATO GROSSO,Brasil,5105580,51,33,7,0.77,0.39,Amazônia,1.4
0cb579d4-e6ac-3453-b428-10f40ce926b8, -14.061990, -44.478800,2026-06-20 04:44:00,NPP-375D,COCOS,BAHIA,Brasil,2908101,29,33,54,0.0,1.0,Cerrado,0.8
1efa4f7e-b31f-352e-a2a6-8d595efae69f, -12.920190, -49.485610,2026-06-20 04:44:00,NPP-375D,ARAGUAÇU,TOCANTINS,Brasil,1702000,17,33,14,0.0,1.0,Cerrado,1.3
3bc70ec7-a9ab-3cbe-beab-ebd6e6b1fd80, -14.856000, -48.121330,2026-06-20 04:44:00,NPP-375D,MIMOSO DE GOIÁS,GOIÁS,Brasil,5213053,52,33,31,0.0,1.0,Cerrado,1.4
f3d6a598-1f4e-3cbb-aebc-5aa9a28c614a, -13.295610, -45.211090,2026-06-20 04:44:00,NPP-375D,CORRENTINA,BAHIA,Brasil,2909307,29,33,28,0.0,0.99,Cerrado,2.1
1586cb39-8586-3da8-982d-03e5d85a6fce, -12.914100, -49.480970,2026-06-20 04:44:00,NPP-375D,ARAGUAÇU,TOCANTINS,Brasil,1702000,17,33,14,0.0,1.0,Cerrado,3.1
98d124ca-72d2-3445-9d24-cf6c46d9e7b3,  -7.295830, -55.321110,2026-06-20 04:44:00,NPP-375D,NOVO PROGRESSO,PARÁ,Brasil,1505031,15,33,7,7.61,0.47,Amazônia,3.9
1977e178-4aa7-3576-9806-fdf112d03bb1, -10.231830, -46.513410,2026-06-20 04:44:00,NPP-375D,MATEIROS,TOCANTINS,Brasil,1712702,17,33,55,0.0,1.0,Cerrado,2.5
eae8757a-a9b1-3ae7-878e-750e15cb700c, -11.064580, -52.476840,2026-06-20 04:44:00,NPP-375D,SÃO JOSÉ DO XINGU,MATO GROSSO,Brasil,5107354,51,33,1,0.67,0.37,Amazônia,2.8
f5e588be-5dd2-3f77-a159-a3a7cc69a41f, -12.788840, -44.470300,2026-06-20 04:44:00,NPP-375D,BAIANÓPOLIS,BAHIA,Brasil,2902500,29,33,28,0.0,1.0,Cerrado,0.6
9f532153-af59-3b34-95af-ad436523ebec, -11.632310, -48.535970,2026-06-20 04:44:00,NPP-375D,PEIXE,TOCANTINS,Brasil,1716604,17,33,28,0.0,1.0,Cerrado,1.8
d856d1e2-325c-38b1-a7be-9d722e6d119b, -13.294200, -45.220920,2026-06-20 04:44:00,NPP-375D,CORRENTINA,BAHIA,Brasil,2909307,29,33,28,0.0,1.0,Cerrado,2.4
a18d296a-1961-3235-8327-674d07ac7114, -11.889010, -43.829490,2026-06-20 04:44:00,NPP-375D,WANDERLEY,BAHIA,Brasil,2933455,29,33,25,0.0,1.0,Cerrado,5.4
dffdae43-2be5-344d-81a9-b3695dd80d36,  -9.718680, -48.883850,2026-06-20 04:44:00,NPP-375D,ABREULÂNDIA,TOCANTINS,Brasil,1700251,17,33,17,0.0,1.0,Cerrado,1.1
13a3712c-f814-34cd-874f-3fe95387bffc, -13.388200, -42.389200,2026-06-20 04:44:00,NPP-375D,CATURAMA,BAHIA,Brasil,2907558,29,33,20,0.0,1.0,Caatinga,5.9
4d3277bc-674c-3b7c-b94b-62af24b3c286, -10.769440, -54.108030,2026-06-20 04:44:00,NPP-375D,MARCELÂNDIA,MATO GROSSO,Brasil,5105580,51,33,7,0.71,0.39,Amazônia,1.6
a61e65d7-4a50-322e-a19c-95a1ef05b5ca, -11.814220, -47.341290,2026-06-20 04:44:00,NPP-375D,ALMAS,TOCANTINS,Brasil,1700400,17,33,28,0.0,1.0,Cerrado,1.6
bdd41e46-1d6c-3dfe-9b47-61cd1bc506c3, -11.034260, -45.078150,2026-06-20 04:44:00,NPP-375D,FORMOSA DO RIO PRETO,BAHIA,Brasil,2911105,29,33,53,0.0,1.0,Cerrado,1.5
2b75bbe5-a349-31b7-ba71-52fcd1a70a48, -10.937030, -46.440850,2026-06-20 04:44:00,NPP-375D,MATEIROS,TOCANTINS,Brasil,1712702,17,33,31,0.0,1.0,Cerrado,1.5
5d96ed56-651f-3659-ae28-fc033b5dbe6c, -12.553650, -45.022530,2026-06-20 04:44:00,NPP-375D,SÃO DESIDÉRIO,BAHIA,Brasil,2928901,29,33,27,0.0,1.0,Cerrado,23.0
079e1c8a-1efc-355c-a830-c34ae2b7ce5e,  -9.014560, -40.991290,2026-06-20 04:44:00,NPP-375D,CASA NOVA,BAHIA,Brasil,2907202,29,33,43,0.0,1.0,Caatinga,1.1
9c6b89e6-14e0-33a9-a9b3-1eec21c20ee3, -14.334450, -47.514480,2026-06-20 04:44:00,NPP-375D,ALTO PARAÍSO DE GOIÁS,GOIÁS,Brasil,5200605,52,33,29,0.0,1.0,Cerrado,2.3
fae9669d-64f0-3f7a-bf29-b786e6dab66e, -12.515400, -48.296290,2026-06-20 04:44:00,NPP-375D,SÃO SALVADOR DO TOCANTINS,TOCANTINS,Brasil,1720259,17,33,28,0.0,1.0,Cerrado,2.5
5aa36ab7-6234-3a44-a85c-6f72a60c3329,  -9.745400, -47.873560,2026-06-20 04:44:00,NPP-375D,RIO SONO,TOCANTINS,Brasil,1718758,17,33,49,0.14,1.0,Cerrado,2.3
67616fb9-337c-362b-a90d-6e6a9df2a1de, -11.190510, -46.571290,2026-06-20 04:44:00,NPP-375D,MATEIROS,TOCANTINS,Brasil,1712702,17,33,30,0.0,1.0,Cerrado,1.1
08241592-8073-35a1-aab1-15dc27c0b650, -13.198610, -50.345210,2026-06-20 04:44:00,NPP-375D,SÃO MIGUEL DO ARAGUAIA,GOIÁS,Brasil,5220207,52,33,9,0.0,0.94,Cerrado,7.3
85423594-b227-3f36-a32b-878636d33eb4, -12.917430, -49.481520,2026-06-20 04:44:00,NPP-375D,ARAGUAÇU,TOCANTINS,Brasil,1702000,17,33,14,0.0,1.0,Cerrado,0.8
48156b33-44ad-32fe-b138-cc224c82068d, -10.768820, -54.111580,2026-06-20 04:44:00,NPP-375D,MARCELÂNDIA,MATO GROSSO,Brasil,5105580,51,33,7,0.69,0.39,Amazônia,2.2
eeb62daf-26ea-3026-b9d8-5f65579a3957,  -8.648040, -47.771870,2026-06-20 04:44:00,NPP-375D,ITACAJÁ,TOCANTINS,Brasil,1710508,17,33,2,0.0,0.95,Cerrado,2.8
6403bbce-4287-37e9-95bc-a794d791cd73,  -7.365180, -49.863190,2026-06-20 04:44:00,NPP-375D,RIO MARIA,PARÁ,Brasil,1506161,15,33,10,0.0,0.81,Amazônia,1.1
4dd7e11c-bee0-3e3c-ae78-c58936e11d8a, -11.817670, -47.341830,2026-06-20 04:44:00,NPP-375D,ALMAS,TOCANTINS,Brasil,1700400,17,33,28,0.0,1.0,Cerrado,1.6
e841d3bd-bec7-3d1d-afd7-3f1e2877827d, -12.791410, -44.481650,2026-06-20 04:44:00,NPP-375D,BAIANÓPOLIS,BAHIA,Brasil,2902500,29,33,28,0.0,1.0,Cerrado,1.2
3fc3a3ef-cc72-3e81-a865-3ef5e1f38e23, -12.546550, -45.016510,2026-06-20 04:44:00,NPP-375D,SÃO DESIDÉRIO,BAHIA,Brasil,2928901,29,33,27,0.0,1.0,Cerrado,21.2
debe6286-530c-3a9b-ba82-d18e11ffd344, -11.635110, -48.540080,2026-06-20 04:44:00,NPP-375D,PEIXE,TOCANTINS,Brasil,1716604,17,33,28,0.0,1.0,Cerrado,1.8
b301f603-9e14-39b8-8e73-5b1d897a74de, -11.831100, -47.097590,2026-06-20 04:44:00,NPP-375D,DIANÓPOLIS,TOCANTINS,Brasil,1707009,17,33,28,0.0,1.0,Cerrado,1.0
9b576fdc-1bb9-375c-a39a-278fb4859c1c, -12.917990, -49.477970,2026-06-20 04:44:00,NPP-375D,ARAGUAÇU,TOCANTINS,Brasil,1702000,17,33,15,0.0,1.0,Cerrado,0.8
564658f7-63ac-36f2-90c0-5f59a429f7fe,  -7.296660, -55.316370,2026-06-20 04:44:00,NPP-375D,NOVO PROGRESSO,PARÁ,Brasil,1505031,15,33,7,7.75,0.46,Amazônia,3.9
60aaaee9-6e3f-3c55-bd46-2cd949e9e7aa, -11.198730, -46.564630,2026-06-20 04:44:00,NPP-375D,MATEIROS,TOCANTINS,Brasil,1712702,17,33,30,0.0,1.0,Cerrado,1.8
41326bde-bce5-3f7d-b7ab-b9c3093554ff, -11.068220, -52.477490,2026-06-20 04:44:00,NPP-375D,SÃO JOSÉ DO XINGU,MATO GROSSO,Brasil,5107354,51,33,1,0.68,0.37,Amazônia,2.1
7f8e2f35-9c3b-3101-a8c8-61b540c1e81f, -13.302350, -45.219600,2026-06-20 04:44:00,NPP-375D,CORRENTINA,BAHIA,Brasil,2909307,29,33,28,0.0,1.0,Cerrado,1.2
3daadede-9bc8-333a-a454-741a577db528, -11.893180, -43.830100,2026-06-20 04:44:00,NPP-375D,WANDERLEY,BAHIA,Brasil,2933455,29,33,25,0.0,1.0,Cerrado,5.4
c149a89d-330f-3477-a55c-32fd213d0673, -13.291020, -45.215400,2026-06-20 04:44:00,NPP-375D,CORRENTINA,BAHIA,Brasil,2909307,29,33,28,0.0,1.0,Cerrado,2.4
05752943-80f5-3861-8d5b-7978b523904e, -12.554360, -45.017590,2026-06-20 04:44:00,NPP-375D,SÃO DESIDÉRIO,BAHIA,Brasil,2928901,29,33,27,0.0,1.0,Cerrado,23.0
442c472d-10d3-399f-9e14-466245b62eee, -11.801640, -52.512170,2026-06-20 04:44:00,NPP-375D,QUERÊNCIA,MATO GROSSO,Brasil,5107065,51,33,5,0.82,0.45,Amazônia,0.3
2a06e081-aa7e-3d81-b5b4-7d0ccd219396,  -8.640200, -47.756110,2026-06-20 04:44:00,NPP-375D,ITACAJÁ,TOCANTINS,Brasil,1710508,17,33,2,0.0,0.95,Cerrado,5.7
ef094bde-7439-3be6-a2b2-e34e87f1fcbd, -13.194690, -50.348240,2026-06-20 04:44:00,NPP-375D,SÃO MIGUEL DO ARAGUAIA,GOIÁS,Brasil,5220207,52,33,9,0.0,1.0,Cerrado,2.4
9b6ce938-0d16-314f-8419-24b4d28f78ff,  -9.621340, -48.491080,2026-06-20 04:44:00,NPP-375D,MIRACEMA DO TOCANTINS,TOCANTINS,Brasil,1713205,17,33,37,0.1,1.0,Cerrado,1.1
e29a9529-d086-3a70-9af3-d5f347e51302,  -9.748760, -47.874100,2026-06-20 04:44:00,NPP-375D,RIO SONO,TOCANTINS,Brasil,1718758,17,33,49,0.16,1.0,Cerrado,3.8
d3f10e7a-872b-3d20-be0b-7fb7e53ec815, -13.297370, -45.226470,2026-06-20 04:44:00,NPP-375D,CORRENTINA,BAHIA,Brasil,2909307,29,33,27,0.0,1.0,Cerrado,1.7
6fc6b035-a632-307c-9a8b-760f0267e7ed, -10.573280, -57.323370,2026-06-20 04:44:00,NPP-375D,JUARA,MATO GROSSO,Brasil,5105101,51,33,6,0.62,0.35,Amazônia,1.6
0299dca0-a361-308a-8d55-cab1244c0f47,  -8.644650, -47.749570,2026-06-20 04:44:00,NPP-375D,ITACAJÁ,TOCANTINS,Brasil,1710508,17,33,2,0.0,0.95,Cerrado,5.8
747fd460-dcde-3337-ae0c-8603cde18f3c,  -9.162120, -47.248130,2026-06-20 04:44:00,NPP-375D,LIZARDA,TOCANTINS,Brasil,1712405,17,33,48,0.0,1.0,Cerrado,1.5
dd1e5a9e-7259-39a8-9a38-7596557e9605,  -8.978670, -47.975540,2026-06-20 04:44:00,NPP-375D,BOM JESUS DO TOCANTINS,TOCANTINS,Brasil,1703305,17,33,7,0.0,1.0,Cerrado,2.7
98f6917a-fea6-3b1f-8f02-595355817cfb, -11.887120, -43.833840,2026-06-20 04:44:00,NPP-375D,WANDERLEY,BAHIA,Brasil,2933455,29,33,25,0.0,1.0,Cerrado,5.9
565a6e7b-40d6-3972-99a3-992940f90a60, -10.906260, -56.857140,2026-06-20 04:44:00,NPP-375D,JUARA,MATO GROSSO,Brasil,5105101,51,33,19,5.77,0.13,Amazônia,2.2
90f3944c-5650-3eda-bf1d-0020940a4df4,  -8.655280, -47.769380,2026-06-20 04:44:00,NPP-375D,ITACAJÁ,TOCANTINS,Brasil,1710508,17,33,2,0.0,0.95,Cerrado,1.1
e02397bc-95e7-30fe-8b51-6ba02ff6166f,  -8.651380, -47.772400,2026-06-20 04:44:00,NPP-375D,ITACAJÁ,TOCANTINS,Brasil,1710508,17,33,2,0.0,0.95,Cerrado,2.8
bf950841-d47b-3b1a-82b4-8e23134cd8cd, -12.790920, -44.485240,2026-06-20 04:44:00,NPP-375D,BAIANÓPOLIS,BAHIA,Brasil,2902500,29,33,28,0.0,1.0,Cerrado,1.0
0931c865-b009-3a40-b237-d7daebf91457, -13.301960, -45.222160,2026-06-20 04:44:00,NPP-375D,CORRENTINA,BAHIA,Brasil,2909307,29,33,28,0.0,1.0,Cerrado,2.8
aa972e91-bc28-3f72-8325-e26e51a8fdc3,  -7.798460, -46.456710,2026-06-20 04:44:00,NPP-375D,RIACHÃO,MARANHÃO,Brasil,2109502,21,33,33,0.0,1.0,Cerrado,1.2
bca89210-d034-300c-97d5-497530b6293b, -10.548390, -53.734100,2026-06-20 04:44:00,NPP-375D,MARCELÂNDIA,MATO GROSSO,Brasil,5105580,51,33,7,15.01,0.01,Amazônia,0.8
08823fbb-4e59-3e0f-b436-367b0cb2677c,  -9.104080, -49.657970,2026-06-20 04:44:00,NPP-375D,ARAGUACEMA,TOCANTINS,Brasil,1701903,17,33,36,0.0,0.99,Cerrado,0.4
ad05c20f-213f-361c-a098-49caabbecf41,  -9.205680, -58.063390,2026-06-20 04:44:00,NPP-375D,APIACÁS,MATO GROSSO,Brasil,5100805,51,33,2,0.0,0.24,Amazônia,1.4
b8fa1a9e-b051-33c6-b2ff-cd2b601da0d1, -11.194620, -46.567940,2026-06-20 04:44:00,NPP-375D,MATEIROS,TOCANTINS,Brasil,1712702,17,33,30,0.0,1.0,Cerrado,2.4
bcde92e7-0f11-3981-a2f9-6ab125eab41f, -10.120770, -52.178290,2026-06-20 04:44:00,NPP-375D,SANTA CRUZ DO XINGU,MATO GROSSO,Brasil,5107743,51,33,21,4.63,0.16,Amazônia,1.3
bcee3cd4-fc2e-3717-924c-eac848afddfb,  -7.801900, -46.457270,2026-06-20 04:44:00,NPP-375D,RIACHÃO,MARANHÃO,Brasil,2109502,21,33,34,0.0,1.0,Cerrado,1.2
99cd515e-228b-392a-8bf3-1c296a1d0f43, -13.293500, -45.225860,2026-06-20 04:44:00,NPP-375D,CORRENTINA,BAHIA,Brasil,2909307,29,33,28,0.0,1.0,Cerrado,1.7
631c6a64-0a50-3fcd-91b0-025868d39d88, -10.545240, -53.736080,2026-06-20 04:44:00,NPP-375D,MARCELÂNDIA,MATO GROSSO,Brasil,5105580,51,33,7,14.97,0.01,Amazônia,0.8
259fd0b1-0bc1-35fb-9c2e-42763cfe6c4f,  -7.365760, -49.859550,2026-06-20 04:44:00,NPP-375D,RIO MARIA,PARÁ,Brasil,1506161,15,33,10,0.0,1.0,Amazônia,2.5
57a80533-1359-3ecf-8cf9-bb011d3f2b00, -10.585040, -51.776450,2026-06-20 04:44:00,NPP-375D,CONFRESA,MATO GROSSO,Brasil,5103353,51,33,36,0.0,0.91,Amazônia,1.2
1203f8b5-7c6a-3aee-b05a-bf24289ed59b, -11.219610, -46.761860,2026-06-20 04:44:00,NPP-375D,RIO DA CONCEIÇÃO,TOCANTINS,Brasil,1718659,17,33,26,0.0,1.0,Cerrado,1.5
5a2e7c8d-a2a6-3fc7-ba0f-aa5d6ff6552c, -10.638820, -48.646950,2026-06-20 04:44:00,NPP-375D,PORTO NACIONAL,TOCANTINS,Brasil,1718204,17,33,50,0.2,1.0,Cerrado,1.1
152e4b81-7f87-331c-8c1e-23b2f0ee9fb2, -12.513150, -48.310820,2026-06-20 04:44:00,NPP-375D,SÃO SALVADOR DO TOCANTINS,TOCANTINS,Brasil,1720259,17,33,28,0.0,1.0,Cerrado,0.5
85de1a4a-bd0d-39a8-91ea-a86cb2f6f899, -12.432290, -58.406640,2026-06-20 04:44:00,NPP-375D,BRASNORTE,MATO GROSSO,Brasil,5101902,51,33,0,0.1,0.04,Cerrado,0.5
87e6b087-eba3-3543-a98b-73a384bd5af7, -12.453130, -46.529270,2026-06-20 04:44:00,NPP-375D,TAGUATINGA,TOCANTINS,Brasil,1720903,17,33,24,0.0,1.0,Cerrado,0.7
1793e026-ab9b-3c17-9cad-ff20b461a0af,  -8.637410, -47.752040,2026-06-20 04:44:00,NPP-375D,ITACAJÁ,TOCANTINS,Brasil,1710508,17,33,2,0.0,0.96,Cerrado,5.7
3bb5abad-e079-3095-a778-de1dfcb6ae2a,  -9.790370, -48.081040,2026-06-20 04:44:00,NPP-375D,TOCANTÍNIA,TOCANTINS,Brasil,1721109,17,33,41,0.15,0.81,Cerrado,0.5
a4ddafa1-e6cb-33fe-844f-763b60fc6726, -10.466230, -49.091140,2026-06-20 04:44:00,NPP-375D,PIUM,TOCANTINS,Brasil,1717503,17,33,40,0.0,1.0,Cerrado,2.0
07e23e46-dad0-306a-b314-efeeeab1d6ed,  -7.926470, -48.257070,2026-06-20 04:44:00,NPP-375D,PALMEIRANTE,TOCANTINS,Brasil,1715705,17,33,2,0.0,0.95,Cerrado,1.0
5883bd44-be96-3d0b-b70f-193af0930380, -13.199190, -50.341630,2026-06-20 04:44:00,NPP-375D,SÃO MIGUEL DO ARAGUAIA,GOIÁS,Brasil,5220207,52,33,9,0.0,0.88,Cerrado,7.3
13287a9e-7624-364a-834e-54356f593202,  -8.978110, -47.979060,2026-06-20 04:44:00,NPP-375D,BOM JESUS DO TOCANTINS,TOCANTINS,Brasil,1703305,17,33,7,0.0,1.0,Cerrado,3.9
c80def79-0d85-371e-874a-29b1910d00cf, -12.517650, -48.281740,2026-06-20 04:44:00,NPP-375D,SÃO SALVADOR DO TOCANTINS,TOCANTINS,Brasil,1720259,17,33,28,0.0,1.0,Cerrado,1.9
3065e045-4f7c-3f79-b00c-d17f0b4bd624,  -9.887480, -48.731980,2026-06-20 04:44:00,NPP-375D,BARROLÂNDIA,TOCANTINS,Brasil,1703107,17,33,33,0.0,1.0,Cerrado,1.1
0fd7e242-b2d1-325f-ac2e-c715ae0c4d93, -10.601730, -44.325300,2026-06-20 04:44:00,NPP-375D,SANTA RITA DE CÁSSIA,BAHIA,Brasil,2928406,29,33,28,0.0,0.88,Cerrado,2.3
d115d916-0408-3443-901c-96c18133b89c,  -8.648590, -47.768330,2026-06-20 04:44:00,NPP-375D,ITACAJÁ,TOCANTINS,Brasil,1710508,17,33,2,0.0,0.95,Cerrado,2.8
d38dff98-06a8-3e08-ba7e-68beb2a285fa, -12.425240, -58.415190,2026-06-20 04:44:00,NPP-375D,BRASNORTE,MATO GROSSO,Brasil,5101902,51,33,0,0.1,0.04,Cerrado,0.9
1fc4dfd8-82af-3be9-be10-596d2717c4e8, -12.792890, -44.470870,2026-06-20 04:44:00,NPP-375D,BAIANÓPOLIS,BAHIA,Brasil,2902500,29,33,28,0.0,1.0,Cerrado,0.9
a40516ff-b695-375b-a14f-ffb7c23c3906, -12.790430, -44.488830,2026-06-20 04:44:00,NPP-375D,BAIANÓPOLIS,BAHIA,Brasil,2902500,29,33,28,0.0,1.0,Cerrado,1.0
634103aa-958b-35c7-8f28-763dd9e6c8e8, -12.431670, -58.409830,2026-06-20 04:44:00,NPP-375D,BRASNORTE,MATO GROSSO,Brasil,5101902,51,33,0,0.1,0.04,Cerrado,0.5
99b4c90f-8d16-3c48-84e6-83b0a56992bb,  -8.974770, -47.978530,2026-06-20 04:44:00,NPP-375D,BOM JESUS DO TOCANTINS,TOCANTINS,Brasil,1703305,17,33,6,0.0,1.0,Cerrado,3.9
63289159-6ce7-3433-8125-9348f5dc0d8a,  -8.643550, -47.756640,2026-06-20 04:44:00,NPP-375D,ITACAJÁ,TOCANTINS,Brasil,1710508,17,33,2,0.0,0.95,Cerrado,2.7
8c118fdd-541b-3ad0-851f-b46e8f255090, -14.857150, -48.113620,2026-06-20 04:44:00,NPP-375D,MIMOSO DE GOIÁS,GOIÁS,Brasil,5213053,52,33,31,0.0,1.0,Cerrado,0.8
0ebe6051-ac90-3ba9-944c-404a87c4c639, -11.216100, -46.761340,2026-06-20 04:44:00,NPP-375D,ALMAS,TOCANTINS,Brasil,1700400,17,33,25,0.0,1.0,Cerrado,1.5
861bc22d-1f6e-3e92-aeb6-460d009ff57d, -12.429810, -58.419380,2026-06-20 04:44:00,NPP-375D,BRASNORTE,MATO GROSSO,Brasil,5101902,51,33,0,0.1,0.04,Cerrado,1.1
b6565938-6ea5-3140-bd5b-0fc7f93cdaad, -13.383520, -42.388460,2026-06-20 04:44:00,NPP-375D,CATURAMA,BAHIA,Brasil,2907558,29,33,20,0.0,1.0,Caatinga,5.1
15f91e1f-fa86-33e1-a1ff-4de2c44b56f8, -13.301250, -45.227100,2026-06-20 04:44:00,NPP-375D,CORRENTINA,BAHIA,Brasil,2909307,29,33,28,0.0,1.0,Cerrado,1.7
91cb5402-c250-3bad-b935-9dcb1f4b33c5, -12.549750, -45.022000,2026-06-20 04:44:00,NPP-375D,SÃO DESIDÉRIO,BAHIA,Brasil,2928901,29,33,27,0.0,1.0,Cerrado,23.0
b5908ae7-2a09-37f6-bd27-e676f0262c2a,  -8.644100, -47.753110,2026-06-20 04:44:00,NPP-375D,ITACAJÁ,TOCANTINS,Brasil,1710508,17,33,2,0.0,0.95,Cerrado,2.7
915589e4-4b8c-3a2d-afad-4bd01c397304, -12.787860, -44.477490,2026-06-20 04:44:00,NPP-375D,BAIANÓPOLIS,BAHIA,Brasil,2902500,29,33,28,0.0,1.0,Cerrado,0.9
3f9e7e97-65fc-3bff-875b-bee50d289ff8, -12.792390, -44.474460,2026-06-20 04:44:00,NPP-375D,BAIANÓPOLIS,BAHIA,Brasil,2902500,29,33,28,0.0,1.0,Cerrado,0.9
c0e104b6-0f48-3b72-bf2b-f68588009b89, -11.664760, -56.764170,2026-06-20 04:44:00,NPP-375D,PORTO DOS GAÚCHOS,MATO GROSSO,Brasil,5106802,51,33,3,0.78,0.24,Amazônia,1.3
bf16666a-ff20-39f3-ac5a-aa068d483dba,  -7.929800, -48.257600,2026-06-20 04:44:00,NPP-375D,PALMEIRANTE,TOCANTINS,Brasil,1715705,17,33,2,0.0,0.96,Cerrado,0.7
79bee892-0206-302f-a529-dfe85eb6ca13, -10.117170, -52.199680,2026-06-20 04:44:00,NPP-375D,SANTA CRUZ DO XINGU,MATO GROSSO,Brasil,5107743,51,33,15,4.02,0.82,Amazônia,1.0
99407cdb-9a8f-39f4-ae09-07a0910699fa, -10.597770, -44.324720,2026-06-20 04:44:00,NPP-375D,SANTA RITA DE CÁSSIA,BAHIA,Brasil,2928406,29,33,28,0.0,0.96,Cerrado,2.3
0684baa1-c3f4-322c-bdfe-7cf5af89ba59,  -8.816040, -47.069500,2026-06-20 04:44:00,NPP-375D,RECURSOLÂNDIA,TOCANTINS,Brasil,1718501,17,33,50,0.0,1.0,Cerrado,0.3
0687173b-879b-3ede-93a4-c507e2e9558d,  -8.816610, -47.065830,2026-06-20 04:44:00,NPP-375D,RECURSOLÂNDIA,TOCANTINS,Brasil,1718501,17,33,49,0.0,1.0,Cerrado,0.3
4dce2e8e-049e-3d8d-8962-4a4f9e58dc37, -13.832480, -44.775400,2026-06-20 04:44:00,NPP-375D,CORIBE,BAHIA,Brasil,2909109,29,33,28,0.0,1.0,Cerrado,0.8
f4e378f9-48bf-3cfd-ba4e-a909892b6e2a,  -8.685740, -48.310550,2026-06-20 04:44:00,NPP-375D,GUARAÍ,TOCANTINS,Brasil,1709302,17,33,2,0.0,0.41,Cerrado,0.8
bf09568b-3f5f-3e50-a6ad-bdb1756e58e2, -13.299490, -45.211700,2026-06-20 04:44:00,NPP-375D,CORRENTINA,BAHIA,Brasil,2909307,29,33,28,0.0,0.94,Cerrado,1.1
19562645-47d8-37e3-b5a3-4666108b4400, -12.541950, -45.020920,2026-06-20 04:44:00,NPP-375D,SÃO DESIDÉRIO,BAHIA,Brasil,2928901,29,33,27,0.0,1.0,Cerrado,21.2
29d4abb6-b65b-387e-9128-6a43a37de853, -11.219020, -46.765750,2026-06-20 04:44:00,NPP-375D,RIO DA CONCEIÇÃO,TOCANTINS,Brasil,1718659,17,33,25,0.0,1.0,Cerrado,3.7
1777e6fa-2db1-33bd-99db-c9332708260b, -12.788350, -44.473900,2026-06-20 04:44:00,NPP-375D,BAIANÓPOLIS,BAHIA,Brasil,2902500,29,33,28,0.0,1.0,Cerrado,0.6
e3e8ed03-ea49-3634-b61c-4275d1ea5a2b, -10.572600, -57.324610,2026-06-20 04:44:00,NPP-375D,JUARA,MATO GROSSO,Brasil,5105101,51,33,6,0.62,0.35,Amazônia,1.3
ed44fd0b-b9cd-3b3f-93d4-488596f8f666, -10.117890, -52.195420,2026-06-20 04:44:00,NPP-375D,SANTA CRUZ DO XINGU,MATO GROSSO,Brasil,5107743,51,33,16,4.16,0.52,Amazônia,1.0
acd79bc5-6e99-3da5-9e31-ae56b9181709,  -9.855610, -61.432780,2026-06-20 04:44:00,NPP-375D,COLNIZA,MATO GROSSO,Brasil,5103254,51,33,2,0.17,1.0,Amazônia,1.6
64869912-601a-3bb0-8028-0f6273163fc5, -13.198030, -50.348800,2026-06-20 04:44:00,NPP-375D,SÃO MIGUEL DO ARAGUAIA,GOIÁS,Brasil,5220207,52,33,9,0.0,0.99,Cerrado,2.9
1749ecc8-bd74-35bf-b28d-babeb97ac566, -12.518770, -48.296830,2026-06-20 04:44:00,NPP-375D,SÃO SALVADOR DO TOCANTINS,TOCANTINS,Brasil,1720259,17,33,28,0.0,1.0,Cerrado,2.5
f1ed6c75-85a3-3a55-b95f-0cdcd910c97e, -11.359260, -52.956380,2026-06-20 04:44:00,NPP-375D,SÃO FÉLIX DO ARAGUAIA,MATO GROSSO,Brasil,5107859,51,33,0,3.34,0.26,Amazônia,1.2
509cadea-0ac4-3816-8fc3-aff67896a140, -11.631750, -47.878490,2026-06-20 04:44:00,NPP-375D,CHAPADA DA NATIVIDADE,TOCANTINS,Brasil,1705102,17,33,28,0.0,1.0,Cerrado,0.9
6dc6dbc7-93c4-351b-9eb6-75b3e535763d,  -8.641300, -47.749030,2026-06-20 04:44:00,NPP-375D,ITACAJÁ,TOCANTINS,Brasil,1710508,17,33,2,0.0,0.96,Cerrado,4.6
637ea0a3-dcc4-37aa-a076-a702af3532b1, -10.456580, -46.453130,2026-06-20 04:44:00,NPP-375D,MATEIROS,TOCANTINS,Brasil,1712702,17,33,58,0.0,1.0,Cerrado,1.0
60e15d1b-af93-3ded-949e-19fa3f8b661e, -13.301670, -45.224540,2026-06-20 04:44:00,NPP-375D,CORRENTINA,BAHIA,Brasil,2909307,29,33,28,0.0,1.0,Cerrado,2.9
0001fbdd-e6fd-379f-ba39-7b8fb25326a9, -11.815010, -47.342430,2026-06-20 04:44:00,NPP-375D,ALMAS,TOCANTINS,Brasil,1700400,17,33,28,0.0,1.0,Cerrado,2.2
5f625460-001c-3323-aa16-929a8f9b8b62, -11.888500, -43.833290,2026-06-20 04:44:00,NPP-375D,WANDERLEY,BAHIA,Brasil,2933455,29,33,25,0.0,1.0,Cerrado,5.4
07a94e9c-1e5c-3c72-ba84-896e330e10ab, -13.836510, -44.775970,2026-06-20 04:44:00,NPP-375D,COCOS,BAHIA,Brasil,2908101,29,33,28,0.0,1.0,Cerrado,0.8
416dce8b-5f71-3475-bfa3-c37d4fb9454d,  -9.205050, -58.066810,2026-06-20 04:44:00,NPP-375D,APIACÁS,MATO GROSSO,Brasil,5100805,51,33,2,0.0,0.25,Amazônia,1.9
d35f6f4a-bb96-394a-92dd-4b25028d3860, -13.833610, -47.130750,2026-06-20 04:44:00,NPP-375D,NOVA ROMA,GOIÁS,Brasil,5214903,52,33,27,0.0,1.0,Cerrado,1.0
03f2ec1e-55c6-397f-a2b0-550075639baa,  -8.967980, -46.941630,2026-06-20 04:44:00,NPP-375D,BALSAS,MARANHÃO,Brasil,2101400,21,33,21,0.0,1.0,Cerrado,0.8
197321ec-cda6-37f9-864a-6e7ac6800e16, -12.786880, -44.484670,2026-06-20 04:44:00,NPP-375D,BAIANÓPOLIS,BAHIA,Brasil,2902500,29,33,28,0.0,1.0,Cerrado,1.2
c2398fda-2187-3ce9-baa9-18a3b1a99b76, -14.861180, -48.110160,2026-06-20 04:44:00,NPP-375D,MIMOSO DE GOIÁS,GOIÁS,Brasil,5213053,52,33,32,0.0,1.0,Cerrado,1.3
72b7d1c5-60ee-3494-a7dd-9530f7fd67a8,  -7.369160, -49.860100,2026-06-20 04:44:00,NPP-375D,RIO MARIA,PARÁ,Brasil,1506161,15,33,10,0.0,0.99,Amazônia,1.2
48e9c3ee-5902-32ab-9ea5-4828621e531b, -11.071870, -52.478150,2026-06-20 04:44:00,NPP-375D,SÃO JOSÉ DO XINGU,MATO GROSSO,Brasil,5107354,51,33,1,0.68,0.37,Amazônia,2.1
87a63608-2f39-3e1d-9923-7267da2900e5, -11.373490, -46.311630,2026-06-20 04:44:00,NPP-375D,FORMOSA DO RIO PRETO,BAHIA,Brasil,2911105,29,33,27,0.0,1.0,Cerrado,0.7
a4bf8a54-a42e-3a64-a4e8-c6d94e5a4d20, -12.785900, -44.491830,2026-06-20 04:44:00,NPP-375D,BAIANÓPOLIS,BAHIA,Brasil,2902500,29,33,28,0.0,1.0,Cerrado,2.0
4f09cf75-8b0c-32d7-bd27-432900e59c8a,  -8.686290, -48.307050,2026-06-20 04:44:00,NPP-375D,GUARAÍ,TOCANTINS,Brasil,1709302,17,33,2,0.0,0.5,Cerrado,0.8
f43f07ae-3f2e-39e3-a830-42b977481760, -11.798020, -52.511530,2026-06-20 04:44:00,NPP-375D,QUERÊNCIA,MATO GROSSO,Brasil,5107065,51,33,5,0.82,0.44,Amazônia,0.3
258880f8-c383-382d-a155-76571cd4e057, -14.856570, -48.117490,2026-06-20 04:44:00,NPP-375D,MIMOSO DE GOIÁS,GOIÁS,Brasil,5213053,52,33,31,0.0,1.0,Cerrado,0.8
704d9d2d-b488-3908-a1b5-6169e37f722b, -12.542650, -45.015970,2026-06-20 04:44:00,NPP-375D,SÃO DESIDÉRIO,BAHIA,Brasil,2928901,29,33,27,0.0,1.0,Cerrado,21.2
e5b1c8ce-0734-32d3-adb1-f73e18974021, -13.298080, -45.221530,2026-06-20 04:44:00,NPP-375D,CORRENTINA,BAHIA,Brasil,2909307,29,33,28,0.0,1.0,Cerrado,2.8
59020f14-2c07-3b49-bc52-fb6c17e32ae8, -12.137420, -48.266540,2026-06-20 04:44:00,NPP-375D,PEIXE,TOCANTINS,Brasil,1716604,17,33,28,0.0,1.0,Cerrado,1.0
20696943-3d8b-3772-9d84-0670d328ac38,  -8.226670, -46.847350,2026-06-20 04:44:00,NPP-375D,CAMPOS LINDOS,TOCANTINS,Brasil,1703842,17,33,31,0.0,1.0,Cerrado,2.3
ffc8bee3-69f6-36ab-a4dc-0f3bc851f7d5,  -9.621890, -48.487570,2026-06-20 04:44:00,NPP-375D,MIRACEMA DO TOCANTINS,TOCANTINS,Brasil,1713205,17,33,37,0.1,1.0,Cerrado,1.1
95937dc9-5459-31c9-aac9-258bc3b54f27, -11.189930, -46.575230,2026-06-20 04:44:00,NPP-375D,MATEIROS,TOCANTINS,Brasil,1712702,17,33,30,0.0,1.0,Cerrado,1.8
1b4a2e4f-979e-32ab-a6f7-51892f4a10ec, -13.298790, -45.216610,2026-06-20 04:44:00,NPP-375D,CORRENTINA,BAHIA,Brasil,2909307,29,33,28,0.0,0.98,Cerrado,2.8
68496806-b160-3f62-abe8-843cd9fe3ec5, -13.387560, -42.394260,2026-06-20 04:44:00,NPP-375D,CATURAMA,BAHIA,Brasil,2907558,29,33,20,0.0,1.0,Caatinga,15.2
8d80d81a-5c13-377b-8815-de6e6ccf2c29,  -9.471620, -50.892800,2026-06-20 04:44:00,NPP-375D,SANTANA DO ARAGUAIA,PARÁ,Brasil,1506708,15,33,9,0.0,0.94,Amazônia,0.9
9847d1dc-764b-3eff-a3ce-aee71f5c452b, -12.540540, -45.030840,2026-06-20 04:44:00,NPP-375D,SÃO DESIDÉRIO,BAHIA,Brasil,2928901,29,33,27,0.0,1.0,Cerrado,33.0
664d6016-d028-3b9b-b430-8389b076266c, -12.550460, -45.017040,2026-06-20 04:44:00,NPP-375D,SÃO DESIDÉRIO,BAHIA,Brasil,2928901,29,33,27,0.0,1.0,Cerrado,23.0
30d2f1b8-c24c-3136-b5af-5f01f3e0395a,  -8.649690, -47.761250,2026-06-20 04:44:00,NPP-375D,ITACAJÁ,TOCANTINS,Brasil,1710508,17,33,2,0.0,0.95,Cerrado,2.4
4de251f1-c5d3-385a-b7ad-94cde95b0e82, -12.313770, -46.739010,2026-06-20 04:44:00,NPP-375D,TAGUATINGA,TOCANTINS,Brasil,1720903,17,33,28,0.0,1.0,Cerrado,1.1
69cbeeb4-0caf-3c74-ac4c-5f16c37fb1b8, -10.465670, -49.094650,2026-06-20 04:44:00,NPP-375D,PIUM,TOCANTINS,Brasil,1717503,17,33,39,0.0,1.0,Cerrado,2.8
6d15965d-fd83-3d76-8785-84042ecf0118, -10.799870, -54.172390,2026-06-20 04:44:00,NPP-375D,MARCELÂNDIA,MATO GROSSO,Brasil,5105580,51,33,7,0.87,0.36,Amazônia,0.6
78ac0b56-8797-3c8f-a5e0-d7851e3b1eb1, -11.891280, -43.834440,2026-06-20 04:44:00,NPP-375D,WANDERLEY,BAHIA,Brasil,2933455,29,33,25,0.0,1.0,Cerrado,9.0
f4f8602b-b4ab-3025-9ea4-7de5ba334147, -11.815590, -47.338640,2026-06-20 04:44:00,NPP-375D,ALMAS,TOCANTINS,Brasil,1700400,17,33,28,0.0,1.0,Cerrado,0.5
8ef13975-bb39-32f4-911f-5d0f28accda1, -13.294900, -45.216010,2026-06-20 04:44:00,NPP-375D,CORRENTINA,BAHIA,Brasil,2909307,29,33,28,0.0,1.0,Cerrado,2.4
ef18e14c-0ee7-3b5d-a57c-de28bcd00c27,  -9.104650, -49.654420,2026-06-20 04:44:00,NPP-375D,ARAGUACEMA,TOCANTINS,Brasil,1701903,17,33,37,0.0,0.99,Cerrado,0.4
a0922eff-5c02-3faa-ad22-cf80c9baf454,  -9.558780, -48.671450,2026-06-20 04:44:00,NPP-375D,MIRANORTE,TOCANTINS,Brasil,1713304,17,33,23,0.0,1.0,Cerrado,1.0
5a2c3477-04f4-3bab-a909-c4516704a3af,  -8.640750, -47.752570,2026-06-20 04:44:00,NPP-375D,ITACAJÁ,TOCANTINS,Brasil,1710508,17,33,2,0.0,0.95,Cerrado,5.7
6ea36f70-009d-3bfc-9efe-c9d144cd5e5e, -17.769640, -60.920910,2026-06-20 04:46:00,NPP-375D,Chiquitos,Santa Cruz,Bolivia,80,8,28,8,0.0,0.88,,1.6
27bd6181-307d-3638-9b37-823612f79c57, -19.156330, -48.386570,2026-06-20 04:46:00,NPP-375D,UBERLÂNDIA,MINAS GERAIS,Brasil,3170206,31,33,5,0.1,0.91,Cerrado,0.7
ed7a07b4-3ec7-3a0f-bbf0-4bd7ab475868, -16.664570, -49.138070,2026-06-20 04:46:00,NPP-375D,SENADOR CANEDO,GOIÁS,Brasil,5220454,52,33,5,0.0,1.0,Cerrado,0.6
36012dda-b566-3203-bc79-df1a1eaa6826, -17.778370, -60.907050,2026-06-20 04:46:00,NPP-375D,Chiquitos,Santa Cruz,Bolivia,80,8,28,8,0.0,0.9,,1.0
c6ce1b84-f37b-39af-848c-706a37fec5f2, -17.447680, -47.158530,2026-06-20 04:46:00,NPP-375D,PARACATU,MINAS GERAIS,Brasil,3147006,31,33,5,0.0,0.93,Cerrado,1.2
382345c4-b93e-3203-8ad8-dfc6f56494ea, -17.451350, -47.159050,2026-06-20 04:46:00,NPP-375D,PARACATU,MINAS GERAIS,Brasil,3147006,31,33,5,0.0,0.83,Cerrado,1.7
f2ec07b5-084b-3c7a-bc62-2510cf98f646, -17.775970, -60.918280,2026-06-20 04:46:00,NPP-375D,Chiquitos,Santa Cruz,Bolivia,80,8,28,8,0.0,0.87,,1.6
5570b080-a3a6-3937-9598-80fe1d95c51f, -18.040390, -59.609890,2026-06-20 04:46:00,NPP-375D,Chiquitos,Santa Cruz,Bolivia,80,8,28,3,0.0,0.46,,0.9
34abcb31-1e46-3781-b252-a1e99de64ff9, -14.912040, -51.998080,2026-06-20 04:46:00,NPP-375D,ARAGUAIANA,MATO GROSSO,Brasil,5101001,51,33,28,0.0,0.97,Cerrado,1.3
2a82410f-592d-3f8e-80e7-938d24b72282, -18.490520, -51.693390,2026-06-20 04:46:00,NPP-375D,ITARUMÃ,GOIÁS,Brasil,5211305,52,33,5,0.2,0.69,Cerrado,0.7
bed87196-2c7c-3c34-9e1a-0346a1c380c4, -17.780650, -60.923360,2026-06-20 04:46:00,NPP-375D,Chiquitos,Santa Cruz,Bolivia,80,8,28,8,0.0,0.86,,1.9
c44d7f66-0640-398f-b040-823112bec6f6, -17.781470, -60.919540,2026-06-20 04:46:00,NPP-375D,Chiquitos,Santa Cruz,Bolivia,80,8,28,8,0.0,0.86,,1.9
a6a6bdab-af9b-35e8-9a18-717745a4e72f, -17.321500, -49.610670,2026-06-20 04:46:00,NPP-375D,PONTALINA,GOIÁS,Brasil,5217708,52,33,5,0.0,1.0,Cerrado,0.5
f3abc6a0-abf6-3888-80ac-01e9dee55dfd, -17.777570, -60.910770,2026-06-20 04:46:00,NPP-375D,Chiquitos,Santa Cruz,Bolivia,80,8,28,8,0.0,0.87,,1.5
645a113b-87b6-36bd-be8f-78bd338215c1, -18.047360, -59.601730,2026-06-20 04:46:00,NPP-375D,Chiquitos,Santa Cruz,Bolivia,80,8,28,4,0.0,0.46,,6.2
2dcb13e7-6f54-3cbe-96aa-57cefc0164a1, -18.029160, -59.587810,2026-06-20 04:46:00,NPP-375D,Chiquitos,Santa Cruz,Bolivia,80,8,28,5,0.0,0.46,,0.7
591e1fff-7e6b-33f1-a6a1-7bfe07e10ca5, -17.451920, -47.161290,2026-06-20 04:46:00,NPP-375D,PARACATU,MINAS GERAIS,Brasil,3147006,31,33,5,0.0,0.85,Cerrado,2.6
f970848e-1590-36b6-8d4c-4b1cd59e8fb6, -18.039130, -59.616020,2026-06-20 04:46:00,NPP-375D,Chiquitos,Santa Cruz,Bolivia,80,8,28,3,0.0,0.46,,0.8
b76d2f84-c65b-34ff-8202-cb3139e2a55a, -17.450740, -47.163480,2026-06-20 04:46:00,NPP-375D,PARACATU,MINAS GERAIS,Brasil,3147006,31,33,5,0.0,0.91,Cerrado,1.7
f7a81b1d-0ac7-3f84-9408-2c034f937dc3, -18.066800, -59.635450,2026-06-20 04:46:00,NPP-375D,Chiquitos,Santa Cruz,Bolivia,80,8,28,1,0.0,0.46,,1.9
318814fa-b8ff-334b-9d92-7f718290a5da, -17.350060, -42.628220,2026-06-20 04:46:00,NPP-375D,MINAS NOVAS,MINAS GERAIS,Brasil,3141801,31,33,7,0.0,0.63,Cerrado,3.4
1bab70b6-e58e-3178-9d25-124a11241570, -17.456260, -47.150700,2026-06-20 04:46:00,NPP-375D,PARACATU,MINAS GERAIS,Brasil,3147006,31,33,5,0.0,0.74,Cerrado,1.2
e3bbc2cd-c816-3ab2-bc5a-991d4561ce89, -18.118930, -59.586450,2026-06-20 04:46:00,NPP-375D,Chiquitos,Santa Cruz,Bolivia,80,8,28,1,0.0,0.42,,0.8
34510dfe-6231-3db2-8158-f42633089e04, -16.695820, -51.845520,2026-06-20 04:46:00,NPP-375D,CAIAPÔNIA,GOIÁS,Brasil,5204409,52,33,4,0.1,0.98,Cerrado,1.3
f2aa3cc9-fd3d-3ba0-85c7-fdc40278a59d, -18.039750, -59.612980,2026-06-20 04:46:00,NPP-375D,Chiquitos,Santa Cruz,Bolivia,80,8,28,3,0.0,0.46,,0.8
96d8ae28-85c0-3408-b204-92b6bd6c9889, -19.700430, -47.328110,2026-06-20 04:46:00,NPP-375D,PERDIZES,MINAS GERAIS,Brasil,3149804,31,33,6,0.0,0.98,Cerrado,0.9
b51a8050-f64e-3a22-81d1-3578d6b38171, -17.779820, -60.927250,2026-06-20 04:46:00,NPP-375D,Chiquitos,Santa Cruz,Bolivia,80,8,28,8,0.0,0.87,,2.2
09effb06-5680-375a-ab79-f70d9479aba0, -17.776780, -60.914520,2026-06-20 04:46:00,NPP-375D,Chiquitos,Santa Cruz,Bolivia,80,8,28,8,0.0,0.87,,1.5
229a4167-a725-351c-bab1-0cff5d101e8f, -18.056090, -59.636170,2026-06-20 04:46:00,NPP-375D,Chiquitos,Santa Cruz,Bolivia,80,8,28,1,0.0,0.46,,0.4
3817032b-ed2c-336f-98ac-c41efa9f914f, -18.053050, -59.574200,2026-06-20 04:46:00,NPP-375D,Chiquitos,Santa Cruz,Bolivia,80,8,28,6,0.0,0.45,,1.6
e241b9f9-9b1f-3271-85dd-b2e29d6e19bf, -15.811190, -41.898080,2026-06-20 04:46:00,NPP-375D,TAIOBEIRAS,MINAS GERAIS,Brasil,3168002,31,33,28,0.0,0.77,Cerrado,1.2
c23cfe7c-959e-3b6a-8aab-f8c75956fb00, -18.047990, -59.598670,2026-06-20 04:46:00,NPP-375D,Chiquitos,Santa Cruz,Bolivia,80,8,28,4,0.0,0.46,,5.8
8d70020d-cf7a-3182-a5fb-e6029934a34c, -17.447070, -47.162950,2026-06-20 04:46:00,NPP-375D,PARACATU,MINAS GERAIS,Brasil,3147006,31,33,5,0.0,0.96,Cerrado,1.2
530dcfda-4e4a-3724-b81f-9061a1078ffd, -15.888390, -61.262110,2026-06-20 04:46:00,NPP-375D,José Miguel de Velasco,Santa Cruz,Bolivia,85,8,28,10,0.0,0.55,,2.4
52e34539-9c09-319d-a8f1-afe4f006834e, -17.779160, -60.903330,2026-06-20 04:46:00,NPP-375D,Chiquitos,Santa Cruz,Bolivia,80,8,28,8,0.0,0.95,,1.0
a9412d30-9560-329b-93aa-813d3349c57b, -17.324860, -49.611230,2026-06-20 04:46:00,NPP-375D,PONTALINA,GOIÁS,Brasil,5217708,52,33,5,0.0,1.0,Cerrado,0.5
73f12f0e-5a3f-3771-a58a-d04c9768ea94, -18.048620, -59.595630,2026-06-20 04:46:00,NPP-375D,Chiquitos,Santa Cruz,Bolivia,80,8,28,4,0.0,0.46,,5.8
80410348-748c-35ca-8174-01162e66cf35, -18.061120, -59.637370,2026-06-20 04:46:00,NPP-375D,Chiquitos,Santa Cruz,Bolivia,80,8,28,1,0.0,0.46,,0.9
a1d55167-badb-396e-930a-8e0a9510ad2f, -18.052390, -59.602880,2026-06-20 04:46:00,NPP-375D,Chiquitos,Santa Cruz,Bolivia,80,8,28,4,0.0,0.45,,6.2
d6905c92-2c69-3881-b8c3-ffc73c918906, -17.110830, -49.754040,2026-06-20 04:46:00,NPP-375D,CEZARINA,GOIÁS,Brasil,5205455,52,33,5,0.0,0.86,Cerrado,1.4
60955834-e1af-3200-b4ad-fc87dbd7cc04, -17.768830, -60.924690,2026-06-20 04:46:00,NPP-375D,Chiquitos,Santa Cruz,Bolivia,80,8,28,8,0.0,0.91,,1.8
cce88a60-2a2f-3768-851d-351f751b9f8d, -17.605560, -46.677930,2026-06-20 04:46:00,NPP-375D,VAZANTE,MINAS GERAIS,Brasil,3171006,31,33,5,0.0,0.78,Cerrado,0.7
5a6c3ff0-9246-336d-9571-12216ccdcb3b, -17.782270, -60.915790,2026-06-20 04:46:00,NPP-375D,Chiquitos,Santa Cruz,Bolivia,80,8,28,8,0.0,0.86,,1.5
da175130-14c9-3cc8-9de8-8a5f0e53fc4a, -17.448240, -47.160770,2026-06-20 04:46:00,NPP-375D,PARACATU,MINAS GERAIS,Brasil,3147006,31,33,5,0.0,0.92,Cerrado,2.6
3d976a5e-53d8-3704-8f43-839bb3b01c6f, -18.119550, -59.583350,2026-06-20 04:46:00,NPP-375D,Chiquitos,Santa Cruz,Bolivia,80,8,28,1,0.0,0.42,,0.7
35319caa-cc94-39f0-9d00-672d6a6cb116, -18.053020, -59.599850,2026-06-20 04:46:00,NPP-375D,Chiquitos,Santa Cruz,Bolivia,80,8,28,4,0.0,0.45,,5.8
3cbd2eef-a1f9-3dba-91f9-a73616999832, -18.029800, -59.584720,2026-06-20 04:46:00,NPP-375D,Chiquitos,Santa Cruz,Bolivia,80,8,28,5,0.0,0.46,,0.7
822cdfb9-333e-3eff-8a71-614a1d0df9d1, -18.424200, -47.393190,2026-06-20 04:46:00,NPP-375D,ABADIA DOS DOURADOS,MINAS GERAIS,Brasil,3100104,31,33,5,0.0,0.84,Cerrado,2.0
ab6482a8-74d6-3af5-8ccd-e43827035cbb, -18.067430, -59.632370,2026-06-20 04:46:00,NPP-375D,Chiquitos,Santa Cruz,Bolivia,80,8,28,1,0.0,0.46,,1.9
b22bb9ff-b88b-384b-91fa-096ab58c90c4, -18.041040, -59.606780,2026-06-20 04:46:00,NPP-375D,Chiquitos,Santa Cruz,Bolivia,80,8,28,3,0.0,0.46,,0.9
0827a518-641e-3325-8d80-83917550b800, -18.113900, -59.585280,2026-06-20 04:46:00,NPP-375D,Chiquitos,Santa Cruz,Bolivia,80,8,28,2,0.0,0.42,,0.8
5e5abf5c-42ac-3087-959a-5b9320174b58, -18.129350, -59.705220,2026-06-20 04:46:00,NPP-375D,Chiquitos,Santa Cruz,Bolivia,80,8,28,4,0.0,0.48,,0.7
bde1537c-e1f0-3afd-84a0-10bce971465e, -18.072470, -59.633510,2026-06-20 04:46:00,NPP-375D,Chiquitos,Santa Cruz,Bolivia,80,8,28,1,0.0,0.45,,0.5
a4f59012-1ded-3353-96c4-d8d7ee63df0b, -17.350730, -42.622570,2026-06-20 04:46:00,NPP-375D,MINAS NOVAS,MINAS GERAIS,Brasil,3141801,31,33,7,0.0,0.62,Cerrado,2.4
8add2be5-325d-3eb8-8fe6-36ade5be254a, -18.114530, -59.582170,2026-06-20 04:46:00,NPP-375D,Chiquitos,Santa Cruz,Bolivia,80,8,28,2,0.0,0.42,,0.7
73ae3ca0-91c4-3e35-9868-0dc0e606f65c, -18.053640, -59.596820,2026-06-20 04:46:00,NPP-375D,Chiquitos,Santa Cruz,Bolivia,80,8,28,4,0.0,0.45,,5.8
5114ac70-7ad0-3ffa-8c40-74d3ffefee2f, -19.167950, -45.586250,2026-06-20 04:46:00,NPP-375D,ABAETÉ,MINAS GERAIS,Brasil,3100203,31,33,6,0.0,1.0,Cerrado,0.4
467f1827-193e-31a8-b8c2-dcef31f95c10, -18.076250, -59.589340,2026-06-20 04:46:00,NPP-375D,Chiquitos,Santa Cruz,Bolivia,80,8,28,4,0.0,0.44,,1.1
df231fe9-bd7b-30db-b147-2d7e34493f0a, -17.774330, -60.925910,2026-06-20 04:46:00,NPP-375D,Chiquitos,Santa Cruz,Bolivia,80,8,28,8,0.0,0.88,,1.8
f02538e6-15d5-3684-b9a0-5903e13e0838, -18.035460, -59.582860,2026-06-20 04:46:00,NPP-375D,Chiquitos,Santa Cruz,Bolivia,80,8,28,6,0.0,0.46,,1.2
ef84314c-67a0-3557-b239-fcfe60d718a5, -18.046720, -59.604810,2026-06-20 04:46:00,NPP-375D,Chiquitos,Santa Cruz,Bolivia,80,8,28,4,0.0,0.46,,6.2
42f5e45d-3c78-31b0-a04f-389e039c6e23, -21.706080, -60.187490,2026-06-20 04:49:00,NPP-375D,General Eugenio A. Garay,Boquerón,Paraguay,43,6,177,7,0.0,0.79,,3.9
09a64700-fb7a-3a31-a7f4-7d2131858f23, -21.704880, -60.193290,2026-06-20 04:49:00,NPP-375D,General Eugenio A. Garay,Boquerón,Paraguay,43,6,177,7,0.0,0.71,,3.9
ee399be0-0fb7-3507-9672-861f9534b6e2, -21.743570, -60.283590,2026-06-20 04:49:00,NPP-375D,General Eugenio A. Garay,Boquerón,Paraguay,43,6,177,6,0.0,0.96,,3.0
a844ad6c-59c4-394b-9570-9e1be83009bf, -21.742330, -60.289440,2026-06-20 04:49:00,NPP-375D,General Eugenio A. Garay,Boquerón,Paraguay,43,6,177,6,0.0,0.98,,1.9
95484a9c-ed2b-30d5-bab1-acda4dce7e89, -21.748450, -60.284800,2026-06-20 04:49:00,NPP-375D,General Eugenio A. Garay,Boquerón,Paraguay,43,6,177,6,0.0,0.94,,4.1
f7f93b0e-a328-38da-bc83-23c3904cbfe8, -21.707300, -60.188900,2026-06-20 04:49:00,NPP-375D,General Eugenio A. Garay,Boquerón,Paraguay,43,6,177,7,0.0,0.79,,1.4
bc49bb2b-ffe4-34c9-b475-aa1e30378910, -21.545910, -58.619560,2026-06-20 04:49:00,NPP-375D,La Victoria,Alto Paraguay,Paraguay,18,2,177,6,0.0,0.66,,0.6
7a1763e5-ed77-3284-a0ee-87c0bfe10de5, -21.702440, -60.187720,2026-06-20 04:49:00,NPP-375D,General Eugenio A. Garay,Boquerón,Paraguay,43,6,177,6,0.0,0.75,,6.9
b4645bcb-1911-353a-ba53-9d4abeadc62a, -21.701220, -60.186290,2026-06-20 04:49:00,NPP-375D,General Eugenio A. Garay,Boquerón,Paraguay,43,6,177,6,0.0,0.77,,3.9
7d6396c6-982d-333c-81a5-7983e1ad6848, -18.047600, -59.599100,2026-06-20 04:50:00,GOES-19,Chiquitos,Santa Cruz,Bolivia,80,8,28,4,0.0,0.46,,54.7
fa87ca7f-07b0-34c3-9e4e-593393526a4f, -12.553100, -45.017400,2026-06-20 04:50:00,GOES-19,SÃO DESIDÉRIO,BAHIA,Brasil,2928901,29,33,27,0.0,1.0,Cerrado,130.8
66c69a7d-ad55-3c48-91dc-a1c26d24a2dc, -12.533900, -45.020400,2026-06-20 04:50:00,GOES-19,SÃO DESIDÉRIO,BAHIA,Brasil,2928901,29,33,27,0.0,1.0,Cerrado,79.7
be568131-e2d9-3595-aecc-b5aae135133c, -26.451180, -64.248580,2026-06-20 04:51:00,NPP-375D,Pellegrini,Santiago del Estero,Argentina,476,22,12,6,0.0,0.98,,1.4
0336289d-80f6-3345-99b9-ca150cc38418, -26.676000, -62.435910,2026-06-20 04:51:00,NPP-375D,Alberdi,Santiago del Estero,Argentina,459,22,12,10,0.0,0.93,,1.7
208b3c66-235b-310f-b78a-996766ea89d3, -26.675260, -62.439150,2026-06-20 04:51:00,NPP-375D,Alberdi,Santiago del Estero,Argentina,459,22,12,10,0.0,0.93,,1.7
8d924234-7d42-37da-9e42-86201cfbdf15, -26.450180, -64.252780,2026-06-20 04:51:00,NPP-375D,Pellegrini,Santiago del Estero,Argentina,476,22,12,6,0.0,0.98,,1.4
993cefb4-e30f-38a0-b582-0d7b95c5811d, -38.908760, -69.179120,2026-06-20 04:53:00,NPP-375D,Confluencia,Neuquén,Argentina,359,15,12,2,0.26,-999.0,,0.8
74d4fdf7-18ec-36c1-a725-df9762706340,   5.196310, -60.976060,2026-06-20 04:57:00,NOAA-20,Gran Sabana,Bolívar,Venezuela,71,6,249,0,0.89,0.0,,1.3
5d09af4e-1a28-3869-b3b5-1639a9612866,   9.297010, -63.902630,2026-06-20 04:57:00,NOAA-20,Aguasay,Monagas,Venezuela,202,17,249,0,2.97,0.18,,2.0
aad1ad79-6f13-362d-9af9-8b35a85b7970,   9.297470, -63.900580,2026-06-20 04:57:00,NOAA-20,Aguasay,Monagas,Venezuela,202,17,249,0,2.99,0.17,,0.7
ea3b417c-0db0-3308-a72a-b7700fa97a75,  -2.325450, -60.061080,2026-06-20 04:59:00,NOAA-20,MANAUS,AMAZONAS,Brasil,1302603,13,33,2,0.0,0.03,Amazônia,1.8
64eab95d-a16f-3850-b56e-40110ca79018, -12.533900, -45.020400,2026-06-20 05:00:00,GOES-19,SÃO DESIDÉRIO,BAHIA,Brasil,2928901,29,33,27,0.0,1.0,Cerrado,111.4
b9769763-d584-3a21-80e0-f45a90c41c99, -12.553600, -44.994100,2026-06-20 05:00:00,GOES-19,SÃO DESIDÉRIO,BAHIA,Brasil,2928901,29,33,26,0.0,1.0,Cerrado,49.0
d822a63d-b416-3894-bed9-fac26bf59fd3, -12.553100, -45.017400,2026-06-20 05:00:00,GOES-19,SÃO DESIDÉRIO,BAHIA,Brasil,2928901,29,33,27,0.0,1.0,Cerrado,286.0
7f8320f6-6f6f-36ff-aa9f-67b71e9a91df, -18.047600, -59.599100,2026-06-20 05:00:00,GOES-19,Chiquitos,Santa Cruz,Bolivia,80,8,28,4,0.0,0.46,,56.1
891b9e8c-aa28-3c44-8772-1238515eb8a7, -12.552700, -45.040600,2026-06-20 05:00:00,GOES-19,SÃO DESIDÉRIO,BAHIA,Brasil,2928901,29,33,27,0.0,1.0,Cerrado,69.5
d3be8267-c151-3d9f-a219-936caf745bbb,  -6.358970, -43.596840,2026-06-20 05:01:00,NOAA-20,SUCUPIRA DO RIACHÃO,MARANHÃO,Brasil,2111953,21,33,2,0.0,0.62,Cerrado,1.4
606e3301-513d-3d94-901f-40046b872411, -11.638630, -48.541630,2026-06-20 05:01:00,NOAA-20,PEIXE,TOCANTINS,Brasil,1716604,17,33,28,0.0,1.0,Cerrado,1.1
8e5ae3f0-0b1f-30ed-a376-f03f31e6ee61, -10.604540, -44.323730,2026-06-20 05:01:00,NOAA-20,SANTA RITA DE CÁSSIA,BAHIA,Brasil,2928406,29,33,28,0.0,0.88,Cerrado,1.4
dede87a9-3ea8-33ce-9bd8-b7403c0fd81a,  -7.635280, -50.025570,2026-06-20 05:01:00,NOAA-20,RIO MARIA,PARÁ,Brasil,1506161,15,33,3,0.0,0.99,Amazônia,3.0
2e054ff6-16e6-3496-b6a5-629f7f988fa2,  -7.929530, -48.255860,2026-06-20 05:01:00,NOAA-20,PALMEIRANTE,TOCANTINS,Brasil,1715705,17,33,2,0.0,0.96,Cerrado,1.1
5ea7a52f-50ed-3144-943a-ba5147f24e91,  -3.852610, -54.223190,2026-06-20 05:01:00,NOAA-20,PLACAS,PARÁ,Brasil,1505650,15,33,2,8.98,0.02,Amazônia,0.6
69586578-9db2-33df-a802-1669c23e90e3, -11.217440, -46.765510,2026-06-20 05:01:00,NOAA-20,RIO DA CONCEIÇÃO,TOCANTINS,Brasil,1718659,17,33,25,0.0,1.0,Cerrado,1.5
d60a4a15-0e0e-3eba-91b9-1ed79f322097,  -8.977010, -47.979220,2026-06-20 05:01:00,NOAA-20,BOM JESUS DO TOCANTINS,TOCANTINS,Brasil,1703305,17,33,7,0.0,1.0,Cerrado,2.3
341ed8cd-14e7-32ec-8146-d06713867a9b, -11.217830, -46.762510,2026-06-20 05:01:00,NOAA-20,RIO DA CONCEIÇÃO,TOCANTINS,Brasil,1718659,17,33,25,0.0,1.0,Cerrado,1.5
f794d7ec-c026-3ef1-b91d-0385a1356c01,  -6.145660, -48.494420,2026-06-20 05:01:00,NOAA-20,SÃO GERALDO DO ARAGUAIA,PARÁ,Brasil,1507458,15,33,1,0.0,0.68,Amazônia,1.1
51c8fea6-c69f-3f81-bd03-fab27556c843,  -7.367760, -49.858510,2026-06-20 05:01:00,NOAA-20,RIO MARIA,PARÁ,Brasil,1506161,15,33,10,0.0,1.0,Amazônia,3.5
c8a9f353-db50-3a98-b0a4-a720bf52df7f, -10.769190, -54.106700,2026-06-20 05:01:00,NOAA-20,MARCELÂNDIA,MATO GROSSO,Brasil,5105580,51,33,7,0.71,0.39,Amazônia,1.7
098a7193-bfc3-37b7-aac2-0f7b9a2b28eb, -11.889600, -43.836270,2026-06-20 05:01:00,NOAA-20,WANDERLEY,BAHIA,Brasil,2933455,29,33,25,0.0,1.0,Cerrado,7.6
fc0c4b21-68a2-368b-ba10-e725e6b7aec2, -10.116630, -52.197540,2026-06-20 05:01:00,NOAA-20,SANTA CRUZ DO XINGU,MATO GROSSO,Brasil,5107743,51,33,15,4.13,0.72,Amazônia,1.8
c3263335-64c1-3f77-a257-4afabb744a0c,  -8.643560, -47.752910,2026-06-20 05:01:00,NOAA-20,ITACAJÁ,TOCANTINS,Brasil,1710508,17,33,2,0.0,0.95,Cerrado,2.2
afedc01b-a933-3602-8a0b-cbc4b58a8ff7, -11.222560, -46.766190,2026-06-20 05:01:00,NOAA-20,RIO DA CONCEIÇÃO,TOCANTINS,Brasil,1718659,17,33,26,0.0,1.0,Cerrado,1.2
56a0f2e5-b08c-36d2-bd96-115963889048,  -6.329370, -48.419330,2026-06-20 05:01:00,NOAA-20,SÃO GERALDO DO ARAGUAIA,PARÁ,Brasil,1507458,15,33,4,0.0,0.73,Amazônia,1.4
68b195e7-89ff-3614-bdee-456e3c5196df, -10.123230, -52.177730,2026-06-20 05:01:00,NOAA-20,SANTA CRUZ DO XINGU,MATO GROSSO,Brasil,5107743,51,33,21,4.55,0.16,Amazônia,0.6
1e8eca8b-27b8-3f08-80f5-bb76a5c71974, -10.771980, -54.110820,2026-06-20 05:01:00,NOAA-20,MARCELÂNDIA,MATO GROSSO,Brasil,5105580,51,33,7,0.7,0.39,Amazônia,1.3
7ec52b14-dacd-32fe-b4a6-d2e45774dda9,  -5.811460, -45.084820,2026-06-20 05:01:00,NOAA-20,BARRA DO CORDA,MARANHÃO,Brasil,2101608,21,33,5,0.0,0.9,Cerrado,3.1
ea40380c-0423-365f-b9a1-414b2798c38b, -10.780340, -54.101100,2026-06-20 05:01:00,NOAA-20,MARCELÂNDIA,MATO GROSSO,Brasil,5105580,51,33,7,0.79,0.39,Amazônia,1.0
3bf2289a-1466-3994-9abf-9c7b501e399c,  -6.149890, -48.494930,2026-06-20 05:01:00,NOAA-20,SÃO GERALDO DO ARAGUAIA,PARÁ,Brasil,1507458,15,33,1,0.0,0.84,Amazônia,2.6
55fed985-646f-34a1-b01d-5062b27acdfa,  -9.180780, -58.058670,2026-06-20 05:01:00,NOAA-20,APIACÁS,MATO GROSSO,Brasil,5100805,51,33,1,0.0,0.25,Amazônia,0.8
3c4f0a97-c49a-3624-99a0-13e006a37fc4,  -5.813740, -45.068430,2026-06-20 05:01:00,NOAA-20,BARRA DO CORDA,MARANHÃO,Brasil,2101608,21,33,4,0.0,0.9,Cerrado,0.9
4cf71221-b367-3a5a-84be-65a88125dae0, -10.765290, -54.109740,2026-06-20 05:01:00,NOAA-20,MARCELÂNDIA,MATO GROSSO,Brasil,5105580,51,33,7,0.7,0.39,Amazônia,0.6
245ab7ee-5651-3b69-8cf4-43fffc80a992,  -8.639040, -47.754360,2026-06-20 05:01:00,NOAA-20,ITACAJÁ,TOCANTINS,Brasil,1710508,17,33,2,0.0,0.96,Cerrado,4.0
363fec69-b6b9-3ffe-8370-dee7c5857303,  -9.020620, -63.549170,2026-06-20 05:01:00,NOAA-20,CANDEIAS DO JAMARI,RONDÔNIA,Brasil,1100809,11,33,3,0.51,0.7,Amazônia,1.5
cd1a923c-e709-3303-a358-3ddaa0f235e1,  -9.021180, -63.546070,2026-06-20 05:01:00,NOAA-20,CANDEIAS DO JAMARI,RONDÔNIA,Brasil,1100809,11,33,3,0.54,0.78,Amazônia,1.5
0c384677-0566-37b8-9f7e-0c73757b2966,  -5.808740, -45.073610,2026-06-20 05:01:00,NOAA-20,BARRA DO CORDA,MARANHÃO,Brasil,2101608,21,33,4,0.0,0.89,Cerrado,1.9
b4e0d365-507b-3f7b-b4a1-06be91922316,  -8.977660, -47.974550,2026-06-20 05:01:00,NOAA-20,BOM JESUS DO TOCANTINS,TOCANTINS,Brasil,1703305,17,33,7,0.0,1.0,Cerrado,2.3
185e6cdf-a9f4-3483-924d-391edf21cd80, -10.800500, -54.170350,2026-06-20 05:01:00,NOAA-20,MARCELÂNDIA,MATO GROSSO,Brasil,5105580,51,33,7,0.86,0.36,Amazônia,0.7
195018bf-c7ca-3258-840e-b6348e9467c9,  -9.015500, -63.548210,2026-06-20 05:01:00,NOAA-20,CANDEIAS DO JAMARI,RONDÔNIA,Brasil,1100809,11,33,3,0.52,0.98,Amazônia,1.5
1f4dc8b5-6d4b-3dd5-8caf-abaa276c4250,  -9.016610, -63.542030,2026-06-20 05:01:00,NOAA-20,CANDEIAS DO JAMARI,RONDÔNIA,Brasil,1100809,11,33,3,0.58,0.98,Amazônia,1.0
88bf3ea4-967c-39e7-afcd-5e3c298c1585, -10.464160, -49.093370,2026-06-20 05:01:00,NOAA-20,PIUM,TOCANTINS,Brasil,1717503,17,33,39,0.0,1.0,Cerrado,0.5
cd0f85e0-3311-3262-8615-66add1d9ac32, -11.634720, -48.536220,2026-06-20 05:01:00,NOAA-20,PEIXE,TOCANTINS,Brasil,1716604,17,33,28,0.0,1.0,Cerrado,4.1
35a1a427-fccb-3a68-9a2c-f8df41967968,  -6.370860, -43.597920,2026-06-20 05:01:00,NOAA-20,SUCUPIRA DO RIACHÃO,MARANHÃO,Brasil,2111953,21,33,2,0.0,0.63,Cerrado,9.3
8cf36989-713d-3bbf-93d9-e96845d66fcc, -10.122620, -52.181800,2026-06-20 05:01:00,NOAA-20,SANTA CRUZ DO XINGU,MATO GROSSO,Brasil,5107743,51,33,20,4.44,0.17,Amazônia,0.5
4bbe21e6-90d3-35b6-9eea-607c10ed330c, -10.577050, -57.322640,2026-06-20 05:01:00,NOAA-20,JUARA,MATO GROSSO,Brasil,5105101,51,33,7,0.65,0.38,Amazônia,0.6
252e7349-1bda-3544-b3e1-dd2c7e4e271e,  -5.814090, -45.074090,2026-06-20 05:01:00,NOAA-20,BARRA DO CORDA,MARANHÃO,Brasil,2101608,21,33,4,0.0,0.9,Cerrado,1.8
7f779cc4-a0be-3b5d-9fc1-6a051320f4f9,  -5.813280, -45.071700,2026-06-20 05:01:00,NOAA-20,BARRA DO CORDA,MARANHÃO,Brasil,2101608,21,33,4,0.0,0.9,Cerrado,0.9
93545d00-5961-3a6a-8882-8a10181e8cbf,  -5.812830, -45.074980,2026-06-20 05:01:00,NOAA-20,BARRA DO CORDA,MARANHÃO,Brasil,2101608,21,33,4,0.0,0.9,Cerrado,2.2
ad318940-dbf3-39aa-8297-a65ba14c72ec, -10.117240, -52.193460,2026-06-20 05:01:00,NOAA-20,SANTA CRUZ DO XINGU,MATO GROSSO,Brasil,5107743,51,33,17,4.26,0.42,Amazônia,0.7
9482d14e-72a0-3f50-b2b4-9eaa3f8fa6b6,  -8.226230, -46.843380,2026-06-20 05:01:00,NOAA-20,CAMPOS LINDOS,TOCANTINS,Brasil,1703842,17,33,31,0.0,1.0,Cerrado,2.5
ab6ed4a4-8d4f-3886-81bf-e6b4749e580a, -10.598570, -44.322970,2026-06-20 05:01:00,NOAA-20,SANTA RITA DE CÁSSIA,BAHIA,Brasil,2928406,29,33,28,0.0,0.96,Cerrado,1.4
57d65e4a-f15e-3c4b-8cf8-29f7c99f3141,  -5.812650, -45.083930,2026-06-20 05:01:00,NOAA-20,BARRA DO CORDA,MARANHÃO,Brasil,2101608,21,33,5,0.0,0.9,Cerrado,3.3
ba6beee5-106e-3bc3-928a-d5746074287f, -11.815440, -47.341190,2026-06-20 05:01:00,NOAA-20,ALMAS,TOCANTINS,Brasil,1700400,17,33,28,0.0,1.0,Cerrado,2.2
ae537ffc-983a-305d-b4b4-ba5d5f5504e1,  -6.371450, -43.593610,2026-06-20 05:01:00,NOAA-20,SUCUPIRA DO RIACHÃO,MARANHÃO,Brasil,2111953,21,33,2,0.0,0.65,Cerrado,9.3
f4dc4a47-2e90-31cb-bbea-21eb7e502ba1,  -6.359560, -43.592510,2026-06-20 05:01:00,NOAA-20,SUCUPIRA DO RIACHÃO,MARANHÃO,Brasil,2111953,21,33,2,0.0,0.64,Cerrado,1.4
c9397559-3d4a-3994-87e5-06e964f3f4e0, -10.776430, -54.104170,2026-06-20 05:01:00,NOAA-20,MARCELÂNDIA,MATO GROSSO,Brasil,5105580,51,33,7,0.76,0.39,Amazônia,0.5
4fdb4938-172b-3adf-a472-c2d6c7533f12,  -9.020060, -63.552290,2026-06-20 05:01:00,NOAA-20,CANDEIAS DO JAMARI,RONDÔNIA,Brasil,1100809,11,33,3,0.5,0.78,Amazônia,2.1
3c2013d5-2fc1-3e53-ab04-e0ba5dc5c955,  -6.397140, -44.183630,2026-06-20 05:01:00,NOAA-20,SUCUPIRA DO NORTE,MARANHÃO,Brasil,2111904,21,33,2,0.0,0.91,Cerrado,4.7
5748eb97-ea85-38f3-9258-91cd9b0677b8,  -6.780460, -46.333160,2026-06-20 05:01:00,NOAA-20,FORMOSA DA SERRA NEGRA,MARANHÃO,Brasil,2104099,21,33,2,0.0,1.0,Cerrado,2.8
b9173303-6714-3bb7-a998-79e4b80db19e,  -9.854370, -61.426360,2026-06-20 05:01:00,NOAA-20,COLNIZA,MATO GROSSO,Brasil,5103254,51,33,1,0.2,1.0,Amazônia,2.8
0961764e-512a-3ba1-a517-5ac4212177b8, -10.772530, -54.107230,2026-06-20 05:01:00,NOAA-20,MARCELÂNDIA,MATO GROSSO,Brasil,5105580,51,33,7,0.72,0.39,Amazônia,0.5
20aa371f-4f71-373e-8981-2c7cfa34f435,  -9.201560, -58.045040,2026-06-20 05:01:00,NOAA-20,APIACÁS,MATO GROSSO,Brasil,5100805,51,33,1,0.0,0.24,Amazônia,1.6
b2bb3dc8-9c2b-3420-a382-1b3263b01254, -11.071970, -52.478180,2026-06-20 05:01:00,NOAA-20,SÃO JOSÉ DO XINGU,MATO GROSSO,Brasil,5107354,51,33,1,0.68,0.37,Amazônia,0.6
59ab9fb4-21ac-3fe0-8be9-9222eea163a2,  -4.353650, -47.761540,2026-06-20 05:01:00,NOAA-20,DOM ELISEU,PARÁ,Brasil,1502939,15,33,0,0.0,0.29,Amazônia,2.1
a17a7d20-9b26-3b29-a845-ea90deb39000,  -9.209590, -58.063550,2026-06-20 05:01:00,NOAA-20,APIACÁS,MATO GROSSO,Brasil,5100805,51,33,2,0.0,0.24,Amazônia,1.2
c5fb47e6-69d8-3061-9b21-cc88ae19055c,  -8.684840, -48.305980,2026-06-20 05:01:00,NOAA-20,GUARAÍ,TOCANTINS,Brasil,1709302,17,33,2,0.0,0.5,Cerrado,1.9
5158d84a-10fc-3ca8-96a3-44283d4967c9, -11.890180, -43.831360,2026-06-20 05:01:00,NOAA-20,WANDERLEY,BAHIA,Brasil,2933455,29,33,25,0.0,1.0,Cerrado,7.6
bc324c38-02c5-3233-b99c-daecdef2d763,  -9.016050, -63.545130,2026-06-20 05:01:00,NOAA-20,CANDEIAS DO JAMARI,RONDÔNIA,Brasil,1100809,11,33,3,0.55,0.97,Amazônia,1.5
8e79cd74-f2e2-36a8-a683-3bf2feb344c8,  -8.814420, -47.066810,2026-06-20 05:01:00,NOAA-20,RECURSOLÂNDIA,TOCANTINS,Brasil,1718501,17,33,49,0.0,0.98,Cerrado,3.6
2c5371ec-7c07-39bc-a28f-941dcc8ed094, -11.634080, -48.540970,2026-06-20 05:01:00,NOAA-20,PEIXE,TOCANTINS,Brasil,1716604,17,33,28,0.0,1.0,Cerrado,2.6
9c3436f3-4c8d-3452-b18e-c4c8fc5c081d,  -7.745740, -55.339940,2026-06-20 05:01:00,NOAA-20,NOVO PROGRESSO,PARÁ,Brasil,1505031,15,33,7,7.4,0.59,Amazônia,0.4
d29c716b-cb6e-353f-9897-04de801041b0, -10.469030, -49.089990,2026-06-20 05:01:00,NOAA-20,PIUM,TOCANTINS,Brasil,1717503,17,33,40,0.0,1.0,Cerrado,1.6
4ce22c0d-5b3f-37f8-839f-9090056a5445,  -9.206680, -58.058770,2026-06-20 05:01:00,NOAA-20,APIACÁS,MATO GROSSO,Brasil,5100805,51,33,1,0.0,0.24,Amazônia,1.2
5792ee3c-f544-3ac2-a85e-2dd20eeb41ef, -10.573610, -57.322040,2026-06-20 05:01:00,NOAA-20,JUARA,MATO GROSSO,Brasil,5105101,51,33,6,0.61,0.35,Amazônia,1.5
9c4aff36-a517-3d3c-94ab-b7bf3904e671,  -5.814570, -45.070820,2026-06-20 05:01:00,NOAA-20,BARRA DO CORDA,MARANHÃO,Brasil,2101608,21,33,4,0.0,0.9,Cerrado,1.9
596465b7-ff7d-3c0a-86a5-a1b88a336f0d,  -5.813610, -45.077360,2026-06-20 05:01:00,NOAA-20,BARRA DO CORDA,MARANHÃO,Brasil,2101608,21,33,4,0.0,0.9,Cerrado,1.8
b399c954-c322-385a-9879-1abbe451f46e,  -8.642920, -47.757690,2026-06-20 05:01:00,NOAA-20,ITACAJÁ,TOCANTINS,Brasil,1710508,17,33,2,0.0,0.95,Cerrado,2.2
51b197f6-3221-3e9e-baca-18987d619328,  -8.686100, -48.304800,2026-06-20 05:01:00,NOAA-20,GUARAÍ,TOCANTINS,Brasil,1709302,17,33,2,0.0,0.57,Cerrado,0.7
7ecc1434-d63c-396f-b666-729f1ce45bb5, -11.067810, -52.481720,2026-06-20 05:01:00,NOAA-20,SÃO JOSÉ DO XINGU,MATO GROSSO,Brasil,5107354,51,33,2,0.71,0.37,Amazônia,1.7
23f60392-645f-3e87-bcaf-f78609ea3d68,  -9.021740, -63.542950,2026-06-20 05:01:00,NOAA-20,CANDEIAS DO JAMARI,RONDÔNIA,Brasil,1100809,11,33,3,0.57,0.88,Amazônia,1.0
beeb667f-0998-3c8e-a777-6d407b577027,  -9.014950, -63.551260,2026-06-20 05:01:00,NOAA-20,CANDEIAS DO JAMARI,RONDÔNIA,Brasil,1100809,11,33,3,0.5,1.0,Amazônia,2.1
945f5588-c9cf-3fca-af08-0db4fad1d539,  -5.813130, -45.080650,2026-06-20 05:01:00,NOAA-20,BARRA DO CORDA,MARANHÃO,Brasil,2101608,21,33,5,0.0,0.9,Cerrado,3.3
2df7dbd7-ee1d-3102-82c3-0109f3e8bc3a,  -9.558570, -48.669010,2026-06-20 05:01:00,NOAA-20,MIRANORTE,TOCANTINS,Brasil,1713304,17,33,23,0.0,1.0,Cerrado,2.1
6fef9215-69dd-36f2-8e8b-d7cadc73f273,  -7.929310, -48.257050,2026-06-20 05:01:00,NOAA-20,PALMEIRANTE,TOCANTINS,Brasil,1715705,17,33,2,0.0,0.96,Cerrado,0.8
f8ac2a54-57f7-36f0-af9a-ca1df1f9d6d4, -10.468460, -49.094100,2026-06-20 05:01:00,NOAA-20,PIUM,TOCANTINS,Brasil,1717503,17,33,39,0.0,1.0,Cerrado,1.6
630fd1a6-6466-3884-a942-8ab264d6be1d, -10.907520, -54.135620,2026-06-20 05:01:00,NOAA-20,MARCELÂNDIA,MATO GROSSO,Brasil,5105580,51,33,8,0.9,0.37,Amazônia,1.1
67145de8-c80e-3ed4-bc26-7933c7c68bc3,  -8.635110, -47.748970,2026-06-20 05:01:00,NOAA-20,ITACAJÁ,TOCANTINS,Brasil,1710508,17,33,2,0.0,0.96,Cerrado,1.7
b8ac3949-4d04-3cfa-9c44-2e87d81032f7,  -6.364900, -43.597480,2026-06-20 05:01:00,NOAA-20,SUCUPIRA DO RIACHÃO,MARANHÃO,Brasil,2111953,21,33,2,0.0,0.62,Cerrado,1.4
88cf277b-947b-35e7-99ef-b5e80c8abffd,  -7.631380, -50.025010,2026-06-20 05:01:00,NOAA-20,RIO MARIA,PARÁ,Brasil,1506161,15,33,3,0.0,1.0,Amazônia,1.0
7ca02984-2621-3e2f-841c-cef4a597ed19, -10.765840, -54.106160,2026-06-20 05:01:00,NOAA-20,MARCELÂNDIA,MATO GROSSO,Brasil,5105580,51,33,7,0.7,0.39,Amazônia,1.7
176fd83a-9b4a-3c36-91db-a1eb1156159f,  -8.685460, -48.309190,2026-06-20 05:01:00,NOAA-20,GUARAÍ,TOCANTINS,Brasil,1709302,17,33,2,0.0,0.39,Cerrado,1.3
2269547c-07a9-3a46-b71b-ff6a111f3022,  -6.785410, -46.333760,2026-06-20 05:01:00,NOAA-20,FORMOSA DA SERRA NEGRA,MARANHÃO,Brasil,2104099,21,33,2,0.0,1.0,Cerrado,2.8
d9ef3e9e-4b8e-33f1-add2-952b6140d090,  -9.205990, -58.062940,2026-06-20 05:01:00,NOAA-20,APIACÁS,MATO GROSSO,Brasil,5100805,51,33,2,0.0,0.24,Amazônia,1.2
3e9475e3-1b43-3972-9e84-43d6c0d5aff2, -10.776990, -54.100570,2026-06-20 05:01:00,NOAA-20,MARCELÂNDIA,MATO GROSSO,Brasil,5105580,51,33,7,0.79,0.39,Amazônia,0.9
d28999be-2f2e-32a3-abad-138966a74cd7, -10.768640, -54.110280,2026-06-20 05:01:00,NOAA-20,MARCELÂNDIA,MATO GROSSO,Brasil,5105580,51,33,7,0.7,0.39,Amazônia,0.6
ae549c35-1ec8-39a4-918f-e2c1f4865ce5,  -5.811920, -45.081540,2026-06-20 05:01:00,NOAA-20,BARRA DO CORDA,MARANHÃO,Brasil,2101608,21,33,5,0.0,0.9,Cerrado,3.1
2c132631-cd77-3730-9b99-6a5645c6ee45,  -4.457820, -48.021930,2026-06-20 05:01:00,NOAA-20,RONDON DO PARÁ,PARÁ,Brasil,1506187,15,33,0,0.0,0.31,Amazônia,0.7
db8a5434-643d-3281-9f7d-46b999b9ba2e,  -5.812370, -45.078260,2026-06-20 05:01:00,NOAA-20,BARRA DO CORDA,MARANHÃO,Brasil,2101608,21,33,5,0.0,0.89,Cerrado,2.2
1a1d621d-ee5a-389e-b66b-ae72f91cce33,  -8.644310, -47.750330,2026-06-20 05:01:00,NOAA-20,ITACAJÁ,TOCANTINS,Brasil,1710508,17,33,2,0.0,0.95,Cerrado,5.9
8ac5ce4e-9c8e-36b5-974f-8c3cffaeeb77, -10.230320, -46.512730,2026-06-20 05:01:00,NOAA-20,MATEIROS,TOCANTINS,Brasil,1712702,17,33,55,0.0,1.0,Cerrado,1.1
1d8a1530-e13a-37fe-afc0-75185db6973a, -10.586010, -51.776520,2026-06-20 05:01:00,NOAA-20,CONFRESA,MATO GROSSO,Brasil,5103353,51,33,36,0.0,0.92,Amazônia,1.4
595d25d7-2250-369a-897f-fa571a43a90b, -10.130080, -52.107210,2026-06-20 05:01:00,NOAA-20,SANTA CRUZ DO XINGU,MATO GROSSO,Brasil,5107743,51,33,30,7.33,0.1,Amazônia,0.4
7e165303-06e4-3430-9ccf-53b641deaf6a,  -8.646860, -47.763190,2026-06-20 05:01:00,NOAA-20,ITACAJÁ,TOCANTINS,Brasil,1710508,17,33,2,0.0,0.95,Cerrado,2.6
c5c41be8-bede-3e35-9eab-e971c0c036bf,  -9.853790, -61.429210,2026-06-20 05:01:00,NOAA-20,COLNIZA,MATO GROSSO,Brasil,5103254,51,33,1,0.2,1.0,Amazônia,3.9
1a62b9c4-1dcc-37d2-8a1d-4fb0b288dceb,  -8.643630, -47.755070,2026-06-20 05:01:00,NOAA-20,ITACAJÁ,TOCANTINS,Brasil,1710508,17,33,2,0.0,0.95,Cerrado,4.0
96a5b028-e869-3dd2-bace-ec470d3a3228,  -7.924900, -48.256440,2026-06-20 05:01:00,NOAA-20,PALMEIRANTE,TOCANTINS,Brasil,1715705,17,33,2,0.0,0.94,Cerrado,0.5
5afdbd17-0ae0-3ff3-a37f-cf81b4b2b2d6,  -6.396600, -44.187540,2026-06-20 05:01:00,NOAA-20,SUCUPIRA DO NORTE,MARANHÃO,Brasil,2111904,21,33,2,0.0,0.93,Cerrado,2.9
2a7baaf5-1c55-37a6-b36b-9ff0fcc86c0c,  -9.748450, -47.874890,2026-06-20 05:01:00,NOAA-20,RIO SONO,TOCANTINS,Brasil,1718758,17,33,49,0.17,1.0,Cerrado,2.6
73df68c8-a242-3ddc-b2ad-3c553047a4d0,  -8.639710, -47.749640,2026-06-20 05:01:00,NOAA-20,ITACAJÁ,TOCANTINS,Brasil,1710508,17,33,2,0.0,0.96,Cerrado,5.9
97888cb5-2d7c-33de-a3b8-2dca4a38e4b8,  -6.365490, -43.593150,2026-06-20 05:01:00,NOAA-20,SUCUPIRA DO RIACHÃO,MARANHÃO,Brasil,2111953,21,33,2,0.0,0.64,Cerrado,1.4
aa5526f0-1ceb-3dca-b9c2-80ec5e87c25b, -10.229930, -46.515810,2026-06-20 05:01:00,NOAA-20,MATEIROS,TOCANTINS,Brasil,1712702,17,33,55,0.0,1.0,Cerrado,1.0
dfbb3ee8-0ad3-3bd1-bbf1-5ddd77e808eb,  -8.886160, -46.963050,2026-06-20 05:01:00,NOAA-20,BALSAS,MARANHÃO,Brasil,2101400,21,33,43,0.0,1.0,Cerrado,1.4
138a04a8-1e82-3159-a400-1b1c2397421c,  -4.353040, -47.765660,2026-06-20 05:01:00,NOAA-20,DOM ELISEU,PARÁ,Brasil,1502939,15,33,0,0.0,0.35,Amazônia,1.9
c6cd1e52-9540-364d-b5ae-6dbded5d3367,  -8.644200, -47.748160,2026-06-20 05:01:00,NOAA-20,ITACAJÁ,TOCANTINS,Brasil,1710508,17,33,2,0.0,0.96,Cerrado,3.3
cac9018a-6f68-3afb-a850-7e6facb8ec8c, -12.548810, -45.023000,2026-06-20 05:04:00,NOAA-20,SÃO DESIDÉRIO,BAHIA,Brasil,2928901,29,33,27,0.0,1.0,Cerrado,39.1
be5334fd-e2a7-3cf7-b369-5632734fca54, -17.491950, -59.590990,2026-06-20 05:04:00,NOAA-20,Chiquitos,Santa Cruz,Bolivia,80,8,28,9,0.0,0.57,,1.4
e9b2a00d-e97e-3609-bd62-672513dfbcc3, -12.429420, -58.412430,2026-06-20 05:04:00,NOAA-20,BRASNORTE,MATO GROSSO,Brasil,5101902,51,33,0,0.1,0.04,Cerrado,1.3
ecb4c62c-0d27-33bf-be04-b65fc4dc0d78, -17.448920, -47.163550,2026-06-20 05:04:00,NOAA-20,PARACATU,MINAS GERAIS,Brasil,3147006,31,33,5,0.0,0.94,Cerrado,2.0
559dbb0f-bd16-3c62-936c-e0ca06e151f9, -12.543580, -45.024110,2026-06-20 05:04:00,NOAA-20,SÃO DESIDÉRIO,BAHIA,Brasil,2928901,29,33,27,0.0,1.0,Cerrado,33.7
034866b7-5e7a-3065-82ec-7a1e43ebd021, -13.195830, -50.344780,2026-06-20 05:04:00,NOAA-20,SÃO MIGUEL DO ARAGUAIA,GOIÁS,Brasil,5220207,52,33,9,0.0,0.99,Cerrado,5.6
4f10a980-0eb9-3d66-b329-e19ceafd7f58, -17.584260, -60.454410,2026-06-20 05:04:00,NOAA-20,Chiquitos,Santa Cruz,Bolivia,80,8,28,3,0.0,1.0,,1.0
08107759-7e0a-316d-8649-da43569f4622, -12.917810, -49.479500,2026-06-20 05:04:00,NOAA-20,ARAGUAÇU,TOCANTINS,Brasil,1702000,17,33,14,0.0,1.0,Cerrado,0.9
f87295b1-36a9-3a67-8a45-967d01b869b9, -16.162290, -61.135610,2026-06-20 05:04:00,NOAA-20,José Miguel de Velasco,Santa Cruz,Bolivia,85,8,28,11,0.0,0.54,,0.9
2316347d-77b5-33fc-aa0f-5566f99fb340, -12.311410, -46.734980,2026-06-20 05:04:00,NOAA-20,TAGUATINGA,TOCANTINS,Brasil,1720903,17,33,28,0.0,1.0,Cerrado,1.0
7b72b716-701e-3702-981c-6af76089e57c, -13.832360, -47.125530,2026-06-20 05:04:00,NOAA-20,NOVA ROMA,GOIÁS,Brasil,5214903,52,33,27,0.0,1.0,Cerrado,1.4
86e049b2-ff85-37af-9adb-b90a9a08b92e, -11.311720, -54.724380,2026-06-20 05:04:00,NOAA-20,CLÁUDIA,MATO GROSSO,Brasil,5103056,51,33,9,1.15,0.43,Amazônia,0.8
df70e817-9abd-36cd-b92e-f9f3f125a531, -16.153630, -61.139190,2026-06-20 05:04:00,NOAA-20,José Miguel de Velasco,Santa Cruz,Bolivia,85,8,28,10,0.0,0.54,,1.1
909aa6bd-268c-3f8b-b169-033e30f4c101, -10.906650, -56.855990,2026-06-20 05:04:00,NOAA-20,JUARA,MATO GROSSO,Brasil,5105101,51,33,19,5.79,0.13,Amazônia,0.2
83530fe2-0af2-33ee-a630-1c99d6fb48a8, -11.441940, -57.785110,2026-06-20 05:04:00,NOAA-20,JUARA,MATO GROSSO,Brasil,5105101,51,33,0,0.0,0.06,Amazônia,0.8
046edb34-c892-3517-a901-6054158c3b12, -16.157500, -61.139920,2026-06-20 05:04:00,NOAA-20,José Miguel de Velasco,Santa Cruz,Bolivia,85,8,28,11,0.0,0.54,,1.1
dc7d74ef-5cb8-336f-9af4-01caa49fb5c1, -13.297890, -45.223140,2026-06-20 05:04:00,NOAA-20,CORRENTINA,BAHIA,Brasil,2909307,29,33,28,0.0,1.0,Cerrado,1.3
c9ae453b-1055-3575-9605-cc2ad580763a, -16.828500, -60.936460,2026-06-20 05:04:00,NOAA-20,José Miguel de Velasco,Santa Cruz,Bolivia,85,8,28,10,0.0,0.67,,1.2
ff17008a-5cb3-3aee-a868-0df3859f2b4a, -12.917230, -49.483760,2026-06-20 05:04:00,NOAA-20,ARAGUAÇU,TOCANTINS,Brasil,1702000,17,33,14,0.0,1.0,Cerrado,1.2
42098f1d-c2ee-3fb9-af02-9e9d7f7bc1e6, -13.293510, -45.209870,2026-06-20 05:04:00,NOAA-20,CORRENTINA,BAHIA,Brasil,2909307,29,33,28,0.0,1.0,Cerrado,4.0
85f958da-abbb-3e98-bae4-37a91861daad, -18.426190, -47.392800,2026-06-20 05:04:00,NOAA-20,ABADIA DOS DOURADOS,MINAS GERAIS,Brasil,3100104,31,33,5,0.0,0.87,Cerrado,1.0
a1581178-3f47-38e1-8680-1288e8722139, -12.516330, -48.296600,2026-06-20 05:04:00,NOAA-20,SÃO SALVADOR DO TOCANTINS,TOCANTINS,Brasil,1720259,17,33,28,0.0,1.0,Cerrado,2.0
94b624cc-f636-3798-a480-838a9972a948, -13.200470, -50.341630,2026-06-20 05:04:00,NOAA-20,SÃO MIGUEL DO ARAGUAIA,GOIÁS,Brasil,5220207,52,33,9,0.0,0.85,Cerrado,6.8
80f44d23-8f7e-3a19-9c10-bc635b7cd16d, -17.858220, -59.719720,2026-06-20 05:04:00,NOAA-20,Chiquitos,Santa Cruz,Bolivia,80,8,28,3,0.0,0.52,,0.5
e5794d58-6163-3960-abb9-07896a4d8491, -13.386440, -42.391830,2026-06-20 05:04:00,NOAA-20,CATURAMA,BAHIA,Brasil,2907558,29,33,20,0.0,1.0,Caatinga,12.7
e7e1666a-823e-3e39-94ca-c08e8b0fe9b2, -12.518330, -48.281410,2026-06-20 05:04:00,NOAA-20,SÃO SALVADOR DO TOCANTINS,TOCANTINS,Brasil,1720259,17,33,28,0.0,1.0,Cerrado,1.5
5cb48242-df41-3513-8960-28ecb562cc24, -12.548930, -45.028880,2026-06-20 05:04:00,NOAA-20,SÃO DESIDÉRIO,BAHIA,Brasil,2928901,29,33,27,0.0,1.0,Cerrado,33.7
510a36af-7105-37a1-81cc-4a039bb59c8f, -13.293030, -45.214000,2026-06-20 05:04:00,NOAA-20,CORRENTINA,BAHIA,Brasil,2909307,29,33,28,0.0,1.0,Cerrado,2.1
ef8175db-49c4-3833-9091-df59b44e4aa7, -12.136480, -48.265410,2026-06-20 05:04:00,NOAA-20,PEIXE,TOCANTINS,Brasil,1716604,17,33,28,0.0,1.0,Cerrado,1.3
610d930c-fa4f-396b-b029-e567d541a4a4, -16.165250, -61.141370,2026-06-20 05:04:00,NOAA-20,José Miguel de Velasco,Santa Cruz,Bolivia,85,8,28,11,0.0,0.54,,0.9
b3671a44-6bd5-3573-bf3a-c4d74ecdea32, -12.538760, -45.015110,2026-06-20 05:04:00,NOAA-20,SÃO DESIDÉRIO,BAHIA,Brasil,2928901,29,33,27,0.0,1.0,Cerrado,1.0
fbdb7a2c-810b-313f-80c0-6fb5afc5db9d, -12.432270, -58.417100,2026-06-20 05:04:00,NOAA-20,BRASNORTE,MATO GROSSO,Brasil,5101902,51,33,0,0.1,0.04,Cerrado,0.9
0a2f5ee2-a174-3c9e-a806-1ada031e72cb, -17.494130, -59.557570,2026-06-20 05:04:00,NOAA-20,Chiquitos,Santa Cruz,Bolivia,80,8,28,9,0.0,0.58,,1.4
617560c6-a69e-3ec8-bbde-c57bd1e62f05, -12.543920, -45.014010,2026-06-20 05:04:00,NOAA-20,SÃO DESIDÉRIO,BAHIA,Brasil,2928901,29,33,27,0.0,1.0,Cerrado,29.0
b515ab12-a74c-330c-9631-87ca50bafec1, -12.430770, -58.404320,2026-06-20 05:04:00,NOAA-20,BRASNORTE,MATO GROSSO,Brasil,5101902,51,33,0,0.1,0.04,Cerrado,1.1
40eaf414-e588-3fa8-9871-4084614d3438, -12.428740, -58.416480,2026-06-20 05:04:00,NOAA-20,BRASNORTE,MATO GROSSO,Brasil,5101902,51,33,0,0.1,0.04,Cerrado,1.6
69be003b-ffea-30f7-b258-767aeae5569a, -12.543430, -45.018210,2026-06-20 05:04:00,NOAA-20,SÃO DESIDÉRIO,BAHIA,Brasil,2928901,29,33,27,0.0,1.0,Cerrado,29.0
3cf29c86-52c7-3ff5-b19f-6569fdfe3711, -12.543070, -45.028320,2026-06-20 05:04:00,NOAA-20,SÃO DESIDÉRIO,BAHIA,Brasil,2928901,29,33,27,0.0,1.0,Cerrado,33.7
809c64b6-433c-3525-8631-2743955ac32a, -16.889700, -60.367680,2026-06-20 05:04:00,NOAA-20,José Miguel de Velasco,Santa Cruz,Bolivia,85,8,28,10,2.52,0.39,,1.3
ca3e3b63-e49e-347b-b0e1-0969e3e48ed9, -12.542450, -45.026640,2026-06-20 05:04:00,NOAA-20,SÃO DESIDÉRIO,BAHIA,Brasil,2928901,29,33,27,0.0,1.0,Cerrado,39.1
f5a759bc-8997-366c-abd2-b2fa072f3968, -13.298850, -45.214850,2026-06-20 05:04:00,NOAA-20,CORRENTINA,BAHIA,Brasil,2909307,29,33,28,0.0,0.97,Cerrado,2.6
73a0f14c-ea29-3964-a7e0-f2456055dfd0, -15.956620, -61.292260,2026-06-20 05:04:00,NOAA-20,José Miguel de Velasco,Santa Cruz,Bolivia,85,8,28,10,0.0,0.5,,2.7
f6d0c8c7-d5ec-35ab-a374-e754ea6aa391, -12.542940, -45.022420,2026-06-20 05:04:00,NOAA-20,SÃO DESIDÉRIO,BAHIA,Brasil,2928901,29,33,27,0.0,1.0,Cerrado,39.1
ef1af001-8ea1-3979-bb33-1465fc472cc2, -12.598200, -66.292880,2026-06-20 05:04:00,NOAA-20,Yacuma,El Beni,Bolivia,31,3,28,7,0.0,0.89,,1.8
e8106b11-24e2-3709-a465-a3ffc802e19d, -12.544620, -45.015710,2026-06-20 05:04:00,NOAA-20,SÃO DESIDÉRIO,BAHIA,Brasil,2928901,29,33,27,0.0,1.0,Cerrado,33.0
9ff3deec-07e8-3732-bbad-b32dd9cd955f, -15.888910, -61.263130,2026-06-20 05:04:00,NOAA-20,José Miguel de Velasco,Santa Cruz,Bolivia,85,8,28,10,0.0,0.55,,0.9
e4141cb9-36f2-37d6-ad60-4a16c8e3dd2e, -12.425210, -58.415870,2026-06-20 05:04:00,NOAA-20,BRASNORTE,MATO GROSSO,Brasil,5101902,51,33,0,0.1,0.04,Cerrado,1.6
c128d9fa-dec6-3bda-b180-560a0523378d, -17.109410, -49.753520,2026-06-20 05:04:00,NOAA-20,CEZARINA,GOIÁS,Brasil,5205455,52,33,5,0.0,0.91,Cerrado,1.1
40c4e3f9-6418-3161-99ee-ce6500fe9530, -17.476410, -60.168350,2026-06-20 05:04:00,NOAA-20,Chiquitos,Santa Cruz,Bolivia,80,8,28,1,0.51,0.48,,3.9
a2a6474e-7b3b-3b2c-af82-cc4d942292b9, -12.549450, -45.024670,2026-06-20 05:04:00,NOAA-20,SÃO DESIDÉRIO,BAHIA,Brasil,2928901,29,33,27,0.0,1.0,Cerrado,33.7
368281b5-8946-3fb4-b028-1e1a9b05de94, -12.316200, -46.738850,2026-06-20 05:04:00,NOAA-20,TAGUATINGA,TOCANTINS,Brasil,1720903,17,33,28,0.0,1.0,Cerrado,1.3
fe732c86-a32f-37ea-8e90-4f4f7f05ff4c, -11.662700, -56.763580,2026-06-20 05:04:00,NOAA-20,PORTO DOS GAÚCHOS,MATO GROSSO,Brasil,5106802,51,33,3,0.75,0.24,Amazônia,1.1
a3bd1a29-681c-3a06-9e12-4aeea3bf0fd0, -16.893370, -60.368370,2026-06-20 05:04:00,NOAA-20,José Miguel de Velasco,Santa Cruz,Bolivia,85,8,28,10,2.58,0.39,,1.3
b6082d78-b2ff-39a8-a693-f88c3bf94bda, -10.277660, -60.542490,2026-06-20 05:04:00,NOAA-20,ARIPUANÃ,MATO GROSSO,Brasil,5101407,51,33,2,0.0,0.5,Amazônia,2.6
58b53448-e7ec-3b92-9241-206fad7c57f9, -12.790990, -44.481800,2026-06-20 05:04:00,NOAA-20,BAIANÓPOLIS,BAHIA,Brasil,2902500,29,33,28,0.0,1.0,Cerrado,1.4
8404328e-6b58-37af-8238-60d57748fdc2, -13.204080, -50.345990,2026-06-20 05:04:00,NOAA-20,SÃO MIGUEL DO ARAGUAIA,GOIÁS,Brasil,5220207,52,33,9,0.0,0.88,Cerrado,2.0
411ab201-0d3d-3609-997a-a64d6307da37, -16.587650, -60.782170,2026-06-20 05:04:00,NOAA-20,José Miguel de Velasco,Santa Cruz,Bolivia,85,8,28,10,0.1,0.57,,1.1
6fb8331f-e3e1-3db1-9a32-d84d9da63d02, -17.482110, -59.584920,2026-06-20 05:04:00,NOAA-20,Chiquitos,Santa Cruz,Bolivia,80,8,28,9,0.0,0.57,,0.9
9de38041-63bf-3a2d-96d2-65459d43c403, -18.424060, -47.393020,2026-06-20 05:04:00,NOAA-20,ABADIA DOS DOURADOS,MINAS GERAIS,Brasil,3100104,31,33,5,0.0,0.85,Cerrado,1.4
e20eea29-173a-3cc7-8f50-7c53f08a0b3a, -13.385990, -42.396990,2026-06-20 05:04:00,NOAA-20,CATURAMA,BAHIA,Brasil,2907558,29,33,20,0.0,1.0,Caatinga,6.4
8bd89b11-27ae-342b-a50f-847817ed7b13, -10.686740, -60.761100,2026-06-20 05:04:00,NOAA-20,RONDOLÂNDIA,MATO GROSSO,Brasil,5107578,51,33,1,0.0,0.93,Amazônia,2.9
c4994015-9f90-378b-afa5-ba76fa803cda, -13.386740, -42.390230,2026-06-20 05:04:00,NOAA-20,CATURAMA,BAHIA,Brasil,2907558,29,33,20,0.0,1.0,Caatinga,6.4
44f400b5-b3aa-31ce-9d25-8219348614ac, -12.913450, -49.478870,2026-06-20 05:04:00,NOAA-20,ARAGUAÇU,TOCANTINS,Brasil,1702000,17,33,14,0.0,1.0,Cerrado,2.0
5c7bc339-91b1-30ea-9ce3-dad8b4724044, -12.435650, -58.396820,2026-06-20 05:04:00,NOAA-20,BRASNORTE,MATO GROSSO,Brasil,5101902,51,33,0,0.1,0.04,Cerrado,0.9
15a96288-11e8-31ef-9a40-3f4936a69dcd, -14.909720, -51.996280,2026-06-20 05:04:00,NOAA-20,ARAGUAIANA,MATO GROSSO,Brasil,5101001,51,33,28,0.0,0.96,Cerrado,1.3
8261df38-31d8-3da1-8bec-1c0edab514dd, -13.204600, -50.342240,2026-06-20 05:04:00,NOAA-20,SÃO MIGUEL DO ARAGUAIA,GOIÁS,Brasil,5220207,52,33,9,0.0,0.75,Cerrado,3.4
d431f3df-f08b-3115-bf7b-b47e50444bde, -12.542550, -45.032540,2026-06-20 05:04:00,NOAA-20,SÃO DESIDÉRIO,BAHIA,Brasil,2928901,29,33,27,0.0,1.0,Cerrado,15.3
b5621f60-64a9-3704-b5a8-c87d7acc0e08, -12.548320, -45.027220,2026-06-20 05:04:00,NOAA-20,SÃO DESIDÉRIO,BAHIA,Brasil,2928901,29,33,27,0.0,1.0,Cerrado,39.1
709085c7-cc5d-3376-911f-dfe78e3a15e8, -11.308400, -54.723850,2026-06-20 05:04:00,NOAA-20,CLÁUDIA,MATO GROSSO,Brasil,5103056,51,33,9,1.19,0.42,Amazônia,0.8
542730d6-9879-3306-9d04-e22f9df9b20c, -12.430090, -58.408370,2026-06-20 05:04:00,NOAA-20,BRASNORTE,MATO GROSSO,Brasil,5101902,51,33,0,0.1,0.04,Cerrado,1.3
4be79983-56b7-32d0-8430-869a9616f789, -11.792490, -52.511640,2026-06-20 05:04:00,NOAA-20,QUERÊNCIA,MATO GROSSO,Brasil,5107065,51,33,5,0.84,0.44,Amazônia,1.3
95293d38-f78a-3fdc-bbbe-983088774e10, -13.299330, -45.210710,2026-06-20 05:04:00,NOAA-20,CORRENTINA,BAHIA,Brasil,2909307,29,33,28,0.0,0.94,Cerrado,1.8
0775b785-f1f0-36a5-bc4c-a713e62e2a94, -17.481400, -59.589020,2026-06-20 05:04:00,NOAA-20,Chiquitos,Santa Cruz,Bolivia,80,8,28,9,0.0,0.57,,0.9
1d569890-ff54-3795-9ebe-e249a4e39759, -10.707210, -60.741440,2026-06-20 05:04:00,NOAA-20,RONDOLÂNDIA,MATO GROSSO,Brasil,5107578,51,33,1,0.0,1.0,Amazônia,2.1
2dcebb5c-7313-347f-a6a4-a6e1f24bdb8b, -13.303690, -45.224060,2026-06-20 05:04:00,NOAA-20,CORRENTINA,BAHIA,Brasil,2909307,29,33,28,0.0,1.0,Cerrado,1.3
ca88bb62-65df-3b3f-b876-ac8b74c95d97, -13.292560, -45.218100,2026-06-20 05:04:00,NOAA-20,CORRENTINA,BAHIA,Brasil,2909307,29,33,28,0.0,1.0,Cerrado,2.1
e02b97c1-704c-39c0-b56f-0970fdda3262, -12.791540, -44.477170,2026-06-20 05:04:00,NOAA-20,BAIANÓPOLIS,BAHIA,Brasil,2902500,29,33,28,0.0,1.0,Cerrado,1.4
07c297ff-3316-3f19-98fd-0f2509fefce2, -12.550490, -45.016260,2026-06-20 05:04:00,NOAA-20,SÃO DESIDÉRIO,BAHIA,Brasil,2928901,29,33,27,0.0,1.0,Cerrado,33.0
7c7de95a-c5c2-3b21-9528-2690b9155b9e, -16.170030, -61.137080,2026-06-20 05:04:00,NOAA-20,José Miguel de Velasco,Santa Cruz,Bolivia,85,8,28,11,0.0,0.54,,1.5
ae6ff7e9-78fc-3f17-94e6-c9cd2541e964, -17.352020, -42.623310,2026-06-20 05:04:00,NOAA-20,MINAS NOVAS,MINAS GERAIS,Brasil,3141801,31,33,7,0.0,0.62,Cerrado,2.7
c8019c14-1670-3dcc-82bb-ae9cc9631f60, -11.307850, -54.727380,2026-06-20 05:04:00,NOAA-20,CLÁUDIA,MATO GROSSO,Brasil,5103056,51,33,9,1.23,0.42,Amazônia,0.8
f99cafdd-6073-35b6-8c31-24d9e65e7f63, -17.489140, -59.586260,2026-06-20 05:04:00,NOAA-20,Chiquitos,Santa Cruz,Bolivia,80,8,28,9,0.0,0.57,,1.4
7448eb67-0711-3be8-8d9e-0b21f55d832f, -12.311000, -46.738160,2026-06-20 05:04:00,NOAA-20,TAGUATINGA,TOCANTINS,Brasil,1720903,17,33,28,0.0,1.0,Cerrado,0.9
228ea9e6-01ca-3338-9a1b-9a3b28d4852e, -15.889860, -61.257920,2026-06-20 05:04:00,NOAA-20,José Miguel de Velasco,Santa Cruz,Bolivia,85,8,28,10,0.0,0.55,,0.9
509b469c-573c-34a0-8ee9-a8d6d0c11223, -13.292080, -45.222230,2026-06-20 05:04:00,NOAA-20,CORRENTINA,BAHIA,Brasil,2909307,29,33,28,0.0,1.0,Cerrado,1.4
0fd2e2d7-2856-38e8-a780-7d597e1d60fe, -10.907250, -56.852330,2026-06-20 05:04:00,NOAA-20,JUARA,MATO GROSSO,Brasil,5105101,51,33,20,5.87,0.12,Amazônia,0.9
48436467-5f59-3a5a-af75-d0668673b0f0, -12.549780, -45.014590,2026-06-20 05:04:00,NOAA-20,SÃO DESIDÉRIO,BAHIA,Brasil,2928901,29,33,27,0.0,1.0,Cerrado,29.0
f846c834-ff8d-3ac5-8630-7b73d96348fe, -12.555160, -45.019410,2026-06-20 05:04:00,NOAA-20,SÃO DESIDÉRIO,BAHIA,Brasil,2928901,29,33,27,0.0,1.0,Cerrado,4.0
f49597fa-d0fe-3790-aaf0-6172586156f3, -12.549300, -45.018780,2026-06-20 05:04:00,NOAA-20,SÃO DESIDÉRIO,BAHIA,Brasil,2928901,29,33,27,0.0,1.0,Cerrado,29.0
ced6b3d9-8af2-383a-a7cb-a751f47cecc7, -12.538240, -45.019310,2026-06-20 05:04:00,NOAA-20,SÃO DESIDÉRIO,BAHIA,Brasil,2928901,29,33,27,0.0,1.0,Cerrado,1.0
8e0b94b9-8804-364e-9fd9-76d13d8fefb4, -11.799640, -52.512730,2026-06-20 05:04:00,NOAA-20,QUERÊNCIA,MATO GROSSO,Brasil,5107065,51,33,5,0.83,0.44,Amazônia,1.6
637457cc-c884-3f4c-b425-73f0422c9fa8, -12.541960, -45.030870,2026-06-20 05:04:00,NOAA-20,SÃO DESIDÉRIO,BAHIA,Brasil,2928901,29,33,27,0.0,1.0,Cerrado,27.4
e0450748-ce7a-3efa-8252-93f113e928fb, -14.855480, -48.120860,2026-06-20 05:04:00,NOAA-20,MIMOSO DE GOIÁS,GOIÁS,Brasil,5213053,52,33,31,0.0,1.0,Cerrado,0.9
a9d9923f-ff7a-3062-8fbd-710f28b4ee01, -17.449300, -47.160050,2026-06-20 05:04:00,NOAA-20,PARACATU,MINAS GERAIS,Brasil,3147006,31,33,5,0.0,0.89,Cerrado,2.5
f0904b18-95f5-3bf8-bd55-d1c3c1c2012b, -17.488430, -59.590350,2026-06-20 05:04:00,NOAA-20,Chiquitos,Santa Cruz,Bolivia,80,8,28,9,0.0,0.57,,1.4
2e2b787c-77b0-3216-ba37-c110dc60036c, -13.297400, -45.227340,2026-06-20 05:04:00,NOAA-20,CORRENTINA,BAHIA,Brasil,2909307,29,33,28,0.0,1.0,Cerrado,1.3
5feb5784-3723-31d7-9fbe-9444cfdc47d3, -12.789900, -44.491050,2026-06-20 05:04:00,NOAA-20,BAIANÓPOLIS,BAHIA,Brasil,2902500,29,33,28,0.0,1.0,Cerrado,3.7
87039189-ae6f-36b7-ab81-b5bcc8d73242, -10.682610, -60.760360,2026-06-20 05:04:00,NOAA-20,RONDOLÂNDIA,MATO GROSSO,Brasil,5107578,51,33,1,0.0,0.84,Amazônia,7.3
dd01a573-728d-3bbd-a1c5-19654649dad7, -16.156590, -61.144960,2026-06-20 05:04:00,NOAA-20,José Miguel de Velasco,Santa Cruz,Bolivia,85,8,28,11,0.0,0.54,,1.4
72107e14-298c-3151-ab32-854210cc5c91, -11.666050, -56.764150,2026-06-20 05:04:00,NOAA-20,PORTO DOS GAÚCHOS,MATO GROSSO,Brasil,5106802,51,33,3,0.79,0.23,Amazônia,1.1
0b58b561-d96b-3966-93f7-f56281432208, -16.827620, -60.941280,2026-06-20 05:04:00,NOAA-20,José Miguel de Velasco,Santa Cruz,Bolivia,85,8,28,10,0.0,0.61,,0.7
46821b98-7970-3750-b839-e8cb75659be7, -13.195320, -50.348540,2026-06-20 05:04:00,NOAA-20,SÃO MIGUEL DO ARAGUAIA,GOIÁS,Brasil,5220207,52,33,9,0.0,1.0,Cerrado,5.6
f2cb962d-89b6-39d7-ad02-aad218a18225, -13.831980, -47.128660,2026-06-20 05:04:00,NOAA-20,NOVA ROMA,GOIÁS,Brasil,5214903,52,33,27,0.0,1.0,Cerrado,0.9
36a18aa3-8612-3216-be00-bffc275883d1, -13.298370, -45.218980,2026-06-20 05:04:00,NOAA-20,CORRENTINA,BAHIA,Brasil,2909307,29,33,28,0.0,1.0,Cerrado,2.6
6d11ee98-59d8-31bb-aee0-32f81cdcd27c, -17.585060, -60.449930,2026-06-20 05:04:00,NOAA-20,Chiquitos,Santa Cruz,Bolivia,80,8,28,3,0.0,1.0,,1.0
275b8d19-b00e-3dc7-9b70-08659a49a0bd, -10.277010, -60.546170,2026-06-20 05:04:00,NOAA-20,ARIPUANÃ,MATO GROSSO,Brasil,5101407,51,33,2,0.0,0.51,Amazônia,2.6
4a652800-39d1-3f10-94e8-41211905ab71, -16.166160, -61.136350,2026-06-20 05:04:00,NOAA-20,José Miguel de Velasco,Santa Cruz,Bolivia,85,8,28,11,0.0,0.54,,0.9
fe6011e3-feb1-3490-90c2-74a8dc68bed2, -17.484910, -59.589700,2026-06-20 05:04:00,NOAA-20,Chiquitos,Santa Cruz,Bolivia,80,8,28,9,0.0,0.57,,0.9
81361ba7-722b-377e-bc32-1cbc64b09b57, -12.544100, -45.019900,2026-06-20 05:04:00,NOAA-20,SÃO DESIDÉRIO,BAHIA,Brasil,2928901,29,33,27,0.0,1.0,Cerrado,33.0
2c70bea0-6643-361c-9aa2-46257cef9564, -15.846810, -61.274220,2026-06-20 05:04:00,NOAA-20,José Miguel de Velasco,Santa Cruz,Bolivia,85,8,28,10,0.0,0.55,,3.8
889831be-2eea-328c-8f67-4e596dcdb18c, -11.796070, -52.512180,2026-06-20 05:04:00,NOAA-20,QUERÊNCIA,MATO GROSSO,Brasil,5107065,51,33,5,0.82,0.44,Amazônia,1.3
f05ab494-9e33-3fca-9175-d2157c723c47, -12.549970, -45.020460,2026-06-20 05:04:00,NOAA-20,SÃO DESIDÉRIO,BAHIA,Brasil,2928901,29,33,27,0.0,1.0,Cerrado,33.0
fc855081-d2e8-3b04-a634-73081fc80c65, -13.199960, -50.345390,2026-06-20 05:04:00,NOAA-20,SÃO MIGUEL DO ARAGUAIA,GOIÁS,Brasil,5220207,52,33,9,0.0,0.93,Cerrado,5.6
55a82772-f16b-3549-b259-0493332b63af, -14.856180, -48.115070,2026-06-20 05:04:00,NOAA-20,MIMOSO DE GOIÁS,GOIÁS,Brasil,5213053,52,33,31,0.0,1.0,Cerrado,0.9
0d07558b-2020-315a-84c9-750e00b366e2, -12.784920, -44.481110,2026-06-20 05:04:00,NOAA-20,BAIANÓPOLIS,BAHIA,Brasil,2902500,29,33,28,0.0,1.0,Cerrado,1.4
5a332916-331b-3747-9885-cfe56a9f837e, -12.521030, -48.297210,2026-06-20 05:04:00,NOAA-20,SÃO SALVADOR DO TOCANTINS,TOCANTINS,Brasil,1720259,17,33,28,0.0,1.0,Cerrado,3.2
ca92dbdf-8618-3baa-aefa-6de08643698d, -18.583660, -58.647820,2026-06-20 05:06:00,NOAA-20,Chiquitos,Santa Cruz,Bolivia,80,8,28,0,0.22,0.53,,1.3
cad1ce5c-f5b2-3116-8618-b5ddb0394890, -17.780230, -60.924640,2026-06-20 05:06:00,NOAA-20,Chiquitos,Santa Cruz,Bolivia,80,8,28,8,0.0,0.86,,2.2
381d5125-f086-38bc-8b49-2fe89eaf5323, -21.703890, -60.187730,2026-06-20 05:06:00,NOAA-20,General Eugenio A. Garay,Boquerón,Paraguay,43,6,177,7,0.0,0.76,,6.3
b125e88e-43c8-3ffc-9904-703aa9440ab4, -18.030650, -59.584860,2026-06-20 05:06:00,NOAA-20,Chiquitos,Santa Cruz,Bolivia,80,8,28,5,0.0,0.46,,0.7
dd319a3f-b6e8-338a-8cdf-844a204c2b26, -18.046700, -59.596340,2026-06-20 05:06:00,NOAA-20,Chiquitos,Santa Cruz,Bolivia,80,8,28,4,0.0,0.46,,15.0
4c501e0e-f5f0-3142-addd-8de25f83dcea, -21.439370, -60.977440,2026-06-20 05:06:00,NOAA-20,General Eugenio A. Garay,Boquerón,Paraguay,43,6,177,17,0.0,0.97,,0.7
173be4cb-9d8e-35be-9a5b-1daaec99262f, -21.754080, -60.280830,2026-06-20 05:06:00,NOAA-20,General Eugenio A. Garay,Boquerón,Paraguay,43,6,177,6,0.0,0.78,,1.4
04526438-36be-39d7-992f-1148c83366b2, -18.070470, -59.584060,2026-06-20 05:06:00,NOAA-20,Chiquitos,Santa Cruz,Bolivia,80,8,28,4,0.0,0.44,,0.9
efb03b28-3fad-3b5d-82fe-e85c426a47ba, -18.037590, -59.607270,2026-06-20 05:06:00,NOAA-20,Chiquitos,Santa Cruz,Bolivia,80,8,28,3,0.0,0.46,,1.3
6071dbed-f012-391b-8860-d2e39715a43e, -18.053690, -59.597680,2026-06-20 05:06:00,NOAA-20,Chiquitos,Santa Cruz,Bolivia,80,8,28,4,0.0,0.45,,1.0
5292edd6-d804-3191-9532-09320976893b, -21.547770, -58.616470,2026-06-20 05:06:00,NOAA-20,La Victoria,Alto Paraguay,Paraguay,18,2,177,6,0.0,0.66,,1.3
014b31cb-8c70-379e-b62e-641fa9b17320, -18.038340, -59.582130,2026-06-20 05:06:00,NOAA-20,Chiquitos,Santa Cruz,Bolivia,80,8,28,6,0.0,0.46,,1.4
23af8da7-d037-304f-bb69-2e2644e7c674, -17.779810, -60.905120,2026-06-20 05:06:00,NOAA-20,Chiquitos,Santa Cruz,Bolivia,80,8,28,8,0.0,0.93,,1.1
d52808e9-73ac-3f64-8aee-9316d503da5d, -21.747160, -60.279460,2026-06-20 05:06:00,NOAA-20,General Eugenio A. Garay,Boquerón,Paraguay,43,6,177,6,0.0,0.93,,0.9
56e1a5bb-b4c6-32b4-b7a5-4d01f291cdf4, -18.050900, -59.592940,2026-06-20 05:06:00,NOAA-20,Chiquitos,Santa Cruz,Bolivia,80,8,28,4,0.0,0.45,,15.0
f8ebbe2b-eee7-3a1d-9138-20b8f0a4735e, -17.778160, -60.914470,2026-06-20 05:06:00,NOAA-20,Chiquitos,Santa Cruz,Bolivia,80,8,28,8,0.0,0.87,,1.1
a15c186f-54aa-334e-9356-40ac423987b8, -18.583030, -58.651610,2026-06-20 05:06:00,NOAA-20,Chiquitos,Santa Cruz,Bolivia,80,8,28,0,0.2,0.43,,1.3
b544568f-f8d1-3dcf-acdd-49162de91fa7, -17.772760, -60.923180,2026-06-20 05:06:00,NOAA-20,Chiquitos,Santa Cruz,Bolivia,80,8,28,8,0.0,0.88,,1.2
81827de6-00e4-3da0-ab28-74fc4db3638b, -17.781060, -60.919910,2026-06-20 05:06:00,NOAA-20,Chiquitos,Santa Cruz,Bolivia,80,8,28,8,0.0,0.86,,2.2
0047ec0c-d0b0-30de-b271-ed089db8d27b, -18.010950, -59.590810,2026-06-20 05:06:00,NOAA-20,Chiquitos,Santa Cruz,Bolivia,80,8,28,5,0.0,0.46,,1.7
98532dbc-fa89-314c-a1af-63bd01dd0ea2, -18.066240, -59.629620,2026-06-20 05:06:00,NOAA-20,Chiquitos,Santa Cruz,Bolivia,80,8,28,1,0.0,0.46,,2.5
0285e3ce-b8e9-36ed-afdc-09e826dda0c6, -18.031260, -59.622910,2026-06-20 05:06:00,NOAA-20,Chiquitos,Santa Cruz,Bolivia,80,8,28,2,0.0,0.46,,1.3
83c88f7f-5339-31ba-9304-4cf9264dd6eb, -18.065530, -59.633710,2026-06-20 05:06:00,NOAA-20,Chiquitos,Santa Cruz,Bolivia,80,8,28,1,0.0,0.46,,2.5
72d983f5-b9fb-3723-81a8-d8aa61050452, -18.040370, -59.612030,2026-06-20 05:06:00,NOAA-20,Chiquitos,Santa Cruz,Bolivia,80,8,28,3,0.0,0.46,,1.3
8515e880-86d3-3a24-ae82-942514323025, -18.050190, -59.597020,2026-06-20 05:06:00,NOAA-20,Chiquitos,Santa Cruz,Bolivia,80,8,28,4,0.0,0.45,,15.0
da9ef376-6f1e-38ed-8797-c569336b5a9a, -18.073230, -59.630940,2026-06-20 05:06:00,NOAA-20,Chiquitos,Santa Cruz,Bolivia,80,8,28,1,0.0,0.45,,1.0
be5a7f93-856d-3d36-b69c-82830aa651ad, -18.031360, -59.580780,2026-06-20 05:06:00,NOAA-20,Chiquitos,Santa Cruz,Bolivia,80,8,28,6,0.0,0.46,,0.7
659523c0-fe5c-3136-9c35-5e3c00fd3ca7, -18.052990, -59.601730,2026-06-20 05:06:00,NOAA-20,Chiquitos,Santa Cruz,Bolivia,80,8,28,4,0.0,0.45,,1.4
e8b86be0-c4b5-30a2-a91b-b406a1bbb24d, -18.117940, -59.580460,2026-06-20 05:06:00,NOAA-20,Chiquitos,Santa Cruz,Bolivia,80,8,28,2,0.0,0.42,,1.0
fb2b3ab9-ed5d-3999-aae8-44b2c90aea21, -21.435800, -60.976700,2026-06-20 05:06:00,NOAA-20,General Eugenio A. Garay,Boquerón,Paraguay,43,6,177,16,0.0,0.97,,1.1
3f0319f9-d4da-33d5-a33a-f2f84e594b35, -17.781890, -60.915220,2026-06-20 05:06:00,NOAA-20,Chiquitos,Santa Cruz,Bolivia,80,8,28,8,0.0,0.86,,2.9
5ac16e10-c692-3f94-8528-b150a654c601, -17.776500, -60.923910,2026-06-20 05:06:00,NOAA-20,Chiquitos,Santa Cruz,Bolivia,80,8,28,8,0.0,0.87,,1.2
0bc658d8-ec39-3f2f-8379-da8a84e7851b, -17.769030, -60.922480,2026-06-20 05:06:00,NOAA-20,Chiquitos,Santa Cruz,Bolivia,80,8,28,8,0.0,0.89,,1.6
b1a5296d-777d-3e29-8f0f-78636dd9293c, -18.058530, -59.632370,2026-06-20 05:06:00,NOAA-20,Chiquitos,Santa Cruz,Bolivia,80,8,28,1,0.0,0.46,,1.3
c65ebd1c-1f66-3aa4-a0d8-51bc25940435, -18.022250, -59.591690,2026-06-20 05:06:00,NOAA-20,Chiquitos,Santa Cruz,Bolivia,80,8,28,5,0.0,0.46,,0.9
ce3e784e-0253-3aa1-820a-d565f26becf2, -18.130580, -59.699950,2026-06-20 05:06:00,NOAA-20,Chiquitos,Santa Cruz,Bolivia,80,8,28,4,0.0,0.47,,0.6
e4eff9e5-4222-3937-98b0-f820d012951b, -21.745750, -60.287610,2026-06-20 05:06:00,NOAA-20,General Eugenio A. Garay,Boquerón,Paraguay,43,6,177,6,0.0,0.98,,3.6
c04867ea-2d20-3cc3-85b6-2c4655859690, -18.880250, -63.195460,2026-06-20 05:06:00,NOAA-20,Cordillera,Santa Cruz,Bolivia,81,8,28,10,0.0,0.76,,2.9
8ebea73a-c0bf-31b8-8011-0397309df75f, -18.062100, -59.569840,2026-06-20 05:06:00,NOAA-20,Chiquitos,Santa Cruz,Bolivia,80,8,28,6,0.0,0.44,,1.4
1a93a87e-39a6-3167-a80e-998daae5489a, -18.031970, -59.618830,2026-06-20 05:06:00,NOAA-20,Chiquitos,Santa Cruz,Bolivia,80,8,28,2,0.0,0.46,,0.9
6d8ed489-de59-392a-853b-c6d182638fd6, -18.533260, -58.595670,2026-06-20 05:06:00,NOAA-20,Chiquitos,Santa Cruz,Bolivia,80,8,28,3,0.74,0.37,,1.0
513a64aa-0912-3268-890d-3ab18bdfee7d, -18.007460, -59.590140,2026-06-20 05:06:00,NOAA-20,Chiquitos,Santa Cruz,Bolivia,80,8,28,5,0.0,0.46,,0.5
9a4e541c-7e36-3480-998a-41202f8f41a5, -21.682500, -60.187670,2026-06-20 05:06:00,NOAA-20,General Eugenio A. Garay,Boquerón,Paraguay,43,6,177,5,0.0,0.98,,0.7
de5538a8-0e17-3a64-91fd-dcd19cbe668b, -21.750620, -60.280140,2026-06-20 05:06:00,NOAA-20,General Eugenio A. Garay,Boquerón,Paraguay,43,6,177,6,0.0,0.84,,1.4
869ae0ae-328f-39e6-a1ef-d2a46b5feb1e, -17.778990, -60.909800,2026-06-20 05:06:00,NOAA-20,Chiquitos,Santa Cruz,Bolivia,80,8,28,8,0.0,0.87,,1.1
0da45125-bd43-36b7-ba78-93b451ce0fbf, -18.054420, -59.572590,2026-06-20 05:06:00,NOAA-20,Chiquitos,Santa Cruz,Bolivia,80,8,28,6,0.0,0.45,,1.8
03584457-ce02-33e2-afca-89d56a1150cc, -18.055740, -59.627620,2026-06-20 05:06:00,NOAA-20,Chiquitos,Santa Cruz,Bolivia,80,8,28,1,0.0,0.46,,1.3
f815b5db-121a-3201-a683-aaa79ee361ba, -18.038300, -59.603180,2026-06-20 05:06:00,NOAA-20,Chiquitos,Santa Cruz,Bolivia,80,8,28,4,0.0,0.46,,1.0
c6048860-42bb-3783-8299-64c27793a462, -18.021440, -59.592820,2026-06-20 05:06:00,NOAA-20,Chiquitos,Santa Cruz,Bolivia,80,8,28,5,0.0,0.46,,0.8
5ae0b02b-99a0-3f47-a177-7cb5370f410e, -18.041090, -59.607930,2026-06-20 05:06:00,NOAA-20,Chiquitos,Santa Cruz,Bolivia,80,8,28,3,0.0,0.46,,1.3
cb13b3bd-3942-38fc-a2e4-3849d99a8a30, -18.129860, -59.704060,2026-06-20 05:06:00,NOAA-20,Chiquitos,Santa Cruz,Bolivia,80,8,28,4,0.0,0.47,,0.6
3dfcb7a0-557e-3bd4-b4b9-d23c6290f5ba, -21.704580, -60.183680,2026-06-20 05:06:00,NOAA-20,General Eugenio A. Garay,Boquerón,Paraguay,43,6,177,6,0.0,0.87,,6.3
65111812-d018-3324-8417-e9ff93641ede, -21.746450, -60.283530,2026-06-20 05:06:00,NOAA-20,General Eugenio A. Garay,Boquerón,Paraguay,43,6,177,6,0.0,0.96,,3.6
88836992-c941-3497-a5e9-ce00a9ebf73a, -18.030550, -59.627010,2026-06-20 05:06:00,NOAA-20,Chiquitos,Santa Cruz,Bolivia,80,8,28,2,0.0,0.47,,1.3
b7c730f1-7f3b-32ab-8274-acda01472270, -18.061400, -59.573910,2026-06-20 05:06:00,NOAA-20,Chiquitos,Santa Cruz,Bolivia,80,8,28,6,0.0,0.44,,1.4
b9397a5a-ecf1-31f5-9892-8b04507717c0, -17.780630, -60.900460,2026-06-20 05:06:00,NOAA-20,Chiquitos,Santa Cruz,Bolivia,80,8,28,8,0.0,0.99,,1.1
84248477-ea20-3f8a-9f07-8529536799f3, -21.683030, -60.267610,2026-06-20 05:06:00,NOAA-20,General Eugenio A. Garay,Boquerón,Paraguay,43,6,177,6,0.0,0.78,,1.4
b183416f-c9b5-337d-88e5-01981fe77da9, -21.685830, -60.251320,2026-06-20 05:06:00,NOAA-20,General Eugenio A. Garay,Boquerón,Paraguay,43,6,177,7,0.0,0.94,,0.6
b2257b00-b58b-328e-8841-d38ff0dd3ab4, -17.781410, -60.922260,2026-06-20 05:06:00,NOAA-20,Chiquitos,Santa Cruz,Bolivia,80,8,28,8,0.0,0.86,,2.3
dc5259ed-90e4-3aa5-b42c-db7062dc485f, -18.049490, -59.601080,2026-06-20 05:06:00,NOAA-20,Chiquitos,Santa Cruz,Bolivia,80,8,28,4,0.0,0.46,,10.9
c3bcf753-e5e0-3e8d-aa84-2bb263611283, -18.121430, -59.581120,2026-06-20 05:06:00,NOAA-20,Chiquitos,Santa Cruz,Bolivia,80,8,28,1,0.0,0.41,,0.8
dbb67310-9474-3afd-a8a6-cacfbd2af480, -18.117240, -59.584530,2026-06-20 05:06:00,NOAA-20,Chiquitos,Santa Cruz,Bolivia,80,8,28,1,0.0,0.42,,1.0
80e7c83a-9196-310b-bf98-d2b7974d1d14, -18.076750, -59.589470,2026-06-20 05:06:00,NOAA-20,Chiquitos,Santa Cruz,Bolivia,80,8,28,3,0.0,0.44,,0.9
de33d4b6-2092-341b-b5ee-90f1a90574dc, -18.066270, -59.587460,2026-06-20 05:06:00,NOAA-20,Chiquitos,Santa Cruz,Bolivia,80,8,28,4,0.0,0.45,,0.5
1530c255-092a-378b-bb18-2c56e25f1a78, -17.769860, -60.917780,2026-06-20 05:06:00,NOAA-20,Chiquitos,Santa Cruz,Bolivia,80,8,28,8,0.0,0.87,,1.6
06c6f67e-b7f5-3e1e-940e-b8a71c7658aa, -18.057830, -59.636460,2026-06-20 05:06:00,NOAA-20,Chiquitos,Santa Cruz,Bolivia,80,8,28,1,0.0,0.46,,1.2
cad8cc5a-456e-3329-9cef-6fe4d878f630, -26.678080, -62.436540,2026-06-20 05:08:00,NOAA-20,Alberdi,Santiago del Estero,Argentina,459,22,12,10,0.0,0.93,,0.7
ca3a7398-4ea0-3a9f-b1c2-d96ece6652e2, -25.811140, -64.107250,2026-06-20 05:08:00,NOAA-20,Pellegrini,Santiago del Estero,Argentina,476,22,12,17,0.0,0.97,,1.5
5fbd0218-487f-37fb-91ef-179bad14917a, -26.676850, -62.433810,2026-06-20 05:08:00,NOAA-20,Alberdi,Santiago del Estero,Argentina,459,22,12,10,0.0,0.93,,1.9
68a928e6-127c-3e69-aa38-a26f931cbc3b, -26.448750, -64.251330,2026-06-20 05:08:00,NOAA-20,Pellegrini,Santiago del Estero,Argentina,476,22,12,6,0.0,0.98,,1.8
5b2c06e5-945e-3b3b-be78-96a078f420c7, -26.047520, -61.243640,2026-06-20 05:08:00,NOAA-20,General Güemes,Chaco,Argentina,179,4,12,8,0.0,0.71,,1.2
9daf76f1-24c9-3fef-b1d3-8b422fba9513, -26.449800, -64.245820,2026-06-20 05:08:00,NOAA-20,Pellegrini,Santiago del Estero,Argentina,476,22,12,6,0.0,0.98,,1.8
387509d8-7627-30cf-8d0d-b6d8b9e6fccd, -25.810050, -64.112750,2026-06-20 05:08:00,NOAA-20,Pellegrini,Santiago del Estero,Argentina,476,22,12,17,0.0,0.97,,0.8
bf3c4523-217b-3a66-8c32-b0505d1226c0, -29.879770, -57.983480,2026-06-20 05:08:00,NOAA-20,Monte Caseros,Corrientes,Argentina,226,7,12,0,0.0,0.06,,0.4
d9083bce-78ed-3e65-b090-0c1b22047e47, -26.974850, -61.091280,2026-06-20 05:08:00,NOAA-20,Nueve de Julio,Chaco,Argentina,185,4,12,2,0.0,0.86,,0.5
fba870fc-468e-36a6-94a8-018ad3926e40, -25.812350, -64.105610,2026-06-20 05:08:00,NOAA-20,Pellegrini,Santiago del Estero,Argentina,476,22,12,17,0.0,0.97,,0.9
9bc99b58-dded-399a-a57a-22e8a0def15a, -27.040710, -61.158820,2026-06-20 05:08:00,NOAA-20,Nueve de Julio,Chaco,Argentina,185,4,12,2,0.0,0.87,,0.4
d93f8294-c90f-3b2d-a136-6578601266fe, -25.811300, -64.111130,2026-06-20 05:08:00,NOAA-20,Pellegrini,Santiago del Estero,Argentina,476,22,12,17,0.0,0.97,,0.9
3096fd7a-cf8b-3f88-9610-e0124f364a5a, -26.676030, -62.438320,2026-06-20 05:08:00,NOAA-20,Alberdi,Santiago del Estero,Argentina,459,22,12,10,0.0,0.93,,3.7
9993ea3c-bbfa-3c58-8a07-76d00857dd3a, -26.449060, -64.246640,2026-06-20 05:08:00,NOAA-20,Pellegrini,Santiago del Estero,Argentina,476,22,12,6,0.0,0.98,,3.0
c5f9cc4b-bb1a-313a-b610-5750b4defd59, -12.553600, -44.994100,2026-06-20 05:10:00,GOES-19,SÃO DESIDÉRIO,BAHIA,Brasil,2928901,29,33,26,0.0,1.0,Cerrado,100.9
ca7b43da-8f83-3949-8cfe-e975bf20af54, -12.533900, -45.020400,2026-06-20 05:10:00,GOES-19,SÃO DESIDÉRIO,BAHIA,Brasil,2928901,29,33,27,0.0,1.0,Cerrado,177.9
d0691f0a-6d4b-3939-93c7-8c1b0af9b986, -12.552700, -45.040600,2026-06-20 05:10:00,GOES-19,SÃO DESIDÉRIO,BAHIA,Brasil,2928901,29,33,27,0.0,1.0,Cerrado,121.2
760bb30e-d136-3e52-acb8-14f4198a2f06, -12.533400, -45.043600,2026-06-20 05:10:00,GOES-19,SÃO DESIDÉRIO,BAHIA,Brasil,2928901,29,33,27,0.0,1.0,Cerrado,56.6
92314c1a-5107-302e-8515-a4beb183b25d, -12.553100, -45.017400,2026-06-20 05:10:00,GOES-19,SÃO DESIDÉRIO,BAHIA,Brasil,2928901,29,33,27,0.0,1.0,Cerrado,424.8
aac83cc2-6609-37da-a321-b8f08f0d43c6, -37.424070, -69.092510,2026-06-20 05:10:00,NOAA-20,Pehuenches,Neuquén,Argentina,365,15,12,7,0.21,0.77,,0.9
6256b7b4-c3d1-30c5-b8fe-327a937e345a, -38.908080, -69.178940,2026-06-20 05:12:00,NOAA-20,Confluencia,Neuquén,Argentina,359,15,12,2,0.27,-999.0,,1.1
a944dab0-bad1-351f-9a95-8a095c2bccf6, -38.700060, -68.716000,2026-06-20 05:12:00,NOAA-20,Confluencia,Neuquén,Argentina,359,15,12,7,0.0,0.76,,0.8
3dbb3fa3-8714-3822-a68d-ff992e116bd0, -12.553100, -45.017400,2026-06-20 05:20:00,GOES-19,SÃO DESIDÉRIO,BAHIA,Brasil,2928901,29,33,27,0.0,1.0,Cerrado,350.6
a5d52a67-3610-33ef-a732-2f32f232e87f, -18.047600, -59.599100,2026-06-20 05:20:00,GOES-19,Chiquitos,Santa Cruz,Bolivia,80,8,28,4,0.0,0.46,,54.3
fa1f42d0-a80f-3829-b24e-022e575646b0, -12.533900, -45.020400,2026-06-20 05:20:00,GOES-19,SÃO DESIDÉRIO,BAHIA,Brasil,2928901,29,33,27,0.0,1.0,Cerrado,190.4
c6b83eea-e662-3a6a-bdd4-4e44f6a15d5d, -12.533400, -45.043600,2026-06-20 05:20:00,GOES-19,SÃO DESIDÉRIO,BAHIA,Brasil,2928901,29,33,27,0.0,1.0,Cerrado,80.5
0d1ef755-1bdf-3e4e-bc23-893c89e8d509, -12.552700, -45.040600,2026-06-20 05:20:00,GOES-19,SÃO DESIDÉRIO,BAHIA,Brasil,2928901,29,33,27,0.0,1.0,Cerrado,137.7
bfa38c11-e0c8-3ae9-8428-c14d348b3b28, -12.553600, -44.994100,2026-06-20 05:20:00,GOES-19,SÃO DESIDÉRIO,BAHIA,Brasil,2928901,29,33,26,0.0,1.0,Cerrado,70.6
7003579e-4cc1-3279-9a24-418c3a9212bc, -12.572400, -45.014300,2026-06-20 05:20:00,GOES-19,SÃO DESIDÉRIO,BAHIA,Brasil,2928901,29,33,27,0.0,1.0,Cerrado,48.3
d2df6151-2494-3d46-b114-c247eaf5c7e5, -12.533900, -45.020400,2026-06-20 05:30:00,GOES-19,SÃO DESIDÉRIO,BAHIA,Brasil,2928901,29,33,27,0.0,1.0,Cerrado,166.4
95b084f6-2579-3f5a-831f-add6f6909477, -12.552700, -45.040600,2026-06-20 05:30:00,GOES-19,SÃO DESIDÉRIO,BAHIA,Brasil,2928901,29,33,27,0.0,1.0,Cerrado,210.7
a7eb277f-92b0-3210-8d19-c033a272e8e3, -12.553600, -44.994100,2026-06-20 05:30:00,GOES-19,SÃO DESIDÉRIO,BAHIA,Brasil,2928901,29,33,26,0.0,1.0,Cerrado,76.6
33f891f4-134e-355b-84fe-74a322038bfe, -12.553100, -45.017400,2026-06-20 05:30:00,GOES-19,SÃO DESIDÉRIO,BAHIA,Brasil,2928901,29,33,27,0.0,1.0,Cerrado,451.6
3e38078e-bb11-30da-a1f1-740f1da4409b, -12.533400, -45.043600,2026-06-20 05:30:00,GOES-19,SÃO DESIDÉRIO,BAHIA,Brasil,2928901,29,33,27,0.0,1.0,Cerrado,83.5
c33a78a4-34ca-3fe8-9aeb-0544b81045c4, -12.553100, -45.017400,2026-06-20 05:40:00,GOES-19,SÃO DESIDÉRIO,BAHIA,Brasil,2928901,29,33,27,0.0,1.0,Cerrado,331.2
52a0738e-ff34-32e7-ab41-b05be7926dba, -12.533900, -45.020400,2026-06-20 05:40:00,GOES-19,SÃO DESIDÉRIO,BAHIA,Brasil,2928901,29,33,27,0.0,1.0,Cerrado,132.5
6a4c9797-6fbe-3cec-889e-658a86d89616, -12.533400, -45.043600,2026-06-20 05:40:00,GOES-19,SÃO DESIDÉRIO,BAHIA,Brasil,2928901,29,33,27,0.0,1.0,Cerrado,52.3
c82accb9-9db8-3e45-bf49-8e0348afa5fc, -12.552700, -45.040600,2026-06-20 05:40:00,GOES-19,SÃO DESIDÉRIO,BAHIA,Brasil,2928901,29,33,27,0.0,1.0,Cerrado,116.7
6561a06c-454a-3890-9fbb-ed2169333629,   9.697300, -63.417750,2026-06-20 05:44:00,NOAA-21,Maturín,Monagas,Venezuela,208,17,249,0,4.91,0.14,,0.5
c70bfecd-2b32-3d51-9ede-e8509b77155f,  10.605290, -68.269260,2026-06-20 05:44:00,NOAA-21,Veroes,Yaracuy,Venezuela,317,24,249,-999,0.3,0.21,,1.6
e98f2f02-e93a-3b23-90d1-b57fd250ede5,  11.162500, -69.110000,2026-06-20 05:44:00,NOAA-21,Píritu,Falcón,Venezuela,124,12,249,2,0.0,1.0,,0.9
541685e9-2c68-3f61-a2a2-cc7484d5f7a1,  10.604770, -68.265550,2026-06-20 05:44:00,NOAA-21,Veroes,Yaracuy,Venezuela,317,24,249,-999,0.3,0.21,,1.0
74a2049d-cd14-3569-b232-58560441995d,   9.621120, -63.650310,2026-06-20 05:44:00,NOAA-21,Ezequiel Zamora,Monagas,Venezuela,206,17,249,0,10.18,0.01,,1.9
8d54556c-3fa2-3aed-9059-dbbb7ce93f27,   9.295410, -63.897980,2026-06-20 05:44:00,NOAA-21,Aguasay,Monagas,Venezuela,202,17,249,0,3.02,0.19,,0.7
574843b4-bd87-3ccc-bff4-632c39aef49f,   9.690330, -63.546760,2026-06-20 05:44:00,NOAA-21,Cedeño,Monagas,Venezuela,205,17,249,0,5.65,0.08,,0.7
f75c5cef-1527-3354-b250-031ad21ce627,   4.687750, -69.039210,2026-06-20 05:46:00,NOAA-21,Cumaribo,Vichada,Colombia,1060,32,53,0,6.1,0.0,,2.3
4a32ba5f-8c75-3cc6-9e92-5e3aa2b7f00c,   6.019470, -58.249580,2026-06-20 05:46:00,NOAA-21,Linden,Upper Demerara-Berbice,Guyana,105,9,98,0,0.95,0.0,,1.2
a3bd15c7-7dc0-3b0b-9895-10273949889a,   4.688690, -69.041030,2026-06-20 05:46:00,NOAA-21,Cumaribo,Vichada,Colombia,1060,32,53,0,6.03,0.0,,2.3
1f7124a3-ab63-3721-a776-94849f929205,   6.023660, -58.248890,2026-06-20 05:46:00,NOAA-21,Linden,Upper Demerara-Berbice,Guyana,105,9,98,0,0.91,0.0,,1.1
81304ff8-6ac3-3939-b3c5-51418586b68b,   4.684740, -69.041610,2026-06-20 05:46:00,NOAA-21,Cumaribo,Vichada,Colombia,1060,32,53,0,6.17,0.0,,2.3
d76a1db6-90d9-39c4-acdb-3592ff6f451c,   7.686580, -73.510080,2026-06-20 05:46:00,NOAA-21,San Alberto,Cesar,Colombia,464,12,53,0,0.0,0.33,,1.3
c067fc46-6de7-337b-9951-e322f7be8d04,   7.687970, -73.509050,2026-06-20 05:46:00,NOAA-21,San Alberto,Cesar,Colombia,464,12,53,0,0.0,0.28,,1.0
ab6abfbf-d358-30f0-b75a-2662d2330f7a,   3.735080, -75.049330,2026-06-20 05:46:00,NOAA-21,Coyaima,Tolima,Colombia,977,29,53,0,0.1,0.04,,1.4
05166813-f673-3cf3-955d-5fd99df5bd3f,   5.879290, -69.024190,2026-06-20 05:46:00,NOAA-21,La Primavera,Vichada,Colombia,1061,32,53,0,0.98,0.01,,1.0
ece0d1c9-6a4e-30cc-a409-5e882456a5b8,   3.734540, -75.052500,2026-06-20 05:46:00,NOAA-21,Coyaima,Tolima,Colombia,977,29,53,0,0.1,0.04,,2.6
9423cb00-0d39-3ee0-8dcf-33a6910d5e32,   3.735700, -75.053550,2026-06-20 05:46:00,NOAA-21,Coyaima,Tolima,Colombia,977,29,53,0,0.1,0.04,,1.4
9d214f44-8671-365b-aeaf-9a863c80da26,   -.804480, -78.850320,2026-06-20 05:48:00,NOAA-21,Sigchos,Cotopaxi,Ecuador,49,6,68,4,0.0,0.01,,2.9
96610034-ff81-3a79-9c84-270c585bbbcb,  -7.296470, -55.320310,2026-06-20 05:48:00,NOAA-21,NOVO PROGRESSO,PARÁ,Brasil,1505031,15,33,7,7.61,0.47,Amazônia,3.6
960913ec-401a-3042-96f8-c43dc9c1285a,  -2.327520, -60.061360,2026-06-20 05:48:00,NOAA-21,MANAUS,AMAZONAS,Brasil,1302603,13,33,2,0.0,0.03,Amazônia,0.9
5c156ce1-e854-388f-8673-31654fcbb519,  -7.297110, -55.315220,2026-06-20 05:48:00,NOAA-21,NOVO PROGRESSO,PARÁ,Brasil,1505031,15,33,7,7.77,0.46,Amazônia,4.5
c8394db6-0770-3e98-a2bd-a0bbf872b6b3, -12.533900, -45.020400,2026-06-20 05:50:00,GOES-19,SÃO DESIDÉRIO,BAHIA,Brasil,2928901,29,33,27,0.0,1.0,Cerrado,120.3
e775257d-ef3d-33b7-bd9e-e27717829104, -12.553100, -45.017400,2026-06-20 05:50:00,GOES-19,SÃO DESIDÉRIO,BAHIA,Brasil,2928901,29,33,27,0.0,1.0,Cerrado,184.3
b4eb1fc8-5522-3c92-ad75-3afff08ba4e8, -13.133600, -53.783300,2026-06-20 05:50:00,GOES-19,GAÚCHA DO NORTE,MATO GROSSO,Brasil,5103858,51,33,2,0.98,0.79,Amazônia,53.5
8ac6638d-6898-3bba-9467-af07f02e70e9, -12.533400, -45.043600,2026-06-20 05:50:00,GOES-19,SÃO DESIDÉRIO,BAHIA,Brasil,2928901,29,33,27,0.0,1.0,Cerrado,55.8
63a0f44d-02bb-3660-a591-b4b9b9dfdf51, -18.047600, -59.599100,2026-06-20 05:50:00,GOES-19,Chiquitos,Santa Cruz,Bolivia,80,8,28,4,0.0,0.46,,58.7
b2a4889d-57dc-3234-9b83-d3b60ea722a6, -12.552700, -45.040600,2026-06-20 05:50:00,GOES-19,SÃO DESIDÉRIO,BAHIA,Brasil,2928901,29,33,27,0.0,1.0,Cerrado,77.7
dba7b071-9369-3610-8f19-d74eec915164,  -9.211290, -58.067090,2026-06-20 05:50:00,NOAA-21,APIACÁS,MATO GROSSO,Brasil,5100805,51,33,1,0.0,0.25,Amazônia,0.3
6afd24d7-c7bd-3a55-b4cd-7db1a3aff83f,  -9.200970, -58.062090,2026-06-20 05:50:00,NOAA-21,APIACÁS,MATO GROSSO,Brasil,5100805,51,33,2,0.0,0.25,Amazônia,0.9
cad4c562-6e48-3772-9fc6-9bc1b2163649,  -9.205920, -58.066290,2026-06-20 05:50:00,NOAA-21,APIACÁS,MATO GROSSO,Brasil,5100805,51,33,2,0.0,0.25,Amazônia,0.9
1af0f17e-889e-3c48-bc2f-fc8295267b43,  -9.022490, -63.548690,2026-06-20 05:50:00,NOAA-21,CANDEIAS DO JAMARI,RONDÔNIA,Brasil,1100809,11,33,3,0.51,0.62,Amazônia,3.0
a26b6623-b6fa-3806-abfd-040f0158abae, -10.201040, -65.519200,2026-06-20 05:50:00,NOAA-21,Federico Román,Pando,Bolivia,60,6,28,6,1.2,0.19,,1.2
a3339982-bfa3-35a6-9fdf-379e89c77ba4,  -9.023140, -63.544210,2026-06-20 05:50:00,NOAA-21,CANDEIAS DO JAMARI,RONDÔNIA,Brasil,1100809,11,33,3,0.56,0.8,Amazônia,3.0
6b5d1068-c67e-368b-b68c-e97115dbff8c, -12.426530, -58.417460,2026-06-20 05:50:00,NOAA-21,BRASNORTE,MATO GROSSO,Brasil,5101902,51,33,0,0.1,0.04,Cerrado,1.3
9d374fe3-ff56-3a3c-aaa3-6381c14c40ca,  -9.018120, -63.552630,2026-06-20 05:50:00,NOAA-21,CANDEIAS DO JAMARI,RONDÔNIA,Brasil,1100809,11,33,3,0.5,0.87,Amazônia,2.5
8f87b8b2-383b-3d3a-9545-334b088c389c,  -9.616420, -67.318460,2026-06-20 05:50:00,NOAA-21,SENADOR GUIOMARD,ACRE,Brasil,1200450,12,33,6,0.0,0.91,Amazônia,0.5
241b4b98-539b-3560-b2f4-26d3ed5f4e65, -12.598480, -66.295360,2026-06-20 05:50:00,NOAA-21,Yacuma,El Beni,Bolivia,31,3,28,7,0.0,0.8,,2.2
0b201f90-5bc4-394a-9544-f319c4e4e2f0, -10.710070, -60.742120,2026-06-20 05:50:00,NOAA-21,RONDOLÂNDIA,MATO GROSSO,Brasil,5107578,51,33,1,0.0,1.0,Amazônia,0.8
04c27d15-56ec-3312-b614-e38caa4f85d9,  -9.209610, -64.086560,2026-06-20 05:50:00,NOAA-21,PORTO VELHO,RONDÔNIA,Brasil,1100205,11,33,0,0.1,0.59,Amazônia,1.6
d7fb523d-23a0-34ec-873b-e617680a1c17, -12.823510, -65.714810,2026-06-20 05:50:00,NOAA-21,Yacuma,El Beni,Bolivia,31,3,28,9,0.41,0.7,,0.9
ae288eb0-6c88-3f09-aa64-1e35ca2b2eed,  -9.208910, -58.064110,2026-06-20 05:50:00,NOAA-21,APIACÁS,MATO GROSSO,Brasil,5100805,51,33,2,0.0,0.24,Amazônia,1.3
a08190ca-0dc4-37d9-8fcc-17de666ae141,  -9.021850, -63.553180,2026-06-20 05:50:00,NOAA-21,CANDEIAS DO JAMARI,RONDÔNIA,Brasil,1100809,11,33,3,0.5,0.74,Amazônia,2.5
cd04268c-8bc8-3346-bc12-928682b13dad, -12.822940, -65.718770,2026-06-20 05:50:00,NOAA-21,Yacuma,El Beni,Bolivia,31,3,28,9,0.42,0.52,,0.9
9ec14083-b15c-3eef-85fa-6730ef15b71f, -12.599030, -66.291600,2026-06-20 05:50:00,NOAA-21,Yacuma,El Beni,Bolivia,31,3,28,7,0.0,0.94,,5.7
9355c015-e724-3ae2-b003-0d6b45051f2f, -12.432010, -58.418210,2026-06-20 05:50:00,NOAA-21,BRASNORTE,MATO GROSSO,Brasil,5101902,51,33,0,0.1,0.04,Cerrado,1.3
11dd1573-2e9f-3446-b088-d01f84dfc23f, -12.598410, -66.292210,2026-06-20 05:50:00,NOAA-21,Yacuma,El Beni,Bolivia,31,3,28,7,0.0,0.91,,6.4
bbbb9bbf-1593-3329-853c-bce9db4b7b84,  -7.343380, -72.604030,2026-06-20 05:50:00,NOAA-21,GUAJARÁ,AMAZONAS,Brasil,1301654,13,33,0,1.22,0.07,Amazônia,1.8
715c3cce-8874-3b0b-b386-36943954f571,  -9.018770, -63.548140,2026-06-20 05:50:00,NOAA-21,CANDEIAS DO JAMARI,RONDÔNIA,Brasil,1100809,11,33,3,0.52,0.82,Amazônia,3.0
c584924e-b25b-3e4a-a29c-8453b3a8d67e, -10.197610, -65.518660,2026-06-20 05:50:00,NOAA-21,Federico Román,Pando,Bolivia,60,6,28,6,1.2,0.19,,1.2
013d32eb-68e3-3587-ad64-3d917c951094,  -9.206360, -58.062830,2026-06-20 05:50:00,NOAA-21,APIACÁS,MATO GROSSO,Brasil,5100805,51,33,2,0.0,0.24,Amazônia,0.9
a5309eb5-fef8-33be-a345-158a26916559,  -9.019410, -63.543660,2026-06-20 05:50:00,NOAA-21,CANDEIAS DO JAMARI,RONDÔNIA,Brasil,1100809,11,33,3,0.56,0.9,Amazônia,3.0
e28e95a7-727d-36e7-a2e5-e1a02ce620a6, -10.577050, -57.323000,2026-06-20 05:50:00,NOAA-21,JUARA,MATO GROSSO,Brasil,5105101,51,33,7,0.65,0.39,Amazônia,1.9
ac24fc41-a426-34fa-b280-f0350cc1a18c,  -9.208440, -58.067580,2026-06-20 05:50:00,NOAA-21,APIACÁS,MATO GROSSO,Brasil,5100805,51,33,2,0.0,0.25,Amazônia,1.3
f211a072-a8e4-3d29-a564-7f98439e17b8,  -9.855510, -61.426990,2026-06-20 05:50:00,NOAA-21,COLNIZA,MATO GROSSO,Brasil,5103254,51,33,2,0.2,1.0,Amazônia,3.9
88060fd6-9532-32a0-8bdd-67e91cdd4616, -18.073140, -59.585240,2026-06-20 05:53:00,NOAA-21,Chiquitos,Santa Cruz,Bolivia,80,8,28,4,0.0,0.44,,1.0
a8424254-accd-3020-9e9a-daaa88509601, -18.534780, -58.595210,2026-06-20 05:53:00,NOAA-21,Chiquitos,Santa Cruz,Bolivia,80,8,28,3,0.75,0.37,,3.8
ebc179f7-5393-3407-a1c6-b8a644814abd, -18.616380, -58.608600,2026-06-20 05:53:00,NOAA-21,Chiquitos,Santa Cruz,Bolivia,80,8,28,0,0.31,0.43,,1.1
12453437-b86e-3fd1-bba7-db18a5f77aae, -18.029860, -59.628570,2026-06-20 05:53:00,NOAA-21,Chiquitos,Santa Cruz,Bolivia,80,8,28,1,0.0,0.47,,1.2
c503946d-0e57-3382-9bb5-0f2cade3a5d5, -18.615940, -58.612960,2026-06-20 05:53:00,NOAA-21,Chiquitos,Santa Cruz,Bolivia,80,8,28,0,0.3,0.43,,0.8
154c6256-8251-3813-91b1-10a62d4cb395, -26.058510, -65.919090,2026-06-20 05:53:00,NOAA-21,Cafayate,Salta,Argentina,384,17,12,52,0.0,0.89,,2.1
931de352-efff-39e1-899c-d0bda17074f5, -15.268270, -68.267950,2026-06-20 05:53:00,NOAA-21,Larecaja,La Paz,Bolivia,40,4,28,10,0.5,0.39,,1.5
08e533c6-31d1-3a6d-8b4f-2992a4fd418e, -18.030240, -59.624950,2026-06-20 05:53:00,NOAA-21,Chiquitos,Santa Cruz,Bolivia,80,8,28,2,0.0,0.47,,0.9
0acdbeb8-9e0d-3bc7-adfb-8663361091e8, -18.330150, -59.051730,2026-06-20 05:53:00,NOAA-21,Chiquitos,Santa Cruz,Bolivia,80,8,28,1,0.0,0.45,,1.3
dd8da0ff-4f10-38a3-ad1b-ba4386e0a8cc, -21.749340, -60.285770,2026-06-20 05:53:00,NOAA-21,General Eugenio A. Garay,Boquerón,Paraguay,43,6,177,6,0.0,0.94,,4.7
ad609745-a3d9-3257-86b0-4163ce070e34, -17.780450, -60.903270,2026-06-20 05:53:00,NOAA-21,Chiquitos,Santa Cruz,Bolivia,80,8,28,8,0.0,0.95,,2.4
a65947de-2b73-3217-b6af-64d0f33fe455, -17.779110, -60.915310,2026-06-20 05:53:00,NOAA-21,Chiquitos,Santa Cruz,Bolivia,80,8,28,8,0.0,0.87,,2.5
defab4b7-fccc-3935-9e5b-cddef0aa909c, -17.779780, -60.909310,2026-06-20 05:53:00,NOAA-21,Chiquitos,Santa Cruz,Bolivia,80,8,28,8,0.0,0.87,,2.5
e10b2293-7c5e-3a98-bfeb-aabdee7f137d, -17.773470, -60.920510,2026-06-20 05:53:00,NOAA-21,Chiquitos,Santa Cruz,Bolivia,80,8,28,8,0.0,0.87,,2.0
6532d5af-a989-371e-b04e-75eddbeb5df9, -18.039920, -59.585170,2026-06-20 05:53:00,NOAA-21,Chiquitos,Santa Cruz,Bolivia,80,8,28,5,0.0,0.46,,0.7
bd4b0e04-19ed-30e1-83c3-6d90027a583b, -26.452050, -64.245710,2026-06-20 05:53:00,NOAA-21,Pellegrini,Santiago del Estero,Argentina,476,22,12,6,0.0,0.98,,2.3
9766bd83-1f67-355a-b10c-1fa034ca06fb, -26.676490, -62.436510,2026-06-20 05:53:00,NOAA-21,Alberdi,Santiago del Estero,Argentina,459,22,12,10,0.0,0.93,,1.9
79be5071-1611-3cb3-8e27-58230d430e1d, -18.335830, -59.052350,2026-06-20 05:53:00,NOAA-21,Chiquitos,Santa Cruz,Bolivia,80,8,28,1,0.0,0.45,,1.3
329062ed-e34e-3adc-aa94-eb78dc6b3227, -18.042310, -59.615110,2026-06-20 05:53:00,NOAA-21,Chiquitos,Santa Cruz,Bolivia,80,8,28,3,0.0,0.46,,0.9
3c0c1717-5462-34f7-bbcf-f8abdbd20a81, -16.051900, -60.442130,2026-06-20 05:53:00,NOAA-21,José Miguel de Velasco,Santa Cruz,Bolivia,85,8,28,0,0.0,0.76,,1.6
c07b7199-8438-3f43-b39e-a43f83a654e5, -18.078220, -59.589520,2026-06-20 05:53:00,NOAA-21,Chiquitos,Santa Cruz,Bolivia,80,8,28,3,0.0,0.44,,0.6
89354e98-244b-3ec1-9820-b8e7fbb78bff, -18.582340, -58.653260,2026-06-20 05:53:00,NOAA-21,Chiquitos,Santa Cruz,Bolivia,80,8,28,0,0.2,0.43,,3.0
43ec6eda-e5a4-3d50-96f6-3e16de6bcdcf, -18.615500, -58.617310,2026-06-20 05:53:00,NOAA-21,Chiquitos,Santa Cruz,Bolivia,80,8,28,0,0.3,0.43,,0.8
5e8d797d-f09f-3b20-815a-2be290c01e35, -21.439180, -60.978070,2026-06-20 05:53:00,NOAA-21,General Eugenio A. Garay,Boquerón,Paraguay,43,6,177,17,0.0,0.97,,1.1
d245cdeb-8817-3e31-bc2e-0fc3d0180c92, -18.335000, -59.060400,2026-06-20 05:53:00,NOAA-21,Chiquitos,Santa Cruz,Bolivia,80,8,28,1,0.0,0.45,,0.9
6523a535-d6bf-3d24-aa89-40a63bedefa9, -16.894650, -60.368190,2026-06-20 05:53:00,NOAA-21,José Miguel de Velasco,Santa Cruz,Bolivia,85,8,28,10,2.61,0.39,,0.8
a1ff20bb-6d72-3469-b8b6-d5ae72ddb92c, -18.301750, -59.048580,2026-06-20 05:53:00,NOAA-21,Chiquitos,Santa Cruz,Bolivia,80,8,28,4,0.1,0.47,,2.0
aab52dcf-ab2e-3d33-8b1c-a314a52c3a5f, -21.702690, -60.184510,2026-06-20 05:53:00,NOAA-21,General Eugenio A. Garay,Boquerón,Paraguay,43,6,177,6,0.0,0.82,,4.1
eb896a27-3fcd-3bc9-bf34-52261c575676, -18.881390, -63.195010,2026-06-20 05:53:00,NOAA-21,Cordillera,Santa Cruz,Bolivia,81,8,28,10,0.0,0.76,,2.3
b86a692b-2fb0-3dab-92a7-3a05d01df17d, -18.073490, -59.633620,2026-06-20 05:53:00,NOAA-21,Chiquitos,Santa Cruz,Bolivia,80,8,28,1,0.0,0.45,,0.5
71eb2e74-70a9-3574-9c50-e9077bf22fc0, -16.889180, -60.370630,2026-06-20 05:53:00,NOAA-21,José Miguel de Velasco,Santa Cruz,Bolivia,85,8,28,10,2.48,0.4,,0.8
da2daca1-bc38-32dd-b689-210bda37e7d7, -18.300540, -59.060610,2026-06-20 05:53:00,NOAA-21,Chiquitos,Santa Cruz,Bolivia,80,8,28,3,0.1,0.46,,1.6
206fca33-1ef5-388c-9134-1e831c5a093e, -18.069410, -59.634500,2026-06-20 05:53:00,NOAA-21,Chiquitos,Santa Cruz,Bolivia,80,8,28,1,0.0,0.46,,2.0
fe54f65d-9168-3049-b96d-a0993ce249ca, -18.034450, -59.584580,2026-06-20 05:53:00,NOAA-21,Chiquitos,Santa Cruz,Bolivia,80,8,28,5,0.0,0.46,,0.7
237dd620-7d34-35a8-9a98-6090cf945613, -18.307840, -59.045200,2026-06-20 05:53:00,NOAA-21,Chiquitos,Santa Cruz,Bolivia,80,8,28,3,0.1,0.47,,1.1
1cb6bb3c-697c-3807-8cd7-59718a69fe20, -21.707820, -60.188980,2026-06-20 05:53:00,NOAA-21,General Eugenio A. Garay,Boquerón,Paraguay,43,6,177,7,0.0,0.8,,8.0
c9c61c33-f7ce-38b3-bb35-227715c77236, -17.778450, -60.921260,2026-06-20 05:53:00,NOAA-21,Chiquitos,Santa Cruz,Bolivia,80,8,28,8,0.0,0.87,,2.0
f4525ca9-1460-3ca9-92cb-986d54286082, -17.772810, -60.926430,2026-06-20 05:53:00,NOAA-21,Chiquitos,Santa Cruz,Bolivia,80,8,28,8,0.0,0.89,,2.0
c7c640b4-6c76-3d46-939a-829de5f79dbd, -18.803850, -63.167880,2026-06-20 05:53:00,NOAA-21,Cordillera,Santa Cruz,Bolivia,81,8,28,10,0.0,0.95,,0.7
1a6e56dd-8455-361c-b940-0282856995f5, -17.485790, -59.589700,2026-06-20 05:53:00,NOAA-21,Chiquitos,Santa Cruz,Bolivia,80,8,28,9,0.0,0.57,,2.4
f5601153-243b-3db3-adff-c1d8f335e7d6, -18.296470, -59.043940,2026-06-20 05:53:00,NOAA-21,Chiquitos,Santa Cruz,Bolivia,80,8,28,4,0.1,0.47,,1.6
8cc652af-82a2-3b8f-ad57-faac9e1a1406, -18.063750, -59.569370,2026-06-20 05:53:00,NOAA-21,Chiquitos,Santa Cruz,Bolivia,80,8,28,6,0.0,0.44,,1.7
c8e078ed-3f64-3e3d-8244-4f36daa169f6, -26.450180, -64.244400,2026-06-20 05:53:00,NOAA-21,Pellegrini,Santiago del Estero,Argentina,476,22,12,6,0.0,0.98,,3.5
4b51b150-4204-3aea-8183-c350475f4e72, -16.052610, -60.436080,2026-06-20 05:53:00,NOAA-21,José Miguel de Velasco,Santa Cruz,Bolivia,85,8,28,0,0.0,0.83,,1.3
6213ff8b-ab52-3a98-b70b-4a0b18cdc756, -18.615710, -58.609230,2026-06-20 05:53:00,NOAA-21,Chiquitos,Santa Cruz,Bolivia,80,8,28,0,0.31,0.43,,1.8
1dfc7f6f-32d3-3253-b515-39037b8e8872, -18.063360, -59.573010,2026-06-20 05:53:00,NOAA-21,Chiquitos,Santa Cruz,Bolivia,80,8,28,6,0.0,0.44,,1.4
b5183518-193e-3fc6-96d2-939bfb98d62c, -18.062970, -59.576650,2026-06-20 05:53:00,NOAA-21,Chiquitos,Santa Cruz,Bolivia,80,8,28,5,0.0,0.44,,1.4
7af82e7a-04bc-38a3-8b8e-e170c962b4fe, -18.301350, -59.052590,2026-06-20 05:53:00,NOAA-21,Chiquitos,Santa Cruz,Bolivia,80,8,28,4,0.1,0.47,,2.0
4188a462-7ef2-3375-8c0b-db8483087c5e, -26.451560, -64.250700,2026-06-20 05:53:00,NOAA-21,Pellegrini,Santiago del Estero,Argentina,476,22,12,6,0.0,0.98,,1.5
6b8eb8a6-e5f1-38f5-aa83-4c7cca154ec4, -18.042700, -59.611450,2026-06-20 05:53:00,NOAA-21,Chiquitos,Santa Cruz,Bolivia,80,8,28,3,0.0,0.46,,1.1
3dc4d546-a037-36bd-8936-cb26bf803ad0, -18.330560, -59.047700,2026-06-20 05:53:00,NOAA-21,Chiquitos,Santa Cruz,Bolivia,80,8,28,1,0.0,0.45,,1.3
0ddbda51-822f-32a4-bd45-5d1f3a0983a1, -18.011820, -59.589410,2026-06-20 05:53:00,NOAA-21,Chiquitos,Santa Cruz,Bolivia,80,8,28,5,0.0,0.46,,2.2
1cf4c1ad-3f8d-3751-9adb-5283d0c67c51, -26.676200, -62.439760,2026-06-20 05:53:00,NOAA-21,Alberdi,Santiago del Estero,Argentina,459,22,12,10,0.0,0.93,,1.9
373fda3d-0970-3b21-b453-0d6fede7dd9d, -18.043080, -59.607830,2026-06-20 05:53:00,NOAA-21,Chiquitos,Santa Cruz,Bolivia,80,8,28,3,0.0,0.46,,1.1
dfecd9c7-e83a-3631-bfc6-048d3764526a, -18.302150, -59.044570,2026-06-20 05:53:00,NOAA-21,Chiquitos,Santa Cruz,Bolivia,80,8,28,4,0.1,0.47,,1.1
b534ccaa-0d6b-36e6-8990-7eb9cd2b8f66, -18.055160, -59.598130,2026-06-20 05:53:00,NOAA-21,Chiquitos,Santa Cruz,Bolivia,80,8,28,4,0.0,0.45,,3.9
05729dc3-0a40-3c32-987c-b41c9224ad22, -18.057890, -59.572370,2026-06-20 05:53:00,NOAA-21,Chiquitos,Santa Cruz,Bolivia,80,8,28,6,0.0,0.45,,1.4
f2818985-6d9c-3c7f-ae2f-6935be6a5664, -17.477030, -60.167850,2026-06-20 05:53:00,NOAA-21,Chiquitos,Santa Cruz,Bolivia,80,8,28,1,0.52,0.47,,1.6
51424620-31e6-3059-ac1b-36ec81d1c324, -18.062200, -59.635920,2026-06-20 05:53:00,NOAA-21,Chiquitos,Santa Cruz,Bolivia,80,8,28,1,0.0,0.46,,2.1
b86c06e9-1bff-3ca3-b609-fbfbd5270893, -18.295670, -59.051960,2026-06-20 05:53:00,NOAA-21,Chiquitos,Santa Cruz,Bolivia,80,8,28,4,0.1,0.47,,1.4
c20b8a2e-ad38-33e3-b521-d42d726fd1f0, -16.889540, -60.367470,2026-06-20 05:53:00,NOAA-21,José Miguel de Velasco,Santa Cruz,Bolivia,85,8,28,10,2.51,0.39,,0.7
2e497424-0f1d-3ea8-b416-f2afc200f2dc, -26.059880, -65.914790,2026-06-20 05:53:00,NOAA-21,Cafayate,Salta,Argentina,384,17,12,51,0.0,0.89,,1.2
cf34e42e-9f7d-362f-b290-e08459107eed, -18.069780, -59.630800,2026-06-20 05:53:00,NOAA-21,Chiquitos,Santa Cruz,Bolivia,80,8,28,1,0.0,0.46,,2.0
7ab62187-83f4-3a9f-b953-e53b49e9fbbf, -18.334590, -59.064420,2026-06-20 05:53:00,NOAA-21,Chiquitos,Santa Cruz,Bolivia,80,8,28,1,0.0,0.45,,0.9
751f9e53-6f36-3ff5-9f82-a6588cfb2523, -26.059430, -65.918720,2026-06-20 05:53:00,NOAA-21,Cafayate,Salta,Argentina,384,17,12,52,0.0,0.89,,1.2
0df6487d-58ca-3920-a979-dd33ee408ca8, -18.034070, -59.588220,2026-06-20 05:53:00,NOAA-21,Chiquitos,Santa Cruz,Bolivia,80,8,28,5,0.0,0.46,,0.7
18bf973c-bc34-3408-89e7-88a9f4ded922, -18.049310, -59.601210,2026-06-20 05:53:00,NOAA-21,Chiquitos,Santa Cruz,Bolivia,80,8,28,4,0.0,0.46,,18.6
d20da21e-85e3-395e-a681-2700bfa23bfb, -18.296070, -59.047950,2026-06-20 05:53:00,NOAA-21,Chiquitos,Santa Cruz,Bolivia,80,8,28,4,0.1,0.47,,1.4
57139716-7624-3052-ae1c-2f90fe56bc12, -17.777800, -60.927060,2026-06-20 05:53:00,NOAA-21,Chiquitos,Santa Cruz,Bolivia,80,8,28,8,0.0,0.87,,2.0
7ea41c40-a6d8-33a9-b44f-2a841064d4ad, -18.336250, -59.048320,2026-06-20 05:53:00,NOAA-21,Chiquitos,Santa Cruz,Bolivia,80,8,28,1,0.0,0.45,,2.6
7701349d-32cd-3fa8-85d6-f9d40067046a, -17.476650, -60.171210,2026-06-20 05:53:00,NOAA-21,Chiquitos,Santa Cruz,Bolivia,80,8,28,1,0.5,0.48,,1.6
d48fb95f-beb7-3ec9-9bad-1dd67231f253, -21.749680, -60.282000,2026-06-20 05:53:00,NOAA-21,General Eugenio A. Garay,Boquerón,Paraguay,43,6,177,6,0.0,0.89,,4.0
a7aa1bb5-d6d6-3bd1-9ee8-12759e462ade, -18.300940, -59.056600,2026-06-20 05:53:00,NOAA-21,Chiquitos,Santa Cruz,Bolivia,80,8,28,4,0.1,0.47,,1.6
99b89c88-6502-3540-9c32-f995e412e022, -18.334180, -59.068430,2026-06-20 05:53:00,NOAA-21,Chiquitos,Santa Cruz,Bolivia,80,8,28,1,0.0,0.45,,1.7
41190607-e0ef-3da5-9ed1-2da64ce03ab7, -18.335410, -59.056380,2026-06-20 05:53:00,NOAA-21,Chiquitos,Santa Cruz,Bolivia,80,8,28,1,0.0,0.45,,1.3
202bc1ba-c13d-36ab-8c95-b42a5d2cc5bf, -16.347070, -71.582470,2026-06-20 05:53:00,NOAA-21,Arequipa,Arequipa,Peru,35,4,178,10,0.0,-999.0,,1.1
ed57045d-01f9-3cf9-ae9e-d70d519473f7, -18.050090, -59.593790,2026-06-20 05:53:00,NOAA-21,Chiquitos,Santa Cruz,Bolivia,80,8,28,4,0.0,0.45,,14.6
89932513-d613-3cbc-9baf-4636c96d16fb, -18.030620, -59.621310,2026-06-20 05:53:00,NOAA-21,Chiquitos,Santa Cruz,Bolivia,80,8,28,2,0.0,0.46,,0.9
4c2b019f-71ee-3c6a-a847-a3531f865601, -26.048190, -61.245780,2026-06-20 05:53:00,NOAA-21,General Güemes,Chaco,Argentina,179,4,12,8,0.0,0.71,,0.7
4d26b1da-497d-3550-ad12-05e950a8d6a7, -18.049700, -59.597500,2026-06-20 05:53:00,NOAA-21,Chiquitos,Santa Cruz,Bolivia,80,8,28,4,0.0,0.46,,14.6
e02caf10-1198-3e83-84f6-1ea4cb000e74, -16.051200, -60.448110,2026-06-20 05:53:00,NOAA-21,José Miguel de Velasco,Santa Cruz,Bolivia,85,8,28,0,0.0,0.79,,3.9
2c793164-4d81-3f16-ac50-899411949c65, -16.492210, -71.708400,2026-06-20 05:53:00,NOAA-21,Arequipa,Arequipa,Peru,35,4,178,10,0.0,-999.0,,0.5
b141b7cd-0237-35f9-bee8-e4ba279f79bc, -17.783440, -60.921850,2026-06-20 05:53:00,NOAA-21,Chiquitos,Santa Cruz,Bolivia,80,8,28,7,0.0,0.86,,2.8
c7445195-1a3e-34f8-8886-44bdc3d40569, -18.582770, -58.648910,2026-06-20 05:53:00,NOAA-21,Chiquitos,Santa Cruz,Bolivia,80,8,28,0,0.21,0.47,,2.7
d58e373e-ad2c-3afa-a445-088744470a7d, -16.051550, -60.445140,2026-06-20 05:53:00,NOAA-21,José Miguel de Velasco,Santa Cruz,Bolivia,85,8,28,0,0.0,0.77,,1.6
3f048041-935e-3f2e-9c38-9a380cb314ef, -17.491210, -59.590450,2026-06-20 05:53:00,NOAA-21,Chiquitos,Santa Cruz,Bolivia,80,8,28,9,0.0,0.57,,2.7
badc69f7-1b7b-3e84-8bbf-fb94c3142729, -17.784110, -60.915900,2026-06-20 05:53:00,NOAA-21,Chiquitos,Santa Cruz,Bolivia,80,8,28,7,0.0,0.86,,2.5
0f8d3d8d-0d70-3e1d-91b7-d4f96913b711, -18.068040, -59.632930,2026-06-20 05:53:00,NOAA-21,Chiquitos,Santa Cruz,Bolivia,80,8,28,1,0.0,0.46,,2.1
90fffb16-523f-365e-b588-7c7aafdc7ac1, -18.037620, -59.607150,2026-06-20 05:53:00,NOAA-21,Chiquitos,Santa Cruz,Bolivia,80,8,28,3,0.0,0.46,,0.6
e817778f-0731-3a3d-9cd2-314a71b1928d, -18.054770, -59.601860,2026-06-20 05:53:00,NOAA-21,Chiquitos,Santa Cruz,Bolivia,80,8,28,4,0.0,0.45,,4.6
df5d00d9-87cd-321b-97ca-3912dad4dafc, -18.040310, -59.581530,2026-06-20 05:53:00,NOAA-21,Chiquitos,Santa Cruz,Bolivia,80,8,28,6,0.0,0.46,,1.4
c973eb21-4f9a-36e4-9911-860827bf23eb, -37.018160, -72.464860,2026-06-20 05:57:00,NOAA-21,Biobío,Bío-Bío,Chile,17,6,48,5,2.47,0.05,,0.5
918fe822-f474-3116-9d0c-921d4e82952d, -38.908870, -69.179990,2026-06-20 05:57:00,NOAA-21,Confluencia,Neuquén,Argentina,359,15,12,2,0.26,-999.0,,0.7
2a379801-57c3-35f0-95e8-7653555f81fb, -37.302460, -73.594680,2026-06-20 05:57:00,NOAA-21,Arauco,Bío-Bío,Chile,16,6,48,-999,0.2,0.24,,0.5
d9aa37eb-ec7b-3250-8b86-7eaca6ae5b25, -38.911320, -69.180020,2026-06-20 05:57:00,NOAA-21,Confluencia,Neuquén,Argentina,359,15,12,3,0.24,-999.0,,1.4
d24bb2c3-1714-3473-82f2-166ae3b37a2f, -37.188070, -69.503560,2026-06-20 05:57:00,NOAA-21,Pehuenches,Neuquén,Argentina,365,15,12,5,0.49,0.76,,0.6
2cf9b06c-9387-3222-afef-03d5066bb393, -12.553100, -45.017400,2026-06-20 06:00:00,GOES-19,SÃO DESIDÉRIO,BAHIA,Brasil,2928901,29,33,27,0.0,1.0,Cerrado,174.8
88bfce26-d8f7-331d-ae6c-dbf7ba301f12, -12.552700, -45.040600,2026-06-20 06:00:00,GOES-19,SÃO DESIDÉRIO,BAHIA,Brasil,2928901,29,33,27,0.0,1.0,Cerrado,58.6
c48a0950-7b68-3be5-9673-b425f13791ce, -12.533900, -45.020400,2026-06-20 06:00:00,GOES-19,SÃO DESIDÉRIO,BAHIA,Brasil,2928901,29,33,27,0.0,1.0,Cerrado,74.9
3615ef8a-e264-3317-933f-1f3dc816ca48, -12.553600, -44.994100,2026-06-20 06:00:00,GOES-19,SÃO DESIDÉRIO,BAHIA,Brasil,2928901,29,33,26,0.0,1.0,Cerrado,52.7
385494bf-3745-31f0-b2e6-d0a2016d4596, -18.047600, -59.599100,2026-06-20 06:10:00,GOES-19,Chiquitos,Santa Cruz,Bolivia,80,8,28,4,0.0,0.46,,55.9
4f50a269-d7f9-32af-9c5a-4aeba7ee351f, -12.553100, -45.017400,2026-06-20 06:10:00,GOES-19,SÃO DESIDÉRIO,BAHIA,Brasil,2928901,29,33,27,0.0,1.0,Cerrado,98.3
ac9acf10-8d71-33a2-9183-d88c20b541a1, -12.533900, -45.020400,2026-06-20 06:10:00,GOES-19,SÃO DESIDÉRIO,BAHIA,Brasil,2928901,29,33,27,0.0,1.0,Cerrado,58.0
0fd4b8bf-039b-39a7-9d90-fe939de41f9b, -12.552700, -45.040600,2026-06-20 06:20:00,GOES-19,SÃO DESIDÉRIO,BAHIA,Brasil,2928901,29,33,27,0.0,1.0,Cerrado,47.5
c8e7978c-f520-30bf-bdd1-b7d87f6b0c0c, -12.553100, -45.017400,2026-06-20 06:20:00,GOES-19,SÃO DESIDÉRIO,BAHIA,Brasil,2928901,29,33,27,0.0,1.0,Cerrado,108.0
03034c4f-e9a1-3f36-be93-20c9baf25434,   4.690350, -69.041630,2026-06-20 06:20:00,NPP-375D,Cumaribo,Vichada,Colombia,1060,32,53,0,5.96,0.0,,2.8
69b4e434-f92f-355d-ae31-aac824968849,   4.683490, -69.042720,2026-06-20 06:20:00,NPP-375D,Cumaribo,Vichada,Colombia,1060,32,53,0,6.2,0.0,,0.8
746c4cc3-ac9c-3107-bcd9-3c80460be81b,   9.295490, -63.899850,2026-06-20 06:20:00,NPP-375D,Aguasay,Monagas,Venezuela,202,17,249,0,3.0,0.19,,1.2
1d95ee3b-91c4-3f4c-adb5-d71a0b3e2da0,  11.027250, -71.947000,2026-06-20 06:20:00,NPP-375D,Mara,Zulia,Venezuela,331,25,249,-999,0.0,1.0,,0.9
c69468d7-0ed3-31a8-b4a1-52b5a639e521,   4.686920, -69.042180,2026-06-20 06:20:00,NPP-375D,Cumaribo,Vichada,Colombia,1060,32,53,0,6.08,0.0,,2.8
d3bfbead-1f1f-3b0e-86f6-c8f8573444cc,  10.608620, -68.269260,2026-06-20 06:20:00,NPP-375D,Veroes,Yaracuy,Venezuela,317,24,249,-999,0.26,0.21,,3.6
5fa96922-628f-364d-9f9c-bd4803095c0d,  11.030750, -71.946460,2026-06-20 06:20:00,NPP-375D,Mara,Zulia,Venezuela,331,25,249,-999,0.0,1.0,,0.9
c7cfef0c-d432-363f-8153-cfd09b1224c1,  11.160110, -69.110420,2026-06-20 06:20:00,NPP-375D,Jacura,Falcón,Venezuela,118,12,249,2,0.0,1.0,,2.3
e5a1cc1a-bdc2-34d2-8e1d-eda2683344fd,   -.806240, -78.847260,2026-06-20 06:22:00,NPP-375D,Sigchos,Cotopaxi,Ecuador,49,6,68,3,0.05,0.02,,2.3
008ae5e2-aa02-3af4-84d2-c848c02fc983,  -9.020820, -63.553730,2026-06-20 06:22:00,NPP-375D,CANDEIAS DO JAMARI,RONDÔNIA,Brasil,1100809,11,33,3,0.5,0.8,Amazônia,2.3
a4e5864d-6d62-3dd9-a192-36ceaee61acf,  -7.343040, -72.602720,2026-06-20 06:22:00,NPP-375D,GUAJARÁ,AMAZONAS,Brasil,1301654,13,33,0,1.23,0.07,Amazônia,0.4
b32fedc2-8f4b-3c30-a629-c5200427720a,  -9.016060, -63.544630,2026-06-20 06:22:00,NPP-375D,CANDEIAS DO JAMARI,RONDÔNIA,Brasil,1100809,11,33,3,0.55,0.97,Amazônia,0.8
854bbd58-66e7-3e02-b8e8-270c4b1cb2c3,   -.802590, -78.849580,2026-06-20 06:22:00,NPP-375D,Sigchos,Cotopaxi,Ecuador,49,6,68,3,0.0,0.01,,4.9
a5d453db-2db4-310f-bdd6-b73eed89044a,   3.995700, -72.875710,2026-06-20 06:22:00,NPP-375D,Puerto López,Meta,Colombia,701,20,53,1,0.1,0.0,,0.7
46d91ae6-6526-3c0b-a177-d71a18459a6a,  -9.021370, -63.549600,2026-06-20 06:22:00,NPP-375D,CANDEIAS DO JAMARI,RONDÔNIA,Brasil,1100809,11,33,3,0.5,0.64,Amazônia,2.3
85f00fc8-146a-3120-a9e9-306852cd7db8,   -.801660, -78.846960,2026-06-20 06:22:00,NPP-375D,Sigchos,Cotopaxi,Ecuador,49,6,68,3,0.06,0.02,,2.6
0678aade-a280-3ff1-93cd-4399d56b07d9,   3.060530, -76.580310,2026-06-20 06:22:00,NPP-375D,Santander de Quilichao,Cauca,Colombia,437,11,53,3,0.31,0.12,,0.7
60697d02-c579-318a-8b2a-30e8b27228e1,  -7.346400, -72.603240,2026-06-20 06:22:00,NPP-375D,GUAJARÁ,AMAZONAS,Brasil,1301654,13,33,0,1.2,0.07,Amazônia,1.3
3e162d7e-1273-370c-81ec-30e12e3605c3,  -9.021910, -63.545480,2026-06-20 06:22:00,NPP-375D,CANDEIAS DO JAMARI,RONDÔNIA,Brasil,1100809,11,33,3,0.54,0.78,Amazônia,2.0
20bb844c-197e-3354-a425-3054a8fb46b1,   -.841600, -75.568310,2026-06-20 06:22:00,NPP-375D,Aguarico,Orellana,Ecuador,158,17,68,0,2.39,0.0,,1.1
9cc5686f-8ef9-300a-9937-cbfada9251bd, -12.533900, -45.020400,2026-06-20 06:30:00,GOES-19,SÃO DESIDÉRIO,BAHIA,Brasil,2928901,29,33,27,0.0,1.0,Cerrado,99.1
91e7aea2-05df-325d-be93-dcdb8c7934b3, -12.572400, -45.014300,2026-06-20 06:30:00,GOES-19,SÃO DESIDÉRIO,BAHIA,Brasil,2928901,29,33,27,0.0,1.0,Cerrado,70.1
5e95a263-730c-3a0d-9d4f-5a3c2c0bf000, -11.185700, -46.584700,2026-06-20 06:30:00,GOES-19,MATEIROS,TOCANTINS,Brasil,1712702,17,33,31,0.0,1.0,Cerrado,54.1
edef28d4-af8d-31e5-995c-fc491bdbbcec, -12.552700, -45.040600,2026-06-20 06:30:00,GOES-19,SÃO DESIDÉRIO,BAHIA,Brasil,2928901,29,33,27,0.0,1.0,Cerrado,100.4
0d410caa-7f28-37d9-b3f3-eb28b62f1b13, -11.186100, -46.562100,2026-06-20 06:30:00,GOES-19,MATEIROS,TOCANTINS,Brasil,1712702,17,33,29,0.0,1.0,Cerrado,99.4
92b0d643-abe8-3821-a088-50c22d18dc65, -12.553100, -45.017400,2026-06-20 06:30:00,GOES-19,SÃO DESIDÉRIO,BAHIA,Brasil,2928901,29,33,27,0.0,1.0,Cerrado,265.0
d09828bd-6c0d-395e-8bbf-687b57189b3b, -11.205200, -46.559600,2026-06-20 06:30:00,GOES-19,MATEIROS,TOCANTINS,Brasil,1712702,17,33,29,0.0,1.0,Cerrado,71.1
d5d1dd0d-49d4-3e65-8675-274956b67465, -36.478940, -72.732990,2026-06-20 06:31:00,NPP-375D,Ñuble,Bío-Bío,Chile,15,6,48,6,1.24,0.24,,1.2
fed4601b-4b72-3cd1-9f67-6c99a8d0974e, -37.514250, -69.082360,2026-06-20 06:31:00,NPP-375D,Pehuenches,Neuquén,Argentina,365,15,12,4,0.0,0.75,,0.6
6e165820-0450-39fd-b919-b03d9e211d70, -38.910350, -69.181650,2026-06-20 06:33:00,NPP-375D,Confluencia,Neuquén,Argentina,359,15,12,2,0.25,-999.0,,0.8
e9972b6f-8693-36a0-8186-d75c6d6438d5,  10.607250, -68.268520,2026-06-20 06:37:00,NOAA-20,Veroes,Yaracuy,Venezuela,317,24,249,-999,0.28,0.21,,2.0
ae3d0814-0e15-370e-a0e1-a8ee725b5ea2,  10.198910, -73.408800,2026-06-20 06:37:00,NOAA-20,Valledupar,Cesar,Colombia,468,12,53,0,3.38,0.08,,0.5
4e789005-2a50-357e-bc58-0cf13deb2de3,  11.029300, -71.948810,2026-06-20 06:37:00,NOAA-20,Mara,Zulia,Venezuela,331,25,249,-999,0.0,1.0,,1.0
52ef172b-7bcf-383b-b5a8-b15633dee1fb,  11.160630, -69.108890,2026-06-20 06:37:00,NOAA-20,Jacura,Falcón,Venezuela,118,12,249,2,0.0,1.0,,1.6
d8ee550a-ebd0-318e-a828-d94720eda9e8,   9.292700, -63.897610,2026-06-20 06:37:00,NOAA-20,Aguasay,Monagas,Venezuela,202,17,249,0,3.02,0.16,,2.6
1cc992ff-c56b-32f1-a62f-f40fd1b71654, -12.553100, -45.017400,2026-06-20 06:40:00,GOES-19,SÃO DESIDÉRIO,BAHIA,Brasil,2928901,29,33,27,0.0,1.0,Cerrado,253.1
bc84f7f4-994c-3cd1-b67b-b07bd0458d26, -12.533400, -45.043600,2026-06-20 06:40:00,GOES-19,SÃO DESIDÉRIO,BAHIA,Brasil,2928901,29,33,27,0.0,1.0,Cerrado,48.0
8aac503c-1ce2-3971-96c0-cc505f41931e, -12.552700, -45.040600,2026-06-20 06:40:00,GOES-19,SÃO DESIDÉRIO,BAHIA,Brasil,2928901,29,33,27,0.0,1.0,Cerrado,134.6
2021f38c-9eb3-3d1a-bb59-4cad8981756b, -12.533900, -45.020400,2026-06-20 06:40:00,GOES-19,SÃO DESIDÉRIO,BAHIA,Brasil,2928901,29,33,27,0.0,1.0,Cerrado,67.5
e4948e28-7787-3aa1-a3e2-754723190039, -12.572400, -45.014300,2026-06-20 06:40:00,GOES-19,SÃO DESIDÉRIO,BAHIA,Brasil,2928901,29,33,27,0.0,1.0,Cerrado,89.1
eb5fa503-b84f-3694-80e9-3d0dfba1a1f3,   3.734010, -75.047850,2026-06-20 06:40:00,NOAA-20,Coyaima,Tolima,Colombia,977,29,53,0,0.1,0.05,,2.3
714a615b-a33a-33eb-ace0-06b3ad182242,   3.999620, -72.874350,2026-06-20 06:40:00,NOAA-20,Puerto López,Meta,Colombia,701,20,53,1,0.1,0.0,,1.0
98512cf8-e747-37c0-a374-0a71bee85bab,   4.684560, -69.038390,2026-06-20 06:40:00,NOAA-20,Cumaribo,Vichada,Colombia,1060,32,53,0,6.23,0.0,,1.9
0c80ac59-7529-3748-9990-3f78b50e0cb1,   3.734610, -75.051660,2026-06-20 06:40:00,NOAA-20,Coyaima,Tolima,Colombia,977,29,53,0,0.1,0.04,,3.6
645204e0-67c7-3232-a6fb-177fe1173683,   3.062610, -76.579350,2026-06-20 06:40:00,NOAA-20,Santander de Quilichao,Cauca,Colombia,437,11,53,3,0.3,0.12,,0.7
105fcb2a-6ced-3468-abfe-81deb6ebda10,   4.689510, -69.037550,2026-06-20 06:40:00,NOAA-20,Cumaribo,Vichada,Colombia,1060,32,53,0,6.05,0.0,,2.6
9fa36f0c-c6ff-366b-889e-30ee6e65508b,   3.995750, -72.874960,2026-06-20 06:40:00,NOAA-20,Puerto López,Meta,Colombia,701,20,53,1,0.1,0.0,,1.0
ae147448-8028-3fa7-b0bc-2ee93a3ea377,   3.738080, -75.051110,2026-06-20 06:40:00,NOAA-20,Coyaima,Tolima,Colombia,977,29,53,0,0.1,0.04,,1.7
94880427-5184-36a6-9d08-e7c26f00a28c,   4.690450, -69.037540,2026-06-20 06:40:00,NOAA-20,Cumaribo,Vichada,Colombia,1060,32,53,0,6.02,0.0,,1.3
e37c72ff-759c-3806-9ef2-fe079bf312f5,   4.685500, -69.038360,2026-06-20 06:40:00,NOAA-20,Cumaribo,Vichada,Colombia,1060,32,53,0,6.2,0.0,,1.3
50218dd5-176c-3450-9636-4b4356b3f05a,   3.735220, -75.055470,2026-06-20 06:40:00,NOAA-20,Coyaima,Tolima,Colombia,977,29,53,0,0.1,0.04,,3.6
eec5e7b5-0d38-3d81-87de-8461389ee57a,  -2.789590, -78.831380,2026-06-20 06:42:00,NOAA-20,Azogues,Cañar,Ecuador,21,3,68,2,0.29,0.08,,2.3
35431dc7-035c-3a8a-ac0a-87cdc417f31f,  -7.345560, -72.602360,2026-06-20 06:44:00,NOAA-20,GUAJARÁ,AMAZONAS,Brasil,1301654,13,33,0,1.2,0.07,Amazônia,1.0
e107b2a5-4168-3769-a022-1fd762fd6242,  -6.195990, -79.979160,2026-06-20 06:44:00,NOAA-20,Lambayeque,Lambayeque,Peru,127,14,178,10,0.0,1.0,,0.8
cffb576e-fb26-3813-92c7-8e75bbe140c3, -12.552700, -45.040600,2026-06-20 06:50:00,GOES-19,SÃO DESIDÉRIO,BAHIA,Brasil,2928901,29,33,27,0.0,1.0,Cerrado,112.2
14ad3229-75c7-39b1-8327-f563aa6efc9a, -12.572400, -45.014300,2026-06-20 06:50:00,GOES-19,SÃO DESIDÉRIO,BAHIA,Brasil,2928901,29,33,27,0.0,1.0,Cerrado,90.8
3c09f113-4590-38e3-a5b4-63deb718d9ef, -12.533900, -45.020400,2026-06-20 06:50:00,GOES-19,SÃO DESIDÉRIO,BAHIA,Brasil,2928901,29,33,27,0.0,1.0,Cerrado,88.2
7c58718b-6e7e-3312-b7af-22ac3ac0f589, -12.553100, -45.017400,2026-06-20 06:50:00,GOES-19,SÃO DESIDÉRIO,BAHIA,Brasil,2928901,29,33,27,0.0,1.0,Cerrado,285.8
5728de72-fbaa-3543-978d-5c6eb16c41c5, -12.533900, -45.020400,2026-06-20 07:00:00,GOES-19,SÃO DESIDÉRIO,BAHIA,Brasil,2928901,29,33,27,0.0,1.0,Cerrado,67.8
46e5c229-6a38-30a0-bd40-cd8ce3c4f262, -12.552700, -45.040600,2026-06-20 07:00:00,GOES-19,SÃO DESIDÉRIO,BAHIA,Brasil,2928901,29,33,27,0.0,1.0,Cerrado,150.8
2da81266-223c-30a8-8b72-8c4d302ae642, -12.533400, -45.043600,2026-06-20 07:00:00,GOES-19,SÃO DESIDÉRIO,BAHIA,Brasil,2928901,29,33,27,0.0,1.0,Cerrado,47.5
84b9ed8b-4cb0-384d-a583-4b1b13038f9b, -12.572400, -45.014300,2026-06-20 07:00:00,GOES-19,SÃO DESIDÉRIO,BAHIA,Brasil,2928901,29,33,27,0.0,1.0,Cerrado,74.4
d352e836-9e4b-3fde-8301-6973484547a4, -12.553100, -45.017400,2026-06-20 07:00:00,GOES-19,SÃO DESIDÉRIO,BAHIA,Brasil,2928901,29,33,27,0.0,1.0,Cerrado,234.6
0815c104-4f5b-35d9-8f5e-31862b589c1e,  -8.650490, -47.757880,2026-06-20 07:03:00,AQUA_M-M,ITACAJÁ,TOCANTINS,Brasil,1710508,17,33,2,0.0,0.95,Cerrado,25.3
b76d0641-47f3-3e72-9ca4-c3a7f1916b7f, -11.070980, -52.478180,2026-06-20 07:03:00,AQUA_M-M,SÃO JOSÉ DO XINGU,MATO GROSSO,Brasil,5107354,51,33,1,0.68,0.37,Amazônia,5.7
272fa06a-8676-38bc-a288-4a1af8d16bb8, -11.061000, -52.476820,2026-06-20 07:03:00,AQUA_M-M,SÃO JOSÉ DO XINGU,MATO GROSSO,Brasil,5107354,51,33,1,0.63,0.37,Amazônia,8.8
811f7ac6-cda3-3765-94b5-ec92fc979d95, -13.200700, -50.342170,2026-06-20 07:05:00,AQUA_M-M,SÃO MIGUEL DO ARAGUAIA,GOIÁS,Brasil,5220207,52,33,9,0.0,0.85,Cerrado,14.9
e31a048e-5a28-31d9-aa16-cd9a659880a3, -21.704220, -60.181830,2026-06-20 07:07:00,AQUA_M-M,General Eugenio A. Garay,Boquerón,Paraguay,43,6,177,6,0.0,0.91,,9.3
8aa27dd0-cc15-3e37-a257-e39df7d4504c, -18.050700, -59.595260,2026-06-20 07:07:00,AQUA_M-M,Chiquitos,Santa Cruz,Bolivia,80,8,28,4,0.0,0.45,,40.7
54884a3e-be8a-3804-bb85-dada44bc50d6, -12.572000, -45.037600,2026-06-20 07:10:00,GOES-19,SÃO DESIDÉRIO,BAHIA,Brasil,2928901,29,33,27,0.0,1.0,Cerrado,54.1
0b974cc0-b099-3fe7-9f43-c41a477e1d4f, -12.572400, -45.014300,2026-06-20 07:10:00,GOES-19,SÃO DESIDÉRIO,BAHIA,Brasil,2928901,29,33,27,0.0,1.0,Cerrado,88.2
912eeb12-fdd0-3941-82c0-d2cb2b3a9981, -12.553100, -45.017400,2026-06-20 07:10:00,GOES-19,SÃO DESIDÉRIO,BAHIA,Brasil,2928901,29,33,27,0.0,1.0,Cerrado,256.4
ae81b80d-1782-3b6a-893e-69d8e943f174, -12.552700, -45.040600,2026-06-20 07:10:00,GOES-19,SÃO DESIDÉRIO,BAHIA,Brasil,2928901,29,33,27,0.0,1.0,Cerrado,160.1
329ccd45-b6c9-377f-90c0-a2acea05f259, -37.719510, -69.129510,2026-06-20 07:12:00,AQUA_M-M,Pehuenches,Neuquén,Argentina,365,15,12,7,0.0,0.73,,27.9
986d9f50-f092-3b42-ae82-6c2284dc2c1f, -37.713230, -69.120190,2026-06-20 07:12:00,AQUA_M-M,Pehuenches,Neuquén,Argentina,365,15,12,7,0.0,0.73,,20.1
a4dfb949-2295-3509-ab2e-047b5d633f2b, -12.533900, -45.020400,2026-06-20 07:20:00,GOES-19,SÃO DESIDÉRIO,BAHIA,Brasil,2928901,29,33,27,0.0,1.0,Cerrado,51.8
f234d0a7-82a0-35cb-82a3-7b034cf684d9, -12.572400, -45.014300,2026-06-20 07:20:00,GOES-19,SÃO DESIDÉRIO,BAHIA,Brasil,2928901,29,33,27,0.0,1.0,Cerrado,85.8
9e6a2c9a-ed38-3ffd-93d1-10f117caf843, -12.553100, -45.017400,2026-06-20 07:20:00,GOES-19,SÃO DESIDÉRIO,BAHIA,Brasil,2928901,29,33,27,0.0,1.0,Cerrado,215.9
36346f51-4ee7-3521-9329-6329d13d7a48, -12.572000, -45.037600,2026-06-20 07:20:00,GOES-19,SÃO DESIDÉRIO,BAHIA,Brasil,2928901,29,33,27,0.0,1.0,Cerrado,50.1
ad0524cd-f187-36a4-8548-3507e7adaa17, -12.552700, -45.040600,2026-06-20 07:20:00,GOES-19,SÃO DESIDÉRIO,BAHIA,Brasil,2928901,29,33,27,0.0,1.0,Cerrado,130.7
a3a13dc7-55a9-3c3c-8e71-a98046b99b8f, -12.572400, -45.014300,2026-06-20 07:30:00,GOES-19,SÃO DESIDÉRIO,BAHIA,Brasil,2928901,29,33,27,0.0,1.0,Cerrado,73.1
f0381522-a327-3f5e-94d5-66857e2a4b11, -12.552700, -45.040600,2026-06-20 07:30:00,GOES-19,SÃO DESIDÉRIO,BAHIA,Brasil,2928901,29,33,27,0.0,1.0,Cerrado,194.7
8e690cc1-fa55-3d36-ab9e-5d3c35ff6cff, -12.572000, -45.037600,2026-06-20 07:30:00,GOES-19,SÃO DESIDÉRIO,BAHIA,Brasil,2928901,29,33,27,0.0,1.0,Cerrado,51.4
192286bc-829e-3cf7-9c34-2904f5e272e9, -12.553100, -45.017400,2026-06-20 07:30:00,GOES-19,SÃO DESIDÉRIO,BAHIA,Brasil,2928901,29,33,27,0.0,1.0,Cerrado,276.7
03644450-6442-353f-9c33-36d314e4820d, -12.552700, -45.040600,2026-06-20 07:40:00,GOES-19,SÃO DESIDÉRIO,BAHIA,Brasil,2928901,29,33,27,0.0,1.0,Cerrado,216.6
f7311c80-4c05-3545-9b1b-718bffb4a6d3, -12.533900, -45.020400,2026-06-20 07:40:00,GOES-19,SÃO DESIDÉRIO,BAHIA,Brasil,2928901,29,33,27,0.0,1.0,Cerrado,62.0
0f7eeb19-4582-3e02-9d77-3d472c7d7736, -12.533400, -45.043600,2026-06-20 07:40:00,GOES-19,SÃO DESIDÉRIO,BAHIA,Brasil,2928901,29,33,27,0.0,1.0,Cerrado,77.3
bb5af2a7-09cb-32e7-87de-aa76ab233b20, -12.572400, -45.014300,2026-06-20 07:40:00,GOES-19,SÃO DESIDÉRIO,BAHIA,Brasil,2928901,29,33,27,0.0,1.0,Cerrado,77.1
f1487865-2914-3688-b632-0ae4ab7e93ca, -12.572000, -45.037600,2026-06-20 07:40:00,GOES-19,SÃO DESIDÉRIO,BAHIA,Brasil,2928901,29,33,27,0.0,1.0,Cerrado,74.9
c03f0b77-a10f-3022-b2dc-abe62605cee7, -12.553100, -45.017400,2026-06-20 07:40:00,GOES-19,SÃO DESIDÉRIO,BAHIA,Brasil,2928901,29,33,27,0.0,1.0,Cerrado,190.3
48b729c0-2688-3aa8-a2f6-6bc958d550a7, -12.572400, -45.014300,2026-06-20 07:50:00,GOES-19,SÃO DESIDÉRIO,BAHIA,Brasil,2928901,29,33,27,0.0,1.0,Cerrado,76.7
29a40f30-5cdf-3f9a-8dc8-b4a4bdd7df2c, -12.552700, -45.040600,2026-06-20 07:50:00,GOES-19,SÃO DESIDÉRIO,BAHIA,Brasil,2928901,29,33,27,0.0,1.0,Cerrado,342.1
5c367c9f-9448-36f3-bf3f-dc6c2eef8793, -12.533400, -45.043600,2026-06-20 07:50:00,GOES-19,SÃO DESIDÉRIO,BAHIA,Brasil,2928901,29,33,27,0.0,1.0,Cerrado,79.5
78530a46-f798-3b72-9248-98621c9e0fd8, -12.553100, -45.017400,2026-06-20 07:50:00,GOES-19,SÃO DESIDÉRIO,BAHIA,Brasil,2928901,29,33,27,0.0,1.0,Cerrado,273.8
e6f7f9f9-19db-3cb2-bf11-55662329a460, -12.533900, -45.020400,2026-06-20 07:50:00,GOES-19,SÃO DESIDÉRIO,BAHIA,Brasil,2928901,29,33,27,0.0,1.0,Cerrado,57.5
4e819a48-09c3-3937-b086-9617107e4c75, -12.572000, -45.037600,2026-06-20 07:50:00,GOES-19,SÃO DESIDÉRIO,BAHIA,Brasil,2928901,29,33,27,0.0,1.0,Cerrado,92.3
545215ef-af29-38c1-b973-5c8c734d2435, -12.572000, -45.037600,2026-06-20 08:00:00,GOES-19,SÃO DESIDÉRIO,BAHIA,Brasil,2928901,29,33,27,0.0,1.0,Cerrado,98.6
b7a60227-a5d5-3ad6-bfe0-925092a07aec, -12.552700, -45.040600,2026-06-20 08:00:00,GOES-19,SÃO DESIDÉRIO,BAHIA,Brasil,2928901,29,33,27,0.0,1.0,Cerrado,287.9
0e32d7f6-35f2-3198-a24b-d2339b1d3e16, -12.572400, -45.014300,2026-06-20 08:00:00,GOES-19,SÃO DESIDÉRIO,BAHIA,Brasil,2928901,29,33,27,0.0,1.0,Cerrado,78.3
1e705723-6ead-3faa-94dd-47b8a9184a4b, -12.553100, -45.017400,2026-06-20 08:00:00,GOES-19,SÃO DESIDÉRIO,BAHIA,Brasil,2928901,29,33,27,0.0,1.0,Cerrado,217.0
a2f89f0d-ca83-359c-96fd-57a393fd1449, -12.533900, -45.020400,2026-06-20 08:00:00,GOES-19,SÃO DESIDÉRIO,BAHIA,Brasil,2928901,29,33,27,0.0,1.0,Cerrado,53.6
409f3599-8c8b-36c3-ba18-94c3aff3412a, -12.533400, -45.043600,2026-06-20 08:00:00,GOES-19,SÃO DESIDÉRIO,BAHIA,Brasil,2928901,29,33,27,0.0,1.0,Cerrado,79.5
54309b0c-b083-34d4-a23a-e42b79e6ef92, -12.552700, -45.040600,2026-06-20 08:10:00,GOES-19,SÃO DESIDÉRIO,BAHIA,Brasil,2928901,29,33,27,0.0,1.0,Cerrado,363.6
032cf10e-01d1-38cf-86c1-1a9b9bc585b3, -12.553100, -45.017400,2026-06-20 08:10:00,GOES-19,SÃO DESIDÉRIO,BAHIA,Brasil,2928901,29,33,27,0.0,1.0,Cerrado,213.1
b932a226-c228-3079-9dd4-8b34457fb5b8, -12.572000, -45.037600,2026-06-20 08:10:00,GOES-19,SÃO DESIDÉRIO,BAHIA,Brasil,2928901,29,33,27,0.0,1.0,Cerrado,94.9
c01e7af0-96b2-3cfc-adbc-1f7890ba4ea9, -12.572400, -45.014300,2026-06-20 08:10:00,GOES-19,SÃO DESIDÉRIO,BAHIA,Brasil,2928901,29,33,27,0.0,1.0,Cerrado,59.4
b03b5518-d647-38ae-b699-a16c9b8eaed9, -12.552700, -45.040600,2026-06-20 08:20:00,GOES-19,SÃO DESIDÉRIO,BAHIA,Brasil,2928901,29,33,27,0.0,1.0,Cerrado,354.0
6592a4e1-4efe-3439-9245-4e0cd35b2127, -12.533900, -45.020400,2026-06-20 08:20:00,GOES-19,SÃO DESIDÉRIO,BAHIA,Brasil,2928901,29,33,27,0.0,1.0,Cerrado,50.3
0cab8d5d-395b-3039-ab32-08c213c98035, -12.572000, -45.037600,2026-06-20 08:20:00,GOES-19,SÃO DESIDÉRIO,BAHIA,Brasil,2928901,29,33,27,0.0,1.0,Cerrado,132.4
2ce9432f-8ef7-3504-82fb-185620e26048, -12.533400, -45.043600,2026-06-20 08:20:00,GOES-19,SÃO DESIDÉRIO,BAHIA,Brasil,2928901,29,33,27,0.0,1.0,Cerrado,95.4
4edf2f6c-96d2-39a2-a531-ac4213017b22, -12.553100, -45.017400,2026-06-20 08:20:00,GOES-19,SÃO DESIDÉRIO,BAHIA,Brasil,2928901,29,33,27,0.0,1.0,Cerrado,190.6
f62c4e21-73bf-3940-83e2-196d28ed6d55, -12.572400, -45.014300,2026-06-20 08:20:00,GOES-19,SÃO DESIDÉRIO,BAHIA,Brasil,2928901,29,33,27,0.0,1.0,Cerrado,85.4
2a71c692-c252-343a-9244-fc8ed762a5d3, -12.572400, -45.014300,2026-06-20 08:30:00,GOES-19,SÃO DESIDÉRIO,BAHIA,Brasil,2928901,29,33,27,0.0,1.0,Cerrado,64.6
f98895f5-b077-3e07-be77-bf62d78b43bd, -12.552700, -45.040600,2026-06-20 08:30:00,GOES-19,SÃO DESIDÉRIO,BAHIA,Brasil,2928901,29,33,27,0.0,1.0,Cerrado,283.9
54435562-6264-3196-a362-082c22a36ad0, -12.553100, -45.017400,2026-06-20 08:30:00,GOES-19,SÃO DESIDÉRIO,BAHIA,Brasil,2928901,29,33,27,0.0,1.0,Cerrado,177.1
6343d3c5-3f46-3f15-87e0-40b4c9ca5373, -12.572000, -45.037600,2026-06-20 08:30:00,GOES-19,SÃO DESIDÉRIO,BAHIA,Brasil,2928901,29,33,27,0.0,1.0,Cerrado,100.0
2976c376-1529-3f34-9de0-fff8f58e97d6, -12.552700, -45.040600,2026-06-20 08:40:00,GOES-19,SÃO DESIDÉRIO,BAHIA,Brasil,2928901,29,33,27,0.0,1.0,Cerrado,213.8
db9c7b50-50a6-36b9-aa65-bbf6454f95b3, -12.553100, -45.017400,2026-06-20 08:40:00,GOES-19,SÃO DESIDÉRIO,BAHIA,Brasil,2928901,29,33,27,0.0,1.0,Cerrado,118.2
a065d9b3-6031-3e96-b790-3fbee6303e23, -12.533400, -45.043600,2026-06-20 08:40:00,GOES-19,SÃO DESIDÉRIO,BAHIA,Brasil,2928901,29,33,27,0.0,1.0,Cerrado,47.2
d40d41be-0948-318b-a053-0f6f476710bd, -12.572400, -45.014300,2026-06-20 08:40:00,GOES-19,SÃO DESIDÉRIO,BAHIA,Brasil,2928901,29,33,27,0.0,1.0,Cerrado,65.0
d4df5f61-75b2-343a-a583-6cb1ea095a48, -12.572000, -45.037600,2026-06-20 08:40:00,GOES-19,SÃO DESIDÉRIO,BAHIA,Brasil,2928901,29,33,27,0.0,1.0,Cerrado,102.3
3916b3b2-97cd-3371-a7c6-af6d5bdb45e3, -12.552700, -45.040600,2026-06-20 09:30:00,GOES-19,SÃO DESIDÉRIO,BAHIA,Brasil,2928901,29,33,27,0.0,1.0,Cerrado,133.6
ce402189-5fae-304e-80de-477aef2915a2, -12.552700, -45.040600,2026-06-20 09:50:00,GOES-19,SÃO DESIDÉRIO,BAHIA,Brasil,2928901,29,33,27,0.0,1.0,Cerrado,116.4
25755cc0-f2a0-3096-94e7-98cbb7d2ff77, -12.552700, -45.040600,2026-06-20 10:00:00,GOES-19,SÃO DESIDÉRIO,BAHIA,Brasil,2928901,29,33,27,0.0,1.0,Cerrado,161.7
0fc2498d-00df-3b23-a218-576137f5d912, -12.552700, -45.040600,2026-06-20 10:10:00,GOES-19,SÃO DESIDÉRIO,BAHIA,Brasil,2928901,29,33,27,0.0,1.0,Cerrado,110.5
07cbc3cd-3bc9-3cdd-a01e-5feb228543f2, -12.552700, -45.040600,2026-06-20 10:20:00,GOES-19,SÃO DESIDÉRIO,BAHIA,Brasil,2928901,29,33,27,0.0,1.0,Cerrado,119.0
dde465da-f20d-3678-aa0e-df6c2297f8b3,  -5.818700, -45.070470,2026-06-20 11:10:00,TERRA_M-M,BARRA DO CORDA,MARANHÃO,Brasil,2101608,21,33,4,0.0,0.91,Cerrado,26.7
82f6e313-99d0-34b6-95aa-6cd71bd5a059,  -8.498420, -39.385790,2026-06-20 11:10:00,TERRA_M-M,CABROBÓ,PERNAMBUCO,Brasil,2603009,26,33,42,0.0,1.0,Caatinga,6.4
51aaf4c4-1e85-3dca-aa2a-26d9e86684e8, -13.947110, -42.036280,2026-06-20 11:13:00,TERRA_M-M,LIVRAMENTO DE NOSSA SENHORA,BAHIA,Brasil,2919504,29,33,19,0.0,1.0,Caatinga,19.5
c430cef1-1bd0-3f9c-a917-446de693bda3, -13.769610, -40.619820,2026-06-20 11:13:00,TERRA_M-M,MARACÁS,BAHIA,Brasil,2920502,29,33,17,0.0,0.94,Caatinga,4.3
d2ea5568-f1d3-337c-93cb-9ee6178099f3, -13.767970, -40.630520,2026-06-20 11:13:00,TERRA_M-M,MARACÁS,BAHIA,Brasil,2920502,29,33,17,0.0,0.95,Caatinga,14.8
eafa9956-cd1b-3896-b47e-b8263540d76e, -19.438630, -40.385170,2026-06-20 11:15:00,TERRA_M-M,LINHARES,ESPÍRITO SANTO,Brasil,3203205,32,33,4,0.0,1.0,Mata Atlântica,4.0
54db55d2-e65f-3a44-bd40-ab31786327bb,  -7.182800, -44.877800,2026-06-20 12:30:00,GOES-19,SÃO FÉLIX DE BALSAS,MARANHÃO,Brasil,2110807,21,33,49,0.0,1.0,Cerrado,80.8
3802e8f4-d178-370e-bb1e-9ae2cf0f7ce7,  -7.182800, -44.877800,2026-06-20 12:40:00,GOES-19,SÃO FÉLIX DE BALSAS,MARANHÃO,Brasil,2110807,21,33,49,0.0,1.0,Cerrado,86.1
34cd83cc-19f6-3209-8924-1747fc4345e7,    .605900, -55.394170,2026-06-20 12:46:00,TERRA_M-T,ALENQUER,PARÁ,Brasil,1500404,15,33,0,3.32,0.0,Amazônia,5.5
4b3aa066-be3a-3bab-9415-e5b46ecba1ab, -10.935840, -56.838580,2026-06-20 12:49:00,TERRA_M-T,JUARA,MATO GROSSO,Brasil,5105101,51,33,24,6.42,0.1,Amazônia,19.2
50412c89-0039-35d2-9dc3-9c5f221ab9fd,  -9.786070, -56.952790,2026-06-20 12:49:00,TERRA_M-T,NOVA MONTE VERDE,MATO GROSSO,Brasil,5108956,51,33,1,0.0,1.0,Amazônia,20.5
2a6e1008-c8ec-3139-ac9b-0860f487a87d, -10.278850, -60.549390,2026-06-20 12:49:00,TERRA_M-T,ARIPUANÃ,MATO GROSSO,Brasil,5101407,51,33,2,0.0,0.51,Amazônia,3.0
1fadbfe2-6cb7-3fa8-ad10-8a7175b8081e, -10.933950, -56.844690,2026-06-20 12:49:00,TERRA_M-T,JUARA,MATO GROSSO,Brasil,5105101,51,33,25,6.29,0.11,Amazônia,31.7
7bc19dee-bfd0-37d1-a343-1ce1c8d494ae,  -9.024600, -63.543950,2026-06-20 12:49:00,TERRA_M-T,CANDEIAS DO JAMARI,RONDÔNIA,Brasil,1100809,11,33,3,0.56,0.77,Amazônia,5.1
907efcc9-130c-3986-9ccb-f793cadd38d1, -10.576440, -57.313220,2026-06-20 12:49:00,TERRA_M-T,JUARA,MATO GROSSO,Brasil,5105101,51,33,6,0.61,0.35,Amazônia,8.6
fe45ec69-13b3-3eca-bdcd-488814d3f0b8, -12.424720, -54.181490,2026-06-20 12:49:00,TERRA_M-T,NOVA UBIRATÃ,MATO GROSSO,Brasil,5106240,51,33,24,0.8,0.62,Amazônia,17.5
2d2843a5-7ed4-3acc-b935-baac8f935245, -10.574630, -57.327150,2026-06-20 12:49:00,TERRA_M-T,JUARA,MATO GROSSO,Brasil,5105101,51,33,7,0.67,0.34,Amazônia,9.8
89dfae27-2056-316c-baf7-bf303e0caa2b, -10.280130, -60.540130,2026-06-20 12:49:00,TERRA_M-T,ARIPUANÃ,MATO GROSSO,Brasil,5101407,51,33,2,0.0,0.5,Amazônia,4.6
5addaaf1-2a14-3eb0-b4be-a7e4ffeadb5f, -10.933870, -56.853830,2026-06-20 12:49:00,TERRA_M-T,JUARA,MATO GROSSO,Brasil,5105101,51,33,26,6.07,0.11,Amazônia,15.5
ef8f21dc-f272-3895-ae88-e8236b742293, -10.200080, -65.517810,2026-06-20 12:49:00,TERRA_M-T,Federico Román,Pando,Bolivia,60,6,28,6,1.19,0.19,,14.8
c3b510fe-1607-3315-958a-8a3063fcf831,  -7.182800, -44.877800,2026-06-20 12:50:00,GOES-19,SÃO FÉLIX DE BALSAS,MARANHÃO,Brasil,2110807,21,33,49,0.0,1.0,Cerrado,92.7
d2414b26-2b67-3a99-bd3e-c3d103d3372c, -15.597070, -61.806350,2026-06-20 12:51:00,TERRA_M-T,Ñuflo de Chávez,Santa Cruz,Bolivia,78,8,28,7,0.0,0.37,,8.8
a7a670aa-ec8d-38f4-956a-4e13d4a35dcb, -17.284600, -63.126430,2026-06-20 12:51:00,TERRA_M-T,Ignacio Warnes,Santa Cruz,Bolivia,84,8,28,1,0.0,1.0,,7.1
9f2d470d-f926-38eb-a60e-bd981eb9673b, -17.159250, -63.216660,2026-06-20 12:51:00,TERRA_M-T,Obispo Santistevan,Santa Cruz,Bolivia,87,8,28,3,0.1,1.0,,9.0
4ac9ec4e-1b48-3c6a-a1af-dff3077b3aed, -15.595780, -61.815700,2026-06-20 12:51:00,TERRA_M-T,Ñuflo de Chávez,Santa Cruz,Bolivia,78,8,28,7,0.0,0.37,,5.9
02a0f10e-5837-3368-a649-09c2eb14d8b0, -18.335430, -59.045120,2026-06-20 12:51:00,TERRA_M-T,Chiquitos,Santa Cruz,Bolivia,80,8,28,1,0.0,0.45,,7.5
34e1e324-eba1-35ec-ba04-78a4211f4139, -17.226600, -63.139290,2026-06-20 12:51:00,TERRA_M-T,Obispo Santistevan,Santa Cruz,Bolivia,87,8,28,0,0.0,1.0,,4.5
3edb51e0-95b1-3414-93e3-72e7d98f2018, -16.168440, -61.133160,2026-06-20 12:51:00,TERRA_M-T,José Miguel de Velasco,Santa Cruz,Bolivia,85,8,28,11,0.0,0.54,,7.4
15de3163-4c86-371b-b38a-ff003b1c17bb, -16.167080, -61.143140,2026-06-20 12:51:00,TERRA_M-T,José Miguel de Velasco,Santa Cruz,Bolivia,85,8,28,11,0.0,0.54,,7.1
726f91fd-3cfd-32d2-ade5-2ee530377485, -21.748340, -60.279750,2026-06-20 12:51:00,TERRA_M-T,General Eugenio A. Garay,Boquerón,Paraguay,43,6,177,6,0.0,0.9,,11.7
0cad8da0-8f41-37d9-b3dc-46b59cd0216a, -18.053410, -59.596900,2026-06-20 12:51:00,TERRA_M-T,Chiquitos,Santa Cruz,Bolivia,80,8,28,4,0.0,0.45,,19.9
4ce0e040-10a7-3414-93e7-77443de8ca80, -17.245530, -63.132780,2026-06-20 12:51:00,TERRA_M-T,Obispo Santistevan,Santa Cruz,Bolivia,87,8,28,1,0.0,1.0,,3.7
05ca0316-e741-3608-8e2c-0edccfdd9102, -16.268060, -60.014930,2026-06-20 12:51:00,TERRA_M-T,VILA BELA DA SANTÍSSIMA TRINDADE,MATO GROSSO,Brasil,5105507,51,33,1,0.0,0.94,Amazônia,12.7
8740f320-528a-34de-9969-ec3f5c926e43, -17.177220, -63.153890,2026-06-20 12:51:00,TERRA_M-T,Obispo Santistevan,Santa Cruz,Bolivia,87,8,28,0,0.0,1.0,,5.9
d9a6f165-600b-3ee7-88bc-474df2947798, -21.746770, -60.292990,2026-06-20 12:51:00,TERRA_M-T,General Eugenio A. Garay,Boquerón,Paraguay,43,6,177,5,0.0,0.98,,9.3
2fbae739-f20a-376c-97e0-7b30f39a9c77, -17.775960, -60.923400,2026-06-20 12:51:00,TERRA_M-T,Chiquitos,Santa Cruz,Bolivia,80,8,28,8,0.0,0.87,,6.1
b7e522e2-dac8-3bce-a023-3ee10760c645, -16.425790, -59.576470,2026-06-20 12:51:00,TERRA_M-T,José Miguel de Velasco,Santa Cruz,Bolivia,85,8,28,8,0.0,0.51,,7.2
6cae5e4a-6910-3042-bfe4-fe6ad19c5336, -25.471620, -65.268980,2026-06-20 12:53:00,TERRA_M-T,Guachipas,Salta,Argentina,390,17,12,14,0.0,0.85,,8.3
734cbf2a-8f5f-389f-bf74-67306edbd8db, -25.373240, -63.435330,2026-06-20 12:53:00,TERRA_M-T,Anta,Salta,Argentina,382,17,12,6,0.0,0.96,,6.6
fbb332f8-c6d9-3f30-b911-c0bb104652a4, -27.967450, -63.761960,2026-06-20 12:53:00,TERRA_M-T,Robles,Santiago del Estero,Argentina,480,22,12,28,0.0,0.95,,9.6
0ab59545-2325-3955-a567-4d4de409df13,  -7.182800, -44.877800,2026-06-20 13:00:00,GOES-19,SÃO FÉLIX DE BALSAS,MARANHÃO,Brasil,2110807,21,33,49,0.0,1.0,Cerrado,92.5
50017627-c990-34cb-b833-35234e908ca1,  -7.182800, -44.877800,2026-06-20 13:10:00,GOES-19,SÃO FÉLIX DE BALSAS,MARANHÃO,Brasil,2110807,21,33,49,0.0,1.0,Cerrado,130.1
216aeeda-e473-3a8d-8063-cbf7504c9e41,  -7.182800, -44.877800,2026-06-20 13:20:00,GOES-19,SÃO FÉLIX DE BALSAS,MARANHÃO,Brasil,2110807,21,33,49,0.0,1.0,Cerrado,100.8
7016d35b-527e-35f0-b9aa-9535cf23508a,  -7.182800, -44.877800,2026-06-20 13:30:00,GOES-19,SÃO FÉLIX DE BALSAS,MARANHÃO,Brasil,2110807,21,33,49,0.0,1.0,Cerrado,119.6
3e54d7ac-94fe-37cf-a8fd-66ee67f54fd7, -11.271100, -49.680800,2026-06-20 13:40:00,GOES-19,DUERÉ,TOCANTINS,Brasil,1707306,17,33,29,0.0,1.0,Cerrado,113.2
4bb56aa6-d63e-38a5-bc24-2c06ecc4d35b,  -7.182800, -44.877800,2026-06-20 13:40:00,GOES-19,SÃO FÉLIX DE BALSAS,MARANHÃO,Brasil,2110807,21,33,49,0.0,1.0,Cerrado,101.4
2ff55033-bebc-35d6-bf36-4b14be8cf4fb,  -6.497300, -42.214200,2026-06-20 13:50:00,GOES-19,VÁRZEA GRANDE,PIAUÍ,Brasil,2211407,22,33,35,0.0,0.81,Caatinga,76.7
9a7af396-4b20-31ab-87ea-6330fdab379c,  -7.182800, -44.877800,2026-06-20 13:50:00,GOES-19,SÃO FÉLIX DE BALSAS,MARANHÃO,Brasil,2110807,21,33,49,0.0,1.0,Cerrado,114.7
cd586a89-49b9-3438-8857-b1e7e346d9eb,  -6.497300, -42.214200,2026-06-20 14:00:00,GOES-19,VÁRZEA GRANDE,PIAUÍ,Brasil,2211407,22,33,35,0.0,0.81,Caatinga,86.2
e9aecc31-c80c-3bcf-905f-55359829f0cf, -17.646700, -44.699100,2026-06-20 14:00:00,GOES-19,VÁRZEA DA PALMA,MINAS GERAIS,Brasil,3170800,31,33,17,0.0,1.0,Cerrado,194.5
bb4388be-e541-317e-b4e0-c58d88b4cf29,  -7.182800, -44.877800,2026-06-20 14:00:00,GOES-19,SÃO FÉLIX DE BALSAS,MARANHÃO,Brasil,2110807,21,33,49,0.0,1.0,Cerrado,97.1
db9f0adb-470e-3b62-9d30-84e1548300d5,  -6.497300, -42.214200,2026-06-20 14:10:00,GOES-19,VÁRZEA GRANDE,PIAUÍ,Brasil,2211407,22,33,35,0.0,0.81,Caatinga,84.7
f7288d02-4590-390b-aad0-8317407194fd,  -7.182800, -44.877800,2026-06-20 14:10:00,GOES-19,SÃO FÉLIX DE BALSAS,MARANHÃO,Brasil,2110807,21,33,49,0.0,1.0,Cerrado,103.0
2026a54f-02c9-3b54-9e06-e7cbe71f34eb,  -7.182800, -44.877800,2026-06-20 14:20:00,GOES-19,SÃO FÉLIX DE BALSAS,MARANHÃO,Brasil,2110807,21,33,49,0.0,1.0,Cerrado,113.4
9b43286a-ca99-3e59-b84b-aa2d98a0468f,   9.252600, -74.133060,2026-06-20 14:22:00,TERRA_M-T,Guamal,Magdalena,Colombia,671,19,53,0,0.0,0.94,,28.1
84ebf3aa-94e3-344a-be49-271d26934dc4, -16.899400, -60.358600,2026-06-20 14:30:00,GOES-19,José Miguel de Velasco,Santa Cruz,Bolivia,85,8,28,9,2.8,0.37,,82.1
985b89f4-a272-3fbd-a71c-af9a7bcaf867,  -6.497300, -42.214200,2026-06-20 14:30:00,GOES-19,VÁRZEA GRANDE,PIAUÍ,Brasil,2211407,22,33,35,0.0,0.81,Caatinga,80.3
9dc4be30-cce6-3e25-93dd-7b2ffbf2494c, -11.626900, -46.435200,2026-06-20 14:30:00,GOES-19,DIANÓPOLIS,TOCANTINS,Brasil,1707009,17,33,23,0.0,1.0,Cerrado,67.3
35682043-1968-35a0-a403-5e8e1dfc8acc, -11.646100, -46.432600,2026-06-20 14:30:00,GOES-19,NOVO JARDIM,TOCANTINS,Brasil,1715259,17,33,23,0.0,1.0,Cerrado,79.2
9c986984-c827-3a89-bd94-bbc8e41a1b7e,  -7.182800, -44.877800,2026-06-20 14:30:00,GOES-19,SÃO FÉLIX DE BALSAS,MARANHÃO,Brasil,2110807,21,33,49,0.0,1.0,Cerrado,88.4
a43736c5-d657-3e49-a269-43505c793c00, -11.645700, -46.455300,2026-06-20 14:30:00,GOES-19,DIANÓPOLIS,TOCANTINS,Brasil,1707009,17,33,23,0.0,1.0,Cerrado,77.6
d41c6218-a472-3c94-8671-a0b59cdbfb18, -11.626600, -46.457900,2026-06-20 14:30:00,GOES-19,DIANÓPOLIS,TOCANTINS,Brasil,1707009,17,33,23,0.0,1.0,Cerrado,75.4
006d6b3f-9245-394d-b816-2f57b1663eb4, -16.899400, -60.358600,2026-06-20 14:40:00,GOES-19,José Miguel de Velasco,Santa Cruz,Bolivia,85,8,28,9,2.8,0.37,,84.3
287deb59-860c-3d30-9f57-dfae9d23e957,  -6.497300, -42.214200,2026-06-20 14:40:00,GOES-19,VÁRZEA GRANDE,PIAUÍ,Brasil,2211407,22,33,35,0.0,0.81,Caatinga,76.5
fbb4a77b-a1a7-3aac-9ded-74393ccdbd62,  -6.500500, -45.593000,2026-06-20 14:40:00,GOES-19,MIRADOR,MARANHÃO,Brasil,2106706,21,33,2,0.0,1.0,Cerrado,99.9
a45d90b5-7811-32ee-870c-a518d19bf3bc,  -7.182800, -44.877800,2026-06-20 14:40:00,GOES-19,SÃO FÉLIX DE BALSAS,MARANHÃO,Brasil,2110807,21,33,49,0.0,1.0,Cerrado,98.9
1fa80d4e-76ec-3550-851d-a59c56563c76, -16.899400, -60.358600,2026-06-20 14:50:00,GOES-19,José Miguel de Velasco,Santa Cruz,Bolivia,85,8,28,9,2.8,0.37,,114.8
32682629-1e33-33f1-80a2-f771bede02a3, -16.899100, -60.378600,2026-06-20 14:50:00,GOES-19,José Miguel de Velasco,Santa Cruz,Bolivia,85,8,28,10,2.55,0.39,,93.4
fa213948-db0a-35c6-bdb5-a814e4d2bd6d,  -7.182800, -44.877800,2026-06-20 14:50:00,GOES-19,SÃO FÉLIX DE BALSAS,MARANHÃO,Brasil,2110807,21,33,49,0.0,1.0,Cerrado,88.0
b7eedd51-5913-35c8-8cf4-c25f29caac93, -11.626600, -46.457900,2026-06-20 14:50:00,GOES-19,DIANÓPOLIS,TOCANTINS,Brasil,1707009,17,33,23,0.0,1.0,Cerrado,85.7
fa260f14-9918-30ff-a4b8-00d35957ca00, -11.626900, -46.435200,2026-06-20 14:50:00,GOES-19,DIANÓPOLIS,TOCANTINS,Brasil,1707009,17,33,23,0.0,1.0,Cerrado,68.8
47f3a122-f1c3-3f06-97ac-94a86141ec62, -16.899400, -60.358600,2026-06-20 15:00:00,GOES-19,José Miguel de Velasco,Santa Cruz,Bolivia,85,8,28,9,2.8,0.37,,129.3
48f73928-9130-3ad3-b833-bd62851c0aca,  -6.497300, -42.214200,2026-06-20 15:00:00,GOES-19,VÁRZEA GRANDE,PIAUÍ,Brasil,2211407,22,33,35,0.0,0.81,Caatinga,77.6
efcbc1c4-be6e-3af4-89a9-38f6ad73eae7, -16.899100, -60.378600,2026-06-20 15:00:00,GOES-19,José Miguel de Velasco,Santa Cruz,Bolivia,85,8,28,10,2.55,0.39,,116.1
4a6c1e92-2c67-3390-8fd8-7e5cee15b894, -21.746900, -60.295000,2026-06-20 15:00:00,GOES-19,General Eugenio A. Garay,Boquerón,Paraguay,43,6,177,5,0.0,0.98,,76.1
b6137f89-830c-3b5c-98ab-cfe9cc631046, -16.918700, -60.376800,2026-06-20 15:00:00,GOES-19,José Miguel de Velasco,Santa Cruz,Bolivia,85,8,28,10,2.88,0.37,,77.7
0fcdcbcf-4382-3ad2-9449-8f64113e7292,  -6.500500, -45.593000,2026-06-20 15:00:00,GOES-19,MIRADOR,MARANHÃO,Brasil,2106706,21,33,2,0.0,1.0,Cerrado,66.5
7578eb1f-98fe-3198-b647-182b96b0146a, -11.645700, -46.455300,2026-06-20 15:00:00,GOES-19,DIANÓPOLIS,TOCANTINS,Brasil,1707009,17,33,23,0.0,1.0,Cerrado,77.4
c62faa2e-56ff-3cfa-af03-f5fa5b9022c6,  -7.182800, -44.877800,2026-06-20 15:00:00,GOES-19,SÃO FÉLIX DE BALSAS,MARANHÃO,Brasil,2110807,21,33,49,0.0,1.0,Cerrado,86.8
5f2d355b-92d0-3278-bfc2-5a43cf663c36, -11.646100, -46.432600,2026-06-20 15:00:00,GOES-19,NOVO JARDIM,TOCANTINS,Brasil,1715259,17,33,23,0.0,1.0,Cerrado,95.9
c95a23e7-e985-3059-9c92-301d05dc8196, -11.626600, -46.457900,2026-06-20 15:00:00,GOES-19,DIANÓPOLIS,TOCANTINS,Brasil,1707009,17,33,23,0.0,1.0,Cerrado,117.4
c0cbfab6-d165-3c0a-b55b-c8989d385aa3, -11.626900, -46.435200,2026-06-20 15:00:00,GOES-19,DIANÓPOLIS,TOCANTINS,Brasil,1707009,17,33,23,0.0,1.0,Cerrado,135.3
a262ba57-2765-31d3-a621-dcfe526fe367, -21.746900, -60.295000,2026-06-20 15:10:00,GOES-19,General Eugenio A. Garay,Boquerón,Paraguay,43,6,177,5,0.0,0.98,,82.6
34ba8f2b-c3ea-38ce-a882-f59a4117552e, -16.918700, -60.376800,2026-06-20 15:10:00,GOES-19,José Miguel de Velasco,Santa Cruz,Bolivia,85,8,28,10,2.88,0.37,,85.8
a8bde8d4-eb85-311b-a0aa-1c856ed560a9, -16.918900, -60.356800,2026-06-20 15:10:00,GOES-19,José Miguel de Velasco,Santa Cruz,Bolivia,85,8,28,9,3.18,0.34,,90.8
055fcb95-bea3-3a99-b31f-432a521c404e, -16.899100, -60.378600,2026-06-20 15:10:00,GOES-19,José Miguel de Velasco,Santa Cruz,Bolivia,85,8,28,10,2.55,0.39,,156.0
c02c251f-7696-3ef0-b722-d44215379b3c, -16.899400, -60.358600,2026-06-20 15:10:00,GOES-19,José Miguel de Velasco,Santa Cruz,Bolivia,85,8,28,9,2.8,0.37,,150.1
968a69e7-36aa-3cb8-a400-6bda2a547797,  -6.500500, -45.593000,2026-06-20 15:10:00,GOES-19,MIRADOR,MARANHÃO,Brasil,2106706,21,33,2,0.0,1.0,Cerrado,115.1
65eb8ee7-0769-3632-8dc9-93d352301e7a,  -7.182800, -44.877800,2026-06-20 15:10:00,GOES-19,SÃO FÉLIX DE BALSAS,MARANHÃO,Brasil,2110807,21,33,49,0.0,1.0,Cerrado,89.9
cb99665c-96e2-3976-b5b0-6fb3b2f928f3, -16.899100, -60.378600,2026-06-20 15:20:00,GOES-19,José Miguel de Velasco,Santa Cruz,Bolivia,85,8,28,10,2.55,0.39,,180.9
d7efea0b-15f7-3d24-ab1f-4ffb5cdfd186, -16.899400, -60.358600,2026-06-20 15:20:00,GOES-19,José Miguel de Velasco,Santa Cruz,Bolivia,85,8,28,9,2.8,0.37,,190.5
1296d906-ab5f-3634-b35e-2cf8dbf9ba86, -16.918900, -60.356800,2026-06-20 15:20:00,GOES-19,José Miguel de Velasco,Santa Cruz,Bolivia,85,8,28,9,3.18,0.34,,92.3
d23576a5-807e-333e-9844-fd9b3cdd2662, -16.918700, -60.376800,2026-06-20 15:20:00,GOES-19,José Miguel de Velasco,Santa Cruz,Bolivia,85,8,28,10,2.88,0.37,,81.1
d96df482-1ea6-32d5-8279-ee898346d462, -21.746900, -60.295000,2026-06-20 15:20:00,GOES-19,General Eugenio A. Garay,Boquerón,Paraguay,43,6,177,5,0.0,0.98,,75.6
537978d8-f46f-395f-ad54-67166802ee9b, -12.882900, -64.599900,2026-06-20 15:20:00,GOES-19,Mamoré,El Beni,Bolivia,27,3,28,9,1.42,1.0,,75.2
9e94d4ca-723d-379a-b28e-d50783e011d3,  -7.182800, -44.877800,2026-06-20 15:20:00,GOES-19,SÃO FÉLIX DE BALSAS,MARANHÃO,Brasil,2110807,21,33,49,0.0,1.0,Cerrado,76.4
4180562f-9b7f-3dd7-a691-62b5e091fddb, -16.899100, -60.378600,2026-06-20 15:30:00,GOES-19,José Miguel de Velasco,Santa Cruz,Bolivia,85,8,28,10,2.55,0.39,,232.7
d4789dd8-e43b-31d0-be4b-9be362228c1b, -16.899400, -60.358600,2026-06-20 15:30:00,GOES-19,José Miguel de Velasco,Santa Cruz,Bolivia,85,8,28,9,2.8,0.37,,276.1
578f73c3-6568-3dae-8a64-89e18dd7b107, -21.746900, -60.295000,2026-06-20 15:30:00,GOES-19,General Eugenio A. Garay,Boquerón,Paraguay,43,6,177,5,0.0,0.98,,79.4
4cdf747a-b6a6-3429-a785-60f26a395a71, -11.645700, -46.455300,2026-06-20 15:30:00,GOES-19,DIANÓPOLIS,TOCANTINS,Brasil,1707009,17,33,23,0.0,1.0,Cerrado,92.7
ce8628e0-2a50-3a58-b3a3-1afab3d7dd4f, -11.626600, -46.457900,2026-06-20 15:30:00,GOES-19,DIANÓPOLIS,TOCANTINS,Brasil,1707009,17,33,23,0.0,1.0,Cerrado,157.8
c231c05c-e738-3565-b08e-07701cfec7f3,  -7.182800, -44.877800,2026-06-20 15:30:00,GOES-19,SÃO FÉLIX DE BALSAS,MARANHÃO,Brasil,2110807,21,33,49,0.0,1.0,Cerrado,96.8
0ea6cd07-8858-37f5-b371-e4b4a670dccf, -11.626900, -46.435200,2026-06-20 15:30:00,GOES-19,DIANÓPOLIS,TOCANTINS,Brasil,1707009,17,33,23,0.0,1.0,Cerrado,205.7
896359ba-2409-30a0-b0db-170a4c8ae27a, -16.980170, -39.514030,2026-06-20 15:35:00,NPP-375,ITAMARAJU,BAHIA,Brasil,2915601,29,33,-999,0.0,0.78,Mata Atlântica,4.5
9910869a-03e8-3fd5-9ed9-9505f5643d37, -15.728060, -42.325860,2026-06-20 15:35:00,NPP-375,RIO PARDO DE MINAS,MINAS GERAIS,Brasil,3155603,31,33,28,0.0,0.81,Cerrado,8.4
694f29d0-fc8f-37f8-974e-ff0957ab050e, -17.443070, -39.605850,2026-06-20 15:35:00,NPP-375,ALCOBAÇA,BAHIA,Brasil,2900801,29,33,3,0.0,0.6,Mata Atlântica,3.3
6f99c305-6f97-36ea-8715-1a59902beaf6, -19.077900, -40.712310,2026-06-20 15:35:00,NPP-375,ÁGUIA BRANCA,ESPÍRITO SANTO,Brasil,3200136,32,33,6,0.0,1.0,Mata Atlântica,4.2
937799d3-3100-39d7-9214-164ab592e442, -18.957460, -41.024050,2026-06-20 15:35:00,NPP-375,ALTO RIO NOVO,ESPÍRITO SANTO,Brasil,3200359,32,33,7,0.0,0.94,Mata Atlântica,5.2
30016361-0153-363d-a231-edeec4cde95a, -15.729650, -42.325110,2026-06-20 15:35:00,NPP-375,RIO PARDO DE MINAS,MINAS GERAIS,Brasil,3155603,31,33,28,0.0,0.83,Cerrado,10.1
f9301ee1-263b-3728-915d-11e3598ecb20, -19.076990, -40.710670,2026-06-20 15:35:00,NPP-375,ÁGUIA BRANCA,ESPÍRITO SANTO,Brasil,3200136,32,33,6,0.0,1.0,Mata Atlântica,4.5
66fbf60d-8d7f-355f-9a9b-29a303fa6f30, -12.430500, -41.782190,2026-06-20 15:37:00,NPP-375,SEABRA,BAHIA,Brasil,2929909,29,33,3,0.0,1.0,Caatinga,5.2
c07063f8-13cb-3113-af86-5812b1f88912, -14.766900, -41.819230,2026-06-20 15:37:00,NPP-375,PRESIDENTE JÂNIO QUADROS,BAHIA,Brasil,2925709,29,33,20,0.0,1.0,Caatinga,3.2
d88274ec-3c2b-3228-8915-3c1272cc9189, -10.415610, -39.311200,2026-06-20 15:37:00,NPP-375,MONTE SANTO,BAHIA,Brasil,2921500,29,33,15,0.0,1.0,Caatinga,3.1
ce678298-3ab7-3ac2-8616-d2bb0edbf632,  -6.502890, -42.215360,2026-06-20 15:39:00,NPP-375,VÁRZEA GRANDE,PIAUÍ,Brasil,2211407,22,33,36,0.0,0.86,Caatinga,17.9
bdd0acbc-faf9-386c-bb98-002201e08dd0,  -6.503380, -42.218230,2026-06-20 15:39:00,NPP-375,VÁRZEA GRANDE,PIAUÍ,Brasil,2211407,22,33,36,0.0,0.81,Caatinga,9.0
a6104607-c1d4-388e-9185-2162bd543208,  -6.817210, -39.335660,2026-06-20 15:39:00,NPP-375,VÁRZEA ALEGRE,CEARÁ,Brasil,2314003,23,33,23,0.0,0.89,Caatinga,4.0
fc51ebb4-8403-344f-9918-0e1213b3746b,  -6.502660, -42.212710,2026-06-20 15:39:00,NPP-375,VÁRZEA GRANDE,PIAUÍ,Brasil,2211407,22,33,36,0.0,0.9,Caatinga,9.0
2ab6cc6c-bcfc-3a46-95c8-0a9da2e174a5,  -6.084160, -44.003500,2026-06-20 15:39:00,NPP-375,COLINAS,MARANHÃO,Brasil,2103505,21,33,2,0.0,0.78,Cerrado,12.3
4d7bc26d-c076-35b0-8eda-7cbaa566ac39,  -7.143620, -39.511450,2026-06-20 15:39:00,NPP-375,CRATO,CEARÁ,Brasil,2304202,23,33,21,0.0,0.97,Caatinga,2.9
eced1253-ec25-3e9e-a873-44a121bd703f,  -2.838790, -41.994890,2026-06-20 15:39:00,NPP-375,ARAIOSES,MARANHÃO,Brasil,2100907,21,33,-999,0.3,0.12,Cerrado,10.3
edc56dca-2b07-35d1-a60e-ba85a307e492,  -5.961870, -43.489680,2026-06-20 15:39:00,NPP-375,LAGOA DO MATO,MARANHÃO,Brasil,2105922,21,33,2,0.0,0.1,Cerrado,6.0
cb022da7-5e74-3dd5-8999-f8722301e723,  -2.837930, -41.993670,2026-06-20 15:39:00,NPP-375,ARAIOSES,MARANHÃO,Brasil,2100907,21,33,-999,0.3,0.12,Cerrado,7.3
d168679c-7a1a-3d1b-966f-66c14d4ff989,  -6.081080, -44.001880,2026-06-20 15:39:00,NPP-375,COLINAS,MARANHÃO,Brasil,2103505,21,33,2,0.0,0.77,Cerrado,10.3
8906755a-5fcb-3cb6-a4fa-7d56808b5e60,  -2.844020, -41.992750,2026-06-20 15:39:00,NPP-375,ARAIOSES,MARANHÃO,Brasil,2100907,21,33,-999,0.3,0.12,Cerrado,6.5
e7a4086a-9f1a-3605-b5e9-03b41fdcf264, -16.899100, -60.378600,2026-06-20 15:40:00,GOES-19,José Miguel de Velasco,Santa Cruz,Bolivia,85,8,28,10,2.55,0.39,,247.8
260018f7-6e0c-36f2-8df6-79baabefc65e, -16.918900, -60.356800,2026-06-20 15:40:00,GOES-19,José Miguel de Velasco,Santa Cruz,Bolivia,85,8,28,9,3.18,0.34,,84.5
57098bf7-1d21-34a2-9b62-45c661f13f79, -21.746900, -60.295000,2026-06-20 15:40:00,GOES-19,General Eugenio A. Garay,Boquerón,Paraguay,43,6,177,5,0.0,0.98,,72.2
d7bc3950-c059-398e-8eeb-5aba6e65290e, -16.918700, -60.376800,2026-06-20 15:40:00,GOES-19,José Miguel de Velasco,Santa Cruz,Bolivia,85,8,28,10,2.88,0.37,,95.4
dafb250e-4452-31a7-8056-99af7addc849, -16.899400, -60.358600,2026-06-20 15:40:00,GOES-19,José Miguel de Velasco,Santa Cruz,Bolivia,85,8,28,9,2.8,0.37,,271.7
a037cfbc-5dda-38d7-aab5-cd9953524769, -21.746900, -60.295000,2026-06-20 15:50:00,GOES-19,General Eugenio A. Garay,Boquerón,Paraguay,43,6,177,5,0.0,0.98,,89.2
f802efe9-02d0-3014-9aff-be94920ea04e, -17.996700, -65.519000,2026-06-20 15:50:00,GOES-19,Mizque,Cochabamba,Bolivia,20,2,28,10,0.0,1.0,,111.6
3b702929-1377-3a76-a48e-65cbf971f632, -16.899400, -60.358600,2026-06-20 15:50:00,GOES-19,José Miguel de Velasco,Santa Cruz,Bolivia,85,8,28,9,2.8,0.37,,240.0
eb843b0e-eacd-3f2a-89ab-62634128a619, -16.918900, -60.356800,2026-06-20 15:50:00,GOES-19,José Miguel de Velasco,Santa Cruz,Bolivia,85,8,28,9,3.18,0.34,,138.9
90cd6235-cd90-35e4-b2c7-594a70e092db,  -8.888300, -46.964000,2026-06-20 15:50:00,GOES-19,BALSAS,MARANHÃO,Brasil,2101400,21,33,43,0.0,1.0,Cerrado,65.7
8393ff59-e994-3092-9383-97199e6fc321, -16.899100, -60.378600,2026-06-20 15:50:00,GOES-19,José Miguel de Velasco,Santa Cruz,Bolivia,85,8,28,10,2.55,0.39,,251.3
0583dc16-6211-395d-92a3-cfd772fe8011, -16.879600, -60.380500,2026-06-20 15:50:00,GOES-19,José Miguel de Velasco,Santa Cruz,Bolivia,85,8,28,10,2.24,0.42,,76.2
6e807e8e-ea54-3b9e-a5ca-a82c6c59af7f, -16.918700, -60.376800,2026-06-20 15:50:00,GOES-19,José Miguel de Velasco,Santa Cruz,Bolivia,85,8,28,10,2.88,0.37,,119.7
0a6efc9b-c235-3e4b-9649-20a25a0e4b14, -21.313520, -41.019450,2026-06-20 15:54:00,NOAA-20,SÃO FRANCISCO DE ITABAPOANA,RIO DE JANEIRO,Brasil,3304755,33,33,-999,0.0,1.0,Mata Atlântica,1.9
4db25275-40dd-335a-9079-475c7e6b52f0, -19.598480, -40.145040,2026-06-20 15:54:00,NOAA-20,ARACRUZ,ESPÍRITO SANTO,Brasil,3200607,32,33,4,0.0,1.0,Mata Atlântica,3.9
f5d53679-04a5-3078-bcfc-543ff73cecff, -19.723590, -40.145430,2026-06-20 15:54:00,NOAA-20,ARACRUZ,ESPÍRITO SANTO,Brasil,3200607,32,33,4,0.0,0.92,Mata Atlântica,3.8
7739bc21-db36-34ee-9089-13969cede119, -18.957240, -41.027420,2026-06-20 15:54:00,NOAA-20,ALTO RIO NOVO,ESPÍRITO SANTO,Brasil,3200359,32,33,7,0.0,0.91,Mata Atlântica,4.7
b01662bf-e91d-302b-94f3-40885995d599, -18.955560, -41.024480,2026-06-20 15:54:00,NOAA-20,ALTO RIO NOVO,ESPÍRITO SANTO,Brasil,3200359,32,33,7,0.0,0.98,Mata Atlântica,3.6
9e56358c-7e23-3d76-b643-6081573387f6, -19.601040, -40.146790,2026-06-20 15:54:00,NOAA-20,ARACRUZ,ESPÍRITO SANTO,Brasil,3200607,32,33,4,0.0,1.0,Mata Atlântica,4.1
d3331e73-602b-399a-9a8d-52a5736d99e2, -19.238060, -42.184490,2026-06-20 15:54:00,NOAA-20,SOBRÁLIA,MINAS GERAIS,Brasil,3167707,31,33,7,0.0,0.98,Mata Atlântica,2.8
1feb4c5b-1c83-38e2-82cc-97c3d11a9582, -18.589740, -40.883370,2026-06-20 15:54:00,NOAA-20,BARRA DE SÃO FRANCISCO,ESPÍRITO SANTO,Brasil,3200904,32,33,5,0.0,0.89,Mata Atlântica,7.7
d485c05a-d199-35b4-8503-c5e6d468bb49, -18.859420, -43.444930,2026-06-20 15:54:00,NOAA-20,ALVORADA DE MINAS,MINAS GERAIS,Brasil,3102407,31,33,7,0.0,0.71,Mata Atlântica,2.8
adf8b23e-1bf4-39a3-ad14-798c38023923, -19.377110, -40.037930,2026-06-20 15:54:00,NOAA-20,LINHARES,ESPÍRITO SANTO,Brasil,3203205,32,33,4,0.0,1.0,Mata Atlântica,2.8
facadd24-6dfd-3d33-93b9-7fb0d1a9667e, -19.080790, -40.708890,2026-06-20 15:54:00,NOAA-20,ÁGUIA BRANCA,ESPÍRITO SANTO,Brasil,3200136,32,33,6,0.0,1.0,Mata Atlântica,5.6
b9afe086-18fc-3992-872d-c149e2f45e1d, -22.368140, -43.306870,2026-06-20 15:54:00,NOAA-20,PATY DO ALFERES,RIO DE JANEIRO,Brasil,3303856,33,33,4,0.0,0.92,Mata Atlântica,5.8
7d4d07bc-144f-3811-93e1-3e1fbba9cd79, -21.311240, -41.017950,2026-06-20 15:54:00,NOAA-20,SÃO FRANCISCO DE ITABAPOANA,RIO DE JANEIRO,Brasil,3304755,33,33,-999,0.0,1.0,Mata Atlântica,2.9
897bc946-732b-3b89-99fc-86776e6e992a, -22.160700, -47.161380,2026-06-20 15:54:00,NOAA-20,MOGI GUAÇU,SÃO PAULO,Brasil,3530706,35,33,4,0.98,0.81,Cerrado,24.3
3dc50deb-28ce-3efa-b60b-53f12137bfb3, -19.081370, -40.713970,2026-06-20 15:54:00,NOAA-20,ÁGUIA BRANCA,ESPÍRITO SANTO,Brasil,3200136,32,33,6,0.0,1.0,Mata Atlântica,4.5
2f70a9c8-d422-3379-8efd-a7bd9780fdbb, -18.784930, -42.934310,2026-06-20 15:54:00,NOAA-20,GUANHÃES,MINAS GERAIS,Brasil,3128006,31,33,8,0.0,-999.0,Mata Atlântica,1.9
cdd31d68-0e6e-3b73-acb8-fc2cc8d8b07f, -22.366370, -43.306060,2026-06-20 15:54:00,NOAA-20,PATY DO ALFERES,RIO DE JANEIRO,Brasil,3303856,33,33,4,0.0,0.94,Mata Atlântica,4.1
760319ce-f32c-36e3-b831-74ae0bba16bc, -11.919830, -43.407800,2026-06-20 15:56:00,NOAA-20,MUQUÉM DO SÃO FRANCISCO,BAHIA,Brasil,2922250,29,33,24,0.0,1.0,Cerrado,2.3
97f6ec72-dc61-3126-b914-da20de756f24, -12.658060, -47.681090,2026-06-20 15:56:00,NOAA-20,PARANÃ,TOCANTINS,Brasil,1716208,17,33,58,0.0,1.0,Cerrado,7.9
5747ad33-5528-3804-912a-cd001f605bf6, -11.611340, -46.769710,2026-06-20 15:56:00,NOAA-20,DIANÓPOLIS,TOCANTINS,Brasil,1707009,17,33,28,0.0,1.0,Cerrado,5.3
98f528a8-a5f6-3418-8759-818ecc9a554f, -17.638160, -44.692810,2026-06-20 15:56:00,NOAA-20,VÁRZEA DA PALMA,MINAS GERAIS,Brasil,3170800,31,33,19,0.0,1.0,Cerrado,3.5
82ca8111-6494-32e6-b22c-956e8214ebec, -13.295680, -43.094390,2026-06-20 15:56:00,NOAA-20,BOM JESUS DA LAPA,BAHIA,Brasil,2903904,29,33,28,0.0,1.0,Caatinga,3.1
cd0c8980-3be0-38a5-bf4d-984e6e3fe7b6, -17.640240, -44.695400,2026-06-20 15:56:00,NOAA-20,VÁRZEA DA PALMA,MINAS GERAIS,Brasil,3170800,31,33,18,0.0,1.0,Cerrado,4.4
63034341-29d6-3991-820f-8a9b7a97ca4d, -11.987280, -43.338190,2026-06-20 15:56:00,NOAA-20,IBOTIRAMA,BAHIA,Brasil,2913200,29,33,23,0.0,1.0,Cerrado,3.8
816ea7d8-1dab-3fad-928b-108081ea18a5, -12.765870, -39.339170,2026-06-20 15:56:00,NOAA-20,CASTRO ALVES,BAHIA,Brasil,2907301,29,33,1,0.0,1.0,Mata Atlântica,5.1
f8b3c396-4b38-3082-ae3b-d30b315ed042, -17.356590, -41.686940,2026-06-20 15:56:00,NOAA-20,ITAIPÉ,MINAS GERAIS,Brasil,3132305,31,33,7,0.0,0.51,Mata Atlântica,9.0
fc2cddb2-6464-3333-b070-2040d5741b57, -11.350160, -47.230540,2026-06-20 15:56:00,NOAA-20,ALMAS,TOCANTINS,Brasil,1700400,17,33,24,0.0,1.0,Cerrado,13.1
3d774506-425b-3f1d-9902-b93dc764fdc0, -17.639800, -44.691090,2026-06-20 15:56:00,NOAA-20,VÁRZEA DA PALMA,MINAS GERAIS,Brasil,3170800,31,33,19,0.0,1.0,Cerrado,3.8
d0ff62d8-4dea-3faa-81cf-5b1c39614a94, -12.661360, -47.679360,2026-06-20 15:56:00,NOAA-20,PARANÃ,TOCANTINS,Brasil,1716208,17,33,58,0.0,1.0,Cerrado,7.8
d2c6bef2-3463-3d16-961b-06c372b389c9, -14.987720, -39.116480,2026-06-20 15:56:00,NOAA-20,ILHÉUS,BAHIA,Brasil,2913606,29,33,8,0.0,0.08,Mata Atlântica,3.5
22d3dc08-173d-3f41-bf91-943c7beb96c1, -11.956120, -46.753370,2026-06-20 15:56:00,NOAA-20,NOVO JARDIM,TOCANTINS,Brasil,1715259,17,33,23,0.0,1.0,Cerrado,4.9
f1a3fa5e-5986-39c2-ac26-0d606ba11b3a, -12.068050, -48.430370,2026-06-20 15:56:00,NOAA-20,PEIXE,TOCANTINS,Brasil,1716604,17,33,28,0.0,1.0,Cerrado,9.0
ae6e1158-f6ad-3df8-bb9b-8519e2c900c0, -15.731430, -42.323780,2026-06-20 15:56:00,NOAA-20,RIO PARDO DE MINAS,MINAS GERAIS,Brasil,3155603,31,33,28,0.0,0.87,Cerrado,10.1
5fa6de73-ba03-3c25-8a00-002fe95f3b2a, -11.629460, -46.446080,2026-06-20 15:56:00,NOAA-20,DIANÓPOLIS,TOCANTINS,Brasil,1707009,17,33,23,0.0,1.0,Cerrado,16.5
27f57526-fefc-3120-b5cc-df74a51b1c37, -11.997260, -47.306060,2026-06-20 15:56:00,NOAA-20,CONCEIÇÃO DO TOCANTINS,TOCANTINS,Brasil,1705607,17,33,28,0.0,1.0,Cerrado,4.3
03c243df-ba9d-3df0-8d19-94121050eef0, -10.417850, -39.310460,2026-06-20 15:56:00,NOAA-20,MONTE SANTO,BAHIA,Brasil,2921500,29,33,15,0.0,1.0,Caatinga,11.8
aa0baaff-70a1-31d1-8444-6c023a9a4902, -12.426430, -41.781430,2026-06-20 15:56:00,NOAA-20,SEABRA,BAHIA,Brasil,2929909,29,33,4,0.0,-999.0,Caatinga,8.2
de812f84-e481-34a7-a232-6f3cce22d2b6, -14.164590, -39.855690,2026-06-20 15:56:00,NOAA-20,ITAGIBÁ,BAHIA,Brasil,2915205,29,33,16,0.0,1.0,Mata Atlântica,5.8
9a2a5ef1-79e8-3f39-b167-c81fb8cf978a, -11.997460, -47.306860,2026-06-20 15:56:00,NOAA-20,CONCEIÇÃO DO TOCANTINS,TOCANTINS,Brasil,1705607,17,33,28,0.0,1.0,Cerrado,3.6
88631c1a-c3f3-371e-bb60-334bb22bb4e6, -11.628920, -46.441440,2026-06-20 15:56:00,NOAA-20,DIANÓPOLIS,TOCANTINS,Brasil,1707009,17,33,23,0.0,1.0,Cerrado,16.5
916a506d-c6ab-3c7e-a0f1-574a73aa09c9, -11.635080, -46.441020,2026-06-20 15:56:00,NOAA-20,DIANÓPOLIS,TOCANTINS,Brasil,1707009,17,33,23,0.0,1.0,Cerrado,16.5
4534161e-4926-3781-9ee9-4fd08cb26036, -11.942770, -43.386990,2026-06-20 15:56:00,NOAA-20,MUQUÉM DO SÃO FRANCISCO,BAHIA,Brasil,2922250,29,33,23,0.0,1.0,Cerrado,2.5
bcfd52c6-2cf7-3cf6-8cb8-894e4688d8fd, -14.763670, -41.817780,2026-06-20 15:56:00,NOAA-20,PRESIDENTE JÂNIO QUADROS,BAHIA,Brasil,2925709,29,33,20,0.0,1.0,Caatinga,6.7
c0b716e3-0524-3317-bd1b-c4ea6ff4a4e8, -11.348930, -47.232620,2026-06-20 15:56:00,NOAA-20,ALMAS,TOCANTINS,Brasil,1700400,17,33,24,0.0,1.0,Cerrado,14.7
2d33a2c3-f2e4-3f2a-80e0-86ab67a16e2c, -11.938120, -43.390600,2026-06-20 15:56:00,NOAA-20,MUQUÉM DO SÃO FRANCISCO,BAHIA,Brasil,2922250,29,33,23,0.0,1.0,Cerrado,5.5
0d08ac30-8d96-3215-a041-14632e0588fe, -14.979150, -45.449400,2026-06-20 15:56:00,NOAA-20,JANUÁRIA,MINAS GERAIS,Brasil,3135209,31,33,30,0.0,1.0,Cerrado,5.2
e8bb19dc-3830-3b84-a8da-9030d9f1ff64, -11.952290, -46.753750,2026-06-20 15:56:00,NOAA-20,NOVO JARDIM,TOCANTINS,Brasil,1715259,17,33,23,0.0,1.0,Cerrado,7.9
2f653511-4d2c-304f-bcdf-646a79a7c1ed, -11.937750, -43.387670,2026-06-20 15:56:00,NOAA-20,MUQUÉM DO SÃO FRANCISCO,BAHIA,Brasil,2922250,29,33,23,0.0,1.0,Cerrado,5.5
54a2ffab-6657-3cc2-bfea-72698080f530,  -8.570490, -36.271020,2026-06-20 15:58:00,NOAA-20,IBIRAJUBA,PERNAMBUCO,Brasil,2606705,26,33,14,0.0,0.98,Caatinga,4.1
f03fd06b-163f-32f7-87c5-a9578e1a71e3, -10.824600, -46.696770,2026-06-20 15:58:00,NOAA-20,MATEIROS,TOCANTINS,Brasil,1712702,17,33,28,0.0,1.0,Cerrado,13.7
ce7cf7f1-d853-3824-9ee2-745018e11809,  -9.875200, -37.555630,2026-06-20 15:58:00,NOAA-20,POÇO REDONDO,SERGIPE,Brasil,2805406,28,33,17,0.0,1.0,Caatinga,4.4
d327f436-7d6e-3414-83eb-dcd0f1bb1331,  -7.142240, -39.511650,2026-06-20 15:58:00,NOAA-20,CRATO,CEARÁ,Brasil,2304202,23,33,21,0.0,0.97,Caatinga,2.7
1477dd80-690f-3ec4-8be2-d2204a05ce50,  -6.777590, -45.643410,2026-06-20 15:58:00,NOAA-20,SÃO RAIMUNDO DAS MANGABEIRAS,MARANHÃO,Brasil,2111607,21,33,2,0.0,1.0,Cerrado,4.4
ee87a114-4ba0-3ade-8289-cbb96694c045,  -5.801040, -45.118180,2026-06-20 15:58:00,NOAA-20,BARRA DO CORDA,MARANHÃO,Brasil,2101608,21,33,7,0.0,0.91,Cerrado,6.7
2f380d5d-68b8-36f3-95a2-df51b79747f4,  -7.297360, -43.200740,2026-06-20 15:58:00,NOAA-20,ITAUEIRA,PIAUÍ,Brasil,2205102,22,33,33,0.0,1.0,Caatinga,8.8
9bb1b034-3f92-3e6c-98a9-38ff4f9b90bb,  -7.142400, -39.512630,2026-06-20 15:58:00,NOAA-20,CRATO,CEARÁ,Brasil,2304202,23,33,21,0.0,0.97,Caatinga,2.0
e853a4d7-7ba6-30f3-8153-ac49ac7711bc,  -6.054410, -45.172120,2026-06-20 15:58:00,NOAA-20,FERNANDO FALCÃO,MARANHÃO,Brasil,2104081,21,33,2,0.0,1.0,Cerrado,1.8
f315edf3-6adf-3a88-b881-0c6091b495e2, -10.209640, -46.445530,2026-06-20 15:58:00,NOAA-20,SÃO FÉLIX DO TOCANTINS,TOCANTINS,Brasil,1720150,17,33,47,0.0,1.0,Cerrado,13.4
2bd77faa-9c9c-3306-bb29-75f8c4edd63c,  -9.309320, -47.627930,2026-06-20 15:58:00,NOAA-20,CENTENÁRIO,TOCANTINS,Brasil,1704105,17,33,35,0.0,1.0,Cerrado,7.0
26097d1b-e125-3213-a6eb-b9b2715409a0,  -7.798720, -45.893270,2026-06-20 15:58:00,NOAA-20,BALSAS,MARANHÃO,Brasil,2101400,21,33,5,0.0,0.94,Cerrado,4.7
edfe61b4-aff8-3e86-bc41-274fa1dcf16b,  -6.472610, -45.596680,2026-06-20 15:58:00,NOAA-20,MIRADOR,MARANHÃO,Brasil,2106706,21,33,2,0.0,1.0,Cerrado,10.6
0a6f0c25-61ba-3542-8e7e-10ca891c9143,  -5.801920, -45.124580,2026-06-20 15:58:00,NOAA-20,BARRA DO CORDA,MARANHÃO,Brasil,2101608,21,33,7,0.0,0.91,Cerrado,3.6
321832ed-c345-38c4-808e-dda6a251e6fb, -11.071970, -47.056380,2026-06-20 15:58:00,NOAA-20,PONTE ALTA DO TOCANTINS,TOCANTINS,Brasil,1717909,17,33,28,0.0,1.0,Cerrado,18.2
2a233053-82bb-3244-9c72-817d20b7ec87,  -4.248410, -49.980900,2026-06-20 15:58:00,NOAA-20,NOVO REPARTIMENTO,PARÁ,Brasil,1505064,15,33,8,0.0,0.54,Amazônia,6.0
4eb4849f-2534-3b25-88cb-a0afe0af0571,  -6.653740, -45.599140,2026-06-20 15:58:00,NOAA-20,MIRADOR,MARANHÃO,Brasil,2106706,21,33,1,0.0,1.0,Cerrado,3.7
060cf84a-7b38-39c5-8608-6f9905bd3ee3,  -4.633730, -43.049580,2026-06-20 15:58:00,NOAA-20,CAXIAS,MARANHÃO,Brasil,2103000,21,33,0,0.0,0.22,Cerrado,5.8
8a5a131e-764d-3481-901f-cddf94f8a6f8,  -5.797170, -45.128420,2026-06-20 15:58:00,NOAA-20,BARRA DO CORDA,MARANHÃO,Brasil,2101608,21,33,7,0.0,0.9,Cerrado,8.0
08366177-74e1-3340-a401-2a853679778a,  -6.507660, -42.214810,2026-06-20 15:58:00,NOAA-20,VÁRZEA GRANDE,PIAUÍ,Brasil,2211407,22,33,36,0.0,0.86,Caatinga,25.1
f93084c2-7aaa-3723-a106-d9324164b337,  -3.866540, -42.961180,2026-06-20 15:58:00,NOAA-20,BURITI,MARANHÃO,Brasil,2102200,21,33,0,0.0,0.09,Cerrado,3.5
903ccbdd-005f-3c5a-bbfd-477b52ad9414,  -9.225660, -40.019650,2026-06-20 15:58:00,NOAA-20,JUAZEIRO,BAHIA,Brasil,2918407,29,33,26,0.0,1.0,Caatinga,4.8
81bc889f-a461-3c54-a4fc-10fe5234c961,  -7.028990, -45.255000,2026-06-20 15:58:00,NOAA-20,LORETO,MARANHÃO,Brasil,2106102,21,33,20,0.0,1.0,Cerrado,5.0
e7cff0a5-17b8-311c-99d1-a40838221738,  -5.448260, -40.101790,2026-06-20 15:58:00,NOAA-20,INDEPENDÊNCIA,CEARÁ,Brasil,2305605,23,33,2,0.0,0.9,Caatinga,2.7
d73bbff1-2174-38cb-a6f5-19e2b3209704,  -4.633410, -43.049660,2026-06-20 15:58:00,NOAA-20,CAXIAS,MARANHÃO,Brasil,2103000,21,33,0,0.0,0.22,Cerrado,4.9
577809d4-6de1-3900-89eb-89d14908ef6d,  -9.306980, -40.682590,2026-06-20 15:58:00,NOAA-20,PETROLINA,PERNAMBUCO,Brasil,2611101,26,33,45,0.0,1.0,Caatinga,3.4
0c5d36da-5935-36ed-9be2-a3755543e1aa,  -9.302950, -40.683130,2026-06-20 15:58:00,NOAA-20,PETROLINA,PERNAMBUCO,Brasil,2611101,26,33,45,0.0,1.0,Caatinga,3.3
28acc495-223c-3298-9648-bc6a4e4e4278,  -4.248150, -49.980630,2026-06-20 15:58:00,NOAA-20,NOVO REPARTIMENTO,PARÁ,Brasil,1505064,15,33,8,0.0,0.51,Amazônia,4.8
446b2552-cfde-3a9e-a72e-162cd5e62df4,  -7.919770, -38.769740,2026-06-20 15:58:00,NOAA-20,SÃO JOSÉ DO BELMONTE,PERNAMBUCO,Brasil,2613503,26,33,24,0.0,1.0,Caatinga,4.7
d467f750-20aa-3449-ac92-e01e4d86d92a,  -6.653300, -45.595880,2026-06-20 15:58:00,NOAA-20,MIRADOR,MARANHÃO,Brasil,2106706,21,33,2,0.0,1.0,Cerrado,3.7
4f800467-f4fb-3d86-91d2-09b92e194b91,  -7.024600, -45.262610,2026-06-20 15:58:00,NOAA-20,LORETO,MARANHÃO,Brasil,2106102,21,33,24,0.0,1.0,Cerrado,4.1
aade5183-8c16-388b-8bf7-a1e0a2b4621a,  -8.055870, -46.471530,2026-06-20 15:58:00,NOAA-20,RIACHÃO,MARANHÃO,Brasil,2109502,21,33,2,0.0,0.92,Cerrado,17.0
68d3c3bb-10fc-38b0-b804-b61c2aaf15d1,  -9.875760, -37.559410,2026-06-20 15:58:00,NOAA-20,POÇO REDONDO,SERGIPE,Brasil,2805406,28,33,17,0.0,1.0,Caatinga,4.4
5c528adb-50a9-38a9-8384-0618bffbdbf5, -10.876690, -46.348580,2026-06-20 15:58:00,NOAA-20,MATEIROS,TOCANTINS,Brasil,1712702,17,33,60,0.0,1.0,Cerrado,8.4
4eebddef-c4b3-3bf8-bf72-503b6c0aa148,  -6.815060, -39.338750,2026-06-20 15:58:00,NOAA-20,VÁRZEA ALEGRE,CEARÁ,Brasil,2314003,23,33,24,0.0,0.89,Caatinga,3.7
6415ad81-e9c2-3380-a03b-0685b920f67b,  -6.869420, -39.862140,2026-06-20 15:58:00,NOAA-20,ASSARÉ,CEARÁ,Brasil,2301604,23,33,35,0.0,1.0,Caatinga,2.4
97dc8199-fa7d-35ea-9047-edbf805e777a,  -6.654180, -45.602340,2026-06-20 15:58:00,NOAA-20,MIRADOR,MARANHÃO,Brasil,2106706,21,33,2,0.0,1.0,Cerrado,4.0
9c63a13d-9d42-3501-b5dd-b69963344d9f, -10.936590, -46.438750,2026-06-20 15:58:00,NOAA-20,MATEIROS,TOCANTINS,Brasil,1712702,17,33,31,0.0,1.0,Cerrado,5.1
01bcc9e7-1fb4-363e-8cb2-59a91e55638b,  -7.550040, -43.437500,2026-06-20 15:58:00,NOAA-20,ITAUEIRA,PIAUÍ,Brasil,2205102,22,33,59,0.0,1.0,Cerrado,3.4
4f6f99a9-647b-362b-9be7-9d00590378b9,  -7.023660, -45.255700,2026-06-20 15:58:00,NOAA-20,LORETO,MARANHÃO,Brasil,2106102,21,33,22,0.0,1.0,Cerrado,5.0
d1a5a2b5-5f84-36eb-b0e8-3d96613a52d0,  -5.796290, -45.121990,2026-06-20 15:58:00,NOAA-20,BARRA DO CORDA,MARANHÃO,Brasil,2101608,21,33,7,0.0,0.89,Cerrado,3.6
0782b884-b1d0-3e45-b2ba-8ff2c1418a67,  -6.392420, -44.177450,2026-06-20 15:58:00,NOAA-20,SUCUPIRA DO NORTE,MARANHÃO,Brasil,2111904,21,33,2,0.0,0.91,Cerrado,7.6
c859cafe-a841-3c39-be82-ce7d81693247,  -7.186510, -47.840660,2026-06-20 15:58:00,NOAA-20,BABAÇULÂNDIA,TOCANTINS,Brasil,1703008,17,33,21,0.0,0.99,Cerrado,8.2
accd0341-24f6-3273-b5b9-56b0eb191ca7, -10.931050, -46.443820,2026-06-20 15:58:00,NOAA-20,MATEIROS,TOCANTINS,Brasil,1712702,17,33,30,0.0,1.0,Cerrado,9.9
38b0dcc8-d160-3a68-b674-1e7a6230f3ee,  -8.903950, -46.946580,2026-06-20 15:58:00,NOAA-20,BALSAS,MARANHÃO,Brasil,2101400,21,33,36,0.0,1.0,Cerrado,7.9
4c39ae67-c0e6-352a-9e81-bb44f2d3f4af,  -5.801480, -45.121350,2026-06-20 15:58:00,NOAA-20,BARRA DO CORDA,MARANHÃO,Brasil,2101608,21,33,7,0.0,0.9,Cerrado,3.6
3cc45bc0-c201-36ef-8f74-87b8c92f949b,  -8.904610, -46.944950,2026-06-20 15:58:00,NOAA-20,BALSAS,MARANHÃO,Brasil,2101400,21,33,35,0.0,1.0,Cerrado,9.9
25e1cb68-211f-3fc5-afc0-e891d1932ace,  -6.505830, -45.705740,2026-06-20 15:58:00,NOAA-20,MIRADOR,MARANHÃO,Brasil,2106706,21,33,2,0.0,1.0,Cerrado,2.7
42d9df81-dc4d-309b-aaeb-12a682e0a5ee,  -3.077450, -42.522560,2026-06-20 15:58:00,NOAA-20,TUTÓIA,MARANHÃO,Brasil,2112506,21,33,3,4.76,0.04,Cerrado,51.1
77290ca2-e5a6-3c8a-8562-8e1fd0fd53e8,  -6.508250, -42.218940,2026-06-20 15:58:00,NOAA-20,VÁRZEA GRANDE,PIAUÍ,Brasil,2211407,22,33,36,0.0,0.8,Caatinga,19.9
8c7802e6-582f-3ad3-9673-279af999b1bb,  -6.173660, -43.354150,2026-06-20 15:58:00,NOAA-20,LAGOA DO MATO,MARANHÃO,Brasil,2105922,21,33,2,0.0,0.97,Cerrado,6.4
0ba2b464-ba14-3eef-95ee-48a64b3e23a8,  -7.190730, -44.870740,2026-06-20 15:58:00,NOAA-20,SÃO FÉLIX DE BALSAS,MARANHÃO,Brasil,2110807,21,33,49,0.0,1.0,Cerrado,8.7
85ff9c44-cfde-3261-876e-96ba9cd04e93,  -7.024130, -45.259160,2026-06-20 15:58:00,NOAA-20,LORETO,MARANHÃO,Brasil,2106102,21,33,23,0.0,1.0,Cerrado,5.0
7dcf27c0-2147-3ebe-b0ab-d94a88292116,  -6.371140, -43.596400,2026-06-20 15:58:00,NOAA-20,SUCUPIRA DO RIACHÃO,MARANHÃO,Brasil,2111953,21,33,2,0.0,0.64,Cerrado,14.9
6be5c2bd-88b9-3d89-9a60-ce3f515362b8,  -3.837790, -45.782690,2026-06-20 15:58:00,NOAA-20,SANTA LUZIA,MARANHÃO,Brasil,2110005,21,33,0,0.0,0.68,Amazônia,3.5
e18c66aa-487b-3958-a974-d92e3a29c971,  -7.185530, -44.871410,2026-06-20 15:58:00,NOAA-20,SÃO FÉLIX DE BALSAS,MARANHÃO,Brasil,2110807,21,33,48,0.0,1.0,Cerrado,8.7
6ec24354-c672-368f-a8a1-c2c33fe38827,  -9.802030, -41.898590,2026-06-20 15:58:00,NOAA-20,SENTO SÉ,BAHIA,Brasil,2930204,29,33,58,0.0,0.98,Caatinga,4.2
3607648c-c29d-3308-8470-d8a5f6e718ce,  -5.958750, -43.487170,2026-06-20 15:58:00,NOAA-20,LAGOA DO MATO,MARANHÃO,Brasil,2105922,21,33,1,0.0,0.1,Cerrado,4.6
bbd33ba0-f83c-3e40-9d41-52074039a831,  -5.796730, -45.125200,2026-06-20 15:58:00,NOAA-20,BARRA DO CORDA,MARANHÃO,Brasil,2101608,21,33,7,0.0,0.9,Cerrado,3.6
59dbf175-63c5-3ba3-8e29-d92508081c6b,  -6.504820, -45.708170,2026-06-20 15:58:00,NOAA-20,MIRADOR,MARANHÃO,Brasil,2106706,21,33,2,0.0,1.0,Cerrado,3.6
ef9f216e-3b67-34f7-9509-e0d34e9b5fd8,  -9.159010, -47.243270,2026-06-20 15:58:00,NOAA-20,LIZARDA,TOCANTINS,Brasil,1712405,17,33,49,0.0,1.0,Cerrado,5.5
acd58bf4-727b-3296-9262-6cf466b5622e,  -7.185950, -44.874470,2026-06-20 15:58:00,NOAA-20,SÃO FÉLIX DE BALSAS,MARANHÃO,Brasil,2110807,21,33,49,0.0,1.0,Cerrado,8.7
b2a0de76-5291-34a6-bb66-49e663519785,  -6.504310, -45.704590,2026-06-20 15:58:00,NOAA-20,MIRADOR,MARANHÃO,Brasil,2106706,21,33,2,0.0,1.0,Cerrado,3.6
7a469251-1901-3cb6-ae5b-c87f62cffae1,  -6.647860, -45.596460,2026-06-20 15:58:00,NOAA-20,MIRADOR,MARANHÃO,Brasil,2106706,21,33,2,0.0,1.0,Cerrado,5.0
3c0f6fd8-e2a9-35f1-ba7f-b7a691fef044,  -2.840060, -41.993050,2026-06-20 15:58:00,NOAA-20,ARAIOSES,MARANHÃO,Brasil,2100907,21,33,-999,0.3,0.12,Cerrado,9.8
562915b6-7b5d-31e1-a081-4037e9d5ed9b,  -3.073300, -42.523200,2026-06-20 15:58:00,NOAA-20,TUTÓIA,MARANHÃO,Brasil,2112506,21,33,3,4.64,0.04,Cerrado,8.1
c98d9df2-338a-3c0b-8218-4ba255b03787,  -7.180740, -44.875120,2026-06-20 15:58:00,NOAA-20,SÃO FÉLIX DE BALSAS,MARANHÃO,Brasil,2110807,21,33,48,0.0,1.0,Cerrado,10.3
7e6d352e-3a1d-37da-bb92-1f84b661a93c,  -7.637250, -36.447630,2026-06-20 15:58:00,NOAA-20,SÃO DOMINGOS DO CARIRI,PARAÍBA,Brasil,2513943,25,33,14,0.0,1.0,Caatinga,3.1
624c7fa7-1c49-309b-9ff1-34bf47f48b2e,  -7.186780, -44.880590,2026-06-20 15:58:00,NOAA-20,SÃO FÉLIX DE BALSAS,MARANHÃO,Brasil,2110807,21,33,49,0.0,1.0,Cerrado,18.0
af4c5773-3331-36b3-ae75-ca0ba1dfb633,  -3.837720, -45.782390,2026-06-20 15:58:00,NOAA-20,SANTA LUZIA,MARANHÃO,Brasil,2110005,21,33,0,0.0,0.68,Amazônia,3.4
3e82d9d5-5115-3e6f-880f-a593eb1961ae,  -5.769730, -45.130730,2026-06-20 15:58:00,NOAA-20,BARRA DO CORDA,MARANHÃO,Brasil,2101608,21,33,4,0.0,0.62,Cerrado,2.0
6e3221d7-2876-39c7-878d-7c5dc2fb9f43,  -7.118400, -41.145570,2026-06-20 15:58:00,NOAA-20,FRANCISCO SANTOS,PIAUÍ,Brasil,2204204,22,33,47,0.0,1.0,Caatinga,2.3
2863feaf-bb1f-35e4-aa13-2d0f7084af47,  -8.420620, -47.653610,2026-06-20 15:58:00,NOAA-20,GOIATINS,TOCANTINS,Brasil,1709005,17,33,2,0.0,0.93,Cerrado,3.4
03b45d01-5f4b-3179-8821-c6440b0c42f8,  -6.086120, -44.003480,2026-06-20 15:58:00,NOAA-20,COLINAS,MARANHÃO,Brasil,2103505,21,33,2,0.0,0.78,Cerrado,15.6
dc2fc3be-3eb2-31c4-bce9-f970d7c64f57,  -7.186360, -44.877530,2026-06-20 15:58:00,NOAA-20,SÃO FÉLIX DE BALSAS,MARANHÃO,Brasil,2110807,21,33,49,0.0,1.0,Cerrado,18.0
1d717643-607e-3f9f-a380-647c6aa2dbc4,  -6.503370, -42.215390,2026-06-20 15:58:00,NOAA-20,VÁRZEA GRANDE,PIAUÍ,Brasil,2211407,22,33,36,0.0,0.86,Caatinga,25.1
f71fd8ae-14f1-3710-ab4d-72f7ea42b7b5, -10.207940, -46.448600,2026-06-20 15:58:00,NOAA-20,SÃO FÉLIX DO TOCANTINS,TOCANTINS,Brasil,1720150,17,33,46,0.0,1.0,Cerrado,12.4
aec23e66-215f-3c5b-bf03-dbeada09c0a6,  -7.800760, -45.892710,2026-06-20 15:58:00,NOAA-20,BALSAS,MARANHÃO,Brasil,2101400,21,33,5,0.0,0.97,Cerrado,3.7
f31d0523-ed90-35a4-8e8e-d9ae19021334,  -5.964100, -43.491450,2026-06-20 15:58:00,NOAA-20,LAGOA DO MATO,MARANHÃO,Brasil,2105922,21,33,2,0.0,0.11,Cerrado,14.0
93fef969-6e94-364e-9ba9-91752d24be50, -10.930470, -46.439080,2026-06-20 15:58:00,NOAA-20,MATEIROS,TOCANTINS,Brasil,1712702,17,33,31,0.0,1.0,Cerrado,11.1
bba5f5b1-06f2-3f48-8b85-9c4fce4108af, -10.008950, -46.139130,2026-06-20 15:58:00,NOAA-20,ALTO PARNAÍBA,MARANHÃO,Brasil,2100501,21,33,29,0.0,1.0,Cerrado,2.2
425fa54e-b925-3076-877a-528e9ca00600, -16.918900, -60.356800,2026-06-20 16:00:00,GOES-19,José Miguel de Velasco,Santa Cruz,Bolivia,85,8,28,9,3.18,0.34,,122.6
905316b1-5173-3fe7-876a-5b13d019f378, -21.746900, -60.295000,2026-06-20 16:00:00,GOES-19,General Eugenio A. Garay,Boquerón,Paraguay,43,6,177,5,0.0,0.98,,76.9
30fc4f33-d64d-3148-8f2c-bd5c2d56f69e, -16.879800, -60.360500,2026-06-20 16:00:00,GOES-19,José Miguel de Velasco,Santa Cruz,Bolivia,85,8,28,10,2.39,0.41,,76.2
cd10ca20-c2c6-37c1-b32e-764b5d726b5c, -16.918700, -60.376800,2026-06-20 16:00:00,GOES-19,José Miguel de Velasco,Santa Cruz,Bolivia,85,8,28,10,2.88,0.37,,138.1
5d1a2fc9-a3d8-3f1a-9d1e-9c8a0aa25b48, -16.879600, -60.380500,2026-06-20 16:00:00,GOES-19,José Miguel de Velasco,Santa Cruz,Bolivia,85,8,28,10,2.24,0.42,,84.4
e46400fb-106f-3208-95b1-6dc8b80d82f9, -16.899400, -60.358600,2026-06-20 16:00:00,GOES-19,José Miguel de Velasco,Santa Cruz,Bolivia,85,8,28,9,2.8,0.37,,246.1
9ec59afe-a71c-3395-89f9-f2c2ffa58c2b, -16.899100, -60.378600,2026-06-20 16:00:00,GOES-19,José Miguel de Velasco,Santa Cruz,Bolivia,85,8,28,10,2.55,0.39,,286.9
e543cf2c-b5e4-38dc-afdd-9299f4f2f621,  -7.182800, -44.877800,2026-06-20 16:00:00,GOES-19,SÃO FÉLIX DE BALSAS,MARANHÃO,Brasil,2110807,21,33,49,0.0,1.0,Cerrado,75.4
71655dcc-5886-358d-8f16-e75ab66f9a54, -16.918700, -60.376800,2026-06-20 16:10:00,GOES-19,José Miguel de Velasco,Santa Cruz,Bolivia,85,8,28,10,2.88,0.37,,94.2
f475a0c6-ed4b-34bd-866e-59f97cee632c, -16.899100, -60.378600,2026-06-20 16:10:00,GOES-19,José Miguel de Velasco,Santa Cruz,Bolivia,85,8,28,10,2.55,0.39,,328.2
1c3cad59-39ac-365c-8fad-f01bf84b66b3, -21.746900, -60.295000,2026-06-20 16:10:00,GOES-19,General Eugenio A. Garay,Boquerón,Paraguay,43,6,177,5,0.0,0.98,,80.0
ec788a24-a1f3-36df-9286-411c3322852b, -16.879600, -60.380500,2026-06-20 16:10:00,GOES-19,José Miguel de Velasco,Santa Cruz,Bolivia,85,8,28,10,2.24,0.42,,96.9
d2fb4167-bd23-3ced-aa33-2cc0809b7246, -16.899400, -60.358600,2026-06-20 16:10:00,GOES-19,José Miguel de Velasco,Santa Cruz,Bolivia,85,8,28,9,2.8,0.37,,332.5
bd8a316c-1f24-39f9-a79a-4ec08a5ebdd3, -16.918900, -60.356800,2026-06-20 16:10:00,GOES-19,José Miguel de Velasco,Santa Cruz,Bolivia,85,8,28,9,3.18,0.34,,104.1
5bf61825-4bb9-3a53-8f47-788a609bd10d, -16.879800, -60.360500,2026-06-20 16:10:00,GOES-19,José Miguel de Velasco,Santa Cruz,Bolivia,85,8,28,10,2.39,0.41,,73.6
8aa10c96-7756-3c68-a152-11eb2602ad83,  -7.028600, -45.255400,2026-06-20 16:10:00,GOES-19,LORETO,MARANHÃO,Brasil,2106102,21,33,20,0.0,1.0,Cerrado,60.7
e6c3025e-e63c-3ae3-ab1d-40eaa5ec2f14, -21.746900, -60.295000,2026-06-20 16:20:00,GOES-19,General Eugenio A. Garay,Boquerón,Paraguay,43,6,177,5,0.0,0.98,,75.1
fbe68ec8-9b88-3be8-b728-38c26abe2f4a, -16.879600, -60.380500,2026-06-20 16:20:00,GOES-19,José Miguel de Velasco,Santa Cruz,Bolivia,85,8,28,10,2.24,0.42,,94.7
3a2704be-80e5-3533-ba3b-d2449e0a8b13, -16.899100, -60.378600,2026-06-20 16:20:00,GOES-19,José Miguel de Velasco,Santa Cruz,Bolivia,85,8,28,10,2.55,0.39,,302.7
3e0809bd-245d-3e82-a616-4ab4262aee5f, -16.918700, -60.376800,2026-06-20 16:20:00,GOES-19,José Miguel de Velasco,Santa Cruz,Bolivia,85,8,28,10,2.88,0.37,,120.0
dd6b77ab-bde2-3c7e-8867-7d6ca85fc8c8, -16.899400, -60.358600,2026-06-20 16:20:00,GOES-19,José Miguel de Velasco,Santa Cruz,Bolivia,85,8,28,9,2.8,0.37,,287.8
352a58a0-87eb-3aa1-a0eb-2d8e31bf0a23, -16.879800, -60.360500,2026-06-20 16:20:00,GOES-19,José Miguel de Velasco,Santa Cruz,Bolivia,85,8,28,10,2.39,0.41,,92.3
b75cdbaa-d7ea-3f33-89d0-48a25fdca9cf, -16.918900, -60.356800,2026-06-20 16:20:00,GOES-19,José Miguel de Velasco,Santa Cruz,Bolivia,85,8,28,9,3.18,0.34,,120.0
421b2705-85ca-3926-a355-a1e00ba7542d, -10.921500, -46.438800,2026-06-20 16:20:00,GOES-19,MATEIROS,TOCANTINS,Brasil,1712702,17,33,31,0.0,1.0,Cerrado,51.4
b760f6a4-07b6-3ae8-906c-b0d8c68feffa, -19.353100, -40.162100,2026-06-20 16:20:00,GOES-19,LINHARES,ESPÍRITO SANTO,Brasil,3203205,32,33,3,0.0,-999.0,Mata Atlântica,151.0
157cb9b4-9683-3d93-856a-8c9f63d1aa76, -16.879800, -60.360500,2026-06-20 16:30:00,GOES-19,José Miguel de Velasco,Santa Cruz,Bolivia,85,8,28,10,2.39,0.41,,98.4
eb47cfca-2ae7-31ad-8309-7bf8bd37b6c5, -16.918900, -60.356800,2026-06-20 16:30:00,GOES-19,José Miguel de Velasco,Santa Cruz,Bolivia,85,8,28,9,3.18,0.34,,97.5
981bacc7-49c8-3bdc-bc9c-de0ea048f590, -16.918700, -60.376800,2026-06-20 16:30:00,GOES-19,José Miguel de Velasco,Santa Cruz,Bolivia,85,8,28,10,2.88,0.37,,125.2
04cadddc-2ad4-3d1f-a75a-68bbf3790e4e, -16.899100, -60.378600,2026-06-20 16:30:00,GOES-19,José Miguel de Velasco,Santa Cruz,Bolivia,85,8,28,10,2.55,0.39,,292.0
c44bd0e9-2b82-3420-b0ec-f3b2b5b63a1f, -16.879600, -60.380500,2026-06-20 16:30:00,GOES-19,José Miguel de Velasco,Santa Cruz,Bolivia,85,8,28,10,2.24,0.42,,101.4
0c251df8-9076-3f5b-b9c2-7eab2c730944, -10.921500, -46.438800,2026-06-20 16:30:00,GOES-19,MATEIROS,TOCANTINS,Brasil,1712702,17,33,31,0.0,1.0,Cerrado,95.3
03b9b72b-ed7a-3c43-b361-b9f22aea3fd1, -16.899400, -60.358600,2026-06-20 16:30:00,GOES-19,José Miguel de Velasco,Santa Cruz,Bolivia,85,8,28,9,2.8,0.37,,241.5
67804991-6b05-33ce-a840-7771467fb513, -21.746900, -60.295000,2026-06-20 16:30:00,GOES-19,General Eugenio A. Garay,Boquerón,Paraguay,43,6,177,5,0.0,0.98,,76.3
11b820e3-282f-3951-85e2-50d9232557ff, -11.626900, -46.435200,2026-06-20 16:30:00,GOES-19,DIANÓPOLIS,TOCANTINS,Brasil,1707009,17,33,23,0.0,1.0,Cerrado,73.9
d134802f-8471-3196-900c-996bb9b1f4de, -22.899340, -45.407110,2026-06-20 16:39:00,NOAA-21,PINDAMONHANGABA,SÃO PAULO,Brasil,3538006,35,33,4,1.77,1.0,Mata Atlântica,5.9
24da196e-6f60-3c51-b17d-9f24f9d13e76, -20.612300, -43.459380,2026-06-20 16:39:00,NOAA-21,OURO PRETO,MINAS GERAIS,Brasil,3146107,31,33,5,0.0,0.44,Mata Atlântica,5.9
9f755f16-73b8-3f15-980c-56c72750f335, -19.598820, -40.147380,2026-06-20 16:39:00,NOAA-21,ARACRUZ,ESPÍRITO SANTO,Brasil,3200607,32,33,4,0.0,1.0,Mata Atlântica,1.9
8fa4f935-1098-3f17-a3ae-05abafe376b2, -19.652300, -40.256370,2026-06-20 16:39:00,NOAA-21,ARACRUZ,ESPÍRITO SANTO,Brasil,3200607,32,33,4,0.0,1.0,Mata Atlântica,9.6
a4100c7c-5369-3e87-9f15-1ac9b9a1659a, -22.855760, -42.869600,2026-06-20 16:39:00,NOAA-21,ITABORAÍ,RIO DE JANEIRO,Brasil,3301900,33,33,3,0.1,1.0,Mata Atlântica,3.1
e04d9eee-dcb4-31a2-ae2d-66c2d23c25c2, -22.905130, -43.688080,2026-06-20 16:39:00,NOAA-21,RIO DE JANEIRO,RIO DE JANEIRO,Brasil,3304557,33,33,2,1.2,-999.0,Mata Atlântica,3.2
7b23e6e4-0ba1-3b92-8db2-5fb5f5105810, -20.241790, -40.774740,2026-06-20 16:39:00,NOAA-21,DOMINGOS MARTINS,ESPÍRITO SANTO,Brasil,3201902,32,33,4,0.0,0.36,Mata Atlântica,9.7
35e506b8-3138-30db-8224-84e29fd7920e, -20.290300, -42.206070,2026-06-20 16:39:00,NOAA-21,MANHUAÇU,MINAS GERAIS,Brasil,3139409,31,33,4,0.0,0.82,Mata Atlântica,1.8
adb3fcec-1c97-378f-abc8-780c71c654ea, -20.258590, -41.850910,2026-06-20 16:39:00,NOAA-21,MARTINS SOARES,MINAS GERAIS,Brasil,3140530,31,33,4,0.0,0.4,Mata Atlântica,4.4
5cc49ed4-7d0a-3475-9bc7-6f94e5b1456b, -21.617020, -45.682560,2026-06-20 16:39:00,NOAA-21,ELÓI MENDES,MINAS GERAIS,Brasil,3123601,31,33,5,0.66,0.98,Mata Atlântica,3.8
a9578923-04a7-333b-bd8b-d0ee8fb24ec0, -21.253430, -40.982610,2026-06-20 16:39:00,NOAA-21,PRESIDENTE KENNEDY,ESPÍRITO SANTO,Brasil,3204302,32,33,-999,0.0,0.98,Mata Atlântica,4.2
d94edcaa-64b4-3cf9-894a-681f9d6ca1ea, -22.851660, -42.866220,2026-06-20 16:39:00,NOAA-21,ITABORAÍ,RIO DE JANEIRO,Brasil,3301900,33,33,3,0.1,1.0,Mata Atlântica,2.7
419005a2-2544-3526-b265-88645634dbf8, -21.920120, -41.371120,2026-06-20 16:39:00,NOAA-21,CAMPOS DOS GOYTACAZES,RIO DE JANEIRO,Brasil,3301009,33,33,3,0.0,0.95,Mata Atlântica,3.5
b898005d-a370-335f-b9da-ba147424454f, -22.369100, -43.305760,2026-06-20 16:39:00,NOAA-21,PATY DO ALFERES,RIO DE JANEIRO,Brasil,3303856,33,33,4,0.0,0.88,Mata Atlântica,6.1
fc89b120-5a65-3fd3-814b-461eaf40ed6a, -22.901770, -43.688710,2026-06-20 16:39:00,NOAA-21,RIO DE JANEIRO,RIO DE JANEIRO,Brasil,3304557,33,33,2,1.2,-999.0,Mata Atlântica,7.6
e5b04132-8b19-313b-b8b7-8ba1ea13ce21, -22.910940, -43.702790,2026-06-20 16:39:00,NOAA-21,RIO DE JANEIRO,RIO DE JANEIRO,Brasil,3304557,33,33,2,1.14,-999.0,Mata Atlântica,4.3
1d0d1ca2-a214-3201-9bab-d1ea800da535, -20.034900, -40.168870,2026-06-20 16:39:00,NOAA-21,FUNDÃO,ESPÍRITO SANTO,Brasil,3202207,32,33,-999,0.0,-999.0,Mata Atlântica,2.6
af08b08e-8aed-31fe-88e7-9b72d4f33f61, -22.127310, -43.203980,2026-06-20 16:39:00,NOAA-21,TRÊS RIOS,RIO DE JANEIRO,Brasil,3306008,33,33,4,0.0,-999.0,Mata Atlântica,4.7
cba7fd37-b532-318b-bf6b-9a53d1eac881, -20.783770, -44.746260,2026-06-20 16:39:00,NOAA-21,OLIVEIRA,MINAS GERAIS,Brasil,3145604,31,33,4,0.0,0.96,Mata Atlântica,3.0
053c2263-763c-3f2d-a416-c9ef454d7a8c, -22.902660, -45.406520,2026-06-20 16:39:00,NOAA-21,PINDAMONHANGABA,SÃO PAULO,Brasil,3538006,35,33,4,1.77,1.0,Mata Atlântica,5.9
57855585-3750-38f3-ac2a-29f82fec49a9, -22.311440, -41.802130,2026-06-20 16:39:00,NOAA-21,MACAÉ,RIO DE JANEIRO,Brasil,3302403,33,33,4,0.0,1.0,Mata Atlântica,8.1
b4671b84-46c2-3458-9b27-7107100df5ee, -20.613690, -44.357880,2026-06-20 16:39:00,NOAA-21,DESTERRO DE ENTRE RIOS,MINAS GERAIS,Brasil,3121407,31,33,4,0.0,0.96,Mata Atlântica,6.3
74aaa4b8-8995-3945-9357-12914bb4d2aa, -20.614280, -44.361610,2026-06-20 16:39:00,NOAA-21,PASSA TEMPO,MINAS GERAIS,Brasil,3147709,31,33,4,0.0,0.96,Mata Atlântica,4.7
f820f73f-5d62-3169-a4fc-c71a721d0c1d, -15.601000, -61.817400,2026-06-20 16:40:00,GOES-19,Ñuflo de Chávez,Santa Cruz,Bolivia,78,8,28,8,0.0,0.37,,71.8
fbd9707e-653b-3464-9bc1-a79fedba8bf5, -16.918900, -60.356800,2026-06-20 16:40:00,GOES-19,José Miguel de Velasco,Santa Cruz,Bolivia,85,8,28,9,3.18,0.34,,88.9
ef613234-0d46-38b6-8952-d669e6c5892d, -16.879600, -60.380500,2026-06-20 16:40:00,GOES-19,José Miguel de Velasco,Santa Cruz,Bolivia,85,8,28,10,2.24,0.42,,97.3
6ea1a010-247f-3af2-86d5-4ff0063a159f, -16.899100, -60.378600,2026-06-20 16:40:00,GOES-19,José Miguel de Velasco,Santa Cruz,Bolivia,85,8,28,10,2.55,0.39,,305.2
5bc235c7-7cae-3ae4-b740-d23770f1f0fe, -16.178800, -60.405500,2026-06-20 16:40:00,GOES-19,José Miguel de Velasco,Santa Cruz,Bolivia,85,8,28,0,0.0,0.85,,220.1
fe28e8b3-2b8f-3cbc-8b2c-2fc692c75902, -16.918700, -60.376800,2026-06-20 16:40:00,GOES-19,José Miguel de Velasco,Santa Cruz,Bolivia,85,8,28,10,2.88,0.37,,120.4
49c735da-bb7e-318b-b917-051e03daa776, -16.899400, -60.358600,2026-06-20 16:40:00,GOES-19,José Miguel de Velasco,Santa Cruz,Bolivia,85,8,28,9,2.8,0.37,,263.5
dd6768e4-7884-3950-a985-446ec5ad3a8d, -16.879800, -60.360500,2026-06-20 16:40:00,GOES-19,José Miguel de Velasco,Santa Cruz,Bolivia,85,8,28,10,2.39,0.41,,95.1
e5a3b807-2575-3a4c-a322-66e3447cb760,  -8.087900, -46.240300,2026-06-20 16:40:00,GOES-19,BALSAS,MARANHÃO,Brasil,2101400,21,33,37,0.0,1.0,Cerrado,60.9
d4e70108-838c-3353-9dee-ff7cae497d66, -13.300500, -64.483000,2026-06-20 16:40:00,GOES-19,Mamoré,El Beni,Bolivia,27,3,28,9,0.0,0.99,,70.8
777dc994-336d-31bd-a73a-d8809313d078,  10.544900, -71.496300,2026-06-20 16:40:00,GOES-19,Santa Rita,Zulia,Venezuela,335,25,249,-999,0.5,1.0,,57.5
0898e3e6-b18a-3227-ac01-6ebdf359452b, -13.061900, -42.734100,2026-06-20 16:40:00,GOES-19,MACAÚBAS,BAHIA,Brasil,2919801,29,33,28,0.0,1.0,Caatinga,102.8
158986f9-9b8e-3270-9575-82663ec87b22, -11.626600, -46.457900,2026-06-20 16:40:00,GOES-19,DIANÓPOLIS,TOCANTINS,Brasil,1707009,17,33,23,0.0,1.0,Cerrado,94.3
2edaa16c-d587-3db5-b124-03cfa9f6cfc2, -10.842900, -49.123600,2026-06-20 16:40:00,GOES-19,SANTA RITA DO TOCANTINS,TOCANTINS,Brasil,1718899,17,33,49,0.0,1.0,Cerrado,90.0
4b0df7c4-5c1b-396d-9a56-be7f550fe7b8, -11.626900, -46.435200,2026-06-20 16:40:00,GOES-19,DIANÓPOLIS,TOCANTINS,Brasil,1707009,17,33,23,0.0,1.0,Cerrado,124.2
c9ec2df9-b1a7-34f2-a8da-67c8ddd37982, -10.823900, -49.125700,2026-06-20 16:40:00,GOES-19,SANTA RITA DO TOCANTINS,TOCANTINS,Brasil,1718899,17,33,43,0.0,0.98,Cerrado,66.6
48bcffcc-253f-38ff-898b-0b53e73ec3fd, -17.490940, -59.590410,2026-06-20 16:41:00,NOAA-21,Chiquitos,Santa Cruz,Bolivia,80,8,28,9,0.0,0.57,,11.5
f2e403a0-9f09-3b60-9a07-fb34b78de0c0, -18.343690, -40.464010,2026-06-20 16:41:00,NOAA-21,PINHEIROS,ESPÍRITO SANTO,Brasil,3204104,32,33,7,0.0,1.0,Mata Atlântica,3.3
d8c213b0-cb0f-3225-b120-349748758dd2, -16.586890, -60.780080,2026-06-20 16:41:00,NOAA-21,José Miguel de Velasco,Santa Cruz,Bolivia,85,8,28,10,0.1,0.57,,8.5
ebea139d-5c2b-3232-b5a9-03c883eacc9d, -18.341090, -59.076740,2026-06-20 16:41:00,NOAA-21,Chiquitos,Santa Cruz,Bolivia,80,8,28,0,0.0,0.45,,14.3
fbf8fe6d-65cf-3322-93ea-06076f79992a, -16.906340, -60.367660,2026-06-20 16:41:00,NOAA-21,José Miguel de Velasco,Santa Cruz,Bolivia,85,8,28,10,2.77,0.38,,70.9
88818081-50c3-3daa-a4cc-0526af12b985, -19.766680, -46.043530,2026-06-20 16:41:00,NOAA-21,CÓRREGO DANTA,MINAS GERAIS,Brasil,3119807,31,33,5,0.0,0.9,Cerrado,2.8
a41f9eca-1d2b-3acf-974a-8fe876f248fb, -17.484560, -59.522300,2026-06-20 16:41:00,NOAA-21,Chiquitos,Santa Cruz,Bolivia,80,8,28,9,0.0,0.59,,10.6
419aa2c6-ef77-3345-97a6-52768eca0aef, -18.332830, -59.059140,2026-06-20 16:41:00,NOAA-21,Chiquitos,Santa Cruz,Bolivia,80,8,28,1,0.0,0.45,,16.7
7b34fe64-060f-3a23-8dd3-c667186e3458, -18.126890, -59.570460,2026-06-20 16:41:00,NOAA-21,Chiquitos,Santa Cruz,Bolivia,80,8,28,1,0.0,0.41,,22.4
c05398b8-5c2d-3821-b1ba-b6563cf042de, -18.127440, -59.576950,2026-06-20 16:41:00,NOAA-21,Chiquitos,Santa Cruz,Bolivia,80,8,28,1,0.0,0.41,,32.6
7b5db844-56ef-3c76-8799-7371422d8f42, -18.361440, -44.994090,2026-06-20 16:41:00,NOAA-21,TRÊS MARIAS,MINAS GERAIS,Brasil,3169356,31,33,7,0.0,0.78,Cerrado,3.8
a21bf6ef-7ead-36cb-bd8e-562de31f70a0, -15.630930, -47.626220,2026-06-20 16:41:00,NOAA-21,BRASÍLIA,DISTRITO FEDERAL,Brasil,5300108,53,33,7,0.0,1.0,Cerrado,9.7
83015f61-f23b-3809-9438-a67495fe74f4, -19.406660, -59.795100,2026-06-20 16:41:00,NOAA-21,Mayor Pablo Lagerenza,Alto Paraguay,Paraguay,19,2,177,6,0.0,0.93,,7.8
97f9e719-e221-3586-9070-d35911f42165, -16.975910, -39.518140,2026-06-20 16:41:00,NOAA-21,ITAMARAJU,BAHIA,Brasil,2915601,29,33,-999,0.0,0.88,Mata Atlântica,3.4
e73ce2aa-7c06-304b-9704-c3cc26b946cd, -16.557660, -59.316680,2026-06-20 16:41:00,NOAA-21,José Miguel de Velasco,Santa Cruz,Bolivia,85,8,28,1,0.01,0.48,,7.2
4123c8e1-65c9-330a-adb9-62ee003b05aa, -16.413220, -59.307310,2026-06-20 16:41:00,NOAA-21,José Miguel de Velasco,Santa Cruz,Bolivia,85,8,28,1,0.1,0.55,,11.9
fc5c12da-40ce-38ea-a7fb-ec6c131bc420, -16.177410, -60.404920,2026-06-20 16:41:00,NOAA-21,José Miguel de Velasco,Santa Cruz,Bolivia,85,8,28,0,0.0,0.83,,46.7
9d9115ff-06d0-3e33-93c6-194f93d1af58, -18.126030, -59.580460,2026-06-20 16:41:00,NOAA-21,Chiquitos,Santa Cruz,Bolivia,80,8,28,1,0.0,0.41,,19.7
42a86014-65f3-3efa-aab7-a59ce90bbf56, -18.341630, -59.082760,2026-06-20 16:41:00,NOAA-21,Chiquitos,Santa Cruz,Bolivia,80,8,28,0,0.0,0.45,,17.4
98e014aa-d5b2-3251-a215-cbec17a73155, -19.110560, -40.344000,2026-06-20 16:41:00,NOAA-21,RIO BANANAL,ESPÍRITO SANTO,Brasil,3204351,32,33,3,0.0,0.83,Mata Atlântica,4.4
19bc47b0-92d0-357d-b78b-3fefd34f6e49, -19.859680, -44.170020,2026-06-20 16:41:00,NOAA-21,BETIM,MINAS GERAIS,Brasil,3106705,31,33,6,0.0,0.79,Cerrado,2.6
e93e996a-32e1-3549-b4fd-50dcb81e8163, -14.762910, -41.816970,2026-06-20 16:41:00,NOAA-21,PRESIDENTE JÂNIO QUADROS,BAHIA,Brasil,2925709,29,33,20,0.0,1.0,Caatinga,6.1
0833d09d-8dc7-3611-9c91-c80909a26e4f, -15.305620, -40.653470,2026-06-20 16:41:00,NOAA-21,RIBEIRÃO DO LARGO,BAHIA,Brasil,2926657,29,33,15,0.0,1.0,Mata Atlântica,9.4
34663c9f-ce85-3c1a-badf-4fa4add8d656, -18.334440, -59.077280,2026-06-20 16:41:00,NOAA-21,Chiquitos,Santa Cruz,Bolivia,80,8,28,1,0.0,0.45,,14.3
24f26cc1-973c-3bd0-92e4-9eb3bfa6874f, -16.892850, -60.375720,2026-06-20 16:41:00,NOAA-21,José Miguel de Velasco,Santa Cruz,Bolivia,85,8,28,10,2.5,0.4,,74.5
e6c8d32b-3786-3eb0-b51e-52e69026189e, -18.069060, -59.636730,2026-06-20 16:41:00,NOAA-21,Chiquitos,Santa Cruz,Bolivia,80,8,28,0,0.0,0.46,,8.4
fb6ecc51-3ced-3500-afa0-8c769a371e1a, -17.478370, -59.529010,2026-06-20 16:41:00,NOAA-21,Chiquitos,Santa Cruz,Bolivia,80,8,28,9,0.0,0.59,,6.0
a4ab1f8e-e9a5-35a1-b989-0ff431e94cf9, -15.594460, -48.096490,2026-06-20 16:41:00,NOAA-21,BRASÍLIA,DISTRITO FEDERAL,Brasil,5300108,53,33,10,0.0,1.0,Cerrado,5.0
833426fd-7fff-3d32-8836-62dc1cb0b54a, -16.897100, -60.365310,2026-06-20 16:41:00,NOAA-21,José Miguel de Velasco,Santa Cruz,Bolivia,85,8,28,10,2.68,0.38,,78.4
c97c2d05-5674-3ba9-a10a-49fad8635132, -18.125430, -59.573960,2026-06-20 16:41:00,NOAA-21,Chiquitos,Santa Cruz,Bolivia,80,8,28,1,0.0,0.41,,19.7
83bc1fa2-f518-366c-a14e-8875b622c791, -19.632140, -44.793620,2026-06-20 16:41:00,NOAA-21,PITANGUI,MINAS GERAIS,Brasil,3151404,31,33,5,0.0,0.99,Cerrado,2.6
23dd5f58-e285-30f2-b1b6-992d9031f7a6, -18.588680, -40.886860,2026-06-20 16:41:00,NOAA-21,BARRA DE SÃO FRANCISCO,ESPÍRITO SANTO,Brasil,3200904,32,33,5,0.0,0.96,Mata Atlântica,7.4
14cc3620-e1c5-3df8-a895-bb01eb8ab08d, -18.452830, -45.058240,2026-06-20 16:41:00,NOAA-21,TRÊS MARIAS,MINAS GERAIS,Brasil,3169356,31,33,7,0.0,1.0,Cerrado,4.8
b6105d40-ca65-393b-a4ac-6f2dea409c8f, -18.518530, -48.344250,2026-06-20 16:41:00,NOAA-21,ARAGUARI,MINAS GERAIS,Brasil,3103504,31,33,5,0.0,1.0,Cerrado,3.1
b70cf294-a7ac-330d-9de5-143b7f55d68f, -17.519160, -41.810860,2026-06-20 16:41:00,NOAA-21,LADAINHA,MINAS GERAIS,Brasil,3137007,31,33,7,0.0,0.47,Mata Atlântica,5.9
c581080e-9a12-3486-8901-9a1a8ae76e9d, -19.248750, -43.757750,2026-06-20 16:41:00,NOAA-21,BALDIM,MINAS GERAIS,Brasil,3105004,31,33,7,0.0,0.89,Cerrado,2.6
d2907731-3391-3c12-b629-a6bfcd5de5df, -16.885160, -60.369330,2026-06-20 16:41:00,NOAA-21,José Miguel de Velasco,Santa Cruz,Bolivia,85,8,28,10,2.41,0.4,,11.5
5b2c378f-d4a7-3578-988f-8b9ebe6f6318, -15.835710, -42.689920,2026-06-20 16:41:00,NOAA-21,RIO PARDO DE MINAS,MINAS GERAIS,Brasil,3155603,31,33,7,0.0,0.7,Mata Atlântica,5.0
67fd7812-1c0a-33f2-9076-e388dca8b450, -16.469400, -53.068360,2026-06-20 16:41:00,NOAA-21,TORIXORÉU,MATO GROSSO,Brasil,5108204,51,33,2,6.32,0.88,Cerrado,6.7
8fc8f534-b271-3ef5-b6cf-8e8f124f1c9c, -14.406360, -45.486940,2026-06-20 16:41:00,NOAA-21,COCOS,BAHIA,Brasil,2908101,29,33,25,0.0,1.0,Cerrado,6.6
ef8d9314-62d6-3006-8a57-4b2031576d42, -16.370620, -40.072490,2026-06-20 16:41:00,NOAA-21,SANTA MARIA DO SALTO,MINAS GERAIS,Brasil,3158102,31,33,6,0.0,0.71,Mata Atlântica,6.5
0ed05b0a-b511-3f99-8d63-e2cc85e6d954, -19.407960, -59.798040,2026-06-20 16:41:00,NOAA-21,Mayor Pablo Lagerenza,Alto Paraguay,Paraguay,19,2,177,6,0.0,0.88,,7.5
032ea262-5b52-3b64-a3a2-60babdd79112, -15.813040, -41.894830,2026-06-20 16:41:00,NOAA-21,TAIOBEIRAS,MINAS GERAIS,Brasil,3168002,31,33,28,0.0,0.77,Cerrado,9.8
56e65ede-25d8-33eb-86d4-e2787396778d, -16.973710, -48.447120,2026-06-20 16:41:00,NOAA-21,ORIZONA,GOIÁS,Brasil,5215306,52,33,5,0.0,1.0,Cerrado,2.6
9900f994-0dad-3735-8e91-43089fda239e, -18.333900, -59.071210,2026-06-20 16:41:00,NOAA-21,Chiquitos,Santa Cruz,Bolivia,80,8,28,1,0.0,0.45,,14.3
0cc17cab-0c44-36c7-8587-5d2a18818068, -16.182630, -60.401990,2026-06-20 16:41:00,NOAA-21,José Miguel de Velasco,Santa Cruz,Bolivia,85,8,28,0,0.0,0.72,,51.0
8d91777b-9731-3670-8f12-47a62b165367, -18.009860, -59.588760,2026-06-20 16:41:00,NOAA-21,Chiquitos,Santa Cruz,Bolivia,80,8,28,5,0.0,0.46,,4.5
c64aa21d-cfc6-3c26-b572-25c8bab6fed7, -16.904750, -60.371720,2026-06-20 16:41:00,NOAA-21,José Miguel de Velasco,Santa Cruz,Bolivia,85,8,28,10,2.68,0.38,,78.4
007b0849-f1b9-324f-add2-3299f81d34ff, -17.353740, -41.682100,2026-06-20 16:41:00,NOAA-21,ITAIPÉ,MINAS GERAIS,Brasil,3132305,31,33,7,0.0,0.51,Mata Atlântica,5.4
e068fa19-fad1-32d1-89c2-6b1a7447d03a, -18.601990, -40.410950,2026-06-20 16:41:00,NOAA-21,NOVA VENÉCIA,ESPÍRITO SANTO,Brasil,3203908,32,33,4,0.0,1.0,Mata Atlântica,13.6
2072915d-504e-35fb-9ea9-d91dfb30ef29, -16.899260, -60.368080,2026-06-20 16:41:00,NOAA-21,José Miguel de Velasco,Santa Cruz,Bolivia,85,8,28,10,2.67,0.38,,113.0
38a4c957-6b49-3f7f-869d-b68b409fc072, -16.899910, -60.375170,2026-06-20 16:41:00,NOAA-21,José Miguel de Velasco,Santa Cruz,Bolivia,85,8,28,10,2.6,0.39,,74.5
c957bea9-fee1-3c5e-9f58-d599f58051f7, -16.183770, -60.397430,2026-06-20 16:41:00,NOAA-21,José Miguel de Velasco,Santa Cruz,Bolivia,85,8,28,0,0.0,0.65,,46.7
d5968466-daf1-30cd-82e1-e5f6d0dc8ac9, -16.885800, -60.376380,2026-06-20 16:41:00,NOAA-21,José Miguel de Velasco,Santa Cruz,Bolivia,85,8,28,10,2.35,0.41,,11.6
9545eafd-0fb5-399f-aade-96570497f961, -13.801320, -41.801060,2026-06-20 16:41:00,NOAA-21,DOM BASÍLIO,BAHIA,Brasil,2910107,29,33,17,0.0,1.0,Caatinga,15.1
5870ebeb-090e-3779-ab52-bd2efa8eeadd, -16.426770, -59.581040,2026-06-20 16:41:00,NOAA-21,José Miguel de Velasco,Santa Cruz,Bolivia,85,8,28,9,0.0,0.51,,10.5
0c8fee42-fc95-33e4-96bf-ba727f2c14be, -16.469690, -53.073890,2026-06-20 16:41:00,NOAA-21,TORIXORÉU,MATO GROSSO,Brasil,5108204,51,33,2,6.34,0.88,Cerrado,24.6
b2b8944e-285d-389a-828d-89956342ccef, -16.469160, -53.069450,2026-06-20 16:41:00,NOAA-21,TORIXORÉU,MATO GROSSO,Brasil,5108204,51,33,2,6.32,0.88,Cerrado,15.2
95273395-94fe-3800-802d-bd5eb5beda5b, -17.520180, -41.807590,2026-06-20 16:41:00,NOAA-21,LADAINHA,MINAS GERAIS,Brasil,3137007,31,33,7,0.0,0.47,Mata Atlântica,4.4
ee893614-0261-3e13-bf7b-34e9a37265ff, -19.077920, -40.713080,2026-06-20 16:41:00,NOAA-21,ÁGUIA BRANCA,ESPÍRITO SANTO,Brasil,3200136,32,33,6,0.0,1.0,Mata Atlântica,2.8
1e4ac232-ebc0-37a0-8f89-caf5267907a8, -18.623800, -43.095000,2026-06-20 16:41:00,NOAA-21,SABINÓPOLIS,MINAS GERAIS,Brasil,3156809,31,33,11,0.0,0.66,Mata Atlântica,1.7
9726287a-b1fc-3ac7-8c40-d455f011f854, -16.470520, -53.077260,2026-06-20 16:41:00,NOAA-21,TORIXORÉU,MATO GROSSO,Brasil,5108204,51,33,2,6.37,0.88,Cerrado,20.3
6e884fe5-85a3-3db8-9b13-8da64192db83, -19.561840, -42.124240,2026-06-20 16:41:00,NOAA-21,INHAPIM,MINAS GERAIS,Brasil,3130903,31,33,7,0.0,0.93,Mata Atlântica,4.6
ce58e3a6-c3d2-367f-aeb4-c3e345aa0626, -16.465280, -53.074550,2026-06-20 16:41:00,NOAA-21,TORIXORÉU,MATO GROSSO,Brasil,5108204,51,33,2,6.21,0.89,Cerrado,24.6
64081726-0f36-3045-8b5c-6f00225b17c4, -16.892210, -60.368630,2026-06-20 16:41:00,NOAA-21,José Miguel de Velasco,Santa Cruz,Bolivia,85,8,28,10,2.56,0.39,,113.0
c68ec489-fe62-3607-8bb7-9c737fdc59d8, -17.492970, -59.586940,2026-06-20 16:41:00,NOAA-21,Chiquitos,Santa Cruz,Bolivia,80,8,28,9,0.0,0.57,,17.3
3697cd8d-ba49-3b93-90aa-20a8da633889, -18.878220, -46.571820,2026-06-20 16:41:00,NOAA-21,PATOS DE MINAS,MINAS GERAIS,Brasil,3148004,31,33,5,0.0,0.68,Cerrado,2.1
aa806c6b-cd8d-33ae-aca4-d4b5fcc31b1b, -15.663510, -47.661990,2026-06-20 16:41:00,NOAA-21,BRASÍLIA,DISTRITO FEDERAL,Brasil,5300108,53,33,6,0.0,1.0,Cerrado,1.8
15b2ef04-d00d-3c35-bca6-717db7487390, -16.664610, -46.016250,2026-06-20 16:41:00,NOAA-21,BONFINÓPOLIS DE MINAS,MINAS GERAIS,Brasil,3108206,31,33,7,0.0,1.0,Cerrado,2.5
5481049e-5995-374d-a214-1cba4c8da6f2, -17.144040, -60.525950,2026-06-20 16:41:00,NOAA-21,José Miguel de Velasco,Santa Cruz,Bolivia,85,8,28,9,0.0,0.59,,13.8
ca508ada-75c5-3aca-ab40-2bc446d209b5, -13.805390, -41.800360,2026-06-20 16:41:00,NOAA-21,DOM BASÍLIO,BAHIA,Brasil,2910107,29,33,17,0.0,1.0,Caatinga,15.1
c42e7b54-f055-356e-8c07-83472103f086, -16.184420, -60.404190,2026-06-20 16:41:00,NOAA-21,José Miguel de Velasco,Santa Cruz,Bolivia,85,8,28,0,0.0,0.8,,46.7
9fc30b33-15b0-3660-b85f-68b31384b80b, -15.596130, -47.163400,2026-06-20 16:41:00,NOAA-21,FORMOSA,GOIÁS,Brasil,5208004,52,33,16,0.0,1.0,Cerrado,3.5
5878968a-c250-375c-80f5-86e50b7e835c, -16.160890, -40.684200,2026-06-20 16:41:00,NOAA-21,ALMENARA,MINAS GERAIS,Brasil,3101706,31,33,7,0.0,1.0,Mata Atlântica,3.8
e3239d3b-17ae-3040-a707-e59ac7e41db7, -16.147420, -39.289420,2026-06-20 16:41:00,NOAA-21,SANTA CRUZ CABRÁLIA,BAHIA,Brasil,2927705,29,33,2,0.0,0.8,Mata Atlântica,7.0
519544c8-35da-3779-afd6-94e0f850352d, -13.947050, -42.039160,2026-06-20 16:41:00,NOAA-21,LIVRAMENTO DE NOSSA SENHORA,BAHIA,Brasil,2919504,29,33,19,0.0,1.0,Caatinga,4.7
bb5a19f5-c3f9-3333-a2f4-d186c274d57b, -14.406950, -45.490640,2026-06-20 16:41:00,NOAA-21,COCOS,BAHIA,Brasil,2908101,29,33,25,0.0,1.0,Cerrado,6.6
3a392562-1e29-3ae0-a72e-b80ddc551b72, -17.354640, -41.687190,2026-06-20 16:41:00,NOAA-21,ITAIPÉ,MINAS GERAIS,Brasil,3132305,31,33,7,0.0,0.51,Mata Atlântica,5.4
5e48a55a-2d19-3d8d-86bb-ddee45320c33, -16.194780, -40.442320,2026-06-20 16:41:00,NOAA-21,JACINTO,MINAS GERAIS,Brasil,3134707,31,33,7,0.0,1.0,Mata Atlântica,5.1
77ab56f6-4c1a-3d1e-b782-960581ab31ab, -16.415080, -59.600250,2026-06-20 16:41:00,NOAA-21,José Miguel de Velasco,Santa Cruz,Bolivia,85,8,28,11,0.0,0.52,,12.0
4a874e58-2983-3055-922d-3c75f61061f4, -19.351060, -40.170950,2026-06-20 16:41:00,NOAA-21,LINHARES,ESPÍRITO SANTO,Brasil,3203205,32,33,3,0.0,1.0,Mata Atlântica,265.9
8e3126b5-53fb-378a-b52d-1026aba94232, -16.906980, -60.374710,2026-06-20 16:41:00,NOAA-21,José Miguel de Velasco,Santa Cruz,Bolivia,85,8,28,10,2.69,0.38,,43.4
f4396f94-bf86-33ae-a2a0-c467a51465ae, -16.414510, -59.594350,2026-06-20 16:41:00,NOAA-21,José Miguel de Velasco,Santa Cruz,Bolivia,85,8,28,10,0.0,0.51,,13.4
ac38bf6f-9b0d-34d2-91f4-3fb28f2c3bff, -20.082320, -44.568540,2026-06-20 16:41:00,NOAA-21,ITAÚNA,MINAS GERAIS,Brasil,3133808,31,33,5,0.0,-999.0,Mata Atlântica,2.1
d5c86315-d7c8-31bb-b593-12e3060b03c6, -14.978160, -45.454710,2026-06-20 16:41:00,NOAA-21,JANUÁRIA,MINAS GERAIS,Brasil,3135209,31,33,30,0.0,1.0,Cerrado,11.0
3f1b3fcc-2808-3202-8e11-b91477a6fb04, -19.007580, -39.920240,2026-06-20 16:41:00,NOAA-21,JAGUARÉ,ESPÍRITO SANTO,Brasil,3203056,32,33,-999,0.0,1.0,Mata Atlântica,4.6
b4a91e43-b932-33a0-b412-4ba9c713b7d5, -18.333360, -59.065170,2026-06-20 16:41:00,NOAA-21,Chiquitos,Santa Cruz,Bolivia,80,8,28,1,0.0,0.45,,16.7
99ae675a-acf8-3e88-9498-dbe9fda76cfa, -19.818080, -46.023710,2026-06-20 16:41:00,NOAA-21,CÓRREGO DANTA,MINAS GERAIS,Brasil,3119807,31,33,5,0.0,1.0,Cerrado,1.5
d72563a0-a3c7-3c93-af79-680ef041b58d, -19.452630, -46.393520,2026-06-20 16:41:00,NOAA-21,IBIÁ,MINAS GERAIS,Brasil,3129509,31,33,5,0.0,0.98,Cerrado,4.4
3970a574-8710-3acd-90f3-2c323a0bd3f2, -16.412000, -59.309250,2026-06-20 16:41:00,NOAA-21,José Miguel de Velasco,Santa Cruz,Bolivia,85,8,28,1,0.1,0.47,,13.9
4476e1b5-5561-368d-99d6-199f411c6164, -18.051980, -59.598780,2026-06-20 16:41:00,NOAA-21,Chiquitos,Santa Cruz,Bolivia,80,8,28,4,0.0,0.45,,4.6
68aa7a7d-9ba0-31e4-a405-bdaad99079f5, -17.227820, -42.500270,2026-06-20 16:41:00,NOAA-21,MINAS NOVAS,MINAS GERAIS,Brasil,3141801,31,33,7,0.0,0.96,Cerrado,1.6
8ba6adc7-b8b2-363f-a191-4427b818950d, -16.469770, -59.286270,2026-06-20 16:41:00,NOAA-21,José Miguel de Velasco,Santa Cruz,Bolivia,85,8,28,3,0.1,0.48,,5.5
a4dbdbe9-4cf3-3d9d-ab33-e38a4418d819, -19.336140, -40.044340,2026-06-20 16:41:00,NOAA-21,LINHARES,ESPÍRITO SANTO,Brasil,3203205,32,33,3,0.0,1.0,Mata Atlântica,15.6
8d4629cd-f1f0-300f-bcdb-6042bf6ba01b, -18.812880, -40.256600,2026-06-20 16:41:00,NOAA-21,SÃO MATEUS,ESPÍRITO SANTO,Brasil,3204906,32,33,4,0.0,0.95,Mata Atlântica,3.7
dbefcde1-a60e-3d50-a272-19eac261e55a, -17.477820, -59.523080,2026-06-20 16:41:00,NOAA-21,Chiquitos,Santa Cruz,Bolivia,80,8,28,9,0.0,0.59,,6.0
6d4ffc4a-0a67-3ea6-95d7-dba8947433ef, -16.469950, -53.072770,2026-06-20 16:41:00,NOAA-21,TORIXORÉU,MATO GROSSO,Brasil,5108204,51,33,2,6.35,0.88,Cerrado,20.3
855c8cdb-2e1c-30e5-8005-d894997ea54c, -16.904160, -60.364810,2026-06-20 16:41:00,NOAA-21,José Miguel de Velasco,Santa Cruz,Bolivia,85,8,28,10,2.79,0.38,,78.4
e04ee7b8-f73e-325b-ada1-3dcfa67817fa, -14.763530, -41.820550,2026-06-20 16:41:00,NOAA-21,PRESIDENTE JÂNIO QUADROS,BAHIA,Brasil,2925709,29,33,20,0.0,1.0,Caatinga,4.1
20274078-4e10-38ec-b561-9521e800db8d, -18.514460, -47.653040,2026-06-20 16:41:00,NOAA-21,MONTE CARMELO,MINAS GERAIS,Brasil,3143104,31,33,5,0.0,1.0,Cerrado,1.4
1db88bc6-7721-3659-8d8a-d22e20cf9ec6, -17.140890, -39.235120,2026-06-20 16:41:00,NOAA-21,PRADO,BAHIA,Brasil,2925501,29,33,-999,0.0,0.56,Mata Atlântica,3.0
d607b92e-249d-3987-8cb1-76118a298f1f, -14.977570, -45.451010,2026-06-20 16:41:00,NOAA-21,JANUÁRIA,MINAS GERAIS,Brasil,3135209,31,33,30,0.0,1.0,Cerrado,11.0
6cd24e57-30c2-3234-b664-a39c5986385d, -16.418130, -59.596300,2026-06-20 16:41:00,NOAA-21,José Miguel de Velasco,Santa Cruz,Bolivia,85,8,28,11,0.0,0.52,,16.0
9db74b71-b7ac-3084-8502-7fd7b1909234, -19.114110, -40.343360,2026-06-20 16:41:00,NOAA-21,RIO BANANAL,ESPÍRITO SANTO,Brasil,3204351,32,33,3,0.0,0.96,Mata Atlântica,4.9
7f357240-adba-3932-810b-92f41b524cbf, -16.465810, -53.079020,2026-06-20 16:41:00,NOAA-21,TORIXORÉU,MATO GROSSO,Brasil,5108204,51,33,2,6.22,0.89,Cerrado,24.6
ed53ee3e-118f-3ade-8b39-0a2c019790e8, -17.480790, -59.525540,2026-06-20 16:41:00,NOAA-21,Chiquitos,Santa Cruz,Bolivia,80,8,28,9,0.0,0.59,,4.8
be1fc593-bcf4-32c5-87cb-63dd8dae3eba, -16.191420, -60.403450,2026-06-20 16:41:00,NOAA-21,José Miguel de Velasco,Santa Cruz,Bolivia,85,8,28,0,0.0,0.92,,15.1
9fab256b-5704-319a-869e-a41eb9b25813, -16.897670, -60.372170,2026-06-20 16:41:00,NOAA-21,José Miguel de Velasco,Santa Cruz,Bolivia,85,8,28,10,2.6,0.39,,78.4
70c7894a-285d-3c24-9aee-a13ce8550a4b, -17.048110, -59.012310,2026-06-20 16:41:00,NOAA-21,José Miguel de Velasco,Santa Cruz,Bolivia,85,8,28,21,0.0,0.93,,4.0
5bddfa48-8a20-3877-9fb6-d1b855d99465, -16.189640, -60.401270,2026-06-20 16:41:00,NOAA-21,José Miguel de Velasco,Santa Cruz,Bolivia,85,8,28,0,0.0,0.84,,51.0
85a820fa-7faa-3069-9865-b45f4ce795d1, -17.487540, -59.524800,2026-06-20 16:41:00,NOAA-21,Chiquitos,Santa Cruz,Bolivia,80,8,28,9,0.0,0.59,,4.8
c933c75b-1706-38c3-9fe3-81014da6455a, -18.408910, -46.429400,2026-06-20 16:41:00,NOAA-21,PRESIDENTE OLEGÁRIO,MINAS GERAIS,Brasil,3153400,31,33,7,0.0,-999.0,Cerrado,2.4
aebf36c7-7353-3f22-8fac-212897f8b6b2, -19.100430, -40.270400,2026-06-20 16:41:00,NOAA-21,RIO BANANAL,ESPÍRITO SANTO,Brasil,3204351,32,33,3,0.0,1.0,Mata Atlântica,5.5
d53baaa8-78c9-3456-848f-0178b4fe378f, -16.465550, -53.073430,2026-06-20 16:41:00,NOAA-21,TORIXORÉU,MATO GROSSO,Brasil,5108204,51,33,2,6.22,0.89,Cerrado,20.3
6febe090-13b4-3f6f-91da-2bee7525d40d, -17.765090, -42.432860,2026-06-20 16:41:00,NOAA-21,CAPELINHA,MINAS GERAIS,Brasil,3112307,31,33,7,0.0,0.58,Mata Atlântica,10.6
d9c99247-3979-38a4-9916-af20b531d036, -16.183230, -60.408810,2026-06-20 16:41:00,NOAA-21,José Miguel de Velasco,Santa Cruz,Bolivia,85,8,28,0,0.0,0.97,,51.0
009dcf41-fcce-30fa-8a5a-34af4c3f4976, -15.575160, -47.159420,2026-06-20 16:41:00,NOAA-21,FORMOSA,GOIÁS,Brasil,5208004,52,33,21,0.0,1.0,Cerrado,2.9
04fc4e5a-f9f1-399a-881d-eb108fb05c61, -19.355880, -40.174060,2026-06-20 16:41:00,NOAA-21,LINHARES,ESPÍRITO SANTO,Brasil,3203205,32,33,4,0.0,1.0,Mata Atlântica,29.6
8a9d90e1-ca17-325a-b158-90149100a7fc, -16.185060, -60.411000,2026-06-20 16:41:00,NOAA-21,José Miguel de Velasco,Santa Cruz,Bolivia,85,8,28,0,0.0,1.0,,35.3
c785a12a-d4e3-3409-809b-4143b9d03365, -19.348240, -44.999530,2026-06-20 16:41:00,NOAA-21,POMPÉU,MINAS GERAIS,Brasil,3152006,31,33,6,0.0,0.99,Cerrado,5.0
9980bc54-6119-3bf3-9d0e-980f2f505f85, -18.364780, -44.993510,2026-06-20 16:41:00,NOAA-21,TRÊS MARIAS,MINAS GERAIS,Brasil,3169356,31,33,7,0.0,0.73,Cerrado,3.5
fde106a1-55df-3629-8b86-b12b3fbb6e3e, -16.466110, -53.077880,2026-06-20 16:41:00,NOAA-21,TORIXORÉU,MATO GROSSO,Brasil,5108204,51,33,2,6.23,0.89,Cerrado,20.3
5a0a5573-1186-345f-a1f7-be1bc7bf463a, -17.148370, -60.529540,2026-06-20 16:41:00,NOAA-21,José Miguel de Velasco,Santa Cruz,Bolivia,85,8,28,8,0.0,0.59,,4.1
5fd51269-ffc9-3553-9e6f-94e170136a3a, -16.178060, -60.411800,2026-06-20 16:41:00,NOAA-21,José Miguel de Velasco,Santa Cruz,Bolivia,85,8,28,0,0.0,1.0,,35.3
84260462-3415-3854-bc21-16a4f248b353, -17.481320, -59.531620,2026-06-20 16:41:00,NOAA-21,Chiquitos,Santa Cruz,Bolivia,80,8,28,9,0.0,0.59,,4.8
573d3b76-7ff4-37ce-93a9-3b4304aaf30b, -11.309590, -54.726870,2026-06-20 16:43:00,NOAA-21,CLÁUDIA,MATO GROSSO,Brasil,5103056,51,33,9,1.19,0.42,Amazônia,11.2
d3e61b70-49de-395f-9a58-ba97ef0d2c29, -11.310280, -54.733140,2026-06-20 16:43:00,NOAA-21,CLÁUDIA,MATO GROSSO,Brasil,5103056,51,33,9,1.23,0.42,Amazônia,6.4
f0606a0d-a87a-3882-8985-3412bde7b38e,  -7.188440, -43.415590,2026-06-20 16:43:00,NOAA-21,JERUMENHA,PIAUÍ,Brasil,2205300,22,33,13,0.0,1.0,Caatinga,3.3
353472d7-ee54-3f98-a3ba-fbeecde0ffba, -12.067730, -48.427460,2026-06-20 16:43:00,NOAA-21,PEIXE,TOCANTINS,Brasil,1716604,17,33,28,0.0,1.0,Cerrado,20.0
45b99423-e351-3efc-afe1-c47f07863a6e, -12.572420, -54.775300,2026-06-20 16:43:00,NOAA-21,FELIZ NATAL,MATO GROSSO,Brasil,5103700,51,33,16,3.11,0.93,Amazônia,5.4
b904243b-ac01-3f1f-81c3-e220bd237311, -11.936600, -43.389540,2026-06-20 16:43:00,NOAA-21,MUQUÉM DO SÃO FRANCISCO,BAHIA,Brasil,2922250,29,33,23,0.0,1.0,Cerrado,9.0
cec80ec5-1196-3e55-a7fd-174ad242f1c7, -11.916260, -43.407750,2026-06-20 16:43:00,NOAA-21,MUQUÉM DO SÃO FRANCISCO,BAHIA,Brasil,2922250,29,33,24,0.0,1.0,Cerrado,7.1
eb6f749a-e41e-3554-949f-a4d067d34814,  -8.244500, -47.876640,2026-06-20 16:43:00,NOAA-21,ITACAJÁ,TOCANTINS,Brasil,1710508,17,33,2,0.0,0.78,Cerrado,3.8
b38bdda4-86c1-3270-8e88-0534249db443, -11.096610, -39.591610,2026-06-20 16:43:00,NOAA-21,QUEIMADAS,BAHIA,Brasil,2925808,29,33,16,0.0,1.0,Caatinga,22.8
4ef7ae42-9ed6-3838-a4f8-c61160a15118, -11.071290, -47.053610,2026-06-20 16:43:00,NOAA-21,PONTE ALTA DO TOCANTINS,TOCANTINS,Brasil,1717909,17,33,28,0.0,1.0,Cerrado,3.0
e4f3a59d-9baf-3cac-b0b2-085adc940b52, -11.780800, -58.445090,2026-06-20 16:43:00,NOAA-21,JUÍNA,MATO GROSSO,Brasil,5105150,51,33,2,1.02,0.83,Cerrado,10.2
8c3dcaf7-bce2-38b5-b6d7-7bf936648436, -11.061270, -52.463480,2026-06-20 16:43:00,NOAA-21,SÃO JOSÉ DO XINGU,MATO GROSSO,Brasil,5107354,51,33,0,0.52,0.39,Amazônia,31.9
cf4e0528-7e2a-3ccd-abb8-9ec0c9e20659, -12.553380, -54.591190,2026-06-20 16:43:00,NOAA-21,NOVA UBIRATÃ,MATO GROSSO,Brasil,5106240,51,33,13,0.21,0.6,Amazônia,8.0
d28f24a5-ff32-3afd-ab59-a45f09d45257, -11.847310, -47.017410,2026-06-20 16:43:00,NOAA-21,DIANÓPOLIS,TOCANTINS,Brasil,1707009,17,33,28,0.0,1.0,Cerrado,3.4
d1c7bed4-4ea7-30f6-819b-1bd504e09c30, -11.154530, -44.121400,2026-06-20 16:43:00,NOAA-21,MANSIDÃO,BAHIA,Brasil,2920452,29,33,28,0.0,1.0,Cerrado,2.9
1ae44621-1473-3d5f-b9c9-a0a7487d62cd,  -6.510650, -42.221140,2026-06-20 16:43:00,NOAA-21,VÁRZEA GRANDE,PIAUÍ,Brasil,2211407,22,33,36,0.0,0.79,Caatinga,9.2
a40f4c39-9bb8-333d-8c96-5d20d1558b4f,  -9.328620, -46.313890,2026-06-20 16:43:00,NOAA-21,ALTO PARNAÍBA,MARANHÃO,Brasil,2100501,21,33,60,0.0,1.0,Cerrado,7.6
aebffad7-5275-368e-b20b-a0b2d2fe4307, -12.426640, -54.180630,2026-06-20 16:43:00,NOAA-21,NOVA UBIRATÃ,MATO GROSSO,Brasil,5106240,51,33,24,0.78,0.59,Amazônia,19.9
213c840f-a4be-3803-9f5b-45361cb6aefd, -13.957100, -54.101040,2026-06-20 16:43:00,NOAA-21,PARANATINGA,MATO GROSSO,Brasil,5106307,51,33,3,7.07,0.51,Cerrado,8.7
8aa2c2c1-ca8d-3412-8e57-742ec278dcb0, -12.567720, -54.775850,2026-06-20 16:43:00,NOAA-21,FELIZ NATAL,MATO GROSSO,Brasil,5103700,51,33,16,3.04,0.82,Amazônia,6.9
b9c7a587-c79f-3240-9917-92e2eeb61eb4, -11.065920, -52.468060,2026-06-20 16:43:00,NOAA-21,SÃO JOSÉ DO XINGU,MATO GROSSO,Brasil,5107354,51,33,1,0.58,0.38,Amazônia,31.9
991c62d7-891a-3d33-aa29-76c39deeba69,  -7.660920, -45.846450,2026-06-20 16:43:00,NOAA-21,BALSAS,MARANHÃO,Brasil,2101400,21,33,36,0.0,1.0,Cerrado,14.6
b692463b-4265-3f11-8509-0a8ff96cf2b8,  -8.054860, -46.022770,2026-06-20 16:43:00,NOAA-21,BALSAS,MARANHÃO,Brasil,2101400,21,33,42,0.0,0.92,Cerrado,4.2
905e8b0a-15e5-3825-bdd2-454f0be47049, -13.486030, -49.175090,2026-06-20 16:43:00,NOAA-21,PORANGATU,GOIÁS,Brasil,5218003,52,33,20,0.0,1.0,Cerrado,3.9
7b39d544-e455-3689-ad18-82e84e043d4f,  -9.237870, -46.938390,2026-06-20 16:43:00,NOAA-21,LIZARDA,TOCANTINS,Brasil,1712405,17,33,56,0.0,1.0,Cerrado,7.7
88b1ac99-f8fd-33a0-a152-3b1eb34f2c0b,  -6.653170, -45.597830,2026-06-20 16:43:00,NOAA-21,MIRADOR,MARANHÃO,Brasil,2106706,21,33,2,0.0,1.0,Cerrado,5.0
52942323-0d79-3e97-b69a-a086fe405064, -10.925140, -56.847100,2026-06-20 16:43:00,NOAA-21,JUARA,MATO GROSSO,Brasil,5105101,51,33,24,6.13,0.11,Amazônia,3.9
f3a76ddf-e76a-3d0a-8a62-6124ed038e66, -11.038650, -47.040670,2026-06-20 16:43:00,NOAA-21,PONTE ALTA DO TOCANTINS,TOCANTINS,Brasil,1717909,17,33,28,0.0,1.0,Cerrado,3.6
c1cab7ff-b551-36b2-b535-38d1d88f374b, -11.310230, -54.731670,2026-06-20 16:43:00,NOAA-21,CLÁUDIA,MATO GROSSO,Brasil,5103056,51,33,9,1.21,0.42,Amazônia,11.2
17e2ae8a-2961-3693-904d-4bf76be41ce8, -11.071840, -47.057140,2026-06-20 16:43:00,NOAA-21,PONTE ALTA DO TOCANTINS,TOCANTINS,Brasil,1717909,17,33,28,0.0,1.0,Cerrado,3.0
41e01c7b-0fca-36d5-a259-98d3aa02a164,  -6.374210, -43.594850,2026-06-20 16:43:00,NOAA-21,SUCUPIRA DO RIACHÃO,MARANHÃO,Brasil,2111953,21,33,2,0.0,0.65,Cerrado,6.8
f82ce4db-77b1-31c3-a671-c39237e90779,  -7.299690, -43.201070,2026-06-20 16:43:00,NOAA-21,ITAUEIRA,PIAUÍ,Brasil,2205102,22,33,33,0.0,1.0,Caatinga,5.5
3f0dc9cf-ce22-33f9-89f7-496affffee27, -14.375060, -49.689790,2026-06-20 16:43:00,NOAA-21,SANTA TEREZINHA DE GOIÁS,GOIÁS,Brasil,5219704,52,33,28,0.0,1.0,Cerrado,5.0
27c25bb9-78de-3bc1-86af-25d79afbb5fd, -13.498570, -54.425380,2026-06-20 16:43:00,NOAA-21,PARANATINGA,MATO GROSSO,Brasil,5106307,51,33,4,4.44,0.88,Cerrado,6.8
c2d8adc8-beae-3af7-8a13-8f855a8183a2,  -8.042170, -50.674240,2026-06-20 16:43:00,NOAA-21,CUMARU DO NORTE,PARÁ,Brasil,1502764,15,33,33,0.0,1.0,Amazônia,4.4
1290670c-079a-3362-892a-64a2436f827a, -10.896090, -46.324650,2026-06-20 16:43:00,NOAA-21,MATEIROS,TOCANTINS,Brasil,1712702,17,33,54,0.0,1.0,Cerrado,6.3
9460df77-9e98-31c2-8d75-84c7804000b2,  -7.795460, -45.894380,2026-06-20 16:43:00,NOAA-21,BALSAS,MARANHÃO,Brasil,2101400,21,33,5,0.0,0.89,Cerrado,7.5
ab884ff2-bd6e-352f-af82-c52324f79603, -11.917140, -43.410610,2026-06-20 16:43:00,NOAA-21,MUQUÉM DO SÃO FRANCISCO,BAHIA,Brasil,2922250,29,33,24,0.0,1.0,Cerrado,3.7
a47886a9-5033-33e8-869e-1566e2d1551e, -11.639950, -46.444890,2026-06-20 16:43:00,NOAA-21,DIANÓPOLIS,TOCANTINS,Brasil,1707009,17,33,23,0.0,1.0,Cerrado,6.5
3feff974-f5e6-367f-8cf4-ff5988842bec,  -7.787190, -45.887670,2026-06-20 16:43:00,NOAA-21,BALSAS,MARANHÃO,Brasil,2101400,21,33,6,0.0,1.0,Cerrado,16.1
8647a995-dc04-3359-bdf3-ee41ed824283, -13.947950, -54.102200,2026-06-20 16:43:00,NOAA-21,PARANATINGA,MATO GROSSO,Brasil,5106307,51,33,3,6.84,0.39,Cerrado,4.3
f1e23c2e-38d5-3f70-bb20-00c060b7a093, -13.253190, -43.667560,2026-06-20 16:43:00,NOAA-21,BOM JESUS DA LAPA,BAHIA,Brasil,2903904,29,33,21,0.0,1.0,Cerrado,5.8
bc4af49e-f192-38da-8b64-f7d5c8b14326,  -7.182020, -44.876570,2026-06-20 16:43:00,NOAA-21,SÃO FÉLIX DE BALSAS,MARANHÃO,Brasil,2110807,21,33,49,0.0,1.0,Cerrado,25.2
c987f687-c47d-3cfd-aa87-6fe199c5b046, -12.106000, -41.113530,2026-06-20 16:43:00,NOAA-21,UTINGA,BAHIA,Brasil,2932804,29,33,16,0.0,1.0,Caatinga,4.3
a83a6520-26b5-3c95-a202-5c5987ed7408,  -8.081240, -46.235230,2026-06-20 16:43:00,NOAA-21,BALSAS,MARANHÃO,Brasil,2101400,21,33,37,0.0,1.0,Cerrado,5.1
447c3b0f-9cec-3aec-b62d-c998b95cdc2b, -11.916360, -43.405870,2026-06-20 16:43:00,NOAA-21,MUQUÉM DO SÃO FRANCISCO,BAHIA,Brasil,2922250,29,33,24,0.0,1.0,Cerrado,3.7
17f1b259-d64e-369d-9780-69ff311476f0, -12.428520, -54.178320,2026-06-20 16:43:00,NOAA-21,NOVA UBIRATÃ,MATO GROSSO,Brasil,5106240,51,33,24,0.76,0.55,Amazônia,32.0
899b0d12-e77e-3f79-a9fa-7ec8742f4412, -13.499190, -54.430240,2026-06-20 16:43:00,NOAA-21,PARANATINGA,MATO GROSSO,Brasil,5106307,51,33,4,4.6,1.0,Cerrado,22.8
c20f6660-b532-3b54-a283-16a52b5420b0,  -8.976040, -46.612820,2026-06-20 16:43:00,NOAA-21,BALSAS,MARANHÃO,Brasil,2101400,21,33,56,0.0,1.0,Cerrado,6.2
910269d0-a993-3a0b-aff2-a902324525e2, -12.100060, -47.380960,2026-06-20 16:43:00,NOAA-21,CONCEIÇÃO DO TOCANTINS,TOCANTINS,Brasil,1705607,17,33,28,0.0,1.0,Cerrado,4.3
d727279d-1962-3e64-aa55-70f0cc308134, -11.065220, -52.462960,2026-06-20 16:43:00,NOAA-21,SÃO JOSÉ DO XINGU,MATO GROSSO,Brasil,5107354,51,33,0,0.53,0.39,Amazônia,31.9
7978ede5-4ae0-3419-a37c-dd99b9b11ec2,  -6.501680, -42.212960,2026-06-20 16:43:00,NOAA-21,VÁRZEA GRANDE,PIAUÍ,Brasil,2211407,22,33,36,0.0,0.88,Caatinga,9.8
befac2cb-e71f-3613-9300-32898db9e26a, -11.305640, -54.732290,2026-06-20 16:43:00,NOAA-21,CLÁUDIA,MATO GROSSO,Brasil,5103056,51,33,9,1.31,0.41,Amazônia,11.2
018dc7ae-9d14-3873-b237-4bc78a0bf1ba, -11.951970, -46.749530,2026-06-20 16:43:00,NOAA-21,NOVO JARDIM,TOCANTINS,Brasil,1715259,17,33,23,0.0,1.0,Cerrado,5.5
ceaea659-8fda-384e-b62c-c4ec880127e1,  -7.185520, -47.841720,2026-06-20 16:43:00,NOAA-21,BABAÇULÂNDIA,TOCANTINS,Brasil,1703008,17,33,21,0.0,0.99,Cerrado,11.2
a2565964-d86c-3af5-a99a-9da88f5e6ea9,  -8.903490, -47.764020,2026-06-20 16:43:00,NOAA-21,SANTA MARIA DO TOCANTINS,TOCANTINS,Brasil,1718881,17,33,3,0.0,1.0,Cerrado,34.9
b4f8157f-c699-3b69-b2ee-daa83629fc9d, -11.057340, -52.464040,2026-06-20 16:43:00,NOAA-21,SÃO JOSÉ DO XINGU,MATO GROSSO,Brasil,5107354,51,33,0,0.51,0.39,Amazônia,16.6
e04a46e0-8e01-3419-9c61-4236d17a3a4b, -14.365080, -53.391640,2026-06-20 16:43:00,NOAA-21,CAMPINÁPOLIS,MATO GROSSO,Brasil,5102603,51,33,25,0.0,1.0,Cerrado,2.8
707eb3f3-4640-340e-87c8-13ccd9f277d2, -11.940390, -43.388880,2026-06-20 16:43:00,NOAA-21,MUQUÉM DO SÃO FRANCISCO,BAHIA,Brasil,2922250,29,33,23,0.0,1.0,Cerrado,8.1
4f235031-63ad-337b-ba82-8e0749ac931e, -12.273020, -54.091500,2026-06-20 16:43:00,NOAA-21,NOVA UBIRATÃ,MATO GROSSO,Brasil,5106240,51,33,33,0.32,0.6,Amazônia,5.8
ef0495f0-e743-3519-9cdc-3e6069f4214f, -12.430580, -54.175580,2026-06-20 16:43:00,NOAA-21,NOVA UBIRATÃ,MATO GROSSO,Brasil,5106240,51,33,23,0.73,0.55,Amazônia,22.5
3892e0cd-10a7-3c93-91f5-249b53b74465, -11.623210, -46.447680,2026-06-20 16:43:00,NOAA-21,DIANÓPOLIS,TOCANTINS,Brasil,1707009,17,33,23,0.0,1.0,Cerrado,48.2
74f1ed34-ddef-38c4-aee6-a2b925f1d5b3,  -8.904020, -47.767520,2026-06-20 16:43:00,NOAA-21,SANTA MARIA DO TOCANTINS,TOCANTINS,Brasil,1718881,17,33,3,0.0,1.0,Cerrado,34.9
f28b5ecb-8016-3975-bed4-6fd10395dcc9,  -7.501190, -45.776560,2026-06-20 16:43:00,NOAA-21,SAMBAÍBA,MARANHÃO,Brasil,2109700,21,33,46,0.0,1.0,Cerrado,4.4
43b705ac-98ab-3638-921d-e4bfeab136d9,  -7.185000, -44.871430,2026-06-20 16:43:00,NOAA-21,SÃO FÉLIX DE BALSAS,MARANHÃO,Brasil,2110807,21,33,48,0.0,1.0,Cerrado,27.7
6b93d349-9b64-3443-ac73-dec684118fcc, -13.499810, -54.435110,2026-06-20 16:43:00,NOAA-21,PARANATINGA,MATO GROSSO,Brasil,5106307,51,33,4,4.81,1.0,Cerrado,22.8
ee6730ff-3424-3786-9f52-95f65f34b69b,  -6.467840, -45.590230,2026-06-20 16:43:00,NOAA-21,MIRADOR,MARANHÃO,Brasil,2106706,21,33,2,0.0,1.0,Cerrado,16.8
3e5b9ab4-d262-32d1-84db-a9419a7fd1b7, -12.268550, -54.092060,2026-06-20 16:43:00,NOAA-21,NOVA UBIRATÃ,MATO GROSSO,Brasil,5106240,51,33,34,0.32,0.6,Amazônia,5.8
e7a59280-2e4c-34ea-b18e-f2d2130211af, -12.512290, -48.266020,2026-06-20 16:43:00,NOAA-21,SÃO SALVADOR DO TOCANTINS,TOCANTINS,Brasil,1720259,17,33,28,0.0,1.0,Cerrado,5.7
9d052d9a-6fc5-345a-809f-771a2082c004,  -6.838340, -47.925610,2026-06-20 16:43:00,NOAA-21,WANDERLÂNDIA,TOCANTINS,Brasil,1722081,17,33,3,0.0,0.97,Cerrado,25.8
12ee1f73-b4a9-3e35-bc9c-e51a41fa5b0b, -10.741510, -49.819910,2026-06-20 16:43:00,NOAA-21,LAGOA DA CONFUSÃO,TOCANTINS,Brasil,1711902,17,33,42,0.0,1.0,Cerrado,11.9
29337e72-f4c1-30cf-a81a-fd46f6395e6d,  -9.876270, -37.558880,2026-06-20 16:43:00,NOAA-21,POÇO REDONDO,SERGIPE,Brasil,2805406,28,33,17,0.0,1.0,Caatinga,8.7
761ac749-3ac0-33bf-94dd-aa43209c1816, -11.632690, -46.442390,2026-06-20 16:43:00,NOAA-21,DIANÓPOLIS,TOCANTINS,Brasil,1707009,17,33,23,0.0,1.0,Cerrado,67.0
2edf1e13-d244-31e7-8d1b-da30ddcead28,  -9.456970, -57.842700,2026-06-20 16:43:00,NOAA-21,APIACÁS,MATO GROSSO,Brasil,5100805,51,33,0,0.0,0.24,Amazônia,5.2
8a677e75-9ee0-385c-9762-b2b2e0c7c3d1, -12.655800, -47.684190,2026-06-20 16:43:00,NOAA-21,PARANÃ,TOCANTINS,Brasil,1716208,17,33,58,0.0,1.0,Cerrado,5.3
e765824c-7225-3460-a0c6-d0dcd19b9a1a,  -8.637990, -47.145130,2026-06-20 16:43:00,NOAA-21,RECURSOLÂNDIA,TOCANTINS,Brasil,1718501,17,33,41,0.0,1.0,Cerrado,6.9
e74b095c-83d8-3256-ba9d-2eeb6cf99e2b,  -7.289910, -43.372860,2026-06-20 16:43:00,NOAA-21,JERUMENHA,PIAUÍ,Brasil,2205300,22,33,26,0.0,1.0,Cerrado,3.9
86345510-c18c-334f-99e2-4e2f18277a10, -10.770610, -50.505290,2026-06-20 16:43:00,NOAA-21,LAGOA DA CONFUSÃO,TOCANTINS,Brasil,1711902,17,33,13,0.0,1.0,Cerrado,5.8
7f2431fc-d6bc-392e-a03a-699f8455b9e7, -11.159710, -48.803920,2026-06-20 16:43:00,NOAA-21,CRIXÁS DO TOCANTINS,TOCANTINS,Brasil,1706258,17,33,42,0.0,1.0,Cerrado,4.9
7b96a3ea-5caf-391b-989a-2e6ae675d47a, -11.346880, -47.232670,2026-06-20 16:43:00,NOAA-21,ALMAS,TOCANTINS,Brasil,1700400,17,33,24,0.0,1.0,Cerrado,4.4
e9119214-ff17-3e1c-8a11-25edf0fde84e,  -7.539850, -43.420070,2026-06-20 16:43:00,NOAA-21,ITAUEIRA,PIAUÍ,Brasil,2205102,22,33,59,0.0,1.0,Cerrado,8.0
588bda7c-7660-3edc-9c1e-fe5f017d7402, -11.876430, -40.759560,2026-06-20 16:43:00,NOAA-21,TAPIRAMUTÁ,BAHIA,Brasil,2931301,29,33,16,0.0,0.95,Caatinga,5.8
2f131bdf-083a-3649-bd9e-4f2f4b2516f8, -11.650910, -47.443100,2026-06-20 16:43:00,NOAA-21,NATIVIDADE,TOCANTINS,Brasil,1714203,17,33,28,0.0,1.0,Cerrado,5.8
e9435756-5e30-34e6-bc22-cd22078643e0, -10.747290, -50.170820,2026-06-20 16:43:00,NOAA-21,LAGOA DA CONFUSÃO,TOCANTINS,Brasil,1711902,17,33,36,0.0,1.0,Cerrado,3.3
15e23d0b-ab08-3033-acfb-ed82d404c0c0, -11.305000, -54.727490,2026-06-20 16:43:00,NOAA-21,CLÁUDIA,MATO GROSSO,Brasil,5103056,51,33,9,1.28,0.41,Amazônia,11.2
2056a2bc-1c41-3387-a29d-51065e9f2975, -13.294220, -43.095010,2026-06-20 16:43:00,NOAA-21,BOM JESUS DA LAPA,BAHIA,Brasil,2903904,29,33,28,0.0,1.0,Caatinga,3.3
fc8f99f4-e5a9-3ab2-b4a0-8c6e4832023f, -10.765940, -50.497810,2026-06-20 16:43:00,NOAA-21,LAGOA DA CONFUSÃO,TOCANTINS,Brasil,1711902,17,33,12,0.0,1.0,Cerrado,5.7
7b2e35d7-33d3-3acf-a7a6-8ab439333821, -11.887820, -55.136860,2026-06-20 16:43:00,NOAA-21,SANTA CARMEM,MATO GROSSO,Brasil,5107248,51,33,5,2.11,0.48,Amazônia,6.5
70985139-03ba-3ccd-a915-fb34dfe68ada,  -9.784160, -56.960860,2026-06-20 16:43:00,NOAA-21,NOVA MONTE VERDE,MATO GROSSO,Brasil,5108956,51,33,1,0.0,1.0,Amazônia,3.6
ceafbde9-c442-3964-97b2-3473d2e2dc83,  -8.905480, -46.944520,2026-06-20 16:43:00,NOAA-21,BALSAS,MARANHÃO,Brasil,2101400,21,33,35,0.0,1.0,Cerrado,3.0
3256ab5c-5a30-3152-b773-052570c5e8fb,  -6.841670, -47.925090,2026-06-20 16:43:00,NOAA-21,WANDERLÂNDIA,TOCANTINS,Brasil,1722081,17,33,3,0.0,0.97,Cerrado,53.1
938b93fe-38c6-33b3-b486-e621b1b86c30,  -6.509200, -42.212620,2026-06-20 16:43:00,NOAA-21,VÁRZEA GRANDE,PIAUÍ,Brasil,2211407,22,33,36,0.0,0.88,Caatinga,18.5
6aff60b9-3c80-35b1-b159-6579708d710b,  -9.790130, -56.960730,2026-06-20 16:43:00,NOAA-21,NOVA MONTE VERDE,MATO GROSSO,Brasil,5108956,51,33,1,0.0,1.0,Amazônia,6.1
301102b3-1c1a-35ff-8718-faae6fb8d25f,  -8.035180, -47.289440,2026-06-20 16:43:00,NOAA-21,GOIATINS,TOCANTINS,Brasil,1709005,17,33,2,0.0,0.82,Cerrado,7.9
9ed6db4e-874f-3ed8-a4c2-6af6e2a87658,  -6.847780, -47.920550,2026-06-20 16:43:00,NOAA-21,WANDERLÂNDIA,TOCANTINS,Brasil,1722081,17,33,3,0.0,0.97,Cerrado,10.0
13d57ea1-09db-34cb-a8f4-9ff909a3982f,  -7.292650, -43.209850,2026-06-20 16:43:00,NOAA-21,ITAUEIRA,PIAUÍ,Brasil,2205102,22,33,29,0.0,1.0,Caatinga,3.7
8ce18783-ca1b-352d-93d5-4c7953452604, -11.933780, -44.876050,2026-06-20 16:43:00,NOAA-21,RIACHÃO DAS NEVES,BAHIA,Brasil,2926202,29,33,0,0.0,1.0,Cerrado,7.0
4b3a617c-251f-34fb-a07e-01c379c753ee,  -9.784890, -56.961450,2026-06-20 16:43:00,NOAA-21,NOVA MONTE VERDE,MATO GROSSO,Brasil,5108956,51,33,1,0.0,1.0,Amazônia,5.4
d8c1eeec-999f-3b22-8237-672b5cfbac27, -11.611620, -46.768880,2026-06-20 16:43:00,NOAA-21,DIANÓPOLIS,TOCANTINS,Brasil,1707009,17,33,27,0.0,0.98,Cerrado,5.1
a5a5316b-efe0-3f6c-8f17-0858843f6171, -10.930850, -56.849790,2026-06-20 16:43:00,NOAA-21,JUARA,MATO GROSSO,Brasil,5105101,51,33,26,6.16,0.11,Amazônia,11.4
d146f873-86f0-3d3f-be3b-d346f13dd12e,  -6.672270, -45.134070,2026-06-20 16:43:00,NOAA-21,MIRADOR,MARANHÃO,Brasil,2106706,21,33,36,0.0,1.0,Cerrado,5.7
92d138b6-50d5-37b4-bb16-3f41dab2a755,  -8.976610, -46.616460,2026-06-20 16:43:00,NOAA-21,BALSAS,MARANHÃO,Brasil,2101400,21,33,56,0.0,1.0,Cerrado,6.2
958f8094-2237-3afb-9940-1ff37faf17eb, -10.817180, -46.712100,2026-06-20 16:43:00,NOAA-21,MATEIROS,TOCANTINS,Brasil,1712702,17,33,28,0.0,1.0,Cerrado,14.7
a30ee1df-26cc-3467-acc4-98a1bf1eb403,  -9.050110, -47.589920,2026-06-20 16:43:00,NOAA-21,CENTENÁRIO,TOCANTINS,Brasil,1704105,17,33,13,0.0,1.0,Cerrado,5.6
853a55ce-b190-3873-9a4b-b80804f9e028,  -8.902120, -46.945050,2026-06-20 16:43:00,NOAA-21,BALSAS,MARANHÃO,Brasil,2101400,21,33,36,0.0,1.0,Cerrado,5.6
cedd800d-1cd0-36b8-b161-985e0c790e84, -12.807380, -54.858060,2026-06-20 16:43:00,NOAA-21,NOVA UBIRATÃ,MATO GROSSO,Brasil,5106240,51,33,6,3.54,0.25,Cerrado,17.3
fc18dc16-c872-3505-baa9-e27b30e0c501, -11.350740, -47.235660,2026-06-20 16:43:00,NOAA-21,ALMAS,TOCANTINS,Brasil,1700400,17,33,23,0.0,1.0,Cerrado,2.9
e5b3c825-3065-3642-a8d3-620202678d77,  -6.675960, -45.133430,2026-06-20 16:43:00,NOAA-21,MIRADOR,MARANHÃO,Brasil,2106706,21,33,36,0.0,1.0,Cerrado,5.7
8f806ac4-eca7-3ba6-be72-50f05038ce97,  -6.502400, -42.217380,2026-06-20 16:43:00,NOAA-21,VÁRZEA GRANDE,PIAUÍ,Brasil,2211407,22,33,36,0.0,0.82,Caatinga,9.8
b788705c-621e-3057-ba89-828fa91610df, -13.368860, -44.710180,2026-06-20 16:43:00,NOAA-21,CORRENTINA,BAHIA,Brasil,2909307,29,33,28,0.0,1.0,Cerrado,23.0
91d0a2a3-c3e6-3faf-a7bd-b8afb048f7e5, -11.151560, -44.120740,2026-06-20 16:43:00,NOAA-21,MANSIDÃO,BAHIA,Brasil,2920452,29,33,28,0.0,1.0,Cerrado,42.2
66e967fa-01c4-3baf-87a7-485b06103a98, -11.612170, -46.772450,2026-06-20 16:43:00,NOAA-21,DIANÓPOLIS,TOCANTINS,Brasil,1707009,17,33,28,0.0,1.0,Cerrado,5.1
3ea31354-69ec-3705-a71b-c9dab2d1ab10, -13.503830, -54.429620,2026-06-20 16:43:00,NOAA-21,PARANATINGA,MATO GROSSO,Brasil,5106307,51,33,5,4.67,0.99,Cerrado,14.9
d03f0c5b-8646-3aa5-aff7-2463e9f02523,  -9.310750, -47.627430,2026-06-20 16:43:00,NOAA-21,CENTENÁRIO,TOCANTINS,Brasil,1704105,17,33,36,0.0,1.0,Cerrado,9.2
be89ccf5-269c-329c-92e7-f206f638f0a4,  -7.022670, -45.259210,2026-06-20 16:43:00,NOAA-21,LORETO,MARANHÃO,Brasil,2106102,21,33,23,0.0,1.0,Cerrado,8.9
2722109c-0a83-3390-8356-85f7086682b1,  -6.848320, -47.924050,2026-06-20 16:43:00,NOAA-21,WANDERLÂNDIA,TOCANTINS,Brasil,1722081,17,33,3,0.0,0.97,Cerrado,10.0
b836354c-b2ff-3fe5-9d60-cd510da3ea9f, -11.350200, -47.232140,2026-06-20 16:43:00,NOAA-21,ALMAS,TOCANTINS,Brasil,1700400,17,33,24,0.0,1.0,Cerrado,2.9
7c824399-ea71-30bb-9229-3c6b67363863,  -6.844460, -47.921070,2026-06-20 16:43:00,NOAA-21,WANDERLÂNDIA,TOCANTINS,Brasil,1722081,17,33,3,0.0,0.97,Cerrado,53.1
9553a851-d632-33e0-b84e-58ee91c3c8e7, -11.209620, -49.789530,2026-06-20 16:43:00,NOAA-21,LAGOA DA CONFUSÃO,TOCANTINS,Brasil,1711902,17,33,42,0.0,1.0,Cerrado,5.0
6bcacc4d-b834-30e9-8149-53f8a6cd2f64, -10.892720, -46.325190,2026-06-20 16:43:00,NOAA-21,MATEIROS,TOCANTINS,Brasil,1712702,17,33,54,0.0,1.0,Cerrado,5.7
26091b60-3302-3e5a-b3d3-f6ee3cb26fc2,  -6.653850, -45.602110,2026-06-20 16:43:00,NOAA-21,MIRADOR,MARANHÃO,Brasil,2106706,21,33,2,0.0,1.0,Cerrado,11.1
8beff22e-9a33-3315-a530-b9ef7b83133e,  -8.078380, -46.239570,2026-06-20 16:43:00,NOAA-21,BALSAS,MARANHÃO,Brasil,2101400,21,33,37,0.0,1.0,Cerrado,115.5
687aff66-0014-3fd0-a580-bf2b24f97c67, -11.631590, -46.457400,2026-06-20 16:43:00,NOAA-21,DIANÓPOLIS,TOCANTINS,Brasil,1707009,17,33,23,0.0,1.0,Cerrado,3.9
018b9062-4767-3128-aa43-25e23b29623a,  -6.504750, -42.213360,2026-06-20 16:43:00,NOAA-21,VÁRZEA GRANDE,PIAUÍ,Brasil,2211407,22,33,36,0.0,0.92,Caatinga,18.5
f7a6fbb1-293f-3653-988d-513b1d578e2f, -10.503070, -50.482080,2026-06-20 16:43:00,NOAA-21,PIUM,TOCANTINS,Brasil,1717503,17,33,36,0.0,1.0,Cerrado,6.4
89973490-b366-3f28-b1a5-47aa6ced2691, -10.902840, -46.323570,2026-06-20 16:43:00,NOAA-21,MATEIROS,TOCANTINS,Brasil,1712702,17,33,54,0.0,1.0,Cerrado,8.1
f2cd4d97-d8d6-39aa-a8cb-e8c482688fe6,  -7.798980, -45.893840,2026-06-20 16:43:00,NOAA-21,BALSAS,MARANHÃO,Brasil,2101400,21,33,5,0.0,0.94,Cerrado,7.5
42511efd-2e4e-3a4d-8b0f-ab083557ddab,  -9.234510, -46.938920,2026-06-20 16:43:00,NOAA-21,LIZARDA,TOCANTINS,Brasil,1712405,17,33,56,0.0,1.0,Cerrado,1.9
f29428de-7d3e-369d-b556-414b02fa779a,  -7.187770, -46.555420,2026-06-20 16:43:00,NOAA-21,RIACHÃO,MARANHÃO,Brasil,2109502,21,33,34,0.0,1.0,Cerrado,10.9
3a49c3de-240f-3891-ad18-873e9f9026ca, -10.766510, -50.501810,2026-06-20 16:43:00,NOAA-21,LAGOA DA CONFUSÃO,TOCANTINS,Brasil,1711902,17,33,12,0.0,1.0,Cerrado,10.3
4fe41363-a4e3-3811-9308-909cf31241bb,  -6.837800, -47.922110,2026-06-20 16:43:00,NOAA-21,WANDERLÂNDIA,TOCANTINS,Brasil,1722081,17,33,3,0.0,0.97,Cerrado,25.8
d6ca6c3e-770a-3f9e-bc0d-a4e9847af33b,  -6.175340, -43.352840,2026-06-20 16:43:00,NOAA-21,LAGOA DO MATO,MARANHÃO,Brasil,2105922,21,33,2,0.0,0.98,Cerrado,6.7
0561e973-ea37-3e0a-91d0-660f26eae799,  -9.875380, -37.559010,2026-06-20 16:43:00,NOAA-21,POÇO REDONDO,SERGIPE,Brasil,2805406,28,33,17,0.0,1.0,Caatinga,6.8
22405d8e-5b01-3199-b454-5b13ab32b9b7,  -7.154160, -43.968530,2026-06-20 16:43:00,NOAA-21,MARCOS PARENTE,PIAUÍ,Brasil,2206001,22,33,47,0.0,1.0,Cerrado,10.2
2bbe2a88-03e0-3eba-8e27-75425e70ca2b, -11.626560, -46.447120,2026-06-20 16:43:00,NOAA-21,DIANÓPOLIS,TOCANTINS,Brasil,1707009,17,33,23,0.0,1.0,Cerrado,48.2
f716b2f2-9db5-3e53-b0de-6e6acdba319a,  -8.034630, -47.285870,2026-06-20 16:43:00,NOAA-21,GOIATINS,TOCANTINS,Brasil,1709005,17,33,2,0.0,0.82,Cerrado,4.9
5de39c21-2ff2-3971-b358-80d589c7034e,  -6.495150, -45.598890,2026-06-20 16:43:00,NOAA-21,MIRADOR,MARANHÃO,Brasil,2106706,21,33,2,0.0,1.0,Cerrado,13.3
a1a33f0c-cc73-3718-9467-5142ab04e181,  -6.837270, -47.918610,2026-06-20 16:43:00,NOAA-21,WANDERLÂNDIA,TOCANTINS,Brasil,1722081,17,33,3,0.0,0.97,Cerrado,13.6
40a1d8d9-17be-3413-abca-b41d7c60ad10,  -8.907330, -47.766990,2026-06-20 16:43:00,NOAA-21,SANTA MARIA DO TOCANTINS,TOCANTINS,Brasil,1718881,17,33,3,0.0,1.0,Cerrado,34.9
2f5ed0e5-3fb0-39e9-b8d0-2e8916cc3ff4, -11.507450, -41.989290,2026-06-20 16:43:00,NOAA-21,IBITITÁ,BAHIA,Brasil,2913101,29,33,28,0.0,1.0,Caatinga,3.7
47099f92-9caf-338c-a5bb-086d7de5e4c1, -11.091700, -39.592590,2026-06-20 16:43:00,NOAA-21,QUEIMADAS,BAHIA,Brasil,2925808,29,33,16,0.0,1.0,Caatinga,22.8
2e818861-8694-3fe7-bbb5-17bab5fa8ae9, -11.933250, -44.875740,2026-06-20 16:43:00,NOAA-21,RIACHÃO DAS NEVES,BAHIA,Brasil,2926202,29,33,0,0.0,1.0,Cerrado,6.7
23994240-bca7-3677-b8c2-6767fcff4195, -11.605520, -46.773540,2026-06-20 16:43:00,NOAA-21,DIANÓPOLIS,TOCANTINS,Brasil,1707009,17,33,28,0.0,1.0,Cerrado,4.4
cb9322a0-3627-3be7-b2b9-3ac556b96e63, -13.604930, -47.538020,2026-06-20 16:43:00,NOAA-21,CAVALCANTE,GOIÁS,Brasil,5205307,52,33,27,0.0,1.0,Cerrado,4.0
dedf74bf-85bb-3f79-96c1-c28825ed3621, -13.504450, -54.434520,2026-06-20 16:43:00,NOAA-21,PARANATINGA,MATO GROSSO,Brasil,5106307,51,33,5,4.88,1.0,Cerrado,14.9
fbed38ae-ad54-31a2-8332-696c721b6be9,  -8.135010, -44.834100,2026-06-20 16:43:00,NOAA-21,URUÇUÍ,PIAUÍ,Brasil,2211209,22,33,31,0.0,1.0,Cerrado,8.3
64dac4e2-30b1-3e64-8e53-2b9402e7c695,  -8.972650, -46.613350,2026-06-20 16:43:00,NOAA-21,BALSAS,MARANHÃO,Brasil,2101400,21,33,56,0.0,1.0,Cerrado,4.5
df128883-9d1f-3a37-9e13-c7ca62ee9754,  -9.053430, -47.589400,2026-06-20 16:43:00,NOAA-21,CENTENÁRIO,TOCANTINS,Brasil,1704105,17,33,14,0.0,1.0,Cerrado,18.4
91cb5005-8d06-3ac4-a5f5-5be9bf5ed217, -11.075160, -47.056620,2026-06-20 16:43:00,NOAA-21,PONTE ALTA DO TOCANTINS,TOCANTINS,Brasil,1717909,17,33,28,0.0,1.0,Cerrado,3.0
ab1be783-59bf-311d-88d9-08bc8d526af3,  -8.643970, -47.755760,2026-06-20 16:43:00,NOAA-21,ITACAJÁ,TOCANTINS,Brasil,1710508,17,33,2,0.0,0.95,Cerrado,5.1
70163261-f4af-3e75-8828-21575db54a21,  -9.375210, -46.428380,2026-06-20 16:43:00,NOAA-21,ALTO PARNAÍBA,MARANHÃO,Brasil,2100501,21,33,52,0.0,1.0,Cerrado,3.7
73dc9c85-9492-3b6e-a0a5-568f399f767e, -14.369460, -53.391040,2026-06-20 16:43:00,NOAA-21,CAMPINÁPOLIS,MATO GROSSO,Brasil,5102603,51,33,24,0.0,1.0,Cerrado,2.8
28e294aa-d784-392f-9197-63192cb0f5b7,  -9.457040, -57.843870,2026-06-20 16:43:00,NOAA-21,APIACÁS,MATO GROSSO,Brasil,5100805,51,33,0,0.0,0.24,Amazônia,6.2
aef235a9-4c61-3f81-ba72-1cc128c5d0f0,  -8.041250, -50.674600,2026-06-20 16:43:00,NOAA-21,CUMARU DO NORTE,PARÁ,Brasil,1502764,15,33,33,0.0,1.0,Amazônia,4.1
b1e09bc3-6ad5-3f40-8fbf-4e4582e4447b, -10.930410, -56.846370,2026-06-20 16:43:00,NOAA-21,JUARA,MATO GROSSO,Brasil,5105101,51,33,25,6.21,0.11,Amazônia,11.4
35888bd0-90b3-3c49-84f7-89490bf58870, -11.782960, -58.444840,2026-06-20 16:43:00,NOAA-21,JUÍNA,MATO GROSSO,Brasil,5105150,51,33,2,1.06,0.92,Cerrado,10.3
a1762f22-03c6-3820-80f6-a14109205c62, -11.955840, -46.752540,2026-06-20 16:43:00,NOAA-21,NOVO JARDIM,TOCANTINS,Brasil,1715259,17,33,23,0.0,1.0,Cerrado,3.0
4017ab72-535b-3464-bfb8-46f50bf5784b, -12.521080, -48.279260,2026-06-20 16:43:00,NOAA-21,SÃO SALVADOR DO TOCANTINS,TOCANTINS,Brasil,1720259,17,33,28,0.0,1.0,Cerrado,3.9
32d61326-013e-3c46-8d56-26a72758e934, -10.717800, -50.163270,2026-06-20 16:43:00,NOAA-21,LAGOA DA CONFUSÃO,TOCANTINS,Brasil,1711902,17,33,39,0.0,0.93,Cerrado,2.9
971d010a-36f3-3e1d-8de8-0b4a35529ed1, -11.843990, -47.017940,2026-06-20 16:43:00,NOAA-21,DIANÓPOLIS,TOCANTINS,Brasil,1707009,17,33,28,0.0,1.0,Cerrado,3.4
1188e33e-2862-3877-b378-3e1885612f00, -11.231260, -46.769410,2026-06-20 16:43:00,NOAA-21,RIO DA CONCEIÇÃO,TOCANTINS,Brasil,1718659,17,33,26,0.0,1.0,Cerrado,10.8
a9fd65c9-a522-3107-ad09-6ef841afd72b, -11.596900, -47.289710,2026-06-20 16:43:00,NOAA-21,ALMAS,TOCANTINS,Brasil,1700400,17,33,28,0.0,1.0,Cerrado,7.7
90c698ab-9455-393c-b55f-6b938b979468, -10.402520, -49.607350,2026-06-20 16:43:00,NOAA-21,PIUM,TOCANTINS,Brasil,1717503,17,33,41,0.0,1.0,Cerrado,11.9
000bf2c6-5b7f-3fc9-8342-3bcd6656934a,  -6.370150, -43.595610,2026-06-20 16:43:00,NOAA-21,SUCUPIRA DO RIACHÃO,MARANHÃO,Brasil,2111953,21,33,2,0.0,0.64,Cerrado,6.8
6cc295c0-faf5-3896-ae7c-cbb42fa72fe2, -11.635480, -46.438220,2026-06-20 16:43:00,NOAA-21,DIANÓPOLIS,TOCANTINS,Brasil,1707009,17,33,23,0.0,1.0,Cerrado,2.8
56380fb7-acf7-32dc-8dfe-14536fa156bf, -11.318740, -55.304020,2026-06-20 16:43:00,NOAA-21,CLÁUDIA,MATO GROSSO,Brasil,5103056,51,33,20,1.6,0.63,Amazônia,5.2
fff850a5-8336-3c7c-b303-7e04c43b8759,  -9.463080, -50.861600,2026-06-20 16:43:00,NOAA-21,SANTANA DO ARAGUAIA,PARÁ,Brasil,1506708,15,33,9,0.0,1.0,Amazônia,9.8
2f044a55-0b02-3ab3-acf4-41cf8303f477, -10.837800, -49.122630,2026-06-20 16:43:00,NOAA-21,SANTA RITA DO TOCANTINS,TOCANTINS,Brasil,1718899,17,33,48,0.0,1.0,Cerrado,72.6
2341848f-f882-3230-b3fa-8d960cf891ee, -10.767090, -50.505810,2026-06-20 16:43:00,NOAA-21,LAGOA DA CONFUSÃO,TOCANTINS,Brasil,1711902,17,33,12,0.0,1.0,Cerrado,10.3
252e1aca-52a4-33bb-a818-db2b450e9b25, -12.662430, -47.683150,2026-06-20 16:43:00,NOAA-21,PARANÃ,TOCANTINS,Brasil,1716208,17,33,57,0.0,1.0,Cerrado,1.7
b50b4c09-9352-33dd-adcc-b6f26eb1bce4, -12.787610, -45.855940,2026-06-20 16:43:00,NOAA-21,SÃO DESIDÉRIO,BAHIA,Brasil,2928901,29,33,27,0.0,1.0,Cerrado,4.7
68a1ae68-432a-39cd-8988-288a3603e4fc,  -9.442850, -46.879810,2026-06-20 16:43:00,NOAA-21,LIZARDA,TOCANTINS,Brasil,1712405,17,33,22,0.0,1.0,Cerrado,1.4
56c8b8dd-3ba9-3da0-b1fb-11261e5c332d,  -7.798350, -45.889910,2026-06-20 16:43:00,NOAA-21,BALSAS,MARANHÃO,Brasil,2101400,21,33,5,0.0,1.0,Cerrado,7.5
be2c6718-c318-34b0-847e-4c93e7c45b80,  -6.475740, -45.593260,2026-06-20 16:43:00,NOAA-21,MIRADOR,MARANHÃO,Brasil,2106706,21,33,2,0.0,1.0,Cerrado,7.5
c0e2bd46-a02c-3c31-a966-75cad2fd39d4,  -9.864920, -45.730780,2026-06-20 16:43:00,NOAA-21,BARREIRAS DO PIAUÍ,PIAUÍ,Brasil,2201309,22,33,61,0.0,1.0,Cerrado,3.0
ca89aeaf-2166-3c7f-8a25-8c0eab68cff0,  -6.841130, -47.921590,2026-06-20 16:43:00,NOAA-21,WANDERLÂNDIA,TOCANTINS,Brasil,1722081,17,33,3,0.0,0.97,Cerrado,53.1
0e9f2e72-0ab8-3412-a5b7-68c908b57650, -11.625990, -46.443510,2026-06-20 16:43:00,NOAA-21,DIANÓPOLIS,TOCANTINS,Brasil,1707009,17,33,23,0.0,1.0,Cerrado,48.2
fd7f4c5d-b522-3d0d-ab09-050b0c68d992,  -7.291440, -43.202380,2026-06-20 16:43:00,NOAA-21,ITAUEIRA,PIAUÍ,Brasil,2205102,22,33,31,0.0,1.0,Caatinga,7.6
70f98ed6-e93f-3f32-89b9-71ce1308023c, -10.899460, -46.324110,2026-06-20 16:43:00,NOAA-21,MATEIROS,TOCANTINS,Brasil,1712702,17,33,54,0.0,1.0,Cerrado,6.3
3b2e55b6-9f24-322c-88fd-608bc190aa59, -11.627120, -46.450740,2026-06-20 16:43:00,NOAA-21,DIANÓPOLIS,TOCANTINS,Brasil,1707009,17,33,23,0.0,1.0,Cerrado,5.5
4bc173ba-ee50-34da-8774-cedf387fc812, -12.273600, -54.095940,2026-06-20 16:43:00,NOAA-21,NOVA UBIRATÃ,MATO GROSSO,Brasil,5106240,51,33,34,0.36,0.6,Amazônia,5.8
d7b613be-41e8-38a0-aec1-edf2d98cf179, -11.069860, -52.467540,2026-06-20 16:43:00,NOAA-21,SÃO JOSÉ DO XINGU,MATO GROSSO,Brasil,5107354,51,33,1,0.58,0.38,Amazônia,10.4
c0f13ae3-810c-3e19-8c1f-ce234ea5d01b,  -7.800630, -45.881540,2026-06-20 16:43:00,NOAA-21,BALSAS,MARANHÃO,Brasil,2101400,21,33,5,0.0,0.88,Cerrado,13.0
bbf16f57-bf63-3251-8ecc-895d5204febd,  -7.845530, -46.299770,2026-06-20 16:43:00,NOAA-21,BALSAS,MARANHÃO,Brasil,2101400,21,33,35,0.0,1.0,Cerrado,2.2
e26d3d89-b002-3439-aa5d-613e5feb1b8c, -12.571770, -54.770210,2026-06-20 16:43:00,NOAA-21,FELIZ NATAL,MATO GROSSO,Brasil,5103700,51,33,17,2.95,0.81,Amazônia,5.4
0a25c4fa-c4af-31bb-9e89-ee452cfcaa56, -12.435730, -58.395520,2026-06-20 16:43:00,NOAA-21,BRASNORTE,MATO GROSSO,Brasil,5101902,51,33,0,0.1,0.04,Cerrado,7.3
7bfefa42-872b-3094-af7e-903423bd2dd4, -11.305080, -54.728960,2026-06-20 16:43:00,NOAA-21,CLÁUDIA,MATO GROSSO,Brasil,5103056,51,33,9,1.29,0.41,Amazônia,16.0
d77ebb3d-c97b-32c8-b42e-886e2cdd853c,  -8.905950, -62.221150,2026-06-20 16:43:00,NOAA-21,MACHADINHO D'OESTE,RONDÔNIA,Brasil,1100130,11,33,0,2.8,0.9,Amazônia,11.3
c5682f2c-030a-3019-86f8-2af5ee091573,  -7.662170, -45.854290,2026-06-20 16:43:00,NOAA-21,BALSAS,MARANHÃO,Brasil,2101400,21,33,34,0.0,1.0,Cerrado,3.3
a75cd3db-f40c-3786-b44b-e687d1f0d1a7,  -7.025640, -45.254380,2026-06-20 16:43:00,NOAA-21,LORETO,MARANHÃO,Brasil,2106102,21,33,21,0.0,1.0,Cerrado,2.9
ef470929-ee37-3c23-b6f4-a4cb7bd87f6c,  -6.471090, -43.677590,2026-06-20 16:43:00,NOAA-21,SÃO JOÃO DOS PATOS,MARANHÃO,Brasil,2111102,21,33,2,0.0,0.53,Cerrado,3.5
3189b918-ca7f-3255-beb2-cf0b37b0bafd,  -8.641340, -47.144620,2026-06-20 16:43:00,NOAA-21,RECURSOLÂNDIA,TOCANTINS,Brasil,1718501,17,33,41,0.0,1.0,Cerrado,6.9
6eda2804-49d3-367e-91f9-6a1b4147dfef, -10.635580, -49.621630,2026-06-20 16:43:00,NOAA-21,LAGOA DA CONFUSÃO,TOCANTINS,Brasil,1711902,17,33,22,0.0,1.0,Cerrado,4.1
7c6515b2-b54d-3091-9e44-5bd573a41234,  -7.299080, -43.197330,2026-06-20 16:43:00,NOAA-21,ITAUEIRA,PIAUÍ,Brasil,2205102,22,33,34,0.0,1.0,Caatinga,3.9
5c49d102-1904-3628-97b1-65ddf7fec9a8,  -7.138270, -43.490380,2026-06-20 16:43:00,NOAA-21,JERUMENHA,PIAUÍ,Brasil,2205300,22,33,2,0.0,1.0,Caatinga,1.2
21228b11-6af2-3b50-8266-dddeceebbe38, -12.544730, -54.597210,2026-06-20 16:43:00,NOAA-21,NOVA UBIRATÃ,MATO GROSSO,Brasil,5106240,51,33,13,0.2,0.61,Amazônia,5.0
66af0c99-0f6f-398c-be52-b92c642c8f54,  -7.185740, -44.875950,2026-06-20 16:43:00,NOAA-21,SÃO FÉLIX DE BALSAS,MARANHÃO,Brasil,2110807,21,33,49,0.0,1.0,Cerrado,25.2
974e7401-b5d8-3997-b21a-991a867ebf47,  -8.389130, -42.284180,2026-06-20 16:43:00,NOAA-21,SÃO JOÃO DO PIAUÍ,PIAUÍ,Brasil,2210003,22,33,48,0.0,1.0,Caatinga,12.3
5f3357ef-6362-34a9-8e0e-66954d97c457, -10.877010, -46.335180,2026-06-20 16:43:00,NOAA-21,MATEIROS,TOCANTINS,Brasil,1712702,17,33,57,0.0,1.0,Cerrado,3.2
ec912cc7-241d-3463-89bf-bd8c2b9c4d8b, -12.686250, -41.740730,2026-06-20 16:43:00,NOAA-21,BONINAL,BAHIA,Brasil,2904001,29,33,27,0.0,1.0,Caatinga,6.8
6b693119-c744-332d-bcad-4e64d89b9a40,  -8.314680, -47.646990,2026-06-20 16:43:00,NOAA-21,GOIATINS,TOCANTINS,Brasil,1709005,17,33,2,0.0,0.9,Cerrado,4.9
e8efd32d-b358-3148-b0a9-9dd546b4ae51, -11.309670, -54.728330,2026-06-20 16:43:00,NOAA-21,CLÁUDIA,MATO GROSSO,Brasil,5103056,51,33,9,1.2,0.42,Amazônia,6.4
30010034-d242-38ca-8360-0442adf57bbd, -12.659110, -47.683670,2026-06-20 16:43:00,NOAA-21,PARANÃ,TOCANTINS,Brasil,1716208,17,33,58,0.0,1.0,Cerrado,5.3
6e9effc0-8474-3361-8d2e-4988c0124673, -12.548740, -54.591720,2026-06-20 16:43:00,NOAA-21,NOVA UBIRATÃ,MATO GROSSO,Brasil,5106240,51,33,13,0.21,0.61,Amazônia,8.0
bc1e4be8-c5f5-3bcc-b6ce-ecbac08c4b28, -10.813280, -46.709040,2026-06-20 16:43:00,NOAA-21,MATEIROS,TOCANTINS,Brasil,1712702,17,33,28,0.0,1.0,Cerrado,14.7
0ef3beaf-10fd-3c40-988e-c13630faa454, -11.844540, -47.021470,2026-06-20 16:43:00,NOAA-21,DIANÓPOLIS,TOCANTINS,Brasil,1707009,17,33,28,0.0,1.0,Cerrado,6.6
e53b1e11-2cc7-33f0-a1c0-d83a0519a5e3,  -6.500280, -42.214100,2026-06-20 16:43:00,NOAA-21,VÁRZEA GRANDE,PIAUÍ,Brasil,2211407,22,33,36,0.0,0.85,Caatinga,11.3
02f9b39f-f8bd-362a-91ef-72c3e28b719c,  -7.188720, -44.870800,2026-06-20 16:43:00,NOAA-21,SÃO FÉLIX DE BALSAS,MARANHÃO,Brasil,2110807,21,33,48,0.0,1.0,Cerrado,8.7
22be25ea-374d-35e4-b47f-e9356083db52,  -7.137980, -43.490980,2026-06-20 16:43:00,NOAA-21,JERUMENHA,PIAUÍ,Brasil,2205300,22,33,2,0.0,1.0,Caatinga,1.4
e2d49e6d-ec50-3b57-b0f7-b571abf258bf, -10.586960, -50.486350,2026-06-20 16:43:00,NOAA-21,PIUM,TOCANTINS,Brasil,1717503,17,33,29,0.0,1.0,Cerrado,3.0
024a93c9-5c99-31a2-89d7-0f8adc8fb93d, -11.305690, -54.733770,2026-06-20 16:43:00,NOAA-21,CLÁUDIA,MATO GROSSO,Brasil,5103056,51,33,9,1.33,0.41,Amazônia,16.0
650f7cfe-975a-35fc-914c-ef98622e1858,  -8.055480, -46.026710,2026-06-20 16:43:00,NOAA-21,BALSAS,MARANHÃO,Brasil,2101400,21,33,44,0.0,0.83,Cerrado,2.5
51dd39b5-c4d3-3745-9c72-bf79e3d40b24, -12.754460, -45.963570,2026-06-20 16:43:00,NOAA-21,SÃO DESIDÉRIO,BAHIA,Brasil,2928901,29,33,27,0.0,-999.0,Cerrado,10.8
3ecfcbe0-a3ab-3497-ad83-e4d33437eaaf, -11.952520, -46.753080,2026-06-20 16:43:00,NOAA-21,NOVO JARDIM,TOCANTINS,Brasil,1715259,17,33,23,0.0,1.0,Cerrado,5.5
eaae4fcf-f379-3ddb-8662-7eb0642832de, -14.369270, -53.393690,2026-06-20 16:43:00,NOAA-21,CAMPINÁPOLIS,MATO GROSSO,Brasil,5102603,51,33,24,0.0,1.0,Cerrado,7.0
2fbd86b6-fc06-38a8-bdd1-516871ef9e51,  -9.159550, -47.243710,2026-06-20 16:43:00,NOAA-21,LIZARDA,TOCANTINS,Brasil,1712405,17,33,49,0.0,1.0,Cerrado,4.9
fefa6aff-89bb-391b-b8db-d946c6ba418d,  -7.186470, -44.880470,2026-06-20 16:43:00,NOAA-21,SÃO FÉLIX DE BALSAS,MARANHÃO,Brasil,2110807,21,33,49,0.0,1.0,Cerrado,25.2
20ad3a21-7889-3b8b-aff7-dcd44003a778, -11.608840, -46.772990,2026-06-20 16:43:00,NOAA-21,DIANÓPOLIS,TOCANTINS,Brasil,1707009,17,33,28,0.0,1.0,Cerrado,4.4
b5546cfa-a61f-31ed-aa2a-60590921967f, -10.403060, -49.611050,2026-06-20 16:43:00,NOAA-21,PIUM,TOCANTINS,Brasil,1717503,17,33,42,0.0,1.0,Cerrado,11.9
92cf13aa-ea40-309a-81db-b69c3d8cd202,  -9.307430, -47.627950,2026-06-20 16:43:00,NOAA-21,CENTENÁRIO,TOCANTINS,Brasil,1704105,17,33,35,0.0,1.0,Cerrado,6.3
fd1d55e5-ae74-3875-a80d-da5a6b8ccd80, -10.833900, -49.119530,2026-06-20 16:43:00,NOAA-21,SANTA RITA DO TOCANTINS,TOCANTINS,Brasil,1718899,17,33,47,0.0,1.0,Cerrado,75.8
cc5a7106-9339-384d-990f-d61b300be205, -11.639390, -46.441290,2026-06-20 16:43:00,NOAA-21,DIANÓPOLIS,TOCANTINS,Brasil,1707009,17,33,23,0.0,1.0,Cerrado,6.5
48eea929-d8e8-39e2-9859-fa8f1f78052c, -13.424290, -44.182680,2026-06-20 16:43:00,NOAA-21,SÃO FÉLIX DO CORIBE,BAHIA,Brasil,2929057,29,33,28,0.0,1.0,Cerrado,3.1
42eaed77-5ee0-38f3-bb39-572598e4350c, -10.791090, -42.959020,2026-06-20 16:43:00,NOAA-21,BARRA,BAHIA,Brasil,2902708,29,33,28,0.0,1.0,Cerrado,10.8
535f6a9a-2a3b-313e-8b52-17e73b3274cc,  -7.959360, -47.436530,2026-06-20 16:43:00,NOAA-21,GOIATINS,TOCANTINS,Brasil,1709005,17,33,2,0.0,0.73,Cerrado,5.9
e3a03ebc-3942-36d3-91e1-d9218c6abd98,  -3.060050, -42.517390,2026-06-20 16:45:00,NOAA-21,TUTÓIA,MARANHÃO,Brasil,2112506,21,33,3,3.97,0.05,Cerrado,16.7
d43f82d2-7de3-3ae1-9714-0fb2d73f5446,  -1.601330, -47.900870,2026-06-20 16:45:00,NOAA-21,BUJARU,PARÁ,Brasil,1501907,15,33,1,12.9,0.0,Amazônia,6.1
99bb7005-732f-3493-af8b-e7e1c91b06d0,  -8.276530, -61.782640,2026-06-20 16:45:00,NOAA-21,MANICORÉ,AMAZONAS,Brasil,1302702,13,33,0,0.0,0.86,Amazônia,15.3
ce86def3-5b3b-3528-85bf-a9171daa30dd,  -8.246980, -61.768620,2026-06-20 16:45:00,NOAA-21,MANICORÉ,AMAZONAS,Brasil,1302702,13,33,0,0.0,0.89,Amazônia,20.2
79b2cadf-0006-3eff-a5e0-2c8e6f38d508,  -4.632650, -43.046610,2026-06-20 16:45:00,NOAA-21,CAXIAS,MARANHÃO,Brasil,2103000,21,33,0,0.0,0.22,Cerrado,12.4
b2d923fa-152b-3b89-8057-18ea7dca0f44,  -5.915040, -45.181800,2026-06-20 16:45:00,NOAA-21,FERNANDO FALCÃO,MARANHÃO,Brasil,2104081,21,33,5,0.0,0.99,Cerrado,2.3
a8e8d79d-3a2f-36ca-b768-d03e37d8e854,  -8.247070, -61.772720,2026-06-20 16:45:00,NOAA-21,MANICORÉ,AMAZONAS,Brasil,1302702,13,33,0,0.0,0.89,Amazônia,14.6
f7999264-bc91-3a55-96ae-f32b1dab0cf7,  -8.222780, -61.744650,2026-06-20 16:45:00,NOAA-21,MANICORÉ,AMAZONAS,Brasil,1302702,13,33,0,0.0,0.9,Amazônia,15.9
5d83fcb1-6730-33a3-8c19-0d60855c82ff,  -8.229980, -61.747880,2026-06-20 16:45:00,NOAA-21,MANICORÉ,AMAZONAS,Brasil,1302702,13,33,0,0.0,0.9,Amazônia,25.2
bce7944b-0d60-3da1-8ea1-fff83556b579,  -1.904160, -55.200890,2026-06-20 16:45:00,NOAA-21,ÓBIDOS,PARÁ,Brasil,1505106,15,33,2,0.9,0.52,Amazônia,6.7
a147e9aa-80e0-3156-b8c9-6588c8eb789c,  -6.329120, -48.417150,2026-06-20 16:45:00,NOAA-21,SÃO GERALDO DO ARAGUAIA,PARÁ,Brasil,1507458,15,33,4,0.0,0.8,Amazônia,2.6
0a285c2c-a66d-3ef0-96d9-8b24e624f9aa,  -5.959940, -43.491720,2026-06-20 16:45:00,NOAA-21,LAGOA DO MATO,MARANHÃO,Brasil,2105922,21,33,2,0.0,0.1,Cerrado,16.2
2935ac6f-5176-325f-abe7-4fd83d7efec3,  -2.933950, -51.941810,2026-06-20 16:45:00,NOAA-21,VITÓRIA DO XINGU,PARÁ,Brasil,1508357,15,33,0,0.49,0.02,Amazônia,3.8
6d7b05db-f14d-3cb6-b16f-8318151d787b,  -6.085620, -44.003200,2026-06-20 16:45:00,NOAA-21,COLINAS,MARANHÃO,Brasil,2103505,21,33,2,0.0,0.78,Cerrado,14.8
3ef4d3f6-7175-3760-86ba-139042ddce6d,  -8.277370, -61.785190,2026-06-20 16:45:00,NOAA-21,MANICORÉ,AMAZONAS,Brasil,1302702,13,33,0,0.0,0.86,Amazônia,12.5
0779f6f3-6ade-3fae-a2eb-95702f214815,  -5.883850, -47.421530,2026-06-20 16:45:00,NOAA-21,RIBAMAR FIQUENE,MARANHÃO,Brasil,2109551,21,33,7,0.0,1.0,Cerrado,9.2
dc855900-2a82-322b-bcb4-3f1045f6587e,  -7.109330, -50.433620,2026-06-20 16:45:00,NOAA-21,ÁGUA AZUL DO NORTE,PARÁ,Brasil,1500347,15,33,3,0.0,0.91,Amazônia,83.6
b4ed03db-f4c8-3524-b1ca-8b26c1e6f403,  -8.206010, -61.779660,2026-06-20 16:45:00,NOAA-21,MANICORÉ,AMAZONAS,Brasil,1302702,13,33,0,0.0,0.94,Amazônia,53.8
fa0e2b66-a938-3167-ba43-bffc7357622e,  -3.742260, -55.545990,2026-06-20 16:45:00,NOAA-21,AVEIRO,PARÁ,Brasil,1501006,15,33,0,4.75,0.01,Amazônia,8.1
cac2405a-d2d5-36d1-bff0-db3ed1ae71dc,  -8.229730, -61.743860,2026-06-20 16:45:00,NOAA-21,MANICORÉ,AMAZONAS,Brasil,1302702,13,33,0,0.0,0.9,Amazônia,15.9
ec486d00-b59c-382d-b238-28efbc06d040,  -1.822290, -55.292140,2026-06-20 16:45:00,NOAA-21,ÓBIDOS,PARÁ,Brasil,1505106,15,33,2,1.85,0.24,Amazônia,10.0
a3fff562-2a9f-3d19-acb4-758d2ce34009,  -8.253950, -61.767840,2026-06-20 16:45:00,NOAA-21,MANICORÉ,AMAZONAS,Brasil,1302702,13,33,0,0.0,0.88,Amazônia,27.2
552249f5-db79-3bc3-b25c-18d0ec04898e,  -6.211880, -46.754280,2026-06-20 16:45:00,NOAA-21,SÃO JOÃO DO PARAÍSO,MARANHÃO,Brasil,2111052,21,33,12,0.0,1.0,Cerrado,8.7
7f5d03f3-0720-312f-aaf8-406247c86281,  -5.376740, -44.320390,2026-06-20 16:45:00,NOAA-21,GRAÇA ARANHA,MARANHÃO,Brasil,2104701,21,33,0,0.0,0.15,Cerrado,4.6
7dad37de-aa51-37e1-93e7-52a8b84d50e0,  -1.869730, -55.187300,2026-06-20 16:45:00,NOAA-21,ÓBIDOS,PARÁ,Brasil,1505106,15,33,2,1.15,0.04,Amazônia,10.4
6279e09c-5c79-372b-9010-eb793ec58647,  -5.483060, -46.652970,2026-06-20 16:45:00,NOAA-21,AMARANTE DO MARANHÃO,MARANHÃO,Brasil,2100600,21,33,10,0.0,0.52,Cerrado,10.3
5aa0b598-6a3c-3982-855a-552d0eb9a968,  -6.313090, -48.423110,2026-06-20 16:45:00,NOAA-21,SÃO GERALDO DO ARAGUAIA,PARÁ,Brasil,1507458,15,33,4,0.0,1.0,Amazônia,2.7
332817bd-f4ce-39fc-b916-58889741f971,  -2.987700, -40.038490,2026-06-20 16:45:00,NOAA-21,ACARAÚ,CEARÁ,Brasil,2300200,23,33,-999,0.3,0.66,Caatinga,6.8
109589d2-a662-3915-912f-aab218dbbd44,  -6.043600, -45.257830,2026-06-20 16:45:00,NOAA-21,FERNANDO FALCÃO,MARANHÃO,Brasil,2104081,21,33,2,0.0,0.89,Cerrado,4.6
ab0130a6-d33e-3483-bcf2-715691a84d5e,  -6.152920, -48.487750,2026-06-20 16:45:00,NOAA-21,SÃO GERALDO DO ARAGUAIA,PARÁ,Brasil,1507458,15,33,1,0.0,0.9,Amazônia,5.2
a57753b8-8fce-336e-9878-4980f191b6c0,  -8.206830, -61.786220,2026-06-20 16:45:00,NOAA-21,MANICORÉ,AMAZONAS,Brasil,1302702,13,33,0,0.0,0.94,Amazônia,37.8
52f175e5-b626-392b-ac60-9d81eaac9dda,  -8.199860, -61.786940,2026-06-20 16:45:00,NOAA-21,MANICORÉ,AMAZONAS,Brasil,1302702,13,33,0,0.0,0.95,Amazônia,37.8
69773ebc-d7ec-3e99-9192-1f067d4df847,  -1.688630, -54.061420,2026-06-20 16:45:00,NOAA-21,MONTE ALEGRE,PARÁ,Brasil,1504802,15,33,3,0.1,0.15,Amazônia,2.3
3a4b7e7f-5b0b-3d41-8968-3fd20367a29a,  -5.797200, -45.125850,2026-06-20 16:45:00,NOAA-21,BARRA DO CORDA,MARANHÃO,Brasil,2101608,21,33,7,0.0,0.9,Cerrado,18.9
7f525cea-0c7a-352c-b27a-9c607afd836f,  -6.208440, -46.754810,2026-06-20 16:45:00,NOAA-21,SÃO JOÃO DO PARAÍSO,MARANHÃO,Brasil,2111052,21,33,11,0.0,1.0,Cerrado,5.2
51f4f39b-db05-3d23-b4d8-5e42bafb74d2,  -8.253230, -61.765280,2026-06-20 16:45:00,NOAA-21,MANICORÉ,AMAZONAS,Brasil,1302702,13,33,0,0.0,0.88,Amazônia,13.7
c8e5ff0c-af59-34a3-ba00-a925c97eda54,  -5.800940, -45.125220,2026-06-20 16:45:00,NOAA-21,BARRA DO CORDA,MARANHÃO,Brasil,2101608,21,33,7,0.0,0.9,Cerrado,15.4
c42d6caa-b75a-34bb-b67a-7e3f50fc7de7,  -5.209460, -49.343980,2026-06-20 16:45:00,NOAA-21,ITUPIRANGA,PARÁ,Brasil,1503705,15,33,3,0.22,1.0,Amazônia,5.2
e37a3c66-c8e1-38bc-ae58-d7127b7a7aaa,  -6.085000, -43.999400,2026-06-20 16:45:00,NOAA-21,COLINAS,MARANHÃO,Brasil,2103505,21,33,2,0.0,0.78,Cerrado,9.3
9405aa15-c0f2-3f54-a6a6-f3242388cfee,  -6.042890, -45.253410,2026-06-20 16:45:00,NOAA-21,FERNANDO FALCÃO,MARANHÃO,Brasil,2104081,21,33,2,0.0,0.95,Cerrado,4.6
68521de3-89ae-3640-8089-9055d8554830,  -8.246270, -61.766100,2026-06-20 16:45:00,NOAA-21,MANICORÉ,AMAZONAS,Brasil,1302702,13,33,0,0.0,0.89,Amazônia,13.7
b393794c-f2ef-349c-9902-c46bd4110e9a,  -8.285190, -61.791020,2026-06-20 16:45:00,NOAA-21,MANICORÉ,AMAZONAS,Brasil,1302702,13,33,0,0.0,0.86,Amazônia,11.7
e1d33c89-2b99-3590-aa6c-a35ecb067732,  -6.654730, -50.230550,2026-06-20 16:45:00,NOAA-21,ÁGUA AZUL DO NORTE,PARÁ,Brasil,1500347,15,33,2,0.4,1.0,Amazônia,5.9
0fa56555-498e-348c-9b45-7debf4d815c5,  -5.160200, -40.595830,2026-06-20 16:45:00,NOAA-21,CRATEÚS,CEARÁ,Brasil,2304103,23,33,9,0.0,1.0,Caatinga,5.0
106acb2d-294a-3501-9b94-06bc9f996476,  -5.770990, -45.129870,2026-06-20 16:45:00,NOAA-21,BARRA DO CORDA,MARANHÃO,Brasil,2101608,21,33,5,0.0,0.68,Cerrado,13.1
d1760d1e-2331-3294-95f9-7a000c043b29,  -5.770210, -45.132500,2026-06-20 16:45:00,NOAA-21,BARRA DO CORDA,MARANHÃO,Brasil,2101608,21,33,5,0.0,0.65,Cerrado,12.2
f20251fc-020a-3d14-8b73-8309c52d81c0,  -3.580900, -49.204520,2026-06-20 16:45:00,NOAA-21,BREU BRANCO,PARÁ,Brasil,1501782,15,33,0,0.5,0.83,Amazônia,5.6
70f2ca30-70c0-3cbf-b5e0-2fd679c15d6c,  -5.208940, -49.340530,2026-06-20 16:45:00,NOAA-21,ITUPIRANGA,PARÁ,Brasil,1503705,15,33,3,0.2,1.0,Amazônia,7.4
8312109d-ec66-30e4-93ce-75c93283c361,  -3.246530, -61.189620,2026-06-20 16:45:00,NOAA-21,CAAPIRANGA,AMAZONAS,Brasil,1300839,13,33,0,0.2,0.03,Amazônia,5.5
cc71984a-e93a-393b-b4c9-0e99754bc889,  -5.800220, -45.120780,2026-06-20 16:45:00,NOAA-21,BARRA DO CORDA,MARANHÃO,Brasil,2101608,21,33,7,0.0,0.9,Cerrado,19.4
00fa0cce-b9c3-348e-8087-95cb5257b8a9,  -8.230560, -61.750370,2026-06-20 16:45:00,NOAA-21,MANICORÉ,AMAZONAS,Brasil,1302702,13,33,0,0.0,0.9,Amazônia,15.9
bc68ed43-94db-3250-a6f2-5955f16a46ef,  -8.260910, -61.767050,2026-06-20 16:45:00,NOAA-21,MANICORÉ,AMAZONAS,Brasil,1302702,13,33,0,0.0,0.87,Amazônia,27.2
4566d8ab-ac6d-37ef-b5d3-705fe327f245,  -3.579850, -49.197640,2026-06-20 16:45:00,NOAA-21,BREU BRANCO,PARÁ,Brasil,1501782,15,33,0,0.52,0.74,Amazônia,7.7
ba525e7e-7890-381b-8ecd-1dae2842d3dd,  -8.260990, -61.771090,2026-06-20 16:45:00,NOAA-21,MANICORÉ,AMAZONAS,Brasil,1302702,13,33,0,0.0,0.87,Amazônia,14.8
66a10e3e-6848-3e3a-8371-5852c02e5f43,  -8.284310, -61.788470,2026-06-20 16:45:00,NOAA-21,MANICORÉ,AMAZONAS,Brasil,1302702,13,33,0,0.0,0.86,Amazônia,15.3
0148ea11-1f9c-3992-a63b-0cac08f81841,  -4.633330, -43.050780,2026-06-20 16:45:00,NOAA-21,CAXIAS,MARANHÃO,Brasil,2103000,21,33,0,0.0,0.22,Cerrado,12.4
b654209c-4d44-3af9-bb17-fa1dd4a9d2a3,  -2.356430, -50.493210,2026-06-20 16:45:00,NOAA-21,PORTEL,PARÁ,Brasil,1505809,15,33,3,3.54,0.01,Amazônia,12.6
a5a92374-44c3-3138-b65e-18d98d5185fb,  -1.806830, -55.245220,2026-06-20 16:45:00,NOAA-21,ÓBIDOS,PARÁ,Brasil,1505106,15,33,2,2.26,0.15,Amazônia,4.1
8eb08fe4-eb03-3374-844d-b1f1679a0b9c,  -3.599970, -49.441040,2026-06-20 16:45:00,NOAA-21,BREU BRANCO,PARÁ,Brasil,1501782,15,33,0,0.0,0.04,Amazônia,2.9
3ea3e09a-d027-3097-9133-2ff08638e68e,  -6.505420, -49.869610,2026-06-20 16:45:00,NOAA-21,CANAÃ DOS CARAJÁS,PARÁ,Brasil,1502152,15,33,19,0.79,1.0,Amazônia,6.1
4e8b8b62-74ee-3fba-8084-d51ff6a45523,  -8.254030, -61.771930,2026-06-20 16:45:00,NOAA-21,MANICORÉ,AMAZONAS,Brasil,1302702,13,33,0,0.0,0.88,Amazônia,14.6
2daad6f6-ac54-3baa-a47c-5fb84829a31b,  -8.267950, -61.770260,2026-06-20 16:45:00,NOAA-21,MANICORÉ,AMAZONAS,Brasil,1302702,13,33,0,0.0,0.87,Amazônia,14.8
63ecf04c-e0f6-3a24-ae88-b13935bbc26f,  -3.600490, -49.444470,2026-06-20 16:45:00,NOAA-21,BREU BRANCO,PARÁ,Brasil,1501782,15,33,0,0.0,0.04,Amazônia,2.9
9118b594-9061-3574-83f2-330286e0258f,   2.777340, -60.223270,2026-06-20 16:48:00,NOAA-21,BONFIM,RORAIMA,Brasil,1400159,14,33,1,2.5,0.02,Amazônia,4.9
5ab70694-359b-3751-aae0-5f792023c1c1,   2.929390, -59.890320,2026-06-20 16:48:00,NOAA-21,Rest of Region 9,Upper Takutu-Upper Essequibo,Guyana,112,10,98,0,1.1,0.2,,5.2
55130a7a-2b3a-3f01-a78d-f141081fa846,   5.131650, -61.162120,2026-06-20 16:48:00,NOAA-21,Gran Sabana,Bolívar,Venezuela,71,6,249,0,4.02,0.0,,7.2
877fc3d1-7413-3ce6-9b0c-134426a14b10,   2.782750, -60.224070,2026-06-20 16:48:00,NOAA-21,BONFIM,RORAIMA,Brasil,1400159,14,33,1,2.5,0.02,Amazônia,4.9
e9a217a5-4329-305e-8cf1-dd75bcb1d91e,   3.421400, -61.021510,2026-06-20 16:48:00,NOAA-21,ALTO ALEGRE,RORAIMA,Brasil,1400050,14,33,0,9.8,0.0,Amazônia,6.2
fe4362b2-10ce-3c81-8574-64060741efdd, -16.899100, -60.378600,2026-06-20 16:50:00,GOES-19,José Miguel de Velasco,Santa Cruz,Bolivia,85,8,28,10,2.55,0.39,,351.9
f0cc8d07-3dd6-3217-b8fe-3bd564ae3f5d,  10.544900, -71.496300,2026-06-20 16:50:00,GOES-19,Santa Rita,Zulia,Venezuela,335,25,249,-999,0.5,1.0,,57.2
a2d6db98-2d30-3c57-97fb-913f93828873,  -5.813200, -45.057300,2026-06-20 16:50:00,GOES-19,BARRA DO CORDA,MARANHÃO,Brasil,2101608,21,33,3,0.0,0.91,Cerrado,113.7
cdadd034-9035-381b-905f-d1bda8b39e64, -16.178800, -60.405500,2026-06-20 16:50:00,GOES-19,José Miguel de Velasco,Santa Cruz,Bolivia,85,8,28,0,0.0,0.85,,158.9
f0ce98f6-c551-302a-9bcd-1194a1597a1a, -16.899400, -60.358600,2026-06-20 16:50:00,GOES-19,José Miguel de Velasco,Santa Cruz,Bolivia,85,8,28,9,2.8,0.37,,257.3
64ce7ed2-7d8e-34ce-9153-8b5d7d14ec94, -15.601200, -61.797800,2026-06-20 16:50:00,GOES-19,Ñuflo de Chávez,Santa Cruz,Bolivia,78,8,28,7,0.0,0.37,,71.0
05287f7b-3619-3345-b788-f9bd0e51baa5, -16.918700, -60.376800,2026-06-20 16:50:00,GOES-19,José Miguel de Velasco,Santa Cruz,Bolivia,85,8,28,10,2.88,0.37,,82.1
1cc14d01-4b80-3bcf-9bd7-39571da2ccbb, -16.879600, -60.380500,2026-06-20 16:50:00,GOES-19,José Miguel de Velasco,Santa Cruz,Bolivia,85,8,28,10,2.24,0.42,,84.1
d85c02c8-564b-31e0-bf04-24624ac8089a,  -5.813000, -45.079900,2026-06-20 16:50:00,GOES-19,BARRA DO CORDA,MARANHÃO,Brasil,2101608,21,33,5,0.0,0.9,Cerrado,115.9
935702d2-b0d8-3aa8-9bca-89a1398e1e50, -18.351600, -59.078500,2026-06-20 16:50:00,GOES-19,Chiquitos,Santa Cruz,Bolivia,80,8,28,0,0.0,0.44,,77.1
dd0c97b2-d440-38a2-9c87-0ce46f5e6071,  10.563500, -71.496100,2026-06-20 16:50:00,GOES-19,Santa Rita,Zulia,Venezuela,335,25,249,0,0.5,1.0,,56.5
898c7f32-6675-3593-a8e9-10a16f721826, -16.918900, -60.356800,2026-06-20 16:50:00,GOES-19,José Miguel de Velasco,Santa Cruz,Bolivia,85,8,28,9,3.18,0.34,,78.2
3a6a2e68-6044-3579-ac63-50e6479e2fde,   7.508980, -63.138100,2026-06-20 16:50:00,NOAA-21,Angostura,Bolívar,Venezuela,67,6,249,1,0.0,0.25,,14.7
0bf20140-1396-35c4-88a6-94dec5acc25b,   7.506770, -63.139720,2026-06-20 16:50:00,NOAA-21,Angostura,Bolívar,Venezuela,67,6,249,2,0.0,0.21,,9.7
d93d7a07-0905-3cdb-8aea-0988c8638556,   6.021200, -58.250900,2026-06-20 16:50:00,NOAA-21,Linden,Upper Demerara-Berbice,Guyana,105,9,98,0,0.94,0.0,,5.2
90a11980-fff8-38ea-980c-a806265b3fc9,   7.512600, -63.141920,2026-06-20 16:50:00,NOAA-21,Angostura,Bolívar,Venezuela,67,6,249,2,0.0,0.32,,9.9
a2b11588-b82b-3de4-9d00-5dd17e0ee57c,   7.508070, -63.142940,2026-06-20 16:50:00,NOAA-21,Angostura,Bolívar,Venezuela,67,6,249,2,0.0,0.22,,15.9
d3ea2ba6-f70d-33c5-bd05-3323c61ad1f1,   7.382650, -62.957610,2026-06-20 16:50:00,NOAA-21,Angostura,Bolívar,Venezuela,67,6,249,2,0.0,0.58,,7.6
c35e3760-2b8c-38d0-8703-6486dedc3d1d, -10.842900, -49.123600,2026-06-20 16:50:00,GOES-19,SANTA RITA DO TOCANTINS,TOCANTINS,Brasil,1718899,17,33,49,0.0,1.0,Cerrado,136.0
f6c64dc8-9b9c-3517-a2f8-345775f61cee, -10.823900, -49.125700,2026-06-20 16:50:00,GOES-19,SANTA RITA DO TOCANTINS,TOCANTINS,Brasil,1718899,17,33,43,0.0,0.98,Cerrado,70.4
61b1bb37-aed1-3a59-b473-4f2eed5e2edd, -11.150800, -44.112600,2026-06-20 16:50:00,GOES-19,MANSIDÃO,BAHIA,Brasil,2920452,29,33,28,0.0,1.0,Cerrado,71.4
f55a2ea5-9b03-3b9f-a9a2-afdb8132b1ac, -16.879600, -60.380500,2026-06-20 17:00:00,GOES-19,José Miguel de Velasco,Santa Cruz,Bolivia,85,8,28,10,2.24,0.42,,83.4
58ba5a58-97c6-3aac-a3a6-4f43ae9f9b7f, -16.899400, -60.358600,2026-06-20 17:00:00,GOES-19,José Miguel de Velasco,Santa Cruz,Bolivia,85,8,28,9,2.8,0.37,,236.6
dfb19044-011b-36e5-9c0e-667382031ce1,  10.544900, -71.496300,2026-06-20 17:00:00,GOES-19,Santa Rita,Zulia,Venezuela,335,25,249,-999,0.5,1.0,,57.3
0d7e9ead-ef62-3a88-9437-32a6a0972084,  -5.831900, -45.055900,2026-06-20 17:00:00,GOES-19,BARRA DO CORDA,MARANHÃO,Brasil,2101608,21,33,3,0.0,0.97,Cerrado,91.5
25039572-63fc-3fc9-ae84-dd4cf75477ea, -18.351600, -59.078500,2026-06-20 17:00:00,GOES-19,Chiquitos,Santa Cruz,Bolivia,80,8,28,0,0.0,0.44,,82.0
23e68c64-60fa-399f-9f9c-964e2c275208,  11.047400, -71.950700,2026-06-20 17:00:00,GOES-19,Mara,Zulia,Venezuela,331,25,249,-999,0.0,1.0,,57.4
e7e824de-b2f8-3097-ac2a-8988ec38388f, -18.332100, -59.060300,2026-06-20 17:00:00,GOES-19,Chiquitos,Santa Cruz,Bolivia,80,8,28,1,0.0,0.45,,87.3
9787d2ba-034d-37cf-a099-db5224f8f673, -16.899100, -60.378600,2026-06-20 17:00:00,GOES-19,José Miguel de Velasco,Santa Cruz,Bolivia,85,8,28,10,2.55,0.39,,262.9
1de58521-6ec1-39af-9e57-38be5fc2d4ec,  -5.794500, -45.058600,2026-06-20 17:00:00,GOES-19,BARRA DO CORDA,MARANHÃO,Brasil,2101608,21,33,2,0.0,0.83,Cerrado,86.2
095cb40e-ef7a-3f27-8f2f-7ebd4cf0e85f, -16.918700, -60.376800,2026-06-20 17:00:00,GOES-19,José Miguel de Velasco,Santa Cruz,Bolivia,85,8,28,10,2.88,0.37,,71.5
52f6e458-1ff4-35eb-8c62-bc8f9edfd845,  -6.852100, -47.914300,2026-06-20 17:00:00,GOES-19,WANDERLÂNDIA,TOCANTINS,Brasil,1722081,17,33,3,0.0,0.97,Cerrado,51.7
3516e63d-fa18-37df-abc7-c12a64c54bfb, -13.343400, -66.534000,2026-06-20 17:00:00,GOES-19,José Ballivián,El Beni,Bolivia,26,3,28,7,17.62,0.03,,114.0
fe7837d7-635a-33fe-beab-dcc59cfe58fd,  -5.831700, -45.078600,2026-06-20 17:00:00,GOES-19,BARRA DO CORDA,MARANHÃO,Brasil,2101608,21,33,5,0.0,0.93,Cerrado,106.0
8b69b1a6-14d0-3650-9613-6ff52d7c343b, -16.879800, -60.360500,2026-06-20 17:00:00,GOES-19,José Miguel de Velasco,Santa Cruz,Bolivia,85,8,28,10,2.39,0.41,,75.0
ca47dd41-d3f0-353a-893c-f17eeb6b832a, -16.178800, -60.405500,2026-06-20 17:00:00,GOES-19,José Miguel de Velasco,Santa Cruz,Bolivia,85,8,28,0,0.0,0.85,,208.6
52890675-8fa4-3f4f-ada4-6d346fc6d923, -11.626900, -46.435200,2026-06-20 17:00:00,GOES-19,DIANÓPOLIS,TOCANTINS,Brasil,1707009,17,33,23,0.0,1.0,Cerrado,180.1
4c1d7105-c9d6-3deb-9dc3-ce0414002ea1, -11.150800, -44.112600,2026-06-20 17:00:00,GOES-19,MANSIDÃO,BAHIA,Brasil,2920452,29,33,28,0.0,1.0,Cerrado,86.4
e7bb75bb-b3b7-35ac-b9d9-a63a4c858aea, -18.332100, -59.060300,2026-06-20 17:10:00,GOES-19,Chiquitos,Santa Cruz,Bolivia,80,8,28,1,0.0,0.45,,75.8
8218f1c0-0c3c-33dc-9a10-8cb3c64eb15e,  -6.852100, -47.914300,2026-06-20 17:10:00,GOES-19,WANDERLÂNDIA,TOCANTINS,Brasil,1722081,17,33,3,0.0,0.97,Cerrado,138.0
7d0fc102-cdd5-3e64-b3df-cc3d8059bc06,  -5.813200, -45.057300,2026-06-20 17:10:00,GOES-19,BARRA DO CORDA,MARANHÃO,Brasil,2101608,21,33,3,0.0,0.91,Cerrado,241.9
ebdf430f-23c6-36c9-93a5-e37fe7775bff, -16.918900, -60.356800,2026-06-20 17:10:00,GOES-19,José Miguel de Velasco,Santa Cruz,Bolivia,85,8,28,9,3.18,0.34,,72.0
32dbce6a-c320-3a35-8a1c-2e7c9ed6510c,  -5.831900, -45.055900,2026-06-20 17:10:00,GOES-19,BARRA DO CORDA,MARANHÃO,Brasil,2101608,21,33,3,0.0,0.97,Cerrado,123.8
78b8b3b7-f997-3aaf-b375-217ec2d279c4, -18.351600, -59.078500,2026-06-20 17:10:00,GOES-19,Chiquitos,Santa Cruz,Bolivia,80,8,28,0,0.0,0.44,,101.1
d9434a9c-de16-3e55-8094-ac1b8e4043f3,  -5.831700, -45.078600,2026-06-20 17:10:00,GOES-19,BARRA DO CORDA,MARANHÃO,Brasil,2101608,21,33,5,0.0,0.93,Cerrado,185.8
3b944cdd-2e98-36cf-908e-21d1829ce1ae,  -5.812800, -45.102600,2026-06-20 17:10:00,GOES-19,BARRA DO CORDA,MARANHÃO,Brasil,2101608,21,33,7,0.0,0.91,Cerrado,99.9
7131f0b2-b3d5-3f94-b6f6-2995a75b03ba, -16.899100, -60.378600,2026-06-20 17:10:00,GOES-19,José Miguel de Velasco,Santa Cruz,Bolivia,85,8,28,10,2.55,0.39,,305.4
dd8d8f61-41d1-3786-ba04-32e5d9fbe05c, -16.918700, -60.376800,2026-06-20 17:10:00,GOES-19,José Miguel de Velasco,Santa Cruz,Bolivia,85,8,28,10,2.88,0.37,,72.9
0424565c-717d-385c-9211-54973a216cb8,  -5.813000, -45.079900,2026-06-20 17:10:00,GOES-19,BARRA DO CORDA,MARANHÃO,Brasil,2101608,21,33,5,0.0,0.9,Cerrado,410.9
7c109bb3-a68e-3361-99f6-b60721eff76d, -16.899400, -60.358600,2026-06-20 17:10:00,GOES-19,José Miguel de Velasco,Santa Cruz,Bolivia,85,8,28,9,2.8,0.37,,282.4
bec2a2a1-fc8f-36e2-b237-8202e3c40e66, -16.879600, -60.380500,2026-06-20 17:10:00,GOES-19,José Miguel de Velasco,Santa Cruz,Bolivia,85,8,28,10,2.24,0.42,,73.2
3d41acf2-6cc3-39bc-8ed6-608d1044888b, -16.178800, -60.405500,2026-06-20 17:10:00,GOES-19,José Miguel de Velasco,Santa Cruz,Bolivia,85,8,28,0,0.0,0.85,,159.2
716de29f-d29f-3260-a78b-c2d742307057, -13.343400, -66.534000,2026-06-20 17:10:00,GOES-19,José Ballivián,El Beni,Bolivia,26,3,28,7,17.62,0.03,,134.6
ede1e4ed-c5a2-3d7e-8b97-f82c2377af48, -11.626900, -46.435200,2026-06-20 17:10:00,GOES-19,DIANÓPOLIS,TOCANTINS,Brasil,1707009,17,33,23,0.0,1.0,Cerrado,125.3
a289ad9c-7837-3045-8fe4-ce8c9cbc6f8e, -10.823900, -49.125700,2026-06-20 17:10:00,GOES-19,SANTA RITA DO TOCANTINS,TOCANTINS,Brasil,1718899,17,33,43,0.0,0.98,Cerrado,56.2
18e096dd-482f-3185-86c8-82d5d597e609, -11.626600, -46.457900,2026-06-20 17:10:00,GOES-19,DIANÓPOLIS,TOCANTINS,Brasil,1707009,17,33,23,0.0,1.0,Cerrado,71.7
b2b264bc-8e05-30ac-ab1f-1fa9739f16df, -10.842900, -49.123600,2026-06-20 17:10:00,GOES-19,SANTA RITA DO TOCANTINS,TOCANTINS,Brasil,1718899,17,33,49,0.0,1.0,Cerrado,148.4
7349bc94-be65-3330-8a29-9da25b4d016a,  -6.500500, -45.593000,2026-06-20 17:10:00,GOES-19,MIRADOR,MARANHÃO,Brasil,2106706,21,33,2,0.0,1.0,Cerrado,64.2
f9f81349-695f-3fc8-b37e-34695b4793d9, -38.738490, -60.665900,2026-06-20 17:11:00,NPP-375,Coronel Dorrego,Buenos Aires,Argentina,31,1,12,6,0.04,0.81,,6.2
5d94beff-e0ab-3134-982d-9470c034959c, -38.738290, -60.660370,2026-06-20 17:11:00,NPP-375,Coronel Dorrego,Buenos Aires,Argentina,31,1,12,6,0.0,0.81,,6.2
4f04952a-a8ec-321a-b1d7-ca7657775253, -38.737510, -60.668550,2026-06-20 17:11:00,NPP-375,Coronel Dorrego,Buenos Aires,Argentina,31,1,12,6,0.07,0.81,,5.8
76edea64-f0f0-3e1f-a2bf-1a2d06ebc84c, -38.737270, -60.663010,2026-06-20 17:11:00,NPP-375,Coronel Dorrego,Buenos Aires,Argentina,31,1,12,6,0.02,0.81,,10.0
926aa13d-3cfd-3ec9-91e7-b9ecfe40421e, -30.418400, -61.145340,2026-06-20 17:13:00,NPP-375,San Cristóbal,Santa Fe,Argentina,451,21,12,2,0.0,0.77,,4.7
ba131f4e-822a-3e2c-9551-b8c57fde960d, -31.151280, -61.059990,2026-06-20 17:13:00,NPP-375,Las Colonias,Santa Fe,Argentina,448,21,12,2,0.0,0.14,,2.4
dcca3ed1-e147-31d2-9a84-7eb4bbf65c8a, -30.135090, -62.878910,2026-06-20 17:13:00,NPP-375,Rió Seco,Córdoba,Argentina,144,2,12,2,0.0,0.84,,5.6
5356cbcb-f1b6-369a-848d-0319a61af434, -29.734530, -61.177790,2026-06-20 17:13:00,NPP-375,San Cristóbal,Santa Fe,Argentina,451,21,12,2,0.0,0.62,,3.7
760970a5-c64f-38bf-b2f7-1cd28117cf58, -30.418350, -61.144030,2026-06-20 17:13:00,NPP-375,San Cristóbal,Santa Fe,Argentina,451,21,12,2,0.0,0.77,,6.5
c6432a3d-09eb-3fcd-8b63-2816d4075a30, -30.811840, -56.889950,2026-06-20 17:13:00,NPP-375,n.a250,Salto,Uruguay,158,15,245,0,0.0,0.65,,0.1
9c66586b-2f21-3229-9b65-49b4a0b9205e, -25.947690, -65.087270,2026-06-20 17:15:00,NPP-375,Rosario de la Frontera,Salta,Argentina,401,17,12,18,0.0,0.91,,0.7
1d1efa94-7309-33c2-a58d-442c92fca254, -22.853150, -42.862740,2026-06-20 17:15:00,NPP-375,ITABORAÍ,RIO DE JANEIRO,Brasil,3301900,33,33,3,0.1,1.0,Mata Atlântica,9.6
fa47b593-9278-3746-a4d7-17aef2392b7f, -17.755350, -42.400070,2026-06-20 17:15:00,NPP-375,CAPELINHA,MINAS GERAIS,Brasil,3112307,31,33,7,0.0,0.96,Mata Atlântica,2.6
9e83eefc-93e5-3493-841f-cec12e2700ff, -15.719630, -39.895790,2026-06-20 17:15:00,NPP-375,POTIRAGUÁ,BAHIA,Brasil,2925402,29,33,17,0.0,1.0,Mata Atlântica,12.2
4ba101f6-e105-36a1-a13f-65e267e2235c, -15.720290, -39.891540,2026-06-20 17:15:00,NPP-375,POTIRAGUÁ,BAHIA,Brasil,2925402,29,33,17,0.0,1.0,Mata Atlântica,11.8
c84ed8f3-a931-3321-9214-558da4fd997b, -18.594020, -58.656610,2026-06-20 17:15:00,NPP-375,Chiquitos,Santa Cruz,Bolivia,80,8,28,0,0.14,0.43,,2.6
08077428-e296-3ec4-9a75-9ce0b845e421, -18.849010, -44.787700,2026-06-20 17:15:00,NPP-375,FELIXLÂNDIA,MINAS GERAIS,Brasil,3125705,31,33,6,0.0,0.97,Cerrado,2.4
9c3ee237-1c8b-349e-9aed-74dc5145bba4, -18.591710, -40.884780,2026-06-20 17:15:00,NPP-375,BARRA DE SÃO FRANCISCO,ESPÍRITO SANTO,Brasil,3200904,32,33,5,0.0,0.88,Mata Atlântica,15.3
8fc7ef80-456d-3680-8a62-18945b7fcd5f, -19.350290, -44.999830,2026-06-20 17:15:00,NPP-375,POMPÉU,MINAS GERAIS,Brasil,3152006,31,33,6,0.0,1.0,Cerrado,5.0
32149dd0-df47-31d8-969d-1c4a13097648, -17.749720, -42.401130,2026-06-20 17:15:00,NPP-375,CAPELINHA,MINAS GERAIS,Brasil,3112307,31,33,7,0.0,0.95,Mata Atlântica,4.7
6a1d4332-6755-3820-ab2d-8c8cfe8453f5, -16.193680, -40.437740,2026-06-20 17:15:00,NPP-375,JACINTO,MINAS GERAIS,Brasil,3134707,31,33,7,0.0,1.0,Mata Atlântica,5.2
3a4e84b2-b347-3a5a-a5c0-d0ab6831b81b, -24.491150, -65.100970,2026-06-20 17:15:00,NPP-375,El Carmen,Jujuy,Argentina,264,10,12,9,0.0,0.91,,6.0
04b107f9-3cbe-3fc8-b8cf-77af36a7353a, -22.847050, -42.859100,2026-06-20 17:15:00,NPP-375,ITABORAÍ,RIO DE JANEIRO,Brasil,3301900,33,33,3,0.1,1.0,Mata Atlântica,4.0
b03cacf8-a76e-303c-8dff-3e968b38d80c, -16.935480, -47.139190,2026-06-20 17:15:00,NPP-375,PARACATU,MINAS GERAIS,Brasil,3147006,31,33,5,0.0,1.0,Cerrado,6.7
33e71909-b300-3beb-88c9-9918e23ba6f8, -26.451820, -64.249360,2026-06-20 17:15:00,NPP-375,Pellegrini,Santiago del Estero,Argentina,476,22,12,6,0.0,0.98,,3.5
22524c3e-15a1-30f9-b55e-3e2dcdee33e8, -20.748250, -61.205430,2026-06-20 17:15:00,NPP-375,General Eugenio A. Garay,Boquerón,Paraguay,43,6,177,15,0.0,0.98,,7.3
4107bba1-55b1-34a3-b214-c791160ea602, -21.754320, -60.288290,2026-06-20 17:15:00,NPP-375,General Eugenio A. Garay,Boquerón,Paraguay,43,6,177,5,0.0,0.94,,29.6
66e0db29-dfc7-39ce-b290-3da1ecfb1c24, -19.355930, -40.175050,2026-06-20 17:15:00,NPP-375,LINHARES,ESPÍRITO SANTO,Brasil,3203205,32,33,4,0.0,1.0,Mata Atlântica,6.3
0b12eaa3-28a5-32e7-8860-924d75a72004, -21.748760, -60.282970,2026-06-20 17:15:00,NPP-375,General Eugenio A. Garay,Boquerón,Paraguay,43,6,177,6,0.0,0.92,,8.0
52596c42-e042-35b6-a0c7-f11f38b9c02e, -22.846930, -42.857890,2026-06-20 17:15:00,NPP-375,ITABORAÍ,RIO DE JANEIRO,Brasil,3301900,33,33,3,0.1,1.0,Mata Atlântica,8.6
66b07241-e62e-3506-aa16-db6b8499426a, -24.489630, -65.098920,2026-06-20 17:15:00,NPP-375,El Carmen,Jujuy,Argentina,264,10,12,8,0.0,0.91,,5.0
f7461044-5384-3b06-b625-a133ebc20a97, -21.215800, -54.836830,2026-06-20 17:15:00,NPP-375,SIDROLÂNDIA,MATO GROSSO DO SUL,Brasil,5007901,50,33,4,2.11,0.34,Cerrado,2.8
368b4b13-35c8-36cd-b8cc-f7e8e4ae010d, -21.753710, -60.282390,2026-06-20 17:15:00,NPP-375,General Eugenio A. Garay,Boquerón,Paraguay,43,6,177,6,0.0,0.82,,27.1
3abdbc9e-f490-3e6e-8e16-a02c3d221711, -21.918140, -59.279870,2026-06-20 17:15:00,NPP-375,La Victoria,Alto Paraguay,Paraguay,18,2,177,0,0.0,0.97,,2.6
1b10693e-7652-3a10-9260-06996b7b9034, -17.767480, -42.430080,2026-06-20 17:15:00,NPP-375,CAPELINHA,MINAS GERAIS,Brasil,3112307,31,33,7,0.0,0.67,Mata Atlântica,3.8
6c3e57f9-df66-3c99-b735-f9a4b4d07494, -21.749370, -60.288860,2026-06-20 17:15:00,NPP-375,General Eugenio A. Garay,Boquerón,Paraguay,43,6,177,5,0.0,0.97,,16.7
47fb9f33-d39f-355e-bf7a-feb55b4892f1, -26.187550, -60.783620,2026-06-20 17:15:00,NPP-375,Maipú,Chaco,Argentina,183,4,12,2,0.0,0.58,,1.7
d0da008e-950d-361a-9bed-c251a8193c27, -17.764490, -42.429200,2026-06-20 17:15:00,NPP-375,CAPELINHA,MINAS GERAIS,Brasil,3112307,31,33,7,0.0,0.6,Mata Atlântica,3.5
860a01c1-925e-3770-a69b-8e455d3699bc, -18.363550, -44.992000,2026-06-20 17:15:00,NPP-375,TRÊS MARIAS,MINAS GERAIS,Brasil,3169356,31,33,7,0.0,0.76,Cerrado,2.6
d4bb8933-9717-3760-8f24-a080a7fb41ac, -19.403890, -59.794620,2026-06-20 17:15:00,NPP-375,Mayor Pablo Lagerenza,Alto Paraguay,Paraguay,19,2,177,6,0.0,0.95,,4.5
7c362db5-ee6b-3def-be56-9f3a1cf6bc19, -18.805110, -47.610480,2026-06-20 17:15:00,NPP-375,ROMARIA,MINAS GERAIS,Brasil,3156403,31,33,5,0.2,1.0,Cerrado,10.2
b7fb5a82-d5c6-3a34-8893-1fc5ea5b7751, -19.336780, -40.043320,2026-06-20 17:15:00,NPP-375,LINHARES,ESPÍRITO SANTO,Brasil,3203205,32,33,3,0.0,1.0,Mata Atlântica,9.5
5ed49e6e-52ec-3b2a-aba0-3fb0935fb2ce, -17.729400, -50.936870,2026-06-20 17:15:00,NPP-375,RIO VERDE,GOIÁS,Brasil,5218805,52,33,6,0.0,1.0,Cerrado,7.4
0cb18c47-389c-3b38-8d57-4b543e715fc2, -26.185910, -60.784270,2026-06-20 17:15:00,NPP-375,Maipú,Chaco,Argentina,183,4,12,2,0.0,0.6,,2.4
58263deb-2be9-3734-92e2-135672517dfd, -19.992120, -45.507620,2026-06-20 17:15:00,NPP-375,LAGOA DA PRATA,MINAS GERAIS,Brasil,3137205,31,33,5,0.0,1.0,Cerrado,18.0
464a0c55-f40a-3e4a-b80f-ac0838ac6af1, -19.354770, -40.169860,2026-06-20 17:15:00,NPP-375,LINHARES,ESPÍRITO SANTO,Brasil,3203205,32,33,3,0.0,1.0,Mata Atlântica,6.3
2f4d6f7e-13cb-3e22-b09c-938fd0b95c37, -16.646450, -43.181130,2026-06-20 17:15:00,NPP-375,GRÃO MOGOL,MINAS GERAIS,Brasil,3127800,31,33,7,0.0,1.0,Cerrado,1.9
af254e69-98a9-3d25-8028-c7594634a1a8, -24.265140, -63.261180,2026-06-20 17:15:00,NPP-375,Rivadavia,Salta,Argentina,400,17,12,6,0.0,0.98,,0.3
e1c8bcf2-9ac1-3492-b3ab-7cac7eced7f0, -22.540490, -60.668010,2026-06-20 17:15:00,NPP-375,Mariscal José Félix Estigarribia,Boquerón,Paraguay,44,6,177,0,0.0,0.96,,4.9
7ffe974c-fec3-3cc9-b41c-5ba05b0331d1, -20.742730, -61.202750,2026-06-20 17:15:00,NPP-375,General Eugenio A. Garay,Boquerón,Paraguay,43,6,177,14,0.0,0.98,,2.8
a1866291-ad6d-34f3-a398-993b51114db0, -18.758820, -42.360210,2026-06-20 17:15:00,NPP-375,SARDOÁ,MINAS GERAIS,Brasil,3165503,31,33,7,0.0,0.96,Mata Atlântica,3.4
c77b81a7-d23a-36d5-9361-c3771077ddcc, -20.259170, -41.852710,2026-06-20 17:15:00,NPP-375,MARTINS SOARES,MINAS GERAIS,Brasil,3140530,31,33,4,0.0,0.5,Mata Atlântica,1.5
fee11674-aaa1-360c-b1ec-7a771f0e4313, -22.187790, -43.326080,2026-06-20 17:15:00,NPP-375,PARAÍBA DO SUL,RIO DE JANEIRO,Brasil,3303708,33,33,4,0.0,0.95,Mata Atlântica,3.6
74eab703-486a-38b4-bb81-12e789e01d0c, -19.992990, -45.512140,2026-06-20 17:15:00,NPP-375,LAGOA DA PRATA,MINAS GERAIS,Brasil,3137205,31,33,5,0.0,1.0,Cerrado,18.0
ebc8b26a-5a34-3396-b1eb-f790c387d1b7, -18.319770, -56.617740,2026-06-20 17:15:00,NPP-375,CORUMBÁ,MATO GROSSO DO SUL,Brasil,5003207,50,33,0,0.36,0.13,Pantanal,0.4
70c3d405-001a-3692-94ec-2cc333a6747a, -22.370980, -43.307210,2026-06-20 17:15:00,NPP-375,PATY DO ALFERES,RIO DE JANEIRO,Brasil,3303856,33,33,4,0.0,0.89,Mata Atlântica,3.1
09a56829-0c33-34c1-a2f6-3bf6ddce1b9a, -22.852050, -42.858330,2026-06-20 17:15:00,NPP-375,ITABORAÍ,RIO DE JANEIRO,Brasil,3301900,33,33,3,0.1,1.0,Mata Atlântica,6.0
341f57c4-8786-319f-8b1b-3967a9a34483, -19.407500, -59.798080,2026-06-20 17:15:00,NPP-375,Mayor Pablo Lagerenza,Alto Paraguay,Paraguay,19,2,177,6,0.0,0.89,,3.4
01e31708-e67c-32f9-a89b-c7f3fb91d7c0, -19.352930, -40.170060,2026-06-20 17:15:00,NPP-375,LINHARES,ESPÍRITO SANTO,Brasil,3203205,32,33,3,0.0,1.0,Mata Atlântica,12.0
ed38f3fa-8e50-3359-be98-d24f92b5fa96, -19.406950, -59.793050,2026-06-20 17:15:00,NPP-375,Mayor Pablo Lagerenza,Alto Paraguay,Paraguay,19,2,177,6,0.0,0.93,,3.4
26bf430a-af46-39f2-ab92-6893f2fdf16c, -22.853230, -42.863960,2026-06-20 17:15:00,NPP-375,ITABORAÍ,RIO DE JANEIRO,Brasil,3301900,33,33,3,0.1,1.0,Mata Atlântica,6.0
e124ef4b-2bff-3331-9432-d3ae9a373086, -17.728780, -50.933000,2026-06-20 17:15:00,NPP-375,RIO VERDE,GOIÁS,Brasil,5218805,52,33,6,0.0,1.0,Cerrado,11.0
186aa48a-61ae-3758-b3b7-28bf7be63fbc, -18.802770, -47.608310,2026-06-20 17:15:00,NPP-375,MONTE CARMELO,MINAS GERAIS,Brasil,3143104,31,33,5,0.21,1.0,Cerrado,14.4
68c4266e-e950-3402-b3ea-466fbefbf1a2, -19.391780, -46.933210,2026-06-20 17:15:00,NPP-375,PERDIZES,MINAS GERAIS,Brasil,3149804,31,33,6,0.0,1.0,Cerrado,5.0
3561f9eb-e240-3ce9-aa92-1a661f8921ba, -22.184800, -43.324280,2026-06-20 17:15:00,NPP-375,PARAÍBA DO SUL,RIO DE JANEIRO,Brasil,3303708,33,33,4,0.0,0.95,Mata Atlântica,8.0
837c2e3d-034b-3ce2-9e73-3ce28ff6077c, -24.478940, -61.812500,2026-06-20 17:15:00,NPP-375,General Güemes,Chaco,Argentina,179,4,12,5,0.0,0.92,,0.1
133e217b-6722-3ccd-8584-70a2613bc45d, -20.748580, -61.208690,2026-06-20 17:15:00,NPP-375,General Eugenio A. Garay,Boquerón,Paraguay,43,6,177,15,0.0,0.98,,3.7
a8fb9244-35cd-3aca-b48c-a0c25b316394, -18.303690, -59.044250,2026-06-20 17:17:00,NPP-375,Chiquitos,Santa Cruz,Bolivia,80,8,28,4,0.1,0.47,,3.2
f2ba1ece-8c3d-3801-8155-e16b8b5ee10a, -16.428240, -59.581440,2026-06-20 17:17:00,NPP-375,José Miguel de Velasco,Santa Cruz,Bolivia,85,8,28,10,0.0,0.51,,6.9
87b3239f-ece0-3b64-9ca4-517f0bf64df8, -18.347190, -59.074120,2026-06-20 17:17:00,NPP-375,Chiquitos,Santa Cruz,Bolivia,80,8,28,0,0.0,0.45,,7.1
cac0f7d9-2340-3d38-b12f-413d4c6c568c, -16.169110, -58.472560,2026-06-20 17:17:00,NPP-375,CÁCERES,MATO GROSSO,Brasil,5102504,51,33,2,0.83,0.33,Pantanal,3.7
9e146f92-894d-34e9-87d0-55be45a1ec16, -16.416650, -59.596280,2026-06-20 17:17:00,NPP-375,José Miguel de Velasco,Santa Cruz,Bolivia,85,8,28,10,0.0,0.52,,10.5
bfc4d033-c476-3f59-b9ab-4f1e9bcd3c33, -14.979420, -45.453670,2026-06-20 17:17:00,NPP-375,JANUÁRIA,MINAS GERAIS,Brasil,3135209,31,33,30,0.0,1.0,Cerrado,14.7
fee49296-47b9-3ec2-b762-b7b14a0be34c, -16.909260, -60.370420,2026-06-20 17:17:00,NPP-375,José Miguel de Velasco,Santa Cruz,Bolivia,85,8,28,10,2.78,0.38,,6.3
0054ec13-33f2-36f2-af98-f26af470f8f9, -17.484940, -59.525490,2026-06-20 17:17:00,NPP-375,Chiquitos,Santa Cruz,Bolivia,80,8,28,9,0.0,0.59,,4.6
6bba4ddc-46f5-3cfb-b34b-6795eef32b8f, -17.571550, -60.342470,2026-06-20 17:17:00,NPP-375,Chiquitos,Santa Cruz,Bolivia,80,8,28,1,0.0,0.92,,5.7
8a0ef59c-8219-3c9c-8eb8-60316581193c, -18.343900, -59.083400,2026-06-20 17:17:00,NPP-375,Chiquitos,Santa Cruz,Bolivia,80,8,28,0,0.0,0.45,,6.6
a17350de-c862-35dd-bda5-fd8c0300d093, -18.353170, -59.086640,2026-06-20 17:17:00,NPP-375,Chiquitos,Santa Cruz,Bolivia,80,8,28,0,0.0,0.44,,6.5
8c724eec-196b-3cb2-9a8d-fffec16e80f8, -14.852720, -48.114000,2026-06-20 17:17:00,NPP-375,MIMOSO DE GOIÁS,GOIÁS,Brasil,5213053,52,33,31,0.0,1.0,Cerrado,8.5
abf0d880-47dd-35e7-bd39-45c5c33e2ef1, -18.019840, -66.648800,2026-06-20 17:17:00,NPP-375,Arque,Cochabamba,Bolivia,12,2,28,10,0.0,0.75,,9.8
2d7fb6fe-89fd-3ca3-a0a7-e4739719eb88, -17.147330, -60.525040,2026-06-20 17:17:00,NPP-375,José Miguel de Velasco,Santa Cruz,Bolivia,85,8,28,8,0.0,0.59,,11.3
61e53ed5-62d6-3925-9e6a-ed1a5c1569b7, -18.343360, -59.079050,2026-06-20 17:17:00,NPP-375,Chiquitos,Santa Cruz,Bolivia,80,8,28,0,0.0,0.45,,7.1
bdfca88f-60e4-3a1d-9b7e-2bd370d1fdef, -16.891220, -60.377790,2026-06-20 17:17:00,NPP-375,José Miguel de Velasco,Santa Cruz,Bolivia,85,8,28,10,2.44,0.4,,10.0
45968c63-ac3b-3782-99f6-634a350e54af, -16.907480, -60.372550,2026-06-20 17:17:00,NPP-375,José Miguel de Velasco,Santa Cruz,Bolivia,85,8,28,10,2.72,0.38,,47.0
6a7912df-c202-3be8-8145-aae53729bba2, -17.388460, -65.824180,2026-06-20 17:17:00,NPP-375,Arani,Cochabamba,Bolivia,11,2,28,14,0.0,0.87,,12.0
76a2adcc-846b-36fa-9748-aee5ed033254, -15.595160, -48.098940,2026-06-20 17:17:00,NPP-375,BRASÍLIA,DISTRITO FEDERAL,Brasil,5300108,53,33,9,0.0,1.0,Cerrado,5.1
c574b08b-1cd5-3aca-8f35-6959f2ad9f46, -17.141460, -60.527010,2026-06-20 17:17:00,NPP-375,José Miguel de Velasco,Santa Cruz,Bolivia,85,8,28,9,0.0,0.59,,14.3
75853e81-a13c-34c8-b786-c1223550db92, -18.337380, -59.066510,2026-06-20 17:17:00,NPP-375,Chiquitos,Santa Cruz,Bolivia,80,8,28,0,0.0,0.45,,14.5
4119cfb7-69d4-3824-8b08-fba3d27a0701, -18.019270, -66.642070,2026-06-20 17:17:00,NPP-375,Arque,Cochabamba,Bolivia,12,2,28,10,0.0,0.76,,9.8
c075a599-b2c7-3df0-aae7-15c52585d509, -17.166510, -63.855380,2026-06-20 17:17:00,NPP-375,Sara,Santa Cruz,Bolivia,88,8,28,6,0.0,0.97,,3.7
42f1783b-4233-3dc2-ad72-e7a12ffc081d, -18.126320, -59.573920,2026-06-20 17:17:00,NPP-375,Chiquitos,Santa Cruz,Bolivia,80,8,28,1,0.0,0.41,,22.4
941321d1-d104-3314-b6cb-d7a05f39cdfe, -17.803050, -66.232610,2026-06-20 17:17:00,NPP-375,Capinota,Cochabamba,Bolivia,14,2,28,10,0.0,0.93,,37.2
89fa4ee2-be47-30a7-99c5-e8a62d7b610b, -17.484400, -59.521020,2026-06-20 17:17:00,NPP-375,Chiquitos,Santa Cruz,Bolivia,80,8,28,9,0.0,0.59,,3.3
c3110192-7754-3575-bcf8-d98c66da2d60, -15.595040, -47.162820,2026-06-20 17:17:00,NPP-375,FORMOSA,GOIÁS,Brasil,5208004,52,33,17,0.0,1.0,Cerrado,4.1
bff347c7-928b-3312-915a-6bd3b181160c, -18.053910, -59.595520,2026-06-20 17:17:00,NPP-375,Chiquitos,Santa Cruz,Bolivia,80,8,28,4,0.0,0.45,,4.2
2127ad0b-9ad8-3c59-8b64-69aa3a9051b0, -18.334640, -59.080180,2026-06-20 17:17:00,NPP-375,Chiquitos,Santa Cruz,Bolivia,80,8,28,0,0.0,0.45,,12.4
7cfd15d2-1708-3c8a-a2aa-678ca44f10bd, -17.481030, -59.530550,2026-06-20 17:17:00,NPP-375,Chiquitos,Santa Cruz,Bolivia,80,8,28,9,0.0,0.59,,4.6
13e75434-311d-3a64-99b4-8148ac30265e, -16.902230, -60.368070,2026-06-20 17:17:00,NPP-375,José Miguel de Velasco,Santa Cruz,Bolivia,85,8,28,10,2.7,0.38,,47.0
7a23abc3-702d-32cb-a28c-32e58bf87fe1, -16.900540, -60.376610,2026-06-20 17:17:00,NPP-375,José Miguel de Velasco,Santa Cruz,Bolivia,85,8,28,10,2.59,0.39,,12.7
e56cf4f8-bd57-3bfe-a000-fa93ceecdd11, -16.906900, -60.367530,2026-06-20 17:17:00,NPP-375,José Miguel de Velasco,Santa Cruz,Bolivia,85,8,28,9,2.78,0.38,,47.0
45463ef4-937b-35a4-97bb-cc13346769a6, -17.146180, -60.526450,2026-06-20 17:17:00,NPP-375,José Miguel de Velasco,Santa Cruz,Bolivia,85,8,28,8,0.0,0.59,,14.3
1ec79fab-be54-3429-8f8d-e9d03daf9c6e, -17.536030, -59.648570,2026-06-20 17:17:00,NPP-375,Chiquitos,Santa Cruz,Bolivia,80,8,28,9,0.0,0.56,,3.0
1b9c2a2d-61b5-3975-a13a-78236859c716, -16.517150, -59.331120,2026-06-20 17:17:00,NPP-375,José Miguel de Velasco,Santa Cruz,Bolivia,85,8,28,1,0.1,0.46,,2.8
4406fefd-f2b9-3d21-b66d-89b9c28967a1, -18.012330, -59.591210,2026-06-20 17:17:00,NPP-375,Chiquitos,Santa Cruz,Bolivia,80,8,28,5,0.0,0.46,,3.7
7e883b83-2dd9-3f5b-978c-88b55c99d2e3, -16.899310, -60.366520,2026-06-20 17:17:00,NPP-375,José Miguel de Velasco,Santa Cruz,Bolivia,85,8,28,10,2.69,0.38,,61.7
0f7a509e-1f7b-3c58-84e0-670d22ca7950, -17.147920, -60.530280,2026-06-20 17:17:00,NPP-375,José Miguel de Velasco,Santa Cruz,Bolivia,85,8,28,8,0.0,0.59,,10.1
0f95293a-25e2-304e-8a84-e167c6d0083a, -18.354040, -59.092900,2026-06-20 17:17:00,NPP-375,Chiquitos,Santa Cruz,Bolivia,80,8,28,0,0.0,0.44,,4.0
8f57b184-c162-3bbf-b283-b2a9bf8419f2, -18.353530, -59.088520,2026-06-20 17:17:00,NPP-375,Chiquitos,Santa Cruz,Bolivia,80,8,28,0,0.0,0.44,,5.9
b9e7a871-5f40-3b1f-9ee8-13b8bfd6a3a1, -18.349340, -59.091560,2026-06-20 17:17:00,NPP-375,Chiquitos,Santa Cruz,Bolivia,80,8,28,0,0.0,0.45,,5.1
01f60200-2786-375b-a0f0-acef62670dff, -17.479970, -59.521670,2026-06-20 17:17:00,NPP-375,Chiquitos,Santa Cruz,Bolivia,80,8,28,9,0.0,0.59,,3.3
b6413173-6738-3ef2-8d44-51140313da80, -18.334700, -59.044760,2026-06-20 17:17:00,NPP-375,Chiquitos,Santa Cruz,Bolivia,80,8,28,1,0.0,0.45,,4.1
dadecbc9-ca6d-33b6-8270-850e4e1a0025, -16.901660, -60.363110,2026-06-20 17:17:00,NPP-375,José Miguel de Velasco,Santa Cruz,Bolivia,85,8,28,10,2.78,0.38,,15.6
5851d488-5e05-313e-b868-b22fd60800f2, -16.757260, -59.728630,2026-06-20 17:17:00,NPP-375,José Miguel de Velasco,Santa Cruz,Bolivia,85,8,28,9,0.0,0.63,,4.1
cddc2423-7bbb-3910-a8d9-95f4b005de6a, -18.342820, -59.074680,2026-06-20 17:17:00,NPP-375,Chiquitos,Santa Cruz,Bolivia,80,8,28,0,0.0,0.45,,7.1
bbb2d630-8709-33a0-ab98-a877289d95c8, -18.348260, -59.082840,2026-06-20 17:17:00,NPP-375,Chiquitos,Santa Cruz,Bolivia,80,8,28,0,0.0,0.45,,6.6
1400b515-702b-33c4-bec2-e8d76565ef3c, -16.399950, -47.630420,2026-06-20 17:17:00,NPP-375,CRISTALINA,GOIÁS,Brasil,5206206,52,33,5,0.0,1.0,Cerrado,3.1
e224e474-79e0-3eda-b314-4299ad20477b, -18.353710, -59.091000,2026-06-20 17:17:00,NPP-375,Chiquitos,Santa Cruz,Bolivia,80,8,28,0,0.0,0.44,,8.5
88000fb3-8f93-3e71-8e45-85b2e2efedf9, -16.905210, -60.376050,2026-06-20 17:17:00,NPP-375,José Miguel de Velasco,Santa Cruz,Bolivia,85,8,28,10,2.64,0.39,,12.7
aaa28055-bd1d-39e5-b328-d84d5a01c7e5, -16.895260, -60.372060,2026-06-20 17:17:00,NPP-375,José Miguel de Velasco,Santa Cruz,Bolivia,85,8,28,10,2.58,0.39,,31.5
2dc4fc4d-7c5a-3849-9229-aa71759fd55d, -16.890000, -60.367680,2026-06-20 17:17:00,NPP-375,José Miguel de Velasco,Santa Cruz,Bolivia,85,8,28,10,2.52,0.39,,31.5
814ea2e3-9777-3ccc-aa6c-d7ea09f9b95e, -18.337920, -59.070880,2026-06-20 17:17:00,NPP-375,Chiquitos,Santa Cruz,Bolivia,80,8,28,0,0.0,0.45,,14.5
15b04d4d-ab42-34cc-8674-8e62923c96e2, -17.492500, -59.588700,2026-06-20 17:17:00,NPP-375,Chiquitos,Santa Cruz,Bolivia,80,8,28,9,0.0,0.57,,9.7
f49fa644-5551-3acf-8108-5bb555d607a2, -16.904590, -60.370960,2026-06-20 17:17:00,NPP-375,José Miguel de Velasco,Santa Cruz,Bolivia,85,8,28,10,2.68,0.38,,61.7
77e259de-5092-3d6b-b41f-1aa6cc438ce0, -17.974630, -65.529810,2026-06-20 17:17:00,NPP-375,Mizque,Cochabamba,Bolivia,20,2,28,10,0.0,0.99,,9.3
5fb9bd5f-fafc-36b5-bdbb-f03718c0cda9, -18.560920, -58.598190,2026-06-20 17:17:00,NPP-375,Chiquitos,Santa Cruz,Bolivia,80,8,28,1,0.72,0.37,,2.7
67f59e74-1158-383e-b190-11ee062f2fcb, -18.348800, -59.087210,2026-06-20 17:17:00,NPP-375,Chiquitos,Santa Cruz,Bolivia,80,8,28,0,0.0,0.45,,6.6
9685fb29-3b07-395d-b166-92d9b0321f7e, -18.333020, -59.067070,2026-06-20 17:17:00,NPP-375,Chiquitos,Santa Cruz,Bolivia,80,8,28,1,0.0,0.45,,14.5
5068250c-0adf-30be-ac7b-4e0057706531, -16.347710, -59.546070,2026-06-20 17:17:00,NPP-375,José Miguel de Velasco,Santa Cruz,Bolivia,85,8,28,0,0.0,1.0,,3.9
707087c3-df8a-3b9f-8631-26465dd215ad, -15.175780, -49.552130,2026-06-20 17:17:00,NPP-375,NOVA GLÓRIA,GOIÁS,Brasil,5214861,52,33,8,0.0,1.0,Cerrado,4.8
bb37dd01-30a2-31b4-8e4d-9a955d260bc1, -16.559870, -59.321290,2026-06-20 17:17:00,NPP-375,José Miguel de Velasco,Santa Cruz,Bolivia,85,8,28,1,0.0,0.47,,5.8
fdbf9c7b-b887-3aa5-856e-1f085a0db538, -18.339000, -59.079610,2026-06-20 17:17:00,NPP-375,Chiquitos,Santa Cruz,Bolivia,80,8,28,0,0.0,0.45,,12.4
b6394657-6db5-3e6a-9583-d0a1f66ce06b, -17.392370, -65.828460,2026-06-20 17:17:00,NPP-375,Arani,Cochabamba,Bolivia,11,2,28,15,0.0,0.87,,8.8
1ce21023-dac8-3461-b59b-531dd864ec0f, -16.427710, -59.577130,2026-06-20 17:17:00,NPP-375,José Miguel de Velasco,Santa Cruz,Bolivia,85,8,28,9,0.0,0.51,,6.9
ca59a524-6ea4-3c3a-9450-da7547d19edf, -17.974190, -65.525190,2026-06-20 17:17:00,NPP-375,Mizque,Cochabamba,Bolivia,20,2,28,10,0.0,0.99,,8.9
49c299ce-ae91-399a-b1ae-6ec27cb9778d, -18.339540, -59.083970,2026-06-20 17:17:00,NPP-375,Chiquitos,Santa Cruz,Bolivia,80,8,28,0,0.0,0.45,,4.5
889ed813-1f32-3cf9-b9a6-f680c5742f38, -17.972520, -65.527920,2026-06-20 17:17:00,NPP-375,Mizque,Cochabamba,Bolivia,20,2,28,10,0.0,0.99,,6.0
90b171c2-3e76-3238-b6d0-de9a5c75cf4d, -16.416500, -59.308720,2026-06-20 17:17:00,NPP-375,José Miguel de Velasco,Santa Cruz,Bolivia,85,8,28,1,0.1,0.5,,10.3
1892de4c-e0d8-3772-9b7f-55e8f77eec84, -18.338460, -59.075250,2026-06-20 17:17:00,NPP-375,Chiquitos,Santa Cruz,Bolivia,80,8,28,0,0.0,0.45,,12.4
f37e835f-78da-3a42-8d95-0c0d7f0d5afc, -17.420870, -60.760130,2026-06-20 17:17:00,NPP-375,Chiquitos,Santa Cruz,Bolivia,80,8,28,6,0.0,0.86,,6.7
3d48e2d1-40b7-3e60-8eb1-a5fe86285850, -16.466180, -53.079030,2026-06-20 17:17:00,NPP-375,TORIXORÉU,MATO GROSSO,Brasil,5108204,51,33,2,6.24,0.89,Cerrado,8.4
9d9e2a89-f3f1-3b41-b16c-64e3bfa34800, -16.902810, -60.373120,2026-06-20 17:17:00,NPP-375,José Miguel de Velasco,Santa Cruz,Bolivia,85,8,28,10,2.64,0.39,,47.0
8c0f5995-a981-3d29-8daf-8f4334fd51e9, -16.415970, -59.304540,2026-06-20 17:17:00,NPP-375,José Miguel de Velasco,Santa Cruz,Bolivia,85,8,28,1,0.1,0.71,,8.6
b9fbd683-be8e-365c-8705-622f05cf2da5, -15.446520, -45.681340,2026-06-20 17:17:00,NPP-375,ARINOS,MINAS GERAIS,Brasil,3104502,31,33,9,0.0,1.0,Cerrado,7.1
f417ff2b-5be2-3f06-9872-9d4b9cd3f04d, -17.142600, -60.525630,2026-06-20 17:17:00,NPP-375,José Miguel de Velasco,Santa Cruz,Bolivia,85,8,28,9,0.0,0.59,,11.3
690d5901-7c3e-324a-9393-fe00adb99b40, -18.011780, -59.586520,2026-06-20 17:17:00,NPP-375,Chiquitos,Santa Cruz,Bolivia,80,8,28,5,0.0,0.46,,3.7
0d6f696b-f47e-337f-ba9b-10b3cac69204, -16.428770, -59.585800,2026-06-20 17:17:00,NPP-375,José Miguel de Velasco,Santa Cruz,Bolivia,85,8,28,10,0.0,0.52,,5.2
f5bf3404-e7b9-3459-bf61-60663a95ec51, -18.072480, -59.635930,2026-06-20 17:17:00,NPP-375,Chiquitos,Santa Cruz,Bolivia,80,8,28,0,0.0,0.45,,2.7
f5cf95e0-67c4-34ef-86a4-a70a76b46dd2, -16.559330, -59.317020,2026-06-20 17:17:00,NPP-375,José Miguel de Velasco,Santa Cruz,Bolivia,85,8,28,1,0.01,0.48,,5.8
72cd93c0-a174-37f9-a89f-43c567447acc, -14.983230, -45.447220,2026-06-20 17:17:00,NPP-375,JANUÁRIA,MINAS GERAIS,Brasil,3135209,31,33,31,0.0,1.0,Cerrado,14.7
145fe96c-1e34-3b7d-a6e9-54dccfa61439, -18.351490, -59.071040,2026-06-20 17:17:00,NPP-375,Chiquitos,Santa Cruz,Bolivia,80,8,28,0,0.0,0.44,,2.6
018ed691-288d-34ee-b563-37c8b1ae287b, -16.899920, -60.371490,2026-06-20 17:17:00,NPP-375,José Miguel de Velasco,Santa Cruz,Bolivia,85,8,28,10,2.63,0.39,,61.7
baa0be74-3be0-387e-bcb7-69234ac8fc54, -16.462310, -53.075970,2026-06-20 17:17:00,NPP-375,TORIXORÉU,MATO GROSSO,Brasil,5108204,51,33,2,6.12,0.82,Cerrado,3.0
6648a419-264d-3dcc-baf9-e186453c9200, -18.352630, -59.082280,2026-06-20 17:17:00,NPP-375,Chiquitos,Santa Cruz,Bolivia,80,8,28,0,0.0,0.44,,6.5
d17990d1-06cc-306d-a1df-ae3745534a0b, -16.906330, -60.362540,2026-06-20 17:17:00,NPP-375,José Miguel de Velasco,Santa Cruz,Bolivia,85,8,28,10,2.87,0.37,,15.6
c7c823b3-5e06-3b9e-b62b-9be16aef0a96, -18.352090, -59.077930,2026-06-20 17:17:00,NPP-375,Chiquitos,Santa Cruz,Bolivia,80,8,28,0,0.0,0.44,,5.8
c85840dd-be65-3cc3-ba1a-b642f4181d2e, -13.465760, -42.429500,2026-06-20 17:17:00,NPP-375,PARAMIRIM,BAHIA,Brasil,2923605,29,33,20,0.0,1.0,Caatinga,2.6
3089086d-f6cf-3e45-a56a-a5d2abef0730, -18.336310, -59.057800,2026-06-20 17:17:00,NPP-375,Chiquitos,Santa Cruz,Bolivia,80,8,28,1,0.0,0.45,,16.1
6534e83b-74c8-3f41-b461-bd28a73f7e68, -13.787290, -43.111020,2026-06-20 17:17:00,NPP-375,RIACHO DE SANTANA,BAHIA,Brasil,2926400,29,33,26,0.0,1.0,Caatinga,4.5
4dd3ec23-d53e-3344-a253-5d541eb10dcb, -17.248820, -63.065370,2026-06-20 17:17:00,NPP-375,Ignacio Warnes,Santa Cruz,Bolivia,84,8,28,6,0.0,1.0,,1.6
d0b217f5-2779-37f2-97ed-5d7576cf8eaf, -18.336850, -59.062150,2026-06-20 17:17:00,NPP-375,Chiquitos,Santa Cruz,Bolivia,80,8,28,1,0.0,0.45,,16.1
cd9cf8e6-02c9-3c0b-b2c2-ed43ed2b0728, -18.353020, -59.084160,2026-06-20 17:17:00,NPP-375,Chiquitos,Santa Cruz,Bolivia,80,8,28,0,0.0,0.44,,5.9
1e323b32-727e-3cb2-b643-f991b0f7ae28, -16.417190, -59.600640,2026-06-20 17:17:00,NPP-375,José Miguel de Velasco,Santa Cruz,Bolivia,85,8,28,11,0.0,0.52,,10.5
b0bd26bd-610e-3cd4-bc8b-66cad04149b4, -18.352510, -59.079780,2026-06-20 17:17:00,NPP-375,Chiquitos,Santa Cruz,Bolivia,80,8,28,0,0.0,0.44,,5.9
1aa0f2e4-a5fe-32cf-b9c2-5e31bfa1b601, -17.498780, -59.528030,2026-06-20 17:17:00,NPP-375,Chiquitos,Santa Cruz,Bolivia,80,8,28,9,0.0,0.58,,3.5
677be1b8-9e22-3945-963d-7339f5c7fa64, -18.038750, -59.583200,2026-06-20 17:17:00,NPP-375,Chiquitos,Santa Cruz,Bolivia,80,8,28,6,0.0,0.46,,3.9
ae08f3db-48ff-35ce-8140-7193397c7ffa, -16.591250, -60.780120,2026-06-20 17:17:00,NPP-375,José Miguel de Velasco,Santa Cruz,Bolivia,85,8,28,10,0.1,0.57,,7.0
4b0f543a-a81c-390a-b376-42fcb0cebe2f, -18.125770, -59.569260,2026-06-20 17:17:00,NPP-375,Chiquitos,Santa Cruz,Bolivia,80,8,28,1,0.0,0.41,,22.2
38401354-9939-303f-b062-5517e438cf7a, -18.352000, -59.075410,2026-06-20 17:17:00,NPP-375,Chiquitos,Santa Cruz,Bolivia,80,8,28,0,0.0,0.44,,5.9
27b88df9-17cc-3308-85e6-21419193b736, -16.472050, -59.285710,2026-06-20 17:17:00,NPP-375,José Miguel de Velasco,Santa Cruz,Bolivia,85,8,28,3,0.1,0.48,,3.0
d6c1edd9-c16f-3b8d-a833-ce181ec239b7, -18.126870, -59.578600,2026-06-20 17:17:00,NPP-375,Chiquitos,Santa Cruz,Bolivia,80,8,28,1,0.0,0.41,,22.4
c92bc96a-9f17-395c-b0c9-7d54a463b7a9, -16.903980, -60.365960,2026-06-20 17:17:00,NPP-375,José Miguel de Velasco,Santa Cruz,Bolivia,85,8,28,10,2.76,0.38,,61.7
509f7c03-07ba-37b2-9486-435dfd29447a, -18.347720, -59.078490,2026-06-20 17:17:00,NPP-375,Chiquitos,Santa Cruz,Bolivia,80,8,28,0,0.0,0.45,,7.1
d14e2b76-3b97-3af6-a147-a07a5b53e403, -14.856750, -48.112830,2026-06-20 17:17:00,NPP-375,MIMOSO DE GOIÁS,GOIÁS,Brasil,5213053,52,33,31,0.0,1.0,Cerrado,4.9
3a9868b1-434f-30b3-b81f-4e684236db20, -16.894650, -60.367080,2026-06-20 17:17:00,NPP-375,José Miguel de Velasco,Santa Cruz,Bolivia,85,8,28,10,2.62,0.39,,31.5
0f7dc1eb-b6fd-3713-9b39-b0f10257d7d0, -18.351550, -59.073570,2026-06-20 17:17:00,NPP-375,Chiquitos,Santa Cruz,Bolivia,80,8,28,0,0.0,0.44,,5.8
616054f4-a453-37fb-9154-474ef55215e3, -18.049410, -59.596070,2026-06-20 17:17:00,NPP-375,Chiquitos,Santa Cruz,Bolivia,80,8,28,4,0.0,0.46,,4.2
eee4a6e5-812a-3289-af78-24dc1a13008a, -16.890600, -60.372700,2026-06-20 17:17:00,NPP-375,José Miguel de Velasco,Santa Cruz,Bolivia,85,8,28,10,2.48,0.4,,31.5
23f4a7f6-14e1-3662-9630-9cff327d53b1, -17.703890, -61.293500,2026-06-20 17:17:00,NPP-375,Chiquitos,Santa Cruz,Bolivia,80,8,28,6,0.3,0.72,,4.2
61195b12-aef7-3070-b675-545d4a21d40a, -16.908640, -60.365430,2026-06-20 17:17:00,NPP-375,José Miguel de Velasco,Santa Cruz,Bolivia,85,8,28,10,2.86,0.37,,6.3
84f59d08-2e90-34b2-9a49-3ba8b2d9b00e, -18.335240, -59.049100,2026-06-20 17:17:00,NPP-375,Chiquitos,Santa Cruz,Bolivia,80,8,28,1,0.0,0.45,,4.1
8fa90b52-b99e-375b-8a65-8e95ec8bd287, -15.549340, -44.002540,2026-06-20 17:17:00,NPP-375,VARZELÂNDIA,MINAS GERAIS,Brasil,3170909,31,33,51,0.0,1.0,Cerrado,3.8
5f35381b-3ecb-334d-b539-a4c9c9a0b881, -18.501910, -63.047540,2026-06-20 17:17:00,NPP-375,Cordillera,Santa Cruz,Bolivia,81,8,28,23,0.0,0.99,,6.5
8593b991-3279-3ea8-b8b2-5f9540514d3c, -17.979020, -65.526460,2026-06-20 17:17:00,NPP-375,Mizque,Cochabamba,Bolivia,20,2,28,10,0.0,0.99,,6.0
c3a1f4a9-b8f4-3c2b-ae70-836bba9071f4, -16.895880, -60.377180,2026-06-20 17:17:00,NPP-375,José Miguel de Velasco,Santa Cruz,Bolivia,85,8,28,10,2.54,0.4,,10.0
a7a2c8f8-f192-3808-83ac-f95c4a9908a6, -18.335770, -59.053460,2026-06-20 17:17:00,NPP-375,Chiquitos,Santa Cruz,Bolivia,80,8,28,1,0.0,0.45,,4.1
8813a67f-db61-37fd-a381-e20d16b2078a, -18.334100, -59.075810,2026-06-20 17:17:00,NPP-375,Chiquitos,Santa Cruz,Bolivia,80,8,28,1,0.0,0.45,,12.4
cc832e6f-f4b1-31da-b7b9-8d3600418ad4, -17.804050, -66.243800,2026-06-20 17:17:00,NPP-375,Capinota,Cochabamba,Bolivia,14,2,28,10,0.0,0.93,,37.2
3c5be796-4f80-3e72-95c3-c97fae37dc9c, -15.410370, -49.387630,2026-06-20 17:17:00,NPP-375,SANTA ISABEL,GOIÁS,Brasil,5219357,52,33,11,0.0,1.0,Cerrado,5.3
99701fdb-d333-3ab1-a2fe-811c6294e709, -14.978340, -45.448070,2026-06-20 17:17:00,NPP-375,JANUÁRIA,MINAS GERAIS,Brasil,3135209,31,33,30,0.0,1.0,Cerrado,14.7
7af3b6ce-c34a-37c8-a82a-1ee1ed0cc8f2, -17.166060, -63.851050,2026-06-20 17:17:00,NPP-375,Sara,Santa Cruz,Bolivia,88,8,28,6,0.0,0.97,,4.9
7bfc170e-0186-393c-afbf-d0deaf33930d, -13.917490, -54.070210,2026-06-20 17:17:00,NPP-375,PARANATINGA,MATO GROSSO,Brasil,5106307,51,33,3,5.18,0.89,Cerrado,4.1
1ea9f7c1-4b87-3a4d-9dd4-f3c75550660c, -13.909130, -54.082480,2026-06-20 17:17:00,NPP-375,PARANATINGA,MATO GROSSO,Brasil,5106307,51,33,3,5.18,0.84,Cerrado,2.5
c2f81894-7021-3494-a5b2-a0dea678d0d2, -15.588520, -61.818430,2026-06-20 17:17:00,NPP-375,Ñuflo de Chávez,Santa Cruz,Bolivia,78,8,28,7,0.0,0.36,,12.7
160172ff-766a-37bc-985f-b62d3fbb5c04, -11.217570, -46.390210,2026-06-20 17:17:00,NPP-375,FORMOSA DO RIO PRETO,BAHIA,Brasil,2911105,29,33,28,0.0,1.0,Cerrado,8.4
1e573524-eb84-3983-ab02-f11ee7d04da2, -13.323070, -64.076620,2026-06-20 17:17:00,NPP-375,Vaca Díez,El Beni,Bolivia,30,3,28,1,0.0,0.92,,5.3
88e4d383-8e6b-3aa6-af0b-c75dda57d78a, -11.939700, -43.385860,2026-06-20 17:17:00,NPP-375,MUQUÉM DO SÃO FRANCISCO,BAHIA,Brasil,2922250,29,33,23,0.0,1.0,Cerrado,6.7
78b6aaff-4384-3ab9-a2c1-d28d17c15fca, -13.919110, -54.080890,2026-06-20 17:17:00,NPP-375,PARANATINGA,MATO GROSSO,Brasil,5106307,51,33,3,5.45,0.52,Cerrado,18.3
93039e94-bf3c-3a50-a1b1-0adbb84fb554, -15.586810, -61.810700,2026-06-20 17:17:00,NPP-375,Ñuflo de Chávez,Santa Cruz,Bolivia,78,8,28,7,0.0,0.36,,19.0
896c5abe-3a44-3be7-94f8-f33e0c6f5ce7, -14.446560, -58.860470,2026-06-20 17:17:00,NPP-375,TANGARÁ DA SERRA,MATO GROSSO,Brasil,5107958,51,33,0,0.3,0.7,Cerrado,1.8
eb1a83ab-009f-3da8-a755-7f4c6a4374ef, -15.595550, -61.797530,2026-06-20 17:17:00,NPP-375,Ñuflo de Chávez,Santa Cruz,Bolivia,78,8,28,6,0.0,0.36,,6.3
85f23f53-e3f3-381b-a6bd-b6aa691da6a3, -11.158740, -48.803330,2026-06-20 17:17:00,NPP-375,CRIXÁS DO TOCANTINS,TOCANTINS,Brasil,1706258,17,33,42,0.0,1.0,Cerrado,3.0
22c535ce-f880-33df-b71d-bced10f3aa0c, -16.231520, -61.561250,2026-06-20 17:17:00,NPP-375,José Miguel de Velasco,Santa Cruz,Bolivia,85,8,28,1,0.0,0.34,,7.9
68716af5-4f3d-3810-b1bf-7b9f3cf9df1e, -13.464790, -42.428900,2026-06-20 17:17:00,NPP-375,PARAMIRIM,BAHIA,Brasil,2923605,29,33,20,0.0,1.0,Caatinga,3.0
159f2391-db69-34cc-9807-4eff93b09c02, -11.156190, -44.122540,2026-06-20 17:17:00,NPP-375,MANSIDÃO,BAHIA,Brasil,2920452,29,33,28,0.0,1.0,Cerrado,20.5
7ead5d3e-4447-35a9-83e9-81fa342038fb, -14.298050, -49.149190,2026-06-20 17:17:00,NPP-375,CAMPINORTE,GOIÁS,Brasil,5204706,52,33,28,0.0,1.0,Cerrado,5.3
a9dd14dd-3ba3-3e61-87b9-b9e962016b69, -12.273400, -54.095690,2026-06-20 17:17:00,NPP-375,NOVA UBIRATÃ,MATO GROSSO,Brasil,5106240,51,33,34,0.36,0.6,Amazônia,4.3
aa7ea530-9ac9-38d4-81c2-7b3bf253e5fd, -13.397050, -65.746220,2026-06-20 17:17:00,NPP-375,Yacuma,El Beni,Bolivia,31,3,28,7,9.46,0.66,,8.3
d88e568e-b0a1-3077-81f3-8a0de57fb7b2, -12.520790, -48.278360,2026-06-20 17:17:00,NPP-375,SÃO SALVADOR DO TOCANTINS,TOCANTINS,Brasil,1720259,17,33,28,0.0,1.0,Cerrado,6.5
f6ae4227-7995-3c46-b2fa-e12233e28b5b, -16.192130, -60.396300,2026-06-20 17:17:00,NPP-375,José Miguel de Velasco,Santa Cruz,Bolivia,85,8,28,0,0.0,0.81,,25.9
35594f3e-ad97-3476-92ff-5de1c6286794, -16.091210, -60.441270,2026-06-20 17:17:00,NPP-375,José Miguel de Velasco,Santa Cruz,Bolivia,85,8,28,0,0.0,0.95,,2.2
d868cafc-5df0-3dd9-a966-6d93d3ee3fa1, -11.635040, -46.439820,2026-06-20 17:17:00,NPP-375,DIANÓPOLIS,TOCANTINS,Brasil,1707009,17,33,23,0.0,1.0,Cerrado,8.7
66b1983d-bb47-3bdb-84af-d92509ef626a, -11.351030, -47.234070,2026-06-20 17:17:00,NPP-375,ALMAS,TOCANTINS,Brasil,1700400,17,33,24,0.0,1.0,Cerrado,2.8
3464769a-6dc3-3379-8c74-a5b2b32243dc, -16.068030, -61.810560,2026-06-20 17:17:00,NPP-375,Ñuflo de Chávez,Santa Cruz,Bolivia,78,8,28,0,0.27,0.14,,3.2
f36ea077-5b48-3dc0-8a9b-dbcf8ab6e066, -10.525010, -46.505990,2026-06-20 17:17:00,NPP-375,MATEIROS,TOCANTINS,Brasil,1712702,17,33,42,0.0,1.0,Cerrado,13.0
b93fbe56-a8ff-38b0-a452-6d54b17752ca, -12.021370, -47.350380,2026-06-20 17:17:00,NPP-375,CONCEIÇÃO DO TOCANTINS,TOCANTINS,Brasil,1705607,17,33,28,0.0,1.0,Cerrado,3.6
ece2dd36-6cb5-38a1-a474-dae24342fe09, -10.842050, -49.120390,2026-06-20 17:17:00,NPP-375,SANTA RITA DO TOCANTINS,TOCANTINS,Brasil,1718899,17,33,49,0.0,1.0,Cerrado,5.5
d9567e7e-faea-367a-aec1-808e73fef7be, -14.298430, -49.151020,2026-06-20 17:17:00,NPP-375,CAMPINORTE,GOIÁS,Brasil,5204706,52,33,28,0.0,1.0,Cerrado,4.7
a9a076d2-396a-392d-8988-00391b331a43, -13.503060, -54.430180,2026-06-20 17:17:00,NPP-375,PARANATINGA,MATO GROSSO,Brasil,5106307,51,33,5,4.68,1.0,Cerrado,5.7
4abb04fd-79b9-3665-9564-f66a5dd20d37, -15.589250, -61.824510,2026-06-20 17:17:00,NPP-375,Ñuflo de Chávez,Santa Cruz,Bolivia,78,8,28,7,0.0,0.36,,12.7
56fa959b-7cc4-30c1-b31c-a51878acd266, -13.918570, -54.077330,2026-06-20 17:17:00,NPP-375,PARANATINGA,MATO GROSSO,Brasil,5106307,51,33,3,5.36,0.62,Cerrado,18.3
804d9731-9b70-3983-8a3c-706ea3b5236c, -12.070340, -48.424080,2026-06-20 17:17:00,NPP-375,PEIXE,TOCANTINS,Brasil,1716604,17,33,28,0.0,1.0,Cerrado,6.4
443302ca-6502-38b8-a448-438cb6a21eab, -13.292830, -64.466240,2026-06-20 17:17:00,NPP-375,Mamoré,El Beni,Bolivia,27,3,28,9,0.0,1.0,,12.5
eba1ec0e-5832-3b17-b25b-c8a7965408b0, -13.065820, -42.741840,2026-06-20 17:17:00,NPP-375,MACAÚBAS,BAHIA,Brasil,2919801,29,33,28,0.0,1.0,Caatinga,4.6
f22e4d52-f421-30ea-b4a9-8bbacc08ed27, -11.150510, -44.123630,2026-06-20 17:17:00,NPP-375,MANSIDÃO,BAHIA,Brasil,2920452,29,33,28,0.0,1.0,Cerrado,20.5
c4e02b81-3c33-3e3c-8172-fe3145771166, -12.568830, -54.773850,2026-06-20 17:17:00,NPP-375,FELIZ NATAL,MATO GROSSO,Brasil,5103700,51,33,16,3.0,0.77,Amazônia,2.9
7229998a-11a4-35fe-8617-841e08c01354, -13.952280, -54.097510,2026-06-20 17:17:00,NPP-375,PARANATINGA,MATO GROSSO,Brasil,5106307,51,33,3,6.86,0.39,Cerrado,3.3
c3420108-9bce-3d62-baec-974ed7c237db, -12.571630, -54.769760,2026-06-20 17:17:00,NPP-375,FELIZ NATAL,MATO GROSSO,Brasil,5103700,51,33,17,2.93,0.79,Amazônia,2.9
a3c58352-462f-3300-93fa-430c8b76ed6b, -11.843820, -47.016020,2026-06-20 17:17:00,NPP-375,DIANÓPOLIS,TOCANTINS,Brasil,1707009,17,33,28,0.0,1.0,Cerrado,7.7
12d4d0ce-edb6-3eab-912c-2cf91b75dd22, -12.521130, -48.278330,2026-06-20 17:17:00,NPP-375,SÃO SALVADOR DO TOCANTINS,TOCANTINS,Brasil,1720259,17,33,28,0.0,1.0,Cerrado,2.9
0fbea976-f910-3691-acfa-7eca0940ebf3, -11.608490, -46.770430,2026-06-20 17:17:00,NPP-375,DIANÓPOLIS,TOCANTINS,Brasil,1707009,17,33,28,0.0,1.0,Cerrado,4.5
80137899-55e5-3cfe-802b-9d1e8317a06b, -12.551440, -54.590790,2026-06-20 17:17:00,NPP-375,NOVA UBIRATÃ,MATO GROSSO,Brasil,5106240,51,33,13,0.21,0.6,Amazônia,4.5
78444fa3-cc01-3bc5-8d78-5c106d3e3b98, -11.219370, -46.392380,2026-06-20 17:17:00,NPP-375,FORMOSA DO RIO PRETO,BAHIA,Brasil,2911105,29,33,28,0.0,1.0,Cerrado,13.0
58dcc8b2-e3f6-3fa5-93b9-37cdf4cd32a6, -13.922430, -54.080370,2026-06-20 17:17:00,NPP-375,PARANATINGA,MATO GROSSO,Brasil,5106307,51,33,3,5.53,0.45,Cerrado,13.6
cb2a8904-ea0b-30a7-8194-05e72de6e236, -13.908590, -54.078910,2026-06-20 17:17:00,NPP-375,PARANATINGA,MATO GROSSO,Brasil,5106307,51,33,3,5.09,0.88,Cerrado,2.5
a222ac7b-8d6c-3bb2-b498-ce192f34ddc6, -13.499720, -54.430700,2026-06-20 17:17:00,NPP-375,PARANATINGA,MATO GROSSO,Brasil,5106307,51,33,4,4.63,1.0,Cerrado,3.4
8d923439-b8a3-3d56-a8ec-75b523a9e930, -12.572170, -54.773320,2026-06-20 17:17:00,NPP-375,FELIZ NATAL,MATO GROSSO,Brasil,5103700,51,33,16,3.05,0.89,Amazônia,2.9
54f50bbf-c1bc-37ec-9f38-67d12eeaf62a, -16.189240, -60.411610,2026-06-20 17:17:00,NPP-375,José Miguel de Velasco,Santa Cruz,Bolivia,85,8,28,0,0.0,1.0,,36.2
1ce8acad-7bd5-347e-bcee-284add7a9890, -12.430370, -54.175000,2026-06-20 17:17:00,NPP-375,NOVA UBIRATÃ,MATO GROSSO,Brasil,5106240,51,33,23,0.72,0.55,Amazônia,26.3
7daa243a-ceb0-3dcf-bad7-1c0585b4fe3d, -16.187510, -60.396950,2026-06-20 17:17:00,NPP-375,José Miguel de Velasco,Santa Cruz,Bolivia,85,8,28,0,0.0,0.71,,25.9
2c4bf13e-2e57-3510-8369-0487dfd2ed3f, -16.265660, -60.001600,2026-06-20 17:17:00,NPP-375,VILA BELA DA SANTÍSSIMA TRINDADE,MATO GROSSO,Brasil,5105507,51,33,1,0.0,0.89,Amazônia,3.9
4643a4d5-0e24-3091-8004-219c4858047e, -15.595000, -61.787380,2026-06-20 17:17:00,NPP-375,Ñuflo de Chávez,Santa Cruz,Bolivia,78,8,28,6,0.0,0.36,,18.4
2b511bfe-e48b-3b51-9b99-57992b309abb, -15.595710, -61.793240,2026-06-20 17:17:00,NPP-375,Ñuflo de Chávez,Santa Cruz,Bolivia,78,8,28,6,0.0,0.36,,11.1
d5a735b2-fedf-3971-a2a2-fca6257f220a, -11.637700, -46.440950,2026-06-20 17:17:00,NPP-375,DIANÓPOLIS,TOCANTINS,Brasil,1707009,17,33,23,0.0,1.0,Cerrado,3.7
4c790f87-6cff-329d-b2dd-7c6de95e1a38, -11.155430, -44.118590,2026-06-20 17:17:00,NPP-375,MANSIDÃO,BAHIA,Brasil,2920452,29,33,28,0.0,1.0,Cerrado,34.2
7d41acc2-a2cb-3f3d-8d30-fdb1251195fd, -13.293310, -64.470440,2026-06-20 17:17:00,NPP-375,Mamoré,El Beni,Bolivia,27,3,28,9,0.0,1.0,,9.3
e514ac11-cf1f-37d8-8f54-f7063b29a81d, -15.594210, -61.785730,2026-06-20 17:17:00,NPP-375,Ñuflo de Chávez,Santa Cruz,Bolivia,78,8,28,6,0.0,0.36,,18.1
68b521b2-678b-3f78-abb1-0937facc3ea4, -13.344580, -66.538950,2026-06-20 17:17:00,NPP-375,José Ballivián,El Beni,Bolivia,26,3,28,7,17.43,0.01,,43.7
d29268e5-5ca5-34b7-8702-991133bc8946, -12.450150, -49.862420,2026-06-20 17:17:00,NPP-375,SANDOLÂNDIA,TOCANTINS,Brasil,1718840,17,33,28,0.0,1.0,Cerrado,2.1
55416044-3306-3335-b7cb-943b66bf85e6, -12.275100, -54.084570,2026-06-20 17:17:00,NPP-375,NOVA UBIRATÃ,MATO GROSSO,Brasil,5106240,51,33,33,0.3,0.6,Amazônia,11.4
2a0bcba3-6995-32ae-983e-7ddaf81c44d8, -16.523490, -62.321210,2026-06-20 17:17:00,NPP-375,Ñuflo de Chávez,Santa Cruz,Bolivia,78,8,28,8,0.0,0.44,,5.5
6a25deaa-e686-3832-b016-ca1464cc9c3a, -13.455960, -65.361890,2026-06-20 17:17:00,NPP-375,Yacuma,El Beni,Bolivia,31,3,28,7,6.16,0.35,,5.5
94162d36-6323-3d29-8830-1246c92be239, -13.149410, -64.495040,2026-06-20 17:17:00,NPP-375,Mamoré,El Beni,Bolivia,27,3,28,3,0.1,0.96,,2.8
ffcecc57-7554-38e1-87cd-5ce03f2b1f9f, -11.628070, -46.443050,2026-06-20 17:17:00,NPP-375,DIANÓPOLIS,TOCANTINS,Brasil,1707009,17,33,23,0.0,1.0,Cerrado,17.8
e5a75681-90e1-3477-82fe-1a5656ffad46, -11.632880, -46.441980,2026-06-20 17:17:00,NPP-375,DIANÓPOLIS,TOCANTINS,Brasil,1707009,17,33,23,0.0,1.0,Cerrado,17.8
3061de59-67c0-30d9-bd09-2396957bac2e, -12.071020, -48.427990,2026-06-20 17:17:00,NPP-375,PEIXE,TOCANTINS,Brasil,1716604,17,33,28,0.0,1.0,Cerrado,3.9
abd680b5-5b40-3adf-92bf-c4714d299565, -15.597170, -61.805280,2026-06-20 17:17:00,NPP-375,Ñuflo de Chávez,Santa Cruz,Bolivia,78,8,28,7,0.0,0.37,,9.6
f00736b1-fdbc-3d6f-8d64-bd0cbd8f92e6, -15.599370, -61.823410,2026-06-20 17:17:00,NPP-375,Ñuflo de Chávez,Santa Cruz,Bolivia,78,8,28,8,0.0,0.37,,8.8
15c1202b-de0f-313b-9424-eecd8f09aeff, -13.525870, -52.170640,2026-06-20 17:17:00,NPP-375,CANARANA,MATO GROSSO,Brasil,5102702,51,33,25,0.1,1.0,Cerrado,28.6
ad5e09dd-400b-30ef-9bf9-529554c57148, -12.322420, -41.088730,2026-06-20 17:17:00,NPP-375,LAJEDINHO,BAHIA,Brasil,2919009,29,33,16,0.0,1.0,Caatinga,6.6
619c14dd-9124-359f-9e4f-e7bee4b579cd, -15.594300, -61.781560,2026-06-20 17:17:00,NPP-375,Ñuflo de Chávez,Santa Cruz,Bolivia,78,8,28,6,0.0,0.36,,18.4
4db7b3d3-2ac0-3859-9d69-0c3c70259ff3, -13.500260, -54.434270,2026-06-20 17:17:00,NPP-375,PARANATINGA,MATO GROSSO,Brasil,5106307,51,33,4,4.78,1.0,Cerrado,3.4
25caade8-de13-3f60-aa38-186db5b3ef26, -13.343950, -66.533130,2026-06-20 17:17:00,NPP-375,José Ballivián,El Beni,Bolivia,26,3,28,7,17.66,0.03,,43.7
11cb19b6-c700-312c-9314-5349b6cf2fe7, -13.394580, -65.744230,2026-06-20 17:17:00,NPP-375,Yacuma,El Beni,Bolivia,31,3,28,7,9.2,0.68,,8.7
7fef7773-cad6-3978-a6ad-b57f560e29bd, -12.734160, -54.732300,2026-06-20 17:17:00,NPP-375,NOVA UBIRATÃ,MATO GROSSO,Brasil,5106240,51,33,32,2.36,0.36,Amazônia,4.0
9af38b38-e9b8-3e1c-a7f7-542b15f9dbbc, -13.325210, -64.074680,2026-06-20 17:17:00,NPP-375,Vaca Díez,El Beni,Bolivia,30,3,28,1,0.0,0.92,,5.4
53517d33-4925-374e-806f-1e5261eb63dc, -13.921890, -54.076810,2026-06-20 17:17:00,NPP-375,PARANATINGA,MATO GROSSO,Brasil,5106307,51,33,3,5.45,0.54,Cerrado,13.6
20c266b5-6e5a-3a7a-866e-1a518fdf2460, -12.427580, -54.179060,2026-06-20 17:17:00,NPP-375,NOVA UBIRATÃ,MATO GROSSO,Brasil,5106240,51,33,24,0.77,0.55,Amazônia,17.0
01fbd8c4-4b5d-34b8-af54-8581a8670106, -15.587490, -61.816780,2026-06-20 17:17:00,NPP-375,Ñuflo de Chávez,Santa Cruz,Bolivia,78,8,28,7,0.0,0.36,,19.0
75b97f1e-59c2-3abd-afe3-0f87a5616c48, -12.888870, -58.179970,2026-06-20 17:17:00,NPP-375,BRASNORTE,MATO GROSSO,Brasil,5101902,51,33,0,0.76,0.29,Cerrado,5.9
b6f00190-9445-3385-992e-6574afd0693c, -10.833170, -49.118050,2026-06-20 17:17:00,NPP-375,SANTA RITA DO TOCANTINS,TOCANTINS,Brasil,1718899,17,33,46,0.0,1.0,Cerrado,61.0
fcd28f7f-cb9e-3494-ac6d-3ba9bdfd5cd6, -16.180740, -60.404580,2026-06-20 17:17:00,NPP-375,José Miguel de Velasco,Santa Cruz,Bolivia,85,8,28,0,0.0,0.82,,64.7
d2ce2a79-312b-313a-8c53-fada77b77981, -13.910840, -54.071270,2026-06-20 17:17:00,NPP-375,PARANATINGA,MATO GROSSO,Brasil,5106307,51,33,3,5.0,0.97,Cerrado,4.7
e638e06f-bea4-3261-a94e-7184bf1a9d33, -12.810820, -54.855800,2026-06-20 17:17:00,NPP-375,NOVA UBIRATÃ,MATO GROSSO,Brasil,5106240,51,33,6,3.46,0.4,Cerrado,2.7
a56bc353-fcc8-3c80-8ef8-8d4737efa94d, -15.588180, -61.822880,2026-06-20 17:17:00,NPP-375,Ñuflo de Chávez,Santa Cruz,Bolivia,78,8,28,7,0.0,0.36,,14.2
1c10e392-901e-34e9-9f1e-1bdba0e39d6f, -15.956470, -61.235170,2026-06-20 17:17:00,NPP-375,José Miguel de Velasco,Santa Cruz,Bolivia,85,8,28,10,0.0,0.55,,14.4
c277e9ce-c80e-3588-80df-c28098cee65a, -14.097420, -64.834470,2026-06-20 17:17:00,NPP-375,Cercado,El Beni,Bolivia,25,3,28,7,1.76,0.54,,5.1
c328e8e9-2cbe-3c13-bc2f-bd52822377fb, -12.545310, -54.595380,2026-06-20 17:17:00,NPP-375,NOVA UBIRATÃ,MATO GROSSO,Brasil,5106240,51,33,13,0.2,0.61,Amazônia,2.8
ed6abdd7-6b7d-32ab-af38-aad8786405ac, -12.907350, -47.079740,2026-06-20 17:17:00,NPP-375,ARRAIAS,TOCANTINS,Brasil,1702406,17,33,28,0.0,1.0,Cerrado,5.9
0edec0d2-9697-37f1-8301-d2a7f2852625, -12.437870, -58.397480,2026-06-20 17:17:00,NPP-375,BRASNORTE,MATO GROSSO,Brasil,5101902,51,33,0,0.1,0.04,Cerrado,11.3
66429b62-42e1-3a8f-9e6f-9e88c3b231eb, -12.551970, -54.594340,2026-06-20 17:17:00,NPP-375,NOVA UBIRATÃ,MATO GROSSO,Brasil,5106240,51,33,13,0.23,0.6,Amazônia,4.5
f3846527-d2dc-3063-a27d-3d146d8cdc4e, -12.574430, -54.765680,2026-06-20 17:17:00,NPP-375,FELIZ NATAL,MATO GROSSO,Brasil,5103700,51,33,17,2.86,0.98,Amazônia,3.3
e5ddf64c-88c2-38df-bfaa-fc8f3d6fe18b, -16.483040, -62.478810,2026-06-20 17:17:00,NPP-375,Ñuflo de Chávez,Santa Cruz,Bolivia,78,8,28,0,0.1,0.67,,2.5
d5fa0881-9455-3e3e-87ba-b3398a45c868, -13.293790, -64.474620,2026-06-20 17:17:00,NPP-375,Mamoré,El Beni,Bolivia,27,3,28,9,0.0,1.0,,9.3
d3b7a5c5-7062-346f-a810-c8656bdffb29, -16.188080, -60.401800,2026-06-20 17:17:00,NPP-375,José Miguel de Velasco,Santa Cruz,Bolivia,85,8,28,0,0.0,0.81,,81.8
8c3e1b28-7ab1-35c0-9405-df7de15cb7eb, -11.352610, -47.232660,2026-06-20 17:17:00,NPP-375,ALMAS,TOCANTINS,Brasil,1700400,17,33,24,0.0,1.0,Cerrado,4.5
333bb764-12dd-37dd-b1ab-ce0dc88d219a, -15.587790, -61.812350,2026-06-20 17:17:00,NPP-375,Ñuflo de Chávez,Santa Cruz,Bolivia,78,8,28,7,0.0,0.36,,29.0
054d4076-88ef-306c-870e-2c49e24f452b, -12.811360, -54.859380,2026-06-20 17:17:00,NPP-375,NOVA UBIRATÃ,MATO GROSSO,Brasil,5106240,51,33,6,3.53,0.24,Cerrado,2.7
916e64cf-2113-3253-b2e2-81038e8a76c4, -16.178840, -60.403060,2026-06-20 17:17:00,NPP-375,José Miguel de Velasco,Santa Cruz,Bolivia,85,8,28,0,0.0,0.76,,65.1
59ff668b-1936-3691-af66-8a81268e1b04, -11.937010, -43.385400,2026-06-20 17:17:00,NPP-375,MUQUÉM DO SÃO FRANCISCO,BAHIA,Brasil,2922250,29,33,23,0.0,1.0,Cerrado,8.4
0c1c3222-fe13-3246-8ae3-0d08255c7c7d, -13.956150, -54.100540,2026-06-20 17:17:00,NPP-375,PARANATINGA,MATO GROSSO,Brasil,5106307,51,33,3,7.04,0.46,Cerrado,2.6
b6d4ded9-a9a9-33a8-84ea-0731304c3327, -12.808010, -54.859890,2026-06-20 17:17:00,NPP-375,NOVA UBIRATÃ,MATO GROSSO,Brasil,5106240,51,33,6,3.57,0.22,Cerrado,5.2
f698c5ca-c257-3dc4-a78a-1f435ca35c33, -13.503590, -54.433750,2026-06-20 17:17:00,NPP-375,PARANATINGA,MATO GROSSO,Brasil,5106307,51,33,5,4.83,1.0,Cerrado,5.7
f6eec4d6-f466-3df1-92c4-aaeb5e604c81, -15.596240, -61.803600,2026-06-20 17:17:00,NPP-375,Ñuflo de Chávez,Santa Cruz,Bolivia,78,8,28,7,0.0,0.36,,6.3
eb4195dd-2a11-39cc-9299-30a64c758fdf, -12.079490, -54.601300,2026-06-20 17:17:00,NPP-375,FELIZ NATAL,MATO GROSSO,Brasil,5103700,51,33,9,0.5,0.55,Amazônia,1.7
003da7dd-87c9-357d-b52b-ae842906fadf, -16.523850, -62.324520,2026-06-20 17:17:00,NPP-375,Ñuflo de Chávez,Santa Cruz,Bolivia,78,8,28,8,0.0,0.59,,4.4
71a939f7-c737-389d-b32d-2fe6dfbe7520, -15.594870, -61.791590,2026-06-20 17:17:00,NPP-375,Ñuflo de Chávez,Santa Cruz,Bolivia,78,8,28,6,0.0,0.36,,18.1
5cdae410-09b6-3273-9bf4-8d78361a3ca6, -12.272320, -54.088630,2026-06-20 17:17:00,NPP-375,NOVA UBIRATÃ,MATO GROSSO,Brasil,5106240,51,33,33,0.3,0.6,Amazônia,11.0
64b2c81d-6682-3f57-b443-e4b57f9c4fd1, -12.268450, -54.085620,2026-06-20 17:17:00,NPP-375,NOVA UBIRATÃ,MATO GROSSO,Brasil,5106240,51,33,34,0.3,0.6,Amazônia,11.0
8eeaf373-93c7-3bc2-8bd7-dad3730db53b, -11.162920, -48.802610,2026-06-20 17:17:00,NPP-375,CRIXÁS DO TOCANTINS,TOCANTINS,Brasil,1706258,17,33,42,0.0,1.0,Cerrado,5.2
d38c26ef-ba82-3b9a-b6eb-b3af90e91fab, -13.149720, -64.494240,2026-06-20 17:17:00,NPP-375,Mamoré,El Beni,Bolivia,27,3,28,3,0.1,0.96,,3.2
6dc60bc7-76e9-3576-ac36-88fd8a12efe8, -11.631900, -46.436550,2026-06-20 17:17:00,NPP-375,DIANÓPOLIS,TOCANTINS,Brasil,1707009,17,33,23,0.0,1.0,Cerrado,36.6
89e8c738-fd1a-3acd-b458-fa3eae782744, -11.149750, -44.119690,2026-06-20 17:17:00,NPP-375,MANSIDÃO,BAHIA,Brasil,2920452,29,33,28,0.0,1.0,Cerrado,34.2
22b31139-c067-392c-b6bd-ca01811d92f3, -11.613220, -46.769470,2026-06-20 17:17:00,NPP-375,DIANÓPOLIS,TOCANTINS,Brasil,1707009,17,33,28,0.0,0.99,Cerrado,4.5
e32687f1-614b-3be5-9267-b3ed684a4042, -11.840070, -47.021820,2026-06-20 17:17:00,NPP-375,DIANÓPOLIS,TOCANTINS,Brasil,1707009,17,33,28,0.0,1.0,Cerrado,11.4
a5c90409-6deb-3a63-8bbb-6dbffb5df830, -12.960820, -58.319640,2026-06-20 17:17:00,NPP-375,SAPEZAL,MATO GROSSO,Brasil,5107875,51,33,0,0.4,0.11,Cerrado,0.3
3a04679b-f807-3935-a218-6340e23d1852, -11.342540, -47.229600,2026-06-20 17:17:00,NPP-375,ALMAS,TOCANTINS,Brasil,1700400,17,33,24,0.0,1.0,Cerrado,6.6
055d1914-53d9-3b59-a630-2d197b361ff6, -13.396500, -65.741090,2026-06-20 17:17:00,NPP-375,Yacuma,El Beni,Bolivia,31,3,28,7,9.26,0.67,,8.3
6ad8d16f-8d11-319c-84fe-6e4f73af5cd2, -11.952850, -46.746640,2026-06-20 17:17:00,NPP-375,NOVO JARDIM,TOCANTINS,Brasil,1715259,17,33,23,0.0,1.0,Cerrado,6.3
9ab5447c-2cea-3d96-badf-e62a8f85f650, -11.623250, -46.444080,2026-06-20 17:17:00,NPP-375,DIANÓPOLIS,TOCANTINS,Brasil,1707009,17,33,23,0.0,1.0,Cerrado,19.8
f62c583d-ab09-3bbf-8591-2040ffec4cc4, -11.953780, -46.751670,2026-06-20 17:17:00,NPP-375,NOVO JARDIM,TOCANTINS,Brasil,1715259,17,33,23,0.0,1.0,Cerrado,6.3
f936bfc0-bf9c-3987-87ef-81f4d6afffbf, -12.268990, -54.089160,2026-06-20 17:17:00,NPP-375,NOVA UBIRATÃ,MATO GROSSO,Brasil,5106240,51,33,34,0.3,0.6,Amazônia,11.0
19ac355c-42ed-358e-885c-713f6efe22c6, -11.613090, -46.766480,2026-06-20 17:17:00,NPP-375,DIANÓPOLIS,TOCANTINS,Brasil,1707009,17,33,28,0.0,0.89,Cerrado,5.7
195defbe-f7ac-3e8c-8e6d-6ce8da1db7e1, -13.400910, -65.743570,2026-06-20 17:17:00,NPP-375,Yacuma,El Beni,Bolivia,31,3,28,7,9.69,0.63,,8.7
646af3c6-63b0-3423-9c93-b9efa2f4efc6, -10.838590, -49.124810,2026-06-20 17:17:00,NPP-375,SANTA RITA DO TOCANTINS,TOCANTINS,Brasil,1718899,17,33,48,0.0,1.0,Cerrado,54.9
5b376ff4-b652-35d7-8b11-62aa602a1a13, -12.271770, -54.085100,2026-06-20 17:17:00,NPP-375,NOVA UBIRATÃ,MATO GROSSO,Brasil,5106240,51,33,33,0.3,0.6,Amazônia,11.0
2876170d-7c3d-38f4-b90d-76514473c14e, -13.529270, -52.170070,2026-06-20 17:17:00,NPP-375,CANARANA,MATO GROSSO,Brasil,5102702,51,33,24,0.1,1.0,Cerrado,3.7
43e197af-5058-376e-bcb7-fe3a1d1215c3, -12.020840, -47.349580,2026-06-20 17:17:00,NPP-375,CONCEIÇÃO DO TOCANTINS,TOCANTINS,Brasil,1705607,17,33,28,0.0,1.0,Cerrado,3.9
15bf0662-87b5-3c48-a905-bc1c7534948e, -12.807470, -54.856310,2026-06-20 17:17:00,NPP-375,NOVA UBIRATÃ,MATO GROSSO,Brasil,5106240,51,33,6,3.51,0.29,Cerrado,5.2
9a44f6c6-b543-350a-a234-feef38315b0a, -11.839190, -47.016900,2026-06-20 17:17:00,NPP-375,DIANÓPOLIS,TOCANTINS,Brasil,1707009,17,33,28,0.0,1.0,Cerrado,7.7
f94bb7b5-c95e-3a01-9aff-86e01e1f7bff, -10.837280, -49.117350,2026-06-20 17:17:00,NPP-375,SANTA RITA DO TOCANTINS,TOCANTINS,Brasil,1718899,17,33,48,0.0,1.0,Cerrado,61.0
20452d3c-ecb8-3044-8383-bcac3538df44, -12.226040, -57.283240,2026-06-20 17:17:00,NPP-375,NOVA MARINGÁ,MATO GROSSO,Brasil,5108907,51,33,20,2.48,0.17,Amazônia,5.3
7a50557c-bbe6-3fd7-80a9-9cbfb90dab72, -16.183460, -60.402430,2026-06-20 17:17:00,NPP-375,José Miguel de Velasco,Santa Cruz,Bolivia,85,8,28,0,0.0,0.74,,65.1
b3741b8a-043f-3732-9462-86ab63992cda, -16.181350, -60.409480,2026-06-20 17:17:00,NPP-375,José Miguel de Velasco,Santa Cruz,Bolivia,85,8,28,0,0.0,0.99,,31.2
7e8d5ebd-a261-341c-943f-7b2dad9af706, -12.161090, -46.676380,2026-06-20 17:17:00,NPP-375,PONTE ALTA DO BOM JESUS,TOCANTINS,Brasil,1717800,17,33,28,0.0,1.0,Cerrado,10.8
88e7e3eb-4bd7-3d1b-99a0-22beb35d2ada, -13.370980, -44.708390,2026-06-20 17:17:00,NPP-375,CORRENTINA,BAHIA,Brasil,2909307,29,33,28,0.0,1.0,Cerrado,3.8
79e7f7da-1dfa-3a3e-97fa-a34d897b0152, -13.348810, -66.536750,2026-06-20 17:17:00,NPP-375,José Ballivián,El Beni,Bolivia,26,3,28,7,17.52,0.02,,9.5
f51fe669-67ca-3486-a138-fc647c545a63, -13.348210, -66.530940,2026-06-20 17:17:00,NPP-375,José Ballivián,El Beni,Bolivia,26,3,28,7,17.75,0.03,,9.1
69ce3b04-b0bf-39a2-8624-2ec5003ad48f, -13.371620, -44.711730,2026-06-20 17:17:00,NPP-375,CORRENTINA,BAHIA,Brasil,2909307,29,33,28,0.0,1.0,Cerrado,3.8
04b01d25-e23c-3c30-b3e4-0dec5e64991c, -13.343320, -66.527340,2026-06-20 17:17:00,NPP-375,José Ballivián,El Beni,Bolivia,26,3,28,7,17.88,0.03,,43.2
a2c4db54-8a57-3702-b47d-de404c50a7df, -11.038710, -47.035950,2026-06-20 17:17:00,NPP-375,PONTE ALTA DO TOCANTINS,TOCANTINS,Brasil,1717909,17,33,28,0.0,1.0,Cerrado,3.1
1e8013ec-38d3-30d5-82fe-af4f48f78fce, -12.320860, -41.093030,2026-06-20 17:17:00,NPP-375,LAJEDINHO,BAHIA,Brasil,2919009,29,33,16,0.0,1.0,Caatinga,5.6
11563247-83cb-3910-a0fd-56b0156ff32d, -11.627080, -46.437580,2026-06-20 17:17:00,NPP-375,DIANÓPOLIS,TOCANTINS,Brasil,1707009,17,33,23,0.0,1.0,Cerrado,36.6
41ba4f21-ef6e-365a-8f85-1db671319970, -12.655820, -47.682270,2026-06-20 17:17:00,NPP-375,PARANÃ,TOCANTINS,Brasil,1716208,17,33,58,0.0,1.0,Cerrado,4.3
af0b4f9f-74ba-3464-adf1-ef3cddc7e48c, -16.179420, -60.407980,2026-06-20 17:17:00,NPP-375,José Miguel de Velasco,Santa Cruz,Bolivia,85,8,28,0,0.0,0.94,,65.1
79f7a05c-05ca-399c-b12e-010458a1eeac, -13.916950, -54.066650,2026-06-20 17:17:00,NPP-375,PARANATINGA,MATO GROSSO,Brasil,5106307,51,33,3,5.1,0.95,Cerrado,3.0
26933bba-0eb3-312d-9d61-d1ec62b80b48, -12.660200, -47.681470,2026-06-20 17:17:00,NPP-375,PARANÃ,TOCANTINS,Brasil,1716208,17,33,58,0.0,1.0,Cerrado,10.2
61a5034c-6029-3904-a046-b53c801bb5e4, -15.598300, -61.821760,2026-06-20 17:17:00,NPP-375,Ñuflo de Chávez,Santa Cruz,Bolivia,78,8,28,8,0.0,0.37,,6.2
e2faff16-fd74-3da5-8c5a-035b94b68d0e, -13.370750, -44.710580,2026-06-20 17:17:00,NPP-375,CORRENTINA,BAHIA,Brasil,2909307,29,33,28,0.0,1.0,Cerrado,7.3
cd5c20a7-9aae-3314-9843-2ffeb62a9ab1, -15.596440, -61.799220,2026-06-20 17:17:00,NPP-375,Ñuflo de Chávez,Santa Cruz,Bolivia,78,8,28,7,0.0,0.36,,11.1
9c3bd6e5-fca0-32f3-8970-d523e5216d69, -13.918030, -54.073770,2026-06-20 17:17:00,NPP-375,PARANATINGA,MATO GROSSO,Brasil,5106307,51,33,3,5.27,0.75,Cerrado,4.1
dbc63431-5b43-3b10-a978-1274c6a75c6a, -12.804670, -54.860410,2026-06-20 17:17:00,NPP-375,NOVA UBIRATÃ,MATO GROSSO,Brasil,5106240,51,33,6,3.61,0.22,Cerrado,5.2
eef2d278-d3b7-34e8-9d61-9e1b3699f61d, -13.949500, -54.101600,2026-06-20 17:17:00,NPP-375,PARANATINGA,MATO GROSSO,Brasil,5106307,51,33,3,6.87,0.4,Cerrado,2.3
40a57d5e-9e04-328a-aa80-348a4eb6de87, -10.833830, -49.121780,2026-06-20 17:17:00,NPP-375,SANTA RITA DO TOCANTINS,TOCANTINS,Brasil,1718899,17,33,46,0.0,1.0,Cerrado,54.9
c88c509b-bd0b-352c-99fa-468359a54a02, -12.066810, -48.428750,2026-06-20 17:17:00,NPP-375,PEIXE,TOCANTINS,Brasil,1716604,17,33,28,0.0,1.0,Cerrado,6.6
a8002667-40d1-325e-837e-9d54d9fcce8a, -14.353720, -53.190880,2026-06-20 17:17:00,NPP-375,CAMPINÁPOLIS,MATO GROSSO,Brasil,5102603,51,33,28,0.21,1.0,Cerrado,3.6
96e08d4e-ed49-33ca-9276-6bbb5c2a632d, -12.272860, -54.092160,2026-06-20 17:17:00,NPP-375,NOVA UBIRATÃ,MATO GROSSO,Brasil,5106240,51,33,34,0.32,0.6,Amazônia,4.3
8cbabe8e-e911-3420-9990-5e33a233b57f, -16.178800, -60.405500,2026-06-20 17:20:00,GOES-19,José Miguel de Velasco,Santa Cruz,Bolivia,85,8,28,0,0.0,0.85,,193.0
0cf1f44a-9def-3141-92c1-d224863ef77c, -16.918700, -60.376800,2026-06-20 17:20:00,GOES-19,José Miguel de Velasco,Santa Cruz,Bolivia,85,8,28,10,2.88,0.37,,79.2
c25221b7-6df1-3b28-8f12-190f03bf6cd8, -16.918900, -60.356800,2026-06-20 17:20:00,GOES-19,José Miguel de Velasco,Santa Cruz,Bolivia,85,8,28,9,3.18,0.34,,83.1
f05ce172-3c99-3669-973d-3a9009b5f09e,   3.365700, -72.156900,2026-06-20 17:20:00,GOES-19,Mapiripán,Meta,Colombia,697,20,53,0,11.68,0.0,,92.1
77463b5e-9be6-3159-9149-c37fc56f7fd6, -16.879800, -60.360500,2026-06-20 17:20:00,GOES-19,José Miguel de Velasco,Santa Cruz,Bolivia,85,8,28,10,2.39,0.41,,78.2
6dc7eee5-74c4-3380-82d6-35bd4860ce7b, -18.351600, -59.078500,2026-06-20 17:20:00,GOES-19,Chiquitos,Santa Cruz,Bolivia,80,8,28,0,0.0,0.44,,100.0
f9dc6876-8eb4-363d-a039-f344ee5f3407,  -5.812800, -45.102600,2026-06-20 17:20:00,GOES-19,BARRA DO CORDA,MARANHÃO,Brasil,2101608,21,33,7,0.0,0.91,Cerrado,124.3
70d19020-7ac6-3824-8a3f-1148d3192abb, -13.343400, -66.534000,2026-06-20 17:20:00,GOES-19,José Ballivián,El Beni,Bolivia,26,3,28,7,17.62,0.03,,154.1
10120691-dd75-305b-8aa9-dc9084ec6931,  -5.831700, -45.078600,2026-06-20 17:20:00,GOES-19,BARRA DO CORDA,MARANHÃO,Brasil,2101608,21,33,5,0.0,0.93,Cerrado,99.1
ccb85719-74c4-3b0d-9caf-14c9e56f963d,  -5.813200, -45.057300,2026-06-20 17:20:00,GOES-19,BARRA DO CORDA,MARANHÃO,Brasil,2101608,21,33,3,0.0,0.91,Cerrado,164.7
bdf37809-e8cf-3e9d-92eb-2ac654c90f34, -16.198200, -60.403700,2026-06-20 17:20:00,GOES-19,José Miguel de Velasco,Santa Cruz,Bolivia,85,8,28,0,0.0,1.0,,127.1
3e7d3480-0dff-3637-a04f-0fbb6828eea2, -16.879600, -60.380500,2026-06-20 17:20:00,GOES-19,José Miguel de Velasco,Santa Cruz,Bolivia,85,8,28,10,2.24,0.42,,80.7
70bbee57-5129-349d-b4e4-bda57498e47d, -16.899400, -60.358600,2026-06-20 17:20:00,GOES-19,José Miguel de Velasco,Santa Cruz,Bolivia,85,8,28,9,2.8,0.37,,237.7
f2307660-f4c7-3552-be8f-5ebfd9ca79d0, -18.332100, -59.060300,2026-06-20 17:20:00,GOES-19,Chiquitos,Santa Cruz,Bolivia,80,8,28,1,0.0,0.45,,100.3
76308b10-015d-3d65-9636-43dbff0a0a89, -16.899100, -60.378600,2026-06-20 17:20:00,GOES-19,José Miguel de Velasco,Santa Cruz,Bolivia,85,8,28,10,2.55,0.39,,233.8
c1e11c53-e678-32d9-9ab6-09b6f39f5b92,  -5.817620, -45.066160,2026-06-20 17:20:00,NPP-375,BARRA DO CORDA,MARANHÃO,Brasil,2101608,21,33,4,0.0,0.9,Cerrado,241.9
5f4deb86-95a3-3d6e-8384-91b4d602ff99,  -7.799110, -45.881910,2026-06-20 17:20:00,NPP-375,BALSAS,MARANHÃO,Brasil,2101400,21,33,5,0.0,0.92,Cerrado,3.2
aedfd51f-daf9-3383-9e9f-eae963bd9b25,  -8.253740, -61.765090,2026-06-20 17:20:00,NPP-375,MANICORÉ,AMAZONAS,Brasil,1302702,13,33,0,0.0,0.88,Amazônia,14.8
eef9d2ba-4117-383c-b666-fb919e2f2557, -11.623480, -55.186290,2026-06-20 17:20:00,NPP-375,CLÁUDIA,MATO GROSSO,Brasil,5103056,51,33,7,1.1,0.48,Amazônia,5.0
71ea2a44-f24f-3dd5-9756-90a9f4df9ad5,  -6.848250, -47.916360,2026-06-20 17:20:00,NPP-375,WANDERLÂNDIA,TOCANTINS,Brasil,1722081,17,33,3,0.0,0.97,Cerrado,7.8
a11934e8-c95f-3910-b912-815cd1eee31a,  -9.639410, -46.079660,2026-06-20 17:20:00,NPP-375,ALTO PARNAÍBA,MARANHÃO,Brasil,2100501,21,33,30,0.0,1.0,Cerrado,1.1
2ea0a406-82de-3c0d-8f39-17a624f47ef4,  -5.819720, -45.078350,2026-06-20 17:20:00,NPP-375,BARRA DO CORDA,MARANHÃO,Brasil,2101608,21,33,5,0.0,0.91,Cerrado,135.7
a03c291c-93f1-3dd0-a5c9-15b7ab571935,  -8.214040, -61.783080,2026-06-20 17:20:00,NPP-375,MANICORÉ,AMAZONAS,Brasil,1302702,13,33,0,0.0,0.93,Amazônia,11.4
0b92976e-40fc-3de7-8ba3-ef97238478ad,  -7.187480, -47.839380,2026-06-20 17:20:00,NPP-375,BABAÇULÂNDIA,TOCANTINS,Brasil,1703008,17,33,20,0.0,0.99,Cerrado,5.4
baeff293-70fd-33e2-a806-3855520b9de5,  -6.839090, -47.920900,2026-06-20 17:20:00,NPP-375,WANDERLÂNDIA,TOCANTINS,Brasil,1722081,17,33,3,0.0,0.97,Cerrado,63.8
87c1ef5e-dca2-3df9-9b1f-aa7a15deb772, -11.310510, -54.724090,2026-06-20 17:20:00,NPP-375,CLÁUDIA,MATO GROSSO,Brasil,5103056,51,33,9,1.16,0.42,Amazônia,9.2
7b631d93-d25b-3552-a576-16e3f6832cd0,  -7.188390, -46.555300,2026-06-20 17:20:00,NPP-375,RIACHÃO,MARANHÃO,Brasil,2109502,21,33,34,0.0,1.0,Cerrado,4.0
10d09da3-2f9c-34e8-ac9b-29923a511864,  -7.023640, -45.255890,2026-06-20 17:20:00,NPP-375,LORETO,MARANHÃO,Brasil,2106102,21,33,22,0.0,1.0,Cerrado,7.8
54c011bb-a1f7-3bfe-9618-9f3980e01345,  -6.505370, -42.208270,2026-06-20 17:20:00,NPP-375,VÁRZEA GRANDE,PIAUÍ,Brasil,2211407,22,33,36,0.0,0.99,Caatinga,5.6
0ef92228-6288-316a-954f-884aaa410a68,  -6.834890, -47.924050,2026-06-20 17:20:00,NPP-375,WANDERLÂNDIA,TOCANTINS,Brasil,1722081,17,33,3,0.0,0.97,Cerrado,5.1
51d994eb-41ff-39de-b13a-2c8fa510c336,  -8.222900, -61.741520,2026-06-20 17:20:00,NPP-375,MANICORÉ,AMAZONAS,Brasil,1302702,13,33,0,0.0,0.9,Amazônia,6.6
8899c879-6f01-395f-9269-0ab9d5c26a05,  -5.816970, -45.073820,2026-06-20 17:20:00,NPP-375,BARRA DO CORDA,MARANHÃO,Brasil,2101608,21,33,4,0.0,0.9,Cerrado,199.4
dd9c571a-f207-3481-87b6-0d39138a4081,  -5.811800, -45.067410,2026-06-20 17:20:00,NPP-375,BARRA DO CORDA,MARANHÃO,Brasil,2101608,21,33,4,0.0,0.89,Cerrado,25.1
7647cd37-e920-3678-9590-5891cb9237a7, -12.569420, -66.748750,2026-06-20 17:20:00,NPP-375,José Ballivián,El Beni,Bolivia,26,3,28,7,0.79,0.54,,5.2
150c7af5-6f9f-30a5-9ff8-e148bc0c6dc7, -12.260970, -66.124050,2026-06-20 17:20:00,NPP-375,Yacuma,El Beni,Bolivia,31,3,28,8,0.1,0.99,,7.9
9a746ff2-9fa4-38ef-80bf-62729a2a6611,  -6.838750, -47.918100,2026-06-20 17:20:00,NPP-375,WANDERLÂNDIA,TOCANTINS,Brasil,1722081,17,33,3,0.0,0.97,Cerrado,40.5
c6169488-3492-3aca-a7b6-7a531de49f3d,  -9.201610, -58.046040,2026-06-20 17:20:00,NPP-375,APIACÁS,MATO GROSSO,Brasil,5100805,51,33,1,0.0,0.24,Amazônia,3.0
61f34bc6-960e-3d8f-86cd-2007066d6d62,  -8.201090, -61.789480,2026-06-20 17:20:00,NPP-375,MANICORÉ,AMAZONAS,Brasil,1302702,13,33,0,0.0,0.94,Amazônia,14.7
a39f905b-9cda-3f8f-ab8c-13588a4a7031,  -8.213400, -61.778510,2026-06-20 17:20:00,NPP-375,MANICORÉ,AMAZONAS,Brasil,1302702,13,33,0,0.0,0.93,Amazônia,7.0
8c886012-4d89-3609-b97a-71a593af2147,  -8.228020, -61.745400,2026-06-20 17:20:00,NPP-375,MANICORÉ,AMAZONAS,Brasil,1302702,13,33,0,0.0,0.9,Amazônia,5.9
9b93aae1-e354-326a-a00c-bd769914e643,  -5.962910, -43.490580,2026-06-20 17:20:00,NPP-375,LAGOA DO MATO,MARANHÃO,Brasil,2105922,21,33,2,0.0,0.11,Cerrado,7.7
694492bf-4ea3-3cc0-9494-b7435cd58932,  -7.204800, -47.506290,2026-06-20 17:20:00,NPP-375,CAROLINA,MARANHÃO,Brasil,2102804,21,33,2,0.0,0.69,Cerrado,6.5
4474929f-0db5-3275-b15c-e6b3e2f34fc0,  -5.812500, -45.071490,2026-06-20 17:20:00,NPP-375,BARRA DO CORDA,MARANHÃO,Brasil,2101608,21,33,4,0.0,0.89,Cerrado,25.1
783e241c-3a01-33ec-a36f-da69f70ec8ed,  -8.274360, -61.780880,2026-06-20 17:20:00,NPP-375,MANICORÉ,AMAZONAS,Brasil,1302702,13,33,0,0.0,0.86,Amazônia,6.8
73aa3fa7-31eb-398d-b291-6d560b2ddc76,  -5.797720, -45.125310,2026-06-20 17:20:00,NPP-375,BARRA DO CORDA,MARANHÃO,Brasil,2101608,21,33,7,0.0,0.9,Cerrado,5.6
a7865e95-9447-3906-b133-b0325f237740,  -8.227610, -61.748710,2026-06-20 17:20:00,NPP-375,MANICORÉ,AMAZONAS,Brasil,1302702,13,33,0,0.0,0.9,Amazônia,3.3
64652bea-f6b1-3561-bcf0-817f3f0b7fc5, -12.576080, -66.748020,2026-06-20 17:20:00,NPP-375,José Ballivián,El Beni,Bolivia,26,3,28,7,0.94,0.71,,5.8
77086ded-bf35-3b33-a539-4d14d1c66eba,  -8.972620, -46.611150,2026-06-20 17:20:00,NPP-375,BALSAS,MARANHÃO,Brasil,2101400,21,33,56,0.0,1.0,Cerrado,6.3
8dc51137-ac55-3236-bba0-3b76e187664f, -11.307720, -54.728140,2026-06-20 17:20:00,NPP-375,CLÁUDIA,MATO GROSSO,Brasil,5103056,51,33,9,1.23,0.42,Amazônia,24.1
f4cf760b-bb56-3d5b-b4f1-2c268dcf61d1, -12.465860, -67.245480,2026-06-20 17:20:00,NPP-375,Abel Iturralde,La Paz,Bolivia,32,4,28,7,0.51,0.7,,14.0
66416f3c-88eb-340c-a273-442f4d77d309,  -8.953000, -49.846860,2026-06-20 17:20:00,NPP-375,SANTA MARIA DAS BARREIRAS,PARÁ,Brasil,1506583,15,33,35,0.0,1.0,Amazônia,4.8
dad08cf8-0b0e-33c0-9db5-780f12aef22d,  -7.661300, -45.846860,2026-06-20 17:20:00,NPP-375,BALSAS,MARANHÃO,Brasil,2101400,21,33,36,0.0,1.0,Cerrado,7.4
8c7457b1-9022-3446-8892-6c2854290355,  -5.210390, -49.339580,2026-06-20 17:20:00,NPP-375,ITUPIRANGA,PARÁ,Brasil,1503705,15,33,3,0.2,1.0,Amazônia,2.9
02aedb8b-2c15-3424-982f-fd14412400a2, -12.885300, -64.598200,2026-06-20 17:20:00,NPP-375,Mamoré,El Beni,Bolivia,27,3,28,8,1.38,0.96,,3.9
dd2f4387-91c9-3125-806b-2b81ada7cc33, -10.762360, -50.497280,2026-06-20 17:20:00,NPP-375,LAGOA DA CONFUSÃO,TOCANTINS,Brasil,1711902,17,33,11,0.0,1.0,Cerrado,7.7
e12a1e95-14c6-3950-96f5-0d6c1d2c3cff, -12.260360, -66.118800,2026-06-20 17:20:00,NPP-375,Yacuma,El Beni,Bolivia,31,3,28,8,0.1,1.0,,7.9
637d4669-a19a-30c4-94ee-cb8efe283b70,  -7.661990, -45.843280,2026-06-20 17:20:00,NPP-375,BALSAS,MARANHÃO,Brasil,2101400,21,33,37,0.0,1.0,Cerrado,3.8
f49a973d-4421-3806-9b71-c60a868389dc,  -7.180500, -44.875650,2026-06-20 17:20:00,NPP-375,SÃO FÉLIX DE BALSAS,MARANHÃO,Brasil,2110807,21,33,48,0.0,1.0,Cerrado,6.0
5a53d4c0-8c9f-31ee-882a-265b2b880480,  -5.811890, -45.079150,2026-06-20 17:20:00,NPP-375,BARRA DO CORDA,MARANHÃO,Brasil,2101608,21,33,5,0.0,0.89,Cerrado,6.3
80ffc5e9-b1ab-374c-961f-e6df6b905a4d,  -9.637680, -46.077890,2026-06-20 17:20:00,NPP-375,ALTO PARNAÍBA,MARANHÃO,Brasil,2100501,21,33,30,0.0,1.0,Cerrado,2.4
5069ab18-a9d0-33f3-adaa-054649a8cde8,  -8.284700, -61.788810,2026-06-20 17:20:00,NPP-375,MANICORÉ,AMAZONAS,Brasil,1302702,13,33,0,0.0,0.86,Amazônia,11.2
1c36861c-e511-3c5d-8bd2-36bef33e0c7f,  -8.214210, -61.779860,2026-06-20 17:20:00,NPP-375,MANICORÉ,AMAZONAS,Brasil,1302702,13,33,0,0.0,0.93,Amazônia,6.3
35b36672-28ef-3435-8279-ebb01821757f, -10.636910, -49.617060,2026-06-20 17:20:00,NPP-375,LAGOA DA CONFUSÃO,TOCANTINS,Brasil,1711902,17,33,22,0.0,1.0,Cerrado,22.4
241cd3aa-ddc9-385f-9ea5-51aa8b6a6076, -12.061870, -65.319790,2026-06-20 17:20:00,NPP-375,Yacuma,El Beni,Bolivia,31,3,28,4,0.0,1.0,,10.0
80dd135f-22d6-3ea3-8e8a-36e7e201d0b2,  -5.802850, -45.120200,2026-06-20 17:20:00,NPP-375,BARRA DO CORDA,MARANHÃO,Brasil,2101608,21,33,7,0.0,0.91,Cerrado,11.7
0c9257dd-5864-3f4f-8490-319bb25e308b,  -7.660720, -45.843560,2026-06-20 17:20:00,NPP-375,BALSAS,MARANHÃO,Brasil,2101400,21,33,37,0.0,1.0,Cerrado,7.4
1ebc1b5b-4e37-33f1-8671-c45574899672,  -7.230120, -47.318770,2026-06-20 17:20:00,NPP-375,CAROLINA,MARANHÃO,Brasil,2102804,21,33,2,0.0,0.62,Cerrado,5.4
84e23059-7cb5-30f9-861b-089fd766b02f,  -8.650050, -47.758790,2026-06-20 17:20:00,NPP-375,ITACAJÁ,TOCANTINS,Brasil,1710508,17,33,2,0.0,0.95,Cerrado,8.2
4ff219d4-bad4-3733-8694-bc98d28cb297,  -9.834480, -47.163920,2026-06-20 17:20:00,NPP-375,RIO SONO,TOCANTINS,Brasil,1718758,17,33,41,0.0,1.0,Cerrado,4.5
ab532ebf-6c3f-3607-9e24-95ba27c965cf,  -8.899610, -46.944920,2026-06-20 17:20:00,NPP-375,BALSAS,MARANHÃO,Brasil,2101400,21,33,37,0.0,1.0,Cerrado,8.7
d1d3bf06-121d-3e58-911b-9a38773d88a5,  -6.834000, -47.919010,2026-06-20 17:20:00,NPP-375,WANDERLÂNDIA,TOCANTINS,Brasil,1722081,17,33,3,0.0,0.97,Cerrado,17.3
cffbb4b0-8995-301d-873e-a12d75a9af01,  -8.221810, -61.740290,2026-06-20 17:20:00,NPP-375,MANICORÉ,AMAZONAS,Brasil,1302702,13,33,0,0.0,0.9,Amazônia,7.2
338f5a52-6c83-3b69-8c71-7f762ce207aa, -10.486190, -48.666500,2026-06-20 17:20:00,NPP-375,PORTO NACIONAL,TOCANTINS,Brasil,1718204,17,33,27,1.77,0.88,Cerrado,3.2
3c8cb1f5-0046-310e-beef-2ed2a8ff2832,  -7.185520, -44.870350,2026-06-20 17:20:00,NPP-375,SÃO FÉLIX DE BALSAS,MARANHÃO,Brasil,2110807,21,33,48,0.0,1.0,Cerrado,24.3
9a9f929d-196a-3a80-978d-eb68e81e9559, -11.308250, -54.731670,2026-06-20 17:20:00,NPP-375,CLÁUDIA,MATO GROSSO,Brasil,5103056,51,33,9,1.25,0.42,Amazônia,9.6
99546f3e-2cdd-36b0-8c2b-3ff13f2fae4e, -12.826940, -65.390060,2026-06-20 17:20:00,NPP-375,Yacuma,El Beni,Bolivia,31,3,28,6,2.23,1.0,,3.5
da791410-7244-3e65-9681-a1b5ef6536bc, -10.766140, -50.496640,2026-06-20 17:20:00,NPP-375,LAGOA DA CONFUSÃO,TOCANTINS,Brasil,1711902,17,33,12,0.0,1.0,Cerrado,7.7
8a8cf4e1-bf18-341c-a780-6320ef0a869b,  -8.078010, -46.233610,2026-06-20 17:20:00,NPP-375,BALSAS,MARANHÃO,Brasil,2101400,21,33,37,0.0,1.0,Cerrado,8.4
4aa885a9-5f9d-3a2a-82be-2627f0b6fd4e,  -5.811160, -45.075090,2026-06-20 17:20:00,NPP-375,BARRA DO CORDA,MARANHÃO,Brasil,2101608,21,33,4,0.0,0.89,Cerrado,6.3
a77e5e4c-413a-377b-a1dd-6b9cc1ae69a6,  -7.842260, -46.299640,2026-06-20 17:20:00,NPP-375,BALSAS,MARANHÃO,Brasil,2101400,21,33,36,0.0,1.0,Cerrado,7.9
b3086539-bb1c-3921-a4ad-275acd1ae523,  -6.833490, -47.916770,2026-06-20 17:20:00,NPP-375,WANDERLÂNDIA,TOCANTINS,Brasil,1722081,17,33,3,0.0,0.97,Cerrado,10.0
2d7f8ed1-bbde-31b3-8e3b-fd056c2c5d8e,  -8.214820, -61.784440,2026-06-20 17:20:00,NPP-375,MANICORÉ,AMAZONAS,Brasil,1302702,13,33,0,0.0,0.93,Amazônia,9.4
71c654fa-0202-3710-8643-b3f82fb099c1, -12.067940, -65.319100,2026-06-20 17:20:00,NPP-375,Yacuma,El Beni,Bolivia,31,3,28,4,0.0,1.0,,3.4
1759de47-8fea-3d0b-ae92-34d5f254990e, -10.931430, -56.845650,2026-06-20 17:20:00,NPP-375,JUARA,MATO GROSSO,Brasil,5105101,51,33,25,6.23,0.11,Amazônia,9.1
d6245dff-f83b-3c49-b7e4-56c280e11be1,  -7.657160, -45.847390,2026-06-20 17:20:00,NPP-375,BALSAS,MARANHÃO,Brasil,2101400,21,33,37,0.0,1.0,Cerrado,8.9
c92a62e1-0137-3e14-8650-fb97a3a6d7ac, -10.402440, -49.607990,2026-06-20 17:20:00,NPP-375,PIUM,TOCANTINS,Brasil,1717503,17,33,42,0.0,1.0,Cerrado,3.1
3791e957-ef8b-3e5d-8dc8-cf1b87b77069,  -9.207720, -58.062320,2026-06-20 17:20:00,NPP-375,APIACÁS,MATO GROSSO,Brasil,5100805,51,33,2,0.0,0.24,Amazônia,3.4
7159ebca-0e20-3f8c-8438-89eff9f98abf, -11.311040, -54.727620,2026-06-20 17:20:00,NPP-375,CLÁUDIA,MATO GROSSO,Brasil,5103056,51,33,9,1.17,0.42,Amazônia,9.2
b97886b2-9814-316d-b094-1df03d408c59,  -9.833790, -47.161890,2026-06-20 17:20:00,NPP-375,RIO SONO,TOCANTINS,Brasil,1718758,17,33,41,0.0,1.0,Cerrado,4.4
80b520cc-dfcb-3c1c-accf-5fa4db1e1895, -11.771100, -65.639550,2026-06-20 17:20:00,NPP-375,Vaca Díez,El Beni,Bolivia,30,3,28,6,0.0,0.49,,5.2
adfd734b-3c92-3fd6-9b74-7e3c9af4ce03,  -8.254360, -61.769680,2026-06-20 17:20:00,NPP-375,MANICORÉ,AMAZONAS,Brasil,1302702,13,33,0,0.0,0.88,Amazônia,12.3
c3a8e1c0-5d42-349b-b69d-de6d3a8592dc,  -6.843000, -47.915010,2026-06-20 17:20:00,NPP-375,WANDERLÂNDIA,TOCANTINS,Brasil,1722081,17,33,3,0.0,0.97,Cerrado,33.3
8db5fd1b-53a4-33da-b0b8-cc5af7af7329, -11.592720, -55.334600,2026-06-20 17:20:00,NPP-375,SINOP,MATO GROSSO,Brasil,5107909,51,33,7,2.85,0.35,Amazônia,2.5
02df95ef-a006-3a9a-ba57-0f5e4c4cdb68,  -9.308720, -47.629900,2026-06-20 17:20:00,NPP-375,CENTENÁRIO,TOCANTINS,Brasil,1704105,17,33,36,0.0,1.0,Cerrado,7.0
54d7fd77-ea2e-32ee-b786-9005e71afbe7, -12.964430, -64.414860,2026-06-20 17:20:00,NPP-375,Mamoré,El Beni,Bolivia,27,3,28,0,0.2,0.8,,5.7
f124b813-f552-39a4-9ca2-e470043d49cc,  -6.374210, -43.591430,2026-06-20 17:20:00,NPP-375,SUCUPIRA DO RIACHÃO,MARANHÃO,Brasil,2111953,21,33,2,0.0,0.67,Cerrado,4.8
f0b6c983-759b-3046-a393-ac9dbfcc4bed, -12.861420, -65.421900,2026-06-20 17:20:00,NPP-375,Yacuma,El Beni,Bolivia,31,3,28,7,1.47,0.96,,3.9
0864ef97-46c9-328d-b17e-97d87827339d, -11.783430, -65.638090,2026-06-20 17:20:00,NPP-375,Vaca Díez,El Beni,Bolivia,30,3,28,6,0.0,0.49,,5.8
fac1067f-4fc4-3b88-8cd7-29686561b1d2,  -4.683310, -46.250400,2026-06-20 17:20:00,NPP-375,BURITICUPU,MARANHÃO,Brasil,2102325,21,33,2,0.0,0.27,Amazônia,1.1
a56ee679-2bde-3c8a-b882-b1e7358d73c7,  -7.841990, -46.298560,2026-06-20 17:20:00,NPP-375,BALSAS,MARANHÃO,Brasil,2101400,21,33,36,0.0,1.0,Cerrado,3.3
050c5aee-57a9-3b8b-b0ac-030b68d4b471,  -6.834350, -47.921830,2026-06-20 17:20:00,NPP-375,WANDERLÂNDIA,TOCANTINS,Brasil,1722081,17,33,3,0.0,0.97,Cerrado,10.1
4edb298e-f8c1-3d0f-b524-60134ec6550d,  -8.650930, -47.763710,2026-06-20 17:20:00,NPP-375,ITACAJÁ,TOCANTINS,Brasil,1710508,17,33,2,0.0,0.95,Cerrado,8.1
371341b1-7528-3d98-8784-5c010033c460, -11.302220, -54.729850,2026-06-20 17:20:00,NPP-375,CLÁUDIA,MATO GROSSO,Brasil,5103056,51,33,9,1.33,0.57,Amazônia,5.0
bb903a8b-01cb-3094-9737-4f2b4fc55f91,  -7.109180, -50.435590,2026-06-20 17:20:00,NPP-375,ÁGUA AZUL DO NORTE,PARÁ,Brasil,1500347,15,33,3,0.0,0.87,Amazônia,44.8
d87f7284-138e-3d1c-8eed-415f47162936,  -7.186290, -44.874560,2026-06-20 17:20:00,NPP-375,SÃO FÉLIX DE BALSAS,MARANHÃO,Brasil,2110807,21,33,49,0.0,1.0,Cerrado,12.7
fca0185a-9885-34c9-b7c7-4bcf4325f436, -11.304390, -54.728660,2026-06-20 17:20:00,NPP-375,CLÁUDIA,MATO GROSSO,Brasil,5103056,51,33,9,1.29,0.45,Amazônia,24.1
e51d4fab-f8bd-3475-8e06-32ae717779f9,  -4.626090, -43.050070,2026-06-20 17:20:00,NPP-375,CAXIAS,MARANHÃO,Brasil,2103000,21,33,0,0.0,0.22,Cerrado,11.6
cd06475a-9192-301e-aabe-916476ed6ac4,  -7.108600, -50.432080,2026-06-20 17:20:00,NPP-375,ÁGUA AZUL DO NORTE,PARÁ,Brasil,1500347,15,33,3,0.0,0.95,Amazônia,44.8
5a1713eb-59ea-3c01-8323-96a501003b88,  -5.815510, -45.065700,2026-06-20 17:20:00,NPP-375,BARRA DO CORDA,MARANHÃO,Brasil,2101608,21,33,4,0.0,0.9,Cerrado,263.4
1dcdd76b-f5c3-38d8-a887-fe9ddbb030cd,  -7.187840, -46.552170,2026-06-20 17:20:00,NPP-375,RIACHÃO,MARANHÃO,Brasil,2109502,21,33,35,0.0,1.0,Cerrado,4.0
c82ee365-7963-3bf7-96c3-9bf511c0ab0c,  -7.180820, -44.875430,2026-06-20 17:20:00,NPP-375,SÃO FÉLIX DE BALSAS,MARANHÃO,Brasil,2110807,21,33,48,0.0,1.0,Cerrado,7.9
eb2332b8-9a22-3cd9-a3f9-9fe4933182a5, -10.577430, -57.322590,2026-06-20 17:20:00,NPP-375,JUARA,MATO GROSSO,Brasil,5105101,51,33,7,0.65,0.39,Amazônia,3.3
e914cd73-b7c1-3cb0-9ad4-c628b0a291fb, -11.777270, -65.638820,2026-06-20 17:20:00,NPP-375,Vaca Díez,El Beni,Bolivia,30,3,28,6,0.0,0.49,,5.8
a004e395-73ab-34ce-9148-c5f8a1007ac6,  -4.631740, -43.042760,2026-06-20 17:20:00,NPP-375,CAXIAS,MARANHÃO,Brasil,2103000,21,33,0,0.0,0.23,Cerrado,9.4
8bfe7554-9dbe-34e2-b8c7-5da3e4cad45f,  -8.204980, -61.784310,2026-06-20 17:20:00,NPP-375,MANICORÉ,AMAZONAS,Brasil,1302702,13,33,0,0.0,0.94,Amazônia,14.7
1baf928d-91d5-36e7-bade-6f384d64f5cc,  -6.842630, -47.912280,2026-06-20 17:20:00,NPP-375,WANDERLÂNDIA,TOCANTINS,Brasil,1722081,17,33,3,0.0,0.97,Cerrado,40.5
ae3f3e87-6d37-3b04-a31c-ad0e144d5cac,  -7.179740, -44.871520,2026-06-20 17:20:00,NPP-375,SÃO FÉLIX DE BALSAS,MARANHÃO,Brasil,2110807,21,33,48,0.0,1.0,Cerrado,10.0
cd469e8e-f1ed-3370-962f-7e2714fcd636,  -8.949560, -49.851120,2026-06-20 17:20:00,NPP-375,SANTA MARIA DAS BARREIRAS,PARÁ,Brasil,1506583,15,33,36,0.0,1.0,Amazônia,4.4
160a1d64-f596-3292-9489-d6b91e49053d,  -8.249830, -61.770310,2026-06-20 17:20:00,NPP-375,MANICORÉ,AMAZONAS,Brasil,1302702,13,33,0,0.0,0.89,Amazônia,12.3
7bb0db10-55f3-34d6-b7cc-3837230feb5a, -11.782680, -65.634860,2026-06-20 17:20:00,NPP-375,Vaca Díez,El Beni,Bolivia,30,3,28,6,0.0,0.49,,5.7
7fb60a75-cb6b-32b0-a870-978b6857cc90,  -8.903530, -46.938430,2026-06-20 17:20:00,NPP-375,BALSAS,MARANHÃO,Brasil,2101400,21,33,36,0.0,1.0,Cerrado,8.5
aa4d3b51-d416-3b2e-a061-306686591d1f,  -4.285600, -46.598300,2026-06-20 17:20:00,NPP-375,BOM JARDIM,MARANHÃO,Brasil,2102002,21,33,1,0.0,1.0,Amazônia,2.9
de88fecf-543c-3d38-b105-30969fdbd08e,  -6.843840, -47.920020,2026-06-20 17:20:00,NPP-375,WANDERLÂNDIA,TOCANTINS,Brasil,1722081,17,33,3,0.0,0.97,Cerrado,63.8
9f47bc81-abf8-3799-b9f1-5dd0d9a69935,  -9.244240, -68.182500,2026-06-20 17:20:00,NPP-375,BOCA DO ACRE,AMAZONAS,Brasil,1300706,13,33,6,0.03,0.22,Amazônia,4.0
282863f8-f392-3503-a9cd-75ea55647d91, -12.666340, -66.395160,2026-06-20 17:20:00,NPP-375,Yacuma,El Beni,Bolivia,31,3,28,5,0.58,0.94,,4.1
4d66cf5f-08de-3592-965f-419c5badc4be,  -9.262600, -59.827440,2026-06-20 17:20:00,NPP-375,COLNIZA,MATO GROSSO,Brasil,5103254,51,33,2,1.88,0.44,Amazônia,4.6
d6b413af-f148-3516-8703-e18603a87eed,  -7.112600, -50.431420,2026-06-20 17:20:00,NPP-375,ÁGUA AZUL DO NORTE,PARÁ,Brasil,1500347,15,33,3,0.0,0.93,Amazônia,62.3
ddfd858d-6c46-3498-9799-60d7988d84a1, -12.826410, -65.387250,2026-06-20 17:20:00,NPP-375,Yacuma,El Beni,Bolivia,31,3,28,6,2.3,0.99,,3.8
eb81ab90-d10a-3e5b-8bcc-cfc81847c1b7,  -5.820420, -45.082430,2026-06-20 17:20:00,NPP-375,BARRA DO CORDA,MARANHÃO,Brasil,2101608,21,33,5,0.0,0.91,Cerrado,20.5
978fe334-0d09-391a-a01a-66450f3c20d8,  -8.667490, -63.543610,2026-06-20 17:20:00,NPP-375,CANDEIAS DO JAMARI,RONDÔNIA,Brasil,1100809,11,33,3,0.1,1.0,Amazônia,3.2
83acecbb-ec2f-3c99-830b-8a8ae201f883,  -8.263420, -61.768410,2026-06-20 17:20:00,NPP-375,MANICORÉ,AMAZONAS,Brasil,1302702,13,33,0,0.0,0.87,Amazônia,4.5
484f4834-2fb9-38e1-9a6e-050c55c9d951, -10.279510, -60.542970,2026-06-20 17:20:00,NPP-375,ARIPUANÃ,MATO GROSSO,Brasil,5101407,51,33,2,0.0,0.5,Amazônia,2.4
48a389c9-28e7-337c-b507-8c51331e383c, -12.573280, -66.745060,2026-06-20 17:20:00,NPP-375,José Ballivián,El Beni,Bolivia,26,3,28,7,0.9,0.56,,9.5
fe863716-fea4-3b66-b525-1e2169454c4b,  -2.791820, -42.573770,2026-06-20 17:20:00,NPP-375,PAULINO NEVES,MARANHÃO,Brasil,2108058,21,33,3,1.33,0.22,Cerrado,5.3
8dc2bda3-0a63-346e-ab78-fc2d22815d7b,  -8.653550, -47.762310,2026-06-20 17:20:00,NPP-375,ITACAJÁ,TOCANTINS,Brasil,1710508,17,33,2,0.0,0.95,Cerrado,7.9
cd1fa15c-f9d9-356f-a8d5-8d826cc8b339,  -7.842500, -46.301520,2026-06-20 17:20:00,NPP-375,BALSAS,MARANHÃO,Brasil,2101400,21,33,36,0.0,0.97,Cerrado,3.3
a099c026-12ed-32ee-bda5-71cf585eb91f,  -7.021550, -45.256560,2026-06-20 17:20:00,NPP-375,LORETO,MARANHÃO,Brasil,2106102,21,33,23,0.0,1.0,Cerrado,6.0
a8a27896-a364-3e9e-b1e6-e13e98a2f461, -12.860880, -65.417130,2026-06-20 17:20:00,NPP-375,Yacuma,El Beni,Bolivia,31,3,28,7,1.62,0.94,,3.9
7f84123a-ff58-3217-9cf9-8f0cdb70062c,  -5.813200, -45.075560,2026-06-20 17:20:00,NPP-375,BARRA DO CORDA,MARANHÃO,Brasil,2101608,21,33,4,0.0,0.9,Cerrado,172.9
ebd58e49-f4c2-3bcf-a4ed-c1fa920602dc, -12.946030, -65.725430,2026-06-20 17:20:00,NPP-375,Yacuma,El Beni,Bolivia,31,3,28,8,0.11,0.91,,4.1
088da25a-5d9a-3d72-beb7-8974ff7e233a, -10.927930, -56.846180,2026-06-20 17:20:00,NPP-375,JUARA,MATO GROSSO,Brasil,5105101,51,33,24,6.18,0.11,Amazônia,13.0
205bdb9a-e8dc-37a5-8da4-66e354a46e94, -10.119090, -52.198400,2026-06-20 17:20:00,NPP-375,SANTA CRUZ DO XINGU,MATO GROSSO,Brasil,5107743,51,33,15,3.99,0.61,Amazônia,4.6
cf9baedc-faaa-37e4-8feb-99d30c867d7e,  -8.258890, -61.769050,2026-06-20 17:20:00,NPP-375,MANICORÉ,AMAZONAS,Brasil,1302702,13,33,0,0.0,0.88,Amazônia,4.5
9116c9f7-9dc8-36a7-a06e-f695fd262c5e,  -8.279530, -61.784830,2026-06-20 17:20:00,NPP-375,MANICORÉ,AMAZONAS,Brasil,1302702,13,33,0,0.0,0.86,Amazônia,11.2
50a8bb63-a56b-3b14-95cd-2aea8bc6f76b,  -5.797030, -45.121320,2026-06-20 17:20:00,NPP-375,BARRA DO CORDA,MARANHÃO,Brasil,2101608,21,33,7,0.0,0.9,Cerrado,5.6
1430c28e-d870-3d1a-94f6-8a4fbef3f4ab, -10.932000, -56.849590,2026-06-20 17:20:00,NPP-375,JUARA,MATO GROSSO,Brasil,5105101,51,33,26,6.17,0.11,Amazônia,9.1
0a7c4a9f-d542-3bda-bd29-0d8ce04d3759,  -7.187070, -44.878810,2026-06-20 17:20:00,NPP-375,SÃO FÉLIX DE BALSAS,MARANHÃO,Brasil,2110807,21,33,49,0.0,1.0,Cerrado,12.7
29357f47-97f4-3fc5-99c1-46ea47c0981d,  -8.894700, -46.945820,2026-06-20 17:20:00,NPP-375,BALSAS,MARANHÃO,Brasil,2101400,21,33,39,0.0,1.0,Cerrado,8.7
1e7d37e6-397c-3666-8a4e-c5d828fb34b0,  -5.962950, -43.489510,2026-06-20 17:20:00,NPP-375,LAGOA DO MATO,MARANHÃO,Brasil,2105922,21,33,2,0.0,0.11,Cerrado,8.7
da02f1f4-b23f-3633-928e-1af65dd94ecf, -10.576840, -57.318510,2026-06-20 17:20:00,NPP-375,JUARA,MATO GROSSO,Brasil,5105101,51,33,6,0.62,0.35,Amazônia,3.3
d183652b-7695-3009-81ec-bc99e6640bfd, -11.311570, -54.731150,2026-06-20 17:20:00,NPP-375,CLÁUDIA,MATO GROSSO,Brasil,5103056,51,33,9,1.18,0.42,Amazônia,7.1
5ce9b1ec-653a-34ff-a8c1-47a8846db694, -12.431990, -65.030720,2026-06-20 17:20:00,NPP-375,Mamoré,El Beni,Bolivia,27,3,28,9,0.0,1.0,,5.0
56f02c87-9d0d-3fb1-904c-48e153421bb9,  -9.458520, -57.844750,2026-06-20 17:20:00,NPP-375,APIACÁS,MATO GROSSO,Brasil,5100805,51,33,0,0.0,0.24,Amazônia,4.4
e73b600c-ec3c-3119-a466-177be57a80f0, -12.436410, -65.016720,2026-06-20 17:20:00,NPP-375,Mamoré,El Beni,Bolivia,27,3,28,8,0.0,1.0,,7.4
4dd85df0-ea08-3ca6-b1c0-ec4ac12b588e,  -9.263090, -59.830960,2026-06-20 17:20:00,NPP-375,COLNIZA,MATO GROSSO,Brasil,5103254,51,33,2,1.88,0.39,Amazônia,4.6
49b37896-e497-3366-a3df-0d80ee577fe5,  -7.024990, -45.263320,2026-06-20 17:20:00,NPP-375,LORETO,MARANHÃO,Brasil,2106102,21,33,24,0.0,1.0,Cerrado,2.3
7db86e73-2321-37d3-92c1-ba57a396c2f0, -10.637800, -49.622310,2026-06-20 17:20:00,NPP-375,LAGOA DA CONFUSÃO,TOCANTINS,Brasil,1711902,17,33,21,0.0,1.0,Cerrado,22.4
9978db5c-04bd-368b-982d-0bea9a636856, -12.062260, -65.318930,2026-06-20 17:20:00,NPP-375,Yacuma,El Beni,Bolivia,31,3,28,4,0.0,1.0,,9.3
11ff34fe-c993-32b0-92b9-b0fd00b7dcb3,  -4.245890, -49.982540,2026-06-20 17:20:00,NPP-375,NOVO REPARTIMENTO,PARÁ,Brasil,1505064,15,33,8,0.0,0.48,Amazônia,3.1
80b73e5d-6c30-32b4-96d9-4aa74515d36a, -12.897500, -64.601060,2026-06-20 17:20:00,NPP-375,Mamoré,El Beni,Bolivia,27,3,28,8,1.39,0.8,,4.5
9d0858ef-aff6-377b-9eb8-17df36a24b79, -12.055270, -65.315990,2026-06-20 17:20:00,NPP-375,Yacuma,El Beni,Bolivia,31,3,28,4,0.0,1.0,,10.0
2bc321d1-ffd2-3447-835e-f7e99a083303, -12.062770, -65.323460,2026-06-20 17:20:00,NPP-375,Yacuma,El Beni,Bolivia,31,3,28,4,0.0,1.0,,9.3
645aea51-420e-31bb-a1db-5dfc8072414e,  -7.026140, -42.115320,2026-06-20 17:20:00,NPP-375,OEIRAS,PIAUÍ,Brasil,2207009,22,33,48,0.0,-999.0,Caatinga,9.5
2ac39203-e4db-3339-98e9-a1b3c8916eb0,  -5.819020, -45.074290,2026-06-20 17:20:00,NPP-375,BARRA DO CORDA,MARANHÃO,Brasil,2101608,21,33,4,0.0,0.91,Cerrado,135.7
82082125-b323-3630-8005-6cd16d57ca1b, -11.479390, -57.104770,2026-06-20 17:20:00,NPP-375,PORTO DOS GAÚCHOS,MATO GROSSO,Brasil,5106802,51,33,0,1.22,0.11,Amazônia,5.2
0ff37132-87d9-311c-a97b-7b85ba13a8e6,  -6.506540, -42.214530,2026-06-20 17:20:00,NPP-375,VÁRZEA GRANDE,PIAUÍ,Brasil,2211407,22,33,36,0.0,0.88,Caatinga,5.6
13619614-32d8-3edf-b610-f2d8968c61d4, -12.055810, -65.320500,2026-06-20 17:20:00,NPP-375,Yacuma,El Beni,Bolivia,31,3,28,4,0.0,1.0,,10.0
d73e00ca-6a59-3841-a0a8-95a33b3052c1, -10.821720, -56.593330,2026-06-20 17:20:00,NPP-375,TABAPORÃ,MATO GROSSO,Brasil,5107941,51,33,2,0.73,0.44,Amazônia,2.5
d7c55ce1-3e6e-3aea-8ad7-992e2caff233, -12.459700, -67.252530,2026-06-20 17:20:00,NPP-375,Abel Iturralde,La Paz,Bolivia,32,4,28,7,0.45,0.92,,14.0
cfb2b8bb-79d0-39e1-9416-5891b6b445a3,  -6.847760, -47.914120,2026-06-20 17:20:00,NPP-375,WANDERLÂNDIA,TOCANTINS,Brasil,1722081,17,33,3,0.0,0.97,Cerrado,6.7
fd3242f0-9e37-36e0-9afc-1682be08b350,  -5.801100, -45.119520,2026-06-20 17:20:00,NPP-375,BARRA DO CORDA,MARANHÃO,Brasil,2101608,21,33,7,0.0,0.9,Cerrado,14.4
aafa8b59-7c8a-3d56-8f90-0c8c65d2c231,  -6.843500, -47.917250,2026-06-20 17:20:00,NPP-375,WANDERLÂNDIA,TOCANTINS,Brasil,1722081,17,33,3,0.0,0.97,Cerrado,40.5
7957cd60-b381-3e02-a522-138da94a0244, -11.304920, -54.732190,2026-06-20 17:20:00,NPP-375,CLÁUDIA,MATO GROSSO,Brasil,5103056,51,33,9,1.32,0.41,Amazônia,9.6
4dfc3991-ec78-30a5-a877-a7c6d985b3fe, -10.767700, -50.505920,2026-06-20 17:20:00,NPP-375,LAGOA DA CONFUSÃO,TOCANTINS,Brasil,1711902,17,33,13,0.0,1.0,Cerrado,11.0
8bb511ad-c3cc-38db-935a-b69d0b89026b,  -7.180090, -44.871280,2026-06-20 17:20:00,NPP-375,SÃO FÉLIX DE BALSAS,MARANHÃO,Brasil,2110807,21,33,48,0.0,1.0,Cerrado,11.2
471a01c2-5921-3c65-a578-bb44afc9f887, -10.544580, -47.711750,2026-06-20 17:20:00,NPP-375,PONTE ALTA DO TOCANTINS,TOCANTINS,Brasil,1717909,17,33,37,0.0,0.74,Cerrado,7.7
d6882368-ee4a-3217-bb3c-22c9bfbb8d99,  -6.838240, -47.915860,2026-06-20 17:20:00,NPP-375,WANDERLÂNDIA,TOCANTINS,Brasil,1722081,17,33,2,0.0,0.97,Cerrado,33.3
6ebf90e9-bc16-3046-af1d-a598adf49f69,  -6.151820, -48.490290,2026-06-20 17:20:00,NPP-375,SÃO GERALDO DO ARAGUAIA,PARÁ,Brasil,1507458,15,33,1,0.0,0.81,Amazônia,4.1
d2f431f5-396d-3d27-bcba-252768649823,  -6.844380, -47.922260,2026-06-20 17:20:00,NPP-375,WANDERLÂNDIA,TOCANTINS,Brasil,1722081,17,33,3,0.0,0.97,Cerrado,73.6
ef417593-bcc7-3289-8dce-71d6bc149d0d, -10.766920, -50.501290,2026-06-20 17:20:00,NPP-375,LAGOA DA CONFUSÃO,TOCANTINS,Brasil,1711902,17,33,12,0.0,1.0,Cerrado,7.7
15173f5d-906c-3205-9e75-54c156f4819b,  -6.081990, -43.999520,2026-06-20 17:20:00,NPP-375,COLINAS,MARANHÃO,Brasil,2103505,21,33,2,0.0,0.77,Cerrado,10.7
806aedfd-4702-38b1-9d84-08c07c2e8eff,  -8.205620, -61.788870,2026-06-20 17:20:00,NPP-375,MANICORÉ,AMAZONAS,Brasil,1302702,13,33,0,0.0,0.94,Amazônia,14.7
31433798-10fb-3453-8d2c-b49bfe02e235,  -9.262120, -59.823910,2026-06-20 17:20:00,NPP-375,COLNIZA,MATO GROSSO,Brasil,5103254,51,33,2,1.87,0.48,Amazônia,4.8
945b40aa-db2b-3439-aa8e-17e319e162bf,  -4.286220, -46.601890,2026-06-20 17:20:00,NPP-375,BOM JARDIM,MARANHÃO,Brasil,2102002,21,33,1,0.0,1.0,Amazônia,2.9
0a3c4f0c-d4d3-379a-8dff-67736a75af24,  -7.842800, -46.302590,2026-06-20 17:20:00,NPP-375,BALSAS,MARANHÃO,Brasil,2101400,21,33,36,0.0,0.95,Cerrado,5.2
9ec64a62-6485-3db7-95d4-a9e8a48990fd,  -8.280160, -61.789420,2026-06-20 17:20:00,NPP-375,MANICORÉ,AMAZONAS,Brasil,1302702,13,33,0,0.0,0.86,Amazônia,11.2
5c4b724c-0157-30c1-990d-30869c1cf3d0,  -6.655760, -50.230240,2026-06-20 17:20:00,NPP-375,ÁGUA AZUL DO NORTE,PARÁ,Brasil,1500347,15,33,2,0.39,1.0,Amazônia,3.1
cdd6c371-896d-3a42-a356-eaeee254f3b6,  -5.818430, -45.081940,2026-06-20 17:20:00,NPP-375,BARRA DO CORDA,MARANHÃO,Brasil,2101608,21,33,5,0.0,0.91,Cerrado,59.2
02fd05dc-0095-338d-a41f-accf4da906a1,  -5.817700, -45.077880,2026-06-20 17:20:00,NPP-375,BARRA DO CORDA,MARANHÃO,Brasil,2101608,21,33,5,0.0,0.91,Cerrado,199.4
56b4cba4-a965-39a4-ba83-c6c78f742639, -11.150800, -44.112600,2026-06-20 17:20:00,GOES-19,MANSIDÃO,BAHIA,Brasil,2920452,29,33,28,0.0,1.0,Cerrado,67.8
e23ef8c7-487b-3aa9-903e-ba4a05fe6a51, -11.626900, -46.435200,2026-06-20 17:20:00,GOES-19,DIANÓPOLIS,TOCANTINS,Brasil,1707009,17,33,23,0.0,1.0,Cerrado,62.3
292b477a-9b1d-3279-9f46-22236e9023b8,  -7.660200, -45.853900,2026-06-20 17:20:00,GOES-19,BALSAS,MARANHÃO,Brasil,2101400,21,33,34,0.0,1.0,Cerrado,49.0
f1b12956-827c-35ba-914d-e02ba27b2595, -10.823900, -49.125700,2026-06-20 17:20:00,GOES-19,SANTA RITA DO TOCANTINS,TOCANTINS,Brasil,1718899,17,33,43,0.0,0.98,Cerrado,74.6
c660c75a-0a9f-311e-bcad-258e1345e97a,  -7.182800, -44.877800,2026-06-20 17:20:00,GOES-19,SÃO FÉLIX DE BALSAS,MARANHÃO,Brasil,2110807,21,33,49,0.0,1.0,Cerrado,74.1
0c378737-57e1-319b-98ef-06d81375cfd5,  -1.868710, -55.603180,2026-06-20 17:22:00,NPP-375,ÓBIDOS,PARÁ,Brasil,1505106,15,33,3,2.86,0.03,Amazônia,2.8
51eddada-4f80-311d-9aa2-874408ff96d9,  -1.317590, -53.147130,2026-06-20 17:22:00,NPP-375,ALMEIRIM,PARÁ,Brasil,1500503,15,33,0,0.0,0.04,Amazônia,11.6
00406ac1-3f1c-32a2-a2b0-2030d955245d,   2.392380, -59.959770,2026-06-20 17:22:00,NPP-375,BONFIM,RORAIMA,Brasil,1400159,14,33,1,4.98,0.0,Amazônia,2.8
80203e15-d8c5-388e-9a67-7d84c952d33c,  -3.398230, -64.898740,2026-06-20 17:22:00,NPP-375,ALVARÃES,AMAZONAS,Brasil,1300029,13,33,3,0.29,0.12,Amazônia,1.6
8cb54dd5-04b1-325f-a331-81602069691d,  -1.532180, -54.660560,2026-06-20 17:22:00,NPP-375,ALENQUER,PARÁ,Brasil,1500404,15,33,5,0.5,0.05,Amazônia,5.2
17104473-13ee-3faf-81f4-dc98895589d3,  -2.739220, -58.196410,2026-06-20 17:22:00,NPP-375,SILVES,AMAZONAS,Brasil,1304005,13,33,2,2.37,0.02,Amazônia,2.2
c0810d11-9dc3-3d01-8514-39ea189b22d1,  -3.574220, -61.467990,2026-06-20 17:22:00,NPP-375,ANAMÃ,AMAZONAS,Brasil,1300086,13,33,2,0.0,0.03,Amazônia,2.6
2d13b2a7-2bcf-3fcc-bb68-acd0a58257a2,  -1.322940, -53.133100,2026-06-20 17:22:00,NPP-375,ALMEIRIM,PARÁ,Brasil,1500503,15,33,0,0.0,0.04,Amazônia,7.8
5e44d18a-cbd7-3578-9769-3698aa7b017c,  -1.440660, -55.834870,2026-06-20 17:22:00,NPP-375,ORIXIMINÁ,PARÁ,Brasil,1505304,15,33,0,1.29,0.04,Amazônia,4.6
65c27e07-7130-397e-860c-eb83ce2c50fa,   1.959990, -55.963670,2026-06-20 17:22:00,NPP-375,Coeroeni,Sipaliwini,Suriname,52,9,219,4,2.46,0.06,,4.5
8dde1cd5-6bfa-31eb-ac87-b421d8c8a7fe,  -2.035260, -56.447110,2026-06-20 17:22:00,NPP-375,TERRA SANTA,PARÁ,Brasil,1507979,15,33,5,0.2,0.63,Amazônia,13.6
6e97ee9c-cb47-33a0-90fb-52a68fc57c15,   1.959450, -55.967250,2026-06-20 17:22:00,NPP-375,Coeroeni,Sipaliwini,Suriname,52,9,219,4,2.5,0.06,,4.5
5afef446-dc36-3bcd-9dba-c39a1c527f9d,   2.392680, -59.959670,2026-06-20 17:22:00,NPP-375,BONFIM,RORAIMA,Brasil,1400159,14,33,1,4.97,0.0,Amazônia,3.2
f944f1c9-f61e-31eb-83f9-2bf24d7910da,  -2.300180, -54.485030,2026-06-20 17:22:00,NPP-375,SANTARÉM,PARÁ,Brasil,1506807,15,33,9,0.0,-999.0,Amazônia,3.8
ba5ccb30-31d8-3978-ad12-df05c59e468f,   1.960540, -55.960080,2026-06-20 17:22:00,NPP-375,Coeroeni,Sipaliwini,Suriname,52,9,219,4,2.42,0.06,,4.3
26fa37cd-84f6-3e96-a036-364a43eaf935,  -1.824420, -55.292080,2026-06-20 17:22:00,NPP-375,ÓBIDOS,PARÁ,Brasil,1505106,15,33,2,1.81,0.24,Amazônia,3.9
68905740-8147-3097-8387-ecd452a7b020,  -1.689030, -54.060870,2026-06-20 17:22:00,NPP-375,MONTE ALEGRE,PARÁ,Brasil,1504802,15,33,3,0.1,0.14,Amazônia,7.0
a83a7ccc-37ce-3f14-a5af-82adac25d5dd,  -1.798390, -55.346810,2026-06-20 17:22:00,NPP-375,ÓBIDOS,PARÁ,Brasil,1505106,15,33,2,2.13,0.02,Amazônia,22.9
8839fd71-cfa6-3b8b-a458-c8faf0e9b708,  -3.637180, -60.160030,2026-06-20 17:22:00,NPP-375,CAREIRO,AMAZONAS,Brasil,1301100,13,33,0,0.08,0.01,Amazônia,2.6
7c2f9755-f3ef-3c25-9319-222ed0c8c59e,  -4.321640, -63.441310,2026-06-20 17:22:00,NPP-375,COARI,AMAZONAS,Brasil,1301209,13,33,0,1.85,0.03,Amazônia,8.2
3d99f090-9265-3f7d-9db9-c6c91e18c959,   2.393290, -59.955810,2026-06-20 17:22:00,NPP-375,BONFIM,RORAIMA,Brasil,1400159,14,33,1,4.91,0.0,Amazônia,3.2
b9b20302-54db-3f90-9ca6-4b0a2249371b,  -3.268440, -51.163770,2026-06-20 17:22:00,NPP-375,PACAJÁ,PARÁ,Brasil,1505486,15,33,0,0.9,0.4,Amazônia,2.4
fb185d91-c2a6-34f3-8f5a-9c88963db4db,   2.392970, -59.955890,2026-06-20 17:22:00,NPP-375,BONFIM,RORAIMA,Brasil,1400159,14,33,1,4.92,0.0,Amazônia,2.8
7613229c-6700-38fc-8de7-a8a509bf8fdd,  -1.444000, -55.834370,2026-06-20 17:22:00,NPP-375,ORIXIMINÁ,PARÁ,Brasil,1505304,15,33,0,1.33,0.01,Amazônia,4.6
3396eccd-1b47-3cb6-8d07-f95127150eaf,   1.957150, -55.959580,2026-06-20 17:22:00,NPP-375,Coeroeni,Sipaliwini,Suriname,52,9,219,4,2.34,0.06,,4.3
8b35d7ad-5c79-33a6-b022-8fcef1786f9e,   6.012180, -68.668480,2026-06-20 17:24:00,NPP-375,La Primavera,Vichada,Colombia,1061,32,53,0,0.1,0.0,,5.1
151efa9b-07ed-3f50-938e-cc56db61a376,   7.271670, -62.932360,2026-06-20 17:24:00,NPP-375,Angostura,Bolívar,Venezuela,67,6,249,2,0.0,0.3,,7.8
eadbc28f-1dca-3d93-95c0-dd6fc0f1d874,   6.719880, -68.070350,2026-06-20 17:24:00,NPP-375,Achaguas,Apure,Venezuela,30,3,249,0,0.1,0.03,,2.5
3b19a354-fa55-3c6c-8641-584430ad45ae,   5.749370, -57.795070,2026-06-20 17:24:00,NPP-375,Rest of Region 10,Upper Demerara-Berbice,Guyana,108,9,98,0,3.27,0.0,,2.3
c6e15bc1-83d4-3d48-ac06-2ad911791730,   6.011470, -68.672530,2026-06-20 17:24:00,NPP-375,La Primavera,Vichada,Colombia,1061,32,53,0,0.1,0.0,,3.8
e49ea395-73ec-31b0-9fc1-621f854445ce,   7.604490, -65.167940,2026-06-20 17:24:00,NPP-375,Cedeño,Bolívar,Venezuela,69,6,249,1,0.0,0.02,,5.3
c03859ae-2d70-373f-8ea1-2bfa3d1f9ed9,   5.977780, -68.831780,2026-06-20 17:24:00,NPP-375,La Primavera,Vichada,Colombia,1061,32,53,0,0.0,0.0,,3.9
299d4024-b4c0-3caf-938e-1917c68e0dbe,   5.879520, -69.010820,2026-06-20 17:24:00,NPP-375,La Primavera,Vichada,Colombia,1061,32,53,0,0.95,0.01,,3.9
f55f7963-7a43-3dd4-a05c-2c1753a2b2c9,   4.138060, -70.397400,2026-06-20 17:24:00,NPP-375,San Jose de Ocune,Vichada,Colombia,1063,32,53,0,1.93,0.0,,7.4
3bf1c947-1a95-3e6e-ad39-6bf82963d1e1,   6.333300, -68.020060,2026-06-20 17:24:00,NPP-375,Pedro Camejo,Apure,Venezuela,34,3,249,1,0.32,0.03,,2.7
3df1b285-8438-31ec-a826-c41ba2506519,   7.211330, -63.153290,2026-06-20 17:24:00,NPP-375,Angostura,Bolívar,Venezuela,67,6,249,2,0.0,0.65,,2.9
b4184690-3139-39a6-ab42-94d946f8ce75,   7.606240, -65.169160,2026-06-20 17:24:00,NPP-375,Cedeño,Bolívar,Venezuela,69,6,249,1,0.0,0.02,,5.3
e2db4975-84b6-3cef-98e5-18286f44b56c,   7.218500, -63.134240,2026-06-20 17:24:00,NPP-375,Angostura,Bolívar,Venezuela,67,6,249,2,0.0,0.85,,4.9
d3243284-a857-36d9-9cf2-ae5f005c88ee,   6.011940, -68.672620,2026-06-20 17:24:00,NPP-375,La Primavera,Vichada,Colombia,1061,32,53,0,0.1,0.0,,4.7
c19f8f7a-9f6e-3326-a3b9-27aa3021f70e,   4.988220, -69.244540,2026-06-20 17:24:00,NPP-375,Cumaribo,Vichada,Colombia,1060,32,53,0,3.62,0.0,,7.2
d1445dad-bb49-341f-83b4-31932d95b51c,   3.305210, -71.549260,2026-06-20 17:24:00,NPP-375,Mapiripán,Meta,Colombia,697,20,53,0,11.58,0.0,,10.1
f5b2ed55-6cf1-3b44-bdfe-07f2c9581468,   6.154390, -69.479080,2026-06-20 17:24:00,NPP-375,Cravo Norte,Arauca,Colombia,135,3,53,2,0.0,0.01,,7.1
1221d71f-d62a-3289-a14e-c8aa7c58733b,   3.844820, -71.702050,2026-06-20 17:24:00,NPP-375,Puerto Gaitán,Meta,Colombia,700,20,53,0,0.1,0.01,,16.6
d4a748d5-f241-38e9-8ac6-fb198b7f42df,   7.509620, -63.142020,2026-06-20 17:24:00,NPP-375,Angostura,Bolívar,Venezuela,67,6,249,2,0.0,0.26,,14.1
186f35fe-7601-38eb-92d3-02b701d073a2,   6.021230, -58.250680,2026-06-20 17:24:00,NPP-375,Linden,Upper Demerara-Berbice,Guyana,105,9,98,0,0.94,0.0,,3.7
9b82691c-97fe-36d9-a28d-46f13bb025cf,   4.786030, -60.428810,2026-06-20 17:24:00,NPP-375,UIRAMUTÃ,RORAIMA,Brasil,1400704,14,33,0,0.71,0.01,Amazônia,2.7
3f2e90b7-f9d1-3219-81aa-e54fb037c85e,   3.838110, -71.782420,2026-06-20 17:24:00,NPP-375,Puerto Gaitán,Meta,Colombia,700,20,53,0,0.2,0.02,,23.3
569015f4-f4a4-3451-8e30-46f9d9063c17,   6.160460, -69.480110,2026-06-20 17:24:00,NPP-375,Pedro Camejo,Apure,Venezuela,34,3,249,2,0.0,0.01,,7.1
9469d376-6707-3c59-a944-768d28ff3fd3,   6.858100, -63.397380,2026-06-20 17:24:00,NPP-375,Angostura,Bolívar,Venezuela,67,6,249,2,0.0,0.04,,3.6
e38f16cf-509a-3b5b-a95c-26d052a77774,   4.829830, -69.106950,2026-06-20 17:24:00,NPP-375,Cumaribo,Vichada,Colombia,1060,32,53,0,2.02,0.0,,6.9
40b5473d-1f03-3fe6-b7ab-54194ffaa246,   4.725470, -70.276960,2026-06-20 17:24:00,NPP-375,La Primavera,Vichada,Colombia,1061,32,53,0,1.1,0.03,,20.4
8e11560d-9cc5-3883-8aba-7d7bb4d29c17,   4.888920, -69.915120,2026-06-20 17:24:00,NPP-375,La Primavera,Vichada,Colombia,1061,32,53,0,16.12,0.0,,7.2
0de4b330-3134-3071-b0c5-50f4cf17cc6a,   4.481080, -70.341220,2026-06-20 17:24:00,NPP-375,Cumaribo,Vichada,Colombia,1060,32,53,0,3.12,0.01,,7.8
a663ca4e-071f-35ba-9ed5-92695c5a5e66,   4.726440, -70.271460,2026-06-20 17:24:00,NPP-375,La Primavera,Vichada,Colombia,1061,32,53,0,1.11,0.03,,14.2
cca2b614-3536-35aa-91ef-88776ce74890,   6.012670, -68.668580,2026-06-20 17:24:00,NPP-375,La Primavera,Vichada,Colombia,1061,32,53,0,0.1,0.0,,4.9
50993754-0a7f-350b-b60f-921c49d8b6b2,   3.895870, -70.643400,2026-06-20 17:24:00,NPP-375,San Jose de Ocune,Vichada,Colombia,1063,32,53,0,1.58,0.0,,8.4
1a36eb90-6eaf-3d36-8a84-9ee6d66dd885,   4.720880, -70.264950,2026-06-20 17:24:00,NPP-375,La Primavera,Vichada,Colombia,1061,32,53,0,1.13,0.02,,14.2
b36e7636-303a-3d32-9383-2620e4e83957,   4.128470, -71.252430,2026-06-20 17:24:00,NPP-375,Puerto Gaitán,Meta,Colombia,700,20,53,0,5.65,0.0,,4.7
82f6ea93-e25e-3480-9a9a-d65c29f56533,   4.830630, -69.102360,2026-06-20 17:24:00,NPP-375,Cumaribo,Vichada,Colombia,1060,32,53,0,1.97,0.0,,9.5
554cccde-8cf0-387a-a313-388b2b7f78d2,   3.846060, -71.695010,2026-06-20 17:24:00,NPP-375,Puerto Gaitán,Meta,Colombia,700,20,53,0,0.11,0.01,,16.6
486bcbe4-55e5-383f-94c7-691ebcde7b9b,   7.060990, -67.293060,2026-06-20 17:24:00,NPP-375,Pedro Camejo,Apure,Venezuela,34,3,249,1,0.0,0.01,,2.3
6f2fe98c-cf10-3983-9b12-26ec92de77a8,   7.379330, -62.957900,2026-06-20 17:24:00,NPP-375,Angostura,Bolívar,Venezuela,67,6,249,2,0.0,0.6,,7.3
835363e0-387a-375b-856a-1cdbb8d53b30,   5.689220, -62.405330,2026-06-20 17:24:00,NPP-375,Gran Sabana,Bolívar,Venezuela,71,6,249,0,2.29,0.0,,1.7
4e36d5c5-a9fc-32ed-b811-0ee994c559fe,   3.303590, -71.547020,2026-06-20 17:24:00,NPP-375,Mapiripán,Meta,Colombia,697,20,53,0,11.6,0.0,,11.6
33e418ff-6c99-3e10-afd9-b8a840a56491,   7.513490, -65.501790,2026-06-20 17:24:00,NPP-375,Cedeño,Bolívar,Venezuela,69,6,249,2,0.01,0.06,,7.4
3cc2d568-f0b5-3d1c-a3e4-67853655a589,   6.712490, -68.080140,2026-06-20 17:24:00,NPP-375,Achaguas,Apure,Venezuela,30,3,249,0,0.1,0.03,,2.8
800b4a1c-0339-319b-bd33-673e54e1f3f6,   7.509890, -63.139980,2026-06-20 17:24:00,NPP-375,Angostura,Bolívar,Venezuela,67,6,249,2,0.0,0.29,,19.2
504e95f3-6c66-3185-9942-9481cb7b07d0,   4.003480, -70.559520,2026-06-20 17:24:00,NPP-375,San Jose de Ocune,Vichada,Colombia,1063,32,53,0,4.77,0.0,,6.3
631e68d2-d6f1-3d17-b916-d1a7c8abd207,   6.725370, -68.071300,2026-06-20 17:24:00,NPP-375,Achaguas,Apure,Venezuela,30,3,249,0,0.1,0.03,,3.0
b937b636-a1dd-32fc-8b74-add43484beb0,   7.060440, -67.296190,2026-06-20 17:24:00,NPP-375,Pedro Camejo,Apure,Venezuela,34,3,249,1,0.0,0.01,,2.3
d670c502-9ac8-3406-a912-744c4d790add,   3.894810, -70.640270,2026-06-20 17:24:00,NPP-375,San Jose de Ocune,Vichada,Colombia,1063,32,53,0,1.59,0.0,,8.8
a3168496-efaf-34ae-a1e2-a1e07149e1e3,   9.013130, -63.868210,2026-06-20 17:26:00,NPP-375,Freites,Anzoátegui,Venezuela,15,2,249,0,2.6,0.16,,7.6
bfc37d8c-2555-3ea5-b191-d0bc17900ec0,   9.010900, -63.869510,2026-06-20 17:26:00,NPP-375,Freites,Anzoátegui,Venezuela,15,2,249,0,2.6,0.16,,6.2
bb848afa-669f-369b-be6b-bd3c92d2d021,  11.001250, -72.101880,2026-06-20 17:26:00,NPP-375,Mara,Zulia,Venezuela,331,25,249,0,0.1,1.0,,4.5
d756471d-6c6f-38cb-af6b-f5efa00020d5,  10.040210, -69.541720,2026-06-20 17:26:00,NPP-375,Jiménez,Lara,Venezuela,151,14,249,0,0.0,1.0,,6.1
4e6d45bc-9d58-3035-9e7e-a9306b84971b,  10.152340, -70.616140,2026-06-20 17:26:00,NPP-375,Torres,Lara,Venezuela,155,14,249,0,0.63,0.14,,3.2
63c71634-54d0-34d2-a436-df08042d6a4a,   9.131170, -67.589550,2026-06-20 17:26:00,NPP-375,Miranda,Guárico,Venezuela,139,13,249,1,0.88,0.1,,3.6
bcb34e61-15ba-3ee5-b866-cc3816b4e65f,  10.887240, -71.735410,2026-06-20 17:26:00,NPP-375,Mara,Zulia,Venezuela,331,25,249,11,0.0,1.0,,2.0
9f72ad8e-ac91-3eeb-8ffa-583932b6fd4f,   8.294270, -72.869450,2026-06-20 17:26:00,NPP-375,Sardinata,Norte de Santander,Colombia,808,22,53,0,4.7,0.0,,10.7
dd594e41-904b-391c-9df6-6048114ef2d7,   9.136270, -67.590450,2026-06-20 17:26:00,NPP-375,Miranda,Guárico,Venezuela,139,13,249,1,0.79,0.1,,4.9
8681b2cb-dbd8-336a-90d7-db2ee481c228,  10.039360, -69.541070,2026-06-20 17:26:00,NPP-375,Jiménez,Lara,Venezuela,151,14,249,0,0.0,1.0,,5.1
97d2d78d-d1df-33c2-9413-da658b93b49f,   9.296560, -63.896470,2026-06-20 17:26:00,NPP-375,Aguasay,Monagas,Venezuela,202,17,249,0,3.04,0.17,,2.6
a31bba14-d14f-3b30-b844-7ab9e0c0e26c,   9.894820, -72.744470,2026-06-20 17:26:00,NPP-375,Machiques de Perijá,Zulia,Venezuela,329,25,249,0,0.4,0.18,,1.9
b3c7de83-27df-32d9-8b33-17b632b8e135, -16.918700, -60.376800,2026-06-20 17:30:00,GOES-19,José Miguel de Velasco,Santa Cruz,Bolivia,85,8,28,10,2.88,0.37,,84.5
c365973c-236d-3d97-a984-b6667d0b6ff9,  -5.812800, -45.102600,2026-06-20 17:30:00,GOES-19,BARRA DO CORDA,MARANHÃO,Brasil,2101608,21,33,7,0.0,0.91,Cerrado,102.7
0ff83619-0f9d-3a31-bcfe-9b31859f5be3, -13.343400, -66.534000,2026-06-20 17:30:00,GOES-19,José Ballivián,El Beni,Bolivia,26,3,28,7,17.62,0.03,,154.3
1e2fafc0-94bd-365d-a866-ffcffdc577dd,   3.365700, -72.156900,2026-06-20 17:30:00,GOES-19,Mapiripán,Meta,Colombia,697,20,53,0,11.68,0.0,,108.9
81fd5077-00da-35cd-8427-bd14f1cd49c0,  -5.813000, -45.079900,2026-06-20 17:30:00,GOES-19,BARRA DO CORDA,MARANHÃO,Brasil,2101608,21,33,5,0.0,0.9,Cerrado,497.9
7cc025c0-73b8-3cf8-a513-84e47d942815, -15.955500, -61.237400,2026-06-20 17:30:00,GOES-19,José Miguel de Velasco,Santa Cruz,Bolivia,85,8,28,10,0.0,0.55,,100.7
d34546a4-5e0d-3cfd-80d1-e757c4f66135, -16.899100, -60.378600,2026-06-20 17:30:00,GOES-19,José Miguel de Velasco,Santa Cruz,Bolivia,85,8,28,10,2.55,0.39,,342.5
e2b97214-5290-3ce0-b287-98cfce9d5e5f,  10.974900, -70.954700,2026-06-20 17:30:00,GOES-19,Mauroa,Falcón,Venezuela,120,12,249,-999,0.0,1.0,,55.4
798630ff-fc55-3f5a-ba16-ab2a6a400f37, -16.879600, -60.380500,2026-06-20 17:30:00,GOES-19,José Miguel de Velasco,Santa Cruz,Bolivia,85,8,28,10,2.24,0.42,,77.1
85b6aacd-4455-32a2-ae56-143b63840707,  -5.813200, -45.057300,2026-06-20 17:30:00,GOES-19,BARRA DO CORDA,MARANHÃO,Brasil,2101608,21,33,3,0.0,0.91,Cerrado,228.1
8ebcf2fb-9104-3150-bf7f-ed5cd0090fff,  10.993700, -70.880500,2026-06-20 17:30:00,GOES-19,Buchivacoa,Falcón,Venezuela,110,12,249,-999,0.0,1.0,,55.6
75c39d08-0448-3ca8-b6c8-652b664f13c3, -18.332100, -59.060300,2026-06-20 17:30:00,GOES-19,Chiquitos,Santa Cruz,Bolivia,80,8,28,1,0.0,0.45,,86.8
dead060e-9d3f-3be8-bc80-cdc5a081e6b6,  -5.831700, -45.078600,2026-06-20 17:30:00,GOES-19,BARRA DO CORDA,MARANHÃO,Brasil,2101608,21,33,5,0.0,0.93,Cerrado,297.1
1f46c5b4-6341-3baf-99ba-957a20aa41e6, -13.343300, -66.553000,2026-06-20 17:30:00,GOES-19,José Ballivián,El Beni,Bolivia,26,3,28,6,16.82,0.01,,82.4
4f075a14-e670-3907-a35d-6e414f397fea, -16.899400, -60.358600,2026-06-20 17:30:00,GOES-19,José Miguel de Velasco,Santa Cruz,Bolivia,85,8,28,9,2.8,0.37,,257.5
c7c9766f-364b-3400-96b3-5d035e2ec374, -18.351600, -59.078500,2026-06-20 17:30:00,GOES-19,Chiquitos,Santa Cruz,Bolivia,80,8,28,0,0.0,0.44,,126.5
b355c03c-140d-327e-842b-cdf006e42c5b, -16.198200, -60.403700,2026-06-20 17:30:00,GOES-19,José Miguel de Velasco,Santa Cruz,Bolivia,85,8,28,0,0.0,1.0,,181.2
42d4490f-8c8c-3361-a69d-fed5b6e08679, -16.178800, -60.405500,2026-06-20 17:30:00,GOES-19,José Miguel de Velasco,Santa Cruz,Bolivia,85,8,28,0,0.0,0.85,,154.9
2aa9d831-2ac2-32ca-b841-8ee9d6fc3475,  -4.770100, -80.536400,2026-06-20 17:30:00,GOES-19,Sullana,Piura,Peru,159,21,178,12,0.0,1.0,,64.6
1e094ff1-0be0-3b19-b213-984eadbb95a9, -16.918900, -60.356800,2026-06-20 17:30:00,GOES-19,José Miguel de Velasco,Santa Cruz,Bolivia,85,8,28,9,3.18,0.34,,85.0
0c9febf2-e49a-3c34-8f2b-e55d45e9022e,  -5.831900, -45.055900,2026-06-20 17:30:00,GOES-19,BARRA DO CORDA,MARANHÃO,Brasil,2101608,21,33,3,0.0,0.97,Cerrado,140.9
36526491-faad-3b25-a63a-065f877429e0, -18.351900, -59.058100,2026-06-20 17:30:00,GOES-19,Chiquitos,Santa Cruz,Bolivia,80,8,28,0,0.0,0.44,,86.8
abd4d96f-6dd7-3cd0-9ef9-14adc25f25c1, -39.462000, -62.592290,2026-06-20 17:30:00,NOAA-20,Villarino,Buenos Aires,Argentina,127,1,12,14,0.6,0.82,,13.4
bf2b8743-f461-3c63-830a-852c06a5d34c, -39.607960, -62.884980,2026-06-20 17:30:00,NOAA-20,Patagones,Buenos Aires,Argentina,87,1,12,12,0.2,0.82,,2.9
172f5f32-98f4-3a78-b3f1-decc90a58c09, -37.719180, -69.127690,2026-06-20 17:30:00,NOAA-20,Pehuenches,Neuquén,Argentina,365,15,12,6,0.0,0.73,,10.2
2de008da-e762-3d70-a527-0c68c1fce3a0,  -6.481700, -45.594500,2026-06-20 17:30:00,GOES-19,MIRADOR,MARANHÃO,Brasil,2106706,21,33,2,0.0,1.0,Cerrado,55.7
8b271e7a-2882-38a6-9b2f-bb45dc1f905d,  -7.182800, -44.877800,2026-06-20 17:30:00,GOES-19,SÃO FÉLIX DE BALSAS,MARANHÃO,Brasil,2110807,21,33,49,0.0,1.0,Cerrado,65.0
7320d8bc-0ab7-3e0d-9445-50b1ff499f62, -30.308610, -57.608830,2026-06-20 17:32:00,NOAA-20,n.a3,Artigas,Uruguay,2,1,245,0,0.0,0.09,,1.8
1533503d-a7b0-3cd0-9a52-9bd2243bf98e, -29.747810, -61.475050,2026-06-20 17:32:00,NOAA-20,Nueve de Julio,Santa Fe,Argentina,449,21,12,2,0.0,0.81,,3.2
684687d7-24ef-3b51-a057-0f3ff9426b4a, -33.120840, -68.418210,2026-06-20 17:32:00,NOAA-20,Junín,Mendoza,Argentina,322,13,12,32,0.0,-999.0,,4.9
23b09582-0c46-3d61-bd9a-0884ba55dd2e, -30.139230, -61.285420,2026-06-20 17:32:00,NOAA-20,San Cristóbal,Santa Fe,Argentina,451,21,12,2,0.0,0.8,,2.7
9227db98-f3d4-36bb-bdad-6963512597fe, -29.940670, -63.025290,2026-06-20 17:32:00,NOAA-20,Rió Seco,Córdoba,Argentina,144,2,12,2,0.0,0.89,,2.9
68dcf443-a151-35b5-b90d-4fa651316571, -30.130400, -62.833840,2026-06-20 17:32:00,NOAA-20,Rió Seco,Córdoba,Argentina,144,2,12,2,0.0,0.84,,12.7
0503f9d5-ce6a-3fe6-86ab-b150419d7c2f, -30.146840, -62.822020,2026-06-20 17:32:00,NOAA-20,Rió Seco,Córdoba,Argentina,144,2,12,2,0.0,0.83,,5.8
84270455-8767-31a1-980a-15ceec0f81d4, -30.402850, -61.148480,2026-06-20 17:32:00,NOAA-20,San Cristóbal,Santa Fe,Argentina,451,21,12,2,0.0,0.78,,6.1
5469af57-05d7-3ca7-bfec-5aa5d72e5d33, -29.734480, -61.176220,2026-06-20 17:32:00,NOAA-20,San Cristóbal,Santa Fe,Argentina,451,21,12,2,0.0,0.61,,2.6
3eff4ccc-871b-307d-842f-2e36c195e2ee, -30.139560, -62.881020,2026-06-20 17:32:00,NOAA-20,Rió Seco,Córdoba,Argentina,144,2,12,2,0.0,0.84,,7.8
47cbea7f-81c4-3dab-871d-23fb139974a2, -30.210120, -63.106020,2026-06-20 17:32:00,NOAA-20,Rió Seco,Córdoba,Argentina,144,2,12,2,0.0,0.87,,4.3
50259c80-7bc4-34ca-ae69-939494aeddb2, -31.838170, -52.093750,2026-06-20 17:32:00,NOAA-20,SÃO JOSÉ DO NORTE,RIO GRANDE DO SUL,Brasil,4318507,43,33,0,0.0,0.12,Pampa,6.3
edfdf2e3-5416-3a55-b74f-af321c2e2062, -33.122850, -68.416680,2026-06-20 17:32:00,NOAA-20,Junín,Mendoza,Argentina,322,13,12,32,0.0,-999.0,,8.9
c60db3da-fa8b-3e78-9500-9f69d2328d5b, -30.787360, -57.966870,2026-06-20 17:32:00,NOAA-20,Federación,Entre Ríos,Argentina,239,8,12,0,0.0,0.06,,1.6
fde82998-5c32-3166-bb23-4e11ba296963, -30.308900, -60.153580,2026-06-20 17:32:00,NOAA-20,San Javier,Santa Fe,Argentina,452,21,12,2,0.0,0.37,,13.9
69d3024b-a8ed-3991-80e4-00f5c47126c8, -26.678080, -62.440300,2026-06-20 17:34:00,NOAA-20,Alberdi,Santiago del Estero,Argentina,459,22,12,10,0.0,0.93,,4.9
952a0af2-e785-3c9e-a9c8-35c9fcb0b153, -25.376080, -63.434440,2026-06-20 17:34:00,NOAA-20,Anta,Salta,Argentina,382,17,12,6,0.0,0.96,,4.6
6401ee72-1550-3503-aafc-09c3334bb4fb, -28.023760, -60.877240,2026-06-20 17:34:00,NOAA-20,Nueve de Julio,Santa Fe,Argentina,449,21,12,2,0.0,0.71,,3.6
ad5fe030-11ee-3a73-818a-5d312f8b4988, -22.852550, -42.859610,2026-06-20 17:34:00,NOAA-20,ITABORAÍ,RIO DE JANEIRO,Brasil,3301900,33,33,3,0.1,1.0,Mata Atlântica,9.7
0a9b10a6-e7a0-3361-91d2-a8feebd3289d, -22.151620, -62.573930,2026-06-20 17:34:00,NOAA-20,Doctor Pedro P. Peña,Boquerón,Paraguay,42,6,177,2,0.0,0.82,,3.6
c9326c59-ef7e-3c70-ad9b-6016ed53b177, -22.233250, -58.130140,2026-06-20 17:34:00,NOAA-20,La Victoria,Alto Paraguay,Paraguay,18,2,177,0,0.0,0.76,,2.3
d52c8886-1ad9-3431-a85f-e742da97ef19, -22.541330, -60.668120,2026-06-20 17:34:00,NOAA-20,Mariscal José Félix Estigarribia,Boquerón,Paraguay,44,6,177,0,0.0,0.96,,8.7
25c19c71-6f0d-32f4-a5a5-f7d40fb512c1, -21.650540, -58.247630,2026-06-20 17:34:00,NOAA-20,La Victoria,Alto Paraguay,Paraguay,18,2,177,0,0.0,0.45,,2.9
7b513614-b698-3e76-830c-2164b0983cc1, -21.918700, -59.279460,2026-06-20 17:34:00,NOAA-20,La Victoria,Alto Paraguay,Paraguay,18,2,177,0,0.0,0.97,,4.7
5eb8b3bb-4c54-3ebf-8393-fdf8fd2fda6c, -27.864780, -63.075790,2026-06-20 17:34:00,NOAA-20,Juan Felipe Ibarra,Santiago del Estero,Argentina,471,22,12,26,0.0,0.94,,2.5
5b2728d8-00ab-39b1-9b18-44264c59572c, -19.863120, -44.166950,2026-06-20 17:34:00,NOAA-20,BETIM,MINAS GERAIS,Brasil,3106705,31,33,6,0.0,0.99,Cerrado,2.9
5e29c6e3-d9ff-337c-86ff-00e48b156a27, -22.855320, -42.861260,2026-06-20 17:34:00,NOAA-20,ITABORAÍ,RIO DE JANEIRO,Brasil,3301900,33,33,3,0.1,0.98,Mata Atlântica,9.3
b6704780-0679-3ffa-8b65-b770cd471fd1, -27.761590, -64.321780,2026-06-20 17:34:00,NOAA-20,Capital,Santiago del Estero,Argentina,464,22,12,23,0.0,0.94,,3.6
ee556fbe-5c3d-3e35-8e44-08a65a51072f, -21.547170, -58.616870,2026-06-20 17:34:00,NOAA-20,La Victoria,Alto Paraguay,Paraguay,18,2,177,6,0.0,0.66,,1.8
fa2e64be-db8e-3adb-9cbc-11d11c6408f5, -28.291770, -62.620750,2026-06-20 17:34:00,NOAA-20,Juan Felipe Ibarra,Santiago del Estero,Argentina,471,22,12,2,0.0,0.9,,4.0
41536d38-5482-3c1d-9193-af368523db25, -27.692690, -64.287250,2026-06-20 17:34:00,NOAA-20,Banda,Santiago del Estero,Argentina,462,22,12,27,0.0,0.95,,14.5
62b5330b-cb22-3e75-959e-1a83ccdc18cf, -22.187890, -43.320600,2026-06-20 17:34:00,NOAA-20,PARAÍBA DO SUL,RIO DE JANEIRO,Brasil,3303708,33,33,4,0.0,0.95,Mata Atlântica,7.3
4397babe-92e7-300a-b2a5-c6e80c7fda9c, -26.451480, -64.248060,2026-06-20 17:34:00,NOAA-20,Pellegrini,Santiago del Estero,Argentina,476,22,12,6,0.0,0.98,,5.1
89d58239-8584-3da4-8bb7-9453ce9cb7d3, -22.372220, -43.303980,2026-06-20 17:34:00,NOAA-20,PATY DO ALFERES,RIO DE JANEIRO,Brasil,3303856,33,33,4,0.0,0.77,Mata Atlântica,4.8
52bd7a50-83d6-30df-b9c5-19f54333a403, -28.475150, -62.696170,2026-06-20 17:34:00,NOAA-20,General Taboada,Santiago del Estero,Argentina,468,22,12,2,0.0,0.9,,3.5
04e99ec2-58da-3681-8be1-fb6d5d65fabc, -28.783740, -60.753410,2026-06-20 17:34:00,NOAA-20,Vera,Santa Fe,Argentina,457,21,12,2,0.0,0.4,,5.6
681e9ead-9dbb-3057-b565-62346b83f13c, -22.540760, -60.663870,2026-06-20 17:34:00,NOAA-20,Mariscal José Félix Estigarribia,Boquerón,Paraguay,44,6,177,0,0.0,0.96,,8.7
ae427e8e-1343-36bd-b67c-2567f14f40c4, -23.351020, -67.667180,2026-06-20 17:34:00,NOAA-20,El Loa,Antofagasta,Chile,6,2,48,2,0.0,-999.0,,0.8
89a6ec19-47f3-3d25-855c-7817386251bd, -21.654260, -46.507750,2026-06-20 17:34:00,NOAA-20,BOTELHOS,MINAS GERAIS,Brasil,3108404,31,33,6,0.0,0.97,Mata Atlântica,2.0
791c8d6e-cfcc-3bdf-8375-62f715a751da, -28.784100, -60.749790,2026-06-20 17:34:00,NOAA-20,Vera,Santa Fe,Argentina,457,21,12,2,0.0,0.4,,9.5
bebaf942-c4b7-3163-bdb6-52b21276f787, -26.677630, -62.436330,2026-06-20 17:34:00,NOAA-20,Alberdi,Santiago del Estero,Argentina,459,22,12,10,0.0,0.93,,3.5
fffdb530-8031-373b-9660-20d1a97d2d7a, -27.867130, -63.078460,2026-06-20 17:34:00,NOAA-20,Juan Felipe Ibarra,Santiago del Estero,Argentina,471,22,12,26,0.0,0.94,,2.6
ec6afafe-10b2-30f6-b868-adb3de2ae978, -22.276340, -59.952170,2026-06-20 17:34:00,NOAA-20,Mariscal José Félix Estigarribia,Boquerón,Paraguay,44,6,177,2,0.0,0.94,,2.8
6a0523ab-0adf-3190-98b2-d77af7a264ae, -27.426950, -65.358990,2026-06-20 17:34:00,NOAA-20,Simoca,Tucumán,Argentina,499,24,12,14,0.0,0.91,,6.0
70e7f2b6-42a1-3300-8581-37f055b4235d, -17.570850, -60.338670,2026-06-20 17:37:00,NOAA-20,Chiquitos,Santa Cruz,Bolivia,80,8,28,1,0.0,0.88,,2.9
a02280fa-3f88-3189-901c-8e0158b37bed, -19.814600, -64.489800,2026-06-20 17:37:00,NOAA-20,Juana Azurduay de Padilla,Chuquisaca,Bolivia,4,1,28,52,0.0,0.99,,0.7
feffe02b-782e-3c8e-87d8-f99bc52656b2, -17.391850, -65.823990,2026-06-20 17:37:00,NOAA-20,Arani,Cochabamba,Bolivia,11,2,28,14,0.0,0.87,,9.7
bbba5a1a-62a0-39f7-b27b-2a2365aacbd7, -18.346630, -59.088520,2026-06-20 17:37:00,NOAA-20,Chiquitos,Santa Cruz,Bolivia,80,8,28,0,0.0,0.45,,3.7
33481ba4-fded-3ff6-92f9-3cb2a5ec440c, -17.587800, -60.454330,2026-06-20 17:37:00,NOAA-20,Chiquitos,Santa Cruz,Bolivia,80,8,28,3,0.0,0.86,,3.2
8b97a3d4-2658-37d9-8cd1-76ce6421c4e2, -18.351610, -59.076520,2026-06-20 17:37:00,NOAA-20,Chiquitos,Santa Cruz,Bolivia,80,8,28,0,0.0,0.44,,5.6
45076e64-2370-39bb-b3f6-0aa3d438ef7c, -16.368230, -61.006600,2026-06-20 17:37:00,NOAA-20,José Miguel de Velasco,Santa Cruz,Bolivia,85,8,28,10,0.0,0.38,,4.1
f1827759-475c-33bc-8720-8f501bfc55b7, -18.353270, -59.087410,2026-06-20 17:37:00,NOAA-20,Chiquitos,Santa Cruz,Bolivia,80,8,28,0,0.0,0.44,,2.8
8b01394b-99cd-356e-9763-7201e979d3c6, -18.041180, -59.605670,2026-06-20 17:37:00,NOAA-20,Chiquitos,Santa Cruz,Bolivia,80,8,28,3,0.0,0.46,,2.2
49d633f0-509a-3fd9-9f4c-15fb9ef2a5f5, -20.742020, -61.202570,2026-06-20 17:37:00,NOAA-20,General Eugenio A. Garay,Boquerón,Paraguay,43,6,177,14,0.0,0.98,,7.8
3f7631d3-43f4-3ad9-9e7a-06edff7e767a, -18.336150, -59.064210,2026-06-20 17:37:00,NOAA-20,Chiquitos,Santa Cruz,Bolivia,80,8,28,1,0.0,0.45,,12.8
9b3642d1-018e-3086-934b-140cb09b9f41, -18.344430, -59.073990,2026-06-20 17:37:00,NOAA-20,Chiquitos,Santa Cruz,Bolivia,80,8,28,0,0.0,0.45,,9.3
200c9227-12eb-3ca7-a12d-7f9b6c3c9080, -18.337250, -59.071460,2026-06-20 17:37:00,NOAA-20,Chiquitos,Santa Cruz,Bolivia,80,8,28,0,0.0,0.45,,17.4
0cbcfc74-5e0c-3823-b648-1181c7aec897, -18.338350, -59.078730,2026-06-20 17:37:00,NOAA-20,Chiquitos,Santa Cruz,Bolivia,80,8,28,0,0.0,0.45,,11.5
ff592ec7-e7a2-3284-bced-32c952da790a, -17.471520, -59.511280,2026-06-20 17:37:00,NOAA-20,Chiquitos,Santa Cruz,Bolivia,80,8,28,9,0.0,0.6,,4.4
a95d6958-02a9-35a2-b64a-44fae9061ae7, -17.419390, -60.761730,2026-06-20 17:37:00,NOAA-20,Chiquitos,Santa Cruz,Bolivia,80,8,28,6,0.0,0.84,,7.8
d0c1777c-c336-3687-8616-6435256067e1, -15.957950, -61.236720,2026-06-20 17:37:00,NOAA-20,José Miguel de Velasco,Santa Cruz,Bolivia,85,8,28,10,0.0,0.55,,28.6
af96e5ef-03bf-3cec-85e8-9b86177a61c0, -16.186310, -60.413620,2026-06-20 17:37:00,NOAA-20,José Miguel de Velasco,Santa Cruz,Bolivia,85,8,28,0,0.0,1.0,,32.7
fb6f3919-f329-3f5a-9a52-eabc7d39f3b2, -17.416000, -60.762280,2026-06-20 17:37:00,NOAA-20,Chiquitos,Santa Cruz,Bolivia,80,8,28,5,0.0,0.75,,7.8
ff637497-28a9-3209-b8b7-4cc649238381, -17.494070, -59.551080,2026-06-20 17:37:00,NOAA-20,Chiquitos,Santa Cruz,Bolivia,80,8,28,9,0.0,0.58,,2.6
cfe64541-4d01-3ce0-849d-bb9196525a75, -16.523120, -62.322490,2026-06-20 17:37:00,NOAA-20,Ñuflo de Chávez,Santa Cruz,Bolivia,78,8,28,8,0.0,0.5,,10.1
2ab06ce4-5330-3c70-9e75-7449b1c08d95, -16.907870, -60.369130,2026-06-20 17:37:00,NOAA-20,José Miguel de Velasco,Santa Cruz,Bolivia,85,8,28,10,2.77,0.38,,66.8
1f34c526-51c9-3ee6-8c1e-618a7b04d0c1, -16.427830, -59.584590,2026-06-20 17:37:00,NOAA-20,José Miguel de Velasco,Santa Cruz,Bolivia,85,8,28,10,0.0,0.52,,4.8
116b25d6-7ac4-3833-ac0f-0dd47dcb3a97, -18.038770, -58.343470,2026-06-20 17:37:00,NOAA-20,Chiquitos,Santa Cruz,Bolivia,80,8,28,8,0.5,0.48,,3.4
70838a1b-457f-37b9-8731-d3cf1ca63e81, -14.984960, -45.445000,2026-06-20 17:37:00,NOAA-20,JANUÁRIA,MINAS GERAIS,Brasil,3135209,31,33,31,0.0,1.0,Cerrado,6.3
2b0ba3fd-0b42-3284-b805-8db1319e765d, -16.431150, -59.584060,2026-06-20 17:37:00,NOAA-20,José Miguel de Velasco,Santa Cruz,Bolivia,85,8,28,10,0.0,0.52,,4.8
1766c045-525c-316a-8d1e-257170df66cd, -19.407210, -59.793410,2026-06-20 17:37:00,NOAA-20,Mayor Pablo Lagerenza,Alto Paraguay,Paraguay,19,2,177,6,0.0,0.93,,2.7
6de23b8a-19c6-38ab-bc00-e09b059bc3cb, -15.891530, -61.262120,2026-06-20 17:37:00,NOAA-20,José Miguel de Velasco,Santa Cruz,Bolivia,85,8,28,10,0.0,0.55,,2.4
8a3b92e5-cb82-3fd8-a8be-5dcecf4ea0e2, -15.955090, -61.241050,2026-06-20 17:37:00,NOAA-20,José Miguel de Velasco,Santa Cruz,Bolivia,85,8,28,10,0.0,0.55,,20.4
ee9ed3b2-0393-3868-8ff1-1f3924a88870, -16.184140, -60.399020,2026-06-20 17:37:00,NOAA-20,José Miguel de Velasco,Santa Cruz,Bolivia,85,8,28,0,0.0,0.65,,44.5
70585497-9597-3b1c-9f95-8ff8a01918c2, -14.365610, -53.390080,2026-06-20 17:37:00,NOAA-20,CAMPINÁPOLIS,MATO GROSSO,Brasil,5102603,51,33,25,0.0,1.0,Cerrado,16.4
f05d392a-484b-3ab0-84ac-0b66dc0ec2e8, -17.480890, -59.528280,2026-06-20 17:37:00,NOAA-20,Chiquitos,Santa Cruz,Bolivia,80,8,28,9,0.0,0.59,,5.4
f89a7a41-fb51-3ca7-8089-af1535ea2e01, -16.068600, -61.809530,2026-06-20 17:37:00,NOAA-20,Ñuflo de Chávez,Santa Cruz,Bolivia,78,8,28,0,0.26,0.14,,6.4
77c4df7b-61a0-3cc8-a34c-d545cb192efa, -17.684110, -60.232390,2026-06-20 17:37:00,NOAA-20,Chiquitos,Santa Cruz,Bolivia,80,8,28,0,0.0,1.0,,2.2
fe6b7568-5fe1-3dc5-8540-e4269ee4f469, -15.890970, -61.258310,2026-06-20 17:37:00,NOAA-20,José Miguel de Velasco,Santa Cruz,Bolivia,85,8,28,10,0.0,0.55,,2.4
08e9c168-ca7c-3f54-8d93-16efd967673e, -21.438080, -61.382380,2026-06-20 17:37:00,NOAA-20,General Eugenio A. Garay,Boquerón,Paraguay,43,6,177,12,0.0,0.97,,4.0
865fc7bf-530a-3564-aae4-2710d07fcfff, -16.049060, -61.575770,2026-06-20 17:37:00,NOAA-20,José Miguel de Velasco,Santa Cruz,Bolivia,85,8,28,7,0.0,0.41,,2.9
cab011cc-b237-308a-bf27-529d7be646ee, -17.535870, -59.648380,2026-06-20 17:37:00,NOAA-20,Chiquitos,Santa Cruz,Bolivia,80,8,28,9,0.0,0.56,,4.6
bcb3d790-79ac-30c0-9141-7192e0cc9be9, -16.470160, -59.283130,2026-06-20 17:37:00,NOAA-20,José Miguel de Velasco,Santa Cruz,Bolivia,85,8,28,4,0.1,0.48,,2.1
50abb1a6-cae5-38ed-a2f6-2145f48a2382, -16.160880, -60.496300,2026-06-20 17:37:00,NOAA-20,José Miguel de Velasco,Santa Cruz,Bolivia,85,8,28,5,0.0,0.78,,2.3
31293fa6-ad3a-33fe-b8a2-ac6cd0e69500, -17.646720, -65.898720,2026-06-20 17:37:00,NOAA-20,Germán Jordán,Cochabamba,Bolivia,19,2,28,10,0.0,0.9,,6.4
b36f6b07-2d6a-3418-8498-60d54fc4188d, -18.335590, -59.060570,2026-06-20 17:37:00,NOAA-20,Chiquitos,Santa Cruz,Bolivia,80,8,28,1,0.0,0.45,,12.8
c5ba22b3-c170-3026-bdb6-2cc5d8ddd09e, -18.348850, -59.080710,2026-06-20 17:37:00,NOAA-20,Chiquitos,Santa Cruz,Bolivia,80,8,28,0,0.0,0.45,,6.8
b6d5f0e1-cce4-3494-bd4a-de106f061580, -15.847800, -61.272820,2026-06-20 17:37:00,NOAA-20,José Miguel de Velasco,Santa Cruz,Bolivia,85,8,28,10,0.0,0.55,,10.5
d24856af-6e4e-3aca-be7d-1b16766addab, -17.486400, -59.522640,2026-06-20 17:37:00,NOAA-20,Chiquitos,Santa Cruz,Bolivia,80,8,28,9,0.0,0.59,,3.8
1aa22ad7-59e4-32e4-82d8-f713d2eb3145, -16.416200, -59.597530,2026-06-20 17:37:00,NOAA-20,José Miguel de Velasco,Santa Cruz,Bolivia,85,8,28,10,0.0,0.52,,8.6
5a9d9d4a-32fa-3bfb-8d5b-6483a7b6fdc3, -18.560350, -58.600790,2026-06-20 17:37:00,NOAA-20,Chiquitos,Santa Cruz,Bolivia,80,8,28,1,0.69,0.38,,3.6
c9d6f5da-0246-3e0c-8dd1-85a9a9266c60, -15.966510, -61.223750,2026-06-20 17:37:00,NOAA-20,José Miguel de Velasco,Santa Cruz,Bolivia,85,8,28,10,0.0,0.56,,13.5
6476c563-e0bf-3663-9c37-8c3a02d8e36d, -17.479800, -59.521050,2026-06-20 17:37:00,NOAA-20,Chiquitos,Santa Cruz,Bolivia,80,8,28,9,0.0,0.59,,3.1
e1fbd65d-8acc-3685-9a1a-9c3d7eb6aee1, -18.303550, -59.051020,2026-06-20 17:37:00,NOAA-20,Chiquitos,Santa Cruz,Bolivia,80,8,28,4,0.1,0.47,,5.4
3ae62598-3979-399d-913f-d351f03843ac, -15.953990, -61.233440,2026-06-20 17:37:00,NOAA-20,José Miguel de Velasco,Santa Cruz,Bolivia,85,8,28,10,0.0,0.56,,28.6
ff14e6e2-010e-393b-a35c-b5b7da4522b7, -18.532370, -58.594400,2026-06-20 17:37:00,NOAA-20,Chiquitos,Santa Cruz,Bolivia,80,8,28,3,0.75,0.37,,2.8
7929d1c7-c6ec-3058-898e-f1b75bb95ed0, -16.113950, -60.410190,2026-06-20 17:37:00,NOAA-20,José Miguel de Velasco,Santa Cruz,Bolivia,85,8,28,0,0.0,0.63,,7.0
6a1a0fb4-92a6-3b4d-9f7e-c5a5a1b32b04, -16.591460, -60.782900,2026-06-20 17:37:00,NOAA-20,José Miguel de Velasco,Santa Cruz,Bolivia,85,8,28,10,0.1,0.57,,4.0
047d240c-a449-36ec-a156-51c65af8059c, -18.335040, -59.056940,2026-06-20 17:37:00,NOAA-20,Chiquitos,Santa Cruz,Bolivia,80,8,28,1,0.0,0.45,,3.6
eb68866b-d373-35ed-a872-dc38c8c95637, -16.887760, -60.372340,2026-06-20 17:37:00,NOAA-20,José Miguel de Velasco,Santa Cruz,Bolivia,85,8,28,10,2.43,0.4,,15.9
5ff631ab-5fe5-3747-88c6-b5026bfad667, -17.754060, -60.415890,2026-06-20 17:37:00,NOAA-20,Chiquitos,Santa Cruz,Bolivia,80,8,28,9,0.1,0.57,,6.2
9cba9358-6d38-3d0c-810a-6f7fa6625096, -18.053400, -59.596200,2026-06-20 17:37:00,NOAA-20,Chiquitos,Santa Cruz,Bolivia,80,8,28,4,0.0,0.45,,6.5
ffdb0523-4d6d-3bbd-9151-caf966b847e1, -16.427290, -59.581010,2026-06-20 17:37:00,NOAA-20,José Miguel de Velasco,Santa Cruz,Bolivia,85,8,28,9,0.0,0.51,,4.8
cc027878-7925-3b60-9a79-37095c1773cc, -18.086560, -59.635690,2026-06-20 17:37:00,NOAA-20,Chiquitos,Santa Cruz,Bolivia,80,8,28,0,0.0,0.73,,1.9
84e35f0e-6bd3-30a2-bba9-3533e0be732a, -16.164230, -60.495770,2026-06-20 17:37:00,NOAA-20,José Miguel de Velasco,Santa Cruz,Bolivia,85,8,28,4,0.0,0.72,,2.1
7e60d80e-72dd-3cf3-8f99-72fcbb75423b, -16.711770, -61.135430,2026-06-20 17:37:00,NOAA-20,José Miguel de Velasco,Santa Cruz,Bolivia,85,8,28,10,0.0,0.52,,1.9
57d28272-a644-3d9f-b203-1675da06ce6d, -16.167860, -58.471950,2026-06-20 17:37:00,NOAA-20,CÁCERES,MATO GROSSO,Brasil,5102504,51,33,1,0.82,0.33,Pantanal,4.4
5888b8e7-800e-37b8-b8a0-61e294faa329, -16.419520, -59.596990,2026-06-20 17:37:00,NOAA-20,José Miguel de Velasco,Santa Cruz,Bolivia,85,8,28,11,0.0,0.52,,8.6
07e623e2-0a08-3725-b0aa-51c8c69acb81, -17.976920, -65.524730,2026-06-20 17:37:00,NOAA-20,Mizque,Cochabamba,Bolivia,20,2,28,10,0.0,0.99,,12.1
9b1215ac-0a97-3606-bdd7-8e2466209ee4, -16.414270, -60.651830,2026-06-20 17:37:00,NOAA-20,José Miguel de Velasco,Santa Cruz,Bolivia,85,8,28,9,0.0,0.61,,4.7
76a2ca7d-7392-3f5b-b3b3-bf34ca90c89a, -17.492860, -59.588420,2026-06-20 17:37:00,NOAA-20,Chiquitos,Santa Cruz,Bolivia,80,8,28,9,0.0,0.57,,6.4
1a4bc741-3b6f-3df1-9c1a-0297eea47951, -18.336700, -59.067840,2026-06-20 17:37:00,NOAA-20,Chiquitos,Santa Cruz,Bolivia,80,8,28,0,0.0,0.45,,17.4
68d1860a-e0af-3eec-afe0-701dfb3295de, -18.349400, -59.084330,2026-06-20 17:37:00,NOAA-20,Chiquitos,Santa Cruz,Bolivia,80,8,28,0,0.0,0.45,,6.8
a63839ab-6d59-3593-aa4d-a9003dbff0d8, -18.128280, -59.572760,2026-06-20 17:37:00,NOAA-20,Chiquitos,Santa Cruz,Bolivia,80,8,28,1,0.0,0.41,,4.7
1682e222-c95c-3f76-9e18-bf122d0cf05d, -19.851420, -60.829300,2026-06-20 17:37:00,NOAA-20,Mayor Pablo Lagerenza,Alto Paraguay,Paraguay,19,2,177,23,0.0,0.99,,2.7
4d8db022-adee-3178-acec-67746882ff7c, -16.046650, -60.410010,2026-06-20 17:37:00,NOAA-20,José Miguel de Velasco,Santa Cruz,Bolivia,85,8,28,0,0.0,1.0,,6.6
ff7623ab-7c2b-3188-98f2-45e5b5b485c9, -18.501770, -63.048780,2026-06-20 17:37:00,NOAA-20,Cordillera,Santa Cruz,Bolivia,81,8,28,23,0.0,0.99,,6.2
e6d030ad-7264-3905-901c-d83bdcaec2bb, -18.338910, -59.060020,2026-06-20 17:37:00,NOAA-20,Chiquitos,Santa Cruz,Bolivia,80,8,28,0,0.0,0.45,,12.8
773bd000-3f51-32d6-a806-839e66f6883e, -16.416130, -59.306820,2026-06-20 17:37:00,NOAA-20,José Miguel de Velasco,Santa Cruz,Bolivia,85,8,28,1,0.1,0.6,,10.6
62e61684-7d9a-3fa7-9e40-4b469ab5557b, -16.052590, -60.450130,2026-06-20 17:37:00,NOAA-20,José Miguel de Velasco,Santa Cruz,Bolivia,85,8,28,0,0.0,0.75,,3.1
93f30451-b363-3665-a0b7-2892f9e83210, -16.469480, -53.076870,2026-06-20 17:37:00,NOAA-20,TORIXORÉU,MATO GROSSO,Brasil,5108204,51,33,2,6.33,0.88,Cerrado,5.6
12d00a80-17bb-371a-85c3-858e36b3876c, -21.753760, -60.283970,2026-06-20 17:37:00,NOAA-20,General Eugenio A. Garay,Boquerón,Paraguay,43,6,177,6,0.0,0.85,,21.7
a1f70dd3-ef6d-3eab-9461-a0f3c631d071, -17.976830, -65.527020,2026-06-20 17:37:00,NOAA-20,Mizque,Cochabamba,Bolivia,20,2,28,10,0.0,0.99,,11.7
ac9cd6dd-da4d-3d7b-a223-10a123c0bef8, -18.336700, -59.045500,2026-06-20 17:37:00,NOAA-20,Chiquitos,Santa Cruz,Bolivia,80,8,28,1,0.0,0.45,,5.5
d9311f5a-22f4-3092-ade2-26398d11debc, -17.171700, -63.853960,2026-06-20 17:37:00,NOAA-20,Sara,Santa Cruz,Bolivia,88,8,28,6,0.0,0.97,,3.5
638c5926-c5c1-3477-958d-9be9247914d4, -21.754320, -60.288000,2026-06-20 17:37:00,NOAA-20,General Eugenio A. Garay,Boquerón,Paraguay,43,6,177,5,0.0,0.94,,21.7
84d6571b-042f-3c43-bf6b-2edb8728aa11, -18.350500, -59.091600,2026-06-20 17:37:00,NOAA-20,Chiquitos,Santa Cruz,Bolivia,80,8,28,0,0.0,0.45,,3.7
afdace8e-41bf-3808-8b0c-97304a051350, -16.430600, -59.580460,2026-06-20 17:37:00,NOAA-20,José Miguel de Velasco,Santa Cruz,Bolivia,85,8,28,10,0.0,0.52,,4.8
807f9911-8681-3659-9fab-82c001f63cc5, -16.418980, -59.593400,2026-06-20 17:37:00,NOAA-20,José Miguel de Velasco,Santa Cruz,Bolivia,85,8,28,10,0.0,0.52,,7.6
5d2c2f21-223f-3369-a109-08eab42330b5, -18.339460, -59.063650,2026-06-20 17:37:00,NOAA-20,Chiquitos,Santa Cruz,Bolivia,80,8,28,0,0.0,0.45,,12.8
d4e0b634-0055-35df-a4f0-02e945767fd5, -16.191910, -60.405240,2026-06-20 17:37:00,NOAA-20,José Miguel de Velasco,Santa Cruz,Bolivia,85,8,28,0,0.0,0.95,,6.8
d91b8831-77d9-3679-84b7-d6c615d819b9, -20.573990, -58.193700,2026-06-20 17:37:00,NOAA-20,Fuerte Olimpo,Alto Paraguay,Paraguay,17,2,177,0,0.0,0.95,,2.7
f66f29f5-fef9-3e95-aef1-8a180a58026c, -18.015160, -59.610530,2026-06-20 17:37:00,NOAA-20,Chiquitos,Santa Cruz,Bolivia,80,8,28,3,0.0,0.46,,2.5
0238682f-7180-30de-9755-41bf5d8080fc, -18.011880, -59.588640,2026-06-20 17:37:00,NOAA-20,Chiquitos,Santa Cruz,Bolivia,80,8,28,5,0.0,0.46,,7.7
60b3375b-8bde-39f4-acf6-27df40413edd, -15.868540, -61.662410,2026-06-20 17:37:00,NOAA-20,Ñuflo de Chávez,Santa Cruz,Bolivia,78,8,28,10,0.0,0.55,,5.0
071df9d1-3e86-3d8b-866c-48920dd71b4b, -17.977390, -65.528790,2026-06-20 17:37:00,NOAA-20,Mizque,Cochabamba,Bolivia,20,2,28,10,0.0,0.99,,12.1
6e37a123-cc17-3b6c-b2ee-affdd9bea272, -16.166680, -61.134290,2026-06-20 17:37:00,NOAA-20,José Miguel de Velasco,Santa Cruz,Bolivia,85,8,28,11,0.0,0.54,,3.1
feb1b29c-728e-306f-bf9e-29817c2ab68b, -17.143960, -60.524370,2026-06-20 17:37:00,NOAA-20,José Miguel de Velasco,Santa Cruz,Bolivia,85,8,28,9,0.0,0.59,,22.0
8c6b0088-ea03-36ae-a0f4-84503aedbcd9, -16.467920, -53.068370,2026-06-20 17:37:00,NOAA-20,TORIXORÉU,MATO GROSSO,Brasil,5108204,51,33,2,6.27,0.88,Cerrado,3.0
e3022304-b102-37c0-8e1f-9bb3a9774c29, -16.834630, -67.433140,2026-06-20 17:37:00,NOAA-20,Inquisivi,La Paz,Bolivia,39,4,28,10,0.0,0.84,,10.1
90cdebf4-a29d-3dfd-ae36-60e6484a69af, -21.749740, -60.280480,2026-06-20 17:37:00,NOAA-20,General Eugenio A. Garay,Boquerón,Paraguay,43,6,177,6,0.0,0.87,,3.8
d801e590-e6c2-3fc6-a5e0-c47a518f87a1, -18.340010, -59.067280,2026-06-20 17:37:00,NOAA-20,Chiquitos,Santa Cruz,Bolivia,80,8,28,0,0.0,0.45,,17.4
6da769a4-27f6-342b-ab29-06002815bb68, -16.757700, -59.725890,2026-06-20 17:37:00,NOAA-20,José Miguel de Velasco,Santa Cruz,Bolivia,85,8,28,9,0.0,0.63,,3.7
88d6cb9d-ebe6-3acd-bfa8-6a39db06138d, -22.137780, -64.625210,2026-06-20 17:37:00,NOAA-20,Aniceto Arce,Tarija,Bolivia,90,9,28,58,0.0,0.95,,7.6
55326ce8-45ae-3e3a-be77-c646d02fd88d, -16.476770, -59.304130,2026-06-20 17:37:00,NOAA-20,José Miguel de Velasco,Santa Cruz,Bolivia,85,8,28,2,0.1,0.47,,2.0
5ea37691-5006-3bc9-84a3-e7333cd34d3f, -16.556850, -59.316760,2026-06-20 17:37:00,NOAA-20,José Miguel de Velasco,Santa Cruz,Bolivia,85,8,28,1,0.01,0.48,,4.0
e8a6668c-8176-3a22-b523-fcdd32126705, -15.954540, -61.237250,2026-06-20 17:37:00,NOAA-20,José Miguel de Velasco,Santa Cruz,Bolivia,85,8,28,10,0.0,0.55,,28.6
66d08434-181f-35b5-9dc4-387863ed47d9, -16.901160, -60.370200,2026-06-20 17:37:00,NOAA-20,José Miguel de Velasco,Santa Cruz,Bolivia,85,8,28,10,2.66,0.38,,84.5
83e64ad4-3265-3a3a-ad24-a487edd73242, -18.303000, -59.047390,2026-06-20 17:37:00,NOAA-20,Chiquitos,Santa Cruz,Bolivia,80,8,28,4,0.1,0.47,,2.5
1ff3418c-7b5d-3650-8ac3-ae9c41e0581f, -15.956850, -61.229110,2026-06-20 17:37:00,NOAA-20,José Miguel de Velasco,Santa Cruz,Bolivia,85,8,28,10,0.0,0.56,,10.9
8dece54a-3bb9-3d8f-83ad-6104938129b1, -18.352720, -59.083780,2026-06-20 17:37:00,NOAA-20,Chiquitos,Santa Cruz,Bolivia,80,8,28,0,0.0,0.44,,3.6
dea3a977-d368-34c2-9c8c-16f9bb213678, -18.338360, -59.056390,2026-06-20 17:37:00,NOAA-20,Chiquitos,Santa Cruz,Bolivia,80,8,28,0,0.0,0.45,,3.6
282e4318-f0a0-3d2b-8c0a-0691124b7f22, -18.050620, -59.600400,2026-06-20 17:37:00,NOAA-20,Chiquitos,Santa Cruz,Bolivia,80,8,28,4,0.0,0.45,,4.1
c760da07-143e-3457-bf49-b4d32b55f082, -21.441680, -61.381820,2026-06-20 17:37:00,NOAA-20,General Eugenio A. Garay,Boquerón,Paraguay,43,6,177,11,0.0,0.97,,4.0
e4669682-8343-3c9b-82a5-0b697b163b61, -17.477170, -60.167890,2026-06-20 17:37:00,NOAA-20,Chiquitos,Santa Cruz,Bolivia,80,8,28,1,0.51,0.47,,3.9
eaed5f98-f13e-3a24-b705-23752d3e8568, -16.904510, -60.369670,2026-06-20 17:37:00,NOAA-20,José Miguel de Velasco,Santa Cruz,Bolivia,85,8,28,10,2.7,0.38,,66.8
52a3cdc0-0dc2-3f65-89d1-ebc1d766f4eb, -16.430060, -59.576870,2026-06-20 17:37:00,NOAA-20,José Miguel de Velasco,Santa Cruz,Bolivia,85,8,28,9,0.0,0.51,,6.2
1fa643fc-db1a-3575-a7ef-54e729358e2f, -17.483080, -59.523190,2026-06-20 17:37:00,NOAA-20,Chiquitos,Santa Cruz,Bolivia,80,8,28,9,0.0,0.59,,3.8
824f75bd-a96e-37d9-815e-f7417bab7a26, -18.347750, -59.073440,2026-06-20 17:37:00,NOAA-20,Chiquitos,Santa Cruz,Bolivia,80,8,28,0,0.0,0.45,,9.3
2e71f8d8-b669-31d4-9a99-9beb6139d518, -16.582560, -60.777430,2026-06-20 17:37:00,NOAA-20,José Miguel de Velasco,Santa Cruz,Bolivia,85,8,28,10,0.08,0.57,,4.8
2b4bdfa0-5425-3e10-8293-a27fe7928efe, -17.101070, -63.089380,2026-06-20 17:37:00,NOAA-20,Obispo Santistevan,Santa Cruz,Bolivia,87,8,28,6,0.1,1.0,,6.0
dc0b405a-1a7a-3d05-abde-b58bb083f62b, -19.310740, -65.366000,2026-06-20 17:37:00,NOAA-20,Cornelio Saavedra,Potosí,Bolivia,68,7,28,54,0.0,0.87,,4.4
e97413f0-4558-3aa8-82a4-6d728df74b54, -18.333380, -59.068390,2026-06-20 17:37:00,NOAA-20,Chiquitos,Santa Cruz,Bolivia,80,8,28,1,0.0,0.45,,3.0
5d512037-8530-30aa-a53d-2d6b1e615619, -16.477330, -53.071190,2026-06-20 17:37:00,NOAA-20,TORIXORÉU,MATO GROSSO,Brasil,5108204,51,33,2,6.57,0.87,Cerrado,9.6
61bec68d-2669-305f-93e3-3c12b0c9d323, -16.187480, -60.398490,2026-06-20 17:37:00,NOAA-20,José Miguel de Velasco,Santa Cruz,Bolivia,85,8,28,0,0.0,0.72,,44.5
1293a3ca-c27c-38a1-828e-ad9c41924d4f, -17.820440, -60.804320,2026-06-20 17:37:00,NOAA-20,Chiquitos,Santa Cruz,Bolivia,80,8,28,7,0.0,0.89,,3.8
51b6689f-f362-3a51-b3d5-7d07ed10610b, -16.905060, -60.373350,2026-06-20 17:37:00,NOAA-20,José Miguel de Velasco,Santa Cruz,Bolivia,85,8,28,10,2.67,0.38,,18.6
a0ee79b2-c952-3343-a0bc-18ec1c3efc27, -16.557400, -59.320360,2026-06-20 17:37:00,NOAA-20,José Miguel de Velasco,Santa Cruz,Bolivia,85,8,28,1,0.0,0.48,,4.0
2a717529-5c95-34a7-a8d0-8f6752b7e97b, -18.354380, -59.072340,2026-06-20 17:37:00,NOAA-20,Chiquitos,Santa Cruz,Bolivia,80,8,28,0,0.0,0.44,,5.6
0bb5b951-6e49-393a-8ab1-d280d360d2b7, -16.758240, -59.729500,2026-06-20 17:37:00,NOAA-20,José Miguel de Velasco,Santa Cruz,Bolivia,85,8,28,9,0.0,0.63,,3.7
39f16eee-0ede-3355-baa5-c28e4f1eae1f, -17.977350, -65.531140,2026-06-20 17:37:00,NOAA-20,Mizque,Cochabamba,Bolivia,20,2,28,10,0.0,0.99,,20.5
fd213b32-2792-343c-9a88-73dd685e7828, -18.354930, -59.075970,2026-06-20 17:37:00,NOAA-20,Chiquitos,Santa Cruz,Bolivia,80,8,28,0,0.0,0.44,,5.6
7a997098-1486-3b16-8120-dc3e1180a9f1, -20.056220, -68.318500,2026-06-20 17:37:00,NOAA-20,Daniel Campos,Potosí,Bolivia,69,7,28,51,0.0,0.79,,7.0
cf80f5b4-8605-3e17-b6e3-9b4da16a358f, -16.005840, -61.742410,2026-06-20 17:37:00,NOAA-20,Ñuflo de Chávez,Santa Cruz,Bolivia,78,8,28,4,0.0,0.23,,2.3
695c0019-2c11-32af-baa6-00f229e82da8, -16.560170, -59.316220,2026-06-20 17:37:00,NOAA-20,José Miguel de Velasco,Santa Cruz,Bolivia,85,8,28,1,0.02,0.48,,4.0
e8ea8e75-d395-3eeb-9f56-72ee4c6f8023, -18.334490, -59.053310,2026-06-20 17:37:00,NOAA-20,Chiquitos,Santa Cruz,Bolivia,80,8,28,1,0.0,0.45,,3.6
be1284d3-ffda-3ca8-9f05-32f0ac8e1b00, -14.979480, -45.453370,2026-06-20 17:37:00,NOAA-20,JANUÁRIA,MINAS GERAIS,Brasil,3135209,31,33,30,0.0,1.0,Cerrado,22.9
2f46044d-1da3-3dd3-b1a0-def31abf297b, -15.650920, -60.596890,2026-06-20 17:37:00,NOAA-20,José Miguel de Velasco,Santa Cruz,Bolivia,85,8,28,0,0.0,0.52,,5.3
f4178727-41be-3697-bf3f-b6d38e835c0c, -18.341120, -59.074550,2026-06-20 17:37:00,NOAA-20,Chiquitos,Santa Cruz,Bolivia,80,8,28,0,0.0,0.45,,11.5
b41765c3-e9c7-3aef-bd4d-b70ba52b28fd, -18.127180, -59.565450,2026-06-20 17:37:00,NOAA-20,Chiquitos,Santa Cruz,Bolivia,80,8,28,1,0.0,0.41,,5.3
759d8547-1877-358c-942f-16200aebc434, -16.113410, -60.406550,2026-06-20 17:37:00,NOAA-20,José Miguel de Velasco,Santa Cruz,Bolivia,85,8,28,0,0.0,0.63,,5.6
490c1328-257d-35bb-98ed-397fcdd43a90, -14.366880, -47.073440,2026-06-20 17:37:00,NOAA-20,FLORES DE GOIÁS,GOIÁS,Brasil,5207907,52,33,8,0.0,1.0,Cerrado,9.6
9ead0816-f5ba-3ebd-96a1-ebee6c4425f2, -16.413730, -60.648120,2026-06-20 17:37:00,NOAA-20,José Miguel de Velasco,Santa Cruz,Bolivia,85,8,28,10,0.0,0.61,,4.7
8d0ecf31-892f-3786-9f2b-bed594c3516a, -18.357690, -59.071780,2026-06-20 17:37:00,NOAA-20,Chiquitos,Santa Cruz,Bolivia,80,8,28,0,0.0,0.44,,2.9
b1b4dcbb-edc2-38ca-8012-238694b46e64, -20.749700, -61.205720,2026-06-20 17:37:00,NOAA-20,General Eugenio A. Garay,Boquerón,Paraguay,43,6,177,15,0.0,0.98,,10.3
6604255d-a899-3213-ad04-9f07eb4d8020, -18.341670, -59.078180,2026-06-20 17:37:00,NOAA-20,Chiquitos,Santa Cruz,Bolivia,80,8,28,0,0.0,0.45,,11.5
5a4bfad0-bc78-3948-abb5-df98f5ba5d82, -18.349950, -59.087970,2026-06-20 17:37:00,NOAA-20,Chiquitos,Santa Cruz,Bolivia,80,8,28,0,0.0,0.45,,3.7
e6fbba23-56e0-364a-bb0e-3c3fe64cef6d, -16.465180, -53.077640,2026-06-20 17:37:00,NOAA-20,TORIXORÉU,MATO GROSSO,Brasil,5108204,51,33,2,6.21,0.89,Cerrado,5.6
d50c5600-6a07-3f63-a787-78f7409d3009, -16.164920, -61.146160,2026-06-20 17:37:00,NOAA-20,José Miguel de Velasco,Santa Cruz,Bolivia,85,8,28,11,0.0,0.54,,3.6
34dfcbc8-5038-3e92-9742-a17c339f4d61, -18.353820, -59.091050,2026-06-20 17:37:00,NOAA-20,Chiquitos,Santa Cruz,Bolivia,80,8,28,0,0.0,0.44,,2.8
6e639e02-ad7e-32ae-a1ca-372e498e29a4, -18.332830, -59.064760,2026-06-20 17:37:00,NOAA-20,Chiquitos,Santa Cruz,Bolivia,80,8,28,1,0.0,0.45,,3.1
38d54be2-c507-3063-b3c0-493c650f418f, -15.960250, -61.228580,2026-06-20 17:37:00,NOAA-20,José Miguel de Velasco,Santa Cruz,Bolivia,85,8,28,10,0.0,0.56,,14.8
51da867f-f83b-3155-9f3d-75d3d9ef0af6, -16.522540, -62.318290,2026-06-20 17:37:00,NOAA-20,Ñuflo de Chávez,Santa Cruz,Bolivia,78,8,28,8,0.0,0.43,,10.1
32aaca1f-59da-342f-bc47-1e55180bac04, -18.127730, -59.569110,2026-06-20 17:37:00,NOAA-20,Chiquitos,Santa Cruz,Bolivia,80,8,28,1,0.0,0.41,,5.3
d6247b91-43f2-3cf7-a136-e9fccf64eef3, -16.088830, -60.440650,2026-06-20 17:37:00,NOAA-20,José Miguel de Velasco,Santa Cruz,Bolivia,85,8,28,0,0.0,0.97,,5.8
07d793c8-8330-3804-b5f0-fc4087a0969b, -16.590930, -60.779170,2026-06-20 17:37:00,NOAA-20,José Miguel de Velasco,Santa Cruz,Bolivia,85,8,28,10,0.1,0.57,,4.0
3b0afd5b-8bbb-3281-8482-ee70d13f3326, -18.034060, -59.580660,2026-06-20 17:37:00,NOAA-20,Chiquitos,Santa Cruz,Bolivia,80,8,28,6,0.0,0.46,,6.3
62e55370-3f72-3bd5-84da-ab8d73a65632, -18.334480, -59.075650,2026-06-20 17:37:00,NOAA-20,Chiquitos,Santa Cruz,Bolivia,80,8,28,1,0.0,0.45,,9.5
c8114ee0-6e50-3e3d-b344-c8d7f60a524a, -20.577310, -58.193120,2026-06-20 17:37:00,NOAA-20,Fuerte Olimpo,Alto Paraguay,Paraguay,17,2,177,0,0.0,0.95,,5.3
74ab0738-ab58-3211-80ca-54317cf20699, -15.959700, -61.224780,2026-06-20 17:37:00,NOAA-20,José Miguel de Velasco,Santa Cruz,Bolivia,85,8,28,10,0.0,0.56,,14.8
3dc14bd7-8dd3-3818-b1d2-30e6828811e0, -16.907330, -60.365460,2026-06-20 17:37:00,NOAA-20,José Miguel de Velasco,Santa Cruz,Bolivia,85,8,28,10,2.83,0.37,,66.8
f2d10191-2f45-324f-b7b1-0a45f8ce01a3, -16.506760, -67.030200,2026-06-20 17:37:00,NOAA-20,Inquisivi,La Paz,Bolivia,39,4,28,11,0.0,0.63,,7.4
27524d67-78e0-31a9-a008-9aeeabae668a, -16.514860, -59.331020,2026-06-20 17:37:00,NOAA-20,José Miguel de Velasco,Santa Cruz,Bolivia,85,8,28,1,0.1,0.46,,3.1
05ef5eb2-a3ee-324c-a2ad-d4dff99922ca, -17.497450, -59.528240,2026-06-20 17:37:00,NOAA-20,Chiquitos,Santa Cruz,Bolivia,80,8,28,9,0.0,0.58,,1.6
2831a4d3-c130-3161-8d4f-74240bfcee42, -18.125500, -59.576950,2026-06-20 17:37:00,NOAA-20,Chiquitos,Santa Cruz,Bolivia,80,8,28,1,0.0,0.41,,33.2
91c2449a-32ed-304e-88b8-040e20cb8a1f, -17.167120, -63.849390,2026-06-20 17:37:00,NOAA-20,Sara,Santa Cruz,Bolivia,88,8,28,6,0.0,0.97,,5.6
06a3b726-d318-35b0-b6b0-2cbb5f2da726, -18.124400, -59.569640,2026-06-20 17:37:00,NOAA-20,Chiquitos,Santa Cruz,Bolivia,80,8,28,1,0.0,0.41,,9.6
d79c1eb5-a644-3b65-b0a7-150269dbb5e2, -17.032240, -68.786260,2026-06-20 17:37:00,NOAA-20,Pacajes,La Paz,Bolivia,47,4,28,21,0.0,0.8,,1.9
68f66ecb-6796-3962-9cdc-500bb42ca176, -19.406670, -59.789670,2026-06-20 17:37:00,NOAA-20,Mayor Pablo Lagerenza,Alto Paraguay,Paraguay,19,2,177,6,0.0,0.95,,2.3
803d426e-1cb6-3e2c-8464-fe0ea7e1afc8, -16.893920, -60.367580,2026-06-20 17:37:00,NOAA-20,José Miguel de Velasco,Santa Cruz,Bolivia,85,8,28,10,2.6,0.39,,71.4
ec7198e4-0c53-3d83-a8fa-547d9567d54b, -18.069370, -59.634760,2026-06-20 17:37:00,NOAA-20,Chiquitos,Santa Cruz,Bolivia,80,8,28,1,0.0,0.46,,6.0
64a10c16-b264-3ed0-b935-968b54a9c6a0, -16.103080, -60.359680,2026-06-20 17:37:00,NOAA-20,José Miguel de Velasco,Santa Cruz,Bolivia,85,8,28,0,0.1,0.59,,3.6
52c6efde-68ab-3cae-8d72-fdd1e3baa8d1, -16.526690, -62.321960,2026-06-20 17:37:00,NOAA-20,Ñuflo de Chávez,Santa Cruz,Bolivia,78,8,28,8,0.0,0.54,,14.5
dd5d3bf8-e8c3-3602-abad-50923cccba86, -18.050080, -59.596750,2026-06-20 17:37:00,NOAA-20,Chiquitos,Santa Cruz,Bolivia,80,8,28,4,0.0,0.45,,6.5
d19ca5ca-3bb2-3e70-8420-205f94f129d9, -16.894460, -60.371260,2026-06-20 17:37:00,NOAA-20,José Miguel de Velasco,Santa Cruz,Bolivia,85,8,28,10,2.57,0.39,,71.4
0d8f2635-6676-3501-a660-ab22593f2d59, -18.335040, -59.079280,2026-06-20 17:37:00,NOAA-20,Chiquitos,Santa Cruz,Bolivia,80,8,28,0,0.0,0.45,,9.5
b843aaff-3878-3827-bf4a-64482ea096bc, -18.337800, -59.075100,2026-06-20 17:37:00,NOAA-20,Chiquitos,Santa Cruz,Bolivia,80,8,28,0,0.0,0.45,,11.5
57880459-ac05-35e5-9edd-b2a5a7bf361e, -18.804780, -47.609830,2026-06-20 17:37:00,NOAA-20,ROMARIA,MINAS GERAIS,Brasil,3156403,31,33,5,0.2,1.0,Cerrado,4.8
9694a619-fbc4-391c-b0a4-f7429a2b70b0, -16.048490, -61.571870,2026-06-20 17:37:00,NOAA-20,José Miguel de Velasco,Santa Cruz,Bolivia,85,8,28,7,0.0,0.42,,2.9
82912067-a954-3105-a1f4-64f5e8cf5a27, -16.185770, -60.409960,2026-06-20 17:37:00,NOAA-20,José Miguel de Velasco,Santa Cruz,Bolivia,85,8,28,0,0.0,1.0,,54.0
8de6ea35-c9c0-3a04-8294-899033b27aea, -16.181340, -60.403200,2026-06-20 17:37:00,NOAA-20,José Miguel de Velasco,Santa Cruz,Bolivia,85,8,28,0,0.0,0.77,,36.7
58e02715-3d08-3dff-842d-2be265fbbf4e, -16.052050, -60.446460,2026-06-20 17:37:00,NOAA-20,José Miguel de Velasco,Santa Cruz,Bolivia,85,8,28,0,0.0,0.76,,6.1
e0d04310-4f18-3f24-8256-3606c54e4006, -18.124950, -59.573290,2026-06-20 17:37:00,NOAA-20,Chiquitos,Santa Cruz,Bolivia,80,8,28,1,0.0,0.41,,33.2
a521c2cb-e11a-3f69-932c-b3efd03a287c, -16.047540, -61.572210,2026-06-20 17:37:00,NOAA-20,José Miguel de Velasco,Santa Cruz,Bolivia,85,8,28,7,0.0,0.42,,6.4
7ab0dc9f-e574-37f3-9e6f-77aecef6d0bf, -16.400240, -61.059510,2026-06-20 17:37:00,NOAA-20,José Miguel de Velasco,Santa Cruz,Bolivia,85,8,28,10,0.0,0.61,,1.2
7c5cb122-09ec-30ea-8a51-b2ea1f23d7de, -16.640070, -63.069390,2026-06-20 17:37:00,NOAA-20,Ñuflo de Chávez,Santa Cruz,Bolivia,78,8,28,8,0.45,1.0,,2.9
cd4f2d73-5b9d-3a30-a696-9d32fcd1b297, -16.189110, -60.409440,2026-06-20 17:37:00,NOAA-20,José Miguel de Velasco,Santa Cruz,Bolivia,85,8,28,0,0.0,0.99,,54.0
13ecbd1f-64a6-3f24-bca0-35fd91075395, -18.036010, -58.347680,2026-06-20 17:37:00,NOAA-20,Chiquitos,Santa Cruz,Bolivia,80,8,28,8,0.5,0.48,,3.4
9fe5f502-8af5-3ccb-aa4e-3e427f25997b, -17.097330, -63.089920,2026-06-20 17:37:00,NOAA-20,Obispo Santistevan,Santa Cruz,Bolivia,87,8,28,6,0.1,1.0,,3.1
f644edc0-248d-314b-9cbd-163e593cea6c, -15.953440, -61.229640,2026-06-20 17:37:00,NOAA-20,José Miguel de Velasco,Santa Cruz,Bolivia,85,8,28,10,0.0,0.56,,10.9
22987e61-a922-37f2-b8e9-2c61306742d1, -18.062900, -59.568480,2026-06-20 17:37:00,NOAA-20,Chiquitos,Santa Cruz,Bolivia,80,8,28,6,0.0,0.44,,12.5
0d453e8b-2964-3976-a088-b8f568de1963, -18.344980, -59.077630,2026-06-20 17:37:00,NOAA-20,Chiquitos,Santa Cruz,Bolivia,80,8,28,0,0.0,0.45,,9.3
a8168ca9-a11a-3898-84f3-b440a485223c, -19.428940, -65.736430,2026-06-20 17:37:00,NOAA-20,Tomás Frías,Potosí,Bolivia,77,7,28,44,0.0,0.83,,5.3
284f547c-7522-3c2a-a21f-3ac4f0328522, -18.345530, -59.081250,2026-06-20 17:37:00,NOAA-20,Chiquitos,Santa Cruz,Bolivia,80,8,28,0,0.0,0.45,,6.8
7790102e-9828-39c8-bc1a-b2d54aeae04e, -16.003600, -61.726630,2026-06-20 17:37:00,NOAA-20,Ñuflo de Chávez,Santa Cruz,Bolivia,78,8,28,4,0.0,0.24,,3.3
d58fa6bb-f8c0-3dc0-b8ab-84dd240ae2cb, -18.126050, -59.580610,2026-06-20 17:37:00,NOAA-20,Chiquitos,Santa Cruz,Bolivia,80,8,28,1,0.0,0.41,,9.7
d6c6055b-79ed-3ada-ae8c-7c68164c7101, -19.407760, -59.797150,2026-06-20 17:37:00,NOAA-20,Mayor Pablo Lagerenza,Alto Paraguay,Paraguay,19,2,177,6,0.0,0.89,,2.7
cb0ccffc-320d-36dd-a067-266698fa49e0, -17.587250, -60.450590,2026-06-20 17:37:00,NOAA-20,Chiquitos,Santa Cruz,Bolivia,80,8,28,3,0.0,0.89,,5.6
bb47f695-5081-375f-a812-86e04456e7e8, -16.470710, -59.286720,2026-06-20 17:37:00,NOAA-20,José Miguel de Velasco,Santa Cruz,Bolivia,85,8,28,3,0.1,0.48,,5.0
00863954-d331-3edf-a5ca-c68185e57140, -21.750860, -60.288560,2026-06-20 17:37:00,NOAA-20,General Eugenio A. Garay,Boquerón,Paraguay,43,6,177,5,0.0,0.96,,21.7
e4144310-4af5-38fc-a31c-9f55bc5e99a1, -17.693010, -60.246140,2026-06-20 17:37:00,NOAA-20,Chiquitos,Santa Cruz,Bolivia,80,8,28,0,0.0,1.0,,7.1
929d3a32-2068-33e2-954d-ce57f978b96d, -16.473020, -53.071930,2026-06-20 17:37:00,NOAA-20,TORIXORÉU,MATO GROSSO,Brasil,5108204,51,33,2,6.44,0.87,Cerrado,9.6
9b5f6843-c92f-327f-9241-df70df9da7cf, -18.022400, -59.590660,2026-06-20 17:37:00,NOAA-20,Chiquitos,Santa Cruz,Bolivia,80,8,28,5,0.0,0.46,,6.2
51b9f89d-45fe-3f50-9593-7f78b3af5977, -15.447560, -45.679960,2026-06-20 17:37:00,NOAA-20,ARINOS,MINAS GERAIS,Brasil,3104502,31,33,9,0.0,1.0,Cerrado,6.2
bda08aa3-04b7-3ed5-b1f8-a76ed44389ca, -17.096820, -63.170890,2026-06-20 17:37:00,NOAA-20,Obispo Santistevan,Santa Cruz,Bolivia,87,8,28,4,0.2,0.99,,5.2
2b166463-20d1-3d49-91c1-2f03f1877e0b, -18.066230, -59.567940,2026-06-20 17:37:00,NOAA-20,Chiquitos,Santa Cruz,Bolivia,80,8,28,6,0.0,0.44,,2.0
100d9f1f-17ed-3eae-9e84-b33e03807a28, -21.708760, -60.188340,2026-06-20 17:37:00,NOAA-20,General Eugenio A. Garay,Boquerón,Paraguay,43,6,177,7,0.0,0.84,,2.8
2b74cb68-e4d1-353a-a2ae-841d5092f171, -17.802410, -66.230350,2026-06-20 17:37:00,NOAA-20,Capinota,Cochabamba,Bolivia,14,2,28,10,0.0,0.93,,20.7
45127fe7-6529-36ac-b0d7-33afafd75fa3, -16.188030, -60.402140,2026-06-20 17:37:00,NOAA-20,José Miguel de Velasco,Santa Cruz,Bolivia,85,8,28,0,0.0,0.81,,44.5
ef7df3ba-254e-3141-8aeb-7eb02e685012, -18.337810, -59.052760,2026-06-20 17:37:00,NOAA-20,Chiquitos,Santa Cruz,Bolivia,80,8,28,1,0.0,0.45,,3.6
4c75a8dc-f932-305e-ace3-9e6b48df369b, -17.803030, -66.235580,2026-06-20 17:37:00,NOAA-20,Capinota,Cochabamba,Bolivia,14,2,28,10,0.0,0.93,,20.7
0de1277b-1e92-3e1f-addd-307656bb82b1, -17.049450, -59.011800,2026-06-20 17:37:00,NOAA-20,José Miguel de Velasco,Santa Cruz,Bolivia,85,8,28,20,0.0,0.95,,3.5
f93ceb9d-0af4-3c73-9be2-48faa9d2d337, -16.506270, -67.026050,2026-06-20 17:37:00,NOAA-20,Inquisivi,La Paz,Bolivia,39,4,28,11,0.0,0.6,,7.4
02075587-ffc6-31fb-b279-edfc83f7f35f, -18.041250, -59.583230,2026-06-20 17:37:00,NOAA-20,Chiquitos,Santa Cruz,Bolivia,80,8,28,6,0.0,0.46,,3.0
d77bc542-db5d-349f-927d-5d7be8e98df8, -14.977860, -45.446190,2026-06-20 17:37:00,NOAA-20,JANUÁRIA,MINAS GERAIS,Brasil,3135209,31,33,31,0.0,1.0,Cerrado,22.9
266e7bc8-9570-35ed-a096-8d42e11eb958, -18.340560, -59.070910,2026-06-20 17:37:00,NOAA-20,Chiquitos,Santa Cruz,Bolivia,80,8,28,0,0.0,0.45,,17.4
a8fbcdf0-d38a-3400-b52b-64b520fb685a, -16.472230, -53.067620,2026-06-20 17:37:00,NOAA-20,TORIXORÉU,MATO GROSSO,Brasil,5108204,51,33,2,6.4,0.88,Cerrado,6.1
0bcc445c-f360-302a-972b-8ad8e4837077, -17.147870, -60.527570,2026-06-20 17:37:00,NOAA-20,José Miguel de Velasco,Santa Cruz,Bolivia,85,8,28,8,0.0,0.59,,22.0
6fe3e921-a5f4-3478-b24c-82dc559af810, -15.963110, -61.224270,2026-06-20 17:37:00,NOAA-20,José Miguel de Velasco,Santa Cruz,Bolivia,85,8,28,10,0.0,0.56,,14.8
ca21fa11-5b49-39fb-b0b3-36522d20db8c, -16.897270, -60.367040,2026-06-20 17:37:00,NOAA-20,José Miguel de Velasco,Santa Cruz,Bolivia,85,8,28,10,2.66,0.38,,84.5
5845e35f-5fce-351b-aefc-72472980e306, -18.593070, -58.658680,2026-06-20 17:37:00,NOAA-20,Chiquitos,Santa Cruz,Bolivia,80,8,28,0,0.13,0.43,,2.4
428858ff-3e23-3374-838a-3ea11bc7a387, -18.342220, -59.081810,2026-06-20 17:37:00,NOAA-20,Chiquitos,Santa Cruz,Bolivia,80,8,28,0,0.0,0.45,,4.2
89d90881-1659-362a-98c3-27ed232b5a4c, -17.977890, -65.533020,2026-06-20 17:37:00,NOAA-20,Mizque,Cochabamba,Bolivia,20,2,28,10,0.0,0.99,,10.0
3ba7a75a-30fc-3245-ac61-fd636320390c, -17.167790, -63.854510,2026-06-20 17:37:00,NOAA-20,Sara,Santa Cruz,Bolivia,88,8,28,6,0.0,0.97,,5.6
b975a712-37a0-35ea-97e6-d8648f048ac6, -19.353060, -66.704960,2026-06-20 17:37:00,NOAA-20,Eduardo Avaroa,Oruro,Bolivia,53,5,28,57,0.0,0.71,,7.2
2481b09f-84ee-36f6-bcef-4a846d3e9183, -18.351060, -59.072890,2026-06-20 17:37:00,NOAA-20,Chiquitos,Santa Cruz,Bolivia,80,8,28,0,0.0,0.44,,5.6
3aecb4a6-da8b-33b3-a1bd-0a3ec2bb70f2, -18.338900, -59.082360,2026-06-20 17:37:00,NOAA-20,Chiquitos,Santa Cruz,Bolivia,80,8,28,0,0.0,0.45,,4.2
3f9ad8e0-2de2-36b3-98ea-0798a1c89f69, -18.348300, -59.077070,2026-06-20 17:37:00,NOAA-20,Chiquitos,Santa Cruz,Bolivia,80,8,28,0,0.0,0.45,,9.3
a4feede2-ccf2-3f00-818c-d80012a658af, -18.592510, -58.655050,2026-06-20 17:37:00,NOAA-20,Chiquitos,Santa Cruz,Bolivia,80,8,28,0,0.16,0.43,,4.9
9ca2a93f-aa15-3652-8005-d2e8ce1c0298, -16.552660, -60.667950,2026-06-20 17:37:00,NOAA-20,José Miguel de Velasco,Santa Cruz,Bolivia,85,8,28,10,0.0,0.93,,2.3
bd33f602-4d5f-3542-8b7c-7757346f9444, -15.960800, -61.232390,2026-06-20 17:37:00,NOAA-20,José Miguel de Velasco,Santa Cruz,Bolivia,85,8,28,10,0.0,0.55,,11.5
89bcd35a-2cc9-3bbf-8137-7fd7ead7f7a8, -16.560720, -59.319810,2026-06-20 17:37:00,NOAA-20,José Miguel de Velasco,Santa Cruz,Bolivia,85,8,28,1,0.0,0.47,,4.0
a76a804b-b859-3ec1-9e80-1fe9162b579b, -16.180080, -60.440790,2026-06-20 17:37:00,NOAA-20,José Miguel de Velasco,Santa Cruz,Bolivia,85,8,28,0,0.0,0.66,,2.1
ba083020-976d-3698-82e1-4ba0a12b9f1e, -18.302450, -59.043760,2026-06-20 17:37:00,NOAA-20,Chiquitos,Santa Cruz,Bolivia,80,8,28,4,0.1,0.47,,2.5
62ca27eb-2ea7-34bb-8aa1-5639d3d94543, -18.346080, -59.084880,2026-06-20 17:37:00,NOAA-20,Chiquitos,Santa Cruz,Bolivia,80,8,28,0,0.0,0.45,,6.8
2ae35b24-742c-3a17-86a4-7a56e3f42d1a, -18.068830, -59.631100,2026-06-20 17:37:00,NOAA-20,Chiquitos,Santa Cruz,Bolivia,80,8,28,1,0.0,0.46,,3.6
2c40f9e4-f600-3b73-9396-f7be93852d4e, -21.750300, -60.284520,2026-06-20 17:37:00,NOAA-20,General Eugenio A. Garay,Boquerón,Paraguay,43,6,177,6,0.0,0.91,,21.7
25e5046a-286b-3b26-93df-1ff8b4792e3b, -16.266390, -59.999100,2026-06-20 17:37:00,NOAA-20,VILA BELA DA SANTÍSSIMA TRINDADE,MATO GROSSO,Brasil,5105507,51,33,1,0.0,0.9,Amazônia,3.9
e51f1d00-f8b3-3661-bd89-ea6d97a568c1, -17.702130, -61.295970,2026-06-20 17:37:00,NOAA-20,Chiquitos,Santa Cruz,Bolivia,80,8,28,6,0.3,0.77,,6.9
1c0cbee3-bc0b-375f-b478-14dd04c15725, -16.402060, -58.405210,2026-06-20 17:37:00,NOAA-20,José Miguel de Velasco,Santa Cruz,Bolivia,85,8,28,6,0.3,0.86,,3.1
e85a9e64-1455-3fcc-9f16-15afe69c8f25, -16.415580, -59.303230,2026-06-20 17:37:00,NOAA-20,José Miguel de Velasco,Santa Cruz,Bolivia,85,8,28,1,0.1,0.77,,10.6
fbbeab2b-2462-3f7f-a29a-14b3731a6e90, -18.065620, -59.586730,2026-06-20 17:37:00,NOAA-20,Chiquitos,Santa Cruz,Bolivia,80,8,28,4,0.0,0.45,,2.7
0ef0e3d3-b918-3b33-ae3a-c14c5a392671, -15.957400, -61.232920,2026-06-20 17:37:00,NOAA-20,José Miguel de Velasco,Santa Cruz,Bolivia,85,8,28,10,0.0,0.56,,28.6
6346e949-890e-30ea-b9e5-326039797662, -18.035440, -58.344030,2026-06-20 17:37:00,NOAA-20,Chiquitos,Santa Cruz,Bolivia,80,8,28,8,0.5,0.48,,3.4
b4f67e81-6f27-36c3-9cbc-ef6b4e3743c5, -16.426740, -59.577410,2026-06-20 17:37:00,NOAA-20,José Miguel de Velasco,Santa Cruz,Bolivia,85,8,28,9,0.0,0.51,,6.2
eeba7d38-f7ce-3133-9c3e-c30a9489712c, -16.417090, -60.647590,2026-06-20 17:37:00,NOAA-20,José Miguel de Velasco,Santa Cruz,Bolivia,85,8,28,10,0.0,0.61,,16.8
dc7c4da6-1092-3426-86ef-3329c45eada0, -15.176980, -49.551560,2026-06-20 17:37:00,NOAA-20,NOVA GLÓRIA,GOIÁS,Brasil,5214861,52,33,8,0.0,1.0,Cerrado,3.8
144db9db-4c40-33c3-b66c-fbd283c5c38d, -15.618560, -60.493950,2026-06-20 17:37:00,NOAA-20,José Miguel de Velasco,Santa Cruz,Bolivia,85,8,28,0,0.0,0.97,,2.9
fa16e869-7a11-3fa4-a417-f9afafef5c48, -16.464400, -53.073400,2026-06-20 17:37:00,NOAA-20,TORIXORÉU,MATO GROSSO,Brasil,5108204,51,33,2,6.18,0.86,Cerrado,5.6
fe0b62e8-ddb8-3d28-b41b-704586b93058, -16.231600, -61.559910,2026-06-20 17:37:00,NOAA-20,José Miguel de Velasco,Santa Cruz,Bolivia,85,8,28,1,0.0,0.33,,7.3
2e7153e5-7219-34ad-88f4-08e38805763e, -16.088290, -60.437000,2026-06-20 17:37:00,NOAA-20,José Miguel de Velasco,Santa Cruz,Bolivia,85,8,28,0,0.0,1.0,,5.8
da12b98b-6fef-33d3-826f-66f44a708345, -16.583640, -60.776510,2026-06-20 17:37:00,NOAA-20,José Miguel de Velasco,Santa Cruz,Bolivia,85,8,28,10,0.09,0.57,,5.7
428b12da-f521-337e-80eb-ea0946728468, -16.190830, -60.397960,2026-06-20 17:37:00,NOAA-20,José Miguel de Velasco,Santa Cruz,Bolivia,85,8,28,0,0.0,0.82,,28.7
de3be470-bbd7-396e-8e0d-5512a5b5c4ea, -18.352170, -59.080150,2026-06-20 17:37:00,NOAA-20,Chiquitos,Santa Cruz,Bolivia,80,8,28,0,0.0,0.44,,3.6
2e94cbe2-5ad7-3b64-8c72-3c886cbcaa03, -16.192450, -60.408900,2026-06-20 17:37:00,NOAA-20,José Miguel de Velasco,Santa Cruz,Bolivia,85,8,28,0,0.0,0.99,,6.8
cb6a462d-f306-3cdc-b041-9613a7881f98, -16.117060, -60.454560,2026-06-20 17:37:00,NOAA-20,José Miguel de Velasco,Santa Cruz,Bolivia,85,8,28,0,0.0,0.66,,3.1
fab01992-4a59-3921-aff3-3790638ed157, -17.000850, -62.683370,2026-06-20 17:37:00,NOAA-20,Ñuflo de Chávez,Santa Cruz,Bolivia,78,8,28,8,0.0,0.99,,4.3
7a77149f-72b0-356d-a8d1-3a2f123dc9e1, -16.900620, -60.366520,2026-06-20 17:37:00,NOAA-20,José Miguel de Velasco,Santa Cruz,Bolivia,85,8,28,10,2.71,0.38,,84.5
37be26ed-440b-3cdc-8a6e-49a7e0379450, -17.618680, -60.453250,2026-06-20 17:37:00,NOAA-20,Chiquitos,Santa Cruz,Bolivia,80,8,28,6,0.0,0.53,,2.5
02735631-41e6-3deb-a9a5-f1241a524cc2, -15.963660, -61.228060,2026-06-20 17:37:00,NOAA-20,José Miguel de Velasco,Santa Cruz,Bolivia,85,8,28,10,0.0,0.55,,14.8
c6adab6e-6780-3e86-916d-d0d864f63763, -10.422960, -39.313900,2026-06-20 17:39:00,AQUA_M-T,MONTE SANTO,BAHIA,Brasil,2921500,29,33,15,0.0,1.0,Caatinga,17.0
1ed2483a-2940-3240-8df0-7a69d350120f, -12.758170, -65.924240,2026-06-20 17:39:00,NOAA-20,Yacuma,El Beni,Bolivia,31,3,28,9,0.1,0.96,,2.7
290bd11d-7511-3160-9fe9-acef72eb9804,  -8.955070, -49.850220,2026-06-20 17:39:00,NOAA-20,SANTA MARIA DAS BARREIRAS,PARÁ,Brasil,1506583,15,33,35,0.0,1.0,Amazônia,5.1
4d154e07-3aae-3815-89c4-4d8515a42c2e, -13.718460, -64.208150,2026-06-20 17:39:00,NOAA-20,Vaca Díez,El Beni,Bolivia,30,3,28,10,0.65,0.87,,5.7
e042b1c6-e4d3-34b0-9382-455af3e0caac, -15.596420, -61.783210,2026-06-20 17:39:00,NOAA-20,Ñuflo de Chávez,Santa Cruz,Bolivia,78,8,28,6,0.0,0.36,,12.0
dd3fab6e-4ede-36a0-8d0c-c96464ccb546,  -8.214060, -61.779740,2026-06-20 17:39:00,NOAA-20,MANICORÉ,AMAZONAS,Brasil,1302702,13,33,0,0.0,0.93,Amazônia,3.7
0430bff2-3103-3cf6-8b3a-101bc24da54d, -11.308730, -54.725120,2026-06-20 17:39:00,NOAA-20,CLÁUDIA,MATO GROSSO,Brasil,5103056,51,33,9,1.2,0.42,Amazônia,18.7
520083b7-9592-3fec-abdd-255132acb251,  -9.021340, -63.541150,2026-06-20 17:39:00,NOAA-20,CANDEIAS DO JAMARI,RONDÔNIA,Brasil,1100809,11,33,3,0.59,0.95,Amazônia,2.0
dd715ab5-300e-3546-924b-5081187e62b9, -12.830050, -65.392300,2026-06-20 17:39:00,NOAA-20,Yacuma,El Beni,Bolivia,31,3,28,6,2.24,0.97,,6.9
30e9288b-847f-3b40-9a97-b6dfc5b9119d, -12.573500, -54.769380,2026-06-20 17:39:00,NOAA-20,FELIZ NATAL,MATO GROSSO,Brasil,5103700,51,33,17,2.96,0.91,Amazônia,4.5
52fb730d-6548-3909-bfe3-f03bca4fd0fd,  -8.272070, -61.781610,2026-06-20 17:39:00,NOAA-20,MANICORÉ,AMAZONAS,Brasil,1302702,13,33,0,0.0,0.86,Amazônia,6.1
4f55bd7d-d943-3dc7-a32d-a01353773ad1, -12.426250, -73.914310,2026-06-20 17:39:00,NOAA-20,Huanta,Ayacucho,Peru,46,5,178,2,0.0,0.32,,10.6
0736cd4f-753e-3dd3-8b4f-6db8fc116c39, -10.770420, -50.506580,2026-06-20 17:39:00,NOAA-20,LAGOA DA CONFUSÃO,TOCANTINS,Brasil,1711902,17,33,13,0.0,1.0,Cerrado,10.8
593d4a3e-9065-3600-bf85-90ccfbd723cc,  -8.953550, -49.848620,2026-06-20 17:39:00,NOAA-20,SANTA MARIA DAS BARREIRAS,PARÁ,Brasil,1506583,15,33,35,0.0,1.0,Amazônia,8.9
975510cd-f635-3766-928f-742175e5d22f, -14.729250, -64.754440,2026-06-20 17:39:00,NOAA-20,Cercado,El Beni,Bolivia,25,3,28,8,8.09,0.13,,10.2
56aeee4f-ca0c-399d-adea-2c8703c349b1,  -8.908120, -47.760900,2026-06-20 17:39:00,NOAA-20,SANTA MARIA DO TOCANTINS,TOCANTINS,Brasil,1718881,17,33,3,0.0,1.0,Cerrado,13.3
6822d600-b58d-3611-b796-0f8dfc3b6e93, -13.346890, -66.543080,2026-06-20 17:39:00,NOAA-20,José Ballivián,El Beni,Bolivia,26,3,28,7,17.24,0.01,,21.3
181a63cc-2c37-3136-b84f-a6b93eb23cc9,  -9.787850, -56.958920,2026-06-20 17:39:00,NOAA-20,NOVA MONTE VERDE,MATO GROSSO,Brasil,5108956,51,33,1,0.0,1.0,Amazônia,5.3
edfea870-1734-3173-a03f-384765e2540c, -14.098220, -64.839930,2026-06-20 17:39:00,NOAA-20,Cercado,El Beni,Bolivia,25,3,28,7,1.8,0.53,,6.1
073a93bf-beb2-3620-b156-187f66235a04, -11.779950, -58.436420,2026-06-20 17:39:00,NOAA-20,JUÍNA,MATO GROSSO,Brasil,5105150,51,33,2,0.98,1.0,Cerrado,2.9
8ac8b99c-70e5-363e-a38f-42625d8d9542,  -8.210220, -61.776740,2026-06-20 17:39:00,NOAA-20,MANICORÉ,AMAZONAS,Brasil,1302702,13,33,0,0.0,0.93,Amazônia,2.3
a9aaf77f-a030-3a3f-b86c-68ed873e974e,  -8.253360, -61.770170,2026-06-20 17:39:00,NOAA-20,MANICORÉ,AMAZONAS,Brasil,1302702,13,33,0,0.0,0.88,Amazônia,6.7
84362f19-035e-3673-9bfe-bc36f791ebea, -12.218930, -57.284230,2026-06-20 17:39:00,NOAA-20,NOVA MARINGÁ,MATO GROSSO,Brasil,5108907,51,33,20,2.36,0.12,Amazônia,6.7
166eb025-cefb-3dff-9dc7-51318f9ada36, -12.876520, -64.583630,2026-06-20 17:39:00,NOAA-20,Mamoré,El Beni,Bolivia,27,3,28,9,1.24,0.87,,11.7
0e981d74-3008-3fc5-93c5-4bd922a2ee74, -12.272440, -54.082870,2026-06-20 17:39:00,NOAA-20,NOVA UBIRATÃ,MATO GROSSO,Brasil,5106240,51,33,33,0.3,0.6,Amazônia,11.6
40e774ad-6c0d-3ad0-aa8e-fa9ea08c78e6, -11.781810, -65.639570,2026-06-20 17:39:00,NOAA-20,Vaca Díez,El Beni,Bolivia,30,3,28,6,0.0,0.49,,16.6
a5602086-efad-3e54-9989-62561e9c202a, -16.466180, -72.534770,2026-06-20 17:39:00,NOAA-20,Camaná,Arequipa,Peru,36,4,178,-999,0.0,-999.0,,7.0
1607b700-7678-3b50-93e1-f783dc7ba81d, -11.778230, -65.643780,2026-06-20 17:39:00,NOAA-20,Vaca Díez,El Beni,Bolivia,30,3,28,6,0.0,0.49,,6.9
9bb8d4f9-a4f2-32da-97c4-a9c2cb182fbf, -12.571900, -54.774020,2026-06-20 17:39:00,NOAA-20,FELIZ NATAL,MATO GROSSO,Brasil,5103700,51,33,16,3.06,0.89,Amazônia,6.4
93eb98be-7890-3c91-b7cf-8603c680c348, -15.592960, -61.783730,2026-06-20 17:39:00,NOAA-20,Ñuflo de Chávez,Santa Cruz,Bolivia,78,8,28,6,0.0,0.36,,12.0
aad8e6b3-7455-364b-8921-efe28694d308,  -8.259990, -61.769160,2026-06-20 17:39:00,NOAA-20,MANICORÉ,AMAZONAS,Brasil,1302702,13,33,0,0.0,0.87,Amazônia,10.1
12da969a-82f8-3adb-91ad-a01575ebf66c, -13.306730, -64.487160,2026-06-20 17:39:00,NOAA-20,Mamoré,El Beni,Bolivia,27,3,28,9,0.0,0.99,,5.6
6d9f7982-ada5-3741-800d-9d90142362a6, -15.594630, -61.795420,2026-06-20 17:39:00,NOAA-20,Ñuflo de Chávez,Santa Cruz,Bolivia,78,8,28,6,0.0,0.36,,5.6
265fcef4-f35b-331b-bfaa-41267254ad1a,  -8.250040, -61.770670,2026-06-20 17:39:00,NOAA-20,MANICORÉ,AMAZONAS,Brasil,1302702,13,33,0,0.0,0.88,Amazônia,4.8
dc62957f-f3d5-3e48-bf13-adb9fee64a46, -10.898960, -46.321880,2026-06-20 17:39:00,NOAA-20,MATEIROS,TOCANTINS,Brasil,1712702,17,33,53,0.0,1.0,Cerrado,9.0
5f13f929-3a32-36a2-9f7b-59f9c458f75e,  -8.279440, -61.786950,2026-06-20 17:39:00,NOAA-20,MANICORÉ,AMAZONAS,Brasil,1302702,13,33,0,0.0,0.86,Amazônia,5.6
6445a52d-dc42-33a5-92c9-e98cd42f78d7, -12.268880, -54.087920,2026-06-20 17:39:00,NOAA-20,NOVA UBIRATÃ,MATO GROSSO,Brasil,5106240,51,33,34,0.3,0.6,Amazônia,9.6
b86e0935-a3f5-314a-beea-3c43a1c34d3c, -14.097510, -64.834650,2026-06-20 17:39:00,NOAA-20,Cercado,El Beni,Bolivia,25,3,28,7,1.76,0.54,,6.1
671c64fd-d111-3919-86c1-87be43f85d04, -12.273210, -54.087140,2026-06-20 17:39:00,NOAA-20,NOVA UBIRATÃ,MATO GROSSO,Brasil,5106240,51,33,33,0.3,0.6,Amazônia,11.6
c3d72e73-7e38-30df-af4a-de380cbe6863,  -8.226430, -61.749280,2026-06-20 17:39:00,NOAA-20,MANICORÉ,AMAZONAS,Brasil,1302702,13,33,0,0.0,0.9,Amazônia,6.8
13ca00df-bf57-3e5d-8e64-744cf96c2220, -13.955560, -53.942850,2026-06-20 17:39:00,NOAA-20,PARANATINGA,MATO GROSSO,Brasil,5106307,51,33,4,2.11,0.83,Cerrado,9.3
508a14b8-aae6-37da-ae97-3bc5c9fb11ed,  -8.908760, -62.229980,2026-06-20 17:39:00,NOAA-20,MACHADINHO D'OESTE,RONDÔNIA,Brasil,1100130,11,33,0,2.8,0.46,Amazônia,12.7
debf9718-2f3e-3594-b871-af1a2d00cccb, -14.094240, -64.840480,2026-06-20 17:39:00,NOAA-20,Cercado,El Beni,Bolivia,25,3,28,7,1.79,0.53,,6.1
808e27ac-e0dd-33fd-85af-d29e1b472a1b,  -9.646110, -65.585530,2026-06-20 17:39:00,NOAA-20,PORTO VELHO,RONDÔNIA,Brasil,1100205,11,33,4,0.0,0.27,Amazônia,16.6
3bc670fb-fb4a-3748-9cfb-52305a091cd2, -13.393540, -65.748600,2026-06-20 17:39:00,NOAA-20,Yacuma,El Beni,Bolivia,31,3,28,7,9.25,0.68,,8.9
3c8bce9d-0f74-31d5-9943-04886df9b741, -12.262850, -66.118060,2026-06-20 17:39:00,NOAA-20,Yacuma,El Beni,Bolivia,31,3,28,8,0.1,0.99,,4.7
17bea5e0-74db-3bdf-9491-3c61b160c7c8, -15.554390, -63.386910,2026-06-20 17:39:00,NOAA-20,Marbán,El Beni,Bolivia,28,3,28,9,0.57,0.32,,10.1
e677f373-2bd5-3102-b35b-5e44ecbaae3e, -13.310070, -63.664550,2026-06-20 17:39:00,NOAA-20,Vaca Díez,El Beni,Bolivia,30,3,28,8,1.4,0.8,,17.1
2baf8efa-79b3-332b-8ab9-e9d97d33bb4e, -12.859780, -65.429050,2026-06-20 17:39:00,NOAA-20,Yacuma,El Beni,Bolivia,31,3,28,7,1.27,0.98,,16.7
d73b8f58-03f2-3528-9afc-c0e303e7e614, -12.434540, -65.032710,2026-06-20 17:39:00,NOAA-20,Mamoré,El Beni,Bolivia,27,3,28,9,0.0,1.0,,4.2
428285d4-3645-3612-87f9-682d4aebaaf8, -11.252510, -49.801910,2026-06-20 17:39:00,NOAA-20,LAGOA DA CONFUSÃO,TOCANTINS,Brasil,1711902,17,33,38,0.0,1.0,Cerrado,3.8
f647fd27-fc0c-37c1-8ff7-94e7b53d62ea,  -8.222580, -61.746290,2026-06-20 17:39:00,NOAA-20,MANICORÉ,AMAZONAS,Brasil,1302702,13,33,0,0.0,0.9,Amazônia,6.4
41384d61-5cd8-301f-99d9-ec2cdfc15c55, -15.597540, -61.791010,2026-06-20 17:39:00,NOAA-20,Ñuflo de Chávez,Santa Cruz,Bolivia,78,8,28,6,0.0,0.36,,5.6
3460fc14-1542-3698-b6d1-2967b731006b, -13.954810, -53.938740,2026-06-20 17:39:00,NOAA-20,PARANATINGA,MATO GROSSO,Brasil,5106307,51,33,4,2.11,0.83,Cerrado,9.9
5a41c5c1-f439-3bff-89bf-eeb91a5735ab,  -8.257200, -61.773150,2026-06-20 17:39:00,NOAA-20,MANICORÉ,AMAZONAS,Brasil,1302702,13,33,0,0.0,0.88,Amazônia,5.3
c25384bf-bd47-3c7d-a334-33f8848e09ff,  -8.784790, -63.800850,2026-06-20 17:39:00,NOAA-20,PORTO VELHO,RONDÔNIA,Brasil,1100205,11,33,2,3.32,-999.0,Amazônia,4.7
01c593ed-98e4-3761-a735-9be16790f2e2, -15.596980, -61.787100,2026-06-20 17:39:00,NOAA-20,Ñuflo de Chávez,Santa Cruz,Bolivia,78,8,28,6,0.0,0.36,,12.0
48a30622-3707-3671-885a-bd1de127bc6b, -12.956430, -64.241840,2026-06-20 17:39:00,NOAA-20,Vaca Díez,El Beni,Bolivia,30,3,28,8,0.2,1.0,,4.9
9ad2f5be-5930-3ca8-bea4-ee09bea7061f,  -8.250570, -61.774170,2026-06-20 17:39:00,NOAA-20,MANICORÉ,AMAZONAS,Brasil,1302702,13,33,0,0.0,0.88,Amazônia,3.8
057ce19e-60ef-3b7a-b69c-734d37f3d27e, -12.053950, -65.319980,2026-06-20 17:39:00,NOAA-20,Yacuma,El Beni,Bolivia,31,3,28,4,0.0,1.0,,6.4
a627fe12-5a15-3448-9c2a-5f1e359fcf48, -13.340770, -66.530500,2026-06-20 17:39:00,NOAA-20,José Ballivián,El Beni,Bolivia,26,3,28,7,17.73,0.04,,7.0
7eedca12-90c8-351d-afe9-9d6b865a05df, -10.821390, -56.593300,2026-06-20 17:39:00,NOAA-20,TABAPORÃ,MATO GROSSO,Brasil,5107941,51,33,2,0.73,0.44,Amazônia,4.5
d4741f62-1145-366a-b5a1-65fa006e6a18, -15.594080, -61.791520,2026-06-20 17:39:00,NOAA-20,Ñuflo de Chávez,Santa Cruz,Bolivia,78,8,28,6,0.0,0.36,,5.6
2a09a21e-4213-3344-a709-4420055e86f0, -11.624790, -46.440590,2026-06-20 17:39:00,NOAA-20,DIANÓPOLIS,TOCANTINS,Brasil,1707009,17,33,23,0.0,1.0,Cerrado,15.8
dd9efdd8-745b-36a4-9abf-809a075e44e8, -12.665170, -66.396450,2026-06-20 17:39:00,NOAA-20,Yacuma,El Beni,Bolivia,31,3,28,5,0.57,0.94,,8.2
ed31df00-9378-3b1b-8f77-7a2a09b0e0bd, -15.593520, -61.787620,2026-06-20 17:39:00,NOAA-20,Ñuflo de Chávez,Santa Cruz,Bolivia,78,8,28,6,0.0,0.36,,12.0
4548acec-7fa3-37f4-868f-43d635859fbe,  -8.215120, -61.786720,2026-06-20 17:39:00,NOAA-20,MANICORÉ,AMAZONAS,Brasil,1302702,13,33,0,0.0,0.93,Amazônia,3.6
0c8c775b-4b0b-3037-b79a-ef891b89c21e,  -8.908420, -47.763670,2026-06-20 17:39:00,NOAA-20,SANTA MARIA DO TOCANTINS,TOCANTINS,Brasil,1718881,17,33,3,0.0,1.0,Cerrado,16.3
df137b6a-94ec-3ecf-bc17-c97df0284ebf, -12.568080, -66.750140,2026-06-20 17:39:00,NOAA-20,José Ballivián,El Beni,Bolivia,26,3,28,7,0.76,0.51,,3.3
5a431f2e-86ef-3764-94c0-e5878b4023b0, -11.304500, -54.725850,2026-06-20 17:39:00,NOAA-20,CLÁUDIA,MATO GROSSO,Brasil,5103056,51,33,9,1.27,0.44,Amazônia,10.8
6bb43590-0a3e-3e00-b31a-f95d149abc6e,  -7.670560, -48.255250,2026-06-20 17:39:00,NOAA-20,NOVA OLINDA,TOCANTINS,Brasil,1714880,17,33,5,0.0,0.95,Cerrado,6.1
029993b2-b1ad-3c45-815d-5735e160c0f5, -12.950040, -65.725200,2026-06-20 17:39:00,NOAA-20,Yacuma,El Beni,Bolivia,31,3,28,8,0.13,0.91,,6.4
0b8057c9-8454-3fbb-802a-4e64d6ce0874, -13.311570, -63.668220,2026-06-20 17:39:00,NOAA-20,Vaca Díez,El Beni,Bolivia,30,3,28,8,1.35,0.91,,8.9
eeea5c74-810d-37c6-9fd0-e576c774a3ad, -13.341910, -66.539280,2026-06-20 17:39:00,NOAA-20,José Ballivián,El Beni,Bolivia,26,3,28,7,17.39,0.01,,51.6
2644ad89-c8dc-3433-beab-73cb6c43b4f9,  -9.514750, -68.256030,2026-06-20 17:39:00,NOAA-20,BUJARI,ACRE,Brasil,1200138,12,33,5,0.5,0.25,Amazônia,3.7
780f5304-0fb3-3fbe-b9b9-57451a47be5a, -12.259150, -66.122620,2026-06-20 17:39:00,NOAA-20,Yacuma,El Beni,Bolivia,31,3,28,8,0.1,1.0,,8.1
92bed5fd-375a-3e87-845a-c5037b05e5b7, -12.550310, -54.592020,2026-06-20 17:39:00,NOAA-20,NOVA UBIRATÃ,MATO GROSSO,Brasil,5106240,51,33,13,0.21,0.6,Amazônia,4.7
2cbb2814-2b87-3991-b3ba-54310978e907, -13.341340, -66.534900,2026-06-20 17:39:00,NOAA-20,José Ballivián,El Beni,Bolivia,26,3,28,7,17.56,0.03,,51.6
6dcde45f-a039-3eaf-982f-e94175f3788b, -12.956430, -64.243770,2026-06-20 17:39:00,NOAA-20,Vaca Díez,El Beni,Bolivia,30,3,28,9,0.2,1.0,,3.0
6547ee8c-db42-3627-ae26-4a2521067c30, -13.918810, -54.074740,2026-06-20 17:39:00,NOAA-20,PARANATINGA,MATO GROSSO,Brasil,5106307,51,33,3,5.31,0.69,Cerrado,9.4
bb33002d-df45-3005-8112-69c77e1636e2,  -8.203580, -61.777760,2026-06-20 17:39:00,NOAA-20,MANICORÉ,AMAZONAS,Brasil,1302702,13,33,0,0.0,0.94,Amazônia,2.1
8f77c2a0-e87c-3904-baec-63d46f96f4ee,  -8.214590, -61.783230,2026-06-20 17:39:00,NOAA-20,MANICORÉ,AMAZONAS,Brasil,1302702,13,33,0,0.0,0.93,Amazônia,3.7
ba2da1d3-15b1-3f8e-b14a-1b4f601fb9a2, -12.862860, -65.421180,2026-06-20 17:39:00,NOAA-20,Yacuma,El Beni,Bolivia,31,3,28,7,1.48,0.95,,8.0
e78478be-5c91-3676-ad87-95dfa31dda5b,  -8.954180, -49.845620,2026-06-20 17:39:00,NOAA-20,SANTA MARIA DAS BARREIRAS,PARÁ,Brasil,1506583,15,33,35,0.0,1.0,Amazônia,9.5
77258c59-626b-38df-806d-a2d69cd241d8, -15.488380, -70.777950,2026-06-20 17:39:00,NOAA-20,Lampa,Puno,Peru,167,22,178,10,0.1,0.7,,14.9
b9005cd7-7d01-3237-9650-182a73cb240f, -11.219490, -46.391570,2026-06-20 17:39:00,NOAA-20,FORMOSA DO RIO PRETO,BAHIA,Brasil,2911105,29,33,28,0.0,1.0,Cerrado,8.6
b06ed664-05e0-3579-8e75-c89fea8907d8, -12.459700, -67.256960,2026-06-20 17:39:00,NOAA-20,Abel Iturralde,La Paz,Bolivia,32,4,28,7,0.45,0.9,,6.8
ccf60c14-685d-3141-8188-565287a91624, -13.928620, -65.368640,2026-06-20 17:39:00,NOAA-20,Yacuma,El Beni,Bolivia,31,3,28,8,13.02,0.05,,8.8
dbfd8923-d297-3091-b5eb-936ae2d85555,  -8.283280, -61.789940,2026-06-20 17:39:00,NOAA-20,MANICORÉ,AMAZONAS,Brasil,1302702,13,33,0,0.0,0.86,Amazônia,3.5
73cce134-f9b4-3e5e-956d-cf96bbf185a7, -14.037270, -64.626380,2026-06-20 17:39:00,NOAA-20,Mamoré,El Beni,Bolivia,27,3,28,7,2.34,0.57,,20.7
0295a2f1-83f2-3a8f-b27d-ac907ff8621c,  -8.902600, -62.234570,2026-06-20 17:39:00,NOAA-20,MACHADINHO D'OESTE,RONDÔNIA,Brasil,1100130,11,33,0,2.8,0.25,Amazônia,1.4
9200407f-9440-3272-9365-f6d274e49015, -12.569390, -54.770140,2026-06-20 17:39:00,NOAA-20,FELIZ NATAL,MATO GROSSO,Brasil,5103700,51,33,17,2.9,0.66,Amazônia,4.5
8a96895f-7035-3c2f-b509-2a681c7606db,  -8.218440, -61.786210,2026-06-20 17:39:00,NOAA-20,MANICORÉ,AMAZONAS,Brasil,1302702,13,33,0,0.0,0.93,Amazônia,3.6
3f3d9a8f-4cb1-3544-a441-fa742779b574, -13.393040, -65.744690,2026-06-20 17:39:00,NOAA-20,Yacuma,El Beni,Bolivia,31,3,28,7,9.09,0.7,,5.2
de39c784-7b55-35c8-848e-88818f13ae8e, -12.665720, -66.400650,2026-06-20 17:39:00,NOAA-20,Yacuma,El Beni,Bolivia,31,3,28,5,0.62,0.94,,3.8
3e57edbc-ab61-3dc4-8927-fbef9a66a753, -12.859280, -65.425380,2026-06-20 17:39:00,NOAA-20,Yacuma,El Beni,Bolivia,31,3,28,7,1.39,0.97,,35.6
f35b06b0-6f19-308c-a2f3-8c3121d69185, -11.310110, -54.733020,2026-06-20 17:39:00,NOAA-20,CLÁUDIA,MATO GROSSO,Brasil,5103056,51,33,9,1.23,0.42,Amazônia,7.5
08d57307-088b-3a4b-8c99-bd4fe8b9be56,  -9.262450, -59.830650,2026-06-20 17:39:00,NOAA-20,COLNIZA,MATO GROSSO,Brasil,5103254,51,33,2,1.87,0.44,Amazônia,3.4
0e79e9b1-890b-34f2-a8e5-d5d79d51acaf, -10.200650, -65.520050,2026-06-20 17:39:00,NOAA-20,Federico Román,Pando,Bolivia,60,6,28,6,1.2,0.19,,6.4
b3bf7de2-6ee2-3409-9677-c48f924f79a8,  -9.261890, -59.827050,2026-06-20 17:39:00,NOAA-20,COLNIZA,MATO GROSSO,Brasil,5103254,51,33,2,1.87,0.5,Amazônia,5.9
094c3cc7-aaaa-3c35-ad2b-f346a991891a, -12.429430, -54.179360,2026-06-20 17:39:00,NOAA-20,NOVA UBIRATÃ,MATO GROSSO,Brasil,5106240,51,33,24,0.75,0.55,Amazônia,13.0
c9f2bc49-c4b0-306d-98f3-7c33dd5d2146, -12.468230, -67.251020,2026-06-20 17:39:00,NOAA-20,Abel Iturralde,La Paz,Bolivia,32,4,28,7,0.53,0.97,,5.7
c612b9fa-718b-3be0-a417-1f202b56ddbc, -12.883090, -64.602650,2026-06-20 17:39:00,NOAA-20,Mamoré,El Beni,Bolivia,27,3,28,8,1.45,0.99,,5.7
43fbb1fc-8dd1-3e26-946a-68b6ec6958ad, -13.397230, -65.744120,2026-06-20 17:39:00,NOAA-20,Yacuma,El Beni,Bolivia,31,3,28,7,9.41,0.66,,5.2
b7a0c3f6-d9d6-33ee-a55e-6691c25f9955, -11.309420, -54.729080,2026-06-20 17:39:00,NOAA-20,CLÁUDIA,MATO GROSSO,Brasil,5103056,51,33,9,1.21,0.42,Amazônia,18.7
3676e50f-b938-3c13-8820-004518122507,  -8.235320, -61.740780,2026-06-20 17:39:00,NOAA-20,MANICORÉ,AMAZONAS,Brasil,1302702,13,33,0,0.0,0.89,Amazônia,4.0
4a80e867-4b00-3624-8ad4-040df23eb7e2,  -8.228160, -61.738300,2026-06-20 17:39:00,NOAA-20,MANICORÉ,AMAZONAS,Brasil,1302702,13,33,0,0.0,0.9,Amazônia,3.5
1d4b21f6-c572-3e18-aa58-681202f14844, -12.965750, -64.419590,2026-06-20 17:39:00,NOAA-20,Mamoré,El Beni,Bolivia,27,3,28,0,0.2,0.81,,13.6
3b8834fe-38d6-3ac8-bc7c-a69f6b4f0ae7, -14.100070, -64.823570,2026-06-20 17:39:00,NOAA-20,Cercado,El Beni,Bolivia,25,3,28,7,1.69,0.55,,10.5
0fa9c5cd-56ce-30a6-9eb8-ef1dec433c67, -12.428240, -73.916760,2026-06-20 17:39:00,NOAA-20,Huanta,Ayacucho,Peru,46,5,178,2,0.0,0.32,,7.2
e0c2eb98-3429-35e9-bdf5-3f14b734feaa,  -7.672460, -48.258110,2026-06-20 17:39:00,NOAA-20,NOVA OLINDA,TOCANTINS,Brasil,1714880,17,33,5,0.0,0.92,Cerrado,8.1
793e25f3-0c26-33cf-a51e-4ac3ca305286, -10.503600, -57.607900,2026-06-20 17:39:00,NOAA-20,JUARA,MATO GROSSO,Brasil,5105101,51,33,4,1.51,0.22,Amazônia,5.7
d3f4fb78-fd92-3a9a-9fc8-1ece2495fe05,  -8.275060, -61.780470,2026-06-20 17:39:00,NOAA-20,MANICORÉ,AMAZONAS,Brasil,1302702,13,33,0,0.0,0.86,Amazônia,8.5
f6da6858-7ae6-3350-ae82-a224c27ddfce, -11.622760, -55.184530,2026-06-20 17:39:00,NOAA-20,CLÁUDIA,MATO GROSSO,Brasil,5103056,51,33,7,1.1,0.48,Amazônia,4.4
502561fa-6752-3c84-85f6-32a4ec422ee3, -10.838340, -49.114500,2026-06-20 17:39:00,NOAA-20,SANTA RITA DO TOCANTINS,TOCANTINS,Brasil,1718899,17,33,48,0.0,1.0,Cerrado,36.3
ec8685d8-6926-32e4-b1d7-2a211e7209f4, -10.822720, -46.703540,2026-06-20 17:39:00,NOAA-20,MATEIROS,TOCANTINS,Brasil,1712702,17,33,28,0.0,1.0,Cerrado,5.2
2f560840-67ff-320a-8ac4-ee37c2d59136, -11.774170, -65.644360,2026-06-20 17:39:00,NOAA-20,Vaca Díez,El Beni,Bolivia,30,3,28,6,0.0,0.49,,6.9
dbd07ea5-a1a7-387c-9f58-24163153acce, -13.719670, -64.210290,2026-06-20 17:39:00,NOAA-20,Vaca Díez,El Beni,Bolivia,30,3,28,10,0.65,0.92,,5.8
9fb0ffb8-7c6b-3b70-9d9b-3887dcc9e9c8, -10.833140, -49.120450,2026-06-20 17:39:00,NOAA-20,SANTA RITA DO TOCANTINS,TOCANTINS,Brasil,1718899,17,33,46,0.0,1.0,Cerrado,29.2
0e983676-b6be-3537-8dde-873394f4e13d, -10.640750, -49.621220,2026-06-20 17:39:00,NOAA-20,LAGOA DA CONFUSÃO,TOCANTINS,Brasil,1711902,17,33,21,0.0,1.0,Cerrado,10.4
790a4c12-9b27-30a1-955d-ac7db3d0b383, -12.069400, -48.427430,2026-06-20 17:39:00,NOAA-20,PEIXE,TOCANTINS,Brasil,1716604,17,33,28,0.0,1.0,Cerrado,12.4
eb53d98d-e2af-3146-99bd-ab484aaee752, -10.822060, -56.596040,2026-06-20 17:39:00,NOAA-20,TABAPORÃ,MATO GROSSO,Brasil,5107941,51,33,2,0.71,0.45,Amazônia,5.1
63373953-c3cc-37ec-a97e-d031b8c21e03, -11.785870, -65.639000,2026-06-20 17:39:00,NOAA-20,Vaca Díez,El Beni,Bolivia,30,3,28,6,0.0,0.49,,16.6
6c7d070c-e50a-3817-bf72-be90a2e2589f, -11.628140, -46.437190,2026-06-20 17:39:00,NOAA-20,DIANÓPOLIS,TOCANTINS,Brasil,1707009,17,33,23,0.0,1.0,Cerrado,19.0
f0ed81aa-a0c8-333f-885b-ca680b88ccb7, -15.490860, -70.779440,2026-06-20 17:39:00,NOAA-20,Lampa,Puno,Peru,167,22,178,10,0.1,0.7,,7.4
83996fe7-90b5-34a9-b7fa-d71879173119, -10.637730, -49.620090,2026-06-20 17:39:00,NOAA-20,LAGOA DA CONFUSÃO,TOCANTINS,Brasil,1711902,17,33,21,0.0,1.0,Cerrado,13.6
1b44ec47-d7b3-303b-b09a-e182d26e85aa, -15.490370, -70.774700,2026-06-20 17:39:00,NOAA-20,Lampa,Puno,Peru,167,22,178,10,0.1,0.7,,7.4
a7c47a03-3497-3b7a-b97c-a9fbc8bbf808,  -8.269950, -61.767640,2026-06-20 17:39:00,NOAA-20,MANICORÉ,AMAZONAS,Brasil,1302702,13,33,0,0.0,0.86,Amazônia,4.5
7195175b-17ac-300a-9d68-dee85e60fd32, -12.571260, -54.770270,2026-06-20 17:39:00,NOAA-20,FELIZ NATAL,MATO GROSSO,Brasil,5103700,51,33,17,2.94,0.78,Amazônia,6.4
98079ce5-48e0-334a-a6e6-105a4d7ae064, -10.769680, -50.502720,2026-06-20 17:39:00,NOAA-20,LAGOA DA CONFUSÃO,TOCANTINS,Brasil,1711902,17,33,13,0.0,1.0,Cerrado,8.9
3775261c-a266-3cfe-a8bf-10720562989b, -12.863350, -65.424840,2026-06-20 17:39:00,NOAA-20,Yacuma,El Beni,Bolivia,31,3,28,7,1.37,0.97,,8.0
9f929d3d-706b-3573-9e4c-5f90aaa5e618, -12.058410, -65.322920,2026-06-20 17:39:00,NOAA-20,Yacuma,El Beni,Bolivia,31,3,28,4,0.0,1.0,,9.6
7fcd5719-80d4-318f-a8ae-39e5e94f21c2, -12.436550, -58.397700,2026-06-20 17:39:00,NOAA-20,BRASNORTE,MATO GROSSO,Brasil,5101902,51,33,0,0.1,0.04,Cerrado,8.5
f772c000-18fa-3803-86e6-3bef65cbc014,  -8.225900, -61.745780,2026-06-20 17:39:00,NOAA-20,MANICORÉ,AMAZONAS,Brasil,1302702,13,33,0,0.0,0.9,Amazônia,6.4
93acdbd0-1943-3371-b6dd-867a2b0de397, -11.305200, -54.729790,2026-06-20 17:39:00,NOAA-20,CLÁUDIA,MATO GROSSO,Brasil,5103056,51,33,9,1.3,0.41,Amazônia,10.8
0543bf00-52fe-36c2-8a23-d47f80a284ed, -13.153040, -64.496580,2026-06-20 17:39:00,NOAA-20,Mamoré,El Beni,Bolivia,27,3,28,3,0.1,0.96,,3.6
920039d3-8fd5-35e1-aac2-918c26c3a9fb, -10.024160, -59.342510,2026-06-20 17:39:00,NOAA-20,ARIPUANÃ,MATO GROSSO,Brasil,5101407,51,33,0,0.38,0.36,Amazônia,4.6
2c35263f-63b1-342b-92ac-166d7ffedaf3, -12.947720, -65.725740,2026-06-20 17:39:00,NOAA-20,Yacuma,El Beni,Bolivia,31,3,28,8,0.12,0.91,,10.3
f6420209-4b00-32a0-bcf4-2607e08e3b5d, -10.706990, -49.515870,2026-06-20 17:39:00,NOAA-20,LAGOA DA CONFUSÃO,TOCANTINS,Brasil,1711902,17,33,39,0.0,1.0,Cerrado,5.1
2d7f534e-e5a3-3aab-a81c-c5528b106e9f, -13.500290, -56.574340,2026-06-20 17:39:00,NOAA-20,SÃO JOSÉ DO RIO CLARO,MATO GROSSO,Brasil,5107305,51,33,4,6.0,0.07,Cerrado,5.6
97a57467-5acc-3fac-b353-b2c78549bd1f,  -8.197470, -61.782260,2026-06-20 17:39:00,NOAA-20,MANICORÉ,AMAZONAS,Brasil,1302702,13,33,0,0.0,0.95,Amazônia,4.1
de201c8a-2fe9-3251-8f99-8832ab6b78d2,  -9.788650, -56.960580,2026-06-20 17:39:00,NOAA-20,NOVA MONTE VERDE,MATO GROSSO,Brasil,5108956,51,33,1,0.0,1.0,Amazônia,6.4
7fe13eae-96c9-392f-aae4-d41225dfead3, -13.459510, -65.361120,2026-06-20 17:39:00,NOAA-20,Yacuma,El Beni,Bolivia,31,3,28,7,6.29,0.29,,2.6
ae28e237-0a4a-3474-9aa1-52b7d8c5da6b, -12.066400, -65.321810,2026-06-20 17:39:00,NOAA-20,Yacuma,El Beni,Bolivia,31,3,28,4,0.0,1.0,,7.3
8ee9d925-f1c9-3bf8-b69e-fcadf92c3593, -12.226100, -57.283010,2026-06-20 17:39:00,NOAA-20,NOVA MARINGÁ,MATO GROSSO,Brasil,5108907,51,33,20,2.48,0.17,Amazônia,10.1
1eeacf5f-08ea-3e57-8c29-46b2608cfa04, -12.829570, -65.388660,2026-06-20 17:39:00,NOAA-20,Yacuma,El Beni,Bolivia,31,3,28,6,2.32,0.99,,6.9
9ae121e1-3a15-3daa-871d-87524298ed53, -13.345180, -66.529930,2026-06-20 17:39:00,NOAA-20,José Ballivián,El Beni,Bolivia,26,3,28,7,17.79,0.04,,7.0
1323f947-7271-3975-96e2-c837ed38d67e, -14.041200, -64.625830,2026-06-20 17:39:00,NOAA-20,Mamoré,El Beni,Bolivia,27,3,28,7,2.19,0.59,,4.8
607b86cf-6a05-388c-a4fe-ec73e355ec67, -10.840220, -49.124150,2026-06-20 17:39:00,NOAA-20,SANTA RITA DO TOCANTINS,TOCANTINS,Brasil,1718899,17,33,48,0.0,1.0,Cerrado,29.2
cdb06a36-61c0-3667-a69f-92ffb9ec7839, -11.629640, -46.444280,2026-06-20 17:39:00,NOAA-20,DIANÓPOLIS,TOCANTINS,Brasil,1707009,17,33,23,0.0,1.0,Cerrado,19.0
05db9fa1-bf18-3a8f-a2b8-0aa7ca0fa014,  -8.901000, -62.223860,2026-06-20 17:39:00,NOAA-20,MACHADINHO D'OESTE,RONDÔNIA,Brasil,1100130,11,33,0,2.78,0.46,Amazônia,5.1
b533d8ee-2858-30e8-95c3-2eaa0f24edba, -13.296310, -64.468690,2026-06-20 17:39:00,NOAA-20,Mamoré,El Beni,Bolivia,27,3,28,9,0.0,1.0,,3.9
96e73488-4bb5-3047-9f77-f6cc5caf183f, -10.763310, -50.499910,2026-06-20 17:39:00,NOAA-20,LAGOA DA CONFUSÃO,TOCANTINS,Brasil,1711902,17,33,12,0.0,1.0,Cerrado,8.9
b08ac836-ecf0-3a08-8056-62962835d5d6, -12.893990, -64.596110,2026-06-20 17:39:00,NOAA-20,Mamoré,El Beni,Bolivia,27,3,28,8,1.36,0.8,,6.9
342712f5-5f4a-317c-9456-d24de365ce56, -12.882410, -64.597750,2026-06-20 17:39:00,NOAA-20,Mamoré,El Beni,Bolivia,27,3,28,9,1.4,0.97,,10.5
911c0d34-3bb1-3883-9aa0-359c70c643c3,  -8.201840, -61.788740,2026-06-20 17:39:00,NOAA-20,MANICORÉ,AMAZONAS,Brasil,1302702,13,33,0,0.0,0.94,Amazônia,14.2
3ae4d0c6-34ae-3890-bc0b-af249d519907, -12.263370, -66.122030,2026-06-20 17:39:00,NOAA-20,Yacuma,El Beni,Bolivia,31,3,28,8,0.1,0.99,,8.1
d9accf3b-3fab-394c-8abb-38067803355c, -12.459090, -67.252220,2026-06-20 17:39:00,NOAA-20,Abel Iturralde,La Paz,Bolivia,32,4,28,7,0.44,0.92,,6.4
3758b1fd-3e6b-3784-990d-972788625c90, -12.811020, -54.857670,2026-06-20 17:39:00,NOAA-20,NOVA UBIRATÃ,MATO GROSSO,Brasil,5106240,51,33,6,3.5,0.32,Cerrado,5.0
ec3c3e5b-c138-33be-a0b5-405843389971, -13.736270, -63.667000,2026-06-20 17:39:00,NOAA-20,Vaca Díez,El Beni,Bolivia,30,3,28,10,0.0,1.0,,3.7
042b25c5-39bc-3763-b818-4ede2b2c8243,  -9.650030, -65.584950,2026-06-20 17:39:00,NOAA-20,PORTO VELHO,RONDÔNIA,Brasil,1100205,11,33,4,0.0,0.42,Amazônia,8.8
96fc8c7a-1c42-3914-b384-41bbf5fa6c78, -10.326550, -49.906810,2026-06-20 17:39:00,NOAA-20,PIUM,TOCANTINS,Brasil,1717503,17,33,52,0.0,0.91,Cerrado,6.1
fec7edb6-8f31-3816-aabc-8383cc5f6043,  -8.225370, -61.742290,2026-06-20 17:39:00,NOAA-20,MANICORÉ,AMAZONAS,Brasil,1302702,13,33,0,0.0,0.9,Amazônia,6.4
fc709403-49dc-3ebe-8f28-117a48088c1c, -10.613170, -50.492700,2026-06-20 17:39:00,NOAA-20,PIUM,TOCANTINS,Brasil,1717503,17,33,29,0.0,1.0,Cerrado,4.6
8895326c-9ebd-37d3-8f6f-2f67bf503f71, -13.346320, -66.538690,2026-06-20 17:39:00,NOAA-20,José Ballivián,El Beni,Bolivia,26,3,28,7,17.44,0.01,,51.6
88990e96-5b12-3120-892a-e99db51fc435, -13.932230, -65.364330,2026-06-20 17:39:00,NOAA-20,Yacuma,El Beni,Bolivia,31,3,28,8,13.08,0.04,,3.4
38641491-2090-33d1-a8c7-93fcbf9bde9d,  -8.912640, -62.233040,2026-06-20 17:39:00,NOAA-20,MACHADINHO D'OESTE,RONDÔNIA,Brasil,1100130,11,33,0,2.82,0.59,Amazônia,10.3
017a8c87-98c1-3b03-b35c-87ce71a9ee1d,  -8.218740, -61.743310,2026-06-20 17:39:00,NOAA-20,MANICORÉ,AMAZONAS,Brasil,1302702,13,33,0,0.0,0.91,Amazônia,4.0
454525d1-6870-3b15-8142-a3978dcba224, -12.152940, -63.033680,2026-06-20 17:39:00,NOAA-20,SÃO MIGUEL DO GUAPORÉ,RONDÔNIA,Brasil,1100320,11,33,0,0.02,0.6,Amazônia,3.5
237071e2-662b-31d1-b56f-139d22cc4dfa,  -8.256670, -61.769660,2026-06-20 17:39:00,NOAA-20,MANICORÉ,AMAZONAS,Brasil,1302702,13,33,0,0.0,0.88,Amazônia,6.7
5d476042-0c81-340b-a5ad-ecd564e88dec, -13.310940, -63.663800,2026-06-20 17:39:00,NOAA-20,Vaca Díez,El Beni,Bolivia,30,3,28,8,1.4,0.81,,13.5
51e79d89-620b-3128-a274-1cfd7e020479, -12.553780, -54.587380,2026-06-20 17:39:00,NOAA-20,NOVA UBIRATÃ,MATO GROSSO,Brasil,5106240,51,33,13,0.2,0.6,Amazônia,7.3
96afd3ee-8a6c-3103-a454-82011d3472ad, -12.570060, -54.773890,2026-06-20 17:39:00,NOAA-20,FELIZ NATAL,MATO GROSSO,Brasil,5103700,51,33,16,3.02,0.82,Amazônia,4.5
7905e462-2159-3bda-9470-784513482062, -12.432980, -54.174360,2026-06-20 17:39:00,NOAA-20,NOVA UBIRATÃ,MATO GROSSO,Brasil,5106240,51,33,23,0.71,0.56,Amazônia,7.0
0ac9f39a-0812-3d30-81d2-7eb070dc2fb2, -12.053480, -65.316510,2026-06-20 17:39:00,NOAA-20,Yacuma,El Beni,Bolivia,31,3,28,4,0.0,1.0,,6.4
d5586fd1-f8b5-386f-9984-371bc4ccee2c, -12.062400, -65.322360,2026-06-20 17:39:00,NOAA-20,Yacuma,El Beni,Bolivia,31,3,28,4,0.0,1.0,,7.3
a276d948-c566-3ccc-9fa8-4dd479303a72, -10.839270, -49.119290,2026-06-20 17:39:00,NOAA-20,SANTA RITA DO TOCANTINS,TOCANTINS,Brasil,1718899,17,33,48,0.0,1.0,Cerrado,29.2
c89ba80b-051a-364f-b149-67a66da70c72,  -8.949020, -49.851330,2026-06-20 17:39:00,NOAA-20,SANTA MARIA DAS BARREIRAS,PARÁ,Brasil,1506583,15,33,36,0.0,1.0,Amazônia,5.1
8ad8fbf5-9d8d-3e5d-8a18-ad59ce5ab1d6, -10.503110, -50.482540,2026-06-20 17:39:00,NOAA-20,PIUM,TOCANTINS,Brasil,1717503,17,33,36,0.0,1.0,Cerrado,4.9
ddb541fc-7d62-3f45-b0cd-0ae88a9c8579, -12.273970, -54.091410,2026-06-20 17:39:00,NOAA-20,NOVA UBIRATÃ,MATO GROSSO,Brasil,5106240,51,33,33,0.32,0.6,Amazônia,13.7
0ce75f70-fd62-374b-903f-b5d8ff217fde,  -8.272960, -61.766490,2026-06-20 17:39:00,NOAA-20,MANICORÉ,AMAZONAS,Brasil,1302702,13,33,0,0.0,0.86,Amazônia,2.6
9272b530-ab41-32a0-9a84-db99db743e72, -13.234820, -63.683690,2026-06-20 17:39:00,NOAA-20,Vaca Díez,El Beni,Bolivia,30,3,28,8,1.72,0.31,,2.4
2b662073-65b5-3137-8dc1-a546eb954ae2, -11.162550, -48.802220,2026-06-20 17:39:00,NOAA-20,CRIXÁS DO TOCANTINS,TOCANTINS,Brasil,1706258,17,33,42,0.0,1.0,Cerrado,6.5
07eb8d38-de71-3da7-83b9-0ee68b888f9c,  -8.233060, -61.748260,2026-06-20 17:39:00,NOAA-20,MANICORÉ,AMAZONAS,Brasil,1302702,13,33,0,0.0,0.89,Amazônia,5.0
debabeeb-3e6a-3cb1-8206-917c6581b4e6, -12.428700, -54.175190,2026-06-20 17:39:00,NOAA-20,NOVA UBIRATÃ,MATO GROSSO,Brasil,5106240,51,33,24,0.73,0.55,Amazônia,13.0
3a3159a2-5ae4-3aa8-9262-60b13e58a969, -10.263550, -48.308730,2026-06-20 17:39:00,NOAA-20,PALMAS,TOCANTINS,Brasil,1721000,17,33,20,1.59,0.85,Cerrado,7.6
1bc28631-34ec-3383-95e7-87fb96b5b56c,  -8.206370, -61.773760,2026-06-20 17:39:00,NOAA-20,MANICORÉ,AMAZONAS,Brasil,1302702,13,33,0,0.0,0.94,Amazônia,2.3
6fcdff50-274e-3d66-b6be-bf0babc36dc2, -13.293130, -64.474110,2026-06-20 17:39:00,NOAA-20,Mamoré,El Beni,Bolivia,27,3,28,9,0.0,1.0,,6.5
7475e237-bf2e-3dbb-a460-69914b804814, -12.806950, -54.858450,2026-06-20 17:39:00,NOAA-20,NOVA UBIRATÃ,MATO GROSSO,Brasil,5106240,51,33,6,3.55,0.24,Cerrado,6.0
9f325f78-20aa-3d06-be55-ab4dcd2edd41,  -8.198000, -61.785750,2026-06-20 17:39:00,NOAA-20,MANICORÉ,AMAZONAS,Brasil,1302702,13,33,0,0.0,0.95,Amazônia,4.1
b1848875-e7db-38bf-b35a-f849dea40bbb, -13.459990, -65.364830,2026-06-20 17:39:00,NOAA-20,Yacuma,El Beni,Bolivia,31,3,28,7,6.35,0.37,,2.6
36ab3397-dd57-3266-9d6a-b02635238dae, -12.436430, -65.016780,2026-06-20 17:39:00,NOAA-20,Mamoré,El Beni,Bolivia,27,3,28,8,0.0,1.0,,11.1
d7a38739-eaa3-351a-9b70-e0af4cd9e0dd, -16.462330, -72.542710,2026-06-20 17:39:00,NOAA-20,Camaná,Arequipa,Peru,36,4,178,-999,0.0,-999.0,,8.0
0e66dea0-b321-3f66-a924-644377ec9598,  -8.905940, -62.234050,2026-06-20 17:39:00,NOAA-20,MACHADINHO D'OESTE,RONDÔNIA,Brasil,1100130,11,33,0,2.8,0.2,Amazônia,16.5
d0abe55f-aaa4-342a-97e7-a8b31fd9b03f, -12.630030, -66.465480,2026-06-20 17:39:00,NOAA-20,José Ballivián,El Beni,Bolivia,26,3,28,5,0.48,0.52,,3.6
a718063c-fc58-3bd8-9341-2c7a7504a5c7,  -8.279960, -61.790450,2026-06-20 17:39:00,NOAA-20,MANICORÉ,AMAZONAS,Brasil,1302702,13,33,0,0.0,0.87,Amazônia,2.8
79f5da1b-a330-3210-bb7e-211dc7bcff60, -11.782290, -65.643200,2026-06-20 17:39:00,NOAA-20,Vaca Díez,El Beni,Bolivia,30,3,28,6,0.0,0.49,,16.6
e3655c0e-acec-33e4-8e85-254cd1883099, -11.631740, -46.438660,2026-06-20 17:39:00,NOAA-20,DIANÓPOLIS,TOCANTINS,Brasil,1707009,17,33,23,0.0,1.0,Cerrado,15.8
bf36ea51-0d11-34fc-bdff-6a46177f5b55, -11.780570, -58.440220,2026-06-20 17:39:00,NOAA-20,JUÍNA,MATO GROSSO,Brasil,5105150,51,33,2,1.01,0.99,Cerrado,2.9
51fcd9b3-6470-3375-9ccb-d110e71ee9f2, -16.178800, -60.405500,2026-06-20 17:40:00,GOES-19,José Miguel de Velasco,Santa Cruz,Bolivia,85,8,28,0,0.0,0.85,,175.9
d7c8068b-b07d-3af9-af5b-c53562e2e483, -18.332100, -59.060300,2026-06-20 17:40:00,GOES-19,Chiquitos,Santa Cruz,Bolivia,80,8,28,1,0.0,0.45,,103.5
e326fd17-2702-3b68-83e6-82dac09a0b1c,  -5.813000, -45.079900,2026-06-20 17:40:00,GOES-19,BARRA DO CORDA,MARANHÃO,Brasil,2101608,21,33,5,0.0,0.9,Cerrado,522.2
acfcb266-79da-32f7-8d17-7cf2d370071c, -18.351600, -59.078500,2026-06-20 17:40:00,GOES-19,Chiquitos,Santa Cruz,Bolivia,80,8,28,0,0.0,0.44,,121.0
1b946813-b698-3ea9-83e5-88a533456ac8, -16.198200, -60.403700,2026-06-20 17:40:00,GOES-19,José Miguel de Velasco,Santa Cruz,Bolivia,85,8,28,0,0.0,1.0,,118.1
ac75b11d-bd0a-353c-9bdf-0df8e36527ea, -13.324500, -66.534800,2026-06-20 17:40:00,GOES-19,José Ballivián,El Beni,Bolivia,26,3,28,7,17.4,0.01,,79.6
a46c4e33-b3d3-3835-a14b-ef5266b3d09d, -16.899400, -60.358600,2026-06-20 17:40:00,GOES-19,José Miguel de Velasco,Santa Cruz,Bolivia,85,8,28,9,2.8,0.37,,222.8
9c2ff09d-3b4f-3803-9b41-550b5f22a086, -16.899100, -60.378600,2026-06-20 17:40:00,GOES-19,José Miguel de Velasco,Santa Cruz,Bolivia,85,8,28,10,2.55,0.39,,267.3
108c660d-0814-3eb5-be35-c113f086b91a, -16.879600, -60.380500,2026-06-20 17:40:00,GOES-19,José Miguel de Velasco,Santa Cruz,Bolivia,85,8,28,10,2.24,0.42,,92.8
5e1aad30-e7aa-3c04-b306-96bf29b52621, -13.343300, -66.553000,2026-06-20 17:40:00,GOES-19,José Ballivián,El Beni,Bolivia,26,3,28,6,16.82,0.01,,81.8
4e6c1afd-28eb-3600-9951-c356514d8be7, -16.918900, -60.356800,2026-06-20 17:40:00,GOES-19,José Miguel de Velasco,Santa Cruz,Bolivia,85,8,28,9,3.18,0.34,,115.7
3fa27373-75ab-38a5-8677-1b625f53ff4a, -16.918700, -60.376800,2026-06-20 17:40:00,GOES-19,José Miguel de Velasco,Santa Cruz,Bolivia,85,8,28,10,2.88,0.37,,108.8
b8d206f1-dd7d-30d4-beec-677f214559a1,  -5.831700, -45.078600,2026-06-20 17:40:00,GOES-19,BARRA DO CORDA,MARANHÃO,Brasil,2101608,21,33,5,0.0,0.93,Cerrado,166.4
c9ce22a1-f30b-3cfd-a40f-a174afecfcd0, -13.343400, -66.534000,2026-06-20 17:40:00,GOES-19,José Ballivián,El Beni,Bolivia,26,3,28,7,17.62,0.03,,135.6
f21c4df4-413a-3064-80fe-5b7d3e22294e, -18.351900, -59.058100,2026-06-20 17:40:00,GOES-19,Chiquitos,Santa Cruz,Bolivia,80,8,28,0,0.0,0.44,,82.5
f13e1f15-7fe3-3bc2-86e9-479c2fb702e5,  -5.831900, -45.055900,2026-06-20 17:40:00,GOES-19,BARRA DO CORDA,MARANHÃO,Brasil,2101608,21,33,3,0.0,0.97,Cerrado,89.1
5e7b8367-fec0-3a22-90f6-49dd90eca56d, -16.879800, -60.360500,2026-06-20 17:40:00,GOES-19,José Miguel de Velasco,Santa Cruz,Bolivia,85,8,28,10,2.39,0.41,,76.8
ecd08857-ed4c-369d-9dab-ffc1ebde2f0f,  -5.812800, -45.102600,2026-06-20 17:40:00,GOES-19,BARRA DO CORDA,MARANHÃO,Brasil,2101608,21,33,7,0.0,0.91,Cerrado,117.2
fa279bef-a299-3a0c-a73e-ef1b616911a8, -18.331800, -59.080700,2026-06-20 17:40:00,GOES-19,Chiquitos,Santa Cruz,Bolivia,80,8,28,1,0.0,0.45,,108.7
a88d3d35-7cee-3e47-9669-7150ca106d6d,  10.563500, -71.496100,2026-06-20 17:40:00,GOES-19,Santa Rita,Zulia,Venezuela,335,25,249,0,0.5,1.0,,56.4
e909ff41-ac91-3132-bf0b-1e216ff08a06, -10.842900, -49.123600,2026-06-20 17:40:00,GOES-19,SANTA RITA DO TOCANTINS,TOCANTINS,Brasil,1718899,17,33,49,0.0,1.0,Cerrado,129.4
b3c94d53-ac52-3c9a-9c47-bac2425911b0, -10.823900, -49.125700,2026-06-20 17:40:00,GOES-19,SANTA RITA DO TOCANTINS,TOCANTINS,Brasil,1718899,17,33,43,0.0,0.98,Cerrado,108.9
3439dc8b-c8c9-3577-b81c-5fe3b5baff31,  -1.866410, -55.606660,2026-06-20 17:41:00,NOAA-20,ÓBIDOS,PARÁ,Brasil,1505106,15,33,2,2.94,0.03,Amazônia,6.6
fe7dd999-cb44-3c14-9e53-5b7291c6b154,  -2.738990, -58.194060,2026-06-20 17:41:00,NOAA-20,SILVES,AMAZONAS,Brasil,1304005,13,33,2,2.34,0.02,Amazônia,7.1
4dec5521-ca3e-3b8e-a1ed-ead1b2d0c0fb,  -2.952630, -58.312640,2026-06-20 17:41:00,NOAA-20,SILVES,AMAZONAS,Brasil,1304005,13,33,2,0.47,0.04,Amazônia,4.4
73d51884-0a18-38a7-9fc8-c1131ac2a609,  -1.801490, -54.252640,2026-06-20 17:41:00,NOAA-20,MONTE ALEGRE,PARÁ,Brasil,1504802,15,33,3,0.0,1.0,Amazônia,2.2
8f1eda37-2350-3f98-9d78-d0ec943217a5,  -2.033450, -56.445340,2026-06-20 17:41:00,NOAA-20,TERRA SANTA,PARÁ,Brasil,1507979,15,33,5,0.2,0.54,Amazônia,2.3
53664055-362b-3787-b805-4631204b6a70,  -3.955180, -63.249030,2026-06-20 17:41:00,NOAA-20,COARI,AMAZONAS,Brasil,1301209,13,33,1,0.0,0.04,Amazônia,4.0
5a93a86b-793e-36a1-b817-8fb9c397bc46,  -4.621060, -68.209710,2026-06-20 17:41:00,NOAA-20,JUTAÍ,AMAZONAS,Brasil,1302306,13,33,0,1.2,0.01,Amazônia,3.2
f7e9d257-0bab-3260-a514-da709429eafd,  -4.002400, -59.932450,2026-06-20 17:41:00,NOAA-20,AUTAZES,AMAZONAS,Brasil,1300300,13,33,1,0.0,0.01,Amazônia,3.0
5dce077e-87c6-3412-bb22-f9cc4a83309a,  -1.869410, -55.606380,2026-06-20 17:41:00,NOAA-20,ÓBIDOS,PARÁ,Brasil,1505106,15,33,3,2.88,0.04,Amazônia,5.9
567d4cc0-cef9-3cbc-a396-dfb027eb3da1,  -1.688920, -54.059140,2026-06-20 17:41:00,NOAA-20,MONTE ALEGRE,PARÁ,Brasil,1504802,15,33,3,0.1,0.1,Amazônia,2.8
2eb8943d-b7d3-34bc-99bd-a849c8b11af7,  -3.687920, -59.102150,2026-06-20 17:41:00,NOAA-20,AUTAZES,AMAZONAS,Brasil,1300300,13,33,1,0.41,-999.0,Amazônia,1.5
3aae608a-d846-36ea-ac87-0f1515051bce,  -4.319620, -63.438820,2026-06-20 17:41:00,NOAA-20,COARI,AMAZONAS,Brasil,1301209,13,33,0,1.86,0.03,Amazônia,8.4
b47ffcfc-dc82-3933-9e5f-962d5bd2b831,  -7.870610, -72.774020,2026-06-20 17:41:00,NOAA-20,RODRIGUES ALVES,ACRE,Brasil,1200427,12,33,0,0.2,0.24,Amazônia,9.1
6c7dafb8-a6c9-39ee-be09-0f73729b709c,  -3.396540, -64.637440,2026-06-20 17:41:00,NOAA-20,TEFÉ,AMAZONAS,Brasil,1304203,13,33,3,0.38,0.1,Amazônia,4.0
d4677901-0c32-30ac-be9e-b132ee954a3a,  -3.568260, -59.055200,2026-06-20 17:41:00,NOAA-20,AUTAZES,AMAZONAS,Brasil,1300300,13,33,5,0.2,0.06,Amazônia,3.1
435896f5-2a01-34b1-8498-3b89082dd9fd,  -8.443610, -70.248080,2026-06-20 17:41:00,NOAA-20,FEIJÓ,ACRE,Brasil,1200302,12,33,2,0.55,0.29,Amazônia,5.3
3f3a553b-92b0-3c55-bb23-d20939a52159,  -8.324290, -74.636080,2026-06-20 17:41:00,NOAA-20,Coronel Portillo,Ucayali,Peru,193,26,178,2,0.0,0.73,,16.3
f518f547-8dd6-370d-8c8e-61b89a8a83bd,  -2.037820, -56.444640,2026-06-20 17:41:00,NOAA-20,TERRA SANTA,PARÁ,Brasil,1507979,15,33,5,0.2,0.56,Amazônia,2.3
6d5e6f6c-c4d8-3f7f-b257-dda61e6e4f1f,  -2.166190, -56.733540,2026-06-20 17:41:00,NOAA-20,FARO,PARÁ,Brasil,1503002,15,33,4,0.99,-999.0,Amazônia,13.3
96214318-b5bb-3c23-9dc3-a9abb9f77998,  -8.325550, -74.636730,2026-06-20 17:41:00,NOAA-20,Coronel Portillo,Ucayali,Peru,193,26,178,2,0.0,0.72,,12.1
ec8d74a3-b586-33e0-b95b-96a8e26648e7,  -7.871520, -72.771860,2026-06-20 17:41:00,NOAA-20,RODRIGUES ALVES,ACRE,Brasil,1200427,12,33,0,0.2,0.25,Amazônia,5.2
59bac0fb-f4bf-3b12-b745-04a8b183a9a9,  -3.571900, -59.054640,2026-06-20 17:41:00,NOAA-20,AUTAZES,AMAZONAS,Brasil,1300300,13,33,5,0.2,0.06,Amazônia,3.1
e05145c0-048e-306a-9d4f-617b94ff93ed,  -3.610390, -73.338100,2026-06-20 17:41:00,NOAA-20,Maynas,Loreto,Peru,141,17,178,2,2.02,0.04,,2.8
e3d45f1d-d285-30b4-a4ba-8ff725908162,  -3.625220, -64.269210,2026-06-20 17:41:00,NOAA-20,TEFÉ,AMAZONAS,Brasil,1304203,13,33,1,1.5,0.05,Amazônia,12.4
b8424c9c-cb8c-33f4-98e3-2981d8534b0e,  -2.167470, -56.732730,2026-06-20 17:41:00,NOAA-20,FARO,PARÁ,Brasil,1503002,15,33,4,0.98,-999.0,Amazônia,16.0
59f11e7f-3074-3686-89a9-5570a7452703,   3.837310, -71.782330,2026-06-20 17:41:00,NOAA-20,Puerto Gaitán,Meta,Colombia,700,20,53,0,0.2,0.02,,9.4
c50eead6-a281-3122-a6f7-10663a6063aa,   4.733970, -70.404790,2026-06-20 17:41:00,NOAA-20,Santa Rosalía,Vichada,Colombia,1065,32,53,2,0.64,0.03,,7.0
16a388d2-1612-3bcc-92e0-e820c435593d,   5.335570, -61.109700,2026-06-20 17:41:00,NOAA-20,Gran Sabana,Bolívar,Venezuela,71,6,249,0,0.79,0.0,,6.8
7b56e68e-2d96-35d9-af22-9df483f31856,   3.841390, -71.695130,2026-06-20 17:41:00,NOAA-20,Puerto Gaitán,Meta,Colombia,700,20,53,0,0.1,0.01,,27.2
15bd106e-f117-305d-bebe-3a73d9f977e5,   3.832460, -71.781510,2026-06-20 17:41:00,NOAA-20,Puerto Gaitán,Meta,Colombia,700,20,53,0,0.2,0.02,,12.6
6bfebad3-e621-3dd7-80d1-cd6ff0705308,   4.746880, -70.683560,2026-06-20 17:41:00,NOAA-20,Cumaribo,Vichada,Colombia,1060,32,53,2,0.38,0.02,,10.7
e3c9af77-f1d1-306f-b928-d680c7c44f21,   3.846210, -71.695910,2026-06-20 17:41:00,NOAA-20,Puerto Gaitán,Meta,Colombia,700,20,53,0,0.11,0.01,,27.2
0f73a5d2-7cc4-3c3d-aaab-1dc1fe969062,   3.486610, -72.206540,2026-06-20 17:41:00,NOAA-20,Puerto Gaitán,Meta,Colombia,700,20,53,0,11.38,0.0,,1.9
5409657d-fa72-3f45-b64a-92543964c913,   3.450840, -73.070730,2026-06-20 17:41:00,NOAA-20,San Martín,Meta,Colombia,709,20,53,0,23.79,0.0,,4.4
ecfb7197-a42d-313b-ada3-dc939c415228,   3.388240, -72.148250,2026-06-20 17:41:00,NOAA-20,Mapiripán,Meta,Colombia,697,20,53,0,11.58,0.0,,4.3
df6a1db1-8869-3722-85b5-39927c615301,   4.003630, -72.689250,2026-06-20 17:41:00,NOAA-20,Puerto López,Meta,Colombia,701,20,53,2,0.0,0.02,,2.4
7ac4f6ef-2a53-3c04-9ed8-f4dbf3d63986,   3.838990, -71.702490,2026-06-20 17:41:00,NOAA-20,Puerto Gaitán,Meta,Colombia,700,20,53,0,0.1,0.01,,37.6
f354f6c5-0acf-33b2-a4c6-fdd9114fcd92,   4.730320, -70.399880,2026-06-20 17:41:00,NOAA-20,Santa Rosalía,Vichada,Colombia,1065,32,53,2,0.65,0.03,,5.5
d653719b-9d32-3110-a418-cd73f3cfe2fe,   3.845600, -71.692730,2026-06-20 17:41:00,NOAA-20,Puerto Gaitán,Meta,Colombia,700,20,53,0,0.1,0.01,,22.6
8925e6ef-0d5b-3e55-a449-13f99f38c660,   4.554000, -70.399500,2026-06-20 17:41:00,NOAA-20,Cumaribo,Vichada,Colombia,1060,32,53,1,1.12,0.01,,5.9
eaf3cf5b-a109-3715-b59f-46c23e685a49,   3.305520, -71.548970,2026-06-20 17:41:00,NOAA-20,Mapiripán,Meta,Colombia,697,20,53,0,11.56,0.0,,7.1
2df2f0cf-1f13-38c8-9e4d-cc391b053e99,   3.356200, -72.154980,2026-06-20 17:41:00,NOAA-20,Mapiripán,Meta,Colombia,697,20,53,0,11.61,0.0,,7.8
a4e7240e-bafb-3afd-904b-07b836fe4348,   4.834910, -69.107290,2026-06-20 17:41:00,NOAA-20,Cumaribo,Vichada,Colombia,1060,32,53,0,1.98,0.0,,3.8
0794e892-9eb2-31da-83cf-f7928a83ee7c,   3.835140, -71.784200,2026-06-20 17:41:00,NOAA-20,Puerto Gaitán,Meta,Colombia,700,20,53,0,0.2,0.02,,28.8
4e69cd8e-8977-36df-92f9-18e26df7dcea,   4.448870, -70.271760,2026-06-20 17:41:00,NOAA-20,Cumaribo,Vichada,Colombia,1060,32,53,0,3.34,0.01,,3.4
a2ec3b0f-542e-3c8e-b6d3-7601eeacf619,   3.350620, -72.161320,2026-06-20 17:41:00,NOAA-20,Mapiripán,Meta,Colombia,697,20,53,0,11.64,0.0,,8.8
6b09c7ce-59b1-3666-85ea-71fcabc05295,   4.725970, -70.399180,2026-06-20 17:41:00,NOAA-20,Santa Rosalía,Vichada,Colombia,1065,32,53,2,0.61,0.04,,5.5
2137bf19-cbe2-374d-890a-563ecd0d2eba,   3.830290, -71.783390,2026-06-20 17:41:00,NOAA-20,Puerto Gaitán,Meta,Colombia,700,20,53,0,0.2,0.01,,8.4
a449d486-97fb-3fce-9d33-a13aba1b75e9,   3.352020, -72.152560,2026-06-20 17:41:00,NOAA-20,Mapiripán,Meta,Colombia,697,20,53,0,11.5,0.0,,10.2
bfadaac2-dffd-30c6-a93c-d84f4c58a9a9,   4.724410, -70.263380,2026-06-20 17:41:00,NOAA-20,La Primavera,Vichada,Colombia,1061,32,53,0,1.16,0.03,,5.8
7de1eeb4-bf9f-3ac8-a809-9432b1c2aa3a,   6.020590, -58.248460,2026-06-20 17:41:00,NOAA-20,Linden,Upper Demerara-Berbice,Guyana,105,9,98,0,0.94,0.0,,5.3
fe0d1602-b584-3358-9559-6a26513149b6,   3.893300, -70.639350,2026-06-20 17:41:00,NOAA-20,San Jose de Ocune,Vichada,Colombia,1063,32,53,0,1.59,0.0,,3.2
9ea40dcd-59f0-3051-bbd0-38b593aa4a5e,   4.720090, -70.262710,2026-06-20 17:41:00,NOAA-20,La Primavera,Vichada,Colombia,1061,32,53,0,1.14,0.02,,5.8
d2a5d913-c0ed-325f-ac74-1473e49ac38a,   4.719430, -70.266820,2026-06-20 17:41:00,NOAA-20,La Primavera,Vichada,Colombia,1061,32,53,0,1.11,0.02,,5.8
ff8e5e52-512a-3715-94ba-f08f0b10da1a,   4.500830, -70.838410,2026-06-20 17:41:00,NOAA-20,Cumaribo,Vichada,Colombia,1060,32,53,0,6.98,0.0,,5.6
ef1d9e34-9cff-3039-8766-e7fa89b4d10f,   3.491630, -72.207370,2026-06-20 17:41:00,NOAA-20,Puerto Gaitán,Meta,Colombia,700,20,53,0,11.2,0.0,,6.1
2931a55f-d70f-32e9-8af7-394c360fb45e,   4.062650, -70.342150,2026-06-20 17:41:00,NOAA-20,San Jose de Ocune,Vichada,Colombia,1063,32,53,0,0.6,0.01,,4.7
221a5cc6-9ec3-366d-aa8f-1149ed640bb2,   4.722430, -70.275720,2026-06-20 17:41:00,NOAA-20,La Primavera,Vichada,Colombia,1061,32,53,0,1.08,0.02,,12.4
6da11f17-67fe-3b8b-85c0-7463ae7c72c2,   3.350700, -72.157040,2026-06-20 17:41:00,NOAA-20,Mapiripán,Meta,Colombia,697,20,53,0,11.56,0.0,,7.8
9fda8115-326c-3b5e-aa02-0dd29865c0dc,   4.835470, -69.103850,2026-06-20 17:41:00,NOAA-20,Cumaribo,Vichada,Colombia,1060,32,53,0,1.93,0.0,,3.8
bac2da70-1aeb-3813-bedb-c18032a0ec3f,   3.840540, -71.700400,2026-06-20 17:41:00,NOAA-20,Puerto Gaitán,Meta,Colombia,700,20,53,0,0.1,0.01,,27.2
820ba4b0-6286-3ed2-aea3-f607f370e25d,   3.845370, -71.701180,2026-06-20 17:41:00,NOAA-20,Puerto Gaitán,Meta,Colombia,700,20,53,0,0.1,0.01,,27.2
ca2a12d2-819c-38f3-8498-5914c7c5cf86,   4.036820, -70.533060,2026-06-20 17:41:00,NOAA-20,San Jose de Ocune,Vichada,Colombia,1063,32,53,0,5.31,0.0,,4.4
24fe80ce-1d5f-3e46-857d-26a59d9b2fd4,   5.688890, -62.407170,2026-06-20 17:41:00,NOAA-20,Gran Sabana,Bolívar,Venezuela,71,6,249,0,2.26,0.0,,1.7
048f93ba-2555-319e-8c9d-0c4c64d62399,   3.844710, -71.698010,2026-06-20 17:41:00,NOAA-20,Puerto Gaitán,Meta,Colombia,700,20,53,0,0.1,0.01,,22.6
3ffd91bf-f410-3987-829f-a8e8b92332b1,   3.793420, -75.118030,2026-06-20 17:41:00,NOAA-20,Coyaima,Tolima,Colombia,977,29,53,0,0.0,0.08,,2.9
6226f8b2-c413-33b7-b471-df9afc65f577,   3.351190, -72.154120,2026-06-20 17:41:00,NOAA-20,Mapiripán,Meta,Colombia,697,20,53,0,11.51,0.0,,7.8
96b608c2-6887-36fa-8d45-e5f0de6d4158,   4.831490, -69.103200,2026-06-20 17:41:00,NOAA-20,Cumaribo,Vichada,Colombia,1060,32,53,0,1.97,0.0,,3.8
ead375a9-2497-3262-95b5-7e034ca1f63c,   3.831590, -71.786900,2026-06-20 17:41:00,NOAA-20,Puerto Gaitán,Meta,Colombia,700,20,53,0,0.2,0.01,,12.6
dc75a898-e18a-3d53-b8a9-f39568fa58c7,   4.234520, -71.176060,2026-06-20 17:41:00,NOAA-20,Puerto Gaitán,Meta,Colombia,700,20,53,0,8.77,0.0,,10.5
505d5d1d-1d9e-369f-84b6-f54a31ca41e9,   3.351550, -72.155490,2026-06-20 17:41:00,NOAA-20,Mapiripán,Meta,Colombia,697,20,53,0,11.54,0.0,,10.2
90e4e497-a0ca-32e2-a4dc-a2adb1ec41b8,   3.839880, -71.697240,2026-06-20 17:41:00,NOAA-20,Puerto Gaitán,Meta,Colombia,700,20,53,0,0.1,0.01,,22.6
b1bd58ce-6bf9-3532-a532-10c19eb38fb4,   3.427170, -61.019940,2026-06-20 17:41:00,NOAA-20,ALTO ALEGRE,RORAIMA,Brasil,1400050,14,33,0,9.78,0.0,Amazônia,5.2
5900e038-9ec6-3b69-b9fd-7332aeb869e0,   3.356690, -72.152070,2026-06-20 17:41:00,NOAA-20,Mapiripán,Meta,Colombia,697,20,53,0,11.56,0.0,,7.8
968a9e5d-059f-3f43-a742-4bade6f08486,   4.506060, -70.834590,2026-06-20 17:41:00,NOAA-20,Cumaribo,Vichada,Colombia,1060,32,53,0,6.88,0.0,,4.8
58788f55-c9f2-3df8-99b4-bb3c43f458c0,   4.729620, -70.404050,2026-06-20 17:41:00,NOAA-20,Santa Rosalía,Vichada,Colombia,1065,32,53,2,0.63,0.04,,5.5
c3da16bb-08cb-3b63-aa04-ad07da5591f0,   3.843820, -71.703260,2026-06-20 17:41:00,NOAA-20,Puerto Gaitán,Meta,Colombia,700,20,53,0,0.1,0.01,,37.6
b5d2b005-840b-33b3-9624-72de0010d6ad,   4.235290, -71.171260,2026-06-20 17:41:00,NOAA-20,Puerto Gaitán,Meta,Colombia,700,20,53,0,8.87,0.0,,10.5
bd11fc92-0ccb-3215-88a4-6fc20b1f69cb,   4.032370, -70.532370,2026-06-20 17:41:00,NOAA-20,San Jose de Ocune,Vichada,Colombia,1063,32,53,0,5.18,0.0,,5.7
7ce3fad9-e371-317f-9081-aa672c01a53b,   4.501560, -70.833890,2026-06-20 17:41:00,NOAA-20,Cumaribo,Vichada,Colombia,1060,32,53,0,6.97,0.0,,4.8
e70c14f6-bb1a-3e08-b271-0cc7d728bee9,   4.830930, -69.106650,2026-06-20 17:41:00,NOAA-20,Cumaribo,Vichada,Colombia,1060,32,53,0,2.01,0.0,,3.8
691f6322-86ac-393b-bebf-f0f48d54f9a6,   3.836440, -71.787720,2026-06-20 17:41:00,NOAA-20,Puerto Gaitán,Meta,Colombia,700,20,53,0,0.2,0.01,,9.4
cc9297ca-19ee-306d-8213-d7ea078fe99f,   3.793290, -71.084770,2026-06-20 17:41:00,NOAA-20,San Jose de Ocune,Vichada,Colombia,1063,32,53,0,1.36,0.01,,2.9
b82a7322-fb76-31c4-a5b4-a93258e29145,   2.793780, -72.016520,2026-06-20 17:41:00,NOAA-20,Mapiripán,Meta,Colombia,697,20,53,0,15.8,0.0,,1.5
53d9b0c8-452d-3afd-ae48-4a1974ea52df,   5.017650, -68.898350,2026-06-20 17:41:00,NOAA-20,Cumaribo,Vichada,Colombia,1060,32,53,0,3.26,0.0,,4.7
90ceb309-3f61-312e-9ce5-2c2a413c3f82,   4.723750, -70.267490,2026-06-20 17:41:00,NOAA-20,La Primavera,Vichada,Colombia,1061,32,53,0,1.12,0.03,,5.8
a8416574-087c-3551-a9dc-f9e79945d7db,   3.393240, -72.149110,2026-06-20 17:41:00,NOAA-20,Mapiripán,Meta,Colombia,697,20,53,0,11.66,0.0,,2.8
af1c3c81-5ffc-369f-b80b-22a7d94cd187,   1.958180, -55.965990,2026-06-20 17:43:00,NOAA-20,Coeroeni,Sipaliwini,Suriname,52,9,219,4,2.45,0.06,,16.4
dd7d8ba6-3e9d-3095-bb91-a4466f98880e,   1.957740, -55.963580,2026-06-20 17:43:00,NOAA-20,Coeroeni,Sipaliwini,Suriname,52,9,219,4,2.4,0.06,,11.3
09c9b2fb-fae2-3f45-b562-c1a0d71fc87f,   8.940530, -66.509900,2026-06-20 17:43:00,NOAA-20,Las Mercedes,Guárico,Venezuela,137,13,249,0,0.0,0.14,,5.8
426b7dc9-01ca-3eb7-94cd-9bf3b966c240,   9.252400, -74.143240,2026-06-20 17:43:00,NOAA-20,Guamal,Magdalena,Colombia,671,19,53,0,0.0,0.95,,2.9
629ebb62-2068-3f11-8eca-dad42e3dedee,   5.859830, -69.008780,2026-06-20 17:43:00,NOAA-20,La Primavera,Vichada,Colombia,1061,32,53,0,1.15,0.0,,6.5
56b9a41c-4247-3668-bd83-dc08e2cf7198,   7.377650, -62.956990,2026-06-20 17:43:00,NOAA-20,Angostura,Bolívar,Venezuela,67,6,249,2,0.0,0.65,,5.0
06d1eb72-fab2-3914-bdf0-1b6cae526379,   6.722410, -68.071790,2026-06-20 17:43:00,NOAA-20,Achaguas,Apure,Venezuela,30,3,249,0,0.1,0.03,,2.6
22b4acb1-e0a4-3fa2-a9c9-9125501ef249,   8.794910, -74.309140,2026-06-20 17:43:00,NOAA-20,Altos del Rosario,Bolívar,Colombia,164,5,53,1,0.0,1.0,,5.6
c2e89b0d-7040-35ad-aa02-f2fe0c843dca,   6.713010, -68.083470,2026-06-20 17:43:00,NOAA-20,Achaguas,Apure,Venezuela,30,3,249,0,0.14,0.03,,4.0
b402a677-248d-38b4-a6f4-375d954bf56e,   6.714700, -68.071950,2026-06-20 17:43:00,NOAA-20,Achaguas,Apure,Venezuela,30,3,249,0,0.1,0.03,,2.6
26de3ea9-84ef-3f66-b88f-d99929781b0a,   8.731920, -62.308990,2026-06-20 17:43:00,NOAA-20,Uracoa,Monagas,Venezuela,213,17,249,0,5.78,0.04,,8.2
5e23792a-ea4d-36d6-91b0-fec501f9caff,  10.704110, -72.124950,2026-06-20 17:43:00,NOAA-20,Jesús Enrique Lossada,Zulia,Venezuela,325,25,249,8,2.96,1.0,,5.0
36994cb7-a978-3e7c-9e27-4772ac2b90f2,   7.505980, -63.456870,2026-06-20 17:43:00,NOAA-20,Angostura,Bolívar,Venezuela,67,6,249,0,0.3,1.0,,3.5
ba05301d-f39c-3fb9-ab10-4951b606a13b,   4.777460, -70.740700,2026-06-20 17:43:00,NOAA-20,Cumaribo,Vichada,Colombia,1060,32,53,2,0.31,0.02,,7.7
c04fc954-3b03-3dd7-9b0a-dbaa06529e33,   9.450020, -74.246990,2026-06-20 17:43:00,NOAA-20,Santa Ana,Magdalena,Colombia,680,19,53,1,0.32,0.91,,2.8
08cd96b7-dcf2-3d4f-b89f-5c364d4d8cc5,   6.006970, -68.673880,2026-06-20 17:43:00,NOAA-20,La Primavera,Vichada,Colombia,1061,32,53,0,0.1,0.0,,6.2
1ad07c0b-2bfa-3269-936c-4177c852885d,  10.071960, -69.417580,2026-06-20 17:43:00,NOAA-20,Iribarren,Lara,Venezuela,150,14,249,0,0.22,-999.0,,3.3
b9c85553-707a-3238-9eaf-0edfb46da3ab,   7.871520, -63.095720,2026-06-20 17:43:00,NOAA-20,Angostura,Bolívar,Venezuela,67,6,249,0,0.0,0.92,,4.9
9db18717-a907-3404-a502-f51e93c7a031,   5.622160, -70.066670,2026-06-20 17:43:00,NOAA-20,La Primavera,Vichada,Colombia,1061,32,53,1,0.55,0.09,,7.3
c0f30967-a5d3-396e-97ee-765d372766aa,   8.941660, -66.502710,2026-06-20 17:43:00,NOAA-20,Las Mercedes,Guárico,Venezuela,137,13,249,0,0.0,0.14,,17.2
c7f294b1-fac4-3cea-af17-172eb0be6098,   5.902200, -73.486150,2026-06-20 17:43:00,NOAA-20,Toguí,Boyacá,Colombia,309,6,53,0,1.96,0.0,,4.3
da818214-0d1f-322e-8926-8c73714b686e,   7.414130, -74.002940,2026-06-20 17:43:00,NOAA-20,Cantagallo,Bolívar,Colombia,169,5,53,0,0.0,0.01,,4.7
0c94120b-06db-3913-a73e-6d0d6aa12e04,   7.008050, -62.502820,2026-06-20 17:43:00,NOAA-20,Piar,Bolívar,Venezuela,74,6,249,0,1.51,0.63,,2.5
397b2f69-39b8-39ed-b7ac-1244b0b7eeca,  10.312690, -70.693870,2026-06-20 17:43:00,NOAA-20,Buchivacoa,Falcón,Venezuela,110,12,249,0,0.83,0.06,,13.0
e7824ae4-7cba-30a5-982d-b4db144403ec,   8.447420, -72.145910,2026-06-20 17:43:00,NOAA-20,Panamericano,Táchira,Venezuela,272,21,249,0,0.1,0.07,,3.2
f7c3a1fc-097c-33f1-8897-cc3efcdeef1b,   8.204810, -64.133190,2026-06-20 17:43:00,NOAA-20,Miranda,Anzoátegui,Venezuela,23,2,249,0,0.4,0.85,,12.3
8fe7bfc5-f0e3-39b8-bbc8-cd3e110d59a5,   7.252570, -69.809810,2026-06-20 17:43:00,NOAA-20,Páez,Apure,Venezuela,33,3,249,2,0.0,0.05,,5.7
0bfc212d-f9b6-3e6c-bd58-117bc9be7154,   9.449450, -74.250210,2026-06-20 17:43:00,NOAA-20,Santa Ana,Magdalena,Colombia,680,19,53,1,0.34,0.91,,2.8
1dc91ff1-cd55-3c39-b19f-c535f1ad5d96,  11.122090, -69.272860,2026-06-20 17:43:00,NOAA-20,Petit,Falcón,Venezuela,125,12,249,1,0.0,1.0,,6.0
0915f7dd-99c1-3e99-8b42-c059ac713817,   5.618600, -70.062130,2026-06-20 17:43:00,NOAA-20,La Primavera,Vichada,Colombia,1061,32,53,1,0.59,0.05,,7.3
af5d6dfb-34b4-34e9-8dac-429be5cf0fbf,   7.507960, -63.142400,2026-06-20 17:43:00,NOAA-20,Angostura,Bolívar,Venezuela,67,6,249,2,0.0,0.23,,4.8
d8b7a4c0-81c4-3d3d-b05a-b22adb4e61a7,   6.712680, -68.084820,2026-06-20 17:43:00,NOAA-20,Achaguas,Apure,Venezuela,30,3,249,0,0.15,0.03,,2.8
737d5b3b-1f69-353d-9fbb-b0847449a852,   7.514710, -65.500530,2026-06-20 17:43:00,NOAA-20,Cedeño,Bolívar,Venezuela,69,6,249,2,0.0,0.06,,3.6
bc3751e3-0123-3787-9577-8ce5b348a22c,   9.837030, -70.186250,2026-06-20 17:43:00,NOAA-20,Carache,Trujillo,Venezuela,287,22,249,4,2.0,-999.0,,36.6
2849a5f5-e3e7-3700-9d2f-b09fd8f698fd,   4.917950, -74.878720,2026-06-20 17:43:00,NOAA-20,Armero,Tolima,Colombia,970,29,53,1,2.46,0.26,,2.1
b7419a6f-36fa-3572-9145-6bf0f96dc5c9,  10.192460, -70.367250,2026-06-20 17:43:00,NOAA-20,Torres,Lara,Venezuela,155,14,249,0,0.6,0.6,,1.3
f197869e-884e-3618-b436-9055c00dcba4,   6.714410, -68.074910,2026-06-20 17:43:00,NOAA-20,Achaguas,Apure,Venezuela,30,3,249,0,0.1,0.03,,9.1
b7514f77-9f10-3aa4-98f8-242d9318b8ad,   5.872320, -69.005740,2026-06-20 17:43:00,NOAA-20,La Primavera,Vichada,Colombia,1061,32,53,0,1.03,0.0,,7.6
b6066acd-c4b0-3f61-b01f-1e758e9023be,   9.245090, -74.275230,2026-06-20 17:43:00,NOAA-20,San Sebastián de Buenavista,Magdalena,Colombia,678,19,53,4,0.0,1.0,,3.0
2c4f12d5-7a84-3033-a791-0e62fad1539a,  10.987750, -72.002080,2026-06-20 17:43:00,NOAA-20,Mara,Zulia,Venezuela,331,25,249,-999,0.0,1.0,,6.7
19c6031a-733c-37bb-995d-50163f5a4004,  10.815270, -74.325790,2026-06-20 17:43:00,NOAA-20,Pueblo Viejo,Magdalena,Colombia,675,19,53,1,1.2,0.61,,2.2
591dd0b2-3429-38bf-bbd6-3a74d4c16e8b,   5.879330, -69.011940,2026-06-20 17:43:00,NOAA-20,La Primavera,Vichada,Colombia,1061,32,53,0,0.96,0.01,,6.5
4693bcbc-45e6-342d-8287-6b6e02a673da,   4.781170, -70.745830,2026-06-20 17:43:00,NOAA-20,Cumaribo,Vichada,Colombia,1060,32,53,2,0.32,0.04,,7.7
d3676645-194c-3476-bde4-d94905d0b807,   9.295210, -63.899170,2026-06-20 17:43:00,NOAA-20,Aguasay,Monagas,Venezuela,202,17,249,0,3.01,0.2,,3.7
584a6083-a9c5-3980-9bad-b40cb360f536,   7.269670, -62.929590,2026-06-20 17:43:00,NOAA-20,Angostura,Bolívar,Venezuela,67,6,249,2,0.0,0.15,,6.7
778a45c3-8a25-3758-bd77-577fa48b3b82,   9.854140, -70.319460,2026-06-20 17:43:00,NOAA-20,Carache,Trujillo,Venezuela,287,22,249,1,1.89,0.03,,8.8
6f814715-c50f-3d49-8af6-6c2d1e3cfbb0,   9.616860, -74.136150,2026-06-20 17:43:00,NOAA-20,Santa Ana,Magdalena,Colombia,680,19,53,0,1.42,0.29,,2.9
72900046-d974-336f-b513-ff5cc0db1f8b,   9.014880, -63.863120,2026-06-20 17:43:00,NOAA-20,Freites,Anzoátegui,Venezuela,15,2,249,0,2.6,0.15,,3.9
7369dc88-4eef-3f1c-b5c4-192047d709d9,   5.622790, -70.062820,2026-06-20 17:43:00,NOAA-20,La Primavera,Vichada,Colombia,1061,32,53,1,0.58,0.07,,7.3
0623b86e-77d5-3f16-b54a-436909052ecd,   7.212420, -63.150090,2026-06-20 17:43:00,NOAA-20,Angostura,Bolívar,Venezuela,67,6,249,2,0.0,0.65,,2.0
0d7275fe-a223-3376-8d0f-70bdd0524496,   5.626360, -70.067370,2026-06-20 17:43:00,NOAA-20,La Primavera,Vichada,Colombia,1061,32,53,1,0.52,0.13,,5.9
140b74fe-c911-3dc8-9943-414c7ef9a9d6,   7.269120, -62.933300,2026-06-20 17:43:00,NOAA-20,Angostura,Bolívar,Venezuela,67,6,249,2,0.0,0.27,,6.7
0546115c-3e8c-3008-9ae2-1f32d2a62031,   7.217990, -63.135950,2026-06-20 17:43:00,NOAA-20,Angostura,Bolívar,Venezuela,67,6,249,2,0.0,0.85,,5.2
d3bed4f2-e8d1-3fbc-a4bf-40effd923202,   9.244670, -74.276170,2026-06-20 17:43:00,NOAA-20,San Sebastián de Buenavista,Magdalena,Colombia,678,19,53,4,0.0,1.0,,2.3
00788a95-a88a-30d5-b64c-df7094eba4ba,   9.020770, -72.129030,2026-06-20 17:43:00,NOAA-20,Colón,Zulia,Venezuela,322,25,249,0,0.1,0.19,,5.1
22f10e56-e645-3644-9336-52c375e1b60f,   9.030680, -72.125950,2026-06-20 17:43:00,NOAA-20,Colón,Zulia,Venezuela,322,25,249,0,0.1,0.19,,10.2
7bec64f6-8cde-3e95-9339-32d43e7ebe01,   8.857370, -72.444260,2026-06-20 17:43:00,NOAA-20,Catatumbo,Zulia,Venezuela,321,25,249,6,2.07,0.23,,4.6
5195959d-a094-31e5-b2d8-478ca1334ea3,  11.143510, -68.706670,2026-06-20 17:43:00,NOAA-20,San Francisco,Falcón,Venezuela,126,12,249,2,0.0,1.0,,12.9
c792016c-a696-3d9f-9aa1-770a5e9d8b91,   6.884120, -62.558450,2026-06-20 17:43:00,NOAA-20,Piar,Bolívar,Venezuela,74,6,249,1,0.21,0.08,,3.1
337a656e-8429-32b8-9224-7e279f1c41af,   8.796370, -74.308500,2026-06-20 17:43:00,NOAA-20,Altos del Rosario,Bolívar,Colombia,164,5,53,1,0.0,1.0,,4.8
1636e118-fd08-3a22-8df6-86268b04f812,   7.508490, -63.138760,2026-06-20 17:43:00,NOAA-20,Angostura,Bolívar,Venezuela,67,6,249,2,0.0,0.25,,4.8
b1412674-8e3b-3534-9928-20fe6e838b1a,   7.514170, -65.504010,2026-06-20 17:43:00,NOAA-20,Cedeño,Bolívar,Venezuela,69,6,249,2,0.0,0.06,,2.9
980dca70-c9d0-3049-8152-0c44cbb676ea,   6.161820, -69.492900,2026-06-20 17:43:00,NOAA-20,Cravo Norte,Arauca,Colombia,135,3,53,2,0.0,0.01,,6.1
653cee69-8fcc-378d-ba5d-faac64489444,   6.154190, -69.479390,2026-06-20 17:43:00,NOAA-20,Cravo Norte,Arauca,Colombia,135,3,53,2,0.0,0.01,,12.0
be48737a-660e-329a-9056-b4b411506821,  10.033230, -70.166590,2026-06-20 17:43:00,NOAA-20,Torres,Lara,Venezuela,155,14,249,5,1.61,0.06,,3.7
e3b7f961-65b2-3f1e-b966-766d7b07760d,   4.781900, -70.741420,2026-06-20 17:43:00,NOAA-20,Cumaribo,Vichada,Colombia,1060,32,53,2,0.31,0.03,,7.7
debca342-fa11-37e4-bf70-78193658eaeb,  10.987000, -72.006360,2026-06-20 17:43:00,NOAA-20,Mara,Zulia,Venezuela,331,25,249,-999,0.0,1.0,,3.4
81354a0e-202d-3431-bb0a-45fc452da4f0,   7.266640, -63.143250,2026-06-20 17:43:00,NOAA-20,Angostura,Bolívar,Venezuela,67,6,249,2,0.0,0.85,,3.8
e1d71d34-1155-3f7d-95d9-47abec6d23e8,   5.873040, -69.026130,2026-06-20 17:43:00,NOAA-20,La Primavera,Vichada,Colombia,1061,32,53,0,1.09,0.01,,5.1
edde233f-f686-3a47-b80a-47c4e164600b,  10.590230, -71.843030,2026-06-20 17:43:00,NOAA-20,Jesús Enrique Lossada,Zulia,Venezuela,325,25,249,7,1.65,1.0,,7.4
024df22e-0e0a-3f96-a4ec-c0c9baab7543,   6.163960, -69.495320,2026-06-20 17:43:00,NOAA-20,Cravo Norte,Arauca,Colombia,135,3,53,2,0.0,0.01,,5.3
cc8cd6b8-7e1f-320f-8002-ee385f10487f,   9.616290, -74.139300,2026-06-20 17:43:00,NOAA-20,Santa Ana,Magdalena,Colombia,680,19,53,0,1.41,0.29,,2.9
0ef49abf-7cd9-3b90-83de-0b0f50e57021,  10.154690, -70.614110,2026-06-20 17:43:00,NOAA-20,Torres,Lara,Venezuela,155,14,249,0,0.6,0.15,,7.6
40432d73-5bb8-38fa-9873-1a4ce043d730,   6.159960, -69.494660,2026-06-20 17:43:00,NOAA-20,Cravo Norte,Arauca,Colombia,135,3,53,2,0.0,0.01,,5.3
6a8d84b9-5600-3abe-a996-6d891d12255e,   9.962130, -73.830680,2026-06-20 17:43:00,NOAA-20,Bosconia,Cesar,Colombia,449,12,53,2,1.27,0.11,,6.4
7f6176a5-1e9f-3596-80c9-9bde64f96788,   9.133900, -67.590480,2026-06-20 17:43:00,NOAA-20,Miranda,Guárico,Venezuela,139,13,249,1,0.83,0.1,,12.7
1b67e266-c85f-3edf-a0fc-c197c76523d5,  10.313410, -70.689740,2026-06-20 17:43:00,NOAA-20,Buchivacoa,Falcón,Venezuela,110,12,249,0,0.8,0.06,,13.0
ffafe74f-74df-38ba-ad46-e1f8d399a2ef,   5.617970, -70.065990,2026-06-20 17:43:00,NOAA-20,La Primavera,Vichada,Colombia,1061,32,53,1,0.58,0.06,,7.3
7bbc0644-a631-3286-84df-504b1c1d6c16,   5.979920, -68.840380,2026-06-20 17:43:00,NOAA-20,La Primavera,Vichada,Colombia,1061,32,53,0,0.0,0.0,,5.5
329c4923-3aa2-3165-ae83-f96af7dbaf5c,   7.480500, -65.081960,2026-06-20 17:43:00,NOAA-20,Sucre,Bolívar,Venezuela,77,6,249,0,0.3,0.08,,4.8
1eb3584c-2635-3855-8a9e-e49fb4ed48b8,  10.214600, -70.503910,2026-06-20 17:43:00,NOAA-20,Torres,Lara,Venezuela,155,14,249,0,0.7,0.72,,6.5
944e3a3f-fb06-3f67-8407-1d7f0e6c598a,   7.094440, -68.618820,2026-06-20 17:43:00,NOAA-20,Achaguas,Apure,Venezuela,30,3,249,0,0.0,0.01,,4.2
c0f5c3a4-d0dd-37f1-a49d-ed2244eafce4,   9.957100, -73.829790,2026-06-20 17:43:00,NOAA-20,Bosconia,Cesar,Colombia,449,12,53,2,1.22,0.11,,8.6
d6efa7a4-e464-371b-91ce-8bef0ea51f53,   9.017700, -63.867210,2026-06-20 17:43:00,NOAA-20,Freites,Anzoátegui,Venezuela,15,2,249,0,2.58,0.16,,3.1
419ec9ca-14a6-35c8-8c05-e13e5aca1646,   7.317710, -64.747240,2026-06-20 17:43:00,NOAA-20,Sucre,Bolívar,Venezuela,77,6,249,1,7.41,0.0,,1.4
85292b0a-efec-3b6a-ab89-314b3b86854a,   6.160510, -69.491170,2026-06-20 17:43:00,NOAA-20,Cravo Norte,Arauca,Colombia,135,3,53,2,0.0,0.01,,4.0
92b93c13-c9df-344f-a0c3-59c5c507b9e4,   7.378200, -62.953280,2026-06-20 17:43:00,NOAA-20,Angostura,Bolívar,Venezuela,67,6,249,2,0.0,0.75,,5.0
5714853c-0a9f-385b-8e20-a47cef9b94d3,   7.693130, -65.200890,2026-06-20 17:43:00,NOAA-20,Cedeño,Bolívar,Venezuela,69,6,249,2,0.0,0.01,,2.4
50892708-9562-3dc3-ab2e-c4c62b34c5a0,  11.053260, -71.961040,2026-06-20 17:43:00,NOAA-20,Mara,Zulia,Venezuela,331,25,249,-999,0.0,1.0,,7.3
daa45acc-7639-34a0-affa-5137cfa793ce,   8.735460, -62.309510,2026-06-20 17:43:00,NOAA-20,Uracoa,Monagas,Venezuela,213,17,249,0,5.79,0.04,,6.0
fe954ca2-55dd-30ab-b3c0-5c43e9ef421c,   7.506520, -63.453280,2026-06-20 17:43:00,NOAA-20,Angostura,Bolívar,Venezuela,67,6,249,0,0.3,1.0,,5.6
71162c77-6fbc-3970-8edb-2adb4c5de731,   5.827280, -69.386280,2026-06-20 17:43:00,NOAA-20,La Primavera,Vichada,Colombia,1061,32,53,1,1.19,0.01,,5.3
d7f9a634-40de-3153-8b3d-874d511adadb,  11.229140, -73.459270,2026-06-20 17:43:00,NOAA-20,Riohacha,La Guajira,Colombia,658,18,53,6,7.74,0.07,,3.7
88752f5c-bb6f-3797-86bb-c44cd1f5bc4e,   8.065230, -65.211350,2026-06-20 17:43:00,NOAA-20,Monagas,Anzoátegui,Venezuela,24,2,249,0,4.96,0.04,,4.5
e7e3662a-2b11-3051-bcc4-d8b975ecd233,   5.496340, -69.935610,2026-06-20 17:43:00,NOAA-20,La Primavera,Vichada,Colombia,1061,32,53,0,2.49,0.06,,16.3
99c19c49-56d7-3008-ae63-e8af48e3c50d,   6.011540, -68.669790,2026-06-20 17:43:00,NOAA-20,La Primavera,Vichada,Colombia,1061,32,53,0,0.1,0.0,,7.5
557aa196-d5da-3910-aedf-f5ab581b096b,   6.714030, -68.076230,2026-06-20 17:43:00,NOAA-20,Achaguas,Apure,Venezuela,30,3,249,0,0.1,0.03,,8.7
57a1259f-66fc-3638-b7b7-fde6761ab8ee,   5.827840, -69.382800,2026-06-20 17:43:00,NOAA-20,La Primavera,Vichada,Colombia,1061,32,53,1,1.21,0.01,,5.3
d6256d90-91e7-3a78-8184-c81a98f9a98a,   5.830720, -69.390390,2026-06-20 17:43:00,NOAA-20,La Primavera,Vichada,Colombia,1061,32,53,1,1.08,0.01,,3.0
8f91f3ce-e9a5-3faf-885c-5ca586affaaa,   8.945010, -66.503240,2026-06-20 17:43:00,NOAA-20,Las Mercedes,Guárico,Venezuela,137,13,249,0,0.0,0.17,,4.9
6e8998d0-1b9b-344f-b50c-3e1f5eefeb93,  11.001670, -72.102520,2026-06-20 17:43:00,NOAA-20,Mara,Zulia,Venezuela,331,25,249,0,0.1,1.0,,8.0
85e5a309-5d41-3fe0-9bfc-5bbe14c1cd1b,  10.059000, -74.999760,2026-06-20 17:43:00,NOAA-20,El Guamo,Bolívar,Colombia,173,5,53,0,3.64,0.02,,3.5
e395a719-19ea-3953-8b97-6137f850de92,   6.870700, -73.529440,2026-06-20 17:43:00,NOAA-20,San Vicente de Chucurí,Santander,Colombia,928,27,53,0,1.14,0.0,,2.4
348904c2-279a-3fc1-abc9-2d743de47f66,   8.589970, -74.548660,2026-06-20 17:43:00,NOAA-20,Achí,Bolívar,Colombia,163,5,53,0,0.01,1.0,,6.1
40001bcc-395f-3be1-96f7-be8e6ba2f85d,  11.057650, -71.935560,2026-06-20 17:43:00,NOAA-20,Mara,Zulia,Venezuela,331,25,249,-999,0.0,1.0,,8.2
a4734cbb-3e3c-346d-b464-d97274380204,  10.702670, -72.127910,2026-06-20 17:43:00,NOAA-20,Jesús Enrique Lossada,Zulia,Venezuela,325,25,249,8,3.0,1.0,,6.4
ee815501-b813-34b4-9097-23696f83c399,  10.154080, -70.617690,2026-06-20 17:43:00,NOAA-20,Torres,Lara,Venezuela,155,14,249,0,0.61,0.14,,7.6
94184592-861b-3b00-9643-19adc0442e25,  10.627350, -68.975630,2026-06-20 17:43:00,NOAA-20,Urdaneta,Lara,Venezuela,156,14,249,0,0.0,0.37,,8.2
6cadcba0-ea74-3485-b84e-eb65fd387182,   6.165240, -69.497050,2026-06-20 17:43:00,NOAA-20,Cravo Norte,Arauca,Colombia,135,3,53,2,0.0,0.01,,4.8
463d2ca7-41f8-3997-9360-507337913d8c,   9.451170, -74.240550,2026-06-20 17:43:00,NOAA-20,Santa Ana,Magdalena,Colombia,680,19,53,1,0.27,0.91,,5.4
c30e1b84-68a0-352b-ad67-6f49ea77ef05,   8.182960, -74.021420,2026-06-20 17:43:00,NOAA-20,Morales,Bolívar,Colombia,180,5,53,4,0.1,0.2,,3.2
5c88a9a0-fd9a-3f0b-8032-990c18d9c39b,   6.366520, -69.996600,2026-06-20 17:43:00,NOAA-20,Cravo Norte,Arauca,Colombia,135,3,53,2,0.0,0.06,,3.5
25577032-a451-360d-ad12-93446f5f4437,   9.833090, -70.185530,2026-06-20 17:43:00,NOAA-20,Carache,Trujillo,Venezuela,287,22,249,4,1.98,-999.0,,9.2
320f952f-d783-3f3e-a6cd-e0f3d80f5523,   8.205340, -64.129660,2026-06-20 17:43:00,NOAA-20,Miranda,Anzoátegui,Venezuela,23,2,249,0,0.4,0.85,,6.9
d03b3464-fc33-3f4a-816d-9d8d629c9919,   6.161240, -69.496390,2026-06-20 17:43:00,NOAA-20,Cravo Norte,Arauca,Colombia,135,3,53,2,0.0,0.01,,4.8
f1b51311-04db-3664-b5b9-1e39906411d3,   4.791530, -70.738490,2026-06-20 17:43:00,NOAA-20,Santa Rosalía,Vichada,Colombia,1065,32,53,2,0.3,0.02,,11.3
b724f654-3636-36f7-97ac-833024f3aaa0,   9.961610, -73.833610,2026-06-20 17:43:00,NOAA-20,Bosconia,Cesar,Colombia,449,12,53,2,1.28,0.11,,6.4
31004493-c105-3104-a2f9-885a2000cacc,   6.010780, -68.674490,2026-06-20 17:43:00,NOAA-20,La Primavera,Vichada,Colombia,1061,32,53,0,0.1,0.0,,7.5
ae764073-ca6b-38c6-819e-4b17e57936fa,   9.956580, -73.832740,2026-06-20 17:43:00,NOAA-20,Bosconia,Cesar,Colombia,449,12,53,2,1.24,0.11,,8.6
6e4e4720-9cef-36a6-a6f8-25778e340377,  11.048910, -71.960270,2026-06-20 17:43:00,NOAA-20,Mara,Zulia,Venezuela,331,25,249,-999,0.0,1.0,,7.3
7c74b38a-75ef-39f9-bdc6-beec700f9c14,   9.017170, -63.870810,2026-06-20 17:43:00,NOAA-20,Freites,Anzoátegui,Venezuela,15,2,249,0,2.57,0.16,,3.1
ad3e6914-feeb-3cff-9632-aba7beef53b7,   6.934340, -69.715650,2026-06-20 17:43:00,NOAA-20,Rómulo Gallegos,Apure,Venezuela,35,3,249,2,0.0,0.02,,4.0
4fa828bc-cccd-3cf9-a2d6-7465eae02d0e,   5.823280, -69.385650,2026-06-20 17:43:00,NOAA-20,La Primavera,Vichada,Colombia,1061,32,53,1,1.29,0.01,,9.3
3da021b7-77c4-3116-a5d6-30e7e0f8769d, -12.858400, -65.418600,2026-06-20 17:50:00,GOES-19,Yacuma,El Beni,Bolivia,31,3,28,7,1.6,0.95,,83.1
c1cc9d3b-f9dc-3cac-894f-a064d21a1c40, -16.879600, -60.380500,2026-06-20 17:50:00,GOES-19,José Miguel de Velasco,Santa Cruz,Bolivia,85,8,28,10,2.24,0.42,,82.8
d3c08ad0-ab93-3c48-b445-c89987d7abc5, -18.332100, -59.060300,2026-06-20 17:50:00,GOES-19,Chiquitos,Santa Cruz,Bolivia,80,8,28,1,0.0,0.45,,112.8
f3e4b563-9723-3828-8a24-be6050ff4b3e, -13.343400, -66.534000,2026-06-20 17:50:00,GOES-19,José Ballivián,El Beni,Bolivia,26,3,28,7,17.62,0.03,,89.9
057a681e-891c-34ba-b15c-f8f9acaac883, -16.198200, -60.403700,2026-06-20 17:50:00,GOES-19,José Miguel de Velasco,Santa Cruz,Bolivia,85,8,28,0,0.0,1.0,,150.0
4de6b170-c449-32b4-97a1-3793ee5c2b0e,   4.732400, -70.409800,2026-06-20 17:50:00,GOES-19,Santa Rosalía,Vichada,Colombia,1065,32,53,2,0.6,0.05,,92.4
3046c65b-5553-38b7-b9ed-068403974efa, -16.879800, -60.360500,2026-06-20 17:50:00,GOES-19,José Miguel de Velasco,Santa Cruz,Bolivia,85,8,28,10,2.39,0.41,,72.4
2fe39542-ef17-35f5-920b-50d12a9c8a90, -16.918900, -60.356800,2026-06-20 17:50:00,GOES-19,José Miguel de Velasco,Santa Cruz,Bolivia,85,8,28,9,3.18,0.34,,101.6
419fa25c-7048-367a-ad23-ffc8d1054461, -16.899100, -60.378600,2026-06-20 17:50:00,GOES-19,José Miguel de Velasco,Santa Cruz,Bolivia,85,8,28,10,2.55,0.39,,249.6
6f68bb71-25c8-3cbf-9dbe-957274d24c1b,  -5.831900, -45.055900,2026-06-20 17:50:00,GOES-19,BARRA DO CORDA,MARANHÃO,Brasil,2101608,21,33,3,0.0,0.97,Cerrado,93.8
eeaa1fb0-13ea-3687-921c-efa237d6c1a3, -18.351900, -59.058100,2026-06-20 17:50:00,GOES-19,Chiquitos,Santa Cruz,Bolivia,80,8,28,0,0.0,0.44,,81.0
68ae3796-74d0-34e1-a957-234fe286b356, -16.178800, -60.405500,2026-06-20 17:50:00,GOES-19,José Miguel de Velasco,Santa Cruz,Bolivia,85,8,28,0,0.0,0.85,,198.4
1f4435e1-8230-3dee-b7fe-d8a6d76eb438, -16.899400, -60.358600,2026-06-20 17:50:00,GOES-19,José Miguel de Velasco,Santa Cruz,Bolivia,85,8,28,9,2.8,0.37,,197.6
c28c7f9a-fe03-3b85-89d5-8fec73da6289, -18.331800, -59.080700,2026-06-20 17:50:00,GOES-19,Chiquitos,Santa Cruz,Bolivia,80,8,28,1,0.0,0.45,,118.4
41ec6ceb-73ec-3365-9104-279c4489eb0b,  -5.812800, -45.102600,2026-06-20 17:50:00,GOES-19,BARRA DO CORDA,MARANHÃO,Brasil,2101608,21,33,7,0.0,0.91,Cerrado,113.4
8bccae67-c9a9-36f0-9793-d8acd6e2abad, -16.918700, -60.376800,2026-06-20 17:50:00,GOES-19,José Miguel de Velasco,Santa Cruz,Bolivia,85,8,28,10,2.88,0.37,,119.4
211fdd3b-fd5a-3a86-a335-bfda3c9ce301, -18.351600, -59.078500,2026-06-20 17:50:00,GOES-19,Chiquitos,Santa Cruz,Bolivia,80,8,28,0,0.0,0.44,,132.5
539c72d1-a25b-3b87-b9a4-308a2b505857, -11.626900, -46.435200,2026-06-20 17:50:00,GOES-19,DIANÓPOLIS,TOCANTINS,Brasil,1707009,17,33,23,0.0,1.0,Cerrado,135.4
268ead42-81db-3039-908c-018313974195, -10.823900, -49.125700,2026-06-20 17:50:00,GOES-19,SANTA RITA DO TOCANTINS,TOCANTINS,Brasil,1718899,17,33,43,0.0,0.98,Cerrado,137.6
7b1a7f7c-06c4-3c89-8609-d454bfb94cdb, -11.646100, -46.432600,2026-06-20 17:50:00,GOES-19,NOVO JARDIM,TOCANTINS,Brasil,1715259,17,33,23,0.0,1.0,Cerrado,82.6
5956cd7f-a270-3484-b0e6-c3c777c64cab, -10.842900, -49.123600,2026-06-20 17:50:00,GOES-19,SANTA RITA DO TOCANTINS,TOCANTINS,Brasil,1718899,17,33,49,0.0,1.0,Cerrado,178.4
1f77c20b-1809-3b61-b952-7371657cc975, -16.178800, -60.405500,2026-06-20 18:00:00,GOES-19,José Miguel de Velasco,Santa Cruz,Bolivia,85,8,28,0,0.0,0.85,,261.0
3459c4d2-399b-3a20-a680-51dc054fe90c, -13.343400, -66.534000,2026-06-20 18:00:00,GOES-19,José Ballivián,El Beni,Bolivia,26,3,28,7,17.62,0.03,,78.6
fb17a740-44a5-374d-83e5-9375c74f9203,  -5.831700, -45.078600,2026-06-20 18:00:00,GOES-19,BARRA DO CORDA,MARANHÃO,Brasil,2101608,21,33,5,0.0,0.93,Cerrado,196.8
42a72425-7c74-30f3-9740-256982cd6126, -16.879600, -60.380500,2026-06-20 18:00:00,GOES-19,José Miguel de Velasco,Santa Cruz,Bolivia,85,8,28,10,2.24,0.42,,79.1
08b34160-9abc-3031-ac62-01d797475f09, -15.955500, -61.237400,2026-06-20 18:00:00,GOES-19,José Miguel de Velasco,Santa Cruz,Bolivia,85,8,28,10,0.0,0.55,,88.8
6bbb400a-c668-3aa0-a16d-b6b3f946988e, -18.332100, -59.060300,2026-06-20 18:00:00,GOES-19,Chiquitos,Santa Cruz,Bolivia,80,8,28,1,0.0,0.45,,114.1
71191656-c17d-3b64-95eb-28c7fb221ab0, -16.198200, -60.403700,2026-06-20 18:00:00,GOES-19,José Miguel de Velasco,Santa Cruz,Bolivia,85,8,28,0,0.0,1.0,,238.0
b6b30d3f-4f0e-326f-822e-a806febbe2c4, -18.351900, -59.058100,2026-06-20 18:00:00,GOES-19,Chiquitos,Santa Cruz,Bolivia,80,8,28,0,0.0,0.44,,87.9
b18d7cd4-8fd4-31ee-b467-74c70ca26ee2, -16.899100, -60.378600,2026-06-20 18:00:00,GOES-19,José Miguel de Velasco,Santa Cruz,Bolivia,85,8,28,10,2.55,0.39,,233.7
e448bf18-ca04-3783-8bd2-66114fe867ef, -10.843200, -49.101800,2026-06-20 18:00:00,GOES-19,SANTA RITA DO TOCANTINS,TOCANTINS,Brasil,1718899,17,33,49,0.0,1.0,Cerrado,79.4
ab8f4ab9-7691-37b9-88af-fdf3bdd2ab0d, -16.899400, -60.358600,2026-06-20 18:00:00,GOES-19,José Miguel de Velasco,Santa Cruz,Bolivia,85,8,28,9,2.8,0.37,,186.3
ddc08be5-6552-3c35-9461-65391172503a, -18.351600, -59.078500,2026-06-20 18:00:00,GOES-19,Chiquitos,Santa Cruz,Bolivia,80,8,28,0,0.0,0.44,,144.1
60bbb764-3001-3a6e-9a04-3d7f3a97bb37,  -5.813000, -45.079900,2026-06-20 18:00:00,GOES-19,BARRA DO CORDA,MARANHÃO,Brasil,2101608,21,33,5,0.0,0.9,Cerrado,430.5
5955bc3a-5c7f-3cd7-be6c-1f25a2e515fd, -18.331800, -59.080700,2026-06-20 18:00:00,GOES-19,Chiquitos,Santa Cruz,Bolivia,80,8,28,1,0.0,0.45,,120.8
e3eb860d-3c8d-3576-a0a8-e16a61690584, -16.918900, -60.356800,2026-06-20 18:00:00,GOES-19,José Miguel de Velasco,Santa Cruz,Bolivia,85,8,28,9,3.18,0.34,,93.7
6f150a8d-6085-33bf-a29b-03549917fc41,  -5.831900, -45.055900,2026-06-20 18:00:00,GOES-19,BARRA DO CORDA,MARANHÃO,Brasil,2101608,21,33,3,0.0,0.97,Cerrado,88.0
4510a01a-c5ee-307f-903c-f8c16c417872, -16.178500, -60.425400,2026-06-20 18:00:00,GOES-19,José Miguel de Velasco,Santa Cruz,Bolivia,85,8,28,0,0.0,0.87,,76.1
cec03cc5-9bbd-30b5-8e24-86196651c9c1, -16.918700, -60.376800,2026-06-20 18:00:00,GOES-19,José Miguel de Velasco,Santa Cruz,Bolivia,85,8,28,10,2.88,0.37,,105.0
a9793668-62e5-399a-b716-0a4cd29bd69e, -11.626900, -46.435200,2026-06-20 18:00:00,GOES-19,DIANÓPOLIS,TOCANTINS,Brasil,1707009,17,33,23,0.0,1.0,Cerrado,134.1
d4f17b87-1b80-35c7-a82e-414451f6548a, -10.842900, -49.123600,2026-06-20 18:00:00,GOES-19,SANTA RITA DO TOCANTINS,TOCANTINS,Brasil,1718899,17,33,49,0.0,1.0,Cerrado,160.1
c339581d-659d-3003-84fc-07d540fbbe25, -10.823900, -49.125700,2026-06-20 18:00:00,GOES-19,SANTA RITA DO TOCANTINS,TOCANTINS,Brasil,1718899,17,33,43,0.0,0.98,Cerrado,119.9
84e3053e-ea52-3687-8c1d-573ba4629ce5, -11.646100, -46.432600,2026-06-20 18:00:00,GOES-19,NOVO JARDIM,TOCANTINS,Brasil,1715259,17,33,23,0.0,1.0,Cerrado,83.9
930f3aa5-1940-3788-80e7-84fd2118c3c7, -18.331800, -59.080700,2026-06-20 18:10:00,GOES-19,Chiquitos,Santa Cruz,Bolivia,80,8,28,1,0.0,0.45,,124.4
4ccce902-7382-376e-9008-a286c0795537,  -5.831900, -45.055900,2026-06-20 18:10:00,GOES-19,BARRA DO CORDA,MARANHÃO,Brasil,2101608,21,33,3,0.0,0.97,Cerrado,63.4
e637211e-c63a-3f80-afb0-723193e4f84a,  -5.813000, -45.079900,2026-06-20 18:10:00,GOES-19,BARRA DO CORDA,MARANHÃO,Brasil,2101608,21,33,5,0.0,0.9,Cerrado,407.9
9690993c-ff68-3965-86cc-e58835444891, -16.918700, -60.376800,2026-06-20 18:10:00,GOES-19,José Miguel de Velasco,Santa Cruz,Bolivia,85,8,28,10,2.88,0.37,,105.9
e0136e82-75d9-3932-9ee4-16193533eff9, -16.918900, -60.356800,2026-06-20 18:10:00,GOES-19,José Miguel de Velasco,Santa Cruz,Bolivia,85,8,28,9,3.18,0.34,,82.5
ec8781a2-c474-3108-ae08-f0e3015fc89a, -18.351900, -59.058100,2026-06-20 18:10:00,GOES-19,Chiquitos,Santa Cruz,Bolivia,80,8,28,0,0.0,0.44,,83.1
5981b531-d590-347b-a389-ca121b70c37b,  -5.831700, -45.078600,2026-06-20 18:10:00,GOES-19,BARRA DO CORDA,MARANHÃO,Brasil,2101608,21,33,5,0.0,0.93,Cerrado,133.0
74da4d60-91af-32e1-ad3c-bd40c1d0c5a0, -16.879800, -60.360500,2026-06-20 18:10:00,GOES-19,José Miguel de Velasco,Santa Cruz,Bolivia,85,8,28,10,2.39,0.41,,71.3
aa771717-3c88-38b9-8a99-58588189e0ab,  -5.812800, -45.102600,2026-06-20 18:10:00,GOES-19,BARRA DO CORDA,MARANHÃO,Brasil,2101608,21,33,7,0.0,0.91,Cerrado,129.1
feecbac2-6528-3187-b5c8-8769d02de463, -13.343400, -66.534000,2026-06-20 18:10:00,GOES-19,José Ballivián,El Beni,Bolivia,26,3,28,7,17.62,0.03,,91.0
d2fff9d5-6aae-30f0-979c-ff674b7ef616,  -7.302600, -49.626900,2026-06-20 18:10:00,GOES-19,RIO MARIA,PARÁ,Brasil,1506161,15,33,9,0.0,0.91,Amazônia,91.4
a5baf975-6c6d-374d-9037-0dbf1b179ada, -16.899100, -60.378600,2026-06-20 18:10:00,GOES-19,José Miguel de Velasco,Santa Cruz,Bolivia,85,8,28,10,2.55,0.39,,212.6
0d60028e-bbe9-3284-9bf5-170f1b777199, -15.955800, -61.217600,2026-06-20 18:10:00,GOES-19,José Miguel de Velasco,Santa Cruz,Bolivia,85,8,28,10,0.0,0.56,,93.0
57ba6cfa-5ba9-3584-8bf3-836eb0124ec7, -16.178500, -60.425400,2026-06-20 18:10:00,GOES-19,José Miguel de Velasco,Santa Cruz,Bolivia,85,8,28,0,0.0,0.87,,73.7
383f4f85-8afa-3a42-838d-762f74ccf17c, -16.899400, -60.358600,2026-06-20 18:10:00,GOES-19,José Miguel de Velasco,Santa Cruz,Bolivia,85,8,28,9,2.8,0.37,,172.0
48fee590-da6a-30d2-91ca-4cca121c8d06,  -6.852100, -47.914300,2026-06-20 18:10:00,GOES-19,WANDERLÂNDIA,TOCANTINS,Brasil,1722081,17,33,3,0.0,0.97,Cerrado,61.5
4993e89c-28bd-305d-850b-a894ea3524ac, -18.351600, -59.078500,2026-06-20 18:10:00,GOES-19,Chiquitos,Santa Cruz,Bolivia,80,8,28,0,0.0,0.44,,143.7
fc58e361-cff0-3ac3-bfc5-cd430f034104, -18.126900, -59.570400,2026-06-20 18:10:00,GOES-19,Chiquitos,Santa Cruz,Bolivia,80,8,28,1,0.0,0.41,,69.4
5ecde197-f416-3fe7-a4ea-2066a901b288, -15.955500, -61.237400,2026-06-20 18:10:00,GOES-19,José Miguel de Velasco,Santa Cruz,Bolivia,85,8,28,10,0.0,0.55,,98.7
435de44b-a16e-37c9-bbea-0abd98587cae, -16.178800, -60.405500,2026-06-20 18:10:00,GOES-19,José Miguel de Velasco,Santa Cruz,Bolivia,85,8,28,0,0.0,0.85,,183.1
c19e661d-d384-36cb-a5a9-ac23c9ad960b, -18.332100, -59.060300,2026-06-20 18:10:00,GOES-19,Chiquitos,Santa Cruz,Bolivia,80,8,28,1,0.0,0.45,,117.4
ec061044-fcb2-3eb0-8cdb-a4cdf637189a, -15.601000, -61.817400,2026-06-20 18:10:00,GOES-19,Ñuflo de Chávez,Santa Cruz,Bolivia,78,8,28,8,0.0,0.37,,74.8
6d4c7174-e36d-3f05-b287-0a490508d714,  -5.813200, -45.057300,2026-06-20 18:10:00,GOES-19,BARRA DO CORDA,MARANHÃO,Brasil,2101608,21,33,3,0.0,0.91,Cerrado,144.6
f585e13a-0041-309e-bd0d-be95b4361f89, -16.879600, -60.380500,2026-06-20 18:10:00,GOES-19,José Miguel de Velasco,Santa Cruz,Bolivia,85,8,28,10,2.24,0.42,,70.8
065038b8-dfe8-3216-85b2-cc117a6b3c91, -10.842900, -49.123600,2026-06-20 18:10:00,GOES-19,SANTA RITA DO TOCANTINS,TOCANTINS,Brasil,1718899,17,33,49,0.0,1.0,Cerrado,130.1
a267fd16-c1b3-3981-9dff-3dde34d978d9, -10.823900, -49.125700,2026-06-20 18:10:00,GOES-19,SANTA RITA DO TOCANTINS,TOCANTINS,Brasil,1718899,17,33,43,0.0,0.98,Cerrado,133.5
4d594b7c-a196-3090-96a9-da47e72bbe7b, -40.731060, -63.268040,2026-06-20 18:15:00,NOAA-21,Adolfo Alsina,Río Negro,Argentina,370,16,12,16,1.9,0.79,,3.4
c0fbe97c-7cc8-3f03-9ce7-9882577e11ac, -39.462450, -62.593240,2026-06-20 18:15:00,NOAA-21,Villarino,Buenos Aires,Argentina,127,1,12,14,0.6,0.82,,9.8
e9f3fc09-9eb6-3c73-99de-304424cddb17, -39.459000, -62.594280,2026-06-20 18:15:00,NOAA-21,Villarino,Buenos Aires,Argentina,127,1,12,14,0.6,0.82,,5.3
71bc48df-cd55-3689-9a96-0147f6bfafc1, -35.833920, -72.557690,2026-06-20 18:17:00,NOAA-21,Cauquenes,Maule,Chile,35,12,48,-999,0.28,0.58,,7.4
58fb6e16-e75b-3eee-b3e1-288eb96b42ba, -38.699810, -68.201680,2026-06-20 18:17:00,NOAA-21,General Roca,Río Negro,Argentina,375,16,12,7,0.55,0.8,,3.8
bc30f7a1-b995-3e6e-a104-24b47fc61c23, -37.750790, -72.833970,2026-06-20 18:17:00,NOAA-21,Malleco,Araucanía,Chile,9,3,48,5,6.47,0.03,,6.7
4e79878b-a504-3a05-864d-7a9fa73ca3e7, -37.898690, -72.759870,2026-06-20 18:17:00,NOAA-21,Malleco,Araucanía,Chile,9,3,48,5,1.7,0.11,,8.2
9ee578fc-ed93-35d5-8d61-9a8e7839d76c, -37.894570, -72.760490,2026-06-20 18:17:00,NOAA-21,Malleco,Araucanía,Chile,9,3,48,5,1.73,0.13,,8.2
2232acbc-903c-353f-9cd3-c158968d3bbe, -35.836250, -72.558680,2026-06-20 18:17:00,NOAA-21,Cauquenes,Maule,Chile,35,12,48,-999,0.29,0.58,,7.6
3dead067-be08-3a40-b254-b0a73f07f114, -37.746640, -72.834470,2026-06-20 18:17:00,NOAA-21,Malleco,Araucanía,Chile,9,3,48,5,6.45,0.03,,6.7
9b4d6d33-da56-31a4-9e7c-cb4fc758adba, -37.746190, -72.829850,2026-06-20 18:17:00,NOAA-21,Malleco,Araucanía,Chile,9,3,48,5,6.21,0.03,,8.0
e86f9444-5439-3402-b45a-0dd5d4a57082, -37.742060, -72.830510,2026-06-20 18:17:00,NOAA-21,Malleco,Araucanía,Chile,9,3,48,5,6.18,0.03,,19.2
77b4ba1b-aca5-39a0-b83f-772c0e151687, -35.998920, -72.303670,2026-06-20 18:17:00,NOAA-21,Cauquenes,Maule,Chile,35,12,48,7,1.22,0.77,,7.4
3d7b2f6a-3c2b-38f2-9d8a-26f82d955a13, -37.741620, -72.826050,2026-06-20 18:17:00,NOAA-21,Malleco,Araucanía,Chile,9,3,48,5,5.96,0.03,,19.2
b7a74bc6-55b5-344a-8e54-1d76ad835284, -39.442680, -65.678610,2026-06-20 18:17:00,NOAA-21,Avellaneda,Río Negro,Argentina,371,16,12,10,0.2,0.81,,5.7
098dd58d-adef-3c16-9ed0-7afb0c52cceb, -26.450070, -64.245900,2026-06-20 18:19:00,NOAA-21,Pellegrini,Santiago del Estero,Argentina,476,22,12,6,0.0,0.98,,4.6
68ccfeb8-ea8d-3afb-9052-cf1705aaeb50, -27.425140, -65.354740,2026-06-20 18:19:00,NOAA-21,Simoca,Tucumán,Argentina,499,24,12,15,0.0,0.91,,6.2
0827edb7-4355-3de1-8411-d3722ca55f2b, -30.133940, -62.851630,2026-06-20 18:19:00,NOAA-21,Rió Seco,Córdoba,Argentina,144,2,12,2,0.0,0.84,,5.8
35392510-250a-34af-97ef-d8415458b387, -27.043420, -61.161210,2026-06-20 18:19:00,NOAA-21,Nueve de Julio,Chaco,Argentina,185,4,12,2,0.0,0.87,,4.0
480d969a-a522-3d45-954f-ec4cb997b4e6, -29.246440, -60.871060,2026-06-20 18:19:00,NOAA-21,Vera,Santa Fe,Argentina,457,21,12,2,0.0,0.55,,8.3
43ab8daf-1c88-3e13-a5ce-d5c4559228d2, -26.193710, -64.602150,2026-06-20 18:19:00,NOAA-21,Rosario de la Frontera,Salta,Argentina,401,17,12,16,0.0,0.96,,2.8
7750edde-e715-332c-a46c-f538a23e0a5b, -28.288930, -62.618530,2026-06-20 18:19:00,NOAA-21,Juan Felipe Ibarra,Santiago del Estero,Argentina,471,22,12,2,0.0,0.9,,7.5
661a39bc-08aa-3cde-8566-ffc490da2fcb, -29.708220, -61.235880,2026-06-20 18:19:00,NOAA-21,San Cristóbal,Santa Fe,Argentina,451,21,12,2,0.0,0.67,,19.6
d669114f-b274-3765-aab0-be8be916963d, -27.429640, -65.358670,2026-06-20 18:19:00,NOAA-21,Simoca,Tucumán,Argentina,499,24,12,14,0.0,0.91,,9.2
83198a79-e23f-341f-8892-0ea6001a2b67, -29.740890, -61.496790,2026-06-20 18:19:00,NOAA-21,Nueve de Julio,Santa Fe,Argentina,449,21,12,2,0.0,0.81,,5.8
30150636-da71-3def-914d-77c257bfffd9, -27.424100, -65.495060,2026-06-20 18:19:00,NOAA-21,Chicligasta,Tucumán,Argentina,489,24,12,7,0.0,0.9,,2.7
f476f80f-6f07-37ad-9473-9816a501b1c8, -30.137120, -63.070890,2026-06-20 18:19:00,NOAA-21,Rió Seco,Córdoba,Argentina,144,2,12,2,0.0,0.88,,3.1
b6f64c2d-7ac6-378a-9a65-77e8e5ae72ec, -27.079640, -58.739850,2026-06-20 18:19:00,NOAA-21,Bermejo,Chaco,Argentina,172,4,12,0,0.0,0.56,,7.6
1b033cc7-0e01-3d4f-9766-b60bd50d8fcd, -26.736640, -64.429610,2026-06-20 18:19:00,NOAA-21,Jiménez,Santiago del Estero,Argentina,470,22,12,6,0.0,0.98,,3.9
894aed9d-8b01-35e7-88ac-92159b79ca7e, -29.245350, -60.865920,2026-06-20 18:19:00,NOAA-21,Vera,Santa Fe,Argentina,457,21,12,2,0.0,0.56,,8.3
f793efa5-0938-3725-adc7-dc96b357d61b, -29.721690, -61.191260,2026-06-20 18:19:00,NOAA-21,San Cristóbal,Santa Fe,Argentina,451,21,12,2,0.0,0.63,,4.4
60eb1e95-d271-3d08-8237-3bf24f1ef29d, -28.476270, -62.695140,2026-06-20 18:19:00,NOAA-21,General Taboada,Santiago del Estero,Argentina,468,22,12,2,0.0,0.9,,4.4
a899fc9c-48c1-3e29-a373-f238a479901f, -27.225370, -65.479660,2026-06-20 18:19:00,NOAA-21,Monteros,Tucumán,Argentina,497,24,12,14,0.0,0.9,,4.3
e61e6498-7177-3e7d-8907-ad1695cca007, -27.426010, -65.359500,2026-06-20 18:19:00,NOAA-21,Simoca,Tucumán,Argentina,499,24,12,14,0.0,0.91,,9.2
c835c2ef-971f-365e-8615-c0cb632c57f9, -27.865100, -63.079580,2026-06-20 18:19:00,NOAA-21,Juan Felipe Ibarra,Santiago del Estero,Argentina,471,22,12,26,0.0,0.94,,11.5
300a915f-9eef-3add-acfb-f5436cb965d6, -31.636670, -68.502650,2026-06-20 18:19:00,NOAA-21,Rawson,San Juan,Argentina,414,18,12,36,0.0,0.86,,2.7
03ea8932-409e-302c-ae71-c2bc594a3f5c, -26.677600, -62.441640,2026-06-20 18:19:00,NOAA-21,Alberdi,Santiago del Estero,Argentina,459,22,12,10,0.0,0.93,,5.3
3ef36332-cbd7-3731-af8c-d2c11a45edd5, -27.374840, -65.472010,2026-06-20 18:19:00,NOAA-21,Simoca,Tucumán,Argentina,499,24,12,11,0.0,0.91,,2.4
90ba4992-47c8-3e3c-9929-4f27a0e19e39, -27.037360, -64.969870,2026-06-20 18:19:00,NOAA-21,Leales,Tucumán,Argentina,495,24,12,16,0.0,0.95,,4.3
819b95ee-05ea-3819-bd2b-6e38f19e6c10, -27.757430, -64.322050,2026-06-20 18:19:00,NOAA-21,Capital,Santiago del Estero,Argentina,464,22,12,22,0.0,0.94,,4.0
86912067-1d1a-33b5-9e0e-e40b3620a5c3, -25.377150, -63.431430,2026-06-20 18:19:00,NOAA-21,Anta,Salta,Argentina,382,17,12,6,0.0,0.96,,7.9
a8d6a000-0c78-38f8-9a7d-d847d5bdb6a9, -26.451140, -64.251400,2026-06-20 18:19:00,NOAA-21,Pellegrini,Santiago del Estero,Argentina,476,22,12,6,0.0,0.98,,4.6
a7ad5907-d2d8-3e51-aaca-624edd36fd58, -27.403360, -65.568060,2026-06-20 18:19:00,NOAA-21,Chicligasta,Tucumán,Argentina,489,24,12,9,0.0,0.89,,2.5
156a7b1c-345d-3185-86d0-5260fb2ecd10, -30.311730, -60.153020,2026-06-20 18:19:00,NOAA-21,San Javier,Santa Fe,Argentina,452,21,12,2,0.0,0.37,,3.5
57148ab3-9db3-3af9-b3df-82bb89f450a6, -30.197870, -63.112340,2026-06-20 18:19:00,NOAA-21,Rió Seco,Córdoba,Argentina,144,2,12,2,0.0,0.87,,4.4
5162b424-4aa7-3f56-b098-885b7d806772, -28.621030, -65.146260,2026-06-20 18:19:00,NOAA-21,Choya,Santiago del Estero,Argentina,465,22,12,17,0.0,0.92,,5.8
66a15800-0f19-38a2-8f2e-7961e6c8342d, -27.430510, -65.363430,2026-06-20 18:19:00,NOAA-21,Simoca,Tucumán,Argentina,499,24,12,14,0.0,0.91,,9.2
f5cb500c-3a8c-37ab-8043-40d9df530655, -27.343420, -65.547600,2026-06-20 18:19:00,NOAA-21,Chicligasta,Tucumán,Argentina,489,24,12,13,0.0,0.9,,2.9
7f114ffc-06d8-3a7d-9119-7a3e58204589, -26.450920, -64.248250,2026-06-20 18:19:00,NOAA-21,Pellegrini,Santiago del Estero,Argentina,476,22,12,6,0.0,0.98,,6.9
787a40e2-200d-3b82-a976-2cc2e30ec512, -27.865920, -63.083620,2026-06-20 18:19:00,NOAA-21,Juan Felipe Ibarra,Santiago del Estero,Argentina,471,22,12,26,0.0,0.94,,5.7
a8f35c33-6d78-3111-b5ef-205cd571df14, -24.532600, -60.629620,2026-06-20 18:19:00,NOAA-21,Patiño,Formosa,Argentina,257,9,12,2,0.0,0.87,,1.4
73c2940f-f3a3-3db5-ba83-ef61833335fa, -16.918900, -60.356800,2026-06-20 18:20:00,GOES-19,José Miguel de Velasco,Santa Cruz,Bolivia,85,8,28,9,3.18,0.34,,81.8
ff2b5681-8430-38fc-b676-a3b2b4e78eb7,  -5.831700, -45.078600,2026-06-20 18:20:00,GOES-19,BARRA DO CORDA,MARANHÃO,Brasil,2101608,21,33,5,0.0,0.93,Cerrado,106.2
b243a072-9447-31fe-91be-ae6c5d0e0eaf, -18.351900, -59.058100,2026-06-20 18:20:00,GOES-19,Chiquitos,Santa Cruz,Bolivia,80,8,28,0,0.0,0.44,,78.1
7100cde1-81f7-3bde-99e9-f525e5fbaa02, -16.918700, -60.376800,2026-06-20 18:20:00,GOES-19,José Miguel de Velasco,Santa Cruz,Bolivia,85,8,28,10,2.88,0.37,,74.8
6b54c1db-f7dc-34be-9271-b97fbda3248e, -15.955500, -61.237400,2026-06-20 18:20:00,GOES-19,José Miguel de Velasco,Santa Cruz,Bolivia,85,8,28,10,0.0,0.55,,71.5
f96072c3-ffd3-3884-ba57-152faf31f716, -18.331800, -59.080700,2026-06-20 18:20:00,GOES-19,Chiquitos,Santa Cruz,Bolivia,80,8,28,1,0.0,0.45,,122.4
e2e9e888-4024-35eb-b011-65f3c586beb9, -16.899100, -60.378600,2026-06-20 18:20:00,GOES-19,José Miguel de Velasco,Santa Cruz,Bolivia,85,8,28,10,2.55,0.39,,223.2
fcfdde47-0ec6-3f79-b343-87408d0a4c19,  -5.813000, -45.079900,2026-06-20 18:20:00,GOES-19,BARRA DO CORDA,MARANHÃO,Brasil,2101608,21,33,5,0.0,0.9,Cerrado,366.3
726df8ff-49c3-371c-9bd3-99d4f0daf62a,  -5.812800, -45.102600,2026-06-20 18:20:00,GOES-19,BARRA DO CORDA,MARANHÃO,Brasil,2101608,21,33,7,0.0,0.91,Cerrado,92.3
a0987953-1b62-3eb6-b932-ee3c915cb729, -20.757300, -61.192100,2026-06-20 18:20:00,GOES-19,General Eugenio A. Garay,Boquerón,Paraguay,43,6,177,11,0.0,0.98,,84.2
4fdbfe24-0a43-3c43-a224-f76da8f8e585, -10.843200, -49.101800,2026-06-20 18:20:00,GOES-19,SANTA RITA DO TOCANTINS,TOCANTINS,Brasil,1718899,17,33,49,0.0,1.0,Cerrado,69.1
c58fff2b-946e-35be-bfc1-91b758d5c67e,  -7.302600, -49.626900,2026-06-20 18:20:00,GOES-19,RIO MARIA,PARÁ,Brasil,1506161,15,33,9,0.0,0.91,Amazônia,93.2
a4b50bc3-9fab-3f83-8b37-734d5248978d,  -6.833400, -47.915700,2026-06-20 18:20:00,GOES-19,WANDERLÂNDIA,TOCANTINS,Brasil,1722081,17,33,3,0.0,0.97,Cerrado,101.9
34f285e3-c848-30e0-96df-42380b8fee55, -18.351600, -59.078500,2026-06-20 18:20:00,GOES-19,Chiquitos,Santa Cruz,Bolivia,80,8,28,0,0.0,0.44,,150.5
d016a676-1775-3c08-9459-9dd3f84b4c29, -18.126900, -59.570400,2026-06-20 18:20:00,GOES-19,Chiquitos,Santa Cruz,Bolivia,80,8,28,1,0.0,0.41,,73.9
f714cd1c-bb53-3a87-91c1-7ab8ad8cdad7, -18.332100, -59.060300,2026-06-20 18:20:00,GOES-19,Chiquitos,Santa Cruz,Bolivia,80,8,28,1,0.0,0.45,,127.2
e8c2d32f-d1b6-362c-9fb2-6cef9f86526a, -16.899400, -60.358600,2026-06-20 18:20:00,GOES-19,José Miguel de Velasco,Santa Cruz,Bolivia,85,8,28,9,2.8,0.37,,184.1
f2a465bb-622c-388c-97ff-845bba251cbb,  -6.852100, -47.914300,2026-06-20 18:20:00,GOES-19,WANDERLÂNDIA,TOCANTINS,Brasil,1722081,17,33,3,0.0,0.97,Cerrado,122.8
c79a1d9e-e894-3ee5-85be-246deebc14fd, -10.823900, -49.125700,2026-06-20 18:20:00,GOES-19,SANTA RITA DO TOCANTINS,TOCANTINS,Brasil,1718899,17,33,43,0.0,0.98,Cerrado,72.3
5b637494-8abc-372b-9e64-7bae88cd2661, -11.910800, -43.408100,2026-06-20 18:20:00,GOES-19,MUQUÉM DO SÃO FRANCISCO,BAHIA,Brasil,2922250,29,33,24,0.0,1.0,Cerrado,93.4
988b6608-a939-3867-9cb8-c1241ed40f1a, -10.842900, -49.123600,2026-06-20 18:20:00,GOES-19,SANTA RITA DO TOCANTINS,TOCANTINS,Brasil,1718899,17,33,49,0.0,1.0,Cerrado,143.1
c6a58edb-18a5-3123-afd7-fa761f2bc26c,  -5.924300, -45.185200,2026-06-20 18:20:00,GOES-19,FERNANDO FALCÃO,MARANHÃO,Brasil,2104081,21,33,4,0.0,0.94,Cerrado,132.7
3347f6cd-c5f0-3827-8885-fc50d19a8e07, -17.489090, -59.589870,2026-06-20 18:21:00,NOAA-21,Chiquitos,Santa Cruz,Bolivia,80,8,28,9,0.0,0.57,,12.8
a4232afc-3f81-339e-8c2f-1401ec2a8570, -17.484610, -59.565160,2026-06-20 18:21:00,NOAA-21,Chiquitos,Santa Cruz,Bolivia,80,8,28,9,0.0,0.58,,5.1
0a92ee73-a19d-3351-b9a1-3bff2125a0aa, -18.352740, -59.071900,2026-06-20 18:21:00,NOAA-21,Chiquitos,Santa Cruz,Bolivia,80,8,28,0,0.0,0.44,,5.8
117ee37c-1c4a-38da-a72c-d41252890d3e, -18.013110, -59.589490,2026-06-20 18:21:00,NOAA-21,Chiquitos,Santa Cruz,Bolivia,80,8,28,5,0.0,0.46,,4.1
8ea52302-ad05-3691-83ff-720f890431c5, -16.907460, -60.372230,2026-06-20 18:21:00,NOAA-21,José Miguel de Velasco,Santa Cruz,Bolivia,85,8,28,10,2.72,0.38,,42.4
61253ede-5b0d-3229-a72e-09650f0e6c4d, -16.899600, -60.364620,2026-06-20 18:21:00,NOAA-21,José Miguel de Velasco,Santa Cruz,Bolivia,85,8,28,10,2.72,0.38,,88.0
d80523f0-1d45-346f-8623-ebea9a25fbe5, -18.344770, -59.075780,2026-06-20 18:21:00,NOAA-21,Chiquitos,Santa Cruz,Bolivia,80,8,28,0,0.0,0.45,,12.4
016e29e1-4777-35a9-895a-9238b7682790, -20.053690, -68.315800,2026-06-20 18:21:00,NOAA-21,Daniel Campos,Potosí,Bolivia,69,7,28,51,0.0,0.79,,4.2
5da9589a-56ce-34be-9729-a0714193dcea, -16.905490, -60.363180,2026-06-20 18:21:00,NOAA-21,José Miguel de Velasco,Santa Cruz,Bolivia,85,8,28,10,2.84,0.37,,28.5
f0111969-98ac-395c-b46e-1ffdaf507a82, -18.053490, -59.599580,2026-06-20 18:21:00,NOAA-21,Chiquitos,Santa Cruz,Bolivia,80,8,28,4,0.0,0.45,,6.2
d853c814-7f62-39c7-96ee-3540437e3dd8, -18.341270, -59.060470,2026-06-20 18:21:00,NOAA-21,Chiquitos,Santa Cruz,Bolivia,80,8,28,0,0.0,0.45,,8.3
4e8374cd-8950-3e02-abf9-fdd9800e1080, -20.745560, -61.203620,2026-06-20 18:21:00,NOAA-21,General Eugenio A. Garay,Boquerón,Paraguay,43,6,177,14,0.0,0.98,,8.2
5c52a645-468a-3e55-b60e-7c829f723325, -17.146850, -60.529420,2026-06-20 18:21:00,NOAA-21,José Miguel de Velasco,Santa Cruz,Bolivia,85,8,28,8,0.0,0.59,,17.0
c73f5059-a575-3a75-ba01-749c9c255372, -23.007330, -61.412290,2026-06-20 18:21:00,NOAA-21,Doctor Pedro P. Peña,Boquerón,Paraguay,42,6,177,10,0.0,0.96,,6.6
63e79a98-0b4b-3763-ae85-a61aedf7bcb3, -18.120620, -59.584170,2026-06-20 18:21:00,NOAA-21,Chiquitos,Santa Cruz,Bolivia,80,8,28,1,0.0,0.41,,5.3
c5d44e88-60e8-3e54-b476-080870da42a3, -23.011990, -61.413410,2026-06-20 18:21:00,NOAA-21,Doctor Pedro P. Peña,Boquerón,Paraguay,42,6,177,10,0.0,0.96,,9.2
52ebcb3c-28ef-310a-8b82-aaef469aa304, -20.001700, -56.184380,2026-06-20 18:21:00,NOAA-21,AQUIDAUANA,MATO GROSSO DO SUL,Brasil,5001102,50,33,2,0.48,0.52,Pantanal,0.4
6a7be101-9b23-3587-b086-ab915e81dfd3, -18.353290, -59.084460,2026-06-20 18:21:00,NOAA-21,Chiquitos,Santa Cruz,Bolivia,80,8,28,0,0.0,0.44,,12.4
33a79d21-cf4a-3b70-87a6-a1cd54567309, -18.355010, -59.082160,2026-06-20 18:21:00,NOAA-21,Chiquitos,Santa Cruz,Bolivia,80,8,28,0,0.0,0.44,,14.2
90e9cbed-3a59-34d2-b6ec-7db67db16a6a, -22.542070, -60.666640,2026-06-20 18:21:00,NOAA-21,Mariscal José Félix Estigarribia,Boquerón,Paraguay,44,6,177,0,0.0,0.96,,5.7
b07e9539-2f2b-32ba-be5f-87e5d07e90ba, -16.896430, -60.364800,2026-06-20 18:21:00,NOAA-21,José Miguel de Velasco,Santa Cruz,Bolivia,85,8,28,10,2.67,0.38,,41.1
ee25832c-5129-30c9-b23f-60c46ccbe44b, -22.541340, -60.663190,2026-06-20 18:21:00,NOAA-21,Mariscal José Félix Estigarribia,Boquerón,Paraguay,44,6,177,0,0.0,0.96,,5.7
5c3da18c-d5a2-3de6-a017-08cbafde3103, -20.746280, -61.207040,2026-06-20 18:21:00,NOAA-21,General Eugenio A. Garay,Boquerón,Paraguay,43,6,177,15,0.0,0.98,,7.5
9c1b0588-ea00-3e9d-97e4-51c82d4e69c4, -18.355620, -59.094690,2026-06-20 18:21:00,NOAA-21,Chiquitos,Santa Cruz,Bolivia,80,8,28,0,0.0,0.44,,10.1
9dbce1cb-21e5-3abe-b12c-282d6c4f7000, -18.123520, -59.568330,2026-06-20 18:21:00,NOAA-21,Chiquitos,Santa Cruz,Bolivia,80,8,28,1,0.0,0.41,,19.6
7087793d-7ea2-3481-819c-f9de1cc5a9c8, -20.577010, -58.190020,2026-06-20 18:21:00,NOAA-21,Fuerte Olimpo,Alto Paraguay,Paraguay,17,2,177,0,0.0,0.95,,12.1
438d99b9-62ff-3a05-9c1d-d25494f5c39b, -19.350870, -66.710250,2026-06-20 18:21:00,NOAA-21,Eduardo Avaroa,Oruro,Bolivia,53,5,28,57,0.0,0.71,,34.4
aaa58b2c-38f7-3b6f-867f-8d0c38289537, -18.341520, -59.080160,2026-06-20 18:21:00,NOAA-21,Chiquitos,Santa Cruz,Bolivia,80,8,28,0,0.0,0.45,,10.3
eb7c318e-661b-374e-993a-d28acc4c5427, -20.740350, -61.204900,2026-06-20 18:21:00,NOAA-21,General Eugenio A. Garay,Boquerón,Paraguay,43,6,177,14,0.0,0.98,,8.2
92190397-53f3-3c6e-a8fc-c0fcb0558d7c, -20.749310, -61.195500,2026-06-20 18:21:00,NOAA-21,General Eugenio A. Garay,Boquerón,Paraguay,43,6,177,12,0.0,0.98,,24.5
8a995b53-a583-3440-a63b-9e09c092a6cd, -16.895680, -60.375050,2026-06-20 18:21:00,NOAA-21,José Miguel de Velasco,Santa Cruz,Bolivia,85,8,28,10,2.55,0.39,,58.9
8fc562b6-ceff-3083-8ff8-5de5a25b651f, -17.751620, -60.417810,2026-06-20 18:21:00,NOAA-21,Chiquitos,Santa Cruz,Bolivia,80,8,28,9,0.1,0.58,,6.6
ff3ba127-edc3-3c4c-91d5-267b0b233af1, -18.334200, -59.076600,2026-06-20 18:21:00,NOAA-21,Chiquitos,Santa Cruz,Bolivia,80,8,28,1,0.0,0.45,,10.3
9ebfddc2-202a-3dd6-8680-8554282fc2a8, -18.347700, -59.078590,2026-06-20 18:21:00,NOAA-21,Chiquitos,Santa Cruz,Bolivia,80,8,28,0,0.0,0.45,,10.3
ff728d51-ac01-340f-b0fc-3c0d77e7aa61, -18.067760, -59.632550,2026-06-20 18:21:00,NOAA-21,Chiquitos,Santa Cruz,Bolivia,80,8,28,1,0.0,0.46,,4.1
7f4a29f3-7373-36e8-bc20-695ffadc9a37, -17.196030, -63.105390,2026-06-20 18:21:00,NOAA-21,Obispo Santistevan,Santa Cruz,Bolivia,87,8,28,3,0.0,1.0,,3.7
dfdac63a-1e3d-33aa-a707-71c67f36e9db, -18.345940, -59.080890,2026-06-20 18:21:00,NOAA-21,Chiquitos,Santa Cruz,Bolivia,80,8,28,0,0.0,0.45,,12.4
b3f31adf-a5ca-3b24-84af-33ab853057f6, -18.125610, -59.577920,2026-06-20 18:21:00,NOAA-21,Chiquitos,Santa Cruz,Bolivia,80,8,28,1,0.0,0.41,,33.4
3ef01701-7195-3e63-a981-e9676a069d41, -18.333070, -59.071510,2026-06-20 18:21:00,NOAA-21,Chiquitos,Santa Cruz,Bolivia,80,8,28,1,0.0,0.45,,10.3
ca4eb8f3-ff1b-341f-ad22-65f2bcb2de13, -16.900600, -60.369210,2026-06-20 18:21:00,NOAA-21,José Miguel de Velasco,Santa Cruz,Bolivia,85,8,28,10,2.67,0.38,,58.9
4ca58b9f-7ac2-3370-8ae7-56ba501dbf14, -18.350950, -59.074230,2026-06-20 18:21:00,NOAA-21,Chiquitos,Santa Cruz,Bolivia,80,8,28,0,0.0,0.44,,12.4
727d26c7-2f5d-3bfb-bd02-c6cf2707630b, -16.897410, -60.369430,2026-06-20 18:21:00,NOAA-21,José Miguel de Velasco,Santa Cruz,Bolivia,85,8,28,10,2.63,0.39,,103.2
8da74b97-e364-3b6b-b8ed-8ca4f9c32a0d, -18.335340, -59.081710,2026-06-20 18:21:00,NOAA-21,Chiquitos,Santa Cruz,Bolivia,80,8,28,0,0.0,0.45,,12.0
3c5d2749-829e-31ab-807e-41372f848a1a, -17.147980, -60.528840,2026-06-20 18:21:00,NOAA-21,José Miguel de Velasco,Santa Cruz,Bolivia,85,8,28,8,0.0,0.59,,10.9
5d827087-b75c-32bf-9c22-439281147bec, -18.335840, -59.054590,2026-06-20 18:21:00,NOAA-21,Chiquitos,Santa Cruz,Bolivia,80,8,28,1,0.0,0.45,,14.8
6301a3ad-fa03-3901-8b9c-1080412b75b9, -18.357290, -59.092420,2026-06-20 18:21:00,NOAA-21,Chiquitos,Santa Cruz,Bolivia,80,8,28,0,0.0,0.44,,8.5
d370564e-72ed-349c-82f5-470c44f342ab, -18.353880, -59.077030,2026-06-20 18:21:00,NOAA-21,Chiquitos,Santa Cruz,Bolivia,80,8,28,0,0.0,0.44,,14.2
b259ae99-7e93-3407-a768-7cd08871aeba, -16.891490, -60.370770,2026-06-20 18:21:00,NOAA-21,José Miguel de Velasco,Santa Cruz,Bolivia,85,8,28,10,2.52,0.39,,40.8
6ab76f4f-b0f0-3eb1-882e-23b4258b80ae, -17.702460, -61.295980,2026-06-20 18:21:00,NOAA-21,Chiquitos,Santa Cruz,Bolivia,80,8,28,6,0.3,0.76,,3.1
90e815b4-9714-37e7-b302-189f731469eb, -18.343600, -59.070680,2026-06-20 18:21:00,NOAA-21,Chiquitos,Santa Cruz,Bolivia,80,8,28,0,0.0,0.45,,12.4
a9415861-d8b7-37dc-a2e5-9aecd55e9c93, -18.065990, -59.567420,2026-06-20 18:21:00,NOAA-21,Chiquitos,Santa Cruz,Bolivia,80,8,28,6,0.0,0.44,,27.7
88778ef1-93d9-3ca8-b7cd-b70eed98d87b, -18.342660, -59.085280,2026-06-20 18:21:00,NOAA-21,Chiquitos,Santa Cruz,Bolivia,80,8,28,0,0.0,0.45,,10.3
fa9920f0-6cfd-38ed-8e7e-9911cf448f4e, -18.342440, -59.065580,2026-06-20 18:21:00,NOAA-21,Chiquitos,Santa Cruz,Bolivia,80,8,28,0,0.0,0.45,,8.3
c349eed0-0fc3-3ba4-9661-83e7b59fca6e, -17.147070, -60.524530,2026-06-20 18:21:00,NOAA-21,José Miguel de Velasco,Santa Cruz,Bolivia,85,8,28,8,0.0,0.59,,12.4
e382b717-fad2-3575-9c3a-7dc2c0952923, -18.124570, -59.573150,2026-06-20 18:21:00,NOAA-21,Chiquitos,Santa Cruz,Bolivia,80,8,28,1,0.0,0.41,,19.6
fad5731f-5ab2-3d1f-bb79-2cd0ce061378, -18.346570, -59.073480,2026-06-20 18:21:00,NOAA-21,Chiquitos,Santa Cruz,Bolivia,80,8,28,0,0.0,0.45,,26.3
4cb4eb60-f4a0-3e9e-9229-82d7aa4cc721, -18.068840, -59.637370,2026-06-20 18:21:00,NOAA-21,Chiquitos,Santa Cruz,Bolivia,80,8,28,0,0.0,0.46,,4.1
38fe51b9-0ec9-32d4-ab17-2182edbc6b69, -18.358300, -59.077790,2026-06-20 18:21:00,NOAA-21,Chiquitos,Santa Cruz,Bolivia,80,8,28,0,0.0,0.44,,8.7
00bebea7-349b-373a-8d9a-f0e9dc127cf9, -20.574960, -58.195490,2026-06-20 18:21:00,NOAA-21,Fuerte Olimpo,Alto Paraguay,Paraguay,17,2,177,0,0.0,0.95,,6.7
5a108372-d49b-33cd-b72c-f9bffaad8530, -20.754530, -61.194230,2026-06-20 18:21:00,NOAA-21,General Eugenio A. Garay,Boquerón,Paraguay,43,6,177,12,0.0,0.98,,24.5
2f8dd821-f038-34b1-bff3-86bc48f50e32, -17.141250, -60.525920,2026-06-20 18:21:00,NOAA-21,José Miguel de Velasco,Santa Cruz,Bolivia,85,8,28,9,0.0,0.59,,15.3
4257968e-cb4f-3f0d-aaa0-9cccc4d45ce2, -17.420060, -60.761630,2026-06-20 18:21:00,NOAA-21,Chiquitos,Santa Cruz,Bolivia,80,8,28,6,0.0,0.85,,9.1
6183195b-aa1f-3276-a75b-2865b6da4f6c, -22.541520, -60.665420,2026-06-20 18:21:00,NOAA-21,Mariscal José Félix Estigarribia,Boquerón,Paraguay,44,6,177,0,0.0,0.96,,11.2
142097e4-67be-3956-97f6-5b6b560256bc, -18.502260, -63.047330,2026-06-20 18:21:00,NOAA-21,Cordillera,Santa Cruz,Bolivia,81,8,28,23,0.0,0.99,,11.6
e0bf1c21-a685-343e-8f21-09987921a092, -16.892430, -60.375200,2026-06-20 18:21:00,NOAA-21,José Miguel de Velasco,Santa Cruz,Bolivia,85,8,28,10,2.49,0.4,,40.8
f8906c69-6e3a-3bdf-8448-5bd0ae191b39, -18.352120, -59.079350,2026-06-20 18:21:00,NOAA-21,Chiquitos,Santa Cruz,Bolivia,80,8,28,0,0.0,0.44,,12.4
60268d9c-ff25-3f45-8c9e-a6b9dfd25ade, -18.354460, -59.089580,2026-06-20 18:21:00,NOAA-21,Chiquitos,Santa Cruz,Bolivia,80,8,28,0,0.0,0.44,,10.1
39f4b726-2d4c-372e-ac9e-f35380dc64e8, -23.012250, -61.411070,2026-06-20 18:21:00,NOAA-21,Doctor Pedro P. Peña,Boquerón,Paraguay,42,6,177,10,0.0,0.96,,6.6
d3da80a0-f4ce-3c03-b262-ff022d0bd581, -17.145910, -60.525130,2026-06-20 18:21:00,NOAA-21,José Miguel de Velasco,Santa Cruz,Bolivia,85,8,28,8,0.0,0.59,,27.9
d79ab9b1-9dd8-3783-854b-33e1c77903d9, -17.594350, -60.441800,2026-06-20 18:21:00,NOAA-21,Chiquitos,Santa Cruz,Bolivia,80,8,28,3,0.0,0.91,,5.3
85d90e04-def9-3f49-91ad-6f51622405ed, -19.003470, -66.276310,2026-06-20 18:21:00,NOAA-21,Eduardo Avaroa,Oruro,Bolivia,53,5,28,33,0.0,0.75,,11.0
2af9c85c-0055-3221-aba4-62f9f872a29b, -22.445150, -64.518460,2026-06-20 18:21:00,NOAA-21,Santa Victoria,Salta,Argentina,404,17,12,56,0.0,0.86,,3.1
a73e27c2-ecda-3911-820a-6c6dbef04ee0, -17.799480, -66.230860,2026-06-20 18:21:00,NOAA-21,Capinota,Cochabamba,Bolivia,14,2,28,10,0.0,0.93,,11.5
c9962446-de64-3cfd-9a3a-1a3dbcaa70fa, -16.923100, -60.344260,2026-06-20 18:21:00,NOAA-21,José Miguel de Velasco,Santa Cruz,Bolivia,85,8,28,9,3.31,0.34,,24.6
8451290f-0ad2-37c1-8ce8-9ae5903b63ed, -18.340390, -59.075050,2026-06-20 18:21:00,NOAA-21,Chiquitos,Santa Cruz,Bolivia,80,8,28,0,0.0,0.45,,26.3
caa5c64c-3fa8-3880-a590-b78e3b421d23, -21.749540, -60.290820,2026-06-20 18:21:00,NOAA-21,General Eugenio A. Garay,Boquerón,Paraguay,43,6,177,5,0.0,0.98,,5.7
cf1d86c5-2aab-3ee2-ae19-7889b43d49c5, -18.053220, -59.595840,2026-06-20 18:21:00,NOAA-21,Chiquitos,Santa Cruz,Bolivia,80,8,28,4,0.0,0.45,,7.3
c1fb44f0-e7ed-3f89-8d34-b2d36b7fd6eb, -16.413710, -59.306920,2026-06-20 18:21:00,NOAA-21,José Miguel de Velasco,Santa Cruz,Bolivia,85,8,28,1,0.1,0.57,,8.3
630e8dd1-348d-3def-a064-493e985bfb9f, -18.052430, -59.594700,2026-06-20 18:21:00,NOAA-21,Chiquitos,Santa Cruz,Bolivia,80,8,28,4,0.0,0.45,,6.2
b534cfd5-f03b-355e-9913-d83ca6fa1ef5, -21.748720, -60.287080,2026-06-20 18:21:00,NOAA-21,General Eugenio A. Garay,Boquerón,Paraguay,43,6,177,6,0.0,0.95,,11.0
4485a34d-ad46-311e-a3b0-f8834710753b, -18.356150, -59.087300,2026-06-20 18:21:00,NOAA-21,Chiquitos,Santa Cruz,Bolivia,80,8,28,0,0.0,0.44,,8.5
c4d8a556-ec95-3f96-9a26-50166dadb88e, -17.803500, -66.230090,2026-06-20 18:21:00,NOAA-21,Capinota,Cochabamba,Bolivia,14,2,28,10,0.0,0.93,,11.5
434f5f7b-47d2-38be-afd3-faf82e42d3f2, -18.336980, -59.059720,2026-06-20 18:21:00,NOAA-21,Chiquitos,Santa Cruz,Bolivia,80,8,28,1,0.0,0.45,,18.7
65984ef2-23ea-39f5-aa3a-f07de8c79771, -21.754110, -60.285720,2026-06-20 18:21:00,NOAA-21,General Eugenio A. Garay,Boquerón,Paraguay,43,6,177,6,0.0,0.89,,17.2
673a66e3-68c6-3968-871c-b9e56f1bc3cc, -16.898340, -60.373870,2026-06-20 18:21:00,NOAA-21,José Miguel de Velasco,Santa Cruz,Bolivia,85,8,28,10,2.59,0.39,,103.2
0c6d5f92-ad5b-34f2-ab28-eb7398a85a09, -18.170030, -60.933540,2026-06-20 18:21:00,NOAA-21,Chiquitos,Santa Cruz,Bolivia,80,8,28,6,0.0,0.82,,3.7
f8ee1a3c-ac4b-3656-a816-1a9907a44206, -16.902320, -60.363340,2026-06-20 18:21:00,NOAA-21,José Miguel de Velasco,Santa Cruz,Bolivia,85,8,28,10,2.79,0.38,,41.1
2f70bfc1-74e9-31e6-8f63-e731365cb468, -17.593520, -60.442390,2026-06-20 18:21:00,NOAA-21,Chiquitos,Santa Cruz,Bolivia,80,8,28,3,0.0,0.89,,7.2
7f4b3981-d260-3024-853e-2654ee67e96f, -18.064930, -59.562650,2026-06-20 18:21:00,NOAA-21,Chiquitos,Santa Cruz,Bolivia,80,8,28,6,0.0,0.44,,27.7
07bed108-8e75-31dd-bb75-55eff192218b, -20.581190, -58.193870,2026-06-20 18:21:00,NOAA-21,Fuerte Olimpo,Alto Paraguay,Paraguay,17,2,177,0,0.0,0.94,,6.7
1ab1199f-58e5-3fc1-8c67-8b4e0194773c, -21.753290, -60.281970,2026-06-20 18:21:00,NOAA-21,General Eugenio A. Garay,Boquerón,Paraguay,43,6,177,6,0.0,0.82,,17.2
590aa127-d023-3552-a95e-bd17b8e8fc30, -17.534150, -59.646100,2026-06-20 18:21:00,NOAA-21,Chiquitos,Santa Cruz,Bolivia,80,8,28,9,0.0,0.56,,6.1
93625d05-30b3-3171-92a9-a26bcbaf5795, -17.976460, -65.528930,2026-06-20 18:21:00,NOAA-21,Mizque,Cochabamba,Bolivia,20,2,28,10,0.0,0.99,,8.7
2ab0e78f-5d46-3e3d-a515-8bd10c590be8, -18.339250, -59.069950,2026-06-20 18:21:00,NOAA-21,Chiquitos,Santa Cruz,Bolivia,80,8,28,0,0.0,0.45,,26.3
35f4da91-51f5-3c23-b246-6fe39d9557c4, -17.105060, -60.109600,2026-06-20 18:21:00,NOAA-21,José Miguel de Velasco,Santa Cruz,Bolivia,85,8,28,8,1.4,0.44,,10.4
52f5a4ac-3e4d-372a-90c6-08af8ce1ba4c, -19.350040, -66.705500,2026-06-20 18:21:00,NOAA-21,Eduardo Avaroa,Oruro,Bolivia,53,5,28,57,0.0,0.71,,63.1
8b10294b-7236-3e2c-955c-70c512877223, -18.347110, -59.085990,2026-06-20 18:21:00,NOAA-21,Chiquitos,Santa Cruz,Bolivia,80,8,28,0,0.0,0.45,,12.4
bbd57daa-32fc-3e76-914d-24f64e611cf8, -18.343160, -59.058110,2026-06-20 18:21:00,NOAA-21,Chiquitos,Santa Cruz,Bolivia,80,8,28,0,0.0,0.45,,18.7
714cb98f-a70d-38bc-ab65-99a70da2a165, -17.420430, -60.759200,2026-06-20 18:21:00,NOAA-21,Chiquitos,Santa Cruz,Bolivia,80,8,28,6,0.0,0.84,,7.5
a4ba9127-e712-3239-a888-c412642d05ae, -18.020110, -66.648940,2026-06-20 18:21:00,NOAA-21,Arque,Cochabamba,Bolivia,12,2,28,10,0.0,0.75,,6.1
1e327bd0-8431-36ca-a1cf-1792e1bfc112, -16.894710, -60.370640,2026-06-20 18:21:00,NOAA-21,José Miguel de Velasco,Santa Cruz,Bolivia,85,8,28,10,2.59,0.39,,58.9
34f67a40-cbd1-3b98-be16-ffcbffaa8f8e, -16.901570, -60.373660,2026-06-20 18:21:00,NOAA-21,José Miguel de Velasco,Santa Cruz,Bolivia,85,8,28,10,2.63,0.39,,58.9
ee51c760-7d2d-3698-a58b-80e226c683cf, -16.903290, -60.367930,2026-06-20 18:21:00,NOAA-21,José Miguel de Velasco,Santa Cruz,Bolivia,85,8,28,10,2.72,0.38,,103.2
f4dca673-ee25-3eb0-87b9-570fcfa4de85, -20.573720, -58.190220,2026-06-20 18:21:00,NOAA-21,Fuerte Olimpo,Alto Paraguay,Paraguay,17,2,177,0,0.0,0.95,,6.7
bb018779-08de-3a9f-a8f9-43bdd665e48c, -17.489610, -59.563400,2026-06-20 18:21:00,NOAA-21,Chiquitos,Santa Cruz,Bolivia,80,8,28,9,0.0,0.58,,5.2
fe6cbb4d-ac3b-32a5-a2c5-884438c5ceee, -16.920280, -60.345590,2026-06-20 18:21:00,NOAA-21,José Miguel de Velasco,Santa Cruz,Bolivia,85,8,28,9,3.26,0.34,,19.0
75ac10c3-54fe-3e78-a225-5f2fe42d3054, -18.067770, -59.636280,2026-06-20 18:21:00,NOAA-21,Chiquitos,Santa Cruz,Bolivia,80,8,28,1,0.0,0.46,,9.3
42f61fe8-714f-3524-a08f-fb928062350a, -17.490050, -59.590260,2026-06-20 18:21:00,NOAA-21,Chiquitos,Santa Cruz,Bolivia,80,8,28,9,0.0,0.57,,13.4
103af0e2-a837-3c92-b8f6-ba48900a5cb9, -18.348840, -59.083720,2026-06-20 18:21:00,NOAA-21,Chiquitos,Santa Cruz,Bolivia,80,8,28,0,0.0,0.45,,10.3
b60965e7-fbb2-30db-b790-d0abd578bdd7, -18.504840, -63.034830,2026-06-20 18:21:00,NOAA-21,Cordillera,Santa Cruz,Bolivia,81,8,28,21,0.0,0.99,,5.0
8bcced3c-8b4d-3391-88fe-8d41f6c49649, -17.614270, -60.368850,2026-06-20 18:21:00,NOAA-21,Chiquitos,Santa Cruz,Bolivia,80,8,28,5,0.0,0.51,,5.1
36443efa-9d39-38a3-8899-fa533b3461b6, -18.338120, -59.064850,2026-06-20 18:21:00,NOAA-21,Chiquitos,Santa Cruz,Bolivia,80,8,28,0,0.0,0.45,,18.7
271f16fb-d0b0-3abe-b623-6b295b0dd700, -16.906480, -60.367740,2026-06-20 18:21:00,NOAA-21,José Miguel de Velasco,Santa Cruz,Bolivia,85,8,28,10,2.77,0.38,,42.4
bf642647-32a0-34b9-bc0b-1450c068eaf7, -17.617460, -60.468600,2026-06-20 18:21:00,NOAA-21,Chiquitos,Santa Cruz,Bolivia,80,8,28,6,0.0,0.54,,11.6
f530110c-991a-3c4b-aa7f-83f8e20221dd, -20.578210, -58.195310,2026-06-20 18:21:00,NOAA-21,Fuerte Olimpo,Alto Paraguay,Paraguay,17,2,177,0,0.0,0.95,,10.0
517c2a41-6e05-3960-a08c-d1d68b0a14d8, -18.349980, -59.088860,2026-06-20 18:21:00,NOAA-21,Chiquitos,Santa Cruz,Bolivia,80,8,28,0,0.0,0.45,,12.0
bde18481-917c-35b2-83a4-51d41ed93e47, -16.189900, -60.396390,2026-06-20 18:24:00,NOAA-21,José Miguel de Velasco,Santa Cruz,Bolivia,85,8,28,0,0.0,0.76,,43.4
85984944-492b-3507-b80c-03d2d3439e37, -12.503980, -66.755680,2026-06-20 18:24:00,NOAA-21,José Ballivián,El Beni,Bolivia,26,3,28,7,0.35,0.93,,3.7
5c291fe6-2064-3f94-b63f-9e8368979882, -16.323590, -60.882430,2026-06-20 18:24:00,NOAA-21,José Miguel de Velasco,Santa Cruz,Bolivia,85,8,28,9,0.0,1.0,,19.9
0e8cd299-adbd-3dab-a2b1-2ee4ad0e6cbd, -15.951850, -61.239460,2026-06-20 18:24:00,NOAA-21,José Miguel de Velasco,Santa Cruz,Bolivia,85,8,28,10,0.0,0.55,,8.6
dc520f11-7b5e-372f-a45d-1a8fb2ca4ac8, -15.957560, -61.238180,2026-06-20 18:24:00,NOAA-21,José Miguel de Velasco,Santa Cruz,Bolivia,85,8,28,10,0.0,0.55,,11.2
5142ee4b-721c-3bdd-bb51-88e77aa8c7d2, -13.392610, -65.749650,2026-06-20 18:24:00,NOAA-21,Yacuma,El Beni,Bolivia,31,3,28,7,9.2,0.69,,11.5
769c65f1-5b5e-3907-8810-470b2993933f, -15.955050, -61.226090,2026-06-20 18:24:00,NOAA-21,José Miguel de Velasco,Santa Cruz,Bolivia,85,8,28,10,0.0,0.56,,12.6
32d1631f-922b-3653-befe-b105a69add8b, -15.595540, -61.807000,2026-06-20 18:24:00,NOAA-21,Ñuflo de Chávez,Santa Cruz,Bolivia,78,8,28,7,0.0,0.37,,10.2
ebaf26e1-72a7-33e7-80ae-2fdb6c15e9dc, -15.597810, -61.818360,2026-06-20 18:24:00,NOAA-21,Ñuflo de Chávez,Santa Cruz,Bolivia,78,8,28,7,0.0,0.37,,8.7
2c7d9a9b-2a85-3359-afbb-6eb0a4c93198, -15.594700, -61.782890,2026-06-20 18:24:00,NOAA-21,Ñuflo de Chávez,Santa Cruz,Bolivia,78,8,28,6,0.0,0.36,,37.8
af8cb772-73b8-3a0d-8435-ea4f786b60e2, -16.196910, -60.399850,2026-06-20 18:24:00,NOAA-21,José Miguel de Velasco,Santa Cruz,Bolivia,85,8,28,0,0.0,1.0,,43.4
f995f185-bde6-35c5-9101-59d19657a1da, -14.476820, -63.689490,2026-06-20 18:24:00,NOAA-21,Cercado,El Beni,Bolivia,25,3,28,8,0.1,0.52,,8.2
285a62d4-ec3e-338c-afe5-c0ec6615a236, -13.336260, -66.534520,2026-06-20 18:24:00,NOAA-21,José Ballivián,El Beni,Bolivia,26,3,28,7,17.52,0.03,,16.6
c2d47d29-ffc6-3684-abd4-bd49e0f57891, -15.597060, -61.822390,2026-06-20 18:24:00,NOAA-21,Ñuflo de Chávez,Santa Cruz,Bolivia,78,8,28,8,0.0,0.37,,7.9
df1dac20-83f2-3971-9748-5787c93a889b, -15.590750, -61.819910,2026-06-20 18:24:00,NOAA-21,Ñuflo de Chávez,Santa Cruz,Bolivia,78,8,28,7,0.0,0.37,,13.6
06d7c22d-086e-3fc8-84d4-a4d47964462e, -12.072570, -65.321710,2026-06-20 18:24:00,NOAA-21,Yacuma,El Beni,Bolivia,31,3,28,4,0.0,1.0,,4.8
3b4e5c06-cf17-3ecf-b1ff-d14ffe9f7db1, -15.592310, -61.827430,2026-06-20 18:24:00,NOAA-21,Ñuflo de Chávez,Santa Cruz,Bolivia,78,8,28,8,0.0,0.37,,19.0
fa43f989-bd78-393e-907f-42086d9977c9, -12.957710, -64.240170,2026-06-20 18:24:00,NOAA-21,Vaca Díez,El Beni,Bolivia,30,3,28,8,0.2,1.0,,2.9
df3a6ab1-e109-3fd4-96ad-d5db978e9b2c, -15.592280, -61.819700,2026-06-20 18:24:00,NOAA-21,Ñuflo de Chávez,Santa Cruz,Bolivia,78,8,28,7,0.0,0.37,,8.7
7ee92d14-9c97-3ec4-abfb-fb08c9772020, -13.624170, -67.861180,2026-06-20 18:24:00,NOAA-21,Abel Iturralde,La Paz,Bolivia,32,4,28,4,23.47,0.0,,4.9
f62fd112-f8d8-32d4-ae19-c5606acfaddf, -13.663460, -76.191990,2026-06-20 18:24:00,NOAA-21,Pisco,Ica,Peru,103,11,178,-999,0.0,-999.0,,13.1
de033ab4-d321-35ee-874b-119bb3d58339, -15.591530, -61.823680,2026-06-20 18:24:00,NOAA-21,Ñuflo de Chávez,Santa Cruz,Bolivia,78,8,28,8,0.0,0.37,,13.6
b933574c-4a2c-3784-815b-8e63095e5897, -11.780520, -65.640170,2026-06-20 18:24:00,NOAA-21,Vaca Díez,El Beni,Bolivia,30,3,28,6,0.0,0.49,,4.9
e0b0a198-a13d-3529-9258-7a2adea95a26, -15.593280, -61.795670,2026-06-20 18:24:00,NOAA-21,Ñuflo de Chávez,Santa Cruz,Bolivia,78,8,28,6,0.0,0.36,,10.8
ed09bc4e-f723-3da3-9cb2-f3fea8947dd5, -15.593090, -61.831200,2026-06-20 18:24:00,NOAA-21,Ñuflo de Chávez,Santa Cruz,Bolivia,78,8,28,8,0.0,0.37,,19.0
6109e78a-5199-3996-b1ce-986ca26a9d47, -15.646750, -60.597550,2026-06-20 18:24:00,NOAA-21,José Miguel de Velasco,Santa Cruz,Bolivia,85,8,28,0,0.0,0.53,,13.8
8a18721f-c0b4-31bb-a053-b33380232c6c, -16.177870, -60.407580,2026-06-20 18:24:00,NOAA-21,José Miguel de Velasco,Santa Cruz,Bolivia,85,8,28,0,0.0,0.92,,4.6
767cd3d8-2743-3b37-ab46-663768a2da88, -17.099970, -63.169600,2026-06-20 18:24:00,NOAA-21,Obispo Santistevan,Santa Cruz,Bolivia,87,8,28,4,0.2,0.99,,5.6
28e974df-d9a1-38ff-a2c0-95fcf303d75e, -16.179930, -60.408320,2026-06-20 18:24:00,NOAA-21,José Miguel de Velasco,Santa Cruz,Bolivia,85,8,28,0,0.0,0.95,,39.0
cc21b3c0-767b-32e5-bf52-9a6a84caba66, -15.589200, -61.812410,2026-06-20 18:24:00,NOAA-21,Ñuflo de Chávez,Santa Cruz,Bolivia,78,8,28,7,0.0,0.36,,22.9
2724a049-417f-3d0b-86a3-4dfa7b437a42, -13.391780, -65.745040,2026-06-20 18:24:00,NOAA-21,Yacuma,El Beni,Bolivia,31,3,28,7,9.0,0.71,,11.5
ead30cfc-72b5-3e1e-9700-9ac20e8c12d7, -15.960750, -61.224770,2026-06-20 18:24:00,NOAA-21,José Miguel de Velasco,Santa Cruz,Bolivia,85,8,28,10,0.0,0.56,,12.6
c01d6ef9-253f-319e-b222-a44788b7f030, -15.582870, -61.809850,2026-06-20 18:24:00,NOAA-21,Ñuflo de Chávez,Santa Cruz,Bolivia,78,8,28,6,0.0,0.36,,26.6
43aabf72-7452-3d5e-b878-cf69ed7bcbb0, -12.886010, -64.666470,2026-06-20 18:24:00,NOAA-21,Mamoré,El Beni,Bolivia,27,3,28,8,1.81,0.72,,7.1
4c460ad9-b158-3de4-8500-943e3d7b99f3, -13.400750, -65.743300,2026-06-20 18:24:00,NOAA-21,Yacuma,El Beni,Bolivia,31,3,28,7,9.66,0.63,,8.2
e11f62ce-3c35-36ec-b3f9-a9e1f33e18eb, -15.916150, -61.927110,2026-06-20 18:24:00,NOAA-21,Ñuflo de Chávez,Santa Cruz,Bolivia,78,8,28,0,0.41,0.15,,12.3
cc353b01-278b-34d5-8c8d-ecad8d3dd4fb, -15.583650, -61.813620,2026-06-20 18:24:00,NOAA-21,Ñuflo de Chávez,Santa Cruz,Bolivia,78,8,28,7,0.0,0.36,,22.9
490c013b-3f7c-366c-8a0a-bc55bbd65669, -12.661190, -66.396340,2026-06-20 18:24:00,NOAA-21,Yacuma,El Beni,Bolivia,31,3,28,5,0.49,0.95,,4.5
7be3f1c4-812c-3dc3-ba33-9fca291e5165, -15.961590, -61.228840,2026-06-20 18:24:00,NOAA-21,José Miguel de Velasco,Santa Cruz,Bolivia,85,8,28,10,0.0,0.55,,12.6
e08ddc2c-ed8a-366c-b85a-9bd48139080a, -15.598560, -61.822150,2026-06-20 18:24:00,NOAA-21,Ñuflo de Chávez,Santa Cruz,Bolivia,78,8,28,8,0.0,0.37,,8.7
8f3557ee-fc22-36e6-a705-f6f3126205c1, -16.322680, -60.878080,2026-06-20 18:24:00,NOAA-21,José Miguel de Velasco,Santa Cruz,Bolivia,85,8,28,9,0.0,0.9,,20.4
953926f2-af0a-39d4-b3a9-b2d085ed514f, -15.951870, -62.923440,2026-06-20 18:24:00,NOAA-21,Marbán,El Beni,Bolivia,28,3,28,0,0.0,0.24,,3.4
27090af6-7c6d-3699-8eb6-fd11c4a4edcf, -16.994530, -63.109190,2026-06-20 18:24:00,NOAA-21,Obispo Santistevan,Santa Cruz,Bolivia,87,8,28,8,0.2,0.99,,2.9
6567f473-a792-34fc-a7a5-0088ff48bfdf, -16.522000, -62.322360,2026-06-20 18:24:00,NOAA-21,Ñuflo de Chávez,Santa Cruz,Bolivia,78,8,28,8,0.0,0.48,,3.2
68d5941d-afa1-3dce-a65f-4b82d547160b, -16.052730, -60.447420,2026-06-20 18:24:00,NOAA-21,José Miguel de Velasco,Santa Cruz,Bolivia,85,8,28,0,0.0,0.74,,10.5
609e77b5-16a4-3aec-b368-a3e810d7f90f, -12.881580, -64.601810,2026-06-20 18:24:00,NOAA-21,Mamoré,El Beni,Bolivia,27,3,28,9,1.45,0.98,,7.1
87021fa7-d31f-3d7b-b847-76e3cb205eee, -13.335270, -66.536050,2026-06-20 18:24:00,NOAA-21,José Ballivián,El Beni,Bolivia,26,3,28,7,17.45,0.02,,11.8
6cf55045-4769-3dc3-9cea-029f20afe8dd, -12.505130, -66.755260,2026-06-20 18:24:00,NOAA-21,José Ballivián,El Beni,Bolivia,26,3,28,7,0.34,0.93,,7.5
1918d129-9a58-3bbd-b3af-911fe01ee4b5, -15.597910, -61.798460,2026-06-20 18:24:00,NOAA-21,Ñuflo de Chávez,Santa Cruz,Bolivia,78,8,28,7,0.0,0.36,,7.4
f69ee0e5-83a1-3cb7-8503-509b90fefe27, -15.594040, -61.799480,2026-06-20 18:24:00,NOAA-21,Ñuflo de Chávez,Santa Cruz,Bolivia,78,8,28,6,0.0,0.36,,10.8
db45e467-2f85-3ef8-ba38-18bd28f63622, -12.856840, -65.425350,2026-06-20 18:24:00,NOAA-21,Yacuma,El Beni,Bolivia,31,3,28,7,1.42,0.97,,9.3
118a74f0-3500-3075-83e0-4572dbab3b16, -12.063130, -65.323530,2026-06-20 18:24:00,NOAA-21,Yacuma,El Beni,Bolivia,31,3,28,4,0.0,1.0,,6.8
db0bf59c-f845-38c6-9d02-7575a454b120, -16.178940, -60.403690,2026-06-20 18:24:00,NOAA-21,José Miguel de Velasco,Santa Cruz,Bolivia,85,8,28,0,0.0,0.78,,37.7
4f3c4f61-d606-3378-b841-cad6176389bb, -11.785170, -65.639320,2026-06-20 18:24:00,NOAA-21,Vaca Díez,El Beni,Bolivia,30,3,28,6,0.0,0.49,,4.6
a615e66a-b46b-310a-a98b-2fb252f18c0c, -15.868730, -61.663170,2026-06-20 18:24:00,NOAA-21,Ñuflo de Chávez,Santa Cruz,Bolivia,78,8,28,10,0.0,0.56,,5.3
682579ea-96bd-3f58-88a6-d1eae99c08f4, -15.592500, -61.791760,2026-06-20 18:24:00,NOAA-21,Ñuflo de Chávez,Santa Cruz,Bolivia,78,8,28,6,0.0,0.36,,23.8
ffbb39c7-0dc4-349c-b0ac-31ec2dea01fd, -15.650280, -60.595560,2026-06-20 18:24:00,NOAA-21,José Miguel de Velasco,Santa Cruz,Bolivia,85,8,28,0,0.0,0.52,,6.6
9e402b95-f89e-3d46-a6e8-3804008f1515, -15.589120, -61.839970,2026-06-20 18:24:00,NOAA-21,Ñuflo de Chávez,Santa Cruz,Bolivia,78,8,28,8,0.0,0.36,,6.3
53b27007-1657-3b49-81b3-7a6c887eb1fc, -15.596280, -61.818610,2026-06-20 18:24:00,NOAA-21,Ñuflo de Chávez,Santa Cruz,Bolivia,78,8,28,7,0.0,0.37,,7.9
5e4985d1-669a-342e-b319-ce3e2729041f, -16.190910, -60.401120,2026-06-20 18:24:00,NOAA-21,José Miguel de Velasco,Santa Cruz,Bolivia,85,8,28,0,0.0,0.88,,43.4
2bd6c36e-2a6f-3a70-ae92-d2dad2f8e6cb, -15.584490, -61.809670,2026-06-20 18:24:00,NOAA-21,Ñuflo de Chávez,Santa Cruz,Bolivia,78,8,28,6,0.0,0.36,,23.2
4d240ddc-45d4-347e-9429-030f1091f503, -16.186920, -60.411710,2026-06-20 18:24:00,NOAA-21,José Miguel de Velasco,Santa Cruz,Bolivia,85,8,28,0,0.0,1.0,,39.0
ba6c967b-6aae-32ab-bb7a-588cc204ae84, -13.398510, -65.744980,2026-06-20 18:24:00,NOAA-21,Yacuma,El Beni,Bolivia,31,3,28,7,9.54,0.65,,17.9
2a412ba3-938f-368e-bcc3-c4e7ed2db874, -13.338790, -66.531150,2026-06-20 18:24:00,NOAA-21,José Ballivián,El Beni,Bolivia,26,3,28,7,17.68,0.04,,7.7
82d8f98e-4319-37e2-8895-0e27e0f847df, -13.924190, -65.367950,2026-06-20 18:24:00,NOAA-21,Yacuma,El Beni,Bolivia,31,3,28,8,12.84,0.05,,8.7
45a6e8da-0be3-3725-86fd-a69267974563, -15.596300, -61.810790,2026-06-20 18:24:00,NOAA-21,Ñuflo de Chávez,Santa Cruz,Bolivia,78,8,28,7,0.0,0.37,,7.1
6c3cd5c3-beea-3f45-8176-73b5b199d567, -16.185920, -60.407070,2026-06-20 18:24:00,NOAA-21,José Miguel de Velasco,Santa Cruz,Bolivia,85,8,28,0,0.0,0.91,,39.0
390dfc8b-381c-324a-b33d-a742c4ef83cc, -15.593940, -61.807300,2026-06-20 18:24:00,NOAA-21,Ñuflo de Chávez,Santa Cruz,Bolivia,78,8,28,7,0.0,0.37,,8.7
72d3a153-a638-39a3-8a9a-52cd6785890b, -16.417870, -60.648750,2026-06-20 18:24:00,NOAA-21,José Miguel de Velasco,Santa Cruz,Bolivia,85,8,28,9,0.0,0.61,,14.0
80895be6-b7c3-3df3-a7a9-05e5ce3b13f6, -15.592380, -61.799780,2026-06-20 18:24:00,NOAA-21,Ñuflo de Chávez,Santa Cruz,Bolivia,78,8,28,6,0.0,0.36,,7.4
cd29db00-3132-3741-aff9-252814c7d4a5, -14.472370, -63.693520,2026-06-20 18:24:00,NOAA-21,Cercado,El Beni,Bolivia,25,3,28,8,0.1,0.48,,8.2
6f8449e5-8e0f-3067-8899-ca00be0a2e88, -15.594720, -61.811070,2026-06-20 18:24:00,NOAA-21,Ñuflo de Chávez,Santa Cruz,Bolivia,78,8,28,7,0.0,0.37,,6.3
ac883143-e689-30ca-9c01-0131f668763a, -15.916910, -61.930870,2026-06-20 18:24:00,NOAA-21,Ñuflo de Chávez,Santa Cruz,Bolivia,78,8,28,0,0.43,0.15,,9.8
3fb46ce8-4540-3ac9-8143-324db4d76897, -15.954220, -61.222090,2026-06-20 18:24:00,NOAA-21,José Miguel de Velasco,Santa Cruz,Bolivia,85,8,28,10,0.0,0.56,,15.4
11db126d-e0a6-3d2e-8c4b-7b3f3d168928, -15.844490, -61.273530,2026-06-20 18:24:00,NOAA-21,José Miguel de Velasco,Santa Cruz,Bolivia,85,8,28,10,0.0,0.55,,6.3
1adfce64-24f4-3963-a16b-cb1af9408038, -16.591740, -60.781480,2026-06-20 18:24:00,NOAA-21,José Miguel de Velasco,Santa Cruz,Bolivia,85,8,28,10,0.1,0.57,,8.2
974bc753-240a-3e10-872f-fb73b8b27169, -13.336980, -66.538620,2026-06-20 18:24:00,NOAA-21,José Ballivián,El Beni,Bolivia,26,3,28,7,17.37,0.01,,16.6
625b969b-e62f-31a9-add7-0b7953ebc63b, -15.585240, -61.813450,2026-06-20 18:24:00,NOAA-21,Ñuflo de Chávez,Santa Cruz,Bolivia,78,8,28,7,0.0,0.36,,36.5
7aa5d3ff-1fd4-3f9b-b257-aeeb721f97f0, -12.857740, -65.430250,2026-06-20 18:24:00,NOAA-21,Yacuma,El Beni,Bolivia,31,3,28,7,1.26,0.98,,9.3
d7e0aed8-5630-3baa-a2ef-cb5f6ecade5f, -15.949330, -61.227330,2026-06-20 18:24:00,NOAA-21,José Miguel de Velasco,Santa Cruz,Bolivia,85,8,28,10,0.0,0.56,,12.6
cdd70d64-c536-33b8-bfde-227dde2b4444, -15.586750, -61.820970,2026-06-20 18:24:00,NOAA-21,Ñuflo de Chávez,Santa Cruz,Bolivia,78,8,28,7,0.0,0.36,,14.5
9042fc76-77e4-32d8-8d12-58ec8aecce78, -16.090180, -60.436990,2026-06-20 18:24:00,NOAA-21,José Miguel de Velasco,Santa Cruz,Bolivia,85,8,28,0,0.0,1.0,,8.0
7b6dd743-7b61-37cb-82a8-f9c8ec4d07f3, -13.336010, -66.540140,2026-06-20 18:24:00,NOAA-21,José Ballivián,El Beni,Bolivia,26,3,28,7,17.29,0.01,,11.8
bec5b647-ce82-35c9-ad63-aa07e7180270, -15.589770, -61.836080,2026-06-20 18:24:00,NOAA-21,Ñuflo de Chávez,Santa Cruz,Bolivia,78,8,28,8,0.0,0.36,,8.2
f41a6f4a-cf77-3367-8a55-f8737e635c31, -15.599470, -61.805990,2026-06-20 18:24:00,NOAA-21,Ñuflo de Chávez,Santa Cruz,Bolivia,78,8,28,7,0.0,0.37,,8.7
845d2775-8326-3277-b153-32f9575c6098, -15.597130, -61.794650,2026-06-20 18:24:00,NOAA-21,Ñuflo de Chávez,Santa Cruz,Bolivia,78,8,28,6,0.0,0.36,,7.4
166cd730-867a-3e7f-a4c1-487d080587f8, -15.597050, -61.814580,2026-06-20 18:24:00,NOAA-21,Ñuflo de Chávez,Santa Cruz,Bolivia,78,8,28,7,0.0,0.37,,7.1
f9177664-a9d3-3f97-8199-34c1bb37805e, -15.588260, -61.828520,2026-06-20 18:24:00,NOAA-21,Ñuflo de Chávez,Santa Cruz,Bolivia,78,8,28,8,0.0,0.36,,15.1
d21b3ce6-fce2-3b21-93c7-a050ae39d2e9, -15.889360, -61.259560,2026-06-20 18:24:00,NOAA-21,José Miguel de Velasco,Santa Cruz,Bolivia,85,8,28,10,0.0,0.55,,7.1
7eb0266b-ef17-3399-b9e7-1eb8cf7b146e, -14.134280, -75.677860,2026-06-20 18:24:00,NOAA-21,Ica,Ica,Peru,100,11,178,50,0.0,0.98,,4.2
7de1251e-ddfe-38dc-a812-de44faa9f12b, -13.313680, -63.659650,2026-06-20 18:24:00,NOAA-21,Vaca Díez,El Beni,Bolivia,30,3,28,8,1.41,0.91,,5.4
ea84c2fd-aeae-3695-a233-3940f75f7b7b, -14.098470, -64.838250,2026-06-20 18:24:00,NOAA-21,Cercado,El Beni,Bolivia,25,3,28,7,1.79,0.53,,8.1
9997f1d0-60ff-33c8-ad4c-4a30dd4540cc, -15.584430, -61.817390,2026-06-20 18:24:00,NOAA-21,Ñuflo de Chávez,Santa Cruz,Bolivia,78,8,28,7,0.0,0.36,,22.9
ffe8bdec-2d1f-353a-8d66-e83c5aca9c9b, -12.067850, -65.322620,2026-06-20 18:24:00,NOAA-21,Yacuma,El Beni,Bolivia,31,3,28,4,0.0,1.0,,6.8
646e657f-0571-3620-937b-790c29074fd0, -15.487440, -70.778890,2026-06-20 18:24:00,NOAA-21,Lampa,Puno,Peru,167,22,178,10,0.1,0.7,,3.4
63fa66c1-9707-377e-a84b-7138707f5aa1, -15.595500, -61.814840,2026-06-20 18:24:00,NOAA-21,Ñuflo de Chávez,Santa Cruz,Bolivia,78,8,28,7,0.0,0.37,,6.3
c541e18a-0144-3bc2-8c35-a9ccf51d4cbf, -12.725680, -66.704150,2026-06-20 18:24:00,NOAA-21,José Ballivián,El Beni,Bolivia,26,3,28,5,5.93,0.74,,10.3
75f0508b-8f54-3bdc-8ac5-b0b9bb8845a9, -15.889990, -61.257760,2026-06-20 18:24:00,NOAA-21,José Miguel de Velasco,Santa Cruz,Bolivia,85,8,28,10,0.0,0.55,,3.7
aaaed58b-1b43-346c-b34e-d18ede1a12be, -13.292080, -64.473960,2026-06-20 18:24:00,NOAA-21,Mamoré,El Beni,Bolivia,27,3,28,9,0.0,1.0,,9.6
93b41a7d-c87f-31fb-8e13-da5087d3a05d, -15.910670, -61.928260,2026-06-20 18:24:00,NOAA-21,Ñuflo de Chávez,Santa Cruz,Bolivia,78,8,28,0,0.4,0.16,,33.5
fcbb33fd-815a-3c13-864e-9368128ebfea, -12.508240, -66.754900,2026-06-20 18:24:00,NOAA-21,José Ballivián,El Beni,Bolivia,26,3,28,7,0.33,0.85,,3.7
88217067-3561-395b-9f1b-bb10efa2a0d2, -17.169490, -63.851570,2026-06-20 18:24:00,NOAA-21,Sara,Santa Cruz,Bolivia,88,8,28,6,0.0,0.97,,15.7
ebe0811c-6dde-3cad-a4e1-761c0832fd22, -15.959910, -61.220710,2026-06-20 18:24:00,NOAA-21,José Miguel de Velasco,Santa Cruz,Bolivia,85,8,28,10,0.0,0.56,,15.4
c94cde56-22fd-3528-ae4b-6659ab851387, -17.390070, -65.826320,2026-06-20 18:24:00,NOAA-21,Arani,Cochabamba,Bolivia,11,2,28,14,0.0,0.87,,3.6
68d47271-6e91-364f-832c-173bc0c687ca, -16.069810, -61.811680,2026-06-20 18:24:00,NOAA-21,Ñuflo de Chávez,Santa Cruz,Bolivia,78,8,28,0,0.26,0.14,,3.4
8d69271d-0146-3dec-9980-edcd61716448, -15.590930, -61.783850,2026-06-20 18:24:00,NOAA-21,Ñuflo de Chávez,Santa Cruz,Bolivia,78,8,28,5,0.0,0.36,,24.8
4f653101-bea3-3fa7-8ac2-4de588341548, -12.862360, -65.429370,2026-06-20 18:24:00,NOAA-21,Yacuma,El Beni,Bolivia,31,3,28,7,1.24,0.98,,10.4
30dbeb36-4e85-31cd-b633-ee3935558b0a, -15.593870, -61.834960,2026-06-20 18:24:00,NOAA-21,Ñuflo de Chávez,Santa Cruz,Bolivia,78,8,28,8,0.0,0.37,,6.3
b59b94cf-6db7-3a6f-9b3e-c1755eaa5831, -12.705370, -66.682070,2026-06-20 18:24:00,NOAA-21,José Ballivián,El Beni,Bolivia,26,3,28,6,6.04,0.26,,2.8
fcd2ad02-32e8-3cf5-b469-273969c06d2a, -13.397090, -65.748780,2026-06-20 18:24:00,NOAA-21,Yacuma,El Beni,Bolivia,31,3,28,7,9.54,0.65,,11.5
b1366b6e-c7bc-3601-a360-44d0e83079dd, -15.596320, -61.790780,2026-06-20 18:24:00,NOAA-21,Ñuflo de Chávez,Santa Cruz,Bolivia,78,8,28,6,0.0,0.36,,30.5
9fefe9d7-71ed-3394-8e5f-e7d8f73c3f10, -16.414420, -60.651470,2026-06-20 18:24:00,NOAA-21,José Miguel de Velasco,Santa Cruz,Bolivia,85,8,28,9,0.0,0.61,,10.5
a728a835-cca0-3227-ab63-b2813f6040fd, -12.758090, -65.925670,2026-06-20 18:24:00,NOAA-21,Yacuma,El Beni,Bolivia,31,3,28,9,0.1,0.97,,7.9
d85ae77d-5560-368c-9dd2-12a2488500c2, -16.191910, -60.405800,2026-06-20 18:24:00,NOAA-21,José Miguel de Velasco,Santa Cruz,Bolivia,85,8,28,0,0.0,0.96,,144.5
bb7cd9fd-af0f-3120-b1b2-1bdab14c90db, -12.876700, -64.587480,2026-06-20 18:24:00,NOAA-21,Mamoré,El Beni,Bolivia,27,3,28,9,1.28,0.93,,13.9
2c20e794-db1e-30e0-beff-8b42e6ceed56, -15.588340, -61.836240,2026-06-20 18:24:00,NOAA-21,Ñuflo de Chávez,Santa Cruz,Bolivia,78,8,28,8,0.0,0.36,,6.3
b43999e1-8709-32ca-8863-398b97344ba9, -15.948500, -61.223340,2026-06-20 18:24:00,NOAA-21,José Miguel de Velasco,Santa Cruz,Bolivia,85,8,28,10,0.0,0.56,,13.4
c4ea7741-d8d3-3bdb-b8df-4e850402aaa5, -15.594790, -61.803240,2026-06-20 18:24:00,NOAA-21,Ñuflo de Chávez,Santa Cruz,Bolivia,78,8,28,7,0.0,0.36,,10.2
25a67b26-6a25-35bb-886d-79e5e83c6525, -15.395100, -64.608400,2026-06-20 18:24:00,NOAA-21,Marbán,El Beni,Bolivia,28,3,28,4,5.28,0.13,,3.0
0cd7c2fa-f48c-31ae-b417-a2644a08d028, -13.933300, -65.366170,2026-06-20 18:24:00,NOAA-21,Yacuma,El Beni,Bolivia,31,3,28,8,13.16,0.04,,6.5
315f4b59-1e33-30e1-bcba-42ebe02cb26b, -12.263920, -66.123700,2026-06-20 18:24:00,NOAA-21,Yacuma,El Beni,Bolivia,31,3,28,8,0.1,0.99,,5.2
6729e9ec-89a1-3119-8f36-52b63c532395, -13.835280, -65.844780,2026-06-20 18:24:00,NOAA-21,Yacuma,El Beni,Bolivia,31,3,28,7,17.91,0.02,,6.7
cc903a05-f82d-395f-9f20-6126523d2e6b, -15.947670, -61.219330,2026-06-20 18:24:00,NOAA-21,José Miguel de Velasco,Santa Cruz,Bolivia,85,8,28,10,0.0,0.56,,13.4
50da30bc-d8fc-3ee6-8ce7-a729ddd469c3, -13.339530, -66.535250,2026-06-20 18:24:00,NOAA-21,José Ballivián,El Beni,Bolivia,26,3,28,7,17.53,0.03,,11.8
f51082cf-7c0b-3fd5-b2cf-71366cc4e7ff, -15.851000, -61.276110,2026-06-20 18:24:00,NOAA-21,José Miguel de Velasco,Santa Cruz,Bolivia,85,8,28,10,0.0,0.54,,6.3
56882da0-1e08-36bb-bba1-d515a0bfa0cd, -15.590520, -61.839830,2026-06-20 18:24:00,NOAA-21,Ñuflo de Chávez,Santa Cruz,Bolivia,78,8,28,8,0.0,0.37,,8.2
4541b530-e0ef-3a46-906c-44ee719c0c4d, -15.951010, -61.235410,2026-06-20 18:24:00,NOAA-21,José Miguel de Velasco,Santa Cruz,Bolivia,85,8,28,10,0.0,0.55,,8.6
c18d6bdc-7eda-33bd-969a-4c95f581b1f5, -14.037850, -64.625420,2026-06-20 18:24:00,NOAA-21,Mamoré,El Beni,Bolivia,27,3,28,7,2.33,0.58,,7.9
35f25aea-cc9b-377c-8292-2a0a8c7fb2a4, -15.586000, -61.817210,2026-06-20 18:24:00,NOAA-21,Ñuflo de Chávez,Santa Cruz,Bolivia,78,8,28,7,0.0,0.36,,36.5
f7da7e97-e95f-3fab-984e-1e2342ea9850, -13.158250, -64.486270,2026-06-20 18:24:00,NOAA-21,Mamoré,El Beni,Bolivia,27,3,28,3,0.08,0.96,,4.3
b2d2eaf3-2c0e-38e1-b87e-47ca091d66c9, -16.197900, -60.404520,2026-06-20 18:24:00,NOAA-21,José Miguel de Velasco,Santa Cruz,Bolivia,85,8,28,0,0.0,1.0,,144.5
b6b9ae38-f434-3752-9964-c2f1803ed3a9, -12.704200, -66.682740,2026-06-20 18:24:00,NOAA-21,José Ballivián,El Beni,Bolivia,26,3,28,6,6.0,0.27,,4.0
158771cb-b48f-389f-ba18-b86bb2e1d4da, -12.855950, -65.420440,2026-06-20 18:24:00,NOAA-21,Yacuma,El Beni,Bolivia,31,3,28,7,1.57,0.95,,6.9
2b85be51-6bbb-30e0-9a96-6481985d1c55, -15.590780, -61.812170,2026-06-20 18:24:00,NOAA-21,Ñuflo de Chávez,Santa Cruz,Bolivia,78,8,28,7,0.0,0.37,,7.1
93454e80-b55e-32a4-983a-723d91e9c024, -15.587500, -61.824740,2026-06-20 18:24:00,NOAA-21,Ñuflo de Chávez,Santa Cruz,Bolivia,78,8,28,7,0.0,0.36,,14.5
06173352-56fb-3511-bcbf-1258beab1a14, -12.883620, -64.597740,2026-06-20 18:24:00,NOAA-21,Mamoré,El Beni,Bolivia,27,3,28,9,1.39,0.96,,11.9
7f13742d-e757-3567-86ba-f8367dfa97dd, -12.883430, -64.664810,2026-06-20 18:24:00,NOAA-21,Mamoré,El Beni,Bolivia,27,3,28,8,1.87,0.71,,6.2
856cf4e0-7ed5-3344-9d8d-75734947885c, -15.956720, -61.234140,2026-06-20 18:24:00,NOAA-21,José Miguel de Velasco,Santa Cruz,Bolivia,85,8,28,10,0.0,0.55,,11.2
86b4eafd-4d85-3b21-ac2c-fa6993a3dc6a, -15.950170, -61.231340,2026-06-20 18:24:00,NOAA-21,José Miguel de Velasco,Santa Cruz,Bolivia,85,8,28,10,0.0,0.56,,12.6
9764d94c-54e5-3827-894b-12df94464664, -13.309740, -63.667030,2026-06-20 18:24:00,NOAA-21,Vaca Díez,El Beni,Bolivia,30,3,28,8,1.38,0.86,,7.0
14ddb06e-528d-351f-a6e1-b4a558f6041b, -15.589970, -61.816150,2026-06-20 18:24:00,NOAA-21,Ñuflo de Chávez,Santa Cruz,Bolivia,78,8,28,7,0.0,0.36,,22.9
5ec5a87e-7e24-3ab6-a39b-e29fb7153063, -14.477400, -63.692510,2026-06-20 18:24:00,NOAA-21,Cercado,El Beni,Bolivia,25,3,28,8,0.1,0.49,,8.2
96c4e707-51d3-3851-8a40-40540840b266, -15.597840, -61.826180,2026-06-20 18:24:00,NOAA-21,Ñuflo de Chávez,Santa Cruz,Bolivia,78,8,28,8,0.0,0.37,,9.3
1384f2d8-3feb-36a1-8938-1b3c8d1f9a08, -12.879460, -64.590630,2026-06-20 18:24:00,NOAA-21,Mamoré,El Beni,Bolivia,27,3,28,9,1.31,0.91,,13.7
e1bfb4a0-2c2f-335c-a219-45d03d9dc02f, -15.591710, -61.787800,2026-06-20 18:24:00,NOAA-21,Ñuflo de Chávez,Santa Cruz,Bolivia,78,8,28,6,0.0,0.36,,23.8
c1bd24dd-7869-3b34-ad98-521a841f7c31, -16.184920, -60.402400,2026-06-20 18:24:00,NOAA-21,José Miguel de Velasco,Santa Cruz,Bolivia,85,8,28,0,0.0,0.74,,37.7
0c8eb6df-2d60-3163-b9b0-306b1c1805c5, -15.589010, -61.832300,2026-06-20 18:24:00,NOAA-21,Ñuflo de Chávez,Santa Cruz,Bolivia,78,8,28,8,0.0,0.36,,15.1
01ce183a-1f89-3599-b2ef-d418707f7234, -14.471780, -63.690510,2026-06-20 18:24:00,NOAA-21,Cercado,El Beni,Bolivia,25,3,28,8,0.1,0.5,,8.2
6745287e-2620-3014-befc-b718e7a64736, -14.096460, -64.836330,2026-06-20 18:24:00,NOAA-21,Cercado,El Beni,Bolivia,25,3,28,7,1.77,0.53,,8.4
9d79a2c2-cf29-371d-9a8f-46bc86528171, -16.595480, -67.293380,2026-06-20 18:24:00,NOAA-21,Inquisivi,La Paz,Bolivia,39,4,28,10,0.0,0.94,,6.4
8a071ad2-7b27-35eb-92a3-38a0e6f8e185, -15.651260, -60.600260,2026-06-20 18:24:00,NOAA-21,José Miguel de Velasco,Santa Cruz,Bolivia,85,8,28,0,0.0,0.52,,6.6
c30839dc-55e8-363a-a0e9-b9c36f3178ef, -12.457560, -67.260490,2026-06-20 18:24:00,NOAA-21,Abel Iturralde,La Paz,Bolivia,32,4,28,7,0.43,0.85,,6.0
92102271-9ae6-38a8-871d-cd9a86acf851, -15.585210, -61.821150,2026-06-20 18:24:00,NOAA-21,Ñuflo de Chávez,Santa Cruz,Bolivia,78,8,28,7,0.0,0.36,,13.6
2c2dde11-c1d3-3022-afc5-46d239043cba, -15.595510, -61.786850,2026-06-20 18:24:00,NOAA-21,Ñuflo de Chávez,Santa Cruz,Bolivia,78,8,28,6,0.0,0.36,,30.5
f2b9a9b1-090b-3cf4-8ba7-d3f45e995d02, -15.599320, -61.825970,2026-06-20 18:24:00,NOAA-21,Ñuflo de Chávez,Santa Cruz,Bolivia,78,8,28,8,0.0,0.37,,13.4
679372a3-3f7f-3ec2-a6c7-304abf0eea9b, -15.591530, -61.815920,2026-06-20 18:24:00,NOAA-21,Ñuflo de Chávez,Santa Cruz,Bolivia,78,8,28,7,0.0,0.37,,7.1
5246c591-a523-3ff5-b7ba-2f740eb42650, -14.197630, -75.681960,2026-06-20 18:24:00,NOAA-21,Ica,Ica,Peru,100,11,178,65,0.0,0.98,,2.7
79fb50a2-d1b2-3939-bf51-57cd24787b87, -15.890840, -61.261750,2026-06-20 18:24:00,NOAA-21,José Miguel de Velasco,Santa Cruz,Bolivia,85,8,28,10,0.0,0.55,,3.7
82390823-0bfa-307f-a27e-45b467ae1414, -15.955880, -61.230110,2026-06-20 18:24:00,NOAA-21,José Miguel de Velasco,Santa Cruz,Bolivia,85,8,28,10,0.0,0.56,,12.6
8ebec6b6-435f-3c5a-988e-9c1e8f411338,  -6.678110, -79.938390,2026-06-20 18:26:00,NOAA-21,Lambayeque,Lambayeque,Peru,127,14,178,49,0.1,0.97,,4.9
699f6d0c-4342-3457-bfe9-4061ecc7ae23, -10.682480, -77.682330,2026-06-20 18:26:00,NOAA-21,Barranca,Lima,Peru,129,16,178,11,0.0,-999.0,,7.3
0cd57c3f-72f0-3cc3-8bf9-7b276cde1a2a,  -6.683120, -76.043940,2026-06-20 18:26:00,NOAA-21,San Martín,San Martín,Peru,183,23,178,1,2.48,0.02,,3.1
58cca16b-c572-3731-a6c2-0ffecd63e6a4,  -7.076030, -76.710700,2026-06-20 18:26:00,NOAA-21,Huallaga,San Martín,Peru,177,23,178,3,0.01,0.55,,4.9
50e1b47f-d13b-3c71-a073-817d03e0333b,  -6.735520, -79.763810,2026-06-20 18:26:00,NOAA-21,Chiclayo,Lambayeque,Peru,125,14,178,41,0.2,1.0,,5.4
5e748b17-30b9-3788-8416-88d45780d519,  -6.244660, -76.087520,2026-06-20 18:26:00,NOAA-21,Lamas,San Martín,Peru,178,23,178,2,0.0,0.03,,2.8
c8ceaeed-a003-3dbb-9ab0-22c0c15bb17e,  -6.577310, -79.808720,2026-06-20 18:26:00,NOAA-21,Ferreñafe,Lambayeque,Peru,126,14,178,30,0.0,1.0,,6.2
a2122c32-ffb6-384a-8594-a4ab04468bbd, -11.888190, -73.895090,2026-06-20 18:26:00,NOAA-21,Satipo,Junín,Peru,110,12,178,4,0.0,0.21,,4.4
b3a44606-b48e-35bd-a4b6-16f09e1f3b72,  -7.220620, -76.633930,2026-06-20 18:26:00,NOAA-21,Mariscal Cáceres,San Martín,Peru,179,23,178,3,0.04,0.46,,18.9
1579a615-6fca-343b-8a6e-07ad50e44f2a,  -7.082270, -76.281050,2026-06-20 18:26:00,NOAA-21,Bellavista,San Martín,Peru,175,23,178,2,1.82,0.2,,3.1
771f3319-d62b-30ee-8831-01b3659ead31,  -5.755570, -76.495770,2026-06-20 18:26:00,NOAA-21,Alto Amazonas,Loreto,Peru,138,17,178,0,0.0,0.09,,4.6
bcfd450d-b276-317e-aa4a-594c29a6dffe,  -7.989110, -74.793410,2026-06-20 18:26:00,NOAA-21,Ucayali,Loreto,Peru,143,17,178,2,0.0,0.1,,2.4
8b6bbec6-49e0-3312-bc29-5ff615611740, -11.544620, -75.342980,2026-06-20 18:26:00,NOAA-21,Jauja,Junín,Peru,108,12,178,5,0.0,0.83,,9.5
2e1ee2c4-8dce-31aa-9107-13b271e3315f,  -7.567490, -73.027830,2026-06-20 18:26:00,NOAA-21,MÂNCIO LIMA,ACRE,Brasil,1200336,12,33,1,0.0,0.09,Amazônia,13.7
2687fcdb-83b2-31ed-b355-8e6fc3974965,  -6.853520, -76.225330,2026-06-20 18:26:00,NOAA-21,Picota,San Martín,Peru,181,23,178,1,5.73,0.01,,3.8
2bf7ce26-b0dc-36ca-b620-7f86754de683,  -6.767200, -76.677870,2026-06-20 18:26:00,NOAA-21,El Dorado,San Martín,Peru,176,23,178,3,0.0,0.13,,7.4
343f2fa2-3f6d-3c51-a6bf-128ab3c91843,  -9.074820, -74.472410,2026-06-20 18:26:00,NOAA-21,Coronel Portillo,Ucayali,Peru,193,26,178,1,0.32,0.01,,5.1
d0df8d3e-5cc2-3d95-8792-353afef86e34, -11.211780, -74.739290,2026-06-20 18:26:00,NOAA-21,Satipo,Junín,Peru,110,12,178,2,0.0,0.44,,5.3
b6b9c524-4fda-3939-9293-07f129cdc5de,  -9.429050, -74.251240,2026-06-20 18:26:00,NOAA-21,Coronel Portillo,Ucayali,Peru,193,26,178,0,0.71,0.02,,4.7
e42fa39a-358a-3e6d-8603-dfdf96da77c2,  -6.712310, -76.842820,2026-06-20 18:26:00,NOAA-21,Huallaga,San Martín,Peru,177,23,178,2,0.58,0.15,,2.3
a44b1297-e71f-3364-87a0-587262c38eb4,  -6.711200, -76.638040,2026-06-20 18:26:00,NOAA-21,El Dorado,San Martín,Peru,176,23,178,2,0.59,0.09,,11.8
c2e6d25b-1b71-3b62-9c7a-c6de55315e12,  -8.601090, -75.115410,2026-06-20 18:26:00,NOAA-21,Padre Abad,Ucayali,Peru,194,26,178,1,7.09,0.04,,5.2
e3f7f84e-ebb9-3abe-bd7f-e0d46a7132ab,  -7.233520, -79.406880,2026-06-20 18:26:00,NOAA-21,Chepén,La Libertad,Peru,115,13,178,5,0.0,0.99,,4.5
b1283612-7c13-3a63-9183-402aa376c9e9,  -8.325060, -74.633190,2026-06-20 18:26:00,NOAA-21,Coronel Portillo,Ucayali,Peru,193,26,178,2,0.0,0.86,,5.0
20665177-712e-3e6b-8011-6a8f9009ae50, -13.016320, -76.360470,2026-06-20 18:26:00,NOAA-21,Cañete,Lima,Peru,130,16,178,56,0.0,0.89,,7.3
07a75c40-f37c-3c02-b8f3-edee738c168d,  -7.138920, -76.473440,2026-06-20 18:26:00,NOAA-21,Bellavista,San Martín,Peru,175,23,178,2,0.16,0.63,,4.8
38137825-8ede-3ec6-a176-cee315663a98, -11.929950, -73.950390,2026-06-20 18:26:00,NOAA-21,Satipo,Junín,Peru,110,12,178,4,0.0,0.13,,6.8
4a0ee6ac-4979-3aac-a746-60d973b7f4fb,  -7.124920, -76.671770,2026-06-20 18:26:00,NOAA-21,Bellavista,San Martín,Peru,175,23,178,3,0.1,1.0,,5.0
a78cb6ab-2c32-3b33-80ad-fd8460a5827e,  -9.195000, -67.834790,2026-06-20 18:26:00,NOAA-21,BOCA DO ACRE,AMAZONAS,Brasil,1300706,13,33,9,0.1,0.22,Amazônia,3.0
7d8909ef-bc6e-3463-ac7c-46885f03d2ef,  -7.899060, -75.366910,2026-06-20 18:26:00,NOAA-21,Ucayali,Loreto,Peru,143,17,178,1,1.45,0.05,,2.3
45900977-087f-3348-a1f8-9cbeb4dce0f3,  -7.339720, -79.422940,2026-06-20 18:26:00,NOAA-21,Pacasmayo,La Libertad,Peru,119,13,178,5,0.0,0.97,,3.2
741ed3b5-1dd7-3338-be15-9e8df8cb4e4f,  -6.056270, -76.209950,2026-06-20 18:26:00,NOAA-21,Alto Amazonas,Loreto,Peru,138,17,178,0,0.0,0.02,,2.6
05e9ee1c-e991-3169-8680-887e00b5ed5e,  -6.767780, -76.681770,2026-06-20 18:26:00,NOAA-21,El Dorado,San Martín,Peru,176,23,178,3,0.0,0.13,,4.8
6953dd95-e107-35c7-971d-5b98e526680c,  -7.570820, -73.027310,2026-06-20 18:26:00,NOAA-21,MÂNCIO LIMA,ACRE,Brasil,1200336,12,33,1,0.0,0.09,Amazônia,13.7
0c9ad2e5-7433-386e-a8dd-563aaf9bd0e7, -10.735570, -75.648800,2026-06-20 18:26:00,NOAA-21,Pasco,Pasco,Peru,152,20,178,4,0.0,0.32,,3.4
c2640ef3-d230-339d-a4c7-8f3a7199ac33,  -7.219920, -76.633400,2026-06-20 18:26:00,NOAA-21,Mariscal Cáceres,San Martín,Peru,179,23,178,3,0.05,0.46,,16.4
0135773b-b0ac-33ea-ad8e-52f45aeb0e1c, -11.698840, -74.243790,2026-06-20 18:26:00,NOAA-21,Satipo,Junín,Peru,110,12,178,4,0.0,0.07,,4.7
36355045-70d1-37ae-a851-da6b769d55e1,  -6.372330, -76.098320,2026-06-20 18:26:00,NOAA-21,Lamas,San Martín,Peru,178,23,178,2,0.6,0.06,,4.5
8a93163f-2934-34f6-bd70-e26cb7cfabb5, -11.299260, -74.409220,2026-06-20 18:26:00,NOAA-21,Satipo,Junín,Peru,110,12,178,3,0.0,0.4,,7.5
74c22075-1c15-31dc-bcea-12bdfcb5a5a2, -13.015680, -76.355950,2026-06-20 18:26:00,NOAA-21,Cañete,Lima,Peru,130,16,178,55,0.0,0.89,,7.3
d3ee5242-40e5-3258-9fbf-2e56cb5aa5ab,  -6.848680, -76.288610,2026-06-20 18:26:00,NOAA-21,Picota,San Martín,Peru,181,23,178,2,4.45,0.09,,3.4
82d4051a-1949-36c0-8a4f-3ad8cf53844d,  -7.129620, -76.195360,2026-06-20 18:26:00,NOAA-21,Bellavista,San Martín,Peru,175,23,178,2,1.95,0.19,,3.9
eec39264-ec2b-3b3d-bd1c-46f18ec4b4e5,  -9.026750, -74.444110,2026-06-20 18:26:00,NOAA-21,Coronel Portillo,Ucayali,Peru,193,26,178,1,0.28,0.01,,2.3
946eeb05-ee2c-3505-9472-50d48bc0a1dc,  -6.841910, -76.332310,2026-06-20 18:26:00,NOAA-21,Picota,San Martín,Peru,181,23,178,2,3.81,0.33,,2.3
8c436fe0-99e5-3a35-a5aa-41b36f0b8159,  -6.974990, -79.569830,2026-06-20 18:26:00,NOAA-21,Chiclayo,Lambayeque,Peru,125,14,178,-999,0.0,0.99,,2.9
6d743c65-4f8a-3c57-a67c-9c1d8a0e1e3b,  -7.176170, -76.483990,2026-06-20 18:26:00,NOAA-21,Bellavista,San Martín,Peru,175,23,178,3,0.05,0.63,,1.1
ee6d750c-e9eb-3270-a194-cef91cb0b55f,  -6.797960, -76.514690,2026-06-20 18:26:00,NOAA-21,Bellavista,San Martín,Peru,175,23,178,2,0.91,0.13,,12.1
e5320d79-a501-39f5-bfbb-920be5d70732, -10.921740, -74.198760,2026-06-20 18:26:00,NOAA-21,Atalaya,Ucayali,Peru,192,26,178,2,1.38,0.11,,7.1
879b71d0-4f0a-3035-b284-eca3107238a5, -12.411350, -74.295110,2026-06-20 18:26:00,NOAA-21,Huanta,Ayacucho,Peru,46,5,178,4,0.0,0.13,,5.9
a5285e97-db86-3c50-83f8-3ecb06c58715,  -6.964160, -76.566420,2026-06-20 18:26:00,NOAA-21,Bellavista,San Martín,Peru,175,23,178,2,1.27,0.25,,3.5
f2bf738b-0b54-3244-a220-899fb23d2605,  -5.830120, -76.503400,2026-06-20 18:26:00,NOAA-21,Alto Amazonas,Loreto,Peru,138,17,178,1,0.0,0.01,,2.2
8266a4ac-b15f-3f7c-aecc-c2cc93d84781, -12.243750, -74.856820,2026-06-20 18:26:00,NOAA-21,Tayacaja,Huancavelica,Peru,98,10,178,10,0.0,0.55,,7.1
a64af5fc-889a-3f7d-bed2-4e7e330a1d6b, -11.122250, -74.704320,2026-06-20 18:26:00,NOAA-21,Satipo,Junín,Peru,110,12,178,3,0.02,0.53,,4.3
d05f873c-dbe3-3a0a-9ed1-755359d123fc,  -6.164240, -76.346650,2026-06-20 18:26:00,NOAA-21,Lamas,San Martín,Peru,178,23,178,2,0.0,0.0,,2.5
4ff0cd50-8a6e-389f-8a18-94b80dfc06db,  -8.907140, -62.232110,2026-06-20 18:26:00,NOAA-21,MACHADINHO D'OESTE,RONDÔNIA,Brasil,1100130,11,33,0,2.8,0.29,Amazônia,6.2
bad3ca7a-c873-3414-8799-657c75a2b6b0,  -7.868090, -72.773160,2026-06-20 18:26:00,NOAA-21,RODRIGUES ALVES,ACRE,Brasil,1200427,12,33,0,0.2,0.38,Amazônia,7.8
3dbc2db6-df64-349b-b227-8563ed72e498,  -6.577870, -79.812590,2026-06-20 18:26:00,NOAA-21,Ferreñafe,Lambayeque,Peru,126,14,178,32,0.0,1.0,,7.8
c34da600-c3e7-36d4-bcd6-b0cada4be90d,  -9.930520, -74.086300,2026-06-20 18:26:00,NOAA-21,Atalaya,Ucayali,Peru,192,26,178,0,0.2,0.05,,2.8
b17573d3-8537-3db4-8024-1835770e1c30,  -6.133740, -76.236280,2026-06-20 18:26:00,NOAA-21,Lamas,San Martín,Peru,178,23,178,1,0.0,0.0,,17.2
9d76db9c-9ab5-3de3-9bd6-46cdf3923953,  -8.971710, -74.463280,2026-06-20 18:26:00,NOAA-21,Coronel Portillo,Ucayali,Peru,193,26,178,0,0.83,0.0,,2.7
03e6f07f-8902-3018-8ddf-da105d678836, -10.244160, -74.026150,2026-06-20 18:26:00,NOAA-21,Atalaya,Ucayali,Peru,192,26,178,2,2.0,0.02,,2.3
a5e992c3-5c00-3e92-95b7-e0909a72aacd,  -9.648760, -65.583630,2026-06-20 18:26:00,NOAA-21,PORTO VELHO,RONDÔNIA,Brasil,1100205,11,33,4,0.0,0.41,Amazônia,7.6
75626ded-4a11-37ed-9fc7-d3bbe559b68a,  -6.797380, -76.510720,2026-06-20 18:26:00,NOAA-21,Bellavista,San Martín,Peru,175,23,178,2,0.94,0.11,,12.1
49e29bf8-fd8c-3b10-9cd8-745b32392819,  -7.125490, -76.675720,2026-06-20 18:26:00,NOAA-21,Mariscal Cáceres,San Martín,Peru,179,23,178,3,0.1,0.99,,5.0
e404fd3f-18da-354a-94b9-348519e2b858, -12.069130, -75.027850,2026-06-20 18:26:00,NOAA-21,Tayacaja,Huancavelica,Peru,98,10,178,6,0.0,0.75,,3.4
73434ef8-2ff7-3ca7-9993-b5fd7bcff486,  -6.072520, -76.318070,2026-06-20 18:26:00,NOAA-21,Alto Amazonas,Loreto,Peru,138,17,178,0,0.0,0.0,,3.4
93a08fb7-3d44-315f-8dd3-3a1ceea1eb25, -10.670070, -77.593610,2026-06-20 18:26:00,NOAA-21,Barranca,Lima,Peru,129,16,178,11,0.0,-999.0,,6.5
09c685f5-c0b8-3bb4-9abb-747426d9567d,  -5.924730, -76.267970,2026-06-20 18:26:00,NOAA-21,Alto Amazonas,Loreto,Peru,138,17,178,0,0.0,0.0,,6.0
ae6964b8-a5c9-391d-90fb-e4588e6c1545,  -8.325590, -74.636720,2026-06-20 18:26:00,NOAA-21,Coronel Portillo,Ucayali,Peru,193,26,178,2,0.0,0.72,,5.0
06bce469-4e1e-382c-a111-61194a5efae5,  -7.113870, -76.497180,2026-06-20 18:26:00,NOAA-21,Bellavista,San Martín,Peru,175,23,178,2,0.41,0.95,,3.0
48b58a48-067c-3e7b-a38a-5ed54b9749d0, -10.833020, -74.241260,2026-06-20 18:26:00,NOAA-21,Atalaya,Ucayali,Peru,192,26,178,1,4.62,0.03,,8.1
1af5c323-0870-311a-9bdb-0d0303fb70ab, -10.673910, -77.592980,2026-06-20 18:26:00,NOAA-21,Barranca,Lima,Peru,129,16,178,11,0.0,-999.0,,6.5
168c53d8-a321-3c85-9db1-b5b749b8f743, -10.683180, -77.687340,2026-06-20 18:26:00,NOAA-21,Barranca,Lima,Peru,129,16,178,11,0.0,-999.0,,7.3
3792ca53-9575-3974-b6c1-909c1ff9d708,  -5.861670, -77.182760,2026-06-20 18:26:00,NOAA-21,Moyobamba,San Martín,Peru,180,23,178,0,1.7,0.48,,2.0
5e67df86-1c69-31a4-8f66-7aae106ba9b9,  -6.590670, -79.358210,2026-06-20 18:26:00,NOAA-21,Chiclayo,Lambayeque,Peru,125,14,178,4,0.2,0.98,,5.4
594798d6-5e1b-36b0-b598-3804315a3aab,  -6.611140, -79.799870,2026-06-20 18:26:00,NOAA-21,Ferreñafe,Lambayeque,Peru,126,14,178,27,0.1,1.0,,2.6
2fd629b1-8071-3549-b72c-d2492d35831b,  -6.438170, -75.836610,2026-06-20 18:26:00,NOAA-21,San Martín,San Martín,Peru,183,23,178,2,0.0,0.5,,3.6
bc0f63a0-4ec5-3c41-a1f4-1d4937ff9ce0,  -8.382940, -72.825190,2026-06-20 18:26:00,NOAA-21,PORTO WALTER,ACRE,Brasil,1200393,12,33,0,0.0,0.05,Amazônia,3.5
fb44542e-4fd3-3225-9c88-ccfc25429f48,  -6.261510, -75.822200,2026-06-20 18:26:00,NOAA-21,San Martín,San Martín,Peru,183,23,178,1,0.0,0.05,,2.4
4033b394-649d-3f1f-9699-3a9ab385692a,   2.662050, -72.305330,2026-06-20 18:28:00,NOAA-21,San José del Guaviare,Guaviare,Colombia,615,16,53,0,17.48,0.0,,2.5
280f9e79-1878-3e5d-9482-7b6c93d9ece6,   1.785890, -72.524590,2026-06-20 18:28:00,NOAA-21,Calamar,Guaviare,Colombia,612,16,53,0,16.86,0.0,,2.3
c5965afb-f686-3c30-9ccd-576ee7c0490f,  -4.858920, -80.864400,2026-06-20 18:28:00,NOAA-21,Sullana,Piura,Peru,159,21,178,49,0.0,1.0,,49.3
c4aba517-2cd5-3f00-a760-e65377964910,  -1.824280, -73.328440,2026-06-20 18:28:00,NOAA-21,Maynas,Loreto,Peru,141,17,178,0,2.71,0.0,,1.9
2f8e943f-ca8d-30d4-8293-d4c8d084ce22,  -5.426110, -80.742680,2026-06-20 18:28:00,NOAA-21,Sechura,Piura,Peru,158,21,178,94,0.0,1.0,,12.1
594e594f-bca8-34c8-8eab-4168fcde6ecb,  -5.525510, -80.777280,2026-06-20 18:28:00,NOAA-21,Sechura,Piura,Peru,158,21,178,94,0.0,1.0,,3.4
278037e8-e84b-3f8e-89dd-ad14f5de699d,  -5.317950, -80.739690,2026-06-20 18:28:00,NOAA-21,Piura,Piura,Peru,157,21,178,95,0.0,1.0,,5.1
849f4cde-05bc-340b-aed4-7a9d70cdea5c,  -5.317440, -80.739140,2026-06-20 18:28:00,NOAA-21,Piura,Piura,Peru,157,21,178,95,0.0,1.0,,4.3
2db9fd16-0cba-393b-9867-358b7ab3c304,  -5.488880, -78.776240,2026-06-20 18:28:00,NOAA-21,Jaén,Cajamarca,Peru,61,6,178,2,1.93,0.93,,4.4
b1ce36fa-e7e3-39ee-9ddc-b1818a6e78a4,  -4.402080, -76.814710,2026-06-20 18:28:00,NOAA-21,Alto Amazonas,Loreto,Peru,138,17,178,1,6.05,0.01,,1.8
9e2f28ca-5c4b-3902-8b5e-8aeefdbe38a9,  -3.868960, -73.350530,2026-06-20 18:28:00,NOAA-21,Maynas,Loreto,Peru,141,17,178,1,5.59,0.11,,2.6
c3ff709e-9bef-33e0-ac03-6f63b3fc84f1,  -4.860110, -80.903640,2026-06-20 18:28:00,NOAA-21,Sullana,Piura,Peru,159,21,178,49,0.0,1.0,,2.6
fb7561d9-a18a-3652-8f99-122880f02bcb,  -5.323080, -80.716680,2026-06-20 18:28:00,NOAA-21,Piura,Piura,Peru,157,21,178,94,0.0,1.0,,1.7
aa12acc9-e846-3cab-bacd-6b8549682f3c,  -5.414030, -80.752620,2026-06-20 18:28:00,NOAA-21,Sechura,Piura,Peru,158,21,178,94,0.0,1.0,,5.4
29a5cbeb-5f2b-33b4-b93b-30d1cf75843d,  -5.425510, -80.738400,2026-06-20 18:28:00,NOAA-21,Sechura,Piura,Peru,158,21,178,94,0.0,1.0,,12.1
2d5be020-cb9e-3c4d-8907-0f64d5e0cba1,  -5.373980, -80.692920,2026-06-20 18:28:00,NOAA-21,Piura,Piura,Peru,157,21,178,94,0.0,1.0,,3.1
6fb87e7f-4209-35c8-9c9f-bf0871a42e98,  -5.485010, -78.776750,2026-06-20 18:28:00,NOAA-21,Jaén,Cajamarca,Peru,61,6,178,2,1.97,0.91,,3.2
e6dc4e0c-39d4-3f7f-a6ba-81e39f8993cd,   2.724200, -72.071340,2026-06-20 18:28:00,NOAA-21,San José del Guaviare,Guaviare,Colombia,615,16,53,0,14.86,0.0,,4.7
e60de36e-4095-3254-b089-6ff8ecdbec4a,  -5.425980, -80.742250,2026-06-20 18:28:00,NOAA-21,Sechura,Piura,Peru,158,21,178,94,0.0,1.0,,24.0
d66cfeab-f4b9-3d0a-bac1-3dc911337539,  -3.254550, -64.764130,2026-06-20 18:28:00,NOAA-21,ALVARÃES,AMAZONAS,Brasil,1300029,13,33,2,0.3,0.07,Amazônia,4.9
d164821a-3dbe-3785-b7a2-4a255da912cb, -10.843200, -49.101800,2026-06-20 18:30:00,GOES-19,SANTA RITA DO TOCANTINS,TOCANTINS,Brasil,1718899,17,33,49,0.0,1.0,Cerrado,64.5
a042f9c3-52e0-30c2-a73e-fb1c323467bc,   4.732400, -70.409800,2026-06-20 18:30:00,GOES-19,Santa Rosalía,Vichada,Colombia,1065,32,53,2,0.6,0.05,,115.5
9488789d-adc9-364e-898c-ec9ece3512e7, -16.899100, -60.378600,2026-06-20 18:30:00,GOES-19,José Miguel de Velasco,Santa Cruz,Bolivia,85,8,28,10,2.55,0.39,,199.4
4183c29a-2941-3e77-8b51-cc242d33361a, -18.351900, -59.058100,2026-06-20 18:30:00,GOES-19,Chiquitos,Santa Cruz,Bolivia,80,8,28,0,0.0,0.44,,67.4
94a5c752-a9af-30ab-bd10-159d48455cab, -15.955800, -61.217600,2026-06-20 18:30:00,GOES-19,José Miguel de Velasco,Santa Cruz,Bolivia,85,8,28,10,0.0,0.56,,71.8
cdf2b684-e7c6-3acb-b7c4-f1b662d08dcb, -16.198000, -60.423600,2026-06-20 18:30:00,GOES-19,José Miguel de Velasco,Santa Cruz,Bolivia,85,8,28,0,0.0,1.0,,113.0
d115cf2c-a27f-391b-bca5-72d76b35d8f4,  -5.812800, -45.102600,2026-06-20 18:30:00,GOES-19,BARRA DO CORDA,MARANHÃO,Brasil,2101608,21,33,7,0.0,0.91,Cerrado,89.2
580db89c-8998-35f2-b031-2666cd5c7f4b, -18.126900, -59.570400,2026-06-20 18:30:00,GOES-19,Chiquitos,Santa Cruz,Bolivia,80,8,28,1,0.0,0.41,,70.2
33ef5978-b043-3c4a-b824-2567511ae3ae, -16.198200, -60.403700,2026-06-20 18:30:00,GOES-19,José Miguel de Velasco,Santa Cruz,Bolivia,85,8,28,0,0.0,1.0,,419.8
5b293c54-1342-3936-9aa7-b1a6a27990a8, -16.918900, -60.356800,2026-06-20 18:30:00,GOES-19,José Miguel de Velasco,Santa Cruz,Bolivia,85,8,28,9,3.18,0.34,,98.8
b2444d91-d3a9-351b-93b8-772abacd2d85, -15.908900, -61.930700,2026-06-20 18:30:00,GOES-19,Ñuflo de Chávez,Santa Cruz,Bolivia,78,8,28,0,0.41,0.16,,85.0
73941279-743e-3b97-b775-f70c83557890, -16.879600, -60.380500,2026-06-20 18:30:00,GOES-19,José Miguel de Velasco,Santa Cruz,Bolivia,85,8,28,10,2.24,0.42,,70.8
e6e99255-d51a-3f17-88f7-d5da56134e61, -18.332100, -59.060300,2026-06-20 18:30:00,GOES-19,Chiquitos,Santa Cruz,Bolivia,80,8,28,1,0.0,0.45,,134.4
f4daf6a5-985d-3770-87c8-a89f32fc5005, -16.919200, -60.336700,2026-06-20 18:30:00,GOES-19,José Miguel de Velasco,Santa Cruz,Bolivia,85,8,28,9,3.15,0.35,,67.5
821ffd77-0e5d-3efd-a32a-14a4d4d390cc,  -5.813200, -45.057300,2026-06-20 18:30:00,GOES-19,BARRA DO CORDA,MARANHÃO,Brasil,2101608,21,33,3,0.0,0.91,Cerrado,142.1
189a63a6-b847-396e-9b02-bb98738fc229, -18.351600, -59.078500,2026-06-20 18:30:00,GOES-19,Chiquitos,Santa Cruz,Bolivia,80,8,28,0,0.0,0.44,,146.4
90c1529c-eae7-3db4-8d89-19ee04c8f92f,  -5.813000, -45.079900,2026-06-20 18:30:00,GOES-19,BARRA DO CORDA,MARANHÃO,Brasil,2101608,21,33,5,0.0,0.9,Cerrado,393.5
3c274cda-4ce6-3ee0-abd6-6d22287c2a52, -16.899400, -60.358600,2026-06-20 18:30:00,GOES-19,José Miguel de Velasco,Santa Cruz,Bolivia,85,8,28,9,2.8,0.37,,182.4
28a3affe-f028-3c47-a6d1-4160467c5f33, -15.581700, -61.818900,2026-06-20 18:30:00,GOES-19,Ñuflo de Chávez,Santa Cruz,Bolivia,78,8,28,7,0.0,0.39,,98.3
d7af2fe7-b998-312a-9062-780fb063362d, -16.198500, -60.383800,2026-06-20 18:30:00,GOES-19,José Miguel de Velasco,Santa Cruz,Bolivia,85,8,28,0,0.0,0.65,,83.5
4b393f3f-d594-3302-a605-0be532c86715,  -7.302600, -49.626900,2026-06-20 18:30:00,GOES-19,RIO MARIA,PARÁ,Brasil,1506161,15,33,9,0.0,0.91,Amazônia,95.6
49805c5f-3b25-3ed4-aadf-0a401759a408,  -6.852100, -47.914300,2026-06-20 18:30:00,GOES-19,WANDERLÂNDIA,TOCANTINS,Brasil,1722081,17,33,3,0.0,0.97,Cerrado,131.6
0eafe448-a94e-36e9-9b1a-c186b49abd5c,  -5.831700, -45.078600,2026-06-20 18:30:00,GOES-19,BARRA DO CORDA,MARANHÃO,Brasil,2101608,21,33,5,0.0,0.93,Cerrado,89.4
ff61a12c-678a-3636-832c-64a9794fdd60, -16.178800, -60.405500,2026-06-20 18:30:00,GOES-19,José Miguel de Velasco,Santa Cruz,Bolivia,85,8,28,0,0.0,0.85,,222.0
a2f99a04-1550-3ca3-9f12-72265e91781f, -18.331800, -59.080700,2026-06-20 18:30:00,GOES-19,Chiquitos,Santa Cruz,Bolivia,80,8,28,1,0.0,0.45,,134.0
2b4816d0-eddc-3d8f-87d7-05baa89ec310,  -6.833400, -47.915700,2026-06-20 18:30:00,GOES-19,WANDERLÂNDIA,TOCANTINS,Brasil,1722081,17,33,3,0.0,0.97,Cerrado,119.7
a05a0c74-3114-371f-b658-9000bbbc35d8, -20.757300, -61.192100,2026-06-20 18:30:00,GOES-19,General Eugenio A. Garay,Boquerón,Paraguay,43,6,177,11,0.0,0.98,,100.1
a7ffced0-d4c6-32a7-aa00-cfd68563d5c4, -15.955500, -61.237400,2026-06-20 18:30:00,GOES-19,José Miguel de Velasco,Santa Cruz,Bolivia,85,8,28,10,0.0,0.55,,73.3
5540f3b4-6546-3bfe-b0e1-8fcbb3d81a99,   9.132740, -67.591750,2026-06-20 18:30:00,NOAA-21,Miranda,Guárico,Venezuela,139,13,249,1,0.86,0.1,,13.7
dc19e4da-26ca-3745-9ce8-b91f1a971e4e,   4.000720, -70.560760,2026-06-20 18:30:00,NOAA-21,San Jose de Ocune,Vichada,Colombia,1063,32,53,0,4.7,0.0,,3.2
b24ffa24-2899-33f4-ad0a-e79e45e1a3ef,   3.843320, -71.693940,2026-06-20 18:30:00,NOAA-21,Puerto Gaitán,Meta,Colombia,700,20,53,0,0.1,0.01,,6.7
56436e48-90d0-3861-8bba-8a103423425e,   7.869050, -75.892880,2026-06-20 18:30:00,NOAA-21,Montelíbano,Córdoba,Colombia,332,7,53,0,2.18,0.01,,3.3
63acd3f7-a790-3d94-816a-afe4f7fe0773,   7.177260, -73.914410,2026-06-20 18:30:00,NOAA-21,Puerto Wilches,Santander,Colombia,919,27,53,0,0.1,0.02,,6.6
85ccac48-5bea-3294-8511-71a080173f02,   8.175220, -73.868090,2026-06-20 18:30:00,NOAA-21,Morales,Bolívar,Colombia,180,5,53,3,0.0,0.88,,10.4
de21698b-5d08-3e70-a19b-b215e6a3e158,   3.302880, -71.549710,2026-06-20 18:30:00,NOAA-21,Mapiripán,Meta,Colombia,697,20,53,0,11.68,0.0,,2.3
1cfe647c-2a6e-30af-92c2-57de1e3e0659,   4.750910, -70.680920,2026-06-20 18:30:00,NOAA-21,Cumaribo,Vichada,Colombia,1060,32,53,2,0.34,0.02,,8.8
0641a0f5-262f-3100-95b7-dc88de87d77e,   3.833470, -71.785930,2026-06-20 18:30:00,NOAA-21,Puerto Gaitán,Meta,Colombia,700,20,53,0,0.2,0.01,,21.5
da7c51e8-d043-3304-bca0-4ad36d0b4fb2,   7.515570, -65.501880,2026-06-20 18:30:00,NOAA-21,Cedeño,Bolívar,Venezuela,69,6,249,2,0.0,0.06,,26.8
3be20db2-2af7-3505-905c-53d60bfe9213,   9.135670, -67.591790,2026-06-20 18:30:00,NOAA-21,Miranda,Guárico,Venezuela,139,13,249,1,0.81,0.1,,7.1
7ebd546c-dddc-3d95-b216-71986293b471,   6.353370, -70.007760,2026-06-20 18:30:00,NOAA-21,Cravo Norte,Arauca,Colombia,135,3,53,2,0.0,0.06,,3.9
452cf57b-3ac3-3c54-88f9-a7d10345af32,   3.353260, -72.162070,2026-06-20 18:30:00,NOAA-21,Mapiripán,Meta,Colombia,697,20,53,0,11.71,0.0,,9.6
4f34e282-a5ba-3516-9e6e-2d34fbeb87e6,   3.350860, -72.159480,2026-06-20 18:30:00,NOAA-21,Mapiripán,Meta,Colombia,697,20,53,0,11.61,0.0,,17.3
4ce10dd4-9453-3863-a49a-51d72bb6fda5,   5.288280, -69.248420,2026-06-20 18:30:00,NOAA-21,La Primavera,Vichada,Colombia,1061,32,53,0,4.23,0.0,,10.6
a2b93c91-6e7e-3e69-9fa5-519c941c3a51,   3.448620, -73.069660,2026-06-20 18:30:00,NOAA-21,San Martín,Meta,Colombia,709,20,53,0,23.87,0.0,,8.5
273dd60a-b9ca-3bc6-88cd-4d826215a7bf,   4.727250, -70.400860,2026-06-20 18:30:00,NOAA-21,Santa Rosalía,Vichada,Colombia,1065,32,53,2,0.62,0.04,,23.0
4c9d297f-ee69-34cc-96cb-0e8d61ea4a31,   5.871000, -69.028970,2026-06-20 18:30:00,NOAA-21,La Primavera,Vichada,Colombia,1061,32,53,0,1.14,0.01,,42.5
e0967625-1834-37c4-9ae5-23e2ca47e639,   3.205130, -76.287160,2026-06-20 18:30:00,NOAA-21,Corinto,Cauca,Colombia,415,11,53,2,0.0,0.45,,4.5
970af97a-34ab-319b-9583-a30b564e5f2e,   5.292590, -69.251670,2026-06-20 18:30:00,NOAA-21,La Primavera,Vichada,Colombia,1061,32,53,0,4.31,0.01,,6.3
4cb4e616-5407-3dc0-a8a6-dc870fa8d794,   4.717990, -70.276550,2026-06-20 18:30:00,NOAA-21,La Primavera,Vichada,Colombia,1061,32,53,1,1.05,0.02,,27.1
83c8cda5-8721-3e9b-a7de-1faddc662957,   5.417070, -70.738200,2026-06-20 18:30:00,NOAA-21,Trinidad,Casanare,Colombia,404,10,53,2,0.1,0.03,,10.0
07222b3d-64f7-3812-8996-1184d841c0c3,   5.289000, -69.243200,2026-06-20 18:30:00,NOAA-21,La Primavera,Vichada,Colombia,1061,32,53,0,4.35,0.0,,40.5
aff1064b-5a9e-3036-83ab-acd32e5838e3,   4.496270, -70.835260,2026-06-20 18:30:00,NOAA-21,Cumaribo,Vichada,Colombia,1060,32,53,0,7.07,0.0,,7.8
7259dc07-8376-3edd-ac54-85f4dcc7da81,   4.726030, -70.409410,2026-06-20 18:30:00,NOAA-21,Santa Rosalía,Vichada,Colombia,1065,32,53,2,0.6,0.05,,16.8
880dc5d6-c692-359f-8372-40033369d193,   6.765080, -74.877210,2026-06-20 18:30:00,NOAA-21,Vegachí,Antioquia,Colombia,125,2,53,2,0.4,0.03,,5.0
272e8e72-8ea3-346e-a88a-3f868e7ffdab,   6.150510, -69.483520,2026-06-20 18:30:00,NOAA-21,Cravo Norte,Arauca,Colombia,135,3,53,2,0.0,0.01,,7.8
d1bebb4c-c3c7-3f47-985a-0da6c415dfd6,   4.670140, -71.685800,2026-06-20 18:30:00,NOAA-21,Orocué,Casanare,Colombia,395,10,53,0,0.3,0.02,,12.2
947d75b3-b4dc-3b7f-b2f2-eb7b6bfe71a4,   9.032430, -72.127910,2026-06-20 18:30:00,NOAA-21,Colón,Zulia,Venezuela,322,25,249,0,0.1,0.19,,6.1
ce4d6308-c409-3f8a-99a4-6a94bd303067,   3.354640, -72.152600,2026-06-20 18:30:00,NOAA-21,Mapiripán,Meta,Colombia,697,20,53,0,11.55,0.0,,11.6
7ea7b915-5172-3ce6-9f85-be9a6bc9d6e0,   4.432460, -68.972120,2026-06-20 18:30:00,NOAA-21,Cumaribo,Vichada,Colombia,1060,32,53,0,28.51,0.0,,11.2
3fe61fc8-023c-3f02-8074-f62b01872629,   4.522890, -70.625620,2026-06-20 18:30:00,NOAA-21,Cumaribo,Vichada,Colombia,1060,32,53,0,6.48,0.0,,11.7
63e305ca-e1a3-39a4-b5f8-02924d948f81,   4.719220, -70.267850,2026-06-20 18:30:00,NOAA-21,La Primavera,Vichada,Colombia,1061,32,53,0,1.11,0.02,,10.4
b0cba066-ca9f-3937-984c-bf42511637a5,   4.259420, -71.645550,2026-06-20 18:30:00,NOAA-21,Puerto Gaitán,Meta,Colombia,700,20,53,1,0.97,0.02,,18.8
76b4b4da-14ee-376b-8f46-61859c4c85a1,   4.815210, -74.842020,2026-06-20 18:30:00,NOAA-21,Ambalema,Tolima,Colombia,968,29,53,0,0.7,0.31,,8.5
c1ce2f5d-616c-3343-b9c3-6ba503996cb0,   6.158620, -69.495250,2026-06-20 18:30:00,NOAA-21,Cravo Norte,Arauca,Colombia,135,3,53,2,0.0,0.01,,7.6
2dbe0c48-ca36-3f5d-bcd2-7e05b1604790,   7.151730, -73.936650,2026-06-20 18:30:00,NOAA-21,Barrancabermeja,Santander,Colombia,860,27,53,0,0.05,0.02,,7.0
d816ccc4-fd33-3444-8dad-c10573e13244,   6.612470, -74.917270,2026-06-20 18:30:00,NOAA-21,Yolombó,Antioquia,Colombia,130,2,53,0,2.45,0.02,,1.7
b6355c07-4014-3e14-90e1-bc361b874b80,   4.723030, -70.272890,2026-06-20 18:30:00,NOAA-21,La Primavera,Vichada,Colombia,1061,32,53,0,1.09,0.03,,16.7
d4f80a23-b18f-33fe-9e6e-9a1f878a296b,   4.791240, -70.736820,2026-06-20 18:30:00,NOAA-21,Santa Rosalía,Vichada,Colombia,1065,32,53,2,0.3,0.02,,8.4
ab0468ba-f234-36f4-93b6-3d9c9ad5d4da,   5.881590, -69.024800,2026-06-20 18:30:00,NOAA-21,La Primavera,Vichada,Colombia,1061,32,53,0,0.95,0.01,,12.0
55a4a254-1cfa-36ae-bdab-d10fe8389ec6,   4.137410, -70.399290,2026-06-20 18:30:00,NOAA-21,San Jose de Ocune,Vichada,Colombia,1063,32,53,0,1.98,0.0,,6.2
028d8987-133e-3e95-9b48-c20b593e3bef,   5.623730, -70.069060,2026-06-20 18:30:00,NOAA-21,La Primavera,Vichada,Colombia,1061,32,53,1,0.52,0.13,,6.6
040207a8-1534-34f7-b119-307fd432eba4,   8.354720, -73.050090,2026-06-20 18:30:00,NOAA-21,Hacarí,Norte de Santander,Colombia,789,22,53,1,1.69,0.02,,28.0
6f278c7f-ec7a-3ae9-a8f6-ee2eca085774,   4.546670, -71.195880,2026-06-20 18:30:00,NOAA-21,Puerto Gaitán,Meta,Colombia,700,20,53,0,3.63,0.01,,8.0
bf9f76df-620a-3b03-b710-cb55e17f30e8,   3.691650, -76.236850,2026-06-20 18:30:00,NOAA-21,Ginebra,Valle del Cauca,Colombia,1029,30,53,2,0.0,0.25,,3.2
54419e3d-423b-37db-917f-6998c97f4e42,   4.814310, -74.777370,2026-06-20 18:30:00,NOAA-21,Beltrán,Cundinamarca,Colombia,496,14,53,1,0.99,0.21,,3.1
80ce3b32-c202-3a4a-ba1e-fdf23b52cfa1,   2.959120, -76.740270,2026-06-20 18:30:00,NOAA-21,Buenos Aires,Cauca,Colombia,411,11,53,2,2.4,0.01,,6.1
bf9ae092-9559-3e18-8399-08e5b7983de3,   4.007850, -70.561450,2026-06-20 18:30:00,NOAA-21,San Jose de Ocune,Vichada,Colombia,1063,32,53,0,4.83,0.0,,8.6
aeff7849-cf87-3dc1-b088-9a7ab8454b6c,   7.551570, -74.718480,2026-06-20 18:30:00,NOAA-21,El Bagre,Antioquia,Colombia,50,2,53,1,0.8,0.0,,6.1
d0b302f6-9568-3c3e-a7ed-c2a458aea18b,   4.496310, -68.933610,2026-06-20 18:30:00,NOAA-21,Cumaribo,Vichada,Colombia,1060,32,53,0,26.28,0.0,,10.5
e88710d4-6de4-3ede-ae5d-272a84091587,   7.506090, -74.800240,2026-06-20 18:30:00,NOAA-21,Zaragoza,Antioquia,Colombia,132,2,53,0,0.41,0.0,,10.7
d7d2f843-7580-3d9c-9f03-68a193fe1c9f,   4.007270, -70.565510,2026-06-20 18:30:00,NOAA-21,San Jose de Ocune,Vichada,Colombia,1063,32,53,0,4.74,0.0,,8.6
6eb2d545-1e9f-36d2-8374-c0262b95712a,   3.844470, -75.161820,2026-06-20 18:30:00,NOAA-21,Coyaima,Tolima,Colombia,977,29,53,0,0.0,0.1,,9.3
c10bb6ae-7110-3d96-82fd-872aa199b31a,   5.619830, -70.063770,2026-06-20 18:30:00,NOAA-21,La Primavera,Vichada,Colombia,1061,32,53,1,0.58,0.06,,22.8
78c1ec9a-2430-3472-9e71-b1bd6a6a5036,   5.294120, -69.241250,2026-06-20 18:30:00,NOAA-21,La Primavera,Vichada,Colombia,1061,32,53,0,4.54,0.01,,29.8
d3bbd924-efb9-3e90-af42-c43288cb0e53,   5.288560, -69.245770,2026-06-20 18:30:00,NOAA-21,La Primavera,Vichada,Colombia,1061,32,53,0,4.29,0.0,,29.8
1ded2689-0910-30c5-929c-e276bb9295bd,   3.847290, -71.694530,2026-06-20 18:30:00,NOAA-21,Puerto Gaitán,Meta,Colombia,700,20,53,0,0.11,0.01,,6.7
8c037159-3b34-332f-b3f8-405867a873d3,   3.833270, -71.783450,2026-06-20 18:30:00,NOAA-21,Puerto Gaitán,Meta,Colombia,700,20,53,0,0.2,0.02,,16.9
eb129d74-c351-3335-8c8a-52cd08812d3b,   7.601670, -75.046590,2026-06-20 18:30:00,NOAA-21,Caucasia,Antioquia,Colombia,40,2,53,0,0.67,0.01,,5.6
c736be5f-67cf-3c18-bf4c-c7566de2e5ad,   9.344020, -68.430440,2026-06-20 18:30:00,NOAA-21,Romulo Gallegos,Cojedes,Venezuela,100,8,249,2,2.68,0.02,,6.1
08292b19-1ffb-3cec-9e8a-b0e15c1ee007,   6.006610, -68.674220,2026-06-20 18:30:00,NOAA-21,La Primavera,Vichada,Colombia,1061,32,53,0,0.1,0.0,,9.8
f965ac32-5741-31bb-a255-baf46127519c,   7.561860, -75.319640,2026-06-20 18:30:00,NOAA-21,Cáceres,Antioquia,Colombia,31,2,53,0,0.0,0.01,,3.2
0d068642-b865-3c1a-91e5-92e41767eabd,   3.841740, -71.696360,2026-06-20 18:30:00,NOAA-21,Puerto Gaitán,Meta,Colombia,700,20,53,0,0.1,0.01,,6.8
f45719fc-c342-3731-880f-069150ffe664,   4.154040, -70.354000,2026-06-20 18:30:00,NOAA-21,San Jose de Ocune,Vichada,Colombia,1063,32,53,0,0.82,0.0,,6.1
fd935f22-2d96-39bc-930e-115def8436a5,   2.896410, -76.664260,2026-06-20 18:30:00,NOAA-21,Buenos Aires,Cauca,Colombia,411,11,53,0,1.94,0.01,,2.0
399a6dc2-1745-336d-a0d7-d3dba6eae981,   4.153640, -70.350330,2026-06-20 18:30:00,NOAA-21,San Jose de Ocune,Vichada,Colombia,1063,32,53,0,0.72,0.0,,10.3
bbe019f4-5b5d-39b4-97d9-6b6a62fcfd9d,   2.751620, -76.342130,2026-06-20 18:30:00,NOAA-21,Silvia,Cauca,Colombia,438,11,53,0,0.45,0.09,,4.7
f25ce775-3997-338f-bd57-327df712ef9f,   4.005020, -70.561380,2026-06-20 18:30:00,NOAA-21,San Jose de Ocune,Vichada,Colombia,1063,32,53,0,4.77,0.0,,16.5
e7639868-b0dd-3fbb-a8b3-714ce125610c,   5.619180, -70.068410,2026-06-20 18:30:00,NOAA-21,La Primavera,Vichada,Colombia,1061,32,53,1,0.56,0.08,,18.9
44f0e80d-ac12-32cf-aec4-c0ff23f6858c,   3.832550, -71.788510,2026-06-20 18:30:00,NOAA-21,Puerto Gaitán,Meta,Colombia,700,20,53,0,0.2,0.01,,8.4
352f7fb3-928f-3a85-a05b-fe80a187d778,   5.878970, -69.007480,2026-06-20 18:30:00,NOAA-21,La Primavera,Vichada,Colombia,1061,32,53,0,0.96,0.0,,7.7
229e60c8-b9c2-3eb4-b4cb-cbd2ada3a206,   3.578420, -76.310200,2026-06-20 18:30:00,NOAA-21,Palmira,Valle del Cauca,Colombia,1037,30,53,3,0.0,0.63,,7.1
15fc12a6-fd5e-3862-a50c-0e8efb1cf81c,   3.846450, -71.691830,2026-06-20 18:30:00,NOAA-21,Puerto Gaitán,Meta,Colombia,700,20,53,0,0.1,0.01,,2.6
9d97b676-1db5-34a7-ab6e-bddff97cd2a4,   3.202880, -76.279810,2026-06-20 18:30:00,NOAA-21,Corinto,Cauca,Colombia,415,11,53,2,0.0,0.47,,7.5
adb7a1c2-c721-356b-890b-5d10adad53a1,   6.670830, -73.845970,2026-06-20 18:30:00,NOAA-21,Simacota,Santander,Colombia,931,27,53,0,1.9,0.01,,3.8
7a8a1fa9-8033-3d84-916a-dbebf79d9f4c,   4.417150, -71.654560,2026-06-20 18:30:00,NOAA-21,Puerto Gaitán,Meta,Colombia,700,20,53,0,2.07,0.02,,8.0
6b08c7f5-5d0a-3c14-966f-d6ee8381a182,   3.848940, -71.702670,2026-06-20 18:30:00,NOAA-21,Puerto Gaitán,Meta,Colombia,700,20,53,0,0.14,0.01,,7.7
5163cb4f-324b-3986-b909-2bd2fe47f6de,   3.836500, -71.789090,2026-06-20 18:30:00,NOAA-21,Puerto Gaitán,Meta,Colombia,700,20,53,0,0.2,0.01,,8.4
80eb8420-f181-301a-bcb6-b21f2db51d85,   7.415630, -74.003000,2026-06-20 18:30:00,NOAA-21,Cantagallo,Bolívar,Colombia,169,5,53,0,0.0,0.01,,2.4
91fff132-c1f9-3dd0-b0a8-8160ea9e3be4,   5.883120, -69.013730,2026-06-20 18:30:00,NOAA-21,La Primavera,Vichada,Colombia,1061,32,53,0,0.92,0.01,,7.7
aae28736-6c30-37d0-8fac-6ceb2ed76dc0,   4.259940, -71.642060,2026-06-20 18:30:00,NOAA-21,Puerto Gaitán,Meta,Colombia,700,20,53,1,0.96,0.02,,18.8
fd01ba35-e1ef-3301-9394-92b553809276,   5.624380, -70.064420,2026-06-20 18:30:00,NOAA-21,La Primavera,Vichada,Colombia,1061,32,53,1,0.56,0.09,,13.6
5e9810b9-b68c-35e9-87ca-2fbe4d8ab73e,   8.859570, -72.445360,2026-06-20 18:30:00,NOAA-21,Catatumbo,Zulia,Venezuela,321,25,249,6,2.07,0.22,,13.8
83ba1677-ce22-3183-8211-76147f83811b,   4.436510, -68.978110,2026-06-20 18:30:00,NOAA-21,Cumaribo,Vichada,Colombia,1060,32,53,0,28.38,0.0,,5.7
60d4c60c-1d51-3b58-8dab-5ece6e75c9ca,   4.813760, -74.781070,2026-06-20 18:30:00,NOAA-21,Beltrán,Cundinamarca,Colombia,496,14,53,1,0.99,0.21,,3.1
a3ba4840-4e33-3332-9d16-151b854cca37,   9.142640, -73.685610,2026-06-20 18:30:00,NOAA-21,Chimichagua,Cesar,Colombia,450,12,53,0,0.1,0.28,,4.9
236d9c3d-a65b-3c44-b537-0f544832db7e,   4.674680, -71.682870,2026-06-20 18:30:00,NOAA-21,Orocué,Casanare,Colombia,395,10,53,0,0.3,0.02,,12.2
7ca7a249-d057-3e64-8a80-bb776e24b9de,   4.153010, -70.354520,2026-06-20 18:30:00,NOAA-21,San Jose de Ocune,Vichada,Colombia,1063,32,53,0,0.83,0.0,,5.2
b5f9e0bf-3ff3-3cd4-8119-30b592b3da4a,   3.837420, -71.786510,2026-06-20 18:30:00,NOAA-21,Puerto Gaitán,Meta,Colombia,700,20,53,0,0.2,0.01,,10.8
190df305-1dbd-3ca0-8308-989966651af7,   4.138790, -70.398870,2026-06-20 18:30:00,NOAA-21,San Jose de Ocune,Vichada,Colombia,1063,32,53,0,1.97,0.0,,4.1
20d5a99e-d003-388a-ac75-10504c47d771,   6.007330, -68.672650,2026-06-20 18:30:00,NOAA-21,La Primavera,Vichada,Colombia,1061,32,53,0,0.1,0.0,,11.5
b81edc14-9046-37f5-a915-2e02683ef688,   4.748490, -70.681070,2026-06-20 18:30:00,NOAA-21,Cumaribo,Vichada,Colombia,1060,32,53,2,0.37,0.02,,2.9
e7bfd78a-fd8b-35d5-9e2a-16baf58a3731,   6.671860, -73.845280,2026-06-20 18:30:00,NOAA-21,Simacota,Santander,Colombia,931,27,53,0,1.91,0.01,,3.8
dc965500-6923-328d-acbb-1b18c945dce7,   4.800070, -68.522750,2026-06-20 18:30:00,NOAA-21,Santa Rita,Vichada,Colombia,1064,32,53,0,4.54,0.0,,6.6
2306bd9d-6fc2-3043-bee8-7fd9e0eb486e,   4.786950, -70.736210,2026-06-20 18:30:00,NOAA-21,Cumaribo,Vichada,Colombia,1060,32,53,2,0.3,0.02,,7.6
d055fe9b-2c15-38e2-8a07-66ab8da9ddb1,   3.349430, -72.161490,2026-06-20 18:30:00,NOAA-21,Mapiripán,Meta,Colombia,697,20,53,0,11.62,0.0,,7.8
f19a6cc8-c57e-3da3-9ca8-00adafb1f1ec,   4.136790, -70.403460,2026-06-20 18:30:00,NOAA-21,San Jose de Ocune,Vichada,Colombia,1063,32,53,0,2.11,0.0,,3.8
6d2d7c47-644c-358a-9008-f883719ac94c,   3.844970, -71.702100,2026-06-20 18:30:00,NOAA-21,Puerto Gaitán,Meta,Colombia,700,20,53,0,0.1,0.01,,7.7
69991b41-289e-35a3-bf76-2cae4a52ce92,   3.350110, -72.156780,2026-06-20 18:30:00,NOAA-21,Mapiripán,Meta,Colombia,697,20,53,0,11.54,0.0,,7.8
cfe6b2a3-53ba-3cc6-951e-7597ae947df5,   3.306860, -71.550290,2026-06-20 18:30:00,NOAA-21,Mapiripán,Meta,Colombia,697,20,53,0,11.53,0.0,,2.8
63e9945a-1241-3af0-afa6-7453830efea5,   5.293800, -69.243900,2026-06-20 18:30:00,NOAA-21,La Primavera,Vichada,Colombia,1061,32,53,0,4.48,0.01,,40.5
a27a7225-07c1-38cd-a21c-b2a3c74194e9,   4.731030, -70.405750,2026-06-20 18:30:00,NOAA-21,Santa Rosalía,Vichada,Colombia,1065,32,53,2,0.62,0.04,,15.7
fec75519-5ea5-37e6-aa0f-fcabbe5bf7a8,   7.094320, -68.620290,2026-06-20 18:30:00,NOAA-21,Achaguas,Apure,Venezuela,30,3,249,0,0.0,0.01,,3.2
f8ba6d0e-0e4c-3a0f-a94a-42dd55a88504,   7.518060, -65.506010,2026-06-20 18:30:00,NOAA-21,Cedeño,Bolívar,Venezuela,69,6,249,2,0.0,0.06,,17.7
e04f50e6-a336-33b3-a278-7cbe8c16a4ee,   4.413130, -71.654000,2026-06-20 18:30:00,NOAA-21,Puerto Gaitán,Meta,Colombia,700,20,53,0,2.09,0.02,,5.9
49899b75-1c77-3e1a-a9c8-95abd9477976,   5.293080, -69.249110,2026-06-20 18:30:00,NOAA-21,La Primavera,Vichada,Colombia,1061,32,53,0,4.36,0.01,,10.6
24b6a529-5224-3878-9b06-b653c5bcc60f,   7.518710, -65.500890,2026-06-20 18:30:00,NOAA-21,Cedeño,Bolívar,Venezuela,69,6,249,2,0.0,0.06,,20.1
a10ddcca-6b7c-3965-8d02-912ff79ab085,   4.008700, -70.566090,2026-06-20 18:30:00,NOAA-21,San Jose de Ocune,Vichada,Colombia,1063,32,53,0,4.77,0.0,,16.5
dc21d5b2-f692-336b-8c7d-a416a12e0727,   9.028270, -72.127330,2026-06-20 18:30:00,NOAA-21,Colón,Zulia,Venezuela,322,25,249,0,0.1,0.19,,7.4
3336f7d3-a89f-39ff-9ed7-fa38a5340098,   6.495140, -67.993710,2026-06-20 18:30:00,NOAA-21,Pedro Camejo,Apure,Venezuela,34,3,249,1,0.3,0.04,,4.2
1c6f8740-6861-3773-aeef-cf2679b00d7b,   3.576540, -75.517770,2026-06-20 18:30:00,NOAA-21,Chaparral,Tolima,Colombia,975,29,53,3,0.3,0.24,,6.0
be8846e9-75ea-3204-878d-e60203df01a1,   3.358470, -72.153160,2026-06-20 18:30:00,NOAA-21,Mapiripán,Meta,Colombia,697,20,53,0,11.59,0.0,,11.6
c4e42bc1-caae-306c-881f-cec5e439780f,   3.204580, -76.423880,2026-06-20 18:30:00,NOAA-21,Caloto,Cauca,Colombia,414,11,53,2,0.0,0.18,,2.5
c0345b9c-4d12-3e38-b381-d83c2dcc0bef,   4.730420, -70.410030,2026-06-20 18:30:00,NOAA-21,Santa Rosalía,Vichada,Colombia,1065,32,53,2,0.6,0.05,,15.7
f251d768-693a-317f-bb9e-ac02916413b6,   7.414380, -74.004550,2026-06-20 18:30:00,NOAA-21,Cantagallo,Bolívar,Colombia,169,5,53,0,0.0,0.01,,4.8
33db87c5-3f6d-3cc5-9903-223732018540,   6.006910, -68.675580,2026-06-20 18:30:00,NOAA-21,La Primavera,Vichada,Colombia,1061,32,53,0,0.1,0.0,,6.7
eaeddb3d-e333-3e70-84b5-a2448254b5b5,   4.501100, -70.831940,2026-06-20 18:30:00,NOAA-21,Cumaribo,Vichada,Colombia,1060,32,53,0,6.98,0.0,,9.6
bf5d16c3-9ac1-3781-979e-0ecddb9ea49b,   4.029110, -70.535450,2026-06-20 18:30:00,NOAA-21,San Jose de Ocune,Vichada,Colombia,1063,32,53,0,5.17,0.0,,8.9
1c969eab-c4a6-3b60-91a8-76ad375a2ba9,   4.794950, -70.741490,2026-06-20 18:30:00,NOAA-21,Santa Rosalía,Vichada,Colombia,1065,32,53,2,0.3,0.02,,8.4
8d9b4e07-1c0e-376c-ad84-cdda572074f9,   4.634990, -74.942830,2026-06-20 18:30:00,NOAA-21,Venadillo,Tolima,Colombia,1009,29,53,2,0.0,0.61,,5.0
0172a1b1-bc15-323f-8498-a3ee988b3ad4,   7.258650, -74.955320,2026-06-20 18:30:00,NOAA-21,Anorí,Antioquia,Colombia,17,2,53,1,0.0,0.0,,7.3
335d9614-2d40-3c86-a731-fc0685d3d33e,   3.654270, -71.428680,2026-06-20 18:30:00,NOAA-21,Puerto Gaitán,Meta,Colombia,700,20,53,0,0.1,0.01,,3.8
e2c00288-d870-3012-ba6a-e1cbefb04bae,   4.033420, -70.536100,2026-06-20 18:30:00,NOAA-21,San Jose de Ocune,Vichada,Colombia,1063,32,53,0,5.29,0.0,,8.9
f2882e0f-e639-3d90-b04f-68dd5c83a1cb,   3.850490, -71.700210,2026-06-20 18:30:00,NOAA-21,Puerto Gaitán,Meta,Colombia,700,20,53,0,0.15,0.01,,7.3
a2a3f8f4-217a-3a95-a146-673fa5a8f197,   5.497120, -69.935280,2026-06-20 18:30:00,NOAA-21,La Primavera,Vichada,Colombia,1061,32,53,0,2.47,0.06,,3.8
61a550c9-a201-33fd-ac41-96446e8d086f,   3.654790, -71.425170,2026-06-20 18:30:00,NOAA-21,Puerto Gaitán,Meta,Colombia,700,20,53,0,0.1,0.01,,5.7
9b3537ff-7de4-39ec-b55c-a389351d9788,   3.781720, -75.463940,2026-06-20 18:30:00,NOAA-21,Chaparral,Tolima,Colombia,975,29,53,0,1.53,0.24,,2.3
8e866a42-30c6-3e78-a722-1191b6e9e49b,   3.846520, -71.699650,2026-06-20 18:30:00,NOAA-21,Puerto Gaitán,Meta,Colombia,700,20,53,0,0.11,0.01,,12.7
7f03be58-bc9a-3e50-a480-6de7b7771f22,   5.293350, -69.246470,2026-06-20 18:30:00,NOAA-21,La Primavera,Vichada,Colombia,1061,32,53,0,4.42,0.01,,29.8
50876279-539d-3390-b1c5-aafc393f4a34,   3.651280, -71.421110,2026-06-20 18:30:00,NOAA-21,Puerto Gaitán,Meta,Colombia,700,20,53,0,0.1,0.01,,5.7
d34b37b2-97e6-3a60-968b-fe379cce4d88,   4.495680, -70.839200,2026-06-20 18:30:00,NOAA-21,Cumaribo,Vichada,Colombia,1060,32,53,0,7.09,0.0,,7.8
20cdacd0-9ac0-35de-8c0d-5f3752b6c532,   3.489950, -72.966870,2026-06-20 18:30:00,NOAA-21,San Martín,Meta,Colombia,709,20,53,0,23.4,0.0,,7.4
ca4b4a7a-5593-39a5-bee6-6fae79485c3c, -10.842900, -49.123600,2026-06-20 18:30:00,GOES-19,SANTA RITA DO TOCANTINS,TOCANTINS,Brasil,1718899,17,33,49,0.0,1.0,Cerrado,127.7
1fea6363-e267-3d74-8999-a86bcbbe084d, -10.823900, -49.125700,2026-06-20 18:30:00,GOES-19,SANTA RITA DO TOCANTINS,TOCANTINS,Brasil,1718899,17,33,43,0.0,0.98,Cerrado,73.4
1c8b6bbc-9de5-3497-a47a-48d43f829622, -11.910800, -43.408100,2026-06-20 18:30:00,GOES-19,MUQUÉM DO SÃO FRANCISCO,BAHIA,Brasil,2922250,29,33,24,0.0,1.0,Cerrado,116.5
7c289d94-6939-33b3-854c-5c6f0839721a,  11.049920, -71.963360,2026-06-20 18:32:00,NOAA-21,Mara,Zulia,Venezuela,331,25,249,-999,0.0,1.0,,9.2
88479f5f-ded7-31f0-9601-ee3fcf67b0b8,   9.451900, -74.242230,2026-06-20 18:32:00,NOAA-21,Santa Ana,Magdalena,Colombia,680,19,53,1,0.29,0.9,,3.0
12f84c3f-016a-3017-9490-59d582849ebf,  11.023710, -72.903980,2026-06-20 18:32:00,NOAA-21,Riohacha,La Guajira,Colombia,658,18,53,10,2.5,0.75,,3.8
e85d120a-270e-3bcc-b5c9-a7d8975ed0af,  10.778200, -68.880140,2026-06-20 18:32:00,NOAA-21,Monseñor Iturriza,Falcón,Venezuela,122,12,249,1,0.0,1.0,,9.2
7417033d-1874-316b-923f-cabfcdff8c66,  11.000040, -72.104270,2026-06-20 18:32:00,NOAA-21,Mara,Zulia,Venezuela,331,25,249,0,0.1,1.0,,16.7
13fe6e72-9716-3bb5-9327-88dd846549b3,  10.597660, -68.261680,2026-06-20 18:32:00,NOAA-21,Veroes,Yaracuy,Venezuela,317,24,249,-999,0.36,0.2,,4.0
bb01be8e-4604-3601-848d-46d9193a8b77,  11.052100, -71.961580,2026-06-20 18:32:00,NOAA-21,Mara,Zulia,Venezuela,331,25,249,-999,0.0,1.0,,28.8
57f680e5-fd4c-354c-a10c-92bd12cee065,  10.987000, -72.005740,2026-06-20 18:32:00,NOAA-21,Mara,Zulia,Venezuela,331,25,249,-999,0.0,1.0,,4.2
157a83d8-a996-3ab7-97c4-f651fc05c21d,  10.612560, -68.412120,2026-06-20 18:32:00,NOAA-21,Veroes,Yaracuy,Venezuela,317,24,249,-999,0.01,0.99,,6.8
9ca1e847-e6da-3930-803b-626a4b5d6294,  11.054240, -71.963960,2026-06-20 18:32:00,NOAA-21,Mara,Zulia,Venezuela,331,25,249,-999,0.0,1.0,,9.2
b29e7b3f-028d-3b59-941f-be528fbacca0,  10.594930, -71.845090,2026-06-20 18:32:00,NOAA-21,Jesús Enrique Lossada,Zulia,Venezuela,325,25,249,7,1.6,1.0,,6.5
3217e942-dab6-3b0b-9014-fae0e6828933,   9.928050, -72.176900,2026-06-20 18:32:00,NOAA-21,Machiques de Perijá,Zulia,Venezuela,329,25,249,0,0.07,0.49,,6.0
3d8a4eb7-ac0a-38ab-b5cb-1db6677bbe62,  11.050490, -71.959180,2026-06-20 18:32:00,NOAA-21,Mara,Zulia,Venezuela,331,25,249,-999,0.0,1.0,,19.6
396a65d3-6213-354d-bef6-fd1ca4241e72,  10.819850, -71.808820,2026-06-20 18:32:00,NOAA-21,Mara,Zulia,Venezuela,331,25,249,9,0.05,1.0,,2.1
9c0b53ab-485c-3f77-9c1a-3036b60d11fb,  10.121490, -74.500670,2026-06-20 18:32:00,NOAA-21,Chivolo,Magdalena,Colombia,666,19,53,2,2.2,0.09,,7.2
ebf21119-e33c-34c6-b1dd-363d326a5353,   9.351460, -73.631500,2026-06-20 18:32:00,NOAA-21,Chiriguaná,Cesar,Colombia,451,12,53,0,0.56,0.74,,4.9
92a229d5-6362-3efa-8b5e-0ae02536ff24,  11.013220, -71.941230,2026-06-20 18:32:00,NOAA-21,Mara,Zulia,Venezuela,331,25,249,-999,0.0,1.0,,5.5
6af6887e-0495-3b34-b227-fabff0527dee,   9.709200, -75.103850,2026-06-20 18:32:00,NOAA-21,El Carmen de Bolívar,Bolívar,Colombia,172,5,53,2,0.1,0.24,,3.4
5274eab9-4314-335e-b54c-e8c60ad58b05,   9.961370, -73.831930,2026-06-20 18:32:00,NOAA-21,Bosconia,Cesar,Colombia,449,12,53,2,1.27,0.11,,21.1
a41fb9f0-3280-3fc5-b051-97ca0129cd59,   9.186410, -74.269480,2026-06-20 18:32:00,NOAA-21,Guamal,Magdalena,Colombia,671,19,53,3,0.0,1.0,,1.2
2c5c968a-d5ba-3391-a664-b51466b5ec11,   9.879670, -73.429700,2026-06-20 18:32:00,NOAA-21,Agustín Codazzi,Cesar,Colombia,446,12,53,0,0.35,0.16,,6.7
4a4a285a-b5e3-338d-bf47-0d6180f7916e,   9.450670, -74.250970,2026-06-20 18:32:00,NOAA-21,Santa Ana,Magdalena,Colombia,680,19,53,1,0.35,0.91,,1.9
687cdc44-a220-3122-88e0-f31234be362c,  11.058280, -71.934570,2026-06-20 18:32:00,NOAA-21,Mara,Zulia,Venezuela,331,25,249,-999,0.0,1.0,,10.8
1bcc40b6-6494-3f65-b287-d0902e5a4652,  10.313640, -70.691960,2026-06-20 18:32:00,NOAA-21,Buchivacoa,Falcón,Venezuela,110,12,249,0,0.82,0.06,,35.2
93225730-0268-3fc7-8dea-fe2cf36bb4fa,   9.241590, -74.276210,2026-06-20 18:32:00,NOAA-21,San Sebastián de Buenavista,Magdalena,Colombia,678,19,53,4,0.0,1.0,,7.2
ded4730b-c88e-362b-9552-f387eded4190,  11.059710, -71.936930,2026-06-20 18:32:00,NOAA-21,Mara,Zulia,Venezuela,331,25,249,-999,0.0,1.0,,8.6
7a53b370-b84e-3db6-b6a2-de8a50423e93,   9.957590, -73.831370,2026-06-20 18:32:00,NOAA-21,Bosconia,Cesar,Colombia,449,12,53,2,1.24,0.11,,6.7
17e8d045-eb51-3df9-bbca-738292c4141c,   9.960720, -73.836600,2026-06-20 18:32:00,NOAA-21,Bosconia,Cesar,Colombia,449,12,53,2,1.29,0.12,,6.5
f17395cc-b97c-34e8-8da3-c473b8b68644,  10.500210, -75.338710,2026-06-20 18:32:00,NOAA-21,Santa Rosa,Bolívar,Colombia,191,5,53,-999,1.55,0.21,,11.9
fbbf9e2d-cc9d-32ab-be5b-f05b2603be4f,  10.607080, -68.411440,2026-06-20 18:32:00,NOAA-21,Veroes,Yaracuy,Venezuela,317,24,249,-999,0.01,1.0,,6.8
c639b237-715e-3b58-94bc-1e78fb2bc57b,  10.626530, -68.977520,2026-06-20 18:32:00,NOAA-21,Urdaneta,Lara,Venezuela,156,14,249,0,0.0,0.31,,2.7
4659b0fc-7075-36d1-be57-ddb8e3c54547,  10.600170, -68.377400,2026-06-20 18:32:00,NOAA-21,Veroes,Yaracuy,Venezuela,317,24,249,-999,0.0,1.0,,14.6
4d0214dd-b3ae-3def-aaa1-078cc2f98518,  10.060480, -75.000790,2026-06-20 18:32:00,NOAA-21,El Guamo,Bolívar,Colombia,173,5,53,0,3.63,0.03,,5.4
a4aa4521-dae8-3cea-a320-ebf2d4b1cb52,  10.590590, -71.844520,2026-06-20 18:32:00,NOAA-21,Jesús Enrique Lossada,Zulia,Venezuela,325,25,249,7,1.64,1.0,,6.5
92467e11-89ab-3e42-b2db-4a7d3f62708c,  10.463420, -75.239930,2026-06-20 18:32:00,NOAA-21,Villanueva,Bolívar,Colombia,197,5,53,-999,2.51,0.29,,6.8
7953065b-f7f2-3233-a94a-04b4a96ad194,  10.999480, -72.108370,2026-06-20 18:32:00,NOAA-21,Mara,Zulia,Venezuela,331,25,249,0,0.1,1.0,,11.0
f2688d80-a0b4-3dd6-a1d3-0276fa7dd899,  11.185270, -72.298010,2026-06-20 18:32:00,NOAA-21,Maicao,La Guajira,Colombia,656,18,53,5,0.1,1.0,,10.4
c56dc565-1c1a-3675-aba4-2560145aafae, -16.178800, -60.405500,2026-06-20 18:40:00,GOES-19,José Miguel de Velasco,Santa Cruz,Bolivia,85,8,28,0,0.0,0.85,,233.7
01c550b1-6323-34ad-9a31-11ede2d1f2a2, -16.899400, -60.358600,2026-06-20 18:40:00,GOES-19,José Miguel de Velasco,Santa Cruz,Bolivia,85,8,28,9,2.8,0.37,,153.0
a3c98d9b-2bf3-38c9-b367-9f62cf2efed5,  -5.831900, -45.055900,2026-06-20 18:40:00,GOES-19,BARRA DO CORDA,MARANHÃO,Brasil,2101608,21,33,3,0.0,0.97,Cerrado,85.8
9ea593b2-2f6b-3935-bdb6-40766001b5ad, -18.331800, -59.080700,2026-06-20 18:40:00,GOES-19,Chiquitos,Santa Cruz,Bolivia,80,8,28,1,0.0,0.45,,127.0
e02cfd56-27ea-3e05-b058-b3fc2e3eca53,  -7.302600, -49.626900,2026-06-20 18:40:00,GOES-19,RIO MARIA,PARÁ,Brasil,1506161,15,33,9,0.0,0.91,Amazônia,111.4
5a0dbcfd-8971-32f0-a263-4831e02b8176, -16.198000, -60.423600,2026-06-20 18:40:00,GOES-19,José Miguel de Velasco,Santa Cruz,Bolivia,85,8,28,0,0.0,1.0,,183.4
2b783f51-5413-3a76-8b98-da41bc1a0033,  -5.813200, -45.057300,2026-06-20 18:40:00,GOES-19,BARRA DO CORDA,MARANHÃO,Brasil,2101608,21,33,3,0.0,0.91,Cerrado,107.3
d272cf34-247e-3029-bf14-45cc0dbcb96a,  -6.833400, -47.915700,2026-06-20 18:40:00,GOES-19,WANDERLÂNDIA,TOCANTINS,Brasil,1722081,17,33,3,0.0,0.97,Cerrado,102.4
ab0c881a-1cf0-35f8-bd98-39ffee698210, -16.899100, -60.378600,2026-06-20 18:40:00,GOES-19,José Miguel de Velasco,Santa Cruz,Bolivia,85,8,28,10,2.55,0.39,,186.7
bd203dbd-c74e-3179-b8c1-e5820cc0e390,  -8.907200, -46.962100,2026-06-20 18:40:00,GOES-19,BALSAS,MARANHÃO,Brasil,2101400,21,33,37,0.0,1.0,Cerrado,104.4
474e0409-e6e9-3e20-83e6-cb03b6195f64, -16.198200, -60.403700,2026-06-20 18:40:00,GOES-19,José Miguel de Velasco,Santa Cruz,Bolivia,85,8,28,0,0.0,1.0,,501.5
3ac2425d-33e2-3194-add6-7ca3b6789462, -16.918900, -60.356800,2026-06-20 18:40:00,GOES-19,José Miguel de Velasco,Santa Cruz,Bolivia,85,8,28,9,3.18,0.34,,148.8
5927c616-acf3-3131-adc7-c7d3daee973f,  -6.852100, -47.914300,2026-06-20 18:40:00,GOES-19,WANDERLÂNDIA,TOCANTINS,Brasil,1722081,17,33,3,0.0,0.97,Cerrado,150.0
47763361-d8fd-325f-906b-453a54018b96, -20.757300, -61.192100,2026-06-20 18:40:00,GOES-19,General Eugenio A. Garay,Boquerón,Paraguay,43,6,177,11,0.0,0.98,,96.2
fc5a9f88-c635-3511-b76d-b04e7ab82741, -16.178500, -60.425400,2026-06-20 18:40:00,GOES-19,José Miguel de Velasco,Santa Cruz,Bolivia,85,8,28,0,0.0,0.87,,89.7
bcef1b52-2992-32e7-bab8-0a8c31179eca, -15.581900, -61.799300,2026-06-20 18:40:00,GOES-19,Ñuflo de Chávez,Santa Cruz,Bolivia,78,8,28,6,0.0,0.36,,68.2
27f01ff7-637c-37d4-ae3a-4f748e697503, -18.351900, -59.058100,2026-06-20 18:40:00,GOES-19,Chiquitos,Santa Cruz,Bolivia,80,8,28,0,0.0,0.44,,75.2
8af671c3-c6be-3705-b84e-92ecd6e035f9, -15.955800, -61.217600,2026-06-20 18:40:00,GOES-19,José Miguel de Velasco,Santa Cruz,Bolivia,85,8,28,10,0.0,0.56,,87.3
550c0400-d409-3654-ae57-4952d8c72981, -15.581700, -61.818900,2026-06-20 18:40:00,GOES-19,Ñuflo de Chávez,Santa Cruz,Bolivia,78,8,28,7,0.0,0.39,,89.5
bdcb3190-4535-38fd-a255-dea7e6822d0e, -18.126900, -59.570400,2026-06-20 18:40:00,GOES-19,Chiquitos,Santa Cruz,Bolivia,80,8,28,1,0.0,0.41,,75.3
afd09f6e-3acb-3dcf-a7a4-4780b42ce3d1,  -8.907500, -46.939900,2026-06-20 18:40:00,GOES-19,BALSAS,MARANHÃO,Brasil,2101400,21,33,35,0.0,1.0,Cerrado,160.0
da0c6a80-a27e-33c5-bec3-a7731e59cf7a,   4.732400, -70.409800,2026-06-20 18:40:00,GOES-19,Santa Rosalía,Vichada,Colombia,1065,32,53,2,0.6,0.05,,101.3
b3ae78ee-0be7-3f59-80c3-f14181344265, -15.955500, -61.237400,2026-06-20 18:40:00,GOES-19,José Miguel de Velasco,Santa Cruz,Bolivia,85,8,28,10,0.0,0.55,,73.2
000cf6f2-5556-3d63-8740-72bf7ffeb5e9, -16.198500, -60.383800,2026-06-20 18:40:00,GOES-19,José Miguel de Velasco,Santa Cruz,Bolivia,85,8,28,0,0.0,0.65,,91.6
8c3f3acb-3f13-3a40-8929-9fd99a51694b, -18.351600, -59.078500,2026-06-20 18:40:00,GOES-19,Chiquitos,Santa Cruz,Bolivia,80,8,28,0,0.0,0.44,,147.5
0022b940-8a94-3682-93bc-1ba0eb49896f, -18.332100, -59.060300,2026-06-20 18:40:00,GOES-19,Chiquitos,Santa Cruz,Bolivia,80,8,28,1,0.0,0.45,,128.9
fd9b1a74-f1bd-320f-a5b3-7db719d3e79c,  -5.831700, -45.078600,2026-06-20 18:40:00,GOES-19,BARRA DO CORDA,MARANHÃO,Brasil,2101608,21,33,5,0.0,0.93,Cerrado,195.8
98b43ba7-4a96-303c-98dc-eec6b83103f1, -16.919200, -60.336700,2026-06-20 18:40:00,GOES-19,José Miguel de Velasco,Santa Cruz,Bolivia,85,8,28,9,3.15,0.35,,123.1
2d401515-4ded-3b6d-8411-da53cb2b524b, -15.601000, -61.817400,2026-06-20 18:40:00,GOES-19,Ñuflo de Chávez,Santa Cruz,Bolivia,78,8,28,8,0.0,0.37,,66.7
699d4c0d-23ec-3564-8380-b4301a4581c2, -15.908900, -61.930700,2026-06-20 18:40:00,GOES-19,Ñuflo de Chávez,Santa Cruz,Bolivia,78,8,28,0,0.41,0.16,,94.1
485040cf-8f95-3355-8cbf-bd30a0bbe2fd, -10.842900, -49.123600,2026-06-20 18:40:00,GOES-19,SANTA RITA DO TOCANTINS,TOCANTINS,Brasil,1718899,17,33,49,0.0,1.0,Cerrado,112.5
300f3142-44de-3148-a9b1-10218a78fc02, -10.823900, -49.125700,2026-06-20 18:40:00,GOES-19,SANTA RITA DO TOCANTINS,TOCANTINS,Brasil,1718899,17,33,43,0.0,0.98,Cerrado,102.6
e6646df7-804f-31b6-8d20-1e218c83436b, -11.910800, -43.408100,2026-06-20 18:40:00,GOES-19,MUQUÉM DO SÃO FRANCISCO,BAHIA,Brasil,2922250,29,33,24,0.0,1.0,Cerrado,92.3
92e82bde-508d-3f69-b52f-595a7e764954, -13.343400, -66.534000,2026-06-20 18:50:00,GOES-19,José Ballivián,El Beni,Bolivia,26,3,28,7,17.62,0.03,,75.2
9ed69d7f-3c1f-3f4b-a659-9f4ad996df80, -15.955500, -61.237400,2026-06-20 18:50:00,GOES-19,José Miguel de Velasco,Santa Cruz,Bolivia,85,8,28,10,0.0,0.55,,69.7
7919c07f-8285-356e-9a04-43c7e9be8881, -16.918900, -60.356800,2026-06-20 18:50:00,GOES-19,José Miguel de Velasco,Santa Cruz,Bolivia,85,8,28,9,3.18,0.34,,160.0
3a19cc94-1216-339f-a0e8-4efbe0649401, -18.126900, -59.570400,2026-06-20 18:50:00,GOES-19,Chiquitos,Santa Cruz,Bolivia,80,8,28,1,0.0,0.41,,66.6
b0c52b71-1bef-3b6c-9f95-6b8c298fa392,   4.732400, -70.391600,2026-06-20 18:50:00,GOES-19,Santa Rosalía,Vichada,Colombia,1065,32,53,2,0.67,0.01,,105.3
4b42c621-a0d2-321c-b135-83900ac5302b,  -7.302600, -49.626900,2026-06-20 18:50:00,GOES-19,RIO MARIA,PARÁ,Brasil,1506161,15,33,9,0.0,0.91,Amazônia,108.1
ff43e712-68d4-3861-914a-847ba5d07897, -20.757300, -61.192100,2026-06-20 18:50:00,GOES-19,General Eugenio A. Garay,Boquerón,Paraguay,43,6,177,11,0.0,0.98,,88.9
61fce5a9-56ae-3aae-9f55-08de733b1ef7, -16.899400, -60.358600,2026-06-20 18:50:00,GOES-19,José Miguel de Velasco,Santa Cruz,Bolivia,85,8,28,9,2.8,0.37,,150.4
094a14e3-2ad0-3c1e-b56b-21592cd5d6ff,  -5.813000, -45.079900,2026-06-20 18:50:00,GOES-19,BARRA DO CORDA,MARANHÃO,Brasil,2101608,21,33,5,0.0,0.9,Cerrado,227.8
2ed44087-fe45-3dd5-a7d8-3695f2a892eb, -18.331800, -59.080700,2026-06-20 18:50:00,GOES-19,Chiquitos,Santa Cruz,Bolivia,80,8,28,1,0.0,0.45,,125.3
6f953a8e-0e28-376f-b148-1ff80dea31bd, -15.908900, -61.930700,2026-06-20 18:50:00,GOES-19,Ñuflo de Chávez,Santa Cruz,Bolivia,78,8,28,0,0.41,0.16,,115.3
a28b58fb-fba0-3aa5-8df0-27f8c56e8d52, -16.198000, -60.423600,2026-06-20 18:50:00,GOES-19,José Miguel de Velasco,Santa Cruz,Bolivia,85,8,28,0,0.0,1.0,,150.2
bf72804a-9063-3753-a366-4b12a40752e9, -15.581700, -61.818900,2026-06-20 18:50:00,GOES-19,Ñuflo de Chávez,Santa Cruz,Bolivia,78,8,28,7,0.0,0.39,,78.3
b9c5b21f-8726-368b-b59e-4956f5f11d7e, -12.994900, -64.822800,2026-06-20 18:50:00,GOES-19,Mamoré,El Beni,Bolivia,27,3,28,0,0.2,0.92,,89.4
c9776968-8442-3795-9faf-af48a7201598, -18.351900, -59.058100,2026-06-20 18:50:00,GOES-19,Chiquitos,Santa Cruz,Bolivia,80,8,28,0,0.0,0.44,,81.7
ea87dcdf-2084-3a56-a8f9-a461c3d57131, -16.198500, -60.383800,2026-06-20 18:50:00,GOES-19,José Miguel de Velasco,Santa Cruz,Bolivia,85,8,28,0,0.0,0.65,,82.5
fe7ed098-97bc-3c9d-867b-95db57074fc3,  -4.533200, -80.643400,2026-06-20 18:50:00,GOES-19,Sullana,Piura,Peru,159,21,178,39,0.0,1.0,,59.0
f66ff108-1e31-3ff5-8789-4968ffc492da, -16.899100, -60.378600,2026-06-20 18:50:00,GOES-19,José Miguel de Velasco,Santa Cruz,Bolivia,85,8,28,10,2.55,0.39,,189.3
b0853da1-856a-3deb-8298-30bb27b86e1f,  -6.852100, -47.914300,2026-06-20 18:50:00,GOES-19,WANDERLÂNDIA,TOCANTINS,Brasil,1722081,17,33,3,0.0,0.97,Cerrado,123.3
9f92de79-c785-3957-9f24-670583606292,  -5.831700, -45.078600,2026-06-20 18:50:00,GOES-19,BARRA DO CORDA,MARANHÃO,Brasil,2101608,21,33,5,0.0,0.93,Cerrado,119.9
10fbaed9-613a-3508-ba20-4c21e62901b2, -16.178800, -60.405500,2026-06-20 18:50:00,GOES-19,José Miguel de Velasco,Santa Cruz,Bolivia,85,8,28,0,0.0,0.85,,269.7
cbc1c9cd-2b3e-361d-b34f-6ebe3a17af41, -18.351600, -59.078500,2026-06-20 18:50:00,GOES-19,Chiquitos,Santa Cruz,Bolivia,80,8,28,0,0.0,0.44,,151.6
dad1db9f-023a-3faf-b4f1-1f063eca9684, -18.332100, -59.060300,2026-06-20 18:50:00,GOES-19,Chiquitos,Santa Cruz,Bolivia,80,8,28,1,0.0,0.45,,121.3
6a2e052b-fc68-3459-b33f-3b23656259b1,  -4.533200, -80.661600,2026-06-20 18:50:00,GOES-19,Sullana,Piura,Peru,159,21,178,39,0.0,1.0,,59.1
bc38a833-4948-35c3-968b-b3113c624a3d, -16.198200, -60.403700,2026-06-20 18:50:00,GOES-19,José Miguel de Velasco,Santa Cruz,Bolivia,85,8,28,0,0.0,1.0,,571.2
5f050594-af83-3e66-976d-c491aac59f11,  -5.813200, -45.057300,2026-06-20 18:50:00,GOES-19,BARRA DO CORDA,MARANHÃO,Brasil,2101608,21,33,3,0.0,0.91,Cerrado,92.9
33cb7157-41d1-3153-b483-0fb1b9946c66, -13.013800, -64.821900,2026-06-20 18:50:00,GOES-19,Mamoré,El Beni,Bolivia,27,3,28,0,0.2,0.54,,83.7
1612ceae-6b4c-367e-9299-d5b185310091, -16.178500, -60.425400,2026-06-20 18:50:00,GOES-19,José Miguel de Velasco,Santa Cruz,Bolivia,85,8,28,0,0.0,0.87,,76.2
26959d54-6586-36b8-83af-90f7fc7bb82b, -16.919200, -60.336700,2026-06-20 18:50:00,GOES-19,José Miguel de Velasco,Santa Cruz,Bolivia,85,8,28,9,3.15,0.35,,177.3
bc9f930f-951e-3119-9677-6987fa4edc3c,   5.866600, -69.013400,2026-06-20 18:50:00,GOES-19,La Primavera,Vichada,Colombia,1061,32,53,0,1.11,0.0,,98.9
20db173e-8be8-366f-9a73-6d2efe0968e7, -15.955800, -61.217600,2026-06-20 18:50:00,GOES-19,José Miguel de Velasco,Santa Cruz,Bolivia,85,8,28,10,0.0,0.56,,138.4
b5bfadfb-4515-376a-b918-95ee631346a8,  -6.833400, -47.915700,2026-06-20 18:50:00,GOES-19,WANDERLÂNDIA,TOCANTINS,Brasil,1722081,17,33,3,0.0,0.97,Cerrado,100.0
8f3b332a-8c0e-3bf9-818b-722f14204451,   4.714300, -70.264600,2026-06-20 18:50:00,GOES-19,La Primavera,Vichada,Colombia,1061,32,53,0,1.1,0.01,,95.2
589d5ee7-6b91-3b1c-9cb2-da3f2070cde5,  -5.812800, -45.102600,2026-06-20 18:50:00,GOES-19,BARRA DO CORDA,MARANHÃO,Brasil,2101608,21,33,7,0.0,0.91,Cerrado,82.6
1e999743-7a7f-3a34-b442-e69c300c7119,   4.732400, -70.409800,2026-06-20 18:50:00,GOES-19,Santa Rosalía,Vichada,Colombia,1065,32,53,2,0.6,0.05,,122.2
82cc006c-caea-386a-a956-4876a1ce3436,  -6.481700, -45.594500,2026-06-20 18:50:00,GOES-19,MIRADOR,MARANHÃO,Brasil,2106706,21,33,2,0.0,1.0,Cerrado,68.1
2de3c2a3-d2b7-3751-b9d3-48e34627b01b, -10.823900, -49.125700,2026-06-20 18:50:00,GOES-19,SANTA RITA DO TOCANTINS,TOCANTINS,Brasil,1718899,17,33,43,0.0,0.98,Cerrado,60.9
b158352b-cfb1-30b6-947d-90a8ec6ce5c6, -10.842900, -49.123600,2026-06-20 18:50:00,GOES-19,SANTA RITA DO TOCANTINS,TOCANTINS,Brasil,1718899,17,33,49,0.0,1.0,Cerrado,135.6
44219a97-a6d6-3e27-90e7-6d098eec9ab2, -40.326400, -63.944980,2026-06-20 18:51:00,NPP-375,Conesa,Río Negro,Argentina,373,16,12,21,1.6,0.81,,3.0
4b06ab24-17f4-3d5a-b368-6b0117ba2080, -40.059570, -62.351530,2026-06-20 18:51:00,NPP-375,Patagones,Buenos Aires,Argentina,87,1,12,-999,0.95,0.78,,7.4
73750773-60aa-30d2-ab47-69ed40b0b642, -40.731480, -63.264610,2026-06-20 18:51:00,NPP-375,Adolfo Alsina,Río Negro,Argentina,370,16,12,16,1.9,0.79,,3.5
5f2a4167-66eb-358f-b49f-5a3e9de8421c, -39.460550, -62.592860,2026-06-20 18:51:00,NPP-375,Villarino,Buenos Aires,Argentina,127,1,12,14,0.6,0.82,,33.2
05e202b1-c944-3f66-9cc7-eac07be8e840, -39.461710, -62.596680,2026-06-20 18:51:00,NPP-375,Villarino,Buenos Aires,Argentina,127,1,12,14,0.6,0.82,,12.6
5c587078-ad45-39b1-b662-176b75aade2b, -40.055000, -62.353410,2026-06-20 18:51:00,NPP-375,Patagones,Buenos Aires,Argentina,87,1,12,-999,0.9,0.78,,16.8
116caf47-9925-3e5d-8be9-1c48f8ce6603, -39.460170, -62.590450,2026-06-20 18:51:00,NPP-375,Villarino,Buenos Aires,Argentina,127,1,12,14,0.6,0.82,,26.8
1a6c667f-9efd-32cb-8b06-4d893bd17396, -40.053670, -62.349540,2026-06-20 18:51:00,NPP-375,Patagones,Buenos Aires,Argentina,87,1,12,-999,0.9,0.77,,7.0
0c2ab83e-a0ab-3c18-a9c0-89285deff3b1, -40.058240, -62.347650,2026-06-20 18:51:00,NPP-375,Patagones,Buenos Aires,Argentina,87,1,12,-999,0.95,0.78,,15.3
ad92876c-2062-3590-a680-eb63d547d7f5, -40.734080, -63.266820,2026-06-20 18:51:00,NPP-375,Adolfo Alsina,Río Negro,Argentina,370,16,12,17,1.9,0.79,,5.3
b9e9a6cc-2a89-3964-8633-556501180fe1, -40.058030, -62.345300,2026-06-20 18:51:00,NPP-375,Patagones,Buenos Aires,Argentina,87,1,12,-999,0.96,0.78,,7.4
c79cbfb0-c7f3-31d9-beab-94a7aae3ca56, -29.470240, -61.192180,2026-06-20 18:53:00,NPP-375,Nueve de Julio,Santa Fe,Argentina,449,21,12,2,0.0,0.42,,6.1
0da3e2d4-9293-3b0b-9b32-185f526a7d96, -29.726360, -61.198230,2026-06-20 18:53:00,NPP-375,San Cristóbal,Santa Fe,Argentina,451,21,12,2,0.0,0.64,,9.6
cfba3254-13d1-3cc0-97d5-0774d729617c, -29.248830, -60.863980,2026-06-20 18:53:00,NPP-375,Vera,Santa Fe,Argentina,457,21,12,2,0.0,0.56,,15.5
e6ccb577-62ad-3af4-92f6-d55e61dce731, -29.708390, -61.238630,2026-06-20 18:53:00,NPP-375,San Cristóbal,Santa Fe,Argentina,451,21,12,2,0.0,0.67,,3.6
cb3d8d12-f359-3133-84f2-66ab7aab353e, -29.468680, -61.189150,2026-06-20 18:53:00,NPP-375,Nueve de Julio,Santa Fe,Argentina,449,21,12,2,0.0,0.42,,11.4
e9456696-31f6-3026-ba64-7fb368af1a83, -29.753160, -63.023080,2026-06-20 18:53:00,NPP-375,Quebrachos,Santiago del Estero,Argentina,477,22,12,2,0.0,0.89,,5.3
dcde6a3d-8d8c-344f-8f19-c67b2ea2d61a, -29.242440, -60.866180,2026-06-20 18:53:00,NPP-375,Vera,Santa Fe,Argentina,457,21,12,2,0.0,0.56,,15.5
e8642d81-d657-384d-bad0-059b98e8cf0c, -29.246360, -60.871510,2026-06-20 18:53:00,NPP-375,Vera,Santa Fe,Argentina,457,21,12,2,0.0,0.55,,12.1
41bbacbe-e4ed-3ac3-ade4-ee23598d0444, -29.250540, -60.870160,2026-06-20 18:53:00,NPP-375,Vera,Santa Fe,Argentina,457,21,12,2,0.0,0.54,,9.9
4bfdb199-ea02-3623-895b-68c8787f39b6, -30.162880, -63.000190,2026-06-20 18:53:00,NPP-375,Rió Seco,Córdoba,Argentina,144,2,12,2,0.0,0.85,,2.3
145307c5-3cb3-3f9f-9665-6f1541b6f5f6, -29.709310, -61.235650,2026-06-20 18:53:00,NPP-375,San Cristóbal,Santa Fe,Argentina,451,21,12,2,0.0,0.67,,5.0
ac33bd0c-4089-35f8-8e94-c4196ddf2525, -30.162210, -62.999550,2026-06-20 18:53:00,NPP-375,Rió Seco,Córdoba,Argentina,144,2,12,2,0.0,0.85,,2.5
2ab70eee-3d63-31a8-9cb7-68cf91765cb8, -35.835700, -72.556940,2026-06-20 18:53:00,NPP-375,Cauquenes,Maule,Chile,35,12,48,-999,0.27,0.58,,5.1
19d71e85-e90d-3551-a0d8-13b32bb7f860, -29.244680, -60.865330,2026-06-20 18:53:00,NPP-375,Vera,Santa Fe,Argentina,457,21,12,2,0.0,0.56,,12.1
2908d320-8749-3f67-a49e-1f703d597ce1, -28.192480, -61.367240,2026-06-20 18:53:00,NPP-375,Nueve de Julio,Santa Fe,Argentina,449,21,12,2,0.0,0.83,,4.6
9d4521db-7c23-3324-adb0-6c640e634582, -29.251070, -60.863110,2026-06-20 18:53:00,NPP-375,Vera,Santa Fe,Argentina,457,21,12,2,0.0,0.55,,12.1
0e9293b2-0ab4-3c1f-98b7-4fb0a75ad6fc, -28.190480, -61.364390,2026-06-20 18:53:00,NPP-375,Nueve de Julio,Santa Fe,Argentina,449,21,12,2,0.0,0.83,,5.5
94ec6e4b-8187-3324-b8c5-2ed502ffa071, -29.724790, -61.192450,2026-06-20 18:53:00,NPP-375,San Cristóbal,Santa Fe,Argentina,451,21,12,2,0.0,0.63,,20.8
a0ac4ba5-c81e-3db5-a9ec-bdbc7b33dec1, -29.244140, -60.872340,2026-06-20 18:53:00,NPP-375,Vera,Santa Fe,Argentina,457,21,12,2,0.0,0.55,,9.9
801f1531-95c9-3f4d-9999-4905f07158e5, -27.427530, -65.358380,2026-06-20 18:56:00,NPP-375,Simoca,Tucumán,Argentina,499,24,12,14,0.0,0.91,,4.9
4a153041-fac0-38f9-b93d-1b95e113e64a, -27.042050, -61.157850,2026-06-20 18:56:00,NPP-375,Nueve de Julio,Chaco,Argentina,185,4,12,2,0.0,0.87,,5.2
2cc3ffc5-83ea-3065-9e29-705a44e5d05c, -27.428420, -65.362080,2026-06-20 18:56:00,NPP-375,Simoca,Tucumán,Argentina,499,24,12,14,0.0,0.91,,4.9
6a2a66ed-d919-329c-84df-8bb98c3f218d, -26.263700, -61.682480,2026-06-20 18:56:00,NPP-375,Almirante Brown,Chaco,Argentina,171,4,12,7,0.0,0.8,,7.6
95da3f7c-8682-3863-ab92-cf4f6dfb7e1f, -27.430570, -65.358460,2026-06-20 18:56:00,NPP-375,Simoca,Tucumán,Argentina,499,24,12,14,0.0,0.91,,9.6
231d3d0c-aae2-3deb-88ac-a28436264f32, -26.451570, -64.247990,2026-06-20 18:56:00,NPP-375,Pellegrini,Santiago del Estero,Argentina,476,22,12,6,0.0,0.98,,2.2
847fe272-06b1-3400-9c98-beb01805b0b7, -27.043070, -61.154830,2026-06-20 18:56:00,NPP-375,Nueve de Julio,Chaco,Argentina,185,4,12,2,0.0,0.87,,4.2
3dd62d42-25b2-368f-ae1c-1a7b28abfa52, -26.267400, -61.685580,2026-06-20 18:56:00,NPP-375,Almirante Brown,Chaco,Argentina,171,4,12,7,0.0,0.84,,8.6
376eeaa9-dad6-3813-812a-6bd5f6670272, -27.236330, -65.475350,2026-06-20 18:56:00,NPP-375,Monteros,Tucumán,Argentina,497,24,12,13,0.0,0.91,,2.6
9f000ee5-2b65-32a3-aaeb-d7d4620ddb9d, -27.429710, -65.354740,2026-06-20 18:56:00,NPP-375,Simoca,Tucumán,Argentina,499,24,12,15,0.0,0.91,,13.5
ee7531b0-05f1-3931-8221-1cfc6c74ae33, -25.374610, -63.429180,2026-06-20 18:56:00,NPP-375,Anta,Salta,Argentina,382,17,12,6,0.0,0.96,,5.7
731550bb-5851-30a1-b7ef-5c62d03bc338, -25.586580, -63.917730,2026-06-20 18:56:00,NPP-375,Anta,Salta,Argentina,382,17,12,24,0.0,0.97,,4.9
26912d32-605f-320d-a1a5-f20b3960a651, -26.450470, -64.243480,2026-06-20 18:56:00,NPP-375,Pellegrini,Santiago del Estero,Argentina,476,22,12,6,0.0,0.98,,2.2
bf90fa85-693a-3d08-bb57-78a234e6dd1c, -27.426650, -65.354670,2026-06-20 18:56:00,NPP-375,Simoca,Tucumán,Argentina,499,24,12,15,0.0,0.91,,10.5
27698d9c-56af-345e-abf7-319d679a3420, -27.866870, -63.078230,2026-06-20 18:56:00,NPP-375,Juan Felipe Ibarra,Santiago del Estero,Argentina,471,22,12,26,0.0,0.94,,2.5
36560692-02af-3637-8db2-5ebb451eb63c, -17.065040, -67.989720,2026-06-20 18:58:00,NPP-375,Aroma,La Paz,Bolivia,33,4,28,10,0.0,0.78,,8.2
9fcd4518-b30c-3baf-888c-60e9fb2e5fdb, -16.802260, -67.377000,2026-06-20 18:58:00,NPP-375,Inquisivi,La Paz,Bolivia,39,4,28,10,0.0,0.85,,5.4
86eaced9-19fd-376b-b34c-bed4710c7787, -16.803760, -67.376980,2026-06-20 18:58:00,NPP-375,Inquisivi,La Paz,Bolivia,39,4,28,10,0.0,0.85,,6.3
738a1607-5e85-3897-8a30-227a4b764f5c, -16.804610, -67.381060,2026-06-20 18:58:00,NPP-375,Inquisivi,La Paz,Bolivia,39,4,28,10,0.0,0.85,,6.3
86e39401-03a7-3831-8c8c-546d250561c1, -17.169010, -63.847690,2026-06-20 18:58:00,NPP-375,Sara,Santa Cruz,Bolivia,88,8,28,6,0.0,0.97,,5.4
1f293124-8ebf-35e6-803d-2e4f3d47d8de, -16.808870, -67.379320,2026-06-20 18:58:00,NPP-375,Inquisivi,La Paz,Bolivia,39,4,28,10,0.0,0.85,,5.4
9865de2e-0519-3130-acfe-ea08b859269c, -19.350610, -66.706190,2026-06-20 18:58:00,NPP-375,Eduardo Avaroa,Oruro,Bolivia,53,5,28,57,0.0,0.71,,11.3
fdd4a544-a083-3a1d-84fc-087d621cfb69, -19.355280, -66.705850,2026-06-20 18:58:00,NPP-375,Eduardo Avaroa,Oruro,Bolivia,53,5,28,57,0.0,0.71,,11.5
e0950a5d-0a68-3acc-bdd5-b138d56fbabe, -17.422260, -66.002660,2026-06-20 18:58:00,NPP-375,Chapare,Cochabamba,Bolivia,17,2,28,14,0.0,0.89,,5.4
b3a69d57-e8b2-30b4-ab06-02cdb3b2422d, -17.695970, -67.848470,2026-06-20 18:58:00,NPP-375,Gualberto Villarroel,La Paz,Bolivia,37,4,28,10,0.0,0.79,,3.3
e83f0f5f-51a3-333f-82be-29429b8b4f28, -14.094340, -64.838070,2026-06-20 18:58:00,NPP-375,Cercado,El Beni,Bolivia,25,3,28,7,1.78,0.53,,6.3
2cf7dac8-1893-34be-b5bd-26a125630a5b, -13.013800, -64.821900,2026-06-20 19:00:00,GOES-19,Mamoré,El Beni,Bolivia,27,3,28,0,0.2,0.54,,101.6
5dac4739-170d-3b38-833c-604c7b9bb5ca, -13.324500, -66.534800,2026-06-20 19:00:00,GOES-19,José Ballivián,El Beni,Bolivia,26,3,28,7,17.4,0.01,,76.9
c4e47f58-5e49-3ebd-92ab-bd5d1fcfaede, -16.899100, -60.378600,2026-06-20 19:00:00,GOES-19,José Miguel de Velasco,Santa Cruz,Bolivia,85,8,28,10,2.55,0.39,,164.9
533dfc80-9b42-3b8a-8e5e-1c615342dfdf, -16.198200, -60.403700,2026-06-20 19:00:00,GOES-19,José Miguel de Velasco,Santa Cruz,Bolivia,85,8,28,0,0.0,1.0,,540.0
2b83b4b7-b3c9-378f-afa0-a1f02b5d5206, -15.908900, -61.930700,2026-06-20 19:00:00,GOES-19,Ñuflo de Chávez,Santa Cruz,Bolivia,78,8,28,0,0.41,0.16,,122.0
2a5ca776-60de-3062-904e-59368df70436, -20.757300, -61.192100,2026-06-20 19:00:00,GOES-19,General Eugenio A. Garay,Boquerón,Paraguay,43,6,177,11,0.0,0.98,,74.8
e618fef2-9bf2-38f0-94c2-b3dadd3120b8, -16.179000, -60.385600,2026-06-20 19:00:00,GOES-19,José Miguel de Velasco,Santa Cruz,Bolivia,85,8,28,0,0.0,0.73,,68.8
df3d1f12-8c91-31ff-8735-a811561e1b4b,  -7.302600, -49.626900,2026-06-20 19:00:00,GOES-19,RIO MARIA,PARÁ,Brasil,1506161,15,33,9,0.0,0.91,Amazônia,102.7
757456cd-6314-3827-851e-3fad54dbbeeb, -16.899400, -60.358600,2026-06-20 19:00:00,GOES-19,José Miguel de Velasco,Santa Cruz,Bolivia,85,8,28,9,2.8,0.37,,166.6
dc74f618-4883-39f7-9ffe-6b74bf353d70, -16.178500, -60.425400,2026-06-20 19:00:00,GOES-19,José Miguel de Velasco,Santa Cruz,Bolivia,85,8,28,0,0.0,0.87,,86.1
22436845-bf53-3a64-b3e3-efb449b6af3a, -16.178800, -60.405500,2026-06-20 19:00:00,GOES-19,José Miguel de Velasco,Santa Cruz,Bolivia,85,8,28,0,0.0,0.85,,307.2
18680341-8ee7-33bc-9d0d-eca406bd2a14, -16.198500, -60.383800,2026-06-20 19:00:00,GOES-19,José Miguel de Velasco,Santa Cruz,Bolivia,85,8,28,0,0.0,0.65,,113.9
370e562d-5dff-3b32-8751-6cfa7c2112a0,  -4.533200, -80.661600,2026-06-20 19:00:00,GOES-19,Sullana,Piura,Peru,159,21,178,39,0.0,1.0,,59.2
e1557f81-e115-3757-a70f-1769d6c5caa1,  -5.813000, -45.079900,2026-06-20 19:00:00,GOES-19,BARRA DO CORDA,MARANHÃO,Brasil,2101608,21,33,5,0.0,0.9,Cerrado,389.5
c92a7182-f2b0-30e0-8822-18df35dccc4d, -16.198000, -60.423600,2026-06-20 19:00:00,GOES-19,José Miguel de Velasco,Santa Cruz,Bolivia,85,8,28,0,0.0,1.0,,142.3
7e6040f6-6537-35d6-afbc-d6bc5615e135, -18.351900, -59.058100,2026-06-20 19:00:00,GOES-19,Chiquitos,Santa Cruz,Bolivia,80,8,28,0,0.0,0.44,,77.3
7078badb-3baa-3305-95c1-13e2cb160a0c, -16.919200, -60.336700,2026-06-20 19:00:00,GOES-19,José Miguel de Velasco,Santa Cruz,Bolivia,85,8,28,9,3.15,0.35,,181.4
d931a154-0b8c-3491-b881-bd025cc9a2e6,  -5.812800, -45.102600,2026-06-20 19:00:00,GOES-19,BARRA DO CORDA,MARANHÃO,Brasil,2101608,21,33,7,0.0,0.91,Cerrado,118.7
e3b48c08-96f7-3ec5-aed3-2443f2edbf50, -16.918900, -60.356800,2026-06-20 19:00:00,GOES-19,José Miguel de Velasco,Santa Cruz,Bolivia,85,8,28,9,3.18,0.34,,181.4
1a677dd0-5699-30f5-97c7-0bc05731231a, -15.955500, -61.237400,2026-06-20 19:00:00,GOES-19,José Miguel de Velasco,Santa Cruz,Bolivia,85,8,28,10,0.0,0.55,,78.2
aa459e5b-9f8a-3e1f-a321-0c967137d62b,  -5.831700, -45.078600,2026-06-20 19:00:00,GOES-19,BARRA DO CORDA,MARANHÃO,Brasil,2101608,21,33,5,0.0,0.93,Cerrado,112.3
02d5475b-5e50-350c-af0b-c6805fdc35bd, -15.955800, -61.217600,2026-06-20 19:00:00,GOES-19,José Miguel de Velasco,Santa Cruz,Bolivia,85,8,28,10,0.0,0.56,,208.6
07ada851-59fe-3a85-abed-f745d6aa8bbc,  -6.833400, -47.915700,2026-06-20 19:00:00,GOES-19,WANDERLÂNDIA,TOCANTINS,Brasil,1722081,17,33,3,0.0,0.97,Cerrado,112.3
f86a46dd-b3ca-3296-9534-18e61b67cd07, -18.351600, -59.078500,2026-06-20 19:00:00,GOES-19,Chiquitos,Santa Cruz,Bolivia,80,8,28,0,0.0,0.44,,151.2
d18b657d-5561-36a2-91e9-0df8b6682afc, -12.994900, -64.822800,2026-06-20 19:00:00,GOES-19,Mamoré,El Beni,Bolivia,27,3,28,0,0.2,0.92,,116.4
70c3b838-9a1d-34d7-a7f1-ea3726a00cb3,  -6.852100, -47.914300,2026-06-20 19:00:00,GOES-19,WANDERLÂNDIA,TOCANTINS,Brasil,1722081,17,33,3,0.0,0.97,Cerrado,115.4
8497b04c-001a-32d6-af44-04d218ab3b9a,  -5.813200, -45.057300,2026-06-20 19:00:00,GOES-19,BARRA DO CORDA,MARANHÃO,Brasil,2101608,21,33,3,0.0,0.91,Cerrado,129.5
e8557844-3d0d-3834-a3df-c0ed56b31b94, -18.331800, -59.080700,2026-06-20 19:00:00,GOES-19,Chiquitos,Santa Cruz,Bolivia,80,8,28,1,0.0,0.45,,131.7
ad37743e-2042-3532-928d-63771b02380b, -15.956000, -61.197900,2026-06-20 19:00:00,GOES-19,José Miguel de Velasco,Santa Cruz,Bolivia,85,8,28,9,0.0,0.58,,82.5
ba032a7d-7f99-3c20-a7b6-87152c44f420, -10.842900, -49.123600,2026-06-20 19:00:00,GOES-19,SANTA RITA DO TOCANTINS,TOCANTINS,Brasil,1718899,17,33,49,0.0,1.0,Cerrado,98.5
a0a4a117-5b32-3ab0-bbba-0d5690afb224, -18.332100, -59.060300,2026-06-20 19:00:00,GOES-19,Chiquitos,Santa Cruz,Bolivia,80,8,28,1,0.0,0.45,,124.8
bef15047-b104-3669-bc49-171c3a096d44, -12.458120, -67.257880,2026-06-20 19:00:00,NPP-375,Abel Iturralde,La Paz,Bolivia,32,4,28,7,0.43,0.89,,10.4
f417046a-b6bc-3281-844c-1076df28aeb4, -12.439050, -65.033750,2026-06-20 19:00:00,NPP-375,Mamoré,El Beni,Bolivia,27,3,28,9,0.0,1.0,,8.5
17022daf-3221-34b7-8539-e3f5810842cd, -12.572970, -66.750630,2026-06-20 19:00:00,NPP-375,José Ballivián,El Beni,Bolivia,26,3,28,7,0.86,0.76,,5.7
9bcdad50-4882-33ad-8207-fab2425d6887, -13.003160, -64.817360,2026-06-20 19:00:00,NPP-375,Mamoré,El Beni,Bolivia,27,3,28,0,0.2,0.81,,33.7
2e4cc828-3d82-3c2c-982f-231064bc2737, -12.851940, -65.417470,2026-06-20 19:00:00,NPP-375,Yacuma,El Beni,Bolivia,31,3,28,7,1.67,0.94,,10.9
2170b5fe-9961-3541-b9c2-a33b8f57fc0c, -12.064540, -65.317180,2026-06-20 19:00:00,NPP-375,Yacuma,El Beni,Bolivia,31,3,28,4,0.0,1.0,,8.1
8ad7b19e-155f-3b09-b46a-ca0f884db661, -11.456430, -74.516060,2026-06-20 19:00:00,NPP-375,Satipo,Junín,Peru,110,12,178,2,0.0,0.35,,5.7
688b515b-e7dd-3094-813a-c6f5c49cdb55, -12.571770, -66.744920,2026-06-20 19:00:00,NPP-375,José Ballivián,El Beni,Bolivia,26,3,28,7,0.87,0.51,,6.7
f4fefc85-ba38-3eec-887b-0330d8abdd0c, -12.430290, -65.027950,2026-06-20 19:00:00,NPP-375,Mamoré,El Beni,Bolivia,27,3,28,9,0.0,1.0,,8.5
f8895451-262f-3cbc-84a4-95518970cc38,  -9.641690, -76.587570,2026-06-20 19:00:00,NPP-375,Dos de Mayo,Huánuco,Peru,82,9,178,3,0.0,0.68,,15.4
f5d1e6bb-1224-32d4-9fb9-0bee64822158, -11.109040, -74.413670,2026-06-20 19:00:00,NPP-375,Satipo,Junín,Peru,110,12,178,2,0.36,0.15,,10.2
2bf214a6-5dc4-3e92-af8e-a9e76bd71403, -12.858930, -65.415890,2026-06-20 19:00:00,NPP-375,Yacuma,El Beni,Bolivia,31,3,28,7,1.68,0.94,,10.9
4397a453-cd76-3897-a52d-3793d6f74cac, -10.680440, -77.612250,2026-06-20 19:00:00,NPP-375,Barranca,Lima,Peru,129,16,178,11,0.0,-999.0,,3.8
64bfb908-2fb8-38fc-ba54-1b269c82818c, -11.109810, -74.417990,2026-06-20 19:00:00,NPP-375,Satipo,Junín,Peru,110,12,178,2,0.35,0.15,,10.2
49958d17-4981-38cc-af35-61ac08bd3c1f, -11.456270, -74.512800,2026-06-20 19:00:00,NPP-375,Satipo,Junín,Peru,110,12,178,2,0.0,0.4,,3.4
779ce2dd-c7dc-3f64-a29d-b014b728ff9a, -12.431610, -65.026840,2026-06-20 19:00:00,NPP-375,Mamoré,El Beni,Bolivia,27,3,28,9,0.0,1.0,,12.5
00beefa3-70b8-3860-84f8-b02a3f19d7e0, -12.519310, -66.746880,2026-06-20 19:00:00,NPP-375,José Ballivián,El Beni,Bolivia,26,3,28,7,0.3,0.38,,4.9
cdd65cea-5fe4-351c-ac2e-b3339c7a5721, -11.008950, -77.636330,2026-06-20 19:00:00,NPP-375,Huaura,Lima,Peru,135,16,178,-999,0.0,0.91,,6.8
656b811f-cc89-3119-8705-7b570acd6b0d, -13.005230, -66.293650,2026-06-20 19:00:00,NPP-375,Yacuma,El Beni,Bolivia,31,3,28,7,1.78,0.94,,4.3
cd324980-98e8-3769-867d-27691db22805, -12.567470, -66.748800,2026-06-20 19:00:00,NPP-375,José Ballivián,El Beni,Bolivia,26,3,28,7,0.75,0.46,,10.0
50767387-45f7-3331-879d-5a97381cf37e, -12.853420, -65.424310,2026-06-20 19:00:00,NPP-375,Yacuma,El Beni,Bolivia,31,3,28,7,1.46,0.96,,16.2
416cb6e8-3555-31c5-8993-1bade3f30e4e, -11.931300, -73.947770,2026-06-20 19:00:00,NPP-375,Satipo,Junín,Peru,110,12,178,4,0.0,0.12,,4.8
a04166a6-3b74-3d99-8179-367f2c3f39ba, -11.111290, -74.414590,2026-06-20 19:00:00,NPP-375,Satipo,Junín,Peru,110,12,178,2,0.34,0.15,,17.2
30460414-a4e3-3d12-976e-ff36f8e965f8, -10.674010, -77.715190,2026-06-20 19:00:00,NPP-375,Barranca,Lima,Peru,129,16,178,11,0.0,-999.0,,28.6
89c25ee1-80ad-3ec1-b481-3b9ba0a92586, -11.026640, -77.613720,2026-06-20 19:00:00,NPP-375,Huaura,Lima,Peru,135,16,178,-999,0.0,0.91,,3.4
882f677e-2b2b-3087-aee4-901b7c1cc9cd, -10.884840, -74.297810,2026-06-20 19:00:00,NPP-375,Atalaya,Ucayali,Peru,192,26,178,1,4.47,0.04,,8.3
27defbb0-674f-3ee4-b169-5f07a8f3d8f6, -12.440410, -65.032640,2026-06-20 19:00:00,NPP-375,Mamoré,El Beni,Bolivia,27,3,28,9,0.0,1.0,,11.7
61ac7723-e402-315e-9d67-ebcc99653e98, -12.574000, -66.747400,2026-06-20 19:00:00,NPP-375,José Ballivián,El Beni,Bolivia,26,3,28,7,0.9,0.69,,5.4
5f89e5db-b970-36d5-922c-bae8f6e361df, -12.855860, -65.420200,2026-06-20 19:00:00,NPP-375,Yacuma,El Beni,Bolivia,31,3,28,7,1.58,0.95,,10.1
d3066350-59a3-33fe-87b5-2814e3062321, -12.566450, -66.752070,2026-06-20 19:00:00,NPP-375,José Ballivián,El Beni,Bolivia,26,3,28,7,0.73,0.52,,5.7
04024d9a-b46a-34f4-98db-aaeef7fcc3c7, -12.520500, -66.752650,2026-06-20 19:00:00,NPP-375,José Ballivián,El Beni,Bolivia,26,3,28,7,0.3,0.54,,4.9
870034e9-0fc5-34d6-a8c0-517af9427d6d, -13.016330, -76.355800,2026-06-20 19:00:00,NPP-375,Cañete,Lima,Peru,130,16,178,55,0.0,0.89,,3.4
1fb62c28-fc76-37d7-aea9-70305fef43a2, -11.156890, -74.660290,2026-06-20 19:00:00,NPP-375,Satipo,Junín,Peru,110,12,178,4,0.0,0.56,,5.3
ef0bf4c5-fec0-33cb-8de8-691d5f87c4e6,  -8.496680, -70.566570,2026-06-20 19:00:00,NPP-375,FEIJÓ,ACRE,Brasil,1200302,12,33,1,0.3,0.21,Amazônia,2.4
d44a4c6e-bc4c-3b48-bb19-22fedd632165, -11.156500, -74.659370,2026-06-20 19:00:00,NPP-375,Satipo,Junín,Peru,110,12,178,4,0.0,0.55,,4.6
1bc0ffcb-96b6-3d0e-bf3d-f1f5d9fc2318,  -9.642610, -76.586210,2026-06-20 19:00:00,NPP-375,Dos de Mayo,Huánuco,Peru,82,9,178,3,0.0,0.68,,17.6
82a16f51-d720-3c0f-968d-c4b931c3cff8, -12.456030, -67.255910,2026-06-20 19:00:00,NPP-375,Abel Iturralde,La Paz,Bolivia,32,4,28,7,0.41,0.9,,8.9
58692302-f415-3e5e-b985-1535d73ce75d, -13.004760, -64.824810,2026-06-20 19:00:00,NPP-375,Mamoré,El Beni,Bolivia,27,3,28,0,0.2,0.96,,33.7
eac244f7-1d29-3a7c-b181-d5e87dd92c57, -10.671210, -77.652680,2026-06-20 19:00:00,NPP-375,Barranca,Lima,Peru,129,16,178,11,0.0,-999.0,,2.6
bc675c43-12af-3e5e-a26a-1e3a5948fc1b, -12.857290, -65.427040,2026-06-20 19:00:00,NPP-375,Yacuma,El Beni,Bolivia,31,3,28,7,1.36,0.97,,10.1
57031e3a-435a-3d46-a744-7e109d3e926b, -11.231160, -75.531250,2026-06-20 19:00:00,NPP-375,Tarma,Junín,Peru,111,12,178,5,0.0,0.27,,4.4
01bd4ece-d2d4-3e99-8c42-0c347ea0ce95, -11.764690, -73.911320,2026-06-20 19:00:00,NPP-375,Satipo,Junín,Peru,110,12,178,4,0.2,0.13,,7.9
484ad8a9-a1a8-399b-82e3-303fb4e4a7b2,  -7.570100, -73.027710,2026-06-20 19:02:00,NPP-375,MÂNCIO LIMA,ACRE,Brasil,1200336,12,33,1,0.0,0.09,Amazônia,5.4
aa71f604-98c5-3f19-a170-81bb2f3b9134,  -8.601010, -75.117450,2026-06-20 19:02:00,NPP-375,Padre Abad,Ucayali,Peru,194,26,178,1,7.08,0.03,,5.3
6adc4783-e6b7-3bc9-b30c-c9d73914235c,  -5.357800, -80.733730,2026-06-20 19:02:00,NPP-375,Piura,Piura,Peru,157,21,178,94,0.0,1.0,,3.1
b686a373-1b69-35cf-a7f4-9d08878c661d,  -5.876490, -79.777740,2026-06-20 19:02:00,NPP-375,Lambayeque,Lambayeque,Peru,127,14,178,12,0.0,1.0,,2.1
e26444e8-d141-305c-bb5b-c3d475097dd2,  -7.260470, -76.452380,2026-06-20 19:02:00,NPP-375,Bellavista,San Martín,Peru,175,23,178,2,0.04,0.44,,4.7
b572e923-6b31-3b8b-90de-bcb2d6547cfa,  -5.259940, -80.624760,2026-06-20 19:02:00,NPP-375,Piura,Piura,Peru,157,21,178,77,0.0,1.0,,7.1
00907899-21d0-31ae-9d3f-a5f6398fa661,  -4.857450, -80.866550,2026-06-20 19:02:00,NPP-375,Sullana,Piura,Peru,159,21,178,49,0.0,1.0,,11.0
5cb38d95-7f3d-3306-9e92-b8b84cc03ec9,  -7.091080, -76.202260,2026-06-20 19:02:00,NPP-375,Picota,San Martín,Peru,181,23,178,2,2.54,0.11,,4.1
8cb46755-3b24-3f91-8674-7cd01a5da4d5,  -5.279800, -80.731970,2026-06-20 19:02:00,NPP-375,Piura,Piura,Peru,157,21,178,96,0.0,1.0,,2.2
8d2daee2-258a-3be4-8e02-4b5684ba6b21,  -5.433290, -78.789920,2026-06-20 19:02:00,NPP-375,Jaén,Cajamarca,Peru,61,6,178,2,2.37,0.55,,4.3
130c8f2a-2aba-3748-ae19-35e9d40dad7e,  -5.527060, -80.778640,2026-06-20 19:02:00,NPP-375,Sechura,Piura,Peru,158,21,178,94,0.0,1.0,,2.9
1c7f865b-4bb2-3993-a964-0959278d7a5d,  -5.324140, -80.714000,2026-06-20 19:02:00,NPP-375,Piura,Piura,Peru,157,21,178,94,0.0,1.0,,1.4
5985cfc9-fd28-367c-9710-5dcc0e00b86a,  -5.928010, -76.293750,2026-06-20 19:02:00,NPP-375,Alto Amazonas,Loreto,Peru,138,17,178,0,0.0,0.0,,3.0
bfe654ec-bf1d-3f40-91e8-4497f64f29a9,  -7.209970, -79.439820,2026-06-20 19:02:00,NPP-375,Chepén,La Libertad,Peru,115,13,178,5,0.0,0.99,,25.1
eea52cc0-eec3-34e7-970f-c946360baad8,  -8.915700, -78.542800,2026-06-20 19:02:00,NPP-375,Santa,Ancash,Peru,25,2,178,-999,0.0,0.97,,5.0
5a1006cc-67df-3d17-a701-3768ebfd1660,  -5.842110, -76.454700,2026-06-20 19:02:00,NPP-375,Alto Amazonas,Loreto,Peru,138,17,178,1,0.0,0.01,,1.9
cbef617c-5ab5-3267-8640-733a1138bb8e,  -6.768470, -76.678500,2026-06-20 19:02:00,NPP-375,El Dorado,San Martín,Peru,176,23,178,3,0.0,0.13,,11.9
f100b12a-ef4b-34ab-a515-f20ca53a47df,  -5.453560, -78.818660,2026-06-20 19:02:00,NPP-375,Jaén,Cajamarca,Peru,61,6,178,2,2.99,0.5,,1.7
204f8992-5687-3e7a-80dc-4fee1a2b330b,  -6.799760, -79.272580,2026-06-20 19:02:00,NPP-375,Chiclayo,Lambayeque,Peru,125,14,178,3,0.03,0.95,,2.0
4a14f9a0-ab27-32e1-ad43-584b0fc69ab7,  -5.433880, -78.793740,2026-06-20 19:02:00,NPP-375,Jaén,Cajamarca,Peru,61,6,178,2,2.42,0.54,,4.3
9f693661-569e-3d49-829f-22347ad1ddc3,  -5.392170, -76.762130,2026-06-20 19:02:00,NPP-375,Alto Amazonas,Loreto,Peru,138,17,178,1,0.22,0.05,,2.9
3b747d62-a6df-3578-9497-3c393ccf9398,  -7.137040, -76.685050,2026-06-20 19:02:00,NPP-375,Mariscal Cáceres,San Martín,Peru,179,23,178,3,0.2,0.77,,1.2
a34f6617-5dda-3104-96c5-8d903b7b02f6,  -6.946300, -76.322950,2026-06-20 19:02:00,NPP-375,Picota,San Martín,Peru,181,23,178,2,4.06,0.24,,3.1
ee23dde9-9fcf-3e4a-bc42-c5d65dd4def9,  -6.134740, -76.234310,2026-06-20 19:02:00,NPP-375,Lamas,San Martín,Peru,178,23,178,1,0.0,0.0,,5.2
899792ad-de3a-35d7-9cfd-2024acda8496,  -5.424650, -80.687740,2026-06-20 19:02:00,NPP-375,Piura,Piura,Peru,157,21,178,94,0.0,1.0,,2.8
ba40cea1-a946-3ce9-9cef-719fa104e7db,  -7.321920, -76.659680,2026-06-20 19:02:00,NPP-375,Mariscal Cáceres,San Martín,Peru,179,23,178,4,0.1,0.47,,3.1
79e42b77-6591-3032-adfb-9739bdbecb8d,  -4.860770, -80.866040,2026-06-20 19:02:00,NPP-375,Sullana,Piura,Peru,159,21,178,49,0.0,1.0,,11.0
ec90afbb-5102-3957-9717-f9ac713bde37,  -8.321760, -74.636050,2026-06-20 19:02:00,NPP-375,Coronel Portillo,Ucayali,Peru,193,26,178,2,0.0,0.69,,5.2
9850c627-10fb-34c3-9116-a817428abd7b,  -4.855320, -80.852680,2026-06-20 19:02:00,NPP-375,Sullana,Piura,Peru,159,21,178,49,0.0,1.0,,2.6
caf07662-ed04-3307-a228-e7914c653e12,  -6.957620, -76.744900,2026-06-20 19:02:00,NPP-375,Huallaga,San Martín,Peru,177,23,178,3,0.0,0.48,,4.1
db735dbb-a8ec-3906-9ff2-20dd8a54deb5,  -4.893480, -80.857510,2026-06-20 19:02:00,NPP-375,Sullana,Piura,Peru,159,21,178,51,0.0,1.0,,2.7
d543b174-3774-31ff-9c50-e93a8ce651a7,  -6.135540, -75.067240,2026-06-20 19:02:00,NPP-375,Ucayali,Loreto,Peru,143,17,178,2,0.2,0.11,,4.9
129d3680-7dd4-368f-a0c4-44239f380b77,  -7.096160, -76.259620,2026-06-20 19:02:00,NPP-375,Bellavista,San Martín,Peru,175,23,178,2,1.69,0.23,,5.6
ab8e4402-13ee-333b-9dd7-14f47e527d6d,  -5.503400, -80.757400,2026-06-20 19:02:00,NPP-375,Sechura,Piura,Peru,158,21,178,94,0.0,1.0,,6.5
7d3dded2-c8a2-352f-9939-d629a0aa83b3,  -5.312260, -80.658950,2026-06-20 19:02:00,NPP-375,Piura,Piura,Peru,157,21,178,94,0.0,1.0,,1.7
23a8599b-35fd-3ca9-bc54-1d16d11b76b3,  -8.123520, -78.963730,2026-06-20 19:02:00,NPP-375,Trujillo,La Libertad,Peru,123,13,178,-999,0.0,-999.0,,2.5
a8bd3c4f-2dd4-3899-9ff1-fbdd8f45dddf,  -7.254130, -76.579900,2026-06-20 19:02:00,NPP-375,Bellavista,San Martín,Peru,175,23,178,3,0.0,0.44,,3.2
4fd1e7b5-d9a2-3856-82bf-7274a33cb68a,  -6.043360, -76.313460,2026-06-20 19:02:00,NPP-375,Alto Amazonas,Loreto,Peru,138,17,178,0,0.0,0.0,,3.4
7bb89400-e8a2-3cfb-99bf-141e75887030,  -8.326000, -74.635330,2026-06-20 19:02:00,NPP-375,Coronel Portillo,Ucayali,Peru,193,26,178,2,0.0,0.77,,5.2
91662fee-c698-3a0e-80ca-73301dc81b37,  -7.204880, -79.495570,2026-06-20 19:02:00,NPP-375,Chepén,La Libertad,Peru,115,13,178,-999,0.0,0.99,,3.0
1aa5bdcd-e83b-3154-8c56-3da8f3c226f3,  -5.285920, -80.727490,2026-06-20 19:02:00,NPP-375,Piura,Piura,Peru,157,21,178,95,0.0,1.0,,2.4
e1c994d1-7dd9-377e-bac8-208b57c848e2,  -5.407270, -80.701310,2026-06-20 19:02:00,NPP-375,Piura,Piura,Peru,157,21,178,94,0.0,1.0,,1.4
d2271ba4-9fdf-3388-bfa3-55686df867e4,  -4.881360, -80.933820,2026-06-20 19:02:00,NPP-375,Sullana,Piura,Peru,159,21,178,49,0.0,1.0,,2.2
7c3876cc-daa8-31f7-8b72-198d7432eb43,  -5.486410, -78.778400,2026-06-20 19:02:00,NPP-375,Jaén,Cajamarca,Peru,61,6,178,2,1.97,0.96,,5.3
dd48dc66-f295-347d-9f8a-341d02400ae5,  -5.434010, -80.792850,2026-06-20 19:02:00,NPP-375,Sechura,Piura,Peru,158,21,178,94,0.0,1.0,,2.2
e131bc41-9564-3398-bea8-287c57718f6f,  -6.986380, -76.568700,2026-06-20 19:02:00,NPP-375,Bellavista,San Martín,Peru,175,23,178,2,1.1,0.77,,6.5
7868a007-d15e-35c7-9615-89b40be48568,  -6.831870, -79.345440,2026-06-20 19:02:00,NPP-375,Chiclayo,Lambayeque,Peru,125,14,178,4,0.2,0.97,,1.8
db768a06-4b38-3d18-91da-73b820f02963,  -5.303460, -80.646060,2026-06-20 19:02:00,NPP-375,Piura,Piura,Peru,157,21,178,92,0.0,1.0,,2.0
50119400-5357-3978-b3a5-4dfe5830ec2e,  -4.859970, -80.905180,2026-06-20 19:02:00,NPP-375,Sullana,Piura,Peru,159,21,178,49,0.0,-999.0,,2.7
02682596-558b-3e8b-8a9d-3d5c48fe289b,  -7.095850, -76.256990,2026-06-20 19:02:00,NPP-375,Bellavista,San Martín,Peru,175,23,178,2,1.72,0.23,,4.2
1ba70476-130a-3fa2-ac90-96cc3eaab7ee,  -6.975810, -79.568280,2026-06-20 19:02:00,NPP-375,Chiclayo,Lambayeque,Peru,125,14,178,-999,0.0,0.99,,1.6
1829b49f-467d-3143-af30-4d3275e4ba00,  -6.596370, -79.891230,2026-06-20 19:02:00,NPP-375,Lambayeque,Lambayeque,Peru,127,14,178,50,0.0,1.0,,3.1
27bfb36b-344f-304f-835c-bc76bc30f87d,  -6.956890, -76.746160,2026-06-20 19:02:00,NPP-375,Huallaga,San Martín,Peru,177,23,178,3,0.0,0.5,,3.7
800d5123-b909-3d26-bc24-37ed2f3f9141,  -4.494400, -79.802120,2026-06-20 19:02:00,NPP-375,Ayabaca,Piura,Peru,153,21,178,4,0.3,0.95,,3.8
07d770e9-0285-3dce-aab1-47f58804c4d4,  -5.375220, -80.691990,2026-06-20 19:02:00,NPP-375,Piura,Piura,Peru,157,21,178,94,0.0,1.0,,2.2
23a42070-69f1-36aa-b6ac-23896ba97729,  -4.864630, -80.869000,2026-06-20 19:02:00,NPP-375,Sullana,Piura,Peru,159,21,178,49,0.0,1.0,,3.1
7c04b220-5749-36e8-9e2f-f01ef51f5e30,  -5.426010, -80.740820,2026-06-20 19:02:00,NPP-375,Sechura,Piura,Peru,158,21,178,94,0.0,1.0,,0.8
ac924703-b22e-3729-b922-7f37fc89e3d3,  -8.207920, -74.731060,2026-06-20 19:02:00,NPP-375,Coronel Portillo,Ucayali,Peru,193,26,178,2,0.0,0.33,,10.3
7358bfc0-e816-387c-a5ea-4df82c057f07,  -5.368560, -80.693010,2026-06-20 19:02:00,NPP-375,Piura,Piura,Peru,157,21,178,94,0.0,1.0,,2.7
89f41dc1-9ffe-31e0-ab49-2e7bdf1d8b96,  -6.575510, -79.812000,2026-06-20 19:02:00,NPP-375,Ferreñafe,Lambayeque,Peru,126,14,178,32,0.0,1.0,,11.8
4be8ec03-90bc-3d79-8dee-599683eea1c9,  -4.864100, -80.865540,2026-06-20 19:02:00,NPP-375,Sullana,Piura,Peru,159,21,178,49,0.0,1.0,,3.1
356634db-b8c3-3ba4-93e1-f5ab202ba2d7,  -5.424120, -80.684270,2026-06-20 19:02:00,NPP-375,Piura,Piura,Peru,157,21,178,94,0.0,1.0,,2.8
10bf4f24-4afb-39f3-a862-7ab7bbf1e558,  -7.255020, -76.578030,2026-06-20 19:02:00,NPP-375,Bellavista,San Martín,Peru,175,23,178,3,0.0,0.41,,2.7
21df3a81-99a9-3f87-8db3-ee8b75fa2e2f,  -4.872060, -80.917520,2026-06-20 19:02:00,NPP-375,Sullana,Piura,Peru,159,21,178,49,0.0,1.0,,4.3
64a31565-ce6a-3dff-afdc-605747e11f32,  -5.286050, -80.706150,2026-06-20 19:02:00,NPP-375,Piura,Piura,Peru,157,21,178,95,0.0,1.0,,4.4
be16b5fa-77ca-3ee2-b698-ff8a10ee591a,  -5.759260, -78.315890,2026-06-20 19:02:00,NPP-375,Utcubamba,Amazonas,Peru,7,1,178,2,1.43,0.72,,2.6
23f08782-5ef4-307d-a3ec-3ea8aebe178d,  -5.489840, -80.713310,2026-06-20 19:02:00,NPP-375,Sechura,Piura,Peru,158,21,178,94,0.0,1.0,,1.8
b0fc08f3-387a-36c3-ba4e-eb47b8eb2a0f,  -6.793120, -76.465850,2026-06-20 19:02:00,NPP-375,Picota,San Martín,Peru,181,23,178,2,1.22,0.11,,3.0
c9f47078-2678-3e1f-b18c-3bfa31738653,  -4.901180, -77.957280,2026-06-20 19:02:00,NPP-375,Condorcanqui,Amazonas,Peru,4,1,178,2,0.7,0.06,,4.0
bdebe8c3-6ded-3d9b-add2-6477554028c2,  -5.534240, -80.781090,2026-06-20 19:02:00,NPP-375,Sechura,Piura,Peru,158,21,178,94,0.0,1.0,,4.7
c34c0c0b-2522-3f4c-a424-f9164e1b43da,  -5.245610, -80.708770,2026-06-20 19:02:00,NPP-375,Piura,Piura,Peru,157,21,178,95,0.0,1.0,,2.0
4bbcd881-7e46-3e32-b995-0a90577a1e06,  -6.553530, -79.869780,2026-06-20 19:02:00,NPP-375,Lambayeque,Lambayeque,Peru,127,14,178,50,0.0,1.0,,1.6
83f9a62a-f54b-3f64-89ea-42db0f743687,  -7.062970, -76.518780,2026-06-20 19:02:00,NPP-375,Bellavista,San Martín,Peru,175,23,178,2,0.73,0.83,,3.2
42f1160b-2634-3bb1-89a0-07315acb2fab,  -6.578860, -79.811480,2026-06-20 19:02:00,NPP-375,Ferreñafe,Lambayeque,Peru,126,14,178,32,0.0,1.0,,11.8
c0ff61d3-5fc0-3535-93eb-82653f3d92d1,  -6.866060, -79.313830,2026-06-20 19:02:00,NPP-375,Chiclayo,Lambayeque,Peru,125,14,178,4,0.1,0.96,,23.4
83f3244b-5462-3b79-8aec-d4a8f97096c3,  -7.221360, -76.635890,2026-06-20 19:02:00,NPP-375,Mariscal Cáceres,San Martín,Peru,179,23,178,3,0.04,0.46,,4.7
6d57b0bd-86dd-350d-9e55-8bb6c22ee4d1,  -5.409000, -80.690380,2026-06-20 19:02:00,NPP-375,Piura,Piura,Peru,157,21,178,94,0.0,1.0,,1.3
8f1bdd5b-dbbd-3cdb-a813-8473f664cbf4,  -5.726620, -78.816890,2026-06-20 19:02:00,NPP-375,Jaén,Cajamarca,Peru,61,6,178,2,0.2,0.95,,5.3
e9c3d629-c32e-3cb3-9a68-f7f7cb66c906,  -9.179940, -77.643710,2026-06-20 19:02:00,NPP-375,Yungay,Ancash,Peru,27,2,178,10,0.0,0.75,,4.4
ed7c2f9a-54bc-33e3-818a-30d752176a08,  -5.527590, -80.782100,2026-06-20 19:02:00,NPP-375,Sechura,Piura,Peru,158,21,178,94,0.0,1.0,,6.4
a1b2083a-364c-3ea6-9112-9e46af8f2469,  -5.507120, -80.781680,2026-06-20 19:02:00,NPP-375,Sechura,Piura,Peru,158,21,178,94,0.0,1.0,,4.0
e2f2b086-366e-36f2-8a73-9f6aeb0d8154,  -8.325350, -74.631370,2026-06-20 19:02:00,NPP-375,Coronel Portillo,Ucayali,Peru,193,26,178,2,0.0,0.94,,5.2
f9bf4c25-f695-38b5-b81b-af7b0c89b534,   3.918860, -70.986140,2026-06-20 19:04:00,NPP-375,San Jose de Ocune,Vichada,Colombia,1063,32,53,0,1.58,0.01,,6.6
98ba12d3-8f90-3a84-8759-37eb746235fe,   4.719270, -70.272340,2026-06-20 19:04:00,NPP-375,La Primavera,Vichada,Colombia,1061,32,53,0,1.09,0.02,,12.3
d381cab1-c262-304f-9671-e26fcab7cddf,   5.080650, -72.427110,2026-06-20 19:04:00,NPP-375,Aguazul,Casanare,Colombia,388,10,53,2,0.0,0.07,,2.7
80f38b06-6b7a-3d2c-8610-9be3f95ad153,   3.803660, -73.459530,2026-06-20 19:04:00,NPP-375,Castilla la Nueva,Meta,Colombia,686,20,53,3,2.11,0.0,,2.4
73be7c9b-9791-3223-9664-95bf8268a064,   3.887670, -70.640780,2026-06-20 19:04:00,NPP-375,San Jose de Ocune,Vichada,Colombia,1063,32,53,0,1.52,0.0,,7.3
b6d3eb3e-75a3-3c60-91ce-baec1ce2def8,   2.722950, -72.068320,2026-06-20 19:04:00,NPP-375,San José del Guaviare,Guaviare,Colombia,615,16,53,0,14.85,0.0,,2.2
f6b6527c-39ad-3f3a-a5c2-c37ce5749880,   4.239810, -70.089250,2026-06-20 19:04:00,NPP-375,San Jose de Ocune,Vichada,Colombia,1063,32,53,0,1.75,0.0,,6.7
2cb32edc-61ba-33b1-9a1c-2b86c59347a5,   3.576680, -76.304600,2026-06-20 19:04:00,NPP-375,Palmira,Valle del Cauca,Colombia,1037,30,53,3,0.0,0.68,,9.0
c4896125-1276-32eb-b51f-11b549995581,   4.004360, -70.563960,2026-06-20 19:04:00,NPP-375,San Jose de Ocune,Vichada,Colombia,1063,32,53,0,4.7,0.0,,24.1
a568fb31-6f4f-30d5-bc3e-0b945f93ed23,   4.393100, -74.774620,2026-06-20 19:04:00,NPP-375,Girardot,Cundinamarca,Colombia,525,14,53,4,0.3,0.65,,3.8
042577e8-2a66-317f-97d0-7aa65e16bbfe,   5.617800, -70.066800,2026-06-20 19:04:00,NPP-375,La Primavera,Vichada,Colombia,1061,32,53,1,0.58,0.06,,14.4
927d63c9-69b4-33e6-8831-30f5babbb431,   3.530500, -75.613620,2026-06-20 19:04:00,NPP-375,Rioblanco,Tolima,Colombia,999,29,53,3,0.46,0.18,,4.5
c6f67cb5-77cd-3a8b-928a-3638ada25e79,   4.720160, -70.265990,2026-06-20 19:04:00,NPP-375,La Primavera,Vichada,Colombia,1061,32,53,0,1.12,0.02,,12.3
4d69f11d-b68f-334a-b35b-7474d9d12f43,   3.576900, -76.303190,2026-06-20 19:04:00,NPP-375,Palmira,Valle del Cauca,Colombia,1037,30,53,3,0.0,0.67,,5.3
874f9a36-9dc2-3fbb-89d9-74a924e44c34,  -1.228640, -80.752930,2026-06-20 19:04:00,NPP-375,Montecristi,Manabi,Ecuador,135,14,68,2,0.0,0.94,,2.7
d79b472a-195f-307f-99e1-ae6550b4bd04,   3.998470, -70.557110,2026-06-20 19:04:00,NPP-375,San Jose de Ocune,Vichada,Colombia,1063,32,53,0,4.71,0.0,,4.5
655de438-5f0a-3d9b-b425-97b43df0a118,   1.940260, -74.183590,2026-06-20 19:04:00,NPP-375,La Macarena,Meta,Colombia,694,20,53,0,14.62,0.0,,4.1
93d69103-f40a-3dd7-a348-d2c05127ac5e,   4.501060, -70.828230,2026-06-20 19:04:00,NPP-375,Cumaribo,Vichada,Colombia,1060,32,53,0,6.98,0.0,,27.3
40f94949-7b38-370c-a082-f53debeda719,    .575420, -79.930510,2026-06-20 19:04:00,NPP-375,Muisne,Esmeraldas,Ecuador,67,8,68,2,0.5,0.09,,8.7
331f5656-fba5-3ba6-87e5-b45f4be7a537,   4.728170, -70.407690,2026-06-20 19:04:00,NPP-375,Santa Rosalía,Vichada,Colombia,1065,32,53,2,0.61,0.05,,3.9
738e624a-02de-3e2a-893a-4df94bf55b09,   5.614930, -70.062880,2026-06-20 19:04:00,NPP-375,La Primavera,Vichada,Colombia,1061,32,53,1,0.6,0.04,,7.6
abbae2be-fcd7-3c2f-a353-35c78c1aaf71,   4.713260, -70.264930,2026-06-20 19:04:00,NPP-375,La Primavera,Vichada,Colombia,1061,32,53,0,1.09,0.01,,5.3
96fdbfa2-7715-3e1f-a0e4-bb4aa72e4c51,   4.729970, -70.395600,2026-06-20 19:04:00,NPP-375,Santa Rosalía,Vichada,Colombia,1065,32,53,2,0.65,0.02,,7.0
506a931b-5a6e-3687-a7f1-183d738ad0c9,   1.940730, -74.180510,2026-06-20 19:04:00,NPP-375,La Macarena,Meta,Colombia,694,20,53,0,14.48,0.0,,4.8
36188f18-2186-3638-9910-5c36d6f95ce5,   5.080850, -72.427470,2026-06-20 19:04:00,NPP-375,Aguazul,Casanare,Colombia,388,10,53,2,0.0,0.07,,4.8
07c6ab6b-df33-34d7-aeca-22b899fe2102,   4.728270, -70.408130,2026-06-20 19:04:00,NPP-375,Santa Rosalía,Vichada,Colombia,1065,32,53,2,0.61,0.05,,8.8
cdefa396-99be-38f8-a033-81fe431f8c1a,   1.881270, -74.259320,2026-06-20 19:04:00,NPP-375,La Macarena,Meta,Colombia,694,20,53,0,18.16,0.0,,3.5
32b5ca7a-175f-3d67-ae4c-63125fdbd831,   3.917460, -70.989270,2026-06-20 19:04:00,NPP-375,San Jose de Ocune,Vichada,Colombia,1063,32,53,0,1.55,0.01,,4.4
507b51f0-5392-3786-96b1-962ed7a56e53,   4.001960, -70.560640,2026-06-20 19:04:00,NPP-375,San Jose de Ocune,Vichada,Colombia,1063,32,53,0,4.72,0.0,,12.1
7e21e3ec-3eb2-3b20-b2cf-b9ea3ad3c480,   4.493590, -70.833040,2026-06-20 19:04:00,NPP-375,Cumaribo,Vichada,Colombia,1060,32,53,0,7.13,0.0,,15.8
971ca89c-f22a-300a-80e8-d8b7e6da019c,   7.586390, -74.712510,2026-06-20 19:06:00,NPP-375,El Bagre,Antioquia,Colombia,50,2,53,1,0.7,0.0,,23.4
395932cf-58b4-32ee-88ad-b223086fc9b6,   7.248170, -73.318070,2026-06-20 19:06:00,NPP-375,Lebrija,Santander,Colombia,902,27,53,0,0.0,0.02,,13.1
762466de-1c7e-36b0-a4eb-0335b0e8c072,   7.767300, -75.817170,2026-06-20 19:06:00,NPP-375,Puerto Libertador,Córdoba,Colombia,337,7,53,0,0.79,0.01,,1.5
a5f79656-f48f-3314-8c2e-53004478b146,   7.248890, -73.312710,2026-06-20 19:06:00,NPP-375,Lebrija,Santander,Colombia,902,27,53,0,0.0,0.02,,13.1
9045abde-3488-3b1d-8fca-073cbd4c5021,   7.552440, -74.718540,2026-06-20 19:06:00,NPP-375,El Bagre,Antioquia,Colombia,50,2,53,1,0.8,0.0,,5.4
bb9fa767-a20e-3b81-970c-5aed8a54df37,   7.586860, -74.709050,2026-06-20 19:06:00,NPP-375,El Bagre,Antioquia,Colombia,50,2,53,1,0.7,0.0,,89.2
e62e6dfe-c6b0-3bd8-bb94-8bdebd09e0cb,   9.960620, -73.829850,2026-06-20 19:06:00,NPP-375,Bosconia,Cesar,Colombia,449,12,53,2,1.26,0.11,,7.6
450edd28-4ad0-30df-9db6-74ba06a03e51,   9.960060, -73.834210,2026-06-20 19:06:00,NPP-375,Bosconia,Cesar,Colombia,449,12,53,2,1.27,0.11,,2.9
23217480-4f2c-30a0-90b7-8cebdc4377c6,  11.002140, -72.102960,2026-06-20 19:06:00,NPP-375,Mara,Zulia,Venezuela,331,25,249,0,0.1,1.0,,4.5
640ff3e8-1eb0-3313-b624-4581bb4d2a6b,   9.350700, -73.630870,2026-06-20 19:06:00,NPP-375,Chiriguaná,Cesar,Colombia,451,12,53,0,0.56,0.76,,1.9
f6fda452-289a-3105-a96b-e33c8b9685b5, -16.198000, -60.423600,2026-06-20 19:10:00,GOES-19,José Miguel de Velasco,Santa Cruz,Bolivia,85,8,28,0,0.0,1.0,,151.6
9ebe1c6b-cdf2-315b-808f-e1dd508ffa77, -18.331800, -59.080700,2026-06-20 19:10:00,GOES-19,Chiquitos,Santa Cruz,Bolivia,80,8,28,1,0.0,0.45,,123.8
c2054942-8177-3dcb-80ee-ab03f6835472, -13.013800, -64.821900,2026-06-20 19:10:00,GOES-19,Mamoré,El Beni,Bolivia,27,3,28,0,0.2,0.54,,110.4
083f2c59-fffd-3a1e-a4be-82808bf4ad26, -16.918900, -60.356800,2026-06-20 19:10:00,GOES-19,José Miguel de Velasco,Santa Cruz,Bolivia,85,8,28,9,3.18,0.34,,206.9
ffe93bb4-57c4-32f1-967a-e9630b030273, -18.067600, -59.576800,2026-06-20 19:10:00,GOES-19,Chiquitos,Santa Cruz,Bolivia,80,8,28,5,0.0,0.44,,66.6
bbaaf958-eb7d-3b87-bac6-2f65a515951f, -16.899400, -60.358600,2026-06-20 19:10:00,GOES-19,José Miguel de Velasco,Santa Cruz,Bolivia,85,8,28,9,2.8,0.37,,136.4
98f42bd3-0c89-3a2d-8e87-8b207b7a7213, -16.919200, -60.336700,2026-06-20 19:10:00,GOES-19,José Miguel de Velasco,Santa Cruz,Bolivia,85,8,28,9,3.15,0.35,,177.3
09057a8a-a27f-3a72-9d8c-472110f43c1d, -10.673900, -77.750000,2026-06-20 19:10:00,GOES-19,Barranca,Lima,Peru,129,16,178,11,0.0,-999.0,,142.1
6a379d54-739d-3173-99c5-8df26046b06f, -15.955500, -61.237400,2026-06-20 19:10:00,GOES-19,José Miguel de Velasco,Santa Cruz,Bolivia,85,8,28,10,0.0,0.55,,67.7
742db0af-e8c4-3a21-922d-7cf684894410, -16.899100, -60.378600,2026-06-20 19:10:00,GOES-19,José Miguel de Velasco,Santa Cruz,Bolivia,85,8,28,10,2.55,0.39,,134.0
fd1f5072-93af-3702-88b8-21877eb760f1,  -5.813000, -45.079900,2026-06-20 19:10:00,GOES-19,BARRA DO CORDA,MARANHÃO,Brasil,2101608,21,33,5,0.0,0.9,Cerrado,591.3
e1a23772-72bd-3e91-85bd-77e230e79cac,  -5.812800, -45.102600,2026-06-20 19:10:00,GOES-19,BARRA DO CORDA,MARANHÃO,Brasil,2101608,21,33,7,0.0,0.91,Cerrado,179.9
6fd27575-a316-33b4-85f2-e586b6146c0c, -16.198200, -60.403700,2026-06-20 19:10:00,GOES-19,José Miguel de Velasco,Santa Cruz,Bolivia,85,8,28,0,0.0,1.0,,543.4
d25b986b-189c-3427-a2f8-a74763172c60, -15.928300, -61.929200,2026-06-20 19:10:00,GOES-19,Ñuflo de Chávez,Santa Cruz,Bolivia,78,8,28,0,0.5,0.14,,107.4
30f1a529-cead-37c2-98ef-0a054cda34a6, -16.179000, -60.385600,2026-06-20 19:10:00,GOES-19,José Miguel de Velasco,Santa Cruz,Bolivia,85,8,28,0,0.0,0.73,,72.6
bd3b1da0-0cee-3dfb-ad35-bf3a9966ed58, -11.910800, -43.408100,2026-06-20 19:10:00,GOES-19,MUQUÉM DO SÃO FRANCISCO,BAHIA,Brasil,2922250,29,33,24,0.0,1.0,Cerrado,84.1
7ba07fcd-e0cd-3182-9e44-aff7fdeb75c8, -15.908900, -61.930700,2026-06-20 19:10:00,GOES-19,Ñuflo de Chávez,Santa Cruz,Bolivia,78,8,28,0,0.41,0.16,,143.5
c2fd4567-601a-3259-9a4a-96dce28b2f40,  -5.831700, -45.078600,2026-06-20 19:10:00,GOES-19,BARRA DO CORDA,MARANHÃO,Brasil,2101608,21,33,5,0.0,0.93,Cerrado,205.0
1ae0040b-d444-33d5-9db2-d9cf9e41e4d5, -20.757300, -61.192100,2026-06-20 19:10:00,GOES-19,General Eugenio A. Garay,Boquerón,Paraguay,43,6,177,11,0.0,0.98,,88.0
ced45344-f4ea-31d2-9d14-81759a0a18a1, -12.994900, -64.822800,2026-06-20 19:10:00,GOES-19,Mamoré,El Beni,Bolivia,27,3,28,0,0.2,0.92,,102.8
fc825521-777e-348a-a609-bc35f099a1c5,  -5.813200, -45.057300,2026-06-20 19:10:00,GOES-19,BARRA DO CORDA,MARANHÃO,Brasil,2101608,21,33,3,0.0,0.91,Cerrado,178.0
90f5d72c-e11b-3697-b790-c14d409c7240, -10.842900, -49.123600,2026-06-20 19:10:00,GOES-19,SANTA RITA DO TOCANTINS,TOCANTINS,Brasil,1718899,17,33,49,0.0,1.0,Cerrado,84.6
996399c6-e336-3e94-9ad8-fc13e002a655,  -6.852100, -47.914300,2026-06-20 19:10:00,GOES-19,WANDERLÂNDIA,TOCANTINS,Brasil,1722081,17,33,3,0.0,0.97,Cerrado,113.4
463de9f8-fbfb-32b9-8c38-e23b2b65f968, -15.955800, -61.217600,2026-06-20 19:10:00,GOES-19,José Miguel de Velasco,Santa Cruz,Bolivia,85,8,28,10,0.0,0.56,,223.1
b271c76e-f63e-33ce-b65e-6c4d626f993c, -18.067900, -59.556500,2026-06-20 19:10:00,GOES-19,Chiquitos,Santa Cruz,Bolivia,80,8,28,6,0.0,0.44,,71.1
4a1dd622-ad2a-353f-8d7f-c250c74e800f,  -6.833400, -47.915700,2026-06-20 19:10:00,GOES-19,WANDERLÂNDIA,TOCANTINS,Brasil,1722081,17,33,3,0.0,0.97,Cerrado,103.2
92791954-d04d-3b68-9358-f781d373e978, -18.351600, -59.078500,2026-06-20 19:10:00,GOES-19,Chiquitos,Santa Cruz,Bolivia,80,8,28,0,0.0,0.44,,161.5
caac3681-ab60-3865-9481-7fa58e4fa8f1, -16.178800, -60.405500,2026-06-20 19:10:00,GOES-19,José Miguel de Velasco,Santa Cruz,Bolivia,85,8,28,0,0.0,0.85,,306.2
08c190d8-5fcf-3224-a49e-595239a444c3, -18.332100, -59.060300,2026-06-20 19:10:00,GOES-19,Chiquitos,Santa Cruz,Bolivia,80,8,28,1,0.0,0.45,,130.6
08cacdc5-1b42-3c9c-8e47-f342ff92b220, -16.178500, -60.425400,2026-06-20 19:10:00,GOES-19,José Miguel de Velasco,Santa Cruz,Bolivia,85,8,28,0,0.0,0.87,,95.7
13834575-5f2b-36d7-accc-136fea080d9c, -16.198500, -60.383800,2026-06-20 19:10:00,GOES-19,José Miguel de Velasco,Santa Cruz,Bolivia,85,8,28,0,0.0,0.65,,137.9
2f71bf2e-835b-3032-abb7-1566700d6c00,  -7.302600, -49.626900,2026-06-20 19:10:00,GOES-19,RIO MARIA,PARÁ,Brasil,1506161,15,33,9,0.0,0.91,Amazônia,98.2
3bc599c1-a1be-3c49-ac41-91e10afcd410, -18.351900, -59.058100,2026-06-20 19:10:00,GOES-19,Chiquitos,Santa Cruz,Bolivia,80,8,28,0,0.0,0.44,,86.6
6c3b352d-0912-3766-bffd-8f36b8955926, -15.956000, -61.197900,2026-06-20 19:10:00,GOES-19,José Miguel de Velasco,Santa Cruz,Bolivia,85,8,28,9,0.0,0.58,,102.0
6a45aa87-131c-3fad-bda3-ec662219f1d5, -35.833150, -72.556510,2026-06-20 19:10:00,NOAA-20,Cauquenes,Maule,Chile,35,12,48,-999,0.27,0.58,,4.1
dcc9a43d-beaf-3b8e-af30-34d10e1465f4, -39.435580, -65.683980,2026-06-20 19:10:00,NOAA-20,Avellaneda,Río Negro,Argentina,371,16,12,10,0.2,0.81,,1.9
8a000ff0-abb0-33c8-b7ec-0e30fd17ded0, -37.874140, -64.859660,2026-06-20 19:10:00,NOAA-20,Lihuel Calel,La Pampa,Argentina,289,11,12,2,0.51,0.82,,2.5
aa244635-9555-37b9-81f9-3a56f6f6a0fa, -39.444930, -65.674800,2026-06-20 19:10:00,NOAA-20,Avellaneda,Río Negro,Argentina,371,16,12,10,0.2,0.81,,4.9
d34e0436-30d9-3965-a84c-769a49c848ad, -39.445400, -65.676380,2026-06-20 19:10:00,NOAA-20,Avellaneda,Río Negro,Argentina,371,16,12,10,0.2,0.81,,3.9
c7572cc9-f3fa-3219-a6c9-62adfe0726d0, -39.436070, -65.685520,2026-06-20 19:10:00,NOAA-20,Avellaneda,Río Negro,Argentina,371,16,12,10,0.2,0.81,,2.7
b21e11eb-6dd9-32ba-9679-20b254ba81c1, -30.309930, -60.168520,2026-06-20 19:13:00,AQUA_M-T,San Javier,Santa Fe,Argentina,452,21,12,1,0.0,0.36,,32.2
554acdf9-98a6-39c1-9602-b609fa69d0a7, -30.308530, -60.173470,2026-06-20 19:13:00,AQUA_M-T,San Javier,Santa Fe,Argentina,452,21,12,2,0.0,0.35,,26.3
0699ec31-3440-3d68-9688-7b29b36ce943, -29.254350, -60.886560,2026-06-20 19:15:00,AQUA_M-T,Vera,Santa Fe,Argentina,457,21,12,2,0.0,0.51,,38.6
3dabdaf3-b06c-3192-af94-77a4ef8dd11b, -20.584090, -58.189070,2026-06-20 19:15:00,AQUA_M-T,Fuerte Olimpo,Alto Paraguay,Paraguay,17,2,177,0,0.0,0.91,,18.0
e99ecd9e-3949-3c6e-b10e-4d9af930733e, -20.585840, -58.203740,2026-06-20 19:15:00,AQUA_M-T,Fuerte Olimpo,Alto Paraguay,Paraguay,17,2,177,0,0.0,0.94,,14.2
e3ca9245-6124-31fd-aa26-7213ad005519, -26.908330, -57.342660,2026-06-20 19:15:00,AQUA_M-T,San Ignacio,Misiones,Paraguay,174,15,177,0,0.0,0.1,,22.6
b7db3a82-f7fa-3a9b-a7e6-141b7e9f1af2, -21.757050, -60.277540,2026-06-20 19:15:00,AQUA_M-T,General Eugenio A. Garay,Boquerón,Paraguay,43,6,177,6,0.0,0.73,,18.6
e2e25f41-76d1-32c4-9f30-cab37ad347df, -20.748860, -61.196110,2026-06-20 19:15:00,AQUA_M-T,General Eugenio A. Garay,Boquerón,Paraguay,43,6,177,12,0.0,0.98,,64.4
bdc357b7-6b40-3747-92c7-7c6b6ce59049, -21.759380, -60.299430,2026-06-20 19:15:00,AQUA_M-T,General Eugenio A. Garay,Boquerón,Paraguay,43,6,177,4,0.0,0.98,,28.3
e3752e2c-c822-3ff7-8d65-c5087e32fd17, -29.473720, -61.190110,2026-06-20 19:15:00,AQUA_M-T,Nueve de Julio,Santa Fe,Argentina,449,21,12,2,0.0,0.43,,33.2
127b4ca0-ab12-3736-a1cf-9a54f5cabfc1, -29.472030, -61.220820,2026-06-20 19:15:00,AQUA_M-T,Nueve de Julio,Santa Fe,Argentina,449,21,12,2,0.0,0.47,,31.1
96f419de-e29b-3d51-b424-c6f6cafacb2e, -20.751410, -61.220790,2026-06-20 19:15:00,AQUA_M-T,General Eugenio A. Garay,Boquerón,Paraguay,43,6,177,19,0.0,0.98,,39.4
641a3da1-7aa9-3c05-8375-468e514e9718, -28.931600, -56.757030,2026-06-20 19:15:00,AQUA_M-T,San Martín,Corrientes,Argentina,231,7,12,0,0.0,0.04,,10.7
79999684-ac46-3dc4-8f91-49c72b74f1ca, -13.498330, -54.436950,2026-06-20 19:17:00,AQUA_M-T,PARANATINGA,MATO GROSSO,Brasil,5106307,51,33,4,4.85,1.0,Cerrado,19.6
84ae8e7e-55f3-3363-9a76-06a519ba7c72, -17.491500, -59.587650,2026-06-20 19:17:00,AQUA_M-T,Chiquitos,Santa Cruz,Bolivia,80,8,28,9,0.0,0.57,,15.1
95a31b44-edf8-3a1a-be6f-142f5ba9bf84, -15.954900, -61.252370,2026-06-20 19:17:00,AQUA_M-T,José Miguel de Velasco,Santa Cruz,Bolivia,85,8,28,10,0.0,0.54,,17.2
0feef1e0-1a0b-32ac-a5b7-999bf3a01eed, -13.496970, -54.427850,2026-06-20 19:17:00,AQUA_M-T,PARANATINGA,MATO GROSSO,Brasil,5106307,51,33,4,4.48,0.97,Cerrado,11.9
859c59df-8bf1-3ed0-970f-7143b31c2f4a, -18.560490, -58.604810,2026-06-20 19:17:00,AQUA_M-T,Chiquitos,Santa Cruz,Bolivia,80,8,28,1,0.65,0.38,,11.0
6c44fa5f-b41f-3fd5-8f3a-f8a6052440c7, -18.342590, -59.060850,2026-06-20 19:17:00,AQUA_M-T,Chiquitos,Santa Cruz,Bolivia,80,8,28,0,0.0,0.45,,96.9
9bf6d85c-dfc4-35a9-aeef-ae31925548d0, -17.489520, -59.571510,2026-06-20 19:17:00,AQUA_M-T,Chiquitos,Santa Cruz,Bolivia,80,8,28,9,0.0,0.57,,23.0
40bbd16c-3b57-3f1d-a1cc-294d268c5760, -18.357620, -59.090340,2026-06-20 19:17:00,AQUA_M-T,Chiquitos,Santa Cruz,Bolivia,80,8,28,0,0.0,0.44,,88.0
868565fc-9b21-301e-aa2c-13ce6602e9a1, -12.858670, -65.428070,2026-06-20 19:17:00,AQUA_M-T,Yacuma,El Beni,Bolivia,31,3,28,7,1.32,0.97,,30.0
8113ef7b-7064-38c8-8d79-e75b045bec1f, -16.426060, -59.586630,2026-06-20 19:17:00,AQUA_M-T,José Miguel de Velasco,Santa Cruz,Bolivia,85,8,28,10,0.0,0.52,,31.4
7b56f65e-411e-3b11-9bd9-9a571c3b4bf5, -18.071210, -59.644270,2026-06-20 19:17:00,AQUA_M-T,Chiquitos,Santa Cruz,Bolivia,80,8,28,0,0.0,0.54,,13.7
07fba9d0-4ec5-3bca-b56d-e09e8ba7e92a, -18.070690, -59.570890,2026-06-20 19:17:00,AQUA_M-T,Chiquitos,Santa Cruz,Bolivia,80,8,28,5,0.0,0.44,,143.6
e5f0264f-1baa-305a-a53c-a64396e4b6a3, -16.472470, -53.077800,2026-06-20 19:17:00,AQUA_M-T,TORIXORÉU,MATO GROSSO,Brasil,5108204,51,33,2,6.42,0.88,Cerrado,5.8
5b3ded3f-80a9-379b-bd43-f626f20ac8d6, -11.290740, -53.959490,2026-06-20 19:17:00,AQUA_M-T,UNIÃO DO SUL,MATO GROSSO,Brasil,5108303,51,33,8,2.49,0.29,Amazônia,7.6
744c8fd1-7acc-300d-85ab-fa17adf622e4, -15.652180, -60.605210,2026-06-20 19:17:00,AQUA_M-T,José Miguel de Velasco,Santa Cruz,Bolivia,85,8,28,0,0.0,0.53,,22.8
d538d424-c0e8-30e8-8c03-14629f2da087, -16.918820, -60.352040,2026-06-20 19:17:00,AQUA_M-T,José Miguel de Velasco,Santa Cruz,Bolivia,85,8,28,9,3.25,0.34,,252.9
e840de65-5fdd-311c-9bc5-215b0feae43d, -16.164710, -61.144190,2026-06-20 19:17:00,AQUA_M-T,José Miguel de Velasco,Santa Cruz,Bolivia,85,8,28,11,0.0,0.54,,15.6
e5b3013e-8b53-3b7a-b0bc-bf34ed076839, -11.479570, -57.118330,2026-06-20 19:17:00,AQUA_M-T,PORTO DOS GAÚCHOS,MATO GROSSO,Brasil,5106802,51,33,0,1.15,0.52,Amazônia,10.4
97cc42ce-fd9c-3b2b-a5ac-e343056e0758, -12.595620, -54.761780,2026-06-20 19:17:00,AQUA_M-T,FELIZ NATAL,MATO GROSSO,Brasil,5103700,51,33,18,3.27,0.96,Amazônia,7.3
12ee5ced-f0a6-3e3e-82f2-aa5b3d7d289b, -11.097620, -54.149070,2026-06-20 19:17:00,AQUA_M-T,MARCELÂNDIA,MATO GROSSO,Brasil,5105580,51,33,0,0.41,0.99,Amazônia,112.3
ce605bf2-c3e0-3b3d-ab0a-0c85c9215138, -16.425490, -59.576150,2026-06-20 19:17:00,AQUA_M-T,José Miguel de Velasco,Santa Cruz,Bolivia,85,8,28,8,0.0,0.51,,15.3
0609decb-ab46-35d1-860b-9080f38cde99, -12.473580, -55.123710,2026-06-20 19:17:00,AQUA_M-T,VERA,MATO GROSSO,Brasil,5108501,51,33,29,3.41,0.34,Amazônia,4.0
9e0470a4-7ad2-3295-970a-fe65e22192fa, -18.130730, -59.580100,2026-06-20 19:17:00,AQUA_M-T,Chiquitos,Santa Cruz,Bolivia,80,8,28,1,0.0,0.41,,79.5
334cf8f5-847f-3bb4-a9cc-f8bf1cdab110, -18.344500, -59.076330,2026-06-20 19:17:00,AQUA_M-T,Chiquitos,Santa Cruz,Bolivia,80,8,28,0,0.0,0.45,,192.5
ca853ac5-7473-3e76-bed0-6d0e5d8317c8, -11.669080, -56.767280,2026-06-20 19:17:00,AQUA_M-T,PORTO DOS GAÚCHOS,MATO GROSSO,Brasil,5106802,51,33,4,0.85,0.22,Amazônia,8.6
259b6337-0113-373e-b9ae-63104cd0b4ef, -12.434320, -54.185870,2026-06-20 19:17:00,AQUA_M-T,NOVA UBIRATÃ,MATO GROSSO,Brasil,5106240,51,33,23,0.71,0.82,Amazônia,13.4
824c40fc-8712-313d-9fa9-293ff30621fc, -11.305460, -54.726540,2026-06-20 19:17:00,AQUA_M-T,CLÁUDIA,MATO GROSSO,Brasil,5103056,51,33,9,1.26,0.41,Amazônia,17.6
b1eacf59-051d-3741-8929-788a9e5ba7d0, -16.419350, -60.658300,2026-06-20 19:17:00,AQUA_M-T,José Miguel de Velasco,Santa Cruz,Bolivia,85,8,28,9,0.0,0.61,,12.8
5102f23f-dd9a-3287-8a64-d3e033460f9c, -11.108090, -54.157070,2026-06-20 19:17:00,AQUA_M-T,MARCELÂNDIA,MATO GROSSO,Brasil,5105580,51,33,0,0.4,0.51,Amazônia,32.7
2f8a5295-dbfb-35ff-a9de-1090858cb67b, -18.128700, -59.563370,2026-06-20 19:17:00,AQUA_M-T,Chiquitos,Santa Cruz,Bolivia,80,8,28,1,0.0,0.41,,12.3
80b27f89-3cac-3272-a545-42d5f5e60501, -13.014360, -64.834590,2026-06-20 19:17:00,AQUA_M-T,Mamoré,El Beni,Bolivia,27,3,28,0,0.2,1.0,,118.1
1a5bfc84-5f2c-37e3-b205-6e94be0549b9, -17.146120, -60.517990,2026-06-20 19:17:00,AQUA_M-T,José Miguel de Velasco,Santa Cruz,Bolivia,85,8,28,8,0.0,0.59,,19.6
0973a81e-ed0e-36fb-9c18-f24d6943c713, -13.397400, -65.746400,2026-06-20 19:17:00,AQUA_M-T,Yacuma,El Beni,Bolivia,31,3,28,7,9.49,0.66,,48.7
a6fa1f18-1638-310d-8c56-8a6d044ffb97, -16.908860, -60.371880,2026-06-20 19:17:00,AQUA_M-T,José Miguel de Velasco,Santa Cruz,Bolivia,85,8,28,10,2.76,0.38,,200.5
b7d04d26-f066-37bf-8150-8be8ce2a9ffc, -16.911000, -60.390120,2026-06-20 19:17:00,AQUA_M-T,José Miguel de Velasco,Santa Cruz,Bolivia,85,8,28,10,2.56,0.39,,23.9
8a3abea5-d9e5-35e0-83bb-954dd3ec7f71, -16.930920, -60.350370,2026-06-20 19:17:00,AQUA_M-T,José Miguel de Velasco,Santa Cruz,Bolivia,85,8,28,9,3.51,0.32,,135.3
686d1855-35e7-375b-8364-1088a26f1009, -12.901300, -58.188360,2026-06-20 19:17:00,AQUA_M-T,BRASNORTE,MATO GROSSO,Brasil,5101902,51,33,0,0.72,0.28,Cerrado,12.8
5192c228-e8e2-3310-bbb6-4facc759a759, -16.481450, -53.076330,2026-06-20 19:17:00,AQUA_M-T,TORIXORÉU,MATO GROSSO,Brasil,5108204,51,33,2,6.69,0.86,Cerrado,5.4
3b4f65c8-f42d-32e4-8e52-6065c9ac3f64, -16.328450, -60.895480,2026-06-20 19:17:00,AQUA_M-T,José Miguel de Velasco,Santa Cruz,Bolivia,85,8,28,9,0.0,0.66,,15.3
a7c86b04-d6ba-3b12-8f11-a7c362e7938c, -12.273480, -54.093270,2026-06-20 19:17:00,AQUA_M-T,NOVA UBIRATÃ,MATO GROSSO,Brasil,5106240,51,33,34,0.33,0.6,Amazônia,26.9
16e74665-f901-3bed-880c-434cea8e889c, -11.106650, -54.147620,2026-06-20 19:17:00,AQUA_M-T,MARCELÂNDIA,MATO GROSSO,Brasil,5105580,51,33,0,0.42,0.81,Amazônia,11.5
dadba81a-56d6-36ff-8e7a-93ea4e834dcd, -14.914740, -52.000680,2026-06-20 19:17:00,AQUA_M-T,ARAGUAIANA,MATO GROSSO,Brasil,5101001,51,33,28,0.0,1.0,Cerrado,39.7
482b19fc-d7fc-3b19-8b3f-fcd2a3f79278, -18.060910, -59.560460,2026-06-20 19:17:00,AQUA_M-T,Chiquitos,Santa Cruz,Bolivia,80,8,28,7,0.0,0.44,,45.1
835f2c93-5417-3799-94e9-f596f3537f2a, -13.132910, -53.793860,2026-06-20 19:17:00,AQUA_M-T,GAÚCHA DO NORTE,MATO GROSSO,Brasil,5103858,51,33,2,1.14,0.41,Amazônia,6.8
31f0f5dd-c092-39cc-9694-5dab19c3d8c2, -18.333290, -59.077820,2026-06-20 19:17:00,AQUA_M-T,Chiquitos,Santa Cruz,Bolivia,80,8,28,1,0.0,0.45,,22.2
df91dcd5-febb-389e-acda-c57ca11e042b, -11.099060, -54.158500,2026-06-20 19:17:00,AQUA_M-T,MARCELÂNDIA,MATO GROSSO,Brasil,5105580,51,33,0,0.4,0.48,Amazônia,55.0
d606a038-50a4-33de-9151-17233b852723, -16.896720, -60.373380,2026-06-20 19:17:00,AQUA_M-T,José Miguel de Velasco,Santa Cruz,Bolivia,85,8,28,10,2.58,0.39,,149.1
d492b038-e709-3d92-adc5-0839ae270c3d, -13.960180, -53.940240,2026-06-20 19:17:00,AQUA_M-T,PARANATINGA,MATO GROSSO,Brasil,5106307,51,33,4,2.15,0.82,Cerrado,9.8
778b9314-7339-3b73-95b9-7991e2e70262, -16.902600, -60.359050,2026-06-20 19:17:00,AQUA_M-T,José Miguel de Velasco,Santa Cruz,Bolivia,85,8,28,9,2.86,0.37,,47.7
4ace0345-4089-3465-baf4-b2f4e26b06eb, -18.078490, -59.638040,2026-06-20 19:17:00,AQUA_M-T,Chiquitos,Santa Cruz,Bolivia,80,8,28,0,0.0,0.55,,13.1
90345822-e16a-3237-b19a-2bf878e55529, -15.599510, -47.180120,2026-06-20 19:17:00,AQUA_M-T,CABECEIRAS,GOIÁS,Brasil,5204003,52,33,14,0.0,1.0,Cerrado,127.0
c273ecda-70b4-3db3-a666-13d4b2e7b3ac, -18.355710, -59.074850,2026-06-20 19:17:00,AQUA_M-T,Chiquitos,Santa Cruz,Bolivia,80,8,28,0,0.0,0.44,,69.0
edd28d31-8787-39e7-9141-8967d2f74d51, -16.326050, -60.876090,2026-06-20 19:17:00,AQUA_M-T,José Miguel de Velasco,Santa Cruz,Bolivia,85,8,28,9,0.0,0.78,,15.4
56b14c4d-93b9-3864-a371-68fe2f8f26b7, -11.749920, -54.793500,2026-06-20 19:17:00,AQUA_M-T,CLÁUDIA,MATO GROSSO,Brasil,5103056,51,33,8,0.22,0.67,Amazônia,10.0
fb5cf1ac-f90d-3270-8e74-80b54be218fa, -12.813430, -54.862560,2026-06-20 19:17:00,AQUA_M-T,NOVA UBIRATÃ,MATO GROSSO,Brasil,5106240,51,33,6,3.54,0.4,Cerrado,8.9
b6369502-ff2b-3ddd-8af2-e39486ed0bca, -11.306820, -54.735620,2026-06-20 19:17:00,AQUA_M-T,CLÁUDIA,MATO GROSSO,Brasil,5103056,51,33,9,1.32,0.41,Amazônia,14.1
58fe9507-cd8b-33f7-ace8-822d3cca0e6d, -10.118490, -51.665490,2026-06-20 19:17:00,AQUA_M-T,CONFRESA,MATO GROSSO,Brasil,5103353,51,33,8,0.78,1.0,Amazônia,14.1
c20923b8-fefa-31b3-9832-f8ba47e9bdbc, -16.415000, -59.309430,2026-06-20 19:17:00,AQUA_M-T,José Miguel de Velasco,Santa Cruz,Bolivia,85,8,28,1,0.1,0.47,,16.2
859be7d7-dfa8-31bb-9c92-abf292c16018, -13.003090, -64.804730,2026-06-20 19:17:00,AQUA_M-T,Mamoré,El Beni,Bolivia,27,3,28,0,0.2,0.69,,41.9
eee1f51b-3025-3704-ac78-a957ed3bc646, -16.916660, -60.333780,2026-06-20 19:17:00,AQUA_M-T,José Miguel de Velasco,Santa Cruz,Bolivia,85,8,28,9,3.07,0.35,,18.0
70931484-8fa1-3808-8d9c-20634c1de603, -13.007090, -64.839630,2026-06-20 19:17:00,AQUA_M-T,Mamoré,El Beni,Bolivia,27,3,28,0,0.2,1.0,,165.1
cba53301-7c0b-33a8-95cc-8c38f3f3773e, -16.904870, -60.377260,2026-06-20 19:17:00,AQUA_M-T,José Miguel de Velasco,Santa Cruz,Bolivia,85,8,28,10,2.62,0.39,,167.1
b595e7a9-47d6-3a29-9018-8e55c8c87a34, -12.432920, -54.176560,2026-06-20 19:17:00,AQUA_M-T,NOVA UBIRATÃ,MATO GROSSO,Brasil,5106240,51,33,23,0.71,0.55,Amazônia,23.8
c87d7dd5-4d2a-3103-8482-e605dfeea4de, -10.933670, -56.850650,2026-06-20 19:17:00,AQUA_M-T,JUARA,MATO GROSSO,Brasil,5105101,51,33,26,6.16,0.11,Amazônia,37.5
8ed52236-4166-3444-898f-cad379588345, -16.427460, -59.591620,2026-06-20 19:17:00,AQUA_M-T,José Miguel de Velasco,Santa Cruz,Bolivia,85,8,28,11,0.0,0.52,,26.4
84b4cffa-dc99-3183-b873-d9792d450765, -11.487240, -57.107580,2026-06-20 19:17:00,AQUA_M-T,PORTO DOS GAÚCHOS,MATO GROSSO,Brasil,5106802,51,33,0,1.22,0.1,Amazônia,6.7
b5dddb88-436f-3bb2-a616-4fa65d46a12b, -17.148400, -60.537090,2026-06-20 19:17:00,AQUA_M-T,José Miguel de Velasco,Santa Cruz,Bolivia,85,8,28,8,0.0,0.59,,49.4
6ba5282d-0059-3f31-afd2-d7781bc0745d, -16.892740, -60.378810,2026-06-20 19:17:00,AQUA_M-T,José Miguel de Velasco,Santa Cruz,Bolivia,85,8,28,9,2.46,0.4,,83.2
5348e92c-14f7-3c21-a333-197a2b015e86, -17.595260, -60.449400,2026-06-20 19:17:00,AQUA_M-T,Chiquitos,Santa Cruz,Bolivia,80,8,28,4,0.0,0.53,,33.0
8b8c7b5c-9044-347f-b4fb-b3b0a9a536ba, -12.282440, -54.091820,2026-06-20 19:17:00,AQUA_M-T,NOVA UBIRATÃ,MATO GROSSO,Brasil,5106240,51,33,33,0.32,0.6,Amazônia,18.9
6eaf90b8-4a82-3bb4-8e95-1321a9f55ede, -18.346400, -59.091830,2026-06-20 19:17:00,AQUA_M-T,Chiquitos,Santa Cruz,Bolivia,80,8,28,0,0.0,0.45,,44.8
d99be59f-d4fa-3be6-a21e-c384130d20c2, -17.109840, -60.115140,2026-06-20 19:17:00,AQUA_M-T,José Miguel de Velasco,Santa Cruz,Bolivia,85,8,28,8,1.45,0.44,,18.3
b2db4647-d7f0-3c47-a150-46ba3785b99c, -15.949950, -61.210870,2026-06-20 19:17:00,AQUA_M-T,José Miguel de Velasco,Santa Cruz,Bolivia,85,8,28,10,0.0,0.57,,144.9
69143f27-85ad-3221-ad91-6b4bc8385266, -16.898860, -60.391760,2026-06-20 19:17:00,AQUA_M-T,José Miguel de Velasco,Santa Cruz,Bolivia,85,8,28,10,2.42,0.41,,24.8
1347498d-2c2f-39da-8e9e-9b771aff42aa, -16.330460, -60.888180,2026-06-20 19:17:00,AQUA_M-T,José Miguel de Velasco,Santa Cruz,Bolivia,85,8,28,9,0.0,1.0,,27.9
91801a98-166d-3c6f-91b0-383320af78c8, -15.656390, -60.599800,2026-06-20 19:17:00,AQUA_M-T,José Miguel de Velasco,Santa Cruz,Bolivia,85,8,28,0,0.0,0.52,,19.7
a3c1ab70-25d1-3a70-aa09-0c65bce247ae, -18.062970, -59.577190,2026-06-20 19:17:00,AQUA_M-T,Chiquitos,Santa Cruz,Bolivia,80,8,28,5,0.0,0.44,,76.8
c2eede62-bb79-34ea-a0c3-fc26b308e5af, -13.014930, -76.358020,2026-06-20 19:17:00,NOAA-20,Cañete,Lima,Peru,130,16,178,55,0.0,0.89,,2.4
f17ae717-b316-3b47-8a62-0eb921e1e3a4,  -2.910920, -49.643220,2026-06-20 19:19:00,AQUA_M-T,BAIÃO,PARÁ,Brasil,1501204,15,33,0,0.44,0.01,Amazônia,22.3
6f05f766-668f-3602-8492-85db03f8eb24,  -9.186240, -58.054170,2026-06-20 19:19:00,AQUA_M-T,APIACÁS,MATO GROSSO,Brasil,5100805,51,33,1,0.0,0.24,Amazônia,26.9
91522e99-2e84-35b5-8564-ab5854bee0a4,  -8.222990, -61.739440,2026-06-20 19:19:00,AQUA_M-T,MANICORÉ,AMAZONAS,Brasil,1302702,13,33,0,0.0,0.9,Amazônia,10.2
ea6c15e1-950c-386d-90c2-76a504a7082b,  -8.906780, -62.243880,2026-06-20 19:19:00,AQUA_M-T,MACHADINHO D'OESTE,RONDÔNIA,Brasil,1100130,11,33,0,2.82,0.15,Amazônia,15.8
e86c2210-585f-3191-8080-d844f20e1761,  -2.743390, -58.197720,2026-06-20 19:19:00,AQUA_M-T,SILVES,AMAZONAS,Brasil,1304005,13,33,2,2.38,0.02,Amazônia,5.5
148464b3-bad4-37cc-bc4e-85029f39b0e9,  -8.922110, -49.100910,2026-06-20 19:19:00,AQUA_M-T,GOIANORTE,TOCANTINS,Brasil,1708304,17,33,2,0.0,0.97,Cerrado,17.6
0b355838-c722-3a33-b483-c209cd0b8045,  -8.206150, -61.792250,2026-06-20 19:19:00,AQUA_M-T,MANICORÉ,AMAZONAS,Brasil,1302702,13,33,0,0.0,0.94,Amazônia,30.8
590de593-10ae-350d-87b7-c4fc38be019f,  -9.187620, -58.063880,2026-06-20 19:19:00,AQUA_M-T,APIACÁS,MATO GROSSO,Brasil,5100805,51,33,2,0.0,0.25,Amazônia,29.1
8214d42d-b734-352a-b33a-21099a59b12a, -10.625870, -77.703460,2026-06-20 19:19:00,NOAA-20,Barranca,Lima,Peru,129,16,178,11,0.0,-999.0,,1.9
5c08a3ab-e270-32a5-b23a-2c25dfb3feef,  -6.230130, -76.714680,2026-06-20 19:19:00,NOAA-20,Lamas,San Martín,Peru,178,23,178,0,0.45,0.02,,4.6
a89347d7-4626-38b5-b247-7627bc58c6c0,  -6.576540, -79.814320,2026-06-20 19:19:00,NOAA-20,Ferreñafe,Lambayeque,Peru,126,14,178,33,0.0,1.0,,5.7
e013a545-dd0e-3c69-b033-f9bd2bc8849d, -10.669730, -77.745410,2026-06-20 19:19:00,NOAA-20,Barranca,Lima,Peru,129,16,178,11,0.0,-999.0,,3.2
8eb37941-c01a-35e9-91a4-a61677d7e75f,  -7.312380, -79.342580,2026-06-20 19:19:00,NOAA-20,Chepén,La Libertad,Peru,115,13,178,5,0.0,0.97,,10.4
95817164-9fe3-39bf-9b8d-91edb073b86f,  -6.794630, -76.463290,2026-06-20 19:19:00,NOAA-20,Picota,San Martín,Peru,181,23,178,2,1.26,0.11,,6.6
fb9f2899-d352-387d-8a59-01a7344f6ab4,  -6.599020, -79.890570,2026-06-20 19:19:00,NOAA-20,Lambayeque,Lambayeque,Peru,127,14,178,50,0.0,1.0,,11.6
d257c931-6efa-31af-8d03-9d05d0297222,  -6.838660, -79.304080,2026-06-20 19:19:00,NOAA-20,Chiclayo,Lambayeque,Peru,125,14,178,4,0.1,0.96,,40.9
de4ee33b-8175-3b4a-aef4-6e5f7c4d27fc,  -5.285650, -80.722660,2026-06-20 19:19:00,NOAA-20,Piura,Piura,Peru,157,21,178,95,0.0,1.0,,2.5
599545f6-eeea-3a5e-9190-6c9f6053a6fc,  -6.794690, -76.465190,2026-06-20 19:19:00,NOAA-20,Picota,San Martín,Peru,181,23,178,2,1.24,0.11,,6.6
36b894ce-bbfd-3bdc-aa4d-2d53abc322c0,  -6.796750, -76.508980,2026-06-20 19:19:00,NOAA-20,Bellavista,San Martín,Peru,175,23,178,2,0.94,0.11,,4.7
9d9447b6-3e46-3b7f-8446-92053526f618,  -6.599840, -79.895400,2026-06-20 19:19:00,NOAA-20,Lambayeque,Lambayeque,Peru,127,14,178,50,0.0,1.0,,11.6
53db8631-87b6-33f2-8252-d16b345586fd,  -5.560640, -78.832850,2026-06-20 19:19:00,NOAA-20,Jaén,Cajamarca,Peru,61,6,178,3,1.82,0.94,,1.4
c23053eb-fcd3-3258-bc92-3a97c3035a03,  -7.311780, -79.341870,2026-06-20 19:19:00,NOAA-20,Chepén,La Libertad,Peru,115,13,178,5,0.0,0.97,,10.9
67fbb401-e0e0-362e-9067-e8ffe9c8310c,  -7.076150, -76.707630,2026-06-20 19:19:00,NOAA-20,Huallaga,San Martín,Peru,177,23,178,3,0.01,0.55,,3.6
a5fae8d5-62f5-3862-9045-66466446644d,  -8.956220, -78.506520,2026-06-20 19:19:00,NOAA-20,Santa,Ancash,Peru,25,2,178,-999,0.0,0.98,,4.4
db6fa0fc-bb23-3057-83fc-da1f04f4b858,  -7.341160, -76.548390,2026-06-20 19:19:00,NOAA-20,Mariscal Cáceres,San Martín,Peru,179,23,178,3,0.11,0.45,,2.8
131eb174-cc04-3e7f-8621-c35be4efb93e, -11.457490, -74.515140,2026-06-20 19:19:00,NOAA-20,Satipo,Junín,Peru,110,12,178,2,0.0,0.37,,5.9
fb7d21ff-7547-31f0-87fe-1e7691a9fbcc,  -6.797400, -76.512500,2026-06-20 19:19:00,NOAA-20,Bellavista,San Martín,Peru,175,23,178,2,0.92,0.12,,8.3
65fd8b5c-453c-3d33-aa60-617101f57ebc,  -7.259200, -79.434020,2026-06-20 19:19:00,NOAA-20,Pacasmayo,La Libertad,Peru,119,13,178,5,0.0,0.98,,3.4
66b1f060-525f-3e91-a4e6-b516841b6340, -11.150190, -74.659730,2026-06-20 19:19:00,NOAA-20,Satipo,Junín,Peru,110,12,178,4,0.0,0.56,,6.4
f3461f3a-a5ba-3c0f-b46e-71a74d8bf383,  -8.598890, -75.118120,2026-06-20 19:19:00,NOAA-20,Padre Abad,Ucayali,Peru,194,26,178,1,6.91,0.03,,7.6
b88ef262-2d84-3f1b-ae20-c74c21cd1d3a, -10.954240, -74.695440,2026-06-20 19:19:00,NOAA-20,Satipo,Junín,Peru,110,12,178,2,1.34,0.2,,11.1
14c9aed2-ec68-336b-8ebd-e68c9547ebd6,  -7.077950, -76.706880,2026-06-20 19:19:00,NOAA-20,Huallaga,San Martín,Peru,177,23,178,3,0.03,0.55,,3.0
2250401c-58e2-3850-95c6-0ac1bafa239a,  -9.181730, -77.644650,2026-06-20 19:19:00,NOAA-20,Yungay,Ancash,Peru,27,2,178,10,0.0,0.75,,3.1
286e4430-ec2d-3a1e-a220-d6d99511c030,  -8.598700, -75.117940,2026-06-20 19:19:00,NOAA-20,Padre Abad,Ucayali,Peru,194,26,178,1,6.9,0.03,,6.1
cec203c4-111a-3aa3-b23d-a8205d17c1d9,  -6.797090, -76.511100,2026-06-20 19:19:00,NOAA-20,Bellavista,San Martín,Peru,175,23,178,2,0.93,0.12,,8.7
5e500b02-896a-3d66-b4d8-c076d18bdb27,  -6.254880, -76.151150,2026-06-20 19:19:00,NOAA-20,Lamas,San Martín,Peru,178,23,178,1,0.01,0.02,,5.0
2f652be2-5083-3a28-a015-a4b7f3261f34, -10.828740, -77.685060,2026-06-20 19:19:00,NOAA-20,Barranca,Lima,Peru,129,16,178,11,0.0,0.91,,2.9
6980cfe8-cd31-3d04-9d03-ec90a5298779,  -7.225240, -76.633030,2026-06-20 19:19:00,NOAA-20,Mariscal Cáceres,San Martín,Peru,179,23,178,3,0.0,0.46,,3.2
2c1c6daf-e06d-3afb-8898-a8ea020914fc, -10.953340, -74.690820,2026-06-20 19:19:00,NOAA-20,Satipo,Junín,Peru,110,12,178,2,1.47,0.12,,11.2
9b2bbf3e-803a-3c45-8a64-a4767c9211d5,  -8.597990, -75.113260,2026-06-20 19:19:00,NOAA-20,Padre Abad,Ucayali,Peru,194,26,178,1,6.84,0.04,,7.2
3689cf5f-3cc3-3985-92be-e6bfab74a3a4,  -5.503410, -80.756580,2026-06-20 19:19:00,NOAA-20,Sechura,Piura,Peru,158,21,178,94,0.0,1.0,,7.0
f067277e-4ef7-30db-8806-ea569704b772, -10.626420, -77.706440,2026-06-20 19:19:00,NOAA-20,Barranca,Lima,Peru,129,16,178,11,0.0,0.92,,1.9
c625d1ee-9bcb-3802-81ee-dbdacdf6bc76,  -6.797720, -76.514670,2026-06-20 19:19:00,NOAA-20,Bellavista,San Martín,Peru,175,23,178,2,0.91,0.13,,6.7
627c421c-93e0-3a02-93ed-d623c6ede7cb,  -5.539660, -78.801510,2026-06-20 19:19:00,NOAA-20,Jaén,Cajamarca,Peru,61,6,178,2,1.78,0.75,,0.9
b38342c3-a0fd-3731-99e6-1bc68b4940e8,  -8.323340, -74.633170,2026-06-20 19:19:00,NOAA-20,Coronel Portillo,Ucayali,Peru,193,26,178,2,0.0,0.81,,19.8
4fbc786e-948e-341b-a688-bfd9ab195b53,  -8.597770, -75.113090,2026-06-20 19:19:00,NOAA-20,Padre Abad,Ucayali,Peru,194,26,178,1,6.82,0.04,,5.8
5d4c02d0-3710-3882-b52b-c91b705dd3f7,  -7.530530, -73.025670,2026-06-20 19:19:00,NOAA-20,MÂNCIO LIMA,ACRE,Brasil,1200336,12,33,2,0.0,0.53,Amazônia,10.7
f69598e6-b342-359e-997e-bc784021a56a,  -6.949920, -76.430240,2026-06-20 19:19:00,NOAA-20,Picota,San Martín,Peru,181,23,178,2,3.05,0.18,,12.7
902efda0-5f67-3f5f-a4c3-4921f223a3e6,  -8.322360, -74.628010,2026-06-20 19:19:00,NOAA-20,Coronel Portillo,Ucayali,Peru,193,26,178,2,0.0,0.88,,12.7
201bcfa4-8a58-3948-ac8b-e667a84b42a3,  -6.949150, -76.425960,2026-06-20 19:19:00,NOAA-20,Picota,San Martín,Peru,181,23,178,2,3.1,0.2,,12.7
5a706a25-df90-39a6-9a50-4e9ba00d7d49,  -7.527960, -73.025780,2026-06-20 19:19:00,NOAA-20,MÂNCIO LIMA,ACRE,Brasil,1200336,12,33,2,0.0,0.57,Amazônia,8.0
42eafd06-5ae9-3548-ab7e-06384bc8d256, -16.919200, -60.336700,2026-06-20 19:20:00,GOES-19,José Miguel de Velasco,Santa Cruz,Bolivia,85,8,28,9,3.15,0.35,,142.1
9251c668-7965-38f8-9b9d-9ca786fd24fb, -16.178500, -60.425400,2026-06-20 19:20:00,GOES-19,José Miguel de Velasco,Santa Cruz,Bolivia,85,8,28,0,0.0,0.87,,126.8
77787e9a-f82f-305c-b86d-ab4488989056,  -5.812800, -45.102600,2026-06-20 19:20:00,GOES-19,BARRA DO CORDA,MARANHÃO,Brasil,2101608,21,33,7,0.0,0.91,Cerrado,126.2
81eecb34-c4c5-351c-840e-bc4e355c612f,  -5.831900, -45.055900,2026-06-20 19:20:00,GOES-19,BARRA DO CORDA,MARANHÃO,Brasil,2101608,21,33,3,0.0,0.97,Cerrado,90.1
8b47f0b4-4ef2-39d5-ac49-02bd481ff84b, -16.198200, -60.403700,2026-06-20 19:20:00,GOES-19,José Miguel de Velasco,Santa Cruz,Bolivia,85,8,28,0,0.0,1.0,,403.8
b7310cac-a79a-3723-9ed2-654d355fefdd, -16.178800, -60.405500,2026-06-20 19:20:00,GOES-19,José Miguel de Velasco,Santa Cruz,Bolivia,85,8,28,0,0.0,0.85,,421.6
48ef05c9-ead8-39ae-b2f3-a3945f592639,  -5.813000, -45.079900,2026-06-20 19:20:00,GOES-19,BARRA DO CORDA,MARANHÃO,Brasil,2101608,21,33,5,0.0,0.9,Cerrado,453.8
8685d5de-73d5-3efe-8f4c-cfe4ed71b62e,  -4.569800, -80.753100,2026-06-20 19:20:00,GOES-19,Sullana,Piura,Peru,159,21,178,22,0.0,1.0,,56.7
3ad6fd26-3225-3c9c-93ba-c154e0128e65, -18.351900, -59.058100,2026-06-20 19:20:00,GOES-19,Chiquitos,Santa Cruz,Bolivia,80,8,28,0,0.0,0.44,,103.0
3b6a9bd9-c136-3e3c-badb-b920a59aa32a, -16.198500, -60.383800,2026-06-20 19:20:00,GOES-19,José Miguel de Velasco,Santa Cruz,Bolivia,85,8,28,0,0.0,0.65,,106.1
27a92ffb-acfb-3ddc-a953-e01cd29ff098, -15.955800, -61.217600,2026-06-20 19:20:00,GOES-19,José Miguel de Velasco,Santa Cruz,Bolivia,85,8,28,10,0.0,0.56,,182.3
97cf31dd-4f81-3afa-ac96-d2ddc8c0a412, -10.813200, -48.560500,2026-06-20 19:20:00,GOES-19,PORTO NACIONAL,TOCANTINS,Brasil,1718204,17,33,21,0.19,1.0,Cerrado,70.4
9e0a3b0f-708d-33cc-8586-63e4beb1593e, -16.179000, -60.385600,2026-06-20 19:20:00,GOES-19,José Miguel de Velasco,Santa Cruz,Bolivia,85,8,28,0,0.0,0.73,,103.1
c83a3873-64af-3146-a068-e602387ba4d2, -10.842900, -49.123600,2026-06-20 19:20:00,GOES-19,SANTA RITA DO TOCANTINS,TOCANTINS,Brasil,1718899,17,33,49,0.0,1.0,Cerrado,87.1
0b5a2c31-d745-3fb2-8cf1-43e0bb830e82, -16.938500, -60.354900,2026-06-20 19:20:00,GOES-19,José Miguel de Velasco,Santa Cruz,Bolivia,85,8,28,9,3.57,0.31,,69.1
70e788f6-66e6-32c3-9ede-bf17831cc0c6, -15.936400, -61.219300,2026-06-20 19:20:00,GOES-19,José Miguel de Velasco,Santa Cruz,Bolivia,85,8,28,10,0.0,0.57,,75.9
3cfb7589-edf9-3c46-87d1-e1d8299436fd,  -5.813200, -45.057300,2026-06-20 19:20:00,GOES-19,BARRA DO CORDA,MARANHÃO,Brasil,2101608,21,33,3,0.0,0.91,Cerrado,121.5
f4265712-9034-3186-9401-3242421f2bda, -18.351600, -59.078500,2026-06-20 19:20:00,GOES-19,Chiquitos,Santa Cruz,Bolivia,80,8,28,0,0.0,0.44,,159.5
68e03045-948e-327e-bb78-bb3febec88c7,  -4.861800, -80.865400,2026-06-20 19:20:00,GOES-19,Sullana,Piura,Peru,159,21,178,49,0.0,1.0,,60.7
5ea7cd39-311f-32fb-a9aa-1e7cad4f5974,  -5.831700, -45.078600,2026-06-20 19:20:00,GOES-19,BARRA DO CORDA,MARANHÃO,Brasil,2101608,21,33,5,0.0,0.93,Cerrado,314.1
cdbd8643-9033-3c9f-b616-a781127d0432, -16.899400, -60.358600,2026-06-20 19:20:00,GOES-19,José Miguel de Velasco,Santa Cruz,Bolivia,85,8,28,9,2.8,0.37,,142.2
20f141e7-7b80-3202-9ec8-4f46d812718a, -15.956000, -61.197900,2026-06-20 19:20:00,GOES-19,José Miguel de Velasco,Santa Cruz,Bolivia,85,8,28,9,0.0,0.58,,98.6
2c7330c5-f71f-3dd6-9968-88662f1b9d14, -18.332100, -59.060300,2026-06-20 19:20:00,GOES-19,Chiquitos,Santa Cruz,Bolivia,80,8,28,1,0.0,0.45,,106.6
cd957e2f-1cb8-3d56-aa14-52a18ad27f55, -15.928300, -61.929200,2026-06-20 19:20:00,GOES-19,Ñuflo de Chávez,Santa Cruz,Bolivia,78,8,28,0,0.5,0.14,,139.6
d28fed44-6e9c-37cb-9f99-6af75cb2911a,  -7.302600, -49.626900,2026-06-20 19:20:00,GOES-19,RIO MARIA,PARÁ,Brasil,1506161,15,33,9,0.0,0.91,Amazônia,101.5
b543a8a3-8119-3076-8ea7-a99d29a6067f, -18.067900, -59.556500,2026-06-20 19:20:00,GOES-19,Chiquitos,Santa Cruz,Bolivia,80,8,28,6,0.0,0.44,,81.5
5d262411-c004-35cf-ae1e-5a27ee8f6e4d, -12.994900, -64.822800,2026-06-20 19:20:00,GOES-19,Mamoré,El Beni,Bolivia,27,3,28,0,0.2,0.92,,135.2
fe92168d-c388-3504-9601-0fc6a0c3ff30, -18.067600, -59.576800,2026-06-20 19:20:00,GOES-19,Chiquitos,Santa Cruz,Bolivia,80,8,28,5,0.0,0.44,,73.4
bd78a56a-ff35-3dfe-b835-3718dedd5f24,  -4.606200, -80.735200,2026-06-20 19:20:00,GOES-19,Sullana,Piura,Peru,159,21,178,22,0.0,1.0,,57.5
079cfaff-79a7-3372-a232-c9f89d759f85, -16.899100, -60.378600,2026-06-20 19:20:00,GOES-19,José Miguel de Velasco,Santa Cruz,Bolivia,85,8,28,10,2.55,0.39,,138.8
7451913d-2075-3125-9292-46c09a5a40de, -18.331800, -59.080700,2026-06-20 19:20:00,GOES-19,Chiquitos,Santa Cruz,Bolivia,80,8,28,1,0.0,0.45,,113.8
237d346e-e0e3-3bb1-a7f3-868b04ad6036,   3.438400, -72.265100,2026-06-20 19:20:00,GOES-19,Puerto Gaitán,Meta,Colombia,700,20,53,0,13.39,0.0,,90.0
bc1062ce-1e9e-311e-9a8e-78e2996842fc, -16.918900, -60.356800,2026-06-20 19:20:00,GOES-19,José Miguel de Velasco,Santa Cruz,Bolivia,85,8,28,9,3.18,0.34,,171.9
4a460cc6-9d9c-3e75-bef3-5496011de7e8, -16.198000, -60.423600,2026-06-20 19:20:00,GOES-19,José Miguel de Velasco,Santa Cruz,Bolivia,85,8,28,0,0.0,1.0,,117.2
6a76b55d-217d-37a3-9865-f176fc3a7b3c, -16.938700, -60.334900,2026-06-20 19:20:00,GOES-19,José Miguel de Velasco,Santa Cruz,Bolivia,85,8,28,9,3.48,0.32,,74.7
d1d6381a-b723-3c75-990a-fa911c4bf523, -10.673900, -77.750000,2026-06-20 19:20:00,GOES-19,Barranca,Lima,Peru,129,16,178,11,0.0,-999.0,,102.9
be92e79d-39ce-3318-972c-bd62a4311392, -15.908900, -61.930700,2026-06-20 19:20:00,GOES-19,Ñuflo de Chávez,Santa Cruz,Bolivia,78,8,28,0,0.41,0.16,,141.4
eb800e7f-0e37-3495-b852-bd3918c22a00,   5.338940, -61.112050,2026-06-20 19:21:00,AQUA_M-T,Gran Sabana,Bolívar,Venezuela,71,6,249,0,0.76,0.0,,14.4
e2724e37-0bd3-361d-bc7e-48916165c1d4,   5.822990, -69.378060,2026-06-20 19:21:00,AQUA_M-T,La Primavera,Vichada,Colombia,1061,32,53,1,1.38,0.01,,82.2
e28c24c2-4118-3eeb-ab9d-9759230f9e02,   5.816480, -69.415980,2026-06-20 19:21:00,AQUA_M-T,La Primavera,Vichada,Colombia,1061,32,53,1,1.21,0.01,,110.9
37cbc942-dde9-365a-88e9-ff12d17fd5b5,   7.239960, -61.747810,2026-06-20 19:21:00,AQUA_M-T,Roscio,Bolívar,Venezuela,75,6,249,0,0.1,0.16,,10.7
8a6c475c-d275-335b-aafd-2247886db105,   6.877270, -62.559210,2026-06-20 19:21:00,AQUA_M-T,Piar,Bolívar,Venezuela,74,6,249,1,0.2,0.08,,9.6
fcf33a94-6385-38a6-8b85-17a134fca053,   5.819070, -69.373280,2026-06-20 19:21:00,AQUA_M-T,La Primavera,Vichada,Colombia,1061,32,53,1,1.54,0.02,,67.5
98a7b362-0363-3a58-b14c-59daa7328d32,    .072010, -79.958510,2026-06-20 19:21:00,NOAA-20,Pedernales,Manabi,Ecuador,138,14,68,-999,5.18,0.03,,6.6
90d687e8-4491-3d40-9606-5a05ccc26031,  -3.562910, -80.484880,2026-06-20 19:21:00,NOAA-20,Tumbes,Tumbes,Peru,190,25,178,3,0.0,0.99,,8.8
ef0376a0-1e2e-3e4f-bb51-f860effa58e4,  -4.858010, -80.864230,2026-06-20 19:21:00,NOAA-20,Sullana,Piura,Peru,159,21,178,49,0.0,1.0,,4.4
d22366c9-6c89-3618-8259-eddf5de80b42,  -4.861520, -80.904110,2026-06-20 19:21:00,NOAA-20,Sullana,Piura,Peru,159,21,178,49,0.0,1.0,,2.7
a32a7a8b-a1fd-3e97-9036-ba35b7a76821,  -4.864760, -80.867360,2026-06-20 19:21:00,NOAA-20,Sullana,Piura,Peru,159,21,178,49,0.0,1.0,,5.4
8240d66f-46e3-3dde-92af-43c1e31363b7,   -.195570, -80.263980,2026-06-20 19:21:00,NOAA-20,Sucre,Manabi,Ecuador,144,14,68,5,0.0,0.24,,3.3
184ce9a8-8e06-39c7-80d3-5eeac574bcf0,  -4.860240, -80.904560,2026-06-20 19:21:00,NOAA-20,Sullana,Piura,Peru,159,21,178,49,0.0,1.0,,3.4
ff732e5f-9391-3fe5-a17c-a856cf2721a1,    .072460, -79.955570,2026-06-20 19:21:00,NOAA-20,Pedernales,Manabi,Ecuador,138,14,68,-999,5.21,0.03,,9.3
a632c8cd-10a3-33ea-ab8f-c7ea8a4e9d2d,  -2.462810, -80.295640,2026-06-20 19:21:00,NOAA-20,Guayaquil,Guayas,Ecuador,82,10,68,-999,0.0,1.0,,6.1
354645d4-0487-3889-a34e-25bdd19ac047,  -4.859590, -80.863660,2026-06-20 19:21:00,NOAA-20,Sullana,Piura,Peru,159,21,178,49,0.0,1.0,,7.4
edd0dc9e-ebdc-39d3-ac28-352f853e40e1,   8.593840, -70.212910,2026-06-20 19:23:00,AQUA_M-T,Barinas,Barinas,Venezuela,59,5,249,1,0.8,-999.0,,39.0
e0afde2a-00a6-3194-a12d-68bcb258f4bf,   7.535590, -65.283790,2026-06-20 19:23:00,AQUA_M-T,Cedeño,Bolívar,Venezuela,69,6,249,2,0.0,0.05,,38.7
03246d2b-ee9a-3708-b3ad-500de01e2880,   7.833210, -63.085740,2026-06-20 19:23:00,AQUA_M-T,Angostura,Bolívar,Venezuela,67,6,249,0,0.0,0.92,,14.5
a4dba504-693c-3323-b841-75288e4356c3,   7.370760, -62.958490,2026-06-20 19:23:00,AQUA_M-T,Angostura,Bolívar,Venezuela,67,6,249,2,0.0,0.77,,9.0
7c7acb3d-b636-3df3-87de-10ec469b372d,  10.742020, -68.359520,2026-06-20 19:23:00,AQUA_M-T,Silva,Falcón,Venezuela,127,12,249,-999,0.0,1.0,,19.3
e0333af9-cb54-3316-ad78-a463c6df6cbe,  11.074760, -68.627230,2026-06-20 19:23:00,AQUA_M-T,San Francisco,Falcón,Venezuela,126,12,249,2,0.0,1.0,,65.1
d4e2c15f-3631-3e54-ab3b-21af8bf63a6f,   7.532880, -65.300480,2026-06-20 19:23:00,AQUA_M-T,Cedeño,Bolívar,Venezuela,69,6,249,2,0.0,0.05,,44.8
1711ee15-f879-33e3-bd95-96ce13772e4f,  11.076690, -68.632330,2026-06-20 19:23:00,AQUA_M-T,San Francisco,Falcón,Venezuela,126,12,249,2,0.0,1.0,,85.7
aed8e02c-ed98-3149-9d96-889f489bcbfc,  -5.831900, -45.055900,2026-06-20 19:30:00,GOES-19,BARRA DO CORDA,MARANHÃO,Brasil,2101608,21,33,3,0.0,0.97,Cerrado,103.1
b4182df0-abdb-3648-8773-5e12780cfe87, -16.178500, -60.425400,2026-06-20 19:30:00,GOES-19,José Miguel de Velasco,Santa Cruz,Bolivia,85,8,28,0,0.0,0.87,,88.2
6d702520-8fce-3d10-ab1c-1d34faeb70c7,   4.003500, -70.560300,2026-06-20 19:30:00,GOES-19,San Jose de Ocune,Vichada,Colombia,1063,32,53,0,4.76,0.0,,93.1
0bab3fda-60b5-385d-a734-93adf537d995, -18.351900, -59.058100,2026-06-20 19:30:00,GOES-19,Chiquitos,Santa Cruz,Bolivia,80,8,28,0,0.0,0.44,,89.1
92865d34-3176-31bc-93d0-20c0975f27ce,   3.420200, -72.265100,2026-06-20 19:30:00,GOES-19,Puerto Gaitán,Meta,Colombia,700,20,53,0,13.33,0.0,,98.5
881c35c0-2bd4-324b-82cb-5b38066a4917, -15.928300, -61.929200,2026-06-20 19:30:00,GOES-19,Ñuflo de Chávez,Santa Cruz,Bolivia,78,8,28,0,0.5,0.14,,88.6
50c45dab-78b0-37a0-a344-e6ad14a7d26c, -16.899400, -60.358600,2026-06-20 19:30:00,GOES-19,José Miguel de Velasco,Santa Cruz,Bolivia,85,8,28,9,2.8,0.37,,139.2
42a1c2fe-e52f-3fe1-91a3-4cfa934af1e5,  -5.813000, -45.079900,2026-06-20 19:30:00,GOES-19,BARRA DO CORDA,MARANHÃO,Brasil,2101608,21,33,5,0.0,0.9,Cerrado,414.9
94c40084-89d4-39e7-b7fa-af10fa6047a6, -16.178800, -60.405500,2026-06-20 19:30:00,GOES-19,José Miguel de Velasco,Santa Cruz,Bolivia,85,8,28,0,0.0,0.85,,289.2
b2c59742-3843-389d-8983-0fad3c2f8c8b, -10.842900, -49.123600,2026-06-20 19:30:00,GOES-19,SANTA RITA DO TOCANTINS,TOCANTINS,Brasil,1718899,17,33,49,0.0,1.0,Cerrado,85.4
6b81f956-0ec6-352c-b2de-bcef0b93bd68, -18.331800, -59.080700,2026-06-20 19:30:00,GOES-19,Chiquitos,Santa Cruz,Bolivia,80,8,28,1,0.0,0.45,,117.4
e9fcbe90-d65f-3de9-b7ed-a42dcf4514f9, -16.919200, -60.336700,2026-06-20 19:30:00,GOES-19,José Miguel de Velasco,Santa Cruz,Bolivia,85,8,28,9,3.15,0.35,,172.3
ed3a43d0-968c-32b7-9971-bcc5409025ad,  -5.813200, -45.057300,2026-06-20 19:30:00,GOES-19,BARRA DO CORDA,MARANHÃO,Brasil,2101608,21,33,3,0.0,0.91,Cerrado,146.4
85f5dace-6fad-3616-a9c6-dcc1a2b40148, -16.198200, -60.403700,2026-06-20 19:30:00,GOES-19,José Miguel de Velasco,Santa Cruz,Bolivia,85,8,28,0,0.0,1.0,,489.3
3d098368-d9ea-3e78-9230-ca25698949e3, -16.179000, -60.385600,2026-06-20 19:30:00,GOES-19,José Miguel de Velasco,Santa Cruz,Bolivia,85,8,28,0,0.0,0.73,,72.1
e18a2090-cbc5-3834-8101-38ce87e1bcda,  -5.831700, -45.078600,2026-06-20 19:30:00,GOES-19,BARRA DO CORDA,MARANHÃO,Brasil,2101608,21,33,5,0.0,0.93,Cerrado,301.6
4a1dd4f0-dd96-3cca-94f8-9390d142eb77, -16.198500, -60.383800,2026-06-20 19:30:00,GOES-19,José Miguel de Velasco,Santa Cruz,Bolivia,85,8,28,0,0.0,0.65,,124.0
2b1fd3ec-3e61-31a4-b0bd-90ceb6ac305d, -16.918900, -60.356800,2026-06-20 19:30:00,GOES-19,José Miguel de Velasco,Santa Cruz,Bolivia,85,8,28,9,3.18,0.34,,179.4
48c7004a-014f-38a3-9186-db9f77ae6a24, -16.198000, -60.423600,2026-06-20 19:30:00,GOES-19,José Miguel de Velasco,Santa Cruz,Bolivia,85,8,28,0,0.0,1.0,,139.5
55dcf99e-b879-34cb-9453-ff64a0f05d70, -18.351600, -59.078500,2026-06-20 19:30:00,GOES-19,Chiquitos,Santa Cruz,Bolivia,80,8,28,0,0.0,0.44,,160.2
edb73d69-c251-3dab-8626-551baf714e83,   3.438400, -72.265100,2026-06-20 19:30:00,GOES-19,Puerto Gaitán,Meta,Colombia,700,20,53,0,13.39,0.0,,104.1
783837b5-1f15-3909-8577-59fcc6523e82, -13.013800, -64.821900,2026-06-20 19:30:00,GOES-19,Mamoré,El Beni,Bolivia,27,3,28,0,0.2,0.54,,102.1
cfad97bb-3148-3594-b394-88055a280611, -12.994900, -64.822800,2026-06-20 19:30:00,GOES-19,Mamoré,El Beni,Bolivia,27,3,28,0,0.2,0.92,,112.7
aa23357a-27d5-3a0c-a689-8686b6182e61,  -5.812800, -45.102600,2026-06-20 19:30:00,GOES-19,BARRA DO CORDA,MARANHÃO,Brasil,2101608,21,33,7,0.0,0.91,Cerrado,129.0
3f4560d0-7cec-3690-8b73-360ff8054fb9, -18.332100, -59.060300,2026-06-20 19:30:00,GOES-19,Chiquitos,Santa Cruz,Bolivia,80,8,28,1,0.0,0.45,,118.1
3edbce93-6962-3b3b-b8ea-db595881c50a, -16.899100, -60.378600,2026-06-20 19:30:00,GOES-19,José Miguel de Velasco,Santa Cruz,Bolivia,85,8,28,10,2.55,0.39,,122.4
b745ef5d-cd59-3838-a34b-82589a0b3f50, -15.908900, -61.930700,2026-06-20 19:30:00,GOES-19,Ñuflo de Chávez,Santa Cruz,Bolivia,78,8,28,0,0.41,0.16,,191.7
5ba4d682-53ef-3c05-90e9-54a3d23b7f45,  -7.302600, -49.626900,2026-06-20 19:30:00,GOES-19,RIO MARIA,PARÁ,Brasil,1506161,15,33,9,0.0,0.91,Amazônia,96.3
69489e07-8020-3267-988d-fbbf6318a2a0, -15.955800, -61.217600,2026-06-20 19:30:00,GOES-19,José Miguel de Velasco,Santa Cruz,Bolivia,85,8,28,10,0.0,0.56,,199.5
76f9865d-45d8-36f8-8471-53b91e7bb9a8, -15.956000, -61.197900,2026-06-20 19:30:00,GOES-19,José Miguel de Velasco,Santa Cruz,Bolivia,85,8,28,9,0.0,0.58,,120.7
4fcbed06-4450-3634-a151-6bd9e95b22b8, -16.178800, -60.405500,2026-06-20 19:40:00,GOES-19,José Miguel de Velasco,Santa Cruz,Bolivia,85,8,28,0,0.0,0.85,,300.1
347da0c7-f9e2-312a-9d75-2c463416f8d8, -16.198000, -60.423600,2026-06-20 19:40:00,GOES-19,José Miguel de Velasco,Santa Cruz,Bolivia,85,8,28,0,0.0,1.0,,165.0
5f8b88a3-66db-374e-a328-84744ff1dc6c, -15.955800, -61.217600,2026-06-20 19:40:00,GOES-19,José Miguel de Velasco,Santa Cruz,Bolivia,85,8,28,10,0.0,0.56,,186.9
72453494-30c9-3108-8222-3a8efeb2c01c, -11.910800, -43.408100,2026-06-20 19:40:00,GOES-19,MUQUÉM DO SÃO FRANCISCO,BAHIA,Brasil,2922250,29,33,24,0.0,1.0,Cerrado,102.6
9ed1e37a-2fb1-3e40-ba3b-fb66acff1247,   3.438400, -72.265100,2026-06-20 19:40:00,GOES-19,Puerto Gaitán,Meta,Colombia,700,20,53,0,13.39,0.0,,130.4
311ca112-5bf1-38c5-9d2c-df99bc68202e, -16.198200, -60.403700,2026-06-20 19:40:00,GOES-19,José Miguel de Velasco,Santa Cruz,Bolivia,85,8,28,0,0.0,1.0,,470.3
fc298ae7-e285-332b-9f6e-03810206fea9, -16.178500, -60.425400,2026-06-20 19:40:00,GOES-19,José Miguel de Velasco,Santa Cruz,Bolivia,85,8,28,0,0.0,0.87,,111.7
12e36caa-82a2-3a6b-ada6-8753c36dcee8, -16.918900, -60.356800,2026-06-20 19:40:00,GOES-19,José Miguel de Velasco,Santa Cruz,Bolivia,85,8,28,9,3.18,0.34,,182.9
24b16563-7f28-319a-8aa2-9949b05484e6, -16.899100, -60.378600,2026-06-20 19:40:00,GOES-19,José Miguel de Velasco,Santa Cruz,Bolivia,85,8,28,10,2.55,0.39,,115.3
4e340489-fbce-3dc7-a65f-5054cd919cdb,  -5.831700, -45.078600,2026-06-20 19:40:00,GOES-19,BARRA DO CORDA,MARANHÃO,Brasil,2101608,21,33,5,0.0,0.93,Cerrado,261.5
36abbfcf-21d1-34d5-8759-437191059fbf,  -5.831900, -45.055900,2026-06-20 19:40:00,GOES-19,BARRA DO CORDA,MARANHÃO,Brasil,2101608,21,33,3,0.0,0.97,Cerrado,97.7
ec359cfd-81a7-35e4-9398-030a78efe96c, -15.908900, -61.930700,2026-06-20 19:40:00,GOES-19,Ñuflo de Chávez,Santa Cruz,Bolivia,78,8,28,0,0.41,0.16,,198.8
4a477c76-4262-314f-842a-fa53049ec7f4, -18.331800, -59.080700,2026-06-20 19:40:00,GOES-19,Chiquitos,Santa Cruz,Bolivia,80,8,28,1,0.0,0.45,,117.5
d744dbcf-4419-300a-9b64-f68465b53dbd, -18.351900, -59.058100,2026-06-20 19:40:00,GOES-19,Chiquitos,Santa Cruz,Bolivia,80,8,28,0,0.0,0.44,,86.8
2de0b979-0239-3859-998f-69bc1039e09a,   3.420200, -72.265100,2026-06-20 19:40:00,GOES-19,Puerto Gaitán,Meta,Colombia,700,20,53,0,13.33,0.0,,153.0
8ac1e99d-65d2-3182-8287-fbfeea2db715, -15.928300, -61.929200,2026-06-20 19:40:00,GOES-19,Ñuflo de Chávez,Santa Cruz,Bolivia,78,8,28,0,0.5,0.14,,99.2
15cbd638-3f71-3910-a7ae-0ca793f639c0, -15.581700, -61.818900,2026-06-20 19:40:00,GOES-19,Ñuflo de Chávez,Santa Cruz,Bolivia,78,8,28,7,0.0,0.39,,73.4
13e30aa4-7e4c-3e79-b4d9-2a2bd88d0bbf, -18.351600, -59.078500,2026-06-20 19:40:00,GOES-19,Chiquitos,Santa Cruz,Bolivia,80,8,28,0,0.0,0.44,,162.5
6eb90bfa-2c24-301b-abb0-406a9bbf393e, -16.919200, -60.336700,2026-06-20 19:40:00,GOES-19,José Miguel de Velasco,Santa Cruz,Bolivia,85,8,28,9,3.15,0.35,,152.2
56dec03b-9708-3560-84b1-46fac1466344, -13.013800, -64.821900,2026-06-20 19:40:00,GOES-19,Mamoré,El Beni,Bolivia,27,3,28,0,0.2,0.54,,88.4
fa0c3c27-30e4-34a5-a0ab-e23aedaea09c, -18.332100, -59.060300,2026-06-20 19:40:00,GOES-19,Chiquitos,Santa Cruz,Bolivia,80,8,28,1,0.0,0.45,,114.0
f53a2d88-60c0-3ba8-be92-c0c317af8265, -16.198500, -60.383800,2026-06-20 19:40:00,GOES-19,José Miguel de Velasco,Santa Cruz,Bolivia,85,8,28,0,0.0,0.65,,118.7
8a210a6f-4d6e-3538-ba77-1fbf2829a664,  -5.813200, -45.057300,2026-06-20 19:40:00,GOES-19,BARRA DO CORDA,MARANHÃO,Brasil,2101608,21,33,3,0.0,0.91,Cerrado,176.8
ef1731e9-e039-3cca-88b8-67150dd848c1, -12.994900, -64.822800,2026-06-20 19:40:00,GOES-19,Mamoré,El Beni,Bolivia,27,3,28,0,0.2,0.92,,86.1
f8fa0dc9-0466-3fdb-ab87-3d2d0f9d1850, -15.956000, -61.197900,2026-06-20 19:40:00,GOES-19,José Miguel de Velasco,Santa Cruz,Bolivia,85,8,28,9,0.0,0.58,,105.8
66fd10c6-9cb7-3edc-bb69-8884653de595, -10.842900, -49.123600,2026-06-20 19:40:00,GOES-19,SANTA RITA DO TOCANTINS,TOCANTINS,Brasil,1718899,17,33,49,0.0,1.0,Cerrado,76.6
a6396efc-c6fc-3ee9-ba7b-58cdf9c01f68, -16.899400, -60.358600,2026-06-20 19:40:00,GOES-19,José Miguel de Velasco,Santa Cruz,Bolivia,85,8,28,9,2.8,0.37,,118.7
1d2bd41a-ebb2-361c-9120-4b3252ca5a9a, -16.179000, -60.385600,2026-06-20 19:40:00,GOES-19,José Miguel de Velasco,Santa Cruz,Bolivia,85,8,28,0,0.0,0.73,,70.8
aa6092d6-ae55-314c-a76c-30af9268d9ce,  -5.812800, -45.102600,2026-06-20 19:40:00,GOES-19,BARRA DO CORDA,MARANHÃO,Brasil,2101608,21,33,7,0.0,0.91,Cerrado,161.6
e4cc5c75-6576-3103-84ce-a4ad9aa76cd2, -18.332100, -59.060300,2026-06-20 19:50:00,GOES-19,Chiquitos,Santa Cruz,Bolivia,80,8,28,1,0.0,0.45,,106.7
c9678afb-7b23-37c1-9e9f-97dc2e2b3c8c,  -5.812800, -45.102600,2026-06-20 19:50:00,GOES-19,BARRA DO CORDA,MARANHÃO,Brasil,2101608,21,33,7,0.0,0.91,Cerrado,133.9
c56616c4-90e4-3124-b2da-5bf21f2d3991, -11.910800, -43.408100,2026-06-20 19:50:00,GOES-19,MUQUÉM DO SÃO FRANCISCO,BAHIA,Brasil,2922250,29,33,24,0.0,1.0,Cerrado,99.8
f874296a-042d-3193-ad60-99bdb34497c8, -18.351600, -59.078500,2026-06-20 19:50:00,GOES-19,Chiquitos,Santa Cruz,Bolivia,80,8,28,0,0.0,0.44,,172.8
884340de-8f9e-3f90-a1fa-66aa299d2de9, -18.331800, -59.080700,2026-06-20 19:50:00,GOES-19,Chiquitos,Santa Cruz,Bolivia,80,8,28,1,0.0,0.45,,115.7
c6f710d6-746f-3414-b6ab-92afb80b0a1c, -16.178500, -60.425400,2026-06-20 19:50:00,GOES-19,José Miguel de Velasco,Santa Cruz,Bolivia,85,8,28,0,0.0,0.87,,89.8
2649d8f5-66c4-353d-8c55-a823284dd42f,  -5.831900, -45.055900,2026-06-20 19:50:00,GOES-19,BARRA DO CORDA,MARANHÃO,Brasil,2101608,21,33,3,0.0,0.97,Cerrado,121.5
aacd55fc-b6a0-3b08-89d3-14868a988d0c,  -5.831700, -45.078600,2026-06-20 19:50:00,GOES-19,BARRA DO CORDA,MARANHÃO,Brasil,2101608,21,33,5,0.0,0.93,Cerrado,301.6
2d429fd1-8d45-3a39-8ce4-efe05d3a0446, -15.955800, -61.217600,2026-06-20 19:50:00,GOES-19,José Miguel de Velasco,Santa Cruz,Bolivia,85,8,28,10,0.0,0.56,,145.7
9db9013e-8bb6-347b-a7d9-c64b9b112502, -16.899100, -60.378600,2026-06-20 19:50:00,GOES-19,José Miguel de Velasco,Santa Cruz,Bolivia,85,8,28,10,2.55,0.39,,123.1
f2494216-1c8b-32cd-8119-74497f8af915, -12.994900, -64.822800,2026-06-20 19:50:00,GOES-19,Mamoré,El Beni,Bolivia,27,3,28,0,0.2,0.92,,82.4
b5993677-ff8f-39d2-afae-07ead2bb5d39, -15.908900, -61.930700,2026-06-20 19:50:00,GOES-19,Ñuflo de Chávez,Santa Cruz,Bolivia,78,8,28,0,0.41,0.16,,171.8
a9fc491e-237a-31f8-8a81-ded7aa594b4f, -16.918900, -60.356800,2026-06-20 19:50:00,GOES-19,José Miguel de Velasco,Santa Cruz,Bolivia,85,8,28,9,3.18,0.34,,148.6
35f13e7b-d850-3db4-80b1-fb8891b50171, -16.198200, -60.403700,2026-06-20 19:50:00,GOES-19,José Miguel de Velasco,Santa Cruz,Bolivia,85,8,28,0,0.0,1.0,,597.7
5429a233-e1b5-31b3-8e48-f8a88f13627e,  -5.813200, -45.057300,2026-06-20 19:50:00,GOES-19,BARRA DO CORDA,MARANHÃO,Brasil,2101608,21,33,3,0.0,0.91,Cerrado,279.8
a394db4f-ec89-3c0e-9180-c46ec6be4cf6, -16.198500, -60.383800,2026-06-20 19:50:00,GOES-19,José Miguel de Velasco,Santa Cruz,Bolivia,85,8,28,0,0.0,0.65,,96.6
7a0f643f-0b0d-3dd4-b9a8-24aece402145, -16.198000, -60.423600,2026-06-20 19:50:00,GOES-19,José Miguel de Velasco,Santa Cruz,Bolivia,85,8,28,0,0.0,1.0,,137.7
cbd2f08e-a4e1-3062-a3dd-2f7377ceca83, -16.899400, -60.358600,2026-06-20 19:50:00,GOES-19,José Miguel de Velasco,Santa Cruz,Bolivia,85,8,28,9,2.8,0.37,,104.3
f400395d-8431-3ed6-bbf6-fc09430504ce,   3.438400, -72.265100,2026-06-20 19:50:00,GOES-19,Puerto Gaitán,Meta,Colombia,700,20,53,0,13.39,0.0,,146.4
e7854859-1537-3c6a-99ff-5e3507be8d88, -13.013800, -64.821900,2026-06-20 19:50:00,GOES-19,Mamoré,El Beni,Bolivia,27,3,28,0,0.2,0.54,,85.5
a4720179-6a36-3fa3-91a7-ba698f9bc0eb,  -5.813000, -45.079900,2026-06-20 19:50:00,GOES-19,BARRA DO CORDA,MARANHÃO,Brasil,2101608,21,33,5,0.0,0.9,Cerrado,769.6
7ab95876-98e6-3511-8114-d2e7732ea72c,   3.420200, -72.265100,2026-06-20 19:50:00,GOES-19,Puerto Gaitán,Meta,Colombia,700,20,53,0,13.33,0.0,,160.5
17c9725c-8968-3d0c-aaab-18974aca2ad7, -15.956000, -61.197900,2026-06-20 19:50:00,GOES-19,José Miguel de Velasco,Santa Cruz,Bolivia,85,8,28,9,0.0,0.58,,104.4
2945a7e2-23c4-3be5-89c2-3b40964ffdbc, -15.928300, -61.929200,2026-06-20 19:50:00,GOES-19,Ñuflo de Chávez,Santa Cruz,Bolivia,78,8,28,0,0.5,0.14,,94.5
e737daa0-6e5a-3c59-a8fd-f12b23cab175, -16.919200, -60.336700,2026-06-20 19:50:00,GOES-19,José Miguel de Velasco,Santa Cruz,Bolivia,85,8,28,9,3.15,0.35,,166.9
d72609e2-fc8d-3a48-9c9f-83b7c8f53eb1, -16.178800, -60.405500,2026-06-20 19:50:00,GOES-19,José Miguel de Velasco,Santa Cruz,Bolivia,85,8,28,0,0.0,0.85,,330.9
7dae7e63-9f86-32d1-be04-f8dfa9d73325, -18.351900, -59.058100,2026-06-20 19:50:00,GOES-19,Chiquitos,Santa Cruz,Bolivia,80,8,28,0,0.0,0.44,,93.9
216b7109-0db4-300a-8c11-eee11d705d11, -15.956000, -61.197900,2026-06-20 20:00:00,GOES-19,José Miguel de Velasco,Santa Cruz,Bolivia,85,8,28,9,0.0,0.58,,80.3
10741961-48ef-3a5e-9185-bcdf46f29162, -13.306900, -63.659500,2026-06-20 20:00:00,GOES-19,Vaca Díez,El Beni,Bolivia,30,3,28,8,1.48,0.47,,71.1
5e998638-4d72-31f9-a061-bb8bb3db55a2,  -5.813200, -45.057300,2026-06-20 20:00:00,GOES-19,BARRA DO CORDA,MARANHÃO,Brasil,2101608,21,33,3,0.0,0.91,Cerrado,251.7
2c365478-3c30-3037-b3bd-2c49005a194c,  -5.813000, -45.079900,2026-06-20 20:00:00,GOES-19,BARRA DO CORDA,MARANHÃO,Brasil,2101608,21,33,5,0.0,0.9,Cerrado,604.9
77ce7444-37ce-3f00-b2d5-91580415a860, -16.918900, -60.356800,2026-06-20 20:00:00,GOES-19,José Miguel de Velasco,Santa Cruz,Bolivia,85,8,28,9,3.18,0.34,,154.1
292504cd-3122-3a44-9886-33fcaa5b5d3a,  -5.831700, -45.078600,2026-06-20 20:00:00,GOES-19,BARRA DO CORDA,MARANHÃO,Brasil,2101608,21,33,5,0.0,0.93,Cerrado,233.0
c8ee6dcb-ff01-3583-83ea-263ce4d02d8d, -15.909200, -61.911000,2026-06-20 20:00:00,GOES-19,Ñuflo de Chávez,Santa Cruz,Bolivia,78,8,28,1,0.35,0.17,,68.1
9c986050-5df7-3b7f-96d0-7ee3cdc97f93, -16.899100, -60.378600,2026-06-20 20:00:00,GOES-19,José Miguel de Velasco,Santa Cruz,Bolivia,85,8,28,10,2.55,0.39,,99.0
2149a2f9-788a-3e67-bf48-d771ce98139f, -18.332100, -59.060300,2026-06-20 20:00:00,GOES-19,Chiquitos,Santa Cruz,Bolivia,80,8,28,1,0.0,0.45,,110.8
44cc890f-864a-304c-abe8-6fdfad2f2acd, -18.351600, -59.078500,2026-06-20 20:00:00,GOES-19,Chiquitos,Santa Cruz,Bolivia,80,8,28,0,0.0,0.44,,163.9
8918ba04-d563-3bf6-a60e-be34f8667110, -16.198500, -60.383800,2026-06-20 20:00:00,GOES-19,José Miguel de Velasco,Santa Cruz,Bolivia,85,8,28,0,0.0,0.65,,109.5
d9be2eb6-5ac6-3eb1-afa1-84b7b13274a6, -16.198000, -60.423600,2026-06-20 20:00:00,GOES-19,José Miguel de Velasco,Santa Cruz,Bolivia,85,8,28,0,0.0,1.0,,156.3
d082ece8-5ec4-32b7-bc4d-21c03626fb1d, -11.938700, -43.970300,2026-06-20 20:00:00,GOES-19,WANDERLEY,BAHIA,Brasil,2933455,29,33,22,0.0,1.0,Cerrado,77.7
6fc6ef69-31f0-3404-a735-a59428b385e2,  -5.831900, -45.055900,2026-06-20 20:00:00,GOES-19,BARRA DO CORDA,MARANHÃO,Brasil,2101608,21,33,3,0.0,0.97,Cerrado,110.9
f7faa72b-1b86-3a2d-89c6-d4fc72e7d599, -16.919200, -60.336700,2026-06-20 20:00:00,GOES-19,José Miguel de Velasco,Santa Cruz,Bolivia,85,8,28,9,3.15,0.35,,129.1
c9fa0e3d-f0b1-3015-83ea-90aa91be36c0, -15.908900, -61.930700,2026-06-20 20:00:00,GOES-19,Ñuflo de Chávez,Santa Cruz,Bolivia,78,8,28,0,0.41,0.16,,190.2
9855cdd0-928a-3e7f-97e3-25a5dd06b2a6, -16.178800, -60.405500,2026-06-20 20:00:00,GOES-19,José Miguel de Velasco,Santa Cruz,Bolivia,85,8,28,0,0.0,0.85,,293.5
8f355f03-bf13-3689-b42d-40a5605e6e7b, -11.910800, -43.408100,2026-06-20 20:00:00,GOES-19,MUQUÉM DO SÃO FRANCISCO,BAHIA,Brasil,2922250,29,33,24,0.0,1.0,Cerrado,80.9
3ca08063-da2a-37aa-9960-ea3cd096f12d, -10.288700, -44.348800,2026-06-20 20:00:00,GOES-19,PARNAGUÁ,PIAUÍ,Brasil,2207603,22,33,28,0.0,1.0,Cerrado,84.0
d11ab75a-9cd4-3246-a125-85a9c9344ffa, -11.957900, -43.967300,2026-06-20 20:00:00,GOES-19,WANDERLEY,BAHIA,Brasil,2933455,29,33,21,0.0,1.0,Cerrado,75.4
42ef8770-147a-34fd-91ee-1f63dc48bcef, -16.899400, -60.358600,2026-06-20 20:00:00,GOES-19,José Miguel de Velasco,Santa Cruz,Bolivia,85,8,28,9,2.8,0.37,,96.3
69d2f9b0-9901-377b-a558-fcddc2cea20e, -10.288300, -44.372000,2026-06-20 20:00:00,GOES-19,PARNAGUÁ,PIAUÍ,Brasil,2207603,22,33,28,0.0,1.0,Cerrado,89.7
6fbd175b-e39a-3581-b5aa-d6331529bbe3, -16.178500, -60.425400,2026-06-20 20:00:00,GOES-19,José Miguel de Velasco,Santa Cruz,Bolivia,85,8,28,0,0.0,0.87,,108.0
677f0a39-66d8-37a0-87b9-bddfe0184c0e, -18.351900, -59.058100,2026-06-20 20:00:00,GOES-19,Chiquitos,Santa Cruz,Bolivia,80,8,28,0,0.0,0.44,,93.3
6a6d2fc5-c566-3f90-aa9a-bacb53870017, -15.955800, -61.217600,2026-06-20 20:00:00,GOES-19,José Miguel de Velasco,Santa Cruz,Bolivia,85,8,28,10,0.0,0.56,,133.5
31a60723-86c9-3ad6-94f8-94100cbba5e9, -16.198200, -60.403700,2026-06-20 20:00:00,GOES-19,José Miguel de Velasco,Santa Cruz,Bolivia,85,8,28,0,0.0,1.0,,457.1
4b51e0c7-15af-3fb6-8ecd-9a51a0dcc8c7,   5.976600, -68.902200,2026-06-20 20:00:00,GOES-19,La Primavera,Vichada,Colombia,1061,32,53,0,0.09,0.0,,120.7
c4062e85-face-3b90-b6a8-64e363e29371, -18.331800, -59.080700,2026-06-20 20:00:00,GOES-19,Chiquitos,Santa Cruz,Bolivia,80,8,28,1,0.0,0.45,,114.3
3536e3bc-3e3e-3db7-be99-8dcee7a57e4f, -15.928300, -61.929200,2026-06-20 20:00:00,GOES-19,Ñuflo de Chávez,Santa Cruz,Bolivia,78,8,28,0,0.5,0.14,,94.9
bb30455a-5a66-343d-9542-8498405fc893,  -5.812800, -45.102600,2026-06-20 20:00:00,GOES-19,BARRA DO CORDA,MARANHÃO,Brasil,2101608,21,33,7,0.0,0.91,Cerrado,158.0
ffbaa537-c3a6-3c17-937a-f7936d5ac026, -16.919200, -60.336700,2026-06-20 20:10:00,GOES-19,José Miguel de Velasco,Santa Cruz,Bolivia,85,8,28,9,3.15,0.35,,132.1
9fe1b665-afa9-381a-844d-2a0cf9327104, -16.918900, -60.356800,2026-06-20 20:10:00,GOES-19,José Miguel de Velasco,Santa Cruz,Bolivia,85,8,28,9,3.18,0.34,,110.4
bc63d806-a248-3bfc-bd4e-f1e1d2b59927, -16.198500, -60.383800,2026-06-20 20:10:00,GOES-19,José Miguel de Velasco,Santa Cruz,Bolivia,85,8,28,0,0.0,0.65,,80.5
57f66ad1-2302-352c-b1f3-8c93b5566017, -16.198200, -60.403700,2026-06-20 20:10:00,GOES-19,José Miguel de Velasco,Santa Cruz,Bolivia,85,8,28,0,0.0,1.0,,473.6
a40c78b0-9d81-38eb-b673-2ac2eae29520, -18.331800, -59.080700,2026-06-20 20:10:00,GOES-19,Chiquitos,Santa Cruz,Bolivia,80,8,28,1,0.0,0.45,,112.8
5b222168-abbc-3dcc-9e7c-37b1989a3884, -15.928300, -61.929200,2026-06-20 20:10:00,GOES-19,Ñuflo de Chávez,Santa Cruz,Bolivia,78,8,28,0,0.5,0.14,,86.9
0d868bc2-a48f-3bd8-8cf0-1a63f66dc2be, -18.351900, -59.058100,2026-06-20 20:10:00,GOES-19,Chiquitos,Santa Cruz,Bolivia,80,8,28,0,0.0,0.44,,98.5
a10f5fc1-4d29-3fcf-9078-60c44017643a, -15.955800, -61.217600,2026-06-20 20:10:00,GOES-19,José Miguel de Velasco,Santa Cruz,Bolivia,85,8,28,10,0.0,0.56,,85.4
67df4eb7-a347-3220-8c83-115f30bb585e, -16.178800, -60.405500,2026-06-20 20:10:00,GOES-19,José Miguel de Velasco,Santa Cruz,Bolivia,85,8,28,0,0.0,0.85,,296.1
8e8c35cf-4025-35fe-8c30-b6186f51b647,   5.976600, -68.902200,2026-06-20 20:10:00,GOES-19,La Primavera,Vichada,Colombia,1061,32,53,0,0.09,0.0,,109.0
4da31131-2c33-3636-8d23-e7b606a46c40, -11.938700, -43.970300,2026-06-20 20:10:00,GOES-19,WANDERLEY,BAHIA,Brasil,2933455,29,33,22,0.0,1.0,Cerrado,112.9
0f24ba13-4cc2-3450-b14c-6d16db9cbfc6, -18.351600, -59.078500,2026-06-20 20:10:00,GOES-19,Chiquitos,Santa Cruz,Bolivia,80,8,28,0,0.0,0.44,,167.0
12d1ceac-8901-32bc-931a-d7ec25243c56, -15.908900, -61.930700,2026-06-20 20:10:00,GOES-19,Ñuflo de Chávez,Santa Cruz,Bolivia,78,8,28,0,0.41,0.16,,181.6
d7e1c57e-50f1-3f81-bffe-c130b94a5b9c, -16.198000, -60.423600,2026-06-20 20:10:00,GOES-19,José Miguel de Velasco,Santa Cruz,Bolivia,85,8,28,0,0.0,1.0,,97.6
bb75b98e-b08b-37dc-a7a7-540ca4a5b3cc, -11.957900, -43.967300,2026-06-20 20:10:00,GOES-19,WANDERLEY,BAHIA,Brasil,2933455,29,33,21,0.0,1.0,Cerrado,75.5
65089d53-f2b4-33a8-8e70-c393ccb015bc,  -5.812800, -45.102600,2026-06-20 20:10:00,GOES-19,BARRA DO CORDA,MARANHÃO,Brasil,2101608,21,33,7,0.0,0.91,Cerrado,88.1
0c508172-d27a-3ef0-b110-df86ba59e876, -16.899400, -60.358600,2026-06-20 20:10:00,GOES-19,José Miguel de Velasco,Santa Cruz,Bolivia,85,8,28,9,2.8,0.37,,95.9
2f4a2127-10c5-3314-a5c0-de795a9031ef,  -5.831700, -45.078600,2026-06-20 20:10:00,GOES-19,BARRA DO CORDA,MARANHÃO,Brasil,2101608,21,33,5,0.0,0.93,Cerrado,297.0
31e60e7d-05aa-309c-b998-f8c284063dc4, -16.899100, -60.378600,2026-06-20 20:10:00,GOES-19,José Miguel de Velasco,Santa Cruz,Bolivia,85,8,28,10,2.55,0.39,,109.4
f0e86e29-4599-3df2-9e13-b96d2dc6fd3d, -18.332100, -59.060300,2026-06-20 20:10:00,GOES-19,Chiquitos,Santa Cruz,Bolivia,80,8,28,1,0.0,0.45,,95.7
7ac42dc2-caa7-33da-8490-ca0b36dbcf53, -11.910800, -43.408100,2026-06-20 20:10:00,GOES-19,MUQUÉM DO SÃO FRANCISCO,BAHIA,Brasil,2922250,29,33,24,0.0,1.0,Cerrado,76.5
2aa2e137-9be8-3496-b529-c5e6804fd493, -16.899100, -60.378600,2026-06-20 20:20:00,GOES-19,José Miguel de Velasco,Santa Cruz,Bolivia,85,8,28,10,2.55,0.39,,80.8
9205a8da-f5df-3ec6-a71e-7f445ff42286, -11.938700, -43.970300,2026-06-20 20:20:00,GOES-19,WANDERLEY,BAHIA,Brasil,2933455,29,33,22,0.0,1.0,Cerrado,113.0
d03a596a-cff4-3caa-8292-f0d42b4c411f, -15.928300, -61.929200,2026-06-20 20:20:00,GOES-19,Ñuflo de Chávez,Santa Cruz,Bolivia,78,8,28,0,0.5,0.14,,94.5
d855dc32-9e0e-3258-89f7-5f8840fed978, -16.198000, -60.423600,2026-06-20 20:20:00,GOES-19,José Miguel de Velasco,Santa Cruz,Bolivia,85,8,28,0,0.0,1.0,,88.9
2e769b95-c3e7-36d3-a67d-50354e277751, -16.178800, -60.405500,2026-06-20 20:20:00,GOES-19,José Miguel de Velasco,Santa Cruz,Bolivia,85,8,28,0,0.0,0.85,,173.6
0a87acba-52df-35f3-943d-69976269e41f, -16.919200, -60.336700,2026-06-20 20:20:00,GOES-19,José Miguel de Velasco,Santa Cruz,Bolivia,85,8,28,9,3.15,0.35,,106.9
433c13dc-2dc0-3e31-925e-3b3a22ab7470, -16.899400, -60.358600,2026-06-20 20:20:00,GOES-19,José Miguel de Velasco,Santa Cruz,Bolivia,85,8,28,9,2.8,0.37,,83.4
c3debc3a-0b33-3e00-9430-55c2fe7f7e0e, -18.331800, -59.080700,2026-06-20 20:20:00,GOES-19,Chiquitos,Santa Cruz,Bolivia,80,8,28,1,0.0,0.45,,112.4
3bf58c9b-f504-3111-b025-543226e84dfa, -11.957900, -43.967300,2026-06-20 20:20:00,GOES-19,WANDERLEY,BAHIA,Brasil,2933455,29,33,21,0.0,1.0,Cerrado,88.2
f809ecdb-0c5f-3974-85a7-f0691647397f, -15.908900, -61.930700,2026-06-20 20:20:00,GOES-19,Ñuflo de Chávez,Santa Cruz,Bolivia,78,8,28,0,0.41,0.16,,186.2
09c46b92-8bf0-360c-b160-b8b9c88c007d, -16.198200, -60.403700,2026-06-20 20:20:00,GOES-19,José Miguel de Velasco,Santa Cruz,Bolivia,85,8,28,0,0.0,1.0,,291.6
e4a01175-2fd7-38a5-8498-5f5979bf3d03, -15.581700, -61.818900,2026-06-20 20:20:00,GOES-19,Ñuflo de Chávez,Santa Cruz,Bolivia,78,8,28,7,0.0,0.39,,69.9
b49694d7-3519-32fc-b735-aa087f071e1f, -15.955800, -61.217600,2026-06-20 20:20:00,GOES-19,José Miguel de Velasco,Santa Cruz,Bolivia,85,8,28,10,0.0,0.56,,96.5
6945a8e9-7244-3480-bb1d-4947d47fb92d, -18.332100, -59.060300,2026-06-20 20:20:00,GOES-19,Chiquitos,Santa Cruz,Bolivia,80,8,28,1,0.0,0.45,,108.4
d6a1f318-5201-3443-8e9b-dfb421f799d1, -18.351600, -59.078500,2026-06-20 20:20:00,GOES-19,Chiquitos,Santa Cruz,Bolivia,80,8,28,0,0.0,0.44,,161.5
a7fd2d5b-6953-304b-8787-0bae60fc978a, -18.351900, -59.058100,2026-06-20 20:20:00,GOES-19,Chiquitos,Santa Cruz,Bolivia,80,8,28,0,0.0,0.44,,90.9
4ff49bcd-8a6c-3500-99af-62218d1dce01, -16.198500, -60.383800,2026-06-20 20:20:00,GOES-19,José Miguel de Velasco,Santa Cruz,Bolivia,85,8,28,0,0.0,0.65,,81.1
6b76f1e7-d8e7-349c-935b-bc3c540c51fe, -16.918900, -60.356800,2026-06-20 20:20:00,GOES-19,José Miguel de Velasco,Santa Cruz,Bolivia,85,8,28,9,3.18,0.34,,133.4
912d7b1f-edad-3767-81fc-f8c325a3376b, -15.908900, -61.930700,2026-06-20 20:30:00,GOES-19,Ñuflo de Chávez,Santa Cruz,Bolivia,78,8,28,0,0.41,0.16,,153.3
91a87103-9fb8-30f7-ab96-32b929b43d82,   5.976600, -68.902200,2026-06-20 20:30:00,GOES-19,La Primavera,Vichada,Colombia,1061,32,53,0,0.09,0.0,,97.6
d3503c48-7725-362d-8b4d-cf48ddf7b3b8, -15.975400, -61.196200,2026-06-20 20:30:00,GOES-19,José Miguel de Velasco,Santa Cruz,Bolivia,85,8,28,10,0.0,0.57,,100.2
99510d66-3e91-3756-99c0-270ac835fcc2, -18.332100, -59.060300,2026-06-20 20:30:00,GOES-19,Chiquitos,Santa Cruz,Bolivia,80,8,28,1,0.0,0.45,,103.4
ef6466fa-c913-3b10-ac6c-a53414a1df37, -16.918900, -60.356800,2026-06-20 20:30:00,GOES-19,José Miguel de Velasco,Santa Cruz,Bolivia,85,8,28,9,3.18,0.34,,110.0
b8bb5b03-a802-3aed-8ee9-5dc039eb9a88, -16.178800, -60.405500,2026-06-20 20:30:00,GOES-19,José Miguel de Velasco,Santa Cruz,Bolivia,85,8,28,0,0.0,0.85,,201.3
3013f17b-e1c6-3913-9a01-13c525639208, -16.919200, -60.336700,2026-06-20 20:30:00,GOES-19,José Miguel de Velasco,Santa Cruz,Bolivia,85,8,28,9,3.15,0.35,,122.3
179b0ad9-f94d-3296-9029-46d59d25112b, -16.899100, -60.378600,2026-06-20 20:30:00,GOES-19,José Miguel de Velasco,Santa Cruz,Bolivia,85,8,28,10,2.55,0.39,,89.6
496db62c-eb4b-3018-9c99-a49b58ef6cd6, -11.938700, -43.970300,2026-06-20 20:30:00,GOES-19,WANDERLEY,BAHIA,Brasil,2933455,29,33,22,0.0,1.0,Cerrado,87.0
f0475cd6-7e4a-36ad-b0a6-ce4e767194f0, -18.351900, -59.058100,2026-06-20 20:30:00,GOES-19,Chiquitos,Santa Cruz,Bolivia,80,8,28,0,0.0,0.44,,90.7
c1b8e786-446d-30f6-a952-2cb141f5a0c9, -15.955800, -61.217600,2026-06-20 20:30:00,GOES-19,José Miguel de Velasco,Santa Cruz,Bolivia,85,8,28,10,0.0,0.56,,110.3
aebfea61-5ae0-3d68-a048-39dfed649b04, -18.331800, -59.080700,2026-06-20 20:30:00,GOES-19,Chiquitos,Santa Cruz,Bolivia,80,8,28,1,0.0,0.45,,110.5
12539a98-ebf6-3894-9817-d64aba38960d, -15.956000, -61.197900,2026-06-20 20:30:00,GOES-19,José Miguel de Velasco,Santa Cruz,Bolivia,85,8,28,9,0.0,0.58,,93.8
f4a722f1-1019-3384-8532-10060c23e217, -16.899400, -60.358600,2026-06-20 20:30:00,GOES-19,José Miguel de Velasco,Santa Cruz,Bolivia,85,8,28,9,2.8,0.37,,78.8
c5657ac4-97ab-388f-a875-1dc68a8290ed, -16.198200, -60.403700,2026-06-20 20:30:00,GOES-19,José Miguel de Velasco,Santa Cruz,Bolivia,85,8,28,0,0.0,1.0,,313.7
16c00239-d151-3b17-b282-0da473f0dc7c, -18.351600, -59.078500,2026-06-20 20:30:00,GOES-19,Chiquitos,Santa Cruz,Bolivia,80,8,28,0,0.0,0.44,,154.1
e5047d72-ea72-31e3-82d5-6febea0b9369, -15.975100, -61.216000,2026-06-20 20:30:00,GOES-19,José Miguel de Velasco,Santa Cruz,Bolivia,85,8,28,10,0.0,0.56,,93.1
1cc3bb49-f232-3d16-ab2f-2284060baab4, -18.332100, -59.060300,2026-06-20 20:40:00,GOES-19,Chiquitos,Santa Cruz,Bolivia,80,8,28,1,0.0,0.45,,96.1
82a6794d-498e-36da-a24c-a6fe53316b51, -16.198000, -60.423600,2026-06-20 20:40:00,GOES-19,José Miguel de Velasco,Santa Cruz,Bolivia,85,8,28,0,0.0,1.0,,75.2
58023074-8f10-3c2c-867e-4fed611ee677, -15.955800, -61.217600,2026-06-20 20:40:00,GOES-19,José Miguel de Velasco,Santa Cruz,Bolivia,85,8,28,10,0.0,0.56,,111.7
ba7311c5-2332-3a32-8249-e38572647e6e, -16.899100, -60.378600,2026-06-20 20:40:00,GOES-19,José Miguel de Velasco,Santa Cruz,Bolivia,85,8,28,10,2.55,0.39,,75.2
d564ac44-41d4-3b0e-9d86-5b3a71194252, -18.351900, -59.058100,2026-06-20 20:40:00,GOES-19,Chiquitos,Santa Cruz,Bolivia,80,8,28,0,0.0,0.44,,95.7
ca7e6d87-2dd9-37f2-a2c2-516515a547ce, -16.198500, -60.383800,2026-06-20 20:40:00,GOES-19,José Miguel de Velasco,Santa Cruz,Bolivia,85,8,28,0,0.0,0.65,,77.7
38497d0f-676b-3e90-a709-14cdc62192d8, -15.928300, -61.929200,2026-06-20 20:40:00,GOES-19,Ñuflo de Chávez,Santa Cruz,Bolivia,78,8,28,0,0.5,0.14,,76.2
45a1f3e2-0e49-3efa-8e94-b47bc3faa8c1, -15.975400, -61.196200,2026-06-20 20:40:00,GOES-19,José Miguel de Velasco,Santa Cruz,Bolivia,85,8,28,10,0.0,0.57,,153.0
d7aa4e6c-b43e-3712-8ea4-a72ec4d316e6, -16.918900, -60.356800,2026-06-20 20:40:00,GOES-19,José Miguel de Velasco,Santa Cruz,Bolivia,85,8,28,9,3.18,0.34,,110.1
a99c6f6c-d5f6-3448-a62a-a33f76e95179, -16.198200, -60.403700,2026-06-20 20:40:00,GOES-19,José Miguel de Velasco,Santa Cruz,Bolivia,85,8,28,0,0.0,1.0,,364.5
2951ecb6-70ba-32fe-b851-085b1610e2ab, -18.331800, -59.080700,2026-06-20 20:40:00,GOES-19,Chiquitos,Santa Cruz,Bolivia,80,8,28,1,0.0,0.45,,101.8
4eb38550-2f66-3de7-b1e9-64477c261ea1, -16.919200, -60.336700,2026-06-20 20:40:00,GOES-19,José Miguel de Velasco,Santa Cruz,Bolivia,85,8,28,9,3.15,0.35,,104.5
24bb14b8-e9b7-376a-bc9e-48a50c3651d0, -15.908900, -61.930700,2026-06-20 20:40:00,GOES-19,Ñuflo de Chávez,Santa Cruz,Bolivia,78,8,28,0,0.41,0.16,,100.8
dff64ecb-94c4-31cb-a093-81951bb9db5f, -15.975100, -61.216000,2026-06-20 20:40:00,GOES-19,José Miguel de Velasco,Santa Cruz,Bolivia,85,8,28,10,0.0,0.56,,110.6
1d53f74e-f9be-38e5-9d12-44c42cdc22ac, -15.956000, -61.197900,2026-06-20 20:40:00,GOES-19,José Miguel de Velasco,Santa Cruz,Bolivia,85,8,28,9,0.0,0.58,,107.7
6c8622f5-ffa8-345d-8ad8-593be86b7e0b, -18.351600, -59.078500,2026-06-20 20:40:00,GOES-19,Chiquitos,Santa Cruz,Bolivia,80,8,28,0,0.0,0.44,,159.8
956edaf3-3fe3-3f05-ab6a-8551af1a51a5, -16.178800, -60.405500,2026-06-20 20:40:00,GOES-19,José Miguel de Velasco,Santa Cruz,Bolivia,85,8,28,0,0.0,0.85,,218.6
18e1975c-535e-3850-a724-c5076ac5df20, -39.511470, -62.539300,2026-06-20 20:49:00,AQUA_M-T,Villarino,Buenos Aires,Argentina,127,1,12,-999,0.59,0.82,,50.3
06708854-11c5-33ca-9f08-6141a7a1b6a9, -37.719960, -69.128520,2026-06-20 20:49:00,AQUA_M-T,Pehuenches,Neuquén,Argentina,365,15,12,7,0.0,0.73,,21.5
5215fb8b-83ee-36a5-bb42-e24f5adab720, -38.631130, -68.282280,2026-06-20 20:49:00,AQUA_M-T,Añelo,Neuquén,Argentina,354,15,12,7,0.59,0.79,,67.1
a08e3eec-d446-3847-9da9-911dad3925bd, -39.511550, -62.534750,2026-06-20 20:49:00,AQUA_M-T,Villarino,Buenos Aires,Argentina,127,1,12,-999,0.55,0.82,,45.5
3bca5603-0d74-390b-8cf5-2fd980edc299, -39.480890, -65.550700,2026-06-20 20:49:00,AQUA_M-T,Avellaneda,Río Negro,Argentina,371,16,12,10,0.2,0.71,,24.6
d4997ba6-16b9-3bb0-9bbd-63e1968f905a, -37.908340, -72.758440,2026-06-20 20:49:00,AQUA_M-T,Malleco,Araucanía,Chile,9,3,48,4,1.63,0.07,,12.1
723a207d-29ff-3bfa-83ff-e87bb1b79f69, -35.196530, -71.874270,2026-06-20 20:49:00,AQUA_M-T,Talca,Maule,Chile,38,12,48,8,0.62,0.62,,10.1
686079fd-7004-30fb-a006-2c4557372b36,   5.866600, -69.031600,2026-06-20 20:50:00,GOES-19,La Primavera,Vichada,Colombia,1061,32,53,0,1.18,0.0,,96.1
13599bc2-fa51-3652-9e8d-be256add1c14, -18.351600, -59.078500,2026-06-20 20:50:00,GOES-19,Chiquitos,Santa Cruz,Bolivia,80,8,28,0,0.0,0.44,,157.2
353e933f-fc65-3345-8562-c212e7db65b1, -16.198200, -60.403700,2026-06-20 20:50:00,GOES-19,José Miguel de Velasco,Santa Cruz,Bolivia,85,8,28,0,0.0,1.0,,336.1
ebd9286b-17a7-3e44-9a1f-e7a8054b7505, -16.918900, -60.356800,2026-06-20 20:50:00,GOES-19,José Miguel de Velasco,Santa Cruz,Bolivia,85,8,28,9,3.18,0.34,,106.7
74c3bfa6-ffd5-34b6-920c-d6ef2767390f, -18.332100, -59.060300,2026-06-20 20:50:00,GOES-19,Chiquitos,Santa Cruz,Bolivia,80,8,28,1,0.0,0.45,,102.3
cbc71a07-4a7c-3127-ae5f-226f80b4d9da, -18.351900, -59.058100,2026-06-20 20:50:00,GOES-19,Chiquitos,Santa Cruz,Bolivia,80,8,28,0,0.0,0.44,,104.0
68ed4720-6b56-3010-9238-95c01edd0db0, -18.331800, -59.080700,2026-06-20 20:50:00,GOES-19,Chiquitos,Santa Cruz,Bolivia,80,8,28,1,0.0,0.45,,98.9
6b236193-10c7-3ed2-86fe-1ef9af8af651, -16.899400, -60.358600,2026-06-20 20:50:00,GOES-19,José Miguel de Velasco,Santa Cruz,Bolivia,85,8,28,9,2.8,0.37,,73.3
cb63a6d7-7532-3f1b-a678-38f6df1f80b8, -15.975100, -61.216000,2026-06-20 20:50:00,GOES-19,José Miguel de Velasco,Santa Cruz,Bolivia,85,8,28,10,0.0,0.56,,79.2
0277482b-0a7d-3639-9564-e37b54468b76, -15.908900, -61.930700,2026-06-20 20:50:00,GOES-19,Ñuflo de Chávez,Santa Cruz,Bolivia,78,8,28,0,0.41,0.16,,130.2
937f5996-3e54-30ad-88fc-4ec9667e34b9, -15.956000, -61.197900,2026-06-20 20:50:00,GOES-19,José Miguel de Velasco,Santa Cruz,Bolivia,85,8,28,9,0.0,0.58,,80.0
b30f6032-82f7-3a7c-8391-fa812b1c1a3c, -16.198000, -60.423600,2026-06-20 20:50:00,GOES-19,José Miguel de Velasco,Santa Cruz,Bolivia,85,8,28,0,0.0,1.0,,83.7
ed7ca2b8-c647-3d8b-a851-85cc07bd7385, -16.178800, -60.405500,2026-06-20 20:50:00,GOES-19,José Miguel de Velasco,Santa Cruz,Bolivia,85,8,28,0,0.0,0.85,,186.2
4b7f8b85-ea6a-3b97-8152-998e91f013b7, -16.919200, -60.336700,2026-06-20 20:50:00,GOES-19,José Miguel de Velasco,Santa Cruz,Bolivia,85,8,28,9,3.15,0.35,,89.8
6c8a87e5-3a41-3be7-b04b-ce20639fa33c, -16.198500, -60.383800,2026-06-20 20:50:00,GOES-19,José Miguel de Velasco,Santa Cruz,Bolivia,85,8,28,0,0.0,0.65,,114.7
8dbfeba8-af55-340f-9c27-cdd3f6b0db05, -15.955800, -61.217600,2026-06-20 20:50:00,GOES-19,José Miguel de Velasco,Santa Cruz,Bolivia,85,8,28,10,0.0,0.56,,83.2
3bd6116c-737f-392b-a9e6-b6c630081960,  -8.871150, -78.552540,2026-06-20 20:57:00,AQUA_M-T,Santa,Ancash,Peru,25,2,178,-999,0.0,0.97,,6.0
bf24975e-c120-3cfe-91a3-8185c99e57c5, -10.645990, -77.536380,2026-06-20 20:57:00,AQUA_M-T,Ocros,Ancash,Peru,21,2,178,11,0.0,0.92,,10.1
ff4d17a8-361f-3f6e-9113-ce55f8a1f002,  -6.157830, -76.871630,2026-06-20 20:57:00,AQUA_M-T,Lamas,San Martín,Peru,178,23,178,0,1.5,0.03,,8.4
de4c50b7-575b-3863-a688-f3f2227f3fec,  -6.974740, -78.618490,2026-06-20 20:57:00,AQUA_M-T,San Pablo,Cajamarca,Peru,65,6,178,5,0.0,0.8,,5.4
d3f2544b-a961-3d53-b649-62cd7097c176, -10.647640, -77.547000,2026-06-20 20:57:00,AQUA_M-T,Ocros,Ancash,Peru,21,2,178,11,0.0,0.92,,23.5
57cf298e-e4e6-309f-9c63-982c3ed03d58,  -6.976440, -78.629480,2026-06-20 20:57:00,AQUA_M-T,San Pablo,Cajamarca,Peru,65,6,178,5,0.0,0.81,,7.9
e62dcba8-f7e7-3f86-abcd-ea882ddeaa42, -10.632700, -77.704330,2026-06-20 20:57:00,AQUA_M-T,Barranca,Lima,Peru,129,16,178,11,0.0,-999.0,,12.0
ac50fdb0-90da-3200-826d-058b0ca810c3,  -4.870530, -80.916390,2026-06-20 20:59:00,AQUA_M-T,Sullana,Piura,Peru,159,21,178,49,0.0,1.0,,19.9
263cbba7-715f-346f-882d-8d1b034633cf,  -4.869220, -80.907500,2026-06-20 20:59:00,AQUA_M-T,Sullana,Piura,Peru,159,21,178,49,0.0,1.0,,18.5
3645a5a7-d024-331f-b1b0-7a802e991a4a, -15.975400, -61.196200,2026-06-20 21:00:00,GOES-19,José Miguel de Velasco,Santa Cruz,Bolivia,85,8,28,10,0.0,0.57,,166.2
c9cb1136-3ad3-3551-89a4-dcda7fbfda1e,   5.866600, -69.031600,2026-06-20 21:00:00,GOES-19,La Primavera,Vichada,Colombia,1061,32,53,0,1.18,0.0,,116.7
6bb281a0-178e-3345-acd7-096d270aea81, -16.918900, -60.356800,2026-06-20 21:00:00,GOES-19,José Miguel de Velasco,Santa Cruz,Bolivia,85,8,28,9,3.18,0.34,,92.7
d9d44a7a-8f8e-34e2-8e14-3955d5b72780, -18.331800, -59.080700,2026-06-20 21:00:00,GOES-19,Chiquitos,Santa Cruz,Bolivia,80,8,28,1,0.0,0.45,,94.5
88ccf972-8ccf-3af0-8495-42d34361eb4e, -15.975100, -61.216000,2026-06-20 21:00:00,GOES-19,José Miguel de Velasco,Santa Cruz,Bolivia,85,8,28,10,0.0,0.56,,99.1
06178304-35ac-35ea-83a0-04d0fae3ee4e, -17.315100, -40.170800,2026-06-20 21:00:00,GOES-19,MEDEIROS NETO,BAHIA,Brasil,2921104,29,33,6,0.0,0.99,Mata Atlântica,55.4
adceddd5-662c-3b3a-a0c0-1c1c09a8a4e6, -16.919200, -60.336700,2026-06-20 21:00:00,GOES-19,José Miguel de Velasco,Santa Cruz,Bolivia,85,8,28,9,3.15,0.35,,80.3
fdf5bbb0-a86e-3bb0-98b2-d71c5c2d2c4d, -15.955800, -61.217600,2026-06-20 21:00:00,GOES-19,José Miguel de Velasco,Santa Cruz,Bolivia,85,8,28,10,0.0,0.56,,96.2
3fd367d6-da92-3a1e-813e-1b8224659f0a, -16.198000, -60.423600,2026-06-20 21:00:00,GOES-19,José Miguel de Velasco,Santa Cruz,Bolivia,85,8,28,0,0.0,1.0,,76.1
35355b5a-9aa0-39a3-834a-987466617f38, -16.198200, -60.403700,2026-06-20 21:00:00,GOES-19,José Miguel de Velasco,Santa Cruz,Bolivia,85,8,28,0,0.0,1.0,,315.2
09e42579-5f84-3d78-9bee-b03e8568c320,   5.848400, -69.013600,2026-06-20 21:00:00,GOES-19,La Primavera,Vichada,Colombia,1061,32,53,0,1.41,0.0,,91.8
90237993-5fff-37f3-b176-1b974b0786cb, -16.178800, -60.405500,2026-06-20 21:00:00,GOES-19,José Miguel de Velasco,Santa Cruz,Bolivia,85,8,28,0,0.0,0.85,,172.0
f2f2ff83-a0e0-3f29-a89a-3417e1eb4122, -15.928300, -61.929200,2026-06-20 21:00:00,GOES-19,Ñuflo de Chávez,Santa Cruz,Bolivia,78,8,28,0,0.5,0.14,,83.3
424abcf3-c990-3b4e-aa0f-f9e34b1c6ff8, -15.956000, -61.197900,2026-06-20 21:00:00,GOES-19,José Miguel de Velasco,Santa Cruz,Bolivia,85,8,28,9,0.0,0.58,,104.0
6d7fe5e2-6419-33c7-92be-f8f8fcf30913, -17.315800, -40.144900,2026-06-20 21:00:00,GOES-19,MEDEIROS NETO,BAHIA,Brasil,2921104,29,33,7,0.0,0.96,Mata Atlântica,91.6
9df5b7c7-e7da-332f-97dc-c857056eb831, -15.908900, -61.930700,2026-06-20 21:00:00,GOES-19,Ñuflo de Chávez,Santa Cruz,Bolivia,78,8,28,0,0.41,0.16,,154.3
965b2d9f-4895-3eef-9322-4f12258260e8, -18.332100, -59.060300,2026-06-20 21:00:00,GOES-19,Chiquitos,Santa Cruz,Bolivia,80,8,28,1,0.0,0.45,,97.5
c43724c1-2274-352c-b8b0-30d76034d23e, -16.198500, -60.383800,2026-06-20 21:00:00,GOES-19,José Miguel de Velasco,Santa Cruz,Bolivia,85,8,28,0,0.0,0.65,,112.8
2fd8884e-ecbd-3708-8739-37286f40df96, -18.351600, -59.078500,2026-06-20 21:00:00,GOES-19,Chiquitos,Santa Cruz,Bolivia,80,8,28,0,0.0,0.44,,158.8
695d48b0-d072-3ae2-8ce4-dfe28158a965, -18.351900, -59.058100,2026-06-20 21:00:00,GOES-19,Chiquitos,Santa Cruz,Bolivia,80,8,28,0,0.0,0.44,,109.6
0bd1447c-c917-37e0-893d-c01d7631a455, -18.351900, -59.058100,2026-06-20 21:10:00,GOES-19,Chiquitos,Santa Cruz,Bolivia,80,8,28,0,0.0,0.44,,110.7
4ddd01b0-d92a-30ee-9d3f-3e7853f3d50e, -16.179000, -60.385600,2026-06-20 21:10:00,GOES-19,José Miguel de Velasco,Santa Cruz,Bolivia,85,8,28,0,0.0,0.73,,86.7
f9492491-ab25-3247-84ae-85fc12233c25, -18.332100, -59.060300,2026-06-20 21:10:00,GOES-19,Chiquitos,Santa Cruz,Bolivia,80,8,28,1,0.0,0.45,,92.1
629f0b63-d129-3fac-805e-15eef4440254, -16.918900, -60.356800,2026-06-20 21:10:00,GOES-19,José Miguel de Velasco,Santa Cruz,Bolivia,85,8,28,9,3.18,0.34,,79.4
4555c455-bd66-39f0-b94d-6c31a0aa65ff, -15.928300, -61.929200,2026-06-20 21:10:00,GOES-19,Ñuflo de Chávez,Santa Cruz,Bolivia,78,8,28,0,0.5,0.14,,122.0
ccaea38c-24f4-3bce-b36f-4820ed2b67d4, -15.956000, -61.197900,2026-06-20 21:10:00,GOES-19,José Miguel de Velasco,Santa Cruz,Bolivia,85,8,28,9,0.0,0.58,,112.8
8d6874fc-339a-3a54-84e3-597ceaf05060, -16.198500, -60.383800,2026-06-20 21:10:00,GOES-19,José Miguel de Velasco,Santa Cruz,Bolivia,85,8,28,0,0.0,0.65,,83.3
57a5f8d5-3b57-34ed-8863-4d0058840acf, -15.955800, -61.217600,2026-06-20 21:10:00,GOES-19,José Miguel de Velasco,Santa Cruz,Bolivia,85,8,28,10,0.0,0.56,,78.3
5d6aa479-ee42-3968-a3dc-9fa09d9fc1f8, -15.908900, -61.930700,2026-06-20 21:10:00,GOES-19,Ñuflo de Chávez,Santa Cruz,Bolivia,78,8,28,0,0.41,0.16,,111.2
7f8e50f7-2976-3038-8cac-fa1e06d8bec2,   5.848400, -68.995300,2026-06-20 21:10:00,GOES-19,La Primavera,Vichada,Colombia,1061,32,53,0,1.33,0.0,,93.9
f9e7a044-4987-3f3e-9836-34904265b9af, -18.351600, -59.078500,2026-06-20 21:10:00,GOES-19,Chiquitos,Santa Cruz,Bolivia,80,8,28,0,0.0,0.44,,151.2
1267cf48-93fb-3153-bc91-7fb957490010, -16.178800, -60.405500,2026-06-20 21:10:00,GOES-19,José Miguel de Velasco,Santa Cruz,Bolivia,85,8,28,0,0.0,0.85,,279.9
a62ee03e-0c76-37a8-aa7c-1ad51b69aa97, -15.975400, -61.196200,2026-06-20 21:10:00,GOES-19,José Miguel de Velasco,Santa Cruz,Bolivia,85,8,28,10,0.0,0.57,,102.3
db7ea45c-bcb7-3cb3-8ea4-c012c4f3d65f, -18.331800, -59.080700,2026-06-20 21:10:00,GOES-19,Chiquitos,Santa Cruz,Bolivia,80,8,28,1,0.0,0.45,,95.2
f2ca357e-aab7-3ba0-b32b-69330fcc3ba0, -16.198200, -60.403700,2026-06-20 21:10:00,GOES-19,José Miguel de Velasco,Santa Cruz,Bolivia,85,8,28,0,0.0,1.0,,246.2
333589dd-40f2-3339-85e6-94106855f4d3, -16.178500, -60.425400,2026-06-20 21:10:00,GOES-19,José Miguel de Velasco,Santa Cruz,Bolivia,85,8,28,0,0.0,0.87,,77.7
f942e121-e338-3e36-bf9d-7f48faf96d60,   5.848400, -69.013600,2026-06-20 21:10:00,GOES-19,La Primavera,Vichada,Colombia,1061,32,53,0,1.41,0.0,,204.7
09aa303d-fb74-3ec3-a2b4-6cd15909a6df, -15.908900, -61.930700,2026-06-20 21:20:00,GOES-19,Ñuflo de Chávez,Santa Cruz,Bolivia,78,8,28,0,0.41,0.16,,91.8
a0c7af9b-9e81-3463-bbb0-943a235a84cf, -16.178500, -60.425400,2026-06-20 21:20:00,GOES-19,José Miguel de Velasco,Santa Cruz,Bolivia,85,8,28,0,0.0,0.87,,73.0
a203789e-58c3-348f-97be-e08e3a9822ac, -15.956000, -61.197900,2026-06-20 21:20:00,GOES-19,José Miguel de Velasco,Santa Cruz,Bolivia,85,8,28,9,0.0,0.58,,79.5
cbacc136-b96e-324e-b637-45a7a0648180, -16.198200, -60.403700,2026-06-20 21:20:00,GOES-19,José Miguel de Velasco,Santa Cruz,Bolivia,85,8,28,0,0.0,1.0,,249.1
3b61ae65-4ca2-3492-af31-1e22b01c5581, -15.975400, -61.196200,2026-06-20 21:20:00,GOES-19,José Miguel de Velasco,Santa Cruz,Bolivia,85,8,28,10,0.0,0.57,,75.2
91f5914f-4a39-327e-ae54-b324d6394ac1, -18.351600, -59.078500,2026-06-20 21:20:00,GOES-19,Chiquitos,Santa Cruz,Bolivia,80,8,28,0,0.0,0.44,,152.5
a8a002ba-8ea5-3919-90f0-3659cb9f5783, -18.332100, -59.060300,2026-06-20 21:20:00,GOES-19,Chiquitos,Santa Cruz,Bolivia,80,8,28,1,0.0,0.45,,84.7
b8635307-ba61-3d52-9bad-bf16664365c8, -15.928300, -61.929200,2026-06-20 21:20:00,GOES-19,Ñuflo de Chávez,Santa Cruz,Bolivia,78,8,28,0,0.5,0.14,,105.6
b59d0d12-3803-36c1-99d6-e7a9e69b7db3, -18.351900, -59.058100,2026-06-20 21:20:00,GOES-19,Chiquitos,Santa Cruz,Bolivia,80,8,28,0,0.0,0.44,,107.2
b22663d1-2a73-385f-bfb7-9fdfce85b3dc, -18.331800, -59.080700,2026-06-20 21:20:00,GOES-19,Chiquitos,Santa Cruz,Bolivia,80,8,28,1,0.0,0.45,,92.3
ca24d225-dbf6-3505-ac08-876bf50a9617, -11.957900, -43.967300,2026-06-20 21:20:00,GOES-19,WANDERLEY,BAHIA,Brasil,2933455,29,33,21,0.0,1.0,Cerrado,65.6
062b9841-99d9-3bab-8065-4ea6fd516fa9, -16.178800, -60.405500,2026-06-20 21:20:00,GOES-19,José Miguel de Velasco,Santa Cruz,Bolivia,85,8,28,0,0.0,0.85,,265.0
e94373b3-d5ac-3c98-808c-e229caf005df, -16.178800, -60.405500,2026-06-20 21:30:00,GOES-19,José Miguel de Velasco,Santa Cruz,Bolivia,85,8,28,0,0.0,0.85,,245.7
3e6e921d-5e24-3c51-a8df-f7107f541f46, -16.198200, -60.403700,2026-06-20 21:30:00,GOES-19,José Miguel de Velasco,Santa Cruz,Bolivia,85,8,28,0,0.0,1.0,,212.7
46d576a5-13be-36a3-98c4-fc5ca0e5dc99, -15.928300, -61.929200,2026-06-20 21:30:00,GOES-19,Ñuflo de Chávez,Santa Cruz,Bolivia,78,8,28,0,0.5,0.14,,94.1
6164e546-5e8f-3c0a-9d22-a6fede31c81c, -15.908900, -61.930700,2026-06-20 21:30:00,GOES-19,Ñuflo de Chávez,Santa Cruz,Bolivia,78,8,28,0,0.41,0.16,,88.7
67f14544-87c6-3041-b63e-21c269b28fa1, -12.513100, -48.302400,2026-06-20 21:40:00,GOES-19,SÃO SALVADOR DO TOCANTINS,TOCANTINS,Brasil,1720259,17,33,28,0.0,1.0,Cerrado,78.5
4cf33225-7295-3ae6-b3f2-1e33a28d07c2, -15.908900, -61.930700,2026-06-20 21:40:00,GOES-19,Ñuflo de Chávez,Santa Cruz,Bolivia,78,8,28,0,0.41,0.16,,132.7
202bc19a-5658-39b0-9929-74e81e004881,  -8.888600, -46.941800,2026-06-20 21:40:00,GOES-19,BALSAS,MARANHÃO,Brasil,2101400,21,33,41,0.0,1.0,Cerrado,90.6
f14b59f8-3891-395b-a056-d965086c6c8d, -15.928300, -61.929200,2026-06-20 21:40:00,GOES-19,Ñuflo de Chávez,Santa Cruz,Bolivia,78,8,28,0,0.5,0.14,,109.9
386bbd85-b134-3d34-897f-eb8c4a54d2d4,  -8.907500, -46.939900,2026-06-20 21:40:00,GOES-19,BALSAS,MARANHÃO,Brasil,2101400,21,33,35,0.0,1.0,Cerrado,148.6
8afa6244-a959-31fb-b1e5-b5e0637dfbaf, -11.649700, -48.547300,2026-06-20 21:40:00,GOES-19,PEIXE,TOCANTINS,Brasil,1716604,17,33,28,0.0,1.0,Cerrado,186.6
454792bb-fc88-3212-b6c3-cdf8d642dda8,  -5.813200, -45.057300,2026-06-20 21:40:00,GOES-19,BARRA DO CORDA,MARANHÃO,Brasil,2101608,21,33,3,0.0,0.91,Cerrado,82.4
965a4eca-6df5-3716-bc65-1f3220dd6e49, -11.630900, -48.527700,2026-06-20 21:40:00,GOES-19,PEIXE,TOCANTINS,Brasil,1716604,17,33,28,0.0,1.0,Cerrado,216.4
c1c5b152-fc1b-32ed-9b57-ab91eb05f24c,  -5.831700, -45.078600,2026-06-20 21:40:00,GOES-19,BARRA DO CORDA,MARANHÃO,Brasil,2101608,21,33,5,0.0,0.93,Cerrado,82.3
50ac71ee-76ae-30e4-a20c-37c7c6330e14, -11.957900, -43.967300,2026-06-20 21:40:00,GOES-19,WANDERLEY,BAHIA,Brasil,2933455,29,33,21,0.0,1.0,Cerrado,62.8
d67aecc1-8dbc-3fec-a117-c85817335046,  -5.813000, -45.079900,2026-06-20 21:40:00,GOES-19,BARRA DO CORDA,MARANHÃO,Brasil,2101608,21,33,5,0.0,0.9,Cerrado,194.5
6814fed8-e62e-3c92-94c8-b76f3957ad05, -11.630600, -48.549700,2026-06-20 21:40:00,GOES-19,PEIXE,TOCANTINS,Brasil,1716604,17,33,28,0.0,1.0,Cerrado,137.1
9ac6713c-e165-3cd3-a894-ec94508ddd70, -11.650000, -48.525300,2026-06-20 21:40:00,GOES-19,PEIXE,TOCANTINS,Brasil,1716604,17,33,28,0.0,1.0,Cerrado,332.6
b1a7ed96-dc8b-33f5-8242-16bd1020b7ca, -11.650000, -48.525300,2026-06-20 21:50:00,GOES-19,PEIXE,TOCANTINS,Brasil,1716604,17,33,28,0.0,1.0,Cerrado,260.2
bbe71cfc-f10a-3e52-a290-8763057bbe3d,  -8.888600, -46.941800,2026-06-20 21:50:00,GOES-19,BALSAS,MARANHÃO,Brasil,2101400,21,33,41,0.0,1.0,Cerrado,68.9
d7026ce4-aeca-3f82-b5c4-ad315ed9ced4,  -8.907500, -46.939900,2026-06-20 21:50:00,GOES-19,BALSAS,MARANHÃO,Brasil,2101400,21,33,35,0.0,1.0,Cerrado,144.7
6fd1e7d8-9967-37e4-af83-885f9dee4683,  -4.858800, -42.862800,2026-06-20 21:50:00,GOES-19,TERESINA,PIAUÍ,Brasil,2211001,22,33,2,0.0,0.72,Cerrado,67.6
27feb4aa-d2c5-3f44-a6c7-6b3b0af3c8ca,  -5.831700, -45.078600,2026-06-20 21:50:00,GOES-19,BARRA DO CORDA,MARANHÃO,Brasil,2101608,21,33,5,0.0,0.93,Cerrado,77.4
535546e0-2908-316b-8bb9-061a15a6d3bc,  -7.339900, -49.624100,2026-06-20 21:50:00,GOES-19,FLORESTA DO ARAGUAIA,PARÁ,Brasil,1503044,15,33,8,0.0,0.89,Amazônia,81.7
c567b23a-08ec-302e-9a5e-614f2a14fb88,  -5.813200, -45.057300,2026-06-20 21:50:00,GOES-19,BARRA DO CORDA,MARANHÃO,Brasil,2101608,21,33,3,0.0,0.91,Cerrado,66.5
4a63107c-5879-327e-9e99-e8232b3369b2,  -5.813000, -45.079900,2026-06-20 21:50:00,GOES-19,BARRA DO CORDA,MARANHÃO,Brasil,2101608,21,33,5,0.0,0.9,Cerrado,153.9
c9a5dba5-5d55-3f4d-95ab-b59f3f2d21d3, -11.649700, -48.547300,2026-06-20 21:50:00,GOES-19,PEIXE,TOCANTINS,Brasil,1716604,17,33,28,0.0,1.0,Cerrado,160.7
347c4665-a4c3-32a7-ae8c-743c64b3f9b4, -12.513100, -48.302400,2026-06-20 21:50:00,GOES-19,SÃO SALVADOR DO TOCANTINS,TOCANTINS,Brasil,1720259,17,33,28,0.0,1.0,Cerrado,93.1
ba4f3061-841e-3463-85ab-5e49f5f294fd, -11.630600, -48.549700,2026-06-20 21:50:00,GOES-19,PEIXE,TOCANTINS,Brasil,1716604,17,33,28,0.0,1.0,Cerrado,168.3
d47052f1-c5db-3428-8bb3-17adf9a16992, -11.630900, -48.527700,2026-06-20 21:50:00,GOES-19,PEIXE,TOCANTINS,Brasil,1716604,17,33,28,0.0,1.0,Cerrado,267.6
895e6b8c-ae53-30ab-9e72-c5d79d289bda, -11.630900, -48.527700,2026-06-20 22:00:00,GOES-19,PEIXE,TOCANTINS,Brasil,1716604,17,33,28,0.0,1.0,Cerrado,235.7
b9752840-aa9f-3ebc-82cf-ebce315b51a4,  -8.340300, -50.501700,2026-06-20 22:00:00,GOES-19,SANTA MARIA DAS BARREIRAS,PARÁ,Brasil,1506583,15,33,39,0.0,1.0,Amazônia,50.4
186c2c5e-192c-3514-b3bc-39b5d218704a, -11.630600, -48.549700,2026-06-20 22:00:00,GOES-19,PEIXE,TOCANTINS,Brasil,1716604,17,33,28,0.0,1.0,Cerrado,105.5
28965ff8-689a-38c9-9f59-ee4d135e0cea, -11.649700, -48.547300,2026-06-20 22:00:00,GOES-19,PEIXE,TOCANTINS,Brasil,1716604,17,33,28,0.0,1.0,Cerrado,130.1
698ab80e-522c-3647-a282-6d85abba3263,  -8.359000, -50.500200,2026-06-20 22:00:00,GOES-19,SANTA MARIA DAS BARREIRAS,PARÁ,Brasil,1506583,15,33,39,0.0,0.84,Amazônia,73.8
f8da7a2e-02c4-3cc2-ae0f-3cd398b02152,  -5.831700, -45.078600,2026-06-20 22:00:00,GOES-19,BARRA DO CORDA,MARANHÃO,Brasil,2101608,21,33,5,0.0,0.93,Cerrado,76.5
d0d2f4fb-cf8b-3468-ad6f-c872e776bd76,  -5.813000, -45.079900,2026-06-20 22:00:00,GOES-19,BARRA DO CORDA,MARANHÃO,Brasil,2101608,21,33,5,0.0,0.9,Cerrado,155.1
222a8de3-3c8f-376f-b054-85c21ee94178, -12.513100, -48.302400,2026-06-20 22:00:00,GOES-19,SÃO SALVADOR DO TOCANTINS,TOCANTINS,Brasil,1720259,17,33,28,0.0,1.0,Cerrado,72.4
e6062b2f-f245-3081-b9d8-ea135f4a9be5, -11.650000, -48.525300,2026-06-20 22:00:00,GOES-19,PEIXE,TOCANTINS,Brasil,1716604,17,33,28,0.0,1.0,Cerrado,314.9
90f2f58f-300b-3d3b-a7c8-7d2fac33a300,  -8.907500, -46.939900,2026-06-20 22:00:00,GOES-19,BALSAS,MARANHÃO,Brasil,2101400,21,33,35,0.0,1.0,Cerrado,59.9
86e95d4f-ac6a-3005-8f7f-a5c27a809651, -11.298300, -54.726000,2026-06-20 22:10:00,GOES-19,CLÁUDIA,MATO GROSSO,Brasil,5103056,51,33,9,1.33,0.81,Amazônia,74.4
6dfd6824-c09f-33a9-be01-cdb63aa5a6e7,  -5.831700, -45.078600,2026-06-20 22:10:00,GOES-19,BARRA DO CORDA,MARANHÃO,Brasil,2101608,21,33,5,0.0,0.93,Cerrado,67.4
ce903388-e6e5-3911-9a5f-2498192dcfa2,   5.995400, -68.682500,2026-06-20 22:10:00,GOES-19,La Primavera,Vichada,Colombia,1061,32,53,0,0.1,0.0,,92.5
5b172128-487c-335b-a51d-bdb04620f6ba, -11.062200, -52.460300,2026-06-20 22:10:00,GOES-19,SÃO JOSÉ DO XINGU,MATO GROSSO,Brasil,5107354,51,33,0,0.5,0.39,Amazônia,71.5
f9fe7904-a85c-352d-b00e-a9a5ec29699d, -11.630600, -48.549700,2026-06-20 22:10:00,GOES-19,PEIXE,TOCANTINS,Brasil,1716604,17,33,28,0.0,1.0,Cerrado,107.9
fc3d42e7-c5c4-34df-bb23-ac992766f727, -11.640700, -54.552000,2026-06-20 22:10:00,GOES-19,UNIÃO DO SUL,MATO GROSSO,Brasil,5108303,51,33,9,0.29,0.55,Amazônia,95.6
3cb77a36-99cc-34c5-a50c-9c9bc6457f7f, -18.332100, -59.060300,2026-06-20 22:10:00,GOES-19,Chiquitos,Santa Cruz,Bolivia,80,8,28,1,0.0,0.45,,77.6
7e230f01-0b37-300e-b3a8-12e09f701629, -11.116800, -54.129400,2026-06-20 22:10:00,GOES-19,MARCELÂNDIA,MATO GROSSO,Brasil,5105580,51,33,1,0.6,0.98,Amazônia,91.1
9da0480a-e8b6-30b8-abd8-272e04703519, -18.351600, -59.078500,2026-06-20 22:10:00,GOES-19,Chiquitos,Santa Cruz,Bolivia,80,8,28,0,0.0,0.44,,143.1
7b5d05df-bae5-304e-b35a-4d8275189993,  -5.813200, -45.057300,2026-06-20 22:10:00,GOES-19,BARRA DO CORDA,MARANHÃO,Brasil,2101608,21,33,3,0.0,0.91,Cerrado,63.4
d1fed174-148e-3700-a0f8-511a38a486d2, -11.116500, -54.149900,2026-06-20 22:10:00,GOES-19,MARCELÂNDIA,MATO GROSSO,Brasil,5105580,51,33,0,0.4,0.48,Amazônia,172.9
81c7d9b2-2324-34f0-8049-0644365c3135, -18.331800, -59.080700,2026-06-20 22:10:00,GOES-19,Chiquitos,Santa Cruz,Bolivia,80,8,28,1,0.0,0.45,,81.7
4c23a365-a918-359f-9145-ecf2eb2a4556, -12.832600, -49.792200,2026-06-20 22:10:00,GOES-19,ARAGUAÇU,TOCANTINS,Brasil,1702000,17,33,7,0.0,1.0,Cerrado,71.3
b01e06d1-c408-37af-87cf-deba305ab634, -11.640400, -54.572400,2026-06-20 22:10:00,GOES-19,UNIÃO DO SUL,MATO GROSSO,Brasil,5108303,51,33,9,0.2,0.62,Amazônia,55.6
38411c42-f904-3948-8682-3d85ebf408a7, -12.422900, -54.188800,2026-06-20 22:10:00,GOES-19,NOVA UBIRATÃ,MATO GROSSO,Brasil,5106240,51,33,24,0.82,0.87,Amazônia,67.0
983f855c-892c-34dd-929c-8c5964f995c3,  -8.359000, -50.500200,2026-06-20 22:10:00,GOES-19,SANTA MARIA DAS BARREIRAS,PARÁ,Brasil,1506583,15,33,39,0.0,0.84,Amazônia,65.0
67bad788-7f15-332d-99e6-dbe4afd6a547, -11.630900, -48.527700,2026-06-20 22:10:00,GOES-19,PEIXE,TOCANTINS,Brasil,1716604,17,33,28,0.0,1.0,Cerrado,186.8
21368c2b-f1bb-3683-8457-1f1e0ad93c63, -18.351900, -59.058100,2026-06-20 22:10:00,GOES-19,Chiquitos,Santa Cruz,Bolivia,80,8,28,0,0.0,0.44,,97.2
a08ffb3b-fa03-3bf4-a3d9-b0fa8af3bf1d,  -5.813000, -45.079900,2026-06-20 22:10:00,GOES-19,BARRA DO CORDA,MARANHÃO,Brasil,2101608,21,33,5,0.0,0.9,Cerrado,142.7
34afb745-d829-3964-92c8-521e6ac08a4c, -11.097400, -54.172100,2026-06-20 22:10:00,GOES-19,MARCELÂNDIA,MATO GROSSO,Brasil,5105580,51,33,0,0.38,0.4,Amazônia,46.8
2b6c6c65-0fce-3016-a58d-ec4034e171c4, -12.513100, -48.302400,2026-06-20 22:10:00,GOES-19,SÃO SALVADOR DO TOCANTINS,TOCANTINS,Brasil,1720259,17,33,28,0.0,1.0,Cerrado,84.3
4fa1256e-39c9-3d8a-b0ed-88bb776d9452, -11.650000, -48.525300,2026-06-20 22:10:00,GOES-19,PEIXE,TOCANTINS,Brasil,1716604,17,33,28,0.0,1.0,Cerrado,234.5
7d201f6b-b2d4-30a3-98ec-54a602789c08, -11.097600, -54.151600,2026-06-20 22:10:00,GOES-19,MARCELÂNDIA,MATO GROSSO,Brasil,5105580,51,33,0,0.4,0.89,Amazônia,185.7
7c680485-680c-3859-99ab-7576f90225f2, -11.649700, -48.547300,2026-06-20 22:10:00,GOES-19,PEIXE,TOCANTINS,Brasil,1716604,17,33,28,0.0,1.0,Cerrado,131.6
8626a2a6-531c-364d-88bf-0ac0e11523c8, -11.116300, -54.170400,2026-06-20 22:10:00,GOES-19,MARCELÂNDIA,MATO GROSSO,Brasil,5105580,51,33,0,0.39,0.4,Amazônia,50.6
0abc2237-3054-332e-87de-f9dfcd09d185, -11.097900, -54.131100,2026-06-20 22:10:00,GOES-19,MARCELÂNDIA,MATO GROSSO,Brasil,5105580,51,33,1,0.5,0.98,Amazônia,119.4
92dbf070-bf29-34cb-82f7-22decdae3304, -16.934300, -60.674700,2026-06-20 22:20:00,GOES-19,José Miguel de Velasco,Santa Cruz,Bolivia,85,8,28,10,0.3,0.98,,72.3
3d0e34e9-efaf-3d8f-9261-097db86e0f48, -16.934100, -60.694600,2026-06-20 22:20:00,GOES-19,José Miguel de Velasco,Santa Cruz,Bolivia,85,8,28,10,0.26,0.49,,42.8
de723fef-75fa-3b52-9b01-1d2c9067ce45, -12.832600, -49.792200,2026-06-20 22:20:00,GOES-19,ARAGUAÇU,TOCANTINS,Brasil,1702000,17,33,7,0.0,1.0,Cerrado,62.6
bbc6d6a3-0fa1-3a6e-8133-8c7c14f952d0, -11.630600, -48.549700,2026-06-20 22:20:00,GOES-19,PEIXE,TOCANTINS,Brasil,1716604,17,33,28,0.0,1.0,Cerrado,101.4
becec835-14f0-3b4e-bdcd-0f4544697536, -11.630900, -48.527700,2026-06-20 22:20:00,GOES-19,PEIXE,TOCANTINS,Brasil,1716604,17,33,28,0.0,1.0,Cerrado,152.9
46576dcf-39b5-3f2b-a3d7-97b8d397975a, -11.062200, -52.460300,2026-06-20 22:20:00,GOES-19,SÃO JOSÉ DO XINGU,MATO GROSSO,Brasil,5107354,51,33,0,0.5,0.39,Amazônia,66.1
f4056122-6c56-354f-a0a5-51e62e232e55, -16.918900, -60.356800,2026-06-20 22:20:00,GOES-19,José Miguel de Velasco,Santa Cruz,Bolivia,85,8,28,9,3.18,0.34,,61.9
628dac7d-4661-39a8-8130-a7ccd4571aaa, -11.640700, -54.552000,2026-06-20 22:20:00,GOES-19,UNIÃO DO SUL,MATO GROSSO,Brasil,5108303,51,33,9,0.29,0.55,Amazônia,86.0
a9a7b083-36ba-3cc0-a4fb-c3e5d411ce61, -11.097900, -54.131100,2026-06-20 22:20:00,GOES-19,MARCELÂNDIA,MATO GROSSO,Brasil,5105580,51,33,1,0.5,0.98,Amazônia,121.5
49cce29c-672f-3d5a-8b74-78b9bae58df3, -18.332100, -59.060300,2026-06-20 22:20:00,GOES-19,Chiquitos,Santa Cruz,Bolivia,80,8,28,1,0.0,0.45,,76.1
ea60980c-76b3-30df-bbb2-022eb4cf60b9, -11.097400, -54.172100,2026-06-20 22:20:00,GOES-19,MARCELÂNDIA,MATO GROSSO,Brasil,5105580,51,33,0,0.38,0.4,Amazônia,51.2
7a2af126-b973-3c8b-ba4a-eb491239d7fc,  -8.602800, -47.214200,2026-06-20 22:20:00,GOES-19,RECURSOLÂNDIA,TOCANTINS,Brasil,1718501,17,33,34,0.0,1.0,Cerrado,62.3
9c81b883-fcf4-3434-b105-58ac2df5e313, -11.298300, -54.726000,2026-06-20 22:20:00,GOES-19,CLÁUDIA,MATO GROSSO,Brasil,5103056,51,33,9,1.33,0.81,Amazônia,80.0
715da13d-fc25-3329-aec1-0f070ba24e49,  -5.813000, -45.079900,2026-06-20 22:20:00,GOES-19,BARRA DO CORDA,MARANHÃO,Brasil,2101608,21,33,5,0.0,0.9,Cerrado,144.2
af63c734-4ae1-3fbc-bafa-ae8e7f7fde8b, -11.649700, -48.547300,2026-06-20 22:20:00,GOES-19,PEIXE,TOCANTINS,Brasil,1716604,17,33,28,0.0,1.0,Cerrado,124.6
61f5ce2b-c419-3bdb-b0bd-5412419c8a80, -17.497200, -59.576500,2026-06-20 22:20:00,GOES-19,Chiquitos,Santa Cruz,Bolivia,80,8,28,9,0.0,0.57,,65.0
1e414ec1-5081-3bfa-9d04-037cc019fcfc, -11.116500, -54.149900,2026-06-20 22:20:00,GOES-19,MARCELÂNDIA,MATO GROSSO,Brasil,5105580,51,33,0,0.4,0.48,Amazônia,111.7
a8fd72ea-e6ca-3235-9042-e7f73d76c2a7, -17.497500, -59.556300,2026-06-20 22:20:00,GOES-19,Chiquitos,Santa Cruz,Bolivia,80,8,28,9,0.0,0.58,,62.2
a116509e-e8eb-38a3-8529-8fca77b18f1f,  -5.813200, -45.057300,2026-06-20 22:20:00,GOES-19,BARRA DO CORDA,MARANHÃO,Brasil,2101608,21,33,3,0.0,0.91,Cerrado,62.4
32959bf7-4196-340a-bd10-5ce998f571a2, -18.351600, -59.078500,2026-06-20 22:20:00,GOES-19,Chiquitos,Santa Cruz,Bolivia,80,8,28,0,0.0,0.44,,135.0
903a7d98-4241-30ae-be8c-45c127ba4496, -17.477500, -59.578500,2026-06-20 22:20:00,GOES-19,Chiquitos,Santa Cruz,Bolivia,80,8,28,8,0.0,0.57,,52.2
f6979725-22d7-3c14-877f-8d75b28a7b06, -18.331800, -59.080700,2026-06-20 22:20:00,GOES-19,Chiquitos,Santa Cruz,Bolivia,80,8,28,1,0.0,0.45,,76.3
c7b47ba4-6c64-37b8-b331-fe082600fae3, -11.650000, -48.525300,2026-06-20 22:20:00,GOES-19,PEIXE,TOCANTINS,Brasil,1716604,17,33,28,0.0,1.0,Cerrado,213.3
ff13b333-a410-3ede-8ddc-9a59619b5413, -16.919200, -60.336700,2026-06-20 22:20:00,GOES-19,José Miguel de Velasco,Santa Cruz,Bolivia,85,8,28,9,3.15,0.35,,47.6
22a9f26e-93f7-34de-b876-f701f53e9090, -11.097600, -54.151600,2026-06-20 22:20:00,GOES-19,MARCELÂNDIA,MATO GROSSO,Brasil,5105580,51,33,0,0.4,0.89,Amazônia,196.6
68079441-e9ab-3aa7-8b95-236d11eab875,  -8.359000, -50.500200,2026-06-20 22:20:00,GOES-19,SANTA MARIA DAS BARREIRAS,PARÁ,Brasil,1506583,15,33,39,0.0,0.84,Amazônia,62.6
bc1cf6d6-d6da-3c99-9e1b-e4ba88404c3c, -18.351900, -59.058100,2026-06-20 22:20:00,GOES-19,Chiquitos,Santa Cruz,Bolivia,80,8,28,0,0.0,0.44,,91.9
aa1d239e-969c-368d-9e8d-7866ef4bcd5d, -12.513100, -48.302400,2026-06-20 22:20:00,GOES-19,SÃO SALVADOR DO TOCANTINS,TOCANTINS,Brasil,1720259,17,33,28,0.0,1.0,Cerrado,82.0
10b0dcda-3790-3b58-af88-9ad618dad83f, -11.116800, -54.129400,2026-06-20 22:20:00,GOES-19,MARCELÂNDIA,MATO GROSSO,Brasil,5105580,51,33,1,0.6,0.98,Amazônia,68.2
4c664535-4e33-3900-8d18-68217a319bae, -17.477800, -59.558300,2026-06-20 22:20:00,GOES-19,Chiquitos,Santa Cruz,Bolivia,80,8,28,9,0.0,0.58,,53.1
6541b9a8-716d-3449-ab0d-8fafb4309050, -12.422900, -54.188800,2026-06-20 22:20:00,GOES-19,NOVA UBIRATÃ,MATO GROSSO,Brasil,5106240,51,33,24,0.82,0.87,Amazônia,70.3
ae38f86b-e7a9-39ca-aec6-59ead93e1941, -11.097600, -54.151600,2026-06-20 22:30:00,GOES-19,MARCELÂNDIA,MATO GROSSO,Brasil,5105580,51,33,0,0.4,0.89,Amazônia,118.8
0668efda-05c1-316c-baa0-2329450636e7, -18.351600, -59.078500,2026-06-20 22:30:00,GOES-19,Chiquitos,Santa Cruz,Bolivia,80,8,28,0,0.0,0.44,,134.1
1aae32f6-db95-3949-8e07-afad2c31122a, -16.178800, -60.405500,2026-06-20 22:30:00,GOES-19,José Miguel de Velasco,Santa Cruz,Bolivia,85,8,28,0,0.0,0.85,,34.6
21eab53d-829e-3d87-b5f4-6725d0db1324, -18.332100, -59.060300,2026-06-20 22:30:00,GOES-19,Chiquitos,Santa Cruz,Bolivia,80,8,28,1,0.0,0.45,,70.6
9f136d40-d78e-3794-99e9-933c7f8a93a7, -11.097900, -54.131100,2026-06-20 22:30:00,GOES-19,MARCELÂNDIA,MATO GROSSO,Brasil,5105580,51,33,1,0.5,0.98,Amazônia,75.6
c9a2ff2b-a05f-326e-bddf-53d5cdc73976, -16.934300, -60.674700,2026-06-20 22:30:00,GOES-19,José Miguel de Velasco,Santa Cruz,Bolivia,85,8,28,10,0.3,0.98,,79.7
df218527-d3c9-37bb-835a-15e1ea31b2f2, -15.928300, -61.929200,2026-06-20 22:30:00,GOES-19,Ñuflo de Chávez,Santa Cruz,Bolivia,78,8,28,0,0.5,0.14,,33.4
4b790542-0118-31a1-a258-6c0586c932a1, -15.601000, -61.817400,2026-06-20 22:30:00,GOES-19,Ñuflo de Chávez,Santa Cruz,Bolivia,78,8,28,8,0.0,0.37,,36.9
cb2d4f90-1923-3fcd-af02-7d45c8ad1652, -17.497200, -59.576500,2026-06-20 22:30:00,GOES-19,Chiquitos,Santa Cruz,Bolivia,80,8,28,9,0.0,0.57,,72.0
ad7ff255-c7a4-3664-a645-6b614b42c8de, -16.146000, -61.517600,2026-06-20 22:30:00,GOES-19,José Miguel de Velasco,Santa Cruz,Bolivia,85,8,28,9,0.0,0.41,,60.8
91957db9-1fbd-3087-a52b-4f1f70e050f9, -16.919200, -60.336700,2026-06-20 22:30:00,GOES-19,José Miguel de Velasco,Santa Cruz,Bolivia,85,8,28,9,3.15,0.35,,56.6
8211b197-e1bd-3178-b9d3-90e798091132,  -8.359000, -50.500200,2026-06-20 22:30:00,GOES-19,SANTA MARIA DAS BARREIRAS,PARÁ,Brasil,1506583,15,33,39,0.0,0.84,Amazônia,61.8
ef49969d-ec5d-3a83-b1e2-4d633aa8ecf8, -11.298300, -54.726000,2026-06-20 22:30:00,GOES-19,CLÁUDIA,MATO GROSSO,Brasil,5103056,51,33,9,1.33,0.81,Amazônia,77.4
85fca297-5bda-3fb8-8c9e-90c8bcbf9430, -18.351900, -59.058100,2026-06-20 22:30:00,GOES-19,Chiquitos,Santa Cruz,Bolivia,80,8,28,0,0.0,0.44,,85.6
45f4dbc4-5bc4-312f-87fc-8a71b5e325cf, -15.975400, -61.196200,2026-06-20 22:30:00,GOES-19,José Miguel de Velasco,Santa Cruz,Bolivia,85,8,28,10,0.0,0.57,,28.5
bbb5d01d-18a8-3ace-91ce-a6de90ba5abe, -16.918900, -60.356800,2026-06-20 22:30:00,GOES-19,José Miguel de Velasco,Santa Cruz,Bolivia,85,8,28,9,3.18,0.34,,51.8
d9788992-e82e-361f-be92-d4dbe05b1cf6, -11.630900, -48.527700,2026-06-20 22:30:00,GOES-19,PEIXE,TOCANTINS,Brasil,1716604,17,33,28,0.0,1.0,Cerrado,182.8
375ae377-fb0e-3d74-a713-5b3a1945c477, -17.497500, -59.556300,2026-06-20 22:30:00,GOES-19,Chiquitos,Santa Cruz,Bolivia,80,8,28,9,0.0,0.58,,75.3
7f371c57-7ac6-35e5-9f27-bb779dfb5dce, -11.630600, -48.549700,2026-06-20 22:30:00,GOES-19,PEIXE,TOCANTINS,Brasil,1716604,17,33,28,0.0,1.0,Cerrado,84.2
e1e8cff4-28cb-3f5a-8e6d-dae83e8a6190, -16.126800, -61.499500,2026-06-20 22:30:00,GOES-19,José Miguel de Velasco,Santa Cruz,Bolivia,85,8,28,10,0.0,0.43,,71.6
7ee3a793-7c66-32ca-bbf3-1046a1c86327, -11.116800, -54.129400,2026-06-20 22:30:00,GOES-19,MARCELÂNDIA,MATO GROSSO,Brasil,5105580,51,33,1,0.6,0.98,Amazônia,51.7
f4d22aa7-8bb0-389d-8f09-03f06eb0b500, -16.146200, -61.497900,2026-06-20 22:30:00,GOES-19,José Miguel de Velasco,Santa Cruz,Bolivia,85,8,28,9,0.0,0.42,,61.2
8d811288-37c1-3bb1-bbed-3479c8778b95,  -5.813000, -45.079900,2026-06-20 22:30:00,GOES-19,BARRA DO CORDA,MARANHÃO,Brasil,2101608,21,33,5,0.0,0.9,Cerrado,129.3
6754e442-5ab9-3a34-a8e9-163e983ce8d7, -15.909200, -61.911000,2026-06-20 22:30:00,GOES-19,Ñuflo de Chávez,Santa Cruz,Bolivia,78,8,28,1,0.35,0.17,,27.8
17fed10f-b670-3f1d-810f-f00e91da4b32, -15.581700, -61.818900,2026-06-20 22:30:00,GOES-19,Ñuflo de Chávez,Santa Cruz,Bolivia,78,8,28,7,0.0,0.39,,37.0
59b2e361-6d56-3223-912e-4640ac71cd64, -12.422900, -54.188800,2026-06-20 22:30:00,GOES-19,NOVA UBIRATÃ,MATO GROSSO,Brasil,5106240,51,33,24,0.82,0.87,Amazônia,51.9
62dad815-1cad-3b38-bad6-d1c325ca29c0, -16.126600, -61.519200,2026-06-20 22:30:00,GOES-19,José Miguel de Velasco,Santa Cruz,Bolivia,85,8,28,10,0.0,0.42,,68.4
31afc24d-f843-3421-9673-54008a12de4d, -11.650000, -48.525300,2026-06-20 22:30:00,GOES-19,PEIXE,TOCANTINS,Brasil,1716604,17,33,28,0.0,1.0,Cerrado,219.4
c776ff2f-f331-38cf-ac6b-e5052ddbb775, -15.601200, -61.797800,2026-06-20 22:30:00,GOES-19,Ñuflo de Chávez,Santa Cruz,Bolivia,78,8,28,7,0.0,0.37,,28.0
72dfd063-563b-3f4a-a9f4-59b16a2326a8, -16.899100, -60.378600,2026-06-20 22:30:00,GOES-19,José Miguel de Velasco,Santa Cruz,Bolivia,85,8,28,10,2.55,0.39,,50.8
4a0c31d9-bf83-3785-a751-1dda1b0e8dbf, -18.331800, -59.080700,2026-06-20 22:30:00,GOES-19,Chiquitos,Santa Cruz,Bolivia,80,8,28,1,0.0,0.45,,77.1
b64abead-3351-31b9-8d63-f0d573ea2bdb,  -5.831700, -45.078600,2026-06-20 22:30:00,GOES-19,BARRA DO CORDA,MARANHÃO,Brasil,2101608,21,33,5,0.0,0.93,Cerrado,68.5
30fc74f2-a835-3b9e-9015-94a4213d1b95, -16.934100, -60.694600,2026-06-20 22:30:00,GOES-19,José Miguel de Velasco,Santa Cruz,Bolivia,85,8,28,10,0.26,0.49,,55.5
3124f3ba-6dab-3ceb-be10-5aed6846bfdc, -16.198200, -60.403700,2026-06-20 22:30:00,GOES-19,José Miguel de Velasco,Santa Cruz,Bolivia,85,8,28,0,0.0,1.0,,62.7
3862233e-6e99-333b-9077-5b7ebb4d3351,  -8.602800, -47.214200,2026-06-20 22:30:00,GOES-19,RECURSOLÂNDIA,TOCANTINS,Brasil,1718501,17,33,34,0.0,1.0,Cerrado,51.1
62704fc0-cab1-367d-ada6-c8d266b61aca, -12.513100, -48.302400,2026-06-20 22:30:00,GOES-19,SÃO SALVADOR DO TOCANTINS,TOCANTINS,Brasil,1720259,17,33,28,0.0,1.0,Cerrado,80.4
e2ef63b3-2edf-3e87-aaa4-28fea69a1e9b, -11.116500, -54.149900,2026-06-20 22:30:00,GOES-19,MARCELÂNDIA,MATO GROSSO,Brasil,5105580,51,33,0,0.4,0.48,Amazônia,86.7
d272f7cb-3626-3499-8879-c9e56347fc4f, -12.832600, -49.792200,2026-06-20 22:30:00,GOES-19,ARAGUAÇU,TOCANTINS,Brasil,1702000,17,33,7,0.0,1.0,Cerrado,53.3
a3480a01-7824-32fb-9830-1b93ac4fab03, -11.649700, -48.547300,2026-06-20 22:30:00,GOES-19,PEIXE,TOCANTINS,Brasil,1716604,17,33,28,0.0,1.0,Cerrado,92.5
d0dd41dd-25df-3b2b-a2d1-49c6c248904a, -15.908900, -61.930700,2026-06-20 22:30:00,GOES-19,Ñuflo de Chávez,Santa Cruz,Bolivia,78,8,28,0,0.41,0.16,,68.7
b35b9c61-2804-3b9c-89d0-5ee75af9e673, -18.351900, -59.058100,2026-06-20 22:40:00,GOES-19,Chiquitos,Santa Cruz,Bolivia,80,8,28,0,0.0,0.44,,82.2
3b58d7dd-5943-3039-98ed-fd91ebf00302, -11.116500, -54.149900,2026-06-20 22:40:00,GOES-19,MARCELÂNDIA,MATO GROSSO,Brasil,5105580,51,33,0,0.4,0.48,Amazônia,82.5
d3b799ab-7171-3ce1-bab7-2d80f643965b, -16.146000, -61.517600,2026-06-20 22:40:00,GOES-19,José Miguel de Velasco,Santa Cruz,Bolivia,85,8,28,9,0.0,0.41,,57.7
67850242-0bb6-3b41-9213-ff58a74f3874, -11.298300, -54.726000,2026-06-20 22:40:00,GOES-19,CLÁUDIA,MATO GROSSO,Brasil,5103056,51,33,9,1.33,0.81,Amazônia,82.6
c82f5f8b-35b6-3ba5-a921-22b2855f1c68, -18.332100, -59.060300,2026-06-20 22:40:00,GOES-19,Chiquitos,Santa Cruz,Bolivia,80,8,28,1,0.0,0.45,,69.3
58828dc6-8238-3aec-9965-9377c3f9f4fe, -18.351600, -59.078500,2026-06-20 22:40:00,GOES-19,Chiquitos,Santa Cruz,Bolivia,80,8,28,0,0.0,0.44,,131.3
dc201114-2005-3dd6-be02-07ca5a163e7f, -12.513100, -48.302400,2026-06-20 22:40:00,GOES-19,SÃO SALVADOR DO TOCANTINS,TOCANTINS,Brasil,1720259,17,33,28,0.0,1.0,Cerrado,71.8
4d95737b-e006-30df-9605-0bc95961fce9, -16.146200, -61.497900,2026-06-20 22:40:00,GOES-19,José Miguel de Velasco,Santa Cruz,Bolivia,85,8,28,9,0.0,0.42,,58.8
989a3bf8-c80a-38b2-a25d-875c628f004b, -11.097600, -54.151600,2026-06-20 22:40:00,GOES-19,MARCELÂNDIA,MATO GROSSO,Brasil,5105580,51,33,0,0.4,0.89,Amazônia,148.2
c40a2c3b-d98f-3d93-ae97-666023488f02, -15.601000, -61.817400,2026-06-20 22:40:00,GOES-19,Ñuflo de Chávez,Santa Cruz,Bolivia,78,8,28,8,0.0,0.37,,43.2
b01e4c66-2410-316a-a52f-7116848f5fd2, -16.919200, -60.336700,2026-06-20 22:40:00,GOES-19,José Miguel de Velasco,Santa Cruz,Bolivia,85,8,28,9,3.15,0.35,,52.4
ce33a8eb-f153-3012-85e1-3542c8c9eb6d, -11.630900, -48.527700,2026-06-20 22:40:00,GOES-19,PEIXE,TOCANTINS,Brasil,1716604,17,33,28,0.0,1.0,Cerrado,134.8
f2fdb7c9-4904-343d-982c-34decf1f0ebb, -17.497500, -59.556300,2026-06-20 22:40:00,GOES-19,Chiquitos,Santa Cruz,Bolivia,80,8,28,9,0.0,0.58,,65.5
f09d30c7-61c7-3992-bb25-20c5e6ca7cf2, -11.649700, -48.547300,2026-06-20 22:40:00,GOES-19,PEIXE,TOCANTINS,Brasil,1716604,17,33,28,0.0,1.0,Cerrado,82.1
388b7ef3-52ff-3b33-9e74-2dae561d1e3a, -16.198200, -60.403700,2026-06-20 22:40:00,GOES-19,José Miguel de Velasco,Santa Cruz,Bolivia,85,8,28,0,0.0,1.0,,80.7
e5e84072-eb89-3ee8-8303-985ab9674b49, -12.832600, -49.792200,2026-06-20 22:40:00,GOES-19,ARAGUAÇU,TOCANTINS,Brasil,1702000,17,33,7,0.0,1.0,Cerrado,58.1
f5b4978d-e31d-3fba-949a-7eb7679142e8, -11.630600, -48.549700,2026-06-20 22:40:00,GOES-19,PEIXE,TOCANTINS,Brasil,1716604,17,33,28,0.0,1.0,Cerrado,65.4
acde62cb-bc6e-3ddb-8064-cad652aab09f, -15.581700, -61.818900,2026-06-20 22:40:00,GOES-19,Ñuflo de Chávez,Santa Cruz,Bolivia,78,8,28,7,0.0,0.39,,34.3
a42908f5-1cae-37b7-bac0-738f1fd96d72, -16.126600, -61.519200,2026-06-20 22:40:00,GOES-19,José Miguel de Velasco,Santa Cruz,Bolivia,85,8,28,10,0.0,0.42,,58.5
f0600dc4-feec-3304-b5b1-0e0288710aef, -16.934300, -60.674700,2026-06-20 22:40:00,GOES-19,José Miguel de Velasco,Santa Cruz,Bolivia,85,8,28,10,0.3,0.98,,74.7
795b0457-fe03-3148-9f3b-7f43e9edd85e, -16.918900, -60.356800,2026-06-20 22:40:00,GOES-19,José Miguel de Velasco,Santa Cruz,Bolivia,85,8,28,9,3.18,0.34,,51.9
fa352acc-ac98-3cc3-a37f-0e83c0720ce2, -16.126800, -61.499500,2026-06-20 22:40:00,GOES-19,José Miguel de Velasco,Santa Cruz,Bolivia,85,8,28,10,0.0,0.43,,60.9
b8aef4fc-4b32-3228-b3b5-1fa7506f64be, -11.650000, -48.525300,2026-06-20 22:40:00,GOES-19,PEIXE,TOCANTINS,Brasil,1716604,17,33,28,0.0,1.0,Cerrado,202.4
a209e9fc-ceae-3fdc-9f7d-31a420dfd493, -15.928300, -61.929200,2026-06-20 22:40:00,GOES-19,Ñuflo de Chávez,Santa Cruz,Bolivia,78,8,28,0,0.5,0.14,,50.8
90dc7f9f-f670-3268-ac84-ec97b8ab8e7e, -17.497200, -59.576500,2026-06-20 22:40:00,GOES-19,Chiquitos,Santa Cruz,Bolivia,80,8,28,9,0.0,0.57,,60.1
46b33ebb-887f-3400-a778-25c46d98fcd2,  -5.813000, -45.079900,2026-06-20 22:40:00,GOES-19,BARRA DO CORDA,MARANHÃO,Brasil,2101608,21,33,5,0.0,0.9,Cerrado,139.1
5297e5b4-3280-38ec-aed5-7a72dc393987, -15.581900, -61.799300,2026-06-20 22:40:00,GOES-19,Ñuflo de Chávez,Santa Cruz,Bolivia,78,8,28,6,0.0,0.36,,26.8
919abde6-d329-3396-9b93-fb2663cd5175, -11.116800, -54.129400,2026-06-20 22:40:00,GOES-19,MARCELÂNDIA,MATO GROSSO,Brasil,5105580,51,33,1,0.6,0.98,Amazônia,52.6
6d15cfc9-93e6-3b88-a5ea-d081b3afa38d, -16.178800, -60.405500,2026-06-20 22:40:00,GOES-19,José Miguel de Velasco,Santa Cruz,Bolivia,85,8,28,0,0.0,0.85,,52.2
c267732e-5020-312a-86a0-fc677659490a, -11.097900, -54.131100,2026-06-20 22:40:00,GOES-19,MARCELÂNDIA,MATO GROSSO,Brasil,5105580,51,33,1,0.5,0.98,Amazônia,95.4
f1dd0d4e-40f1-31ee-ae7b-40daf9361339, -15.908900, -61.930700,2026-06-20 22:40:00,GOES-19,Ñuflo de Chávez,Santa Cruz,Bolivia,78,8,28,0,0.41,0.16,,65.3
2dfeee89-d156-3f48-8148-6b8bf1ada3b3, -17.477800, -59.558300,2026-06-20 22:40:00,GOES-19,Chiquitos,Santa Cruz,Bolivia,80,8,28,9,0.0,0.58,,45.9
f7a8c40e-ab37-3c26-9595-11e8b9b23ef6, -18.331800, -59.080700,2026-06-20 22:40:00,GOES-19,Chiquitos,Santa Cruz,Bolivia,80,8,28,1,0.0,0.45,,72.9
ccd0d92b-95b4-3368-995b-9a95556b7565, -15.839100, -61.266800,2026-06-20 22:40:00,GOES-19,José Miguel de Velasco,Santa Cruz,Bolivia,85,8,28,10,0.0,0.56,,29.0
9352917f-0ae6-346a-87bf-89a34bf96343, -16.934100, -60.694600,2026-06-20 22:40:00,GOES-19,José Miguel de Velasco,Santa Cruz,Bolivia,85,8,28,10,0.26,0.49,,52.2
b80a9c41-e351-39ed-b64e-0f4701c8c313, -15.601200, -61.797800,2026-06-20 22:40:00,GOES-19,Ñuflo de Chávez,Santa Cruz,Bolivia,78,8,28,7,0.0,0.37,,32.2
0fdb0d50-6ad2-39a7-bd7e-6715e5871288,  -8.359000, -50.500200,2026-06-20 22:40:00,GOES-19,SANTA MARIA DAS BARREIRAS,PARÁ,Brasil,1506583,15,33,39,0.0,0.84,Amazônia,55.7
758eb170-ba9f-38d7-98d6-1530411670aa, -18.332100, -59.060300,2026-06-20 22:50:00,GOES-19,Chiquitos,Santa Cruz,Bolivia,80,8,28,1,0.0,0.45,,63.1
5ef61464-8651-3aac-8a48-a1666416e29b, -17.497500, -59.556300,2026-06-20 22:50:00,GOES-19,Chiquitos,Santa Cruz,Bolivia,80,8,28,9,0.0,0.58,,63.7
f49f7fc8-7b2f-39db-8526-ed887d2b1f73, -15.601200, -61.797800,2026-06-20 22:50:00,GOES-19,Ñuflo de Chávez,Santa Cruz,Bolivia,78,8,28,7,0.0,0.37,,31.1
fe82de5a-7653-3517-b69b-c2314dc5314e, -18.351900, -59.058100,2026-06-20 22:50:00,GOES-19,Chiquitos,Santa Cruz,Bolivia,80,8,28,0,0.0,0.44,,84.8
cdee5e1e-6814-358c-b4f9-ef24183872b3, -16.146200, -61.497900,2026-06-20 22:50:00,GOES-19,José Miguel de Velasco,Santa Cruz,Bolivia,85,8,28,9,0.0,0.42,,83.6
3dccc816-3d2d-3025-bbb9-6c14e4e3ebc3, -11.097600, -54.151600,2026-06-20 22:50:00,GOES-19,MARCELÂNDIA,MATO GROSSO,Brasil,5105580,51,33,0,0.4,0.89,Amazônia,97.4
58c5ea60-118e-3fa1-b57d-6f5c319b85a6,  -8.359000, -50.500200,2026-06-20 22:50:00,GOES-19,SANTA MARIA DAS BARREIRAS,PARÁ,Brasil,1506583,15,33,39,0.0,0.84,Amazônia,66.8
c703cd3a-3aad-314f-9877-6477f01fecd5, -11.116800, -54.129400,2026-06-20 22:50:00,GOES-19,MARCELÂNDIA,MATO GROSSO,Brasil,5105580,51,33,1,0.6,0.98,Amazônia,56.2
7786bb1c-282e-3e20-a1f8-80ccc642aa4e,  -5.831700, -45.078600,2026-06-20 22:50:00,GOES-19,BARRA DO CORDA,MARANHÃO,Brasil,2101608,21,33,5,0.0,0.93,Cerrado,79.1
3a7ca81c-acb1-38c2-b5e4-14f943965f39, -15.908900, -61.930700,2026-06-20 22:50:00,GOES-19,Ñuflo de Chávez,Santa Cruz,Bolivia,78,8,28,0,0.41,0.16,,50.6
d7c0f58f-e99b-3f65-a871-b7561fd23131, -16.126600, -61.519200,2026-06-20 22:50:00,GOES-19,José Miguel de Velasco,Santa Cruz,Bolivia,85,8,28,10,0.0,0.42,,47.8
5ad9da29-877b-37e2-8826-ff35ee96ecc9, -17.497200, -59.576500,2026-06-20 22:50:00,GOES-19,Chiquitos,Santa Cruz,Bolivia,80,8,28,9,0.0,0.57,,58.7
cbd89c99-0f09-3f12-99eb-0d961a5e00f3, -16.899400, -60.358600,2026-06-20 22:50:00,GOES-19,José Miguel de Velasco,Santa Cruz,Bolivia,85,8,28,9,2.8,0.37,,43.2
62f02e78-34bc-3909-91f4-39c6a45e3b1f,  -5.813000, -45.079900,2026-06-20 22:50:00,GOES-19,BARRA DO CORDA,MARANHÃO,Brasil,2101608,21,33,5,0.0,0.9,Cerrado,96.1
10fabae5-1d90-30bd-bd0e-a9f5ddede64c, -11.650000, -48.525300,2026-06-20 22:50:00,GOES-19,PEIXE,TOCANTINS,Brasil,1716604,17,33,28,0.0,1.0,Cerrado,113.1
d1ba467d-9fe7-35f6-a4dc-2b13a6a38723, -15.601000, -61.817400,2026-06-20 22:50:00,GOES-19,Ñuflo de Chávez,Santa Cruz,Bolivia,78,8,28,8,0.0,0.37,,38.5
ba9e9e97-3907-3b17-b0ee-8930d878759e, -11.097900, -54.131100,2026-06-20 22:50:00,GOES-19,MARCELÂNDIA,MATO GROSSO,Brasil,5105580,51,33,1,0.5,0.98,Amazônia,73.4
baa3aca2-d6f3-30fb-a18f-b4255064873d, -15.928300, -61.929200,2026-06-20 22:50:00,GOES-19,Ñuflo de Chávez,Santa Cruz,Bolivia,78,8,28,0,0.5,0.14,,34.7
3de0fcc2-0f79-32fe-a80b-858a904fb15d, -11.630900, -48.527700,2026-06-20 22:50:00,GOES-19,PEIXE,TOCANTINS,Brasil,1716604,17,33,28,0.0,1.0,Cerrado,179.5
2b9ee95e-6e72-3e15-bfba-9055ee5932e2, -12.513100, -48.302400,2026-06-20 22:50:00,GOES-19,SÃO SALVADOR DO TOCANTINS,TOCANTINS,Brasil,1720259,17,33,28,0.0,1.0,Cerrado,97.4
ac9ec88f-ea06-37eb-a503-576ca8c8c7d3, -16.198200, -60.403700,2026-06-20 22:50:00,GOES-19,José Miguel de Velasco,Santa Cruz,Bolivia,85,8,28,0,0.0,1.0,,46.7
b50626c6-4618-3f54-b33a-9fb0e7955aeb, -12.832600, -49.792200,2026-06-20 22:50:00,GOES-19,ARAGUAÇU,TOCANTINS,Brasil,1702000,17,33,7,0.0,1.0,Cerrado,55.8
f6822f02-db15-38d7-8c2e-7df1c8cb3b76, -11.630600, -48.549700,2026-06-20 22:50:00,GOES-19,PEIXE,TOCANTINS,Brasil,1716604,17,33,28,0.0,1.0,Cerrado,84.1
1e7380fa-6d45-37de-b6d9-4c3578267981, -17.477800, -59.558300,2026-06-20 22:50:00,GOES-19,Chiquitos,Santa Cruz,Bolivia,80,8,28,9,0.0,0.58,,53.0
06a4653c-9593-3d1a-8020-18238e56ee67, -15.581700, -61.818900,2026-06-20 22:50:00,GOES-19,Ñuflo de Chávez,Santa Cruz,Bolivia,78,8,28,7,0.0,0.39,,39.9
e28dbf43-615e-3b11-914e-6cc956ab2d32, -16.918900, -60.356800,2026-06-20 22:50:00,GOES-19,José Miguel de Velasco,Santa Cruz,Bolivia,85,8,28,9,3.18,0.34,,44.9
70e96c99-e8f9-3ec0-8f94-6376c2000aae, -16.146000, -61.517600,2026-06-20 22:50:00,GOES-19,José Miguel de Velasco,Santa Cruz,Bolivia,85,8,28,9,0.0,0.41,,92.4
3d2cc802-67f5-3956-9663-1d9178097d2d, -16.126800, -61.499500,2026-06-20 22:50:00,GOES-19,José Miguel de Velasco,Santa Cruz,Bolivia,85,8,28,10,0.0,0.43,,45.2
7457cd96-a50d-3acf-9d53-0213a017c3ff, -17.477500, -59.578500,2026-06-20 22:50:00,GOES-19,Chiquitos,Santa Cruz,Bolivia,80,8,28,8,0.0,0.57,,50.3
e407356c-38e0-349c-8dcc-e6b31a4742f8, -11.317200, -54.724300,2026-06-20 22:50:00,GOES-19,CLÁUDIA,MATO GROSSO,Brasil,5103056,51,33,9,1.07,0.43,Amazônia,66.2
ab878a00-27ce-3ea7-b77e-0c5647e2a67b, -16.178800, -60.405500,2026-06-20 22:50:00,GOES-19,José Miguel de Velasco,Santa Cruz,Bolivia,85,8,28,0,0.0,0.85,,39.1
6ce79e82-6d93-30b0-9d9f-77acc3b9b34b, -11.116500, -54.149900,2026-06-20 22:50:00,GOES-19,MARCELÂNDIA,MATO GROSSO,Brasil,5105580,51,33,0,0.4,0.48,Amazônia,76.1
0b2689d6-2b6b-31fc-b482-7c55bd23869a, -16.934100, -60.694600,2026-06-20 22:50:00,GOES-19,José Miguel de Velasco,Santa Cruz,Bolivia,85,8,28,10,0.26,0.49,,46.5
7b90ecea-5562-3fcd-bec6-f6e06b0677bf, -16.934300, -60.674700,2026-06-20 22:50:00,GOES-19,José Miguel de Velasco,Santa Cruz,Bolivia,85,8,28,10,0.3,0.98,,73.8
e9ed40b0-6190-39de-bb30-e7fec8bb6c95, -18.331800, -59.080700,2026-06-20 22:50:00,GOES-19,Chiquitos,Santa Cruz,Bolivia,80,8,28,1,0.0,0.45,,68.5
5d112d7d-b8c2-305a-afca-444031141754, -18.351600, -59.078500,2026-06-20 22:50:00,GOES-19,Chiquitos,Santa Cruz,Bolivia,80,8,28,0,0.0,0.44,,117.3
c865dec3-9a5e-3a25-b503-5ed499ca6e61, -15.928300, -61.929200,2026-06-20 23:00:00,GOES-19,Ñuflo de Chávez,Santa Cruz,Bolivia,78,8,28,0,0.5,0.14,,45.9
1d091723-7bd1-3275-bc8a-b2b31d05c98e, -11.116500, -54.149900,2026-06-20 23:00:00,GOES-19,MARCELÂNDIA,MATO GROSSO,Brasil,5105580,51,33,0,0.4,0.48,Amazônia,86.5
e55c41d7-ab62-3816-a498-a22e7d0e52ba, -16.126800, -61.499500,2026-06-20 23:00:00,GOES-19,José Miguel de Velasco,Santa Cruz,Bolivia,85,8,28,10,0.0,0.43,,64.2
7c9cab42-4738-3194-a835-1214e4b5b468, -12.513100, -48.302400,2026-06-20 23:00:00,GOES-19,SÃO SALVADOR DO TOCANTINS,TOCANTINS,Brasil,1720259,17,33,28,0.0,1.0,Cerrado,95.7
98bc4fd6-4a38-39d9-9c66-c071edad2939, -15.581700, -61.818900,2026-06-20 23:00:00,GOES-19,Ñuflo de Chávez,Santa Cruz,Bolivia,78,8,28,7,0.0,0.39,,36.9
aae2caa7-2336-34f5-b4f6-5b7f2c0d2856, -15.601000, -61.817400,2026-06-20 23:00:00,GOES-19,Ñuflo de Chávez,Santa Cruz,Bolivia,78,8,28,8,0.0,0.37,,38.1
9137835d-2344-3c96-b77f-29f7f8b9669a, -16.126600, -61.519200,2026-06-20 23:00:00,GOES-19,José Miguel de Velasco,Santa Cruz,Bolivia,85,8,28,10,0.0,0.42,,51.0
f448626f-6afa-3041-93ad-a75a62bfd431, -16.146200, -61.497900,2026-06-20 23:00:00,GOES-19,José Miguel de Velasco,Santa Cruz,Bolivia,85,8,28,9,0.0,0.42,,125.4
c98f626a-2e53-3e96-8271-b753238be3ce, -16.178800, -60.405500,2026-06-20 23:00:00,GOES-19,José Miguel de Velasco,Santa Cruz,Bolivia,85,8,28,0,0.0,0.85,,39.5
5764388c-f973-353d-bd7d-5f163a8ab70c, -11.097600, -54.151600,2026-06-20 23:00:00,GOES-19,MARCELÂNDIA,MATO GROSSO,Brasil,5105580,51,33,0,0.4,0.89,Amazônia,108.8
8e6030eb-95e1-3d31-aa62-a3f2899bbfae, -17.857000, -40.152400,2026-06-20 23:00:00,GOES-19,MUCURI,BAHIA,Brasil,2922003,29,33,3,0.0,0.99,Mata Atlântica,102.9
e8492c68-0c3a-35aa-869d-fc44ef13dca5,  -5.831700, -45.078600,2026-06-20 23:00:00,GOES-19,BARRA DO CORDA,MARANHÃO,Brasil,2101608,21,33,5,0.0,0.93,Cerrado,79.7
ad8db205-65e0-3fae-990c-dcd4a320cdd5, -17.857800, -40.126300,2026-06-20 23:00:00,GOES-19,MUCURI,BAHIA,Brasil,2922003,29,33,3,0.0,0.98,Mata Atlântica,101.7
65f3480c-a593-39f1-aa36-d59655fe0e6e,  -5.813000, -45.079900,2026-06-20 23:00:00,GOES-19,BARRA DO CORDA,MARANHÃO,Brasil,2101608,21,33,5,0.0,0.9,Cerrado,93.7
8030e638-201a-396e-8e99-eb04dd97aaab, -15.601200, -61.797800,2026-06-20 23:00:00,GOES-19,Ñuflo de Chávez,Santa Cruz,Bolivia,78,8,28,7,0.0,0.37,,38.0
0a4d78e3-3b62-34d9-9078-aaae928f3bcc, -16.146000, -61.517600,2026-06-20 23:00:00,GOES-19,José Miguel de Velasco,Santa Cruz,Bolivia,85,8,28,9,0.0,0.41,,100.9
e0e7d73d-ef7c-3588-831a-a7cd7b6ddd3b, -11.116800, -54.129400,2026-06-20 23:00:00,GOES-19,MARCELÂNDIA,MATO GROSSO,Brasil,5105580,51,33,1,0.6,0.98,Amazônia,58.9
422f6e31-7c27-3b69-b7ad-f45c0615b1fc, -18.351600, -59.078500,2026-06-20 23:00:00,GOES-19,Chiquitos,Santa Cruz,Bolivia,80,8,28,0,0.0,0.44,,119.4
94208602-0b51-3fe5-84f0-9128f65c7a9f, -16.934100, -60.694600,2026-06-20 23:00:00,GOES-19,José Miguel de Velasco,Santa Cruz,Bolivia,85,8,28,10,0.26,0.49,,55.5
73fc8f80-3eb8-312b-9581-da435c657ba6, -11.630600, -48.549700,2026-06-20 23:00:00,GOES-19,PEIXE,TOCANTINS,Brasil,1716604,17,33,28,0.0,1.0,Cerrado,70.0
79ea753a-6501-38f2-b360-cedaa62af601, -17.477500, -59.578500,2026-06-20 23:00:00,GOES-19,Chiquitos,Santa Cruz,Bolivia,80,8,28,8,0.0,0.57,,51.7
180e49f5-2f34-37cd-bf07-04348ec35a44, -11.650000, -48.525300,2026-06-20 23:00:00,GOES-19,PEIXE,TOCANTINS,Brasil,1716604,17,33,28,0.0,1.0,Cerrado,98.1
8df15dfd-5fca-3042-82e7-5054183ebcc8, -11.317200, -54.724300,2026-06-20 23:00:00,GOES-19,CLÁUDIA,MATO GROSSO,Brasil,5103056,51,33,9,1.07,0.43,Amazônia,64.6
b1013e99-522a-35e9-aeac-0858a39473b5, -16.198200, -60.403700,2026-06-20 23:00:00,GOES-19,José Miguel de Velasco,Santa Cruz,Bolivia,85,8,28,0,0.0,1.0,,54.0
541fa6a4-7cc2-315a-adf0-6aad64dc21b9, -18.351900, -59.058100,2026-06-20 23:00:00,GOES-19,Chiquitos,Santa Cruz,Bolivia,80,8,28,0,0.0,0.44,,81.3
0d835da1-d4d6-35cc-92f9-5e06c019717e, -17.497200, -59.576500,2026-06-20 23:00:00,GOES-19,Chiquitos,Santa Cruz,Bolivia,80,8,28,9,0.0,0.57,,64.9
94595d3f-1072-3994-a0e0-b9946a2f1ee7, -16.899100, -60.378600,2026-06-20 23:00:00,GOES-19,José Miguel de Velasco,Santa Cruz,Bolivia,85,8,28,10,2.55,0.39,,45.2
458b6309-d855-3a35-b6a7-fff6df029568,  -8.359000, -50.500200,2026-06-20 23:00:00,GOES-19,SANTA MARIA DAS BARREIRAS,PARÁ,Brasil,1506583,15,33,39,0.0,0.84,Amazônia,61.9
af4043e0-c8e0-314c-bdbd-b61b8a7851a5, -12.832600, -49.792200,2026-06-20 23:00:00,GOES-19,ARAGUAÇU,TOCANTINS,Brasil,1702000,17,33,7,0.0,1.0,Cerrado,55.5
4e2f40a1-a9c7-3dbb-b2a5-8e3c9d17939e, -15.908900, -61.930700,2026-06-20 23:00:00,GOES-19,Ñuflo de Chávez,Santa Cruz,Bolivia,78,8,28,0,0.41,0.16,,64.0
23dbf9e2-488a-384f-b768-c9d8c721e14a, -17.477800, -59.558300,2026-06-20 23:00:00,GOES-19,Chiquitos,Santa Cruz,Bolivia,80,8,28,9,0.0,0.58,,41.8
aa163497-eeb6-3ddc-88e0-bfac79eb0b43, -11.097900, -54.131100,2026-06-20 23:00:00,GOES-19,MARCELÂNDIA,MATO GROSSO,Brasil,5105580,51,33,1,0.5,0.98,Amazônia,76.8
b0d9d031-ed29-3ad4-a56e-cf98ab294f1b, -11.630900, -48.527700,2026-06-20 23:00:00,GOES-19,PEIXE,TOCANTINS,Brasil,1716604,17,33,28,0.0,1.0,Cerrado,150.7
0825d25d-6814-3eed-8761-59b225533a23, -17.497500, -59.556300,2026-06-20 23:00:00,GOES-19,Chiquitos,Santa Cruz,Bolivia,80,8,28,9,0.0,0.58,,53.9
4aa524a0-a829-3937-802f-ba65ddbf9e51, -18.332100, -59.060300,2026-06-20 23:00:00,GOES-19,Chiquitos,Santa Cruz,Bolivia,80,8,28,1,0.0,0.45,,60.3
67f70777-3ad3-3078-9836-1ed8f17a80ec, -16.934300, -60.674700,2026-06-20 23:00:00,GOES-19,José Miguel de Velasco,Santa Cruz,Bolivia,85,8,28,10,0.3,0.98,,69.6
e2307422-5ae5-3fe1-bc63-9646583c55d1, -18.331800, -59.080700,2026-06-20 23:00:00,GOES-19,Chiquitos,Santa Cruz,Bolivia,80,8,28,1,0.0,0.45,,68.2
d9e4370b-043c-38d9-9297-0f23d1aac7f3, -17.497200, -59.576500,2026-06-20 23:10:00,GOES-19,Chiquitos,Santa Cruz,Bolivia,80,8,28,9,0.0,0.57,,79.3
1914b422-5ef4-3b2f-aa7a-932abe2f1ce6, -17.497500, -59.556300,2026-06-20 23:10:00,GOES-19,Chiquitos,Santa Cruz,Bolivia,80,8,28,9,0.0,0.58,,61.5
a91c1ea1-3ed0-3602-b1f2-a70bc6e5790a, -15.908900, -61.930700,2026-06-20 23:10:00,GOES-19,Ñuflo de Chávez,Santa Cruz,Bolivia,78,8,28,0,0.41,0.16,,84.7
ea0d22ca-cdcf-3bc3-a16a-59742093c072, -15.581700, -61.818900,2026-06-20 23:10:00,GOES-19,Ñuflo de Chávez,Santa Cruz,Bolivia,78,8,28,7,0.0,0.39,,35.0
048ef589-4119-3ea3-80f9-7fede169f51b, -18.351900, -59.058100,2026-06-20 23:10:00,GOES-19,Chiquitos,Santa Cruz,Bolivia,80,8,28,0,0.0,0.44,,80.0
234756fc-c556-342f-90c7-e722953bed14, -15.928300, -61.929200,2026-06-20 23:10:00,GOES-19,Ñuflo de Chávez,Santa Cruz,Bolivia,78,8,28,0,0.5,0.14,,44.1
6fa11a7d-87c1-3fdd-9912-f782a0013d0d, -15.601000, -61.817400,2026-06-20 23:10:00,GOES-19,Ñuflo de Chávez,Santa Cruz,Bolivia,78,8,28,8,0.0,0.37,,30.9
038def75-73a3-3ec0-9b8e-78a0c93630ed, -16.126600, -61.519200,2026-06-20 23:10:00,GOES-19,José Miguel de Velasco,Santa Cruz,Bolivia,85,8,28,10,0.0,0.42,,71.2
6b65651d-35ae-3ec7-ad36-1ccc178c6a4c, -16.146000, -61.517600,2026-06-20 23:10:00,GOES-19,José Miguel de Velasco,Santa Cruz,Bolivia,85,8,28,9,0.0,0.41,,55.8
a8fc3720-8f07-3800-a41a-73bc76e1fd54, -16.919200, -60.336700,2026-06-20 23:10:00,GOES-19,José Miguel de Velasco,Santa Cruz,Bolivia,85,8,28,9,3.15,0.35,,43.7
5af24bf3-b5a0-3962-a38a-3a7c16c40f63, -11.097600, -54.151600,2026-06-20 23:10:00,GOES-19,MARCELÂNDIA,MATO GROSSO,Brasil,5105580,51,33,0,0.4,0.89,Amazônia,154.3
19061f2f-6ce1-3895-b68b-583538fd9583, -18.332100, -59.060300,2026-06-20 23:10:00,GOES-19,Chiquitos,Santa Cruz,Bolivia,80,8,28,1,0.0,0.45,,69.7
759c08c7-40a2-3a9e-847a-76c777dd0175, -12.513100, -48.302400,2026-06-20 23:10:00,GOES-19,SÃO SALVADOR DO TOCANTINS,TOCANTINS,Brasil,1720259,17,33,28,0.0,1.0,Cerrado,78.0
636733d9-092b-3441-a84e-5f26ff6d9ec9, -16.198200, -60.403700,2026-06-20 23:10:00,GOES-19,José Miguel de Velasco,Santa Cruz,Bolivia,85,8,28,0,0.0,1.0,,59.3
4d7765c5-1e8e-3960-ac44-bd6088b21094,  -5.813000, -45.079900,2026-06-20 23:10:00,GOES-19,BARRA DO CORDA,MARANHÃO,Brasil,2101608,21,33,5,0.0,0.9,Cerrado,110.5
65dd195d-d58c-3fd5-8d22-e38f828b5501, -16.934300, -60.674700,2026-06-20 23:10:00,GOES-19,José Miguel de Velasco,Santa Cruz,Bolivia,85,8,28,10,0.3,0.98,,82.3
690d4deb-5947-3865-9396-62deda3abf77, -16.178800, -60.405500,2026-06-20 23:10:00,GOES-19,José Miguel de Velasco,Santa Cruz,Bolivia,85,8,28,0,0.0,0.85,,35.1
acf7558a-11fd-322d-96e7-9e47f8caff1f, -11.650000, -48.525300,2026-06-20 23:10:00,GOES-19,PEIXE,TOCANTINS,Brasil,1716604,17,33,28,0.0,1.0,Cerrado,114.6
dc6caead-f7f1-346c-877b-cb6ea802c664, -11.097900, -54.131100,2026-06-20 23:10:00,GOES-19,MARCELÂNDIA,MATO GROSSO,Brasil,5105580,51,33,1,0.5,0.98,Amazônia,128.2
8c588c35-003b-33af-8ef9-8c22e1fc1a08, -16.918900, -60.356800,2026-06-20 23:10:00,GOES-19,José Miguel de Velasco,Santa Cruz,Bolivia,85,8,28,9,3.18,0.34,,44.6
998f16f4-5588-3424-b4d5-f03b1a247e63, -11.630900, -48.527700,2026-06-20 23:10:00,GOES-19,PEIXE,TOCANTINS,Brasil,1716604,17,33,28,0.0,1.0,Cerrado,91.3
2683c845-f9d8-35f2-9a8d-aa8ab6020ed6, -11.116800, -54.129400,2026-06-20 23:10:00,GOES-19,MARCELÂNDIA,MATO GROSSO,Brasil,5105580,51,33,1,0.6,0.98,Amazônia,69.2
7239a5c0-2c06-3696-898f-07309607bb41, -16.126800, -61.499500,2026-06-20 23:10:00,GOES-19,José Miguel de Velasco,Santa Cruz,Bolivia,85,8,28,10,0.0,0.43,,94.6
196fc429-2700-3f71-aef3-56eb265edbbf, -16.934100, -60.694600,2026-06-20 23:10:00,GOES-19,José Miguel de Velasco,Santa Cruz,Bolivia,85,8,28,10,0.26,0.49,,59.7
ecee6d2d-7748-3fb9-a233-29f1e08d3079, -18.351600, -59.078500,2026-06-20 23:10:00,GOES-19,Chiquitos,Santa Cruz,Bolivia,80,8,28,0,0.0,0.44,,119.0
21280598-065b-3c87-9b8e-1f2e0dd65fc6, -11.298300, -54.726000,2026-06-20 23:10:00,GOES-19,CLÁUDIA,MATO GROSSO,Brasil,5103056,51,33,9,1.33,0.81,Amazônia,69.5
53301543-04b6-3808-b355-7dfea49f0c2c, -12.422900, -54.188800,2026-06-20 23:10:00,GOES-19,NOVA UBIRATÃ,MATO GROSSO,Brasil,5106240,51,33,24,0.82,0.87,Amazônia,43.0
9f731765-84de-3917-bba1-51c15e21a18f, -11.116500, -54.149900,2026-06-20 23:10:00,GOES-19,MARCELÂNDIA,MATO GROSSO,Brasil,5105580,51,33,0,0.4,0.48,Amazônia,88.4
91c32104-529d-3aef-b60b-dc2d162a65f1, -18.331800, -59.080700,2026-06-20 23:10:00,GOES-19,Chiquitos,Santa Cruz,Bolivia,80,8,28,1,0.0,0.45,,68.0
5965fb71-c7ed-3295-945a-668b9650edea, -16.146200, -61.497900,2026-06-20 23:10:00,GOES-19,José Miguel de Velasco,Santa Cruz,Bolivia,85,8,28,9,0.0,0.42,,73.2
7f3972cb-2602-327d-8549-59221d5fc40d, -15.928300, -61.929200,2026-06-20 23:20:00,GOES-19,Ñuflo de Chávez,Santa Cruz,Bolivia,78,8,28,0,0.5,0.14,,64.1
18ec454c-4403-3412-a4c8-a93e8a3559fc, -16.146200, -61.497900,2026-06-20 23:20:00,GOES-19,José Miguel de Velasco,Santa Cruz,Bolivia,85,8,28,9,0.0,0.42,,85.6
96fc3d4f-1051-3b30-94e3-e9be1b87e2b2, -16.146000, -61.517600,2026-06-20 23:20:00,GOES-19,José Miguel de Velasco,Santa Cruz,Bolivia,85,8,28,9,0.0,0.41,,80.3
0e2a9422-0cdd-34e2-8bda-8a30ad6ec9d0, -11.650000, -48.525300,2026-06-20 23:20:00,GOES-19,PEIXE,TOCANTINS,Brasil,1716604,17,33,28,0.0,1.0,Cerrado,83.0
bfd7eadf-7f92-3417-af4b-b9f10ddf2566, -16.126600, -61.519200,2026-06-20 23:20:00,GOES-19,José Miguel de Velasco,Santa Cruz,Bolivia,85,8,28,10,0.0,0.42,,48.3
7e4b2f60-2f42-3e83-9eaa-6b8ccd215a67, -11.116500, -54.149900,2026-06-20 23:20:00,GOES-19,MARCELÂNDIA,MATO GROSSO,Brasil,5105580,51,33,0,0.4,0.48,Amazônia,89.2
571194bd-7563-3b8b-b096-9f80c067fb11, -16.126800, -61.499500,2026-06-20 23:20:00,GOES-19,José Miguel de Velasco,Santa Cruz,Bolivia,85,8,28,10,0.0,0.43,,50.3
49b84e4f-42af-310d-9277-2bdf5cc8c4c3, -17.497200, -59.576500,2026-06-20 23:20:00,GOES-19,Chiquitos,Santa Cruz,Bolivia,80,8,28,9,0.0,0.57,,52.3
396f1724-2610-31f5-b05b-2ccf4ea3c2e9, -12.513100, -48.302400,2026-06-20 23:20:00,GOES-19,SÃO SALVADOR DO TOCANTINS,TOCANTINS,Brasil,1720259,17,33,28,0.0,1.0,Cerrado,93.3
19c952ba-20bb-324f-be8d-b2b2fe8260c7,  -5.813000, -45.079900,2026-06-20 23:20:00,GOES-19,BARRA DO CORDA,MARANHÃO,Brasil,2101608,21,33,5,0.0,0.9,Cerrado,95.0
ee1b1394-31ef-362e-9fb7-2a95441ec72a, -16.178800, -60.405500,2026-06-20 23:20:00,GOES-19,José Miguel de Velasco,Santa Cruz,Bolivia,85,8,28,0,0.0,0.85,,35.8
43c7345e-4eb1-3588-9578-de4d9d3688bd, -11.298300, -54.726000,2026-06-20 23:20:00,GOES-19,CLÁUDIA,MATO GROSSO,Brasil,5103056,51,33,9,1.33,0.81,Amazônia,48.4
5d7bf2ff-7299-3de9-a3ae-455f74d4febd, -18.351600, -59.078500,2026-06-20 23:20:00,GOES-19,Chiquitos,Santa Cruz,Bolivia,80,8,28,0,0.0,0.44,,111.6
8d82c5e9-fea7-3365-8f5c-38ed3037581b, -15.601200, -61.797800,2026-06-20 23:20:00,GOES-19,Ñuflo de Chávez,Santa Cruz,Bolivia,78,8,28,7,0.0,0.37,,34.0
1ecf7e13-6bd2-36c3-86cd-ebe29a0394bd, -11.116800, -54.129400,2026-06-20 23:20:00,GOES-19,MARCELÂNDIA,MATO GROSSO,Brasil,5105580,51,33,1,0.6,0.98,Amazônia,72.6
d7963923-cee4-3135-8cbf-b9921cf42f3c, -11.630600, -48.549700,2026-06-20 23:20:00,GOES-19,PEIXE,TOCANTINS,Brasil,1716604,17,33,28,0.0,1.0,Cerrado,66.7
e3c64350-6f9a-3dcf-80de-95317535b752, -18.331800, -59.080700,2026-06-20 23:20:00,GOES-19,Chiquitos,Santa Cruz,Bolivia,80,8,28,1,0.0,0.45,,65.1
fc2a5872-d99f-3882-8d13-39a36a90c9bb, -18.351900, -59.058100,2026-06-20 23:20:00,GOES-19,Chiquitos,Santa Cruz,Bolivia,80,8,28,0,0.0,0.44,,71.1
3205748c-1d57-36bd-9e14-2dc6a470bdf0, -18.332100, -59.060300,2026-06-20 23:20:00,GOES-19,Chiquitos,Santa Cruz,Bolivia,80,8,28,1,0.0,0.45,,58.5
c48554bd-e68f-38f5-bdde-75d4316d1cc6, -11.097900, -54.131100,2026-06-20 23:20:00,GOES-19,MARCELÂNDIA,MATO GROSSO,Brasil,5105580,51,33,1,0.5,0.98,Amazônia,85.1
30ac4b7a-5ee7-338b-84f2-6125d3fbb12f, -15.581700, -61.818900,2026-06-20 23:20:00,GOES-19,Ñuflo de Chávez,Santa Cruz,Bolivia,78,8,28,7,0.0,0.39,,29.7
60814e68-3ad0-3046-9d96-5f2d057402e4, -11.630900, -48.527700,2026-06-20 23:20:00,GOES-19,PEIXE,TOCANTINS,Brasil,1716604,17,33,28,0.0,1.0,Cerrado,118.0
cef7ee8a-54c9-3f32-9801-b3caf6818f6d, -17.477800, -59.558300,2026-06-20 23:20:00,GOES-19,Chiquitos,Santa Cruz,Bolivia,80,8,28,9,0.0,0.58,,55.7
c4edd44b-86e5-3a35-8c04-6647f35170aa, -17.497500, -59.556300,2026-06-20 23:20:00,GOES-19,Chiquitos,Santa Cruz,Bolivia,80,8,28,9,0.0,0.58,,52.7
94d6fe54-9778-3257-a6d8-3089510f8660, -11.097600, -54.151600,2026-06-20 23:20:00,GOES-19,MARCELÂNDIA,MATO GROSSO,Brasil,5105580,51,33,0,0.4,0.89,Amazônia,106.5
109b5c5a-7668-32c0-b020-7b6d90adcdf0, -16.934100, -60.694600,2026-06-20 23:20:00,GOES-19,José Miguel de Velasco,Santa Cruz,Bolivia,85,8,28,10,0.26,0.49,,49.9
d9647d27-377c-3921-859c-e083365a5e6a, -15.601000, -61.817400,2026-06-20 23:20:00,GOES-19,Ñuflo de Chávez,Santa Cruz,Bolivia,78,8,28,8,0.0,0.37,,42.7
ecb4e655-ec13-3984-9386-a29ce56c991a, -16.934300, -60.674700,2026-06-20 23:20:00,GOES-19,José Miguel de Velasco,Santa Cruz,Bolivia,85,8,28,10,0.3,0.98,,62.7
75cd7811-4e85-367e-bcf5-c79f7b0ebe31, -15.908900, -61.930700,2026-06-20 23:20:00,GOES-19,Ñuflo de Chávez,Santa Cruz,Bolivia,78,8,28,0,0.41,0.16,,55.6
bf0e4bbe-633a-3e33-bdb4-b11bef62f25d, -16.198200, -60.403700,2026-06-20 23:20:00,GOES-19,José Miguel de Velasco,Santa Cruz,Bolivia,85,8,28,0,0.0,1.0,,48.7
12431b29-255d-3c2d-93f9-718d4db838a1, -17.477500, -59.578500,2026-06-20 23:20:00,GOES-19,Chiquitos,Santa Cruz,Bolivia,80,8,28,8,0.0,0.57,,52.9
0cb26219-dc44-31a2-adc8-adef1459581e, -19.513330, -40.152480,2026-06-20 23:22:00,TERRA_M-T,LINHARES,ESPÍRITO SANTO,Brasil,3203205,32,33,4,0.0,1.0,Mata Atlântica,15.9
b486e886-6d2b-3448-9839-d5f945bbe5d4, -10.580570, -44.341600,2026-06-20 23:24:00,TERRA_M-T,SANTA RITA DE CÁSSIA,BAHIA,Brasil,2928406,29,33,28,0.0,0.67,Cerrado,16.3
845dcfa3-004a-39a8-a5a6-73f8ad7bf3c3, -13.558130, -43.516170,2026-06-20 23:24:00,TERRA_M-T,SERRA DO RAMALHO,BAHIA,Brasil,2930154,29,33,28,0.0,1.0,Cerrado,26.0
b8bb5649-3efc-3e95-a0ba-33a29962468e, -11.943260, -43.962100,2026-06-20 23:24:00,TERRA_M-T,WANDERLEY,BAHIA,Brasil,2933455,29,33,21,0.0,1.0,Cerrado,39.3
efd0b85f-8fef-35f6-a4dd-76f174c03060,  -8.200840, -40.193220,2026-06-20 23:24:00,TERRA_M-T,PARNAMIRIM,PERNAMBUCO,Brasil,2610400,26,33,31,0.0,1.0,Caatinga,5.2
e950282a-6694-34a8-bfb1-136658f4232c, -10.593680, -44.340060,2026-06-20 23:24:00,TERRA_M-T,SANTA RITA DE CÁSSIA,BAHIA,Brasil,2928406,29,33,28,0.0,0.67,Cerrado,41.7
bcfee928-b3ce-3f4c-b711-1c8a700c3a52, -11.887960, -43.824620,2026-06-20 23:24:00,TERRA_M-T,WANDERLEY,BAHIA,Brasil,2933455,29,33,25,0.0,1.0,Cerrado,31.7
9366d2f4-195d-3b3f-a5fd-c4c55574510a, -15.954860, -42.165160,2026-06-20 23:24:00,TERRA_M-T,TAIOBEIRAS,MINAS GERAIS,Brasil,3168002,31,33,7,0.0,1.0,Mata Atlântica,16.5
1f7a0acf-0ce7-3ac2-8f59-cc52ddf27ead, -10.591170, -44.318880,2026-06-20 23:24:00,TERRA_M-T,SANTA RITA DE CÁSSIA,BAHIA,Brasil,2928406,29,33,28,0.0,1.0,Cerrado,20.3
cba9dad9-7e65-3abb-afd5-79d2d4602fe3, -15.960530, -42.158690,2026-06-20 23:24:00,TERRA_M-T,TAIOBEIRAS,MINAS GERAIS,Brasil,3168002,31,33,7,0.0,1.0,Mata Atlântica,16.7
3e8df070-b304-3374-b129-2fc54e7527fc, -11.890290, -43.844790,2026-06-20 23:24:00,TERRA_M-T,WANDERLEY,BAHIA,Brasil,2933455,29,33,25,0.0,1.0,Cerrado,34.2
1e69e757-f8ed-35bf-b3dc-0aad5eee7e9f, -13.557690, -43.510770,2026-06-20 23:24:00,TERRA_M-T,SERRA DO RAMALHO,BAHIA,Brasil,2930154,29,33,28,0.0,1.0,Cerrado,33.1
eecd76c9-5856-3e16-8610-71a4ac9d5934,  -5.822090, -45.095750,2026-06-20 23:26:00,TERRA_M-T,BARRA DO CORDA,MARANHÃO,Brasil,2101608,21,33,7,0.0,0.73,Cerrado,52.1
2f482a6f-ac38-35ba-be54-3cf49cabbebe,  -4.356490, -47.775950,2026-06-20 23:26:00,TERRA_M-T,DOM ELISEU,PARÁ,Brasil,1502939,15,33,0,0.0,0.43,Amazônia,24.5
ab4e2ac6-5633-3724-9a25-b854985bd288,  -5.819540, -45.075460,2026-06-20 23:26:00,TERRA_M-T,BARRA DO CORDA,MARANHÃO,Brasil,2101608,21,33,5,0.0,0.91,Cerrado,129.6
199f15a7-43fb-34c3-b613-1aa27e282203,  -5.817920, -45.061660,2026-06-20 23:26:00,TERRA_M-T,BARRA DO CORDA,MARANHÃO,Brasil,2101608,21,33,3,0.0,0.9,Cerrado,26.6
ada91ba2-bfad-39ea-b52c-9efacf13566b,  -2.989230, -40.040160,2026-06-20 23:26:00,TERRA_M-T,ACARAÚ,CEARÁ,Brasil,2300200,23,33,-999,0.3,0.61,Caatinga,32.5
5abb0a49-7889-3d94-9ef0-7fbd20d567c5,  -4.351650, -47.769790,2026-06-20 23:26:00,TERRA_M-T,DOM ELISEU,PARÁ,Brasil,1502939,15,33,0,0.0,0.35,Amazônia,34.1
e9942a9f-bd1a-34a5-af35-f3401f6c3549,  -7.725940, -44.562890,2026-06-20 23:26:00,TERRA_M-T,URUÇUÍ,PIAUÍ,Brasil,2211209,22,33,53,0.0,1.0,Cerrado,21.4
60a3ce24-dbb3-34e3-b91b-020e7032e47f,  -6.993740, -42.886400,2026-06-20 23:26:00,TERRA_M-T,FLORIANO,PIAUÍ,Brasil,2203909,22,33,2,0.0,0.82,Caatinga,25.3
27aa3a0f-33b2-3682-9fe9-c0f2a4126b6e,  -5.893970, -39.252930,2026-06-20 23:26:00,TERRA_M-T,DEPUTADO IRAPUAN PINHEIRO,CEARÁ,Brasil,2304269,23,33,19,0.0,0.89,Caatinga,7.3
526f852d-1c21-355e-95c9-be777ee82421,  -6.044080, -39.814960,2026-06-20 23:26:00,TERRA_M-T,ACOPIARA,CEARÁ,Brasil,2300309,23,33,20,0.0,0.72,Caatinga,4.4
93467fd4-6c11-3e07-b7ec-68eb96fd09eb,  -5.820630, -45.081860,2026-06-20 23:26:00,TERRA_M-T,BARRA DO CORDA,MARANHÃO,Brasil,2101608,21,33,5,0.0,0.91,Cerrado,100.0
9496d16b-52e1-3063-ae33-efd5a3535c7f,  -6.995630, -42.900500,2026-06-20 23:26:00,TERRA_M-T,FLORIANO,PIAUÍ,Brasil,2203909,22,33,2,0.0,0.84,Caatinga,10.1
509f5f73-bbb7-36cd-b4b8-0ac45d4d9781,  -6.997080, -42.894070,2026-06-20 23:26:00,TERRA_M-T,FLORIANO,PIAUÍ,Brasil,2203909,22,33,2,0.0,0.85,Caatinga,28.0
31cd5ce4-c5be-3df2-a7b6-7af82013ac4f,  -6.045310, -39.824130,2026-06-20 23:26:00,TERRA_M-T,ACOPIARA,CEARÁ,Brasil,2300309,23,33,20,0.0,0.73,Caatinga,17.1
02e25a71-da0d-3183-beed-b276ff3ca9eb, -16.126800, -61.499500,2026-06-20 23:30:00,GOES-19,José Miguel de Velasco,Santa Cruz,Bolivia,85,8,28,10,0.0,0.43,,43.1
a8a2d3b1-3ba1-3617-b281-a033ef83a49d, -16.934100, -60.694600,2026-06-20 23:30:00,GOES-19,José Miguel de Velasco,Santa Cruz,Bolivia,85,8,28,10,0.26,0.49,,49.9
fcc50fe4-e9d9-356c-befd-036ae5441bdd, -16.178800, -60.405500,2026-06-20 23:30:00,GOES-19,José Miguel de Velasco,Santa Cruz,Bolivia,85,8,28,0,0.0,0.85,,32.5
c828fa5c-7897-3d5b-be4c-64437c2f0293, -17.497200, -59.576500,2026-06-20 23:30:00,GOES-19,Chiquitos,Santa Cruz,Bolivia,80,8,28,9,0.0,0.57,,54.9
287abaa2-fec4-3b43-811e-55e7f86aefac, -18.332100, -59.060300,2026-06-20 23:30:00,GOES-19,Chiquitos,Santa Cruz,Bolivia,80,8,28,1,0.0,0.45,,58.1
fa37fa8c-a5b9-391b-ac43-bcd49854fa7a, -16.146200, -61.497900,2026-06-20 23:30:00,GOES-19,José Miguel de Velasco,Santa Cruz,Bolivia,85,8,28,9,0.0,0.42,,80.8
f7203b39-4629-3973-a21c-2929f9e73e92, -11.298300, -54.726000,2026-06-20 23:30:00,GOES-19,CLÁUDIA,MATO GROSSO,Brasil,5103056,51,33,9,1.33,0.81,Amazônia,42.1
5ff28d56-d14f-3c1c-808c-c1a554204517, -15.581700, -61.818900,2026-06-20 23:30:00,GOES-19,Ñuflo de Chávez,Santa Cruz,Bolivia,78,8,28,7,0.0,0.39,,45.9
db3a59e2-8a13-3f4b-8422-5cc6391328f0, -15.601200, -61.797800,2026-06-20 23:30:00,GOES-19,Ñuflo de Chávez,Santa Cruz,Bolivia,78,8,28,7,0.0,0.37,,41.3
0bbde4db-e286-3f7a-b885-8bb2e348e009, -18.351900, -59.058100,2026-06-20 23:30:00,GOES-19,Chiquitos,Santa Cruz,Bolivia,80,8,28,0,0.0,0.44,,69.1
af452b09-63bd-31a8-a6ab-ab5f05a7eb4f, -18.351600, -59.078500,2026-06-20 23:30:00,GOES-19,Chiquitos,Santa Cruz,Bolivia,80,8,28,0,0.0,0.44,,104.2
1afe50d7-bba9-3717-878b-34c8ba526183,  -5.813000, -45.079900,2026-06-20 23:30:00,GOES-19,BARRA DO CORDA,MARANHÃO,Brasil,2101608,21,33,5,0.0,0.9,Cerrado,82.5
c0eb5d8f-dcca-3c70-b981-33b70fa262d8, -11.630900, -48.527700,2026-06-20 23:30:00,GOES-19,PEIXE,TOCANTINS,Brasil,1716604,17,33,28,0.0,1.0,Cerrado,111.0
9cd98e1e-9817-30c4-bb56-b24da39a250c, -11.097900, -54.131100,2026-06-20 23:30:00,GOES-19,MARCELÂNDIA,MATO GROSSO,Brasil,5105580,51,33,1,0.5,0.98,Amazônia,130.2
ac3513db-9696-3575-a482-56fd0f129309, -17.497500, -59.556300,2026-06-20 23:30:00,GOES-19,Chiquitos,Santa Cruz,Bolivia,80,8,28,9,0.0,0.58,,56.9
cfb5f2bc-599c-3d38-ab8c-d3cbbce5d316, -17.477500, -59.578500,2026-06-20 23:30:00,GOES-19,Chiquitos,Santa Cruz,Bolivia,80,8,28,8,0.0,0.57,,52.1
d6a0b06e-4615-3447-8cd0-29e2072abe81, -11.097600, -54.151600,2026-06-20 23:30:00,GOES-19,MARCELÂNDIA,MATO GROSSO,Brasil,5105580,51,33,0,0.4,0.89,Amazônia,172.8
be376882-9f63-3118-ba42-1a043658390c, -11.116500, -54.149900,2026-06-20 23:30:00,GOES-19,MARCELÂNDIA,MATO GROSSO,Brasil,5105580,51,33,0,0.4,0.48,Amazônia,144.1
2272f3ce-7f67-3b47-bdd6-cd9750b1693e, -16.934300, -60.674700,2026-06-20 23:30:00,GOES-19,José Miguel de Velasco,Santa Cruz,Bolivia,85,8,28,10,0.3,0.98,,66.1
da9e9dc0-ee1a-325c-9071-496304c9c14e, -17.477800, -59.558300,2026-06-20 23:30:00,GOES-19,Chiquitos,Santa Cruz,Bolivia,80,8,28,9,0.0,0.58,,53.1
40a40a0a-304f-3d80-9c8c-12b9aadacdfe, -16.146000, -61.517600,2026-06-20 23:30:00,GOES-19,José Miguel de Velasco,Santa Cruz,Bolivia,85,8,28,9,0.0,0.41,,71.9
7bd48695-50f8-3b97-ba8e-c17f8baf7b18, -18.331800, -59.080700,2026-06-20 23:30:00,GOES-19,Chiquitos,Santa Cruz,Bolivia,80,8,28,1,0.0,0.45,,67.1
a0799467-b186-374e-8258-dff1dc221fa8, -12.513100, -48.302400,2026-06-20 23:30:00,GOES-19,SÃO SALVADOR DO TOCANTINS,TOCANTINS,Brasil,1720259,17,33,28,0.0,1.0,Cerrado,87.0
3f838b33-ba89-3ce4-9b24-3e2f828e04c2, -15.908900, -61.930700,2026-06-20 23:30:00,GOES-19,Ñuflo de Chávez,Santa Cruz,Bolivia,78,8,28,0,0.41,0.16,,69.8
a0c46d11-d576-364e-89a7-c6a6ee3e77f2, -11.116800, -54.129400,2026-06-20 23:30:00,GOES-19,MARCELÂNDIA,MATO GROSSO,Brasil,5105580,51,33,1,0.6,0.98,Amazônia,112.1
400321c1-c6d6-3d50-a0c4-2960fe19479f, -11.650000, -48.525300,2026-06-20 23:30:00,GOES-19,PEIXE,TOCANTINS,Brasil,1716604,17,33,28,0.0,1.0,Cerrado,79.6
6ca1d796-99c2-32a4-a44e-6a4e789c826d, -16.126600, -61.519200,2026-06-20 23:30:00,GOES-19,José Miguel de Velasco,Santa Cruz,Bolivia,85,8,28,10,0.0,0.42,,36.9
f4cab018-3445-37df-a08b-9c5f7786e9aa, -15.928300, -61.929200,2026-06-20 23:30:00,GOES-19,Ñuflo de Chávez,Santa Cruz,Bolivia,78,8,28,0,0.5,0.14,,51.3
fb83a027-029c-3a17-a124-d29cc914e62e, -16.198200, -60.403700,2026-06-20 23:30:00,GOES-19,José Miguel de Velasco,Santa Cruz,Bolivia,85,8,28,0,0.0,1.0,,36.8
7da8cf13-9b76-3e44-8711-9523aa8202d3, -15.601000, -61.817400,2026-06-20 23:30:00,GOES-19,Ñuflo de Chávez,Santa Cruz,Bolivia,78,8,28,8,0.0,0.37,,46.8
8ffe1420-82f9-3758-add7-8e0017a2ee76,  -5.810400, -45.073399,2026-06-20 23:39:00,METOP-B,BARRA DO CORDA,MARANHÃO,Brasil,2101608,21,33,4,0.0,0.89,Cerrado,
49aeb185-0a62-318f-9b80-6159404c5951,  -8.895600, -46.920101,2026-06-20 23:39:00,METOP-B,BALSAS,MARANHÃO,Brasil,2101400,21,33,38,0.0,1.0,Cerrado,
777191f4-c229-3b24-99b9-28b67e0aecdf, -11.886500, -43.827900,2026-06-20 23:39:00,METOP-B,WANDERLEY,BAHIA,Brasil,2933455,29,33,25,0.0,1.0,Cerrado,
08349dca-c14a-3e37-8a61-f7f6aa01ba24,  -9.035900, -42.680302,2026-06-20 23:39:00,METOP-B,SÃO RAIMUNDO NONATO,PIAUÍ,Brasil,2210607,22,33,47,0.0,1.0,Caatinga,
d8870c01-0d4e-3a0b-84d6-d98e13789463, -15.958500, -42.149601,2026-06-20 23:39:00,METOP-B,SALINAS,MINAS GERAIS,Brasil,3157005,31,33,7,0.0,1.0,Mata Atlântica,
cac05b5f-8f41-3bc2-bb45-069609be78c7, -10.590100, -44.330299,2026-06-20 23:39:00,METOP-B,SANTA RITA DE CÁSSIA,BAHIA,Brasil,2928406,29,33,28,0.0,0.83,Cerrado,
6134fe8a-b295-347a-ad5f-af2fdae29952, -11.537200, -48.234600,2026-06-20 23:39:00,METOP-B,SANTA ROSA DO TOCANTINS,TOCANTINS,Brasil,1718907,17,33,47,0.0,1.0,Cerrado,
59a719b8-cc36-3aa6-a2ad-0e3be55e32cf,  -5.812300, -45.082401,2026-06-20 23:39:00,METOP-B,BARRA DO CORDA,MARANHÃO,Brasil,2101608,21,33,5,0.0,0.9,Cerrado,
c1726fa2-3b9f-3e0f-ac82-1ae6fa6afaf4,  -5.808400, -45.064301,2026-06-20 23:39:00,METOP-B,BARRA DO CORDA,MARANHÃO,Brasil,2101608,21,33,3,0.0,0.88,Cerrado,
8125a128-7c55-39ad-b129-9cc959aba593, -11.941400, -43.943699,2026-06-20 23:39:00,METOP-B,WANDERLEY,BAHIA,Brasil,2933455,29,33,20,0.0,1.0,Cerrado,
4c3cd896-a8ea-302b-a37b-64a62e1cc112, -10.576300, -44.313400,2026-06-20 23:39:00,METOP-B,SANTA RITA DE CÁSSIA,BAHIA,Brasil,2928406,29,33,28,0.0,1.0,Cerrado,
a5293547-2dac-3d04-852a-2b305fe83dcc,  -6.036900, -39.818802,2026-06-20 23:39:00,METOP-B,ACOPIARA,CEARÁ,Brasil,2300309,23,33,20,0.0,0.71,Caatinga,
45f30dee-30f3-3c41-9a32-4c8cc4195f7e, -15.960300, -42.158199,2026-06-20 23:39:00,METOP-B,TAIOBEIRAS,MINAS GERAIS,Brasil,3168002,31,33,7,0.0,1.0,Mata Atlântica,
e1c4b483-037f-34dc-a001-c1b55f8a27a1,  -6.993500, -42.884399,2026-06-20 23:39:00,METOP-B,FLORIANO,PIAUÍ,Brasil,2203909,22,33,2,0.0,0.81,Caatinga,
3898b81a-1f72-3802-b7bf-75529ec3586a, -13.555400, -43.492100,2026-06-20 23:39:00,METOP-B,SERRA DO RAMALHO,BAHIA,Brasil,2930154,29,33,28,0.0,1.0,Cerrado,
3113d4a7-69e9-3391-9d8f-e081a7d42ecf,  -5.816200, -45.053200,2026-06-20 23:39:00,METOP-B,BARRA DO CORDA,MARANHÃO,Brasil,2101608,21,33,2,0.0,0.96,Cerrado,
eba28237-8342-3725-9a8f-ce116e79b12a, -10.586100, -44.311298,2026-06-20 23:39:00,METOP-B,SANTA RITA DE CÁSSIA,BAHIA,Brasil,2928406,29,33,28,0.0,1.0,Cerrado,
d0800013-a8ae-3347-aa57-4d1c53ff5fde,  -6.035200, -39.811798,2026-06-20 23:39:00,METOP-B,ACOPIARA,CEARÁ,Brasil,2300309,23,33,20,0.0,0.71,Caatinga,
cbb5a7e2-374c-3395-a79a-306bf629156c, -11.884600, -43.818600,2026-06-20 23:39:00,METOP-B,WANDERLEY,BAHIA,Brasil,2933455,29,33,25,0.0,1.0,Cerrado,
e99352e9-cc4b-36db-a2db-7de760a5254d, -12.504000, -48.270199,2026-06-20 23:39:00,METOP-B,SÃO SALVADOR DO TOCANTINS,TOCANTINS,Brasil,1720259,17,33,28,0.0,1.0,Cerrado,
f448c150-a745-3e65-a5d8-b1d5c6f929cf,  -5.818100, -45.062199,2026-06-20 23:39:00,METOP-B,BARRA DO CORDA,MARANHÃO,Brasil,2101608,21,33,3,0.0,0.9,Cerrado,
e1c46a75-16b8-3108-8978-a53bedbac5e3,  -5.820100, -45.071301,2026-06-20 23:39:00,METOP-B,BARRA DO CORDA,MARANHÃO,Brasil,2101608,21,33,4,0.0,0.91,Cerrado,
1b853080-fb01-38f4-b3df-ae87ab55eefa, -11.642800, -48.516102,2026-06-20 23:39:00,METOP-B,PEIXE,TOCANTINS,Brasil,1716604,17,33,28,0.0,0.93,Cerrado,
b4a91dd5-3801-3ea8-ace0-8c2ada853ef2,  -2.982000, -40.034500,2026-06-20 23:39:00,METOP-B,ACARAÚ,CEARÁ,Brasil,2300200,23,33,-999,0.27,0.66,Caatinga,
d4b6e65b-6f11-3b20-a0ad-b4ff6d3e0bb3, -13.557300, -43.501499,2026-06-20 23:39:00,METOP-B,SERRA DO RAMALHO,BAHIA,Brasil,2930154,29,33,28,0.0,1.0,Cerrado,
95e03336-1e52-3acb-8677-28c245b40364, -11.629400, -48.499401,2026-06-20 23:39:00,METOP-B,PEIXE,TOCANTINS,Brasil,1716604,17,33,28,0.0,1.0,Cerrado,
f79ee75b-376c-3b38-b2be-e54e11e13af4, -11.943400, -43.953201,2026-06-20 23:39:00,METOP-B,WANDERLEY,BAHIA,Brasil,2933455,29,33,20,0.0,1.0,Cerrado,
a295885c-ad9a-3420-8022-7a21e08fe262, -12.507500, -48.288700,2026-06-20 23:39:00,METOP-B,SÃO SALVADOR DO TOCANTINS,TOCANTINS,Brasil,1720259,17,33,28,0.0,1.0,Cerrado,
65d19ab2-81a2-3a6d-b225-387973fdd4c9,  -6.991900, -42.876900,2026-06-20 23:39:00,METOP-B,FLORIANO,PIAUÍ,Brasil,2203909,22,33,2,0.0,0.8,Caatinga,
b34c6b62-d233-35d1-817a-d51e6de4af8d,  -5.806400, -45.055302,2026-06-20 23:39:00,METOP-B,BARRA DO CORDA,MARANHÃO,Brasil,2101608,21,33,2,0.0,0.93,Cerrado,
27693a83-ceba-3150-93ff-fa74619bbbd1,  -7.719100, -44.557800,2026-06-20 23:39:00,METOP-B,URUÇUÍ,PIAUÍ,Brasil,2211209,22,33,54,0.0,1.0,Cerrado,
b3e212a0-e457-3667-85a5-615e3d928f87, -12.513700, -48.268299,2026-06-20 23:39:00,METOP-B,SÃO SALVADOR DO TOCANTINS,TOCANTINS,Brasil,1720259,17,33,27,0.0,1.0,Cerrado,
74ffedd4-18de-392c-bd37-8898fcce6b7b,  -6.504600, -42.212101,2026-06-20 23:39:00,METOP-B,VÁRZEA GRANDE,PIAUÍ,Brasil,2211407,22,33,36,0.0,0.94,Caatinga,
8f2f4deb-0245-3891-9c5b-6cb23da24dfa,  -2.980300, -40.027302,2026-06-20 23:39:00,METOP-B,ACARAÚ,CEARÁ,Brasil,2300200,23,33,-999,0.25,0.64,Caatinga,
f888ef0e-cc6c-3196-b2d0-00d54fd852e2, -11.633000, -48.518002,2026-06-20 23:39:00,METOP-B,PEIXE,TOCANTINS,Brasil,1716604,17,33,28,0.0,1.0,Cerrado,
a9f61cbf-1a7c-3528-adc2-ab7bd5a85ed8, -10.530800, -47.706200,2026-06-20 23:39:00,METOP-B,PONTE ALTA DO TOCANTINS,TOCANTINS,Brasil,1717909,17,33,38,0.0,1.0,Cerrado,
369688b1-9138-3697-aca9-764806f0cada, -11.639100, -48.497501,2026-06-20 23:39:00,METOP-B,PEIXE,TOCANTINS,Brasil,1716604,17,33,28,0.0,1.0,Cerrado,
aa875ca2-5839-3a85-a9dc-1a2cd331c8e2, -10.588100, -44.320801,2026-06-20 23:39:00,METOP-B,SANTA RITA DE CÁSSIA,BAHIA,Brasil,2928406,29,33,28,0.0,0.98,Cerrado,
159a268d-0b3a-3805-b32e-a2c460e66c26,  -8.345400, -50.469601,2026-06-20 23:39:00,METOP-B,SANTA MARIA DAS BARREIRAS,PARÁ,Brasil,1506583,15,33,39,0.0,1.0,Amazônia,
93f1f4d1-170a-3aa5-8f4d-5044d4fc1e05,  -4.345200, -47.744999,2026-06-20 23:39:00,METOP-B,DOM ELISEU,PARÁ,Brasil,1502939,15,33,0,0.0,0.26,Amazônia,
f3b0e36b-6673-3979-b388-fa5af2a9ac73,  -5.953500, -43.483200,2026-06-20 23:39:00,METOP-B,LAGOA DO MATO,MARANHÃO,Brasil,2105922,21,33,2,0.0,0.09,Cerrado,
9ac12140-c355-3a8a-8cda-363b8ed3fc6f, -11.547000, -48.232700,2026-06-20 23:39:00,METOP-B,SANTA ROSA DO TOCANTINS,TOCANTINS,Brasil,1718907,17,33,48,0.0,1.0,Cerrado,
9d1e6a7f-db07-3d9c-9376-0f02c07eaad3, -10.578400, -44.322899,2026-06-20 23:39:00,METOP-B,SANTA RITA DE CÁSSIA,BAHIA,Brasil,2928406,29,33,28,0.0,0.97,Cerrado,
1814c578-049e-309d-953e-b37fc1dd39d8, -11.945400, -43.962700,2026-06-20 23:39:00,METOP-B,WANDERLEY,BAHIA,Brasil,2933455,29,33,21,0.0,1.0,Cerrado,
8023ca67-e4a8-3bb2-86e4-5b65c2181a55,  -6.503000, -42.205101,2026-06-20 23:39:00,METOP-B,VÁRZEA GRANDE,PIAUÍ,Brasil,2211407,22,33,36,0.0,0.96,Caatinga,
0f2c36bf-c059-3f54-a134-e5785ef2222a, -16.057400, -42.083099,2026-06-20 23:39:00,METOP-B,SALINAS,MINAS GERAIS,Brasil,3157005,31,33,7,0.0,0.69,Mata Atlântica,
c7ce6f0d-8352-34fd-9fbf-c8349de93fd6, -12.517300, -48.286900,2026-06-20 23:39:00,METOP-B,SÃO SALVADOR DO TOCANTINS,TOCANTINS,Brasil,1720259,17,33,28,0.0,1.0,Cerrado,
3fc395d5-8c18-34f1-8eb9-06a017880c41, -15.928300, -61.929200,2026-06-20 23:40:00,GOES-19,Ñuflo de Chávez,Santa Cruz,Bolivia,78,8,28,0,0.5,0.14,,49.0
61c1ce39-0e33-3ba5-bc83-a49ed9cf58f4, -16.934300, -60.674700,2026-06-20 23:40:00,GOES-19,José Miguel de Velasco,Santa Cruz,Bolivia,85,8,28,10,0.3,0.98,,88.7
9347f187-d92e-352c-bed7-cd5d82ac7be6, -17.497200, -59.576500,2026-06-20 23:40:00,GOES-19,Chiquitos,Santa Cruz,Bolivia,80,8,28,9,0.0,0.57,,83.6
abcc2ec9-727d-373c-805a-bb028380d087, -12.513100, -48.302400,2026-06-20 23:40:00,GOES-19,SÃO SALVADOR DO TOCANTINS,TOCANTINS,Brasil,1720259,17,33,28,0.0,1.0,Cerrado,88.6
983a4c53-3b86-3939-9463-e243fb109e75, -18.331800, -59.080700,2026-06-20 23:40:00,GOES-19,Chiquitos,Santa Cruz,Bolivia,80,8,28,1,0.0,0.45,,56.5
088f32c5-fbd1-3b26-93e8-8c140cc4613c, -15.601200, -61.797800,2026-06-20 23:40:00,GOES-19,Ñuflo de Chávez,Santa Cruz,Bolivia,78,8,28,7,0.0,0.37,,35.2
0cf71c10-603f-307c-9f6d-c4984d824c89, -15.601000, -61.817400,2026-06-20 23:40:00,GOES-19,Ñuflo de Chávez,Santa Cruz,Bolivia,78,8,28,8,0.0,0.37,,43.5
c354bef2-20b9-35db-9caa-1328d74e63d5,   5.884900, -69.013100,2026-06-20 23:40:00,GOES-19,La Primavera,Vichada,Colombia,1061,32,53,0,0.9,0.01,,50.8
c5e32775-b186-301b-b3c3-5f0f4a9487c8, -16.126600, -61.519200,2026-06-20 23:40:00,GOES-19,José Miguel de Velasco,Santa Cruz,Bolivia,85,8,28,10,0.0,0.42,,50.3
2c529547-0235-3c2c-953f-267d325a862d,  -5.813000, -45.079900,2026-06-20 23:40:00,GOES-19,BARRA DO CORDA,MARANHÃO,Brasil,2101608,21,33,5,0.0,0.9,Cerrado,76.3
9e118c17-a709-3528-8e09-025612ff528c, -16.146000, -61.517600,2026-06-20 23:40:00,GOES-19,José Miguel de Velasco,Santa Cruz,Bolivia,85,8,28,9,0.0,0.41,,62.2
95a6fbaf-24d8-3cd8-ae43-6d5c329ca12b,   5.848400, -69.013600,2026-06-20 23:40:00,GOES-19,La Primavera,Vichada,Colombia,1061,32,53,0,1.41,0.0,,52.5
69c3272a-a0d0-3365-af2c-25ca98226529, -16.146200, -61.497900,2026-06-20 23:40:00,GOES-19,José Miguel de Velasco,Santa Cruz,Bolivia,85,8,28,9,0.0,0.42,,77.2
77161985-68d1-3ce3-8594-c14206d3c21b, -15.908900, -61.930700,2026-06-20 23:40:00,GOES-19,Ñuflo de Chávez,Santa Cruz,Bolivia,78,8,28,0,0.41,0.16,,87.6
ed9ff30e-9937-3869-a22f-c6dc60f9f8f3, -18.351900, -59.058100,2026-06-20 23:40:00,GOES-19,Chiquitos,Santa Cruz,Bolivia,80,8,28,0,0.0,0.44,,76.1
55665c79-55bf-3823-91e3-1a97adb4ec11, -17.497500, -59.556300,2026-06-20 23:40:00,GOES-19,Chiquitos,Santa Cruz,Bolivia,80,8,28,9,0.0,0.58,,64.6
e482e97d-6878-3b9a-831f-356320dc9245, -11.650000, -48.525300,2026-06-20 23:40:00,GOES-19,PEIXE,TOCANTINS,Brasil,1716604,17,33,28,0.0,1.0,Cerrado,73.8
28486487-3301-34d0-8274-38b9fe2e1d8d, -18.351600, -59.078500,2026-06-20 23:40:00,GOES-19,Chiquitos,Santa Cruz,Bolivia,80,8,28,0,0.0,0.44,,106.6
4a7f85cd-c309-3d04-9ab5-7d313bfa2e4d, -11.630900, -48.527700,2026-06-20 23:40:00,GOES-19,PEIXE,TOCANTINS,Brasil,1716604,17,33,28,0.0,1.0,Cerrado,76.0
2942a0b3-65af-3e06-891e-533e58b6aac9, -16.198200, -60.403700,2026-06-20 23:40:00,GOES-19,José Miguel de Velasco,Santa Cruz,Bolivia,85,8,28,0,0.0,1.0,,38.3
afc11bde-cbbb-317d-bf7e-089671c42c3b, -18.332100, -59.060300,2026-06-20 23:40:00,GOES-19,Chiquitos,Santa Cruz,Bolivia,80,8,28,1,0.0,0.45,,56.3
49935ca8-076d-3723-b162-ca27a39c2f23, -15.581700, -61.818900,2026-06-20 23:40:00,GOES-19,Ñuflo de Chávez,Santa Cruz,Bolivia,78,8,28,7,0.0,0.39,,46.3
f1a44239-75b5-33cf-adf4-c11e1d0ddcf7, -16.126800, -61.499500,2026-06-20 23:40:00,GOES-19,José Miguel de Velasco,Santa Cruz,Bolivia,85,8,28,10,0.0,0.43,,61.9
48085305-802c-381c-a7c8-4ac14e08fee1, -16.934100, -60.694600,2026-06-20 23:40:00,GOES-19,José Miguel de Velasco,Santa Cruz,Bolivia,85,8,28,10,0.26,0.49,,59.0
ccd2fbba-008b-36b5-add8-03ea46aadab3, -18.332100, -59.060300,2026-06-20 23:50:00,GOES-19,Chiquitos,Santa Cruz,Bolivia,80,8,28,1,0.0,0.45,,60.2
c9cbe3f3-a71a-3f93-be64-6165aa61c1d8, -17.477800, -59.558300,2026-06-20 23:50:00,GOES-19,Chiquitos,Santa Cruz,Bolivia,80,8,28,9,0.0,0.58,,41.7
31784d18-f18b-356d-acd3-59de6141463f, -11.650000, -48.525300,2026-06-20 23:50:00,GOES-19,PEIXE,TOCANTINS,Brasil,1716604,17,33,28,0.0,1.0,Cerrado,81.3
ecf625c4-0f42-3a90-9ee2-564d6eabf458, -15.908900, -61.930700,2026-06-20 23:50:00,GOES-19,Ñuflo de Chávez,Santa Cruz,Bolivia,78,8,28,0,0.41,0.16,,31.8
e8817512-6e9f-3be4-9a01-e4232b71f5a4,  -5.813000, -45.079900,2026-06-20 23:50:00,GOES-19,BARRA DO CORDA,MARANHÃO,Brasil,2101608,21,33,5,0.0,0.9,Cerrado,86.1
86076b53-12bf-3201-b78f-127002595cbe, -12.513100, -48.302400,2026-06-20 23:50:00,GOES-19,SÃO SALVADOR DO TOCANTINS,TOCANTINS,Brasil,1720259,17,33,28,0.0,1.0,Cerrado,71.8
82a31cfd-7cc0-3b10-b187-ccb234abee39, -16.934300, -60.674700,2026-06-20 23:50:00,GOES-19,José Miguel de Velasco,Santa Cruz,Bolivia,85,8,28,10,0.3,0.98,,81.0
6a71776d-166f-3df5-a68e-2027f119702b, -16.146000, -61.517600,2026-06-20 23:50:00,GOES-19,José Miguel de Velasco,Santa Cruz,Bolivia,85,8,28,9,0.0,0.41,,53.4
9c5e5d3a-77d7-3f4f-bbb9-53f4aa938a19, -16.146200, -61.497900,2026-06-20 23:50:00,GOES-19,José Miguel de Velasco,Santa Cruz,Bolivia,85,8,28,9,0.0,0.42,,61.1
0e69e006-32f0-353d-b6ea-7418e5eac556, -17.497500, -59.556300,2026-06-20 23:50:00,GOES-19,Chiquitos,Santa Cruz,Bolivia,80,8,28,9,0.0,0.58,,61.8
8081a724-2f6e-3ff8-b6fc-6706330f733a, -16.198200, -60.403700,2026-06-20 23:50:00,GOES-19,José Miguel de Velasco,Santa Cruz,Bolivia,85,8,28,0,0.0,1.0,,39.0
6a838ee1-9027-307f-83dc-7dfc94ff2dad, -11.630900, -48.527700,2026-06-20 23:50:00,GOES-19,PEIXE,TOCANTINS,Brasil,1716604,17,33,28,0.0,1.0,Cerrado,60.7
fb2a4b26-b054-3cca-89bf-c3f999b59f1e, -16.934100, -60.694600,2026-06-20 23:50:00,GOES-19,José Miguel de Velasco,Santa Cruz,Bolivia,85,8,28,10,0.26,0.49,,51.9
71708b15-ab31-3fc2-96e5-19c788cfa3a0, -16.126800, -61.499500,2026-06-20 23:50:00,GOES-19,José Miguel de Velasco,Santa Cruz,Bolivia,85,8,28,10,0.0,0.43,,63.0
32465bd8-7abc-35e2-9f74-5f3d6859196f, -16.126600, -61.519200,2026-06-20 23:50:00,GOES-19,José Miguel de Velasco,Santa Cruz,Bolivia,85,8,28,10,0.0,0.42,,55.1
219a4df8-e025-3921-8b8e-f4fdaa5ffd57, -18.351600, -59.078500,2026-06-20 23:50:00,GOES-19,Chiquitos,Santa Cruz,Bolivia,80,8,28,0,0.0,0.44,,103.3
9d16f303-08fa-3f9f-b041-35f034ac27bc, -18.351900, -59.058100,2026-06-20 23:50:00,GOES-19,Chiquitos,Santa Cruz,Bolivia,80,8,28,0,0.0,0.44,,71.1
01f48d65-9b37-370c-8b83-dd2200bf1cf3, -18.331800, -59.080700,2026-06-20 23:50:00,GOES-19,Chiquitos,Santa Cruz,Bolivia,80,8,28,1,0.0,0.45,,56.6
95eab5f1-c48a-3458-be39-a6b74d7429e2, -15.581700, -61.818900,2026-06-20 23:50:00,GOES-19,Ñuflo de Chávez,Santa Cruz,Bolivia,78,8,28,7,0.0,0.39,,41.4
c4b31fe0-701f-3040-8370-ab31164d5f2a, -15.601000, -61.817400,2026-06-20 23:50:00,GOES-19,Ñuflo de Chávez,Santa Cruz,Bolivia,78,8,28,8,0.0,0.37,,48.2
70830ee8-dc87-3040-9419-1dc8ee4d1048, -17.497200, -59.576500,2026-06-20 23:50:00,GOES-19,Chiquitos,Santa Cruz,Bolivia,80,8,28,9,0.0,0.57,,66.1
