id,lat,lon,data_hora_gmt,satelite,municipio,estado,pais,municipio_id,estado_id,pais_id,numero_dias_sem_chuva,precipitacao,risco_fogo,bioma,frp
0365c856-34c8-31d0-9f44-c2ddbc4d8333, -29.184800, -57.301850,2026-07-16 00:52:00,TERRA_M-M,San Martín,Corrientes,Argentina,231,7,12,,,,,8.2
b8953641-9197-3611-b634-32251a6158a1, -29.652570, -57.567910,2026-07-16 00:52:00,TERRA_M-M,Mercedes,Corrientes,Argentina,225,7,12,,,,,6.7
5b2ad357-efdb-300b-aaed-7db1e8d11c8f, -18.271200, -59.047870,2026-07-16 00:54:00,TERRA_M-M,Chiquitos,Santa Cruz,Bolivia,80,8,28,,,,,4.8
01d455ff-e7eb-3540-9812-2792c3c35aa1, -18.015130, -59.588860,2026-07-16 00:54:00,TERRA_M-M,Chiquitos,Santa Cruz,Bolivia,80,8,28,,,,,5.4
e6b6b213-4d5a-39d1-84c7-43a429017bc5, -25.078380, -55.188760,2026-07-16 00:54:00,TERRA_M-M,Mariscal Francisco Solano López,Caaguazú,Paraguay,54,7,177,,,,,29.2
984a7166-effc-39a2-a79f-55231e39c895, -25.866410, -56.327350,2026-07-16 00:54:00,TERRA_M-M,Villarrica,Guairá,Paraguay,142,13,177,,,,,26.7
2481a650-726e-3af1-92e6-a222619024e9, -24.502340, -55.118450,2026-07-16 00:54:00,TERRA_M-M,Itakyry,Alto Paraná,Paraguay,25,3,177,,,,,8.5
a1eb2fcf-c2a0-3503-af6c-d83ae632abfb, -25.251170, -57.351790,2026-07-16 00:54:00,TERRA_M-M,Areguá,Central,Paraguay,82,10,177,,,,,8.5
b1f17cc0-52f3-34df-8c0f-f3db2e7d46a0, -24.803430, -57.441140,2026-07-16 00:54:00,TERRA_M-M,Benjamín Aceval,Presidente Hayes,Paraguay,200,17,177,,,,,7.6
3ec29e6e-5913-3792-bfb6-d7d7b5c6cc16, -24.192970, -56.919900,2026-07-16 00:54:00,TERRA_M-M,Villa del Rosario,San Pedro,Paraguay,217,18,177,,,,,19.6
49f365f1-96df-35fc-a32c-53a472d464d9, -25.706110, -57.503630,2026-07-16 00:54:00,TERRA_M-M,Nueva Italia,Central,Paraguay,93,10,177,,,,,7.1
e3c005e0-e44f-325e-a3cf-8b953297be83, -24.800200, -56.662030,2026-07-16 00:54:00,TERRA_M-M,Unión,San Pedro,Paraguay,216,18,177,,,,,4.9
d89e6786-c9be-3cb3-a79e-358f7d4a0831, -18.274210, -60.819880,2026-07-16 00:54:00,TERRA_M-M,Cordillera,Santa Cruz,Bolivia,81,8,28,,,,,7.7
384e773c-a445-3468-9c62-65b02a404613, -17.689530, -60.988170,2026-07-16 00:54:00,TERRA_M-M,Chiquitos,Santa Cruz,Bolivia,80,8,28,,,,,22.3
4b4e02d0-5a47-3cf6-85c6-bf16065ff936, -17.698510, -60.986850,2026-07-16 00:54:00,TERRA_M-M,Chiquitos,Santa Cruz,Bolivia,80,8,28,,,,,18.9
e5595062-0240-3c40-9b34-9897cac434cb, -17.585740, -62.228520,2026-07-16 00:54:00,TERRA_M-M,Chiquitos,Santa Cruz,Bolivia,80,8,28,,,,,6.8
b66b33bc-addb-3eaf-abcc-0dc83575212c, -18.272950, -60.810330,2026-07-16 00:54:00,TERRA_M-M,Cordillera,Santa Cruz,Bolivia,81,8,28,,,,,11.5
7a89ea6c-54c4-3ae2-81f3-a8510a646e09, -25.191820, -57.388520,2026-07-16 00:54:00,TERRA_M-M,Luque,Central,Paraguay,91,10,177,,,,,10.6
86a722c8-4fb4-346e-b608-da0780aa0f88, -17.697240, -60.977320,2026-07-16 00:54:00,TERRA_M-M,Chiquitos,Santa Cruz,Bolivia,80,8,28,,,,,5.2
ec61efb3-b62b-33f2-bbb4-c79145c95bbd, -23.348330, -57.898300,2026-07-16 00:54:00,TERRA_M-M,Pozo Colorado,Presidente Hayes,Paraguay,201,17,177,,,,,5.2
e2125ed6-9044-3949-98e1-8528bb8d5bad, -22.563180, -57.185210,2026-07-16 00:54:00,TERRA_M-M,Concepción,Concepción,Paraguay,102,11,177,,,,,8.4
25ce8a96-7892-3c87-ae16-d8b36312b60c, -18.272540, -59.057250,2026-07-16 00:54:00,TERRA_M-M,Chiquitos,Santa Cruz,Bolivia,80,8,28,,,,,7.3
bc5aee1a-c6d6-3dae-8523-620a11391dd7, -25.834860, -57.312760,2026-07-16 00:54:00,TERRA_M-M,San Roque González de Santa Cruz,Paraguarí,Paraguay,194,16,177,,,,,15.3
056b7caa-0d22-38fc-8952-21e875481973, -23.349700, -57.908010,2026-07-16 00:54:00,TERRA_M-M,Pozo Colorado,Presidente Hayes,Paraguay,201,17,177,,,,,13.6
f18d3e55-d15d-3ccf-9415-afc934f2cee3, -19.827840, -57.956710,2026-07-16 00:54:00,TERRA_M-M,CORUMBÁ,MATO GROSSO DO SUL,Brasil,5003207,50,33,,,,Pantanal,8.2
5e260c90-e32e-3961-bfc5-59b3c4e9b667, -18.327260, -59.058110,2026-07-16 00:54:00,TERRA_M-M,Chiquitos,Santa Cruz,Bolivia,80,8,28,,,,,30.0
9652ec68-7864-33dc-ae39-825eabed7595, -17.847030, -52.487950,2026-07-16 00:54:00,TERRA_M-M,MINEIROS,GOIÁS,Brasil,5213103,52,33,,,,Cerrado,36.3
f9450baa-c00a-33fc-b102-2e1579c97021, -18.328580, -59.067490,2026-07-16 00:54:00,TERRA_M-M,Chiquitos,Santa Cruz,Bolivia,80,8,28,,,,,34.4
2d305621-93bd-33bb-8255-aa3ccb85ee65, -25.673740, -57.475210,2026-07-16 00:54:00,TERRA_M-M,Nueva Italia,Central,Paraguay,93,10,177,,,,,14.8
074b8025-ffbc-3a4a-99f4-1ff4709611db, -23.483060, -56.615150,2026-07-16 00:54:00,TERRA_M-M,Tacuatí,San Pedro,Paraguay,215,18,177,,,,,6.3
685038ae-88c9-3acc-97fd-5403723eb79c, -26.635960, -55.985280,2026-07-16 00:54:00,TERRA_M-M,San Pedro del Paraná,Itapúa,Paraguay,168,14,177,,,,,5.8
5f953063-fdaf-302d-b1f6-a393aa68c54f, -26.641930, -55.962300,2026-07-16 00:54:00,TERRA_M-M,San Pedro del Paraná,Itapúa,Paraguay,168,14,177,,,,,5.4
d3ffb72c-566a-3966-a055-d11ae8f3e467, -17.839240, -52.495990,2026-07-16 00:54:00,TERRA_M-M,MINEIROS,GOIÁS,Brasil,5213103,52,33,,,,Cerrado,37.4
800ca223-191f-3e0b-ae71-5b9e1109e713, -25.864850, -56.316930,2026-07-16 00:54:00,TERRA_M-M,Villarrica,Guairá,Paraguay,142,13,177,,,,,13.1
833fc1eb-bb18-37d9-830e-f101110e4b42, -18.325930, -59.048730,2026-07-16 00:54:00,TERRA_M-M,Chiquitos,Santa Cruz,Bolivia,80,8,28,,,,,10.1
4af7c333-ff05-3579-bec2-7c24c27f2c18, -26.986920, -56.994280,2026-07-16 00:54:00,TERRA_M-M,San Ignacio,Misiones,Paraguay,174,15,177,,,,,5.7
90d1393b-deb3-33f9-b812-595be107f811, -17.496730, -59.573690,2026-07-16 00:54:00,TERRA_M-M,Chiquitos,Santa Cruz,Bolivia,80,8,28,,,,,12.1
78479644-fe6f-396e-92bb-5e908503d828, -17.591580, -62.232600,2026-07-16 00:54:00,TERRA_M-M,Chiquitos,Santa Cruz,Bolivia,80,8,28,,,,,10.7
78d3d894-9ff2-31c4-84af-0cf2046d11ec, -24.531400, -60.634630,2026-07-16 00:54:00,TERRA_M-M,Patiño,Formosa,Argentina,257,9,12,,,,,11.9
3af7b890-31a3-37df-85af-5e1a6b06f756, -26.168860, -61.203870,2026-07-16 00:54:00,TERRA_M-M,Almirante Brown,Chaco,Argentina,171,4,12,,,,,11.2
e014956e-dda8-3572-b432-540520b1dd2f, -24.447150, -54.656770,2026-07-16 00:54:00,TERRA_M-M,General Francisco C. Alvarez,Canindeyú,Paraguay,75,9,177,,,,,10.3
663c309d-bde7-345e-b72d-458c88fa115e, -17.644090, -59.699290,2026-07-16 00:54:00,TERRA_M-M,Chiquitos,Santa Cruz,Bolivia,80,8,28,,,,,6.8
96150746-b5a0-3f05-8f33-8c06c78f1c03, -17.495430, -59.564430,2026-07-16 00:54:00,TERRA_M-M,Chiquitos,Santa Cruz,Bolivia,80,8,28,,,,,5.8
b3ffa8bc-4c8f-312e-9849-785ae6ce944c, -23.335050, -57.482640,2026-07-16 00:54:00,TERRA_M-M,Concepción,Concepción,Paraguay,102,11,177,,,,,7.0
edbe1716-e43d-3190-a08b-f21ec19727cf, -20.573500, -64.827940,2026-07-16 00:54:00,TERRA_M-M,Nor Cinti,Chuquisaca,Bolivia,6,1,28,,,,,38.6
a921fc34-6e57-326b-8584-bcc40ea560c2, -26.634360, -55.974670,2026-07-16 00:54:00,TERRA_M-M,San Pedro del Paraná,Itapúa,Paraguay,168,14,177,,,,,4.6
83a5ba45-6e16-3514-92e7-86fa2c31d306, -23.606080, -56.693610,2026-07-16 00:54:00,TERRA_M-M,Tacuatí,San Pedro,Paraguay,215,18,177,,,,,20.0
4c87eefb-25a8-35da-80f3-da82468e5fb9, -17.642810, -59.690040,2026-07-16 00:54:00,TERRA_M-M,Chiquitos,Santa Cruz,Bolivia,80,8,28,,,,,15.4
dd77bc1b-2992-33fc-a0bf-5c27a1d64944, -24.248520, -56.736010,2026-07-16 00:54:00,TERRA_M-M,General Elizardo Aquino,San Pedro,Paraguay,207,18,177,,,,,13.1
3178fd69-3199-3014-8634-f8dfec0c2407, -21.467300, -60.943050,2026-07-16 00:54:00,TERRA_M-M,General Eugenio A. Garay,Boquerón,Paraguay,43,6,177,,,,,34.3
f7f6cad2-e503-3326-9961-4faf57668c7e, -26.643530, -55.972910,2026-07-16 00:54:00,TERRA_M-M,San Pedro del Paraná,Itapúa,Paraguay,168,14,177,,,,,4.8
29fc2bd2-7f18-39ad-b836-08a569d2eb09, -26.508110, -60.987860,2026-07-16 00:54:00,TERRA_M-M,Almirante Brown,Chaco,Argentina,171,4,12,,,,,6.5
71eb9950-3f0c-3a95-b788-d71fd964c6cd, -21.664940, -56.319580,2026-07-16 00:54:00,TERRA_M-M,BELA VISTA,MATO GROSSO DO SUL,Brasil,5002100,50,33,,,,Cerrado,14.7
e989fe66-b2e6-3187-8756-2e52bf0fa502, -25.572510, -55.264930,2026-07-16 00:54:00,TERRA_M-M,San Cristóbal,Alto Paraná,Paraguay,34,3,177,,,,,9.5
76d5688c-705d-30e1-9708-4e0d501989b0, -26.069090, -57.465530,2026-07-16 00:54:00,TERRA_M-M,Quiíndy,Paraguarí,Paraguay,192,16,177,,,,,32.7
2b01dcdc-6314-38fc-bf64-8cb97aa3f8f2, -27.195560, -56.968930,2026-07-16 00:54:00,TERRA_M-M,Santiago,Misiones,Paraguay,180,15,177,,,,,7.7
82365adc-4a41-39ac-9dc6-382fd2f45669, -26.070490, -57.475400,2026-07-16 00:54:00,TERRA_M-M,Villa Oliva,Ñeembucú,Paraguay,15,1,177,,,,,5.2
3572c832-a344-39de-b62a-a73e4cad6cc6, -24.803250, -56.682590,2026-07-16 00:54:00,TERRA_M-M,Unión,San Pedro,Paraguay,216,18,177,,,,,35.6
b9d73760-39df-30d4-91f2-ed29851a5627, -18.001550, -61.692390,2026-07-16 00:54:00,TERRA_M-M,Chiquitos,Santa Cruz,Bolivia,80,8,28,,,,,7.4
21578b78-a06a-3d03-a759-5fed6a3295f5, -26.848170, -57.379320,2026-07-16 00:54:00,TERRA_M-M,San Juan Bautista de las Misiones,Misiones,Paraguay,175,15,177,,,,,6.0
2fdd6cbf-d06e-32ad-a8ab-ab147c8a663c, -25.787890, -56.921830,2026-07-16 00:54:00,TERRA_M-M,General Bernardino Caballero,Paraguarí,Paraguay,187,16,177,,,,,4.7
64404651-4cd4-3ae1-a7e7-8e544a6f6a66, -17.475130, -59.548650,2026-07-16 00:54:00,TERRA_M-M,Chiquitos,Santa Cruz,Bolivia,80,8,28,,,,,22.6
8f7cc215-9986-32e6-a350-bcfae27335eb, -24.477300, -54.650430,2026-07-16 00:54:00,TERRA_M-M,General Francisco C. Alvarez,Canindeyú,Paraguay,75,9,177,,,,,31.0
3442a01f-452e-34eb-9227-f743a3736b93, -24.191470, -56.909730,2026-07-16 00:54:00,TERRA_M-M,Villa del Rosario,San Pedro,Paraguay,217,18,177,,,,,7.3
edb083b1-b46c-3100-a7b3-c22e99344573, -26.168460, -61.210290,2026-07-16 00:54:00,TERRA_M-M,Almirante Brown,Chaco,Argentina,171,4,12,,,,,6.0
17954093-78d7-3ae9-9db3-a58fff3645c2, -24.488370, -55.418740,2026-07-16 00:54:00,TERRA_M-M,Villa San Isidro Curuguaty,Canindeyú,Paraguay,78,9,177,,,,,12.3
8f7ef776-41aa-374a-8695-1f18398d7622, -25.702480, -57.158900,2026-07-16 00:54:00,TERRA_M-M,Paraguarí,Paraguarí,Paraguay,190,16,177,,,,,6.7
0840bf2e-3f6f-3aff-8675-1123f063510e, -24.801720, -56.672310,2026-07-16 00:54:00,TERRA_M-M,Unión,San Pedro,Paraguay,216,18,177,,,,,40.5
083a1a7a-214e-3b40-80b0-0914a977a0eb, -18.336150, -59.056690,2026-07-16 00:54:00,TERRA_M-M,Chiquitos,Santa Cruz,Bolivia,80,8,28,,,,,10.4
1955270d-056b-329e-bbad-14d925f82b1f, -22.564680, -57.195350,2026-07-16 00:54:00,TERRA_M-M,Concepción,Concepción,Paraguay,102,11,177,,,,,6.3
1a82a264-b334-3bfc-b2d2-b0ae71558237, -18.329910, -59.076870,2026-07-16 00:54:00,TERRA_M-M,Chiquitos,Santa Cruz,Bolivia,80,8,28,,,,,19.0
331a2b49-624a-3354-97a7-b8c64ff4f29e, -17.660400, -60.770340,2026-07-16 00:54:00,TERRA_M-M,Chiquitos,Santa Cruz,Bolivia,80,8,28,,,,,5.1
00eae4f7-3a47-3777-9971-0c716f668d25, -24.791100, -56.663700,2026-07-16 00:54:00,TERRA_M-M,25 de Diciembre,San Pedro,Paraguay,204,18,177,,,,,5.4
a0d75100-47e7-3930-8a43-9c78f4f553cf, -26.058800, -57.457230,2026-07-16 00:54:00,TERRA_M-M,Quiíndy,Paraguarí,Paraguay,192,16,177,,,,,7.3
1bae65fa-6a76-344f-a887-c8c880791ce6, -23.632060, -59.356870,2026-07-16 00:54:00,TERRA_M-M,Pozo Colorado,Presidente Hayes,Paraguay,201,17,177,,,,,7.8
ee63c06d-9019-396d-91c5-22470418bd28, -22.753330, -55.941920,2026-07-16 00:54:00,TERRA_M-M,Pedro Juan Caballero,Amambay,Paraguay,40,4,177,,,,,8.0
a053ddd2-b425-34f8-9cf5-cfc7200b5d65, -18.620060, -54.917400,2026-07-16 00:54:00,TERRA_M-M,RIO VERDE DE MATO GROSSO,MATO GROSSO DO SUL,Brasil,5007406,50,33,,,,Cerrado,10.1
e148b142-6ae3-3a9e-b745-826dad7a8d3b, -25.675140, -57.485070,2026-07-16 00:54:00,TERRA_M-M,Nueva Italia,Central,Paraguay,93,10,177,,,,,7.2
fb9c4688-a35a-3af2-b41a-f667bbf17c1d, -24.512120, -55.116490,2026-07-16 00:54:00,TERRA_M-M,Itakyry,Alto Paraná,Paraguay,25,3,177,,,,,19.9
b9f02aaf-f3af-32eb-a9f1-94c27844a2cc, -26.021390, -56.318080,2026-07-16 00:54:00,TERRA_M-M,Caazapá,Caazapá,Paraguay,65,8,177,,,,,8.2
957ac00e-ef2d-3c73-88f4-860715e3ba05, -17.603500, -60.482790,2026-07-16 00:54:00,TERRA_M-M,Chiquitos,Santa Cruz,Bolivia,80,8,28,,,,,7.7
ea0eabde-9ad6-354e-8f41-701fa978898f, -24.792630, -56.673980,2026-07-16 00:54:00,TERRA_M-M,Unión,San Pedro,Paraguay,216,18,177,,,,,6.5
a00f5892-7d22-336a-8054-5869a1868847, -25.743570, -57.446430,2026-07-16 00:54:00,TERRA_M-M,Carapeguá,Paraguarí,Paraguay,185,16,177,,,,,14.2
61eccdc1-80eb-3744-8ef6-d144cf0700f2, -27.439380, -57.066400,2026-07-16 00:54:00,TERRA_M-M,Ayolas,Misiones,Paraguay,173,15,177,,,,,12.2
f28dfa0c-2cb0-31a5-bfd9-ba4d458a00d8, -24.475190, -54.637460,2026-07-16 00:54:00,TERRA_M-M,General Francisco C. Alvarez,Canindeyú,Paraguay,75,9,177,,,,,8.3
4bf93de5-dcc8-3551-a42d-61f488c6e7eb, -17.498010, -59.582950,2026-07-16 00:54:00,TERRA_M-M,Chiquitos,Santa Cruz,Bolivia,80,8,28,,,,,4.5
dcd0e080-4ffb-37f6-a998-6fcd81874f43, -26.060200, -57.467110,2026-07-16 00:54:00,TERRA_M-M,Quiíndy,Paraguarí,Paraguay,192,16,177,,,,,29.5
527a798c-33e8-32e2-8623-c9dfe9ea1c32, -24.714790, -57.402290,2026-07-16 00:54:00,TERRA_M-M,Villa Hayes,Presidente Hayes,Paraguay,203,17,177,,,,,6.1
6c3b76af-c4ca-3179-86ec-90853aace265, -21.476540, -60.941690,2026-07-16 00:54:00,TERRA_M-M,General Eugenio A. Garay,Boquerón,Paraguay,43,6,177,,,,,15.7
b3222c0e-55e1-3a49-a844-4c27c7be9849, -17.476420, -59.557920,2026-07-16 00:54:00,TERRA_M-M,Chiquitos,Santa Cruz,Bolivia,80,8,28,,,,,4.5
48ec96e4-5264-313a-9012-dd208a9f7323, -20.545120, -60.407180,2026-07-16 00:54:00,TERRA_M-M,General Eugenio A. Garay,Boquerón,Paraguay,43,6,177,,,,,6.7
bd0a3b68-8a6d-3cae-9a6a-e386b95f619a, -17.688260, -60.978650,2026-07-16 00:54:00,TERRA_M-M,Chiquitos,Santa Cruz,Bolivia,80,8,28,,,,,11.3
baec0fd2-5f78-3b26-bdcc-0bb8b3946662, -17.617490, -60.452200,2026-07-16 00:54:00,TERRA_M-M,Chiquitos,Santa Cruz,Bolivia,80,8,28,,,,,4.8
5c6b02ab-0801-3538-996e-eda7293a3a24, -19.441500, -59.788650,2026-07-16 00:54:00,TERRA_M-M,Mayor Pablo Lagerenza,Alto Paraguay,Paraguay,19,2,177,,,,,10.6
7cf76ce4-6c7b-3bf9-a11c-688256b7f4f0, -25.742170, -57.436560,2026-07-16 00:54:00,TERRA_M-M,Carapeguá,Paraguarí,Paraguay,185,16,177,,,,,7.6
e32c071f-3262-357d-893f-71c8ba4800f4, -24.274730, -56.608190,2026-07-16 00:54:00,TERRA_M-M,Choré,San Pedro,Paraguay,206,18,177,,,,,7.2
2816c992-f744-3116-b875-ee831202753c, -15.575180, -60.787090,2026-07-16 00:56:00,TERRA_M-M,José Miguel de Velasco,Santa Cruz,Bolivia,85,8,28,,,,,14.3
bc6590c4-8186-31cd-853f-b78a71e9e074, -16.144510, -60.647290,2026-07-16 00:56:00,TERRA_M-M,José Miguel de Velasco,Santa Cruz,Bolivia,85,8,28,,,,,7.1
c34998c4-da63-39ae-a1c8-0e08eb906a92, -15.926920, -61.914860,2026-07-16 00:56:00,TERRA_M-M,Ñuflo de Chávez,Santa Cruz,Bolivia,78,8,28,,,,,11.1
cbdf9654-2eb2-326e-9a01-1f12f2daec2c, -16.372550, -59.632130,2026-07-16 00:56:00,TERRA_M-M,José Miguel de Velasco,Santa Cruz,Bolivia,85,8,28,,,,,54.9
66b760ac-3dfa-3cf3-9343-93a210e813d0, -15.660830, -61.635980,2026-07-16 00:56:00,TERRA_M-M,Ñuflo de Chávez,Santa Cruz,Bolivia,78,8,28,,,,,4.6
cf2b0dd6-1df9-37be-b6ae-f5430b126cbb, -17.023980, -63.097270,2026-07-16 00:56:00,TERRA_M-M,Obispo Santistevan,Santa Cruz,Bolivia,87,8,28,,,,,18.2
07edf78c-6c91-365b-b31d-50cc002ba4d1, -15.765570, -60.978100,2026-07-16 00:56:00,TERRA_M-M,José Miguel de Velasco,Santa Cruz,Bolivia,85,8,28,,,,,8.2
7fc86a4d-7f17-3019-9bdb-1a8fb9accaf8, -15.707830, -61.574940,2026-07-16 00:56:00,TERRA_M-M,Ñuflo de Chávez,Santa Cruz,Bolivia,78,8,28,,,,,8.6
4aa2b84b-117f-3b54-ab8a-93201937df27, -16.330780, -59.657470,2026-07-16 00:56:00,TERRA_M-M,José Miguel de Velasco,Santa Cruz,Bolivia,85,8,28,,,,,10.4
2667ebf8-2295-3526-bb12-4f5fe537c48a, -16.348530, -59.654740,2026-07-16 00:56:00,TERRA_M-M,José Miguel de Velasco,Santa Cruz,Bolivia,85,8,28,,,,,43.8
c51bcc47-467c-3e4c-a00d-9ecea491e1f4, -15.659560, -61.626440,2026-07-16 00:56:00,TERRA_M-M,Ñuflo de Chávez,Santa Cruz,Bolivia,78,8,28,,,,,7.7
ce45bb1c-b94e-3bc2-b05c-49a999f8c673, -16.125530, -60.640720,2026-07-16 00:56:00,TERRA_M-M,José Miguel de Velasco,Santa Cruz,Bolivia,85,8,28,,,,,185.8
f7881e3b-6bd0-384b-93e5-9b7ca9dcef81, -16.409260, -61.875530,2026-07-16 00:56:00,TERRA_M-M,Ñuflo de Chávez,Santa Cruz,Bolivia,78,8,28,,,,,10.6
ee5b58ef-a7c5-3233-a5a2-d670cf08339e, -10.295040, -59.462300,2026-07-16 00:56:00,TERRA_M-M,ARIPUANÃ,MATO GROSSO,Brasil,5101407,51,33,,,,Amazônia,27.0
77ed561d-754a-3d3b-a151-1fae461ef497, -16.349820, -59.663950,2026-07-16 00:56:00,TERRA_M-M,José Miguel de Velasco,Santa Cruz,Bolivia,85,8,28,,,,,36.1
27b8f0c8-a05d-37eb-99b7-af3efb71b489, -15.709080, -61.584450,2026-07-16 00:56:00,TERRA_M-M,Ñuflo de Chávez,Santa Cruz,Bolivia,78,8,28,,,,,5.1
3df8bbfc-a22d-3b35-962f-c270796b9940, -14.084460, -64.439040,2026-07-16 00:56:00,TERRA_M-M,Mamoré,El Beni,Bolivia,27,3,28,,,,,11.0
be46e158-2711-34b1-9c54-3641d139254e, -14.082880, -64.426460,2026-07-16 00:56:00,TERRA_M-M,Mamoré,El Beni,Bolivia,27,3,28,,,,,10.0
dfdc2c0e-7e36-37d8-8cf8-c44e8600bfdd, -16.131900, -60.621030,2026-07-16 00:56:00,TERRA_M-M,José Miguel de Velasco,Santa Cruz,Bolivia,85,8,28,,,,,68.7
07d40126-cb01-3463-8f9e-b74f18c60def, -16.957540, -60.669240,2026-07-16 00:56:00,TERRA_M-M,José Miguel de Velasco,Santa Cruz,Bolivia,85,8,28,,,,,6.0
802806a2-0d19-392d-b88c-8d6676f7635d, -16.123030, -60.622350,2026-07-16 00:56:00,TERRA_M-M,José Miguel de Velasco,Santa Cruz,Bolivia,85,8,28,,,,,12.4
4e7424dd-2c78-358b-8c0f-82e92d8bb961, -17.525410, -62.864970,2026-07-16 00:56:00,TERRA_M-M,Andrés Ibáñez,Santa Cruz,Bolivia,79,8,28,,,,,58.1
c689d480-ec27-3313-b37b-b13ff4e34d2c, -16.402830, -61.826280,2026-07-16 00:56:00,TERRA_M-M,Ñuflo de Chávez,Santa Cruz,Bolivia,78,8,28,,,,,30.5
8de0853b-6a6c-327c-b7f5-6e55ffd3807d, -16.343540, -59.683780,2026-07-16 00:56:00,TERRA_M-M,José Miguel de Velasco,Santa Cruz,Bolivia,85,8,28,,,,,17.7
c4ee2fc4-8401-3abb-a7c2-7346509cf3dd, -16.643650, -61.073150,2026-07-16 00:56:00,TERRA_M-M,José Miguel de Velasco,Santa Cruz,Bolivia,85,8,28,,,,,5.7
f54076d5-2da0-3e65-b3e6-6f1dde40902c, -17.109610, -60.634370,2026-07-16 00:56:00,TERRA_M-M,José Miguel de Velasco,Santa Cruz,Bolivia,85,8,28,,,,,18.6
d804fdad-8227-3be6-a9c5-4a3ba74acc23, -16.320090, -59.655490,2026-07-16 00:56:00,TERRA_M-M,José Miguel de Velasco,Santa Cruz,Bolivia,85,8,28,,,,,12.4
2bcba291-ff9f-3464-8c3d-df7e9ace0010, -15.928200, -61.924640,2026-07-16 00:56:00,TERRA_M-M,Ñuflo de Chávez,Santa Cruz,Bolivia,78,8,28,,,,,21.4
62c509ba-b408-3a5e-aaa4-08e7af498833, -15.658300, -61.616940,2026-07-16 00:56:00,TERRA_M-M,Ñuflo de Chávez,Santa Cruz,Bolivia,78,8,28,,,,,36.4
41490b91-fab2-3286-8dd0-feaf6ea3e794, -17.038760, -63.381290,2026-07-16 00:56:00,TERRA_M-M,Obispo Santistevan,Santa Cruz,Bolivia,87,8,28,,,,,14.1
fdef9fcc-2195-38ac-ad70-bd727ce0c977, -16.641870, -60.721410,2026-07-16 00:56:00,TERRA_M-M,José Miguel de Velasco,Santa Cruz,Bolivia,85,8,28,,,,,5.3
fe706c76-0c0c-3e87-b862-ac3ffd2ca3ff, -15.841430, -61.264630,2026-07-16 00:56:00,TERRA_M-M,José Miguel de Velasco,Santa Cruz,Bolivia,85,8,28,,,,,6.7
45f8dec7-482f-35e6-81bc-75de0c9bc010, -12.656180, -64.027810,2026-07-16 00:56:00,TERRA_M-M,Vaca Díez,El Beni,Bolivia,30,3,28,,,,,8.9
6f9d17c3-72bc-3c80-8ac1-7f46e48f4e4e, -16.348730, -59.720660,2026-07-16 00:56:00,TERRA_M-M,José Miguel de Velasco,Santa Cruz,Bolivia,85,8,28,,,,,5.9
7e3bf781-f995-3dfc-829c-7042e05fd686, -16.075220, -60.470320,2026-07-16 00:56:00,TERRA_M-M,José Miguel de Velasco,Santa Cruz,Bolivia,85,8,28,,,,,4.6
0af7aded-7b22-38c3-a5fc-2e104b3e9655, -16.400290, -59.571110,2026-07-16 00:56:00,TERRA_M-M,José Miguel de Velasco,Santa Cruz,Bolivia,85,8,28,,,,,6.6
15b17972-5208-3300-b36e-a1c007dd226b, -16.392400, -61.817730,2026-07-16 00:56:00,TERRA_M-M,Ñuflo de Chávez,Santa Cruz,Bolivia,78,8,28,,,,,3.8
8495ea6e-6bf2-34fb-97da-76509823a175, -15.926420, -61.628650,2026-07-16 00:56:00,TERRA_M-M,Ñuflo de Chávez,Santa Cruz,Bolivia,78,8,28,,,,,18.5
c97c471a-cfae-3862-aad9-52e7ade2fbb5, -17.274930, -60.228960,2026-07-16 00:56:00,TERRA_M-M,Chiquitos,Santa Cruz,Bolivia,80,8,28,,,,,17.1
0cd036cc-8bfd-3c51-af36-07fb427780f2, -17.524010, -62.853650,2026-07-16 00:56:00,TERRA_M-M,Andrés Ibáñez,Santa Cruz,Bolivia,79,8,28,,,,,11.0
24e9b2b0-7b1c-32ed-af91-bdac196d50dc, -16.124280, -60.631540,2026-07-16 00:56:00,TERRA_M-M,José Miguel de Velasco,Santa Cruz,Bolivia,85,8,28,,,,,44.5
e61e009f-0486-3a2d-9c9a-e57cbacb5c4a, -16.356060, -59.321350,2026-07-16 00:56:00,TERRA_M-M,José Miguel de Velasco,Santa Cruz,Bolivia,85,8,28,,,,,5.2
e12695eb-d34d-3df0-9fec-90680f030e06, -16.650750, -60.720090,2026-07-16 00:56:00,TERRA_M-M,José Miguel de Velasco,Santa Cruz,Bolivia,85,8,28,,,,,6.1
c85417ec-477e-3531-9bde-8cfbbbc61874, -16.359990, -59.671800,2026-07-16 00:56:00,TERRA_M-M,José Miguel de Velasco,Santa Cruz,Bolivia,85,8,28,,,,,8.9
371341f0-6ddc-307e-9f34-423b95a6bca8, -15.668600, -61.625170,2026-07-16 00:56:00,TERRA_M-M,Ñuflo de Chávez,Santa Cruz,Bolivia,78,8,28,,,,,9.9
f9672944-c4f5-318d-9daf-b50ef0bedebd, -16.346990, -59.579410,2026-07-16 00:56:00,TERRA_M-M,José Miguel de Velasco,Santa Cruz,Bolivia,85,8,28,,,,,14.1
e95e4034-a752-306f-afc0-242fc0d5c2e9, -16.342020, -59.608550,2026-07-16 00:56:00,TERRA_M-M,José Miguel de Velasco,Santa Cruz,Bolivia,85,8,28,,,,,6.9
80f8de49-e964-3106-9f33-d293ed0ed5d5, -16.794530, -63.128860,2026-07-16 00:56:00,TERRA_M-M,Obispo Santistevan,Santa Cruz,Bolivia,87,8,28,,,,,12.9
b68b5c68-b51b-3358-9de6-6378c0b0173f, -16.335970, -59.694390,2026-07-16 00:56:00,TERRA_M-M,José Miguel de Velasco,Santa Cruz,Bolivia,85,8,28,,,,,91.5
b945697b-6b1b-342b-bfda-a85cb2f73ed0, -16.663470, -59.606340,2026-07-16 00:56:00,TERRA_M-M,José Miguel de Velasco,Santa Cruz,Bolivia,85,8,28,,,,,5.1
3f571439-e8d0-36d0-945e-ff010152e3f8, -16.125390, -60.706440,2026-07-16 00:56:00,TERRA_M-M,José Miguel de Velasco,Santa Cruz,Bolivia,85,8,28,,,,,9.8
720f2cd8-4bfd-302f-a1df-2fbb549edc89, -16.344840, -59.693000,2026-07-16 00:56:00,TERRA_M-M,José Miguel de Velasco,Santa Cruz,Bolivia,85,8,28,,,,,24.3
37ca38dc-124c-3b7e-8fa0-0586c239ce81, -16.239560, -61.355070,2026-07-16 00:56:00,TERRA_M-M,José Miguel de Velasco,Santa Cruz,Bolivia,85,8,28,,,,,15.5
1c32165f-b8ea-336a-b362-196404f50ae0, -15.667330, -61.615670,2026-07-16 00:56:00,TERRA_M-M,Ñuflo de Chávez,Santa Cruz,Bolivia,78,8,28,,,,,41.9
a2ae0302-2815-304f-b906-1b85e4388653, -16.827840, -60.938200,2026-07-16 00:56:00,TERRA_M-M,José Miguel de Velasco,Santa Cruz,Bolivia,85,8,28,,,,,4.7
ca6227c0-1d75-3888-beef-139d2b88f1dc, -12.878420, -58.276870,2026-07-16 00:56:00,TERRA_M-M,BRASNORTE,MATO GROSSO,Brasil,5101902,51,33,,,,Cerrado,12.8
ac39555f-1cca-3bea-88e3-838a1aad60ad, -15.754210, -61.578040,2026-07-16 00:56:00,TERRA_M-M,Ñuflo de Chávez,Santa Cruz,Bolivia,78,8,28,,,,,23.0
d94bb29d-1e6a-3c5b-9d54-7a8e69fb96ff, -16.652600, -61.071850,2026-07-16 00:56:00,TERRA_M-M,José Miguel de Velasco,Santa Cruz,Bolivia,85,8,28,,,,,10.0
eadda41a-f65d-3c5b-8f86-2990706e89cb, -16.354740, -59.311990,2026-07-16 00:56:00,TERRA_M-M,José Miguel de Velasco,Santa Cruz,Bolivia,85,8,28,,,,,8.5
0eead9f2-38b0-3d64-84a1-7458fbaaec95, -16.551200, -60.731820,2026-07-16 00:56:00,TERRA_M-M,José Miguel de Velasco,Santa Cruz,Bolivia,85,8,28,,,,,6.1
ac982c35-0b88-3675-8e38-7f3f94e858cf, -16.126780, -60.649910,2026-07-16 00:56:00,TERRA_M-M,José Miguel de Velasco,Santa Cruz,Bolivia,85,8,28,,,,,160.1
bcb4d9be-6211-366e-b413-8b0643b71a23, -17.089570, -63.380230,2026-07-16 00:56:00,TERRA_M-M,Sara,Santa Cruz,Bolivia,88,8,28,,,,,6.0
ab8e4a0a-7539-3543-aa6a-076c49b0bfa4, -15.925160, -61.619090,2026-07-16 00:56:00,TERRA_M-M,Ñuflo de Chávez,Santa Cruz,Bolivia,78,8,28,,,,,7.4
a2db617b-9551-3a9f-9fb7-f44f639c89c7, -16.367360, -59.595130,2026-07-16 00:56:00,TERRA_M-M,José Miguel de Velasco,Santa Cruz,Bolivia,85,8,28,,,,,4.4
f9738028-d2dc-301c-bc3c-c14c59f04a93, -16.398630, -61.937530,2026-07-16 00:56:00,TERRA_M-M,Ñuflo de Chávez,Santa Cruz,Bolivia,78,8,28,,,,,8.1
aa030625-6e10-341d-8c47-8a12749b8209, -16.393670, -61.827530,2026-07-16 00:56:00,TERRA_M-M,Ñuflo de Chávez,Santa Cruz,Bolivia,78,8,28,,,,,14.9
8e65da9e-baf9-3677-8ad7-d7bb2397741c, -16.121780, -60.613160,2026-07-16 00:56:00,TERRA_M-M,José Miguel de Velasco,Santa Cruz,Bolivia,85,8,28,,,,,5.4
becbc738-5472-3857-83c9-f3a3783545d0, -16.329470, -59.648240,2026-07-16 00:56:00,TERRA_M-M,José Miguel de Velasco,Santa Cruz,Bolivia,85,8,28,,,,,16.3
e389cdab-2ad0-3b8a-badd-4aa41d36e763, -16.395300, -59.600250,2026-07-16 00:56:00,TERRA_M-M,José Miguel de Velasco,Santa Cruz,Bolivia,85,8,28,,,,,5.9
99bceb7c-b6f7-3385-aa2c-1faf3c3b7381, -17.112110, -60.652970,2026-07-16 00:56:00,TERRA_M-M,José Miguel de Velasco,Santa Cruz,Bolivia,85,8,28,,,,,5.4
37a5df3e-a43c-3e68-ab98-b4baf64032c8, -17.100240, -60.642140,2026-07-16 00:56:00,TERRA_M-M,José Miguel de Velasco,Santa Cruz,Bolivia,85,8,28,,,,,7.7
141953e1-ab8c-3a8b-9ae9-1ccac16d9265, -16.401590, -59.580380,2026-07-16 00:56:00,TERRA_M-M,José Miguel de Velasco,Santa Cruz,Bolivia,85,8,28,,,,,37.2
5f93aebf-3e2b-3e51-a405-fa57661af05e, -16.400100, -61.876850,2026-07-16 00:56:00,TERRA_M-M,Ñuflo de Chávez,Santa Cruz,Bolivia,78,8,28,,,,,17.8
e3e0c1ed-eb7f-3012-9b2a-434987bcf1c7, -15.584040, -60.785790,2026-07-16 00:56:00,TERRA_M-M,José Miguel de Velasco,Santa Cruz,Bolivia,85,8,28,,,,,4.8
36a19354-b478-30d0-93fb-dca2a6206cf1, -16.967690, -60.677220,2026-07-16 00:56:00,TERRA_M-M,José Miguel de Velasco,Santa Cruz,Bolivia,85,8,28,,,,,17.7
8fba62d6-62e4-389c-8e19-0bd0c2a6684b, -17.276180, -60.238180,2026-07-16 00:56:00,TERRA_M-M,Chiquitos,Santa Cruz,Bolivia,80,8,28,,,,,24.4
1c91f0cf-d07a-3539-a1e4-a57340290e8b, -15.657030, -61.607450,2026-07-16 00:56:00,TERRA_M-M,Ñuflo de Chávez,Santa Cruz,Bolivia,78,8,28,,,,,5.8
2ddefccd-71d6-3893-8f44-6a98de70f564, -16.405470, -59.608140,2026-07-16 00:56:00,TERRA_M-M,José Miguel de Velasco,Santa Cruz,Bolivia,85,8,28,,,,,7.5
848e0a58-0efc-348e-8897-cf5ee35a39a5, -17.257220, -60.231640,2026-07-16 00:56:00,TERRA_M-M,Chiquitos,Santa Cruz,Bolivia,80,8,28,,,,,10.2
cec5c7a4-20e7-3fd2-9ca0-95c37a6c1423, -16.120530, -60.603970,2026-07-16 00:56:00,TERRA_M-M,José Miguel de Velasco,Santa Cruz,Bolivia,85,8,28,,,,,12.3
a3139be1-87f4-39f0-89fb-6d9878ce178e, -16.348300, -59.588670,2026-07-16 00:56:00,TERRA_M-M,José Miguel de Velasco,Santa Cruz,Bolivia,85,8,28,,,,,14.5
1148dafc-62ea-30cc-a30c-bdda338f89ff, -16.342240, -59.674540,2026-07-16 00:56:00,TERRA_M-M,José Miguel de Velasco,Santa Cruz,Bolivia,85,8,28,,,,,10.9
2aab148c-cbda-31ac-b2e1-345a952199f8, -16.318800, -59.646270,2026-07-16 00:56:00,TERRA_M-M,José Miguel de Velasco,Santa Cruz,Bolivia,85,8,28,,,,,22.4
b36192fe-18cb-37d1-b2fd-29ba92146be0, -16.089740, -61.612570,2026-07-16 00:56:00,TERRA_M-M,José Miguel de Velasco,Santa Cruz,Bolivia,85,8,28,,,,,7.0
6c9b06c8-dfef-370f-9c60-39db42565d77, -16.404110, -61.836090,2026-07-16 00:56:00,TERRA_M-M,Ñuflo de Chávez,Santa Cruz,Bolivia,78,8,28,,,,,10.4
0df7ab4a-ad8e-38e1-a63d-575ec3f7cde6, -14.552910, -63.536420,2026-07-16 00:56:00,TERRA_M-M,Cercado,El Beni,Bolivia,25,3,28,,,,,7.4
9885f736-69dc-352c-8b3f-7e100fea1e85, -16.084070, -60.468990,2026-07-16 00:56:00,TERRA_M-M,José Miguel de Velasco,Santa Cruz,Bolivia,85,8,28,,,,,13.2
65ba1865-4f30-38d3-97ba-de9aa5f8d6e6, -16.343330, -59.617790,2026-07-16 00:56:00,TERRA_M-M,José Miguel de Velasco,Santa Cruz,Bolivia,85,8,28,,,,,27.4
480ff33a-29d3-334f-a7bf-5a96c7bbc115, -16.396590, -59.609520,2026-07-16 00:56:00,TERRA_M-M,José Miguel de Velasco,Santa Cruz,Bolivia,85,8,28,,,,,25.4
6d28c015-c6f2-3470-91ce-f26f8fd24c01, -16.271560, -60.838580,2026-07-16 00:56:00,TERRA_M-M,José Miguel de Velasco,Santa Cruz,Bolivia,85,8,28,,,,,10.1
f4f0f687-c43c-333a-83b2-10b9e89d02a7, -16.337270, -59.703610,2026-07-16 00:56:00,TERRA_M-M,José Miguel de Velasco,Santa Cruz,Bolivia,85,8,28,,,,,14.2
30bebaf7-392e-36ac-85b7-b323c405a0d3, -16.328170, -59.639010,2026-07-16 00:56:00,TERRA_M-M,José Miguel de Velasco,Santa Cruz,Bolivia,85,8,28,,,,,22.3
1549cd68-440b-36c5-9822-4b7e5ae15871, -17.110860, -60.643680,2026-07-16 00:56:00,TERRA_M-M,José Miguel de Velasco,Santa Cruz,Bolivia,85,8,28,,,,,122.8
2cbd9192-2792-3dfd-b273-5e8e19ef3de6, -16.082820, -60.459830,2026-07-16 00:56:00,TERRA_M-M,José Miguel de Velasco,Santa Cruz,Bolivia,85,8,28,,,,,10.3
e24d6707-378a-3c79-961c-06f0f45340e1, -16.642400, -61.063770,2026-07-16 00:56:00,TERRA_M-M,José Miguel de Velasco,Santa Cruz,Bolivia,85,8,28,,,,,7.7
c1a13419-e4e2-3e1f-9265-eef3f4d692f3, -16.134390, -60.639400,2026-07-16 00:56:00,TERRA_M-M,José Miguel de Velasco,Santa Cruz,Bolivia,85,8,28,,,,,151.4
d60600ba-ad94-3aa5-a5cb-7563b8e242a1, -16.119290, -60.594780,2026-07-16 00:56:00,TERRA_M-M,José Miguel de Velasco,Santa Cruz,Bolivia,85,8,28,,,,,4.8
5dfe3880-79a6-3329-9540-acf753930a19, -16.366270, -59.651980,2026-07-16 00:56:00,TERRA_M-M,José Miguel de Velasco,Santa Cruz,Bolivia,85,8,28,,,,,11.9
830b5fd1-6121-3a47-82ce-1d4ed926f48b, -15.752930, -61.568500,2026-07-16 00:56:00,TERRA_M-M,Ñuflo de Chávez,Santa Cruz,Bolivia,78,8,28,,,,,27.8
d6c1a3aa-bb5f-3408-9ec5-81cd6efd0b70, -16.356300, -59.710090,2026-07-16 00:56:00,TERRA_M-M,José Miguel de Velasco,Santa Cruz,Bolivia,85,8,28,,,,,8.3
562ddd90-a5a6-36c8-b50e-b40a7e6a805a, -16.338570, -59.712830,2026-07-16 00:56:00,TERRA_M-M,José Miguel de Velasco,Santa Cruz,Bolivia,85,8,28,,,,,18.4
1528804a-b896-3a5e-8e75-55e3a3a55df6, -16.401380, -61.886710,2026-07-16 00:56:00,TERRA_M-M,Ñuflo de Chávez,Santa Cruz,Bolivia,78,8,28,,,,,4.3
f0739713-daf0-3728-9360-8f7592c0f10b, -12.880000, -58.287600,2026-07-16 00:56:00,TERRA_M-M,BRASNORTE,MATO GROSSO,Brasil,5101902,51,33,,,,Cerrado,6.5
e57ba367-2904-3e7f-a793-6098286986f5, -16.958800, -60.678540,2026-07-16 00:56:00,TERRA_M-M,José Miguel de Velasco,Santa Cruz,Bolivia,85,8,28,,,,,39.2
4084a4ed-bd79-30d2-99c2-2fad803e5978, -16.370160, -59.679680,2026-07-16 00:56:00,TERRA_M-M,José Miguel de Velasco,Santa Cruz,Bolivia,85,8,28,,,,,8.7
a29ed0fc-515b-37f0-834b-edbc9760d5ff, -16.346140, -59.702240,2026-07-16 00:56:00,TERRA_M-M,José Miguel de Velasco,Santa Cruz,Bolivia,85,8,28,,,,,45.8
091d4a9b-3e7a-3936-bb36-ec7d269c5570, -12.889600, -58.286050,2026-07-16 00:56:00,TERRA_M-M,BRASNORTE,MATO GROSSO,Brasil,5101902,51,33,,,,Cerrado,5.7
160533ed-92e6-3365-903d-7bf935aa07ab, -16.960040, -60.687820,2026-07-16 00:56:00,TERRA_M-M,José Miguel de Velasco,Santa Cruz,Bolivia,85,8,28,,,,,21.0
f402b4ac-1991-33f7-b7ae-40db5def1209, -15.762460, -61.570590,2026-07-16 00:56:00,TERRA_M-M,Ñuflo de Chávez,Santa Cruz,Bolivia,78,8,28,,,,,21.4
d78bf6ae-67ef-37bd-b945-9e7e20e492a2, -16.334670, -59.685150,2026-07-16 00:56:00,TERRA_M-M,José Miguel de Velasco,Santa Cruz,Bolivia,85,8,28,,,,,39.7
0f978a94-0517-35cf-956d-88d84d5241dc, -16.949900, -60.679860,2026-07-16 00:56:00,TERRA_M-M,José Miguel de Velasco,Santa Cruz,Bolivia,85,8,28,,,,,12.2
dc886b0a-bfd3-317a-a2e0-e2b63940645c, -10.241450, -58.518640,2026-07-16 00:56:00,TERRA_M-M,JURUENA,MATO GROSSO,Brasil,5105176,51,33,,,,Amazônia,7.4
3921e126-7083-35ec-80f6-dcd676d1a628, -16.552460, -60.741080,2026-07-16 00:56:00,TERRA_M-M,José Miguel de Velasco,Santa Cruz,Bolivia,85,8,28,,,,,7.4
df809099-edf2-36e4-8101-ef098e255d39, -16.401540, -61.816480,2026-07-16 00:56:00,TERRA_M-M,Ñuflo de Chávez,Santa Cruz,Bolivia,78,8,28,,,,,10.3
5fd4234e-8b8e-3bb2-b3e5-8f1098dcfb84, -16.330530, -59.591380,2026-07-16 00:56:00,TERRA_M-M,José Miguel de Velasco,Santa Cruz,Bolivia,85,8,28,,,,,6.6
c262c50e-d6a1-39b4-8e02-44ee07cd767f, -16.402880, -59.589630,2026-07-16 00:56:00,TERRA_M-M,José Miguel de Velasco,Santa Cruz,Bolivia,85,8,28,,,,,17.1
33870d6e-72f6-3c12-afd2-077a176cc664, -16.130650, -60.611850,2026-07-16 00:56:00,TERRA_M-M,José Miguel de Velasco,Santa Cruz,Bolivia,85,8,28,,,,,10.0
275b979c-0b6a-3a77-b063-ef91c0af7eed, -16.966440, -60.667930,2026-07-16 00:56:00,TERRA_M-M,José Miguel de Velasco,Santa Cruz,Bolivia,85,8,28,,,,,14.2
d552f1ca-53e9-359d-811a-2322ddc35544, -16.317510, -59.637040,2026-07-16 00:56:00,TERRA_M-M,José Miguel de Velasco,Santa Cruz,Bolivia,85,8,28,,,,,4.7
c0164281-8b13-3e1e-87d5-7fbad1a4a5e1, -16.961290, -60.697100,2026-07-16 00:56:00,TERRA_M-M,José Miguel de Velasco,Santa Cruz,Bolivia,85,8,28,,,,,7.8
44f59ff6-8616-3a1e-bd1b-eb7098778a63, -16.410970, -59.572580,2026-07-16 00:56:00,TERRA_M-M,José Miguel de Velasco,Santa Cruz,Bolivia,85,8,28,,,,,8.6
1d81c1cc-7f17-31c3-9bb0-ee8c1e8cfd6e, -16.133140, -60.630210,2026-07-16 00:56:00,TERRA_M-M,José Miguel de Velasco,Santa Cruz,Bolivia,85,8,28,,,,,153.3
2be74935-4278-3778-9808-973b63bb9e00, -16.373850, -59.641370,2026-07-16 00:56:00,TERRA_M-M,José Miguel de Velasco,Santa Cruz,Bolivia,85,8,28,,,,,49.7
a1cbb694-5d89-356d-89d9-82589b951378, -16.347430, -59.711460,2026-07-16 00:56:00,TERRA_M-M,José Miguel de Velasco,Santa Cruz,Bolivia,85,8,28,,,,,57.8
f9510f52-77ec-3c3d-b1a5-59345ac0ad53, -16.355870, -59.578030,2026-07-16 00:56:00,TERRA_M-M,José Miguel de Velasco,Santa Cruz,Bolivia,85,8,28,,,,,15.1
16d5d700-5345-33b7-9e76-4453591f525c, -16.329220, -59.582130,2026-07-16 00:56:00,TERRA_M-M,José Miguel de Velasco,Santa Cruz,Bolivia,85,8,28,,,,,11.1
b1f9225c-aa94-3826-9191-112874863800, -16.662180, -59.597080,2026-07-16 00:56:00,TERRA_M-M,José Miguel de Velasco,Santa Cruz,Bolivia,85,8,28,,,,,4.7
c82f712a-050a-3477-b52d-8ec95f12042d, -16.375140, -59.650600,2026-07-16 00:56:00,TERRA_M-M,José Miguel de Velasco,Santa Cruz,Bolivia,85,8,28,,,,,24.4
75e664d6-0cd0-3c9a-9338-1dbcebee1e7d, -16.397350, -61.927650,2026-07-16 00:56:00,TERRA_M-M,Ñuflo de Chávez,Santa Cruz,Bolivia,78,8,28,,,,,7.8
797f5167-d944-3b9b-9c3b-ee4b8a7eb162, -16.340720, -59.599290,2026-07-16 00:56:00,TERRA_M-M,José Miguel de Velasco,Santa Cruz,Bolivia,85,8,28,,,,,6.7
ba9336b3-4b10-3620-83b0-8d5aa2c62fcf, -16.135640, -60.648610,2026-07-16 00:56:00,TERRA_M-M,José Miguel de Velasco,Santa Cruz,Bolivia,85,8,28,,,,,51.5
a036ed58-5600-3ace-831f-eabbe743b8fe,  -9.455890, -63.883840,2026-07-16 00:58:00,TERRA_M-M,PORTO VELHO,RONDÔNIA,Brasil,1100205,11,33,,,,Amazônia,9.3
0a626e52-2d44-32b9-8cd4-f20075df3d9d,  -9.454580, -63.873710,2026-07-16 00:58:00,TERRA_M-M,PORTO VELHO,RONDÔNIA,Brasil,1100205,11,33,,,,Amazônia,10.0
7692fa27-77f9-3cc6-972d-6ae99481de13,  -1.641550, -54.453720,2026-07-16 01:00:00,TERRA_M-M,ALENQUER,PARÁ,Brasil,1500404,15,33,,,,Amazônia,20.0
e66ee9e3-92e0-3086-b4ba-9a6248f34632,  -1.646270, -54.484980,2026-07-16 01:00:00,TERRA_M-M,ALENQUER,PARÁ,Brasil,1500404,15,33,,,,Amazônia,20.2
cfe561b7-ef6a-3a19-943a-3250d3cc8fd7, -16.672701, -59.593498,2026-07-16 01:01:00,METOP-B,José Miguel de Velasco,Santa Cruz,Bolivia,85,8,28,,,,,
43002a9e-76ad-3ac7-a98a-4904c2185c64, -26.643000, -55.956799,2026-07-16 01:01:00,METOP-B,San Pedro del Paraná,Itapúa,Paraguay,168,14,177,,,,,
f44d8be2-fd4a-3301-891c-15d76150296a,  -9.454700, -63.867500,2026-07-16 01:01:00,METOP-B,PORTO VELHO,RONDÔNIA,Brasil,1100205,11,33,,,,Amazônia,
a5f3580c-bad1-36d1-8e84-a1b814cd207c, -16.121201, -60.592899,2026-07-16 01:01:00,METOP-B,José Miguel de Velasco,Santa Cruz,Bolivia,85,8,28,,,,,
05664a96-1218-3847-bcd8-e7734e2c8d93, -16.080299, -60.452801,2026-07-16 01:01:00,METOP-B,José Miguel de Velasco,Santa Cruz,Bolivia,85,8,28,,,,,
8b2de110-ab5b-3301-a036-07e371eba87c, -24.531700, -60.626900,2026-07-16 01:01:00,METOP-B,Patiño,Formosa,Argentina,257,9,12,,,,,
43ecfae0-d9a8-32a0-b027-129aa654784a, -21.665199, -56.306099,2026-07-16 01:01:00,METOP-B,BELA VISTA,MATO GROSSO DO SUL,Brasil,5002100,50,33,,,,Cerrado,
983ff570-871a-376b-a8df-07d06d9c25fe, -24.189699, -56.903900,2026-07-16 01:01:00,METOP-B,San Pablo,San Pedro,Paraguay,213,18,177,,,,,
f7748d1c-481d-3064-81f7-cd2e77bd38e8, -17.030300, -63.088100,2026-07-16 01:01:00,METOP-B,Obispo Santistevan,Santa Cruz,Bolivia,87,8,28,,,,,
033492d7-362b-390c-8c7e-7460c779b97c, -12.881000, -58.265701,2026-07-16 01:01:00,METOP-B,BRASNORTE,MATO GROSSO,Brasil,5101902,51,33,,,,Cerrado,
feff2e6d-7184-3e61-ae12-f83e41ec83c1, -25.246700, -57.345600,2026-07-16 01:01:00,METOP-B,Areguá,Central,Paraguay,82,10,177,,,,,
f72c9a5d-b428-3291-9092-9ef3ef2e4f00, -17.588301, -62.220600,2026-07-16 01:01:00,METOP-B,Chiquitos,Santa Cruz,Bolivia,80,8,28,,,,,
b5879271-cc30-3b1b-90d3-1421bab586f3, -17.607100, -60.471802,2026-07-16 01:01:00,METOP-B,Chiquitos,Santa Cruz,Bolivia,80,8,28,,,,,
d3956b90-4072-3229-9c04-28aa395e6509, -19.442200, -59.778999,2026-07-16 01:01:00,METOP-B,Mayor Pablo Lagerenza,Alto Paraguay,Paraguay,19,2,177,,,,,
ecdd897c-a755-3f83-b896-bd2bc270cb5b, -16.418699, -59.563599,2026-07-16 01:01:00,METOP-B,José Miguel de Velasco,Santa Cruz,Bolivia,85,8,28,,,,,
5cf31c6b-b836-3652-8a63-66361c339230, -16.344801, -59.694199,2026-07-16 01:01:00,METOP-B,José Miguel de Velasco,Santa Cruz,Bolivia,85,8,28,,,,,
06de600e-14a8-3ec8-9e33-21d7ed1ba6fc, -16.644501, -61.060001,2026-07-16 01:01:00,METOP-B,José Miguel de Velasco,Santa Cruz,Bolivia,85,8,28,,,,,
f9f5dbef-d0bc-3335-8cfb-67f93a6845f5, -16.137300, -60.619099,2026-07-16 01:01:00,METOP-B,José Miguel de Velasco,Santa Cruz,Bolivia,85,8,28,,,,,
412377b2-133d-3617-853a-3fdba830c268, -25.674900, -57.466301,2026-07-16 01:01:00,METOP-B,Nueva Italia,Central,Paraguay,93,10,177,,,,,
940168ee-fad5-372e-a7e5-af64601ec6b6, -16.351801, -59.587200,2026-07-16 01:01:00,METOP-B,José Miguel de Velasco,Santa Cruz,Bolivia,85,8,28,,,,,
de26d998-f25c-3f15-91b6-baa9f092ddbb, -15.575600, -60.779598,2026-07-16 01:01:00,METOP-B,José Miguel de Velasco,Santa Cruz,Bolivia,85,8,28,,,,,
b8d741c6-3e32-30f2-a9e3-06a0011a2481, -16.404699, -61.810001,2026-07-16 01:01:00,METOP-B,Ñuflo de Chávez,Santa Cruz,Bolivia,78,8,28,,,,,
04f34f73-eadd-3372-bd46-8546db90901f, -18.353901, -59.044201,2026-07-16 01:01:00,METOP-B,Chiquitos,Santa Cruz,Bolivia,80,8,28,,,,,
e4b513a6-2761-3b33-b4bb-6323e9f5ad97, -16.371000, -59.673000,2026-07-16 01:01:00,METOP-B,José Miguel de Velasco,Santa Cruz,Bolivia,85,8,28,,,,,
c9a11208-c757-3f8f-b8b6-db2459d8d992, -16.405600, -59.597000,2026-07-16 01:01:00,METOP-B,José Miguel de Velasco,Santa Cruz,Bolivia,85,8,28,,,,,
2816bfa8-8923-3c58-a93b-e5ea524ac888, -25.866800, -56.321301,2026-07-16 01:01:00,METOP-B,Villarrica,Guairá,Paraguay,142,13,177,,,,,
be661d57-a2f3-3183-a632-c5894b299b51, -17.475901, -59.544601,2026-07-16 01:01:00,METOP-B,Chiquitos,Santa Cruz,Bolivia,80,8,28,,,,,
33b1a617-ec5a-3335-a27c-e888f989beaf, -16.343201, -59.687099,2026-07-16 01:01:00,METOP-B,José Miguel de Velasco,Santa Cruz,Bolivia,85,8,28,,,,,
6071acb4-cc14-3530-8efb-278f8e0085c8, -17.697201, -60.985500,2026-07-16 01:01:00,METOP-B,Chiquitos,Santa Cruz,Bolivia,80,8,28,,,,,
e673a469-186e-3841-ab15-79eb8ba27b1e, -25.790899, -56.910301,2026-07-16 01:01:00,METOP-B,General Bernardino Caballero,Paraguarí,Paraguay,187,16,177,,,,,
64a06da7-303f-3e59-9918-5d2f525ecdbd, -16.331800, -59.682301,2026-07-16 01:01:00,METOP-B,José Miguel de Velasco,Santa Cruz,Bolivia,85,8,28,,,,,
7be23895-9010-3697-b1c8-b9cdb0f09ef8, -18.272499, -59.048698,2026-07-16 01:01:00,METOP-B,Chiquitos,Santa Cruz,Bolivia,80,8,28,,,,,
d143d0cd-3f55-3a89-a9a0-953627c512bd, -16.358200, -59.615799,2026-07-16 01:01:00,METOP-B,José Miguel de Velasco,Santa Cruz,Bolivia,85,8,28,,,,,
1cd060a2-23be-3767-b747-184b58c5f4ad, -16.333401, -59.689499,2026-07-16 01:01:00,METOP-B,José Miguel de Velasco,Santa Cruz,Bolivia,85,8,28,,,,,
35f32b0a-ed7d-3c07-a973-ff053dbfdb51, -21.361601, -61.651402,2026-07-16 01:01:00,METOP-B,General Eugenio A. Garay,Boquerón,Paraguay,43,6,177,,,,,
203f59a4-cde0-34b7-a301-77d8348f7c4f, -18.273500, -60.797901,2026-07-16 01:01:00,METOP-B,Cordillera,Santa Cruz,Bolivia,81,8,28,,,,,
82f78657-c570-3b6b-a5a3-5ff290fe1b3c, -24.811100, -56.681099,2026-07-16 01:01:00,METOP-B,Unión,San Pedro,Paraguay,216,18,177,,,,,
48cb7146-9158-3b1d-9e4c-b2401c43159d, -15.923300, -61.623501,2026-07-16 01:01:00,METOP-B,Ñuflo de Chávez,Santa Cruz,Bolivia,78,8,28,,,,,
ad86cae5-50cb-3f91-87ea-9cf6e13a45fa, -16.243099, -61.342999,2026-07-16 01:01:00,METOP-B,José Miguel de Velasco,Santa Cruz,Bolivia,85,8,28,,,,,
3494508a-24f9-3c7a-9109-3348ba2a6a1f, -20.550600, -60.398201,2026-07-16 01:01:00,METOP-B,General Eugenio A. Garay,Boquerón,Paraguay,43,6,177,,,,,
83458347-6cfa-3d93-ba30-eb9a9ff6b74a, -16.650900, -60.709999,2026-07-16 01:01:00,METOP-B,José Miguel de Velasco,Santa Cruz,Bolivia,85,8,28,,,,,
75c812a5-4da8-3738-b756-abd922b8c3d0, -17.684200, -60.973099,2026-07-16 01:01:00,METOP-B,Chiquitos,Santa Cruz,Bolivia,80,8,28,,,,,
76e0eef1-0757-3e2c-8137-4f2518c7a728, -17.501801, -59.568600,2026-07-16 01:01:00,METOP-B,Chiquitos,Santa Cruz,Bolivia,80,8,28,,,,,
39e6d757-1877-3647-890b-77c49d3ab240, -15.654400, -61.615398,2026-07-16 01:01:00,METOP-B,Ñuflo de Chávez,Santa Cruz,Bolivia,78,8,28,,,,,
261af8da-e90e-3a4a-b861-0345eed3174e, -26.296200, -56.254299,2026-07-16 01:01:00,METOP-B,Caazapá,Caazapá,Paraguay,65,8,177,,,,,
1058b4ed-80f2-3c8e-b2ce-c9039e1dd89d, -24.472300, -54.634201,2026-07-16 01:01:00,METOP-B,General Francisco C. Alvarez,Canindeyú,Paraguay,75,9,177,,,,,
84839010-56d2-3315-b32b-e010ea0cdf03, -15.665800, -61.620499,2026-07-16 01:01:00,METOP-B,Ñuflo de Chávez,Santa Cruz,Bolivia,78,8,28,,,,,
eb4f2d37-a7c4-3a60-bddb-9b495b69f119, -16.407600, -61.872299,2026-07-16 01:01:00,METOP-B,Ñuflo de Chávez,Santa Cruz,Bolivia,78,8,28,,,,,
7cb31ab9-4a16-3e12-ba0a-08a34c677d17, -20.577200, -64.820297,2026-07-16 01:01:00,METOP-B,Nor Cinti,Chuquisaca,Bolivia,6,1,28,,,,,
554cc250-6c28-3fe8-9a6a-130898ee82a9, -15.664200, -61.613201,2026-07-16 01:01:00,METOP-B,Ñuflo de Chávez,Santa Cruz,Bolivia,78,8,28,,,,,
3e0cdef9-03ea-32db-b113-47c384ed57b2, -18.335899, -59.056099,2026-07-16 01:01:00,METOP-B,Chiquitos,Santa Cruz,Bolivia,80,8,28,,,,,
7483390a-54d1-30ac-950a-ca946c30307c, -12.884700, -58.281700,2026-07-16 01:01:00,METOP-B,BRASNORTE,MATO GROSSO,Brasil,5101902,51,33,,,,Cerrado,
e7c9d619-4c0a-3cea-9882-3165e3742789, -18.327801, -59.065800,2026-07-16 01:01:00,METOP-B,Chiquitos,Santa Cruz,Bolivia,80,8,28,,,,,
62a2db12-6f6f-3249-9079-a8ff0be45de7, -16.129101, -60.628502,2026-07-16 01:01:00,METOP-B,José Miguel de Velasco,Santa Cruz,Bolivia,85,8,28,,,,,
296bdb94-850d-327e-aba6-e5196ea7244a, -18.270800, -59.041500,2026-07-16 01:01:00,METOP-B,Chiquitos,Santa Cruz,Bolivia,80,8,28,,,,,
776b2658-8e6f-3953-bb54-2bab024ecec5, -16.402399, -59.582600,2026-07-16 01:01:00,METOP-B,José Miguel de Velasco,Santa Cruz,Bolivia,85,8,28,,,,,
93269bf8-57a6-3ac0-a02f-6bdbd0e16393, -16.409000, -59.566002,2026-07-16 01:01:00,METOP-B,José Miguel de Velasco,Santa Cruz,Bolivia,85,8,28,,,,,
94dbe0ba-2a87-3981-8474-60ef320cdbae, -23.336300, -57.474998,2026-07-16 01:01:00,METOP-B,Concepción,Concepción,Paraguay,102,11,177,,,,,
e31ea70b-7314-3888-ab85-3fe1bc614c49, -16.364599, -59.644402,2026-07-16 01:01:00,METOP-B,José Miguel de Velasco,Santa Cruz,Bolivia,85,8,28,,,,,
ebe89c9a-3ab5-3ab1-a377-9015e5f4283b, -25.676500, -57.473900,2026-07-16 01:01:00,METOP-B,Nueva Italia,Central,Paraguay,93,10,177,,,,,
9eced1d8-2f91-3052-b50c-215fc2bec252, -26.983999, -56.990501,2026-07-16 01:01:00,METOP-B,San Ignacio,Misiones,Paraguay,174,15,177,,,,,
7e5e565f-e8b8-3834-9014-5d2bc093adfe, -14.551800, -63.525600,2026-07-16 01:01:00,METOP-B,Cercado,El Beni,Bolivia,25,3,28,,,,,
cc7e572f-fba0-33e8-ab5d-b8cfb8f8df42, -16.343700, -59.596600,2026-07-16 01:01:00,METOP-B,José Miguel de Velasco,Santa Cruz,Bolivia,85,8,28,,,,,
e0962c41-c084-3093-9388-f59b5ef62bd4, -15.755800, -61.561600,2026-07-16 01:01:00,METOP-B,Ñuflo de Chávez,Santa Cruz,Bolivia,78,8,28,,,,,
836e37b5-da6d-30e6-83aa-2569756c8b55, -16.369499, -59.620602,2026-07-16 01:01:00,METOP-B,José Miguel de Velasco,Santa Cruz,Bolivia,85,8,28,,,,,
8d3e1455-2e5f-39a8-96ab-1575ae05b9dc, -17.098101, -63.369701,2026-07-16 01:01:00,METOP-B,Sara,Santa Cruz,Bolivia,88,8,28,,,,,
cd800d14-750c-3c75-8f44-b6e2e7897058, -22.750401, -55.944599,2026-07-16 01:01:00,METOP-B,Pedro Juan Caballero,Amambay,Paraguay,40,4,177,,,,,
13247323-9c66-3f8b-809e-e7a77547c46f, -18.329399, -59.073002,2026-07-16 01:01:00,METOP-B,Chiquitos,Santa Cruz,Bolivia,80,8,28,,,,,
d6b8e330-582a-33c7-88f3-31b84476d412, -17.254400, -60.222301,2026-07-16 01:01:00,METOP-B,Chiquitos,Santa Cruz,Bolivia,80,8,28,,,,,
6a1b371e-4071-3957-8331-c6e76c2f3ab3, -18.334299, -59.048901,2026-07-16 01:01:00,METOP-B,Chiquitos,Santa Cruz,Bolivia,80,8,28,,,,,
6368ea27-d374-306c-80ae-9e9b20ad6944, -16.410601, -59.573200,2026-07-16 01:01:00,METOP-B,José Miguel de Velasco,Santa Cruz,Bolivia,85,8,28,,,,,
7c0f6394-1539-3e74-924b-35ab14242600, -27.441099, -57.055698,2026-07-16 01:01:00,METOP-B,Ayolas,Misiones,Paraguay,173,15,177,,,,,
4a1080d9-7ac2-31ca-9f57-51c9cf44eae9, -21.667101, -56.314301,2026-07-16 01:01:00,METOP-B,BELA VISTA,MATO GROSSO DO SUL,Brasil,5002100,50,33,,,,Cerrado,
46a32cb6-6547-377d-a746-f8bd39694e01, -17.695601, -60.978199,2026-07-16 01:01:00,METOP-B,Chiquitos,Santa Cruz,Bolivia,80,8,28,,,,,
31394029-a2bf-37bd-871e-fa3d163dacf8, -24.488400, -55.405102,2026-07-16 01:01:00,METOP-B,Villa San Isidro Curuguaty,Canindeyú,Paraguay,78,9,177,,,,,
7217e0c7-37ca-3b64-a6cd-c640d490b040, -17.685801, -60.980400,2026-07-16 01:01:00,METOP-B,Chiquitos,Santa Cruz,Bolivia,80,8,28,,,,,
813df4bd-8861-3bf2-8b9c-4b1b03c09162, -26.982300, -56.982800,2026-07-16 01:01:00,METOP-B,San Ignacio,Misiones,Paraguay,174,15,177,,,,,
5a4b0ae1-3dd8-3518-afd9-3ddf5e067c2c, -17.277201, -60.231998,2026-07-16 01:01:00,METOP-B,Chiquitos,Santa Cruz,Bolivia,80,8,28,,,,,
8ebbddcd-10fc-380e-9e73-20d8aa7d376b, -19.443701, -59.786301,2026-07-16 01:01:00,METOP-B,Mayor Pablo Lagerenza,Alto Paraguay,Paraguay,19,2,177,,,,,
db076e52-b788-3ae9-bc45-f845fd7bb310, -16.374300, -59.642101,2026-07-16 01:01:00,METOP-B,José Miguel de Velasco,Santa Cruz,Bolivia,85,8,28,,,,,
4773f562-87c7-3f66-82ac-e3d592784c2a, -18.019501, -59.580601,2026-07-16 01:01:00,METOP-B,Chiquitos,Santa Cruz,Bolivia,80,8,28,,,,,
7cd0cf4a-f03d-3066-be33-f70be0426cda, -16.960699, -60.668098,2026-07-16 01:01:00,METOP-B,José Miguel de Velasco,Santa Cruz,Bolivia,85,8,28,,,,,
685b9392-a233-3d3a-972b-75dce3d0ce1b, -16.320601, -59.632301,2026-07-16 01:01:00,METOP-B,José Miguel de Velasco,Santa Cruz,Bolivia,85,8,28,,,,,
a355bad1-eb36-3c02-84b3-f043c572f6ba, -15.662600, -61.605900,2026-07-16 01:01:00,METOP-B,Ñuflo de Chávez,Santa Cruz,Bolivia,78,8,28,,,,,
c66ddd06-4cfb-3d1d-afbc-6c7547d95fd9, -19.830400, -57.948399,2026-07-16 01:01:00,METOP-B,CORUMBÁ,MATO GROSSO DO SUL,Brasil,5003207,50,33,,,,Pantanal,
a06a1569-08ce-3698-859f-36e7b4e5441d, -23.334600, -57.467400,2026-07-16 01:01:00,METOP-B,Concepción,Concepción,Paraguay,102,11,177,,,,,
638f91d2-8c3e-3f07-9538-a6fd7bc04649, -16.343399, -59.641899,2026-07-16 01:01:00,METOP-B,José Miguel de Velasco,Santa Cruz,Bolivia,85,8,28,,,,,
4c402a41-6833-31a7-892f-69440bf068a3, -16.407801, -61.825001,2026-07-16 01:01:00,METOP-B,Ñuflo de Chávez,Santa Cruz,Bolivia,78,8,28,,,,,
28be57c7-39a1-3d5d-be29-7025814c6328, -16.142000, -60.640499,2026-07-16 01:01:00,METOP-B,José Miguel de Velasco,Santa Cruz,Bolivia,85,8,28,,,,,
1f483e0d-7019-3b73-ba52-193dae7e9dc1, -16.375900, -59.649200,2026-07-16 01:01:00,METOP-B,José Miguel de Velasco,Santa Cruz,Bolivia,85,8,28,,,,,
e67f7771-449b-3d75-b9b8-bdcb32e7f012, -16.347000, -59.565701,2026-07-16 01:01:00,METOP-B,José Miguel de Velasco,Santa Cruz,Bolivia,85,8,28,,,,,
0a12fae5-9396-379a-9371-09189c54e837, -16.122400, -60.645000,2026-07-16 01:01:00,METOP-B,José Miguel de Velasco,Santa Cruz,Bolivia,85,8,28,,,,,
94fb6aa4-9d13-30eb-9356-9dcf2035357f, -24.802799, -57.437599,2026-07-16 01:01:00,METOP-B,Benjamín Aceval,Presidente Hayes,Paraguay,200,17,177,,,,,
dc0c705d-b912-3c1b-bdac-5b39e9a36230, -16.552999, -60.732800,2026-07-16 01:01:00,METOP-B,José Miguel de Velasco,Santa Cruz,Bolivia,85,8,28,,,,,
0b62bb26-f952-341c-a73f-e1554bfd3fbc, -15.757400, -61.568901,2026-07-16 01:01:00,METOP-B,Ñuflo de Chávez,Santa Cruz,Bolivia,78,8,28,,,,,
bdc9e961-38c3-3367-9b99-dd97ac34b56e, -17.107500, -60.633900,2026-07-16 01:01:00,METOP-B,José Miguel de Velasco,Santa Cruz,Bolivia,85,8,28,,,,,
1b3708a2-76fb-376c-8423-4452a44bf1ec, -14.082600, -64.418701,2026-07-16 01:01:00,METOP-B,Mamoré,El Beni,Bolivia,27,3,28,,,,,
b8d31168-6372-3c0b-a181-9e56604506a2, -16.350201, -59.580002,2026-07-16 01:01:00,METOP-B,José Miguel de Velasco,Santa Cruz,Bolivia,85,8,28,,,,,
c0575470-fa39-3f6c-8061-ee37ef880621, -16.344999, -59.649101,2026-07-16 01:01:00,METOP-B,José Miguel de Velasco,Santa Cruz,Bolivia,85,8,28,,,,,
ba6560d0-c590-3128-8f88-933a39c08dcb, -17.035801, -63.365002,2026-07-16 01:01:00,METOP-B,Obispo Santistevan,Santa Cruz,Bolivia,87,8,28,,,,,
40a30c31-78e5-3cb9-b289-14530c8d514b, -16.356199, -59.699100,2026-07-16 01:01:00,METOP-B,José Miguel de Velasco,Santa Cruz,Bolivia,85,8,28,,,,,
6d2feea2-d23d-37b7-84cb-cf6e5f1f87b4, -16.358000, -59.660999,2026-07-16 01:01:00,METOP-B,José Miguel de Velasco,Santa Cruz,Bolivia,85,8,28,,,,,
fc877b17-27a6-3738-928e-4c0ef1e9fcfb, -16.342100, -59.589500,2026-07-16 01:01:00,METOP-B,José Miguel de Velasco,Santa Cruz,Bolivia,85,8,28,,,,,
1d431e07-c070-3d26-9785-e09ef33505f1, -18.275101, -60.805302,2026-07-16 01:01:00,METOP-B,Cordillera,Santa Cruz,Bolivia,81,8,28,,,,,
f390d362-dd3f-37cd-82b5-70f48411aa44, -16.330400, -59.629902,2026-07-16 01:01:00,METOP-B,José Miguel de Velasco,Santa Cruz,Bolivia,85,8,28,,,,,
a0a27c30-e096-3324-a055-a6117fdcd3ee, -12.882800, -58.273701,2026-07-16 01:01:00,METOP-B,BRASNORTE,MATO GROSSO,Brasil,5101902,51,33,,,,Cerrado,
d48801d7-1fc3-3f8d-9635-a9b2f5781b2f, -16.332001, -59.637100,2026-07-16 01:01:00,METOP-B,José Miguel de Velasco,Santa Cruz,Bolivia,85,8,28,,,,,
1fdc6804-dbeb-3873-9b39-8d519fdec7a6, -17.105900, -60.626701,2026-07-16 01:01:00,METOP-B,José Miguel de Velasco,Santa Cruz,Bolivia,85,8,28,,,,,
06bad348-b184-31ad-a801-056ec1c5ad78, -24.809299, -56.673302,2026-07-16 01:01:00,METOP-B,Unión,San Pedro,Paraguay,216,18,177,,,,,
91ea2ecc-a2cd-3826-95a3-efc408e7f0f8, -16.348000, -59.708500,2026-07-16 01:01:00,METOP-B,José Miguel de Velasco,Santa Cruz,Bolivia,85,8,28,,,,,
bfadcfd4-3eb1-3bae-bd76-26bc4f4034b0, -18.339100, -59.070599,2026-07-16 01:01:00,METOP-B,Chiquitos,Santa Cruz,Bolivia,80,8,28,,,,,
e5eb7853-76f6-37a8-ae07-7d34fb9259d9, -21.470100, -60.924198,2026-07-16 01:01:00,METOP-B,General Eugenio A. Garay,Boquerón,Paraguay,43,6,177,,,,,
9f567a60-6a88-367e-98d2-3f41333d44fb, -16.319000, -59.625198,2026-07-16 01:01:00,METOP-B,José Miguel de Velasco,Santa Cruz,Bolivia,85,8,28,,,,,
7bd26450-e6fa-3830-aa2b-654199be5575, -26.172300, -61.195301,2026-07-16 01:01:00,METOP-B,Almirante Brown,Chaco,Argentina,171,4,12,,,,,
7f74cb67-257e-3bb3-b069-1e703f41a25c, -25.739901, -57.433300,2026-07-16 01:01:00,METOP-B,Carapeguá,Paraguarí,Paraguay,185,16,177,,,,,
7010ed66-9a8f-3408-834b-6d6e28858ed1, -16.133400, -60.695000,2026-07-16 01:01:00,METOP-B,José Miguel de Velasco,Santa Cruz,Bolivia,85,8,28,,,,,
ef2d9535-cd02-3ae0-8527-6f28463981ae, -17.275600, -60.224800,2026-07-16 01:01:00,METOP-B,Chiquitos,Santa Cruz,Bolivia,80,8,28,,,,,
a2fb932b-12be-3bbe-ad63-7a86896d05c6, -25.837099, -57.311100,2026-07-16 01:01:00,METOP-B,San Roque González de Santa Cruz,Paraguarí,Paraguay,194,16,177,,,,,
1abbf8b8-a6e2-3324-8612-81395e3126be, -17.533100, -62.845699,2026-07-16 01:01:00,METOP-B,Andrés Ibáñez,Santa Cruz,Bolivia,79,8,28,,,,,
696453b3-42c4-3eae-b207-a27bf9225fd1, -16.395800, -59.599300,2026-07-16 01:01:00,METOP-B,José Miguel de Velasco,Santa Cruz,Bolivia,85,8,28,,,,,
2bf5b123-c4ca-3bff-b57c-376dfddeca9b, -25.009100, -59.890800,2026-07-16 01:01:00,METOP-B,Patiño,Formosa,Argentina,257,9,12,,,,,
b312272d-4fb8-3a29-99ad-80e1cc883b7e, -23.602400, -56.681198,2026-07-16 01:01:00,METOP-B,Tacuatí,San Pedro,Paraguay,215,18,177,,,,,
36c4d139-f3a0-3c5f-9405-91f864e416b3, -15.706900, -61.572701,2026-07-16 01:01:00,METOP-B,Ñuflo de Chávez,Santa Cruz,Bolivia,78,8,28,,,,,
984a8182-e487-3cc4-940b-74c14bb86080, -25.007500, -59.882801,2026-07-16 01:01:00,METOP-B,Patiño,Formosa,Argentina,257,9,12,,,,,
f18ab1d4-af56-33af-84fa-caab230c9127, -16.122801, -60.599998,2026-07-16 01:01:00,METOP-B,José Miguel de Velasco,Santa Cruz,Bolivia,85,8,28,,,,,
ea2fd826-2587-3c3d-b2b4-d72528eddaa8, -18.337500, -59.063400,2026-07-16 01:01:00,METOP-B,Chiquitos,Santa Cruz,Bolivia,80,8,28,,,,,
46561b98-7cc0-32fa-8063-cd078fb55637, -16.394899, -61.812199,2026-07-16 01:01:00,METOP-B,Ñuflo de Chávez,Santa Cruz,Bolivia,78,8,28,,,,,
0c2e1cac-5f9e-37b4-8627-cb28500cbc4a, -15.674000, -61.610901,2026-07-16 01:01:00,METOP-B,Ñuflo de Chávez,Santa Cruz,Bolivia,78,8,28,,,,,
dc51f8d1-28b7-3e02-903b-ceeefa29d802, -16.367901, -59.613499,2026-07-16 01:01:00,METOP-B,José Miguel de Velasco,Santa Cruz,Bolivia,85,8,28,,,,,
8e5cf332-b819-32cd-8675-cb124450b642, -18.007900, -61.677101,2026-07-16 01:01:00,METOP-B,Chiquitos,Santa Cruz,Bolivia,80,8,28,,,,,
02c948e8-b856-3287-af8e-b0dbd1d0dbb8, -16.340000, -59.672798,2026-07-16 01:01:00,METOP-B,José Miguel de Velasco,Santa Cruz,Bolivia,85,8,28,,,,,
e4cf8bf7-ae62-3d8a-bcf9-c3b4d8d217b6, -27.442699, -57.063400,2026-07-16 01:01:00,METOP-B,Ayolas,Misiones,Paraguay,173,15,177,,,,,
f5447328-ab94-3593-b969-2f155a5d1fa9, -16.371099, -59.627800,2026-07-16 01:01:00,METOP-B,José Miguel de Velasco,Santa Cruz,Bolivia,85,8,28,,,,,
e6ccff63-47ad-3b8e-bb8c-b3b29883a15b, -17.525000, -62.856300,2026-07-16 01:01:00,METOP-B,Andrés Ibáñez,Santa Cruz,Bolivia,79,8,28,,,,,
5812d523-535f-31e6-85c8-789208d7110a, -16.138901, -60.626202,2026-07-16 01:01:00,METOP-B,José Miguel de Velasco,Santa Cruz,Bolivia,85,8,28,,,,,
0930a03e-b413-3a0d-a7fd-160b7df3b932, -16.952400, -60.677601,2026-07-16 01:01:00,METOP-B,José Miguel de Velasco,Santa Cruz,Bolivia,85,8,28,,,,,
929d10e3-ab0f-3475-a731-96b54c97bb09, -18.332701, -59.041599,2026-07-16 01:01:00,METOP-B,Chiquitos,Santa Cruz,Bolivia,80,8,28,,,,,
83084c1a-be31-385b-8242-8681150d78e5, -25.258200, -57.350601,2026-07-16 01:01:00,METOP-B,Water body,Central,Paraguay,98,10,177,,,,,
f930476a-7c96-308c-b935-213c6200a897, -16.655899, -61.064899,2026-07-16 01:01:00,METOP-B,José Miguel de Velasco,Santa Cruz,Bolivia,85,8,28,,,,,
a43ca26b-43d8-34c5-8403-b04eda1f002d, -24.191401, -56.911598,2026-07-16 01:01:00,METOP-B,Villa del Rosario,San Pedro,Paraguay,217,18,177,,,,,
4811c22e-d1b7-34dc-89c2-973dc5ecef11, -16.322201, -59.639500,2026-07-16 01:01:00,METOP-B,José Miguel de Velasco,Santa Cruz,Bolivia,85,8,28,,,,,
acb6ef4a-0b92-3652-80ac-26be2c9668b2, -16.334999, -59.696602,2026-07-16 01:01:00,METOP-B,José Miguel de Velasco,Santa Cruz,Bolivia,85,8,28,,,,,
3bda3bba-e316-3ca7-b215-a9635e0566e1, -15.933000, -61.908798,2026-07-16 01:01:00,METOP-B,Ñuflo de Chávez,Santa Cruz,Bolivia,78,8,28,,,,,
e62b97d7-1bc2-39fa-9a8e-993c964cb93c, -16.361401, -59.630100,2026-07-16 01:01:00,METOP-B,José Miguel de Velasco,Santa Cruz,Bolivia,85,8,28,,,,,
7a96f1bc-8fac-36ee-a249-3ccd95052495, -17.837099, -52.486599,2026-07-16 01:01:00,METOP-B,MINEIROS,GOIÁS,Brasil,5213103,52,33,,,,Cerrado,
0aa498ce-a9fa-3750-92fe-b67b0b2cd82a, -16.346399, -59.701401,2026-07-16 01:01:00,METOP-B,José Miguel de Velasco,Santa Cruz,Bolivia,85,8,28,,,,,
6f5c2e8f-e60e-3d5d-af33-7d14e34a9a33, -17.833300, -52.471901,2026-07-16 01:01:00,METOP-B,MINEIROS,GOIÁS,Brasil,5213103,52,33,,,,Cerrado,
58823fbc-788a-3c7e-97fc-ed2bbbb25bf1, -16.340500, -59.582298,2026-07-16 01:01:00,METOP-B,José Miguel de Velasco,Santa Cruz,Bolivia,85,8,28,,,,,
52b21327-1063-3515-b2a2-0dedcab961b3, -16.346600, -59.656200,2026-07-16 01:01:00,METOP-B,José Miguel de Velasco,Santa Cruz,Bolivia,85,8,28,,,,,
fbe1a715-5616-3950-bebe-5a5f8486e229, -15.915000, -61.920700,2026-07-16 01:01:00,METOP-B,Ñuflo de Chávez,Santa Cruz,Bolivia,78,8,28,,,,,
e8d693f0-8fbc-3b8e-948f-34e93128a355, -16.335199, -59.651402,2026-07-16 01:01:00,METOP-B,José Miguel de Velasco,Santa Cruz,Bolivia,85,8,28,,,,,
d7bb6789-5a58-3b16-a3f3-82fb33645a77, -26.063499, -57.452999,2026-07-16 01:01:00,METOP-B,Quiíndy,Paraguarí,Paraguay,192,16,177,,,,,
ef68a0c3-5de1-38b5-913e-c0a1aaa40bca, -16.372700, -59.634899,2026-07-16 01:01:00,METOP-B,José Miguel de Velasco,Santa Cruz,Bolivia,85,8,28,,,,,
f7ee0c53-8bf8-3fc1-9ce8-5171bae8b421, -26.170601, -61.186100,2026-07-16 01:01:00,METOP-B,Almirante Brown,Chaco,Argentina,171,4,12,,,,,
567be7b4-2b39-38b8-8048-8e12ef3c831a, -22.758200, -55.933701,2026-07-16 01:01:00,METOP-B,Pedro Juan Caballero,Amambay,Paraguay,40,4,177,,,,,
112ce55c-029d-3285-abfb-6b3e651564c6, -25.751200, -57.438301,2026-07-16 01:01:00,METOP-B,Carapeguá,Paraguarí,Paraguay,185,16,177,,,,,
7ca030a5-4de1-3552-ad3f-f4377c5241e3, -16.551500, -60.725601,2026-07-16 01:01:00,METOP-B,José Miguel de Velasco,Santa Cruz,Bolivia,85,8,28,,,,,
1e3ed231-318c-34d7-8a3d-f44d3fd52471, -16.397301, -59.606499,2026-07-16 01:01:00,METOP-B,José Miguel de Velasco,Santa Cruz,Bolivia,85,8,28,,,,,
3490601a-e177-3903-a92d-9ee7108cfa3c, -25.835400, -57.303501,2026-07-16 01:01:00,METOP-B,San Roque González de Santa Cruz,Paraguarí,Paraguay,194,16,177,,,,,
e713fde7-19a8-333e-b311-a7f9bd7a5bcc, -25.865101, -56.313499,2026-07-16 01:01:00,METOP-B,Villarrica,Guairá,Paraguay,142,13,177,,,,,
6b466bd4-0d92-35e8-9161-326f0d0bf809, -16.359600, -59.668098,2026-07-16 01:01:00,METOP-B,José Miguel de Velasco,Santa Cruz,Bolivia,85,8,28,,,,,
00b9c3fa-f052-3828-800e-5c02321541c7, -17.694000, -60.970798,2026-07-16 01:01:00,METOP-B,Chiquitos,Santa Cruz,Bolivia,80,8,28,,,,,
4c171e98-dba3-3d40-b531-0e5cb1b765fc, -16.970501, -60.665901,2026-07-16 01:01:00,METOP-B,José Miguel de Velasco,Santa Cruz,Bolivia,85,8,28,,,,,
4e681934-3c87-348b-a775-4041b7765513, -24.501900, -55.109100,2026-07-16 01:01:00,METOP-B,General Francisco C. Alvarez,Canindeyú,Paraguay,75,9,177,,,,,
1e0acf96-60bb-3909-a2dc-85580c6836be, -16.140400, -60.633400,2026-07-16 01:01:00,METOP-B,José Miguel de Velasco,Santa Cruz,Bolivia,85,8,28,,,,,
13d1844c-cfb6-3d50-bc84-32e0770f4489, -16.244699, -61.350300,2026-07-16 01:01:00,METOP-B,José Miguel de Velasco,Santa Cruz,Bolivia,85,8,28,,,,,
2c5b15fc-c70f-3574-a70c-0cc608bfca50,  -9.456400, -63.875000,2026-07-16 01:01:00,METOP-B,PORTO VELHO,RONDÔNIA,Brasil,1100205,11,33,,,,Amazônia,
1a11390d-72bb-31f3-8e68-2d9300f243ac, -17.256001, -60.229401,2026-07-16 01:01:00,METOP-B,Chiquitos,Santa Cruz,Bolivia,80,8,28,,,,,
eacf524b-6e50-30e8-ab74-66998a1da542, -24.807600, -56.665501,2026-07-16 01:01:00,METOP-B,Unión,San Pedro,Paraguay,216,18,177,,,,,
722ab9d1-e557-32d6-9edc-ece00412e15c, -16.323799, -59.646599,2026-07-16 01:01:00,METOP-B,José Miguel de Velasco,Santa Cruz,Bolivia,85,8,28,,,,,
eb4deacb-44a7-3780-88c6-91dd3b96e399, -18.276600, -60.812698,2026-07-16 01:01:00,METOP-B,Cordillera,Santa Cruz,Bolivia,81,8,28,,,,,
8ac7c5ac-04e9-30f7-9064-b3c0b68a1616, -25.256500, -57.342999,2026-07-16 01:01:00,METOP-B,Water body,Central,Paraguay,98,10,177,,,,,
b1459794-6357-3a1a-9b96-75beee8cf711, -16.398001, -61.827202,2026-07-16 01:01:00,METOP-B,Ñuflo de Chávez,Santa Cruz,Bolivia,78,8,28,,,,,
2326f82b-9b22-3b18-bdb1-248cd1cfff49, -25.079399, -55.185398,2026-07-16 01:01:00,METOP-B,Mariscal Francisco Solano López,Caaguazú,Paraguay,54,7,177,,,,,
d4b1f381-340b-3670-ac8e-eba617e693cf, -16.333599, -59.644199,2026-07-16 01:01:00,METOP-B,José Miguel de Velasco,Santa Cruz,Bolivia,85,8,28,,,,,
b7f77ab6-c5bb-350b-8c0c-9ae0710d5b54, -16.329100, -59.577599,2026-07-16 01:01:00,METOP-B,José Miguel de Velasco,Santa Cruz,Bolivia,85,8,28,,,,,
ef445533-2603-3e6d-96c3-7f32cf109c62, -26.065100, -57.460602,2026-07-16 01:01:00,METOP-B,Quiíndy,Paraguarí,Paraguay,192,16,177,,,,,
57657f00-85c6-39ce-821a-88fe3890a15d, -17.088301, -63.371799,2026-07-16 01:01:00,METOP-B,Obispo Santistevan,Santa Cruz,Bolivia,87,8,28,,,,,
1f64ad57-a094-351b-b5bb-5c291b00010c, -16.359800, -59.622898,2026-07-16 01:01:00,METOP-B,José Miguel de Velasco,Santa Cruz,Bolivia,85,8,28,,,,,
1b4d1242-42c0-3884-a701-ccb525513210, -16.399200, -59.568298,2026-07-16 01:01:00,METOP-B,José Miguel de Velasco,Santa Cruz,Bolivia,85,8,28,,,,,
555ea56f-9be8-3fab-ba40-d1ee347517ae, -16.400801, -59.575500,2026-07-16 01:01:00,METOP-B,José Miguel de Velasco,Santa Cruz,Bolivia,85,8,28,,,,,
9294d0f3-4072-3a9f-8ca7-0bd3766a5319, -15.652800, -61.608101,2026-07-16 01:01:00,METOP-B,Ñuflo de Chávez,Santa Cruz,Bolivia,78,8,28,,,,,
39b1315b-ddf5-3cb6-a8df-6eeeb6b15b73, -24.193100, -56.919300,2026-07-16 01:01:00,METOP-B,Villa del Rosario,San Pedro,Paraguay,217,18,177,,,,,
81a99502-e857-30aa-a2a6-3cf4df6428ea, -26.498100, -55.818298,2026-07-16 01:01:00,METOP-B,Alto Verá,Itapúa,Paraguay,144,14,177,,,,,
829d7307-ae11-3f64-8429-af3954ef05f6, -16.407101, -59.604099,2026-07-16 01:01:00,METOP-B,José Miguel de Velasco,Santa Cruz,Bolivia,85,8,28,,,,,
51acdaa2-88df-3b7b-8759-2008a8dd222d, -16.132200, -60.642799,2026-07-16 01:01:00,METOP-B,José Miguel de Velasco,Santa Cruz,Bolivia,85,8,28,,,,,
5a51eea4-c0db-3e65-b294-35f03d97a267, -22.418699, -54.680099,2026-07-16 01:01:00,METOP-B,DOURADOS,MATO GROSSO DO SUL,Brasil,5003702,50,33,,,,Mata Atlântica,
8dc7b7a6-ce7c-35b6-b072-e34237e641ee, -16.130600, -60.635700,2026-07-16 01:01:00,METOP-B,José Miguel de Velasco,Santa Cruz,Bolivia,85,8,28,,,,,
8918af6f-d4a4-3dc1-b682-ad266abf4f12, -22.421000, -54.689602,2026-07-16 01:01:00,METOP-B,DOURADOS,MATO GROSSO DO SUL,Brasil,5003702,50,33,,,,Mata Atlântica,
acc0b2af-0981-37ba-bb13-733b774f4768, -22.760099, -55.942001,2026-07-16 01:01:00,METOP-B,Pedro Juan Caballero,Amambay,Paraguay,40,4,177,,,,,
e3d85d17-a5b5-303e-b879-3028de799c41, -18.355499, -59.051399,2026-07-16 01:01:00,METOP-B,Chiquitos,Santa Cruz,Bolivia,80,8,28,,,,,
5d10d61b-f23a-378e-b4e1-ca0f88ac9c94, -26.644800, -55.964802,2026-07-16 01:01:00,METOP-B,San Pedro del Paraná,Itapúa,Paraguay,168,14,177,,,,,
c2705490-2030-33b6-820b-94aca24a564c, -24.797800, -56.668098,2026-07-16 01:01:00,METOP-B,Unión,San Pedro,Paraguay,216,18,177,,,,,
a55ebf0b-5136-3f6c-9500-348b5b92e201, -20.579399, -64.832100,2026-07-16 01:01:00,METOP-B,Nor Cinti,Chuquisaca,Bolivia,6,1,28,,,,,
4294d483-63f3-3cb2-a453-27ac5d7348a8, -25.698099, -57.146000,2026-07-16 01:01:00,METOP-B,Paraguarí,Paraguarí,Paraguay,190,16,177,,,,,
5d2b3716-92bc-3743-99d4-3a7b50ee9580, -12.657400, -64.016098,2026-07-16 01:01:00,METOP-B,Vaca Díez,El Beni,Bolivia,30,3,28,,,,,
9d52450c-e6dc-39cb-8e95-ea56f3d95b25, -26.066799, -57.468201,2026-07-16 01:01:00,METOP-B,Quiíndy,Paraguarí,Paraguay,192,16,177,,,,,
0d46842e-c24c-3476-8a1e-23307a589500, -16.346901, -59.610901,2026-07-16 01:01:00,METOP-B,José Miguel de Velasco,Santa Cruz,Bolivia,85,8,28,,,,,
77475505-6bf5-35a4-9118-eefa38e08384, -16.135700, -60.612000,2026-07-16 01:01:00,METOP-B,José Miguel de Velasco,Santa Cruz,Bolivia,85,8,28,,,,,
572914b7-1863-3af0-af33-323f8539ec7d, -21.471701, -60.932098,2026-07-16 01:01:00,METOP-B,General Eugenio A. Garay,Boquerón,Paraguay,43,6,177,,,,,
62f846ed-a114-3548-bb1d-ef996cf889bc, -16.348200, -59.663399,2026-07-16 01:01:00,METOP-B,José Miguel de Velasco,Santa Cruz,Bolivia,85,8,28,,,,,
6b8a54e6-f124-3d32-b8b4-ce67b8e1ce2a, -17.523300, -62.847900,2026-07-16 01:01:00,METOP-B,Andrés Ibáñez,Santa Cruz,Bolivia,79,8,28,,,,,
738b54cd-9350-3ed4-88d6-682f3f34e486, -16.959101, -60.660900,2026-07-16 01:01:00,METOP-B,José Miguel de Velasco,Santa Cruz,Bolivia,85,8,28,,,,,
556e28ec-1f8d-3a9c-ba55-05ce9ac0e6c4, -16.134199, -60.604801,2026-07-16 01:01:00,METOP-B,José Miguel de Velasco,Santa Cruz,Bolivia,85,8,28,,,,,
9aee0fc0-148b-3f5f-a0f1-eded805706c1, -18.357100, -59.058701,2026-07-16 01:01:00,METOP-B,Chiquitos,Santa Cruz,Bolivia,80,8,28,,,,,
63e83061-7aa9-359c-b7f7-01ea8b759eb9, -23.355801, -57.890900,2026-07-16 01:01:00,METOP-B,Pozo Colorado,Presidente Hayes,Paraguay,201,17,177,,,,,
03cf2488-4e0f-373a-8f08-8e68b8f23ac3, -17.534800, -62.854099,2026-07-16 01:01:00,METOP-B,Andrés Ibáñez,Santa Cruz,Bolivia,79,8,28,,,,,
6a71fb5d-43c9-3fe0-883e-a2cadc43ccb9, -16.406300, -61.817501,2026-07-16 01:01:00,METOP-B,Ñuflo de Chávez,Santa Cruz,Bolivia,78,8,28,,,,,
ea774dc8-c49e-320d-82c8-751784bf9e10, -16.120899, -60.637901,2026-07-16 01:01:00,METOP-B,José Miguel de Velasco,Santa Cruz,Bolivia,85,8,28,,,,,
487cf2f2-8ccc-32a4-bd95-9ad1ac48ce83, -25.077400, -55.176800,2026-07-16 01:01:00,METOP-B,Mariscal Francisco Solano López,Caaguazú,Paraguay,54,7,177,,,,,
0dc60f21-b09f-39e0-ade8-82a252d486bb, -16.345301, -59.603802,2026-07-16 01:01:00,METOP-B,José Miguel de Velasco,Santa Cruz,Bolivia,85,8,28,,,,,
0a02bd9c-5c7a-3a6d-a8b3-194721ed258c, -16.396500, -61.819698,2026-07-16 01:01:00,METOP-B,Ñuflo de Chávez,Santa Cruz,Bolivia,78,8,28,,,,,
85262959-54c5-36ca-9fc3-32bfe1350516, -24.252399, -56.723099,2026-07-16 01:01:00,METOP-B,General Elizardo Aquino,San Pedro,Paraguay,207,18,177,,,,,
e21590ca-e0a6-3916-9ccb-0b4b2bf49d45, -16.363001, -59.637199,2026-07-16 01:01:00,METOP-B,José Miguel de Velasco,Santa Cruz,Bolivia,85,8,28,,,,,
f7b2402f-df83-3e95-85bb-e63cdc55eaf0, -21.363300, -61.659698,2026-07-16 01:01:00,METOP-B,General Eugenio A. Garay,Boquerón,Paraguay,43,6,177,,,,,
50dbe672-0f51-3a88-a0b5-7e7158a0e501, -17.109100, -60.641102,2026-07-16 01:01:00,METOP-B,José Miguel de Velasco,Santa Cruz,Bolivia,85,8,28,,,,,
b345c084-acd3-3361-921d-a5484f3f7dd2, -18.324600, -59.051300,2026-07-16 01:01:00,METOP-B,Chiquitos,Santa Cruz,Bolivia,80,8,28,,,,,
8e57ba6b-059d-37de-ba17-90d9457270f6, -15.924800, -61.918499,2026-07-16 01:01:00,METOP-B,Ñuflo de Chávez,Santa Cruz,Bolivia,78,8,28,,,,,
ddeaa322-d3f3-36ae-9377-09847745ca6c, -24.796101, -56.660301,2026-07-16 01:01:00,METOP-B,Unión,San Pedro,Paraguay,216,18,177,,,,,
6d68c6b2-2790-3e82-9263-b40675519796, -16.406000, -61.864700,2026-07-16 01:01:00,METOP-B,Ñuflo de Chávez,Santa Cruz,Bolivia,78,8,28,,,,,
9f3a1842-84b6-31f6-b6ba-67279fa8b163, -16.369400, -59.665798,2026-07-16 01:01:00,METOP-B,José Miguel de Velasco,Santa Cruz,Bolivia,85,8,28,,,,,
78b883e5-5b48-3c36-a8a2-31443c61fb77, -16.354799, -59.646702,2026-07-16 01:01:00,METOP-B,José Miguel de Velasco,Santa Cruz,Bolivia,85,8,28,,,,,
bf8a0c6e-8865-3421-989f-de57c202d159, -16.950899, -60.670399,2026-07-16 01:01:00,METOP-B,José Miguel de Velasco,Santa Cruz,Bolivia,85,8,28,,,,,
e31afdef-e22a-3c5c-97e0-ec20c909d2bc, -25.699699, -57.153599,2026-07-16 01:01:00,METOP-B,Paraguarí,Paraguarí,Paraguay,190,16,177,,,,,
32248654-9606-34ae-bf05-a7ce962f83c7, -16.963800, -60.682499,2026-07-16 01:01:00,METOP-B,José Miguel de Velasco,Santa Cruz,Bolivia,85,8,28,,,,,
5e3d59e1-af2a-34ea-8564-9cca72c125dc, -16.125900, -60.614300,2026-07-16 01:01:00,METOP-B,José Miguel de Velasco,Santa Cruz,Bolivia,85,8,28,,,,,
f68e8094-ed12-3591-9f04-90e99dc1da58, -15.765600, -61.559399,2026-07-16 01:01:00,METOP-B,Ñuflo de Chávez,Santa Cruz,Bolivia,78,8,28,,,,,
7d8a6d8a-9412-39ed-9507-786ba8decb4d, -16.341600, -59.680000,2026-07-16 01:01:00,METOP-B,José Miguel de Velasco,Santa Cruz,Bolivia,85,8,28,,,,,
73357814-78df-385c-927e-0a7de64fc5b7, -16.081800, -60.459999,2026-07-16 01:01:00,METOP-B,José Miguel de Velasco,Santa Cruz,Bolivia,85,8,28,,,,,
e79fa523-a7d8-347d-bfdc-84416747dfd8, -25.572100, -55.254700,2026-07-16 01:01:00,METOP-B,San Cristóbal,Alto Paraná,Paraguay,34,3,177,,,,,
f85b343e-8a4e-35aa-9235-baecb30c43ef, -25.712400, -57.496700,2026-07-16 01:01:00,METOP-B,Nueva Italia,Central,Paraguay,93,10,177,,,,,
119d361e-59b6-3f80-9fc4-28129389f37e, -16.348600, -59.572899,2026-07-16 01:01:00,METOP-B,José Miguel de Velasco,Santa Cruz,Bolivia,85,8,28,,,,,
e5f6b11d-a046-3abc-942c-7744a5a73c0e, -16.399200, -61.929501,2026-07-16 01:01:00,METOP-B,Ñuflo de Chávez,Santa Cruz,Bolivia,78,8,28,,,,,
a3c60cb5-c883-3fb7-8221-0aeaf24d9d4b, -17.641100, -59.686298,2026-07-16 01:01:00,METOP-B,Chiquitos,Santa Cruz,Bolivia,80,8,28,,,,,
88bd46c3-eaa2-3c37-949d-29093962a5b9, -24.530001, -60.618599,2026-07-16 01:01:00,METOP-B,Patiño,Formosa,Argentina,257,9,12,,,,,
e0ab5900-6679-3c38-bb0f-54e200578289, -18.326200, -59.058498,2026-07-16 01:01:00,METOP-B,Chiquitos,Santa Cruz,Bolivia,80,8,28,,,,,
87dc01c2-d69c-364b-a3e1-2ece2d826fb9, -23.604099, -56.689098,2026-07-16 01:01:00,METOP-B,Tacuatí,San Pedro,Paraguay,215,18,177,,,,,
1995deb6-4b75-3387-ae87-7b2cbd2a21c7, -16.397600, -61.921902,2026-07-16 01:01:00,METOP-B,Ñuflo de Chávez,Santa Cruz,Bolivia,78,8,28,,,,,
0aae2fd7-dee8-30cb-be21-0649665ec94f,  -1.633600, -54.470901,2026-07-16 01:01:00,METOP-B,ALENQUER,PARÁ,Brasil,1500404,15,33,,,,Amazônia,
8a5a3a51-903f-38ef-8f06-d078d6e29302, -16.357800, -59.706200,2026-07-16 01:01:00,METOP-B,José Miguel de Velasco,Santa Cruz,Bolivia,85,8,28,,,,,
4167c2b1-870f-32ed-9e0d-bcb206311751, -15.923200, -61.910999,2026-07-16 01:01:00,METOP-B,Ñuflo de Chávez,Santa Cruz,Bolivia,78,8,28,,,,,
78af69ae-deaa-3114-9044-595432d583b9, -16.962200, -60.675301,2026-07-16 01:01:00,METOP-B,José Miguel de Velasco,Santa Cruz,Bolivia,85,8,28,,,,,
e492b12e-4a94-397b-8b7a-15a72f5eb5bf, -18.331100, -59.034401,2026-07-16 01:01:00,METOP-B,Chiquitos,Santa Cruz,Bolivia,80,8,28,,,,,
8ed1bbc0-c8dd-384b-b838-e97cb57a2a56, -16.327499, -59.570400,2026-07-16 01:01:00,METOP-B,José Miguel de Velasco,Santa Cruz,Bolivia,85,8,28,,,,,
42b80ca5-3911-3093-8f38-fea29391e474, -16.127501, -60.621399,2026-07-16 01:01:00,METOP-B,José Miguel de Velasco,Santa Cruz,Bolivia,85,8,28,,,,,
c987442c-5cf9-3270-a7bd-037d27e81b64, -24.254200, -56.730900,2026-07-16 01:01:00,METOP-B,General Elizardo Aquino,San Pedro,Paraguay,207,18,177,,,,,
9b8d1b2d-cc4f-3423-ab7b-a6f230648158, -16.968901, -60.658699,2026-07-16 01:01:00,METOP-B,José Miguel de Velasco,Santa Cruz,Bolivia,85,8,28,,,,,
af1ee54d-7118-3b0d-8a40-5c9a523cc340, -21.473301, -60.939999,2026-07-16 01:01:00,METOP-B,General Eugenio A. Garay,Boquerón,Paraguay,43,6,177,,,,,
42159b41-45d4-363b-8b20-73c89728f40a, -16.403999, -59.589802,2026-07-16 01:01:00,METOP-B,José Miguel de Velasco,Santa Cruz,Bolivia,85,8,28,,,,,
fac55589-e014-372b-8ce4-5b2db450099d, -17.474300, -59.537498,2026-07-16 01:01:00,METOP-B,Chiquitos,Santa Cruz,Bolivia,80,8,28,,,,,
0b6d92ad-de7f-37fa-abfb-d5284f0b76cc, -16.119301, -60.630798,2026-07-16 01:01:00,METOP-B,José Miguel de Velasco,Santa Cruz,Bolivia,85,8,28,,,,,
67af6d70-c5ff-387d-8f26-6b0eafb25f23, -24.474400, -54.643299,2026-07-16 01:01:00,METOP-B,General Francisco C. Alvarez,Canindeyú,Paraguay,75,9,177,,,,,
dbda1a44-f0e0-337a-8ee9-08a2b1edfc61, -16.124399, -60.607101,2026-07-16 01:01:00,METOP-B,José Miguel de Velasco,Santa Cruz,Bolivia,85,8,28,,,,,
ad3ea2bb-4179-3a46-8239-11f3b595a86b, -15.921700, -61.616100,2026-07-16 01:01:00,METOP-B,Ñuflo de Chávez,Santa Cruz,Bolivia,78,8,28,,,,,
94c5a181-e7e5-3d1e-ab41-41acbdc91262, -23.357401, -57.898399,2026-07-16 01:01:00,METOP-B,Pozo Colorado,Presidente Hayes,Paraguay,201,17,177,,,,,
6d946e00-9c2d-3f15-b2e4-4a056a80d22c, -17.500299, -59.575500,2026-07-16 01:27:00,METOP-C,Chiquitos,Santa Cruz,Bolivia,80,8,28,,,,,
792ce889-b7c5-313b-be09-bee97b4b73d9, -16.406601, -59.601200,2026-07-16 01:27:00,METOP-C,José Miguel de Velasco,Santa Cruz,Bolivia,85,8,28,,,,,
d34a6809-8ae3-3817-b2fa-ab776e3c007a, -16.396799, -59.603500,2026-07-16 01:27:00,METOP-C,José Miguel de Velasco,Santa Cruz,Bolivia,85,8,28,,,,,
e9a24838-2c03-3412-bacb-dbf28bc1657b, -16.079599, -60.467602,2026-07-16 01:27:00,METOP-C,José Miguel de Velasco,Santa Cruz,Bolivia,85,8,28,,,,,
d7f82cf8-8abf-31a5-822a-4fb50598c86f, -16.372200, -59.632198,2026-07-16 01:27:00,METOP-C,José Miguel de Velasco,Santa Cruz,Bolivia,85,8,28,,,,,
5288ea05-7d1c-31e7-bd13-e74ddcf247ee, -26.022900, -56.314201,2026-07-16 01:27:00,METOP-C,Caazapá,Caazapá,Paraguay,65,8,177,,,,,
66534ad1-14da-348d-a0a4-36cf699ad1e3, -16.401800, -59.579300,2026-07-16 01:27:00,METOP-C,José Miguel de Velasco,Santa Cruz,Bolivia,85,8,28,,,,,
98bf771d-f12f-3c8f-949e-4cafc9405664, -25.871599, -56.328899,2026-07-16 01:27:00,METOP-C,Ñumí,Guairá,Paraguay,128,13,177,,,,,
43b061ff-88fc-3c59-90f6-6bd1de22fc55, -23.614300, -56.695499,2026-07-16 01:27:00,METOP-C,Tacuatí,San Pedro,Paraguay,215,18,177,,,,,
421ad88b-b4f7-30ce-a3d6-b5e2c285adca, -17.482500, -59.540501,2026-07-16 01:27:00,METOP-C,Chiquitos,Santa Cruz,Bolivia,80,8,28,,,,,
47ac3ca4-bae6-3680-9b7a-2f6a99248c9c, -16.405001, -59.593899,2026-07-16 01:27:00,METOP-C,José Miguel de Velasco,Santa Cruz,Bolivia,85,8,28,,,,,
20649367-2eab-3354-8f3f-8317e11134a1,  -9.458100, -63.874401,2026-07-16 01:27:00,METOP-C,PORTO VELHO,RONDÔNIA,Brasil,1100205,11,33,,,,Amazônia,
55cdf9ae-8789-3c05-bac0-a4ca6938a6b6, -16.647800, -61.069401,2026-07-16 01:27:00,METOP-C,José Miguel de Velasco,Santa Cruz,Bolivia,85,8,28,,,,,
5890596f-2665-3425-9727-c4f2114f505c, -16.352900, -59.590599,2026-07-16 01:27:00,METOP-C,José Miguel de Velasco,Santa Cruz,Bolivia,85,8,28,,,,,
5affe97e-f4c0-3196-8f22-afbf2a93e5f2, -16.128799, -60.601898,2026-07-16 01:27:00,METOP-C,José Miguel de Velasco,Santa Cruz,Bolivia,85,8,28,,,,,
80e4632c-8553-39a2-91b8-ddec681c1c3a, -16.127100, -60.594200,2026-07-16 01:27:00,METOP-C,José Miguel de Velasco,Santa Cruz,Bolivia,85,8,28,,,,,
1a3dc81b-db4c-317b-95dc-d6342de79975, -24.195999, -56.912601,2026-07-16 01:27:00,METOP-C,Villa del Rosario,San Pedro,Paraguay,217,18,177,,,,,
f5cac890-3695-38a5-90c9-55df9a25358b, -17.646700, -59.683300,2026-07-16 01:27:00,METOP-C,Chiquitos,Santa Cruz,Bolivia,80,8,28,,,,,
6e676c7b-bb9d-3972-999b-b2661a3f3cfe, -23.358299, -57.907001,2026-07-16 01:27:00,METOP-C,Pozo Colorado,Presidente Hayes,Paraguay,201,17,177,,,,,
d5c870fe-365a-3ebe-be2a-60557b96bf2b, -17.523300, -62.858898,2026-07-16 01:27:00,METOP-C,Andrés Ibáñez,Santa Cruz,Bolivia,79,8,28,,,,,
89f6c3d8-1078-3d0b-b39b-a345589804ad, -16.419800, -59.567600,2026-07-16 01:27:00,METOP-C,José Miguel de Velasco,Santa Cruz,Bolivia,85,8,28,,,,,
1eb9f6d5-c7ab-3c76-a39a-f83c3f6f7311, -26.066401, -57.458900,2026-07-16 01:27:00,METOP-C,Quiíndy,Paraguarí,Paraguay,192,16,177,,,,,
bdb98209-7566-3908-aebb-dd7a59da45a8, -25.253401, -57.347301,2026-07-16 01:27:00,METOP-C,Areguá,Central,Paraguay,82,10,177,,,,,
2d1467df-e607-30b4-924b-8ca979689f88, -16.133699, -60.625198,2026-07-16 01:27:00,METOP-C,José Miguel de Velasco,Santa Cruz,Bolivia,85,8,28,,,,,
eaef2b57-9c2c-3e2d-88eb-957f6819c689, -16.334600, -59.648499,2026-07-16 01:27:00,METOP-C,José Miguel de Velasco,Santa Cruz,Bolivia,85,8,28,,,,,
2b52c6da-d320-3e6d-b726-b63c4a97b2e8, -25.085800, -55.183201,2026-07-16 01:27:00,METOP-C,Mariscal Francisco Solano López,Caaguazú,Paraguay,54,7,177,,,,,
dc1a7c96-f12a-3d82-a42a-53d81a8cdc8a, -18.332300, -59.049099,2026-07-16 01:27:00,METOP-C,Chiquitos,Santa Cruz,Bolivia,80,8,28,,,,,
cdc7db62-9f65-3cfa-aded-6be52baa43e3, -25.746000, -57.446800,2026-07-16 01:27:00,METOP-C,Carapeguá,Paraguarí,Paraguay,185,16,177,,,,,
850e1b5d-a615-3d99-a83a-739b5bdace55, -24.726299, -56.843300,2026-07-16 01:27:00,METOP-C,25 de Diciembre,San Pedro,Paraguay,204,18,177,,,,,
69cda788-34f4-394e-806b-1d3b65daabbe, -21.467100, -60.944901,2026-07-16 01:27:00,METOP-C,General Eugenio A. Garay,Boquerón,Paraguay,43,6,177,,,,,
26123066-d59b-320a-9969-2dec1fad529a, -24.478701, -54.645302,2026-07-16 01:27:00,METOP-C,General Francisco C. Alvarez,Canindeyú,Paraguay,75,9,177,,,,,
1d91c270-f1f8-357f-9034-6651d4cd7b73, -19.443701, -59.788898,2026-07-16 01:27:00,METOP-C,Mayor Pablo Lagerenza,Alto Paraguay,Paraguay,19,2,177,,,,,
33dd816a-0f6d-31af-b88c-5f366ae153fa, -16.961901, -60.662399,2026-07-16 01:27:00,METOP-C,José Miguel de Velasco,Santa Cruz,Bolivia,85,8,28,,,,,
e69b6ab9-1535-3c55-ae7a-c76f0d9020b9, -16.407900, -61.884998,2026-07-16 01:27:00,METOP-C,Ñuflo de Chávez,Santa Cruz,Bolivia,78,8,28,,,,,
140ab4c7-dc8d-35a5-949b-f9b1c74984d3, -18.271999, -59.055500,2026-07-16 01:27:00,METOP-C,Chiquitos,Santa Cruz,Bolivia,80,8,28,,,,,
e7dcec37-01ad-3ff5-8972-4a55fba54fc9, -16.406000, -61.876099,2026-07-16 01:27:00,METOP-C,Ñuflo de Chávez,Santa Cruz,Bolivia,78,8,28,,,,,
6daceffa-6308-393e-9d64-e5cd4211d18a, -16.324800, -59.650700,2026-07-16 01:27:00,METOP-C,José Miguel de Velasco,Santa Cruz,Bolivia,85,8,28,,,,,
653f54ba-eeef-3702-997c-b5c514a0b445, -17.096800, -63.379398,2026-07-16 01:27:00,METOP-C,Sara,Santa Cruz,Bolivia,88,8,28,,,,,
cca1606d-5f3e-3053-98fb-c1c8358c9b52, -16.372000, -59.678501,2026-07-16 01:27:00,METOP-C,José Miguel de Velasco,Santa Cruz,Bolivia,85,8,28,,,,,
7aef896e-d788-370d-86dd-f9778fdcb026, -21.675301, -56.314499,2026-07-16 01:27:00,METOP-C,BELA VISTA,MATO GROSSO DO SUL,Brasil,5002100,50,33,,,,Cerrado,
6e5600a4-ff7b-3e72-849b-b28aef64dd47, -16.334400, -59.694698,2026-07-16 01:27:00,METOP-C,José Miguel de Velasco,Santa Cruz,Bolivia,85,8,28,,,,,
0b5a1069-955d-36f4-a5dc-5b3e9c5ad026, -16.321699, -59.636101,2026-07-16 01:27:00,METOP-C,José Miguel de Velasco,Santa Cruz,Bolivia,85,8,28,,,,,
296a2e39-078b-3192-9929-6d36d9bdac9f, -16.365601, -59.649101,2026-07-16 01:27:00,METOP-C,José Miguel de Velasco,Santa Cruz,Bolivia,85,8,28,,,,,
7e6e5455-6a3c-3400-9d58-73da7c7f64ad, -16.336201, -59.655800,2026-07-16 01:27:00,METOP-C,José Miguel de Velasco,Santa Cruz,Bolivia,85,8,28,,,,,
b6c3a138-5384-3026-93b2-c1222ed8b599, -16.130400, -60.609699,2026-07-16 01:27:00,METOP-C,José Miguel de Velasco,Santa Cruz,Bolivia,85,8,28,,,,,
e1aa778e-75eb-376d-9f56-d692d367868d, -17.112101, -60.645500,2026-07-16 01:27:00,METOP-C,José Miguel de Velasco,Santa Cruz,Bolivia,85,8,28,,,,,
081699c3-3db0-3cd2-b8b5-41853e45b4fe, -16.336000, -59.702099,2026-07-16 01:27:00,METOP-C,José Miguel de Velasco,Santa Cruz,Bolivia,85,8,28,,,,,
795ae48a-1204-32bf-896c-b9fb2d7eebc0, -17.259501, -60.226398,2026-07-16 01:27:00,METOP-C,Chiquitos,Santa Cruz,Bolivia,80,8,28,,,,,
4b1eaff2-92e0-37ce-a381-8e5ef4778e74, -25.679300, -57.471401,2026-07-16 01:27:00,METOP-C,Nueva Italia,Central,Paraguay,93,10,177,,,,,
03f6508c-0fe4-3b24-aead-b7fcbc6bfef7, -14.090100, -64.432098,2026-07-16 01:27:00,METOP-C,Mamoré,El Beni,Bolivia,27,3,28,,,,,
a0991949-c1b8-3cb0-8bb9-a691399a1db5, -17.525400, -62.869202,2026-07-16 01:27:00,METOP-C,Ignacio Warnes,Santa Cruz,Bolivia,84,8,28,,,,,
cd58b6b7-a8c2-3278-913a-2ea2956f1fbc,  -1.651300, -54.467800,2026-07-16 01:27:00,METOP-C,ALENQUER,PARÁ,Brasil,1500404,15,33,,,,Amazônia,
5e446622-6a7f-34dd-bf61-e1ede01cf7c9, -26.848801, -57.374298,2026-07-16 01:27:00,METOP-C,San Juan Bautista de las Misiones,Misiones,Paraguay,175,15,177,,,,,
ab6a86f6-1fa1-3e59-b0f1-fb874620e817, -16.398399, -59.610802,2026-07-16 01:27:00,METOP-C,José Miguel de Velasco,Santa Cruz,Bolivia,85,8,28,,,,,
b520e829-992f-37e4-809b-03d3fac53f36, -17.590300, -62.224201,2026-07-16 01:27:00,METOP-C,Chiquitos,Santa Cruz,Bolivia,80,8,28,,,,,
b3fc7dd8-b33d-3e64-9268-23075cd75f8a, -16.406799, -61.829899,2026-07-16 01:27:00,METOP-C,Ñuflo de Chávez,Santa Cruz,Bolivia,78,8,28,,,,,
244f416d-3448-3f99-9d66-828fe364d456, -16.357401, -59.658699,2026-07-16 01:27:00,METOP-C,José Miguel de Velasco,Santa Cruz,Bolivia,85,8,28,,,,,
b157e91b-e81c-3c70-98fe-61afafd5e328, -16.349199, -59.668301,2026-07-16 01:27:00,METOP-C,José Miguel de Velasco,Santa Cruz,Bolivia,85,8,28,,,,,
b0c61f7c-4cdb-3fe9-8ea8-172d4643e171, -16.350800, -59.675701,2026-07-16 01:27:00,METOP-C,José Miguel de Velasco,Santa Cruz,Bolivia,85,8,28,,,,,
9ed625dc-dedf-3470-9a79-744bec4d7545, -25.744400, -57.438999,2026-07-16 01:27:00,METOP-C,Carapeguá,Paraguarí,Paraguay,185,16,177,,,,,
45ba3ed6-3d0e-37a4-9644-470a63d181a0, -26.070200, -60.925701,2026-07-16 01:27:00,METOP-C,General Güemes,Chaco,Argentina,179,4,12,,,,,
4f08a69b-7958-3f02-be80-d61c65a83154, -16.966900, -60.686199,2026-07-16 01:27:00,METOP-C,José Miguel de Velasco,Santa Cruz,Bolivia,85,8,28,,,,,
1cee2eec-f34a-3f5d-b523-8f56b29e8df1, -16.360600, -59.673401,2026-07-16 01:27:00,METOP-C,José Miguel de Velasco,Santa Cruz,Bolivia,85,8,28,,,,,
f34699e4-449f-3640-8ef2-248bf7efa8e4, -23.612600, -56.688000,2026-07-16 01:27:00,METOP-C,Tacuatí,San Pedro,Paraguay,215,18,177,,,,,
912aa416-acb4-39b8-a86e-52a07f6e0c2e, -21.476900, -60.942799,2026-07-16 01:27:00,METOP-C,General Eugenio A. Garay,Boquerón,Paraguay,43,6,177,,,,,
d9be41ad-317e-3388-b060-6cf3a3e62611, -18.273600, -60.813301,2026-07-16 01:27:00,METOP-C,Cordillera,Santa Cruz,Bolivia,81,8,28,,,,,
b396bf68-1e58-3ac8-bc12-42c8b611e29a, -15.760400, -61.576199,2026-07-16 01:27:00,METOP-C,Ñuflo de Chávez,Santa Cruz,Bolivia,78,8,28,,,,,
5e761df9-3532-3860-ad7e-6543736ae9c0, -15.756900, -61.559399,2026-07-16 01:27:00,METOP-C,Ñuflo de Chávez,Santa Cruz,Bolivia,78,8,28,,,,,
650338c3-6eef-30c8-bba8-2db71483081d, -17.087000, -63.381401,2026-07-16 01:27:00,METOP-C,Sara,Santa Cruz,Bolivia,88,8,28,,,,,
9abcea55-f421-36d2-a214-917afd28e902, -16.132099, -60.617401,2026-07-16 01:27:00,METOP-C,José Miguel de Velasco,Santa Cruz,Bolivia,85,8,28,,,,,
60bcd8db-6d40-3027-aa33-169e1575b842, -15.925200, -61.925201,2026-07-16 01:27:00,METOP-C,Ñuflo de Chávez,Santa Cruz,Bolivia,78,8,28,,,,,
f77cc6b6-1e8e-3318-89e0-08b78badeedc, -17.638100, -60.222500,2026-07-16 01:27:00,METOP-C,Chiquitos,Santa Cruz,Bolivia,80,8,28,,,,,
1d4017fe-698d-3114-aaf0-3600bafa375c, -16.362400, -59.634499,2026-07-16 01:27:00,METOP-C,José Miguel de Velasco,Santa Cruz,Bolivia,85,8,28,,,,,
e86da229-efed-339c-bb38-1091275de0ce, -26.985800, -56.989899,2026-07-16 01:27:00,METOP-C,San Ignacio,Misiones,Paraguay,174,15,177,,,,,
09dfcca5-d2fa-3b14-b544-eb46e17b1ea0, -15.923200, -61.619900,2026-07-16 01:27:00,METOP-C,Ñuflo de Chávez,Santa Cruz,Bolivia,78,8,28,,,,,
bddb9712-6278-345c-8325-08278fba4d7c, -25.003401, -59.889599,2026-07-16 01:27:00,METOP-C,Patiño,Formosa,Argentina,257,9,12,,,,,
298056dd-4561-3b02-810f-e8c5c47f3bdd, -15.582100, -60.780899,2026-07-16 01:27:00,METOP-C,José Miguel de Velasco,Santa Cruz,Bolivia,85,8,28,,,,,
ff5ad605-3933-3e94-9e5c-dd388d20c330, -21.465200, -60.935600,2026-07-16 01:27:00,METOP-C,General Eugenio A. Garay,Boquerón,Paraguay,43,6,177,,,,,
00043efd-6a62-3be9-993e-ddd1802549bb, -16.370600, -59.624901,2026-07-16 01:27:00,METOP-C,José Miguel de Velasco,Santa Cruz,Bolivia,85,8,28,,,,,
221f4853-31ab-39aa-b42f-c54ebbb03925, -18.327299, -59.073601,2026-07-16 01:27:00,METOP-C,Chiquitos,Santa Cruz,Bolivia,80,8,28,,,,,
17508216-8d81-319f-8bbd-d61c52586c2f, -16.360901, -59.627201,2026-07-16 01:27:00,METOP-C,José Miguel de Velasco,Santa Cruz,Bolivia,85,8,28,,,,,
f27b4060-6974-30f4-90d1-bd01bd81fbfa, -18.355000, -59.059399,2026-07-16 01:27:00,METOP-C,Chiquitos,Santa Cruz,Bolivia,80,8,28,,,,,
da3c3b8b-961a-3334-81ff-97ed05289732, -26.640400, -55.977299,2026-07-16 01:27:00,METOP-C,San Pedro del Paraná,Itapúa,Paraguay,168,14,177,,,,,
b31f9830-3516-3b97-b34c-e299ef9c5e80, -26.493999, -55.821800,2026-07-16 01:27:00,METOP-C,Alto Verá,Itapúa,Paraguay,144,14,177,,,,,
4ff4b8e4-e355-3124-b041-2ac09113e73e, -17.108801, -60.629601,2026-07-16 01:27:00,METOP-C,José Miguel de Velasco,Santa Cruz,Bolivia,85,8,28,,,,,
67b53876-a894-325f-af0c-c43f1e8e365d, -12.888200, -58.280499,2026-07-16 01:27:00,METOP-C,BRASNORTE,MATO GROSSO,Brasil,5101902,51,33,,,,Cerrado,
80ce20b4-9aca-35c5-9479-4bf4590c0e06, -16.347900, -59.614700,2026-07-16 01:27:00,METOP-C,José Miguel de Velasco,Santa Cruz,Bolivia,85,8,28,,,,,
caeae939-9d25-3c86-85fb-f8c596f4920c, -16.146799, -60.638599,2026-07-16 01:27:00,METOP-C,José Miguel de Velasco,Santa Cruz,Bolivia,85,8,28,,,,,
25443984-f4f0-3ec5-85d1-1a3dc908d522, -15.933200, -61.914299,2026-07-16 01:27:00,METOP-C,Ñuflo de Chávez,Santa Cruz,Bolivia,78,8,28,,,,,
c8a8f0b7-fd95-355a-9400-93ed656c6403, -16.411600, -59.577099,2026-07-16 01:27:00,METOP-C,José Miguel de Velasco,Santa Cruz,Bolivia,85,8,28,,,,,
e4208eec-be36-3b52-90f3-9947b78ef50b, -15.709800, -61.578400,2026-07-16 01:27:00,METOP-C,Ñuflo de Chávez,Santa Cruz,Bolivia,78,8,28,,,,,
8bc2b598-31ed-3697-a2e5-000343a3014a, -17.498699, -59.568001,2026-07-16 01:27:00,METOP-C,Chiquitos,Santa Cruz,Bolivia,80,8,28,,,,,
6ed827b6-40da-3314-bc66-86cd0f9f4d8a, -15.664300, -61.605900,2026-07-16 01:27:00,METOP-C,Ñuflo de Chávez,Santa Cruz,Bolivia,78,8,28,,,,,
2856f77b-1ec4-3e01-9cca-8dbebf0739b3, -16.344700, -59.600101,2026-07-16 01:27:00,METOP-C,José Miguel de Velasco,Santa Cruz,Bolivia,85,8,28,,,,,
317a7e90-6eac-3bc3-843b-7aee142b828b, -16.245100, -61.347698,2026-07-16 01:27:00,METOP-C,José Miguel de Velasco,Santa Cruz,Bolivia,85,8,28,,,,,
3d3eeb9e-f84f-386c-87d3-99579ff84834, -24.655300, -56.606701,2026-07-16 01:27:00,METOP-C,25 de Diciembre,San Pedro,Paraguay,204,18,177,,,,,
80b32e68-654d-3ed3-a2d0-5ae3fde4d536, -16.400200, -59.571999,2026-07-16 01:27:00,METOP-C,José Miguel de Velasco,Santa Cruz,Bolivia,85,8,28,,,,,
0533ca03-8d7c-3cb4-8bb6-e1c98c0c7cd8, -16.357201, -59.705002,2026-07-16 01:27:00,METOP-C,José Miguel de Velasco,Santa Cruz,Bolivia,85,8,28,,,,,
78f77f36-9ae7-3766-b638-8599c614ae51, -25.855000, -56.687099,2026-07-16 01:27:00,METOP-C,Tebicuarymí,Paraguarí,Paraguay,196,16,177,,,,,
df2cf3cc-ad64-3ae0-bb6c-52e9f459d978, -16.346001, -59.653599,2026-07-16 01:27:00,METOP-C,José Miguel de Velasco,Santa Cruz,Bolivia,85,8,28,,,,,
0dfeda00-2204-324f-af80-026fdcdcc005, -16.332800, -59.687401,2026-07-16 01:27:00,METOP-C,José Miguel de Velasco,Santa Cruz,Bolivia,85,8,28,,,,,
b8ffb5cc-afde-356a-9924-d77a4ac9bd6f, -16.331499, -59.633900,2026-07-16 01:27:00,METOP-C,José Miguel de Velasco,Santa Cruz,Bolivia,85,8,28,,,,,
b2f02bde-293e-3d41-87c1-ee1f41bda963, -24.810801, -57.440102,2026-07-16 01:27:00,METOP-C,Benjamín Aceval,Presidente Hayes,Paraguay,200,17,177,,,,,
06e4909d-73e8-3e40-818c-1cf5203f1d33, -26.825800, -56.026199,2026-07-16 01:27:00,METOP-C,San Pedro del Paraná,Itapúa,Paraguay,168,14,177,,,,,
af099419-19f3-3899-9071-bb18209f2432, -15.758700, -61.567799,2026-07-16 01:27:00,METOP-C,Ñuflo de Chávez,Santa Cruz,Bolivia,78,8,28,,,,,
2287a62e-8596-3dc1-97af-0ec733a8f6fd, -26.068199, -60.914902,2026-07-16 01:27:00,METOP-C,General Güemes,Chaco,Argentina,179,4,12,,,,,
c72e1b64-e242-3ea9-b63b-9b94b8b1f938, -23.356701, -57.899300,2026-07-16 01:27:00,METOP-C,Pozo Colorado,Presidente Hayes,Paraguay,201,17,177,,,,,
05067a8b-882f-3793-90b4-b81e996c25f0, -16.963600, -60.670300,2026-07-16 01:27:00,METOP-C,José Miguel de Velasco,Santa Cruz,Bolivia,85,8,28,,,,,
9861b466-db05-3948-a6aa-1196540341cf, -16.077999, -60.459900,2026-07-16 01:27:00,METOP-C,José Miguel de Velasco,Santa Cruz,Bolivia,85,8,28,,,,,
544d0f5a-121a-3e45-8a36-57d9df451538, -16.955500, -60.680500,2026-07-16 01:27:00,METOP-C,José Miguel de Velasco,Santa Cruz,Bolivia,85,8,28,,,,,
3ff9c711-1e53-3f05-8d49-38beba6a98c5, -16.545700, -60.730202,2026-07-16 01:27:00,METOP-C,José Miguel de Velasco,Santa Cruz,Bolivia,85,8,28,,,,,
28999be9-918d-3979-a312-89961df462e8, -16.345800, -59.699902,2026-07-16 01:27:00,METOP-C,José Miguel de Velasco,Santa Cruz,Bolivia,85,8,28,,,,,
4c99d8af-0546-3827-b842-42fb97ee0bbf, -16.364000, -59.641800,2026-07-16 01:27:00,METOP-C,José Miguel de Velasco,Santa Cruz,Bolivia,85,8,28,,,,,
f5df8ed1-d6d8-3597-9428-5e63ddeb15a8, -18.270399, -59.048100,2026-07-16 01:27:00,METOP-C,Chiquitos,Santa Cruz,Bolivia,80,8,28,,,,,
cdf4b22d-4cc8-3455-abc6-73dec5fd82e7, -16.330200, -59.580502,2026-07-16 01:27:00,METOP-C,José Miguel de Velasco,Santa Cruz,Bolivia,85,8,28,,,,,
a51b635e-aaa0-3cbf-aa5a-c8635c5da05d, -22.420601, -54.690899,2026-07-16 01:27:00,METOP-C,DOURADOS,MATO GROSSO DO SUL,Brasil,5003702,50,33,,,,Mata Atlântica,
52d65096-4c78-38b8-9e66-10f4ea90860a, -24.719900, -57.397800,2026-07-16 01:27:00,METOP-C,Villa Hayes,Presidente Hayes,Paraguay,203,17,177,,,,,
a9b2dd8b-d996-3c52-948a-a5ac7873c567, -18.017000, -59.590698,2026-07-16 01:27:00,METOP-C,Chiquitos,Santa Cruz,Bolivia,80,8,28,,,,,
7ec94f42-a038-3a4f-9913-d11639ddb510, -17.592199, -62.233799,2026-07-16 01:27:00,METOP-C,Chiquitos,Santa Cruz,Bolivia,80,8,28,,,,,
326cf01a-5825-3f46-95b9-606bf29a9457, -25.005199, -59.898899,2026-07-16 01:27:00,METOP-C,Patiño,Formosa,Argentina,257,9,12,,,,,
02e67d11-feea-32c6-9552-5c3c10d955cc, -18.333799, -59.056499,2026-07-16 01:27:00,METOP-C,Chiquitos,Santa Cruz,Bolivia,80,8,28,,,,,
1e569105-1745-3223-b2ff-b246535e7032, -17.261101, -60.234200,2026-07-16 01:27:00,METOP-C,Chiquitos,Santa Cruz,Bolivia,80,8,28,,,,,
9481c825-7ddf-3514-a876-569b2bcd17fd, -16.358999, -59.666000,2026-07-16 01:27:00,METOP-C,José Miguel de Velasco,Santa Cruz,Bolivia,85,8,28,,,,,
e65a5a28-472b-3ae6-aaab-081e13add866, -16.359301, -59.619801,2026-07-16 01:27:00,METOP-C,José Miguel de Velasco,Santa Cruz,Bolivia,85,8,28,,,,,
ad5f740b-ad04-3160-b7de-ee5df11e584c, -25.076099, -55.185799,2026-07-16 01:27:00,METOP-C,Mariscal Francisco Solano López,Caaguazú,Paraguay,54,7,177,,,,,
d2253318-3b1c-3710-940d-66c632f7d4e4, -17.696800, -60.993301,2026-07-16 01:27:00,METOP-C,Chiquitos,Santa Cruz,Bolivia,80,8,28,,,,,
63d07455-fa7f-37ad-9d4e-4cff24aebebc, -16.547300, -60.738201,2026-07-16 01:27:00,METOP-C,José Miguel de Velasco,Santa Cruz,Bolivia,85,8,28,,,,,
fffb1c3f-acf8-397a-9ea6-7abd477608d0, -15.925000, -61.628399,2026-07-16 01:27:00,METOP-C,Ñuflo de Chávez,Santa Cruz,Bolivia,78,8,28,,,,,
33def788-00c0-3caf-bc08-a99094ac974a, -25.566999, -55.258499,2026-07-16 01:27:00,METOP-C,San Cristóbal,Alto Paraná,Paraguay,34,3,177,,,,,
59121f13-5f57-37a7-a4b8-0bf176c50c45, -16.410000, -59.569801,2026-07-16 01:27:00,METOP-C,José Miguel de Velasco,Santa Cruz,Bolivia,85,8,28,,,,,
7d03cf1c-63bf-3d84-8ac6-deab62c25bc2, -16.404900, -61.821098,2026-07-16 01:27:00,METOP-C,Ñuflo de Chávez,Santa Cruz,Bolivia,78,8,28,,,,,
ea78f0e8-f2b0-3e6d-916e-b2e449f6a3f7, -15.748900, -61.569901,2026-07-16 01:27:00,METOP-C,Ñuflo de Chávez,Santa Cruz,Bolivia,78,8,28,,,,,
5f46bca3-37a3-3340-88ff-6d88dbffc0e7, -17.270901, -60.231998,2026-07-16 01:27:00,METOP-C,Chiquitos,Santa Cruz,Bolivia,80,8,28,,,,,
e00acef2-543d-3a66-baae-5836661a2c4d, -18.324100, -59.058800,2026-07-16 01:27:00,METOP-C,Chiquitos,Santa Cruz,Bolivia,80,8,28,,,,,
33444b54-2aab-3abc-88bb-b45644fa3303, -16.118999, -60.604099,2026-07-16 01:27:00,METOP-C,José Miguel de Velasco,Santa Cruz,Bolivia,85,8,28,,,,,
d39be4f7-4474-3c67-ac05-fcfaec9c47bb, -16.135401, -60.632999,2026-07-16 01:27:00,METOP-C,José Miguel de Velasco,Santa Cruz,Bolivia,85,8,28,,,,,
9679608c-8318-3a7f-8e2f-75da6cfd0b0e, -26.824200, -56.018501,2026-07-16 01:27:00,METOP-C,San Pedro del Paraná,Itapúa,Paraguay,168,14,177,,,,,
bf7540f6-a98f-38cd-850c-79a9322ce546, -16.127199, -60.642899,2026-07-16 01:27:00,METOP-C,José Miguel de Velasco,Santa Cruz,Bolivia,85,8,28,,,,,
4a350235-2d28-3ad0-b27e-1be1da801439, -16.351299, -59.583302,2026-07-16 01:27:00,METOP-C,José Miguel de Velasco,Santa Cruz,Bolivia,85,8,28,,,,,
0cde91ca-2fcb-3ffc-aae4-26cee4cc489c, -25.013201, -59.887402,2026-07-16 01:27:00,METOP-C,Patiño,Formosa,Argentina,257,9,12,,,,,
f9ccafe0-78cc-35c3-8182-ba5041e67ba3, -18.275400, -60.821701,2026-07-16 01:27:00,METOP-C,Cordillera,Santa Cruz,Bolivia,81,8,28,,,,,
d59afe23-4eae-3562-a8ef-ee10832b3bac, -16.349501, -59.622002,2026-07-16 01:27:00,METOP-C,José Miguel de Velasco,Santa Cruz,Bolivia,85,8,28,,,,,
6030bd35-6635-335e-b500-c0db848d2953, -24.487101, -55.414501,2026-07-16 01:27:00,METOP-C,Villa San Isidro Curuguaty,Canindeyú,Paraguay,78,9,177,,,,,
f253f9d5-0163-3a38-b677-ffa10ddd0171,  -1.641600, -54.470100,2026-07-16 01:27:00,METOP-C,ALENQUER,PARÁ,Brasil,1500404,15,33,,,,Amazônia,
d765787b-375f-3f31-bc4d-4182457371d8, -16.333000, -59.641201,2026-07-16 01:27:00,METOP-C,José Miguel de Velasco,Santa Cruz,Bolivia,85,8,28,,,,,
a28abf30-e582-3211-8cfa-be71af9c1e0e, -17.175100, -63.105900,2026-07-16 01:27:00,METOP-C,Obispo Santistevan,Santa Cruz,Bolivia,87,8,28,,,,,
0018305c-5183-3a81-93b4-cb31c4f49187, -16.348900, -59.714600,2026-07-16 01:27:00,METOP-C,José Miguel de Velasco,Santa Cruz,Bolivia,85,8,28,,,,,
53be4afb-d55e-3947-b3b9-47a9572091af, -25.715000, -57.495701,2026-07-16 01:27:00,METOP-C,Nueva Italia,Central,Paraguay,93,10,177,,,,,
73ea07e3-d352-3075-a8d9-92f7570848e4, -15.923400, -61.916401,2026-07-16 01:27:00,METOP-C,Ñuflo de Chávez,Santa Cruz,Bolivia,78,8,28,,,,,
f15cace5-bbd1-39a4-a313-fba6a59c08fd, -16.375299, -59.646900,2026-07-16 01:27:00,METOP-C,José Miguel de Velasco,Santa Cruz,Bolivia,85,8,28,,,,,
335dc267-fc8b-34bc-80c6-9c8edaeb8f9d, -26.837400, -57.368698,2026-07-16 01:27:00,METOP-C,San Juan Bautista de las Misiones,Misiones,Paraguay,175,15,177,,,,,
d57bd6fc-9b5b-3c96-9ed1-1d089386b7ca, -16.125601, -60.635201,2026-07-16 01:27:00,METOP-C,José Miguel de Velasco,Santa Cruz,Bolivia,85,8,28,,,,,
ada80e6b-b025-3674-999c-c88f02547c40, -16.359501, -59.573700,2026-07-16 01:27:00,METOP-C,José Miguel de Velasco,Santa Cruz,Bolivia,85,8,28,,,,,
65fecbfd-4909-3757-90df-872daba164b7, -17.474300, -59.550201,2026-07-16 01:27:00,METOP-C,Chiquitos,Santa Cruz,Bolivia,80,8,28,,,,,
f32a93c6-4d3c-3f8b-8753-ea714f9b1aad, -16.396999, -61.832100,2026-07-16 01:27:00,METOP-C,Ñuflo de Chávez,Santa Cruz,Bolivia,78,8,28,,,,,
6524bd71-6d13-31a7-bcdc-f93c31c5ecd9, -16.347401, -59.707199,2026-07-16 01:27:00,METOP-C,José Miguel de Velasco,Santa Cruz,Bolivia,85,8,28,,,,,
6ccf57c3-3d57-37f2-8eda-906f9928be68, -26.170500, -61.202801,2026-07-16 01:27:00,METOP-C,Almirante Brown,Chaco,Argentina,171,4,12,,,,,
18ef9813-0d54-345b-bc2c-b49c5984e12f, -18.325701, -59.066200,2026-07-16 01:27:00,METOP-C,Chiquitos,Santa Cruz,Bolivia,80,8,28,,,,,
1a3d9fb6-be40-34d8-bc62-baf44335b701, -26.068001, -57.466801,2026-07-16 01:27:00,METOP-C,Quiíndy,Paraguarí,Paraguay,192,16,177,,,,,
0b274d5d-64a7-309f-bc58-1d2ea310b5b2, -24.653601, -56.599201,2026-07-16 01:27:00,METOP-C,25 de Diciembre,San Pedro,Paraguay,204,18,177,,,,,
af298794-df5d-3312-8030-eabf4e009a45, -16.673901, -59.601700,2026-07-16 01:27:00,METOP-C,José Miguel de Velasco,Santa Cruz,Bolivia,85,8,28,,,,,
dbd54126-4284-37e0-a122-cd986ad86ac1, -25.264799, -57.352600,2026-07-16 01:27:00,METOP-C,Water body,Central,Paraguay,98,10,177,,,,,
0d99efcb-aef7-3fd8-853e-0fdc4fe38e04, -16.138700, -60.648499,2026-07-16 01:27:00,METOP-C,José Miguel de Velasco,Santa Cruz,Bolivia,85,8,28,,,,,
b668452b-73ba-3eb7-b8bb-d60ebd263745, -24.513100, -55.115398,2026-07-16 01:27:00,METOP-C,Itakyry,Alto Paraná,Paraguay,25,3,177,,,,,
abcbb351-75c9-3679-9aa2-26e42c9868cc, -15.656300, -61.616501,2026-07-16 01:27:00,METOP-C,Ñuflo de Chávez,Santa Cruz,Bolivia,78,8,28,,,,,
3ae7797f-6818-3e9e-bde2-35ce42e5bdb7, -17.533100, -62.856899,2026-07-16 01:27:00,METOP-C,Andrés Ibáñez,Santa Cruz,Bolivia,79,8,28,,,,,
ed4bcf26-fd70-3a48-9604-bff2801d4bbb, -23.786100, -56.020699,2026-07-16 01:27:00,METOP-C,Nueva Germania,San Pedro,Paraguay,211,18,177,,,,,
00148e87-654c-34c5-a945-14f8a11587de, -25.716600, -57.503502,2026-07-16 01:27:00,METOP-C,Nueva Italia,Central,Paraguay,93,10,177,,,,,
88c09ac4-5f3b-390f-9197-0cd39d485cf4, -18.335400, -59.063900,2026-07-16 01:27:00,METOP-C,Chiquitos,Santa Cruz,Bolivia,80,8,28,,,,,
c55b49ec-8ead-3772-b7c9-63284c5eb575, -17.110500, -60.637600,2026-07-16 01:27:00,METOP-C,José Miguel de Velasco,Santa Cruz,Bolivia,85,8,28,,,,,
89417466-869e-3bbe-a530-f074b8299777, -16.355801, -59.651299,2026-07-16 01:27:00,METOP-C,José Miguel de Velasco,Santa Cruz,Bolivia,85,8,28,,,,,
ff9b713d-f6bb-3f1b-8825-5e47014e59ad, -15.666100, -61.614300,2026-07-16 01:27:00,METOP-C,Ñuflo de Chávez,Santa Cruz,Bolivia,78,8,28,,,,,
5ce8a1f4-48c9-33f1-bd59-122b123a9b03, -16.323200, -59.643398,2026-07-16 01:27:00,METOP-C,José Miguel de Velasco,Santa Cruz,Bolivia,85,8,28,,,,,
96438dc7-8aa4-3e08-9f11-7cf76d1450fb, -16.354200, -59.644001,2026-07-16 01:27:00,METOP-C,José Miguel de Velasco,Santa Cruz,Bolivia,85,8,28,,,,,
64475597-ac1b-3b50-8fe6-98a223f2ee4e, -17.272499, -60.239700,2026-07-16 01:27:00,METOP-C,Chiquitos,Santa Cruz,Bolivia,80,8,28,,,,,
98c7891f-d1d2-3c38-a971-112ae19580a1, -18.338600, -59.078602,2026-07-16 01:27:00,METOP-C,Chiquitos,Santa Cruz,Bolivia,80,8,28,,,,,
ea527e84-c1a1-35a8-90f6-dd267c5be8f1, -18.271900, -60.805000,2026-07-16 01:27:00,METOP-C,Chiquitos,Santa Cruz,Bolivia,80,8,28,,,,,
4db98dd8-fb43-3f63-9cef-68c669092b22, -29.189100, -57.301601,2026-07-16 01:27:00,METOP-C,San Martín,Corrientes,Argentina,231,7,12,,,,,
f3b77345-9cb0-37a7-af58-163b4b58363b, -21.475000, -60.933498,2026-07-16 01:27:00,METOP-C,General Eugenio A. Garay,Boquerón,Paraguay,43,6,177,,,,,
663af560-1fab-3968-b8f1-c9c153e9f0c6, -16.347601, -59.660999,2026-07-16 01:27:00,METOP-C,José Miguel de Velasco,Santa Cruz,Bolivia,85,8,28,,,,,
e1035813-972f-3278-aa8a-8cad36cc3c99, -16.344200, -59.692501,2026-07-16 01:27:00,METOP-C,José Miguel de Velasco,Santa Cruz,Bolivia,85,8,28,,,,,
69be5477-4dab-3aa9-9346-77c7ed37db7d, -25.254999, -57.355000,2026-07-16 01:27:00,METOP-C,Areguá,Central,Paraguay,82,10,177,,,,,
0b3a374b-7ec4-38a4-9e68-cd1816b234e2, -17.484100, -59.547901,2026-07-16 01:27:00,METOP-C,Chiquitos,Santa Cruz,Bolivia,80,8,28,,,,,
a0e4fea4-f0bb-3b00-ac35-e37b594e49e4, -26.126400, -56.707199,2026-07-16 01:27:00,METOP-C,Mbuyapey,Paraguarí,Paraguay,189,16,177,,,,,
788fc8f5-adc1-3e0e-b40f-11e647e065e0, -24.801399, -56.665100,2026-07-16 01:27:00,METOP-C,Unión,San Pedro,Paraguay,216,18,177,,,,,
8e4f7593-1777-3d9f-ae02-85b3aa5255a3, -18.337000, -59.071301,2026-07-16 01:27:00,METOP-C,Chiquitos,Santa Cruz,Bolivia,80,8,28,,,,,
b17ef766-3aad-3031-8d76-a03bef1a7eb5, -16.346300, -59.607399,2026-07-16 01:27:00,METOP-C,José Miguel de Velasco,Santa Cruz,Bolivia,85,8,28,,,,,
08786a52-c9ab-3c6a-9975-a5a84dc0e926, -16.343100, -59.592800,2026-07-16 01:27:00,METOP-C,José Miguel de Velasco,Santa Cruz,Bolivia,85,8,28,,,,,
4c1210ad-dd43-3044-8860-4aceabd31900, -16.965200, -60.678299,2026-07-16 01:27:00,METOP-C,José Miguel de Velasco,Santa Cruz,Bolivia,85,8,28,,,,,
b4046dda-cd54-3d6d-a64d-f77026699d74, -16.270100, -60.833099,2026-07-16 01:27:00,METOP-C,José Miguel de Velasco,Santa Cruz,Bolivia,85,8,28,,,,,
7857a48c-362c-30d6-b9db-f270369595ca, -24.804701, -56.680199,2026-07-16 01:27:00,METOP-C,Unión,San Pedro,Paraguay,216,18,177,,,,,
b236ccee-223a-33df-bde0-444517f0531e, -16.349800, -59.576000,2026-07-16 01:27:00,METOP-C,José Miguel de Velasco,Santa Cruz,Bolivia,85,8,28,,,,,
157b963a-af80-39b3-b749-f97f67ea4930, -16.556000, -60.827801,2026-07-16 01:27:00,METOP-C,José Miguel de Velasco,Santa Cruz,Bolivia,85,8,28,,,,,
3dd2c660-df35-35a6-927d-73c8b6b238ab, -24.197599, -56.920101,2026-07-16 01:27:00,METOP-C,Villa del Rosario,San Pedro,Paraguay,217,18,177,,,,,
fcf2b27a-e871-3489-ab95-80b4f7e38327, -16.403099, -61.812401,2026-07-16 01:27:00,METOP-C,Ñuflo de Chávez,Santa Cruz,Bolivia,78,8,28,,,,,
6ff21e40-578d-31e6-8780-fd207e8866db, -16.957100, -60.688400,2026-07-16 01:27:00,METOP-C,José Miguel de Velasco,Santa Cruz,Bolivia,85,8,28,,,,,
b03bd5c8-39bf-3451-ad81-b7dd46c18e93, -16.958799, -60.696400,2026-07-16 01:27:00,METOP-C,José Miguel de Velasco,Santa Cruz,Bolivia,85,8,28,,,,,
d8e42203-ca44-3b27-af5c-08dd99545c2b, -16.123899, -60.627399,2026-07-16 01:27:00,METOP-C,José Miguel de Velasco,Santa Cruz,Bolivia,85,8,28,,,,,
9789211d-8bc1-3335-b377-422fa5cb1c73, -16.672300, -59.594398,2026-07-16 01:27:00,METOP-C,José Miguel de Velasco,Santa Cruz,Bolivia,85,8,28,,,,,
142c3d26-bfc0-3946-b012-9080c69c029d, -16.129101, -60.699699,2026-07-16 01:27:00,METOP-C,José Miguel de Velasco,Santa Cruz,Bolivia,85,8,28,,,,,
36fb35dc-7764-39aa-ba18-6039ad6ff8b8, -25.870001, -56.321301,2026-07-16 01:27:00,METOP-C,Ñumí,Guairá,Paraguay,128,13,177,,,,,
2b57632f-fa87-35fe-b678-01413f7a7b3f, -17.693399, -60.976601,2026-07-16 01:27:00,METOP-C,Chiquitos,Santa Cruz,Bolivia,80,8,28,,,,,
59111230-a8b1-31f1-9ab8-6eb865096387, -15.654500, -61.608101,2026-07-16 01:27:00,METOP-C,Ñuflo de Chávez,Santa Cruz,Bolivia,78,8,28,,,,,
7c905397-8874-32bd-b935-a3181fced13c, -16.373800, -59.639500,2026-07-16 01:27:00,METOP-C,José Miguel de Velasco,Santa Cruz,Bolivia,85,8,28,,,,,
c3ed6b39-abd9-3463-ab99-1ffdaca1a36b, -16.331699, -59.587799,2026-07-16 01:27:00,METOP-C,José Miguel de Velasco,Santa Cruz,Bolivia,85,8,28,,,,,
ebe73f4e-0c5c-3d64-af3c-50d62e91644f, -17.648300, -59.690800,2026-07-16 01:27:00,METOP-C,Chiquitos,Santa Cruz,Bolivia,80,8,28,,,,,
4dc81ae0-82f4-3b96-b23a-35dea94116da, -16.403400, -59.586601,2026-07-16 01:27:00,METOP-C,José Miguel de Velasco,Santa Cruz,Bolivia,85,8,28,,,,,
34261ab0-4742-388c-8577-44ba1cde3e9f, -16.370399, -59.671200,2026-07-16 01:27:00,METOP-C,José Miguel de Velasco,Santa Cruz,Bolivia,85,8,28,,,,,
ef6a0063-d3d6-3be4-93e3-c2e629194617, -16.395100, -61.823299,2026-07-16 01:27:00,METOP-C,Ñuflo de Chávez,Santa Cruz,Bolivia,78,8,28,,,,,
004554c1-d001-3e0a-a4db-1dd8e1f9e713, -22.422501, -54.698898,2026-07-16 01:27:00,METOP-C,DOURADOS,MATO GROSSO DO SUL,Brasil,5003702,50,33,,,,Mata Atlântica,
df4c60ab-15a1-31fd-8e24-ada45dcfc445, -16.408199, -59.608601,2026-07-16 01:27:00,METOP-C,José Miguel de Velasco,Santa Cruz,Bolivia,85,8,28,,,,,
639a4a34-fe93-3499-b347-432ffa654f85, -16.376900, -59.654202,2026-07-16 01:27:00,METOP-C,José Miguel de Velasco,Santa Cruz,Bolivia,85,8,28,,,,,
b5f433dd-6915-3bd9-b985-44922a6a52a5, -16.128901, -60.650700,2026-07-16 01:27:00,METOP-C,José Miguel de Velasco,Santa Cruz,Bolivia,85,8,28,,,,,
60c17861-61a1-35e3-ac5c-425c54adc6a6, -16.557699, -60.835701,2026-07-16 01:27:00,METOP-C,José Miguel de Velasco,Santa Cruz,Bolivia,85,8,28,,,,,
0d18f555-00de-39ca-9224-22ba5cf66842, -19.833300, -57.956902,2026-07-16 01:27:00,METOP-C,CORUMBÁ,MATO GROSSO DO SUL,Brasil,5003207,50,33,,,,Pantanal,
a3239cd0-c3b4-371f-9b52-42fc552f2045, -16.953800, -60.672501,2026-07-16 01:27:00,METOP-C,José Miguel de Velasco,Santa Cruz,Bolivia,85,8,28,,,,,
cb997913-f027-36fb-b6c6-6260a6e05f04, -18.330700, -59.041801,2026-07-16 01:27:00,METOP-C,Chiquitos,Santa Cruz,Bolivia,80,8,28,,,,,
afdb9dd3-375b-38aa-bda0-4f4bfa3c692d, -16.136999, -60.640701,2026-07-16 01:27:00,METOP-C,José Miguel de Velasco,Santa Cruz,Bolivia,85,8,28,,,,,
7c7094c1-b30f-39fa-be5f-c62459a16751, -25.868401, -56.313702,2026-07-16 01:27:00,METOP-C,Ñumí,Guairá,Paraguay,128,13,177,,,,,
85c183b6-1d57-3bc5-91d6-b1758e04fbe2, -16.397400, -61.933399,2026-07-16 01:27:00,METOP-C,Ñuflo de Chávez,Santa Cruz,Bolivia,78,8,28,,,,,
352cc847-24a2-32ca-a81d-f52b9f811e19, -17.695101, -60.985001,2026-07-16 01:27:00,METOP-C,Chiquitos,Santa Cruz,Bolivia,80,8,28,,,,,
e76da46a-2a47-3570-bcf4-c5f5aa404688, -16.246799, -61.356098,2026-07-16 01:27:00,METOP-C,José Miguel de Velasco,Santa Cruz,Bolivia,85,8,28,,,,,
ee8922f9-bf6c-39cd-85a6-8a38074afab8, -25.860300, -56.323799,2026-07-16 01:27:00,METOP-C,Villarrica,Guairá,Paraguay,142,13,177,,,,,
8c85459e-4795-3c8f-aaed-51b6c996c20a, -25.680901, -57.479301,2026-07-16 01:27:00,METOP-C,Nueva Italia,Central,Paraguay,93,10,177,,,,,
0a0ee466-560e-30a6-8ec6-55e80e6961a6, -16.342600, -59.685200,2026-07-16 01:27:00,METOP-C,José Miguel de Velasco,Santa Cruz,Bolivia,85,8,28,,,,,
aa976a70-0e2c-3e59-84a2-d1428e306ee6, -17.280701, -60.229801,2026-07-16 01:27:00,METOP-C,Chiquitos,Santa Cruz,Bolivia,80,8,28,,,,,
7dc5fe0d-815b-3fe4-92da-3157c054495f, -15.667800, -61.622700,2026-07-16 01:27:00,METOP-C,Ñuflo de Chávez,Santa Cruz,Bolivia,78,8,28,,,,,
66d336cf-32b8-30f1-8ef7-55596eece8b6, -24.476900, -54.637402,2026-07-16 01:27:00,METOP-C,General Francisco C. Alvarez,Canindeyú,Paraguay,75,9,177,,,,,
2fcae173-324e-309f-a4fe-b31e84fa109e, -24.802999, -56.672699,2026-07-16 01:27:00,METOP-C,Unión,San Pedro,Paraguay,216,18,177,,,,,
ba9f38e8-b75f-3195-8025-821b7f83c9f9, -16.341000, -59.677898,2026-07-16 01:27:00,METOP-C,José Miguel de Velasco,Santa Cruz,Bolivia,85,8,28,,,,,
13d22aba-6c58-30c5-ba99-1d4bff549eae, -15.658000, -61.624901,2026-07-16 01:27:00,METOP-C,Ñuflo de Chávez,Santa Cruz,Bolivia,78,8,28,,,,,
39c444c4-37b3-3ce5-9b70-3d0fab6e1f54,  -8.753830, -43.944320,2026-07-16 03:34:00,NOAA-20,CRISTINO CASTRO,PIAUÍ,Brasil,2203107,22,33,,,,Cerrado,0.2
4fadbad8-c7c1-39b5-9af0-7cae16fb1906,  -8.759880, -43.945460,2026-07-16 03:34:00,NOAA-20,CRISTINO CASTRO,PIAUÍ,Brasil,2203107,22,33,,,,Cerrado,0.2
cb537924-1a61-3fb0-a645-0dc7080a6184,  -5.131580, -37.839100,2026-07-16 03:34:00,NOAA-20,QUIXERÉ,CEARÁ,Brasil,2311504,23,33,,,,Caatinga,1.2
52ddd385-7040-3915-823b-f2d8297a8912,  -5.130910, -37.843170,2026-07-16 03:34:00,NOAA-20,QUIXERÉ,CEARÁ,Brasil,2311504,23,33,,,,Caatinga,1.5
c0d0b6e7-2510-337f-a576-ddb1a0427d65,  -9.298890, -40.370750,2026-07-16 03:34:00,NOAA-20,PETROLINA,PERNAMBUCO,Brasil,2611101,26,33,,,,Caatinga,1.6
d9b3ea55-4b8b-3606-94c5-c4e23f56a902, -11.789830, -47.096990,2026-07-16 03:36:00,NOAA-20,DIANÓPOLIS,TOCANTINS,Brasil,1707009,17,33,,,,Cerrado,4.3
b9c1b79e-0ff1-309c-9d82-6c6f474f7d73, -14.196160, -42.810640,2026-07-16 03:36:00,NOAA-20,GUANAMBI,BAHIA,Brasil,2911709,29,33,,,,Caatinga,0.4
9034725f-f2c4-3854-b505-7a386f932f37, -13.269850, -45.158650,2026-07-16 03:36:00,NOAA-20,CORRENTINA,BAHIA,Brasil,2909307,29,33,,,,Cerrado,15.8
ab55c765-5c3b-32ec-ae26-3d8e054efa6e, -13.438130, -43.851800,2026-07-16 03:36:00,NOAA-20,SERRA DO RAMALHO,BAHIA,Brasil,2930154,29,33,,,,Cerrado,2.4
cf7911d4-b3d8-3398-adb0-9def6e05ccd1, -13.437370, -43.855610,2026-07-16 03:36:00,NOAA-20,SERRA DO RAMALHO,BAHIA,Brasil,2930154,29,33,,,,Cerrado,2.1
c5c3fdad-3c58-3333-8850-7e47dd2a9e14, -13.263790, -45.157570,2026-07-16 03:36:00,NOAA-20,CORRENTINA,BAHIA,Brasil,2909307,29,33,,,,Cerrado,27.3
afa739e4-8ed8-3970-9bce-6299cb1d6647, -10.888650, -46.447210,2026-07-16 03:36:00,NOAA-20,MATEIROS,TOCANTINS,Brasil,1712702,17,33,,,,Cerrado,7.7
7813d598-ae9e-30cd-9ebb-3a679ef63805, -13.444480, -43.848850,2026-07-16 03:36:00,NOAA-20,SERRA DO RAMALHO,BAHIA,Brasil,2930154,29,33,,,,Cerrado,2.4
b05da525-ccc4-3590-8cca-99bd0796c6de, -15.206520, -44.051830,2026-07-16 03:36:00,NOAA-20,JAÍBA,MINAS GERAIS,Brasil,3135050,31,33,,,,Cerrado,1.2
f2274aac-64e9-3822-b5f1-5b925eefe71e, -13.270790, -45.154080,2026-07-16 03:36:00,NOAA-20,CORRENTINA,BAHIA,Brasil,2909307,29,33,,,,Cerrado,4.8
ecf18435-e12c-3239-82b0-9b5203dea838, -10.401130, -44.981370,2026-07-16 03:36:00,NOAA-20,CORRENTE,PIAUÍ,Brasil,2202901,22,33,,,,Cerrado,1.8
ddf93df8-d3c6-39f7-9a4f-350dbcbca002, -15.199600, -44.057940,2026-07-16 03:36:00,NOAA-20,JAÍBA,MINAS GERAIS,Brasil,3135050,31,33,,,,Cerrado,0.9
78308113-0ea8-3aa0-afd5-2e8bbec23ded, -12.084500, -43.552010,2026-07-16 03:36:00,NOAA-20,MUQUÉM DO SÃO FRANCISCO,BAHIA,Brasil,2922250,29,33,,,,Cerrado,2.1
4b3058a3-06a9-309e-9b7a-80fb3b0eb810, -13.265700, -45.148300,2026-07-16 03:36:00,NOAA-20,CORRENTINA,BAHIA,Brasil,2909307,29,33,,,,Cerrado,52.1
5a5d85c5-af40-307f-a8f3-740d295e61ea, -10.887480, -46.444570,2026-07-16 03:36:00,NOAA-20,MATEIROS,TOCANTINS,Brasil,1712702,17,33,,,,Cerrado,13.4
ce630c01-ebfc-352f-944e-2daae181680a, -13.443000, -43.856330,2026-07-16 03:36:00,NOAA-20,SERRA DO RAMALHO,BAHIA,Brasil,2930154,29,33,,,,Cerrado,2.1
6cbe721f-12f9-3721-8bda-2d17d0dcad8d, -13.260650, -45.142310,2026-07-16 03:36:00,NOAA-20,CORRENTINA,BAHIA,Brasil,2909307,29,33,,,,Cerrado,19.5
d161d17a-300a-3a50-b8e5-588c7352d9ca, -12.085240, -43.548220,2026-07-16 03:36:00,NOAA-20,MUQUÉM DO SÃO FRANCISCO,BAHIA,Brasil,2922250,29,33,,,,Cerrado,2.1
13e5c7a7-a86a-3322-83f9-6853fa281a28, -14.191050, -42.809570,2026-07-16 03:36:00,NOAA-20,GUANAMBI,BAHIA,Brasil,2911709,29,33,,,,Caatinga,0.3
19fd1de7-bff0-341d-902a-628e9067a3f2, -13.433350, -43.846870,2026-07-16 03:36:00,NOAA-20,SERRA DO RAMALHO,BAHIA,Brasil,2930154,29,33,,,,Cerrado,7.0
c822aa1f-5d26-3aac-bc9f-1c484c91e0f5, -14.142150, -46.278910,2026-07-16 03:36:00,NOAA-20,POSSE,GOIÁS,Brasil,5218300,52,33,,,,Cerrado,4.4
918f0e87-2b7e-3836-9aaa-4ab819cada88, -13.258690, -45.151820,2026-07-16 03:36:00,NOAA-20,CORRENTINA,BAHIA,Brasil,2909307,29,33,,,,Cerrado,52.1
8423d9a8-45f6-3307-953d-d5bb5191fd00, -13.268910, -45.163240,2026-07-16 03:36:00,NOAA-20,CORRENTINA,BAHIA,Brasil,2909307,29,33,,,,Cerrado,15.8
f7635979-1d0f-379e-9ef5-51ccd4cc7b02, -13.266680, -45.143550,2026-07-16 03:36:00,NOAA-20,CORRENTINA,BAHIA,Brasil,2909307,29,33,,,,Cerrado,19.5
87a91df5-30da-3a71-960e-0929b4120501, -11.784380, -47.088590,2026-07-16 03:36:00,NOAA-20,DIANÓPOLIS,TOCANTINS,Brasil,1707009,17,33,,,,Cerrado,10.7
0cd0769b-d12f-37be-b73f-7b97b9898d9e, -13.264730, -45.152980,2026-07-16 03:36:00,NOAA-20,CORRENTINA,BAHIA,Brasil,2909307,29,33,,,,Cerrado,52.1
b8f04cdd-e9a4-3ad2-99f0-37c3b00fa2b7, -11.791220, -47.090370,2026-07-16 03:36:00,NOAA-20,DIANÓPOLIS,TOCANTINS,Brasil,1707009,17,33,,,,Cerrado,3.5
996ccdc5-2085-3f9e-bf49-11805e5710e6, -15.200350, -44.054280,2026-07-16 03:36:00,NOAA-20,JAÍBA,MINAS GERAIS,Brasil,3135050,31,33,,,,Cerrado,0.9
17c0fdd4-1a11-3680-86ad-1969e4bd1047, -11.782970, -47.095290,2026-07-16 03:36:00,NOAA-20,DIANÓPOLIS,TOCANTINS,Brasil,1707009,17,33,,,,Cerrado,17.8
103beb07-ff07-396f-8aec-9eaa81df4aab, -10.888690, -46.438620,2026-07-16 03:36:00,NOAA-20,MATEIROS,TOCANTINS,Brasil,1712702,17,33,,,,Cerrado,9.6
8fa8b78c-6130-3625-8a85-5556ae647134, -13.432580, -43.850700,2026-07-16 03:36:00,NOAA-20,SERRA DO RAMALHO,BAHIA,Brasil,2930154,29,33,,,,Cerrado,7.0
fc470424-c544-312c-ad98-c223467fbfdb, -13.436620, -43.859400,2026-07-16 03:36:00,NOAA-20,SERRA DO RAMALHO,BAHIA,Brasil,2930154,29,33,,,,Cerrado,2.1
acc56aaf-041a-309e-9e15-c5e507379cba, -13.438900, -43.847960,2026-07-16 03:36:00,NOAA-20,SERRA DO RAMALHO,BAHIA,Brasil,2930154,29,33,,,,Cerrado,2.4
8e795a41-f512-31bd-a898-55768b909eb4, -13.267940, -45.167960,2026-07-16 03:36:00,NOAA-20,CORRENTINA,BAHIA,Brasil,2909307,29,33,,,,Cerrado,7.3
6b4c874c-263d-3c05-9eeb-956bb73568e1, -14.143290, -46.273490,2026-07-16 03:36:00,NOAA-20,POSSE,GOIÁS,Brasil,5218300,52,33,,,,Cerrado,2.7
72c640e7-d401-3e57-9a62-04a472108698, -10.889900, -46.441230,2026-07-16 03:36:00,NOAA-20,MATEIROS,TOCANTINS,Brasil,1712702,17,33,,,,Cerrado,7.7
23f250a6-1c56-3fe9-b565-45ec817d16be, -13.259670, -45.147100,2026-07-16 03:36:00,NOAA-20,CORRENTINA,BAHIA,Brasil,2909307,29,33,,,,Cerrado,52.1
92a6a1db-328f-35af-a64b-4617420d64a9, -15.201860, -44.046950,2026-07-16 03:36:00,NOAA-20,JAÍBA,MINAS GERAIS,Brasil,3135050,31,33,,,,Cerrado,1.0
79d59d5f-42fc-3e9a-be2f-81866d56b82c, -15.201100, -44.050610,2026-07-16 03:36:00,NOAA-20,JAÍBA,MINAS GERAIS,Brasil,3135050,31,33,,,,Cerrado,1.0
5ebe7010-3d35-32e4-a4f8-073bc6436f6b, -13.262850, -45.162120,2026-07-16 03:36:00,NOAA-20,CORRENTINA,BAHIA,Brasil,2909307,29,33,,,,Cerrado,27.3
c7864aaf-e533-3573-926f-d2d7db058e85, -13.443730, -43.852630,2026-07-16 03:36:00,NOAA-20,SERRA DO RAMALHO,BAHIA,Brasil,2930154,29,33,,,,Cerrado,2.4
189939f2-bde2-324d-be14-d2b7b7337714, -21.402590, -41.205560,2026-07-16 03:38:00,NOAA-20,SÃO FRANCISCO DE ITABAPOANA,RIO DE JANEIRO,Brasil,3304755,33,33,,,,Mata Atlântica,1.2
913dcae6-fca0-3a74-a9e2-a0bbf613821a, -17.597320, -44.602510,2026-07-16 03:38:00,NOAA-20,VÁRZEA DA PALMA,MINAS GERAIS,Brasil,3170800,31,33,,,,Cerrado,1.5
30f616f3-23ec-339c-a0f2-5145da35a077, -21.820550, -41.411020,2026-07-16 03:38:00,NOAA-20,CAMPOS DOS GOYTACAZES,RIO DE JANEIRO,Brasil,3301009,33,33,,,,Mata Atlântica,1.1
60bdb844-3978-3b6a-88a4-484f667b2385, -20.625340, -46.284530,2026-07-16 03:38:00,NOAA-20,SÃO JOÃO BATISTA DO GLÓRIA,MINAS GERAIS,Brasil,3162203,31,33,,,,Cerrado,1.2
e362a745-d0b6-3d4c-b151-6b8f1c014561, -21.398540, -41.204720,2026-07-16 03:38:00,NOAA-20,SÃO FRANCISCO DE ITABAPOANA,RIO DE JANEIRO,Brasil,3304755,33,33,,,,Mata Atlântica,1.0
dc78a0fd-23b8-3717-a8d2-fb1bad8648de, -21.406660, -43.887180,2026-07-16 03:38:00,NOAA-20,IBERTIOGA,MINAS GERAIS,Brasil,3129400,31,33,,,,Mata Atlântica,1.1
ec062f85-dd65-3f26-9f1d-6ceb286f03ab, -22.276790, -42.888040,2026-07-16 03:38:00,NOAA-20,TERESÓPOLIS,RIO DE JANEIRO,Brasil,3305802,33,33,,,,Mata Atlântica,0.9
4fe3bb65-7910-3cef-b96e-a9d8a6e1b9ca, -17.703810, -42.664070,2026-07-16 03:38:00,NOAA-20,ITAMARANDIBA,MINAS GERAIS,Brasil,3132503,31,33,,,,Mata Atlântica,6.6
84e6c0a0-4e3f-3878-968d-d73fc2093cc6, -18.671030, -42.834910,2026-07-16 03:38:00,NOAA-20,SÃO JOÃO EVANGELISTA,MINAS GERAIS,Brasil,3162807,31,33,,,,Mata Atlântica,1.7
5d443836-460f-35ad-9356-8a0fe427a3c3, -21.402430, -41.204710,2026-07-16 03:38:00,NOAA-20,SÃO FRANCISCO DE ITABAPOANA,RIO DE JANEIRO,Brasil,3304755,33,33,,,,Mata Atlântica,1.2
fa693b31-3bbe-34a2-a66f-0c03dde77ce1, -20.811590, -42.656990,2026-07-16 03:38:00,NOAA-20,ERVÁLIA,MINAS GERAIS,Brasil,3124005,31,33,,,,Mata Atlântica,0.9
8b44c9bf-9b2b-30f7-bc20-63d717d9f5ef, -22.472150, -41.916820,2026-07-16 03:38:00,NOAA-20,RIO DAS OSTRAS,RIO DE JANEIRO,Brasil,3304524,33,33,,,,Mata Atlântica,0.6
bf888763-99b7-30d3-9dce-f95b94be3eb4, -21.401690, -41.208530,2026-07-16 03:38:00,NOAA-20,SÃO FRANCISCO DE ITABAPOANA,RIO DE JANEIRO,Brasil,3304755,33,33,,,,Mata Atlântica,1.2
5643e0b9-f0ef-387f-8a72-4dcdde6671b6, -16.228190, -40.904190,2026-07-16 03:38:00,NOAA-20,ALMENARA,MINAS GERAIS,Brasil,3101706,31,33,,,,Mata Atlântica,1.4
9b57df1b-5633-3e9b-85f7-3a4b224eb4b0, -17.591410, -44.603870,2026-07-16 03:38:00,NOAA-20,VÁRZEA DA PALMA,MINAS GERAIS,Brasil,3170800,31,33,,,,Cerrado,1.6
b1649d58-173d-3b8c-b881-932dc85babef, -18.537580, -40.418040,2026-07-16 03:38:00,NOAA-20,BOA ESPERANÇA,ESPÍRITO SANTO,Brasil,3201001,32,33,,,,Mata Atlântica,0.8
d9eec045-e948-3021-9bd5-b9d3f9a502ba, -21.469190, -41.207650,2026-07-16 03:38:00,NOAA-20,SÃO FRANCISCO DE ITABAPOANA,RIO DE JANEIRO,Brasil,3304755,33,33,,,,Mata Atlântica,0.4
46e82525-abee-3b64-b1d0-16bf860a160b, -22.136920, -43.217010,2026-07-16 03:38:00,NOAA-20,TRÊS RIOS,RIO DE JANEIRO,Brasil,3306008,33,33,,,,Mata Atlântica,1.3
7eb29edf-f19a-364e-bd3b-b0d095009a20, -21.397810, -41.208560,2026-07-16 03:38:00,NOAA-20,SÃO FRANCISCO DE ITABAPOANA,RIO DE JANEIRO,Brasil,3304755,33,33,,,,Mata Atlântica,1.0
a8e680ae-942f-3c50-ad3f-fd8385f3420d, -21.407780, -43.881700,2026-07-16 03:38:00,NOAA-20,IBERTIOGA,MINAS GERAIS,Brasil,3129400,31,33,,,,Mata Atlântica,2.0
6e11a4f8-b8d7-334f-b6ad-61f911326c83, -17.592140, -44.600450,2026-07-16 03:38:00,NOAA-20,VÁRZEA DA PALMA,MINAS GERAIS,Brasil,3170800,31,33,,,,Cerrado,1.5
1a327b9b-2805-3f3c-bd5d-ccd36151b358, -21.619400, -41.213240,2026-07-16 03:38:00,NOAA-20,CAMPOS DOS GOYTACAZES,RIO DE JANEIRO,Brasil,3301009,33,33,,,,Mata Atlântica,1.0
66091568-5d2e-34da-ae61-63ce3e81a2ef, -21.656870, -41.324250,2026-07-16 03:38:00,NOAA-20,CAMPOS DOS GOYTACAZES,RIO DE JANEIRO,Brasil,3301009,33,33,,,,Mata Atlântica,1.0
7a1656d5-546d-3e75-9839-0f83d401c8b8, -17.704890, -42.658600,2026-07-16 03:38:00,NOAA-20,ITAMARANDIBA,MINAS GERAIS,Brasil,3132503,31,33,,,,Mata Atlântica,6.6
49f8900c-05f1-3f56-a67c-475d46e168fd, -16.145010, -43.634300,2026-07-16 03:38:00,NOAA-20,CAPITÃO ENÉAS,MINAS GERAIS,Brasil,3112703,31,33,,,,Cerrado,0.7
2b747ba1-4d9b-36ca-b48b-26d9b88c1cd7, -21.406890, -43.883580,2026-07-16 03:38:00,NOAA-20,IBERTIOGA,MINAS GERAIS,Brasil,3129400,31,33,,,,Mata Atlântica,2.4
e96a22db-7b9a-3688-9a12-db091c2d1652, -21.619600, -41.212470,2026-07-16 03:38:00,NOAA-20,CAMPOS DOS GOYTACAZES,RIO DE JANEIRO,Brasil,3301009,33,33,,,,Mata Atlântica,1.0
c303dc20-9afb-388a-bce9-7dd2ff417c04, -21.401860, -41.209400,2026-07-16 03:38:00,NOAA-20,SÃO FRANCISCO DE ITABAPOANA,RIO DE JANEIRO,Brasil,3304755,33,33,,,,Mata Atlântica,1.2
bd918c4e-d601-3146-9095-19bb3d4b48f4, -22.376880, -49.795090,2026-07-16 03:40:00,NOAA-20,LUPÉRCIO,SÃO PAULO,Brasil,3527801,35,33,,,,Mata Atlântica,2.8
6f7bea57-c4ca-364b-a539-dbde898d1d66, -23.558930, -47.519810,2026-07-16 03:40:00,NOAA-20,SOROCABA,SÃO PAULO,Brasil,3552205,35,33,,,,Mata Atlântica,6.0
6852a53a-4591-3e9b-a461-416033303b50, -23.559990, -47.515350,2026-07-16 03:40:00,NOAA-20,SOROCABA,SÃO PAULO,Brasil,3552205,35,33,,,,Mata Atlântica,6.0
07980aac-311d-3ab7-bb94-2d849d7e02c8, -23.558550, -47.517200,2026-07-16 03:40:00,NOAA-20,SOROCABA,SÃO PAULO,Brasil,3552205,35,33,,,,Mata Atlântica,6.1
ba6c977b-40c2-34c8-b235-ed273220219f, -23.564230, -47.518670,2026-07-16 03:40:00,NOAA-20,SOROCABA,SÃO PAULO,Brasil,3552205,35,33,,,,Mata Atlântica,6.1
ebec3bf9-6a95-359d-ab70-086fe44ae565, -22.373590, -49.793830,2026-07-16 03:40:00,NOAA-20,LUPÉRCIO,SÃO PAULO,Brasil,3527801,35,33,,,,Mata Atlântica,1.6
a9f45fd5-fd93-3d3d-8b30-099137f3216a, -22.381760, -49.789120,2026-07-16 03:40:00,NOAA-20,LUPÉRCIO,SÃO PAULO,Brasil,3527801,35,33,,,,Mata Atlântica,1.6
815a0d0d-c2d8-3567-89b2-10d6027d3127, -22.378570, -49.788360,2026-07-16 03:40:00,NOAA-20,LUPÉRCIO,SÃO PAULO,Brasil,3527801,35,33,,,,Mata Atlântica,2.4
b45d37f7-48c3-3d44-90b3-f8912fb4decf,   -.090970, -51.282400,2026-07-16 04:17:00,NOAA-21,MAZAGÃO,AMAPÁ,Brasil,1600402,16,33,,,,Amazônia,4.1
5c493cf7-54c2-3cb3-9e76-03752928bdd3,  -1.643530, -54.464230,2026-07-16 04:19:00,NOAA-21,ALENQUER,PARÁ,Brasil,1500404,15,33,,,,Amazônia,3.4
56d9220f-1b66-36c1-a73b-9c8613f00d8d,  -4.661950, -43.221370,2026-07-16 04:19:00,NOAA-21,ALDEIAS ALTAS,MARANHÃO,Brasil,2100303,21,33,,,,Cerrado,0.9
318bda68-efb5-30aa-af46-f75bd4b97f81,   -.997290, -48.088100,2026-07-16 04:19:00,NOAA-21,VIGIA,PARÁ,Brasil,1508209,15,33,,,,Amazônia,3.3
2b93183a-de9c-33ec-a235-b23e33cf9ec7,  -8.763610, -43.939680,2026-07-16 04:19:00,NOAA-21,CRISTINO CASTRO,PIAUÍ,Brasil,2203107,22,33,,,,Cerrado,0.5
bc0686ed-7674-341d-9e24-3d6bbe813092,  -1.637520, -54.463430,2026-07-16 04:19:00,NOAA-21,ALENQUER,PARÁ,Brasil,1500404,15,33,,,,Amazônia,3.4
52e764cb-53e9-3862-aaee-d3f4e7b69492,  -1.824690, -54.480950,2026-07-16 04:19:00,NOAA-21,ALENQUER,PARÁ,Brasil,1500404,15,33,,,,Amazônia,1.2
667811b2-6c00-3de9-8fad-4460ef2e08c5,  -1.489310, -55.283120,2026-07-16 04:19:00,NOAA-21,CURUÁ,PARÁ,Brasil,1502855,15,33,,,,Amazônia,1.7
fc5925d8-a8e9-3699-b80d-6dff55f54bf8,  -4.658620, -43.220850,2026-07-16 04:19:00,NOAA-21,ALDEIAS ALTAS,MARANHÃO,Brasil,2100303,21,33,,,,Cerrado,0.8
ea25b08b-7a6d-3b04-84bb-a3a8248c82f4,  -4.808060, -43.001800,2026-07-16 04:19:00,NOAA-21,CAXIAS,MARANHÃO,Brasil,2103000,21,33,,,,Cerrado,1.0
b71457da-432e-35a6-b691-105bfd7b1a2a,  -2.766740, -48.574270,2026-07-16 04:19:00,NOAA-21,TAILÂNDIA,PARÁ,Brasil,1507953,15,33,,,,Amazônia,1.7
4d0c897e-6576-3f39-8e63-f9595ff1e0f6,  -1.576360, -47.753270,2026-07-16 04:19:00,NOAA-21,SÃO MIGUEL DO GUAMÁ,PARÁ,Brasil,1507607,15,33,,,,Amazônia,4.4
222ca33c-db1c-3687-b6a0-c3cc9a21f90a,  -1.642850, -54.468350,2026-07-16 04:19:00,NOAA-21,ALENQUER,PARÁ,Brasil,1500404,15,33,,,,Amazônia,3.2
1ee72041-61b4-3855-aacf-c4fcae0a3587,  -8.759170, -43.946340,2026-07-16 04:19:00,NOAA-21,CRISTINO CASTRO,PIAUÍ,Brasil,2203107,22,33,,,,Cerrado,1.6
f6d008c9-d1e1-3d38-aed7-82520e658c7b,  -1.482990, -55.282180,2026-07-16 04:19:00,NOAA-21,CURUÁ,PARÁ,Brasil,1502855,15,33,,,,Amazônia,1.1
31f94e82-2227-36d5-abfb-9a9fabb9079b,  -1.821540, -54.481850,2026-07-16 04:19:00,NOAA-21,ALENQUER,PARÁ,Brasil,1500404,15,33,,,,Amazônia,2.0
43fe163d-d92e-36fe-a302-a3168292c887,  -2.795380, -49.525310,2026-07-16 04:19:00,NOAA-21,BAIÃO,PARÁ,Brasil,1501204,15,33,,,,Amazônia,1.7
ce2dc02c-e74b-3edd-940f-19a219945eb0,  -9.300980, -40.368600,2026-07-16 04:19:00,NOAA-21,PETROLINA,PERNAMBUCO,Brasil,2611101,26,33,,,,Caatinga,7.8
6c3dfbcf-b9f0-3607-9485-5faea06328eb,  -7.732840, -44.563190,2026-07-16 04:19:00,NOAA-21,URUÇUÍ,PIAUÍ,Brasil,2211209,22,33,,,,Cerrado,0.6
ae063480-dd95-3cd9-aab4-a6fee71d3303,  -3.054950, -39.928180,2026-07-16 04:19:00,NOAA-21,ITAREMA,CEARÁ,Brasil,2306553,23,33,,,,Caatinga,3.4
429af7a8-5eea-379a-ab19-bafa6af7ec7b,  -4.660320, -43.231900,2026-07-16 04:19:00,NOAA-21,ALDEIAS ALTAS,MARANHÃO,Brasil,2100303,21,33,,,,Cerrado,1.1
f47f4d0a-4d43-3935-9f7a-1777146de500,  -3.097430, -49.354030,2026-07-16 04:19:00,NOAA-21,MOJU,PARÁ,Brasil,1504703,15,33,,,,Amazônia,1.3
a37bcc8a-1288-3f90-8f7b-c9f52222281c,  -5.309380, -43.056470,2026-07-16 04:19:00,NOAA-21,TIMON,MARANHÃO,Brasil,2112209,21,33,,,,Cerrado,1.3
315efadd-54ac-35f5-9749-d34b6bb08e22,  -1.486220, -55.282150,2026-07-16 04:19:00,NOAA-21,CURUÁ,PARÁ,Brasil,1502855,15,33,,,,Amazônia,2.9
80a39c42-692f-3675-a5bb-493cde386cb2,  -3.096820, -49.357770,2026-07-16 04:19:00,NOAA-21,MOJU,PARÁ,Brasil,1504703,15,33,,,,Amazônia,1.3
cf9cce5a-ceaa-39a9-91fb-1daad1c7f9ee,  -1.636810, -54.467770,2026-07-16 04:19:00,NOAA-21,ALENQUER,PARÁ,Brasil,1500404,15,33,,,,Amazônia,3.2
1c8b829f-f55f-3723-a2d8-54ec1abcb560,   -.997770, -48.085140,2026-07-16 04:19:00,NOAA-21,VIGIA,PARÁ,Brasil,1508209,15,33,,,,Amazônia,2.3
abdad9a4-94a1-3bb0-82c2-e89bb46fc293,  -2.766440, -48.571340,2026-07-16 04:19:00,NOAA-21,TAILÂNDIA,PARÁ,Brasil,1507953,15,33,,,,Amazônia,0.6
1f6024b5-0396-3fba-aa76-4a2f1fa3941c,  -2.503280, -48.358360,2026-07-16 04:19:00,NOAA-21,TOMÉ-AÇU,PARÁ,Brasil,1508001,15,33,,,,Amazônia,0.9
7d8beb26-aa98-3a59-a4e7-6f2cabff8da6,  -1.636090, -54.472160,2026-07-16 04:19:00,NOAA-21,ALENQUER,PARÁ,Brasil,1500404,15,33,,,,Amazônia,3.2
cd7a4b3b-8e8a-32a1-bc2b-96df069929fb,  -4.657530, -43.227880,2026-07-16 04:19:00,NOAA-21,ALDEIAS ALTAS,MARANHÃO,Brasil,2100303,21,33,,,,Cerrado,2.0
8a9731ed-2df6-392d-b298-dea935793233,  -2.940200, -40.097600,2026-07-16 04:19:00,NOAA-21,ACARAÚ,CEARÁ,Brasil,2300200,23,33,,,,Caatinga,1.0
3f261833-198b-31fc-9e80-9197dda4b7e5,  -8.159290, -42.949080,2026-07-16 04:19:00,NOAA-21,CANTO DO BURITI,PIAUÍ,Brasil,2202307,22,33,,,,Caatinga,0.7
06535741-bee0-324e-be9e-a853b7aee33c,  -6.481500, -42.224780,2026-07-16 04:19:00,NOAA-21,VÁRZEA GRANDE,PIAUÍ,Brasil,2211407,22,33,,,,Caatinga,1.4
3850ef5c-f016-3b2c-8834-afce59c59b56,  -2.794750, -49.529190,2026-07-16 04:19:00,NOAA-21,BAIÃO,PARÁ,Brasil,1501204,15,33,,,,Amazônia,1.7
2b1bb431-314e-392f-8938-12072b6d76f3,  -5.131830, -37.841820,2026-07-16 04:19:00,NOAA-21,QUIXERÉ,CEARÁ,Brasil,2311504,23,33,,,,Caatinga,1.5
dcae7226-3897-362b-b771-717dad7db558,  -3.058720, -39.928730,2026-07-16 04:19:00,NOAA-21,ITAREMA,CEARÁ,Brasil,2306553,23,33,,,,Caatinga,3.4
5f00d4ae-5635-3a9a-a431-84ca86b21273,  -1.818730, -54.479980,2026-07-16 04:19:00,NOAA-21,ALENQUER,PARÁ,Brasil,1500404,15,33,,,,Amazônia,0.9
dbf3fc70-1592-3e71-bbce-c9a311b4624d, -13.260040, -45.140710,2026-07-16 04:21:00,NOAA-21,CORRENTINA,BAHIA,Brasil,2909307,29,33,,,,Cerrado,50.5
c355403d-724b-3921-91d6-71456195da80, -12.452960, -49.589280,2026-07-16 04:21:00,NOAA-21,SANDOLÂNDIA,TOCANTINS,Brasil,1718840,17,33,,,,Cerrado,2.4
0a6cf3ea-82c8-36ad-85bb-d1d02a1b2c29, -15.399100, -44.227420,2026-07-16 04:21:00,NOAA-21,PEDRAS DE MARIA DA CRUZ,MINAS GERAIS,Brasil,3149150,31,33,,,,Caatinga,2.6
bedf9a69-25a8-3ae8-892d-4e11a695b4e4, -11.097420, -47.804720,2026-07-16 04:21:00,NOAA-21,SILVANÓPOLIS,TOCANTINS,Brasil,1720655,17,33,,,,Cerrado,2.2
3bb4ab44-fb19-3c50-bed2-8b6981c0a10b, -13.270110, -45.164460,2026-07-16 04:21:00,NOAA-21,CORRENTINA,BAHIA,Brasil,2909307,29,33,,,,Cerrado,5.6
89d2fbba-3102-3a6b-b184-b45ca22ac1cd, -13.539570, -47.763010,2026-07-16 04:21:00,NOAA-21,CAVALCANTE,GOIÁS,Brasil,5205307,52,33,,,,Cerrado,1.2
824db959-882e-33a1-96d0-ceeffe0652fe, -10.405000, -44.984980,2026-07-16 04:21:00,NOAA-21,CORRENTE,PIAUÍ,Brasil,2202901,22,33,,,,Cerrado,1.2
7d4c9a8e-b323-3f2b-9c96-21ecd17f9911, -11.183550, -50.144630,2026-07-16 04:21:00,NOAA-21,LAGOA DA CONFUSÃO,TOCANTINS,Brasil,1711902,17,33,,,,Cerrado,8.1
f2b09d70-0fa0-3d49-b3ee-aa73b0c93aca, -16.144390, -43.618910,2026-07-16 04:21:00,NOAA-21,CAPITÃO ENÉAS,MINAS GERAIS,Brasil,3112703,31,33,,,,Cerrado,1.9
15b58873-0237-36e2-bd51-786faf86fe00, -11.098040, -47.800910,2026-07-16 04:21:00,NOAA-21,SILVANÓPOLIS,TOCANTINS,Brasil,1720655,17,33,,,,Cerrado,2.2
afbfd1e7-8c7e-3c00-83aa-61c367e08595, -10.034330, -51.665140,2026-07-16 04:21:00,NOAA-21,VILA RICA,MATO GROSSO,Brasil,5108600,51,33,,,,Amazônia,3.6
5ac63497-798e-3b66-88f4-8e8cba503f43, -13.264530, -45.156170,2026-07-16 04:21:00,NOAA-21,CORRENTINA,BAHIA,Brasil,2909307,29,33,,,,Cerrado,13.2
3a209b2b-f496-30e0-aad7-9e2a3ee29cd1,  -9.681610, -46.840950,2026-07-16 04:21:00,NOAA-21,LIZARDA,TOCANTINS,Brasil,1712405,17,33,,,,Cerrado,1.7
771a8d38-017f-362a-90c7-c2f0ed775111, -13.528690, -47.787530,2026-07-16 04:21:00,NOAA-21,CAVALCANTE,GOIÁS,Brasil,5205307,52,33,,,,Cerrado,0.8
9d649720-d536-3608-9390-1ec9b81b8a0f, -13.440660, -43.850520,2026-07-16 04:21:00,NOAA-21,SERRA DO RAMALHO,BAHIA,Brasil,2930154,29,33,,,,Cerrado,3.7
7e4a382e-0a0d-3cb8-99dd-aeef71143ffb, -10.888610, -46.440030,2026-07-16 04:21:00,NOAA-21,MATEIROS,TOCANTINS,Brasil,1712702,17,33,,,,Cerrado,3.2
84432b52-1c8e-38f9-9723-b37200c72a2a, -12.325500, -45.296730,2026-07-16 04:21:00,NOAA-21,BARREIRAS,BAHIA,Brasil,2903201,29,33,,,,Cerrado,0.5
b0d2b96e-9524-33a7-8bb5-93aaf5477a6d, -11.788650, -47.092540,2026-07-16 04:21:00,NOAA-21,DIANÓPOLIS,TOCANTINS,Brasil,1707009,17,33,,,,Cerrado,14.5
f97f4ff8-ca5d-30c9-be0c-28da7c729b40, -16.145560, -43.636640,2026-07-16 04:21:00,NOAA-21,CAPITÃO ENÉAS,MINAS GERAIS,Brasil,3112703,31,33,,,,Cerrado,0.8
0343d4c9-b138-3ba9-8c90-9df03fc6f872, -13.267320, -45.160320,2026-07-16 04:21:00,NOAA-21,CORRENTINA,BAHIA,Brasil,2909307,29,33,,,,Cerrado,13.2
76a89378-68d9-3c41-b2ab-2a8d966e5b84, -15.202930, -44.059830,2026-07-16 04:21:00,NOAA-21,JAÍBA,MINAS GERAIS,Brasil,3135050,31,33,,,,Cerrado,1.1
5ac0e942-4654-3508-9221-299efbc2501b, -11.543460, -50.309090,2026-07-16 04:21:00,NOAA-21,FORMOSO DO ARAGUAIA,TOCANTINS,Brasil,1708205,17,33,,,,Cerrado,2.6
6bb3e612-01bd-3c30-8d2f-dcc12d5283d0, -11.789230, -47.088940,2026-07-16 04:21:00,NOAA-21,DIANÓPOLIS,TOCANTINS,Brasil,1707009,17,33,,,,Cerrado,14.5
af510114-52ce-3df6-9a32-58a6e892382a, -13.437190, -43.849950,2026-07-16 04:21:00,NOAA-21,SERRA DO RAMALHO,BAHIA,Brasil,2930154,29,33,,,,Cerrado,3.7
96e709a4-c5e1-342b-972a-fc80020c1a6d, -13.441230, -43.846600,2026-07-16 04:21:00,NOAA-21,SERRA DO RAMALHO,BAHIA,Brasil,2930154,29,33,,,,Cerrado,1.0
696f1f88-65a8-31b1-9820-5c2e379f9fed, -10.405540, -44.981470,2026-07-16 04:21:00,NOAA-21,CORRENTE,PIAUÍ,Brasil,2202901,22,33,,,,Cerrado,1.2
0e30d195-7981-36fe-8e24-c9af814a60ce, -10.039380, -51.661730,2026-07-16 04:21:00,NOAA-21,VILA RICA,MATO GROSSO,Brasil,5108600,51,33,,,,Amazônia,4.7
8ad1a1d2-1547-3050-8625-475558426cd5, -10.888050, -46.443560,2026-07-16 04:21:00,NOAA-21,MATEIROS,TOCANTINS,Brasil,1712702,17,33,,,,Cerrado,2.5
4808ea30-2aeb-3850-b35b-9281bcc3054c, -14.193510, -42.811600,2026-07-16 04:21:00,NOAA-21,GUANAMBI,BAHIA,Brasil,2911709,29,33,,,,Caatinga,1.1
0a9b449c-80cc-3677-8921-24f1c15e9d2a, -15.208190, -44.048310,2026-07-16 04:21:00,NOAA-21,JAÍBA,MINAS GERAIS,Brasil,3135050,31,33,,,,Cerrado,0.9
633f54c0-a649-3ec9-a2ba-e07a4c80a975, -13.266710, -45.141780,2026-07-16 04:21:00,NOAA-21,CORRENTINA,BAHIA,Brasil,2909307,29,33,,,,Cerrado,7.1
050f7530-1849-3c7d-b6cb-dadf41507382, -12.453710, -49.584880,2026-07-16 04:21:00,NOAA-21,SANDOLÂNDIA,TOCANTINS,Brasil,1718840,17,33,,,,Cerrado,4.6
bf9eb00d-3a10-3e05-9063-efce7de30399, -12.457360, -49.585560,2026-07-16 04:21:00,NOAA-21,SANDOLÂNDIA,TOCANTINS,Brasil,1718840,17,33,,,,Cerrado,4.9
3493d3c9-9ddc-31fc-b2f0-c92e71d98c95, -15.204100, -44.051790,2026-07-16 04:21:00,NOAA-21,JAÍBA,MINAS GERAIS,Brasil,3135050,31,33,,,,Cerrado,1.5
66c9b973-487d-3855-81a4-b843e504f87d, -13.550660, -47.779930,2026-07-16 04:21:00,NOAA-21,CAVALCANTE,GOIÁS,Brasil,5205307,52,33,,,,Cerrado,0.7
66367f01-5c5f-3db0-ac6d-67e66b5d6a40, -13.263370, -45.141240,2026-07-16 04:21:00,NOAA-21,CORRENTINA,BAHIA,Brasil,2909307,29,33,,,,Cerrado,50.5
cf38b230-034b-3939-9825-f4d6a0c50836, -16.744560, -43.866700,2026-07-16 04:21:00,NOAA-21,MONTES CLAROS,MINAS GERAIS,Brasil,3143302,31,33,,,,Cerrado,1.1
2868583a-e612-344a-ac4d-29f057dfc72b, -13.526920, -47.798430,2026-07-16 04:21:00,NOAA-21,CAVALCANTE,GOIÁS,Brasil,5205307,52,33,,,,Cerrado,0.7
d024ad95-82bd-32ad-b345-e12e420910f2, -11.117960, -49.773460,2026-07-16 04:21:00,NOAA-21,DUERÉ,TOCANTINS,Brasil,1707306,17,33,,,,Cerrado,1.5
97dc2705-71ca-3ae5-bbea-b962d983be10, -11.889400, -40.952790,2026-07-16 04:21:00,NOAA-21,TAPIRAMUTÁ,BAHIA,Brasil,2931301,29,33,,,,Caatinga,0.8
709fba53-84c0-3e3d-b217-a04bb3543cbb, -15.203520, -44.055820,2026-07-16 04:21:00,NOAA-21,JAÍBA,MINAS GERAIS,Brasil,3135050,31,33,,,,Cerrado,1.1
47acfcf6-d635-36af-9222-19c39cf6a806, -13.434280, -43.845480,2026-07-16 04:21:00,NOAA-21,SERRA DO RAMALHO,BAHIA,Brasil,2930154,29,33,,,,Cerrado,2.1
8a59c296-a57d-34d7-ac58-d478abd69f30, -14.143330, -46.274290,2026-07-16 04:21:00,NOAA-21,POSSE,GOIÁS,Brasil,5218300,52,33,,,,Cerrado,2.0
a0c146fc-6da8-3e99-ac53-6f38bbee01bc, -11.180530, -50.139090,2026-07-16 04:21:00,NOAA-21,LAGOA DA CONFUSÃO,TOCANTINS,Brasil,1711902,17,33,,,,Cerrado,8.1
d3fbc25f-71c3-35c0-81a0-282d74facd74, -13.262280, -45.148430,2026-07-16 04:21:00,NOAA-21,CORRENTINA,BAHIA,Brasil,2909307,29,33,,,,Cerrado,7.5
139991d3-9100-3b58-a917-5378c8c47984, -14.292810, -47.161500,2026-07-16 04:21:00,NOAA-21,FLORES DE GOIÁS,GOIÁS,Brasil,5207907,52,33,,,,Cerrado,0.6
85beefbf-2c3c-385e-8136-e1e02dea9137, -12.447120, -49.579250,2026-07-16 04:21:00,NOAA-21,SANDOLÂNDIA,TOCANTINS,Brasil,1718840,17,33,,,,Cerrado,2.0
41d2f8bd-4694-33e6-b879-08ea67ecb581, -13.267860, -45.156710,2026-07-16 04:21:00,NOAA-21,CORRENTINA,BAHIA,Brasil,2909307,29,33,,,,Cerrado,13.2
a414a769-bc88-31b7-ab47-3e674b16f967, -14.197820, -42.807710,2026-07-16 04:21:00,NOAA-21,GUANAMBI,BAHIA,Brasil,2911709,29,33,,,,Caatinga,1.1
60f2944d-7286-3fb7-a286-649e173a1d2b, -12.074940, -49.912830,2026-07-16 04:21:00,NOAA-21,FORMOSO DO ARAGUAIA,TOCANTINS,Brasil,1708205,17,33,,,,Cerrado,2.5
a574542c-af6e-3dca-89ed-50df93f8f639, -11.588780, -46.809010,2026-07-16 04:21:00,NOAA-21,DIANÓPOLIS,TOCANTINS,Brasil,1707009,17,33,,,,Cerrado,0.8
228d8f6f-47c4-38fe-a98b-d4b6432a0458, -13.554020, -47.780570,2026-07-16 04:21:00,NOAA-21,CAVALCANTE,GOIÁS,Brasil,5205307,52,33,,,,Cerrado,2.7
5f249646-6891-3736-b281-4c61bff9bebd, -11.553080, -48.259400,2026-07-16 04:21:00,NOAA-21,SÃO VALÉRIO,TOCANTINS,Brasil,1720499,17,33,,,,Cerrado,2.1
275c8593-a9f4-3792-a6b3-509da0d4cc6f, -13.265070, -45.152570,2026-07-16 04:21:00,NOAA-21,CORRENTINA,BAHIA,Brasil,2909307,29,33,,,,Cerrado,41.9
e359fe83-9f6a-3005-a378-bb64fc490c94, -13.444130, -43.851100,2026-07-16 04:21:00,NOAA-21,SERRA DO RAMALHO,BAHIA,Brasil,2930154,29,33,,,,Cerrado,2.7
9c65682c-8820-3a8f-8418-c35b0361cbed, -13.263920, -45.137650,2026-07-16 04:21:00,NOAA-21,CORRENTINA,BAHIA,Brasil,2909307,29,33,,,,Cerrado,31.5
01c45e5a-6d14-39a6-b1f0-5787b3c76e9b, -12.279020, -50.107830,2026-07-16 04:21:00,NOAA-21,SANDOLÂNDIA,TOCANTINS,Brasil,1718840,17,33,,,,Cerrado,2.3
7c4e13d0-a4e3-3eb6-917d-345460ddcbb5, -15.204680, -44.047780,2026-07-16 04:21:00,NOAA-21,JAÍBA,MINAS GERAIS,Brasil,3135050,31,33,,,,Cerrado,1.5
b5e6d977-2326-39e5-abd9-91cd086d417e, -13.439520, -43.858380,2026-07-16 04:21:00,NOAA-21,SERRA DO RAMALHO,BAHIA,Brasil,2930154,29,33,,,,Cerrado,3.7
8a8a10c7-f952-32a7-8b58-9d4a4bbfc1a1, -13.259490, -45.144300,2026-07-16 04:21:00,NOAA-21,CORRENTINA,BAHIA,Brasil,2909307,29,33,,,,Cerrado,50.5
e6c70955-dbf7-3794-9c9c-2e2db4e9c07c, -10.891370, -46.444100,2026-07-16 04:21:00,NOAA-21,MATEIROS,TOCANTINS,Brasil,1712702,17,33,,,,Cerrado,2.5
b7f4f8ee-61c8-3731-8bee-a58aefabfc6a, -11.792000, -47.093100,2026-07-16 04:21:00,NOAA-21,DIANÓPOLIS,TOCANTINS,Brasil,1707009,17,33,,,,Cerrado,8.1
2000ac13-de11-316b-9ad0-d5d04326f50c, -12.084410, -43.550060,2026-07-16 04:21:00,NOAA-21,MUQUÉM DO SÃO FRANCISCO,BAHIA,Brasil,2922250,29,33,,,,Cerrado,5.4
26db7b6f-6966-37e0-ba71-6770de703ecc, -13.551250, -47.776290,2026-07-16 04:21:00,NOAA-21,CAVALCANTE,GOIÁS,Brasil,5205307,52,33,,,,Cerrado,0.7
5e88d356-d639-30a0-b606-a69c4a2b87b8, -11.539600, -50.308420,2026-07-16 04:21:00,NOAA-21,FORMOSO DO ARAGUAIA,TOCANTINS,Brasil,1708205,17,33,,,,Cerrado,2.6
32120e92-1053-3bd7-8b85-4949bae3f1d6, -11.792570, -47.089500,2026-07-16 04:21:00,NOAA-21,DIANÓPOLIS,TOCANTINS,Brasil,1707009,17,33,,,,Cerrado,8.1
3935b025-4830-33a7-8fcc-32aa0b142d7d, -10.890810, -46.447630,2026-07-16 04:21:00,NOAA-21,MATEIROS,TOCANTINS,Brasil,1712702,17,33,,,,Cerrado,2.5
1f987efa-559f-3956-a694-8f953788e162, -10.883660, -46.428380,2026-07-16 04:21:00,NOAA-21,MATEIROS,TOCANTINS,Brasil,1712702,17,33,,,,Cerrado,0.9
b4951580-04a2-3581-b75d-681c127fd1df, -12.384110, -43.895200,2026-07-16 04:21:00,NOAA-21,BREJOLÂNDIA,BAHIA,Brasil,2904407,29,33,,,,Cerrado,1.0
f27743c2-31cc-35f6-a415-a0083a4af6b1, -13.532070, -47.788020,2026-07-16 04:21:00,NOAA-21,CAVALCANTE,GOIÁS,Brasil,5205307,52,33,,,,Cerrado,0.7
923ed709-0bce-3a92-a29a-12a976393c14, -13.440090, -43.854450,2026-07-16 04:21:00,NOAA-21,SERRA DO RAMALHO,BAHIA,Brasil,2930154,29,33,,,,Cerrado,3.7
6dd39082-aa0c-338d-8b1c-88a43781f538, -10.891930, -46.440580,2026-07-16 04:21:00,NOAA-21,MATEIROS,TOCANTINS,Brasil,1712702,17,33,,,,Cerrado,3.2
e1cacf14-d012-3a3d-bd84-d7076a99104d, -13.703570, -45.195790,2026-07-16 04:21:00,NOAA-21,CORRENTINA,BAHIA,Brasil,2909307,29,33,,,,Cerrado,0.9
a8c8a690-9dd4-3e7f-8584-7f956c15373e, -12.517670, -48.273940,2026-07-16 04:21:00,NOAA-21,SÃO SALVADOR DO TOCANTINS,TOCANTINS,Brasil,1720259,17,33,,,,Cerrado,0.9
dc5d21dd-d4da-3a5c-a6b4-ea73167470aa, -12.324950, -45.300270,2026-07-16 04:21:00,NOAA-21,BARREIRAS,BAHIA,Brasil,2903201,29,33,,,,Cerrado,1.1
1f688fa0-8c2b-3b45-875d-cd399d1739cb, -13.260580, -45.137120,2026-07-16 04:21:00,NOAA-21,CORRENTINA,BAHIA,Brasil,2909307,29,33,,,,Cerrado,31.5
a9b37a90-c3de-3b9e-8cf0-ca71ab62d6b7, -15.009870, -48.316330,2026-07-16 04:21:00,NOAA-21,MIMOSO DE GOIÁS,GOIÁS,Brasil,5213053,52,33,,,,Cerrado,0.4
6e40ded3-95a7-36bb-910b-e42ab8fcca23, -13.262830, -45.144830,2026-07-16 04:21:00,NOAA-21,CORRENTINA,BAHIA,Brasil,2909307,29,33,,,,Cerrado,50.5
ff61fd6c-e9fb-3456-82bd-bb37c6054bbe, -16.228090, -40.905340,2026-07-16 04:21:00,NOAA-21,ALMENARA,MINAS GERAIS,Brasil,3101706,31,33,,,,Mata Atlântica,0.7
e660468e-c7e5-3a71-8e0c-31ae14580a76, -16.411810, -45.548810,2026-07-16 04:21:00,NOAA-21,SÃO ROMÃO,MINAS GERAIS,Brasil,3164209,31,33,,,,Cerrado,0.7
2a8494f7-1cc7-3f52-9a9f-3a537ee748e3, -13.268950, -45.149510,2026-07-16 04:21:00,NOAA-21,CORRENTINA,BAHIA,Brasil,2909307,29,33,,,,Cerrado,41.9
e9167f26-b943-368e-83ea-b8ae2b3f8830, -12.456620, -49.589930,2026-07-16 04:21:00,NOAA-21,SANDOLÂNDIA,TOCANTINS,Brasil,1718840,17,33,,,,Cerrado,8.3
74f4fd06-d53f-3d83-9f62-8b36b6cb5fdc, -11.118750, -49.768810,2026-07-16 04:21:00,NOAA-21,DUERÉ,TOCANTINS,Brasil,1707306,17,33,,,,Cerrado,1.5
bfc5de6c-b204-3b4f-a924-701e20855757, -16.550840, -43.704170,2026-07-16 04:21:00,NOAA-21,FRANCISCO SÁ,MINAS GERAIS,Brasil,3126703,31,33,,,,Cerrado,0.8
cbbec4c5-4ece-35af-a18e-c3aa2910da9b,  -9.120370, -50.586800,2026-07-16 04:21:00,NOAA-21,SANTANA DO ARAGUAIA,PARÁ,Brasil,1506708,15,33,,,,Amazônia,0.8
12be8c48-fb33-3183-84fd-9796511ab77b, -14.142780, -46.277820,2026-07-16 04:21:00,NOAA-21,POSSE,GOIÁS,Brasil,5218300,52,33,,,,Cerrado,2.0
d4e619e8-f3bc-328f-8463-7fe5810e878c, -10.402230, -44.980960,2026-07-16 04:21:00,NOAA-21,CORRENTE,PIAUÍ,Brasil,2202901,22,33,,,,Cerrado,1.2
f56c83fa-66fb-3438-ba2e-09b244d19517, -13.554450, -47.799340,2026-07-16 04:21:00,NOAA-21,CAVALCANTE,GOIÁS,Brasil,5205307,52,33,,,,Cerrado,1.4
a9af4b34-3c94-3f77-827d-8959bf3a5f81, -12.938010, -56.642020,2026-07-16 04:21:00,NOAA-21,NOVA MUTUM,MATO GROSSO,Brasil,5106224,51,33,,,,Amazônia,1.5
c38f6cb8-175b-3b84-be71-f6016fdb625b, -13.621600, -43.719710,2026-07-16 04:21:00,NOAA-21,SERRA DO RAMALHO,BAHIA,Brasil,2930154,29,33,,,,Cerrado,0.7
aac5f28f-d2e4-3dae-8ac9-15d70fefc9fd, -13.443560, -43.855040,2026-07-16 04:21:00,NOAA-21,SERRA DO RAMALHO,BAHIA,Brasil,2930154,29,33,,,,Cerrado,2.7
70e70e36-db0f-36a5-9cc1-91e5ac0367d9, -13.271200, -45.157250,2026-07-16 04:21:00,NOAA-21,CORRENTINA,BAHIA,Brasil,2909307,29,33,,,,Cerrado,12.0
e7b1dc03-970d-3162-b0e4-24fa949ca230, -13.527510, -47.794770,2026-07-16 04:21:00,NOAA-21,CAVALCANTE,GOIÁS,Brasil,5205307,52,33,,,,Cerrado,0.7
f54d75dd-1bcf-3742-891b-5fa56026e57d, -13.268410, -45.153100,2026-07-16 04:21:00,NOAA-21,CORRENTINA,BAHIA,Brasil,2909307,29,33,,,,Cerrado,41.9
ae771e8d-ac97-38fd-b818-95d122f3b62c, -12.461020, -49.586240,2026-07-16 04:21:00,NOAA-21,SANDOLÂNDIA,TOCANTINS,Brasil,1718840,17,33,,,,Cerrado,4.9
3bd8fa56-d738-38e7-856e-6e1c9f6e2369, -15.886410, -47.795170,2026-07-16 04:21:00,NOAA-21,BRASÍLIA,DISTRITO FEDERAL,Brasil,5300108,53,33,,,,Cerrado,0.5
bbe99c74-dc32-3593-90d2-7b65cb9944af, -11.179700, -50.143960,2026-07-16 04:21:00,NOAA-21,LAGOA DA CONFUSÃO,TOCANTINS,Brasil,1711902,17,33,,,,Cerrado,8.1
ad4a3102-b8e2-3cd8-8adb-55ec901690fa, -12.443460, -49.578650,2026-07-16 04:21:00,NOAA-21,SANDOLÂNDIA,TOCANTINS,Brasil,1718840,17,33,,,,Cerrado,2.0
41fc4035-a63e-38bc-8a66-dc19cf18592a, -14.296130, -47.162050,2026-07-16 04:21:00,NOAA-21,FLORES DE GOIÁS,GOIÁS,Brasil,5207907,52,33,,,,Cerrado,0.6
d5d12546-a55c-3ac7-b940-16f37510c512, -11.784730, -47.095600,2026-07-16 04:21:00,NOAA-21,DIANÓPOLIS,TOCANTINS,Brasil,1707009,17,33,,,,Cerrado,4.8
df993efb-d7fe-3e93-bfd8-ef70a2c452cc, -14.197190, -42.812160,2026-07-16 04:21:00,NOAA-21,GUANAMBI,BAHIA,Brasil,2911709,29,33,,,,Caatinga,1.1
b151aaef-8287-3b6f-926c-454e8204051d, -13.553260, -47.806710,2026-07-16 04:21:00,NOAA-21,CAVALCANTE,GOIÁS,Brasil,5205307,52,33,,,,Cerrado,5.0
1edb58fe-dd0a-32f2-a18f-f4dd5533b010, -13.542930, -47.763570,2026-07-16 04:21:00,NOAA-21,CAVALCANTE,GOIÁS,Brasil,5205307,52,33,,,,Cerrado,0.6
14db61a5-3f6c-3ffc-b046-9d857b54b770, -13.536200, -47.762450,2026-07-16 04:21:00,NOAA-21,CAVALCANTE,GOIÁS,Brasil,5205307,52,33,,,,Cerrado,1.2
5651869f-88be-3438-9267-11f1e48d690e, -13.549890, -47.806130,2026-07-16 04:21:00,NOAA-21,CAVALCANTE,GOIÁS,Brasil,5205307,52,33,,,,Cerrado,5.0
1d7d692f-0c14-3a54-9567-2b02adeddd9d, -13.266160, -45.145370,2026-07-16 04:21:00,NOAA-21,CORRENTINA,BAHIA,Brasil,2909307,29,33,,,,Cerrado,7.1
64dcbc7b-5cd3-328c-bd14-11164b122d4c, -13.437750, -43.846030,2026-07-16 04:21:00,NOAA-21,SERRA DO RAMALHO,BAHIA,Brasil,2930154,29,33,,,,Cerrado,1.0
afe318e0-0ac5-34cc-98c7-8456aefcd873, -13.270650, -45.160850,2026-07-16 04:21:00,NOAA-21,CORRENTINA,BAHIA,Brasil,2909307,29,33,,,,Cerrado,12.0
77cddd97-df03-3fad-8355-960788e3d247, -13.527690, -47.772350,2026-07-16 04:21:00,NOAA-21,CAVALCANTE,GOIÁS,Brasil,5205307,52,33,,,,Cerrado,0.6
35eac9e6-cd92-3df4-a3c5-65de91369dba, -13.553850, -47.803020,2026-07-16 04:21:00,NOAA-21,CAVALCANTE,GOIÁS,Brasil,5205307,52,33,,,,Cerrado,1.4
b6b3de5c-9545-34da-81d1-5e736011ac4f, -14.293380, -47.157930,2026-07-16 04:21:00,NOAA-21,FLORES DE GOIÁS,GOIÁS,Brasil,5207907,52,33,,,,Cerrado,0.6
57ceffb8-3489-3f01-aad8-f0bd63704dc5, -13.433710, -43.849400,2026-07-16 04:21:00,NOAA-21,SERRA DO RAMALHO,BAHIA,Brasil,2930154,29,33,,,,Cerrado,18.1
ef733aeb-be73-37e6-bdac-7fb4c0ad0795, -13.040730, -46.796310,2026-07-16 04:21:00,NOAA-21,CAMPOS BELOS,GOIÁS,Brasil,5204904,52,33,,,,Cerrado,1.7
af78af95-6c06-3457-b0b7-b557e621c72c, -14.143880, -46.270750,2026-07-16 04:21:00,NOAA-21,POSSE,GOIÁS,Brasil,5218300,52,33,,,,Cerrado,1.1
e86c4902-21e8-31d2-82b0-d2988b63f14a, -13.273440, -45.164990,2026-07-16 04:21:00,NOAA-21,CORRENTINA,BAHIA,Brasil,2909307,29,33,,,,Cerrado,5.6
c981a938-d6ec-3132-bc05-5628eba6864f, -13.265620, -45.148970,2026-07-16 04:21:00,NOAA-21,CORRENTINA,BAHIA,Brasil,2909307,29,33,,,,Cerrado,41.9
a930e1a0-b40a-3fad-a8bc-b02a992d37ab, -15.207610, -44.052330,2026-07-16 04:21:00,NOAA-21,JAÍBA,MINAS GERAIS,Brasil,3135050,31,33,,,,Cerrado,0.9
fb2f27b1-ac49-3db5-84c8-38037e8e0b98, -13.444700, -43.847170,2026-07-16 04:21:00,NOAA-21,SERRA DO RAMALHO,BAHIA,Brasil,2930154,29,33,,,,Cerrado,2.1
75ebb322-305b-394c-ae24-908680c85396, -11.785310, -47.091990,2026-07-16 04:21:00,NOAA-21,DIANÓPOLIS,TOCANTINS,Brasil,1707009,17,33,,,,Cerrado,14.5
91a01358-6177-3caa-bab8-998ebe62b40c, -13.546530, -47.805560,2026-07-16 04:21:00,NOAA-21,CAVALCANTE,GOIÁS,Brasil,5205307,52,33,,,,Cerrado,0.5
c1097108-6a74-3c4c-a48b-f31e61d7710e, -15.533710, -45.918370,2026-07-16 04:21:00,NOAA-21,ARINOS,MINAS GERAIS,Brasil,3104502,31,33,,,,Cerrado,0.8
3950ff58-25a3-3986-80eb-f12798cdda63, -14.146630, -46.274830,2026-07-16 04:21:00,NOAA-21,POSSE,GOIÁS,Brasil,5218300,52,33,,,,Cerrado,1.7
48fde1c4-e605-3329-9add-b4c27a37d766, -16.664810, -59.600640,2026-07-16 04:23:00,NOAA-21,José Miguel de Velasco,Santa Cruz,Bolivia,85,8,28,,,,,3.4
065725c6-e86b-3ee1-9b86-817b10ebf3cf, -16.564340, -60.827230,2026-07-16 04:23:00,NOAA-21,José Miguel de Velasco,Santa Cruz,Bolivia,85,8,28,,,,,14.6
36c00255-8e6b-3cef-8f52-92adb1d70ebc, -16.340690, -59.712120,2026-07-16 04:23:00,NOAA-21,José Miguel de Velasco,Santa Cruz,Bolivia,85,8,28,,,,,11.3
6347ecc0-bc57-3ac7-a5d2-d585d8e6c539, -16.343080, -59.701060,2026-07-16 04:23:00,NOAA-21,José Miguel de Velasco,Santa Cruz,Bolivia,85,8,28,,,,,6.5
d9b26180-6981-3d7c-9474-75db62068f0e, -16.350180, -59.668270,2026-07-16 04:23:00,NOAA-21,José Miguel de Velasco,Santa Cruz,Bolivia,85,8,28,,,,,3.7
1c5f02f8-878f-303f-9850-9deb5b448a08, -16.134330, -60.627930,2026-07-16 04:23:00,NOAA-21,José Miguel de Velasco,Santa Cruz,Bolivia,85,8,28,,,,,37.9
733fa888-cabf-3ead-89d9-145633274264, -16.398740, -59.603950,2026-07-16 04:23:00,NOAA-21,José Miguel de Velasco,Santa Cruz,Bolivia,85,8,28,,,,,4.2
2ba572ae-dd83-3083-a43c-f045fec8f76f, -17.690750, -60.984590,2026-07-16 04:23:00,NOAA-21,Chiquitos,Santa Cruz,Bolivia,80,8,28,,,,,7.2
72143e63-75e8-3075-ade0-df1eb11c4a3e, -16.129960, -60.647050,2026-07-16 04:23:00,NOAA-21,José Miguel de Velasco,Santa Cruz,Bolivia,85,8,28,,,,,44.2
f8b310da-bbdf-340e-a598-20f86be03f85, -18.330310, -59.074520,2026-07-16 04:23:00,NOAA-21,Chiquitos,Santa Cruz,Bolivia,80,8,28,,,,,4.5
dd23cb2c-81f4-337e-887d-78038909c0ac, -16.397590, -59.609140,2026-07-16 04:23:00,NOAA-21,José Miguel de Velasco,Santa Cruz,Bolivia,85,8,28,,,,,5.4
d3064ef0-cb74-35d6-928a-c63f4010d8a9, -16.549490, -60.736130,2026-07-16 04:23:00,NOAA-21,José Miguel de Velasco,Santa Cruz,Bolivia,85,8,28,,,,,5.8
9e404f68-eed6-3c5c-a561-976a99818e13, -16.375170, -59.649960,2026-07-16 04:23:00,NOAA-21,José Miguel de Velasco,Santa Cruz,Bolivia,85,8,28,,,,,3.3
6027dde4-3aef-3214-b7e6-cb48a2c94954, -16.347340, -59.654360,2026-07-16 04:23:00,NOAA-21,José Miguel de Velasco,Santa Cruz,Bolivia,85,8,28,,,,,7.4
82f36269-56a4-3bb5-92db-970219f6a30d, -17.273320, -60.234910,2026-07-16 04:23:00,NOAA-21,Chiquitos,Santa Cruz,Bolivia,80,8,28,,,,,7.1
bbb00e97-d2c5-375a-a928-3f7013587a60, -16.346050, -59.660120,2026-07-16 04:23:00,NOAA-21,José Miguel de Velasco,Santa Cruz,Bolivia,85,8,28,,,,,7.4
87488c48-964e-32ba-a4fe-e07f735c085e, -16.671140, -59.602110,2026-07-16 04:23:00,NOAA-21,José Miguel de Velasco,Santa Cruz,Bolivia,85,8,28,,,,,0.9
14828d05-5965-32db-96ae-27e0ea71b258, -17.104670, -60.646520,2026-07-16 04:23:00,NOAA-21,José Miguel de Velasco,Santa Cruz,Bolivia,85,8,28,,,,,19.5
ec6434ec-37d3-3eee-bf90-584299280a69, -16.121810, -60.651510,2026-07-16 04:23:00,NOAA-21,José Miguel de Velasco,Santa Cruz,Bolivia,85,8,28,,,,,38.8
32afc09b-b763-38c3-8d09-c6239f1daca4, -16.367610, -59.653740,2026-07-16 04:23:00,NOAA-21,José Miguel de Velasco,Santa Cruz,Bolivia,85,8,28,,,,,1.9
853b9440-ef54-39e7-8370-209a2717c994, -20.625590, -46.286320,2026-07-16 04:23:00,NOAA-21,SÃO JOÃO BATISTA DO GLÓRIA,MINAS GERAIS,Brasil,3162203,31,33,,,,Cerrado,1.1
6db57558-1796-3e1a-86c6-de00b43f72aa, -16.961910, -60.672970,2026-07-16 04:23:00,NOAA-21,José Miguel de Velasco,Santa Cruz,Bolivia,85,8,28,,,,,9.5
c7f21148-e386-325f-8bcb-e2260ec10e84, -16.120620, -60.620280,2026-07-16 04:23:00,NOAA-21,José Miguel de Velasco,Santa Cruz,Bolivia,85,8,28,,,,,113.2
9af74527-6563-329a-9ac2-c75839a8d978, -19.716360, -50.211260,2026-07-16 04:23:00,NOAA-21,ITURAMA,MINAS GERAIS,Brasil,3134400,31,33,,,,Mata Atlântica,5.0
12dedc98-b038-3229-b3f5-45c8d4136df3, -16.959070, -60.685210,2026-07-16 04:23:00,NOAA-21,José Miguel de Velasco,Santa Cruz,Bolivia,85,8,28,,,,,7.2
765065ee-f6a0-33f2-936c-b908eebae26f, -20.341450, -46.623460,2026-07-16 04:23:00,NOAA-21,DELFINÓPOLIS,MINAS GERAIS,Brasil,3121209,31,33,,,,Cerrado,0.5
61dd0a18-0847-38c4-9cdb-5a4f563d8ab9, -18.326700, -59.051550,2026-07-16 04:23:00,NOAA-21,Chiquitos,Santa Cruz,Bolivia,80,8,28,,,,,2.5
c63fccab-5bcc-3c64-a4fa-26c214c65950, -16.401140, -59.593090,2026-07-16 04:23:00,NOAA-21,José Miguel de Velasco,Santa Cruz,Bolivia,85,8,28,,,,,3.5
1d7b5c62-ac15-35d9-a8f4-4498f7bd5207, -16.412250, -59.572990,2026-07-16 04:23:00,NOAA-21,José Miguel de Velasco,Santa Cruz,Bolivia,85,8,28,,,,,5.9
5e386e98-fee2-3b8e-9601-1e530119f365, -16.339860, -59.687770,2026-07-16 04:23:00,NOAA-21,José Miguel de Velasco,Santa Cruz,Bolivia,85,8,28,,,,,8.3
c0e229b3-1f6a-3592-8bf0-ca5706103faf, -16.329610, -59.639420,2026-07-16 04:23:00,NOAA-21,José Miguel de Velasco,Santa Cruz,Bolivia,85,8,28,,,,,5.2
fc5d5636-d21d-3853-8884-1bbf50fdaead, -20.357120, -46.610420,2026-07-16 04:23:00,NOAA-21,DELFINÓPOLIS,MINAS GERAIS,Brasil,3121209,31,33,,,,Cerrado,0.8
0ffbe788-71ee-3f56-8aa8-2800877827af, -16.130370, -60.614070,2026-07-16 04:23:00,NOAA-21,José Miguel de Velasco,Santa Cruz,Bolivia,85,8,28,,,,,84.5
8c25d379-69ea-3247-aea6-2b724ff9419c, -16.118370, -60.604270,2026-07-16 04:23:00,NOAA-21,José Miguel de Velasco,Santa Cruz,Bolivia,85,8,28,,,,,18.4
69580a69-737b-3b39-8738-13fa341403d5, -16.349250, -59.585890,2026-07-16 04:23:00,NOAA-21,José Miguel de Velasco,Santa Cruz,Bolivia,85,8,28,,,,,3.3
989c5892-896e-3d59-b487-cb8a667857ce, -21.704800, -43.260000,2026-07-16 04:23:00,NOAA-21,CHÁCARA,MINAS GERAIS,Brasil,3115904,31,33,,,,Mata Atlântica,0.7
e13c2464-2c41-3cce-a104-8d8b1de6558d, -16.234960, -61.354420,2026-07-16 04:23:00,NOAA-21,José Miguel de Velasco,Santa Cruz,Bolivia,85,8,28,,,,,2.5
8de94960-fdcd-35b4-89ab-23cf6534b0b6, -17.274640, -60.233430,2026-07-16 04:23:00,NOAA-21,Chiquitos,Santa Cruz,Bolivia,80,8,28,,,,,7.4
a7d629d6-e153-3835-bbcc-27f290508ff7, -16.116940, -60.610510,2026-07-16 04:23:00,NOAA-21,José Miguel de Velasco,Santa Cruz,Bolivia,85,8,28,,,,,58.1
a338e3ae-740d-3640-b459-38b13d5d9526, -16.329380, -59.644630,2026-07-16 04:23:00,NOAA-21,José Miguel de Velasco,Santa Cruz,Bolivia,85,8,28,,,,,4.9
aae9a9de-7cb2-3752-b524-8ee6d3ff24fc, -19.537970, -45.058520,2026-07-16 04:23:00,NOAA-21,MARTINHO CAMPOS,MINAS GERAIS,Brasil,3140506,31,33,,,,Cerrado,0.6
e265928b-39ac-32c8-ada8-ed0d7d9096f5, -16.123650, -60.612290,2026-07-16 04:23:00,NOAA-21,José Miguel de Velasco,Santa Cruz,Bolivia,85,8,28,,,,,58.1
77a624ab-f556-3105-938a-76da4879686d, -19.827140, -57.956640,2026-07-16 04:23:00,NOAA-21,CORUMBÁ,MATO GROSSO DO SUL,Brasil,5003207,50,33,,,,Pantanal,2.3
5acb44e8-2f2b-38ff-8f81-e45e9f0d7f35, -18.325690, -59.056220,2026-07-16 04:23:00,NOAA-21,Chiquitos,Santa Cruz,Bolivia,80,8,28,,,,,5.7
469ea755-b7b7-36bf-975e-6cb76968e18c, -16.134120, -60.623600,2026-07-16 04:23:00,NOAA-21,José Miguel de Velasco,Santa Cruz,Bolivia,85,8,28,,,,,9.8
13cd19a9-6b31-3ae2-9d61-6ea5069b5e12, -16.123260, -60.645180,2026-07-16 04:23:00,NOAA-21,José Miguel de Velasco,Santa Cruz,Bolivia,85,8,28,,,,,44.2
b2546baf-2a12-3f4e-9f4e-35117fc03993, -16.368850, -59.648200,2026-07-16 04:23:00,NOAA-21,José Miguel de Velasco,Santa Cruz,Bolivia,85,8,28,,,,,1.9
8cf026bb-de55-3a1d-bf0c-3f91df263ccc, -20.520340, -54.608590,2026-07-16 04:23:00,NOAA-21,CAMPO GRANDE,MATO GROSSO DO SUL,Brasil,5002704,50,33,,,,Cerrado,0.7
2d33f713-3a2f-3e7a-a654-e161d27010b6, -16.344990, -59.694950,2026-07-16 04:23:00,NOAA-21,José Miguel de Velasco,Santa Cruz,Bolivia,85,8,28,,,,,8.3
156d6f22-d469-393b-93d7-d67d3f0c42c0, -16.357450, -59.669220,2026-07-16 04:23:00,NOAA-21,José Miguel de Velasco,Santa Cruz,Bolivia,85,8,28,,,,,3.6
ab422516-5189-3189-a2d5-26e6ce1f8178, -18.422510, -54.561050,2026-07-16 04:23:00,NOAA-21,COXIM,MATO GROSSO DO SUL,Brasil,5003306,50,33,,,,Cerrado,0.7
8aceb94f-0d8e-31a7-9273-20e6d2de7163, -19.442790, -59.790960,2026-07-16 04:23:00,NOAA-21,Mayor Pablo Lagerenza,Alto Paraguay,Paraguay,19,2,177,,,,,1.8
baa4f133-2dc1-3425-9c33-d83fd90af978, -16.340080, -59.716950,2026-07-16 04:23:00,NOAA-21,José Miguel de Velasco,Santa Cruz,Bolivia,85,8,28,,,,,6.0
4d013450-20a9-3c95-b370-364f4a9001f8, -15.579690, -60.785680,2026-07-16 04:23:00,NOAA-21,José Miguel de Velasco,Santa Cruz,Bolivia,85,8,28,,,,,3.8
ff5dee1e-eff9-3108-b287-8bccd112465b, -21.279100, -44.988410,2026-07-16 04:23:00,NOAA-21,LAVRAS,MINAS GERAIS,Brasil,3138203,31,33,,,,Mata Atlântica,1.0
cc286229-4813-33bb-86ee-dda4e46113c6, -16.357390, -59.634910,2026-07-16 04:23:00,NOAA-21,José Miguel de Velasco,Santa Cruz,Bolivia,85,8,28,,,,,3.6
4911639c-2b39-30e6-8985-cecc078ee0e1, -17.274590, -60.229380,2026-07-16 04:23:00,NOAA-21,Chiquitos,Santa Cruz,Bolivia,80,8,28,,,,,7.1
1306d2e6-cd76-3db6-901e-c178fdd104f9, -21.470660, -41.207340,2026-07-16 04:23:00,NOAA-21,SÃO FRANCISCO DE ITABAPOANA,RIO DE JANEIRO,Brasil,3304755,33,33,,,,Mata Atlântica,1.1
16992ba3-6ed6-3fe6-a69e-8a4f746c4233, -18.623460, -54.914350,2026-07-16 04:23:00,NOAA-21,RIO VERDE DE MATO GROSSO,MATO GROSSO DO SUL,Brasil,5007406,50,33,,,,Cerrado,8.2
7d065bd4-a6cf-3d10-9375-9ffd803248a9, -21.522180, -41.233500,2026-07-16 04:23:00,NOAA-21,SÃO FRANCISCO DE ITABAPOANA,RIO DE JANEIRO,Brasil,3304755,33,33,,,,Mata Atlântica,12.4
649b2d04-427b-3642-bcc7-a2dbc4e76db6, -16.955560, -60.689680,2026-07-16 04:23:00,NOAA-21,José Miguel de Velasco,Santa Cruz,Bolivia,85,8,28,,,,,14.8
d92a7583-74d1-3315-b16e-bf0c4c584733, -16.349840, -59.673210,2026-07-16 04:23:00,NOAA-21,José Miguel de Velasco,Santa Cruz,Bolivia,85,8,28,,,,,3.6
2060c994-a7d1-3f90-9697-5f354f69dd86, -16.345620, -59.602120,2026-07-16 04:23:00,NOAA-21,José Miguel de Velasco,Santa Cruz,Bolivia,85,8,28,,,,,3.1
20359e96-d1fe-3db1-a635-361faa7184ff, -16.121270, -60.591660,2026-07-16 04:23:00,NOAA-21,José Miguel de Velasco,Santa Cruz,Bolivia,85,8,28,,,,,3.9
21fe8f0c-9494-3b61-a03c-9d23c7814df2, -16.951650, -60.675820,2026-07-16 04:23:00,NOAA-21,José Miguel de Velasco,Santa Cruz,Bolivia,85,8,28,,,,,4.1
563141b4-17c7-319b-895f-95f6205b8c85, -16.403590, -59.581970,2026-07-16 04:23:00,NOAA-21,José Miguel de Velasco,Santa Cruz,Bolivia,85,8,28,,,,,7.3
0f3429d8-4bcd-3306-971f-1019ed0aa8ab, -16.360520, -59.315150,2026-07-16 04:23:00,NOAA-21,José Miguel de Velasco,Santa Cruz,Bolivia,85,8,28,,,,,6.1
51e70fa0-b033-3723-a5bc-fb1cfebcd00b, -19.448860, -59.792460,2026-07-16 04:23:00,NOAA-21,Mayor Pablo Lagerenza,Alto Paraguay,Paraguay,19,2,177,,,,,1.8
7014157f-dfac-37c9-ad4c-417a66073ea8, -16.344750, -59.665940,2026-07-16 04:23:00,NOAA-21,José Miguel de Velasco,Santa Cruz,Bolivia,85,8,28,,,,,3.6
c8e3c268-e2c3-3a49-86e8-773db0d0d077, -16.640170, -61.063950,2026-07-16 04:23:00,NOAA-21,José Miguel de Velasco,Santa Cruz,Bolivia,85,8,28,,,,,2.5
e44ed320-0aed-332e-8b9d-739e4b8b7d27, -16.351440, -59.662430,2026-07-16 04:23:00,NOAA-21,José Miguel de Velasco,Santa Cruz,Bolivia,85,8,28,,,,,5.2
b0569d72-0f6c-305c-ae30-d69c2a442abe, -18.336250, -59.075970,2026-07-16 04:23:00,NOAA-21,Chiquitos,Santa Cruz,Bolivia,80,8,28,,,,,1.2
272715ed-0a35-3f35-b113-75363d1d3ef2, -17.635140, -60.226270,2026-07-16 04:23:00,NOAA-21,Chiquitos,Santa Cruz,Bolivia,80,8,28,,,,,4.0
156b6a68-bd0a-3d98-a006-8f8771e9bab9, -16.371280, -59.637250,2026-07-16 04:23:00,NOAA-21,José Miguel de Velasco,Santa Cruz,Bolivia,85,8,28,,,,,7.2
c220ebdd-59d5-30ff-8952-5b258a0726f3, -16.336700, -59.699470,2026-07-16 04:23:00,NOAA-21,José Miguel de Velasco,Santa Cruz,Bolivia,85,8,28,,,,,6.5
20402839-f972-3fa8-b2ad-bda9ffb7a0dd, -16.131410, -60.640700,2026-07-16 04:23:00,NOAA-21,José Miguel de Velasco,Santa Cruz,Bolivia,85,8,28,,,,,44.2
f40a922a-8499-3045-85e8-e18bb7083e3a, -16.131520, -60.603270,2026-07-16 04:23:00,NOAA-21,José Miguel de Velasco,Santa Cruz,Bolivia,85,8,28,,,,,43.0
b2fe8710-11cb-3214-8f21-5df2136a8f99, -19.842950, -49.077350,2026-07-16 04:23:00,NOAA-21,FRUTAL,MINAS GERAIS,Brasil,3127107,31,33,,,,Cerrado,1.2
f4f12504-c9cc-3049-bcc9-04c422d7a570, -16.327480, -59.587760,2026-07-16 04:23:00,NOAA-21,José Miguel de Velasco,Santa Cruz,Bolivia,85,8,28,,,,,2.1
808b85ff-a99e-3155-b659-151f3dcbcbd3, -16.376380, -59.644470,2026-07-16 04:23:00,NOAA-21,José Miguel de Velasco,Santa Cruz,Bolivia,85,8,28,,,,,8.4
b4c14f09-0877-353f-a0a5-3b57d0a5f868, -16.562800, -60.834010,2026-07-16 04:23:00,NOAA-21,José Miguel de Velasco,Santa Cruz,Bolivia,85,8,28,,,,,14.6
028eac7c-2531-310c-b694-3f9cbf6c1a83, -16.343460, -59.671720,2026-07-16 04:23:00,NOAA-21,José Miguel de Velasco,Santa Cruz,Bolivia,85,8,28,,,,,3.6
0a973bf0-3b02-3175-83b6-289c9886b13c, -16.373950, -59.655450,2026-07-16 04:23:00,NOAA-21,José Miguel de Velasco,Santa Cruz,Bolivia,85,8,28,,,,,3.3
878675c0-793f-3e2f-b71b-0b7ccf7e51e8, -16.353000, -59.593340,2026-07-16 04:23:00,NOAA-21,José Miguel de Velasco,Santa Cruz,Bolivia,85,8,28,,,,,2.8
285ce096-ae8e-30c4-9a99-6fe32c6c12a9, -17.106120, -60.640240,2026-07-16 04:23:00,NOAA-21,José Miguel de Velasco,Santa Cruz,Bolivia,85,8,28,,,,,25.1
d2e3465d-5226-379d-b1d4-730ea0aef96f, -16.638730, -61.067900,2026-07-16 04:23:00,NOAA-21,José Miguel de Velasco,Santa Cruz,Bolivia,85,8,28,,,,,3.9
074fa157-c2df-3b08-9191-4be0ea317bc3, -21.351370, -51.043910,2026-07-16 04:23:00,NOAA-21,VALPARAÍSO,SÃO PAULO,Brasil,3556305,35,33,,,,Mata Atlântica,2.8
9053b265-737f-3be1-91bf-1bbcda1e4637, -16.346350, -59.654950,2026-07-16 04:23:00,NOAA-21,José Miguel de Velasco,Santa Cruz,Bolivia,85,8,28,,,,,5.2
90e03f4f-dc3b-3668-9369-b6a1915d87eb, -16.355390, -59.708680,2026-07-16 04:23:00,NOAA-21,José Miguel de Velasco,Santa Cruz,Bolivia,85,8,28,,,,,3.5
663c4e54-3005-34b2-a5ee-f879f85deae0, -19.449270, -59.790520,2026-07-16 04:23:00,NOAA-21,Mayor Pablo Lagerenza,Alto Paraguay,Paraguay,19,2,177,,,,,1.8
535ff4ba-0faa-378c-a78a-630715ff61d8, -18.270280, -59.052090,2026-07-16 04:23:00,NOAA-21,Chiquitos,Santa Cruz,Bolivia,80,8,28,,,,,2.2
e97f2e28-5dfc-3b17-aef1-ca925fd565f7, -16.350200, -59.575480,2026-07-16 04:23:00,NOAA-21,José Miguel de Velasco,Santa Cruz,Bolivia,85,8,28,,,,,7.2
2f9bc62c-7732-3501-9140-3566d811b0fe, -16.356230, -59.640270,2026-07-16 04:23:00,NOAA-21,José Miguel de Velasco,Santa Cruz,Bolivia,85,8,28,,,,,3.6
788ca4df-d31c-3d57-89db-6814daab3e2c, -17.913600, -44.408890,2026-07-16 04:23:00,NOAA-21,LASSANCE,MINAS GERAIS,Brasil,3138104,31,33,,,,Cerrado,0.7
46e2c694-dd4d-3562-9aaf-8b067c19fc27, -17.498720, -59.564380,2026-07-16 04:23:00,NOAA-21,Chiquitos,Santa Cruz,Bolivia,80,8,28,,,,,1.8
6ce975ed-919d-300f-8fbb-33755b985796, -16.120780, -60.624830,2026-07-16 04:23:00,NOAA-21,José Miguel de Velasco,Santa Cruz,Bolivia,85,8,28,,,,,28.4
199032b6-e663-3dcc-9ec9-9aaf5097c579, -18.350200, -59.069550,2026-07-16 04:23:00,NOAA-21,Chiquitos,Santa Cruz,Bolivia,80,8,28,,,,,2.2
c318dd3c-3f47-36b2-b313-6dca7c93ab48, -17.645280, -59.689430,2026-07-16 04:23:00,NOAA-21,Chiquitos,Santa Cruz,Bolivia,80,8,28,,,,,4.8
49329674-7c91-3280-97a8-7c636e1139f4, -16.556020, -60.832370,2026-07-16 04:23:00,NOAA-21,José Miguel de Velasco,Santa Cruz,Bolivia,85,8,28,,,,,14.6
9d4d385a-8f65-3425-b80c-b3f52f29a1ab, -18.335210, -59.080660,2026-07-16 04:23:00,NOAA-21,Chiquitos,Santa Cruz,Bolivia,80,8,28,,,,,1.2
0598dee6-9b48-326d-9c5a-075cc4aa1984, -16.344320, -59.602550,2026-07-16 04:23:00,NOAA-21,José Miguel de Velasco,Santa Cruz,Bolivia,85,8,28,,,,,3.4
092a748d-7abc-3cdc-b6f0-8eb528b1aa99, -16.122230, -60.618500,2026-07-16 04:23:00,NOAA-21,José Miguel de Velasco,Santa Cruz,Bolivia,85,8,28,,,,,58.1
4203a0d4-f6f1-390b-8c84-d39af4fb6da3, -19.839600, -49.076750,2026-07-16 04:23:00,NOAA-21,FRUTAL,MINAS GERAIS,Brasil,3127107,31,33,,,,Cerrado,1.2
e92ed206-6609-32fa-81c2-8eb5d232b499, -16.546880, -60.741940,2026-07-16 04:23:00,NOAA-21,José Miguel de Velasco,Santa Cruz,Bolivia,85,8,28,,,,,4.2
ba022a2d-15c5-3b19-9bec-292cd505b75c, -18.334480, -59.055820,2026-07-16 04:23:00,NOAA-21,Chiquitos,Santa Cruz,Bolivia,80,8,28,,,,,4.0
2557c278-f1c3-3009-92af-93bac4ee97d0, -16.135510, -60.617340,2026-07-16 04:23:00,NOAA-21,José Miguel de Velasco,Santa Cruz,Bolivia,85,8,28,,,,,9.8
7214b628-957f-32ca-a47b-984de0c2d5ca, -16.332330, -59.657730,2026-07-16 04:23:00,NOAA-21,José Miguel de Velasco,Santa Cruz,Bolivia,85,8,28,,,,,3.6
da197561-ea3d-3bed-94de-9b9fa6835523, -16.435740, -49.201630,2026-07-16 04:23:00,NOAA-21,NERÓPOLIS,GOIÁS,Brasil,5214507,52,33,,,,Cerrado,0.5
1e219e02-e04e-3902-bc7b-ad3acd9b4dee, -16.669030, -59.602580,2026-07-16 04:23:00,NOAA-21,José Miguel de Velasco,Santa Cruz,Bolivia,85,8,28,,,,,3.1
b82bc901-ef61-3325-b9e6-0e4d472eab7a, -20.353760, -46.609950,2026-07-16 04:23:00,NOAA-21,DELFINÓPOLIS,MINAS GERAIS,Brasil,3121209,31,33,,,,Cerrado,0.8
016e629f-27f7-3840-a0ed-89b673574160, -16.115300, -60.612240,2026-07-16 04:23:00,NOAA-21,José Miguel de Velasco,Santa Cruz,Bolivia,85,8,28,,,,,15.7
6be959a9-92f8-35d1-80f7-8807b22f451e, -16.341340, -59.711320,2026-07-16 04:23:00,NOAA-21,José Miguel de Velasco,Santa Cruz,Bolivia,85,8,28,,,,,6.0
d569e4e4-98aa-3903-9456-f2dc77bf3b9a, -16.123410, -60.607760,2026-07-16 04:23:00,NOAA-21,José Miguel de Velasco,Santa Cruz,Bolivia,85,8,28,,,,,43.0
7340c236-6e86-3440-94c7-722667484f4c, -16.328660, -59.582340,2026-07-16 04:23:00,NOAA-21,José Miguel de Velasco,Santa Cruz,Bolivia,85,8,28,,,,,2.1
df346703-1297-3d1b-bbcc-c8bbf20d20f0, -18.271140, -60.820080,2026-07-16 04:23:00,NOAA-21,Cordillera,Santa Cruz,Bolivia,81,8,28,,,,,4.2
974c539d-3071-317d-89d1-1f985dda9a89, -17.704220, -42.661150,2026-07-16 04:23:00,NOAA-21,ITAMARANDIBA,MINAS GERAIS,Brasil,3132503,31,33,,,,Mata Atlântica,20.9
73c1396d-1c8f-38f1-b66c-4e777f800cdb, -16.322960, -59.643300,2026-07-16 04:23:00,NOAA-21,José Miguel de Velasco,Santa Cruz,Bolivia,85,8,28,,,,,4.9
d1f61837-83a0-3dcb-9e8c-46ffb848baa8, -16.131810, -60.607760,2026-07-16 04:23:00,NOAA-21,José Miguel de Velasco,Santa Cruz,Bolivia,85,8,28,,,,,53.2
018bf7a3-40e1-3212-929b-bac35c9b465a, -16.331040, -59.697140,2026-07-16 04:23:00,NOAA-21,José Miguel de Velasco,Santa Cruz,Bolivia,85,8,28,,,,,7.0
ecf64291-a801-325b-9598-f394908a039f, -19.843560, -49.073600,2026-07-16 04:23:00,NOAA-21,FRUTAL,MINAS GERAIS,Brasil,3127107,31,33,,,,Cerrado,1.5
6e4fce04-4d4a-3cd7-868b-29c3b6b8b444, -16.338650, -59.693220,2026-07-16 04:23:00,NOAA-21,José Miguel de Velasco,Santa Cruz,Bolivia,85,8,28,,,,,8.3
8a7e4e66-5a67-379f-ae8a-6a9061727484, -16.130110, -60.609610,2026-07-16 04:23:00,NOAA-21,José Miguel de Velasco,Santa Cruz,Bolivia,85,8,28,,,,,43.0
00267ada-db15-3c95-8cfe-ebc57a5fe7d2, -16.126090, -60.632760,2026-07-16 04:23:00,NOAA-21,José Miguel de Velasco,Santa Cruz,Bolivia,85,8,28,,,,,37.9
3a2ea6af-7034-3411-a482-c5ffb87d0037, -16.126190, -60.595230,2026-07-16 04:23:00,NOAA-21,José Miguel de Velasco,Santa Cruz,Bolivia,85,8,28,,,,,3.7
bdc7ee67-a97f-3462-be38-fad662cb6ea1, -17.476030, -59.548740,2026-07-16 04:23:00,NOAA-21,Chiquitos,Santa Cruz,Bolivia,80,8,28,,,,,12.7
522b49e0-cd04-3582-9f69-87018dec7958, -17.273380, -60.239040,2026-07-16 04:23:00,NOAA-21,Chiquitos,Santa Cruz,Bolivia,80,8,28,,,,,7.4
0683b780-7066-36ee-9eae-b897e8618292, -19.558290, -49.523910,2026-07-16 04:23:00,NOAA-21,CAMPINA VERDE,MINAS GERAIS,Brasil,3111101,31,33,,,,Cerrado,0.9
9509953a-16d6-36c8-99a4-b3b4863817a7, -16.359790, -59.623800,2026-07-16 04:23:00,NOAA-21,José Miguel de Velasco,Santa Cruz,Bolivia,85,8,28,,,,,2.2
ba5a22f2-10c1-38ae-86cf-1107693cf5e1, -16.336450, -59.583340,2026-07-16 04:23:00,NOAA-21,José Miguel de Velasco,Santa Cruz,Bolivia,85,8,28,,,,,2.7
b5391f01-a9db-368b-babe-25d1c0653932, -17.641070, -59.693200,2026-07-16 04:23:00,NOAA-21,Chiquitos,Santa Cruz,Bolivia,80,8,28,,,,,2.3
158cea2a-caee-3adf-b283-3d1fb57c769c, -17.102510, -60.642020,2026-07-16 04:23:00,NOAA-21,José Miguel de Velasco,Santa Cruz,Bolivia,85,8,28,,,,,16.9
dfbfd8fe-338d-365d-afad-1352f7d583a5, -18.326470, -59.063680,2026-07-16 04:23:00,NOAA-21,Chiquitos,Santa Cruz,Bolivia,80,8,28,,,,,3.8
6b77b9a4-23d5-3295-928e-56165e20fdf8, -16.347720, -59.712890,2026-07-16 04:23:00,NOAA-21,José Miguel de Velasco,Santa Cruz,Bolivia,85,8,28,,,,,4.4
b7350d94-29cb-38c9-96be-a79de6f88bab, -16.115500, -60.616770,2026-07-16 04:23:00,NOAA-21,José Miguel de Velasco,Santa Cruz,Bolivia,85,8,28,,,,,58.1
1e4194fc-7096-3c34-a6c4-57497a89b8a9, -18.328550, -59.054340,2026-07-16 04:23:00,NOAA-21,Chiquitos,Santa Cruz,Bolivia,80,8,28,,,,,4.0
39d2cae6-dc64-3868-b710-3386ff7f3088, -16.958290, -60.677590,2026-07-16 04:23:00,NOAA-21,José Miguel de Velasco,Santa Cruz,Bolivia,85,8,28,,,,,6.9
e7f78571-a83f-37cf-bb53-098bae9ea46e, -16.960460, -60.679220,2026-07-16 04:23:00,NOAA-21,José Miguel de Velasco,Santa Cruz,Bolivia,85,8,28,,,,,7.2
89a6ae19-114e-32c1-b43f-2a53b7fbe76d, -16.340790, -59.618780,2026-07-16 04:23:00,NOAA-21,José Miguel de Velasco,Santa Cruz,Bolivia,85,8,28,,,,,9.4
f116636f-5d4b-3a7f-80f8-4f2c754d57fa, -20.811920, -42.656030,2026-07-16 04:23:00,NOAA-21,ERVÁLIA,MINAS GERAIS,Brasil,3124005,31,33,,,,Mata Atlântica,1.1
230b823a-06e1-32a0-a36e-fb0b7239ea8b, -17.697450, -60.986240,2026-07-16 04:23:00,NOAA-21,Chiquitos,Santa Cruz,Bolivia,80,8,28,,,,,11.1
219f443d-bbc3-3180-a1b9-6c5849c4351a, -16.328830, -59.587460,2026-07-16 04:23:00,NOAA-21,José Miguel de Velasco,Santa Cruz,Bolivia,85,8,28,,,,,2.0
f14b6886-3518-3d60-be16-6ded87328143, -21.623060, -41.210720,2026-07-16 04:23:00,NOAA-21,CAMPOS DOS GOYTACAZES,RIO DE JANEIRO,Brasil,3301009,33,33,,,,Mata Atlântica,0.9
63bff64a-a27e-333a-b773-0f6339275e7e, -16.548400, -60.735070,2026-07-16 04:23:00,NOAA-21,José Miguel de Velasco,Santa Cruz,Bolivia,85,8,28,,,,,4.2
a819a7d0-ede2-3098-8de6-09dad53ba37c, -16.128940, -60.620300,2026-07-16 04:23:00,NOAA-21,José Miguel de Velasco,Santa Cruz,Bolivia,85,8,28,,,,,84.5
5bbd3f55-e308-3ddc-93c8-d4706749240e, -21.900950, -47.161000,2026-07-16 04:23:00,NOAA-21,CASA BRANCA,SÃO PAULO,Brasil,3510807,35,33,,,,Cerrado,0.9
ee15cf11-63a3-3822-a35c-a41ecaae0ab3, -16.397220, -59.580580,2026-07-16 04:23:00,NOAA-21,José Miguel de Velasco,Santa Cruz,Bolivia,85,8,28,,,,,5.8
69993bad-6151-33f5-89bd-60eb32f08138, -16.369100, -59.677300,2026-07-16 04:23:00,NOAA-21,José Miguel de Velasco,Santa Cruz,Bolivia,85,8,28,,,,,3.6
18d33b2c-d417-3206-a76e-06c9d5518d26, -16.330670, -59.638850,2026-07-16 04:23:00,NOAA-21,José Miguel de Velasco,Santa Cruz,Bolivia,85,8,28,,,,,4.9
f8967f3d-33fe-3fec-92bc-90ec759ee5e4, -18.320530, -59.062220,2026-07-16 04:23:00,NOAA-21,Chiquitos,Santa Cruz,Bolivia,80,8,28,,,,,2.1
ad20b238-b835-37f4-8a11-9adbd032ce57, -16.124560, -60.634620,2026-07-16 04:23:00,NOAA-21,José Miguel de Velasco,Santa Cruz,Bolivia,85,8,28,,,,,25.6
56af01b7-1003-314e-99ad-db27c3932060, -18.327510, -59.059000,2026-07-16 04:23:00,NOAA-21,Chiquitos,Santa Cruz,Bolivia,80,8,28,,,,,4.0
fc16e0c1-467c-3ddf-8e25-de7572376305, -16.398410, -59.575220,2026-07-16 04:23:00,NOAA-21,José Miguel de Velasco,Santa Cruz,Bolivia,85,8,28,,,,,5.8
f6ea86b9-7481-31c2-aafd-5fc25f684610, -18.325420, -59.068380,2026-07-16 04:23:00,NOAA-21,Chiquitos,Santa Cruz,Bolivia,80,8,28,,,,,3.8
9096e72e-922b-36f8-8f9b-3e36b0490d36, -16.372450, -59.631990,2026-07-16 04:23:00,NOAA-21,José Miguel de Velasco,Santa Cruz,Bolivia,85,8,28,,,,,7.9
6cbf8bbf-1652-3ee4-a77d-c025e0d3c0cf, -16.144860, -60.644280,2026-07-16 04:23:00,NOAA-21,José Miguel de Velasco,Santa Cruz,Bolivia,85,8,28,,,,,3.4
21068f1b-4f66-36ef-b686-0966e09a2f8b, -17.597180, -44.602810,2026-07-16 04:23:00,NOAA-21,VÁRZEA DA PALMA,MINAS GERAIS,Brasil,3170800,31,33,,,,Cerrado,2.4
c76e0707-b110-3590-b1ff-5e4bf868e944, -18.329590, -59.049710,2026-07-16 04:23:00,NOAA-21,Chiquitos,Santa Cruz,Bolivia,80,8,28,,,,,3.3
9e6669dc-1094-34b6-aa77-d20592df5055, -16.343820, -59.666630,2026-07-16 04:23:00,NOAA-21,José Miguel de Velasco,Santa Cruz,Bolivia,85,8,28,,,,,3.7
e79fc0bf-d043-375d-80cc-70d16ca4bc7f, -15.886720, -60.700880,2026-07-16 04:23:00,NOAA-21,José Miguel de Velasco,Santa Cruz,Bolivia,85,8,28,,,,,2.5
a0c371f8-2bd8-3701-88a6-5d551f63604d, -16.131320, -60.636240,2026-07-16 04:23:00,NOAA-21,José Miguel de Velasco,Santa Cruz,Bolivia,85,8,28,,,,,37.8
a50b0c65-ef68-322b-8760-5de7d9ec10d2, -16.238240, -61.359350,2026-07-16 04:23:00,NOAA-21,José Miguel de Velasco,Santa Cruz,Bolivia,85,8,28,,,,,4.4
1e7f2f54-65e0-3df0-a747-c4032ba2e214, -16.335040, -59.583730,2026-07-16 04:23:00,NOAA-21,José Miguel de Velasco,Santa Cruz,Bolivia,85,8,28,,,,,1.8
eb6e0521-80f4-34b7-af7e-da3301376118, -20.338650, -46.619220,2026-07-16 04:23:00,NOAA-21,DELFINÓPOLIS,MINAS GERAIS,Brasil,3121209,31,33,,,,Cerrado,1.1
dca5b584-1357-3a19-9ed2-359a69c62e28, -16.373630, -59.626650,2026-07-16 04:23:00,NOAA-21,José Miguel de Velasco,Santa Cruz,Bolivia,85,8,28,,,,,7.9
5e234684-8bbf-320f-83f0-4060712c0efc, -16.348040, -59.591340,2026-07-16 04:23:00,NOAA-21,José Miguel de Velasco,Santa Cruz,Bolivia,85,8,28,,,,,3.3
60629fb7-493a-3df2-a0c7-96bb932aa095, -16.341990, -59.618310,2026-07-16 04:23:00,NOAA-21,José Miguel de Velasco,Santa Cruz,Bolivia,85,8,28,,,,,9.1
8d2f0aa7-33eb-3fd9-a748-025c15a9cef1, -16.638710, -61.070370,2026-07-16 04:23:00,NOAA-21,José Miguel de Velasco,Santa Cruz,Bolivia,85,8,28,,,,,2.5
b18e2fcf-51ad-359e-97b5-d97cb16d36a0, -16.136610, -60.644500,2026-07-16 04:23:00,NOAA-21,José Miguel de Velasco,Santa Cruz,Bolivia,85,8,28,,,,,31.3
7ed3d59a-da55-39ce-ac5b-ac67b9b0d1b5, -16.124810, -60.601480,2026-07-16 04:23:00,NOAA-21,José Miguel de Velasco,Santa Cruz,Bolivia,85,8,28,,,,,43.0
e13e2fd5-1f9e-3f38-9bb7-f8bf7a7d72c1, -17.644180, -59.694480,2026-07-16 04:23:00,NOAA-21,Chiquitos,Santa Cruz,Bolivia,80,8,28,,,,,4.8
91cee471-8fd7-3c6b-90b7-390656a8eb66, -20.628980, -46.286820,2026-07-16 04:23:00,NOAA-21,CAPITÓLIO,MINAS GERAIS,Brasil,3112802,31,33,,,,Cerrado,1.1
3fba292e-049a-3808-8d06-b8a491db7740, -16.343200, -59.612920,2026-07-16 04:23:00,NOAA-21,José Miguel de Velasco,Santa Cruz,Bolivia,85,8,28,,,,,6.8
cf44bd23-856f-3c54-a9a2-d5f42ae1afe9, -17.496400, -59.574820,2026-07-16 04:23:00,NOAA-21,Chiquitos,Santa Cruz,Bolivia,80,8,28,,,,,3.8
4823b56d-470a-32ca-82f2-aabb168e3f59, -16.116680, -60.606030,2026-07-16 04:23:00,NOAA-21,José Miguel de Velasco,Santa Cruz,Bolivia,85,8,28,,,,,8.3
0d17ac02-697d-39b5-8c97-faec6f0e6ebe, -21.525230, -41.231490,2026-07-16 04:23:00,NOAA-21,SÃO FRANCISCO DE ITABAPOANA,RIO DE JANEIRO,Brasil,3304755,33,33,,,,Mata Atlântica,5.8
206117cb-4934-3a9d-9983-c6c451a90467, -18.332400, -59.065140,2026-07-16 04:23:00,NOAA-21,Chiquitos,Santa Cruz,Bolivia,80,8,28,,,,,3.8
e8151499-6152-353d-ab93-d60a0b34cc04, -18.327710, -59.046880,2026-07-16 04:23:00,NOAA-21,Chiquitos,Santa Cruz,Bolivia,80,8,28,,,,,2.5
df4369b3-cc41-3d7d-bcc2-5aa1a57e3cf7, -17.255170, -60.228870,2026-07-16 04:23:00,NOAA-21,Chiquitos,Santa Cruz,Bolivia,80,8,28,,,,,2.1
a864ee47-6cf2-3481-a519-3fe08ebfdbe6, -21.654460, -44.181760,2026-07-16 04:23:00,NOAA-21,ANDRELÂNDIA,MINAS GERAIS,Brasil,3102803,31,33,,,,Mata Atlântica,1.0
e1bd5a18-1027-3ae1-a268-fcf1b369674a, -16.122020, -60.614010,2026-07-16 04:23:00,NOAA-21,José Miguel de Velasco,Santa Cruz,Bolivia,85,8,28,,,,,113.2
ee59273d-0dd7-3ecd-96cf-1f755584eb1c, -16.354190, -59.587850,2026-07-16 04:23:00,NOAA-21,José Miguel de Velasco,Santa Cruz,Bolivia,85,8,28,,,,,2.8
1a7dfeca-195a-3e8f-8430-c44248bbe337, -19.443210, -59.789010,2026-07-16 04:23:00,NOAA-21,Mayor Pablo Lagerenza,Alto Paraguay,Paraguay,19,2,177,,,,,2.9
ca15af7b-3c44-3c1b-b25d-944850792362, -18.358200, -59.061700,2026-07-16 04:23:00,NOAA-21,Chiquitos,Santa Cruz,Bolivia,80,8,28,,,,,2.0
406b92f7-124c-3a44-ac6a-750bfd0e7e0d, -16.450400, -51.065780,2026-07-16 04:23:00,NOAA-21,IPORÁ,GOIÁS,Brasil,5210208,52,33,,,,Cerrado,1.2
a761e59e-d4a9-373d-aec8-8e6a0a36f51d, -16.359740, -59.628880,2026-07-16 04:23:00,NOAA-21,José Miguel de Velasco,Santa Cruz,Bolivia,85,8,28,,,,,3.3
dfedfd33-eb3f-3966-9cec-a946019b8d28, -16.957680, -60.691180,2026-07-16 04:23:00,NOAA-21,José Miguel de Velasco,Santa Cruz,Bolivia,85,8,28,,,,,8.6
0cca79f3-faf7-3bc1-b74e-09c2dc6dfb6a, -16.240000, -61.351870,2026-07-16 04:23:00,NOAA-21,José Miguel de Velasco,Santa Cruz,Bolivia,85,8,28,,,,,4.1
b3916b35-788d-3552-8c90-f97a0e4e858a, -16.341960, -59.613410,2026-07-16 04:23:00,NOAA-21,José Miguel de Velasco,Santa Cruz,Bolivia,85,8,28,,,,,8.1
9e83c5f0-000d-3b40-acab-d12db2f7d6bb, -16.347540, -59.649460,2026-07-16 04:23:00,NOAA-21,José Miguel de Velasco,Santa Cruz,Bolivia,85,8,28,,,,,5.4
43ade8c6-07f1-3d74-9642-92db35e1424a, -16.323710, -59.580460,2026-07-16 04:23:00,NOAA-21,José Miguel de Velasco,Santa Cruz,Bolivia,85,8,28,,,,,2.0
9e6f154f-d747-37d2-b811-2f25f8776355, -17.910060, -44.408300,2026-07-16 04:23:00,NOAA-21,LASSANCE,MINAS GERAIS,Brasil,3138104,31,33,,,,Cerrado,0.7
61aab43f-58ee-3ca5-9812-4f33ebd220bd, -16.339090, -59.688450,2026-07-16 04:23:00,NOAA-21,José Miguel de Velasco,Santa Cruz,Bolivia,85,8,28,,,,,9.0
e3df6159-7289-3368-b1e3-254d53aac171, -16.963340, -60.666800,2026-07-16 04:23:00,NOAA-21,José Miguel de Velasco,Santa Cruz,Bolivia,85,8,28,,,,,9.5
6294747a-df9d-300d-8c6b-0b425f2be9ee, -16.337900, -59.693940,2026-07-16 04:23:00,NOAA-21,José Miguel de Velasco,Santa Cruz,Bolivia,85,8,28,,,,,9.0
e8d5a2b2-f6bb-3f45-ac67-572f7a5646aa, -16.959700, -60.671330,2026-07-16 04:23:00,NOAA-21,José Miguel de Velasco,Santa Cruz,Bolivia,85,8,28,,,,,6.9
a970f142-a211-3d68-846f-85ca323febfb, -16.362520, -59.646490,2026-07-16 04:23:00,NOAA-21,José Miguel de Velasco,Santa Cruz,Bolivia,85,8,28,,,,,1.9
4b1b0fe4-1e33-3f96-aca0-cd9ca1eaf60a, -20.479830, -54.983150,2026-07-16 04:23:00,NOAA-21,TERENOS,MATO GROSSO DO SUL,Brasil,5008008,50,33,,,,Cerrado,1.3
926b7670-cd98-3b76-8ab9-651f002d53df, -16.324250, -59.637540,2026-07-16 04:23:00,NOAA-21,José Miguel de Velasco,Santa Cruz,Bolivia,85,8,28,,,,,4.9
d85d17d5-27fc-3737-8187-5760de5e75d6, -16.399930, -59.598560,2026-07-16 04:23:00,NOAA-21,José Miguel de Velasco,Santa Cruz,Bolivia,85,8,28,,,,,4.2
e258f56c-7f1d-3144-86a3-30b7d3651bad, -16.341040, -59.682510,2026-07-16 04:23:00,NOAA-21,José Miguel de Velasco,Santa Cruz,Bolivia,85,8,28,,,,,7.1
e04ca92b-5636-3126-b14b-d1a7a4bcba8e, -16.138140, -60.642460,2026-07-16 04:23:00,NOAA-21,José Miguel de Velasco,Santa Cruz,Bolivia,85,8,28,,,,,3.4
5f3ceea9-1258-31e8-bec0-8ed4e140825f, -18.355360, -59.046340,2026-07-16 04:23:00,NOAA-21,Chiquitos,Santa Cruz,Bolivia,80,8,28,,,,,2.5
36112132-0f65-3417-b5f7-d613dfb6775d, -16.127340, -60.622080,2026-07-16 04:23:00,NOAA-21,José Miguel de Velasco,Santa Cruz,Bolivia,85,8,28,,,,,113.2
c5a5c8c9-e75a-3119-ae8c-42fbeeb7f247, -17.702570, -42.663890,2026-07-16 04:23:00,NOAA-21,ITAMARANDIBA,MINAS GERAIS,Brasil,3132503,31,33,,,,Mata Atlântica,3.3
588e1a2d-7407-35f4-99e5-06f001c23fc4, -16.345490, -59.597170,2026-07-16 04:23:00,NOAA-21,José Miguel de Velasco,Santa Cruz,Bolivia,85,8,28,,,,,3.4
437171a9-76cd-3317-aab2-22861b4a6fc2, -16.357320, -59.639700,2026-07-16 04:23:00,NOAA-21,José Miguel de Velasco,Santa Cruz,Bolivia,85,8,28,,,,,3.5
0ea9d30e-32d1-3c3a-bf1f-13e05f44c0e9, -16.119830, -60.597920,2026-07-16 04:23:00,NOAA-21,José Miguel de Velasco,Santa Cruz,Bolivia,85,8,28,,,,,18.4
fd2417d9-eabb-32a0-8208-125efcd42134, -18.987980, -39.970480,2026-07-16 04:23:00,NOAA-21,JAGUARÉ,ESPÍRITO SANTO,Brasil,3203056,32,33,,,,Mata Atlântica,1.6
6f380035-0a17-3417-a24f-9e9e63b0fa80, -16.323190, -59.638100,2026-07-16 04:23:00,NOAA-21,José Miguel de Velasco,Santa Cruz,Bolivia,85,8,28,,,,,5.2
b0bd1acc-325d-372a-95a7-adc429c6e603, -16.350230, -59.701660,2026-07-16 04:23:00,NOAA-21,José Miguel de Velasco,Santa Cruz,Bolivia,85,8,28,,,,,3.5
9b3bbecf-4b69-3996-833c-706a79bd2b62, -16.121800, -60.647040,2026-07-16 04:23:00,NOAA-21,José Miguel de Velasco,Santa Cruz,Bolivia,85,8,28,,,,,30.4
6cff712d-c9b7-3625-bafe-440dc98e3bce, -18.354330, -59.050970,2026-07-16 04:23:00,NOAA-21,Chiquitos,Santa Cruz,Bolivia,80,8,28,,,,,3.2
015d80bd-9cbd-333f-a604-f9208c3d82a0, -21.408410, -43.880720,2026-07-16 04:23:00,NOAA-21,IBERTIOGA,MINAS GERAIS,Brasil,3129400,31,33,,,,Mata Atlântica,1.4
8ff3a39b-cf6e-3f87-ae0e-5fa810780cc9, -18.357170, -59.066360,2026-07-16 04:23:00,NOAA-21,Chiquitos,Santa Cruz,Bolivia,80,8,28,,,,,2.0
cecdbf07-7cc8-3df1-a4c3-6c4a70fafd03, -16.119200, -60.626680,2026-07-16 04:23:00,NOAA-21,José Miguel de Velasco,Santa Cruz,Bolivia,85,8,28,,,,,25.6
d0374c5d-dbfc-37b2-8b70-0607cdb6f33a, -22.277860, -42.888240,2026-07-16 04:23:00,NOAA-21,TERESÓPOLIS,RIO DE JANEIRO,Brasil,3305802,33,33,,,,Mata Atlântica,1.0
80006fa4-84d2-3d01-b673-b23cc6162a51, -18.331360, -59.069820,2026-07-16 04:23:00,NOAA-21,Chiquitos,Santa Cruz,Bolivia,80,8,28,,,,,3.8
452bebb1-af67-3b39-be1c-b8ed8c921d8a, -17.642210, -59.688180,2026-07-16 04:23:00,NOAA-21,Chiquitos,Santa Cruz,Bolivia,80,8,28,,,,,2.3
3b645809-78ed-3f48-9e8f-24d6760d95cb, -16.069450, -60.469120,2026-07-16 04:23:00,NOAA-21,José Miguel de Velasco,Santa Cruz,Bolivia,85,8,28,,,,,4.9
0b21adc7-0769-3bb7-83e8-c54c4851ec58, -16.396020, -59.586000,2026-07-16 04:23:00,NOAA-21,José Miguel de Velasco,Santa Cruz,Bolivia,85,8,28,,,,,4.7
e58f6ef9-30d9-3570-b76f-85787fd28fea, -18.997550, -47.897530,2026-07-16 04:23:00,NOAA-21,INDIANÓPOLIS,MINAS GERAIS,Brasil,3130705,31,33,,,,Cerrado,0.4
bf580c40-b078-37ef-95ca-4c217383c78c, -16.077600, -60.464330,2026-07-16 04:23:00,NOAA-21,José Miguel de Velasco,Santa Cruz,Bolivia,85,8,28,,,,,8.7
78c9b845-0eec-31a5-a3e2-005f30f948a3, -16.961080, -60.665200,2026-07-16 04:23:00,NOAA-21,José Miguel de Velasco,Santa Cruz,Bolivia,85,8,28,,,,,8.7
bb487ca5-7482-34b9-b131-7ce1f82e00ef, -18.277680, -60.821800,2026-07-16 04:23:00,NOAA-21,Cordillera,Santa Cruz,Bolivia,81,8,28,,,,,5.9
a905e0eb-df3a-3b01-93a0-1c56530ee143, -16.354130, -59.714390,2026-07-16 04:23:00,NOAA-21,José Miguel de Velasco,Santa Cruz,Bolivia,85,8,28,,,,,4.4
7b7480de-90de-310c-9c26-b90d4707838a, -18.276240, -43.696830,2026-07-16 04:23:00,NOAA-21,DIAMANTINA,MINAS GERAIS,Brasil,3121605,31,33,,,,Cerrado,1.4
6714fae3-be64-3053-a14b-2c299db8e02d, -16.403960, -59.610580,2026-07-16 04:23:00,NOAA-21,José Miguel de Velasco,Santa Cruz,Bolivia,85,8,28,,,,,5.4
d88b768f-5949-3c45-a0cc-9a572b798da9, -16.565880, -60.820480,2026-07-16 04:23:00,NOAA-21,José Miguel de Velasco,Santa Cruz,Bolivia,85,8,28,,,,,9.8
4bf89ee0-39c7-3220-81bd-bf30b7c9415d, -16.332260, -59.691690,2026-07-16 04:23:00,NOAA-21,José Miguel de Velasco,Santa Cruz,Bolivia,85,8,28,,,,,7.5
bcd92669-339f-3cb2-8488-c53f2586cc81, -16.402380, -59.587460,2026-07-16 04:23:00,NOAA-21,José Miguel de Velasco,Santa Cruz,Bolivia,85,8,28,,,,,3.5
10ae33bc-f7cb-31a0-a30d-021f159844b4, -18.330630, -59.045070,2026-07-16 04:23:00,NOAA-21,Chiquitos,Santa Cruz,Bolivia,80,8,28,,,,,3.3
661b366c-3b84-32bf-b59f-f7d40b1b6221, -19.839020, -45.406910,2026-07-16 04:23:00,NOAA-21,MOEMA,MINAS GERAIS,Brasil,3142403,31,33,,,,Cerrado,2.1
b8424a2b-3043-3289-a1cb-ca31c597c562, -16.331510, -59.692380,2026-07-16 04:23:00,NOAA-21,José Miguel de Velasco,Santa Cruz,Bolivia,85,8,28,,,,,7.2
3cb449de-f298-3c07-b248-37bbbfc6b85a, -16.348990, -59.707220,2026-07-16 04:23:00,NOAA-21,José Miguel de Velasco,Santa Cruz,Bolivia,85,8,28,,,,,3.5
36d02a3b-f56e-323f-a1a9-acea0d03836c, -16.135190, -60.650900,2026-07-16 04:23:00,NOAA-21,José Miguel de Velasco,Santa Cruz,Bolivia,85,8,28,,,,,31.3
35e0b454-9612-3b13-843c-d4068d7937d6, -16.370060, -59.642730,2026-07-16 04:23:00,NOAA-21,José Miguel de Velasco,Santa Cruz,Bolivia,85,8,28,,,,,7.2
bdaad23a-dd23-3b9a-a7a8-29d5252fde79, -20.534000, -50.553950,2026-07-16 04:23:00,NOAA-21,AURIFLAMA,SÃO PAULO,Brasil,3504206,35,33,,,,Mata Atlântica,0.6
151369b4-510e-3122-96aa-2711a4ec5dc0, -19.283030, -43.700650,2026-07-16 04:23:00,NOAA-21,JABOTICATUBAS,MINAS GERAIS,Brasil,3134608,31,33,,,,Cerrado,2.4
9ff56dc3-6460-39b9-af94-17203937c92e, -16.321690, -59.648940,2026-07-16 04:23:00,NOAA-21,José Miguel de Velasco,Santa Cruz,Bolivia,85,8,28,,,,,12.1
9ffb6a24-c259-37bb-945f-a2dbfa407ba2, -16.128500, -60.648970,2026-07-16 04:23:00,NOAA-21,José Miguel de Velasco,Santa Cruz,Bolivia,85,8,28,,,,,31.3
b96a7499-afec-3807-a067-90855d15fd20, -16.120370, -60.653470,2026-07-16 04:23:00,NOAA-21,José Miguel de Velasco,Santa Cruz,Bolivia,85,8,28,,,,,13.4
52dcd919-bdc1-3769-848b-7b437926cc66, -17.684050, -60.982930,2026-07-16 04:23:00,NOAA-21,Chiquitos,Santa Cruz,Bolivia,80,8,28,,,,,7.2
5e77ccc6-b1ea-39c6-a663-0f410715496e, -20.520400, -54.702050,2026-07-16 04:23:00,NOAA-21,CAMPO GRANDE,MATO GROSSO DO SUL,Brasil,5002704,50,33,,,,Cerrado,0.8
e492d34e-fc5d-3c19-8aec-6f2eb6c8cde2, -19.306750, -47.442980,2026-07-16 04:23:00,NOAA-21,SANTA JULIANA,MINAS GERAIS,Brasil,3157708,31,33,,,,Cerrado,0.8
b2ecc0a1-9b94-3bd9-9e64-d14b3fcc4be6, -16.129910, -60.642600,2026-07-16 04:23:00,NOAA-21,José Miguel de Velasco,Santa Cruz,Bolivia,85,8,28,,,,,31.3
5d9d5383-2077-3120-a5e6-bd9ea3b06d3a, -16.361650, -59.309970,2026-07-16 04:23:00,NOAA-21,José Miguel de Velasco,Santa Cruz,Bolivia,85,8,28,,,,,6.1
921afb99-2361-33d2-b734-8f517009fba5, -16.345090, -59.660780,2026-07-16 04:23:00,NOAA-21,José Miguel de Velasco,Santa Cruz,Bolivia,85,8,28,,,,,5.2
48025817-1054-39db-8c56-c7d6d1792ca2, -16.321930, -59.643860,2026-07-16 04:23:00,NOAA-21,José Miguel de Velasco,Santa Cruz,Bolivia,85,8,28,,,,,5.2
647df232-39ba-3820-a4eb-307220e2a7d4, -16.241940, -61.356250,2026-07-16 04:23:00,NOAA-21,José Miguel de Velasco,Santa Cruz,Bolivia,85,8,28,,,,,2.5
58c11e8c-ef63-30b1-b29d-c38ee167336e, -16.136660, -60.648960,2026-07-16 04:23:00,NOAA-21,José Miguel de Velasco,Santa Cruz,Bolivia,85,8,28,,,,,3.4
bad59c9e-0197-3aa0-8380-703d791cc98e, -18.353300, -59.055620,2026-07-16 04:23:00,NOAA-21,Chiquitos,Santa Cruz,Bolivia,80,8,28,,,,,3.2
9e57eb19-128d-338c-9230-a4a2f69a7579, -16.342580, -59.705760,2026-07-16 04:23:00,NOAA-21,José Miguel de Velasco,Santa Cruz,Bolivia,85,8,28,,,,,6.5
b5a858eb-a8e9-3032-b319-c4e5eab5b5cf, -16.125950, -60.628350,2026-07-16 04:23:00,NOAA-21,José Miguel de Velasco,Santa Cruz,Bolivia,85,8,28,,,,,25.6
c7030e11-643e-3536-89fa-63b479e4159c, -16.353460, -59.622100,2026-07-16 04:23:00,NOAA-21,José Miguel de Velasco,Santa Cruz,Bolivia,85,8,28,,,,,2.2
08cc795f-24a2-3b60-9719-bfac1f30960c, -19.284410, -43.702580,2026-07-16 04:23:00,NOAA-21,JABOTICATUBAS,MINAS GERAIS,Brasil,3134608,31,33,,,,Cerrado,2.3
ed5e61b0-cf0d-3ea4-9564-afcb5d122d15, -16.341890, -59.706550,2026-07-16 04:23:00,NOAA-21,José Miguel de Velasco,Santa Cruz,Bolivia,85,8,28,,,,,6.5
239ce46f-c5e1-3bb4-8e7e-04c1d1e20ba7, -16.647250, -60.720250,2026-07-16 04:23:00,NOAA-21,José Miguel de Velasco,Santa Cruz,Bolivia,85,8,28,,,,,2.3
4e7608d4-bb9b-322f-b58e-2b781ad5c896, -16.964960, -60.679220,2026-07-16 04:23:00,NOAA-21,José Miguel de Velasco,Santa Cruz,Bolivia,85,8,28,,,,,6.9
fdd49cfc-477f-39e0-9dc5-f22ff0a62634, -16.119510, -60.593330,2026-07-16 04:23:00,NOAA-21,José Miguel de Velasco,Santa Cruz,Bolivia,85,8,28,,,,,2.8
c16280aa-2b7c-393d-9a2b-fe52c89d7ce5, -16.351660, -59.575150,2026-07-16 04:23:00,NOAA-21,José Miguel de Velasco,Santa Cruz,Bolivia,85,8,28,,,,,6.8
c9a92926-bd90-3d2c-b4cc-20f81bd1b420, -16.366810, -59.591310,2026-07-16 04:23:00,NOAA-21,José Miguel de Velasco,Santa Cruz,Bolivia,85,8,28,,,,,2.8
4efc793d-09db-38f0-8af8-7a13001ff831, -16.138090, -60.637810,2026-07-16 04:23:00,NOAA-21,José Miguel de Velasco,Santa Cruz,Bolivia,85,8,28,,,,,37.8
efcc9c16-07af-3854-b347-c08a20b42134, -16.344250, -59.695670,2026-07-16 04:23:00,NOAA-21,José Miguel de Velasco,Santa Cruz,Bolivia,85,8,28,,,,,9.0
db03efdd-85ca-3070-b720-ff9bf67a3d64, -16.358570, -59.629430,2026-07-16 04:23:00,NOAA-21,José Miguel de Velasco,Santa Cruz,Bolivia,85,8,28,,,,,2.2
18b35821-bdcd-3f20-8ba8-95be6d0c0384, -16.964790, -60.660560,2026-07-16 04:23:00,NOAA-21,José Miguel de Velasco,Santa Cruz,Bolivia,85,8,28,,,,,4.0
5d94f005-c156-3ca2-b67a-02c07c7a7d5c, -19.929040, -53.586930,2026-07-16 04:23:00,NOAA-21,RIBAS DO RIO PARDO,MATO GROSSO DO SUL,Brasil,5007109,50,33,,,,Cerrado,0.7
40b14f92-24e0-37b0-ac9e-2b3b91c2e672, -16.662700, -59.601090,2026-07-16 04:23:00,NOAA-21,José Miguel de Velasco,Santa Cruz,Bolivia,85,8,28,,,,,1.6
cc5a9fd2-2613-3b54-9bee-568cd83e797b, -18.272560, -60.813980,2026-07-16 04:23:00,NOAA-21,Cordillera,Santa Cruz,Bolivia,81,8,28,,,,,5.3
76ff2666-e98c-309d-aa63-06bf5d800793, -16.358520, -59.634330,2026-07-16 04:23:00,NOAA-21,José Miguel de Velasco,Santa Cruz,Bolivia,85,8,28,,,,,3.5
b4739075-c0bc-32f0-933c-62559e73eb0e, -17.253920, -60.234390,2026-07-16 04:23:00,NOAA-21,Chiquitos,Santa Cruz,Bolivia,80,8,28,,,,,2.1
8525fe3f-5291-313d-961c-28bd7c119c93, -16.953810, -60.677490,2026-07-16 04:23:00,NOAA-21,José Miguel de Velasco,Santa Cruz,Bolivia,85,8,28,,,,,7.2
f7b851f6-e0d5-373a-8302-93a426592fc3, -20.518950, -48.856030,2026-07-16 04:23:00,NOAA-21,BARRETOS,SÃO PAULO,Brasil,3505500,35,33,,,,Mata Atlântica,0.9
44fcd393-8a5b-32ad-a1f2-b7c2e4ed1eba, -17.844270, -52.488040,2026-07-16 04:23:00,NOAA-21,MINEIROS,GOIÁS,Brasil,5213103,52,33,,,,Cerrado,1.8
af8b1af9-a404-3380-b8a9-f7b5b06cea56, -18.329260, -59.079210,2026-07-16 04:23:00,NOAA-21,Chiquitos,Santa Cruz,Bolivia,80,8,28,,,,,4.5
0fa9ea15-a365-31e5-ac9f-555b0a344173, -18.264350, -59.050600,2026-07-16 04:23:00,NOAA-21,Chiquitos,Santa Cruz,Bolivia,80,8,28,,,,,1.3
5749f0b3-8e9c-38b0-92cc-c8a3c994c9d2, -16.342570, -59.672400,2026-07-16 04:23:00,NOAA-21,José Miguel de Velasco,Santa Cruz,Bolivia,85,8,28,,,,,3.7
79daf1b6-014d-3a48-a7a8-f6feb78e6ebc, -16.381210, -59.622720,2026-07-16 04:23:00,NOAA-21,José Miguel de Velasco,Santa Cruz,Bolivia,85,8,28,,,,,1.9
444aeef2-0945-34e2-b447-f1126a4d35a3, -16.123180, -60.640810,2026-07-16 04:23:00,NOAA-21,José Miguel de Velasco,Santa Cruz,Bolivia,85,8,28,,,,,30.4
7998f408-d8ba-3b62-949d-650a64851607, -16.340240, -59.683170,2026-07-16 04:23:00,NOAA-21,José Miguel de Velasco,Santa Cruz,Bolivia,85,8,28,,,,,8.8
57ff6815-eb3b-3ef1-a86f-22c727d91da1, -16.337410, -59.698730,2026-07-16 04:23:00,NOAA-21,José Miguel de Velasco,Santa Cruz,Bolivia,85,8,28,,,,,6.5
cdb1c1cd-acc3-3f06-b62e-426e118721d4, -21.354890, -51.044590,2026-07-16 04:23:00,NOAA-21,VALPARAÍSO,SÃO PAULO,Brasil,3556305,35,33,,,,Mata Atlântica,0.8
09ea0c4d-3427-38dc-a4b6-ee8b36201917, -16.330330, -59.697840,2026-07-16 04:23:00,NOAA-21,José Miguel de Velasco,Santa Cruz,Bolivia,85,8,28,,,,,5.5
c24c4c19-6d52-3602-bb02-f096d9fee97e, -18.623860, -54.915760,2026-07-16 04:23:00,NOAA-21,RIO VERDE DE MATO GROSSO,MATO GROSSO DO SUL,Brasil,5007406,50,33,,,,Cerrado,9.2
614ba1f2-4185-30fd-bc22-1baef2c54efc, -18.333440, -59.060470,2026-07-16 04:23:00,NOAA-21,Chiquitos,Santa Cruz,Bolivia,80,8,28,,,,,4.0
3e36d9df-c8c6-3e38-b0a3-14b77bb266bb, -16.349040, -59.580800,2026-07-16 04:23:00,NOAA-21,José Miguel de Velasco,Santa Cruz,Bolivia,85,8,28,,,,,7.2
9106bab2-0510-3b3e-8fac-2b0fce9c47e7, -16.126520, -60.599790,2026-07-16 04:23:00,NOAA-21,José Miguel de Velasco,Santa Cruz,Bolivia,85,8,28,,,,,18.4
a8e91bb6-b7e0-3e10-8ce5-9084ebef5292, -16.132880, -60.634280,2026-07-16 04:23:00,NOAA-21,José Miguel de Velasco,Santa Cruz,Bolivia,85,8,28,,,,,37.9
c3c9612b-2d59-3b5c-b331-83b9807ba6d3, -17.648440, -59.689730,2026-07-16 04:23:00,NOAA-21,Chiquitos,Santa Cruz,Bolivia,80,8,28,,,,,2.3
ffc25fdb-47c7-3ccf-a6f6-7605d7834e1e, -16.343790, -59.700310,2026-07-16 04:23:00,NOAA-21,José Miguel de Velasco,Santa Cruz,Bolivia,85,8,28,,,,,6.5
cb2ef958-e1b0-3cae-a626-a7f34e9bf169, -17.703250, -42.658870,2026-07-16 04:23:00,NOAA-21,ITAMARANDIBA,MINAS GERAIS,Brasil,3132503,31,33,,,,Mata Atlântica,3.3
37dbb374-33f8-3a1b-a8b7-4953af0bd455, -16.328340, -59.645210,2026-07-16 04:23:00,NOAA-21,José Miguel de Velasco,Santa Cruz,Bolivia,85,8,28,,,,,5.2
61a3b162-0e74-3d98-aa85-cf93354e9cb9, -16.266740, -60.837190,2026-07-16 04:23:00,NOAA-21,José Miguel de Velasco,Santa Cruz,Bolivia,85,8,28,,,,,3.2
cc36b7c3-222a-385f-84ea-e1635ba4cc13, -18.323660, -59.065610,2026-07-16 04:23:00,NOAA-21,Chiquitos,Santa Cruz,Bolivia,80,8,28,,,,,2.1
da7f9683-b030-315b-b709-87ee96f19fbc, -16.320700, -59.649480,2026-07-16 04:23:00,NOAA-21,José Miguel de Velasco,Santa Cruz,Bolivia,85,8,28,,,,,11.4
1152fde4-cbda-33c1-93df-61443f9f75ff, -17.593660, -44.602390,2026-07-16 04:23:00,NOAA-21,VÁRZEA DA PALMA,MINAS GERAIS,Brasil,3170800,31,33,,,,Cerrado,2.4
f33ac14f-4dca-38c3-aa9e-37f784303844, -16.347850, -59.586280,2026-07-16 04:23:00,NOAA-21,José Miguel de Velasco,Santa Cruz,Bolivia,85,8,28,,,,,2.8
09f3b08c-9968-303e-848d-bfac9490fa0d, -21.524720, -41.236220,2026-07-16 04:23:00,NOAA-21,SÃO FRANCISCO DE ITABAPOANA,RIO DE JANEIRO,Brasil,3304755,33,33,,,,Mata Atlântica,9.3
a0b97c11-fac4-381f-be5f-25f450ad05d8, -16.128720, -60.615880,2026-07-16 04:23:00,NOAA-21,José Miguel de Velasco,Santa Cruz,Bolivia,85,8,28,,,,,113.2
5bdcdc9c-2ecf-3f5c-9e87-1ffeb0928d25, -16.346670, -59.591750,2026-07-16 04:23:00,NOAA-21,José Miguel de Velasco,Santa Cruz,Bolivia,85,8,28,,,,,2.8
552ffe49-e740-3147-bb2d-cb80e98d1a49, -16.346820, -59.596760,2026-07-16 04:23:00,NOAA-21,José Miguel de Velasco,Santa Cruz,Bolivia,85,8,28,,,,,3.1
31ea3069-c460-3986-84a1-7c4cc69410f3, -16.127530, -60.626500,2026-07-16 04:23:00,NOAA-21,José Miguel de Velasco,Santa Cruz,Bolivia,85,8,28,,,,,37.9
b4633ae1-f7e2-3914-bf49-87d27f834c7e, -17.109130, -60.643780,2026-07-16 04:23:00,NOAA-21,José Miguel de Velasco,Santa Cruz,Bolivia,85,8,28,,,,,16.9
624e2d29-0b1f-3878-9530-0e6204f4464b, -20.518350, -48.859750,2026-07-16 04:23:00,NOAA-21,BARRETOS,SÃO PAULO,Brasil,3505500,35,33,,,,Mata Atlântica,2.5
db82c6a4-04b1-311a-aac0-5411a59b9316, -16.350480, -59.580440,2026-07-16 04:23:00,NOAA-21,José Miguel de Velasco,Santa Cruz,Bolivia,85,8,28,,,,,6.8
2bdf3910-e6f2-3ad1-9ad1-821b48b0cc2b, -19.833350, -57.954220,2026-07-16 04:23:00,NOAA-21,CORUMBÁ,MATO GROSSO DO SUL,Brasil,5003207,50,33,,,,Pantanal,2.2
22b71762-2b9a-34c3-ae51-1b947fe94e7e, -16.135740, -60.621740,2026-07-16 04:23:00,NOAA-21,José Miguel de Velasco,Santa Cruz,Bolivia,85,8,28,,,,,84.5
1fd5ebb3-8c70-3b6f-b07c-05ae66fcfb7d, -21.822250, -41.410480,2026-07-16 04:23:00,NOAA-21,CAMPOS DOS GOYTACAZES,RIO DE JANEIRO,Brasil,3301009,33,33,,,,Mata Atlântica,1.4
52bee7bb-934a-34c9-bb28-951334e7f951, -17.490130, -59.573560,2026-07-16 04:23:00,NOAA-21,Chiquitos,Santa Cruz,Bolivia,80,8,28,,,,,3.8
9097933d-bc1b-3c32-95e1-3806396cf7b9, -17.647290, -59.694790,2026-07-16 04:23:00,NOAA-21,Chiquitos,Santa Cruz,Bolivia,80,8,28,,,,,2.3
da909542-6ded-3071-994d-0a3930990c72, -16.132740, -60.629850,2026-07-16 04:23:00,NOAA-21,José Miguel de Velasco,Santa Cruz,Bolivia,85,8,28,,,,,37.8
fe70639a-4d51-3ba0-be2d-475087391fd2, -16.125080, -60.606050,2026-07-16 04:23:00,NOAA-21,José Miguel de Velasco,Santa Cruz,Bolivia,85,8,28,,,,,18.4
2cb1aafd-2fc0-37f6-b2c1-966cc65b5b5c, -16.354370, -59.592930,2026-07-16 04:23:00,NOAA-21,José Miguel de Velasco,Santa Cruz,Bolivia,85,8,28,,,,,3.3
0bc8ef41-5f18-374a-9e06-31756c2bb048, -16.354660, -59.621590,2026-07-16 04:23:00,NOAA-21,José Miguel de Velasco,Santa Cruz,Bolivia,85,8,28,,,,,3.3
0fafd76e-ea18-3dc6-a775-ecc578c34e9f, -19.443920, -59.786060,2026-07-16 04:23:00,NOAA-21,Mayor Pablo Lagerenza,Alto Paraguay,Paraguay,19,2,177,,,,,3.2
4d04bcd1-d44f-3b5b-840f-b82abebc6bbb, -16.124670, -60.638990,2026-07-16 04:23:00,NOAA-21,José Miguel de Velasco,Santa Cruz,Bolivia,85,8,28,,,,,44.2
c91ba1fe-a9a8-3c60-9cae-9291eae6bf03, -19.013640, -45.749120,2026-07-16 04:23:00,NOAA-21,TIROS,MINAS GERAIS,Brasil,3168903,31,33,,,,Cerrado,0.6
2c391013-ae4f-3085-a412-4bcd2bacd51e, -25.001860, -59.893350,2026-07-16 04:25:00,NOAA-21,Patiño,Formosa,Argentina,257,9,12,,,,,2.5
5b7d6f9e-06d7-3878-8d6d-6221b04b0c93, -21.670310, -56.320290,2026-07-16 04:25:00,NOAA-21,BELA VISTA,MATO GROSSO DO SUL,Brasil,5002100,50,33,,,,Cerrado,2.9
ee80dd81-1a6f-3ac2-9039-582451b4eaee, -22.376280, -49.792260,2026-07-16 04:25:00,NOAA-21,LUPÉRCIO,SÃO PAULO,Brasil,3527801,35,33,,,,Mata Atlântica,0.7
f09ce2f7-10a2-3968-ac42-e582dd3cde50, -25.680430, -57.753320,2026-07-16 04:25:00,NOAA-21,Villeta,Central,Paraguay,97,10,177,,,,,1.7
d3861e9b-40d2-340e-ac70-64772501f64f, -25.076890, -55.188110,2026-07-16 04:25:00,NOAA-21,Mariscal Francisco Solano López,Caaguazú,Paraguay,54,7,177,,,,,1.6
70592bbb-e443-3b4c-b9fb-2449028c1e2a, -27.201730, -56.935710,2026-07-16 04:25:00,NOAA-21,Santiago,Misiones,Paraguay,180,15,177,,,,,1.9
3f35ce4f-6e9c-3778-aa95-c2b117fdc03b, -26.988200, -56.992950,2026-07-16 04:25:00,NOAA-21,San Ignacio,Misiones,Paraguay,174,15,177,,,,,4.1
782d5980-7fda-337a-96a0-d0182ebb8d52, -27.297220, -56.809760,2026-07-16 04:25:00,NOAA-21,Ayolas,Misiones,Paraguay,173,15,177,,,,,2.8
9692c25a-1541-344f-b56f-5bfb1cda1b15, -24.443280, -55.133720,2026-07-16 04:25:00,NOAA-21,Villa San Isidro Curuguaty,Canindeyú,Paraguay,78,9,177,,,,,1.1
71a99bb5-34c0-3318-b234-5c595080281d, -23.804320, -56.267780,2026-07-16 04:25:00,NOAA-21,Nueva Germania,San Pedro,Paraguay,211,18,177,,,,,3.5
08bedf6b-f05d-3ba5-86e6-ec03c580e62c, -24.795980, -55.257430,2026-07-16 04:25:00,NOAA-21,Itakyry,Alto Paraná,Paraguay,25,3,177,,,,,2.0
4089283e-646a-3a90-b5c2-5e1d5c5bf679, -25.574630, -55.268320,2026-07-16 04:25:00,NOAA-21,San Cristóbal,Alto Paraná,Paraguay,34,3,177,,,,,1.3
5be9d9b1-723d-32a8-ac98-ba023a2aec56, -25.491240, -56.889900,2026-07-16 04:25:00,NOAA-21,Itacurubí de la Cordillera,Cordillera,Paraguay,116,12,177,,,,,1.1
42ca41b3-adff-3efc-8424-aabe03790a75, -23.561820, -47.516450,2026-07-16 04:25:00,NOAA-21,SOROCABA,SÃO PAULO,Brasil,3552205,35,33,,,,Mata Atlântica,21.4
9e4b7591-1dcf-34c9-92ad-bd297fb0c903, -23.332570, -57.481740,2026-07-16 04:25:00,NOAA-21,Concepción,Concepción,Paraguay,102,11,177,,,,,8.9
ffa79712-3ec3-38d2-952d-5ef0085d5121, -28.529020, -56.716990,2026-07-16 04:25:00,NOAA-21,San Martín,Corrientes,Argentina,231,7,12,,,,,1.2
6bdb3f65-8ecd-323b-bc0d-31f1300c38a2, -26.169080, -61.204090,2026-07-16 04:25:00,NOAA-21,Almirante Brown,Chaco,Argentina,171,4,12,,,,,2.5
9ed55b73-dbe8-3bb7-b985-574cb528cda1, -22.376910, -49.788400,2026-07-16 04:25:00,NOAA-21,LUPÉRCIO,SÃO PAULO,Brasil,3527801,35,33,,,,Mata Atlântica,0.7
127bd496-1fd1-3703-af58-5a776050587a, -27.198920, -56.970580,2026-07-16 04:25:00,NOAA-21,Santiago,Misiones,Paraguay,180,15,177,,,,,2.7
522eb34e-5df4-3945-9394-1e1ba9bb7eb6, -26.067370, -60.921270,2026-07-16 04:25:00,NOAA-21,General Güemes,Chaco,Argentina,179,4,12,,,,,5.1
d0f69ae6-4074-3967-9173-06e8c5ad0ccd, -24.195110, -56.909410,2026-07-16 04:25:00,NOAA-21,Villa del Rosario,San Pedro,Paraguay,217,18,177,,,,,1.1
4d3b6451-d2e4-3020-9b9c-014ce9fc5a4b, -26.393420, -56.710080,2026-07-16 04:25:00,NOAA-21,Doctor Moisés S. Bertoni,Caazapá,Paraguay,66,8,177,,,,,1.0
1ce033da-06bc-3000-8322-c4ea25b835ff, -24.487290, -56.921830,2026-07-16 04:25:00,NOAA-21,General Elizardo Aquino,San Pedro,Paraguay,207,18,177,,,,,2.1
1d4e0019-720f-3f5c-b6f0-15b39763ad92, -25.563960, -55.257220,2026-07-16 04:25:00,NOAA-21,San Cristóbal,Alto Paraná,Paraguay,34,3,177,,,,,1.0
5a5a5587-482f-35fe-adea-46b8106267d0, -26.911940, -57.327120,2026-07-16 04:25:00,NOAA-21,San Ignacio,Misiones,Paraguay,174,15,177,,,,,4.9
22a8d557-d284-341c-9ede-2bbc95e24f80, -26.194510, -56.567540,2026-07-16 04:25:00,NOAA-21,Maciel,Caazapá,Paraguay,70,8,177,,,,,1.1
cb6c037c-bf2e-3335-8b39-4c1aa69a8d6f, -25.006440, -59.896120,2026-07-16 04:25:00,NOAA-21,Patiño,Formosa,Argentina,257,9,12,,,,,5.8
befe756e-d84d-3fb8-9312-b7064fdd6149, -25.931900, -56.602780,2026-07-16 04:25:00,NOAA-21,Tebicuarymí,Paraguarí,Paraguay,196,16,177,,,,,1.4
c58ebaef-fa1c-3992-b3f9-813cd8c04bb3, -22.788420, -49.351620,2026-07-16 04:25:00,NOAA-21,ÁGUAS DE SANTA BÁRBARA,SÃO PAULO,Brasil,3500550,35,33,,,,Cerrado,0.7
8b5928ab-4e1b-36e6-ba63-3a98a56d6273, -22.492410, -57.144580,2026-07-16 04:25:00,NOAA-21,Concepción,Concepción,Paraguay,102,11,177,,,,,1.6
70f966ab-2a0d-3d96-8407-ead941bb7996, -24.707680, -57.405600,2026-07-16 04:25:00,NOAA-21,Villa Hayes,Presidente Hayes,Paraguay,203,17,177,,,,,2.2
8f5929b8-1ce7-3106-a0a6-7c4efc0fd47f, -26.317380, -55.848550,2026-07-16 04:25:00,NOAA-21,San Juan Nepomuceno,Caazapá,Paraguay,71,8,177,,,,,0.7
57130d82-87f8-33c1-a18b-b772f9b6ae24, -26.762290, -54.270880,2026-07-16 04:25:00,NOAA-21,Guaraní,Misiones,Argentina,343,14,12,,,,,0.6
7d494156-d4d6-3d8b-84fe-c9e3e4f5e7c5, -24.207140, -56.805790,2026-07-16 04:25:00,NOAA-21,General Elizardo Aquino,San Pedro,Paraguay,207,18,177,,,,,4.0
356ee29f-ebd4-3cd3-ae12-4b9ecc99c3e4, -22.751400, -51.945540,2026-07-16 04:25:00,NOAA-21,ITAGUAJÉ,PARANÁ,Brasil,4110904,41,33,,,,Mata Atlântica,2.2
382536ee-808f-32ee-825b-27123eab7c4f, -26.599420, -55.929020,2026-07-16 04:25:00,NOAA-21,San Pedro del Paraná,Itapúa,Paraguay,168,14,177,,,,,1.3
421df440-9e20-33ee-bdbe-9a565b33a389, -24.191720, -56.925540,2026-07-16 04:25:00,NOAA-21,Villa del Rosario,San Pedro,Paraguay,217,18,177,,,,,11.5
32590dbd-004b-3281-94e1-32ba5fc47f44, -27.826710, -56.284580,2026-07-16 04:25:00,NOAA-21,Santo Tomé,Corrientes,Argentina,234,7,12,,,,,2.2
01aa7c24-2a63-383d-b64f-c37b94dd14f6, -23.598160, -56.690380,2026-07-16 04:25:00,NOAA-21,Tacuatí,San Pedro,Paraguay,215,18,177,,,,,1.2
32aa4563-890d-38c4-bc53-5fa3f3f4e4a0, -24.463500, -54.644390,2026-07-16 04:25:00,NOAA-21,General Francisco C. Alvarez,Canindeyú,Paraguay,75,9,177,,,,,0.8
e7730778-bda2-3e38-8e81-1bdf2e98c08b, -25.064860, -54.564550,2026-07-16 04:25:00,NOAA-21,Hernandarias,Alto Paraná,Paraguay,24,3,177,,,,,1.0
1f8e98a2-f284-33ad-99f1-164035de2e22, -25.039540, -54.566360,2026-07-16 04:25:00,NOAA-21,Mbaracayú,Alto Paraná,Paraguay,28,3,177,,,,,0.6
46a86e08-a3ee-3101-9bec-153d22e4716d, -25.038290, -54.566350,2026-07-16 04:25:00,NOAA-21,Mbaracayú,Alto Paraná,Paraguay,28,3,177,,,,,1.0
93ddd478-3e15-3904-bd99-94333facee44, -26.489730, -55.820760,2026-07-16 04:25:00,NOAA-21,Alto Verá,Itapúa,Paraguay,144,14,177,,,,,0.9
aa7a50dc-96dc-3fdc-b1ff-39150b226246, -23.759000, -56.066950,2026-07-16 04:25:00,NOAA-21,Nueva Germania,San Pedro,Paraguay,211,18,177,,,,,1.1
cc5cce93-ff19-3a39-9823-89425a456983, -24.204520, -58.175350,2026-07-16 04:25:00,NOAA-21,Villa Hayes,Presidente Hayes,Paraguay,203,17,177,,,,,3.4
08afa828-611f-3e01-82e3-5897d3a4874b, -28.529940, -56.712520,2026-07-16 04:25:00,NOAA-21,San Martín,Corrientes,Argentina,231,7,12,,,,,1.5
4954b1c8-36a4-3935-a144-77f85b10c6e1, -24.466030, -54.653160,2026-07-16 04:25:00,NOAA-21,General Francisco C. Alvarez,Canindeyú,Paraguay,75,9,177,,,,,1.0
679fefb7-ea15-3995-a83f-11cb4c3ce50e, -22.789030, -49.347850,2026-07-16 04:25:00,NOAA-21,ÁGUAS DE SANTA BÁRBARA,SÃO PAULO,Brasil,3500550,35,33,,,,Cerrado,0.7
2c27eca5-391a-35b4-975e-e6b98b121f67, -23.353740, -57.894410,2026-07-16 04:25:00,NOAA-21,Pozo Colorado,Presidente Hayes,Paraguay,201,17,177,,,,,1.0
f46681fb-c135-30a5-be95-ce63548c33c4, -26.175880, -61.201290,2026-07-16 04:25:00,NOAA-21,Almirante Brown,Chaco,Argentina,171,4,12,,,,,1.0
db8c04a2-66fd-3f98-9fa7-d3bd383fb338, -23.602810, -56.691520,2026-07-16 04:25:00,NOAA-21,Tacuatí,San Pedro,Paraguay,215,18,177,,,,,3.1
3503b75b-3787-3794-a706-e8bec022b2aa, -25.136280, -56.579660,2026-07-16 04:25:00,NOAA-21,Carayaó,Caaguazú,Paraguay,47,7,177,,,,,1.3
5b01bca3-e416-3328-b58e-f0ac0c23c1f5, -25.697080, -57.445450,2026-07-16 04:25:00,NOAA-21,Nueva Italia,Central,Paraguay,93,10,177,,,,,5.1
8b387488-3f85-3dc7-9920-17a8156e6989, -23.973950, -55.501300,2026-07-16 04:25:00,NOAA-21,Villa Ygatimí,Canindeyú,Paraguay,79,9,177,,,,,0.7
5945dc12-e769-3d00-b0b8-32ee726ea26d, -24.476340, -54.643430,2026-07-16 04:25:00,NOAA-21,General Francisco C. Alvarez,Canindeyú,Paraguay,75,9,177,,,,,3.3
21cf3220-d977-3b11-acea-0a93c14f83de, -27.523570, -57.125890,2026-07-16 04:25:00,NOAA-21,San Miguel,Corrientes,Argentina,232,7,12,,,,,1.6
9c85b583-661d-37c8-8e31-18a3d6e0b26f, -28.040290, -56.400280,2026-07-16 04:25:00,NOAA-21,Santo Tomé,Corrientes,Argentina,234,7,12,,,,,1.0
31410d97-81f1-38b3-a0f7-d70e71dc16d1, -26.066300, -60.925610,2026-07-16 04:25:00,NOAA-21,General Güemes,Chaco,Argentina,179,4,12,,,,,5.0
0c2e1efe-0d1f-3cb6-8be9-d5860b468ada, -22.984290, -56.272220,2026-07-16 04:25:00,NOAA-21,Yby Yaù,Concepción,Paraguay,107,11,177,,,,,1.9
8a96a793-56c5-3a48-9acd-467393df75c9, -21.472060, -60.941510,2026-07-16 04:25:00,NOAA-21,General Eugenio A. Garay,Boquerón,Paraguay,43,6,177,,,,,3.6
1a418b86-e4c3-395e-aebf-c4071f9251d6, -25.182620, -55.709510,2026-07-16 04:25:00,NOAA-21,Raúl Arsenio Oviedo,Caaguazú,Paraguay,57,7,177,,,,,1.6
dc677b3c-f7c1-3209-95a1-bffd8afc1ee4, -26.971040, -56.195310,2026-07-16 04:25:00,NOAA-21,General Artigas,Itapúa,Paraguay,155,14,177,,,,,1.3
a7653020-7fdf-39f1-b6df-1e941e0c7d21, -25.038790, -54.570160,2026-07-16 04:25:00,NOAA-21,Mbaracayú,Alto Paraná,Paraguay,28,3,177,,,,,0.6
aecd2ca1-a570-3bcc-b0ed-55ec05c555fd, -24.445090, -54.652250,2026-07-16 04:25:00,NOAA-21,General Francisco C. Alvarez,Canindeyú,Paraguay,75,9,177,,,,,1.0
442de06b-e4d9-3e4f-8cf8-c2ed2f7484ce, -25.684250, -55.703930,2026-07-16 04:25:00,NOAA-21,Jose A. Fassardi,Guairá,Paraguay,138,13,177,,,,,7.1
0fcbe049-1438-36cc-83d6-16ed1c48cee5, -25.565900, -55.258520,2026-07-16 04:25:00,NOAA-21,San Cristóbal,Alto Paraná,Paraguay,34,3,177,,,,,3.3
81b3a652-dea3-3c3f-a835-31f1de7de64c, -24.736150, -56.851050,2026-07-16 04:25:00,NOAA-21,25 de Diciembre,San Pedro,Paraguay,204,18,177,,,,,0.9
000c775c-0491-367d-8e34-979387d6facf, -24.479640, -54.647290,2026-07-16 04:25:00,NOAA-21,General Francisco C. Alvarez,Canindeyú,Paraguay,75,9,177,,,,,3.4
b7f5ce26-2804-3b15-9d6d-f343f40a3cad, -24.187070, -56.924390,2026-07-16 04:25:00,NOAA-21,San Pablo,San Pedro,Paraguay,213,18,177,,,,,6.4
1169f0e7-cece-3752-9dc4-8ac70e77d8ed, -24.480390, -54.644320,2026-07-16 04:25:00,NOAA-21,General Francisco C. Alvarez,Canindeyú,Paraguay,75,9,177,,,,,3.3
8de1972e-aa15-339d-af0e-67a44c9110b9, -25.575450, -55.264220,2026-07-16 04:25:00,NOAA-21,San Cristóbal,Alto Paraná,Paraguay,34,3,177,,,,,1.2
96321f4e-3c11-38b6-9945-b38985ab5037, -25.571340, -55.263260,2026-07-16 04:25:00,NOAA-21,San Cristóbal,Alto Paraná,Paraguay,34,3,177,,,,,5.4
fec78271-3c7a-3c6b-ab39-a6ab17a507c8, -26.979380, -56.990610,2026-07-16 04:25:00,NOAA-21,San Ignacio,Misiones,Paraguay,174,15,177,,,,,2.3
4e0cf560-ba81-35a1-a253-496b5da06873, -25.347190, -54.929820,2026-07-16 04:25:00,NOAA-21,Hernandarias,Alto Paraná,Paraguay,24,3,177,,,,,0.7
19a2a8d1-f2ba-3c52-982b-c3fe4b82fb60, -22.379640, -49.792890,2026-07-16 04:25:00,NOAA-21,LUPÉRCIO,SÃO PAULO,Brasil,3527801,35,33,,,,Mata Atlântica,0.9
ee151670-4b64-32e9-b2d8-f5354fef7fe9, -24.183550, -56.917840,2026-07-16 04:25:00,NOAA-21,San Pablo,San Pedro,Paraguay,213,18,177,,,,,6.4
364eed39-e7c6-3e05-870c-bfe75495b0d7, -22.752200, -51.941040,2026-07-16 04:25:00,NOAA-21,ITAGUAJÉ,PARANÁ,Brasil,4110904,41,33,,,,Mata Atlântica,11.2
c2f6f4dd-1a7d-370d-83e9-ff82b3c44602, -22.969040, -52.709510,2026-07-16 04:25:00,NOAA-21,GUAIRAÇÁ,PARANÁ,Brasil,4108908,41,33,,,,Mata Atlântica,1.0
c5967fa0-d44a-3ae0-92e6-eca6857b42ad, -21.465850, -60.939850,2026-07-16 04:25:00,NOAA-21,General Eugenio A. Garay,Boquerón,Paraguay,43,6,177,,,,,1.2
100c46ac-cee5-3489-abb2-e0852b670868, -26.812260, -56.217470,2026-07-16 04:25:00,NOAA-21,San Pedro del Paraná,Itapúa,Paraguay,168,14,177,,,,,1.0
25708ba8-9bb8-3037-892f-6318976221c1, -25.101490, -55.150990,2026-07-16 04:25:00,NOAA-21,Mariscal Francisco Solano López,Caaguazú,Paraguay,54,7,177,,,,,1.4
8fb8be2d-3e1d-3cf6-a69d-41ee62c7883c, -23.484640, -56.616240,2026-07-16 04:25:00,NOAA-21,Tacuatí,San Pedro,Paraguay,215,18,177,,,,,1.9
23d38eb9-3de8-3e97-aae2-560446026459, -22.322000, -57.691310,2026-07-16 04:25:00,NOAA-21,San Lázaro,Concepción,Paraguay,106,11,177,,,,,1.8
3f96ecfd-0a61-30f7-a146-5878f18c502e, -26.116560, -56.371880,2026-07-16 04:25:00,NOAA-21,Caazapá,Caazapá,Paraguay,65,8,177,,,,,0.9
350ce320-fec4-33e7-9fad-a0accbb060df, -24.433730, -57.493580,2026-07-16 04:25:00,NOAA-21,Villa Hayes,Presidente Hayes,Paraguay,203,17,177,,,,,1.1
2f8e2a61-2c23-38f3-b47b-81c115c6975f, -25.137310, -56.574710,2026-07-16 04:25:00,NOAA-21,Carayaó,Caaguazú,Paraguay,47,7,177,,,,,2.2
f095cabb-2094-3373-b518-dfbf61548b2a, -24.804210, -57.443840,2026-07-16 04:25:00,NOAA-21,Benjamín Aceval,Presidente Hayes,Paraguay,200,17,177,,,,,2.1
ce533fde-3b8c-39a2-8379-86d26d09477c, -28.095020, -58.405570,2026-07-16 04:25:00,NOAA-21,Saladas,Corrientes,Argentina,228,7,12,,,,,1.1
737fc8ef-81dc-33ce-be38-1023489ba35d, -23.756810, -56.065010,2026-07-16 04:25:00,NOAA-21,Nueva Germania,San Pedro,Paraguay,211,18,177,,,,,0.9
bcf0d393-e82e-3536-8e12-c02a5ad613fe, -22.542380, -56.038440,2026-07-16 04:25:00,NOAA-21,Pedro Juan Caballero,Amambay,Paraguay,40,4,177,,,,,1.1
198f098c-0d74-3739-a765-16a8ac6fb504, -27.447900, -57.546330,2026-07-16 04:25:00,NOAA-21,Berón de Astrada,Corrientes,Argentina,212,7,12,,,,,1.8
8ec5041f-5546-3e18-a0bf-0634eaf2a0c2, -25.140750, -56.580780,2026-07-16 04:25:00,NOAA-21,Carayaó,Caaguazú,Paraguay,47,7,177,,,,,1.3
f9cdea61-38f6-377f-8d72-8aef80778a43, -25.008300, -59.888240,2026-07-16 04:25:00,NOAA-21,Patiño,Formosa,Argentina,257,9,12,,,,,3.1
53271166-c77e-3c42-b469-0e43933f95db, -28.238410, -56.313240,2026-07-16 04:25:00,NOAA-21,Santo Tomé,Corrientes,Argentina,234,7,12,,,,,0.9
3345cce1-fe8e-3bca-9626-d7cbcdef866b, -24.805430, -57.438200,2026-07-16 04:25:00,NOAA-21,Benjamín Aceval,Presidente Hayes,Paraguay,200,17,177,,,,,1.5
afb75afb-0e95-34f1-a358-79c5068ceecd, -26.774650, -55.888230,2026-07-16 04:25:00,NOAA-21,Alto Verá,Itapúa,Paraguay,144,14,177,,,,,1.0
aa1790e7-6971-38db-ad08-661d1c076dba, -25.881870, -56.687130,2026-07-16 04:25:00,NOAA-21,Tebicuarymí,Paraguarí,Paraguay,196,16,177,,,,,1.9
964354d4-127d-39bf-b55f-e08735b99680, -25.041540, -54.571120,2026-07-16 04:25:00,NOAA-21,Mbaracayú,Alto Paraná,Paraguay,28,3,177,,,,,1.0
23a05299-ecb2-331e-9fa3-5ade0f9b89ba, -25.007370, -59.892180,2026-07-16 04:25:00,NOAA-21,Patiño,Formosa,Argentina,257,9,12,,,,,3.1
3bf3ede4-838b-3a86-bc5f-fc6d80793727, -25.183510, -55.705120,2026-07-16 04:25:00,NOAA-21,Raúl Arsenio Oviedo,Caaguazú,Paraguay,57,7,177,,,,,1.8
f5245c89-2741-3023-a6d3-fb18f2bc9ce2, -25.495770, -56.890990,2026-07-16 04:25:00,NOAA-21,Itacurubí de la Cordillera,Cordillera,Paraguay,116,12,177,,,,,0.8
79ab0a7d-5e97-37d7-9c00-1afb01954b17, -27.202280, -56.976570,2026-07-16 04:25:00,NOAA-21,Yabebyry,Misiones,Paraguay,182,15,177,,,,,2.5
0f6a4952-202d-39e1-b710-8efb59fe948f, -24.435640, -57.492280,2026-07-16 04:25:00,NOAA-21,Villa Hayes,Presidente Hayes,Paraguay,203,17,177,,,,,1.4
6bd5f808-b948-312c-b787-0bb6ed7276ab, -25.008210, -59.890910,2026-07-16 04:25:00,NOAA-21,Patiño,Formosa,Argentina,257,9,12,,,,,4.2
ad760214-3b15-3255-bec4-b9e0098004d4, -24.719580, -57.396750,2026-07-16 04:25:00,NOAA-21,Villa Hayes,Presidente Hayes,Paraguay,203,17,177,,,,,2.2
be09b2b1-e0d1-336a-806f-e59d87d64b4a, -21.468490, -60.942750,2026-07-16 04:25:00,NOAA-21,General Eugenio A. Garay,Boquerón,Paraguay,43,6,177,,,,,4.3
f98da44b-6f5f-3118-b861-3fcd054a44b9, -25.702220, -57.156950,2026-07-16 04:25:00,NOAA-21,Paraguarí,Paraguarí,Paraguay,190,16,177,,,,,3.2
4a4dedd5-0aa5-374e-86cd-e1275fa6903c, -25.006400, -59.898820,2026-07-16 04:25:00,NOAA-21,Patiño,Formosa,Argentina,257,9,12,,,,,3.3
977ec0b7-36d5-3965-a750-502575850958, -23.342010, -52.330920,2026-07-16 04:25:00,NOAA-21,FLORAÍ,PARANÁ,Brasil,4107801,41,33,,,,Mata Atlântica,3.1
64cb41af-9746-3ddd-9f64-35d72d2e4dbe, -26.488870, -55.825040,2026-07-16 04:25:00,NOAA-21,Alto Verá,Itapúa,Paraguay,144,14,177,,,,,1.1
9447ab49-3b4a-3791-b773-b0beaec63898, -27.196250, -56.967530,2026-07-16 04:25:00,NOAA-21,Santiago,Misiones,Paraguay,180,15,177,,,,,3.5
feff271e-1ea0-30d6-a11d-fc34c21c40d1, -26.980430, -56.985680,2026-07-16 04:25:00,NOAA-21,San Ignacio,Misiones,Paraguay,174,15,177,,,,,2.3
e3dee108-37bb-3f1e-8963-c54e33b1e1ae, -23.607440, -56.692720,2026-07-16 04:25:00,NOAA-21,Tacuatí,San Pedro,Paraguay,215,18,177,,,,,3.1
0b27be92-24eb-3ae5-92f7-b2cede0d6940, -28.091900, -58.400420,2026-07-16 04:25:00,NOAA-21,Saladas,Corrientes,Argentina,228,7,12,,,,,1.4
89949248-6618-3037-a495-6ede6fbe6c11, -25.751760, -57.442360,2026-07-16 04:25:00,NOAA-21,Carapeguá,Paraguarí,Paraguay,185,16,177,,,,,3.2
27c6b3a7-e57d-3c45-9d1d-57df8448ea1c, -23.338270, -57.484500,2026-07-16 04:25:00,NOAA-21,Concepción,Concepción,Paraguay,102,11,177,,,,,7.7
43da2f74-0418-39f0-9418-dbbfd3b03d46, -25.185690, -55.650700,2026-07-16 04:25:00,NOAA-21,Raúl Arsenio Oviedo,Caaguazú,Paraguay,57,7,177,,,,,1.5
462bbe8c-93b2-354e-933c-aefcbba7947c, -24.731580, -56.849900,2026-07-16 04:25:00,NOAA-21,25 de Diciembre,San Pedro,Paraguay,204,18,177,,,,,1.7
aee47208-28ac-350b-8c28-4ebd106057ea, -24.950690, -57.622800,2026-07-16 04:25:00,NOAA-21,Benjamín Aceval,Presidente Hayes,Paraguay,200,17,177,,,,,1.4
8be312ee-bdae-3b9e-b96c-787558a46269, -25.543600, -55.218950,2026-07-16 04:25:00,NOAA-21,San Cristóbal,Alto Paraná,Paraguay,34,3,177,,,,,3.6
d4cc8c72-b5dc-3223-bdef-537d86ae3c45, -22.323800, -57.694540,2026-07-16 04:25:00,NOAA-21,San Lázaro,Concepción,Paraguay,106,11,177,,,,,1.6
ac9939ea-3231-3424-876e-9548d44f16cf, -28.533230, -56.718090,2026-07-16 04:25:00,NOAA-21,San Martín,Corrientes,Argentina,231,7,12,,,,,5.5
e60c6149-89c5-37fa-928f-91616a05cf2a, -26.069090, -57.474930,2026-07-16 04:25:00,NOAA-21,Quiíndy,Paraguarí,Paraguay,192,16,177,,,,,2.5
f67fc2f5-d2c3-3df7-b37e-e67fdffdddd5, -26.070230, -57.469520,2026-07-16 04:25:00,NOAA-21,Quiíndy,Paraguarí,Paraguay,192,16,177,,,,,1.6
4d7d4cce-d5ca-36d7-a375-4024a16bdacb, -26.848650, -57.377270,2026-07-16 04:25:00,NOAA-21,San Juan Bautista de las Misiones,Misiones,Paraguay,175,15,177,,,,,2.5
bf09753f-26d8-3100-991c-b25e554ba2e5, -24.795070, -55.258640,2026-07-16 04:25:00,NOAA-21,Itakyry,Alto Paraná,Paraguay,25,3,177,,,,,2.1
46e08819-14ea-3dbd-ac9c-fab30723381e, -25.535400, -55.217010,2026-07-16 04:25:00,NOAA-21,San Cristóbal,Alto Paraná,Paraguay,34,3,177,,,,,1.9
d429e9b6-135d-3fa7-b32a-92ecc6f3ccb0, -21.666760, -56.313580,2026-07-16 04:25:00,NOAA-21,BELA VISTA,MATO GROSSO DO SUL,Brasil,5002100,50,33,,,,Cerrado,1.8
541eb547-9077-30be-8ff2-3a14a2d974b4, -26.816490, -56.218540,2026-07-16 04:25:00,NOAA-21,San Pedro del Paraná,Itapúa,Paraguay,168,14,177,,,,,1.3
abbe958c-3565-3534-b817-5810ae900222, -26.971950, -56.190860,2026-07-16 04:25:00,NOAA-21,General Artigas,Itapúa,Paraguay,155,14,177,,,,,2.3
c3a784d3-e686-35b6-b7b4-7935668ee142, -26.844130, -57.376080,2026-07-16 04:25:00,NOAA-21,San Juan Bautista de las Misiones,Misiones,Paraguay,175,15,177,,,,,4.0
7d0b75a9-8c4d-31fb-a03e-686f0804778d, -25.539500, -55.217980,2026-07-16 04:25:00,NOAA-21,San Cristóbal,Alto Paraná,Paraguay,34,3,177,,,,,1.9
93cc01bf-002d-354f-9cd6-171d6c347aa4, -23.337470, -57.482950,2026-07-16 04:25:00,NOAA-21,Concepción,Concepción,Paraguay,102,11,177,,,,,6.0
351a690d-61e6-311e-849a-41f456fa899d, -27.194530, -56.969440,2026-07-16 04:25:00,NOAA-21,Santiago,Misiones,Paraguay,180,15,177,,,,,1.4
22fa9c69-5c50-33f7-9c41-614f8c985df8, -27.030300, -57.014120,2026-07-16 04:25:00,NOAA-21,San Ignacio,Misiones,Paraguay,174,15,177,,,,,1.3
88f8be92-2a52-3b7c-a2fb-11589b1578ed, -24.073040, -57.724800,2026-07-16 04:25:00,NOAA-21,Villa Hayes,Presidente Hayes,Paraguay,203,17,177,,,,,1.1
0312a200-cd78-31ba-aa6b-71eed2bf8c13, -24.210640, -56.812240,2026-07-16 04:25:00,NOAA-21,General Elizardo Aquino,San Pedro,Paraguay,207,18,177,,,,,6.5
ba54bca2-5a81-3766-b40a-b87448567604, -28.537450, -56.719200,2026-07-16 04:25:00,NOAA-21,San Martín,Corrientes,Argentina,231,7,12,,,,,5.5
1d3026a9-c21b-3b7f-b0c5-be7c735f1d8c, -24.789770, -56.664050,2026-07-16 04:25:00,NOAA-21,25 de Diciembre,San Pedro,Paraguay,204,18,177,,,,,1.2
8493932b-5354-354a-a746-b837d4be6f76, -25.683390, -55.708240,2026-07-16 04:25:00,NOAA-21,Jose A. Fassardi,Guairá,Paraguay,138,13,177,,,,,1.8
3fe7a582-e4ad-3f31-a4fe-e569b224daa5, -27.713190, -61.093570,2026-07-16 04:25:00,NOAA-21,Fray Justo Santa María de Oro,Chaco,Argentina,176,4,12,,,,,2.2
39195441-1e87-3756-80c2-06c4b7f1a92c, -25.258220, -57.352670,2026-07-16 04:25:00,NOAA-21,Areguá,Central,Paraguay,82,10,177,,,,,3.7
bce94a1a-1a6c-33a4-a50d-c6c75d19ff18, -26.118940, -56.382300,2026-07-16 04:25:00,NOAA-21,Caazapá,Caazapá,Paraguay,65,8,177,,,,,1.3
f2456d91-c457-373d-b548-f27f75d8e27e, -24.475600, -54.647300,2026-07-16 04:25:00,NOAA-21,General Francisco C. Alvarez,Canindeyú,Paraguay,75,9,177,,,,,2.7
a0441bfe-011b-3a05-9ea9-7a0e5de38b4e, -24.480390, -54.643460,2026-07-16 04:25:00,NOAA-21,General Francisco C. Alvarez,Canindeyú,Paraguay,75,9,177,,,,,2.5
c7f5ed3a-10a0-3abc-bc5c-b9ef8f41fc5e, -24.800170, -56.682710,2026-07-16 04:25:00,NOAA-21,Unión,San Pedro,Paraguay,216,18,177,,,,,6.0
8279d2a2-eb1f-3208-8728-31dabc218295, -26.115870, -56.706760,2026-07-16 04:25:00,NOAA-21,Mbuyapey,Paraguarí,Paraguay,189,16,177,,,,,4.2
942e41e3-9608-399d-8086-73ba8b471293, -26.124700, -56.709060,2026-07-16 04:25:00,NOAA-21,Mbuyapey,Paraguarí,Paraguay,189,16,177,,,,,3.7
6d2ef245-335b-3ecc-9a25-5a09d5bbd8f2, -25.709790, -57.500800,2026-07-16 04:25:00,NOAA-21,Nueva Italia,Central,Paraguay,93,10,177,,,,,1.3
4eb993af-2938-3681-80f0-e03ade832b5b, -24.141650, -57.424180,2026-07-16 04:25:00,NOAA-21,Villa Hayes,Presidente Hayes,Paraguay,203,17,177,,,,,2.6
ce6cc381-ed0e-3822-af71-12953baee097, -26.052930, -57.459100,2026-07-16 04:25:00,NOAA-21,Quiíndy,Paraguarí,Paraguay,192,16,177,,,,,2.5
41fc990c-0d6c-3723-9447-4eeab0ec4cc5, -23.351680, -57.903960,2026-07-16 04:25:00,NOAA-21,Pozo Colorado,Presidente Hayes,Paraguay,201,17,177,,,,,3.4
8016220a-0f4f-3a34-8f0b-13762fb43c8d, -24.140730, -57.420830,2026-07-16 04:25:00,NOAA-21,Villa Hayes,Presidente Hayes,Paraguay,203,17,177,,,,,3.0
b94dc4e1-0ab6-3b4c-bb6b-186eb15bb083, -24.206020, -56.811090,2026-07-16 04:25:00,NOAA-21,General Elizardo Aquino,San Pedro,Paraguay,207,18,177,,,,,6.5
a487255d-f5b8-342a-901c-be82bb86544f, -25.426840, -56.855520,2026-07-16 04:25:00,NOAA-21,Santa Elena,Cordillera,Paraguay,125,12,177,,,,,0.9
809bc956-75ea-3ad4-a068-b3a0ce682c20, -22.126270, -57.682510,2026-07-16 04:25:00,NOAA-21,San Lázaro,Concepción,Paraguay,106,11,177,,,,,1.2
9a877744-d978-3458-8776-234e2032fb7b, -25.538700, -55.222060,2026-07-16 04:25:00,NOAA-21,San Cristóbal,Alto Paraná,Paraguay,34,3,177,,,,,1.9
f4697d30-2163-3ea5-b162-16998dc1f776, -26.145580, -60.847260,2026-07-16 04:25:00,NOAA-21,Almirante Brown,Chaco,Argentina,171,4,12,,,,,1.8
218e90a4-29e0-3436-89d6-d3a9906ebfc7, -25.697650, -57.155780,2026-07-16 04:25:00,NOAA-21,Paraguarí,Paraguarí,Paraguay,190,16,177,,,,,3.2
8b01de1f-bb43-307c-8d5e-cffed756f8f2, -25.189030, -55.656070,2026-07-16 04:25:00,NOAA-21,Raúl Arsenio Oviedo,Caaguazú,Paraguay,57,7,177,,,,,1.4
5da3fb0d-4da7-313c-afeb-b8c0a9e99291, -24.949360, -57.623680,2026-07-16 04:25:00,NOAA-21,Benjamín Aceval,Presidente Hayes,Paraguay,200,17,177,,,,,2.5
5575c685-9f6a-35f9-b48f-7c22b2042601, -24.188200, -56.919010,2026-07-16 04:25:00,NOAA-21,San Pablo,San Pedro,Paraguay,213,18,177,,,,,6.4
d77b5e52-6ff9-32d7-98f7-390f909c0f59, -26.066530, -60.919650,2026-07-16 04:25:00,NOAA-21,General Güemes,Chaco,Argentina,179,4,12,,,,,3.6
7ec0483f-8c62-321c-af58-f1abd6be5eef, -25.265200, -57.365990,2026-07-16 04:25:00,NOAA-21,Areguá,Central,Paraguay,82,10,177,,,,,2.8
d87f8391-791e-39f1-a69f-7c5811b44987, -26.073710, -57.476140,2026-07-16 04:25:00,NOAA-21,Villa Oliva,Ñeembucú,Paraguay,15,1,177,,,,,2.5
369385fe-7f7a-35ca-a64a-a7d761d48362, -25.190900, -57.384520,2026-07-16 04:25:00,NOAA-21,Emboscada,Cordillera,Paraguay,113,12,177,,,,,1.0
b95caa68-4ae0-3461-8143-96127d21da60, -23.338380, -52.330130,2026-07-16 04:25:00,NOAA-21,FLORAÍ,PARANÁ,Brasil,4107801,41,33,,,,Mata Atlântica,3.5
0ee45d56-1aab-33aa-8c13-990cee60e749, -27.974910, -56.397090,2026-07-16 04:25:00,NOAA-21,Santo Tomé,Corrientes,Argentina,234,7,12,,,,,1.6
825e5cc0-d4fb-3537-9580-9414351e5793, -25.081020, -55.189040,2026-07-16 04:25:00,NOAA-21,Mariscal Francisco Solano López,Caaguazú,Paraguay,54,7,177,,,,,1.6
449c4844-cf95-3403-9527-938fa3e86aa2, -24.462750, -54.648250,2026-07-16 04:25:00,NOAA-21,General Francisco C. Alvarez,Canindeyú,Paraguay,75,9,177,,,,,0.8
f70fa5f1-8c54-396a-bf37-34ac527849ce, -26.459490, -55.840310,2026-07-16 04:25:00,NOAA-21,Alto Verá,Itapúa,Paraguay,144,14,177,,,,,4.2
9d3e9a3b-f6a8-30f1-b4e6-8a51512fb0bd, -24.184690, -56.912460,2026-07-16 04:25:00,NOAA-21,San Pablo,San Pedro,Paraguay,213,18,177,,,,,4.2
22efd61a-a5f3-341a-bdab-da8c2433b00d, -26.057530, -57.460390,2026-07-16 04:25:00,NOAA-21,Quiíndy,Paraguarí,Paraguay,192,16,177,,,,,2.5
6345d654-39da-3a1e-aa24-9fd87e720f9c, -25.709880, -57.454520,2026-07-16 04:25:00,NOAA-21,Nueva Italia,Central,Paraguay,93,10,177,,,,,11.1
8629d3b7-5060-32f5-9747-23d76136c46a, -26.992210, -58.855620,2026-07-16 04:25:00,NOAA-21,Bermejo,Chaco,Argentina,172,4,12,,,,,2.6
a4f7a1a6-dcb7-3aaa-9965-4043216b101c, -27.206110, -56.936850,2026-07-16 04:25:00,NOAA-21,Santiago,Misiones,Paraguay,180,15,177,,,,,7.1
b19c3f6d-7bf5-30d7-9dfe-594e22800a2d, -26.644600, -55.965710,2026-07-16 04:25:00,NOAA-21,San Pedro del Paraná,Itapúa,Paraguay,168,14,177,,,,,1.5
fa80d2af-ac3b-3534-a517-9613099dd720, -27.526940, -57.131920,2026-07-16 04:25:00,NOAA-21,San Miguel,Corrientes,Argentina,232,7,12,,,,,1.6
9f703e0a-9b6f-3858-b2a5-93b2ab2ef9bc, -25.713280, -57.507510,2026-07-16 04:25:00,NOAA-21,Nueva Italia,Central,Paraguay,93,10,177,,,,,1.2
40b3f47d-3df6-34ff-9d8b-657d2ed7f56b, -26.984830, -56.986890,2026-07-16 04:25:00,NOAA-21,San Ignacio,Misiones,Paraguay,174,15,177,,,,,4.1
9a876445-298d-3015-8143-f3a1232b9722, -25.002860, -59.886740,2026-07-16 04:25:00,NOAA-21,Patiño,Formosa,Argentina,257,9,12,,,,,3.1
8fbde4ab-fe95-3910-ab19-b0794642a9ce, -25.742460, -57.439930,2026-07-16 04:25:00,NOAA-21,Carapeguá,Paraguarí,Paraguay,185,16,177,,,,,2.1
38b22cc1-08ff-325d-bb2d-c87a233131f0, -25.184800, -55.655040,2026-07-16 04:25:00,NOAA-21,Raúl Arsenio Oviedo,Caaguazú,Paraguay,57,7,177,,,,,1.4
5e216827-acec-3ca6-93a4-331b4d80db10, -25.568060, -55.258190,2026-07-16 04:25:00,NOAA-21,San Cristóbal,Alto Paraná,Paraguay,34,3,177,,,,,5.4
fdb98967-d0b5-39cc-a480-964f2d981483, -24.727000, -56.848740,2026-07-16 04:25:00,NOAA-21,25 de Diciembre,San Pedro,Paraguay,204,18,177,,,,,1.7
e399d783-79ad-3329-9cb3-b925f6808245, -25.747110, -57.441140,2026-07-16 04:25:00,NOAA-21,Carapeguá,Paraguarí,Paraguay,185,16,177,,,,,3.2
bd479194-3470-384e-8997-fadf1783c6f2, -24.881730, -55.286430,2026-07-16 04:25:00,NOAA-21,Itakyry,Alto Paraná,Paraguay,25,3,177,,,,,1.3
dd22c894-815a-347b-90b1-0d6cecb99cd3, -20.544520, -60.404440,2026-07-16 04:25:00,NOAA-21,General Eugenio A. Garay,Boquerón,Paraguay,43,6,177,,,,,13.2
cb2d0184-1a09-3645-b6a4-ed2b5c809f20, -25.835490, -57.312480,2026-07-16 04:25:00,NOAA-21,San Roque González de Santa Cruz,Paraguarí,Paraguay,194,16,177,,,,,2.8
d61f4c83-ce0c-322f-ad2a-60a34f2a6ccd, -25.007310, -59.894860,2026-07-16 04:25:00,NOAA-21,Patiño,Formosa,Argentina,257,9,12,,,,,3.3
7286b64d-07aa-3faf-bfa1-91b7196f05c2, -25.570520, -55.267350,2026-07-16 04:25:00,NOAA-21,San Cristóbal,Alto Paraná,Paraguay,34,3,177,,,,,1.9
36254b0d-bf06-38ae-9219-01292e7ed135, -25.705220, -57.453310,2026-07-16 04:25:00,NOAA-21,Nueva Italia,Central,Paraguay,93,10,177,,,,,11.1
35b42f01-b1f4-33c0-81f7-d071346c4a39, -26.046020, -57.445770,2026-07-16 04:25:00,NOAA-21,Quiíndy,Paraguarí,Paraguay,192,16,177,,,,,0.8
a8bfa1a9-1950-3d96-b487-0c7fcbc02caf, -25.001920, -59.890690,2026-07-16 04:25:00,NOAA-21,Patiño,Formosa,Argentina,257,9,12,,,,,3.1
dd23e7bd-3340-3348-b177-f3be12509f5a, -26.043740, -57.456380,2026-07-16 04:25:00,NOAA-21,Quiíndy,Paraguarí,Paraguay,192,16,177,,,,,1.3
4cfd81c1-d9fd-3e3b-b7d3-00cf95dc7db9, -23.761260, -56.066120,2026-07-16 04:25:00,NOAA-21,Nueva Germania,San Pedro,Paraguay,211,18,177,,,,,0.9
a7cab946-fb8b-3228-b4fd-9d07598d2a8c, -25.195590, -57.385730,2026-07-16 04:25:00,NOAA-21,Luque,Central,Paraguay,91,10,177,,,,,1.0
af93c903-e3fa-3044-b387-cc2ebed04660, -25.701740, -57.446650,2026-07-16 04:25:00,NOAA-21,Nueva Italia,Central,Paraguay,93,10,177,,,,,5.1
5014e860-0dfe-3351-a8f2-66298026c3ae, -25.072760, -55.187160,2026-07-16 04:25:00,NOAA-21,Mariscal Francisco Solano López,Caaguazú,Paraguay,54,7,177,,,,,1.3
9a1cd414-1e8c-3210-a7e2-bed59cefba42, -25.853190, -56.690290,2026-07-16 04:25:00,NOAA-21,Tebicuarymí,Paraguarí,Paraguay,196,16,177,,,,,1.0
0db65047-0e23-3eb9-9cb5-9fe27fdbc7f5, -25.003670, -59.885450,2026-07-16 04:25:00,NOAA-21,Patiño,Formosa,Argentina,257,9,12,,,,,2.5
29833872-efc2-3dfe-99eb-f901a09ce9ba, -26.336170, -55.906260,2026-07-16 04:25:00,NOAA-21,San Juan Nepomuceno,Caazapá,Paraguay,71,8,177,,,,,1.9
41243bcb-3a86-3eb8-aada-b2f1c2da9c56, -22.818430, -56.519020,2026-07-16 04:25:00,NOAA-21,Bella Vista,Amambay,Paraguay,38,4,177,,,,,2.5
b72eb9c2-2231-3761-a3fb-bb1adafe0dd2, -22.362460, -57.289400,2026-07-16 04:25:00,NOAA-21,San Carlos,Concepción,Paraguay,105,11,177,,,,,2.0
2a15e7ca-0358-34bc-ae3d-2cc29d9e7672, -26.044880, -57.451090,2026-07-16 04:25:00,NOAA-21,Quiíndy,Paraguarí,Paraguay,192,16,177,,,,,0.8
e35842b0-4694-33fd-b605-6d7721aabb6b, -25.065610, -54.560740,2026-07-16 04:25:00,NOAA-21,Hernandarias,Alto Paraná,Paraguay,24,3,177,,,,,1.0
223e367c-e1d7-35d0-9f03-39afac81c413, -26.111460, -56.705600,2026-07-16 04:25:00,NOAA-21,Mbuyapey,Paraguarí,Paraguay,189,16,177,,,,,4.2
63cafee0-f683-33cd-bac4-f9d03dafc20c, -23.593530, -56.689220,2026-07-16 04:25:00,NOAA-21,Tacuatí,San Pedro,Paraguay,215,18,177,,,,,1.2
279edd18-d5cf-3ebf-96b4-6e7435106ff0, -27.202230, -56.938540,2026-07-16 04:25:00,NOAA-21,Santiago,Misiones,Paraguay,180,15,177,,,,,1.7
214f8dba-af10-36f3-90e4-5af9a73322cd, -24.997320, -59.887870,2026-07-16 04:25:00,NOAA-21,Patiño,Formosa,Argentina,257,9,12,,,,,2.5
c3d1ab67-614b-3c0e-ad40-e5b7311c1e37, -28.043580, -56.405740,2026-07-16 04:25:00,NOAA-21,Santo Tomé,Corrientes,Argentina,234,7,12,,,,,1.0
9500a173-b9cc-3608-b697-b07d0dd03248, -26.129800, -56.483800,2026-07-16 04:25:00,NOAA-21,Maciel,Caazapá,Paraguay,70,8,177,,,,,1.2
1b454f28-8e1b-303c-bbd1-f835f4c1cd3a, -26.019690, -56.309700,2026-07-16 04:25:00,NOAA-21,Caazapá,Caazapá,Paraguay,65,8,177,,,,,1.4
5401f055-85bc-3eaa-9533-5ddf731d29c0, -25.886300, -56.688270,2026-07-16 04:25:00,NOAA-21,Tebicuarymí,Paraguarí,Paraguay,196,16,177,,,,,0.9
4e97ca66-28c7-3336-9221-3e970156b77f, -25.060910, -54.563520,2026-07-16 04:25:00,NOAA-21,Mbaracayú,Alto Paraná,Paraguay,28,3,177,,,,,3.2
1ef42d34-2a2f-3101-908b-cb6809897923, -26.937890, -56.777030,2026-07-16 04:25:00,NOAA-21,Santa Rosa,Misiones,Paraguay,179,15,177,,,,,3.4
57ffa544-73e4-3db9-8c3f-ef8a2d887c27, -22.324490, -57.691300,2026-07-16 04:25:00,NOAA-21,San Lázaro,Concepción,Paraguay,106,11,177,,,,,1.7
1019e465-be1c-3918-9a17-36071dcb2461, -26.493900, -55.821790,2026-07-16 04:25:00,NOAA-21,Alto Verá,Itapúa,Paraguay,144,14,177,,,,,4.7
8d2d0553-5ec8-3ff2-81ff-ac29edb05297, -21.665630, -56.319040,2026-07-16 04:25:00,NOAA-21,BELA VISTA,MATO GROSSO DO SUL,Brasil,5002100,50,33,,,,Cerrado,1.4
a110fcba-3d55-3eb2-b902-419e157cbaff, -26.129110, -56.710210,2026-07-16 04:25:00,NOAA-21,Mbuyapey,Paraguarí,Paraguay,189,16,177,,,,,3.9
9135f6e3-878a-36f4-af33-cc628d75ff8e, -26.335290, -55.910590,2026-07-16 04:25:00,NOAA-21,San Juan Nepomuceno,Caazapá,Paraguay,71,8,177,,,,,1.9
90b126bf-bcf9-3a69-b7fa-124f1e914604, -23.333370, -57.483300,2026-07-16 04:25:00,NOAA-21,Concepción,Concepción,Paraguay,102,11,177,,,,,7.7
96aff553-2536-3fbd-b44d-f3aba8d9cd99, -25.737810, -57.438720,2026-07-16 04:25:00,NOAA-21,Carapeguá,Paraguarí,Paraguay,185,16,177,,,,,2.1
6193a13c-49ba-3ab4-b8fc-101aa9e0c853, -25.077700, -55.184020,2026-07-16 04:25:00,NOAA-21,Mariscal Francisco Solano López,Caaguazú,Paraguay,54,7,177,,,,,2.7
284b1106-7ada-387a-8d79-387f05b20b4b, -27.197890, -56.975420,2026-07-16 04:25:00,NOAA-21,Yabebyry,Misiones,Paraguay,182,15,177,,,,,2.5
59a38180-b354-3a53-8d39-59336d432cd0, -27.970730, -56.396000,2026-07-16 04:25:00,NOAA-21,Santo Tomé,Corrientes,Argentina,234,7,12,,,,,1.6
8ee0fda1-e322-3206-ad27-a2d432a650ff, -22.384250, -49.785840,2026-07-16 04:25:00,NOAA-21,LUPÉRCIO,SÃO PAULO,Brasil,3527801,35,33,,,,Mata Atlântica,0.6
7a6403f2-50a6-371f-bd82-7bacb099e282, -24.444340, -54.656110,2026-07-16 04:25:00,NOAA-21,General Francisco C. Alvarez,Canindeyú,Paraguay,75,9,177,,,,,1.4
259e337e-3082-3838-8ee9-2374640e1cfd, -25.056940, -54.562550,2026-07-16 04:25:00,NOAA-21,Mbaracayú,Alto Paraná,Paraguay,28,3,177,,,,,3.2
4bad05ff-d5f5-3515-b916-5ec923e8d8e0, -23.352370, -57.900780,2026-07-16 04:25:00,NOAA-21,Pozo Colorado,Presidente Hayes,Paraguay,201,17,177,,,,,2.1
770b6562-8635-3e98-bf17-57dd624d634e, -25.077160, -57.725650,2026-07-16 04:25:00,NOAA-21,Villa Hayes,Presidente Hayes,Paraguay,203,17,177,,,,,1.2
2bcf8c70-d068-3661-8d81-5fb30a3d245c, -26.065490, -60.924000,2026-07-16 04:25:00,NOAA-21,General Güemes,Chaco,Argentina,179,4,12,,,,,6.3
96b1011a-3226-3bed-9465-cbb24a44ea13, -20.543320, -60.409570,2026-07-16 04:25:00,NOAA-21,General Eugenio A. Garay,Boquerón,Paraguay,43,6,177,,,,,6.8
c977b045-0dd8-3c64-94a6-e491a80ac5dd, -22.497290, -57.145800,2026-07-16 04:25:00,NOAA-21,Concepción,Concepción,Paraguay,102,11,177,,,,,1.6
417a4e75-aabf-3acc-81b4-8d302ceae17f, -24.796700, -56.676500,2026-07-16 04:25:00,NOAA-21,Unión,San Pedro,Paraguay,216,18,177,,,,,6.6
62fc797e-7ab9-3474-bc61-8f8c8e167807, -26.983790, -56.991780,2026-07-16 04:25:00,NOAA-21,San Ignacio,Misiones,Paraguay,174,15,177,,,,,4.1
de99ab91-f215-348b-9d9e-7475e65d8c28, -26.120290, -56.707920,2026-07-16 04:25:00,NOAA-21,Mbuyapey,Paraguarí,Paraguay,189,16,177,,,,,3.7
4cea8aab-6f92-3f9d-adb8-66b990f2d687, -23.145290, -48.668060,2026-07-16 04:25:00,NOAA-21,ITATINGA,SÃO PAULO,Brasil,3523503,35,33,,,,Cerrado,0.7
ec9eea3a-d1b5-3a1e-b1a1-c7f7505eb0b2, -25.262890, -57.353870,2026-07-16 04:25:00,NOAA-21,Water body,Central,Paraguay,98,10,177,,,,,3.7
1f2fb110-e4c9-3f44-a786-9c906765878e, -25.692430, -57.444240,2026-07-16 04:25:00,NOAA-21,Nueva Italia,Central,Paraguay,93,10,177,,,,,0.8
301505e9-9c8a-3612-ac1d-ca8b592dd880, -27.970670, -56.397790,2026-07-16 04:25:00,NOAA-21,Santo Tomé,Corrientes,Argentina,234,7,12,,,,,3.8
3f6c7669-b6b9-3c50-a168-61adf203d677, -24.475590, -54.646420,2026-07-16 04:25:00,NOAA-21,General Francisco C. Alvarez,Canindeyú,Paraguay,75,9,177,,,,,3.4
f98b5d57-b146-3e23-b92f-83879c4dfc51, -24.732680, -56.844680,2026-07-16 04:25:00,NOAA-21,25 de Diciembre,San Pedro,Paraguay,204,18,177,,,,,1.8
11afb771-3c85-3bb6-b84b-d662b7bbb5af, -24.491900, -56.923040,2026-07-16 04:25:00,NOAA-21,General Elizardo Aquino,San Pedro,Paraguay,207,18,177,,,,,3.7
9eac9870-dd07-3468-b2d1-8655cbb499dd, -27.195560, -56.964610,2026-07-16 04:25:00,NOAA-21,Santiago,Misiones,Paraguay,180,15,177,,,,,1.4
9fbc1130-9d49-3e3d-bcd8-9c551b7828f7, -27.298200, -56.805040,2026-07-16 04:25:00,NOAA-21,Ayolas,Misiones,Paraguay,173,15,177,,,,,2.2
2701eea9-ec22-309b-97f8-d270db4c1557, -24.569390, -57.212830,2026-07-16 04:25:00,NOAA-21,Villa Hayes,Presidente Hayes,Paraguay,203,17,177,,,,,1.7
12f92e9e-e678-3867-b417-17ad9a6f8be3, -22.969900, -52.704750,2026-07-16 04:25:00,NOAA-21,GUAIRAÇÁ,PARANÁ,Brasil,4108908,41,33,,,,Mata Atlântica,1.1
d3ca2403-7778-3362-a373-61b6ab8371ca, -25.261710, -57.359330,2026-07-16 04:25:00,NOAA-21,Areguá,Central,Paraguay,82,10,177,,,,,3.6
dbb2519e-59a5-32be-9aed-08b38c77de10, -24.794280, -56.665210,2026-07-16 04:25:00,NOAA-21,Unión,San Pedro,Paraguay,216,18,177,,,,,2.6
6bb7745c-3a5d-3281-accc-45c8ac31178d, -23.337540, -52.334800,2026-07-16 04:25:00,NOAA-21,FLORAÍ,PARANÁ,Brasil,4107801,41,33,,,,Mata Atlântica,3.5
4486259f-0deb-331b-98eb-4e1c71bab7ff, -24.792170, -56.675360,2026-07-16 04:25:00,NOAA-21,Unión,San Pedro,Paraguay,216,18,177,,,,,6.6
aaa8e60c-bf99-3293-ad1d-ac94a6206cb8, -27.031340, -57.009190,2026-07-16 04:25:00,NOAA-21,San Ignacio,Misiones,Paraguay,174,15,177,,,,,1.3
7cbbeb9b-af94-3b7b-a6df-206ceb9f0959, -26.174790, -61.205780,2026-07-16 04:25:00,NOAA-21,Almirante Brown,Chaco,Argentina,171,4,12,,,,,1.0
7acb26a3-5d00-3326-a417-fd37e2845e4a, -24.517410, -55.115060,2026-07-16 04:25:00,NOAA-21,Itakyry,Alto Paraná,Paraguay,25,3,177,,,,,2.5
8be83737-5124-3db0-82b6-42540d684032, -25.668290, -57.226160,2026-07-16 04:25:00,NOAA-21,Paraguarí,Paraguarí,Paraguay,190,16,177,,,,,1.9
2dd30b90-f9a1-3211-9ef0-44158d4be5cc, -25.700560, -57.452110,2026-07-16 04:25:00,NOAA-21,Nueva Italia,Central,Paraguay,93,10,177,,,,,5.1
40a8d748-82f3-388e-a215-c9677c492a8e, -25.804980, -56.573500,2026-07-16 04:25:00,NOAA-21,Itapé,Guairá,Paraguay,136,13,177,,,,,2.1
bf05f6da-b3c3-3ab7-84d5-16bd59ea12f1, -26.603600, -55.930060,2026-07-16 04:25:00,NOAA-21,San Pedro del Paraná,Itapúa,Paraguay,168,14,177,,,,,1.3
2b577caa-9d8c-36c2-aaad-cac008fc5893, -23.565160, -47.517040,2026-07-16 04:25:00,NOAA-21,SOROCABA,SÃO PAULO,Brasil,3552205,35,33,,,,Mata Atlântica,1.4
0f58ee44-f908-3712-949f-db9eb5e8f6a6, -26.840700, -57.369720,2026-07-16 04:25:00,NOAA-21,San Juan Bautista de las Misiones,Misiones,Paraguay,175,15,177,,,,,2.2
d96c63d5-73bd-364e-b60e-f720dd89f15a, -25.253550, -57.351470,2026-07-16 04:25:00,NOAA-21,Areguá,Central,Paraguay,82,10,177,,,,,1.5
4ea63d3b-9c77-31c2-a04b-8accadc4edcc, -25.809400, -56.574570,2026-07-16 04:25:00,NOAA-21,Itapé,Guairá,Paraguay,136,13,177,,,,,1.6
3fe7bf14-a57e-3988-9f3a-c815d5a75556, -25.266380, -57.360520,2026-07-16 04:25:00,NOAA-21,Water body,Central,Paraguay,98,10,177,,,,,2.8
acd03728-95d0-328e-be43-3e5a729d3804, -24.793230, -56.670270,2026-07-16 04:25:00,NOAA-21,Unión,San Pedro,Paraguay,216,18,177,,,,,6.6
a4bb06f0-f19b-37df-89c5-85f98c2a748b, -24.708890, -57.399970,2026-07-16 04:25:00,NOAA-21,Villa Hayes,Presidente Hayes,Paraguay,203,17,177,,,,,2.2
29198147-5556-3fed-b821-3da3821ea842, -22.380900, -49.785210,2026-07-16 04:25:00,NOAA-21,LUPÉRCIO,SÃO PAULO,Brasil,3527801,35,33,,,,Mata Atlântica,0.6
a7542706-eca7-37ae-887d-04905dc57b75, -21.671450, -56.314820,2026-07-16 04:25:00,NOAA-21,BELA VISTA,MATO GROSSO DO SUL,Brasil,5002100,50,33,,,,Cerrado,1.4
c5b10f90-95b1-3576-9c36-d3d454ea1a76, -23.141990, -48.667450,2026-07-16 04:25:00,NOAA-21,ITATINGA,SÃO PAULO,Brasil,3523503,35,33,,,,Cerrado,1.3
55393f2e-473d-3e9f-9c74-d56f3a66083b, -23.630960, -59.355240,2026-07-16 04:25:00,NOAA-21,Pozo Colorado,Presidente Hayes,Paraguay,201,17,177,,,,,1.6
4ea0fe8f-3b15-391d-950f-0481232804ae, -24.128770, -55.106200,2026-07-16 04:25:00,NOAA-21,Corpus Christi,Canindeyú,Paraguay,74,9,177,,,,,3.6
dae48eb2-918d-3a21-91a2-39bdbcdd02fe, -24.209530, -56.817540,2026-07-16 04:25:00,NOAA-21,General Elizardo Aquino,San Pedro,Paraguay,207,18,177,,,,,6.5
9bb9544f-c9fa-3892-a4ff-0707cb372453, -28.534150, -56.713630,2026-07-16 04:25:00,NOAA-21,San Martín,Corrientes,Argentina,231,7,12,,,,,5.1
96f1a845-ae95-3644-8054-4272cb3d2d9f, -26.974970, -56.989440,2026-07-16 04:25:00,NOAA-21,San Ignacio,Misiones,Paraguay,174,15,177,,,,,2.3
ac892809-2301-3a73-abdf-ab66cdac8892, -24.448390, -54.657030,2026-07-16 04:25:00,NOAA-21,General Francisco C. Alvarez,Canindeyú,Paraguay,75,9,177,,,,,0.6
3ca7dd2c-f270-3f73-ac22-b6d2d6a88247, -25.002770, -59.889400,2026-07-16 04:25:00,NOAA-21,Patiño,Formosa,Argentina,257,9,12,,,,,2.5
451222be-7ae2-3bb7-860b-c519637d5f22, -24.246680, -56.732520,2026-07-16 04:25:00,NOAA-21,General Elizardo Aquino,San Pedro,Paraguay,207,18,177,,,,,7.5
e3fe1277-abb5-3830-a053-53ac11c4e30b, -24.479650, -54.648190,2026-07-16 04:25:00,NOAA-21,General Francisco C. Alvarez,Canindeyú,Paraguay,75,9,177,,,,,2.7
193cf110-79b4-3e9d-8ce4-f71833e3f261, -21.985300, -54.627550,2026-07-16 04:25:00,NOAA-21,DOURADINA,MATO GROSSO DO SUL,Brasil,5003504,50,33,,,,Mata Atlântica,0.5
b32b8512-ab56-3c0f-87cc-f288fc580951, -26.648790, -55.966740,2026-07-16 04:25:00,NOAA-21,San Pedro del Paraná,Itapúa,Paraguay,168,14,177,,,,,2.9
35c2f648-7e60-3a16-a62f-255ae6d1c019, -23.906590, -55.671710,2026-07-16 04:25:00,NOAA-21,Ypejhú,Canindeyú,Paraguay,80,9,177,,,,,0.8
99b6f913-e289-3d36-a61f-5112311d76b5, -28.524800, -56.715880,2026-07-16 04:25:00,NOAA-21,San Martín,Corrientes,Argentina,231,7,12,,,,,1.2
7495c3e0-aeeb-3c0e-b3e7-1632b7774d02, -28.404710, -56.422430,2026-07-16 04:25:00,NOAA-21,Santo Tomé,Corrientes,Argentina,234,7,12,,,,,1.0
c079eae6-d01c-3e04-9693-b3b9264f4af3, -25.708600, -57.506300,2026-07-16 04:25:00,NOAA-21,Nueva Italia,Central,Paraguay,93,10,177,,,,,1.4
32861117-e40f-30f5-bd44-5499463d9144, -24.476350, -54.642580,2026-07-16 04:25:00,NOAA-21,General Francisco C. Alvarez,Canindeyú,Paraguay,75,9,177,,,,,2.5
070f05d0-812b-3d86-a03c-a79e68f0b5ec, -30.065190, -59.225690,2026-07-16 04:27:00,NOAA-21,Esquina,Corrientes,Argentina,217,7,12,,,,,4.4
9bd6e245-69af-3636-b94c-bedc90483ad9, -30.466180, -56.605990,2026-07-16 04:27:00,NOAA-21,n.a7,Artigas,Uruguay,6,1,245,,,,,0.9
f984aaac-df64-3612-bd43-000da740dda0, -28.913900, -57.332560,2026-07-16 04:27:00,NOAA-21,Mercedes,Corrientes,Argentina,225,7,12,,,,,1.8
47c234dd-5ef9-37fc-82b6-ca1f90878870, -30.063870, -59.231540,2026-07-16 04:27:00,NOAA-21,Esquina,Corrientes,Argentina,217,7,12,,,,,2.4
c47c9757-7697-399e-b922-287260c613e0, -30.470200, -56.607120,2026-07-16 04:27:00,NOAA-21,n.a7,Artigas,Uruguay,6,1,245,,,,,0.9
b9c72987-e6f8-3de2-b1f2-7ed2a7767835, -28.952080, -57.976390,2026-07-16 04:27:00,NOAA-21,Mercedes,Corrientes,Argentina,225,7,12,,,,,1.1
7f1333ae-c627-3a2a-9f57-1d82348d043e, -28.918240, -57.333740,2026-07-16 04:27:00,NOAA-21,Mercedes,Corrientes,Argentina,225,7,12,,,,,2.2
fd877180-cfaa-3c3b-b4ee-5a4c66ab0fdd, -28.947690, -57.977370,2026-07-16 04:27:00,NOAA-21,Mercedes,Corrientes,Argentina,225,7,12,,,,,0.7
43e88f07-0878-3615-959e-9ad73028e8fc, -29.871490, -54.703590,2026-07-16 04:27:00,NOAA-21,CACEQUI,RIO GRANDE DO SUL,Brasil,4302907,43,33,,,,Pampa,0.8
485cceb4-162d-3760-b8f1-3489a9173209, -28.900660, -57.308840,2026-07-16 04:27:00,NOAA-21,Mercedes,Corrientes,Argentina,225,7,12,,,,,1.1
736cb4d4-0eda-36a5-96e7-722a5256d80c, -32.887200, -57.434220,2026-07-16 04:27:00,NOAA-21,n.a84,Río Negro,Uruguay,130,12,245,,,,,0.7
4132d558-8b2f-36bd-9f2b-b8f81c563da5, -29.207600, -55.651460,2026-07-16 04:27:00,NOAA-21,ITAQUI,RIO GRANDE DO SUL,Brasil,4310603,43,33,,,,Pampa,2.5
e00faad8-63f2-3f73-8df5-b3becbb0ff61, -30.820060, -56.634570,2026-07-16 04:27:00,NOAA-21,n.a7,Artigas,Uruguay,6,1,245,,,,,0.9
bdbed1b0-ce27-38ca-aed7-db1accd8ba32, -29.205670, -55.653410,2026-07-16 04:27:00,NOAA-21,ITAQUI,RIO GRANDE DO SUL,Brasil,4310603,43,33,,,,Pampa,2.3
105dcf5c-8a10-3ff9-b937-60458da1d874, -36.258000, -63.995570,2026-07-16 04:29:00,NOAA-21,Conhelo,La Pampa,Argentina,285,11,12,,,,,0.7
fa1a810f-3ee9-3843-a3e9-9e395df3f645,   9.673990, -63.562830,2026-07-16 05:10:00,NOAA-20,Ezequiel Zamora,Monagas,Venezuela,206,17,249,,,,,0.7
c8dce2e7-86bc-39e3-8c20-0ce1c837edcf,   9.699580, -63.417710,2026-07-16 05:10:00,NOAA-20,Maturín,Monagas,Venezuela,208,17,249,,,,,0.8
647fed67-ec25-3fd3-94f8-b90c32f295fe,   6.361580, -58.223050,2026-07-16 05:12:00,NOAA-20,Soesdyke-Linden highway (including Timehri),Demerara-Mahaica,Guyana,29,3,98,,,,,1.0
60e35d91-ad55-3ad0-b663-522c937afe30,   5.361510, -55.111550,2026-07-16 05:12:00,NOAA-20,Zuid,Para,Suriname,31,6,219,,,,,1.0
ebff568b-03e3-3250-9803-3051f989fc07,   9.623460, -63.648670,2026-07-16 05:12:00,NOAA-20,Ezequiel Zamora,Monagas,Venezuela,206,17,249,,,,,1.3
bbd66e7d-63ec-3dc3-b25e-45298a2d9089,   3.181640, -54.377720,2026-07-16 05:12:00,NOAA-20,Tapanahony,Sipaliwini,Suriname,55,9,219,,,,,1.2
7a345496-66f0-3748-aae6-740731566fcc,   4.799380, -61.515400,2026-07-16 05:12:00,NOAA-20,Gran Sabana,Bolívar,Venezuela,71,6,249,,,,,1.1
77cc7315-3958-30bf-b60c-f9c85c19708c,   4.119240, -54.606800,2026-07-16 05:12:00,NOAA-20,Tapanahony,Sipaliwini,Suriname,55,9,219,,,,,1.1
542c3ed3-c432-3ed8-9904-6cc0ceedcc04,   9.623030, -63.648530,2026-07-16 05:12:00,NOAA-20,Ezequiel Zamora,Monagas,Venezuela,206,17,249,,,,,1.3
eebf9bb1-a00d-3c35-9c32-7a9bfeeff978,   8.775390, -63.991150,2026-07-16 05:12:00,NOAA-20,Guanipa,Anzoátegui,Venezuela,17,2,249,,,,,0.5
49bb60e8-d29d-3713-a96b-2e6f4f6f257f,  -3.967960, -47.206410,2026-07-16 05:14:00,NOAA-20,ULIANÓPOLIS,PARÁ,Brasil,1508126,15,33,,,,Amazônia,1.1
cb88a423-ad9f-3a86-9593-4707a98f343d,  -3.737620, -53.734460,2026-07-16 05:14:00,NOAA-20,URUARÁ,PARÁ,Brasil,1508159,15,33,,,,Amazônia,0.6
3c01c052-9a78-3517-b015-d4f1e6c306b3,  -1.816370, -54.477630,2026-07-16 05:14:00,NOAA-20,ALENQUER,PARÁ,Brasil,1500404,15,33,,,,Amazônia,1.0
b89d9d57-bea9-3cb8-ad5a-6b8f73655f37,  -1.638890, -54.469810,2026-07-16 05:14:00,NOAA-20,ALENQUER,PARÁ,Brasil,1500404,15,33,,,,Amazônia,3.4
2663a63d-ebdb-3869-8bc4-b6db4ab26063,  -1.642880, -54.466670,2026-07-16 05:14:00,NOAA-20,ALENQUER,PARÁ,Brasil,1500404,15,33,,,,Amazônia,3.4
b141475a-a5c0-3857-b849-e8a965dde86e,  -1.636050, -54.465560,2026-07-16 05:14:00,NOAA-20,ALENQUER,PARÁ,Brasil,1500404,15,33,,,,Amazônia,2.0
a23b45fe-1e03-370f-b635-067cd2ec87e5,  -1.486950, -55.283260,2026-07-16 05:14:00,NOAA-20,CURUÁ,PARÁ,Brasil,1502855,15,33,,,,Amazônia,1.2
dc650bcd-c53e-303f-8ce6-a36a5a4070af,  -1.483610, -55.282730,2026-07-16 05:14:00,NOAA-20,CURUÁ,PARÁ,Brasil,1502855,15,33,,,,Amazônia,1.2
6fbff34d-7088-373f-89af-a862d25c771a,  -1.639470, -54.466110,2026-07-16 05:14:00,NOAA-20,ALENQUER,PARÁ,Brasil,1500404,15,33,,,,Amazônia,3.4
8ed3ee31-6ed5-3204-8f8a-c1278e05c7ab,  -2.794870, -49.526240,2026-07-16 05:14:00,NOAA-20,BAIÃO,PARÁ,Brasil,1501204,15,33,,,,Amazônia,2.6
c100c5c3-9b27-3968-ac46-f0c00766e9a3,  -1.823230, -54.478680,2026-07-16 05:14:00,NOAA-20,ALENQUER,PARÁ,Brasil,1500404,15,33,,,,Amazônia,1.9
e909a967-d47a-3806-8127-420abcb961df,  -1.638300, -54.473520,2026-07-16 05:14:00,NOAA-20,ALENQUER,PARÁ,Brasil,1500404,15,33,,,,Amazônia,1.3
85b29d51-06c4-32a6-b0dc-416eeacf457a,  -2.790210, -49.525550,2026-07-16 05:14:00,NOAA-20,BAIÃO,PARÁ,Brasil,1501204,15,33,,,,Amazônia,0.8
3238bc7a-bccb-383e-9808-3670c5969fb4,  -1.643470, -54.462920,2026-07-16 05:14:00,NOAA-20,ALENQUER,PARÁ,Brasil,1500404,15,33,,,,Amazônia,2.8
0387b8c5-246d-377d-a7ca-f625c5686d9d,   -.089490, -51.282050,2026-07-16 05:14:00,NOAA-20,MAZAGÃO,AMAPÁ,Brasil,1600402,16,33,,,,Amazônia,2.5
31de244e-43dd-30e4-87a5-993ee461004a,  -2.792730, -49.526660,2026-07-16 05:14:00,NOAA-20,BAIÃO,PARÁ,Brasil,1501204,15,33,,,,Amazônia,3.2
e68740f9-9007-3943-ae8a-2351ab5a2c95,  -1.487500, -55.279740,2026-07-16 05:14:00,NOAA-20,CURUÁ,PARÁ,Brasil,1502855,15,33,,,,Amazônia,2.9
9ff152ed-2377-34e4-a044-a06a2bd0019d,   -.090030, -51.278620,2026-07-16 05:14:00,NOAA-20,MAZAGÃO,AMAPÁ,Brasil,1600402,16,33,,,,Amazônia,2.5
83f25cf3-36fd-396e-a3f2-c1065e732f5b,  -1.640050, -54.462390,2026-07-16 05:14:00,NOAA-20,ALENQUER,PARÁ,Brasil,1500404,15,33,,,,Amazônia,2.8
c20a993f-c826-3941-8e16-0765078f0095, -12.450380, -49.586700,2026-07-16 05:16:00,NOAA-20,SANDOLÂNDIA,TOCANTINS,Brasil,1718840,17,33,,,,Cerrado,1.3
59d78bcc-4472-38a1-b978-ca16bd9ce9a2, -13.263670, -45.147230,2026-07-16 05:16:00,NOAA-20,CORRENTINA,BAHIA,Brasil,2909307,29,33,,,,Cerrado,19.6
24be9199-d362-37bc-a056-a638cf94b266, -13.266500, -45.150160,2026-07-16 05:16:00,NOAA-20,CORRENTINA,BAHIA,Brasil,2909307,29,33,,,,Cerrado,15.1
42ac1b8e-acdc-3a4b-94bc-2fd0a335e6dc, -13.549780, -47.807180,2026-07-16 05:16:00,NOAA-20,CAVALCANTE,GOIÁS,Brasil,5205307,52,33,,,,Cerrado,1.9
a968c8b9-dc71-3bf3-bd3e-fa363da426c1,  -7.899810, -47.696980,2026-07-16 05:16:00,NOAA-20,GOIATINS,TOCANTINS,Brasil,1709005,17,33,,,,Cerrado,1.6
836cb5a3-73af-3faa-8ae8-a4ecc80d17e5, -12.442910, -49.578640,2026-07-16 05:16:00,NOAA-20,SANDOLÂNDIA,TOCANTINS,Brasil,1718840,17,33,,,,Cerrado,1.5
d012e6c5-b935-3028-b4d2-80be9837f764, -13.552600, -47.782330,2026-07-16 05:16:00,NOAA-20,CAVALCANTE,GOIÁS,Brasil,5205307,52,33,,,,Cerrado,1.7
e25a3aa1-f92e-37e1-97ff-0d563d570439,  -6.125890, -55.810040,2026-07-16 05:16:00,NOAA-20,ITAITUBA,PARÁ,Brasil,1503606,15,33,,,,Amazônia,0.5
c7bec663-6a28-30ab-b6c7-69057432c0e7, -13.265060, -45.133600,2026-07-16 05:16:00,NOAA-20,CORRENTINA,BAHIA,Brasil,2909307,29,33,,,,Cerrado,36.4
10adeadb-e281-385f-92c7-657e108b3762, -11.789730, -47.093550,2026-07-16 05:16:00,NOAA-20,DIANÓPOLIS,TOCANTINS,Brasil,1707009,17,33,,,,Cerrado,8.6
2c5384f1-37a5-31f6-ad24-5adf815d23a0, -13.258680, -45.125500,2026-07-16 05:16:00,NOAA-20,CORRENTINA,BAHIA,Brasil,2909307,29,33,,,,Cerrado,30.3
bcc2239f-e5db-3d0b-8f87-efc75926541d, -13.433840, -49.133970,2026-07-16 05:16:00,NOAA-20,PORANGATU,GOIÁS,Brasil,5218003,52,33,,,,Cerrado,8.3
8eda0623-7214-3401-9004-f223f9870ed9, -13.434280, -49.130090,2026-07-16 05:16:00,NOAA-20,PORANGATU,GOIÁS,Brasil,5218003,52,33,,,,Cerrado,8.3
2a0569af-939f-336d-877e-4c31426d8c49,  -9.085410, -59.496930,2026-07-16 05:16:00,NOAA-20,COLNIZA,MATO GROSSO,Brasil,5103254,51,33,,,,Amazônia,0.8
39304e00-798e-3e54-b197-91bf6eebad32, -13.262960, -45.154250,2026-07-16 05:16:00,NOAA-20,CORRENTINA,BAHIA,Brasil,2909307,29,33,,,,Cerrado,19.6
580b1680-2c25-3fe2-b9f0-421e2442f632, -12.074380, -49.915000,2026-07-16 05:16:00,NOAA-20,FORMOSO DO ARAGUAIA,TOCANTINS,Brasil,1708205,17,33,,,,Cerrado,3.4
b794d9b0-7480-3bfd-9384-4dc55921281b, -13.257960, -45.132580,2026-07-16 05:16:00,NOAA-20,CORRENTINA,BAHIA,Brasil,2909307,29,33,,,,Cerrado,36.4
660097b4-85f6-3d8d-9a27-cc7ac66166ca,  -8.920450, -64.302660,2026-07-16 05:16:00,NOAA-20,CANUTAMA,AMAZONAS,Brasil,1300904,13,33,,,,Amazônia,4.0
a72722d1-ed1b-3f8c-b454-5e2d8118e04c, -13.526460, -47.794760,2026-07-16 05:16:00,NOAA-20,CAVALCANTE,GOIÁS,Brasil,5205307,52,33,,,,Cerrado,1.1
59ef2be3-ac48-3976-91c5-9b0731b64587,  -7.893600, -47.700020,2026-07-16 05:16:00,NOAA-20,GOIATINS,TOCANTINS,Brasil,1709005,17,33,,,,Cerrado,2.4
03ae295b-2f9a-33a3-a17b-c1106b8efe62, -11.791070, -47.095850,2026-07-16 05:16:00,NOAA-20,DIANÓPOLIS,TOCANTINS,Brasil,1707009,17,33,,,,Cerrado,3.7
ea8d7727-ec7e-347d-bbea-c23d2a4d0062, -12.883870, -58.285510,2026-07-16 05:16:00,NOAA-20,BRASNORTE,MATO GROSSO,Brasil,5101902,51,33,,,,Cerrado,1.3
27eda6ef-844f-32a5-a643-2986062306f1, -13.267250, -45.143250,2026-07-16 05:16:00,NOAA-20,CORRENTINA,BAHIA,Brasil,2909307,29,33,,,,Cerrado,15.1
28b5ebec-248c-3a34-9a8e-23b938e2da27,  -4.272090, -64.147790,2026-07-16 05:16:00,NOAA-20,COARI,AMAZONAS,Brasil,1301209,13,33,,,,Amazônia,2.1
498b0fa5-1086-333f-99d5-78b179bb39e1, -11.542560, -50.307370,2026-07-16 05:16:00,NOAA-20,FORMOSO DO ARAGUAIA,TOCANTINS,Brasil,1708205,17,33,,,,Cerrado,4.7
c837594a-d542-3fbc-9a0a-69d539ec7536, -11.783470, -47.092900,2026-07-16 05:16:00,NOAA-20,DIANÓPOLIS,TOCANTINS,Brasil,1707009,17,33,,,,Cerrado,8.6
b5d1613a-3673-36c9-8b0b-e3ab9f440994,  -9.456410, -63.876190,2026-07-16 05:16:00,NOAA-20,PORTO VELHO,RONDÔNIA,Brasil,1100205,11,33,,,,Amazônia,0.7
93f7a7c1-2761-3f9c-9b00-4660af0c6ef0, -11.547600, -50.308040,2026-07-16 05:16:00,NOAA-20,FORMOSO DO ARAGUAIA,TOCANTINS,Brasil,1708205,17,33,,,,Cerrado,4.7
d0631d4e-f168-35d9-a10f-cf776612291d, -13.257260, -45.139520,2026-07-16 05:16:00,NOAA-20,CORRENTINA,BAHIA,Brasil,2909307,29,33,,,,Cerrado,36.4
fda6f129-ec6d-33fd-bff1-6e5ee9248164, -11.748000, -57.816230,2026-07-16 05:16:00,NOAA-20,JUARA,MATO GROSSO,Brasil,5105101,51,33,,,,Amazônia,0.5
85136c42-f924-3ae2-b294-00425e06634e, -13.527070, -47.789330,2026-07-16 05:16:00,NOAA-20,CAVALCANTE,GOIÁS,Brasil,5205307,52,33,,,,Cerrado,1.4
115f253a-1008-377d-b532-35516677a516, -13.254540, -45.127440,2026-07-16 05:16:00,NOAA-20,CORRENTINA,BAHIA,Brasil,2909307,29,33,,,,Cerrado,28.6
89600be2-dd1d-3263-b718-05b69090fee6, -13.270030, -45.155450,2026-07-16 05:16:00,NOAA-20,CORRENTINA,BAHIA,Brasil,2909307,29,33,,,,Cerrado,11.4
060dea04-e515-3442-8ef5-0852c1dcf6da,  -9.452900, -63.871600,2026-07-16 05:16:00,NOAA-20,PORTO VELHO,RONDÔNIA,Brasil,1100205,11,33,,,,Amazônia,9.4
59e71184-7ccd-34b8-8c9f-db00d5eabf77, -12.461120, -49.587920,2026-07-16 05:16:00,NOAA-20,SANDOLÂNDIA,TOCANTINS,Brasil,1718840,17,33,,,,Cerrado,3.3
0275c2cd-9255-3f6b-b332-4d94d378740f, -13.253780, -45.134530,2026-07-16 05:16:00,NOAA-20,CORRENTINA,BAHIA,Brasil,2909307,29,33,,,,Cerrado,28.6
2a58fdf7-8f51-3b43-b96f-446d02427b2c, -12.073180, -49.916960,2026-07-16 05:16:00,NOAA-20,FORMOSO DO ARAGUAIA,TOCANTINS,Brasil,1708205,17,33,,,,Cerrado,2.0
1ddc039d-7cde-3b3e-ad63-d2fb7185b896, -11.791680, -47.090880,2026-07-16 05:16:00,NOAA-20,DIANÓPOLIS,TOCANTINS,Brasil,1707009,17,33,,,,Cerrado,3.7
01c3f835-ab3e-3e42-83ac-c93389ff9c0b, -13.269290, -45.162710,2026-07-16 05:16:00,NOAA-20,CORRENTINA,BAHIA,Brasil,2909307,29,33,,,,Cerrado,12.7
ed1af3df-0e33-3fbb-8d40-4f53eaaa25f8, -12.455740, -49.587410,2026-07-16 05:16:00,NOAA-20,SANDOLÂNDIA,TOCANTINS,Brasil,1718840,17,33,,,,Cerrado,3.3
9cfaae06-cbb5-3599-b3bf-b69f6f416600, -12.887190, -58.286050,2026-07-16 05:16:00,NOAA-20,BRASNORTE,MATO GROSSO,Brasil,5101902,51,33,,,,Cerrado,1.3
53f30066-f65b-304f-b9fd-497da036dda1, -11.099990, -47.807810,2026-07-16 05:16:00,NOAA-20,SILVANÓPOLIS,TOCANTINS,Brasil,1720655,17,33,,,,Cerrado,0.9
67881a34-e7a1-3044-b068-4c7fe8b97203, -12.445860, -49.579080,2026-07-16 05:16:00,NOAA-20,SANDOLÂNDIA,TOCANTINS,Brasil,1718840,17,33,,,,Cerrado,1.7
94d20d93-ce13-3fc7-9735-3ed45f4ed4b6, -13.259410, -45.149140,2026-07-16 05:16:00,NOAA-20,CORRENTINA,BAHIA,Brasil,2909307,29,33,,,,Cerrado,34.4
3b1f34f6-be3f-3707-bbac-968e38c552cc,  -9.452230, -63.875460,2026-07-16 05:16:00,NOAA-20,PORTO VELHO,RONDÔNIA,Brasil,1100205,11,33,,,,Amazônia,7.7
3e161bfd-15cb-3cb2-a287-87c74f04a6bc, -13.261630, -45.128570,2026-07-16 05:16:00,NOAA-20,CORRENTINA,BAHIA,Brasil,2909307,29,33,,,,Cerrado,28.6
85f2b66d-caa1-3cdd-89d1-2fffc2d6d19b, -13.256570, -45.146310,2026-07-16 05:16:00,NOAA-20,CORRENTINA,BAHIA,Brasil,2909307,29,33,,,,Cerrado,19.6
b9608a4b-61e5-3ab3-a2a7-ad2720cea6e8, -11.785420, -47.090280,2026-07-16 05:16:00,NOAA-20,DIANÓPOLIS,TOCANTINS,Brasil,1707009,17,33,,,,Cerrado,9.2
80e0f480-e7d5-32ff-b405-6a3e55980478, -11.784820, -47.095180,2026-07-16 05:16:00,NOAA-20,DIANÓPOLIS,TOCANTINS,Brasil,1707009,17,33,,,,Cerrado,9.2
1bd6ed2d-6424-3afb-a9ab-cb87794a7c5e, -11.119560, -49.771510,2026-07-16 05:16:00,NOAA-20,DUERÉ,TOCANTINS,Brasil,1707306,17,33,,,,Cerrado,1.7
f6e8db58-4c3e-35de-ba97-19bdccb14795, -11.542180, -50.310310,2026-07-16 05:16:00,NOAA-20,FORMOSO DO ARAGUAIA,TOCANTINS,Brasil,1708205,17,33,,,,Cerrado,4.0
6dae3d55-8c91-364e-90f4-c0b60bd2195b, -11.537520, -50.306690,2026-07-16 05:16:00,NOAA-20,FORMOSO DO ARAGUAIA,TOCANTINS,Brasil,1708205,17,33,,,,Cerrado,0.9
36fea98d-7294-34ff-b443-afa931bfe020, -13.260880, -45.135520,2026-07-16 05:16:00,NOAA-20,CORRENTINA,BAHIA,Brasil,2909307,29,33,,,,Cerrado,28.6
733e4e1c-9994-3286-a361-8db00d63a193, -13.550320, -47.802440,2026-07-16 05:16:00,NOAA-20,CAVALCANTE,GOIÁS,Brasil,5205307,52,33,,,,Cerrado,1.6
097f1964-765a-3c1e-9168-b6529718293a, -12.456160, -49.583940,2026-07-16 05:16:00,NOAA-20,SANDOLÂNDIA,TOCANTINS,Brasil,1718840,17,33,,,,Cerrado,4.5
1c0bf5b7-d545-31ba-8936-03f2d5604a7a, -12.414030, -58.402650,2026-07-16 05:16:00,NOAA-20,BRASNORTE,MATO GROSSO,Brasil,5101902,51,33,,,,Cerrado,0.9
5512475c-af88-31f8-9ac6-0d1f8df3deea, -10.037380, -51.660110,2026-07-16 05:16:00,NOAA-20,VILA RICA,MATO GROSSO,Brasil,5108600,51,33,,,,Amazônia,1.8
ac67b273-1ee9-3f19-9a84-3a0982bdea79, -11.120710, -49.770460,2026-07-16 05:16:00,NOAA-20,DUERÉ,TOCANTINS,Brasil,1707306,17,33,,,,Cerrado,1.5
5da2d257-ef57-3869-9fc9-2b2c5d42c164, -13.260150, -45.142310,2026-07-16 05:16:00,NOAA-20,CORRENTINA,BAHIA,Brasil,2909307,29,33,,,,Cerrado,34.4
8aac4b8d-cac7-30d2-aff5-0c80f1988153, -11.790300, -47.088590,2026-07-16 05:16:00,NOAA-20,DIANÓPOLIS,TOCANTINS,Brasil,1707009,17,33,,,,Cerrado,8.6
74dc6d3c-e4ed-3fe8-bab4-0a322c420355, -13.429580, -49.133580,2026-07-16 05:16:00,NOAA-20,PORANGATU,GOIÁS,Brasil,5218003,52,33,,,,Cerrado,8.1
93ad3e27-1fc7-3c8d-822f-e17dbbf25813, -10.953080, -62.004190,2026-07-16 05:16:00,NOAA-20,JI-PARANÁ,RONDÔNIA,Brasil,1100122,11,33,,,,Amazônia,0.8
af47ddc5-e0e9-3693-8633-9e5d5d32e4c0, -10.041870, -51.660760,2026-07-16 05:16:00,NOAA-20,VILA RICA,MATO GROSSO,Brasil,5108600,51,33,,,,Amazônia,1.8
52de4d66-128f-3c20-940c-c498682fdd3d, -12.455320, -49.590840,2026-07-16 05:16:00,NOAA-20,SANDOLÂNDIA,TOCANTINS,Brasil,1718840,17,33,,,,Cerrado,3.3
68a42c74-8785-33fc-983e-75d618a8a355, -12.934460, -56.641880,2026-07-16 05:16:00,NOAA-20,NOVA MUTUM,MATO GROSSO,Brasil,5106224,51,33,,,,Amazônia,1.5
2761051a-18ed-36c5-be3b-a51ab21f3aef, -13.549210, -47.812180,2026-07-16 05:16:00,NOAA-20,CAVALCANTE,GOIÁS,Brasil,5205307,52,33,,,,Cerrado,1.9
1c7421f4-7bb4-3f80-9e5c-efa873f9886c, -12.440510, -49.578260,2026-07-16 05:16:00,NOAA-20,SANDOLÂNDIA,TOCANTINS,Brasil,1718840,17,33,,,,Cerrado,0.6
ba2919a6-a5b6-3818-bc50-83eecb9fefec, -10.036760, -51.664670,2026-07-16 05:16:00,NOAA-20,VILA RICA,MATO GROSSO,Brasil,5108600,51,33,,,,Amazônia,4.8
f097126d-b6f8-3e2b-8442-7d1393234193, -11.094610, -47.802680,2026-07-16 05:16:00,NOAA-20,SILVANÓPOLIS,TOCANTINS,Brasil,1720655,17,33,,,,Cerrado,1.2
eed79e7b-ffd2-373b-9032-d6642c95f302, -13.264370, -45.140430,2026-07-16 05:16:00,NOAA-20,CORRENTINA,BAHIA,Brasil,2909307,29,33,,,,Cerrado,36.4
d652d9bf-d4ef-3b9c-b2e8-840b1928383d, -10.788760, -65.490510,2026-07-16 05:16:00,NOAA-20,Vaca Díez,El Beni,Bolivia,30,3,28,,,,,2.2
8097d8b3-6c85-3f68-a2e8-9f2a59eb5ac8, -13.430050, -49.129710,2026-07-16 05:16:00,NOAA-20,PORANGATU,GOIÁS,Brasil,5218003,52,33,,,,Cerrado,8.1
fd1f35fa-0656-36d4-8f88-2e5681bf6b19,  -9.479220, -57.321020,2026-07-16 05:16:00,NOAA-20,APIACÁS,MATO GROSSO,Brasil,5100805,51,33,,,,Amazônia,0.7
fb59bba2-b322-3f17-adfa-af878f8867c2,  -8.606350, -63.459900,2026-07-16 05:16:00,NOAA-20,CANDEIAS DO JAMARI,RONDÔNIA,Brasil,1100809,11,33,,,,Amazônia,1.1
f6a5b545-d9be-30c0-a9a2-bdda845cff4a, -13.272020, -45.165520,2026-07-16 05:16:00,NOAA-20,CORRENTINA,BAHIA,Brasil,2909307,29,33,,,,Cerrado,13.1
ccf37c04-b136-31f3-8e75-ab6ba5755044, -13.265720, -45.157300,2026-07-16 05:16:00,NOAA-20,CORRENTINA,BAHIA,Brasil,2909307,29,33,,,,Cerrado,13.1
ac2e056f-8908-366d-b660-643a79c8b1e3, -11.547220, -50.310980,2026-07-16 05:16:00,NOAA-20,FORMOSO DO ARAGUAIA,TOCANTINS,Brasil,1708205,17,33,,,,Cerrado,4.0
acbca118-80a7-3a69-807c-ed351b3ee6d0, -12.073600, -49.913760,2026-07-16 05:16:00,NOAA-20,FORMOSO DO ARAGUAIA,TOCANTINS,Brasil,1708205,17,33,,,,Cerrado,2.0
f95d6e6c-30aa-309a-a909-fa4f46b0f0ed, -13.264940, -45.164510,2026-07-16 05:16:00,NOAA-20,CORRENTINA,BAHIA,Brasil,2909307,29,33,,,,Cerrado,13.1
dfd3f961-3861-3e8a-bf15-0ff4693cf7b5, -16.365200, -59.279240,2026-07-16 05:18:00,NOAA-20,José Miguel de Velasco,Santa Cruz,Bolivia,85,8,28,,,,,0.8
fdb9bbef-da16-39f0-b95c-40bb12764d5d, -16.367610, -59.589350,2026-07-16 05:18:00,NOAA-20,José Miguel de Velasco,Santa Cruz,Bolivia,85,8,28,,,,,0.7
6f6093f4-2161-3e19-956a-2dea481556c1, -16.128550, -60.618280,2026-07-16 05:18:00,NOAA-20,José Miguel de Velasco,Santa Cruz,Bolivia,85,8,28,,,,,43.9
be5a5c84-0bad-3781-9fe0-27f3eb719523, -16.397790, -61.820420,2026-07-16 05:18:00,NOAA-20,Ñuflo de Chávez,Santa Cruz,Bolivia,78,8,28,,,,,3.7
56acfc73-970e-326e-9f8c-19013e0c0bb5, -15.801120, -61.817320,2026-07-16 05:18:00,NOAA-20,Ñuflo de Chávez,Santa Cruz,Bolivia,78,8,28,,,,,0.7
600b782e-fcc3-36d4-b0c8-8c29a3426d70, -16.141090, -60.646550,2026-07-16 05:18:00,NOAA-20,José Miguel de Velasco,Santa Cruz,Bolivia,85,8,28,,,,,1.2
6fd67db0-f795-3fb8-83cf-efffb9e35eb4, -16.334150, -59.694020,2026-07-16 05:18:00,NOAA-20,José Miguel de Velasco,Santa Cruz,Bolivia,85,8,28,,,,,5.4
0227df24-931f-3e1e-9b5f-b11f3efdb624, -18.421670, -54.562080,2026-07-16 05:18:00,NOAA-20,COXIM,MATO GROSSO DO SUL,Brasil,5003306,50,33,,,,Cerrado,0.5
c5fa655a-47ef-3db3-8542-ce3c180d33f3, -16.401270, -61.840420,2026-07-16 05:18:00,NOAA-20,Ñuflo de Chávez,Santa Cruz,Bolivia,78,8,28,,,,,1.0
377b0313-0549-34f5-90f4-beb97f92ff8f, -15.887940, -60.696870,2026-07-16 05:18:00,NOAA-20,José Miguel de Velasco,Santa Cruz,Bolivia,85,8,28,,,,,0.9
ca75d150-bf2d-3592-8984-67026ba6fe39, -16.088080, -61.613660,2026-07-16 05:18:00,NOAA-20,José Miguel de Velasco,Santa Cruz,Bolivia,85,8,28,,,,,1.2
cf1bcf8b-918c-3e4b-844c-b69f0ee56dec, -16.365840, -59.622180,2026-07-16 05:18:00,NOAA-20,José Miguel de Velasco,Santa Cruz,Bolivia,85,8,28,,,,,1.0
c5d25994-02be-37ca-91b3-29203a47fc7b, -15.707520, -61.579020,2026-07-16 05:18:00,NOAA-20,Ñuflo de Chávez,Santa Cruz,Bolivia,78,8,28,,,,,1.3
efd0597c-bc75-3a9f-b536-8b9478805085, -16.409890, -61.810360,2026-07-16 05:18:00,NOAA-20,Ñuflo de Chávez,Santa Cruz,Bolivia,78,8,28,,,,,0.7
35365d5b-8711-3008-8f8c-3578d5cd53e5, -19.841780, -49.076410,2026-07-16 05:18:00,NOAA-20,FRUTAL,MINAS GERAIS,Brasil,3127107,31,33,,,,Cerrado,2.2
0e25fa0e-029e-3a01-9a74-134ef215bf8e, -16.349150, -59.663500,2026-07-16 05:18:00,NOAA-20,José Miguel de Velasco,Santa Cruz,Bolivia,85,8,28,,,,,3.5
7d89aafc-ad9b-37d8-bb6a-15f83d0a4341, -16.401270, -59.591340,2026-07-16 05:18:00,NOAA-20,José Miguel de Velasco,Santa Cruz,Bolivia,85,8,28,,,,,1.3
eb7caa21-938b-389a-a3f2-501db4b65b46, -16.358100, -59.628240,2026-07-16 05:18:00,NOAA-20,José Miguel de Velasco,Santa Cruz,Bolivia,85,8,28,,,,,1.1
455cd160-e850-35fa-b0e6-614cbac9294e, -16.959200, -60.694170,2026-07-16 05:18:00,NOAA-20,José Miguel de Velasco,Santa Cruz,Bolivia,85,8,28,,,,,0.9
bb196588-86e0-322a-98d3-347e02558c0e, -18.334090, -59.053470,2026-07-16 05:18:00,NOAA-20,Chiquitos,Santa Cruz,Bolivia,80,8,28,,,,,2.1
f4411f39-6681-3a21-a683-37f71af9c044, -16.120530, -60.646660,2026-07-16 05:18:00,NOAA-20,José Miguel de Velasco,Santa Cruz,Bolivia,85,8,28,,,,,11.7
6c904f71-0a1d-3f28-9431-57b3a698bdf1, -16.961160, -60.660990,2026-07-16 05:18:00,NOAA-20,José Miguel de Velasco,Santa Cruz,Bolivia,85,8,28,,,,,2.4
a6c27964-6800-3810-a150-6a7fe7d4c549, -16.652990, -61.068700,2026-07-16 05:18:00,NOAA-20,José Miguel de Velasco,Santa Cruz,Bolivia,85,8,28,,,,,1.1
cd1edbd4-3790-3f37-af9b-24a93ff9a093, -16.348020, -59.670660,2026-07-16 05:18:00,NOAA-20,José Miguel de Velasco,Santa Cruz,Bolivia,85,8,28,,,,,1.5
e96a7ef6-0c85-3573-aa16-78f3623500ea, -16.373390, -61.903490,2026-07-16 05:18:00,NOAA-20,Ñuflo de Chávez,Santa Cruz,Bolivia,78,8,28,,,,,1.5
cfcbeaaa-e316-3152-a486-0b3764b95389, -16.401210, -61.821040,2026-07-16 05:18:00,NOAA-20,Ñuflo de Chávez,Santa Cruz,Bolivia,78,8,28,,,,,3.7
fcdfbe4d-9b81-310c-8667-30cb8ad9f452, -16.152220, -60.577710,2026-07-16 05:18:00,NOAA-20,José Miguel de Velasco,Santa Cruz,Bolivia,85,8,28,,,,,0.6
16c9f963-6fe1-3086-9fbd-c747e25509f8, -17.687380, -60.984800,2026-07-16 05:18:00,NOAA-20,Chiquitos,Santa Cruz,Bolivia,80,8,28,,,,,5.8
40d73565-e858-3e09-b0dd-1b573c241c70, -16.672800, -66.621350,2026-07-16 05:18:00,NOAA-20,Ayopaya,Cochabamba,Bolivia,13,2,28,,,,,1.3
aee13f9d-4a81-397a-bab8-cd5a153a73dc, -16.361260, -59.672900,2026-07-16 05:18:00,NOAA-20,José Miguel de Velasco,Santa Cruz,Bolivia,85,8,28,,,,,2.0
8766b1d1-5c33-3e7a-a5ec-97af9a467d5b, -16.342180, -59.599790,2026-07-16 05:18:00,NOAA-20,José Miguel de Velasco,Santa Cruz,Bolivia,85,8,28,,,,,1.5
a4d322f7-6e6f-310c-9373-ad9e943172b6, -16.130310, -60.607410,2026-07-16 05:18:00,NOAA-20,José Miguel de Velasco,Santa Cruz,Bolivia,85,8,28,,,,,12.4
26e49f71-1448-3876-9394-d7ad5536f2e8, -16.379080, -59.624410,2026-07-16 05:18:00,NOAA-20,José Miguel de Velasco,Santa Cruz,Bolivia,85,8,28,,,,,1.0
bcff21fd-712d-3f45-8b57-fe25af05834a, -16.343510, -59.699280,2026-07-16 05:18:00,NOAA-20,José Miguel de Velasco,Santa Cruz,Bolivia,85,8,28,,,,,1.7
979fe2a8-b409-35d9-a786-5bd65bbde788, -16.126990, -60.606830,2026-07-16 05:18:00,NOAA-20,José Miguel de Velasco,Santa Cruz,Bolivia,85,8,28,,,,,12.4
eb286d39-ab57-3e46-8366-a093ff885251, -18.262500, -59.049290,2026-07-16 05:18:00,NOAA-20,Chiquitos,Santa Cruz,Bolivia,80,8,28,,,,,0.5
1e0f0215-7a35-3cd8-8186-f5a96a24bad0, -16.960570, -60.664610,2026-07-16 05:18:00,NOAA-20,José Miguel de Velasco,Santa Cruz,Bolivia,85,8,28,,,,,3.6
6753c5b1-dadc-375d-a496-8e82d61f2bae, -16.399010, -59.605690,2026-07-16 05:18:00,NOAA-20,José Miguel de Velasco,Santa Cruz,Bolivia,85,8,28,,,,,2.9
de2b0653-ff37-3bf3-9a37-79cb09dbc113, -16.141680, -60.642930,2026-07-16 05:18:00,NOAA-20,José Miguel de Velasco,Santa Cruz,Bolivia,85,8,28,,,,,1.2
8feb7e6f-b731-37d5-a0f1-83214afe9693, -16.136190, -60.634490,2026-07-16 05:18:00,NOAA-20,José Miguel de Velasco,Santa Cruz,Bolivia,85,8,28,,,,,2.7
6595f054-bc62-3678-9cae-ac2ead0980a6, -16.397960, -59.590780,2026-07-16 05:18:00,NOAA-20,José Miguel de Velasco,Santa Cruz,Bolivia,85,8,28,,,,,1.3
9a9755f6-be57-3dd2-8dea-b2d77dd3616c, -16.361410, -59.628790,2026-07-16 05:18:00,NOAA-20,José Miguel de Velasco,Santa Cruz,Bolivia,85,8,28,,,,,1.1
c839595a-c37b-37b2-a7e8-2dbbc241e3ae, -16.405650, -61.877010,2026-07-16 05:18:00,NOAA-20,Ñuflo de Chávez,Santa Cruz,Bolivia,78,8,28,,,,,4.2
75af920a-0b8a-3914-8bb2-5f249a0bb55e, -16.404040, -61.844920,2026-07-16 05:18:00,NOAA-20,Ñuflo de Chávez,Santa Cruz,Bolivia,78,8,28,,,,,1.9
a899ec84-d452-3138-be1c-4f13b091c441, -18.326240, -59.059810,2026-07-16 05:18:00,NOAA-20,Chiquitos,Santa Cruz,Bolivia,80,8,28,,,,,2.6
0858620f-4420-304d-8fa4-baa05abc12cd, -17.497290, -59.574290,2026-07-16 05:18:00,NOAA-20,Chiquitos,Santa Cruz,Bolivia,80,8,28,,,,,5.4
06397df6-29d6-3a48-adb0-7e8ce6e67403, -16.340990, -59.629040,2026-07-16 05:18:00,NOAA-20,José Miguel de Velasco,Santa Cruz,Bolivia,85,8,28,,,,,0.5
80ba77c5-a29b-3e08-a246-fd2d32190cb3, -12.862260, -67.259250,2026-07-16 05:18:00,NOAA-20,Abel Iturralde,La Paz,Bolivia,32,4,28,,,,,3.0
29f5c659-5b32-3a36-96c9-7a336ca5d9b4, -16.334510, -59.583780,2026-07-16 05:18:00,NOAA-20,José Miguel de Velasco,Santa Cruz,Bolivia,85,8,28,,,,,1.2
8fc7af47-23b1-39f4-9737-6a7c2519d2ac, -16.564070, -60.827370,2026-07-16 05:18:00,NOAA-20,José Miguel de Velasco,Santa Cruz,Bolivia,85,8,28,,,,,25.3
3b6a6b6f-bcc7-3317-9459-9fc09638ee19, -17.142390, -60.550600,2026-07-16 05:18:00,NOAA-20,José Miguel de Velasco,Santa Cruz,Bolivia,85,8,28,,,,,2.2
22b05a9d-8bc6-3dd7-8e47-368997f0dd70, -18.014180, -59.589140,2026-07-16 05:18:00,NOAA-20,Chiquitos,Santa Cruz,Bolivia,80,8,28,,,,,1.9
d9c4a2fb-1a10-316a-8bed-44840001ab0f, -16.398450, -59.609270,2026-07-16 05:18:00,NOAA-20,José Miguel de Velasco,Santa Cruz,Bolivia,85,8,28,,,,,5.0
707d8815-882e-35ad-a4dc-381c6eaae285, -16.333580, -59.697600,2026-07-16 05:18:00,NOAA-20,José Miguel de Velasco,Santa Cruz,Bolivia,85,8,28,,,,,5.4
18aa0921-67c6-3c6f-83f8-f3b1edc831fe, -16.356410, -59.638980,2026-07-16 05:18:00,NOAA-20,José Miguel de Velasco,Santa Cruz,Bolivia,85,8,28,,,,,2.0
4c61ceab-ba7f-37b9-9887-691fb7f79865, -16.955880, -60.693590,2026-07-16 05:18:00,NOAA-20,José Miguel de Velasco,Santa Cruz,Bolivia,85,8,28,,,,,0.9
3898ddaa-9c93-316f-bd58-926500b8a47c, -14.087990, -64.435240,2026-07-16 05:18:00,NOAA-20,Mamoré,El Beni,Bolivia,27,3,28,,,,,4.8
6b98dd77-8d9d-378d-9a27-0719c8af639a, -18.269920, -60.808550,2026-07-16 05:18:00,NOAA-20,Chiquitos,Santa Cruz,Bolivia,80,8,28,,,,,1.9
96a9090c-4661-3763-8201-0b1dbfde1aea, -15.750330, -61.574970,2026-07-16 05:18:00,NOAA-20,Ñuflo de Chávez,Santa Cruz,Bolivia,78,8,28,,,,,2.7
e4a01578-dbdf-3e8b-8d99-1b2256f7d7a5, -17.632350, -60.227190,2026-07-16 05:18:00,NOAA-20,Chiquitos,Santa Cruz,Bolivia,80,8,28,,,,,5.7
bff55076-fcfd-33a1-8195-b579b4f584af, -13.661300, -59.835430,2026-07-16 05:18:00,NOAA-20,COMODORO,MATO GROSSO,Brasil,5103304,51,33,,,,Amazônia,0.6
24abddee-05eb-331a-9f47-bcec788583a8, -16.122490, -60.613480,2026-07-16 05:18:00,NOAA-20,José Miguel de Velasco,Santa Cruz,Bolivia,85,8,28,,,,,86.7
a197b09b-f394-34b5-bbda-bf47f7eed81e, -16.342460, -59.684430,2026-07-16 05:18:00,NOAA-20,José Miguel de Velasco,Santa Cruz,Bolivia,85,8,28,,,,,2.3
445e555e-39f0-3c59-849c-9dd0c454c1bd, -17.701770, -61.043820,2026-07-16 05:18:00,NOAA-20,Chiquitos,Santa Cruz,Bolivia,80,8,28,,,,,1.8
f7d09f0c-aec4-3608-bf8e-3709470f079f, -18.322320, -59.062970,2026-07-16 05:18:00,NOAA-20,Chiquitos,Santa Cruz,Bolivia,80,8,28,,,,,1.2
9e386888-bff5-3167-b6c0-e3d23e6935b3, -16.121710, -60.639420,2026-07-16 05:18:00,NOAA-20,José Miguel de Velasco,Santa Cruz,Bolivia,85,8,28,,,,,20.0
c1de8438-bc5c-3add-bef3-7545075fd95d, -16.078690, -60.465580,2026-07-16 05:18:00,NOAA-20,José Miguel de Velasco,Santa Cruz,Bolivia,85,8,28,,,,,5.9
ab914f9b-6cea-348a-9696-df125558a17b, -15.753740, -61.575580,2026-07-16 05:18:00,NOAA-20,Ñuflo de Chávez,Santa Cruz,Bolivia,78,8,28,,,,,2.7
3992a600-ace9-3190-b527-fc79632a6643, -16.338020, -59.691040,2026-07-16 05:18:00,NOAA-20,José Miguel de Velasco,Santa Cruz,Bolivia,85,8,28,,,,,4.7
d1d562c6-3973-3907-bcf0-d7af21a5c0bb, -17.645760, -59.688300,2026-07-16 05:18:00,NOAA-20,Chiquitos,Santa Cruz,Bolivia,80,8,28,,,,,2.1
ccf6b35f-7430-3f97-b211-6a02f78addd4, -16.120340, -60.605660,2026-07-16 05:18:00,NOAA-20,José Miguel de Velasco,Santa Cruz,Bolivia,85,8,28,,,,,3.4
c9edda35-ca56-339a-a58a-0994dc853b6e, -16.371260, -59.652520,2026-07-16 05:18:00,NOAA-20,José Miguel de Velasco,Santa Cruz,Bolivia,85,8,28,,,,,1.0
487afd6b-22b8-3368-9671-08ac4a3191e1, -16.117010, -60.605080,2026-07-16 05:18:00,NOAA-20,José Miguel de Velasco,Santa Cruz,Bolivia,85,8,28,,,,,1.3
6cf11648-6b1e-3ffd-8aa9-f0912bcf7cf8, -14.083980, -64.434470,2026-07-16 05:18:00,NOAA-20,Mamoré,El Beni,Bolivia,27,3,28,,,,,4.8
3d4e5744-d010-3692-ad0e-9aa79acb2a45, -16.133060, -60.611600,2026-07-16 05:18:00,NOAA-20,José Miguel de Velasco,Santa Cruz,Bolivia,85,8,28,,,,,2.9
52fd1ab1-4798-3d8c-94ce-84347b39c861, -17.675140, -60.765290,2026-07-16 05:18:00,NOAA-20,Chiquitos,Santa Cruz,Bolivia,80,8,28,,,,,0.8
270a5a88-c474-389f-8ce0-81b40019d448, -16.397400, -59.594370,2026-07-16 05:18:00,NOAA-20,José Miguel de Velasco,Santa Cruz,Bolivia,85,8,28,,,,,1.1
a08090d6-d7ad-3d77-8e99-256bbc3e0b1b, -16.402580, -61.832730,2026-07-16 05:18:00,NOAA-20,Ñuflo de Chávez,Santa Cruz,Bolivia,78,8,28,,,,,2.9
f33bde05-c052-3594-853f-81c3e5d944fd, -15.579210, -60.778880,2026-07-16 05:18:00,NOAA-20,José Miguel de Velasco,Santa Cruz,Bolivia,85,8,28,,,,,1.8
b63ad8ef-bb63-30bc-a970-421dd6aefc8b, -16.125420, -60.595380,2026-07-16 05:18:00,NOAA-20,José Miguel de Velasco,Santa Cruz,Bolivia,85,8,28,,,,,1.5
d6b8e9e7-30ee-3d71-87af-cba3c321504e, -17.493980, -59.573720,2026-07-16 05:18:00,NOAA-20,Chiquitos,Santa Cruz,Bolivia,80,8,28,,,,,5.4
7e351427-fcf6-36b5-926e-3b6fa1766a45, -17.660460, -60.773930,2026-07-16 05:18:00,NOAA-20,Chiquitos,Santa Cruz,Bolivia,80,8,28,,,,,1.8
01a4a32f-6221-3bab-932a-dc3bc87913d0, -16.322190, -59.640560,2026-07-16 05:18:00,NOAA-20,José Miguel de Velasco,Santa Cruz,Bolivia,85,8,28,,,,,5.2
f41a6a7b-022c-3718-a5bb-bb25218d34fa, -16.642790, -60.717720,2026-07-16 05:18:00,NOAA-20,José Miguel de Velasco,Santa Cruz,Bolivia,85,8,28,,,,,0.6
d20c3c3d-039e-37c2-a535-7212619af008, -16.963890, -60.665200,2026-07-16 05:18:00,NOAA-20,José Miguel de Velasco,Santa Cruz,Bolivia,85,8,28,,,,,3.6
59293c06-790e-3d57-8db6-9f2bfb84bf65, -16.340430, -59.632620,2026-07-16 05:18:00,NOAA-20,José Miguel de Velasco,Santa Cruz,Bolivia,85,8,28,,,,,0.5
3b3ae9cd-1c70-3aa1-b7b2-efa8aa0f5c29, -16.371820, -59.648940,2026-07-16 05:18:00,NOAA-20,José Miguel de Velasco,Santa Cruz,Bolivia,85,8,28,,,,,1.0
510ef79b-37d0-3c2e-99cb-10bd40b9c702, -16.348440, -59.711150,2026-07-16 05:18:00,NOAA-20,José Miguel de Velasco,Santa Cruz,Bolivia,85,8,28,,,,,1.8
10998ca6-0699-3d9f-81c1-50b5cd18d367, -16.121120, -60.643040,2026-07-16 05:18:00,NOAA-20,José Miguel de Velasco,Santa Cruz,Bolivia,85,8,28,,,,,20.0
e9833295-7fd1-3d4f-a78a-b820214430a4, -15.670480, -61.612510,2026-07-16 05:18:00,NOAA-20,Ñuflo de Chávez,Santa Cruz,Bolivia,78,8,28,,,,,9.5
52b9ea74-ca87-3a5b-a350-5f172c083fb4, -16.544330, -60.737860,2026-07-16 05:18:00,NOAA-20,José Miguel de Velasco,Santa Cruz,Bolivia,85,8,28,,,,,1.2
193b08c0-2330-32e4-8317-e9767d31e595, -17.526420, -62.857910,2026-07-16 05:18:00,NOAA-20,Andrés Ibáñez,Santa Cruz,Bolivia,79,8,28,,,,,1.7
6af66304-19e0-3c07-90ec-742ab8bc3131, -16.556220, -60.833510,2026-07-16 05:18:00,NOAA-20,José Miguel de Velasco,Santa Cruz,Bolivia,85,8,28,,,,,1.6
c72b613a-bff5-3454-b215-058914aafbf4, -15.578020, -60.786210,2026-07-16 05:18:00,NOAA-20,José Miguel de Velasco,Santa Cruz,Bolivia,85,8,28,,,,,2.0
4390d4f2-95bc-393c-b650-e7144e79337d, -16.958810, -60.675490,2026-07-16 05:18:00,NOAA-20,José Miguel de Velasco,Santa Cruz,Bolivia,85,8,28,,,,,3.9
1b6b6dab-b7cd-3a2d-89c2-eaeb9736dd2d, -18.003880, -61.687630,2026-07-16 05:18:00,NOAA-20,Chiquitos,Santa Cruz,Bolivia,80,8,28,,,,,0.6
b8dea748-d264-3313-abf4-f6a79556d230, -16.951580, -60.677940,2026-07-16 05:18:00,NOAA-20,José Miguel de Velasco,Santa Cruz,Bolivia,85,8,28,,,,,4.9
fd4deaa7-f99a-3f13-a771-9d77ee018c8f, -16.965450, -60.676650,2026-07-16 05:18:00,NOAA-20,José Miguel de Velasco,Santa Cruz,Bolivia,85,8,28,,,,,1.5
ba9dea5f-07ed-3629-92ec-86ef54cd3636, -17.697950, -60.982910,2026-07-16 05:18:00,NOAA-20,Chiquitos,Santa Cruz,Bolivia,80,8,28,,,,,2.1
4dc60b4d-f0f1-3dc4-a79d-683d024a5141, -16.324440, -59.626250,2026-07-16 05:18:00,NOAA-20,José Miguel de Velasco,Santa Cruz,Bolivia,85,8,28,,,,,0.6
66413562-a6ca-32e9-ad86-1e483b3fa09b, -16.414020, -59.575090,2026-07-16 05:18:00,NOAA-20,José Miguel de Velasco,Santa Cruz,Bolivia,85,8,28,,,,,1.6
f5322593-b5f8-315d-9010-858222b18f67, -15.656190, -61.613860,2026-07-16 05:18:00,NOAA-20,Ñuflo de Chávez,Santa Cruz,Bolivia,78,8,28,,,,,2.2
8b128ae2-782d-3960-892c-f8530bfabdbb, -15.704110, -61.578400,2026-07-16 05:18:00,NOAA-20,Ñuflo de Chávez,Santa Cruz,Bolivia,78,8,28,,,,,0.8
b137bfb7-2c33-3e25-881e-79e7a0d70357, -18.266610, -60.807970,2026-07-16 05:18:00,NOAA-20,Chiquitos,Santa Cruz,Bolivia,80,8,28,,,,,2.2
9270b75a-d172-316b-ba58-1f5d319f2dff, -16.382670, -59.296960,2026-07-16 05:18:00,NOAA-20,José Miguel de Velasco,Santa Cruz,Bolivia,85,8,28,,,,,0.7
ed1e1b59-f262-35f2-b506-dca1287e3838, -18.333520, -59.057200,2026-07-16 05:18:00,NOAA-20,Chiquitos,Santa Cruz,Bolivia,80,8,28,,,,,2.1
d16bff04-91f1-30bd-a291-22ca359d08a6, -17.495670, -59.562860,2026-07-16 05:18:00,NOAA-20,Chiquitos,Santa Cruz,Bolivia,80,8,28,,,,,2.3
f56db506-4cd2-388b-ad4f-739574b0032f, -17.645200, -59.691930,2026-07-16 05:18:00,NOAA-20,Chiquitos,Santa Cruz,Bolivia,80,8,28,,,,,6.6
7dff619a-8321-3aa0-a7a4-98e152bbb895, -17.752330, -61.995400,2026-07-16 05:18:00,NOAA-20,Chiquitos,Santa Cruz,Bolivia,80,8,28,,,,,0.5
d41ce0b2-7f6f-3d2c-8080-b9f0e16caa56, -16.548250, -60.734790,2026-07-16 05:18:00,NOAA-20,José Miguel de Velasco,Santa Cruz,Bolivia,85,8,28,,,,,3.6
6e4e66a8-a070-3992-99e2-149748815dc4, -16.642200, -60.721340,2026-07-16 05:18:00,NOAA-20,José Miguel de Velasco,Santa Cruz,Bolivia,85,8,28,,,,,0.6
70f26eb9-d41f-3de2-a408-7f749e6eb4dd, -16.133450, -60.630290,2026-07-16 05:18:00,NOAA-20,José Miguel de Velasco,Santa Cruz,Bolivia,85,8,28,,,,,16.3
0519c8c3-de0a-39dc-a782-68e1690b9675, -15.841210, -61.264610,2026-07-16 05:18:00,NOAA-20,José Miguel de Velasco,Santa Cruz,Bolivia,85,8,28,,,,,0.6
1b678378-407b-3ea2-9d1c-9d745682bfc0, -18.353080, -59.064250,2026-07-16 05:18:00,NOAA-20,Chiquitos,Santa Cruz,Bolivia,80,8,28,,,,,1.1
36529aa8-d499-3f60-9d1b-23f22cd92cc9, -16.124250, -60.602630,2026-07-16 05:18:00,NOAA-20,José Miguel de Velasco,Santa Cruz,Bolivia,85,8,28,,,,,3.4
cde0fcec-0cef-3828-920b-883ff5c109d1, -15.924220, -61.922140,2026-07-16 05:18:00,NOAA-20,Ñuflo de Chávez,Santa Cruz,Bolivia,78,8,28,,,,,2.9
ffe0db67-eb81-30c1-a7f8-bbf909a99067, -18.117720, -59.666420,2026-07-16 05:18:00,NOAA-20,Chiquitos,Santa Cruz,Bolivia,80,8,28,,,,,0.6
afa34f94-d48e-389a-9418-b829e3855b3b, -16.131100, -60.644790,2026-07-16 05:18:00,NOAA-20,José Miguel de Velasco,Santa Cruz,Bolivia,85,8,28,,,,,24.2
a93f4aff-cf85-3a6c-bdac-bb1bef025a89, -18.086780, -59.646210,2026-07-16 05:18:00,NOAA-20,Chiquitos,Santa Cruz,Bolivia,80,8,28,,,,,0.9
9ce1ac0c-5a2f-3fee-a232-4ab071677bd6, -16.370280, -59.615570,2026-07-16 05:18:00,NOAA-20,José Miguel de Velasco,Santa Cruz,Bolivia,85,8,28,,,,,1.0
379bba64-516b-34ac-b601-456561df810f, -16.118580, -60.616520,2026-07-16 05:18:00,NOAA-20,José Miguel de Velasco,Santa Cruz,Bolivia,85,8,28,,,,,27.8
1dd29dc9-d0fc-3b06-93e0-e2faca465ccf, -16.373520, -59.638200,2026-07-16 05:18:00,NOAA-20,José Miguel de Velasco,Santa Cruz,Bolivia,85,8,28,,,,,4.5
88a99927-b5a0-307b-befe-e8066a437ca8, -16.319950, -59.632770,2026-07-16 05:18:00,NOAA-20,José Miguel de Velasco,Santa Cruz,Bolivia,85,8,28,,,,,1.6
fe423c0d-aa8b-300a-81c3-793dec651cf4, -17.525730, -62.862030,2026-07-16 05:18:00,NOAA-20,Andrés Ibáñez,Santa Cruz,Bolivia,79,8,28,,,,,4.7
1d5ad337-d1d4-3afe-b8a0-3254b29687d6, -16.649040, -61.071800,2026-07-16 05:18:00,NOAA-20,José Miguel de Velasco,Santa Cruz,Bolivia,85,8,28,,,,,1.1
46fa1e7b-96d9-360e-8907-45a140c1ceaa, -16.411760, -59.589420,2026-07-16 05:18:00,NOAA-20,José Miguel de Velasco,Santa Cruz,Bolivia,85,8,28,,,,,1.6
38e36f3e-99a9-3e06-ac7c-fd6731b401cf, -16.351620, -59.582980,2026-07-16 05:18:00,NOAA-20,José Miguel de Velasco,Santa Cruz,Bolivia,85,8,28,,,,,5.5
bb09ab38-6323-3619-9fbd-3d20767c9914, -16.355990, -59.598430,2026-07-16 05:18:00,NOAA-20,José Miguel de Velasco,Santa Cruz,Bolivia,85,8,28,,,,,0.9
bbd6097a-031b-37d4-ae62-441a5fb627dd, -16.330430, -59.652990,2026-07-16 05:18:00,NOAA-20,José Miguel de Velasco,Santa Cruz,Bolivia,85,8,28,,,,,2.2
077fbd1e-8e08-3df3-958a-43f865287341, -16.119750, -60.609280,2026-07-16 05:18:00,NOAA-20,José Miguel de Velasco,Santa Cruz,Bolivia,85,8,28,,,,,86.7
ae651f83-ffcc-3e06-862e-c3c25cce1879, -15.754370, -61.571750,2026-07-16 05:18:00,NOAA-20,Ñuflo de Chávez,Santa Cruz,Bolivia,78,8,28,,,,,4.0
f170a250-ccd0-3bb7-8695-60e3c9fdb4b0, -16.122680, -60.591180,2026-07-16 05:18:00,NOAA-20,José Miguel de Velasco,Santa Cruz,Bolivia,85,8,28,,,,,2.8
431faa47-b5d4-34f4-8612-fe1304d4f76b, -16.269460, -60.836940,2026-07-16 05:18:00,NOAA-20,José Miguel de Velasco,Santa Cruz,Bolivia,85,8,28,,,,,4.3
c96d4efd-9ae8-37e1-b49c-ca66dbda5d6e, -15.665800, -61.619510,2026-07-16 05:18:00,NOAA-20,Ñuflo de Chávez,Santa Cruz,Bolivia,78,8,28,,,,,11.0
ca851ff5-f94a-3c6d-9be7-21005d2c1b8a, -16.668270, -66.621100,2026-07-16 05:18:00,NOAA-20,Ayopaya,Cochabamba,Bolivia,13,2,28,,,,,1.3
7cd84991-e9dc-32f9-a986-81a88af90edd, -17.514930, -60.600220,2026-07-16 05:18:00,NOAA-20,Chiquitos,Santa Cruz,Bolivia,80,8,28,,,,,1.1
c6ef353f-6b28-3ae0-bb16-a23ba2ef3b03, -16.404690, -61.841050,2026-07-16 05:18:00,NOAA-20,Ñuflo de Chávez,Santa Cruz,Bolivia,78,8,28,,,,,0.9
6c232c24-0fae-3082-9b5e-8641a35df743, -18.355920, -59.045620,2026-07-16 05:18:00,NOAA-20,Chiquitos,Santa Cruz,Bolivia,80,8,28,,,,,2.5
f26cb5ac-a967-3f61-b1de-d99a24f4b991, -16.547660, -60.738430,2026-07-16 05:18:00,NOAA-20,José Miguel de Velasco,Santa Cruz,Bolivia,85,8,28,,,,,3.6
ba76f98e-5acf-36b4-b61a-25851eba14ec, -16.342680, -59.618270,2026-07-16 05:18:00,NOAA-20,José Miguel de Velasco,Santa Cruz,Bolivia,85,8,28,,,,,3.4
4f41cfb2-1825-35eb-9e2f-0cb4be77b74b, -16.397160, -61.824260,2026-07-16 05:18:00,NOAA-20,Ñuflo de Chávez,Santa Cruz,Bolivia,78,8,28,,,,,3.7
266e2275-4f01-357f-99fc-74dbe51916aa, -16.326720, -59.589760,2026-07-16 05:18:00,NOAA-20,José Miguel de Velasco,Santa Cruz,Bolivia,85,8,28,,,,,0.6
8690e5cd-a81e-3b9a-a4be-2ebfb1312e61, -15.928310, -61.918880,2026-07-16 05:18:00,NOAA-20,Ñuflo de Chávez,Santa Cruz,Bolivia,78,8,28,,,,,2.7
207bb8cd-4ea2-3afe-b82a-b78e77bb3807, -16.324370, -59.648290,2026-07-16 05:18:00,NOAA-20,José Miguel de Velasco,Santa Cruz,Bolivia,85,8,28,,,,,3.6
b0a9f4cd-c92a-3f7f-b0bc-b423af69e63d, -18.331260, -59.072080,2026-07-16 05:18:00,NOAA-20,Chiquitos,Santa Cruz,Bolivia,80,8,28,,,,,2.3
2f8f2fd1-9735-30d3-b242-fbda6675a8cb, -16.341250, -59.713610,2026-07-16 05:18:00,NOAA-20,José Miguel de Velasco,Santa Cruz,Bolivia,85,8,28,,,,,5.3
748a5fc7-ebb4-3d31-a84d-5b604efde9e4, -14.561980, -63.524260,2026-07-16 05:18:00,NOAA-20,Cercado,El Beni,Bolivia,25,3,28,,,,,0.9
a64119f7-fb7f-3419-a6a2-73f1e9b76d47, -16.130120, -60.629710,2026-07-16 05:18:00,NOAA-20,José Miguel de Velasco,Santa Cruz,Bolivia,85,8,28,,,,,16.3
4824f528-8482-30d3-a9ac-bc99e388293e, -16.401760, -59.609830,2026-07-16 05:18:00,NOAA-20,José Miguel de Velasco,Santa Cruz,Bolivia,85,8,28,,,,,2.7
535a2312-2fae-3967-a1b6-1f460eb91f67, -16.374080, -59.634610,2026-07-16 05:18:00,NOAA-20,José Miguel de Velasco,Santa Cruz,Bolivia,85,8,28,,,,,4.5
899e174d-c140-3345-b662-99a5bd489a75, -16.349720, -59.659910,2026-07-16 05:18:00,NOAA-20,José Miguel de Velasco,Santa Cruz,Bolivia,85,8,28,,,,,3.5
259b6da8-517a-3319-aa42-354e10f7decb, -16.335840, -59.683310,2026-07-16 05:18:00,NOAA-20,José Miguel de Velasco,Santa Cruz,Bolivia,85,8,28,,,,,4.1
a4238f0d-9ad0-31d6-a0c7-0849b8e34569, -16.123860, -60.647240,2026-07-16 05:18:00,NOAA-20,José Miguel de Velasco,Santa Cruz,Bolivia,85,8,28,,,,,11.7
3bcf6f69-2c41-3d8a-9006-2b4099a4914f, -16.368030, -59.629910,2026-07-16 05:18:00,NOAA-20,José Miguel de Velasco,Santa Cruz,Bolivia,85,8,28,,,,,1.5
4d1984db-9fda-3e02-96bc-da03519225e0, -16.128350, -60.704050,2026-07-16 05:18:00,NOAA-20,José Miguel de Velasco,Santa Cruz,Bolivia,85,8,28,,,,,2.2
4212e988-3c7b-3675-b592-25162502223c, -18.328500, -59.044910,2026-07-16 05:18:00,NOAA-20,Chiquitos,Santa Cruz,Bolivia,80,8,28,,,,,1.9
bc1c514e-0a4b-3dbc-a944-4b675af3cade, -17.694030, -60.985980,2026-07-16 05:18:00,NOAA-20,Chiquitos,Santa Cruz,Bolivia,80,8,28,,,,,5.1
a1944dc7-3b7d-3a41-b881-fa5131f076a8, -14.869650, -68.928480,2026-07-16 05:18:00,NOAA-20,Bautista Saavedra,La Paz,Bolivia,34,4,28,,,,,1.5
8cfbee9e-7b15-3aba-831b-5bbbefe2176f, -16.452180, -60.677970,2026-07-16 05:18:00,NOAA-20,José Miguel de Velasco,Santa Cruz,Bolivia,85,8,28,,,,,0.7
0cbdc9a5-f9ef-3aa0-b0ae-77bbf1e4af60, -16.959980, -60.668240,2026-07-16 05:18:00,NOAA-20,José Miguel de Velasco,Santa Cruz,Bolivia,85,8,28,,,,,3.6
3c1c4596-e5ac-3c0d-b5fe-41ce00deddc2, -16.131300, -60.622480,2026-07-16 05:18:00,NOAA-20,José Miguel de Velasco,Santa Cruz,Bolivia,85,8,28,,,,,7.3
a5ef98fd-b612-3ba2-aaeb-9eccfc31a6a0, -17.529550, -62.861820,2026-07-16 05:18:00,NOAA-20,Andrés Ibáñez,Santa Cruz,Bolivia,79,8,28,,,,,0.9
3d777760-bfda-3347-b634-3f5b36577c0f, -15.924870, -61.918250,2026-07-16 05:18:00,NOAA-20,Ñuflo de Chávez,Santa Cruz,Bolivia,78,8,28,,,,,2.7
b13825b0-7d9d-3f0f-960a-c1a1e77559ad, -16.343240, -59.614690,2026-07-16 05:18:00,NOAA-20,José Miguel de Velasco,Santa Cruz,Bolivia,85,8,28,,,,,3.4
d8cdf0af-252d-354e-9e0d-f923653fca06, -16.375700, -59.645920,2026-07-16 05:18:00,NOAA-20,José Miguel de Velasco,Santa Cruz,Bolivia,85,8,28,,,,,3.8
fd169409-9b30-30eb-991a-49f5760a72c4, -14.079970, -64.433690,2026-07-16 05:18:00,NOAA-20,Mamoré,El Beni,Bolivia,27,3,28,,,,,1.1
f14e4525-2642-39b8-a487-3ec1199fcd93, -16.341970, -59.665960,2026-07-16 05:18:00,NOAA-20,José Miguel de Velasco,Santa Cruz,Bolivia,85,8,28,,,,,2.2
3c23cd99-5a53-3096-8aeb-ade927f75e7e, -16.339930, -59.614140,2026-07-16 05:18:00,NOAA-20,José Miguel de Velasco,Santa Cruz,Bolivia,85,8,28,,,,,3.4
26d24719-7321-3a2c-b5c7-71d75c43559f, -16.504780, -62.143310,2026-07-16 05:18:00,NOAA-20,Ñuflo de Chávez,Santa Cruz,Bolivia,78,8,28,,,,,0.5
2eb0436e-979a-3e8b-9283-44d518425310, -16.121320, -60.620720,2026-07-16 05:18:00,NOAA-20,José Miguel de Velasco,Santa Cruz,Bolivia,85,8,28,,,,,27.8
36fa97f5-fd00-3408-adae-f672717843ac, -16.375130, -59.649500,2026-07-16 05:18:00,NOAA-20,José Miguel de Velasco,Santa Cruz,Bolivia,85,8,28,,,,,1.5
b3f6ece4-5150-3981-bb18-24cfc3536f06, -16.405000, -61.880860,2026-07-16 05:18:00,NOAA-20,Ñuflo de Chávez,Santa Cruz,Bolivia,78,8,28,,,,,4.2
9cec42bd-a01a-3909-afa5-212ac2e77721, -16.784150, -60.663770,2026-07-16 05:18:00,NOAA-20,José Miguel de Velasco,Santa Cruz,Bolivia,85,8,28,,,,,0.8
04f98009-9895-3774-bb92-b3f08a413d88, -16.356820, -59.311100,2026-07-16 05:18:00,NOAA-20,José Miguel de Velasco,Santa Cruz,Bolivia,85,8,28,,,,,2.9
059079e9-a821-38c8-b993-216d484d4c84, -17.270830, -60.235250,2026-07-16 05:18:00,NOAA-20,Chiquitos,Santa Cruz,Bolivia,80,8,28,,,,,5.0
f2d706d2-9f5f-31f3-9089-bd2e6189d305, -16.407120, -61.805920,2026-07-16 05:18:00,NOAA-20,Ñuflo de Chávez,Santa Cruz,Bolivia,78,8,28,,,,,0.7
942c34fa-e4b2-3385-a77a-5559d5599b29, -15.681890, -61.605970,2026-07-16 05:18:00,NOAA-20,Ñuflo de Chávez,Santa Cruz,Bolivia,78,8,28,,,,,5.2
0fa981ed-cda5-36cb-a860-64cd25b0eb13, -16.379650, -59.620820,2026-07-16 05:18:00,NOAA-20,José Miguel de Velasco,Santa Cruz,Bolivia,85,8,28,,,,,1.0
4b0926c7-f7cd-38ce-a336-76ace3a7b59a, -18.329600, -59.060370,2026-07-16 05:18:00,NOAA-20,Chiquitos,Santa Cruz,Bolivia,80,8,28,,,,,2.6
6f78cc01-f3bf-3281-8948-94d713f4e6d9, -16.831430, -60.937940,2026-07-16 05:18:00,NOAA-20,José Miguel de Velasco,Santa Cruz,Bolivia,85,8,28,,,,,0.9
4260a3fd-1adf-366f-a97f-6efbbda5b3bf, -15.578620, -60.782550,2026-07-16 05:18:00,NOAA-20,José Miguel de Velasco,Santa Cruz,Bolivia,85,8,28,,,,,1.8
fd3e4e72-16cf-3356-893c-28be13e677a1, -18.271480, -60.820060,2026-07-16 05:18:00,NOAA-20,Cordillera,Santa Cruz,Bolivia,81,8,28,,,,,3.5
dfa0f6ac-c3ac-3c29-8eb7-7fd1f6bb8ebf, -16.130710, -60.626090,2026-07-16 05:18:00,NOAA-20,José Miguel de Velasco,Santa Cruz,Bolivia,85,8,28,,,,,16.3
528f8f84-1ebd-3ee4-8704-ce4e70286536, -16.349230, -59.641450,2026-07-16 05:18:00,NOAA-20,José Miguel de Velasco,Santa Cruz,Bolivia,85,8,28,,,,,0.6
ca558503-ebaa-340d-bc33-60582daff84f, -17.257600, -60.232960,2026-07-16 05:18:00,NOAA-20,Chiquitos,Santa Cruz,Bolivia,80,8,28,,,,,2.7
2504cef5-d2f0-3240-b9a8-e36b1afe62ec, -17.691300, -60.981740,2026-07-16 05:18:00,NOAA-20,Chiquitos,Santa Cruz,Bolivia,80,8,28,,,,,12.7
df9be42a-a7cd-3b83-bc6a-9e34dfed1a18, -15.915200, -69.944820,2026-07-16 05:18:00,NOAA-20,Puno,Puno,Peru,170,22,178,,,,,1.5
f0f1185f-4ffa-3e6e-ba2c-8ecec348b25e, -16.399650, -59.580030,2026-07-16 05:18:00,NOAA-20,José Miguel de Velasco,Santa Cruz,Bolivia,85,8,28,,,,,6.6
e38d953b-f567-3318-be1e-37e2be1e6b1f, -16.962130, -60.676070,2026-07-16 05:18:00,NOAA-20,José Miguel de Velasco,Santa Cruz,Bolivia,85,8,28,,,,,3.9
01eaa433-bf58-3b67-8ee2-39fa4c0c3d77, -18.345810, -59.066850,2026-07-16 05:18:00,NOAA-20,Chiquitos,Santa Cruz,Bolivia,80,8,28,,,,,1.6
cbc650d6-24b1-34ea-bad1-47ca1171a353, -17.480780, -59.549180,2026-07-16 05:18:00,NOAA-20,Chiquitos,Santa Cruz,Bolivia,80,8,28,,,,,7.6
86f11c7e-fabb-3d1e-ac07-9ca380f5a775, -16.323880, -59.629830,2026-07-16 05:18:00,NOAA-20,José Miguel de Velasco,Santa Cruz,Bolivia,85,8,28,,,,,0.6
a6f7d3cb-fbc1-3712-9b45-e1635a3f2446, -16.960370, -60.686930,2026-07-16 05:18:00,NOAA-20,José Miguel de Velasco,Santa Cruz,Bolivia,85,8,28,,,,,2.2
1cc4c6b7-57fa-3e8d-bcfe-f466322bc008, -16.335760, -59.705330,2026-07-16 05:18:00,NOAA-20,José Miguel de Velasco,Santa Cruz,Bolivia,85,8,28,,,,,3.1
ea4cded6-3250-3fe8-9b7a-80d40a91d385, -16.333940, -59.587360,2026-07-16 05:18:00,NOAA-20,José Miguel de Velasco,Santa Cruz,Bolivia,85,8,28,,,,,1.2
2b9994a3-5a0d-3a1f-a592-c8b10070e820, -17.888820, -59.631770,2026-07-16 05:18:00,NOAA-20,Chiquitos,Santa Cruz,Bolivia,80,8,28,,,,,0.9
5f186b62-3c9b-3ae7-899b-bf0dc29da63c, -18.750160, -58.497630,2026-07-16 05:18:00,NOAA-20,Chiquitos,Santa Cruz,Bolivia,80,8,28,,,,,1.4
63155cb6-012b-31b4-a644-baa97d0857f4, -15.763930, -60.980570,2026-07-16 05:18:00,NOAA-20,José Miguel de Velasco,Santa Cruz,Bolivia,85,8,28,,,,,1.5
3a1f1bfd-9cef-3b6d-9fff-f9815db5d917, -17.687970, -60.981150,2026-07-16 05:18:00,NOAA-20,Chiquitos,Santa Cruz,Bolivia,80,8,28,,,,,4.9
58fbe18e-4456-38d7-8a2a-96040c38b72a, -15.659850, -61.634170,2026-07-16 05:18:00,NOAA-20,Ñuflo de Chávez,Santa Cruz,Bolivia,78,8,28,,,,,1.3
eaa3fb95-14fe-3091-99b2-bc32508e06c6, -16.236040, -61.355530,2026-07-16 05:18:00,NOAA-20,José Miguel de Velasco,Santa Cruz,Bolivia,85,8,28,,,,,2.4
95590a99-54c0-3622-b13d-118454697586, -16.330840, -59.693460,2026-07-16 05:18:00,NOAA-20,José Miguel de Velasco,Santa Cruz,Bolivia,85,8,28,,,,,1.5
baefaa68-95bc-3da7-9978-15633b54eb79, -16.352180, -59.579410,2026-07-16 05:18:00,NOAA-20,José Miguel de Velasco,Santa Cruz,Bolivia,85,8,28,,,,,5.5
7d70d061-7eb9-3776-976b-b4efd187b32d, -16.365760, -59.275630,2026-07-16 05:18:00,NOAA-20,José Miguel de Velasco,Santa Cruz,Bolivia,85,8,28,,,,,0.4
392c0009-741e-306d-8331-1a3d91c521db, -16.646120, -60.718290,2026-07-16 05:18:00,NOAA-20,José Miguel de Velasco,Santa Cruz,Bolivia,85,8,28,,,,,1.0
ef88f6e0-261e-3c92-b309-7d3ab4ad9302, -16.350490, -59.590160,2026-07-16 05:18:00,NOAA-20,José Miguel de Velasco,Santa Cruz,Bolivia,85,8,28,,,,,1.7
41cde614-80df-32cc-9cf5-1292ff1270a8, -17.159220, -59.954010,2026-07-16 05:18:00,NOAA-20,Chiquitos,Santa Cruz,Bolivia,80,8,28,,,,,2.5
60868d79-0a4b-313f-8641-00f08dfc5a4d, -16.135020, -60.641750,2026-07-16 05:18:00,NOAA-20,José Miguel de Velasco,Santa Cruz,Bolivia,85,8,28,,,,,1.8
74ecff66-f4ed-3a2e-91db-ea69b6c7eefa, -16.332120, -59.642250,2026-07-16 05:18:00,NOAA-20,José Miguel de Velasco,Santa Cruz,Bolivia,85,8,28,,,,,3.5
80f4dcef-3ece-3e96-b9cf-9c1d06d6e203, -16.329930, -59.634530,2026-07-16 05:18:00,NOAA-20,José Miguel de Velasco,Santa Cruz,Bolivia,85,8,28,,,,,2.7
e30c23c6-6723-3386-bda8-a9b400ecbe1a, -17.137920, -60.024280,2026-07-16 05:18:00,NOAA-20,Chiquitos,Santa Cruz,Bolivia,80,8,28,,,,,0.9
a5c48781-1eaf-3d7b-b705-dd787c1b4eb4, -16.345500, -59.600350,2026-07-16 05:18:00,NOAA-20,José Miguel de Velasco,Santa Cruz,Bolivia,85,8,28,,,,,1.5
dca87f0a-7470-3173-afd3-426d9ff6cf1f, -16.123660, -60.606240,2026-07-16 05:18:00,NOAA-20,José Miguel de Velasco,Santa Cruz,Bolivia,85,8,28,,,,,3.4
779810b7-cb28-315d-bdde-4022dea0af63, -16.410710, -59.574540,2026-07-16 05:18:00,NOAA-20,José Miguel de Velasco,Santa Cruz,Bolivia,85,8,28,,,,,1.2
46e62476-c142-34cd-9c05-c2f470d0ebc8, -16.328810, -59.641680,2026-07-16 05:18:00,NOAA-20,José Miguel de Velasco,Santa Cruz,Bolivia,85,8,28,,,,,3.5
cc0b3400-cf6d-3869-8d97-c02709f05238, -16.131880, -60.618850,2026-07-16 05:18:00,NOAA-20,José Miguel de Velasco,Santa Cruz,Bolivia,85,8,28,,,,,7.3
c5ab70cd-56bd-3f44-8c9f-814e59fa757b, -16.402220, -61.876400,2026-07-16 05:18:00,NOAA-20,Ñuflo de Chávez,Santa Cruz,Bolivia,78,8,28,,,,,5.7
9b06a1d5-a575-3c98-9025-18a961b47a5f, -18.327900, -59.071530,2026-07-16 05:18:00,NOAA-20,Chiquitos,Santa Cruz,Bolivia,80,8,28,,,,,4.5
1ac965f8-1e0b-3655-8f45-465ea64a8800, -15.836640, -61.263990,2026-07-16 05:18:00,NOAA-20,José Miguel de Velasco,Santa Cruz,Bolivia,85,8,28,,,,,1.4
e3dd5b10-7c38-386c-a3a8-e3e8f7e335ff, -16.400470, -61.824430,2026-07-16 05:18:00,NOAA-20,Ñuflo de Chávez,Santa Cruz,Bolivia,78,8,28,,,,,1.5
abb604e0-2ecf-3f9f-856a-e40a03d63c3b, -18.319530, -59.058700,2026-07-16 05:18:00,NOAA-20,Chiquitos,Santa Cruz,Bolivia,80,8,28,,,,,1.2
32d49ccd-3b37-3764-992d-a224c3c4a8aa, -16.338590, -59.687450,2026-07-16 05:18:00,NOAA-20,José Miguel de Velasco,Santa Cruz,Bolivia,85,8,28,,,,,4.7
3c8e6d1a-c4b4-3eef-8bd7-679bb8b6b9af, -16.355350, -59.624100,2026-07-16 05:18:00,NOAA-20,José Miguel de Velasco,Santa Cruz,Bolivia,85,8,28,,,,,2.0
7659bbd3-62c3-379b-a090-7f2d49182779, -16.414580, -59.571500,2026-07-16 05:18:00,NOAA-20,José Miguel de Velasco,Santa Cruz,Bolivia,85,8,28,,,,,1.3
52a00675-f5a2-3b8f-a6c7-d2b9d3d8aa09, -16.121510, -60.598420,2026-07-16 05:18:00,NOAA-20,José Miguel de Velasco,Santa Cruz,Bolivia,85,8,28,,,,,1.5
f29898b8-bbb0-35b7-9d83-90148d8b3c83, -16.349000, -59.707570,2026-07-16 05:18:00,NOAA-20,José Miguel de Velasco,Santa Cruz,Bolivia,85,8,28,,,,,2.8
44efc72a-a598-31d0-9f7c-6beac0d5d4f4, -16.651780, -61.076070,2026-07-16 05:18:00,NOAA-20,José Miguel de Velasco,Santa Cruz,Bolivia,85,8,28,,,,,0.9
c463936e-8686-3a1b-91b7-11ca7e04d151, -16.357950, -59.672340,2026-07-16 05:18:00,NOAA-20,José Miguel de Velasco,Santa Cruz,Bolivia,85,8,28,,,,,2.0
9d8caa07-c450-387b-b8f6-71c8081eb914, -16.120930, -60.602040,2026-07-16 05:18:00,NOAA-20,José Miguel de Velasco,Santa Cruz,Bolivia,85,8,28,,,,,3.4
05b1157b-96c3-30f8-ae9f-c768cb315f68, -15.667060, -61.611890,2026-07-16 05:18:00,NOAA-20,Ñuflo de Chávez,Santa Cruz,Bolivia,78,8,28,,,,,9.0
956ef2c3-d1d2-3063-9eda-d157b79e7e08, -16.351750, -59.711710,2026-07-16 05:18:00,NOAA-20,José Miguel de Velasco,Santa Cruz,Bolivia,85,8,28,,,,,2.0
151adb66-a997-3089-ac33-827a64b39ccd, -17.590000, -62.229270,2026-07-16 05:18:00,NOAA-20,Chiquitos,Santa Cruz,Bolivia,80,8,28,,,,,7.7
b0001c65-a343-3a01-b1a3-343c7d02c044, -16.346970, -59.655780,2026-07-16 05:18:00,NOAA-20,José Miguel de Velasco,Santa Cruz,Bolivia,85,8,28,,,,,5.1
3f13108d-0756-3b2f-880c-fb2dede2c21b, -16.370350, -59.593490,2026-07-16 05:18:00,NOAA-20,José Miguel de Velasco,Santa Cruz,Bolivia,85,8,28,,,,,0.8
b7415891-70b3-3839-86df-574cd1143dcb, -16.544920, -60.734220,2026-07-16 05:18:00,NOAA-20,José Miguel de Velasco,Santa Cruz,Bolivia,85,8,28,,,,,1.2
de982540-bd8a-3680-b341-a9d1f7a7ff58, -16.119160, -60.612900,2026-07-16 05:18:00,NOAA-20,José Miguel de Velasco,Santa Cruz,Bolivia,85,8,28,,,,,86.7
552e0bef-dd81-3b39-8de1-8c4c852f383d, -16.343560, -59.308880,2026-07-16 05:18:00,NOAA-20,José Miguel de Velasco,Santa Cruz,Bolivia,85,8,28,,,,,0.7
8ef3ec7c-43a1-35d0-b663-37cfd68f9212, -16.401830, -59.587760,2026-07-16 05:18:00,NOAA-20,José Miguel de Velasco,Santa Cruz,Bolivia,85,8,28,,,,,1.3
e3cb8358-19a2-3d06-9afb-8e9e2717b21a, -16.400140, -59.598510,2026-07-16 05:18:00,NOAA-20,José Miguel de Velasco,Santa Cruz,Bolivia,85,8,28,,,,,1.1
24d1c32e-3094-3260-9836-53a4c9037cdd, -16.357380, -59.307500,2026-07-16 05:18:00,NOAA-20,José Miguel de Velasco,Santa Cruz,Bolivia,85,8,28,,,,,2.9
bfc77afb-b0ed-3d65-a755-02dac9e929c7, -18.272000, -59.054680,2026-07-16 05:18:00,NOAA-20,Chiquitos,Santa Cruz,Bolivia,80,8,28,,,,,1.8
00d8dbdc-6f28-3a2a-b252-a44962c88443, -16.395780, -59.583060,2026-07-16 05:18:00,NOAA-20,José Miguel de Velasco,Santa Cruz,Bolivia,85,8,28,,,,,1.3
b48f7fc0-ea41-3065-a89a-dced547cf7ab, -16.959790, -60.690550,2026-07-16 05:18:00,NOAA-20,José Miguel de Velasco,Santa Cruz,Bolivia,85,8,28,,,,,2.2
0814d6b9-d23b-39d9-bf05-4b13476541c9, -16.404530, -61.821220,2026-07-16 05:18:00,NOAA-20,Ñuflo de Chávez,Santa Cruz,Bolivia,78,8,28,,,,,1.5
04c81db0-286e-3327-a551-930f4b844ef6, -16.366750, -59.681180,2026-07-16 05:18:00,NOAA-20,José Miguel de Velasco,Santa Cruz,Bolivia,85,8,28,,,,,1.3
b9ffb8c7-2a67-39fa-af59-71787945ef56, -16.346410, -59.659360,2026-07-16 05:18:00,NOAA-20,José Miguel de Velasco,Santa Cruz,Bolivia,85,8,28,,,,,3.5
1d63680f-19be-30e9-b5dc-92fa14521b30, -16.071470, -60.468040,2026-07-16 05:18:00,NOAA-20,José Miguel de Velasco,Santa Cruz,Bolivia,85,8,28,,,,,3.1
487f12bb-6af9-379b-9287-45c5ffafaa85, -18.330730, -59.052920,2026-07-16 05:18:00,NOAA-20,Chiquitos,Santa Cruz,Bolivia,80,8,28,,,,,2.7
3b9f23a0-44df-3cb2-bbce-047493e9e474, -16.559550, -60.834100,2026-07-16 05:18:00,NOAA-20,José Miguel de Velasco,Santa Cruz,Bolivia,85,8,28,,,,,3.9
80279fc9-8535-34a7-9e5b-f47c882a24ef, -15.669850, -61.616320,2026-07-16 05:18:00,NOAA-20,Ñuflo de Chávez,Santa Cruz,Bolivia,78,8,28,,,,,4.7
17eee5e3-f84b-3888-8243-96de48c146c0, -16.323980, -59.585620,2026-07-16 05:18:00,NOAA-20,José Miguel de Velasco,Santa Cruz,Bolivia,85,8,28,,,,,1.3
02a2c81a-7afc-329b-8219-548f3c6c2823, -16.124050, -60.624930,2026-07-16 05:18:00,NOAA-20,José Miguel de Velasco,Santa Cruz,Bolivia,85,8,28,,,,,17.1
5cbab3db-ea80-3808-976f-62719fb40e2e, -17.605270, -60.481180,2026-07-16 05:18:00,NOAA-20,Chiquitos,Santa Cruz,Bolivia,80,8,28,,,,,1.2
7e426fc4-02bb-37d1-84bc-4576f9b7a055, -15.574680, -60.785630,2026-07-16 05:18:00,NOAA-20,José Miguel de Velasco,Santa Cruz,Bolivia,85,8,28,,,,,2.0
69347d0f-4122-32ef-9571-610f4a997073, -18.320100, -59.054990,2026-07-16 05:18:00,NOAA-20,Chiquitos,Santa Cruz,Bolivia,80,8,28,,,,,1.7
0fac4d63-c403-3877-935f-9e0178888f79, -15.681250, -61.609780,2026-07-16 05:18:00,NOAA-20,Ñuflo de Chávez,Santa Cruz,Bolivia,78,8,28,,,,,5.1
4d3bb827-4248-336a-a7bb-4b2b6143d2e3, -15.654920, -61.621490,2026-07-16 05:18:00,NOAA-20,Ñuflo de Chávez,Santa Cruz,Bolivia,78,8,28,,,,,1.3
4fd391ad-9d44-3459-9e88-76a137123f18, -16.032960, -61.670640,2026-07-16 05:18:00,NOAA-20,Ñuflo de Chávez,Santa Cruz,Bolivia,78,8,28,,,,,1.1
97065f84-81e6-3d6b-b632-4f4cbef50db7, -14.551940, -63.537120,2026-07-16 05:18:00,NOAA-20,Cercado,El Beni,Bolivia,25,3,28,,,,,1.0
892e16de-b27a-381f-8da7-b2ebf2f8bc0f, -17.274140, -60.235810,2026-07-16 05:18:00,NOAA-20,Chiquitos,Santa Cruz,Bolivia,80,8,28,,,,,3.9
a658abbc-ad74-3260-87c3-8352768c604f, -16.120730, -60.624350,2026-07-16 05:18:00,NOAA-20,José Miguel de Velasco,Santa Cruz,Bolivia,85,8,28,,,,,35.7
220d1898-9cbe-3095-b80b-a95651b22224, -15.751600, -61.567340,2026-07-16 05:18:00,NOAA-20,Ñuflo de Chávez,Santa Cruz,Bolivia,78,8,28,,,,,4.0
e4eee163-a888-39b6-a33a-a10b26ec78dd, -16.342380, -59.706450,2026-07-16 05:18:00,NOAA-20,José Miguel de Velasco,Santa Cruz,Bolivia,85,8,28,,,,,6.4
7a892e6c-68da-3719-afdc-09f1f2698817, -14.541910, -63.549900,2026-07-16 05:18:00,NOAA-20,Cercado,El Beni,Bolivia,25,3,28,,,,,1.5
7fff9117-cd61-31fb-bc2e-a61bf09faa22, -16.398430, -61.816590,2026-07-16 05:18:00,NOAA-20,Ñuflo de Chávez,Santa Cruz,Bolivia,78,8,28,,,,,2.7
49e9aa12-c484-336f-921b-c3f2960e34dd, -16.125620, -60.636380,2026-07-16 05:18:00,NOAA-20,José Miguel de Velasco,Santa Cruz,Bolivia,85,8,28,,,,,1.7
bc18887d-006b-3729-9d04-dee3503051b6, -16.961550, -60.679700,2026-07-16 05:18:00,NOAA-20,José Miguel de Velasco,Santa Cruz,Bolivia,85,8,28,,,,,2.1
688e3cdb-f985-3f24-8ae5-e1ba523baea5, -15.711560, -61.575830,2026-07-16 05:18:00,NOAA-20,Ñuflo de Chávez,Santa Cruz,Bolivia,78,8,28,,,,,1.3
c2d58292-ba84-3c1b-8b1d-f93094b2fb82, -18.355360, -59.049350,2026-07-16 05:18:00,NOAA-20,Chiquitos,Santa Cruz,Bolivia,80,8,28,,,,,2.9
d2aa0eee-d91a-37f4-8fb0-ec9417819fb3, -16.324540, -59.582040,2026-07-16 05:18:00,NOAA-20,José Miguel de Velasco,Santa Cruz,Bolivia,85,8,28,,,,,1.3
cd5b2ec1-dee6-3271-8f2b-0615c512a1e4, -16.345690, -59.707010,2026-07-16 05:18:00,NOAA-20,José Miguel de Velasco,Santa Cruz,Bolivia,85,8,28,,,,,2.8
5cf35aec-4b19-33c5-b7d5-bcbb3ab7d686, -17.661040, -60.770300,2026-07-16 05:18:00,NOAA-20,Chiquitos,Santa Cruz,Bolivia,80,8,28,,,,,1.8
f96455d9-2823-3f49-90ae-d36bb5ad0c4b, -16.397110, -61.927340,2026-07-16 05:18:00,NOAA-20,Ñuflo de Chávez,Santa Cruz,Bolivia,78,8,28,,,,,1.8
542260cf-7766-367e-831a-eb73fe547642, -17.104030, -60.640650,2026-07-16 05:18:00,NOAA-20,José Miguel de Velasco,Santa Cruz,Bolivia,85,8,28,,,,,6.8
534e5972-f6a0-3621-aaf1-01179961c549, -16.333170, -59.657120,2026-07-16 05:18:00,NOAA-20,José Miguel de Velasco,Santa Cruz,Bolivia,85,8,28,,,,,1.9
cafc4c5a-4bbe-3f70-ab97-492ce8ee5177, -16.341890, -59.688010,2026-07-16 05:18:00,NOAA-20,José Miguel de Velasco,Santa Cruz,Bolivia,85,8,28,,,,,2.2
c0d4a1ea-bd99-3c4f-b967-9f82cf0af623, -16.371740, -61.807720,2026-07-16 05:18:00,NOAA-20,Ñuflo de Chávez,Santa Cruz,Bolivia,78,8,28,,,,,0.8
b11aa6d1-03a9-3590-b0c1-777906d3b445, -16.410530, -61.806550,2026-07-16 05:18:00,NOAA-20,Ñuflo de Chávez,Santa Cruz,Bolivia,78,8,28,,,,,0.7
b768dc04-8ab3-3784-856a-f079d5edc319, -17.490660, -59.573160,2026-07-16 05:18:00,NOAA-20,Chiquitos,Santa Cruz,Bolivia,80,8,28,,,,,2.0
9629a55d-2f65-30ab-b5b6-359525229bcf, -16.341410, -59.669540,2026-07-16 05:18:00,NOAA-20,José Miguel de Velasco,Santa Cruz,Bolivia,85,8,28,,,,,2.2
142a1ee2-70c5-346c-bb68-43c91c0b7512, -16.337460, -59.694580,2026-07-16 05:18:00,NOAA-20,José Miguel de Velasco,Santa Cruz,Bolivia,85,8,28,,,,,5.4
84125d9a-5de6-3bcb-bb5e-f30a748ec2bc, -12.861170, -67.264980,2026-07-16 05:18:00,NOAA-20,Abel Iturralde,La Paz,Bolivia,32,4,28,,,,,3.0
21999985-351a-3798-8234-f0b872ae8cb8, -18.330170, -59.056640,2026-07-16 05:18:00,NOAA-20,Chiquitos,Santa Cruz,Bolivia,80,8,28,,,,,2.7
09d3d26d-19d6-31c7-b31e-cfe45d40970a, -14.538130, -63.549200,2026-07-16 05:18:00,NOAA-20,Cercado,El Beni,Bolivia,25,3,28,,,,,0.6
51d99b09-aeb4-339d-9d1b-178585dc5f7b, -18.272560, -59.050950,2026-07-16 05:18:00,NOAA-20,Chiquitos,Santa Cruz,Bolivia,80,8,28,,,,,1.8
1b325547-8892-3345-8dfb-d314a147d3e6, -17.044040, -63.132070,2026-07-16 05:18:00,NOAA-20,Obispo Santistevan,Santa Cruz,Bolivia,87,8,28,,,,,0.7
4f81f664-7a92-3d67-933b-91d884cf19ea, -16.956470, -60.689970,2026-07-16 05:18:00,NOAA-20,José Miguel de Velasco,Santa Cruz,Bolivia,85,8,28,,,,,2.2
ac7a81a5-1387-3cc9-9f1e-bd9a2885ac63, -16.372950, -59.641780,2026-07-16 05:18:00,NOAA-20,José Miguel de Velasco,Santa Cruz,Bolivia,85,8,28,,,,,4.8
556ee36f-5d8f-3ede-928d-43845d44e938, -16.081610, -60.465170,2026-07-16 05:18:00,NOAA-20,José Miguel de Velasco,Santa Cruz,Bolivia,85,8,28,,,,,1.5
87afb368-d81a-3a0a-8662-ee0acf1a95e1, -16.347530, -59.652200,2026-07-16 05:18:00,NOAA-20,José Miguel de Velasco,Santa Cruz,Bolivia,85,8,28,,,,,5.1
3c3c7dbd-6797-3c0a-90aa-2ed02d37923c, -17.107350, -60.641230,2026-07-16 05:18:00,NOAA-20,José Miguel de Velasco,Santa Cruz,Bolivia,85,8,28,,,,,26.7
0894381d-c2cd-358c-9ac2-66102cc65b9a, -16.664980, -59.597960,2026-07-16 05:18:00,NOAA-20,José Miguel de Velasco,Santa Cruz,Bolivia,85,8,28,,,,,1.3
1450be02-53a2-3912-a4f1-f20aa672a5f4, -18.332390, -59.064640,2026-07-16 05:18:00,NOAA-20,Chiquitos,Santa Cruz,Bolivia,80,8,28,,,,,2.6
0c19402c-1a99-300e-9f51-869773b63d07, -14.088630, -64.431640,2026-07-16 05:18:00,NOAA-20,Mamoré,El Beni,Bolivia,27,3,28,,,,,3.9
f97e443d-8c12-3e61-9284-46dbe9b9e794, -16.129140, -60.614660,2026-07-16 05:18:00,NOAA-20,José Miguel de Velasco,Santa Cruz,Bolivia,85,8,28,,,,,78.1
8c3bfa6c-2936-3885-aec7-cbe8ec9a6359, -18.624480, -54.913910,2026-07-16 05:18:00,NOAA-20,RIO VERDE DE MATO GROSSO,MATO GROSSO DO SUL,Brasil,5007406,50,33,,,,Cerrado,3.7
1248d2d5-9ced-360c-aef2-7cb2e96040c7, -18.329030, -59.064080,2026-07-16 05:18:00,NOAA-20,Chiquitos,Santa Cruz,Bolivia,80,8,28,,,,,2.6
12b37c19-c804-3251-9029-9c9ac4284049, -16.343310, -59.592620,2026-07-16 05:18:00,NOAA-20,José Miguel de Velasco,Santa Cruz,Bolivia,85,8,28,,,,,2.1
73885082-fdda-3daf-a1b7-66e1e81b4743, -16.128950, -60.636960,2026-07-16 05:18:00,NOAA-20,José Miguel de Velasco,Santa Cruz,Bolivia,85,8,28,,,,,26.8
bd49e03e-005a-3830-93ad-6ea6b328b3b1, -17.104620, -60.637030,2026-07-16 05:18:00,NOAA-20,José Miguel de Velasco,Santa Cruz,Bolivia,85,8,28,,,,,6.8
84a43fb6-5ff6-3633-9271-f1356375e3b2, -16.652390, -61.072380,2026-07-16 05:18:00,NOAA-20,José Miguel de Velasco,Santa Cruz,Bolivia,85,8,28,,,,,1.1
8e1a6e4a-2731-3b9e-aad8-214a3527cd1a, -16.400210, -59.576450,2026-07-16 05:18:00,NOAA-20,José Miguel de Velasco,Santa Cruz,Bolivia,85,8,28,,,,,5.9
058d9036-9d95-38f1-ad48-cb24a6470ef9, -16.380210, -59.617240,2026-07-16 05:18:00,NOAA-20,José Miguel de Velasco,Santa Cruz,Bolivia,85,8,28,,,,,1.1
ed0457e3-b983-37b8-886b-e0915d07d675, -18.278110, -60.821230,2026-07-16 05:18:00,NOAA-20,Cordillera,Santa Cruz,Bolivia,81,8,28,,,,,7.6
1f6f44da-bd0c-3485-8c13-71fa0e366843, -15.660490, -61.630330,2026-07-16 05:18:00,NOAA-20,Ñuflo de Chávez,Santa Cruz,Bolivia,78,8,28,,,,,1.3
0b9310a5-80f8-3bf3-a7a1-bd94f9714318, -16.399580, -59.602100,2026-07-16 05:18:00,NOAA-20,José Miguel de Velasco,Santa Cruz,Bolivia,85,8,28,,,,,2.9
20bab987-4460-34b6-a49b-285b8d1a3b5c, -18.352510, -59.067970,2026-07-16 05:18:00,NOAA-20,Chiquitos,Santa Cruz,Bolivia,80,8,28,,,,,1.1
29969576-07d1-3599-8509-c4fc9b03223e, -16.564660, -60.823710,2026-07-16 05:18:00,NOAA-20,José Miguel de Velasco,Santa Cruz,Bolivia,85,8,28,,,,,16.8
b49e9fa5-8f5f-3f7e-8406-bac2474239d3, -16.396900, -59.575890,2026-07-16 05:18:00,NOAA-20,José Miguel de Velasco,Santa Cruz,Bolivia,85,8,28,,,,,1.8
04c41926-dd86-31f1-9c35-4dc680b63691, -16.370620, -59.678160,2026-07-16 05:18:00,NOAA-20,José Miguel de Velasco,Santa Cruz,Bolivia,85,8,28,,,,,1.1
2f1f39b9-ce09-32f3-8c30-6d405dfb1b3f, -16.828100, -60.937340,2026-07-16 05:18:00,NOAA-20,José Miguel de Velasco,Santa Cruz,Bolivia,85,8,28,,,,,0.9
9289a8ec-976c-3ae6-9cf5-c8fe9270abce, -18.269340, -60.812190,2026-07-16 05:18:00,NOAA-20,Chiquitos,Santa Cruz,Bolivia,80,8,28,,,,,1.9
9338dfc3-adb3-3058-a9d1-0ec5cbacbaae, -15.657710, -61.625900,2026-07-16 05:18:00,NOAA-20,Ñuflo de Chávez,Santa Cruz,Bolivia,78,8,28,,,,,1.3
cbb36035-5c4c-3199-ab85-87ebb589b363, -16.345130, -59.710590,2026-07-16 05:18:00,NOAA-20,José Miguel de Velasco,Santa Cruz,Bolivia,85,8,28,,,,,1.8
308067e9-99dd-3f40-9a5c-586efa40105c, -15.927660, -61.922770,2026-07-16 05:18:00,NOAA-20,Ñuflo de Chávez,Santa Cruz,Bolivia,78,8,28,,,,,2.9
02a0bdc8-147c-3bb9-b245-dcedabc9d007, -16.376820, -61.904130,2026-07-16 05:18:00,NOAA-20,Ñuflo de Chávez,Santa Cruz,Bolivia,78,8,28,,,,,1.3
051aa87c-1353-381a-9bd9-d8b58e20e71e, -16.321630, -59.644150,2026-07-16 05:18:00,NOAA-20,José Miguel de Velasco,Santa Cruz,Bolivia,85,8,28,,,,,5.2
401204d7-3642-3cc1-926e-7085e7419d5d, -16.399810, -61.828270,2026-07-16 05:18:00,NOAA-20,Ñuflo de Chávez,Santa Cruz,Bolivia,78,8,28,,,,,2.9
91111197-327a-3cb2-836a-da3a2c8eea63, -16.403880, -61.825060,2026-07-16 05:18:00,NOAA-20,Ñuflo de Chávez,Santa Cruz,Bolivia,78,8,28,,,,,1.5
f7ed074e-a95c-39e4-aa84-2f2afaca9e8e, -15.653410, -61.609430,2026-07-16 05:18:00,NOAA-20,Ñuflo de Chávez,Santa Cruz,Bolivia,78,8,28,,,,,1.3
e563c158-bda1-3830-b5fc-8b0f9d828c21, -16.957050, -60.686360,2026-07-16 05:18:00,NOAA-20,José Miguel de Velasco,Santa Cruz,Bolivia,85,8,28,,,,,2.2
ed61249e-c272-3740-84ad-91e4d63d45f4, -16.352870, -59.704540,2026-07-16 05:18:00,NOAA-20,José Miguel de Velasco,Santa Cruz,Bolivia,85,8,28,,,,,2.0
1b86b704-5717-3f9e-b131-77b8521bd611, -16.135610, -60.638120,2026-07-16 05:18:00,NOAA-20,José Miguel de Velasco,Santa Cruz,Bolivia,85,8,28,,,,,2.7
089da949-13de-3a1b-921a-b40e0c2360a8, -16.399230, -61.935690,2026-07-16 05:18:00,NOAA-20,Ñuflo de Chávez,Santa Cruz,Bolivia,78,8,28,,,,,2.6
027762da-e137-3113-91b2-a7d8006d1253, -18.332950, -59.060920,2026-07-16 05:18:00,NOAA-20,Chiquitos,Santa Cruz,Bolivia,80,8,28,,,,,2.6
16de36f9-21df-30c0-aedd-2e4963e2b8a2, -16.137760, -60.645970,2026-07-16 05:18:00,NOAA-20,José Miguel de Velasco,Santa Cruz,Bolivia,85,8,28,,,,,1.8
7b8e3ef0-608a-32d0-826c-a71f30f7a389, -18.013620, -59.592780,2026-07-16 05:18:00,NOAA-20,Chiquitos,Santa Cruz,Bolivia,80,8,28,,,,,1.9
b26aa113-9b9b-399c-9998-a22c1293f536, -16.370770, -59.634050,2026-07-16 05:18:00,NOAA-20,José Miguel de Velasco,Santa Cruz,Bolivia,85,8,28,,,,,4.5
0e266882-34c0-3b01-8906-4f5dc9464af1, -16.358510, -59.668750,2026-07-16 05:18:00,NOAA-20,José Miguel de Velasco,Santa Cruz,Bolivia,85,8,28,,,,,2.0
e95f7157-f6ac-3e2c-9d9b-2c50e930aca4, -18.334040, -59.076350,2026-07-16 05:18:00,NOAA-20,Chiquitos,Santa Cruz,Bolivia,80,8,28,,,,,2.1
2964c888-5d0a-3be5-b105-a2c68a9ad7c7, -16.560140, -60.830440,2026-07-16 05:18:00,NOAA-20,José Miguel de Velasco,Santa Cruz,Bolivia,85,8,28,,,,,25.3
75c2788e-41a2-3888-9d92-6e12e91ea62c, -16.357530, -59.631820,2026-07-16 05:18:00,NOAA-20,José Miguel de Velasco,Santa Cruz,Bolivia,85,8,28,,,,,2.5
2d5e8574-b199-3ec9-ad51-7f63d39a56b7, -16.399930, -61.828720,2026-07-16 05:18:00,NOAA-20,Ñuflo de Chávez,Santa Cruz,Bolivia,78,8,28,,,,,5.6
af5b25ef-2c9a-3be6-b320-d3e93163905e, -17.811630, -59.626180,2026-07-16 05:18:00,NOAA-20,Chiquitos,Santa Cruz,Bolivia,80,8,28,,,,,0.9
25e36858-9803-328c-992c-f6646748f869, -16.367880, -59.674010,2026-07-16 05:18:00,NOAA-20,José Miguel de Velasco,Santa Cruz,Bolivia,85,8,28,,,,,1.9
b4446516-7133-3b78-bd18-bb86219e482d, -16.400710, -59.594920,2026-07-16 05:18:00,NOAA-20,José Miguel de Velasco,Santa Cruz,Bolivia,85,8,28,,,,,1.1
03a4a690-e811-3c79-b324-fe5c608f160e, -15.758410, -61.568550,2026-07-16 05:18:00,NOAA-20,Ñuflo de Chávez,Santa Cruz,Bolivia,78,8,28,,,,,6.9
1a3e8202-6ad2-3bb1-9010-58dd68541c88, -16.088720, -61.609860,2026-07-16 05:18:00,NOAA-20,José Miguel de Velasco,Santa Cruz,Bolivia,85,8,28,,,,,1.2
73192d22-70ea-3423-99ca-3242c43fb1fa, -15.677840, -61.609160,2026-07-16 05:18:00,NOAA-20,Ñuflo de Chávez,Santa Cruz,Bolivia,78,8,28,,,,,4.8
ac82892b-6e8e-37ee-99c9-0c91a1566189, -15.821600, -61.249750,2026-07-16 05:18:00,NOAA-20,José Miguel de Velasco,Santa Cruz,Bolivia,85,8,28,,,,,1.5
ef52289b-781b-33c9-a3d5-ed68f434f47d, -16.357110, -59.591270,2026-07-16 05:18:00,NOAA-20,José Miguel de Velasco,Santa Cruz,Bolivia,85,8,28,,,,,1.0
bb70bc9f-1bdc-3f76-97a1-2bca6d9eb245, -16.405890, -59.300830,2026-07-16 05:18:00,NOAA-20,José Miguel de Velasco,Santa Cruz,Bolivia,85,8,28,,,,,0.8
a5208bbf-859b-32a8-a67a-815c4aec5707, -16.115840, -60.612320,2026-07-16 05:18:00,NOAA-20,José Miguel de Velasco,Santa Cruz,Bolivia,85,8,28,,,,,1.2
3abca269-72c7-3396-9751-6575cb5030a6, -18.326810, -59.056090,2026-07-16 05:18:00,NOAA-20,Chiquitos,Santa Cruz,Bolivia,80,8,28,,,,,2.7
336703e7-7b8f-3ab5-81a0-82d1a44c3c0f, -18.315610, -59.061870,2026-07-16 05:18:00,NOAA-20,Chiquitos,Santa Cruz,Bolivia,80,8,28,,,,,1.1
84f61c5b-14bb-3e94-b8a3-44886282cdde, -16.341330, -59.691600,2026-07-16 05:18:00,NOAA-20,José Miguel de Velasco,Santa Cruz,Bolivia,85,8,28,,,,,2.2
8d0d58a7-7e41-331a-9f86-34a415eaa1bd, -17.352410, -63.110840,2026-07-16 05:18:00,NOAA-20,Ignacio Warnes,Santa Cruz,Bolivia,84,8,28,,,,,2.4
1e345bc8-bd09-3336-ae9a-81c3cbc1067d, -16.132470, -60.615220,2026-07-16 05:18:00,NOAA-20,José Miguel de Velasco,Santa Cruz,Bolivia,85,8,28,,,,,2.9
8da61ddb-8079-3a45-b0ec-5d58186acd46, -15.922080, -61.913740,2026-07-16 05:18:00,NOAA-20,Ñuflo de Chávez,Santa Cruz,Bolivia,78,8,28,,,,,1.1
2a12dbd6-624d-3dc7-8249-df7d1f840a81, -15.912580, -61.928050,2026-07-16 05:18:00,NOAA-20,Ñuflo de Chávez,Santa Cruz,Bolivia,78,8,28,,,,,2.4
e40bff7c-f283-3ca0-b782-7af599e3b9e3, -16.127570, -60.603210,2026-07-16 05:18:00,NOAA-20,José Miguel de Velasco,Santa Cruz,Bolivia,85,8,28,,,,,12.4
b8ab944c-5b87-3ac1-9584-86e3a4f67d46, -16.128360, -60.640580,2026-07-16 05:18:00,NOAA-20,José Miguel de Velasco,Santa Cruz,Bolivia,85,8,28,,,,,24.2
4e3a9e72-f8cc-343d-ae01-cb0eb47f7a6b, -16.131690, -60.641170,2026-07-16 05:18:00,NOAA-20,José Miguel de Velasco,Santa Cruz,Bolivia,85,8,28,,,,,24.2
2c79e396-b446-397c-a642-a1da1c3ddd9b, -16.343870, -59.589040,2026-07-16 05:18:00,NOAA-20,José Miguel de Velasco,Santa Cruz,Bolivia,85,8,28,,,,,1.8
3fd95762-5321-3fd1-9d02-3b1036b68525, -15.924770, -61.624020,2026-07-16 05:18:00,NOAA-20,Ñuflo de Chávez,Santa Cruz,Bolivia,78,8,28,,,,,9.0
c949096e-2895-3e08-aac9-7c9ace3e1648, -17.817410, -60.388150,2026-07-16 05:18:00,NOAA-20,Chiquitos,Santa Cruz,Bolivia,80,8,28,,,,,2.3
e328b09b-8d7d-35d0-b3cb-131cfc13df61, -12.868270, -67.254550,2026-07-16 05:18:00,NOAA-20,Abel Iturralde,La Paz,Bolivia,32,4,28,,,,,3.0
cf2f1b09-6a6f-3f6c-a1d8-c28dcbc98029, -15.840010, -61.264600,2026-07-16 05:18:00,NOAA-20,José Miguel de Velasco,Santa Cruz,Bolivia,85,8,28,,,,,1.4
fb09936f-33c3-3003-be84-75151954392b, -17.238150, -61.281170,2026-07-16 05:18:00,NOAA-20,José Miguel de Velasco,Santa Cruz,Bolivia,85,8,28,,,,,2.3
ea834e16-c85e-3b05-bbbe-a4e9d138f730, -16.398520, -59.587200,2026-07-16 05:18:00,NOAA-20,José Miguel de Velasco,Santa Cruz,Bolivia,85,8,28,,,,,1.3
b5ff2e93-682a-3984-a383-e320831595c9, -15.657070, -61.629700,2026-07-16 05:18:00,NOAA-20,Ñuflo de Chávez,Santa Cruz,Bolivia,78,8,28,,,,,0.8
43b42a56-c7b5-387e-8edc-10ec6f4eccb3, -17.529240, -62.862690,2026-07-16 05:18:00,NOAA-20,Andrés Ibáñez,Santa Cruz,Bolivia,79,8,28,,,,,1.1
2ca7313f-c608-341a-a1fe-d09ea4ef69b6, -15.764530, -60.976890,2026-07-16 05:18:00,NOAA-20,José Miguel de Velasco,Santa Cruz,Bolivia,85,8,28,,,,,1.5
c0e40bcc-714d-36aa-8f67-5b7a49450a89, -16.152250, -60.641040,2026-07-16 05:18:00,NOAA-20,José Miguel de Velasco,Santa Cruz,Bolivia,85,8,28,,,,,0.8
034d8076-aab6-31ce-a212-6359db537237, -15.678480, -61.605360,2026-07-16 05:18:00,NOAA-20,Ñuflo de Chávez,Santa Cruz,Bolivia,78,8,28,,,,,11.6
e033dc63-3e86-393d-9140-da0fa3e1d4f4, -16.401930, -61.836560,2026-07-16 05:18:00,NOAA-20,Ñuflo de Chávez,Santa Cruz,Bolivia,78,8,28,,,,,1.0
d7cac88c-806d-3255-ac5a-b966047c274b, -16.344930, -59.603940,2026-07-16 05:18:00,NOAA-20,José Miguel de Velasco,Santa Cruz,Bolivia,85,8,28,,,,,1.5
a3e744b3-0070-3488-82d9-acf05d776a7a, -17.620410, -60.450410,2026-07-16 05:18:00,NOAA-20,Chiquitos,Santa Cruz,Bolivia,80,8,28,,,,,1.5
75ac17d4-5cc8-3ece-9055-34b434dec7a7, -16.123270, -60.650880,2026-07-16 05:18:00,NOAA-20,José Miguel de Velasco,Santa Cruz,Bolivia,85,8,28,,,,,11.7
d2c632ba-08b6-3ec1-b9b6-96122b932095, -15.755010, -61.567950,2026-07-16 05:18:00,NOAA-20,Ñuflo de Chávez,Santa Cruz,Bolivia,78,8,28,,,,,4.0
5d230fcd-758f-3d55-8696-51df02232ccf, -17.475270, -59.540810,2026-07-16 05:18:00,NOAA-20,Chiquitos,Santa Cruz,Bolivia,80,8,28,,,,,0.9
f994ea8a-b740-3171-bfb4-2a425dd5d1c5, -15.658970, -61.618290,2026-07-16 05:18:00,NOAA-20,Ñuflo de Chávez,Santa Cruz,Bolivia,78,8,28,,,,,2.2
77a160ac-1706-3eb4-87b3-be6e5f64b612, -17.106770, -60.644850,2026-07-16 05:18:00,NOAA-20,José Miguel de Velasco,Santa Cruz,Bolivia,85,8,28,,,,,5.7
ccf4221f-3b29-3b46-8d6c-d4de6a560e4c, -18.330690, -59.075790,2026-07-16 05:18:00,NOAA-20,Chiquitos,Santa Cruz,Bolivia,80,8,28,,,,,2.1
ac74d724-ceaa-3d01-9227-5cede4704640, -16.368660, -59.604250,2026-07-16 05:18:00,NOAA-20,José Miguel de Velasco,Santa Cruz,Bolivia,85,8,28,,,,,0.9
6f4ddb7e-86e0-34c5-a829-a6dbf07082d8, -16.396460, -61.931200,2026-07-16 05:18:00,NOAA-20,Ñuflo de Chávez,Santa Cruz,Bolivia,78,8,28,,,,,2.6
deb51311-d498-380a-a29c-ce3f57b853a6, -16.331550, -59.645820,2026-07-16 05:18:00,NOAA-20,José Miguel de Velasco,Santa Cruz,Bolivia,85,8,28,,,,,3.5
a87eacfa-5f85-3150-832a-d6060a939c69, -16.668290, -59.598510,2026-07-16 05:18:00,NOAA-20,José Miguel de Velasco,Santa Cruz,Bolivia,85,8,28,,,,,1.9
167deb5a-59c5-38b8-88c7-7a7c8d0cf692, -16.124840, -60.599000,2026-07-16 05:18:00,NOAA-20,José Miguel de Velasco,Santa Cruz,Bolivia,85,8,28,,,,,1.5
a8c5f8d0-6e14-3ed1-8f92-4c9f55e48110, -16.346060, -59.596770,2026-07-16 05:18:00,NOAA-20,José Miguel de Velasco,Santa Cruz,Bolivia,85,8,28,,,,,2.1
5472d064-e19a-38eb-b761-70d1bcb62825, -16.649650, -61.068120,2026-07-16 05:18:00,NOAA-20,José Miguel de Velasco,Santa Cruz,Bolivia,85,8,28,,,,,1.1
42b1f95f-19ce-3ef4-9826-a3693b97f71d, -16.127190, -60.647840,2026-07-16 05:18:00,NOAA-20,José Miguel de Velasco,Santa Cruz,Bolivia,85,8,28,,,,,4.8
401a4eee-1c7e-385b-a814-f1581ffba6c8, -16.368100, -59.607840,2026-07-16 05:18:00,NOAA-20,José Miguel de Velasco,Santa Cruz,Bolivia,85,8,28,,,,,0.9
f8926980-a9ea-3ced-86ea-da85ccb0172c, -15.708160, -61.575210,2026-07-16 05:18:00,NOAA-20,Ñuflo de Chávez,Santa Cruz,Bolivia,78,8,28,,,,,1.3
96bf5a69-4cf3-3be2-b5ac-c7d6033b801a, -17.474140, -59.548060,2026-07-16 05:18:00,NOAA-20,Chiquitos,Santa Cruz,Bolivia,80,8,28,,,,,2.3
2869d2eb-2c25-3dbc-bea7-45fc8543cd21, -18.328470, -59.067810,2026-07-16 05:18:00,NOAA-20,Chiquitos,Santa Cruz,Bolivia,80,8,28,,,,,4.5
45614a84-e22d-39ef-836b-fb5e1b1e97ad, -16.236660, -61.351780,2026-07-16 05:18:00,NOAA-20,José Miguel de Velasco,Santa Cruz,Bolivia,85,8,28,,,,,2.1
48c534e0-27f2-3c43-aedc-a7362df5f39c, -16.130510, -60.648430,2026-07-16 05:18:00,NOAA-20,José Miguel de Velasco,Santa Cruz,Bolivia,85,8,28,,,,,4.8
c85b0ad4-039e-3373-bdb8-2448a9f1200d, -16.125030, -60.640000,2026-07-16 05:18:00,NOAA-20,José Miguel de Velasco,Santa Cruz,Bolivia,85,8,28,,,,,20.0
9ab8f6a7-f9b1-3bb6-8897-a702231bd9ac, -16.367950, -59.651960,2026-07-16 05:18:00,NOAA-20,José Miguel de Velasco,Santa Cruz,Bolivia,85,8,28,,,,,1.0
076eca9b-3519-34e1-b030-ea4723885fb6, -18.265860, -59.049850,2026-07-16 05:18:00,NOAA-20,Chiquitos,Santa Cruz,Bolivia,80,8,28,,,,,1.1
a40495c3-5a12-36fb-831d-9f8e8f6ee98e, -15.655550, -61.617680,2026-07-16 05:18:00,NOAA-20,Ñuflo de Chávez,Santa Cruz,Bolivia,78,8,28,,,,,2.2
90cc3ae5-941e-37f2-b534-22cf52778226, -16.127780, -60.644210,2026-07-16 05:18:00,NOAA-20,José Miguel de Velasco,Santa Cruz,Bolivia,85,8,28,,,,,24.2
e437528d-109a-3427-8e92-84538488e859, -16.667730, -59.602110,2026-07-16 05:18:00,NOAA-20,José Miguel de Velasco,Santa Cruz,Bolivia,85,8,28,,,,,1.4
56659bb3-a6d4-3238-8d4b-10bc03282f01, -16.639610, -61.066350,2026-07-16 05:18:00,NOAA-20,José Miguel de Velasco,Santa Cruz,Bolivia,85,8,28,,,,,7.2
d3458d3b-b1f6-3655-8a8e-40392506d0e8, -18.333480, -59.080070,2026-07-16 05:18:00,NOAA-20,Chiquitos,Santa Cruz,Bolivia,80,8,28,,,,,2.1
9d14a56e-ce6e-3534-b943-ff1f489eb5df, -16.132870, -60.633910,2026-07-16 05:18:00,NOAA-20,José Miguel de Velasco,Santa Cruz,Bolivia,85,8,28,,,,,26.8
79160721-d145-3ce2-a685-aeef9adb6801, -15.800470, -61.821170,2026-07-16 05:18:00,NOAA-20,Ñuflo de Chávez,Santa Cruz,Bolivia,78,8,28,,,,,0.7
fb412fbe-0a87-3ea3-8780-dfd0f4395847, -15.916030, -61.928670,2026-07-16 05:18:00,NOAA-20,Ñuflo de Chávez,Santa Cruz,Bolivia,78,8,28,,,,,1.3
de224f01-2b47-35cd-bf48-84fcbaac5098, -16.393030, -61.930570,2026-07-16 05:18:00,NOAA-20,Ñuflo de Chávez,Santa Cruz,Bolivia,78,8,28,,,,,0.8
af18912d-b6a5-32a3-b064-be5b9e8dbb5d, -16.411270, -59.570950,2026-07-16 05:18:00,NOAA-20,José Miguel de Velasco,Santa Cruz,Bolivia,85,8,28,,,,,3.7
8aa7902b-242e-3b67-bd1e-bc4c10b10989, -16.144770, -68.102200,2026-07-16 05:18:00,NOAA-20,Pedro Domingo Murillo,La Paz,Bolivia,48,4,28,,,,,5.5
5418544d-6818-3365-b6da-10efc6789dcb, -16.399880, -61.931830,2026-07-16 05:18:00,NOAA-20,Ñuflo de Chávez,Santa Cruz,Bolivia,78,8,28,,,,,2.6
04e13b8a-017b-32bc-a573-461808a07b6a, -16.125810, -60.614070,2026-07-16 05:18:00,NOAA-20,José Miguel de Velasco,Santa Cruz,Bolivia,85,8,28,,,,,78.1
d45b93de-517d-333d-89d5-faf0c6288a01, -18.512870, -63.035800,2026-07-16 05:18:00,NOAA-20,Cordillera,Santa Cruz,Bolivia,81,8,28,,,,,2.3
b84e7d29-0373-398a-b537-6789ac236748, -16.344720, -59.670100,2026-07-16 05:18:00,NOAA-20,José Miguel de Velasco,Santa Cruz,Bolivia,85,8,28,,,,,1.5
4c1cbfc9-e0bc-3303-99f7-c9499fc94e1a, -16.134630, -60.623040,2026-07-16 05:18:00,NOAA-20,José Miguel de Velasco,Santa Cruz,Bolivia,85,8,28,,,,,7.3
17cbfc53-875a-36ea-a3d1-4b6d9839272e, -16.342750, -59.596210,2026-07-16 05:18:00,NOAA-20,José Miguel de Velasco,Santa Cruz,Bolivia,85,8,28,,,,,2.1
651e5eb2-005e-33bb-a342-143cc03fe4e7, -14.576570, -63.507500,2026-07-16 05:18:00,NOAA-20,Marbán,El Beni,Bolivia,28,3,28,,,,,1.1
95c03cf8-a1d0-3bee-828f-f4badfa47fcd, -16.356260, -59.314690,2026-07-16 05:18:00,NOAA-20,José Miguel de Velasco,Santa Cruz,Bolivia,85,8,28,,,,,1.1
a442fd7d-a2d8-3d49-857f-920a7c0c5538, -15.884600, -60.696280,2026-07-16 05:18:00,NOAA-20,José Miguel de Velasco,Santa Cruz,Bolivia,85,8,28,,,,,1.2
2d051c44-76fd-3939-bde9-b904bc1e9c0f, -15.667320, -61.631600,2026-07-16 05:18:00,NOAA-20,Ñuflo de Chávez,Santa Cruz,Bolivia,78,8,28,,,,,1.6
b1c93760-1b76-341a-acb5-1d355ac52333, -16.370850, -59.611980,2026-07-16 05:18:00,NOAA-20,José Miguel de Velasco,Santa Cruz,Bolivia,85,8,28,,,,,1.0
3fb8082c-5538-3bd1-9cf9-3f57c9d2246e, -16.339370, -59.617720,2026-07-16 05:18:00,NOAA-20,José Miguel de Velasco,Santa Cruz,Bolivia,85,8,28,,,,,3.4
e9318dda-e2c3-3e04-807f-7468a6eab344, -16.072050, -60.464430,2026-07-16 05:18:00,NOAA-20,José Miguel de Velasco,Santa Cruz,Bolivia,85,8,28,,,,,1.5
f7dbde07-fdb4-3a44-9046-34eeba5833ff, -16.372390, -59.645360,2026-07-16 05:18:00,NOAA-20,José Miguel de Velasco,Santa Cruz,Bolivia,85,8,28,,,,,4.8
c8e3ec9f-cd5a-33e8-ae40-b9655ca5d780, -16.349790, -59.637870,2026-07-16 05:18:00,NOAA-20,José Miguel de Velasco,Santa Cruz,Bolivia,85,8,28,,,,,0.6
e6bcc386-868a-3f3f-9bde-7b9b53be0f65, -17.496730, -59.577910,2026-07-16 05:18:00,NOAA-20,Chiquitos,Santa Cruz,Bolivia,80,8,28,,,,,4.6
7e4ba0c7-42da-341d-b55c-c301876420b8, -16.127380, -60.625520,2026-07-16 05:18:00,NOAA-20,José Miguel de Velasco,Santa Cruz,Bolivia,85,8,28,,,,,17.1
7bcba966-7f6f-3794-86b8-f4138dd1d2b2, -16.116420, -60.608700,2026-07-16 05:18:00,NOAA-20,José Miguel de Velasco,Santa Cruz,Bolivia,85,8,28,,,,,1.2
0c996ce3-4614-3885-9691-3d16c23bfad4, -15.915370, -61.932580,2026-07-16 05:18:00,NOAA-20,Ñuflo de Chávez,Santa Cruz,Bolivia,78,8,28,,,,,1.3
2f95745d-6cb0-33d4-94d9-c47a24598fbb, -16.645530, -60.721920,2026-07-16 05:18:00,NOAA-20,José Miguel de Velasco,Santa Cruz,Bolivia,85,8,28,,,,,0.8
4ddda554-55bd-3cba-aa36-4c98194cfd65, -17.484780, -59.501490,2026-07-16 05:18:00,NOAA-20,Chiquitos,Santa Cruz,Bolivia,80,8,28,,,,,0.7
64a3c994-f3d0-394c-b627-a17409a5552a, -16.371900, -59.626880,2026-07-16 05:18:00,NOAA-20,José Miguel de Velasco,Santa Cruz,Bolivia,85,8,28,,,,,4.9
ac220aea-4166-36f9-9d09-398e0e9c20e8, -15.831240, -60.687020,2026-07-16 05:18:00,NOAA-20,José Miguel de Velasco,Santa Cruz,Bolivia,85,8,28,,,,,0.5
685b2d94-3603-32a7-9c46-75ff552630ed, -15.666430, -61.615700,2026-07-16 05:18:00,NOAA-20,Ñuflo de Chávez,Santa Cruz,Bolivia,78,8,28,,,,,11.0
a75ba509-d0de-34da-8cb4-29c6195999ba, -16.127970, -60.621900,2026-07-16 05:18:00,NOAA-20,José Miguel de Velasco,Santa Cruz,Bolivia,85,8,28,,,,,43.9
83986d04-4500-33bf-b5e9-86dca50c3c5a, -18.274800, -60.820650,2026-07-16 05:18:00,NOAA-20,Cordillera,Santa Cruz,Bolivia,81,8,28,,,,,7.6
a6a80271-dbe9-3a5f-a591-de1a437f22e0, -16.129540, -60.633340,2026-07-16 05:18:00,NOAA-20,José Miguel de Velasco,Santa Cruz,Bolivia,85,8,28,,,,,26.8
bfb83dbf-96dd-301c-b2c1-9584fcd16740, -16.361970, -59.625210,2026-07-16 05:18:00,NOAA-20,José Miguel de Velasco,Santa Cruz,Bolivia,85,8,28,,,,,1.1
d8d2a7aa-77f0-31d6-9364-87e0d5ff067e, -16.341820, -59.710030,2026-07-16 05:18:00,NOAA-20,José Miguel de Velasco,Santa Cruz,Bolivia,85,8,28,,,,,5.3
7e853e26-de4d-3e88-b98e-d057dd9aa4de, -15.925520, -61.914370,2026-07-16 05:18:00,NOAA-20,Ñuflo de Chávez,Santa Cruz,Bolivia,78,8,28,,,,,2.7
c697096f-9a0e-35a4-8f67-211127f24518, -16.325110, -59.578450,2026-07-16 05:18:00,NOAA-20,José Miguel de Velasco,Santa Cruz,Bolivia,85,8,28,,,,,1.6
515b1418-caca-343b-b58c-3a523e19255b, -16.344150, -59.673680,2026-07-16 05:18:00,NOAA-20,José Miguel de Velasco,Santa Cruz,Bolivia,85,8,28,,,,,1.2
3dc14cc2-6eb7-340f-9784-d4b27965b5ca, -16.125020, -60.703460,2026-07-16 05:18:00,NOAA-20,José Miguel de Velasco,Santa Cruz,Bolivia,85,8,28,,,,,2.2
1964bec6-d1aa-3ca4-adc9-05840e33c0a6, -16.344640, -59.692120,2026-07-16 05:18:00,NOAA-20,José Miguel de Velasco,Santa Cruz,Bolivia,85,8,28,,,,,2.2
38d1d870-748e-3b5b-a738-3ff5a66e46aa, -18.623860, -54.913010,2026-07-16 05:18:00,NOAA-20,RIO VERDE DE MATO GROSSO,MATO GROSSO DO SUL,Brasil,5007406,50,33,,,,Cerrado,3.7
45ef9d9f-5714-3946-b501-56526679a35f, -16.358660, -59.624650,2026-07-16 05:18:00,NOAA-20,José Miguel de Velasco,Santa Cruz,Bolivia,85,8,28,,,,,1.1
40ce7b33-abd4-3e93-8be4-17ba4351a2f0, -16.394370, -61.819800,2026-07-16 05:18:00,NOAA-20,Ñuflo de Chávez,Santa Cruz,Bolivia,78,8,28,,,,,1.5
978b950e-3238-381d-806a-ea7db3f13ed0, -16.126790, -60.629140,2026-07-16 05:18:00,NOAA-20,José Miguel de Velasco,Santa Cruz,Bolivia,85,8,28,,,,,17.1
7545d2ef-0f47-3178-8b71-8b1bb5724b6f, -18.327940, -59.048650,2026-07-16 05:18:00,NOAA-20,Chiquitos,Santa Cruz,Bolivia,80,8,28,,,,,1.9
08842e87-92f7-3ff5-b510-0bb61cd86f72, -17.500050, -59.578480,2026-07-16 05:18:00,NOAA-20,Chiquitos,Santa Cruz,Bolivia,80,8,28,,,,,0.7
a84f8f03-4bed-3192-9413-caefdd6e6951, -16.395010, -61.815960,2026-07-16 05:18:00,NOAA-20,Ñuflo de Chávez,Santa Cruz,Bolivia,78,8,28,,,,,0.7
17ba0c8b-6c54-351c-841e-16f77468d62e, -16.132280, -60.637540,2026-07-16 05:18:00,NOAA-20,José Miguel de Velasco,Santa Cruz,Bolivia,85,8,28,,,,,26.8
287e6947-6337-3209-a7a0-7fd36eab6c6e, -17.124220, -63.256690,2026-07-16 05:18:00,NOAA-20,Obispo Santistevan,Santa Cruz,Bolivia,87,8,28,,,,,2.7
a9a4326f-6268-3f23-a40f-9fe5d7c6315b, -18.331860, -59.045480,2026-07-16 05:18:00,NOAA-20,Chiquitos,Santa Cruz,Bolivia,80,8,28,,,,,1.9
d0edb09f-ce93-3067-a9c1-dc8945b3c529, -16.400570, -61.824880,2026-07-16 05:18:00,NOAA-20,Ñuflo de Chávez,Santa Cruz,Bolivia,78,8,28,,,,,3.7
b0e337b6-b19a-3b82-9a54-dbae92091f11, -17.110080, -60.645430,2026-07-16 05:18:00,NOAA-20,José Miguel de Velasco,Santa Cruz,Bolivia,85,8,28,,,,,5.7
5ecddd26-0975-3117-a4a1-570cde0a74a0, -16.348590, -59.667070,2026-07-16 05:18:00,NOAA-20,José Miguel de Velasco,Santa Cruz,Bolivia,85,8,28,,,,,1.5
1b24d911-3ff9-3425-a4a6-bbd4731d6451, -16.108940, -60.443960,2026-07-16 05:18:00,NOAA-20,José Miguel de Velasco,Santa Cruz,Bolivia,85,8,28,,,,,1.2
49776a77-bbe4-32c4-b106-7361614a9068, -16.351060, -59.586570,2026-07-16 05:18:00,NOAA-20,José Miguel de Velasco,Santa Cruz,Bolivia,85,8,28,,,,,1.7
0c281088-eb69-3d44-aff5-13241f1c15b4, -16.346820, -59.699840,2026-07-16 05:18:00,NOAA-20,José Miguel de Velasco,Santa Cruz,Bolivia,85,8,28,,,,,2.1
5e5788ba-b83e-361b-8bdd-d6e442336ddf, -16.399090, -59.583610,2026-07-16 05:18:00,NOAA-20,José Miguel de Velasco,Santa Cruz,Bolivia,85,8,28,,,,,6.6
75b4d36f-f7bc-35af-b2fa-b0f31749b8ad, -16.368520, -59.648390,2026-07-16 05:18:00,NOAA-20,José Miguel de Velasco,Santa Cruz,Bolivia,85,8,28,,,,,1.0
8e33d86e-fd21-3207-a85b-f2530e5842d6, -16.365770, -59.644250,2026-07-16 05:18:00,NOAA-20,José Miguel de Velasco,Santa Cruz,Bolivia,85,8,28,,,,,2.5
53e52620-c69c-335d-86de-4182d32a4d01, -16.401120, -61.820590,2026-07-16 05:18:00,NOAA-20,Ñuflo de Chávez,Santa Cruz,Bolivia,78,8,28,,,,,1.5
c2c5b5d4-add1-39fc-b390-e0fa81126ff6, -16.134040, -60.626670,2026-07-16 05:18:00,NOAA-20,José Miguel de Velasco,Santa Cruz,Bolivia,85,8,28,,,,,16.3
037a2a94-14e4-3b85-b05c-3851a8ada6b9, -16.122100, -60.594800,2026-07-16 05:18:00,NOAA-20,José Miguel de Velasco,Santa Cruz,Bolivia,85,8,28,,,,,1.5
9c5eac2c-f120-3656-a4e2-12caabd63861, -16.825360, -60.933080,2026-07-16 05:18:00,NOAA-20,José Miguel de Velasco,Santa Cruz,Bolivia,85,8,28,,,,,1.1
c70e94c5-29ca-38fc-b459-c39aee3e9bd5, -17.757840, -60.377820,2026-07-16 05:18:00,NOAA-20,Chiquitos,Santa Cruz,Bolivia,80,8,28,,,,,0.4
e6e01e40-9dbb-32a0-8473-2247a51b1b25, -18.593860, -62.795220,2026-07-16 05:18:00,NOAA-20,Cordillera,Santa Cruz,Bolivia,81,8,28,,,,,1.4
982c3bd4-5d4f-3fd3-8639-66723feb7c38, -18.000520, -61.687020,2026-07-16 05:18:00,NOAA-20,Chiquitos,Santa Cruz,Bolivia,80,8,28,,,,,1.4
d9ad4a8c-0712-34a4-9241-9b77f9d581dd, -16.339150, -59.683870,2026-07-16 05:18:00,NOAA-20,José Miguel de Velasco,Santa Cruz,Bolivia,85,8,28,,,,,4.1
bb02d00f-f8da-3d38-8c4c-27ec93665fca, -15.887350, -60.700490,2026-07-16 05:18:00,NOAA-20,José Miguel de Velasco,Santa Cruz,Bolivia,85,8,28,,,,,0.9
14d68788-73b2-3d82-bea0-7bbb70cea85c, -18.331820, -59.068360,2026-07-16 05:18:00,NOAA-20,Chiquitos,Santa Cruz,Bolivia,80,8,28,,,,,2.3
c595964a-d785-3736-a455-1c159270f6da, -16.323810, -59.651860,2026-07-16 05:18:00,NOAA-20,José Miguel de Velasco,Santa Cruz,Bolivia,85,8,28,,,,,3.6
b9eaee41-2397-3621-8c74-dd2cdd38b520, -16.953730, -60.685770,2026-07-16 05:18:00,NOAA-20,José Miguel de Velasco,Santa Cruz,Bolivia,85,8,28,,,,,0.6
22a313a3-5628-35ef-aaaf-11e3a09254ca, -16.126210, -60.632760,2026-07-16 05:18:00,NOAA-20,José Miguel de Velasco,Santa Cruz,Bolivia,85,8,28,,,,,1.7
6ceee9da-a98f-376c-80e6-7b1fec2e9539, -16.344560, -59.714170,2026-07-16 05:18:00,NOAA-20,José Miguel de Velasco,Santa Cruz,Bolivia,85,8,28,,,,,1.8
ebbf26ba-d423-3ec2-90e2-51e73f4d759c, -16.352740, -59.575820,2026-07-16 05:18:00,NOAA-20,José Miguel de Velasco,Santa Cruz,Bolivia,85,8,28,,,,,3.3
52cb689b-059f-3813-82c4-346fbd9e335a, -16.329370, -59.638100,2026-07-16 05:18:00,NOAA-20,José Miguel de Velasco,Santa Cruz,Bolivia,85,8,28,,,,,2.7
c64e167a-e934-396f-9d31-1056e51dfc68, -18.357010, -59.061080,2026-07-16 05:18:00,NOAA-20,Chiquitos,Santa Cruz,Bolivia,80,8,28,,,,,1.7
a7e7bf88-42df-36a2-8c20-efc856a32adf, -16.322750, -59.636990,2026-07-16 05:18:00,NOAA-20,José Miguel de Velasco,Santa Cruz,Bolivia,85,8,28,,,,,4.3
3450761d-bfd1-3a35-88f3-6996440ad70d, -16.560740, -60.826780,2026-07-16 05:18:00,NOAA-20,José Miguel de Velasco,Santa Cruz,Bolivia,85,8,28,,,,,25.3
94010d50-0520-3b03-a9b7-08d7be4de13c, -17.477460, -59.548620,2026-07-16 05:18:00,NOAA-20,Chiquitos,Santa Cruz,Bolivia,80,8,28,,,,,7.6
28091e68-73fa-3923-a42f-7378a7405eb0, -16.119940, -60.650290,2026-07-16 05:18:00,NOAA-20,José Miguel de Velasco,Santa Cruz,Bolivia,85,8,28,,,,,11.7
d6260334-b27a-386e-8eaa-a5e90829f063, -16.126400, -60.610450,2026-07-16 05:18:00,NOAA-20,José Miguel de Velasco,Santa Cruz,Bolivia,85,8,28,,,,,78.1
c845154e-a7ca-33ef-91e7-b7f1f3f66586, -16.367040, -59.592940,2026-07-16 05:18:00,NOAA-20,José Miguel de Velasco,Santa Cruz,Bolivia,85,8,28,,,,,0.7
be2f4951-bc4f-3014-a0a2-4dd13b7a3527, -16.344080, -59.695700,2026-07-16 05:18:00,NOAA-20,José Miguel de Velasco,Santa Cruz,Bolivia,85,8,28,,,,,1.7
f204c2c5-5c20-3581-96fa-ae803225fb3a, -17.254860, -60.228790,2026-07-16 05:18:00,NOAA-20,Chiquitos,Santa Cruz,Bolivia,80,8,28,,,,,2.8
11354be6-bfa0-31a3-b09d-6f5710720840, -16.346260, -59.703420,2026-07-16 05:18:00,NOAA-20,José Miguel de Velasco,Santa Cruz,Bolivia,85,8,28,,,,,2.8
2df2fbd1-c6de-3016-a6d1-e03ae220ecb6, -16.155540, -60.578280,2026-07-16 05:18:00,NOAA-20,José Miguel de Velasco,Santa Cruz,Bolivia,85,8,28,,,,,0.6
33617199-9418-368f-861b-1945e36bf208, -15.756270, -60.964080,2026-07-16 05:18:00,NOAA-20,José Miguel de Velasco,Santa Cruz,Bolivia,85,8,28,,,,,1.0
5de48293-5e8d-31e8-b79e-6c09d6f32aee, -16.349430, -59.575260,2026-07-16 05:18:00,NOAA-20,José Miguel de Velasco,Santa Cruz,Bolivia,85,8,28,,,,,2.4
38ed52d1-fb98-3f6e-b1ad-6d0879fcc340, -18.327380, -59.052370,2026-07-16 05:18:00,NOAA-20,Chiquitos,Santa Cruz,Bolivia,80,8,28,,,,,2.7
5553579c-fa99-3e2e-a8cd-6788eb40062d, -16.340770, -59.695140,2026-07-16 05:18:00,NOAA-20,José Miguel de Velasco,Santa Cruz,Bolivia,85,8,28,,,,,1.7
aaec5be3-d3e0-3415-a041-bf86b5ca1e2f, -12.873200, -67.255540,2026-07-16 05:18:00,NOAA-20,Abel Iturralde,La Paz,Bolivia,32,4,28,,,,,3.0
33e884ce-51b6-3570-bf5b-5354b2ae7ecb, -16.396520, -61.828080,2026-07-16 05:18:00,NOAA-20,Ñuflo de Chávez,Santa Cruz,Bolivia,78,8,28,,,,,5.6
ae1766de-13fd-363d-acf0-f0fe419079b9, -16.239410, -61.356150,2026-07-16 05:18:00,NOAA-20,José Miguel de Velasco,Santa Cruz,Bolivia,85,8,28,,,,,2.4
cdd1289d-efe1-3e1f-aa40-30013418bb2b, -16.240030, -61.352390,2026-07-16 05:18:00,NOAA-20,José Miguel de Velasco,Santa Cruz,Bolivia,85,8,28,,,,,2.1
4b970e67-0079-3168-8d3f-454815f0cb86, -16.955490, -60.674910,2026-07-16 05:18:00,NOAA-20,José Miguel de Velasco,Santa Cruz,Bolivia,85,8,28,,,,,3.9
4dcfbe31-bd5c-38b5-ad2b-4ed67a4e2b52, -16.352310, -59.708130,2026-07-16 05:18:00,NOAA-20,José Miguel de Velasco,Santa Cruz,Bolivia,85,8,28,,,,,2.0
8bb632ba-61b0-34bc-b398-5f56e93971e5, -16.079270, -60.461960,2026-07-16 05:18:00,NOAA-20,José Miguel de Velasco,Santa Cruz,Bolivia,85,8,28,,,,,5.9
b02fe3d2-a3eb-3edc-a5c1-0d40d505991f, -16.359570, -59.315250,2026-07-16 05:18:00,NOAA-20,José Miguel de Velasco,Santa Cruz,Bolivia,85,8,28,,,,,6.3
23f04b61-b337-3228-be73-878e5d484bfe, -17.348120, -63.114400,2026-07-16 05:18:00,NOAA-20,Ignacio Warnes,Santa Cruz,Bolivia,84,8,28,,,,,1.0
106c8d49-5a7c-39d0-b5fa-54099de74fea, -16.348870, -59.578850,2026-07-16 05:18:00,NOAA-20,José Miguel de Velasco,Santa Cruz,Bolivia,85,8,28,,,,,2.1
10cc75c5-0324-3a43-a7f9-9780e8e3cbce, -17.351680, -63.115070,2026-07-16 05:18:00,NOAA-20,Ignacio Warnes,Santa Cruz,Bolivia,84,8,28,,,,,1.0
79833f3d-f7dc-3ad9-9333-fc6ca00426f7, -16.342950, -59.702860,2026-07-16 05:18:00,NOAA-20,José Miguel de Velasco,Santa Cruz,Bolivia,85,8,28,,,,,6.4
9b5ce73c-1234-3587-9825-9b02cf6479f1, -17.841960, -52.489900,2026-07-16 05:18:00,NOAA-20,MINEIROS,GOIÁS,Brasil,5213103,52,33,,,,Cerrado,1.0
b1f7dbae-478d-3224-838f-ed8480525b25, -15.921370, -61.623410,2026-07-16 05:18:00,NOAA-20,Ñuflo de Chávez,Santa Cruz,Bolivia,78,8,28,,,,,0.6
9db25735-931e-32e3-8977-5f323f7dd0fc, -16.360140, -59.311650,2026-07-16 05:18:00,NOAA-20,José Miguel de Velasco,Santa Cruz,Bolivia,85,8,28,,,,,2.9
36e3f811-ca43-3631-8c17-97a77c6ce322, -17.601960, -60.480610,2026-07-16 05:18:00,NOAA-20,Chiquitos,Santa Cruz,Bolivia,80,8,28,,,,,1.2
f4426da1-7c5a-3ecf-b1d7-d550f0ac6133, -16.952170, -60.674320,2026-07-16 05:18:00,NOAA-20,José Miguel de Velasco,Santa Cruz,Bolivia,85,8,28,,,,,3.9
013e3058-c31b-3bbf-b5f0-bf92d240126a, -16.029550, -61.670020,2026-07-16 05:18:00,NOAA-20,Ñuflo de Chávez,Santa Cruz,Bolivia,78,8,28,,,,,0.4
9b67b717-e3a5-391b-b144-01eb6dad0314, -17.271410, -60.231640,2026-07-16 05:18:00,NOAA-20,Chiquitos,Santa Cruz,Bolivia,80,8,28,,,,,10.5
80bc158d-15d3-3c2b-a098-1d62851297fd, -17.642440, -59.687740,2026-07-16 05:18:00,NOAA-20,Chiquitos,Santa Cruz,Bolivia,80,8,28,,,,,1.2
22a3cdef-3355-3b87-82e9-5e20bf85b2d6, -16.134430, -60.645380,2026-07-16 05:18:00,NOAA-20,José Miguel de Velasco,Santa Cruz,Bolivia,85,8,28,,,,,1.8
ebdd5639-11c9-3e48-bf01-2daa38f8e3c2, -17.677870, -60.769510,2026-07-16 05:18:00,NOAA-20,Chiquitos,Santa Cruz,Bolivia,80,8,28,,,,,0.8
d72a32ad-4302-3590-9448-b575c4290123, -18.354220, -59.056790,2026-07-16 05:18:00,NOAA-20,Chiquitos,Santa Cruz,Bolivia,80,8,28,,,,,1.7
42998a89-3893-3557-bec0-24aa1861ca25, -16.327290, -59.586170,2026-07-16 05:18:00,NOAA-20,José Miguel de Velasco,Santa Cruz,Bolivia,85,8,28,,,,,1.3
7899ad8b-955c-3249-9e5d-e14b38212207, -15.750960, -61.571140,2026-07-16 05:18:00,NOAA-20,Ñuflo de Chávez,Santa Cruz,Bolivia,78,8,28,,,,,4.0
a1dfa662-3b3c-3af7-8c01-82b753fc9c6f, -16.087450, -61.617470,2026-07-16 05:18:00,NOAA-20,José Miguel de Velasco,Santa Cruz,Bolivia,85,8,28,,,,,0.8
0e67c9d6-f405-3b11-8f48-2c6219d0c499, -17.495110, -59.566480,2026-07-16 05:18:00,NOAA-20,Chiquitos,Santa Cruz,Bolivia,80,8,28,,,,,2.3
b5b447fe-2c29-3087-a4fd-38c22eb34cc6, -19.716390, -50.208030,2026-07-16 05:18:00,NOAA-20,ITURAMA,MINAS GERAIS,Brasil,3134400,31,33,,,,Mata Atlântica,1.0
b529f937-02c2-3a1b-9740-f32b122c350a, -16.371340, -59.630470,2026-07-16 05:18:00,NOAA-20,José Miguel de Velasco,Santa Cruz,Bolivia,85,8,28,,,,,4.9
b8de90be-d5f0-3514-913d-096be3b26d8d, -15.663020, -61.615090,2026-07-16 05:18:00,NOAA-20,Ñuflo de Chávez,Santa Cruz,Bolivia,78,8,28,,,,,11.0
d77f0c87-49d7-3a00-a0e9-7502227dc25d, -16.664420, -59.601550,2026-07-16 05:18:00,NOAA-20,José Miguel de Velasco,Santa Cruz,Bolivia,85,8,28,,,,,1.5
f8e10d34-916f-36ad-99f4-14e5a1286f41, -16.138350, -60.642340,2026-07-16 05:18:00,NOAA-20,José Miguel de Velasco,Santa Cruz,Bolivia,85,8,28,,,,,1.8
f9313a0e-5f5a-3829-b3f7-f06096837819, -16.649440, -60.718870,2026-07-16 05:18:00,NOAA-20,José Miguel de Velasco,Santa Cruz,Bolivia,85,8,28,,,,,1.0
39c453df-8067-3ef4-8f3e-df17c321fecf, -16.416970, -59.295280,2026-07-16 05:18:00,NOAA-20,José Miguel de Velasco,Santa Cruz,Bolivia,85,8,28,,,,,0.7
0f95e988-c612-30cf-9cae-4ba60ee91696, -17.841290, -52.488400,2026-07-16 05:18:00,NOAA-20,MINEIROS,GOIÁS,Brasil,5213103,52,33,,,,Cerrado,0.9
73baf43f-aba7-3ab6-acab-5aad35a094ec, -16.579610, -59.144250,2026-07-16 05:18:00,NOAA-20,José Miguel de Velasco,Santa Cruz,Bolivia,85,8,28,,,,,0.9
294d79d2-e69e-3cef-a893-a6415e352fb3, -16.395210, -59.586650,2026-07-16 05:18:00,NOAA-20,José Miguel de Velasco,Santa Cruz,Bolivia,85,8,28,,,,,0.9
26f06348-342f-3a86-91cd-3bf37c457f96, -16.356970, -59.635410,2026-07-16 05:18:00,NOAA-20,José Miguel de Velasco,Santa Cruz,Bolivia,85,8,28,,,,,2.5
e567a491-db58-3a9a-888b-87c3a0c881b3, -15.759050, -61.564750,2026-07-16 05:18:00,NOAA-20,Ñuflo de Chávez,Santa Cruz,Bolivia,78,8,28,,,,,2.2
7fcb0782-6a8a-3e3e-b15c-528205be9f0a, -15.652770, -61.613250,2026-07-16 05:18:00,NOAA-20,Ñuflo de Chávez,Santa Cruz,Bolivia,78,8,28,,,,,1.2
00f37432-b7f9-3965-917a-4f1b5103c23f, -16.365210, -59.647830,2026-07-16 05:18:00,NOAA-20,José Miguel de Velasco,Santa Cruz,Bolivia,85,8,28,,,,,2.8
94788af1-5fda-30d8-9f0a-f1c29fb22a78, -17.690710, -60.985390,2026-07-16 05:18:00,NOAA-20,Chiquitos,Santa Cruz,Bolivia,80,8,28,,,,,5.1
069d335b-31fd-3d09-819e-7c24ba252140, -18.268170, -60.819470,2026-07-16 05:18:00,NOAA-20,Chiquitos,Santa Cruz,Bolivia,80,8,28,,,,,3.5
ea4bb08f-44e1-3e69-8623-65d9d935181f, -16.335280, -59.686890,2026-07-16 05:18:00,NOAA-20,José Miguel de Velasco,Santa Cruz,Bolivia,85,8,28,,,,,4.7
b4e83865-5b76-3572-9f08-cf4f2798aa54, -18.779770, -58.509510,2026-07-16 05:18:00,NOAA-20,Chiquitos,Santa Cruz,Bolivia,80,8,28,,,,,1.9
659cdb91-1447-3ed1-8320-3b572cf88331, -18.512150, -63.039910,2026-07-16 05:18:00,NOAA-20,Cordillera,Santa Cruz,Bolivia,81,8,28,,,,,2.3
ee963526-8fbd-3845-b465-698a693319bf, -19.716000, -50.212060,2026-07-16 05:18:00,NOAA-20,ITURAMA,MINAS GERAIS,Brasil,3134400,31,33,,,,Mata Atlântica,1.2
4e6100cc-d7e1-38b1-844e-769ceaa40900, -18.354790, -59.053070,2026-07-16 05:18:00,NOAA-20,Chiquitos,Santa Cruz,Bolivia,80,8,28,,,,,2.9
f3036671-ae0c-3d3a-9cfc-b1afac5d31a2, -17.258170, -60.229360,2026-07-16 05:18:00,NOAA-20,Chiquitos,Santa Cruz,Bolivia,80,8,28,,,,,2.8
e4091205-ac94-3e2c-aa6b-0424255f37bf, -16.329860, -59.656560,2026-07-16 05:18:00,NOAA-20,José Miguel de Velasco,Santa Cruz,Bolivia,85,8,28,,,,,0.8
8711a192-6d06-3f8b-b4e1-806422e8593a, -16.368590, -59.626320,2026-07-16 05:18:00,NOAA-20,José Miguel de Velasco,Santa Cruz,Bolivia,85,8,28,,,,,1.5
d2f44144-cfb9-38da-a952-8b658e1751ea, -16.347870, -59.714730,2026-07-16 05:18:00,NOAA-20,José Miguel de Velasco,Santa Cruz,Bolivia,85,8,28,,,,,1.8
8cbb969a-d242-3973-bcd2-94909f763fae, -16.124450, -60.643620,2026-07-16 05:18:00,NOAA-20,José Miguel de Velasco,Santa Cruz,Bolivia,85,8,28,,,,,20.0
e6cc2beb-a0e4-3707-b2aa-096a5a1a6faa, -16.129730, -60.611040,2026-07-16 05:18:00,NOAA-20,José Miguel de Velasco,Santa Cruz,Bolivia,85,8,28,,,,,78.1
8b3b536e-ec65-3449-8102-a2b86d867340, -15.660570, -60.360490,2026-07-16 05:18:00,NOAA-20,José Miguel de Velasco,Santa Cruz,Bolivia,85,8,28,,,,,0.7
96474b68-d421-3c1c-8c54-e66ed7bf8c63, -16.124640, -60.621310,2026-07-16 05:18:00,NOAA-20,José Miguel de Velasco,Santa Cruz,Bolivia,85,8,28,,,,,43.9
a0645325-fd07-3700-a943-d68ef61f7b43, -16.334710, -59.690480,2026-07-16 05:18:00,NOAA-20,José Miguel de Velasco,Santa Cruz,Bolivia,85,8,28,,,,,4.7
fe60f61d-f668-3163-b6d0-0e679b33a5d7, -16.145000, -60.643500,2026-07-16 05:18:00,NOAA-20,José Miguel de Velasco,Santa Cruz,Bolivia,85,8,28,,,,,1.2
32db498a-e76c-3b82-9c2c-2ea2ae841ce0, -16.321060, -59.647730,2026-07-16 05:18:00,NOAA-20,José Miguel de Velasco,Santa Cruz,Bolivia,85,8,28,,,,,3.6
38d89a2f-a46a-3730-a72e-1e1cbf149b32, -18.325680, -59.063530,2026-07-16 05:18:00,NOAA-20,Chiquitos,Santa Cruz,Bolivia,80,8,28,,,,,2.6
df3ea160-2a1a-3331-88c3-95ec974e087e, -16.331410, -59.689920,2026-07-16 05:18:00,NOAA-20,José Miguel de Velasco,Santa Cruz,Bolivia,85,8,28,,,,,1.7
27a8d65d-de35-3747-a47a-836132d7331d, -17.641880, -59.691360,2026-07-16 05:18:00,NOAA-20,Chiquitos,Santa Cruz,Bolivia,80,8,28,,,,,1.3
fa496052-349a-3bed-919b-e78613c1eb94, -17.694630, -60.982330,2026-07-16 05:18:00,NOAA-20,Chiquitos,Santa Cruz,Bolivia,80,8,28,,,,,12.7
35840e93-5330-3cf1-bede-c2c6cfc2eaf4, -16.125230, -60.617690,2026-07-16 05:18:00,NOAA-20,José Miguel de Velasco,Santa Cruz,Bolivia,85,8,28,,,,,43.9
653c0e7e-d62a-3dff-92eb-b0f42fd03e0c, -15.658330, -61.622090,2026-07-16 05:18:00,NOAA-20,Ñuflo de Chávez,Santa Cruz,Bolivia,78,8,28,,,,,1.3
dd5968cb-7b01-3af5-9cfc-fb2fdcf1086a, -16.168880, -60.432050,2026-07-16 05:18:00,NOAA-20,José Miguel de Velasco,Santa Cruz,Bolivia,85,8,28,,,,,1.6
652536cd-1f15-3163-ba07-408deafe4671, -18.321230, -59.047540,2026-07-16 05:18:00,NOAA-20,Chiquitos,Santa Cruz,Bolivia,80,8,28,,,,,1.2
51cdbfa0-9f08-3dce-8b17-efe61e575d41, -16.402320, -59.606240,2026-07-16 05:18:00,NOAA-20,José Miguel de Velasco,Santa Cruz,Bolivia,85,8,28,,,,,2.4
13b075a1-3280-3fc2-b5e7-b504e3baf989, -18.330120, -59.079510,2026-07-16 05:18:00,NOAA-20,Chiquitos,Santa Cruz,Bolivia,80,8,28,,,,,2.1
4daa256a-223c-3b53-b9af-8d83862f64d7, -16.403230, -61.828900,2026-07-16 05:18:00,NOAA-20,Ñuflo de Chávez,Santa Cruz,Bolivia,78,8,28,,,,,2.9
61a148e1-8323-3a2a-98a5-7d8a57c3a337, -16.121900, -60.617100,2026-07-16 05:18:00,NOAA-20,José Miguel de Velasco,Santa Cruz,Bolivia,85,8,28,,,,,27.8
a582efe6-7d78-3c08-a25e-a7fe9334e27e, -22.820260, -56.518740,2026-07-16 05:21:00,NOAA-20,Bella Vista,Amambay,Paraguay,38,4,177,,,,,0.8
6165c267-f8f4-3d9e-a7ce-6bb7eb478747, -24.185090, -56.914880,2026-07-16 05:21:00,NOAA-20,San Pablo,San Pedro,Paraguay,213,18,177,,,,,5.2
48fb34d2-6fdb-3508-8f60-42757aeaf191, -25.062310, -54.563010,2026-07-16 05:21:00,NOAA-20,Hernandarias,Alto Paraná,Paraguay,24,3,177,,,,,3.0
ca5815d7-d535-3a59-862d-97b6c430278f, -25.786450, -56.916210,2026-07-16 05:21:00,NOAA-20,General Bernardino Caballero,Paraguarí,Paraguay,187,16,177,,,,,1.3
af9b15b9-934a-33e9-a84e-75e729cba748, -26.390120, -56.712210,2026-07-16 05:21:00,NOAA-20,Doctor Moisés S. Bertoni,Caazapá,Paraguay,66,8,177,,,,,0.9
ddfcbb28-5533-398d-ab94-57eb02f19730, -24.140700, -57.424120,2026-07-16 05:21:00,NOAA-20,Villa Hayes,Presidente Hayes,Paraguay,203,17,177,,,,,1.8
542aebb4-0209-3f69-8854-fb404c3a2f30, -25.832510, -57.311620,2026-07-16 05:21:00,NOAA-20,San Roque González de Santa Cruz,Paraguarí,Paraguay,194,16,177,,,,,1.5
79822332-be3a-3d66-a7a4-536516c76678, -19.830070, -57.955920,2026-07-16 05:21:00,NOAA-20,CORUMBÁ,MATO GROSSO DO SUL,Brasil,5003207,50,33,,,,Pantanal,1.3
8c612051-9912-3cbb-9cf9-02090527975c, -22.654890, -65.000900,2026-07-16 05:21:00,NOAA-20,Iruya,Salta,Argentina,391,17,12,,,,,6.7
dbf21bbc-cbc1-3b04-aebc-49459624856b, -18.481260, -63.597460,2026-07-16 05:21:00,NOAA-20,Cordillera,Santa Cruz,Bolivia,81,8,28,,,,,3.7
d12d3f73-5bec-3e9f-9198-1edaa5b5a4c1, -24.792560, -56.672330,2026-07-16 05:21:00,NOAA-20,Unión,San Pedro,Paraguay,216,18,177,,,,,9.6
8f84ef9d-2a11-3240-95f3-e43c185f3d3d, -26.430510, -53.852930,2026-07-16 05:21:00,NOAA-20,San Pedro,Misiones,Argentina,351,14,12,,,,,1.3
971e13de-5315-3da7-8dc9-82ffec503cbc, -22.749880, -55.939900,2026-07-16 05:21:00,NOAA-20,Pedro Juan Caballero,Amambay,Paraguay,40,4,177,,,,,1.0
9d70c5fa-37df-3782-a3d6-f85c40921ce3, -19.442900, -59.789420,2026-07-16 05:21:00,NOAA-20,Mayor Pablo Lagerenza,Alto Paraguay,Paraguay,19,2,177,,,,,0.8
a55f368f-0066-3a87-9522-b3992c903d74, -24.883620, -55.283360,2026-07-16 05:21:00,NOAA-20,Itakyry,Alto Paraná,Paraguay,25,3,177,,,,,0.9
4baaa61d-51f7-351c-8b66-a41bf33996f6, -19.446230, -59.789990,2026-07-16 05:21:00,NOAA-20,Mayor Pablo Lagerenza,Alto Paraguay,Paraguay,19,2,177,,,,,0.8
29b95e20-415f-399c-a3d5-1fbaeae1f933, -24.212630, -56.820630,2026-07-16 05:21:00,NOAA-20,Villa del Rosario,San Pedro,Paraguay,217,18,177,,,,,1.4
29d613fa-6efd-3130-bd8d-228f5c8ab85d, -26.144460, -60.849020,2026-07-16 05:21:00,NOAA-20,Almirante Brown,Chaco,Argentina,171,4,12,,,,,1.1
77a57586-1cd0-3af0-9e49-d0c7baf8e989, -25.099620, -55.149310,2026-07-16 05:21:00,NOAA-20,Mariscal Francisco Solano López,Caaguazú,Paraguay,54,7,177,,,,,1.7
df2da7e6-9e0f-329a-9f2b-740f10c5952c, -26.508110, -60.985760,2026-07-16 05:21:00,NOAA-20,Almirante Brown,Chaco,Argentina,171,4,12,,,,,0.7
57ad73bd-70a3-3f60-9f9b-81bc117af86e, -26.980960, -56.988590,2026-07-16 05:21:00,NOAA-20,San Ignacio,Misiones,Paraguay,174,15,177,,,,,3.9
4059ce23-5bc5-308b-98e4-1d21b76a7d73, -25.564740, -55.256010,2026-07-16 05:21:00,NOAA-20,San Cristóbal,Alto Paraná,Paraguay,34,3,177,,,,,2.5
8e22d128-4702-3f2d-b80f-6be7a7f588c5, -19.448830, -59.789980,2026-07-16 05:21:00,NOAA-20,Mayor Pablo Lagerenza,Alto Paraguay,Paraguay,19,2,177,,,,,2.4
b4de3527-7cab-38ad-b467-48a25c24d16c, -25.191190, -55.655040,2026-07-16 05:21:00,NOAA-20,Raúl Arsenio Oviedo,Caaguazú,Paraguay,57,7,177,,,,,1.3
3f43ac66-180d-3a6a-a34e-a7a03b8ace70, -25.184020, -55.652680,2026-07-16 05:21:00,NOAA-20,Raúl Arsenio Oviedo,Caaguazú,Paraguay,57,7,177,,,,,3.0
4a8fe6c1-8904-36d5-b378-47d6f06e12d5, -21.189200, -63.401110,2026-07-16 05:21:00,NOAA-20,Gran Chaco,Tarija,Bolivia,94,9,28,,,,,2.0
d862c491-5503-31fd-84fd-2c5a2d5ce2f5, -25.537850, -55.216560,2026-07-16 05:21:00,NOAA-20,San Cristóbal,Alto Paraná,Paraguay,34,3,177,,,,,2.4
ceea03a6-168e-3c43-8466-6fcaa2cf6cfb, -22.663520, -65.015550,2026-07-16 05:21:00,NOAA-20,Iruya,Salta,Argentina,391,17,12,,,,,1.4
40345cc2-d7a1-32f9-9700-d317d14f238f, -24.487160, -56.919780,2026-07-16 05:21:00,NOAA-20,General Elizardo Aquino,San Pedro,Paraguay,207,18,177,,,,,2.6
7d79b533-8ca0-37ca-8a79-cbf2e4e12eae, -25.537330, -55.221230,2026-07-16 05:21:00,NOAA-20,San Cristóbal,Alto Paraná,Paraguay,34,3,177,,,,,2.4
48753770-a211-3139-bec7-b224c077299e, -26.848240, -57.373710,2026-07-16 05:21:00,NOAA-20,San Juan Bautista de las Misiones,Misiones,Paraguay,175,15,177,,,,,1.6
826ad871-5cf3-38c2-a3e2-b3ef9cca6778, -23.804660, -56.265990,2026-07-16 05:21:00,NOAA-20,Nueva Germania,San Pedro,Paraguay,211,18,177,,,,,1.6
4957938e-fb31-35f9-9f06-a5e9a5d8ac8a, -20.545700, -60.403220,2026-07-16 05:21:00,NOAA-20,General Eugenio A. Garay,Boquerón,Paraguay,43,6,177,,,,,16.1
f56653b0-48eb-381d-acb2-57469229d2b0, -19.825980, -57.956320,2026-07-16 05:21:00,NOAA-20,CORUMBÁ,MATO GROSSO DO SUL,Brasil,5003207,50,33,,,,Pantanal,1.0
0f6f1318-02e4-37ae-8aee-ff7b859a4b97, -25.702960, -57.452430,2026-07-16 05:21:00,NOAA-20,Nueva Italia,Central,Paraguay,93,10,177,,,,,7.8
851510d9-81f3-3696-bbe0-4598226d367c, -24.822800, -57.566220,2026-07-16 05:21:00,NOAA-20,Benjamín Aceval,Presidente Hayes,Paraguay,200,17,177,,,,,0.5
1d50601c-21b0-3dff-9233-c8200ce4cd96, -26.134360, -60.847180,2026-07-16 05:21:00,NOAA-20,Almirante Brown,Chaco,Argentina,171,4,12,,,,,0.7
70fd9c93-454b-32c8-af34-f35159ec1b7f, -25.186360, -55.705950,2026-07-16 05:21:00,NOAA-20,Raúl Arsenio Oviedo,Caaguazú,Paraguay,57,7,177,,,,,2.6
6d69a271-919b-3020-880a-7db7b4be1279, -21.665770, -56.319210,2026-07-16 05:21:00,NOAA-20,BELA VISTA,MATO GROSSO DO SUL,Brasil,5002100,50,33,,,,Cerrado,1.2
a2055b87-4c52-3d82-bbe3-bc1386c2e245, -24.187670, -56.926120,2026-07-16 05:21:00,NOAA-20,San Pablo,San Pedro,Paraguay,213,18,177,,,,,0.8
778248ee-ad8e-3359-9ab3-cbae0563e918, -18.480470, -63.602010,2026-07-16 05:21:00,NOAA-20,Cordillera,Santa Cruz,Bolivia,81,8,28,,,,,1.1
802c20fc-70ad-3d05-9fac-da96043cc190, -26.492040, -55.818890,2026-07-16 05:21:00,NOAA-20,Alto Verá,Itapúa,Paraguay,144,14,177,,,,,2.0
6ce9fa99-80da-36e1-9a84-cbbfc3dccbe2, -22.660650, -65.010610,2026-07-16 05:21:00,NOAA-20,Iruya,Salta,Argentina,391,17,12,,,,,0.4
e552c615-db11-3f91-a1d0-341b777c25b1, -24.792660, -55.259360,2026-07-16 05:21:00,NOAA-20,Itakyry,Alto Paraná,Paraguay,25,3,177,,,,,0.9
a2a7615d-80e3-38de-961b-f71c2813d3d5, -22.746310, -55.935440,2026-07-16 05:21:00,NOAA-20,Pedro Juan Caballero,Amambay,Paraguay,40,4,177,,,,,3.2
7038638e-61e0-3390-843c-44040b9b7e7c, -25.190900, -57.383840,2026-07-16 05:21:00,NOAA-20,Emboscada,Cordillera,Paraguay,113,12,177,,,,,1.3
a28c0d65-1889-3791-a79f-19f612ff64f8, -23.332510, -57.479800,2026-07-16 05:21:00,NOAA-20,Concepción,Concepción,Paraguay,102,11,177,,,,,1.6
4cb77df9-b471-3831-a5ed-177566f22a4e, -26.126230, -56.709550,2026-07-16 05:21:00,NOAA-20,Mbuyapey,Paraguarí,Paraguay,189,16,177,,,,,6.4
c57f4199-cfb3-35d1-895b-8f4a62803b7c, -24.946450, -57.619320,2026-07-16 05:21:00,NOAA-20,Benjamín Aceval,Presidente Hayes,Paraguay,200,17,177,,,,,1.4
f852661e-ea8d-34ab-adcf-f0f62f833046, -22.186640, -56.078800,2026-07-16 05:21:00,NOAA-20,ANTÔNIO JOÃO,MATO GROSSO DO SUL,Brasil,5000906,50,33,,,,Cerrado,2.4
760c4569-dd2c-3ed3-8d9e-06ea973f4034, -20.568400, -64.816690,2026-07-16 05:21:00,NOAA-20,Nor Cinti,Chuquisaca,Bolivia,6,1,28,,,,,4.8
f1f5fe13-9801-308d-8086-7a7d8366e56f, -25.542250, -55.217170,2026-07-16 05:21:00,NOAA-20,San Cristóbal,Alto Paraná,Paraguay,34,3,177,,,,,1.4
f1c34ab2-11c5-3e04-bc52-325353880dbc, -22.745830, -55.939310,2026-07-16 05:21:00,NOAA-20,Pedro Juan Caballero,Amambay,Paraguay,40,4,177,,,,,3.2
c173641d-dcbe-3b8b-80d7-da29caa875e8, -26.066080, -60.925450,2026-07-16 05:21:00,NOAA-20,General Güemes,Chaco,Argentina,179,4,12,,,,,3.9
63af352e-b0b0-3416-82f9-f6ef1d423316, -26.984990, -56.989150,2026-07-16 05:21:00,NOAA-20,San Ignacio,Misiones,Paraguay,174,15,177,,,,,9.5
1d86af37-4223-3a08-8ff0-7f70ee68e29a, -24.184340, -56.918680,2026-07-16 05:21:00,NOAA-20,San Pablo,San Pedro,Paraguay,213,18,177,,,,,5.8
148afcfb-e965-3620-bb7b-8946a08cd12e, -23.331870, -57.484630,2026-07-16 05:21:00,NOAA-20,Concepción,Concepción,Paraguay,102,11,177,,,,,3.6
ea99d878-3489-324b-a6df-e3530ad4cc12, -19.834160, -57.952330,2026-07-16 05:21:00,NOAA-20,CORUMBÁ,MATO GROSSO DO SUL,Brasil,5003207,50,33,,,,Pantanal,1.1
89d992c6-3f15-3bdb-86d9-5b780768dfe4, -25.182670, -55.653860,2026-07-16 05:21:00,NOAA-20,Raúl Arsenio Oviedo,Caaguazú,Paraguay,57,7,177,,,,,3.7
22be0e65-bfda-381c-891e-5080109a97de, -21.666460, -56.313970,2026-07-16 05:21:00,NOAA-20,BELA VISTA,MATO GROSSO DO SUL,Brasil,5002100,50,33,,,,Cerrado,1.2
fe95e1c9-bbfb-3803-aae8-05e7616e6248, -25.183500, -55.657050,2026-07-16 05:21:00,NOAA-20,Raúl Arsenio Oviedo,Caaguazú,Paraguay,57,7,177,,,,,3.0
8777489e-1ad9-355e-9136-9dd67db501b8, -24.477830, -54.644500,2026-07-16 05:21:00,NOAA-20,General Francisco C. Alvarez,Canindeyú,Paraguay,75,9,177,,,,,3.4
e9a37bb2-5003-3209-a11c-4d1aa2b9a97a, -24.708590, -57.407100,2026-07-16 05:21:00,NOAA-20,Villa Hayes,Presidente Hayes,Paraguay,203,17,177,,,,,1.0
96da5c16-1c13-3c8a-9913-fc0a78fff260, -22.664750, -64.988030,2026-07-16 05:21:00,NOAA-20,Iruya,Salta,Argentina,391,17,12,,,,,2.5
831fecd8-8bbd-3bbb-9c3b-29479849ba0a, -24.811790, -56.680860,2026-07-16 05:21:00,NOAA-20,Unión,San Pedro,Paraguay,216,18,177,,,,,0.8
7e5230ce-d8c8-3d30-ac34-87a822931b4e, -22.125550, -57.679370,2026-07-16 05:21:00,NOAA-20,San Lázaro,Concepción,Paraguay,106,11,177,,,,,1.3
b8660e81-95e9-3564-8145-48fead052aec, -24.477300, -54.649410,2026-07-16 05:21:00,NOAA-20,General Francisco C. Alvarez,Canindeyú,Paraguay,75,9,177,,,,,2.9
83bc38fb-717c-3e10-8fac-b78c9a3580a9, -25.700320, -57.157230,2026-07-16 05:21:00,NOAA-20,Paraguarí,Paraguarí,Paraguay,190,16,177,,,,,0.6
375c36c0-d5a3-3f9a-b9d6-fa11ecf96bd0, -26.057690, -57.458770,2026-07-16 05:21:00,NOAA-20,Quiíndy,Paraguarí,Paraguay,192,16,177,,,,,0.9
388ae363-db8b-3317-8f8b-5e2008a2977a, -22.338340, -57.675790,2026-07-16 05:21:00,NOAA-20,San Lázaro,Concepción,Paraguay,106,11,177,,,,,1.3
eee201f0-2bc3-3a5b-ae35-d2e424a18107, -18.256450, -65.994880,2026-07-16 05:21:00,NOAA-20,Charcas,Potosí,Bolivia,66,7,28,,,,,1.2
88a01d9d-c66b-3f1e-88de-b2ae2313c5a8, -26.071870, -57.471740,2026-07-16 05:21:00,NOAA-20,Quiíndy,Paraguarí,Paraguay,192,16,177,,,,,1.6
71d778d4-8d6c-3e91-a359-9937d6927ea4, -26.833190, -57.365780,2026-07-16 05:21:00,NOAA-20,San Juan Bautista de las Misiones,Misiones,Paraguay,175,15,177,,,,,0.9
438ae1f6-cddb-31c2-a43f-86d34a683898, -26.650620, -55.967600,2026-07-16 05:21:00,NOAA-20,San Pedro del Paraná,Itapúa,Paraguay,168,14,177,,,,,1.5
080802fd-f0dd-3ec7-bd3b-c56ee1dda6af, -25.568630, -55.261260,2026-07-16 05:21:00,NOAA-20,San Cristóbal,Alto Paraná,Paraguay,34,3,177,,,,,2.5
bf79ead2-6ab3-3100-9130-7d581c90b4bd, -25.749320, -57.440090,2026-07-16 05:21:00,NOAA-20,Carapeguá,Paraguarí,Paraguay,185,16,177,,,,,4.2
d5eb7699-99b0-3c9a-8400-3369f0a92f2c, -26.114090, -56.707820,2026-07-16 05:21:00,NOAA-20,Mbuyapey,Paraguarí,Paraguay,189,16,177,,,,,2.5
2528408b-a85e-3da4-acf0-0785ca539394, -26.981410, -56.984730,2026-07-16 05:21:00,NOAA-20,San Ignacio,Misiones,Paraguay,174,15,177,,,,,3.9
86701353-41a8-3029-954e-364294d74e5c, -26.171010, -61.201650,2026-07-16 05:21:00,NOAA-20,Almirante Brown,Chaco,Argentina,171,4,12,,,,,2.5
fb1661dd-598c-393d-aabb-b906da8b897a, -25.077920, -55.184020,2026-07-16 05:21:00,NOAA-20,Mariscal Francisco Solano López,Caaguazú,Paraguay,54,7,177,,,,,2.2
8ef6dbda-11ce-3996-b51b-5c471058d014, -26.068000, -57.471150,2026-07-16 05:21:00,NOAA-20,Quiíndy,Paraguarí,Paraguay,192,16,177,,,,,1.6
b15eb473-5ecb-3edd-86d0-da7102eacdb1, -24.202460, -58.176540,2026-07-16 05:21:00,NOAA-20,Villa Hayes,Presidente Hayes,Paraguay,203,17,177,,,,,1.1
4ffe2cc4-dc0a-3601-86b6-a9a2fc6efa86, -24.247650, -56.731830,2026-07-16 05:21:00,NOAA-20,General Elizardo Aquino,San Pedro,Paraguay,207,18,177,,,,,2.7
787a9dc6-2406-36f5-9744-41ce39cb09c9, -25.196660, -55.618950,2026-07-16 05:21:00,NOAA-20,Raúl Arsenio Oviedo,Caaguazú,Paraguay,57,7,177,,,,,1.1
bc87b269-b4bf-3fa5-85fc-b6246febd4b5, -25.189440, -57.382000,2026-07-16 05:21:00,NOAA-20,Emboscada,Cordillera,Paraguay,113,12,177,,,,,1.4
2b8794e1-4d07-3f69-96d3-376634ff05a8, -22.666410, -65.020400,2026-07-16 05:21:00,NOAA-20,Iruya,Salta,Argentina,391,17,12,,,,,3.5
1a954b46-3603-317e-b32e-98f7332867eb, -26.122180, -56.708980,2026-07-16 05:21:00,NOAA-20,Mbuyapey,Paraguarí,Paraguay,189,16,177,,,,,7.1
07ac148e-f9b0-3514-9372-a848e1e5990c, -23.355000, -57.891740,2026-07-16 05:21:00,NOAA-20,Pozo Colorado,Presidente Hayes,Paraguay,201,17,177,,,,,1.1
d03b2a69-f303-32f3-9fb9-884fd26087f6, -18.483300, -63.607130,2026-07-16 05:21:00,NOAA-20,Cordillera,Santa Cruz,Bolivia,81,8,28,,,,,1.2
5cf93e2d-bd96-3cbe-b90d-00e9b450a569, -25.188280, -55.653210,2026-07-16 05:21:00,NOAA-20,Raúl Arsenio Oviedo,Caaguazú,Paraguay,57,7,177,,,,,1.0
cd92c97a-fb07-3a59-86fc-35d06d1cd5bf, -19.830650, -57.951770,2026-07-16 05:21:00,NOAA-20,CORUMBÁ,MATO GROSSO DO SUL,Brasil,5003207,50,33,,,,Pantanal,0.7
efdb7d19-bf98-33d4-b2ea-fa003bf24fc7, -26.066660, -60.921500,2026-07-16 05:21:00,NOAA-20,General Güemes,Chaco,Argentina,179,4,12,,,,,3.9
d9bb53c9-2e75-35ad-a313-4b1e38a8f673, -24.789260, -56.666140,2026-07-16 05:21:00,NOAA-20,25 de Diciembre,San Pedro,Paraguay,204,18,177,,,,,3.9
a05d1469-a27f-39f3-8217-7aef16d53eea, -25.745460, -57.439500,2026-07-16 05:21:00,NOAA-20,Carapeguá,Paraguarí,Paraguay,185,16,177,,,,,1.1
032fe262-332b-3e8e-9b34-110f1bad24e6, -23.336250, -57.480370,2026-07-16 05:21:00,NOAA-20,Concepción,Concepción,Paraguay,102,11,177,,,,,1.9
cb62d454-b448-3049-927e-20dd3ee21949, -24.463790, -54.647770,2026-07-16 05:21:00,NOAA-20,General Francisco C. Alvarez,Canindeyú,Paraguay,75,9,177,,,,,0.7
058db33a-a23c-3c1f-bf49-53a53c239d21, -22.964990, -52.706860,2026-07-16 05:21:00,NOAA-20,GUAIRAÇÁ,PARANÁ,Brasil,4108908,41,33,,,,Mata Atlântica,1.5
ae27906b-99a7-30d5-819e-8be5df13c02b, -26.045180, -57.456470,2026-07-16 05:21:00,NOAA-20,Quiíndy,Paraguarí,Paraguay,192,16,177,,,,,3.0
d9a7c420-d9f4-32bb-8d9f-c38bffae9b51, -21.666320, -56.315510,2026-07-16 05:21:00,NOAA-20,BELA VISTA,MATO GROSSO DO SUL,Brasil,5002100,50,33,,,,Cerrado,2.0
17dc8fdd-7dd9-3422-bf28-cba18f8342a4, -27.030950, -57.015790,2026-07-16 05:21:00,NOAA-20,San Ignacio,Misiones,Paraguay,174,15,177,,,,,0.8
174208d4-ccae-39b7-a90c-c38aea371fcd, -23.595880, -56.687540,2026-07-16 05:21:00,NOAA-20,Tacuatí,San Pedro,Paraguay,215,18,177,,,,,2.3
d1333fbc-e42e-304e-836c-c6a6b9e3021b, -22.656510, -64.991950,2026-07-16 05:21:00,NOAA-20,Iruya,Salta,Argentina,391,17,12,,,,,8.1
173a0927-6920-3464-b1eb-790d63011ac1, -24.128000, -55.106710,2026-07-16 05:21:00,NOAA-20,Corpus Christi,Canindeyú,Paraguay,74,9,177,,,,,3.3
d937ac17-a675-3eb0-96ff-945a4d059bd1, -25.928570, -56.602670,2026-07-16 05:21:00,NOAA-20,Itapé,Guairá,Paraguay,136,13,177,,,,,0.8
c709bc73-f545-3360-ac84-11a9560141aa, -26.170410, -61.205560,2026-07-16 05:21:00,NOAA-20,Almirante Brown,Chaco,Argentina,171,4,12,,,,,1.2
f644e775-e81b-3587-9155-cccc256e56b9, -25.695920, -57.445990,2026-07-16 05:21:00,NOAA-20,Nueva Italia,Central,Paraguay,93,10,177,,,,,4.2
34f05221-33dd-3d9f-a70b-5f49a6dd95b3, -22.665480, -64.983990,2026-07-16 05:21:00,NOAA-20,Iruya,Salta,Argentina,391,17,12,,,,,1.6
3404350a-ecc6-37d2-a9df-707bcdc61627, -25.195560, -55.615750,2026-07-16 05:21:00,NOAA-20,Raúl Arsenio Oviedo,Caaguazú,Paraguay,57,7,177,,,,,1.6
b816862a-8511-3fbd-aed1-8aef84993066, -22.661870, -64.983130,2026-07-16 05:21:00,NOAA-20,Iruya,Salta,Argentina,391,17,12,,,,,1.3
f21e17ef-e958-3803-b0de-fe5bef5dda13, -25.260920, -57.357220,2026-07-16 05:21:00,NOAA-20,Water body,Central,Paraguay,98,10,177,,,,,1.5
a89998ab-846d-3867-92e5-4d2a126c8ddd, -19.829500, -57.956880,2026-07-16 05:21:00,NOAA-20,CORUMBÁ,MATO GROSSO DO SUL,Brasil,5003207,50,33,,,,Pantanal,1.0
73d05ffb-4d23-3caf-bd5c-e9ebf2f928fc, -24.213300, -56.815230,2026-07-16 05:21:00,NOAA-20,General Elizardo Aquino,San Pedro,Paraguay,207,18,177,,,,,1.2
45ccc515-a915-3e4b-8c77-5aa3805ba4a8, -20.573600, -64.830230,2026-07-16 05:21:00,NOAA-20,Nor Cinti,Chuquisaca,Bolivia,6,1,28,,,,,1.2
d8b13bea-5a2f-35ab-8268-cf4ce2b2e752, -23.758750, -56.067410,2026-07-16 05:21:00,NOAA-20,Nueva Germania,San Pedro,Paraguay,211,18,177,,,,,2.0
6584fec6-314d-384e-93ee-56d33c2c0c16, -24.467770, -54.653150,2026-07-16 05:21:00,NOAA-20,General Francisco C. Alvarez,Canindeyú,Paraguay,75,9,177,,,,,0.7
ce2f7ee7-e16f-3aec-857e-27fb5fb70d45, -19.833580, -57.956490,2026-07-16 05:21:00,NOAA-20,CORUMBÁ,MATO GROSSO DO SUL,Brasil,5003207,50,33,,,,Pantanal,1.8
f458acc7-db9e-3e96-8cc3-5fe057c0ccb6, -24.826590, -57.566810,2026-07-16 05:21:00,NOAA-20,Benjamín Aceval,Presidente Hayes,Paraguay,200,17,177,,,,,1.3
291a0f02-66de-333e-bfc3-442a4729e239, -25.264100, -57.363060,2026-07-16 05:21:00,NOAA-20,Areguá,Central,Paraguay,82,10,177,,,,,0.8
5c424360-8594-33e5-9208-e440e410ad46, -25.181140, -55.706540,2026-07-16 05:21:00,NOAA-20,Raúl Arsenio Oviedo,Caaguazú,Paraguay,57,7,177,,,,,1.2
0aaa321b-945e-39ab-83b6-714e8f6a9a29, -24.246980, -56.737260,2026-07-16 05:21:00,NOAA-20,General Elizardo Aquino,San Pedro,Paraguay,207,18,177,,,,,2.7
43ae03fd-1882-3f1b-999c-11eac556cc07, -23.341850, -52.330360,2026-07-16 05:21:00,NOAA-20,FLORAÍ,PARANÁ,Brasil,4107801,41,33,,,,Mata Atlântica,0.7
cde2a144-12ca-3cb7-a376-de290cdb1794, -24.184430, -56.920210,2026-07-16 05:21:00,NOAA-20,San Pablo,San Pedro,Paraguay,213,18,177,,,,,5.2
53bdbfe5-da4f-342f-82d4-5a617d731922, -24.879270, -55.282750,2026-07-16 05:21:00,NOAA-20,Itakyry,Alto Paraná,Paraguay,25,3,177,,,,,1.2
8322b200-a092-3e2d-b103-c00e8271301c, -24.731570, -56.847860,2026-07-16 05:21:00,NOAA-20,25 de Diciembre,San Pedro,Paraguay,204,18,177,,,,,2.1
9a7f27a9-a519-35b2-9e87-5dc0ae19b7f5, -21.351360, -51.045690,2026-07-16 05:21:00,NOAA-20,VALPARAÍSO,SÃO PAULO,Brasil,3556305,35,33,,,,Mata Atlântica,2.1
cbb09ee2-a5d3-3f8b-ac40-a13a477a6c89, -20.570950, -64.815280,2026-07-16 05:21:00,NOAA-20,Nor Cinti,Chuquisaca,Bolivia,6,1,28,,,,,1.0
874d12c0-b704-30e8-b241-34632024a5dd, -19.826550, -57.955360,2026-07-16 05:21:00,NOAA-20,CORUMBÁ,MATO GROSSO DO SUL,Brasil,5003207,50,33,,,,Pantanal,1.3
a4c5ffa5-8773-3f7e-8f24-0a3a04e13601, -22.247660, -55.994610,2026-07-16 05:21:00,NOAA-20,ANTÔNIO JOÃO,MATO GROSSO DO SUL,Brasil,5000906,50,33,,,,Cerrado,34.1
1418bc4c-59b1-3af6-a0d1-c2cad816b3f4, -25.541730, -55.221830,2026-07-16 05:21:00,NOAA-20,San Cristóbal,Alto Paraná,Paraguay,34,3,177,,,,,1.4
e05897bd-99e9-3275-84a2-bf6d2dbfbf84, -24.341430, -63.246470,2026-07-16 05:21:00,NOAA-20,Anta,Salta,Argentina,382,17,12,,,,,2.0
f292a523-dbf6-3813-a4a1-456b328fc8ba, -25.697070, -57.151180,2026-07-16 05:21:00,NOAA-20,Paraguarí,Paraguarí,Paraguay,190,16,177,,,,,2.1
e07dc7c8-91b9-38a9-8ce6-e622047dad8b, -26.504740, -60.985150,2026-07-16 05:21:00,NOAA-20,Almirante Brown,Chaco,Argentina,171,4,12,,,,,0.7
4df19b0a-7094-3869-8b93-ae58a8efd16d, -23.804190, -56.269770,2026-07-16 05:21:00,NOAA-20,Nueva Germania,San Pedro,Paraguay,211,18,177,,,,,1.6
732d7522-685e-37f7-9ef7-708f1ffc2efb, -26.114560, -56.703950,2026-07-16 05:21:00,NOAA-20,Mbuyapey,Paraguarí,Paraguay,189,16,177,,,,,1.8
2f6752ab-6be5-3cbc-b3e7-070bc6f89160, -22.246240, -55.994590,2026-07-16 05:21:00,NOAA-20,ANTÔNIO JOÃO,MATO GROSSO DO SUL,Brasil,5000906,50,33,,,,Cerrado,15.4
157f1a57-3aa5-3ec8-a8e4-fe745c3cabea, -24.188330, -56.920790,2026-07-16 05:21:00,NOAA-20,San Pablo,San Pedro,Paraguay,213,18,177,,,,,5.2
d33e7e98-24a6-3079-ba92-232301bb5a04, -25.741600, -57.438910,2026-07-16 05:21:00,NOAA-20,Carapeguá,Paraguarí,Paraguay,185,16,177,,,,,1.1
a4a399b9-844f-33c5-a53f-aa431a2c4031, -25.135110, -56.571930,2026-07-16 05:21:00,NOAA-20,Carayaó,Caaguazú,Paraguay,47,7,177,,,,,1.1
acdff8b6-2d7e-338f-a26e-683acfc4e62e, -23.350090, -57.900410,2026-07-16 05:21:00,NOAA-20,Pozo Colorado,Presidente Hayes,Paraguay,201,17,177,,,,,1.9
d7e1c226-dc41-3478-90bd-7bf3b24cec5b, -25.332270, -60.018310,2026-07-16 05:21:00,NOAA-20,Patiño,Formosa,Argentina,257,9,12,,,,,0.6
c882ee09-5bb9-3c0b-a698-4a47054d858b, -24.812810, -59.645360,2026-07-16 05:21:00,NOAA-20,Patiño,Formosa,Argentina,257,9,12,,,,,1.2
646d4156-854c-3f4b-93a0-60cdbbf0c187, -22.655680, -64.996530,2026-07-16 05:21:00,NOAA-20,Iruya,Salta,Argentina,391,17,12,,,,,6.7
23411b7b-d66d-38b8-b54c-b0f5ef9ab3a3, -26.639330, -55.963630,2026-07-16 05:21:00,NOAA-20,San Pedro del Paraná,Itapúa,Paraguay,168,14,177,,,,,0.9
2e4a5de3-ae47-3228-b597-19994bd8cf68, -25.267960, -57.363640,2026-07-16 05:21:00,NOAA-20,Areguá,Central,Paraguay,82,10,177,,,,,1.4
7c2175e5-982b-3f68-83bc-e85f61ed8fc7, -25.425900, -52.898770,2026-07-16 05:21:00,NOAA-20,QUEDAS DO IGUAÇU,PARANÁ,Brasil,4120903,41,33,,,,Mata Atlântica,3.5
e518deb8-ec59-36f2-b9e2-5f2c5fd08b36, -20.570190, -64.819500,2026-07-16 05:21:00,NOAA-20,Nor Cinti,Chuquisaca,Bolivia,6,1,28,,,,,6.8
7ad93664-cbab-357f-87d5-047cb2aba0ac, -24.185040, -56.913360,2026-07-16 05:21:00,NOAA-20,San Pablo,San Pedro,Paraguay,213,18,177,,,,,4.5
57d12033-1a03-3877-bac0-c5ca4342dbf7, -24.071530, -57.724410,2026-07-16 05:21:00,NOAA-20,Villa Hayes,Presidente Hayes,Paraguay,203,17,177,,,,,0.6
7d1693a3-f7ff-33df-b7a3-24e364e7c5bf, -26.815720, -56.217660,2026-07-16 05:21:00,NOAA-20,San Pedro del Paraná,Itapúa,Paraguay,168,14,177,,,,,1.9
4a7881b4-60fa-3248-95cb-6b930f1f271b, -22.661100, -64.987410,2026-07-16 05:21:00,NOAA-20,Iruya,Salta,Argentina,391,17,12,,,,,8.1
9b21203b-fcc0-3d39-ab26-7a20b1747ed8, -26.496330, -55.819490,2026-07-16 05:21:00,NOAA-20,Alto Verá,Itapúa,Paraguay,144,14,177,,,,,2.0
6ad55b1f-464c-3ab0-8fee-9ebf0deaf070, -24.726700, -56.848980,2026-07-16 05:21:00,NOAA-20,25 de Diciembre,San Pedro,Paraguay,204,18,177,,,,,1.7
8154bf4b-dbb8-3505-9161-5ecee3b1a207, -24.799150, -56.684710,2026-07-16 05:21:00,NOAA-20,25 de Diciembre,San Pedro,Paraguay,204,18,177,,,,,1.5
1791eb36-528a-311e-92c2-beb3de25ef63, -26.049930, -57.457700,2026-07-16 05:21:00,NOAA-20,Quiíndy,Paraguarí,Paraguay,192,16,177,,,,,2.7
f60fcd55-6c2f-3161-b5c7-b7e109b43ef3, -24.797000, -55.259930,2026-07-16 05:21:00,NOAA-20,Itakyry,Alto Paraná,Paraguay,25,3,177,,,,,0.8
95c71bc1-5795-3823-872c-233acca02158, -25.835720, -57.317560,2026-07-16 05:21:00,NOAA-20,San Roque González de Santa Cruz,Paraguarí,Paraguay,194,16,177,,,,,2.6
844c4927-de4d-36a9-8cce-dff9326c9695, -26.122650, -56.705090,2026-07-16 05:21:00,NOAA-20,Mbuyapey,Paraguarí,Paraguay,189,16,177,,,,,3.8
36c33d0b-5457-39c1-938f-052012af5df7, -24.731310, -56.844070,2026-07-16 05:21:00,NOAA-20,25 de Diciembre,San Pedro,Paraguay,204,18,177,,,,,1.9
ddcf7a7e-c4fb-375e-9c7f-f3e87659a238, -25.885270, -56.687970,2026-07-16 05:21:00,NOAA-20,Tebicuarymí,Paraguarí,Paraguay,196,16,177,,,,,1.2
140c7146-3b94-317d-8aed-fa0a4e053219, -24.210040, -56.809230,2026-07-16 05:21:00,NOAA-20,General Elizardo Aquino,San Pedro,Paraguay,207,18,177,,,,,3.9
cfd3c12c-ef6b-3742-805e-9ca740e6eb95, -25.683480, -55.702630,2026-07-16 05:21:00,NOAA-20,Jose A. Fassardi,Guairá,Paraguay,138,13,177,,,,,2.2
b251c2c5-0732-35bb-87c0-1dcde5da543c, -25.704620, -57.500840,2026-07-16 05:21:00,NOAA-20,Nueva Italia,Central,Paraguay,93,10,177,,,,,0.6
00229d4e-574a-3d91-954d-254329eff7bc, -25.182120, -55.705280,2026-07-16 05:21:00,NOAA-20,Raúl Arsenio Oviedo,Caaguazú,Paraguay,57,7,177,,,,,2.6
34ae40e7-0ba1-3656-a950-0abb77d08baf, -25.192010, -55.658260,2026-07-16 05:21:00,NOAA-20,Raúl Arsenio Oviedo,Caaguazú,Paraguay,57,7,177,,,,,1.0
a6c53485-0c4d-3056-84a5-cc3264268a90, -22.191330, -56.073850,2026-07-16 05:21:00,NOAA-20,ANTÔNIO JOÃO,MATO GROSSO DO SUL,Brasil,5000906,50,33,,,,Cerrado,2.4
d584729f-1663-3f26-9301-542a5d1ad4b3, -22.657340, -64.987390,2026-07-16 05:21:00,NOAA-20,Iruya,Salta,Argentina,391,17,12,,,,,8.1
c796bc2f-7138-3692-84f9-582637a0d860, -26.137730, -60.847790,2026-07-16 05:21:00,NOAA-20,Almirante Brown,Chaco,Argentina,171,4,12,,,,,1.4
f21da2cb-bd5c-3f5b-a01d-ef8e7c82a94c, -22.985890, -56.274370,2026-07-16 05:21:00,NOAA-20,Yby Yaù,Concepción,Paraguay,107,11,177,,,,,0.4
aec7fe29-c9ac-349f-acb7-a22817cf0324, -20.567630, -64.820900,2026-07-16 05:21:00,NOAA-20,Nor Cinti,Chuquisaca,Bolivia,6,1,28,,,,,4.8
76ff141d-b78a-36a5-8ed4-590357cd577d, -24.723690, -56.846700,2026-07-16 05:21:00,NOAA-20,25 de Diciembre,San Pedro,Paraguay,204,18,177,,,,,0.5
90ac1566-1c95-3b4a-aab2-10e61a6e6a3c, -25.703630, -57.447160,2026-07-16 05:21:00,NOAA-20,Nueva Italia,Central,Paraguay,93,10,177,,,,,7.8
e578fcec-bf91-3356-98c4-396d40bed7de, -25.788470, -56.918190,2026-07-16 05:21:00,NOAA-20,General Bernardino Caballero,Paraguarí,Paraguay,187,16,177,,,,,1.1
db3ded8f-c332-381a-bc63-27d221db9980, -26.455300, -55.836320,2026-07-16 05:21:00,NOAA-20,Alto Verá,Itapúa,Paraguay,144,14,177,,,,,1.1
09592419-2ecb-3954-9baf-275bed817eb0, -25.965620, -60.802730,2026-07-16 05:21:00,NOAA-20,General Güemes,Chaco,Argentina,179,4,12,,,,,1.4
6cda5e6b-5622-347e-81fd-a20c519966a1, -22.360860, -57.287210,2026-07-16 05:21:00,NOAA-20,San Carlos,Concepción,Paraguay,105,11,177,,,,,1.3
8c42f8e3-b10f-3e40-982d-a496f64efab9, -24.491010, -56.921300,2026-07-16 05:21:00,NOAA-20,General Elizardo Aquino,San Pedro,Paraguay,207,18,177,,,,,1.9
c1130792-7130-3fd4-b151-840f23d7851b, -24.447580, -54.653870,2026-07-16 05:21:00,NOAA-20,General Francisco C. Alvarez,Canindeyú,Paraguay,75,9,177,,,,,0.8
2de2b3d0-41eb-30f9-b249-3bfcb9076000, -27.031410, -57.011930,2026-07-16 05:21:00,NOAA-20,San Ignacio,Misiones,Paraguay,174,15,177,,,,,1.2
ebb428a0-c98a-3337-8cab-244e51053744, -23.607640, -56.689290,2026-07-16 05:21:00,NOAA-20,Tacuatí,San Pedro,Paraguay,215,18,177,,,,,8.3
b3639f57-1345-32a2-b88e-ea86fda0b030, -23.353120, -57.905620,2026-07-16 05:21:00,NOAA-20,Pozo Colorado,Presidente Hayes,Paraguay,201,17,177,,,,,1.9
19412265-f488-321c-8d1e-d6505f78b2be, -22.250270, -55.995050,2026-07-16 05:21:00,NOAA-20,ANTÔNIO JOÃO,MATO GROSSO DO SUL,Brasil,5000906,50,33,,,,Cerrado,15.4
a8e71aa9-f286-376d-967d-143146e89ea4, -26.840380, -57.372520,2026-07-16 05:21:00,NOAA-20,San Juan Bautista de las Misiones,Misiones,Paraguay,175,15,177,,,,,2.5
746f787f-de70-370b-905e-a461d378be97, -25.134650, -56.575760,2026-07-16 05:21:00,NOAA-20,Carayaó,Caaguazú,Paraguay,47,7,177,,,,,1.1
b1f03ad4-1408-3835-ab0a-04e4294761cb, -22.981900, -56.273850,2026-07-16 05:21:00,NOAA-20,Yby Yaù,Concepción,Paraguay,107,11,177,,,,,0.4
780a56f7-19e8-3cb1-b07b-35f890979b97, -26.935380, -56.778690,2026-07-16 05:21:00,NOAA-20,Santa Rosa,Misiones,Paraguay,179,15,177,,,,,1.2
efa96d2f-ed76-396e-b59e-957a14ffd8bc, -24.797920, -56.661660,2026-07-16 05:21:00,NOAA-20,Unión,San Pedro,Paraguay,216,18,177,,,,,1.5
9defb368-df49-317d-bfa8-a6bc641407fd, -25.932640, -56.603210,2026-07-16 05:21:00,NOAA-20,Tebicuarymí,Paraguarí,Paraguay,196,16,177,,,,,1.9
8f4aa0da-5983-3e89-a88b-0292392cc2b3, -19.830100, -57.952740,2026-07-16 05:21:00,NOAA-20,CORUMBÁ,MATO GROSSO DO SUL,Brasil,5003207,50,33,,,,Pantanal,1.0
7ef0ab67-831a-3c81-917a-95f6098b8959, -24.443100, -54.653220,2026-07-16 05:21:00,NOAA-20,General Francisco C. Alvarez,Canindeyú,Paraguay,75,9,177,,,,,0.6
becedd8f-f76b-3970-bbd2-9ec0f0715895, -26.067350, -57.476470,2026-07-16 05:21:00,NOAA-20,Villa Oliva,Ñeembucú,Paraguay,15,1,177,,,,,1.8
d1bab821-9b89-31a9-bab9-9d1bf81db1d8, -26.052940, -57.457490,2026-07-16 05:21:00,NOAA-20,Quiíndy,Paraguarí,Paraguay,192,16,177,,,,,1.7
d96a576e-7f13-3c54-80d3-adba915b3473, -23.563220, -47.519110,2026-07-16 05:21:00,NOAA-20,SOROCABA,SÃO PAULO,Brasil,3552205,35,33,,,,Mata Atlântica,5.4
340d82f3-02d8-3bd6-9544-03f94572eea1, -21.665660, -56.320760,2026-07-16 05:21:00,NOAA-20,BELA VISTA,MATO GROSSO DO SUL,Brasil,5002100,50,33,,,,Cerrado,1.5
dab309e0-a32f-3ce4-ad92-45d8253fb10e, -26.399280, -56.148870,2026-07-16 05:21:00,NOAA-20,Yuty,Caazapá,Paraguay,73,8,177,,,,,0.8
ed3390ba-6dfb-3b94-9ace-fc10da3c19d1, -21.256720, -56.122810,2026-07-16 05:21:00,NOAA-20,NIOAQUE,MATO GROSSO DO SUL,Brasil,5005806,50,33,,,,Cerrado,0.6
60b5a7fb-84c6-3427-a2f4-dd65d12c59e7, -25.187050, -57.383260,2026-07-16 05:21:00,NOAA-20,Emboscada,Cordillera,Paraguay,113,12,177,,,,,1.3
8a8fd9b3-9d4b-3b29-8737-7c55a700c142, -25.932580, -56.602020,2026-07-16 05:21:00,NOAA-20,Tebicuarymí,Paraguarí,Paraguay,196,16,177,,,,,1.7
663adffb-eb87-3095-a082-57612ef1d023, -26.119370, -56.383740,2026-07-16 05:21:00,NOAA-20,Caazapá,Caazapá,Paraguay,65,8,177,,,,,1.1
4a6624de-31ea-33ed-a62f-d23e7fc83e04, -23.349460, -57.905030,2026-07-16 05:21:00,NOAA-20,Pozo Colorado,Presidente Hayes,Paraguay,201,17,177,,,,,1.9
cd87deda-6f41-3de0-bff8-f34d59cdda03, -25.808040, -56.573760,2026-07-16 05:21:00,NOAA-20,Itapé,Guairá,Paraguay,136,13,177,,,,,1.8
41f899ca-307e-3720-9d93-0cde9a583260, -25.682970, -55.707030,2026-07-16 05:21:00,NOAA-20,Jose A. Fassardi,Guairá,Paraguay,138,13,177,,,,,2.2
a498145c-d001-3c66-844b-dc771147c42b, -21.831690, -58.156430,2026-07-16 05:21:00,NOAA-20,La Victoria,Alto Paraguay,Paraguay,18,2,177,,,,,1.4
e4004572-915e-3c5b-b544-d9aef0356c38, -26.988560, -56.993630,2026-07-16 05:21:00,NOAA-20,San Ignacio,Misiones,Paraguay,174,15,177,,,,,1.0
7d3f8c34-0123-3d33-9cf0-328bdd70f120, -24.191560, -56.926710,2026-07-16 05:21:00,NOAA-20,Villa del Rosario,San Pedro,Paraguay,217,18,177,,,,,1.4
bc439fdd-1fa2-3cb4-ac95-839939c088f9, -20.566890, -64.824940,2026-07-16 05:21:00,NOAA-20,Nor Cinti,Chuquisaca,Bolivia,6,1,28,,,,,5.1
709d040f-fa26-3c55-a784-b9773accfdac, -24.444730, -54.655410,2026-07-16 05:21:00,NOAA-20,General Francisco C. Alvarez,Canindeyú,Paraguay,75,9,177,,,,,2.3
102a7367-55bc-3c88-b6bb-eaced33111fb, -23.842920, -58.926930,2026-07-16 05:21:00,NOAA-20,Villa Hayes,Presidente Hayes,Paraguay,203,17,177,,,,,0.6
669ab5a9-9e4c-341d-954b-d4eec2e60784, -25.573020, -55.261870,2026-07-16 05:21:00,NOAA-20,San Cristóbal,Alto Paraná,Paraguay,34,3,177,,,,,1.3
9cfe5fab-eca7-365b-8574-a6ef44bebd52, -24.550570, -59.124560,2026-07-16 05:21:00,NOAA-20,Villa Hayes,Presidente Hayes,Paraguay,203,17,177,,,,,1.3
df4d81ec-9b5e-3ea5-a140-02874dbbfa6e, -26.760950, -54.273020,2026-07-16 05:21:00,NOAA-20,Guaraní,Misiones,Argentina,343,14,12,,,,,0.8
5fe69840-6058-3aa0-8c8b-8a7051c84f21, -22.481960, -57.823740,2026-07-16 05:21:00,NOAA-20,Concepción,Concepción,Paraguay,102,11,177,,,,,0.7
d5228488-0a43-3b30-8fba-c7f824f3c676, -22.668790, -65.007250,2026-07-16 05:21:00,NOAA-20,Iruya,Salta,Argentina,391,17,12,,,,,0.4
116bae47-0aaf-32b3-aca5-96852d3ec696, -26.041980, -57.450610,2026-07-16 05:21:00,NOAA-20,Quiíndy,Paraguarí,Paraguay,192,16,177,,,,,1.2
ee2dcd4c-d47c-3117-b364-6ae366f92406, -24.287160, -56.608720,2026-07-16 05:21:00,NOAA-20,Choré,San Pedro,Paraguay,206,18,177,,,,,3.1
a34c69ec-4e00-3cae-9b71-b4836bb96cbd, -26.053810, -57.458220,2026-07-16 05:21:00,NOAA-20,Quiíndy,Paraguarí,Paraguay,192,16,177,,,,,0.9
eacc332d-9126-362d-81a9-5f2e77687cdd, -25.138210, -56.580180,2026-07-16 05:21:00,NOAA-20,Carayaó,Caaguazú,Paraguay,47,7,177,,,,,1.0
00b7f34c-df84-3891-a47d-46c480ed4018, -25.257730, -57.351380,2026-07-16 05:21:00,NOAA-20,Areguá,Central,Paraguay,82,10,177,,,,,1.6
2949984c-24ce-3fdf-8934-ab2c9946a008, -26.939450, -56.779250,2026-07-16 05:21:00,NOAA-20,Santa Rosa,Misiones,Paraguay,179,15,177,,,,,1.2
5e93666a-0b22-307a-a6ad-0b7ac32ec1bc, -21.255940, -56.124210,2026-07-16 05:21:00,NOAA-20,NIOAQUE,MATO GROSSO DO SUL,Brasil,5005806,50,33,,,,Cerrado,0.8
6e6fac5b-2e13-3ede-8b69-9dfe21805aca, -26.130270, -56.710130,2026-07-16 05:21:00,NOAA-20,Mbuyapey,Paraguarí,Paraguay,189,16,177,,,,,6.4
21f2bc13-6a58-3e7c-8560-c37ffb12d097, -26.052250, -57.462870,2026-07-16 05:21:00,NOAA-20,Quiíndy,Paraguarí,Paraguay,192,16,177,,,,,1.7
ad91f445-e3ff-3bf5-b0e2-b192a96d72d1, -21.670380, -56.314470,2026-07-16 05:21:00,NOAA-20,BELA VISTA,MATO GROSSO DO SUL,Brasil,5002100,50,33,,,,Cerrado,1.2
700b6e48-61ba-318c-9110-fba17c839868, -25.187760, -55.657610,2026-07-16 05:21:00,NOAA-20,Raúl Arsenio Oviedo,Caaguazú,Paraguay,57,7,177,,,,,1.0
00a4800e-5568-32b3-8981-265a617815f1, -25.186940, -55.654400,2026-07-16 05:21:00,NOAA-20,Raúl Arsenio Oviedo,Caaguazú,Paraguay,57,7,177,,,,,3.7
8ca54b73-5b35-3e97-b88b-b3b040f270e6, -26.046710, -57.451790,2026-07-16 05:21:00,NOAA-20,Quiíndy,Paraguarí,Paraguay,192,16,177,,,,,2.7
2be03423-66d1-3f2f-b8b9-dc03eb023fcb, -23.353750, -57.901000,2026-07-16 05:21:00,NOAA-20,Pozo Colorado,Presidente Hayes,Paraguay,201,17,177,,,,,1.9
6401fbcd-7f2c-3d3f-be0b-9a16b311d2e6, -25.569140, -55.256610,2026-07-16 05:21:00,NOAA-20,San Cristóbal,Alto Paraná,Paraguay,34,3,177,,,,,2.5
939f8f56-22f3-396d-bfbe-18524099778f, -27.201480, -56.829060,2026-07-16 05:21:00,NOAA-20,Santiago,Misiones,Paraguay,180,15,177,,,,,0.6
67bb24df-60cf-3bf8-b6ae-6d37eaff3176, -24.206120, -56.808650,2026-07-16 05:21:00,NOAA-20,General Elizardo Aquino,San Pedro,Paraguay,207,18,177,,,,,3.9
08ffa9db-516b-3da4-8a1b-82a4e37389be, -26.647340, -55.969220,2026-07-16 05:21:00,NOAA-20,San Pedro del Paraná,Itapúa,Paraguay,168,14,177,,,,,1.0
02b811b0-868c-32bd-93bb-bd49f8ce4bc5, -24.950240, -57.619910,2026-07-16 05:21:00,NOAA-20,Benjamín Aceval,Presidente Hayes,Paraguay,200,17,177,,,,,0.7
f841a8ed-30fe-3075-8fc2-2050626ece65, -25.192610, -57.387780,2026-07-16 05:21:00,NOAA-20,Luque,Central,Paraguay,91,10,177,,,,,1.2
f6305a24-f3cd-3a0b-8507-39de2f16c031, -20.569440, -64.823620,2026-07-16 05:21:00,NOAA-20,Nor Cinti,Chuquisaca,Bolivia,6,1,28,,,,,6.8
98eec4a2-5eca-313e-9a7c-4706bf623436, -25.699770, -57.446580,2026-07-16 05:21:00,NOAA-20,Nueva Italia,Central,Paraguay,93,10,177,,,,,4.2
d2fc0494-e5c6-33b3-8319-9e19e05fdf89, -26.811510, -56.217070,2026-07-16 05:21:00,NOAA-20,San Pedro del Paraná,Itapúa,Paraguay,168,14,177,,,,,1.9
1501d078-6952-3a0a-9f7d-6ab7c625ec97, -26.042820, -57.451300,2026-07-16 05:21:00,NOAA-20,Quiíndy,Paraguarí,Paraguay,192,16,177,,,,,1.2
a190c5e6-18a3-3152-922f-eb95dd7d53b2, -22.652760, -64.991890,2026-07-16 05:21:00,NOAA-20,Iruya,Salta,Argentina,391,17,12,,,,,3.8
cf84d75b-839a-3ee5-b535-7cf46ca371f6, -22.659440, -64.996570,2026-07-16 05:21:00,NOAA-20,Iruya,Salta,Argentina,391,17,12,,,,,6.7
0eefc8d0-87f8-3a1d-b0d3-421f69c5c338, -24.727630, -56.847280,2026-07-16 05:21:00,NOAA-20,25 de Diciembre,San Pedro,Paraguay,204,18,177,,,,,2.1
20ece082-20b1-3cde-a903-7139d484bb14, -25.057750, -54.562480,2026-07-16 05:21:00,NOAA-20,Mbaracayú,Alto Paraná,Paraguay,28,3,177,,,,,2.9
369dad1d-6e06-39c7-9fbd-f90a91a4393e, -25.680290, -57.749410,2026-07-16 05:21:00,NOAA-20,Villeta,Central,Paraguay,97,10,177,,,,,1.7
47afb465-59fe-3ea8-b7f5-b0e52a521908, -25.696400, -57.156640,2026-07-16 05:21:00,NOAA-20,Paraguarí,Paraguarí,Paraguay,190,16,177,,,,,2.1
13a601e5-98ee-3afe-850d-8e28b0955c1b, -25.709450, -57.509010,2026-07-16 05:21:00,NOAA-20,Nueva Italia,Central,Paraguay,93,10,177,,,,,0.8
2b091d81-0883-3c3e-8705-7562b345d3df, -19.443470, -59.785730,2026-07-16 05:21:00,NOAA-20,Mayor Pablo Lagerenza,Alto Paraguay,Paraguay,19,2,177,,,,,2.0
91a0a5ff-d803-3877-89e7-a8f2336ab46b, -22.789040, -49.352510,2026-07-16 05:21:00,NOAA-20,ÁGUAS DE SANTA BÁRBARA,SÃO PAULO,Brasil,3500550,35,33,,,,Cerrado,1.4
8d8f7503-ccad-39af-99ce-c6c8c167c607, -18.683060, -62.953320,2026-07-16 05:21:00,NOAA-20,Cordillera,Santa Cruz,Bolivia,81,8,28,,,,,2.8
5e94b91c-e829-3fb3-9f1b-d0deb9c523d7, -26.174350, -61.202270,2026-07-16 05:21:00,NOAA-20,Almirante Brown,Chaco,Argentina,171,4,12,,,,,1.6
571607bc-b533-38b1-b7cc-4b0940abe356, -25.881240, -56.687390,2026-07-16 05:21:00,NOAA-20,Tebicuarymí,Paraguarí,Paraguay,196,16,177,,,,,1.2
fe2cde80-ba5d-397e-91c6-37fae7e0f437, -24.447020, -54.658840,2026-07-16 05:21:00,NOAA-20,General Francisco C. Alvarez,Canindeyú,Paraguay,75,9,177,,,,,0.5
5545ba45-3d1b-3fa5-9209-482587667dcc, -22.669580, -65.002890,2026-07-16 05:21:00,NOAA-20,Iruya,Salta,Argentina,391,17,12,,,,,0.9
1483785b-6637-352d-911d-06be1fcf9e73, -24.791870, -56.677930,2026-07-16 05:21:00,NOAA-20,25 de Diciembre,San Pedro,Paraguay,204,18,177,,,,,9.6
4356bc76-a9d3-3e08-b99b-43f5e1d8108c, -24.845500, -64.324590,2026-07-16 05:21:00,NOAA-20,Anta,Salta,Argentina,382,17,12,,,,,0.9
208956fd-00fe-3e05-acd8-8875a22f437a, -24.432320, -57.489830,2026-07-16 05:21:00,NOAA-20,Villa Hayes,Presidente Hayes,Paraguay,203,17,177,,,,,0.6
64b8efd5-eb63-3d6d-ac8e-ddb1bb782042, -23.481490, -56.615000,2026-07-16 05:21:00,NOAA-20,Tacuatí,San Pedro,Paraguay,215,18,177,,,,,1.0
aeba01c0-6973-3b22-885a-61914645d4be, -23.335600, -57.485210,2026-07-16 05:21:00,NOAA-20,Concepción,Concepción,Paraguay,102,11,177,,,,,10.1
1e0af321-4aae-3595-bdc3-5a35d20a6745, -22.662770, -65.019700,2026-07-16 05:21:00,NOAA-20,Iruya,Salta,Argentina,391,17,12,,,,,1.4
bd754980-5de0-3e74-a963-76216e606129, -24.730640, -56.849560,2026-07-16 05:21:00,NOAA-20,25 de Diciembre,San Pedro,Paraguay,204,18,177,,,,,1.9
e30c1b2a-54b0-3db3-be18-c9977c89d772, -25.419410, -57.465630,2026-07-16 05:21:00,NOAA-20,Capiatá,Central,Paraguay,83,10,177,,,,,0.6
549ec5bd-626a-3252-9cf1-db4db3fe33b3, -24.289050, -55.923700,2026-07-16 05:21:00,NOAA-20,Villa San Isidro Curuguaty,Canindeyú,Paraguay,78,9,177,,,,,2.2
a5e2768b-27ab-3449-a529-2c1caf35770c, -24.473350, -54.643780,2026-07-16 05:21:00,NOAA-20,General Francisco C. Alvarez,Canindeyú,Paraguay,75,9,177,,,,,3.4
37e6aaec-7bfa-3065-96b4-c52ee633e196, -23.846430, -58.927510,2026-07-16 05:21:00,NOAA-20,Villa Hayes,Presidente Hayes,Paraguay,203,17,177,,,,,0.6
d06a2aa5-ffeb-366e-8bdd-7f11b25730ad, -22.815980, -56.521600,2026-07-16 05:21:00,NOAA-20,Bella Vista,Amambay,Paraguay,38,4,177,,,,,3.3
56062c12-2ae1-3bff-a866-cced2dfb6126, -26.336360, -55.907410,2026-07-16 05:21:00,NOAA-20,San Juan Nepomuceno,Caazapá,Paraguay,71,8,177,,,,,1.1
f4b9b2c4-7140-39c6-a94b-e89eaf233471, -26.604450, -55.927490,2026-07-16 05:21:00,NOAA-20,San Pedro del Paraná,Itapúa,Paraguay,168,14,177,,,,,1.0
c96ea222-5bc6-3dbc-b765-6b8493462804, -25.079470, -57.724050,2026-07-16 05:21:00,NOAA-20,Villa Hayes,Presidente Hayes,Paraguay,203,17,177,,,,,1.0
77f6bc16-4414-339e-a133-4f573f0f6965, -25.077390, -55.188670,2026-07-16 05:21:00,NOAA-20,Mariscal Francisco Solano López,Caaguazú,Paraguay,54,7,177,,,,,2.2
9e95ca56-7e57-3946-a5dc-b678baa0b16a, -25.706810, -57.453020,2026-07-16 05:21:00,NOAA-20,Nueva Italia,Central,Paraguay,93,10,177,,,,,7.8
68b41a6a-ac74-31ba-bd3e-deda2db23644, -22.819900, -56.522180,2026-07-16 05:21:00,NOAA-20,Bella Vista,Amambay,Paraguay,38,4,177,,,,,3.3
ae97531c-551c-3d5e-a904-18ca93a08723, -25.836400, -57.312180,2026-07-16 05:21:00,NOAA-20,San Roque González de Santa Cruz,Paraguarí,Paraguay,194,16,177,,,,,2.6
a917dae0-7c9f-3448-8a31-6838fee21e7d, -20.545120, -60.406900,2026-07-16 05:21:00,NOAA-20,General Eugenio A. Garay,Boquerón,Paraguay,43,6,177,,,,,9.4
eb38b3f7-b214-3100-9d2f-7624b7824265, -23.336690, -52.329860,2026-07-16 05:21:00,NOAA-20,FLORAÍ,PARANÁ,Brasil,4107801,41,33,,,,Mata Atlântica,0.7
0888bf2a-23ff-3b94-9d05-a077d055001c, -26.053160, -57.463600,2026-07-16 05:21:00,NOAA-20,Quiíndy,Paraguarí,Paraguay,192,16,177,,,,,1.3
a9526ba2-e62b-35e4-8818-33a014f11ea8, -22.665980, -65.001980,2026-07-16 05:21:00,NOAA-20,Iruya,Salta,Argentina,391,17,12,,,,,0.5
26fdb7c4-d67e-3dca-8358-88fb6bf34bd3, -24.735250, -56.844650,2026-07-16 05:21:00,NOAA-20,25 de Diciembre,San Pedro,Paraguay,204,18,177,,,,,1.9
71b83a50-fe7e-3039-9696-7c219306b1a3, -26.643590, -55.964230,2026-07-16 05:21:00,NOAA-20,San Pedro del Paraná,Itapúa,Paraguay,168,14,177,,,,,0.8
b8e21da1-7542-3d62-bac9-4326a1947d20, -25.185370, -55.707220,2026-07-16 05:21:00,NOAA-20,Raúl Arsenio Oviedo,Caaguazú,Paraguay,57,7,177,,,,,3.0
6eba48f5-5202-32aa-a58a-8f4d1e56aed7, -26.600180, -55.926900,2026-07-16 05:21:00,NOAA-20,San Pedro del Paraná,Itapúa,Paraguay,168,14,177,,,,,2.0
e376096d-1b8c-319a-ab2c-5e6c33d8e8b5, -24.799840, -56.679100,2026-07-16 05:21:00,NOAA-20,Unión,San Pedro,Paraguay,216,18,177,,,,,2.4
fd881e01-0c22-392f-957b-ebd7d9c81d40, -24.482330, -54.645070,2026-07-16 05:21:00,NOAA-20,General Francisco C. Alvarez,Canindeyú,Paraguay,75,9,177,,,,,0.5
1cb42744-42e6-3526-a887-89c2afba1bb9, -24.734590, -56.850140,2026-07-16 05:21:00,NOAA-20,25 de Diciembre,San Pedro,Paraguay,204,18,177,,,,,1.9
4e6ad791-825b-390b-b975-aad40d6c592a, -25.708470, -57.501420,2026-07-16 05:21:00,NOAA-20,Nueva Italia,Central,Paraguay,93,10,177,,,,,0.6
073f8124-58e7-343e-9338-e25d0ade9434, -26.045860, -57.451090,2026-07-16 05:21:00,NOAA-20,Quiíndy,Paraguarí,Paraguay,192,16,177,,,,,1.2
707f0e70-6671-3155-b276-698254dc89d5, -22.495030, -57.146250,2026-07-16 05:21:00,NOAA-20,Concepción,Concepción,Paraguay,102,11,177,,,,,3.9
4098ccf0-d8d2-3628-878a-b5d3bed7e060, -25.038410, -54.570360,2026-07-16 05:21:00,NOAA-20,Mbaracayú,Alto Paraná,Paraguay,28,3,177,,,,,1.2
fb50a403-87ae-3e9f-8dc0-6f2fea3f69ad, -25.711640, -57.507240,2026-07-16 05:21:00,NOAA-20,Nueva Italia,Central,Paraguay,93,10,177,,,,,0.4
50c97505-e7a4-3a49-8d20-6c1b8c0b1e02, -25.494040, -56.888090,2026-07-16 05:21:00,NOAA-20,Itacurubí de la Cordillera,Cordillera,Paraguay,116,12,177,,,,,0.7
e2ebc05d-0f47-30e7-92db-ce92df6c77cf, -24.803630, -57.444260,2026-07-16 05:21:00,NOAA-20,Benjamín Aceval,Presidente Hayes,Paraguay,200,17,177,,,,,1.0
19399042-d228-3b44-acc0-79ca4c91513f, -24.286470, -56.614240,2026-07-16 05:21:00,NOAA-20,Choré,San Pedro,Paraguay,206,18,177,,,,,3.1
6ceecb3b-b2f9-37a1-ae4e-01164e2ff862, -23.603720, -56.688740,2026-07-16 05:21:00,NOAA-20,Tacuatí,San Pedro,Paraguay,215,18,177,,,,,6.0
a67086ea-d682-375a-9003-9bdf38d72edb, -24.527730, -60.633300,2026-07-16 05:21:00,NOAA-20,Patiño,Formosa,Argentina,257,9,12,,,,,1.0
c20b9391-a280-3ce3-8411-05eb7487695e, -21.669680, -56.319710,2026-07-16 05:21:00,NOAA-20,BELA VISTA,MATO GROSSO DO SUL,Brasil,5002100,50,33,,,,Cerrado,1.2
1a63027a-7c79-32b8-a29b-f5fbf70d2e44, -18.484060, -63.602710,2026-07-16 05:21:00,NOAA-20,Cordillera,Santa Cruz,Bolivia,81,8,28,,,,,1.2
aa2fa53b-22b9-3877-955d-199dacaec185, -24.846230, -64.320440,2026-07-16 05:21:00,NOAA-20,Anta,Salta,Argentina,382,17,12,,,,,1.0
499f66de-717a-386f-a70c-b010c70ad7e5, -25.965030, -60.806690,2026-07-16 05:21:00,NOAA-20,General Güemes,Chaco,Argentina,179,4,12,,,,,1.0
80113ec6-7af5-3334-ba00-cf9d6c8dc560, -25.261580, -57.351960,2026-07-16 05:21:00,NOAA-20,Water body,Central,Paraguay,98,10,177,,,,,1.5
4203794a-1e53-33e0-96c7-93cfb6ef3e67, -26.394180, -56.712800,2026-07-16 05:21:00,NOAA-20,Doctor Moisés S. Bertoni,Caazapá,Paraguay,66,8,177,,,,,0.9
bde45c45-aff4-3d8e-93e6-46039bb70b20, -24.208640, -57.733470,2026-07-16 05:21:00,NOAA-20,Villa Hayes,Presidente Hayes,Paraguay,203,17,177,,,,,0.7
801265bb-b4f1-36e3-9f8c-9fbcd12fa7dc, -23.370470, -56.101900,2026-07-16 05:21:00,NOAA-20,Capitán Bado,Amambay,Paraguay,39,4,177,,,,,1.0
62d35450-7b5f-3743-a3b4-e30e4fc1fb87, -25.803980, -56.573140,2026-07-16 05:21:00,NOAA-20,Itapé,Guairá,Paraguay,136,13,177,,,,,1.8
dee5d7b9-7cc0-32fe-87ec-4ff214a06a09, -25.807570, -56.577670,2026-07-16 05:21:00,NOAA-20,Itapé,Guairá,Paraguay,136,13,177,,,,,1.5
482d04c8-7f6b-37aa-a271-9e95f37a7f23, -26.345000, -56.710750,2026-07-16 05:21:00,NOAA-20,Doctor Moisés S. Bertoni,Caazapá,Paraguay,66,8,177,,,,,2.3
a5ab7891-0ee2-31ff-949c-4fa5aa277140, -23.629540, -59.355520,2026-07-16 05:21:00,NOAA-20,Pozo Colorado,Presidente Hayes,Paraguay,201,17,177,,,,,1.8
104a0e90-971b-3da6-b5e9-3e2e0d8553e3, -26.844310, -57.373110,2026-07-16 05:21:00,NOAA-20,San Juan Bautista de las Misiones,Misiones,Paraguay,175,15,177,,,,,2.5
693948bd-3346-3a2c-b729-8061c1517004, -22.441270, -60.012420,2026-07-16 05:21:00,NOAA-20,Mariscal José Félix Estigarribia,Boquerón,Paraguay,44,6,177,,,,,0.5
25b47a49-eb97-30ac-bb6f-58eab2f29dad, -24.490360, -56.926680,2026-07-16 05:21:00,NOAA-20,General Elizardo Aquino,San Pedro,Paraguay,207,18,177,,,,,1.3
9df09c3e-173f-3b83-b34e-66157c557631, -22.495680, -57.141340,2026-07-16 05:21:00,NOAA-20,Concepción,Concepción,Paraguay,102,11,177,,,,,3.9
97314169-9770-317f-ad3e-82405b96dbdd, -24.490390, -56.925700,2026-07-16 05:21:00,NOAA-20,General Elizardo Aquino,San Pedro,Paraguay,207,18,177,,,,,2.6
8f809e4c-6447-3f53-9ee7-684075fbaa42, -25.683340, -57.752110,2026-07-16 05:21:00,NOAA-20,Villeta,Central,Paraguay,97,10,177,,,,,1.7
d930e57c-e25f-3dcd-b10e-f2fcedf4f3cf, -25.733880, -57.437730,2026-07-16 05:21:00,NOAA-20,Carapeguá,Paraguarí,Paraguay,185,16,177,,,,,5.5
9c50f943-5023-3be5-8f5f-aeeecc65c408, -21.670230, -56.316010,2026-07-16 05:21:00,NOAA-20,BELA VISTA,MATO GROSSO DO SUL,Brasil,5002100,50,33,,,,Cerrado,1.0
f1ceb632-33e0-3bee-827d-cd9ca4e78354, -24.533830, -55.068150,2026-07-16 05:21:00,NOAA-20,General Francisco C. Alvarez,Canindeyú,Paraguay,75,9,177,,,,,1.3
2f52ab92-751a-3aa8-9a5f-b5616ce9bc5c, -24.338070, -63.245800,2026-07-16 05:21:00,NOAA-20,Anta,Salta,Argentina,382,17,12,,,,,2.0
8cc78adf-dc99-3724-a6e5-fc269c9b2303, -24.795860, -56.678520,2026-07-16 05:21:00,NOAA-20,Unión,San Pedro,Paraguay,216,18,177,,,,,9.6
f0184e17-8fdc-3247-becd-8e4e75e469a8, -24.209380, -56.814640,2026-07-16 05:21:00,NOAA-20,General Elizardo Aquino,San Pedro,Paraguay,207,18,177,,,,,3.9
8965991d-2a19-3ada-89ab-cbf2d1041780, -24.705420, -57.401390,2026-07-16 05:21:00,NOAA-20,Villa Hayes,Presidente Hayes,Paraguay,203,17,177,,,,,1.2
c38e3acb-b1b9-34b5-9d80-c23d3e02acc2, -21.254820, -64.352760,2026-07-16 05:21:00,NOAA-20,Burnet O'Connor,Tarija,Bolivia,91,9,28,,,,,2.5
780d8335-348b-3645-93e0-02aa22261abf, -33.140540, -66.171200,2026-07-16 05:23:00,NOAA-20,La Capital,San Luis,Argentina,430,19,12,,,,,4.6
4df78eba-6606-36e6-9d80-eca426f684ce, -27.197230, -56.973880,2026-07-16 05:23:00,NOAA-20,Santiago,Misiones,Paraguay,180,15,177,,,,,0.9
fd556fd9-aa94-306b-9f3f-2d53d37ecea4, -32.266220, -68.620510,2026-07-16 05:23:00,NOAA-20,Sarmiento,San Juan,Argentina,418,18,12,,,,,3.1
7f708fb3-9b9b-3157-bdb1-4d68422b3869, -28.041360, -56.403410,2026-07-16 05:23:00,NOAA-20,Santo Tomé,Corrientes,Argentina,234,7,12,,,,,2.7
d9b473ad-d53a-3474-9c16-10bde540c2c7, -27.201790, -56.934410,2026-07-16 05:23:00,NOAA-20,Santiago,Misiones,Paraguay,180,15,177,,,,,2.6
cf433602-2f3b-37ff-98c4-038439e3eb35, -28.149050, -63.817630,2026-07-16 05:23:00,NOAA-20,San Martín,Santiago del Estero,Argentina,482,22,12,,,,,0.3
1b742572-93f3-367c-a18d-e514e6d0583d, -27.201270, -56.974470,2026-07-16 05:23:00,NOAA-20,Santiago,Misiones,Paraguay,180,15,177,,,,,1.0
ba1d8a99-37be-3308-a84d-0c371ceb73e3, -29.180740, -57.298360,2026-07-16 05:23:00,NOAA-20,San Martín,Corrientes,Argentina,231,7,12,,,,,1.1
88d7e801-8afd-3b56-939c-5c769978ecad, -30.065070, -59.230030,2026-07-16 05:23:00,NOAA-20,Esquina,Corrientes,Argentina,217,7,12,,,,,4.9
62058596-6b62-343c-866e-277de1f5e3be, -27.708830, -61.095740,2026-07-16 05:23:00,NOAA-20,Fray Justo Santa María de Oro,Chaco,Argentina,176,4,12,,,,,0.9
85b728ef-7cb2-38cb-9fba-da430d5fbb68, -37.514270, -69.080930,2026-07-16 05:23:00,NOAA-20,Pehuenches,Neuquén,Argentina,365,15,12,,,,,1.3
7bbab58c-0313-3d9a-a948-495b239bb9d6, -27.257530, -66.847430,2026-07-16 05:23:00,NOAA-20,Belén,Catamarca,Argentina,159,3,12,,,,,0.6
f6f4ca53-5055-32aa-805c-4f1781fed333, -27.197680, -56.969940,2026-07-16 05:23:00,NOAA-20,Santiago,Misiones,Paraguay,180,15,177,,,,,0.7
e7bfa933-085a-35e7-8378-be4410788d82, -26.988120, -58.854310,2026-07-16 05:23:00,NOAA-20,Bermejo,Chaco,Argentina,172,4,12,,,,,1.3
6b4b2ea8-b420-3323-9b5a-6b8148b5d0c8, -27.205380, -56.938960,2026-07-16 05:23:00,NOAA-20,Santiago,Misiones,Paraguay,180,15,177,,,,,4.4
c0717ae3-e226-3da0-8ffc-e4da898f8cb8, -27.968960, -56.399180,2026-07-16 05:23:00,NOAA-20,Santo Tomé,Corrientes,Argentina,234,7,12,,,,,1.4
a5d3d5a2-74ef-34e3-9449-63a6598a2d10, -27.823420, -56.282770,2026-07-16 05:23:00,NOAA-20,Santo Tomé,Corrientes,Argentina,234,7,12,,,,,1.6
71d93ac6-9097-3ca9-93ea-2992df68a985, -30.061990, -59.224380,2026-07-16 05:23:00,NOAA-20,Esquina,Corrientes,Argentina,217,7,12,,,,,1.3
da4c9130-93a9-3831-9090-e6115120869d, -26.997830, -60.822960,2026-07-16 05:23:00,NOAA-20,Independencia,Chaco,Argentina,180,4,12,,,,,1.0
e0b10fcf-a97c-3a24-8e77-95d622fad3fb, -28.533510, -56.714150,2026-07-16 05:23:00,NOAA-20,San Martín,Corrientes,Argentina,231,7,12,,,,,0.7
066459a8-de50-3ce4-802b-078951209c28, -27.672090, -62.492250,2026-07-16 05:23:00,NOAA-20,Moreno,Santiago del Estero,Argentina,474,22,12,,,,,0.8
1e9d569f-18b5-38f0-9f3c-79d3b8e3e370, -29.184800, -57.298960,2026-07-16 05:23:00,NOAA-20,San Martín,Corrientes,Argentina,231,7,12,,,,,2.1
521b676b-4372-36e6-a4a0-13f09969744b, -27.521850, -57.127210,2026-07-16 05:23:00,NOAA-20,San Miguel,Corrientes,Argentina,232,7,12,,,,,2.0
a80bfd9e-46bc-394d-bc94-023b96bfe092, -28.152380, -63.818340,2026-07-16 05:23:00,NOAA-20,San Martín,Santiago del Estero,Argentina,482,22,12,,,,,0.8
5bf80a79-ec60-3152-9332-8ec83795ff41, -33.137160, -66.170380,2026-07-16 05:23:00,NOAA-20,La Capital,San Luis,Argentina,430,19,12,,,,,4.6
df4b1232-b334-376c-b27a-91a48cbf89cc, -27.712200, -61.096360,2026-07-16 05:23:00,NOAA-20,Fray Justo Santa María de Oro,Chaco,Argentina,176,4,12,,,,,0.9
1423ba4e-bc03-3720-80b2-43f213d6bf27, -27.448140, -57.546180,2026-07-16 05:23:00,NOAA-20,Berón de Astrada,Corrientes,Argentina,212,7,12,,,,,0.6
dc08d08e-bf59-3bf9-9afc-6c4a05aaf3f9, -26.068310, -65.963580,2026-07-16 05:23:00,NOAA-20,Cafayate,Salta,Argentina,384,17,12,,,,,0.5
6df0a828-059b-38ae-a33c-162d3cf16ec5, -33.137910, -66.166110,2026-07-16 05:23:00,NOAA-20,Coronel Pringles,San Luis,Argentina,426,19,12,,,,,14.2
204c9404-7f02-3c7f-af63-e805063d5520, -33.141280, -66.166950,2026-07-16 05:23:00,NOAA-20,Coronel Pringles,San Luis,Argentina,426,19,12,,,,,14.2
17264b86-8a74-3748-98fa-220fa7b1956b, -27.194100, -56.965410,2026-07-16 05:23:00,NOAA-20,Santiago,Misiones,Paraguay,180,15,177,,,,,0.7
538565d6-649e-3118-bca8-bed316ba13cf, -28.533040, -56.718430,2026-07-16 05:23:00,NOAA-20,San Martín,Corrientes,Argentina,231,7,12,,,,,0.9
7a58c85d-035f-379b-9604-711914644438, -27.534330, -56.984750,2026-07-16 05:23:00,NOAA-20,San Miguel,Corrientes,Argentina,232,7,12,,,,,0.9
9338b3aa-e724-32ac-902b-86458d4268dc, -28.239600, -56.311140,2026-07-16 05:23:00,NOAA-20,Santo Tomé,Corrientes,Argentina,234,7,12,,,,,1.2
d0c795e8-472f-30df-8c75-7bb702014087, -27.827670, -56.283350,2026-07-16 05:23:00,NOAA-20,Santo Tomé,Corrientes,Argentina,234,7,12,,,,,1.6
41c4e89b-b4dc-374d-8336-9cb88dac2873, -27.299500, -56.806580,2026-07-16 05:23:00,NOAA-20,Ayolas,Misiones,Paraguay,173,15,177,,,,,2.2
46e6f2ab-8d9c-35f0-865f-964aab062ceb, -27.295420, -56.805980,2026-07-16 05:23:00,NOAA-20,Ayolas,Misiones,Paraguay,173,15,177,,,,,2.2
e7fbc7c6-2dac-335f-b817-c7bd10455ce1, -28.037620, -56.398440,2026-07-16 05:23:00,NOAA-20,Santo Tomé,Corrientes,Argentina,234,7,12,,,,,1.1
44ca0d59-885b-342f-b889-d3c83de8a5e0, -26.899340, -60.366830,2026-07-16 05:23:00,NOAA-20,Comandante Fernández,Chaco,Argentina,174,4,12,,,,,0.7
d2e61909-6878-3c3a-ac7f-e8a25dc74147, -26.895910, -60.366220,2026-07-16 05:23:00,NOAA-20,Comandante Fernández,Chaco,Argentina,174,4,12,,,,,0.3
2b472d77-118b-3188-b6b2-06774186e718, -27.001210, -60.823580,2026-07-16 05:23:00,NOAA-20,Independencia,Chaco,Argentina,180,4,12,,,,,1.8
d78e678f-ea27-3f0a-bc0c-e3898cd3e2c5, -29.180790, -57.299340,2026-07-16 05:23:00,NOAA-20,San Martín,Corrientes,Argentina,231,7,12,,,,,1.2
f4f84655-2c88-308d-b6f6-a3ebe15bbf2b, -27.525870, -57.127800,2026-07-16 05:23:00,NOAA-20,San Miguel,Corrientes,Argentina,232,7,12,,,,,2.0
1d91b9d1-4445-39c7-b75d-019bb059db77, -29.525590, -62.152930,2026-07-16 05:23:00,NOAA-20,Aguirre,Santiago del Estero,Argentina,458,22,12,,,,,0.9
ccd91e5e-8565-30e9-b198-1854a69deae6, -25.888650, -66.217860,2026-07-16 05:23:00,NOAA-20,San Carlos,Salta,Argentina,403,17,12,,,,,0.8
1acbf326-dc9a-3116-95b9-b9a413dc915f, -25.887630, -66.223240,2026-07-16 05:23:00,NOAA-20,San Carlos,Salta,Argentina,403,17,12,,,,,0.8
eb8ec0d9-f1e7-3fc9-b484-c5369acb1543, -33.144670, -66.167760,2026-07-16 05:23:00,NOAA-20,La Capital,San Luis,Argentina,430,19,12,,,,,0.8
9639e5de-d5c6-33e5-a7fa-05c117b98cdd, -27.712800, -61.092310,2026-07-16 05:23:00,NOAA-20,Fray Justo Santa María de Oro,Chaco,Argentina,176,4,12,,,,,0.9
036ab393-b6ef-3896-a153-d3dfda0e9583, -33.142030, -66.162700,2026-07-16 05:23:00,NOAA-20,Coronel Pringles,San Luis,Argentina,426,19,12,,,,,14.2
3f82d46f-3540-3252-895d-379e32784660, -28.529340, -56.713550,2026-07-16 05:23:00,NOAA-20,San Martín,Corrientes,Argentina,231,7,12,,,,,1.2
44067961-c660-304f-949f-cc68d2380e5a, -29.185260, -57.294900,2026-07-16 05:23:00,NOAA-20,San Martín,Corrientes,Argentina,231,7,12,,,,,2.1
aa8a92b8-0834-3118-b8b6-1d83f17d9a90, -27.525410, -57.131710,2026-07-16 05:23:00,NOAA-20,San Miguel,Corrientes,Argentina,232,7,12,,,,,0.8
433f210c-ee79-339e-ab1c-75c033c03c0b, -36.256920, -63.996560,2026-07-16 05:25:00,NOAA-20,Conhelo,La Pampa,Argentina,285,11,12,,,,,0.4
ec45006b-05f0-3b5b-8732-69b8f4ea4260,  11.075550, -68.502300,2026-07-16 05:55:00,NOAA-21,Acosta,Falcón,Venezuela,108,12,249,,,,,1.7
84b6aef4-3a29-30be-8099-a4e8ea9d708a,  10.471480, -71.836440,2026-07-16 05:57:00,NOAA-21,La Cañada de Urdaneta,Zulia,Venezuela,327,25,249,,,,,0.9
e352cd14-ea16-3382-928f-63fc8605f5df,   9.509790, -70.927270,2026-07-16 05:57:00,NOAA-21,La Ceiba,Trujillo,Venezuela,291,22,249,,,,,1.6
da29705f-a4a5-3d83-a117-652777d32f5d,   5.347740, -68.991690,2026-07-16 05:57:00,NOAA-21,Cumaribo,Vichada,Colombia,1060,32,53,,,,,3.3
911935e7-10f9-3b10-9774-ac6e1a8d2bd8,   6.907440, -73.075520,2026-07-16 05:57:00,NOAA-21,Piedecuesta,Santander,Colombia,915,27,53,,,,,3.5
45276c7e-02ab-380a-b726-4ee7c02fccec,  10.048650, -70.424540,2026-07-16 05:57:00,NOAA-21,Torres,Lara,Venezuela,155,14,249,,,,,3.1
93eaf08a-34d1-3d82-a576-b287c6cdc01b,   9.826600, -70.495640,2026-07-16 05:57:00,NOAA-21,José Felipe Márquez Cañizalez,Trujillo,Venezuela,289,22,249,,,,,2.3
d2799d8f-2e3b-32d9-bf25-c51a614b5bfc,   7.910030, -73.088750,2026-07-16 05:57:00,NOAA-21,Abrego,Norte de Santander,Colombia,774,22,53,,,,,1.7
d084a0a7-023b-36ff-b898-1dd541cf8c45,   7.563120, -73.185470,2026-07-16 05:57:00,NOAA-21,El Playón,Santander,Colombia,883,27,53,,,,,1.8
81529580-20a7-3dd6-927a-ab93cdee62e9,   4.517770, -69.999180,2026-07-16 05:57:00,NOAA-21,Cumaribo,Vichada,Colombia,1060,32,53,,,,,1.3
b369d0f5-1a5c-3fb1-ab71-2ccf2462c4b3,  11.055980, -70.597540,2026-07-16 05:57:00,NOAA-21,Buchivacoa,Falcón,Venezuela,110,12,249,,,,,3.1
6533e9ed-9d20-33cf-951d-cd6193391323,   9.994120, -70.449440,2026-07-16 05:57:00,NOAA-21,Torres,Lara,Venezuela,155,14,249,,,,,0.8
f16e6cc6-6a7b-354e-bda2-580d2b697f5f,   9.822870, -70.496540,2026-07-16 05:57:00,NOAA-21,José Felipe Márquez Cañizalez,Trujillo,Venezuela,289,22,249,,,,,2.3
68ead6cd-0a8e-3e51-a683-9f16b043cb56,   9.485490, -70.950840,2026-07-16 05:57:00,NOAA-21,La Ceiba,Trujillo,Venezuela,291,22,249,,,,,1.9
b218774b-d39b-3f27-9c4e-3282bb067f7f,   9.823450, -70.500670,2026-07-16 05:57:00,NOAA-21,José Felipe Márquez Cañizalez,Trujillo,Venezuela,289,22,249,,,,,2.3
8ea7633e-3f8b-33af-9cb7-c7a68fa7f8db,  10.044860, -70.425030,2026-07-16 05:57:00,NOAA-21,Torres,Lara,Venezuela,155,14,249,,,,,3.1
f88cc979-47cd-3cb7-b2d2-8a2257fdaee2,   9.838670, -70.498860,2026-07-16 05:57:00,NOAA-21,José Felipe Márquez Cañizalez,Trujillo,Venezuela,289,22,249,,,,,1.3
740e3a41-9b56-3716-9962-55390df1bc5d,   4.799190, -61.513690,2026-07-16 05:57:00,NOAA-21,Gran Sabana,Bolívar,Venezuela,71,6,249,,,,,0.7
0c3ecfc1-44e2-3579-a393-b4c753bb088c,   5.351120, -68.991170,2026-07-16 05:57:00,NOAA-21,Cumaribo,Vichada,Colombia,1060,32,53,,,,,1.8
093f3552-72d6-371e-b92f-b882fff6970c,   4.795670, -61.512050,2026-07-16 05:57:00,NOAA-21,Gran Sabana,Bolívar,Venezuela,71,6,249,,,,,1.8
b1318981-4156-33dd-9a01-4cc18cda47b7,   9.838010, -70.494240,2026-07-16 05:57:00,NOAA-21,José Felipe Márquez Cañizalez,Trujillo,Venezuela,289,22,249,,,,,1.3
1fe5c1c2-94de-3012-944f-a263f54b6431,   9.352700, -73.633450,2026-07-16 05:57:00,NOAA-21,Chiriguaná,Cesar,Colombia,451,12,53,,,,,6.2
18dacc53-bf5c-3af8-8bc6-7d84fa0d1e17,   8.957610, -71.953810,2026-07-16 05:57:00,NOAA-21,Colón,Zulia,Venezuela,322,25,249,,,,,5.0
1de5e525-a957-3683-9992-d71e4bae45f2,  10.046830, -70.438840,2026-07-16 05:57:00,NOAA-21,Torres,Lara,Venezuela,155,14,249,,,,,1.5
77cc20d6-1c4c-3a73-8245-d8b51350014b,   9.834190, -70.494590,2026-07-16 05:57:00,NOAA-21,José Felipe Márquez Cañizalez,Trujillo,Venezuela,289,22,249,,,,,2.8
2eba60cc-3648-33ca-b3bd-f9a037297633,   9.694060, -63.415730,2026-07-16 05:57:00,NOAA-21,Maturín,Monagas,Venezuela,208,17,249,,,,,0.7
ea6cc7c4-1544-3c31-8ffa-552b91fd4307,   6.360070, -58.220710,2026-07-16 05:57:00,NOAA-21,Soesdyke-Linden highway (including Timehri),Demerara-Mahaica,Guyana,29,3,98,,,,,1.0
9b965f0c-315c-3dc1-85bd-e53a2ec3fa83,   9.350320, -73.754010,2026-07-16 05:57:00,NOAA-21,Chimichagua,Cesar,Colombia,450,12,53,,,,,1.8
0cd47680-636c-372c-b4fd-1c56d6fcfa6d,   4.527620, -69.993770,2026-07-16 05:57:00,NOAA-21,Cumaribo,Vichada,Colombia,1060,32,53,,,,,2.9
9bc4e804-2fdb-3ccc-a4b5-1944a672943e,   4.794920, -61.514420,2026-07-16 05:57:00,NOAA-21,Gran Sabana,Bolívar,Venezuela,71,6,249,,,,,0.7
6fd69e86-d74c-3fa4-99c5-c384ae33fcf9,   9.352020, -73.628560,2026-07-16 05:57:00,NOAA-21,Chiriguaná,Cesar,Colombia,451,12,53,,,,,3.5
dd30ba3f-a922-344e-8897-ce85f4c47f83,   9.360720, -73.629910,2026-07-16 05:57:00,NOAA-21,Chiriguaná,Cesar,Colombia,451,12,53,,,,,2.2
a396ef58-7f01-39e8-8f4a-a9fccbbb4d64,  10.005870, -70.126060,2026-07-16 05:57:00,NOAA-21,Torres,Lara,Venezuela,155,14,249,,,,,4.9
585270ae-a051-3ee5-b837-953afd85de3f,  10.071610, -70.449870,2026-07-16 05:57:00,NOAA-21,Torres,Lara,Venezuela,155,14,249,,,,,1.7
1fb4fd97-d2a2-3489-99b1-cf88563d7701,   9.349640, -73.749050,2026-07-16 05:57:00,NOAA-21,Chimichagua,Cesar,Colombia,450,12,53,,,,,2.4
2f94e87b-e10a-3c5c-bfa2-c94de98cf49b,   9.357330, -73.632830,2026-07-16 05:57:00,NOAA-21,Chiriguaná,Cesar,Colombia,451,12,53,,,,,6.4
3bcf16c0-5cf1-37ea-83a8-d7683ed66065,   7.563820, -73.190300,2026-07-16 05:57:00,NOAA-21,El Playón,Santander,Colombia,883,27,53,,,,,1.8
92f00050-9526-3ef3-a515-bcadbb6dbcbf,   9.348960, -73.744080,2026-07-16 05:57:00,NOAA-21,Chimichagua,Cesar,Colombia,450,12,53,,,,,2.4
4f6d4aa1-7c84-31c5-8cde-4f69b242c4d4,   9.603470, -73.482430,2026-07-16 05:57:00,NOAA-21,La Jagua de Ibirico,Cesar,Colombia,458,12,53,,,,,18.5
0546912f-41bc-35ac-ae87-61a42d0f8525,   5.856160, -74.848630,2026-07-16 05:57:00,NOAA-21,Sonsón,Antioquia,Colombia,113,2,53,,,,,1.2
ada19e15-4280-3807-af40-977ed6ac713e,   8.814090, -73.875500,2026-07-16 05:57:00,NOAA-21,Río Viejo,Bolívar,Colombia,182,5,53,,,,,1.8
0e38276c-0663-39af-8583-118295074bae,   6.757150, -63.501160,2026-07-16 05:57:00,NOAA-21,Angostura,Bolívar,Venezuela,67,6,249,,,,,2.6
494bac41-5d38-3b5f-9241-9c92a442e945,   8.671490, -73.388610,2026-07-16 05:57:00,NOAA-21,El Carmen,Norte de Santander,Colombia,785,22,53,,,,,1.3
daebc93c-2958-3338-8169-8df462353337,   8.675280, -73.382930,2026-07-16 05:57:00,NOAA-21,El Carmen,Norte de Santander,Colombia,785,22,53,,,,,1.8
857cdc56-285f-3172-a02f-e049d9ba72b5,   9.356660, -73.627940,2026-07-16 05:57:00,NOAA-21,Chiriguaná,Cesar,Colombia,451,12,53,,,,,4.3
d2655d5f-e8b0-3ea4-9d32-849370c63d10,   9.833580, -70.490300,2026-07-16 05:57:00,NOAA-21,José Felipe Márquez Cañizalez,Trujillo,Venezuela,289,22,249,,,,,2.3
8f646789-8dc4-357b-8300-3835f707e702,   6.757140, -63.503070,2026-07-16 05:57:00,NOAA-21,Angostura,Bolívar,Venezuela,67,6,249,,,,,1.7
09901edc-9c4c-35b2-9ab3-b29197e7ecb1,  10.935300, -74.234930,2026-07-16 05:57:00,NOAA-21,Ciénaga,Magdalena,Colombia,667,19,53,,,,,1.6
b4937ae5-e521-3734-99c1-dddfd33e7aa6,   5.277040, -69.106010,2026-07-16 05:57:00,NOAA-21,Cumaribo,Vichada,Colombia,1060,32,53,,,,,1.3
898811c3-079a-3b58-a3ab-8825d1dcc047,  10.075410, -70.449400,2026-07-16 05:57:00,NOAA-21,Torres,Lara,Venezuela,155,14,249,,,,,1.7
14c2c020-015d-390c-a047-9cabc03e4176,   4.521250, -69.998660,2026-07-16 05:57:00,NOAA-21,Cumaribo,Vichada,Colombia,1060,32,53,,,,,1.3
7c474b3e-ac92-345f-a9a9-cd9d8ab56971,   9.829780, -70.490770,2026-07-16 05:57:00,NOAA-21,José Felipe Márquez Cañizalez,Trujillo,Venezuela,289,22,249,,,,,2.3
34a96a76-33af-3d63-a029-701e222133ac,   9.608720, -73.486610,2026-07-16 05:57:00,NOAA-21,El Paso,Cesar,Colombia,454,12,53,,,,,12.4
3c4183da-a786-3945-9ae6-883e3437bc22,   4.518350, -70.003040,2026-07-16 05:57:00,NOAA-21,Cumaribo,Vichada,Colombia,1060,32,53,,,,,1.6
c8fd2533-538e-31e0-b200-25cf3b9e5ae7,   3.443890, -72.668980,2026-07-16 05:59:00,NOAA-21,San Martín,Meta,Colombia,709,20,53,,,,,1.0
9b9583ec-8dd1-3c3d-888b-2d4f849b1a6c,   3.439920, -72.669590,2026-07-16 05:59:00,NOAA-21,San Martín,Meta,Colombia,709,20,53,,,,,1.6
18529c8a-9be3-3735-943a-e0379fd012b0,   1.629170, -77.533680,2026-07-16 05:59:00,NOAA-21,Cumbitara,Nariño,Colombia,726,21,53,,,,,11.6
ae7b1193-eda2-33f5-82a1-5e934e299a5b,   1.628830, -77.531470,2026-07-16 05:59:00,NOAA-21,Cumbitara,Nariño,Colombia,726,21,53,,,,,7.5
f9db8669-d4fd-3ae0-a3fa-76357fb25313,    .282990, -78.331860,2026-07-16 05:59:00,NOAA-21,Cotacachi,Imbabura,Ecuador,97,11,68,,,,,1.1
67b0c503-0bd9-39c7-89ed-150d04d877b9,   -.955090, -79.450410,2026-07-16 05:59:00,NOAA-21,Quevedo,Los Rios,Ecuador,124,13,68,,,,,2.1
d7aaec36-8d86-3464-9898-a487b98ae3ea,   1.623220, -77.530880,2026-07-16 05:59:00,NOAA-21,Cumbitara,Nariño,Colombia,726,21,53,,,,,7.1
460343a3-68c4-39a5-9046-f3bd7367c5cb,   1.623850, -77.534970,2026-07-16 05:59:00,NOAA-21,Cumbitara,Nariño,Colombia,726,21,53,,,,,6.4
b2c0c74b-2901-35ca-b6e4-db9d6a54990d,   1.623530, -77.532930,2026-07-16 05:59:00,NOAA-21,Cumbitara,Nariño,Colombia,726,21,53,,,,,7.1
6cbdbd70-92cb-3a74-8048-5afc8537ea3d,   -.952960, -79.453310,2026-07-16 05:59:00,NOAA-21,Buena Fé,Los Rios,Ecuador,120,13,68,,,,,1.8
b8ce6393-e0ec-3d97-88da-d35337551c1d,   -.252680, -78.657390,2026-07-16 05:59:00,NOAA-21,Quito,Pichincha,Ecuador,169,19,68,,,,,1.3
741a118e-b559-31c3-a57c-426b708afefe,   3.439400, -72.666180,2026-07-16 05:59:00,NOAA-21,San Martín,Meta,Colombia,709,20,53,,,,,1.6
f925f1fb-0df9-360c-872b-f5d7922f10b4,  -2.258610, -78.638780,2026-07-16 06:01:00,NOAA-21,Alausí,Chimborazo,Ecuador,33,5,68,,,,,3.0
1ab31e1e-0cb8-39c1-ab3f-1508db01000f,  -9.450370, -63.872810,2026-07-16 06:01:00,NOAA-21,PORTO VELHO,RONDÔNIA,Brasil,1100205,11,33,,,,Amazônia,2.7
cbcd1c9a-f70f-33fa-a0c5-3dba6a51d8c2, -10.014170, -67.700040,2026-07-16 06:01:00,NOAA-21,RIO BRANCO,ACRE,Brasil,1200401,12,33,,,,Amazônia,1.2
f98d846b-385c-3ca5-a0fc-fcea02d26596,  -4.595010, -81.193980,2026-07-16 06:01:00,NOAA-21,Talara,Piura,Peru,160,21,178,,,,,3.1
aa217de5-99cd-388d-8adf-e617e8ded8ec,  -5.156350, -78.955980,2026-07-16 06:01:00,NOAA-21,San Ignacio,Cajamarca,Peru,62,6,178,,,,,2.5
6371aa19-b39d-3593-ad0d-df07c69b56eb, -11.781360, -63.036270,2026-07-16 06:01:00,NOAA-21,SERINGUEIRAS,RONDÔNIA,Brasil,1101500,11,33,,,,Amazônia,1.8
2885473e-0156-30c5-9e18-a032f5471313,  -9.456430, -63.870560,2026-07-16 06:01:00,NOAA-21,PORTO VELHO,RONDÔNIA,Brasil,1100205,11,33,,,,Amazônia,10.2
b6966080-9277-3284-a882-7101c841f72d,  -7.545860, -77.610840,2026-07-16 06:01:00,NOAA-21,Bolívar,La Libertad,Peru,114,13,178,,,,,2.0
d881cb0b-08cf-3b8a-92b9-974946805898,  -9.451280, -63.874520,2026-07-16 06:01:00,NOAA-21,PORTO VELHO,RONDÔNIA,Brasil,1100205,11,33,,,,Amazônia,10.2
51eb309e-52d3-35ce-8605-e1c8b4b0f5ba,  -2.151250, -79.675480,2026-07-16 06:01:00,NOAA-21,San Jacinto de Yaguac,Guayas,Ecuador,92,10,68,,,,,4.4
33e85be8-e1ca-36d0-98c4-c348f3311eea,  -7.550970, -77.609160,2026-07-16 06:01:00,NOAA-21,Bolívar,La Libertad,Peru,114,13,178,,,,,2.0
223dc8dc-6d87-3a6a-89d3-04b1d55cad70,  -8.445870, -70.119840,2026-07-16 06:01:00,NOAA-21,FEIJÓ,ACRE,Brasil,1200302,12,33,,,,Amazônia,1.0
dc1c8e2a-e772-358e-9037-9b65ebf21aec,  -2.260070, -78.636990,2026-07-16 06:01:00,NOAA-21,Alausí,Chimborazo,Ecuador,33,5,68,,,,,2.6
07756587-9844-3e9f-b509-11e36d1259f9,  -7.540850, -77.611880,2026-07-16 06:01:00,NOAA-21,Bolívar,La Libertad,Peru,114,13,178,,,,,2.0
a0dd1fff-15df-39d4-8006-877612a145a7,  -9.455810, -63.875210,2026-07-16 06:01:00,NOAA-21,PORTO VELHO,RONDÔNIA,Brasil,1100205,11,33,,,,Amazônia,10.2
51d85a54-9b23-3e77-8a64-a390319d9a0c,  -2.157130, -79.676410,2026-07-16 06:01:00,NOAA-21,San Jacinto de Yaguac,Guayas,Ecuador,92,10,68,,,,,4.4
1bbea655-5a2c-369e-aed7-d7a6474ba6ad,  -9.168710, -78.250270,2026-07-16 06:01:00,NOAA-21,Santa,Ancash,Peru,25,2,178,,,,,2.0
cd3f7203-90d0-3eb8-8405-04a6273312f7, -16.131760, -60.637500,2026-07-16 06:03:00,NOAA-21,José Miguel de Velasco,Santa Cruz,Bolivia,85,8,28,,,,,23.7
dd0c4d62-dd1e-3de2-8977-22d2e5692035, -16.237520, -61.355150,2026-07-16 06:03:00,NOAA-21,José Miguel de Velasco,Santa Cruz,Bolivia,85,8,28,,,,,2.3
681caca8-f5a2-3124-ae03-dac8eb1cc6bf, -16.126860, -60.624610,2026-07-16 06:03:00,NOAA-21,José Miguel de Velasco,Santa Cruz,Bolivia,85,8,28,,,,,34.0
baf02027-8045-3842-8eda-edd0db26647d, -16.400060, -61.821560,2026-07-16 06:03:00,NOAA-21,Ñuflo de Chávez,Santa Cruz,Bolivia,78,8,28,,,,,3.5
a2722944-5c42-3006-8a89-7822dd756568, -17.275450, -60.238100,2026-07-16 06:03:00,NOAA-21,Chiquitos,Santa Cruz,Bolivia,80,8,28,,,,,4.6
c864e052-c96d-3d51-90df-63d0ed80901d, -16.127380, -60.619600,2026-07-16 06:03:00,NOAA-21,José Miguel de Velasco,Santa Cruz,Bolivia,85,8,28,,,,,71.8
cec7d7e3-dcbc-310b-88e7-c569d5295597, -14.882950, -66.719570,2026-07-16 06:03:00,NOAA-21,José Ballivián,El Beni,Bolivia,26,3,28,,,,,0.7
50528c7e-f280-3ec3-adcf-9a7918adbe77, -16.959140, -60.691540,2026-07-16 06:03:00,NOAA-21,José Miguel de Velasco,Santa Cruz,Bolivia,85,8,28,,,,,5.4
efeeff4a-f7fd-39c2-bd5b-156ef1775d49, -16.966880, -60.676870,2026-07-16 06:03:00,NOAA-21,José Miguel de Velasco,Santa Cruz,Bolivia,85,8,28,,,,,2.2
b841e456-6897-34c7-96b7-9cce2ebc1937, -16.133530, -60.620370,2026-07-16 06:03:00,NOAA-21,José Miguel de Velasco,Santa Cruz,Bolivia,85,8,28,,,,,71.8
bd4bfbb7-ca4a-3801-86f5-55ae26cc6b71, -17.475470, -59.546050,2026-07-16 06:03:00,NOAA-21,Chiquitos,Santa Cruz,Bolivia,80,8,28,,,,,7.8
842d14db-509b-32f0-8053-58f8b5bb1e19, -16.129460, -60.599670,2026-07-16 06:03:00,NOAA-21,José Miguel de Velasco,Santa Cruz,Bolivia,85,8,28,,,,,2.8
61742eb0-95b4-3a89-87a1-913c797bb516, -16.752450, -67.014300,2026-07-16 06:03:00,NOAA-21,Inquisivi,La Paz,Bolivia,39,4,28,,,,,3.0
0ab467e0-eb5f-398e-9e7e-68c4301f421a, -18.330920, -59.073850,2026-07-16 06:03:00,NOAA-21,Chiquitos,Santa Cruz,Bolivia,80,8,28,,,,,6.3
4ffb6361-f568-3f81-8f8d-17c221ae7944, -16.953300, -60.679870,2026-07-16 06:03:00,NOAA-21,José Miguel de Velasco,Santa Cruz,Bolivia,85,8,28,,,,,2.5
5c7ddce9-5a01-32f3-ad50-cdf239471dc8, -16.403560, -59.582720,2026-07-16 06:03:00,NOAA-21,José Miguel de Velasco,Santa Cruz,Bolivia,85,8,28,,,,,4.3
d661641c-6ac7-3b90-8e5c-ca47d4f4269f, -16.124310, -60.589240,2026-07-16 06:03:00,NOAA-21,José Miguel de Velasco,Santa Cruz,Bolivia,85,8,28,,,,,1.6
8e6838af-802a-3211-9cbc-82caacd1e6d9, -16.134190, -60.612600,2026-07-16 06:03:00,NOAA-21,José Miguel de Velasco,Santa Cruz,Bolivia,85,8,28,,,,,14.6
37ec0d28-ecd0-3453-bd18-86dae9303730, -16.405360, -61.826230,2026-07-16 06:03:00,NOAA-21,Ñuflo de Chávez,Santa Cruz,Bolivia,78,8,28,,,,,3.4
b708501a-f24f-3e04-b4fd-eddcfb0e4b38, -17.275970, -60.232580,2026-07-16 06:03:00,NOAA-21,Chiquitos,Santa Cruz,Bolivia,80,8,28,,,,,4.6
542c4b60-80b9-3f20-91d2-f73bc80c2439, -16.126090, -60.631790,2026-07-16 06:03:00,NOAA-21,José Miguel de Velasco,Santa Cruz,Bolivia,85,8,28,,,,,16.7
fe498077-d0d4-3ea6-a43b-a68853806853, -16.138110, -60.636090,2026-07-16 06:03:00,NOAA-21,José Miguel de Velasco,Santa Cruz,Bolivia,85,8,28,,,,,3.9
4b03f90d-5ed9-3d37-901e-c5a960b6c6e6, -16.116080, -60.608470,2026-07-16 06:03:00,NOAA-21,José Miguel de Velasco,Santa Cruz,Bolivia,85,8,28,,,,,21.1
462610d9-0008-3ae1-a731-420aea86895a, -16.128430, -60.609600,2026-07-16 06:03:00,NOAA-21,José Miguel de Velasco,Santa Cruz,Bolivia,85,8,28,,,,,38.6
c5de74a5-eea6-3e32-badf-5bcc5fe37a50, -15.912040, -61.929590,2026-07-16 06:03:00,NOAA-21,Ñuflo de Chávez,Santa Cruz,Bolivia,78,8,28,,,,,1.2
2ef11b78-8db8-3389-b023-3b3a05e35ee7, -18.353900, -59.049360,2026-07-16 06:03:00,NOAA-21,Chiquitos,Santa Cruz,Bolivia,80,8,28,,,,,3.5
e18b4cd4-2115-35c2-ba9e-f097bcaa0f06, -13.596750, -71.724130,2026-07-16 06:03:00,NOAA-21,Quispicanchi,Cusco,Peru,79,8,178,,,,,1.1
686b2124-7a16-3f85-954c-ccd9768097ec, -18.256710, -65.995860,2026-07-16 06:03:00,NOAA-21,Charcas,Potosí,Bolivia,66,7,28,,,,,1.4
816cab11-e7e1-32b9-886c-8dca1495ebd6, -16.400500, -61.817390,2026-07-16 06:03:00,NOAA-21,Ñuflo de Chávez,Santa Cruz,Bolivia,78,8,28,,,,,3.5
ea0df362-370c-32d5-8a80-3b229bacb9f9, -16.340250, -59.691950,2026-07-16 06:03:00,NOAA-21,José Miguel de Velasco,Santa Cruz,Bolivia,85,8,28,,,,,4.9
af5fb0b2-8899-32cd-96d5-940d1a00d3d5, -16.343830, -59.594430,2026-07-16 06:03:00,NOAA-21,José Miguel de Velasco,Santa Cruz,Bolivia,85,8,28,,,,,3.0
56c8bd5d-a16d-374f-8ba9-9dffd32619a7, -16.641920, -61.070200,2026-07-16 06:03:00,NOAA-21,José Miguel de Velasco,Santa Cruz,Bolivia,85,8,28,,,,,3.5
542e9711-98c3-3213-a9ce-5f910d685ef2, -12.869510, -67.252860,2026-07-16 06:03:00,NOAA-21,Abel Iturralde,La Paz,Bolivia,32,4,28,,,,,3.0
fc6ed471-0767-320d-b507-02bca84fdf56, -16.370160, -59.654840,2026-07-16 06:03:00,NOAA-21,José Miguel de Velasco,Santa Cruz,Bolivia,85,8,28,,,,,2.6
910c897d-ad76-3ffd-8372-b968a726d06e, -16.122240, -60.609100,2026-07-16 06:03:00,NOAA-21,José Miguel de Velasco,Santa Cruz,Bolivia,85,8,28,,,,,21.1
2412e392-b691-3bc1-8241-4e11893c2998, -16.134050, -60.615390,2026-07-16 06:03:00,NOAA-21,José Miguel de Velasco,Santa Cruz,Bolivia,85,8,28,,,,,71.8
0e8d7497-5910-302d-9593-47d70c0f7db3, -16.136970, -60.647800,2026-07-16 06:03:00,NOAA-21,José Miguel de Velasco,Santa Cruz,Bolivia,85,8,28,,,,,18.7
ea93a7f0-1230-39b4-9575-cd78d18dbbfb, -16.137440, -60.642990,2026-07-16 06:03:00,NOAA-21,José Miguel de Velasco,Santa Cruz,Bolivia,85,8,28,,,,,18.7
40364d5a-3189-322c-9711-32ec80bd1477, -16.324750, -59.586060,2026-07-16 06:03:00,NOAA-21,José Miguel de Velasco,Santa Cruz,Bolivia,85,8,28,,,,,1.4
a49b40ad-8675-3386-9905-0ee29e5c2c07, -16.405350, -61.880050,2026-07-16 06:03:00,NOAA-21,Ñuflo de Chávez,Santa Cruz,Bolivia,78,8,28,,,,,4.8
00e8d1e9-fbcb-354f-bb74-b503f2f53fc9, -15.582690, -60.782520,2026-07-16 06:03:00,NOAA-21,José Miguel de Velasco,Santa Cruz,Bolivia,85,8,28,,,,,1.7
787bf9b2-5301-3353-a1b1-5a2120951c68, -16.370700, -59.649140,2026-07-16 06:03:00,NOAA-21,José Miguel de Velasco,Santa Cruz,Bolivia,85,8,28,,,,,2.6
7f50f1fd-f725-3456-893b-ea59e623f72f, -16.342420, -59.668670,2026-07-16 06:03:00,NOAA-21,José Miguel de Velasco,Santa Cruz,Bolivia,85,8,28,,,,,2.0
f7e20905-c92e-3f47-a671-028746bfac81, -15.925060, -61.914870,2026-07-16 06:03:00,NOAA-21,Ñuflo de Chávez,Santa Cruz,Bolivia,78,8,28,,,,,1.5
81aed1c7-eedc-39fd-815a-c15473146dc5, -15.622500, -69.211940,2026-07-16 06:03:00,NOAA-21,Eliodoro Camacho,La Paz,Bolivia,35,4,28,,,,,1.8
fc44232c-5ea4-34e7-bdbd-23e9a6264d25, -12.870100, -67.255910,2026-07-16 06:03:00,NOAA-21,Abel Iturralde,La Paz,Bolivia,32,4,28,,,,,7.7
8773ea5f-c4e2-3307-a461-55cce59a988b, -16.130950, -60.645080,2026-07-16 06:03:00,NOAA-21,José Miguel de Velasco,Santa Cruz,Bolivia,85,8,28,,,,,28.7
343fb0ed-b3c5-32f7-be7d-d7bd6d28d9d7, -15.580890, -60.786120,2026-07-16 06:03:00,NOAA-21,José Miguel de Velasco,Santa Cruz,Bolivia,85,8,28,,,,,1.5
ce1afa57-382f-3189-9398-64c3d03032fb, -15.707770, -61.576580,2026-07-16 06:03:00,NOAA-21,Ñuflo de Chávez,Santa Cruz,Bolivia,78,8,28,,,,,1.9
0cff5886-3a43-3c5f-9316-01b5485467d7, -16.143120, -60.648480,2026-07-16 06:03:00,NOAA-21,José Miguel de Velasco,Santa Cruz,Bolivia,85,8,28,,,,,1.5
47eca308-264b-3b8e-8e11-afb19a3965c9, -12.873330, -67.253430,2026-07-16 06:03:00,NOAA-21,Abel Iturralde,La Paz,Bolivia,32,4,28,,,,,14.0
72a3d65f-481b-377e-906c-c8e643233e68, -16.544280, -60.736850,2026-07-16 06:03:00,NOAA-21,José Miguel de Velasco,Santa Cruz,Bolivia,85,8,28,,,,,1.9
b9daf5a8-6a9d-3700-9198-bea11f6ee5dc, -16.331320, -59.586680,2026-07-16 06:03:00,NOAA-21,José Miguel de Velasco,Santa Cruz,Bolivia,85,8,28,,,,,1.4
688cc25b-c70c-3e3a-850c-61e24af4a3e8, -16.325070, -59.650080,2026-07-16 06:03:00,NOAA-21,José Miguel de Velasco,Santa Cruz,Bolivia,85,8,28,,,,,7.4
02b7898d-d1c1-3271-a968-291f93742122, -15.673550, -61.615330,2026-07-16 06:03:00,NOAA-21,Ñuflo de Chávez,Santa Cruz,Bolivia,78,8,28,,,,,8.1
27058410-9793-37ec-9379-193b60c26ad9, -14.542380, -63.551720,2026-07-16 06:03:00,NOAA-21,Cercado,El Beni,Bolivia,25,3,28,,,,,1.5
37d07eab-a59d-343f-96f8-624055c7b9e9, -16.122820, -60.601330,2026-07-16 06:03:00,NOAA-21,José Miguel de Velasco,Santa Cruz,Bolivia,85,8,28,,,,,19.9
0e0111d8-b5e8-31eb-9944-3f14c56a0061, -16.399610, -61.825740,2026-07-16 06:03:00,NOAA-21,Ñuflo de Chávez,Santa Cruz,Bolivia,78,8,28,,,,,3.4
90e9a1c1-47eb-30d7-9ef6-63f0c6ea9ffa, -15.926740, -61.622910,2026-07-16 06:03:00,NOAA-21,Ñuflo de Chávez,Santa Cruz,Bolivia,78,8,28,,,,,3.1
88df2c8c-ba03-3c4e-a833-befd1d990f49, -15.574830, -60.785450,2026-07-16 06:03:00,NOAA-21,José Miguel de Velasco,Santa Cruz,Bolivia,85,8,28,,,,,1.5
4286aaaf-002f-3ee7-a6ea-954f50f1bdee, -17.530360, -62.864440,2026-07-16 06:03:00,NOAA-21,Andrés Ibáñez,Santa Cruz,Bolivia,79,8,28,,,,,1.0
5a0b03e7-a8c7-399d-bbc1-d2a262f0a4b4, -16.965690, -60.681320,2026-07-16 06:03:00,NOAA-21,José Miguel de Velasco,Santa Cruz,Bolivia,85,8,28,,,,,2.0
f5218990-0767-340d-8fb2-a77758460019, -16.351170, -59.716110,2026-07-16 06:03:00,NOAA-21,José Miguel de Velasco,Santa Cruz,Bolivia,85,8,28,,,,,1.8
787a96dd-8a9d-3e34-905e-50dd7b451390, -16.341900, -59.674290,2026-07-16 06:03:00,NOAA-21,José Miguel de Velasco,Santa Cruz,Bolivia,85,8,28,,,,,2.0
912b1214-0aff-311b-bb57-2c1bd8708c0a, -16.401340, -59.605740,2026-07-16 06:03:00,NOAA-21,José Miguel de Velasco,Santa Cruz,Bolivia,85,8,28,,,,,5.1
aa28cc11-d59d-3108-9ad1-e3a29a30b946, -16.128040, -60.611770,2026-07-16 06:03:00,NOAA-21,José Miguel de Velasco,Santa Cruz,Bolivia,85,8,28,,,,,106.5
f7fce2a8-f59c-34c8-82f0-1897b7da68fc, -16.362040, -59.670740,2026-07-16 06:03:00,NOAA-21,José Miguel de Velasco,Santa Cruz,Bolivia,85,8,28,,,,,3.0
75b7fef3-103d-3146-bb89-646218e5b803, -16.349550, -59.669730,2026-07-16 06:03:00,NOAA-21,José Miguel de Velasco,Santa Cruz,Bolivia,85,8,28,,,,,3.1
725e1a52-513a-32c8-85b0-91a7a88addbc, -16.331920, -59.639380,2026-07-16 06:03:00,NOAA-21,José Miguel de Velasco,Santa Cruz,Bolivia,85,8,28,,,,,4.5
95dd08e2-6ff7-3f0e-94f2-ac360c2ea9b9, -16.407420, -61.881340,2026-07-16 06:03:00,NOAA-21,Ñuflo de Chávez,Santa Cruz,Bolivia,78,8,28,,,,,3.0
26a899b0-7252-3ef2-bf57-446729835810, -16.331410, -59.644910,2026-07-16 06:03:00,NOAA-21,José Miguel de Velasco,Santa Cruz,Bolivia,85,8,28,,,,,6.4
4d651123-a883-31d6-9d22-a778933cb782, -16.350100, -59.664330,2026-07-16 06:03:00,NOAA-21,José Miguel de Velasco,Santa Cruz,Bolivia,85,8,28,,,,,3.1
f94e65ac-a601-3b7d-a8f9-3191cf1d1e97, -15.656280, -61.613270,2026-07-16 06:03:00,NOAA-21,Ñuflo de Chávez,Santa Cruz,Bolivia,78,8,28,,,,,2.1
69a73a61-2ec3-3a62-abe0-1cdabb9a0471, -16.349980, -59.658500,2026-07-16 06:03:00,NOAA-21,José Miguel de Velasco,Santa Cruz,Bolivia,85,8,28,,,,,5.4
67c277aa-aba0-3b38-8ec8-b954dd00996c, -15.841240, -61.263100,2026-07-16 06:03:00,NOAA-21,José Miguel de Velasco,Santa Cruz,Bolivia,85,8,28,,,,,1.6
a5aae4d8-1e62-3912-b279-d996a02d0cc6, -17.524930, -62.863760,2026-07-16 06:03:00,NOAA-21,Andrés Ibáñez,Santa Cruz,Bolivia,79,8,28,,,,,1.1
517e7d5f-6d19-3980-aca8-b946bb3bf068, -15.576620, -60.781900,2026-07-16 06:03:00,NOAA-21,José Miguel de Velasco,Santa Cruz,Bolivia,85,8,28,,,,,1.7
8f33061a-f745-39f8-98a7-0cc0ab11c96a, -16.349860, -59.588840,2026-07-16 06:03:00,NOAA-21,José Miguel de Velasco,Santa Cruz,Bolivia,85,8,28,,,,,5.0
d392f808-13b9-35eb-bd76-117e711ac1a2, -14.080550, -64.432620,2026-07-16 06:03:00,NOAA-21,Mamoré,El Beni,Bolivia,27,3,28,,,,,0.7
283d75ef-0ca3-396f-8a11-6d6e8e2a6620, -16.342220, -59.599690,2026-07-16 06:03:00,NOAA-21,José Miguel de Velasco,Santa Cruz,Bolivia,85,8,28,,,,,3.7
a44d2db9-8020-340c-999e-a0f6cab8fb81, -17.688430, -60.981370,2026-07-16 06:03:00,NOAA-21,Chiquitos,Santa Cruz,Bolivia,80,8,28,,,,,4.8
d410649d-b7c3-3c2c-902a-140d2860b758, -19.443480, -59.787450,2026-07-16 06:03:00,NOAA-21,Mayor Pablo Lagerenza,Alto Paraguay,Paraguay,19,2,177,,,,,1.8
85b7058e-c1af-39f1-a918-c1bb2b7cd5bd, -16.350390, -59.583080,2026-07-16 06:03:00,NOAA-21,José Miguel de Velasco,Santa Cruz,Bolivia,85,8,28,,,,,5.2
509c8883-a1ed-3174-b006-7d971eb267c4, -16.371250, -59.643410,2026-07-16 06:03:00,NOAA-21,José Miguel de Velasco,Santa Cruz,Bolivia,85,8,28,,,,,5.1
7f9f71d5-0b32-3477-8515-0d1e8408d8b9, -16.359240, -59.630370,2026-07-16 06:03:00,NOAA-21,José Miguel de Velasco,Santa Cruz,Bolivia,85,8,28,,,,,2.8
f9bfe337-796c-3c77-a945-cf5303306ae8, -16.960690, -60.676160,2026-07-16 06:03:00,NOAA-21,José Miguel de Velasco,Santa Cruz,Bolivia,85,8,28,,,,,5.0
b959f773-bff4-3039-92f7-404d1f63a4dd, -16.115560, -60.613490,2026-07-16 06:03:00,NOAA-21,José Miguel de Velasco,Santa Cruz,Bolivia,85,8,28,,,,,43.2
53476901-ea02-3f17-af08-6d53d2d6d44b, -16.127070, -60.621810,2026-07-16 06:03:00,NOAA-21,José Miguel de Velasco,Santa Cruz,Bolivia,85,8,28,,,,,51.3
08ec1250-e561-397a-9292-1be503eaaabd, -16.550590, -60.737740,2026-07-16 06:03:00,NOAA-21,José Miguel de Velasco,Santa Cruz,Bolivia,85,8,28,,,,,2.9
16b83c98-76a3-3e23-a6d0-a5d025bda36c, -16.401910, -59.599800,2026-07-16 06:03:00,NOAA-21,José Miguel de Velasco,Santa Cruz,Bolivia,85,8,28,,,,,2.1
43847176-eadf-3563-9a71-38030abec52c, -16.133210, -60.622590,2026-07-16 06:03:00,NOAA-21,José Miguel de Velasco,Santa Cruz,Bolivia,85,8,28,,,,,26.1
9038ae01-8caa-332b-ba89-49f635bffb65, -16.130940, -60.704190,2026-07-16 06:03:00,NOAA-21,José Miguel de Velasco,Santa Cruz,Bolivia,85,8,28,,,,,0.9
fdf37885-7ef3-3bca-9f08-367b5998fba8, -16.364140, -59.648570,2026-07-16 06:03:00,NOAA-21,José Miguel de Velasco,Santa Cruz,Bolivia,85,8,28,,,,,3.1
1fb0c916-c672-390b-890b-bce26633202e, -17.693710, -60.988970,2026-07-16 06:03:00,NOAA-21,Chiquitos,Santa Cruz,Bolivia,80,8,28,,,,,8.7
0ee58352-4608-3673-a9ff-c950d6d0d24f, -16.959660, -60.686370,2026-07-16 06:03:00,NOAA-21,José Miguel de Velasco,Santa Cruz,Bolivia,85,8,28,,,,,4.5
4972d0d3-be6e-3253-a071-d7f0d3f88d5c, -16.404120, -59.576880,2026-07-16 06:03:00,NOAA-21,José Miguel de Velasco,Santa Cruz,Bolivia,85,8,28,,,,,4.1
9c859b06-d0f0-3286-9268-65cf48848637, -16.399240, -61.936500,2026-07-16 06:03:00,NOAA-21,Ñuflo de Chávez,Santa Cruz,Bolivia,78,8,28,,,,,2.1
ceec61a1-094d-3e48-93ea-4c01c176d37c, -16.953770, -60.674860,2026-07-16 06:03:00,NOAA-21,José Miguel de Velasco,Santa Cruz,Bolivia,85,8,28,,,,,2.5
1ed9d7b0-c127-3265-a37d-d519343ce753, -16.407840, -61.877240,2026-07-16 06:03:00,NOAA-21,Ñuflo de Chávez,Santa Cruz,Bolivia,78,8,28,,,,,3.3
fe97a44c-bdc9-3af2-9bf6-f4c3ac9f448c, -16.124640, -60.646770,2026-07-16 06:03:00,NOAA-21,José Miguel de Velasco,Santa Cruz,Bolivia,85,8,28,,,,,39.1
53e3c8cf-8cbe-3cc9-812c-8277a3bc44a7, -16.400760, -59.611820,2026-07-16 06:03:00,NOAA-21,José Miguel de Velasco,Santa Cruz,Bolivia,85,8,28,,,,,5.1
3c5599f6-c681-37db-9ab4-5b66983522fd, -15.581380, -60.781520,2026-07-16 06:03:00,NOAA-21,José Miguel de Velasco,Santa Cruz,Bolivia,85,8,28,,,,,1.5
8d638259-ec93-3eda-bf7b-465fc022afaf, -16.559460, -60.836940,2026-07-16 06:03:00,NOAA-21,José Miguel de Velasco,Santa Cruz,Bolivia,85,8,28,,,,,5.9
b105cb10-8748-3436-8830-20ec19f071d2, -16.664380, -59.598780,2026-07-16 06:03:00,NOAA-21,José Miguel de Velasco,Santa Cruz,Bolivia,85,8,28,,,,,1.0
0e974c43-5d7b-3352-b6d4-957597e0beeb, -16.325320, -59.580180,2026-07-16 06:03:00,NOAA-21,José Miguel de Velasco,Santa Cruz,Bolivia,85,8,28,,,,,1.4
6f5f6877-ef77-38aa-8643-13fda35749b8, -16.115690, -60.610630,2026-07-16 06:03:00,NOAA-21,José Miguel de Velasco,Santa Cruz,Bolivia,85,8,28,,,,,1.9
17ebb334-d1a4-34f6-adc2-cba92b082212, -15.917680, -61.930400,2026-07-16 06:03:00,NOAA-21,Ñuflo de Chávez,Santa Cruz,Bolivia,78,8,28,,,,,2.1
4524e79f-0bab-37d2-a3c7-9fd336a06354, -16.124270, -60.649470,2026-07-16 06:03:00,NOAA-21,José Miguel de Velasco,Santa Cruz,Bolivia,85,8,28,,,,,28.7
df8d69be-a239-32cc-afce-82df560d7234, -18.353330, -59.056000,2026-07-16 06:03:00,NOAA-21,Chiquitos,Santa Cruz,Bolivia,80,8,28,,,,,4.5
6eccc47c-c3ad-313b-8878-c8b0a5c72149, -16.665390, -59.600410,2026-07-16 06:03:00,NOAA-21,José Miguel de Velasco,Santa Cruz,Bolivia,85,8,28,,,,,3.2
a1564420-fd6b-38a7-bd11-63bab4cc2cad, -16.330360, -59.656220,2026-07-16 06:03:00,NOAA-21,José Miguel de Velasco,Santa Cruz,Bolivia,85,8,28,,,,,2.7
2dd4667c-9a53-3024-bfd7-6cacdb432ec6, -16.137110, -60.645570,2026-07-16 06:03:00,NOAA-21,José Miguel de Velasco,Santa Cruz,Bolivia,85,8,28,,,,,3.6
3578fdee-a3b8-3771-ac24-e529f0834827, -17.499430, -59.579850,2026-07-16 06:03:00,NOAA-21,Chiquitos,Santa Cruz,Bolivia,80,8,28,,,,,3.9
f3fb022f-37cd-301d-aff3-0e2375f83f9f, -17.493840, -59.566930,2026-07-16 06:03:00,NOAA-21,Chiquitos,Santa Cruz,Bolivia,80,8,28,,,,,3.1
2bed0eb2-9132-3060-af25-16cff0618520, -16.350970, -59.589410,2026-07-16 06:03:00,NOAA-21,José Miguel de Velasco,Santa Cruz,Bolivia,85,8,28,,,,,4.8
4f66e437-f4d2-3c8c-ac5f-5306b3e029df, -15.895460, -73.661310,2026-07-16 06:03:00,NOAA-21,Caravelí,Arequipa,Peru,37,4,178,,,,,0.3
7226ff50-731a-3dd8-8591-d97ca1cf2c64, -16.566950, -60.823700,2026-07-16 06:03:00,NOAA-21,José Miguel de Velasco,Santa Cruz,Bolivia,85,8,28,,,,,13.7
7bb3f0a1-9b73-39d2-baa5-9d0af4567c32, -16.133710, -60.617590,2026-07-16 06:03:00,NOAA-21,José Miguel de Velasco,Santa Cruz,Bolivia,85,8,28,,,,,14.6
b8e227c3-8812-3e7c-b347-e21bc72b44b1, -16.126580, -60.626810,2026-07-16 06:03:00,NOAA-21,José Miguel de Velasco,Santa Cruz,Bolivia,85,8,28,,,,,51.3
e0e62f04-44ac-378e-ad18-b8a8b0711fae, -15.667330, -61.618910,2026-07-16 06:03:00,NOAA-21,Ñuflo de Chávez,Santa Cruz,Bolivia,78,8,28,,,,,8.1
d68e4ae8-9cc8-3064-a803-d4a4d917896d, -18.594570, -62.793740,2026-07-16 06:03:00,NOAA-21,Cordillera,Santa Cruz,Bolivia,81,8,28,,,,,1.0
81eeda3c-beaa-3ee3-9d5d-3e490775680c, -18.354280, -59.046170,2026-07-16 06:03:00,NOAA-21,Chiquitos,Santa Cruz,Bolivia,80,8,28,,,,,2.0
929657d4-3166-3c84-98a2-c3690efa46d9, -18.280800, -60.821100,2026-07-16 06:03:00,NOAA-21,Cordillera,Santa Cruz,Bolivia,81,8,28,,,,,5.0
f15244de-1756-371f-83cb-e663c629d0df, -12.860020, -67.244630,2026-07-16 06:03:00,NOAA-21,Abel Iturralde,La Paz,Bolivia,32,4,28,,,,,1.5
928befae-5b70-3eaa-8350-8f23f149c9ed, -16.653960, -61.071630,2026-07-16 06:03:00,NOAA-21,José Miguel de Velasco,Santa Cruz,Bolivia,85,8,28,,,,,1.3
ba2406dd-4d95-3c6e-bde5-ac18cbd0aca3, -18.326220, -59.046810,2026-07-16 06:03:00,NOAA-21,Chiquitos,Santa Cruz,Bolivia,80,8,28,,,,,1.8
21bc2b19-9d62-33bf-be42-4cee45606e0b, -16.339550, -59.703680,2026-07-16 06:03:00,NOAA-21,José Miguel de Velasco,Santa Cruz,Bolivia,85,8,28,,,,,4.9
7ac9d603-239f-3ad5-929f-7df619fbf633, -16.125120, -60.641790,2026-07-16 06:03:00,NOAA-21,José Miguel de Velasco,Santa Cruz,Bolivia,85,8,28,,,,,39.1
787732b2-3e49-3b7e-9ae1-c00755b7f6cd, -18.330360, -59.080430,2026-07-16 06:03:00,NOAA-21,Chiquitos,Santa Cruz,Bolivia,80,8,28,,,,,3.9
5b9c77bc-a3f8-3ca5-b6f9-3e2d35484c00, -12.862530, -67.246920,2026-07-16 06:03:00,NOAA-21,Abel Iturralde,La Paz,Bolivia,32,4,28,,,,,2.7
d4a7857c-b9bb-3a4c-a1f4-cdfbb301ee3d, -16.127900, -60.614580,2026-07-16 06:03:00,NOAA-21,José Miguel de Velasco,Santa Cruz,Bolivia,85,8,28,,,,,71.8
37237797-d310-3c5f-a150-6e245c565d8c, -16.122760, -60.604150,2026-07-16 06:03:00,NOAA-21,José Miguel de Velasco,Santa Cruz,Bolivia,85,8,28,,,,,21.1
f02d360a-31df-37da-b32d-6878627da198, -17.590640, -62.228090,2026-07-16 06:03:00,NOAA-21,Chiquitos,Santa Cruz,Bolivia,80,8,28,,,,,3.0
cc1e5752-8df6-386d-bc25-b345cfd1421d, -16.336760, -59.586910,2026-07-16 06:03:00,NOAA-21,José Miguel de Velasco,Santa Cruz,Bolivia,85,8,28,,,,,2.1
39696508-954f-3b95-8dac-aadb2d8afbbc, -16.124780, -60.644550,2026-07-16 06:03:00,NOAA-21,José Miguel de Velasco,Santa Cruz,Bolivia,85,8,28,,,,,28.7
ed0b8a29-7f1c-32d4-a85f-0d2ffa4219ee, -15.754850, -61.573550,2026-07-16 06:03:00,NOAA-21,Ñuflo de Chávez,Santa Cruz,Bolivia,78,8,28,,,,,5.1
299e0729-993c-374c-95ff-46030f2a09a5, -11.126140, -74.409420,2026-07-16 06:03:00,NOAA-21,Satipo,Junín,Peru,110,12,178,,,,,1.0
62337056-7e68-3d65-a9f2-69aa9c1b617e, -17.590230, -62.232110,2026-07-16 06:03:00,NOAA-21,Chiquitos,Santa Cruz,Bolivia,80,8,28,,,,,3.0
94a971b3-261c-3481-9121-848375b7776c, -16.124160, -60.651660,2026-07-16 06:03:00,NOAA-21,José Miguel de Velasco,Santa Cruz,Bolivia,85,8,28,,,,,22.0
ebe9f7d6-25f1-38e5-a89c-b4c49bf6c010, -17.354230, -63.114660,2026-07-16 06:03:00,NOAA-21,Ignacio Warnes,Santa Cruz,Bolivia,84,8,28,,,,,1.2
a35a5861-2eb9-311c-8897-1d7e66bd6355, -17.630890, -60.229820,2026-07-16 06:03:00,NOAA-21,Chiquitos,Santa Cruz,Bolivia,80,8,28,,,,,2.9
40352190-c7cc-3db9-98ea-236b29bc3930, -17.530740, -62.860810,2026-07-16 06:03:00,NOAA-21,Andrés Ibáñez,Santa Cruz,Bolivia,79,8,28,,,,,1.0
e1a2956d-a6b5-3a08-b0c3-92badfa5d8d8, -16.080290, -60.467970,2026-07-16 06:03:00,NOAA-21,José Miguel de Velasco,Santa Cruz,Bolivia,85,8,28,,,,,4.4
11e578d6-0856-3935-8e3b-8fc45a19f27d, -15.924630, -61.918930,2026-07-16 06:03:00,NOAA-21,Ñuflo de Chávez,Santa Cruz,Bolivia,78,8,28,,,,,2.0
96943038-1ca1-3911-a974-3453d6271f3a, -15.622450, -69.213620,2026-07-16 06:03:00,NOAA-21,Eliodoro Camacho,La Paz,Bolivia,35,4,28,,,,,2.3
1f313cb0-7d4d-3529-849f-c55f6a276ae2, -16.346650, -59.698600,2026-07-16 06:03:00,NOAA-21,José Miguel de Velasco,Santa Cruz,Bolivia,85,8,28,,,,,4.9
7d4403a8-2b2c-3488-87f5-19886cf4c632, -16.645740, -60.719040,2026-07-16 06:03:00,NOAA-21,José Miguel de Velasco,Santa Cruz,Bolivia,85,8,28,,,,,2.4
23be4560-f38d-3c3f-8ee3-95d7e460606c, -16.126340, -60.629580,2026-07-16 06:03:00,NOAA-21,José Miguel de Velasco,Santa Cruz,Bolivia,85,8,28,,,,,34.0
c0f6fea8-9ff9-3165-8687-c13ad7f33008, -15.626050, -69.212470,2026-07-16 06:03:00,NOAA-21,Eliodoro Camacho,La Paz,Bolivia,35,4,28,,,,,1.1
b07b992e-cce0-3b11-ad58-0f91f83203a5, -16.334740, -59.685810,2026-07-16 06:03:00,NOAA-21,José Miguel de Velasco,Santa Cruz,Bolivia,85,8,28,,,,,3.9
ce268a95-b6d0-3002-9b34-f38b11c5d315, -18.325670, -59.053430,2026-07-16 06:03:00,NOAA-21,Chiquitos,Santa Cruz,Bolivia,80,8,28,,,,,4.6
b49b4dd7-6de2-3a9c-8bcb-549e8969ee71, -16.324370, -59.649520,2026-07-16 06:03:00,NOAA-21,José Miguel de Velasco,Santa Cruz,Bolivia,85,8,28,,,,,5.2
61249d34-d307-3c4a-ab3d-5487a65a701d, -16.341140, -59.611360,2026-07-16 06:03:00,NOAA-21,José Miguel de Velasco,Santa Cruz,Bolivia,85,8,28,,,,,3.4
54491af6-b553-3b68-8aaa-ea1aeeae4ce2, -15.761510, -61.565930,2026-07-16 06:03:00,NOAA-21,Ñuflo de Chávez,Santa Cruz,Bolivia,78,8,28,,,,,3.9
e3180b55-0e3d-349e-90ec-b041897a5ae0, -16.133010, -60.625390,2026-07-16 06:03:00,NOAA-21,José Miguel de Velasco,Santa Cruz,Bolivia,85,8,28,,,,,34.0
6a7787b8-a79d-3ec3-9559-712f8b76afa6, -16.125820, -60.634550,2026-07-16 06:03:00,NOAA-21,José Miguel de Velasco,Santa Cruz,Bolivia,85,8,28,,,,,32.9
1873d09e-cb2e-31aa-9412-c5fc72903502, -16.403150, -61.846760,2026-07-16 06:03:00,NOAA-21,Ñuflo de Chávez,Santa Cruz,Bolivia,78,8,28,,,,,1.0
b4e8dab8-2922-3761-8e32-aa1b67cd6567, -15.926300, -61.627140,2026-07-16 06:03:00,NOAA-21,Ñuflo de Chávez,Santa Cruz,Bolivia,78,8,28,,,,,3.1
5a56146d-f4a6-3bbe-9c09-af0269b22f63, -16.120700, -60.623970,2026-07-16 06:03:00,NOAA-21,José Miguel de Velasco,Santa Cruz,Bolivia,85,8,28,,,,,29.4
4d08e324-8095-3d64-be15-68bdb833ebf1, -16.352120, -59.577830,2026-07-16 06:03:00,NOAA-21,José Miguel de Velasco,Santa Cruz,Bolivia,85,8,28,,,,,6.8
0786cb2e-d0d7-3b03-a343-06ee1df0a1dd, -16.123270, -60.599190,2026-07-16 06:03:00,NOAA-21,José Miguel de Velasco,Santa Cruz,Bolivia,85,8,28,,,,,2.9
88d8545a-8aad-38be-8dca-24dfcd4b9271, -16.346250, -59.698300,2026-07-16 06:03:00,NOAA-21,José Miguel de Velasco,Santa Cruz,Bolivia,85,8,28,,,,,4.9
c64f142a-adee-3024-bbbe-5becf4000f4e, -16.143270, -60.646190,2026-07-16 06:03:00,NOAA-21,José Miguel de Velasco,Santa Cruz,Bolivia,85,8,28,,,,,3.6
26fa9236-3f4f-3220-83e6-68db862ced3f, -17.106350, -60.639320,2026-07-16 06:03:00,NOAA-21,José Miguel de Velasco,Santa Cruz,Bolivia,85,8,28,,,,,10.3
bc51b501-dc4f-3658-bd6c-51c168e41adc, -16.962200, -60.661150,2026-07-16 06:03:00,NOAA-21,José Miguel de Velasco,Santa Cruz,Bolivia,85,8,28,,,,,3.9
82e1f343-d12b-3fb5-98a8-aa9f68161f15, -17.112090, -60.644980,2026-07-16 06:03:00,NOAA-21,José Miguel de Velasco,Santa Cruz,Bolivia,85,8,28,,,,,10.3
8388dcd3-9400-3dee-b513-1c54ce4df638, -17.495200, -59.578290,2026-07-16 06:03:00,NOAA-21,Chiquitos,Santa Cruz,Bolivia,80,8,28,,,,,3.6
edd2c389-5868-398a-9f1c-35711f7c267c, -16.344650, -59.715370,2026-07-16 06:03:00,NOAA-21,José Miguel de Velasco,Santa Cruz,Bolivia,85,8,28,,,,,7.7
aefebef1-db1d-34d4-90fc-84051f12e0c1, -16.960910, -60.665470,2026-07-16 06:03:00,NOAA-21,José Miguel de Velasco,Santa Cruz,Bolivia,85,8,28,,,,,8.5
13b876d5-a386-3778-925b-6f9d42c00bed, -14.876090, -68.924780,2026-07-16 06:03:00,NOAA-21,Bautista Saavedra,La Paz,Bolivia,34,4,28,,,,,1.4
6db16ea7-2193-32b7-81e5-8d177d7bd0b8, -15.761070, -61.570090,2026-07-16 06:03:00,NOAA-21,Ñuflo de Chávez,Santa Cruz,Bolivia,78,8,28,,,,,3.9
463401fe-5e24-3835-880c-2cfae5de9266, -16.332690, -59.639900,2026-07-16 06:03:00,NOAA-21,José Miguel de Velasco,Santa Cruz,Bolivia,85,8,28,,,,,3.5
cc28886a-f9ee-3e4b-8074-4f2629af023e, -18.332030, -59.060710,2026-07-16 06:03:00,NOAA-21,Chiquitos,Santa Cruz,Bolivia,80,8,28,,,,,4.6
98850979-3dc9-3146-a33e-f7253c778b23, -17.493310, -59.572930,2026-07-16 06:03:00,NOAA-21,Chiquitos,Santa Cruz,Bolivia,80,8,28,,,,,3.1
bd14e0ac-c1ee-3931-ad3b-eb3f3de661ef, -16.411280, -59.571480,2026-07-16 06:03:00,NOAA-21,José Miguel de Velasco,Santa Cruz,Bolivia,85,8,28,,,,,4.1
b59d6e90-1bf0-306f-95cd-f39a9592cb72, -16.560380, -60.827720,2026-07-16 06:03:00,NOAA-21,José Miguel de Velasco,Santa Cruz,Bolivia,85,8,28,,,,,17.4
2da4551c-67e2-3f5f-94b6-6e855dbd1ee9, -16.123790, -60.591370,2026-07-16 06:03:00,NOAA-21,José Miguel de Velasco,Santa Cruz,Bolivia,85,8,28,,,,,2.7
564e7811-5ac1-3c76-aace-8444eff53903, -16.403010, -59.588440,2026-07-16 06:03:00,NOAA-21,José Miguel de Velasco,Santa Cruz,Bolivia,85,8,28,,,,,4.3
eb37e547-4c10-3383-a039-7ec884ba40fa, -16.829440, -60.938020,2026-07-16 06:03:00,NOAA-21,José Miguel de Velasco,Santa Cruz,Bolivia,85,8,28,,,,,0.8
55123c7e-2f5c-38bd-a8e4-6b9683f01758, -15.679760, -61.611750,2026-07-16 06:03:00,NOAA-21,Ñuflo de Chávez,Santa Cruz,Bolivia,78,8,28,,,,,5.8
9e47ecd2-95d9-35f3-a282-9237b2c937cc, -18.480140, -63.595970,2026-07-16 06:03:00,NOAA-21,Cordillera,Santa Cruz,Bolivia,81,8,28,,,,,1.5
42be4802-ce4b-33ce-a814-583a4d221d59, -16.751590, -67.020850,2026-07-16 06:03:00,NOAA-21,Inquisivi,La Paz,Bolivia,39,4,28,,,,,2.2
2cfb7651-d33b-36d3-90c0-8d328d7bca8a, -16.324890, -59.643930,2026-07-16 06:03:00,NOAA-21,José Miguel de Velasco,Santa Cruz,Bolivia,85,8,28,,,,,5.2
d3b05a8e-e6ba-3c66-9cc1-8a28588faf23, -15.655830, -61.617510,2026-07-16 06:03:00,NOAA-21,Ñuflo de Chávez,Santa Cruz,Bolivia,78,8,28,,,,,2.1
e2738357-7685-347d-ae2a-be1b3e93d8c8, -16.653510, -61.076210,2026-07-16 06:03:00,NOAA-21,José Miguel de Velasco,Santa Cruz,Bolivia,85,8,28,,,,,1.3
65ee1a7e-5cdb-347f-a08a-268cefc01f23, -15.660200, -61.631000,2026-07-16 06:03:00,NOAA-21,Ñuflo de Chávez,Santa Cruz,Bolivia,78,8,28,,,,,1.2
f9b446eb-e94a-346b-8813-e6c3bdbe0781, -16.344940, -59.715610,2026-07-16 06:03:00,NOAA-21,José Miguel de Velasco,Santa Cruz,Bolivia,85,8,28,,,,,6.6
f0dc64a6-0f7c-3b84-b755-033adb5a2dfc, -18.016360, -59.588250,2026-07-16 06:03:00,NOAA-21,Chiquitos,Santa Cruz,Bolivia,80,8,28,,,,,1.3
bcc5d074-bff3-3ad4-bae3-b66819b755c2, -12.863840, -67.245190,2026-07-16 06:03:00,NOAA-21,Abel Iturralde,La Paz,Bolivia,32,4,28,,,,,1.5
e4d4ef11-9152-3886-bef4-bf0d75f98087, -16.403580, -61.842800,2026-07-16 06:03:00,NOAA-21,Ñuflo de Chávez,Santa Cruz,Bolivia,78,8,28,,,,,1.0
d9bb4774-e75d-3486-b78a-8430e55745fd, -16.132240, -60.632600,2026-07-16 06:03:00,NOAA-21,José Miguel de Velasco,Santa Cruz,Bolivia,85,8,28,,,,,23.7
fdce8458-2908-3d50-a3ae-d824adbb4be3, -18.333150, -59.047440,2026-07-16 06:03:00,NOAA-21,Chiquitos,Santa Cruz,Bolivia,80,8,28,,,,,1.8
0bf8d1c2-6c3e-3be9-95f4-fb73cc3513d2, -16.350510, -59.652930,2026-07-16 06:03:00,NOAA-21,José Miguel de Velasco,Santa Cruz,Bolivia,85,8,28,,,,,5.0
e660f3cf-2c97-34c6-b57f-eb426e6ea2e3, -16.346790, -59.692500,2026-07-16 06:03:00,NOAA-21,José Miguel de Velasco,Santa Cruz,Bolivia,85,8,28,,,,,4.9
3132ba7d-72a0-38be-b305-e9839f3ae75e, -16.131970, -60.635300,2026-07-16 06:03:00,NOAA-21,José Miguel de Velasco,Santa Cruz,Bolivia,85,8,28,,,,,32.9
3e11e10f-b76b-3527-8cde-86bf81f56beb, -15.662030, -61.614000,2026-07-16 06:03:00,NOAA-21,Ñuflo de Chávez,Santa Cruz,Bolivia,78,8,28,,,,,2.1
87eb36cb-1102-3156-993d-5841c1fcbd29, -16.333720, -59.691280,2026-07-16 06:03:00,NOAA-21,José Miguel de Velasco,Santa Cruz,Bolivia,85,8,28,,,,,4.6
b1539d6d-c7a4-3211-a9df-743635e25e71, -17.632770, -60.228380,2026-07-16 06:03:00,NOAA-21,Chiquitos,Santa Cruz,Bolivia,80,8,28,,,,,2.5
5046f2b3-7ea1-386c-9182-c29bc600a65b, -16.333180, -59.697040,2026-07-16 06:03:00,NOAA-21,José Miguel de Velasco,Santa Cruz,Bolivia,85,8,28,,,,,4.6
8ac1d4a5-883d-3379-a21e-1091f99b4658, -16.959970, -60.675510,2026-07-16 06:03:00,NOAA-21,José Miguel de Velasco,Santa Cruz,Bolivia,85,8,28,,,,,2.0
77b8bfd6-8b0b-3b17-a376-44327332d277, -16.340790, -59.686130,2026-07-16 06:03:00,NOAA-21,José Miguel de Velasco,Santa Cruz,Bolivia,85,8,28,,,,,10.1
fc7d1c5a-dfc4-377d-9633-978b45954c8d, -17.688080, -60.983410,2026-07-16 06:03:00,NOAA-21,Chiquitos,Santa Cruz,Bolivia,80,8,28,,,,,8.7
33694127-ddaf-33c8-9bd9-3b99b7e6943c, -16.823780, -60.932820,2026-07-16 06:03:00,NOAA-21,José Miguel de Velasco,Santa Cruz,Bolivia,85,8,28,,,,,0.7
c9f5ded0-d968-3aec-9f50-c45751f35e97, -16.122340, -60.606290,2026-07-16 06:03:00,NOAA-21,José Miguel de Velasco,Santa Cruz,Bolivia,85,8,28,,,,,19.9
b651b6b3-6195-3882-8009-cb2253f40064, -18.485390, -63.596490,2026-07-16 06:03:00,NOAA-21,Cordillera,Santa Cruz,Bolivia,81,8,28,,,,,1.6
e2803474-fa0b-366c-aa0e-dcf6630a147b, -16.325390, -59.638450,2026-07-16 06:03:00,NOAA-21,José Miguel de Velasco,Santa Cruz,Bolivia,85,8,28,,,,,4.3
7a5b9477-5945-32a1-801c-ef1fc1e0287d, -15.667790, -61.614670,2026-07-16 06:03:00,NOAA-21,Ñuflo de Chávez,Santa Cruz,Bolivia,78,8,28,,,,,8.1
6fff18f4-a8eb-3176-8555-c7cdc3baa370, -16.341270, -59.686460,2026-07-16 06:03:00,NOAA-21,José Miguel de Velasco,Santa Cruz,Bolivia,85,8,28,,,,,5.5
500eda4c-ee0c-3605-a06b-3154dcf5959f, -15.755290, -61.569430,2026-07-16 06:03:00,NOAA-21,Ñuflo de Chávez,Santa Cruz,Bolivia,78,8,28,,,,,3.9
7afc78df-8105-3972-91d7-8d4fd3db37c8, -16.341510, -59.617820,2026-07-16 06:03:00,NOAA-21,José Miguel de Velasco,Santa Cruz,Bolivia,85,8,28,,,,,7.6
4f3affb7-bb31-384a-8b5d-c9624f04a7fa, -17.481600, -59.552950,2026-07-16 06:03:00,NOAA-21,Chiquitos,Santa Cruz,Bolivia,80,8,28,,,,,1.4
70263c5c-7f8c-31d9-8b8a-de0d178c00d2, -13.637020, -62.200700,2026-07-16 06:03:00,NOAA-21,Vaca Díez,El Beni,Bolivia,30,3,28,,,,,0.6
e876f3f5-74e7-3aa0-896e-8ce2f597f078, -16.959500, -60.680520,2026-07-16 06:03:00,NOAA-21,José Miguel de Velasco,Santa Cruz,Bolivia,85,8,28,,,,,2.0
8cef0d11-06fd-3081-8225-eb1e031c9a45, -16.332140, -59.645460,2026-07-16 06:03:00,NOAA-21,José Miguel de Velasco,Santa Cruz,Bolivia,85,8,28,,,,,3.5
4142dc4b-63bd-3dc9-9dd1-bb4252a32fe4, -16.669830, -66.623310,2026-07-16 06:03:00,NOAA-21,Ayopaya,Cochabamba,Bolivia,13,2,28,,,,,2.3
15ced166-8611-3741-a3f4-ace22daacf1a, -17.495750, -59.572320,2026-07-16 06:03:00,NOAA-21,Chiquitos,Santa Cruz,Bolivia,80,8,28,,,,,3.6
5f8b8736-5a7f-3784-a0a8-ffddf98c5df7, -16.961690, -60.666160,2026-07-16 06:03:00,NOAA-21,José Miguel de Velasco,Santa Cruz,Bolivia,85,8,28,,,,,3.9
ed3538fe-0ba3-3601-bb1f-5cb4d61739d5, -16.405790, -61.875930,2026-07-16 06:03:00,NOAA-21,Ñuflo de Chávez,Santa Cruz,Bolivia,78,8,28,,,,,4.8
a60d7def-e90b-30d9-8dbf-ef5dbd204ffa, -16.143600, -60.643600,2026-07-16 06:03:00,NOAA-21,José Miguel de Velasco,Santa Cruz,Bolivia,85,8,28,,,,,1.5
6c5f747f-0dfb-3f31-899f-0d34aa38cd46, -16.670970, -59.599510,2026-07-16 06:03:00,NOAA-21,José Miguel de Velasco,Santa Cruz,Bolivia,85,8,28,,,,,1.0
fe849c93-8eb4-3907-8372-7da10571d869, -16.352210, -59.705060,2026-07-16 06:03:00,NOAA-21,José Miguel de Velasco,Santa Cruz,Bolivia,85,8,28,,,,,2.3
2af61707-2a3a-3f71-882e-90d15ff65471, -16.331020, -59.656710,2026-07-16 06:03:00,NOAA-21,José Miguel de Velasco,Santa Cruz,Bolivia,85,8,28,,,,,4.4
a0c9afbe-ffae-37af-81c0-4b2056d17ec7, -16.243420, -61.355790,2026-07-16 06:03:00,NOAA-21,José Miguel de Velasco,Santa Cruz,Bolivia,85,8,28,,,,,2.3
e52ff212-8e0d-3b1f-8ed7-d7709e47b8fc, -15.924200, -61.922990,2026-07-16 06:03:00,NOAA-21,Ñuflo de Chávez,Santa Cruz,Bolivia,78,8,28,,,,,2.0
9b9c9c6d-e648-39f9-a3e2-c94bae033046, -17.694100, -60.986970,2026-07-16 06:03:00,NOAA-21,Chiquitos,Santa Cruz,Bolivia,80,8,28,,,,,8.9
f5db2d65-742a-31a5-9d86-b167a858f13d, -15.925620, -61.625850,2026-07-16 06:03:00,NOAA-21,Ñuflo de Chávez,Santa Cruz,Bolivia,78,8,28,,,,,5.8
296241e7-5f7a-3f27-8a63-c3edf7449822, -16.120190, -60.628860,2026-07-16 06:03:00,NOAA-21,José Miguel de Velasco,Santa Cruz,Bolivia,85,8,28,,,,,29.4
8332ec1e-02fe-3064-9664-fb43b0e093ec, -16.342450, -59.674670,2026-07-16 06:03:00,NOAA-21,José Miguel de Velasco,Santa Cruz,Bolivia,85,8,28,,,,,4.8
e526638c-cf5e-3e30-b5de-32a57910b43b, -16.404010, -61.838780,2026-07-16 06:03:00,NOAA-21,Ñuflo de Chávez,Santa Cruz,Bolivia,78,8,28,,,,,1.9
f560684e-ce4b-37cf-b900-f2280e6b1323, -16.404910, -61.830380,2026-07-16 06:03:00,NOAA-21,Ñuflo de Chávez,Santa Cruz,Bolivia,78,8,28,,,,,3.4
64de3e65-7038-37f2-9b2b-32ac961ff31c, -16.340590, -59.617240,2026-07-16 06:03:00,NOAA-21,José Miguel de Velasco,Santa Cruz,Bolivia,85,8,28,,,,,3.4
a1cdeb4d-a70b-38ef-9dbc-fcadefdbdefe, -16.396990, -59.581890,2026-07-16 06:03:00,NOAA-21,José Miguel de Velasco,Santa Cruz,Bolivia,85,8,28,,,,,2.2
c0142fd4-866d-386c-b39f-9206986ba47a, -16.125610, -60.636770,2026-07-16 06:03:00,NOAA-21,José Miguel de Velasco,Santa Cruz,Bolivia,85,8,28,,,,,16.7
92c6ce33-19f2-3954-a966-e86bfec6b411, -16.359760, -59.624750,2026-07-16 06:03:00,NOAA-21,José Miguel de Velasco,Santa Cruz,Bolivia,85,8,28,,,,,2.8
02aec352-44a0-3438-8a0b-15b453f2e1ec, -16.134570, -60.610410,2026-07-16 06:03:00,NOAA-21,José Miguel de Velasco,Santa Cruz,Bolivia,85,8,28,,,,,38.6
a8dfd6b4-d339-3281-97f8-1dd10e2a3479, -15.706880, -61.577380,2026-07-16 06:03:00,NOAA-21,Ñuflo de Chávez,Santa Cruz,Bolivia,78,8,28,,,,,1.9
783ea6f7-5def-322a-90e2-65844166d448, -18.274560, -60.820470,2026-07-16 06:03:00,NOAA-21,Cordillera,Santa Cruz,Bolivia,81,8,28,,,,,5.0
3721e49a-a7a4-332f-b383-0ef6aa303819, -16.372350, -59.631730,2026-07-16 06:03:00,NOAA-21,José Miguel de Velasco,Santa Cruz,Bolivia,85,8,28,,,,,10.8
f600a003-ab89-3cfd-a535-d7bd720500ef, -16.342090, -59.611960,2026-07-16 06:03:00,NOAA-21,José Miguel de Velasco,Santa Cruz,Bolivia,85,8,28,,,,,5.1
40fefea7-d26f-3da5-9586-fd67613e695f, -19.446340, -59.792740,2026-07-16 06:03:00,NOAA-21,Mayor Pablo Lagerenza,Alto Paraguay,Paraguay,19,2,177,,,,,2.0
f395d795-708c-38d4-bca5-5b4edf7a2526, -16.340690, -59.692250,2026-07-16 06:03:00,NOAA-21,José Miguel de Velasco,Santa Cruz,Bolivia,85,8,28,,,,,5.5
0d3c6dfb-d92d-35ef-929e-59c408d96518, -18.684620, -62.954670,2026-07-16 06:03:00,NOAA-21,Cordillera,Santa Cruz,Bolivia,81,8,28,,,,,1.6
88ff4bcf-541e-3609-bc6c-2ab43b834a70, -16.340120, -59.697960,2026-07-16 06:03:00,NOAA-21,José Miguel de Velasco,Santa Cruz,Bolivia,85,8,28,,,,,4.9
8dae1381-c5ef-353b-a583-5a70c23eda70, -16.349470, -59.663980,2026-07-16 06:03:00,NOAA-21,José Miguel de Velasco,Santa Cruz,Bolivia,85,8,28,,,,,5.4
266d4a02-4cc3-3851-b179-b21bb5044eda, -16.333580, -59.697360,2026-07-16 06:03:00,NOAA-21,José Miguel de Velasco,Santa Cruz,Bolivia,85,8,28,,,,,6.8
1c970416-cd51-3f21-adb4-c731ef2e2844, -18.353750, -59.052830,2026-07-16 06:03:00,NOAA-21,Chiquitos,Santa Cruz,Bolivia,80,8,28,,,,,2.0
69e5fa3f-efc1-3c9e-811e-b28e04f3add3, -16.346060, -59.704450,2026-07-16 06:03:00,NOAA-21,José Miguel de Velasco,Santa Cruz,Bolivia,85,8,28,,,,,4.9
6628033c-64e5-3a49-bf1a-74b2ccd77488, -18.332580, -59.054080,2026-07-16 06:03:00,NOAA-21,Chiquitos,Santa Cruz,Bolivia,80,8,28,,,,,4.6
84a91790-b823-3957-a9e2-c16b5309ca31, -16.121380, -60.616250,2026-07-16 06:03:00,NOAA-21,José Miguel de Velasco,Santa Cruz,Bolivia,85,8,28,,,,,106.5
9dc4f776-753a-3007-b50b-cde9a2a2400c, -17.687970, -60.986230,2026-07-16 06:03:00,NOAA-21,Chiquitos,Santa Cruz,Bolivia,80,8,28,,,,,4.8
60e05463-2941-32dd-8b95-cfc925fa2af5, -16.345170, -59.709800,2026-07-16 06:03:00,NOAA-21,José Miguel de Velasco,Santa Cruz,Bolivia,85,8,28,,,,,7.2
de538334-c749-3aa5-83f2-ca36e38296cf, -17.477520, -59.551550,2026-07-16 06:03:00,NOAA-21,Chiquitos,Santa Cruz,Bolivia,80,8,28,,,,,16.8
be63310b-4b3c-33d2-9ff6-f0d14b640667, -17.525310, -62.860130,2026-07-16 06:03:00,NOAA-21,Andrés Ibáñez,Santa Cruz,Bolivia,79,8,28,,,,,1.1
f54f79ad-8231-3b6f-ba71-a0c5a589d07b, -16.399160, -61.829940,2026-07-16 06:03:00,NOAA-21,Ñuflo de Chávez,Santa Cruz,Bolivia,78,8,28,,,,,3.4
9d992a60-bad8-353e-9c5d-d8450b1bdd31, -16.394320, -61.820940,2026-07-16 06:03:00,NOAA-21,Ñuflo de Chávez,Santa Cruz,Bolivia,78,8,28,,,,,1.0
82ef3c69-2efb-34e2-8c04-893f9cec83a2, -16.121730, -60.614080,2026-07-16 06:03:00,NOAA-21,José Miguel de Velasco,Santa Cruz,Bolivia,85,8,28,,,,,43.2
238df9f4-82c6-3f89-8845-4127b088cad9, -14.087620, -64.435840,2026-07-16 06:03:00,NOAA-21,Mamoré,El Beni,Bolivia,27,3,28,,,,,2.7
e14f1762-72f5-393d-8917-6f3ff4b197e1, -17.694560, -60.982090,2026-07-16 06:03:00,NOAA-21,Chiquitos,Santa Cruz,Bolivia,80,8,28,,,,,8.9
b6196e34-444a-3b07-9f4b-a5462cf309a3, -16.396440, -59.587690,2026-07-16 06:03:00,NOAA-21,José Miguel de Velasco,Santa Cruz,Bolivia,85,8,28,,,,,2.2
d9f44eef-6319-3fc4-aa7c-f7cbdadcc5ce, -16.953990, -60.680530,2026-07-16 06:03:00,NOAA-21,José Miguel de Velasco,Santa Cruz,Bolivia,85,8,28,,,,,4.5
67640882-20bd-3f36-9fe3-e61f43889bb2, -16.402470, -59.594000,2026-07-16 06:03:00,NOAA-21,José Miguel de Velasco,Santa Cruz,Bolivia,85,8,28,,,,,2.1
b17c2b3e-ed2b-3ee7-9e3d-83fb1696d467, -18.015850, -59.594210,2026-07-16 06:03:00,NOAA-21,Chiquitos,Santa Cruz,Bolivia,80,8,28,,,,,1.3
b718a4f1-f0fc-3b7b-8781-92114ecf2ef6, -14.085220, -64.433260,2026-07-16 06:03:00,NOAA-21,Mamoré,El Beni,Bolivia,27,3,28,,,,,2.2
271b92b9-5137-3249-ae3d-67ca6bc572f4, -12.865600, -67.260120,2026-07-16 06:03:00,NOAA-21,Abel Iturralde,La Paz,Bolivia,32,4,28,,,,,7.7
c6191f5a-f87b-3d3f-9f47-efe2a95ba18a, -16.131280, -60.642400,2026-07-16 06:03:00,NOAA-21,José Miguel de Velasco,Santa Cruz,Bolivia,85,8,28,,,,,18.7
3fc14812-b68f-3035-90a5-e903463a618d, -16.127550, -60.616780,2026-07-16 06:03:00,NOAA-21,José Miguel de Velasco,Santa Cruz,Bolivia,85,8,28,,,,,106.5
6fae0d9b-2844-32a6-8a13-cdf065629ff4, -16.128940, -60.604660,2026-07-16 06:03:00,NOAA-21,José Miguel de Velasco,Santa Cruz,Bolivia,85,8,28,,,,,38.6
f0ce26ca-9e7f-3a78-a4c8-4a6d73a172ec, -16.358690, -59.636160,2026-07-16 06:03:00,NOAA-21,José Miguel de Velasco,Santa Cruz,Bolivia,85,8,28,,,,,5.5
310acf26-e0d8-3eb0-b177-f2b053b11097, -13.642380, -62.201690,2026-07-16 06:03:00,NOAA-21,Vaca Díez,El Beni,Bolivia,30,3,28,,,,,1.7
0589a9c5-c5cf-3041-ad3d-a1ca62805d80, -16.326160, -59.639010,2026-07-16 06:03:00,NOAA-21,José Miguel de Velasco,Santa Cruz,Bolivia,85,8,28,,,,,4.2
9f49d0a0-138c-3de0-ba9e-0580f6197618, -16.130800, -60.647290,2026-07-16 06:03:00,NOAA-21,José Miguel de Velasco,Santa Cruz,Bolivia,85,8,28,,,,,18.7
91dc9777-05a0-362f-ba05-616383891eb5, -16.544460, -60.736820,2026-07-16 06:03:00,NOAA-21,José Miguel de Velasco,Santa Cruz,Bolivia,85,8,28,,,,,2.9
8b0e21a7-8430-3df2-99b4-c3d448022464, -16.123790, -60.594230,2026-07-16 06:03:00,NOAA-21,José Miguel de Velasco,Santa Cruz,Bolivia,85,8,28,,,,,2.9
9e0d1b32-0e79-35c5-89ee-e20600119bf0, -16.120900, -60.621220,2026-07-16 06:03:00,NOAA-21,José Miguel de Velasco,Santa Cruz,Bolivia,85,8,28,,,,,51.3
698afabd-1062-3a6a-8b11-309ce307ca54, -16.342760, -59.593800,2026-07-16 06:03:00,NOAA-21,José Miguel de Velasco,Santa Cruz,Bolivia,85,8,28,,,,,2.1
2a324fdd-a0e1-3441-91b6-26fe2106c464, -18.485070, -63.599550,2026-07-16 06:03:00,NOAA-21,Cordillera,Santa Cruz,Bolivia,81,8,28,,,,,1.6
90c92022-7255-3b6b-9cee-ca0290ae74d7, -16.132480, -60.630390,2026-07-16 06:03:00,NOAA-21,José Miguel de Velasco,Santa Cruz,Bolivia,85,8,28,,,,,34.0
70034294-3d63-3642-bc22-c15174c71e3e, -14.013260, -75.687130,2026-07-16 06:03:00,NOAA-21,Ica,Ica,Peru,100,11,178,,,,,0.7
f1e5acd7-a898-3342-915b-5b216ce58083, -18.064430, -62.451170,2026-07-16 06:03:00,NOAA-21,Cordillera,Santa Cruz,Bolivia,81,8,28,,,,,1.5
c78ccdca-462f-31ac-9d5a-ead067e59167, -16.350640, -59.658870,2026-07-16 06:03:00,NOAA-21,José Miguel de Velasco,Santa Cruz,Bolivia,85,8,28,,,,,4.9
9e5e329b-3f1b-3705-b843-c00fc4400631, -16.137910, -60.638280,2026-07-16 06:03:00,NOAA-21,José Miguel de Velasco,Santa Cruz,Bolivia,85,8,28,,,,,23.7
37193cae-a309-314a-b94e-2b777a95e426, -16.338970, -59.709400,2026-07-16 06:03:00,NOAA-21,José Miguel de Velasco,Santa Cruz,Bolivia,85,8,28,,,,,6.6
53fdf162-44d8-3c85-b51e-d793c3921fd4, -15.929870, -61.923610,2026-07-16 06:03:00,NOAA-21,Ñuflo de Chávez,Santa Cruz,Bolivia,78,8,28,,,,,2.2
58ea11bf-7794-321a-b3d6-46362856bffe, -16.074080, -60.467210,2026-07-16 06:03:00,NOAA-21,José Miguel de Velasco,Santa Cruz,Bolivia,85,8,28,,,,,1.7
49f842fb-81e9-34e2-81b4-39a668c1ec6f, -16.092520, -61.612500,2026-07-16 06:03:00,NOAA-21,José Miguel de Velasco,Santa Cruz,Bolivia,85,8,28,,,,,0.6
65e09a44-5b35-36dc-8385-8f426dc0be25, -16.345500, -59.710060,2026-07-16 06:03:00,NOAA-21,José Miguel de Velasco,Santa Cruz,Bolivia,85,8,28,,,,,6.6
e8b2f74e-e211-3eef-a815-de6d469b8806, -16.404460, -61.834630,2026-07-16 06:03:00,NOAA-21,Ñuflo de Chávez,Santa Cruz,Bolivia,78,8,28,,,,,1.9
dec09edb-07e0-374d-ab8f-ccb3d467e56d, -15.576170, -60.786480,2026-07-16 06:03:00,NOAA-21,José Miguel de Velasco,Santa Cruz,Bolivia,85,8,28,,,,,3.6
a1e30dd6-6c46-3706-9944-c87ee64e8b29, -16.128520, -60.606810,2026-07-16 06:03:00,NOAA-21,José Miguel de Velasco,Santa Cruz,Bolivia,85,8,28,,,,,19.9
3abc32e7-d8af-381d-a027-9f803f343839, -16.351540, -59.583660,2026-07-16 06:03:00,NOAA-21,José Miguel de Velasco,Santa Cruz,Bolivia,85,8,28,,,,,4.8
b50f052d-27cf-3357-b963-73eb30116692, -17.474940, -59.552250,2026-07-16 06:03:00,NOAA-21,Chiquitos,Santa Cruz,Bolivia,80,8,28,,,,,10.6
5e713cb0-3fb8-3efe-a43f-c247631495a5, -16.670390, -66.618860,2026-07-16 06:03:00,NOAA-21,Ayopaya,Cochabamba,Bolivia,13,2,28,,,,,1.1
f497a8d8-a7fc-388b-a485-65226bad1c84, -15.754420, -61.577610,2026-07-16 06:03:00,NOAA-21,Ñuflo de Chávez,Santa Cruz,Bolivia,78,8,28,,,,,5.1
40b429b6-cb0a-3220-b05b-ae021122e29c, -16.642400, -61.065430,2026-07-16 06:03:00,NOAA-21,José Miguel de Velasco,Santa Cruz,Bolivia,85,8,28,,,,,3.1
19e78014-9434-348a-ae84-1bd8761be6e7, -19.446830, -59.786530,2026-07-16 06:03:00,NOAA-21,Mayor Pablo Lagerenza,Alto Paraguay,Paraguay,19,2,177,,,,,1.8
5283e0e0-b080-3abb-88ce-ac2870f03817, -17.694200, -60.984110,2026-07-16 06:03:00,NOAA-21,Chiquitos,Santa Cruz,Bolivia,80,8,28,,,,,8.7
706a9509-f130-3940-8a03-ef5234a198d4, -12.864390, -67.261890,2026-07-16 06:03:00,NOAA-21,Abel Iturralde,La Paz,Bolivia,32,4,28,,,,,7.7
ba282390-ace0-3082-a6b4-f0975d7015cb, -18.594190, -62.797550,2026-07-16 06:03:00,NOAA-21,Cordillera,Santa Cruz,Bolivia,81,8,28,,,,,0.9
56119bd5-f21c-3ee5-957a-48522d4a2251, -15.889790, -60.698270,2026-07-16 06:03:00,NOAA-21,José Miguel de Velasco,Santa Cruz,Bolivia,85,8,28,,,,,1.7
0a58e61c-f0de-3ddd-a442-4e780ef4169f, -16.123300, -60.596370,2026-07-16 06:03:00,NOAA-21,José Miguel de Velasco,Santa Cruz,Bolivia,85,8,28,,,,,2.7
3bbc1010-931c-3e21-b347-59e91e31b061, -16.343010, -59.669050,2026-07-16 06:03:00,NOAA-21,José Miguel de Velasco,Santa Cruz,Bolivia,85,8,28,,,,,3.1
980bcc59-3c10-3e39-a5e2-98fbeab7aca8, -16.347230, -59.692810,2026-07-16 06:03:00,NOAA-21,José Miguel de Velasco,Santa Cruz,Bolivia,85,8,28,,,,,5.5
6520af83-6a6e-3455-9750-0ec4aa992d55, -16.350930, -59.577220,2026-07-16 06:03:00,NOAA-21,José Miguel de Velasco,Santa Cruz,Bolivia,85,8,28,,,,,5.2
66be2308-ac1b-36d4-b024-a80423e1948a, -16.371790, -59.637710,2026-07-16 06:03:00,NOAA-21,José Miguel de Velasco,Santa Cruz,Bolivia,85,8,28,,,,,5.1
98662497-4aa9-32a9-9777-d609f6841f67, -16.958530, -60.690860,2026-07-16 06:03:00,NOAA-21,José Miguel de Velasco,Santa Cruz,Bolivia,85,8,28,,,,,6.2
09b932bc-becd-3cbb-b12d-257900075d5f, -14.883410, -66.718880,2026-07-16 06:03:00,NOAA-21,José Ballivián,El Beni,Bolivia,26,3,28,,,,,0.7
45f402cd-47bc-3149-b185-59342706dab9, -16.120420, -60.626110,2026-07-16 06:03:00,NOAA-21,José Miguel de Velasco,Santa Cruz,Bolivia,85,8,28,,,,,51.3
6ec5a611-bb45-3da1-8902-40c5510a254a, -16.086300, -61.615950,2026-07-16 06:03:00,NOAA-21,José Miguel de Velasco,Santa Cruz,Bolivia,85,8,28,,,,,0.9
f6d780be-fdc5-3f6f-953f-b64d607c9df0, -16.124790, -60.703680,2026-07-16 06:03:00,NOAA-21,José Miguel de Velasco,Santa Cruz,Bolivia,85,8,28,,,,,1.2
799d697c-e92b-3a84-93ae-1db579a83e65, -16.367990, -59.677750,2026-07-16 06:03:00,NOAA-21,José Miguel de Velasco,Santa Cruz,Bolivia,85,8,28,,,,,1.9
7ef475ba-150d-38e1-b850-a3b1c2f54e99, -16.121860, -60.611260,2026-07-16 06:03:00,NOAA-21,José Miguel de Velasco,Santa Cruz,Bolivia,85,8,28,,,,,106.5
5c760429-2da6-30a2-8cbe-bb53278a3525, -15.659760, -61.635060,2026-07-16 06:03:00,NOAA-21,Ñuflo de Chávez,Santa Cruz,Bolivia,78,8,28,,,,,1.2
d3bfcdbb-75af-37f6-873f-5dd14928231e, -16.966170, -60.676210,2026-07-16 06:03:00,NOAA-21,José Miguel de Velasco,Santa Cruz,Bolivia,85,8,28,,,,,2.0
b19af435-ceb9-3f43-9a5e-b399747a5ba1, -15.930300, -61.919580,2026-07-16 06:03:00,NOAA-21,Ñuflo de Chávez,Santa Cruz,Bolivia,78,8,28,,,,,2.2
dccd5483-bf2e-31f3-b1a4-74e220aeaa30, -16.399690, -61.932370,2026-07-16 06:03:00,NOAA-21,Ñuflo de Chávez,Santa Cruz,Bolivia,78,8,28,,,,,2.1
b15992c7-b980-3a70-b9dd-a1c3c73cfab6, -15.660660, -61.626800,2026-07-16 06:03:00,NOAA-21,Ñuflo de Chávez,Santa Cruz,Bolivia,78,8,28,,,,,3.3
2e4ec1e9-2ead-3771-8af9-d96da7c00372, -16.130430, -60.649950,2026-07-16 06:03:00,NOAA-21,José Miguel de Velasco,Santa Cruz,Bolivia,85,8,28,,,,,28.7
f697866e-e0c5-35da-9abf-1db8aed771fb, -19.449650, -59.794330,2026-07-16 06:03:00,NOAA-21,Mayor Pablo Lagerenza,Alto Paraguay,Paraguay,19,2,177,,,,,1.8
76ec1b45-b576-32a3-b454-3d43d2b93df6, -16.550400, -60.737760,2026-07-16 06:03:00,NOAA-21,José Miguel de Velasco,Santa Cruz,Bolivia,85,8,28,,,,,4.5
b3122c28-a7d7-31af-b635-76993f10a3cd, -16.334150, -59.691630,2026-07-16 06:03:00,NOAA-21,José Miguel de Velasco,Santa Cruz,Bolivia,85,8,28,,,,,3.9
b7543f98-0a99-3f92-82b2-db146b6634f3, -16.131460, -60.640180,2026-07-16 06:03:00,NOAA-21,José Miguel de Velasco,Santa Cruz,Bolivia,85,8,28,,,,,32.9
28446ad4-89bd-3e87-97fe-8703a66a8a9c, -16.138630, -60.631190,2026-07-16 06:03:00,NOAA-21,José Miguel de Velasco,Santa Cruz,Bolivia,85,8,28,,,,,2.8
c21681ff-5dc2-3266-8ca5-c56f32cda2e8, -14.089890, -64.433890,2026-07-16 06:03:00,NOAA-21,Mamoré,El Beni,Bolivia,27,3,28,,,,,2.2
0d18a827-1430-3f61-88ae-e4ecce057c32, -16.351200, -59.653320,2026-07-16 06:03:00,NOAA-21,José Miguel de Velasco,Santa Cruz,Bolivia,85,8,28,,,,,4.9
f763ec8e-c1cf-38cf-8ac9-d1997576cf7f, -16.566490, -60.828350,2026-07-16 06:03:00,NOAA-21,José Miguel de Velasco,Santa Cruz,Bolivia,85,8,28,,,,,17.4
d3220849-82ef-3b93-9e9d-4e019e82ae14, -18.331470, -59.067290,2026-07-16 06:03:00,NOAA-21,Chiquitos,Santa Cruz,Bolivia,80,8,28,,,,,6.3
48a42ec0-4bc8-3d4c-91cd-6191e57fda47, -16.351690, -59.710600,2026-07-16 06:03:00,NOAA-21,José Miguel de Velasco,Santa Cruz,Bolivia,85,8,28,,,,,2.3
9f3be92c-0190-3718-99f7-f74d9574d8b2, -12.877150, -67.254000,2026-07-16 06:03:00,NOAA-21,Abel Iturralde,La Paz,Bolivia,32,4,28,,,,,14.0
0badfb5c-0a9e-3b93-8763-a393c1532d93, -16.377280, -59.649560,2026-07-16 06:03:00,NOAA-21,José Miguel de Velasco,Santa Cruz,Bolivia,85,8,28,,,,,2.6
483ebce2-c5d2-34fe-9e8f-8155ba2bc791, -16.132720, -60.627630,2026-07-16 06:03:00,NOAA-21,José Miguel de Velasco,Santa Cruz,Bolivia,85,8,28,,,,,26.1
830edaf6-ecb7-30db-9460-9882b14dc831, -18.513130, -63.038360,2026-07-16 06:03:00,NOAA-21,Cordillera,Santa Cruz,Bolivia,81,8,28,,,,,3.5
b6c67dd4-f862-3af2-8e5e-4dc9ec01989a, -16.373800, -61.904970,2026-07-16 06:03:00,NOAA-21,Ñuflo de Chávez,Santa Cruz,Bolivia,78,8,28,,,,,1.6
d9231845-5bcb-3402-bf1a-77cc1ac9340e, -16.338650, -59.709100,2026-07-16 06:03:00,NOAA-21,José Miguel de Velasco,Santa Cruz,Bolivia,85,8,28,,,,,7.2
9771b52f-f484-39f0-b733-aa011662d8f4, -16.377820, -59.643900,2026-07-16 06:03:00,NOAA-21,José Miguel de Velasco,Santa Cruz,Bolivia,85,8,28,,,,,5.1
bc36de43-0326-3238-a1c0-6d86479ed892, -16.343250, -59.600310,2026-07-16 06:03:00,NOAA-21,José Miguel de Velasco,Santa Cruz,Bolivia,85,8,28,,,,,3.0
d0d1a482-c2f4-365a-9cc9-c0c3552cfd30, -16.339720, -59.697660,2026-07-16 06:03:00,NOAA-21,José Miguel de Velasco,Santa Cruz,Bolivia,85,8,28,,,,,4.9
4137e184-5a48-3929-8ef2-fe78280e3664, -15.680230, -61.607470,2026-07-16 06:03:00,NOAA-21,Ñuflo de Chávez,Santa Cruz,Bolivia,78,8,28,,,,,5.8
52f4e24b-3eef-3a23-a87b-e71567a2d086, -15.914420, -69.944880,2026-07-16 06:03:00,NOAA-21,Puno,Puno,Peru,170,22,178,,,,,1.2
8bad1d08-95f1-366b-ace9-13cf7104649d, -16.325620, -59.644480,2026-07-16 06:03:00,NOAA-21,José Miguel de Velasco,Santa Cruz,Bolivia,85,8,28,,,,,4.2
080d237f-48b1-3c64-8afb-619c79f4a884, -16.137610, -60.640840,2026-07-16 06:03:00,NOAA-21,José Miguel de Velasco,Santa Cruz,Bolivia,85,8,28,,,,,3.9
85c0b878-c07d-311b-98f9-1e9bd8f105d2, -16.397550, -59.576020,2026-07-16 06:03:00,NOAA-21,José Miguel de Velasco,Santa Cruz,Bolivia,85,8,28,,,,,2.2
57ad13ba-323f-3c6f-8473-d656cfd9ffcb, -16.559920, -60.832310,2026-07-16 06:03:00,NOAA-21,José Miguel de Velasco,Santa Cruz,Bolivia,85,8,28,,,,,17.4
b798db72-ee40-3ad9-81c3-a2406bdb9a21, -16.348960, -59.669390,2026-07-16 06:03:00,NOAA-21,José Miguel de Velasco,Santa Cruz,Bolivia,85,8,28,,,,,2.0
676eefb1-0c84-31a9-9955-eefb30147084, -16.954490, -60.675530,2026-07-16 06:03:00,NOAA-21,José Miguel de Velasco,Santa Cruz,Bolivia,85,8,28,,,,,5.0
d9ae3ff2-c82c-3807-8ab2-e341b129f6d8, -16.345700, -59.704170,2026-07-16 06:03:00,NOAA-21,José Miguel de Velasco,Santa Cruz,Bolivia,85,8,28,,,,,7.2
799eb8df-c6cd-30be-a82e-99db91981f45, -17.256840, -60.230300,2026-07-16 06:03:00,NOAA-21,Chiquitos,Santa Cruz,Bolivia,80,8,28,,,,,4.6
dc40d115-2f3b-3793-b42c-81e6ec43732d, -16.080780, -60.462990,2026-07-16 06:03:00,NOAA-21,José Miguel de Velasco,Santa Cruz,Bolivia,85,8,28,,,,,5.7
a93ebc5c-29d2-3fab-bead-fa9f61680c98, -17.496320, -59.566330,2026-07-16 06:03:00,NOAA-21,Chiquitos,Santa Cruz,Bolivia,80,8,28,,,,,2.6
1d6f071d-d28a-3cb8-8155-d02c83e482c8, -16.121210, -60.619060,2026-07-16 06:03:00,NOAA-21,José Miguel de Velasco,Santa Cruz,Bolivia,85,8,28,,,,,43.2
9165ce80-a8ee-3777-a427-1ee9012b8cee, -12.868210, -67.262470,2026-07-16 06:03:00,NOAA-21,Abel Iturralde,La Paz,Bolivia,32,4,28,,,,,7.7
0be9f842-972b-3c0a-862a-6bf769fda945, -17.105880, -60.644260,2026-07-16 06:03:00,NOAA-21,José Miguel de Velasco,Santa Cruz,Bolivia,85,8,28,,,,,10.3
14ec31c0-3759-336e-9b4f-6db176972030, -16.138380, -60.633410,2026-07-16 06:03:00,NOAA-21,José Miguel de Velasco,Santa Cruz,Bolivia,85,8,28,,,,,23.7
7c272172-b727-3c20-9126-d50487a1e99f, -16.129010, -60.601830,2026-07-16 06:03:00,NOAA-21,José Miguel de Velasco,Santa Cruz,Bolivia,85,8,28,,,,,19.9
3e011e62-d9a2-3749-865b-7cb10ff4f881, -16.125300, -60.639550,2026-07-16 06:03:00,NOAA-21,José Miguel de Velasco,Santa Cruz,Bolivia,85,8,28,,,,,32.9
72f3280f-6dde-305f-b055-db941b5c7308, -20.570750, -64.824410,2026-07-16 06:05:00,NOAA-21,Nor Cinti,Chuquisaca,Bolivia,6,1,28,,,,,6.6
c265b91a-2f7c-3694-bddd-882e678008b9, -21.188000, -63.400910,2026-07-16 06:05:00,NOAA-21,Gran Chaco,Tarija,Bolivia,94,9,28,,,,,1.2
5961b841-696f-356d-840b-e6795525815d, -21.254260, -64.349770,2026-07-16 06:05:00,NOAA-21,Burnet O'Connor,Tarija,Bolivia,91,9,28,,,,,3.6
2863d440-fa61-3aa9-a19c-507db184b75b, -24.530440, -60.636130,2026-07-16 06:05:00,NOAA-21,Patiño,Formosa,Argentina,257,9,12,,,,,3.2
23f2211b-55f6-342c-b9f9-2c3ca90fa252, -24.339630, -63.243680,2026-07-16 06:05:00,NOAA-21,Anta,Salta,Argentina,382,17,12,,,,,4.0
525cd7a0-fb9c-3e2e-ac7c-5abe691f40ce, -21.253610, -64.356080,2026-07-16 06:05:00,NOAA-21,Burnet O'Connor,Tarija,Bolivia,91,9,28,,,,,3.6
06f34219-59ea-3f21-8a1d-05fcee1fd4d4, -20.545320, -60.402170,2026-07-16 06:05:00,NOAA-21,General Eugenio A. Garay,Boquerón,Paraguay,43,6,177,,,,,7.5
7d4f4cb6-c4ca-3c9b-a0fd-fbfa6a68d70e, -22.666190, -65.019980,2026-07-16 06:05:00,NOAA-21,Iruya,Salta,Argentina,391,17,12,,,,,3.4
fd1306a1-f08b-3879-b70c-3352e54aa9ef, -20.545110, -60.409500,2026-07-16 06:05:00,NOAA-21,General Eugenio A. Garay,Boquerón,Paraguay,43,6,177,,,,,9.0
cb58fe71-1129-3446-bfa6-ec67a3ec7b0f, -22.658420, -64.995980,2026-07-16 06:05:00,NOAA-21,Iruya,Salta,Argentina,391,17,12,,,,,8.7
9dfcf1a6-31be-37a5-b044-6033c67a8a0c, -22.657710, -65.003040,2026-07-16 06:05:00,NOAA-21,Iruya,Salta,Argentina,391,17,12,,,,,1.8
d2d1aa3c-9c2c-3163-8b7f-67b664be2d69, -24.339260, -63.247970,2026-07-16 06:05:00,NOAA-21,Anta,Salta,Argentina,382,17,12,,,,,3.2
85870e4b-0b57-3519-ac7f-bf54e322c228, -22.658740, -64.992780,2026-07-16 06:05:00,NOAA-21,Iruya,Salta,Argentina,391,17,12,,,,,4.3
c82e089f-88da-3334-9176-df16dc41b75e, -20.544870, -60.408010,2026-07-16 06:05:00,NOAA-21,General Eugenio A. Garay,Boquerón,Paraguay,43,6,177,,,,,7.5
8fd2afe5-72aa-3b1b-afa5-82e6009ad125, -24.341100, -63.244370,2026-07-16 06:05:00,NOAA-21,Anta,Salta,Argentina,382,17,12,,,,,6.8
d3a86e68-1cda-382c-a492-b1246e042ae8, -22.654340, -64.985760,2026-07-16 06:05:00,NOAA-21,Iruya,Salta,Argentina,391,17,12,,,,,4.3
9a406069-1783-3e24-a71d-36710f0a4f4c, -24.530830, -60.629770,2026-07-16 06:05:00,NOAA-21,Patiño,Formosa,Argentina,257,9,12,,,,,3.2
a8452906-191e-3ced-b9b1-a02eb59bbd6d, -22.659060, -64.989660,2026-07-16 06:05:00,NOAA-21,Iruya,Salta,Argentina,391,17,12,,,,,4.3
307e884a-d0de-3fda-9d05-e8aa8eb9387e, -24.527100, -60.631980,2026-07-16 06:05:00,NOAA-21,Patiño,Formosa,Argentina,257,9,12,,,,,7.6
39e84814-9e51-34fa-a4e2-2b421325cddf, -20.573400, -64.834370,2026-07-16 06:05:00,NOAA-21,Nor Cinti,Chuquisaca,Bolivia,6,1,28,,,,,3.8
bf82bf84-eb20-3767-aa0a-1129e17ee8ba, -22.659860, -64.981670,2026-07-16 06:05:00,NOAA-21,Iruya,Salta,Argentina,391,17,12,,,,,3.6
d728bf91-fafe-3f1f-901e-663b7476b404, -22.659430, -64.985990,2026-07-16 06:05:00,NOAA-21,Iruya,Salta,Argentina,391,17,12,,,,,3.6
9051bdfb-ffca-3cf6-a505-a98a123ca6db, -22.652570, -65.003490,2026-07-16 06:05:00,NOAA-21,Iruya,Salta,Argentina,391,17,12,,,,,1.8
580469e3-7e96-3c24-82cf-c4133d0c92e4, -22.665250, -64.978790,2026-07-16 06:05:00,NOAA-21,Iruya,Salta,Argentina,391,17,12,,,,,1.1
861ba02c-0290-372b-b502-944994916d6e, -20.545590, -60.403670,2026-07-16 06:05:00,NOAA-21,General Eugenio A. Garay,Boquerón,Paraguay,43,6,177,,,,,10.7
80f0b5b9-ff07-3377-a4e4-68fbbd41df7b, -20.569660, -64.822580,2026-07-16 06:05:00,NOAA-21,Nor Cinti,Chuquisaca,Bolivia,6,1,28,,,,,5.3
d874a025-bcad-3d57-a719-27ba1fd451c1, -22.652950, -64.999630,2026-07-16 06:05:00,NOAA-21,Iruya,Salta,Argentina,391,17,12,,,,,1.8
71f1fe1f-8650-3c07-a593-0c79f9f6ef9f, -22.653980, -64.989350,2026-07-16 06:05:00,NOAA-21,Iruya,Salta,Argentina,391,17,12,,,,,4.3
3acec0f6-416d-3640-98a3-d75a1a742e19, -20.575500, -64.827160,2026-07-16 06:05:00,NOAA-21,Nor Cinti,Chuquisaca,Bolivia,6,1,28,,,,,1.7
eadced7e-84b6-3c28-ac04-22c013d4f058, -24.523750, -60.635500,2026-07-16 06:05:00,NOAA-21,Patiño,Formosa,Argentina,257,9,12,,,,,3.0
6be8b0f2-d262-3801-9497-975776cb778e, -22.664740, -64.983890,2026-07-16 06:05:00,NOAA-21,Iruya,Salta,Argentina,391,17,12,,,,,1.2
5bc0b344-f0bc-3696-a377-a203cddaa8ab, -27.710300, -61.092800,2026-07-16 06:08:00,NOAA-21,Fray Justo Santa María de Oro,Chaco,Argentina,176,4,12,,,,,3.8
43730bff-fdc5-371a-8033-86ef6355cbc7, -26.174810, -61.204210,2026-07-16 06:08:00,NOAA-21,Almirante Brown,Chaco,Argentina,171,4,12,,,,,3.4
5687ca50-6809-3257-ba47-2e5084b2e706, -25.891510, -66.221470,2026-07-16 06:08:00,NOAA-21,San Carlos,Salta,Argentina,403,17,12,,,,,1.6
e2f24eec-0df4-3771-b6ae-b59e783a701b, -28.262160, -61.143430,2026-07-16 06:08:00,NOAA-21,Nueve de Julio,Santa Fe,Argentina,449,21,12,,,,,2.2
d204d1cf-5042-363d-bc14-ec76e4b76c1f, -26.068210, -60.924810,2026-07-16 06:08:00,NOAA-21,General Güemes,Chaco,Argentina,179,4,12,,,,,4.8
1e93a6d1-b738-3fcc-91a8-5226073aafcc, -26.173790, -61.201690,2026-07-16 06:08:00,NOAA-21,Almirante Brown,Chaco,Argentina,171,4,12,,,,,4.0
8f687701-7a46-3197-9ff8-64aa8ca1826e, -27.713800, -61.094590,2026-07-16 06:08:00,NOAA-21,Fray Justo Santa María de Oro,Chaco,Argentina,176,4,12,,,,,2.6
c71751b8-e7f4-3a90-9198-52f11c3d0923, -26.065200, -60.923590,2026-07-16 06:08:00,NOAA-21,General Güemes,Chaco,Argentina,179,4,12,,,,,4.6
5e891283-08e9-351b-891d-ec2918a0bdf1, -38.158040, -68.695570,2026-07-16 06:10:00,NOAA-21,Añelo,Neuquén,Argentina,354,15,12,,,,,8.4
0c247bba-c176-3623-a099-4023e3a4307c,   6.909990, -73.070050,2026-07-16 06:52:00,NOAA-20,Piedecuesta,Santander,Colombia,915,27,53,,,,,0.9
85cadb20-839d-31e1-96de-f26865e011b5,  10.047690, -70.421900,2026-07-16 06:52:00,NOAA-20,Torres,Lara,Venezuela,155,14,249,,,,,1.7
0fcb8fc4-e1e6-32d9-9daf-fbc5dfb9cf03,   9.356770, -73.634000,2026-07-16 06:52:00,NOAA-20,Chiriguaná,Cesar,Colombia,451,12,53,,,,,3.7
bd9b1813-3f54-35a4-9ffd-d26cea4dd9a0,   9.360260, -73.629390,2026-07-16 06:52:00,NOAA-20,Chiriguaná,Cesar,Colombia,451,12,53,,,,,1.4
65fdef35-4ef7-3c7f-b461-26d61cbad261,   9.603970, -73.483220,2026-07-16 06:52:00,NOAA-20,La Jagua de Ibirico,Cesar,Colombia,458,12,53,,,,,0.8
f2c1ecab-b665-36f0-8ed9-c46d8679aef3,  10.045520, -70.424250,2026-07-16 06:52:00,NOAA-20,Torres,Lara,Venezuela,155,14,249,,,,,1.5
d5a1494c-ef77-3c63-a49b-bda16bc6c76f,  10.071780, -70.451320,2026-07-16 06:52:00,NOAA-20,Torres,Lara,Venezuela,155,14,249,,,,,0.6
a6ce11be-f678-36c4-a25e-883cbcef3895,  10.076840, -70.450130,2026-07-16 06:52:00,NOAA-20,Torres,Lara,Venezuela,155,14,249,,,,,0.5
35052693-06ff-38c6-9573-a383686ec5ce,   9.083720, -72.047560,2026-07-16 06:52:00,NOAA-20,Colón,Zulia,Venezuela,322,25,249,,,,,1.4
13242f8d-9c63-30b0-b38b-cb4186a1f82b,   9.824130, -70.499410,2026-07-16 06:52:00,NOAA-20,José Felipe Márquez Cañizalez,Trujillo,Venezuela,289,22,249,,,,,0.9
5fc76c0e-4113-3c95-a67b-63d64f730ce7,   9.840400, -70.501750,2026-07-16 06:52:00,NOAA-20,José Felipe Márquez Cañizalez,Trujillo,Venezuela,289,22,249,,,,,2.1
53695cd2-9adc-3182-9621-23f6bda1d01d,   9.350800, -73.745790,2026-07-16 06:52:00,NOAA-20,Chimichagua,Cesar,Colombia,450,12,53,,,,,0.9
68a86099-e516-32f5-984c-23a65d0cb919,   9.346670, -73.746530,2026-07-16 06:52:00,NOAA-20,Chimichagua,Cesar,Colombia,450,12,53,,,,,0.9
38962bad-fcf5-3d9a-bf7a-b67a70d2b1f6,   9.351480, -73.749590,2026-07-16 06:52:00,NOAA-20,Chimichagua,Cesar,Colombia,450,12,53,,,,,1.0
e985d22c-7aa7-3bfb-aed4-c6cd4e41d09e,  10.048300, -70.425280,2026-07-16 06:52:00,NOAA-20,Torres,Lara,Venezuela,155,14,249,,,,,1.7
64a4781b-ad60-397d-a01b-dbec73ebcd75,   9.470260, -70.484740,2026-07-16 06:52:00,NOAA-20,Pampanito,Trujillo,Venezuela,296,22,249,,,,,0.7
d952fe47-8c6e-380a-b163-482aa19ecf4d,   9.510210, -70.927880,2026-07-16 06:52:00,NOAA-20,La Ceiba,Trujillo,Venezuela,291,22,249,,,,,0.5
0d630830-bec8-3089-966d-7b835ed8eb60,   9.356090, -73.630140,2026-07-16 06:52:00,NOAA-20,Chiriguaná,Cesar,Colombia,451,12,53,,,,,3.7
d133d3c7-50e6-34b3-9b12-01c15683a5ae,   6.910720, -73.074350,2026-07-16 06:52:00,NOAA-20,Piedecuesta,Santander,Colombia,915,27,53,,,,,0.9
c2260236-d029-37f3-b50d-5a6509c01d07,   9.352150, -73.753400,2026-07-16 06:52:00,NOAA-20,Chimichagua,Cesar,Colombia,450,12,53,,,,,1.0
95077180-0d4d-3af5-b605-d500238b3a36,  10.932660, -74.230640,2026-07-16 06:52:00,NOAA-20,Ciénaga,Magdalena,Colombia,667,19,53,,,,,1.3
5f352ccc-4426-3797-aa6b-c5e5507ae2a2,   9.351920, -73.630880,2026-07-16 06:52:00,NOAA-20,Chiriguaná,Cesar,Colombia,451,12,53,,,,,3.7
9bc098c1-ae01-375d-b1a4-d5a7856a98de,   9.834940, -70.500780,2026-07-16 06:52:00,NOAA-20,José Felipe Márquez Cañizalez,Trujillo,Venezuela,289,22,249,,,,,2.0
a7cf5624-d21a-3d7f-98e3-3208f9672d5e,  10.046510, -70.415430,2026-07-16 06:52:00,NOAA-20,Torres,Lara,Venezuela,155,14,249,,,,,0.6
538ebdfa-5b33-3fa3-8e4f-57134aa70ca5,  10.446180, -73.104520,2026-07-16 06:52:00,NOAA-20,Urumita,La Guajira,Colombia,661,18,53,,,,,0.7
82282379-cd3c-3d15-9566-7cd764642fe7,   5.757450, -75.370000,2026-07-16 06:52:00,NOAA-20,Abejorral,Antioquia,Colombia,9,2,53,,,,,34.0
966c8b3e-8d1a-3dd3-a80d-cd93d12521f1,   8.796020, -73.839840,2026-07-16 06:52:00,NOAA-20,Morales,Bolívar,Colombia,180,5,53,,,,,0.4
66fd2966-0574-3a3c-9dab-b919e8412b19,   9.838460, -70.504170,2026-07-16 06:52:00,NOAA-20,José Felipe Márquez Cañizalez,Trujillo,Venezuela,289,22,249,,,,,1.0
f5e1e0b2-1079-31e7-8af4-53b6d15fde83,   8.674230, -73.386700,2026-07-16 06:52:00,NOAA-20,El Carmen,Norte de Santander,Colombia,785,22,53,,,,,1.2
5a214364-b8c4-38fb-8f17-6735ec81223a,   9.355410, -73.626270,2026-07-16 06:52:00,NOAA-20,Chiriguaná,Cesar,Colombia,451,12,53,,,,,2.3
43ca7ab5-cf8c-3b7f-ae1c-508a63b90620,   7.912130, -73.089670,2026-07-16 06:52:00,NOAA-20,Abrego,Norte de Santander,Colombia,774,22,53,,,,,1.1
364edb32-d10f-3280-87a3-482483f79b7e,   9.360940, -73.633260,2026-07-16 06:52:00,NOAA-20,Chiriguaná,Cesar,Colombia,451,12,53,,,,,1.4
50651d47-02aa-3e54-8743-c76e32d48a40,   5.758150, -75.374210,2026-07-16 06:52:00,NOAA-20,Abejorral,Antioquia,Colombia,9,2,53,,,,,6.4
2d80eb1f-de55-3c5b-9793-e05cd7672f90,   9.839840, -70.498690,2026-07-16 06:52:00,NOAA-20,José Felipe Márquez Cañizalez,Trujillo,Venezuela,289,22,249,,,,,2.0
fb909672-6167-3ddd-b468-c14dbdbd2232,   9.267620, -70.473210,2026-07-16 06:52:00,NOAA-20,Trujillo,Trujillo,Venezuela,300,22,249,,,,,1.5
f601facc-0e53-38d0-9a96-efbcb584460e,   9.488590, -70.951860,2026-07-16 06:52:00,NOAA-20,La Ceiba,Trujillo,Venezuela,291,22,249,,,,,1.4
e5d59ed3-40b1-3267-8755-35f8a8895919,   9.489060, -70.952840,2026-07-16 06:52:00,NOAA-20,La Ceiba,Trujillo,Venezuela,291,22,249,,,,,1.6
c5c238c7-3182-3bd5-8d27-a2fc6cf69908,  10.004790, -70.125010,2026-07-16 06:52:00,NOAA-20,Torres,Lara,Venezuela,155,14,249,,,,,0.7
ef8c4f4e-81d6-3dad-86b3-1d0c6f0d3650,  11.059460, -70.594620,2026-07-16 06:52:00,NOAA-20,Buchivacoa,Falcón,Venezuela,110,12,249,,,,,0.5
0e84d394-1f6d-36d5-9f74-3164aac72b5d,  10.892970, -71.844020,2026-07-16 06:52:00,NOAA-20,Mara,Zulia,Venezuela,331,25,249,,,,,0.4
07365dd0-a2b2-328f-aae0-b2d1aeb07e68,   8.131300, -72.950900,2026-07-16 06:52:00,NOAA-20,Bucarasica,Norte de Santander,Colombia,777,22,53,,,,,1.0
4e75ccec-a450-364e-8703-298079ab3161,   8.787710, -73.841290,2026-07-16 06:52:00,NOAA-20,Morales,Bolívar,Colombia,180,5,53,,,,,0.7
d917c174-ea33-39ad-8361-500e104719d2,   9.352600, -73.634740,2026-07-16 06:52:00,NOAA-20,Chiriguaná,Cesar,Colombia,451,12,53,,,,,3.7
dcd21fe0-335b-3905-a775-53e1849bfff8,   9.835520, -70.503980,2026-07-16 06:52:00,NOAA-20,José Felipe Márquez Cañizalez,Trujillo,Venezuela,289,22,249,,,,,2.1
67fc670f-29e3-3717-8689-4b24b2822e26,   9.837870, -70.501050,2026-07-16 06:52:00,NOAA-20,José Felipe Márquez Cañizalez,Trujillo,Venezuela,289,22,249,,,,,1.0
5292f522-6db1-39fb-90ed-416ab418f214,   8.958210, -71.953900,2026-07-16 06:52:00,NOAA-20,Colón,Zulia,Venezuela,322,25,249,,,,,2.5
57cfe72c-6bde-3793-a448-d16f3e58cce4,   5.756810, -75.366130,2026-07-16 06:52:00,NOAA-20,Sonsón,Antioquia,Colombia,113,2,53,,,,,34.0
8e4bc693-6690-36e8-9399-c75d64df5355,   9.469730, -70.481860,2026-07-16 06:52:00,NOAA-20,Pampanito,Trujillo,Venezuela,296,22,249,,,,,0.7
2930f32f-c1e0-35eb-891c-a5946360e4a6,  10.050600, -70.423120,2026-07-16 06:52:00,NOAA-20,Torres,Lara,Venezuela,155,14,249,,,,,2.0
1393296a-5c6f-34d5-a8a7-897343a3c09c,   9.272600, -70.471240,2026-07-16 06:52:00,NOAA-20,Trujillo,Trujillo,Venezuela,300,22,249,,,,,1.5
5699cc27-9413-35e0-8631-12725b72e531,   9.461110, -73.560550,2026-07-16 06:52:00,NOAA-20,Chiriguaná,Cesar,Colombia,451,12,53,,,,,0.9
4db4dd9a-96bd-320f-bc81-c528394bb186,   9.247750, -70.481350,2026-07-16 06:52:00,NOAA-20,Urdaneta,Trujillo,Venezuela,301,22,249,,,,,1.4
851d8942-03c4-39b8-9183-36aec3609767,   4.946740, -74.966160,2026-07-16 06:54:00,NOAA-20,Armero,Tolima,Colombia,970,29,53,,,,,6.7
b7459563-22e0-371d-ab5e-e1c6b18dbaaf,   3.205170, -76.287890,2026-07-16 06:54:00,NOAA-20,Corinto,Cauca,Colombia,415,11,53,,,,,2.1
ea8bcfd1-ff7e-3855-a668-63f8cfeda631,   1.486770, -77.293820,2026-07-16 06:54:00,NOAA-20,San Lorenzo,Nariño,Colombia,762,21,53,,,,,2.9
c6090652-75cb-3c10-bb25-63278d6f4bc4,   5.753560, -75.370970,2026-07-16 06:54:00,NOAA-20,Sonsón,Antioquia,Colombia,113,2,53,,,,,34.0
549aa44b-b43a-3672-b94c-bec8bf5d821f,   4.116480, -74.692990,2026-07-16 06:54:00,NOAA-20,Cunday,Tolima,Colombia,978,29,53,,,,,11.9
c1ca3d47-ef35-3a3e-b6ed-b6c39dbf0499,   1.482450, -77.290720,2026-07-16 06:54:00,NOAA-20,San Lorenzo,Nariño,Colombia,762,21,53,,,,,2.9
69e5ccdf-214a-3ec6-9160-574fad095b4b,   5.704860, -75.177860,2026-07-16 06:54:00,NOAA-20,Argelia,Antioquia,Colombia,21,2,53,,,,,1.3
24deff03-a599-3576-b669-43381e2835b5,   4.942640, -74.966840,2026-07-16 06:54:00,NOAA-20,Armero,Tolima,Colombia,970,29,53,,,,,6.7
43f3b3b2-affe-3a85-a6c7-4b735be573a5,   4.115950, -74.689800,2026-07-16 06:54:00,NOAA-20,Cunday,Tolima,Colombia,978,29,53,,,,,11.9
d52f8040-237c-3bc8-8273-35193cf9d137,   1.483050, -77.294460,2026-07-16 06:54:00,NOAA-20,San Lorenzo,Nariño,Colombia,762,21,53,,,,,2.9
f37dc37d-536f-33e5-a357-3c133df19fa3,   1.622300, -77.530920,2026-07-16 06:54:00,NOAA-20,Cumbitara,Nariño,Colombia,726,21,53,,,,,2.9
84bce10f-bc3f-375d-b19f-afca1ce73c00,   1.486130, -77.289860,2026-07-16 06:54:00,NOAA-20,San Lorenzo,Nariño,Colombia,762,21,53,,,,,2.9
73aaedd7-cc0d-36fb-bd47-fbf350f6f669,   2.818360, -76.409900,2026-07-16 06:54:00,NOAA-20,Caldonó,Cauca,Colombia,413,11,53,,,,,3.3
ee54d48d-7251-3fe2-969f-7d650728246b,   5.752930, -75.367140,2026-07-16 06:54:00,NOAA-20,Sonsón,Antioquia,Colombia,113,2,53,,,,,34.0
9c1c63c4-aba1-3543-83c1-77f8452bcdc6,   3.209040, -76.287250,2026-07-16 06:54:00,NOAA-20,Corinto,Cauca,Colombia,415,11,53,,,,,2.1
a2edd5d8-f692-3a84-96c9-c0fba58fd58f,   1.626060, -77.530840,2026-07-16 06:54:00,NOAA-20,Cumbitara,Nariño,Colombia,726,21,53,,,,,2.9
dc1c3ce8-2c01-3aa5-ad28-595b8d75466e,  -7.542500, -77.613750,2026-07-16 06:57:00,NOAA-20,Bolívar,La Libertad,Peru,114,13,178,,,,,1.1
013ec58c-9ac1-36bf-afbe-c97f793927a2,  -4.536090, -81.266030,2026-07-16 06:57:00,NOAA-20,Talara,Piura,Peru,160,21,178,,,,,0.9
90c0e60f-b064-393c-9e5d-239e43f946a0,   -.288740, -78.643490,2026-07-16 06:57:00,NOAA-20,Quito,Pichincha,Ecuador,169,19,68,,,,,0.5
4689e425-7df2-3b3c-8926-b96bed0fb7bd,  -7.543080, -77.609760,2026-07-16 06:57:00,NOAA-20,Bolívar,La Libertad,Peru,114,13,178,,,,,1.1
d6d8d12b-ae55-3fa0-ae50-3e688eac6737,  -2.154510, -79.671390,2026-07-16 06:57:00,NOAA-20,San Jacinto de Yaguac,Guayas,Ecuador,92,10,68,,,,,1.0
8e7e0a11-297d-3541-872b-9a7bd42506f0,   -.272020, -78.241970,2026-07-16 06:57:00,NOAA-20,Quito,Pichincha,Ecuador,169,19,68,,,,,1.1
930deed9-2335-3716-b0ea-cf74fb06be1d,  -2.076500, -79.966100,2026-07-16 06:57:00,NOAA-20,Guayaquil,Guayas,Ecuador,82,10,68,,,,,0.8
facb0faf-4851-31a4-be19-b23473ed9e36,  -4.594040, -81.195060,2026-07-16 06:57:00,NOAA-20,Talara,Piura,Peru,160,21,178,,,,,0.7
282fc09f-4090-3589-a03d-94ab65d9a437,  -2.263400, -80.226970,2026-07-16 06:57:00,NOAA-20,Guayaquil,Guayas,Ecuador,82,10,68,,,,,1.0
a1d417c4-16c8-3f25-9bd0-cc056d424bb9,  -7.547030, -77.611760,2026-07-16 06:57:00,NOAA-20,Bolívar,La Libertad,Peru,114,13,178,,,,,1.4
a36dcd7c-2e1b-3670-8bc0-e9297053fa90,  -5.895890, -79.863660,2026-07-16 06:57:00,NOAA-20,Lambayeque,Lambayeque,Peru,127,14,178,,,,,1.3
e67207b9-bb65-3fc3-b76e-12b9fd1ff9af,  -2.261790, -78.635730,2026-07-16 06:57:00,NOAA-20,Alausí,Chimborazo,Ecuador,33,5,68,,,,,3.6
ec4b25d7-dbc7-3958-8766-cc1d6ea74072,  -5.899450, -79.864220,2026-07-16 06:57:00,NOAA-20,Lambayeque,Lambayeque,Peru,127,14,178,,,,,1.3
3a41f849-2ba7-3a87-9e40-50c81d4b0791,   -.970070, -79.466940,2026-07-16 06:57:00,NOAA-20,Quevedo,Los Rios,Ecuador,124,13,68,,,,,1.5
77412887-536c-3925-bd52-28eebf8367f2,  -2.261150, -78.639860,2026-07-16 06:57:00,NOAA-20,Alausí,Chimborazo,Ecuador,33,5,68,,,,,1.2
294cd72a-b3f4-30c8-a29b-4b63eabc2029,  -2.153910, -79.675180,2026-07-16 06:57:00,NOAA-20,San Jacinto de Yaguac,Guayas,Ecuador,92,10,68,,,,,1.7
e8a10f1e-e6f6-3a6d-b688-a7b019f8bcd6,  -9.169880, -78.247560,2026-07-16 06:59:00,NOAA-20,Santa,Ancash,Peru,25,2,178,,,,,3.2
3f99dab5-5440-3745-bf7f-0588088f87c2,  -9.170400, -78.243910,2026-07-16 06:59:00,NOAA-20,Santa,Ancash,Peru,25,2,178,,,,,3.2
08d977fe-6c1a-3835-8ebb-0208130ebe95,  -9.165800, -78.246910,2026-07-16 06:59:00,NOAA-20,Santa,Ancash,Peru,25,2,178,,,,,3.2
50344025-634c-396a-83e5-458e6f268078,  -8.156470, -77.961710,2026-07-16 06:59:00,NOAA-20,Santiago de Chuco,La Libertad,Peru,122,13,178,,,,,0.5
f5d4ad60-3854-3021-8dd4-2d03370cdfd5,  -9.166320, -78.243300,2026-07-16 06:59:00,NOAA-20,Santa,Ancash,Peru,25,2,178,,,,,3.2
61f545a9-5694-3abb-b57c-af9bedc3994c,  -1.640150, -54.462330,2026-07-16 07:09:00,AQUA_M-M,ALENQUER,PARÁ,Brasil,1500404,15,33,,,,Amazônia,8.7
04c732b4-d31e-365e-8026-1323b78dbc16,  -1.638840, -54.471020,2026-07-16 07:09:00,AQUA_M-M,ALENQUER,PARÁ,Brasil,1500404,15,33,,,,Amazônia,4.9
78be4ba1-2a1c-33f1-9045-6330556937de, -16.130670, -60.617130,2026-07-16 07:12:00,AQUA_M-M,José Miguel de Velasco,Santa Cruz,Bolivia,85,8,28,,,,,107.3
7260b88f-9ae3-3fe8-a3ab-296adc67365a, -16.958620, -60.655400,2026-07-16 07:12:00,AQUA_M-M,José Miguel de Velasco,Santa Cruz,Bolivia,85,8,28,,,,,5.8
220d6685-60e1-3ecf-9984-43944f28b483, -17.472600, -59.540530,2026-07-16 07:12:00,AQUA_M-M,Chiquitos,Santa Cruz,Bolivia,80,8,28,,,,,7.1
dac3dc63-42d8-375a-aea5-64f5f928eb62, -16.125000, -60.651450,2026-07-16 07:12:00,AQUA_M-M,José Miguel de Velasco,Santa Cruz,Bolivia,85,8,28,,,,,27.6
dbe8224d-d67d-3d87-8417-6c4323f656b6, -16.345380, -59.580210,2026-07-16 07:12:00,AQUA_M-M,José Miguel de Velasco,Santa Cruz,Bolivia,85,8,28,,,,,7.2
2bce1689-5882-3a07-82b5-119ff8b24d75, -16.336450, -59.693440,2026-07-16 07:12:00,AQUA_M-M,José Miguel de Velasco,Santa Cruz,Bolivia,85,8,28,,,,,14.6
bb520800-59b8-3003-8649-5ebd19b7ae92, -16.136680, -60.641750,2026-07-16 07:12:00,AQUA_M-M,José Miguel de Velasco,Santa Cruz,Bolivia,85,8,28,,,,,10.3
100b0129-fbbf-3e14-8784-ba33366193cc, -16.402260, -59.579670,2026-07-16 07:12:00,AQUA_M-M,José Miguel de Velasco,Santa Cruz,Bolivia,85,8,28,,,,,8.1
bcfbd143-71ec-3a35-be6d-ddc484f4cf04, -15.678260, -61.600460,2026-07-16 07:12:00,AQUA_M-M,Ñuflo de Chávez,Santa Cruz,Bolivia,78,8,28,,,,,11.8
445296ce-81a4-35f7-9eb2-0ec5ac4a2a38, -16.115200, -60.649690,2026-07-16 07:12:00,AQUA_M-M,José Miguel de Velasco,Santa Cruz,Bolivia,85,8,28,,,,,7.0
c5008164-77e6-36a1-acd6-9ae7e0e8850a, -17.107240, -60.636680,2026-07-16 07:12:00,AQUA_M-M,José Miguel de Velasco,Santa Cruz,Bolivia,85,8,28,,,,,26.1
f004cfe8-47f0-391f-9f8b-d5f64946d472, -17.696590, -60.985800,2026-07-16 07:12:00,AQUA_M-M,Chiquitos,Santa Cruz,Bolivia,80,8,28,,,,,11.6
87590bc3-ce05-3d4f-804f-9c1201cc7008, -16.397420, -59.609970,2026-07-16 07:12:00,AQUA_M-M,José Miguel de Velasco,Santa Cruz,Bolivia,85,8,28,,,,,6.1
f3035ad3-1edb-352d-9abb-82d5f3101aec, -16.113010, -60.602190,2026-07-16 07:12:00,AQUA_M-M,José Miguel de Velasco,Santa Cruz,Bolivia,85,8,28,,,,,13.3
4d079f0b-ad52-3135-b289-116ce61a39ee, -16.124680, -60.592530,2026-07-16 07:12:00,AQUA_M-M,José Miguel de Velasco,Santa Cruz,Bolivia,85,8,28,,,,,7.9
5e826393-5360-3091-8bae-254c08a08f88, -16.128780, -60.628540,2026-07-16 07:12:00,AQUA_M-M,José Miguel de Velasco,Santa Cruz,Bolivia,85,8,28,,,,,140.9
2d3c4f71-b9a9-39af-a2a6-03b0d2e148b3, -16.956760, -60.666700,2026-07-16 07:12:00,AQUA_M-M,José Miguel de Velasco,Santa Cruz,Bolivia,85,8,28,,,,,12.3
9a15178b-d72f-31ad-b944-a6148f93fd20, -16.132550, -60.605720,2026-07-16 07:12:00,AQUA_M-M,José Miguel de Velasco,Santa Cruz,Bolivia,85,8,28,,,,,54.1
8390acc9-d1a1-3c55-8d36-019793ee0670, -17.256720, -60.232440,2026-07-16 07:12:00,AQUA_M-M,Chiquitos,Santa Cruz,Bolivia,80,8,28,,,,,7.1
22d4e0c1-c9e6-3706-aa7d-50ffccc5f7fc, -16.954890, -60.678000,2026-07-16 07:12:00,AQUA_M-M,José Miguel de Velasco,Santa Cruz,Bolivia,85,8,28,,,,,11.2
7c2367cc-c1f2-3f88-ba5f-3c8c20763ae4, -16.561210, -60.818040,2026-07-16 07:12:00,AQUA_M-M,José Miguel de Velasco,Santa Cruz,Bolivia,85,8,28,,,,,19.5
f6d69e3a-dbf6-3eb2-a10c-a1629de1fa92, -16.953040, -60.689230,2026-07-16 07:12:00,AQUA_M-M,José Miguel de Velasco,Santa Cruz,Bolivia,85,8,28,,,,,7.7
a1fd6933-b500-33ea-b943-e1a8fae0e29b, -18.328900, -59.043880,2026-07-16 07:12:00,AQUA_M-M,Chiquitos,Santa Cruz,Bolivia,80,8,28,,,,,4.9
c9e28df6-3c61-30f8-9c9d-5aac5a0bccea, -17.496730, -59.564870,2026-07-16 07:12:00,AQUA_M-M,Chiquitos,Santa Cruz,Bolivia,80,8,28,,,,,5.9
a9fdc1aa-d9e0-3dc5-84cb-fea568db0723, -16.545230, -60.732090,2026-07-16 07:12:00,AQUA_M-M,José Miguel de Velasco,Santa Cruz,Bolivia,85,8,28,,,,,7.8
322c7bda-1fbd-3c25-b936-6b954b631bb8, -16.403000, -61.823630,2026-07-16 07:12:00,AQUA_M-M,Ñuflo de Chávez,Santa Cruz,Bolivia,78,8,28,,,,,6.5
1b61ccb2-6039-35ef-bb50-255f96f096b5, -16.344060, -59.705250,2026-07-16 07:12:00,AQUA_M-M,José Miguel de Velasco,Santa Cruz,Bolivia,85,8,28,,,,,21.6
1c471836-602e-36cd-b96a-fd966266f899, -16.317930, -59.642680,2026-07-16 07:12:00,AQUA_M-M,José Miguel de Velasco,Santa Cruz,Bolivia,85,8,28,,,,,13.4
51e03c55-d575-3637-801b-4f284748590b, -15.919170, -61.621930,2026-07-16 07:12:00,AQUA_M-M,Ñuflo de Chávez,Santa Cruz,Bolivia,78,8,28,,,,,7.2
666a7306-2f03-36ee-a23e-b1e8bbf9e46a, -18.270230, -60.823360,2026-07-16 07:12:00,AQUA_M-M,Cordillera,Santa Cruz,Bolivia,81,8,28,,,,,7.5
2f4f5141-9d4d-3f1b-848b-f8050c7aeb0e, -16.559260, -60.829820,2026-07-16 07:12:00,AQUA_M-M,José Miguel de Velasco,Santa Cruz,Bolivia,85,8,28,,,,,36.3
ea9983aa-56af-348a-b953-3e5c6f249352, -18.272110, -60.812210,2026-07-16 07:12:00,AQUA_M-M,Cordillera,Santa Cruz,Bolivia,81,8,28,,,,,9.2
d413ecf4-084a-307d-af1b-3fee72853df4, -16.326250, -59.639360,2026-07-16 07:12:00,AQUA_M-M,José Miguel de Velasco,Santa Cruz,Bolivia,85,8,28,,,,,14.8
3e21f2e7-df5a-385a-9eaa-0922ba9cdd61, -18.325940, -59.062810,2026-07-16 07:12:00,AQUA_M-M,Chiquitos,Santa Cruz,Bolivia,80,8,28,,,,,11.5
a01bbcf1-be3d-38e5-9d70-37ea01a92c50, -16.126890, -60.639970,2026-07-16 07:12:00,AQUA_M-M,José Miguel de Velasco,Santa Cruz,Bolivia,85,8,28,,,,,195.0
95c28c4d-cd69-3552-8d5c-1296cc6f75ed, -17.644010, -59.684440,2026-07-16 07:12:00,AQUA_M-M,Chiquitos,Santa Cruz,Bolivia,80,8,28,,,,,5.3
53b389c5-f1c7-3cf5-9c37-6828d8709f3e, -16.399020, -59.599930,2026-07-16 07:12:00,AQUA_M-M,José Miguel de Velasco,Santa Cruz,Bolivia,85,8,28,,,,,6.1
ca1d0a33-2469-30b0-b2ef-2a2c1eb7b542, -18.333350, -59.073800,2026-07-16 07:12:00,AQUA_M-M,Chiquitos,Santa Cruz,Bolivia,80,8,28,,,,,7.7
77c25e97-7550-333f-8ca5-f0a30ceeaa0c, -16.119000, -60.626790,2026-07-16 07:12:00,AQUA_M-M,José Miguel de Velasco,Santa Cruz,Bolivia,85,8,28,,,,,67.0
8cda3951-b5fb-3667-a440-3919079bc429, -16.340460, -59.610490,2026-07-16 07:12:00,AQUA_M-M,José Miguel de Velasco,Santa Cruz,Bolivia,85,8,28,,,,,7.5
bb1f910a-417c-3fb6-9dab-11f1d2206c48, -18.355560, -59.048440,2026-07-16 07:12:00,AQUA_M-M,Chiquitos,Santa Cruz,Bolivia,80,8,28,,,,,5.4
ab4ecb9e-d779-3c1f-b3f3-8b6dfacd8555, -16.122790, -60.603940,2026-07-16 07:12:00,AQUA_M-M,José Miguel de Velasco,Santa Cruz,Bolivia,85,8,28,,,,,251.9
7aa2598a-a904-3d14-9f7b-c9d87c836e42, -17.698540, -60.974280,2026-07-16 07:12:00,AQUA_M-M,Chiquitos,Santa Cruz,Bolivia,80,8,28,,,,,6.3
fc4178ff-f07e-3cb7-86dd-99d70087b502, -16.338100, -59.683290,2026-07-16 07:12:00,AQUA_M-M,José Miguel de Velasco,Santa Cruz,Bolivia,85,8,28,,,,,17.6
3534a1a8-1cec-33d5-a050-b9f857830346, -17.266130, -60.234100,2026-07-16 07:12:00,AQUA_M-M,Chiquitos,Santa Cruz,Bolivia,80,8,28,,,,,8.1
44bfea93-d66d-35b0-908a-a53cc129d9a9, -16.366480, -59.625480,2026-07-16 07:12:00,AQUA_M-M,José Miguel de Velasco,Santa Cruz,Bolivia,85,8,28,,,,,8.6
9f4d8856-20a8-361e-83c9-684804fb397e, -16.074600, -60.460390,2026-07-16 07:12:00,AQUA_M-M,José Miguel de Velasco,Santa Cruz,Bolivia,85,8,28,,,,,10.5
88bff436-c639-3252-8605-7c91781c4866, -15.665440, -61.611870,2026-07-16 07:12:00,AQUA_M-M,Ñuflo de Chávez,Santa Cruz,Bolivia,78,8,28,,,,,30.3
37f4d8c9-ea46-340b-9dbe-68086f18b3b1, -16.374080, -59.637170,2026-07-16 07:12:00,AQUA_M-M,José Miguel de Velasco,Santa Cruz,Bolivia,85,8,28,,,,,10.8
b9b2b396-65cc-33fd-ba16-ae2c4d7067d8, -15.922930, -61.919320,2026-07-16 07:12:00,AQUA_M-M,Ñuflo de Chávez,Santa Cruz,Bolivia,78,8,28,,,,,9.6
713d20ae-2e2b-3572-ad43-d1dc90b9ab12, -17.105360, -60.647920,2026-07-16 07:12:00,AQUA_M-M,José Miguel de Velasco,Santa Cruz,Bolivia,85,8,28,,,,,9.7
d2c38da1-5698-3b0f-b548-35e3f5ba2106, -16.404340, -61.880190,2026-07-16 07:12:00,AQUA_M-M,Ñuflo de Chávez,Santa Cruz,Bolivia,78,8,28,,,,,7.7
d8b76fba-9f4a-3f39-abbe-7687926c5491, -18.327420, -59.053340,2026-07-16 07:12:00,AQUA_M-M,Chiquitos,Santa Cruz,Bolivia,80,8,28,,,,,14.4
faed47cf-0106-3f23-b246-869af146376f, -15.754300, -61.566000,2026-07-16 07:12:00,AQUA_M-M,Ñuflo de Chávez,Santa Cruz,Bolivia,78,8,28,,,,,18.7
99bb19ba-2c83-3585-afe2-3810db7cfdab, -17.688780, -60.972520,2026-07-16 07:12:00,AQUA_M-M,Chiquitos,Santa Cruz,Bolivia,80,8,28,,,,,9.0
435544a7-1c16-3555-a37f-4a2290b68e1a, -17.495140, -59.574770,2026-07-16 07:12:00,AQUA_M-M,Chiquitos,Santa Cruz,Bolivia,80,8,28,,,,,12.5
3667b998-d636-3604-b2db-52b35d737a6b, -16.120900, -60.615340,2026-07-16 07:12:00,AQUA_M-M,José Miguel de Velasco,Santa Cruz,Bolivia,85,8,28,,,,,378.3
11388271-5a7a-35e3-8c52-9d9ad3e22061, -17.686820, -60.984030,2026-07-16 07:12:00,AQUA_M-M,Chiquitos,Santa Cruz,Bolivia,80,8,28,,,,,19.0
738e4671-fad9-37ba-bcfe-34d63c5d9056, -16.117100, -60.638220,2026-07-16 07:12:00,AQUA_M-M,José Miguel de Velasco,Santa Cruz,Bolivia,85,8,28,,,,,20.8
fa8fd482-0f70-3357-9a1f-f6e2410d78b8, -16.111120, -60.613590,2026-07-16 07:12:00,AQUA_M-M,José Miguel de Velasco,Santa Cruz,Bolivia,85,8,28,,,,,15.7
c01741fa-5f02-3bd1-a7ba-0940db6e84e7, -17.471010, -59.550360,2026-07-16 07:12:00,AQUA_M-M,Chiquitos,Santa Cruz,Bolivia,80,8,28,,,,,8.8
838f4ae7-3827-3fc5-9fa5-794dbe283c8e, -16.392440, -61.821600,2026-07-16 07:12:00,AQUA_M-M,Ñuflo de Chávez,Santa Cruz,Bolivia,78,8,28,,,,,14.1
cc93ce57-16ff-3e9e-bae4-a40cee70da15, -16.347020, -59.570150,2026-07-16 07:12:00,AQUA_M-M,José Miguel de Velasco,Santa Cruz,Bolivia,85,8,28,,,,,4.4
80240e85-8ca0-309c-8958-a3f43cf7b9b6, -23.351680, -57.899780,2026-07-16 07:14:00,AQUA_M-M,Pozo Colorado,Presidente Hayes,Paraguay,201,17,177,,,,,7.4
6bad70b6-477d-3dbc-824f-7a8b3e8b81df, -22.248620, -56.008270,2026-07-16 07:14:00,AQUA_M-M,ANTÔNIO JOÃO,MATO GROSSO DO SUL,Brasil,5000906,50,33,,,,Cerrado,16.0
5f6ecf1f-2825-3aba-af10-0d6dfc204109, -24.785530, -56.659020,2026-07-16 07:14:00,AQUA_M-M,25 de Diciembre,San Pedro,Paraguay,204,18,177,,,,,6.8
755d538a-59cf-3f1b-9365-9cfcabac3c21, -22.654520, -64.975110,2026-07-16 07:14:00,AQUA_M-M,Iruya,Salta,Argentina,391,17,12,,,,,12.7
b176217b-eab6-32ec-9afb-dcb83fd30c09, -25.746810, -57.435300,2026-07-16 07:14:00,AQUA_M-M,Carapeguá,Paraguarí,Paraguay,185,16,177,,,,,6.6
25a2a8df-233e-35ca-8038-ce8bd2bb1b38, -24.792050, -56.683490,2026-07-16 07:14:00,AQUA_M-M,25 de Diciembre,San Pedro,Paraguay,204,18,177,,,,,7.9
e0d623a9-363d-335f-9b5a-9c89b7e896a7, -26.137340, -56.708360,2026-07-16 07:14:00,AQUA_M-M,Mbuyapey,Paraguarí,Paraguay,189,16,177,,,,,25.0
9e8b3ad4-34d0-35da-a287-55e722e9dc78, -26.047850, -57.458050,2026-07-16 07:14:00,AQUA_M-M,Quiíndy,Paraguarí,Paraguay,192,16,177,,,,,6.0
07daa4df-d474-3315-a2f1-7678cddc3e99, -24.793590, -56.671970,2026-07-16 07:14:00,AQUA_M-M,Unión,San Pedro,Paraguay,216,18,177,,,,,16.4
e81debaa-d7b0-340b-95ea-7ae98d77c5e0, -26.117850, -56.705450,2026-07-16 07:14:00,AQUA_M-M,Mbuyapey,Paraguarí,Paraguay,189,16,177,,,,,8.9
a2818a3d-8002-38d3-bc93-252d68baafd9, -24.796010, -56.679220,2026-07-16 07:14:00,AQUA_M-M,Unión,San Pedro,Paraguay,216,18,177,,,,,16.6
6279bf6c-9039-3555-b73f-587723ad2a07, -24.179490, -56.918550,2026-07-16 07:14:00,AQUA_M-M,San Pablo,San Pedro,Paraguay,213,18,177,,,,,9.4
2268589d-d8fe-32d5-b97b-91e65d0aaba4, -26.129130, -56.694970,2026-07-16 07:14:00,AQUA_M-M,Borja,Guairá,Paraguay,129,13,177,,,,,13.0
5083874f-1d9c-3741-bba6-d2432e00b8d5, -24.520370, -60.632100,2026-07-16 07:14:00,AQUA_M-M,Patiño,Formosa,Argentina,257,9,12,,,,,5.4
7da08e04-98b1-3b3d-91aa-e43ec6304c26, -24.815190, -56.682180,2026-07-16 07:14:00,AQUA_M-M,Unión,San Pedro,Paraguay,216,18,177,,,,,16.1
3bbfce99-6f1b-3581-8121-67819fccf918, -24.247660, -56.731700,2026-07-16 07:14:00,AQUA_M-M,General Elizardo Aquino,San Pedro,Paraguay,207,18,177,,,,,6.0
2d44f2b1-315f-3f52-aa3b-66095cc20984, -22.250110, -55.996940,2026-07-16 07:14:00,AQUA_M-M,ANTÔNIO JOÃO,MATO GROSSO DO SUL,Brasil,5000906,50,33,,,,Cerrado,59.6
dfa67088-b8e0-338e-bb35-1e35bf52abaa, -22.651470, -64.991120,2026-07-16 07:14:00,AQUA_M-M,Iruya,Salta,Argentina,391,17,12,,,,,28.4
a3b05f5c-519c-3c6c-b33f-4c79cd44d34f, -20.569600, -64.830570,2026-07-16 07:14:00,AQUA_M-M,Nor Cinti,Chuquisaca,Bolivia,6,1,28,,,,,34.3
fc502951-07e0-3485-8bc7-d70213f05a38, -26.127600, -56.706890,2026-07-16 07:14:00,AQUA_M-M,Mbuyapey,Paraguarí,Paraguay,189,16,177,,,,,37.8
b7119707-d7b7-3f62-bbd4-bd81c9d616f5, -33.149280, -66.158840,2026-07-16 07:16:00,AQUA_M-M,Coronel Pringles,San Luis,Argentina,426,19,12,,,,,0.0
720f0225-dfeb-3ab9-b036-d3d6eb010f25,   5.760370, -75.375300,2026-07-16 08:43:00,AQUA_M-M,Abejorral,Antioquia,Colombia,9,2,53,,,,,9.3
7936b1fa-5bc7-38fa-a332-20c39eded3aa,   5.759030, -75.366650,2026-07-16 08:43:00,AQUA_M-M,Abejorral,Antioquia,Colombia,9,2,53,,,,,55.9
74d0cc86-2154-3068-a1aa-704e6b48a43b,  -6.849590, -79.825040,2026-07-16 08:48:00,AQUA_M-M,Chiclayo,Lambayeque,Peru,125,14,178,,,,,4.7
3dabea8c-646f-30b0-9d64-b9608305b170,  -4.796570, -37.325350,2026-07-16 11:42:00,TERRA_M-M,ICAPUÍ,CEARÁ,Brasil,2305357,23,33,,,,Caatinga,19.3
2817a16a-c640-342b-ac7a-786b6d268f56, -11.786390, -47.086300,2026-07-16 11:45:00,TERRA_M-M,DIANÓPOLIS,TOCANTINS,Brasil,1707009,17,33,,,,Cerrado,16.7
17c56bce-444f-3e23-8948-c2358d37ebeb,  -8.701780, -39.720680,2026-07-16 11:45:00,TERRA_M-M,SANTA MARIA DA BOA VISTA,PERNAMBUCO,Brasil,2612604,26,33,,,,Caatinga,25.2
634a4784-ce9f-38e2-9961-7d48e08273a1, -11.795250, -47.087610,2026-07-16 11:45:00,TERRA_M-M,DIANÓPOLIS,TOCANTINS,Brasil,1707009,17,33,,,,Cerrado,9.8
562ef3e2-be19-3263-8441-d5498a356ced,  -9.054920, -44.831000,2026-07-16 11:45:00,TERRA_M-M,BOM JESUS,PIAUÍ,Brasil,2201903,22,33,,,,Cerrado,7.5
d0a98a34-620e-3992-b9e1-0c83a1d2dce9, -13.255370, -45.111760,2026-07-16 11:45:00,TERRA_M-M,CORRENTINA,BAHIA,Brasil,2909307,29,33,,,,Cerrado,26.3
bc08da68-a876-3e67-bfea-b0a2f41179a6, -13.534000, -47.760110,2026-07-16 11:45:00,TERRA_M-M,CAVALCANTE,GOIÁS,Brasil,5205307,52,33,,,,Cerrado,4.9
83fa7b91-f8f2-3d0d-a723-5b60cfeaa9c0, -11.785070, -47.095360,2026-07-16 11:45:00,TERRA_M-M,DIANÓPOLIS,TOCANTINS,Brasil,1707009,17,33,,,,Cerrado,11.6
93707669-a307-3bcc-97b3-7b6ced3b8efe, -12.461070, -49.584920,2026-07-16 11:45:00,TERRA_M-M,SANDOLÂNDIA,TOCANTINS,Brasil,1718840,17,33,,,,Cerrado,7.3
d22da989-bee8-3587-bf02-bb19cebe34f1, -13.254060, -45.121300,2026-07-16 11:45:00,TERRA_M-M,CORRENTINA,BAHIA,Brasil,2909307,29,33,,,,Cerrado,36.8
e28fd62d-e2f3-3334-95a7-b0dc32d821fa, -12.458640, -49.589550,2026-07-16 11:45:00,TERRA_M-M,SANDOLÂNDIA,TOCANTINS,Brasil,1718840,17,33,,,,Cerrado,10.2
1f7cf6d0-8c7f-3066-9daa-a83e97ec587d,  -7.927890, -43.312580,2026-07-16 11:45:00,TERRA_M-M,PAVUSSU,PIAUÍ,Brasil,2207850,22,33,,,,Caatinga,7.8
8630d75c-be5c-3d3a-8a60-db9f41480952, -13.079970, -48.333270,2026-07-16 11:45:00,TERRA_M-M,PALMEIRÓPOLIS,TOCANTINS,Brasil,1715754,17,33,,,,Cerrado,12.6
87e8d5e5-fa86-3878-99bb-b621ef30a07f, -13.268270, -45.152540,2026-07-16 11:45:00,TERRA_M-M,CORRENTINA,BAHIA,Brasil,2909307,29,33,,,,Cerrado,11.5
55bb2c73-c690-3215-bc90-f157b52094fa, -10.664940, -45.185200,2026-07-16 11:45:00,TERRA_M-M,CRISTALÂNDIA DO PIAUÍ,PIAUÍ,Brasil,2203008,22,33,,,,Cerrado,13.3
06da49e9-890b-3e1a-a5ab-a4d866fa8bf3, -13.261820, -45.132190,2026-07-16 11:45:00,TERRA_M-M,CORRENTINA,BAHIA,Brasil,2909307,29,33,,,,Cerrado,6.8
ea0a2b0c-9b17-3af7-a6de-2885ebcd711a, -13.443750, -43.855690,2026-07-16 11:45:00,TERRA_M-M,SERRA DO RAMALHO,BAHIA,Brasil,2930154,29,33,,,,Cerrado,17.6
becfbdf1-13f8-3827-aeda-048fac557713, -13.081410, -48.323570,2026-07-16 11:45:00,TERRA_M-M,PALMEIRÓPOLIS,TOCANTINS,Brasil,1715754,17,33,,,,Cerrado,5.5
8cd391a2-b79c-3e5c-9e69-55b144b18611, -13.054060, -45.236260,2026-07-16 11:45:00,TERRA_M-M,SÃO DESIDÉRIO,BAHIA,Brasil,2928901,29,33,,,,Cerrado,7.1
4927282b-cc94-3d59-b2ed-32646726d7ed, -10.703790, -48.466500,2026-07-16 11:45:00,TERRA_M-M,PORTO NACIONAL,TOCANTINS,Brasil,1718204,17,33,,,,Cerrado,16.2
6bdfcbe9-8e7d-33ae-a064-cc2b8f252ccf, -14.143880, -46.273560,2026-07-16 11:45:00,TERRA_M-M,POSSE,GOIÁS,Brasil,5218300,52,33,,,,Cerrado,10.2
45a0f5ec-bf25-3b80-97d7-27cfe9d8eaa5, -13.052760, -45.245710,2026-07-16 11:45:00,TERRA_M-M,SÃO DESIDÉRIO,BAHIA,Brasil,2928901,29,33,,,,Cerrado,4.2
7d1f9659-007f-36fa-b48b-6c3a3c9b155d, -10.128950, -40.499990,2026-07-16 11:45:00,TERRA_M-M,CAMPO FORMOSO,BAHIA,Brasil,2906006,29,33,,,,Caatinga,8.3
b5285561-c21d-3cfb-82aa-3951decf3f31, -13.445210, -43.844680,2026-07-16 11:45:00,TERRA_M-M,SERRA DO RAMALHO,BAHIA,Brasil,2930154,29,33,,,,Cerrado,23.7
73144e77-1a9a-30e1-9a04-875203280c29, -10.663660, -45.194330,2026-07-16 11:45:00,TERRA_M-M,CRISTALÂNDIA DO PIAUÍ,PIAUÍ,Brasil,2203008,22,33,,,,Cerrado,27.4
a09f09fe-612a-39d4-8c28-1a24d0f5f67b, -22.256020, -55.993610,2026-07-16 11:47:00,TERRA_M-M,ANTÔNIO JOÃO,MATO GROSSO DO SUL,Brasil,5000906,50,33,,,,Cerrado,17.0
5a132073-c849-3507-9848-fbfe68c8ba1b, -20.341560, -46.619840,2026-07-16 11:47:00,TERRA_M-M,DELFINÓPOLIS,MINAS GERAIS,Brasil,3121209,31,33,,,,Cerrado,6.0
0230acbe-4d09-3c1f-88d9-e582c8179622, -16.892770, -46.790860,2026-07-16 11:47:00,TERRA_M-M,PARACATU,MINAS GERAIS,Brasil,3147006,31,33,,,,Cerrado,6.8
f1175c8f-f776-36e2-98a1-6226e0d11cb6, -22.265020, -56.003100,2026-07-16 11:47:00,TERRA_M-M,ANTÔNIO JOÃO,MATO GROSSO DO SUL,Brasil,5000906,50,33,,,,Cerrado,29.0
b83391f4-728b-3313-8bd1-083495f9519f, -22.264830, -56.019410,2026-07-16 11:47:00,TERRA_M-M,ANTÔNIO JOÃO,MATO GROSSO DO SUL,Brasil,5000906,50,33,,,,Cerrado,25.4
238be21e-f0e1-3dae-a6aa-35debb3254e0, -19.307690, -47.442990,2026-07-16 11:47:00,TERRA_M-M,SANTA JULIANA,MINAS GERAIS,Brasil,3157708,31,33,,,,Cerrado,14.6
785403da-9766-37c4-a0cd-8b85bd1a2b5f, -16.122110, -47.857040,2026-07-16 11:47:00,TERRA_M-M,CIDADE OCIDENTAL,GOIÁS,Brasil,5205497,52,33,,,,Cerrado,15.6
01a8578b-9a44-33d0-91a5-e72b2c74b6ba, -16.901630, -46.792180,2026-07-16 11:47:00,TERRA_M-M,PARACATU,MINAS GERAIS,Brasil,3147006,31,33,,,,Cerrado,4.3
58e41288-99a4-3b44-bdb2-5be6330b87f1, -15.999050, -46.720010,2026-07-16 11:47:00,TERRA_M-M,UNAÍ,MINAS GERAIS,Brasil,3170404,31,33,,,,Cerrado,4.4
e71aabe2-b551-33ab-b695-84f0a3fa88ce, -16.385290, -45.105810,2026-07-16 11:47:00,TERRA_M-M,SÃO ROMÃO,MINAS GERAIS,Brasil,3164209,31,33,,,,Cerrado,6.8
1b4a12a4-d665-3a06-8229-594d29c08d97, -16.123450, -47.847870,2026-07-16 11:47:00,TERRA_M-M,CIDADE OCIDENTAL,GOIÁS,Brasil,5205497,52,33,,,,Cerrado,5.8
67bbfdd0-b72e-303a-8a94-a768e467fd5d, -17.572040, -46.542500,2026-07-16 11:47:00,TERRA_M-M,LAGOA GRANDE,MINAS GERAIS,Brasil,3137536,31,33,,,,Cerrado,3.7
f3aad4cb-7f3f-3b0f-8abe-a7cbaa45e910, -30.705710, -52.565630,2026-07-16 11:49:00,TERRA_M-M,ENCRUZILHADA DO SUL,RIO GRANDE DO SUL,Brasil,4306908,43,33,,,,Pampa,6.0
aeecdc71-895c-3e1f-9b1a-bbbea800a4d3, -30.696600, -52.563710,2026-07-16 11:49:00,TERRA_M-M,ENCRUZILHADA DO SUL,RIO GRANDE DO SUL,Brasil,4306908,43,33,,,,Pampa,16.7
f0fa56d3-1049-3f8d-aa6e-2a37aa26c334, -23.863700, -53.956900,2026-07-16 11:49:00,TERRA_M-M,ALTÔNIA,PARANÁ,Brasil,4100509,41,33,,,,Mata Atlântica,9.3
43e39946-df29-30eb-9afb-e7e0048eb649, -30.646950, -52.757490,2026-07-16 11:49:00,TERRA_M-M,ENCRUZILHADA DO SUL,RIO GRANDE DO SUL,Brasil,4306908,43,33,,,,Pampa,7.5
795ced19-ee01-3a9c-81a4-f0943c70467e,  -9.458220, -63.856710,2026-07-16 13:23:00,TERRA_M-T,PORTO VELHO,RONDÔNIA,Brasil,1100205,11,33,,,,Amazônia,20.9
ca0dc0fa-9b0e-3038-bfb1-ab3ae19bb2cb,  -9.455670, -63.877450,2026-07-16 13:23:00,TERRA_M-T,PORTO VELHO,RONDÔNIA,Brasil,1100205,11,33,,,,Amazônia,28.4
c8fb6582-3445-3254-91e2-3cebf5fd08c6, -20.860380, -64.611280,2026-07-16 13:25:00,TERRA_M-T,Sud Cinti,Chuquisaca,Bolivia,8,1,28,,,,,47.5
9dca451a-3751-3889-80c8-8c699d5864c5, -20.857360, -64.643090,2026-07-16 13:25:00,TERRA_M-T,Sud Cinti,Chuquisaca,Bolivia,8,1,28,,,,,28.3
5a572212-6430-3a60-93c5-91af81bebfde, -15.311080, -68.840480,2026-07-16 13:25:00,TERRA_M-T,Bautista Saavedra,La Paz,Bolivia,34,4,28,,,,,6.5
d7a6e66e-b41c-388c-a96a-a917184946d4, -20.861960, -64.621380,2026-07-16 13:25:00,TERRA_M-T,Sud Cinti,Chuquisaca,Bolivia,8,1,28,,,,,62.0
7755020a-731e-33b8-9141-cf54eee8d570, -22.664900, -65.010050,2026-07-16 13:27:00,TERRA_M-T,Iruya,Salta,Argentina,391,17,12,,,,,50.6
7441f2d8-f258-37ff-b150-a0ec409e1e34, -22.653800, -64.969180,2026-07-16 13:27:00,TERRA_M-T,Iruya,Salta,Argentina,391,17,12,,,,,56.5
