id,lat,lon,data_hora_gmt,satelite,municipio,estado,pais,municipio_id,estado_id,pais_id,numero_dias_sem_chuva,precipitacao,risco_fogo,bioma,frp
3c545ad6-9d9b-3abd-bb3a-dd4b1c58a60b, -13.451700, -72.924000,2026-07-12 00:00:00,GOES-19,Abancay,Apurímac,Peru,28,3,178,30,0.0,0.86,,38.7
23133088-654e-36a8-bf55-e0bd0ab3a542, -13.432800, -72.905600,2026-07-12 00:00:00,GOES-19,Abancay,Apurímac,Peru,28,3,178,30,0.0,0.7,,50.2
75405446-37e8-3957-b1cc-183db404407d,  -4.340200, -47.764500,2026-07-12 00:00:00,GOES-19,DOM ELISEU,PARÁ,Brasil,1502939,15,33,15,0.0,0.89,Amazônia,91.8
d149188d-d446-341a-8e58-56e592783757, -13.432800, -72.924200,2026-07-12 00:00:00,GOES-19,Abancay,Apurímac,Peru,28,3,178,30,0.0,0.84,,63.3
e734c330-c18d-3e17-bfee-6a17603ee63f,  -2.805550, -48.592900,2026-07-12 00:01:00,TERRA_M-M,TAILÂNDIA,PARÁ,Brasil,1507953,15,33,6,0.21,0.71,Amazônia,11.2
28af42d3-5f74-3e97-89c3-5a2818e8ca70,  -3.136150, -48.986990,2026-07-12 00:01:00,TERRA_M-M,MOJU,PARÁ,Brasil,1504703,15,33,3,0.0,0.16,Amazônia,10.2
acc9a3a1-7990-39c4-9695-bd1838d4c933,  -2.961000, -48.987330,2026-07-12 00:01:00,TERRA_M-M,TAILÂNDIA,PARÁ,Brasil,1507953,15,33,4,0.0,0.62,Amazônia,4.5
c9509150-e0df-3d29-a546-b5b5ea0dcb9a,  -4.618400, -49.048930,2026-07-12 00:01:00,TERRA_M-M,JACUNDÁ,PARÁ,Brasil,1503804,15,33,4,0.0,1.0,Amazônia,12.3
a94f89c5-e922-33ef-bd22-a60fb6ceff23,  -5.648870, -49.043830,2026-07-12 00:01:00,TERRA_M-M,MARABÁ,PARÁ,Brasil,1504208,15,33,37,0.0,1.0,Amazônia,9.3
a656e34c-e1b1-31f3-8a87-7c8371a44c0e,  -3.494170, -48.044930,2026-07-12 00:01:00,TERRA_M-M,PARAGOMINAS,PARÁ,Brasil,1505502,15,33,4,0.0,0.42,Amazônia,14.6
82b0b018-71c6-3a02-80d4-4931c936792a,  -4.609450, -49.050140,2026-07-12 00:01:00,TERRA_M-M,JACUNDÁ,PARÁ,Brasil,1503804,15,33,4,0.0,1.0,Amazônia,33.7
8b68bf6a-e4bf-3ee3-bfe1-68c114fa7922,  -3.134930, -48.978120,2026-07-12 00:01:00,TERRA_M-M,MOJU,PARÁ,Brasil,1504703,15,33,3,0.0,0.28,Amazônia,4.7
3b5392ea-be2d-330a-8f60-c8cb3638fa7e,  -4.663880, -43.233560,2026-07-12 00:01:00,TERRA_M-M,ALDEIAS ALTAS,MARANHÃO,Brasil,2100303,21,33,14,0.0,0.5,Cerrado,10.6
a1b98b72-25e0-33a5-bcfe-45b8d465bec9,  -4.808460, -45.768830,2026-07-12 00:01:00,TERRA_M-M,ARAME,MARANHÃO,Brasil,2100956,21,33,9,0.0,0.86,Amazônia,11.8
bc9b8ab0-c59f-30fd-b45e-8d0f2b413031,  -5.650130, -49.053030,2026-07-12 00:01:00,TERRA_M-M,MARABÁ,PARÁ,Brasil,1504208,15,33,40,0.0,1.0,Amazônia,10.0
e2d5780d-cfaf-3742-a7f6-8c32ca2f6451,  -4.610690, -49.059200,2026-07-12 00:01:00,TERRA_M-M,JACUNDÁ,PARÁ,Brasil,1503804,15,33,4,0.0,1.0,Amazônia,17.7
b50a5d9f-2d06-3361-bc74-878f38f2caf2,  -1.879550, -54.684430,2026-07-12 00:01:00,TERRA_M-M,ALENQUER,PARÁ,Brasil,1500404,15,33,6,0.6,0.64,Amazônia,50.3
a003e1e6-3fd3-3fd8-82fd-e7e49cf4eed7,  -4.663190, -43.227200,2026-07-12 00:01:00,TERRA_M-M,ALDEIAS ALTAS,MARANHÃO,Brasil,2100303,21,33,14,0.0,0.5,Cerrado,13.3
7b4d29dd-a2d2-3b94-88b5-cfc5348e1d79,  -3.312660, -49.469570,2026-07-12 00:01:00,TERRA_M-M,MOJU,PARÁ,Brasil,1504703,15,33,4,0.0,0.15,Amazônia,16.5
2b50c307-55ed-3436-af9f-46bbdda99aa3,  -2.969860, -48.986100,2026-07-12 00:01:00,TERRA_M-M,TAILÂNDIA,PARÁ,Brasil,1507953,15,33,4,0.0,0.72,Amazônia,3.6
aef0cf8e-09d3-3cea-8906-c7361b5dfc76,  -3.492950, -48.036140,2026-07-12 00:01:00,TERRA_M-M,PARAGOMINAS,PARÁ,Brasil,1505502,15,33,4,0.0,0.39,Amazônia,36.0
7539a1cf-3dff-3379-95d0-b7b01133544f,  -2.766630, -48.571480,2026-07-12 00:01:00,TERRA_M-M,TAILÂNDIA,PARÁ,Brasil,1507953,15,33,6,0.03,0.16,Amazônia,4.3
dcc220fc-4ec6-3223-b1d1-662b780d71f0,  -2.971080, -48.994960,2026-07-12 00:01:00,TERRA_M-M,TAILÂNDIA,PARÁ,Brasil,1507953,15,33,4,0.0,0.66,Amazônia,17.6
d7719af1-1c4e-3035-827b-f26ddbccb098,  -4.342270, -47.775130,2026-07-12 00:01:00,TERRA_M-M,DOM ELISEU,PARÁ,Brasil,1502939,15,33,15,0.0,0.85,Amazônia,84.1
959437fa-950f-3e61-b366-12f26dd0b250,  -3.311400, -49.460460,2026-07-12 00:01:00,TERRA_M-M,MOJU,PARÁ,Brasil,1504703,15,33,4,0.0,0.15,Amazônia,18.5
0ec0971a-9da8-3f67-b9fc-382434665063,  -5.681170, -49.817420,2026-07-12 00:01:00,TERRA_M-M,MARABÁ,PARÁ,Brasil,1504208,15,33,2,0.1,1.0,Amazônia,12.2
d1524cec-ef33-3855-a9c0-cc5eb91849c2,  -2.962220, -48.996200,2026-07-12 00:01:00,TERRA_M-M,TAILÂNDIA,PARÁ,Brasil,1507953,15,33,4,0.0,0.38,Amazônia,23.1
afd1c33b-6e1f-38b7-92e5-5a6d1c93404e,  -4.341050, -47.766300,2026-07-12 00:01:00,TERRA_M-M,DOM ELISEU,PARÁ,Brasil,1502939,15,33,15,0.0,0.83,Amazônia,124.0
bf76137b-9d35-3107-b50e-8596d3d117c8, -13.432800, -72.924200,2026-07-12 00:10:00,GOES-19,Abancay,Apurímac,Peru,28,3,178,30,0.0,0.84,,62.8
0dbca8fb-ab5f-3875-bbb2-a28899db46ec, -13.432800, -72.905600,2026-07-12 00:10:00,GOES-19,Abancay,Apurímac,Peru,28,3,178,30,0.0,0.7,,39.8
d07ba3b5-5a43-3bff-b46b-8ebeca70d518,  -4.340200, -47.764500,2026-07-12 00:10:00,GOES-19,DOM ELISEU,PARÁ,Brasil,1502939,15,33,15,0.0,0.89,Amazônia,79.4
c25bf92d-47e9-3a36-9231-bb5e6ed0a5ed, -13.451700, -72.924000,2026-07-12 00:10:00,GOES-19,Abancay,Apurímac,Peru,28,3,178,30,0.0,0.86,,44.9
f9d58055-50a5-3f51-8a99-e2f902a6cb79, -17.150800, -60.554500,2026-07-12 00:20:00,GOES-19,José Miguel de Velasco,Santa Cruz,Bolivia,85,8,28,16,3.27,0.43,,59.3
e883728b-7093-3deb-8543-1e7978266578, -13.432800, -72.924200,2026-07-12 00:20:00,GOES-19,Abancay,Apurímac,Peru,28,3,178,30,0.0,0.84,,56.2
581f9872-e1f2-3bfb-937c-ef57b6d00b9b,  -4.340200, -47.764500,2026-07-12 00:20:00,GOES-19,DOM ELISEU,PARÁ,Brasil,1502939,15,33,15,0.0,0.89,Amazônia,91.0
0746f208-a7ac-31cb-af9b-4836ebc39955, -13.432800, -72.905600,2026-07-12 00:20:00,GOES-19,Abancay,Apurímac,Peru,28,3,178,30,0.0,0.7,,42.7
bcf6bf49-0b39-3a5e-ab0c-c0638e98f676, -13.432800, -72.924200,2026-07-12 00:30:00,GOES-19,Abancay,Apurímac,Peru,28,3,178,30,0.0,0.84,,69.7
58f28f74-2892-3e67-b3a2-b8e5e067afed,  -4.340200, -47.764500,2026-07-12 00:30:00,GOES-19,DOM ELISEU,PARÁ,Brasil,1502939,15,33,15,0.0,0.89,Amazônia,53.6
2b60e0d9-dcf6-3433-a8b8-e93e5ac689f5, -13.432800, -72.905600,2026-07-12 00:30:00,GOES-19,Abancay,Apurímac,Peru,28,3,178,30,0.0,0.7,,52.0
dc758638-9bc1-348b-b484-54a70842cac7, -17.150800, -60.554500,2026-07-12 00:30:00,GOES-19,José Miguel de Velasco,Santa Cruz,Bolivia,85,8,28,16,3.27,0.43,,54.9
d65bd402-7a3c-34a4-befe-65261f76ed80, -17.150800, -60.554500,2026-07-12 00:40:00,GOES-19,José Miguel de Velasco,Santa Cruz,Bolivia,85,8,28,16,3.27,0.43,,56.3
31cd5d7c-d662-3c04-9500-075225fca7ea, -13.432800, -72.924200,2026-07-12 00:40:00,GOES-19,Abancay,Apurímac,Peru,28,3,178,30,0.0,0.84,,41.1
f18473d5-e553-3b70-8a47-a872f3167628, -17.131200, -60.556400,2026-07-12 00:40:00,GOES-19,José Miguel de Velasco,Santa Cruz,Bolivia,85,8,28,16,3.15,0.46,,54.7
1f401d5e-1f0d-37ad-bf8e-1920faa57b89,  -4.340200, -47.764500,2026-07-12 00:40:00,GOES-19,DOM ELISEU,PARÁ,Brasil,1502939,15,33,15,0.0,0.89,Amazônia,44.2
9ccea467-9c89-3e7b-8745-f7a221b91ed1,  -4.335000, -47.761799,2026-07-12 00:44:00,METOP-B,DOM ELISEU,PARÁ,Brasil,1502939,15,33,14,0.0,1.0,Amazônia,
c35f58e4-41ad-3d4d-88fc-4b5790cd4e01, -17.141300, -60.530899,2026-07-12 00:44:00,METOP-B,José Miguel de Velasco,Santa Cruz,Bolivia,85,8,28,16,3.07,0.46,,
e1c8cad7-d4ee-3a5f-800c-a255e915f94e,  -4.609500, -49.055099,2026-07-12 00:44:00,METOP-B,JACUNDÁ,PARÁ,Brasil,1503804,15,33,4,0.0,1.0,Amazônia,
63de4196-40af-370d-b01b-70ce8a65bbd3,  -1.878200, -54.679699,2026-07-12 00:44:00,METOP-B,ALENQUER,PARÁ,Brasil,1500404,15,33,6,0.6,1.0,Amazônia,
d9b4435a-1911-37a2-b2b4-617f73a192ff,   4.804400, -61.507099,2026-07-12 00:44:00,METOP-B,Gran Sabana,Bolívar,Venezuela,71,6,249,0,0.0,0.01,,
2febcfc6-1e28-3645-8aea-f58814a2cc22,  -8.724800, -47.825699,2026-07-12 00:44:00,METOP-B,ITACAJÁ,TOCANTINS,Brasil,1710508,17,33,24,0.0,1.0,Cerrado,
1d661daa-59c8-3c60-a92e-8f4af5c6dc47, -24.563900, -55.937401,2026-07-12 00:44:00,METOP-B,Villa San Isidro Curuguaty,Canindeyú,Paraguay,78,9,177,1,0.0,0.79,,
cc44f7c4-34c1-3175-af69-27fc0d5281a5, -17.143400, -60.541599,2026-07-12 00:44:00,METOP-B,José Miguel de Velasco,Santa Cruz,Bolivia,85,8,28,16,3.12,0.46,,
ab54f442-7e7d-38a8-8495-8b8bd14b0dca,  -1.876000, -54.670101,2026-07-12 00:44:00,METOP-B,ALENQUER,PARÁ,Brasil,1500404,15,33,6,0.6,1.0,Amazônia,
03a4e52f-2b68-379e-b19e-3a830a15d3ec,  -4.344600, -47.759499,2026-07-12 00:44:00,METOP-B,DOM ELISEU,PARÁ,Brasil,1502939,15,33,15,0.0,1.0,Amazônia,
4f9eb768-3074-3d4d-8fe3-d8dfc069c40f, -15.228200, -43.980999,2026-07-12 00:44:00,METOP-B,JAÍBA,MINAS GERAIS,Brasil,3135050,31,33,73,0.1,1.0,Cerrado,
13fb1437-e52c-36e6-a2aa-9d358c0ad4f9,   4.802800, -61.514099,2026-07-12 00:44:00,METOP-B,Gran Sabana,Bolívar,Venezuela,71,6,249,0,0.0,0.01,,
54e7d6fa-947a-3821-bb3e-5f8e3f63304c, -17.150800, -60.554500,2026-07-12 00:50:00,GOES-19,José Miguel de Velasco,Santa Cruz,Bolivia,85,8,28,16,3.27,0.43,,67.6
ce2fda24-0bb1-3cde-999a-5b34a9122539, -13.432800, -72.924200,2026-07-12 00:50:00,GOES-19,Abancay,Apurímac,Peru,28,3,178,30,0.0,0.84,,38.2
9aef70b7-ed82-363a-8e3c-bae4bea0b3dd,  -4.340200, -47.764500,2026-07-12 00:50:00,GOES-19,DOM ELISEU,PARÁ,Brasil,1502939,15,33,15,0.0,0.89,Amazônia,59.3
2c725379-1df7-30c7-a989-3d86b616117d, -13.432800, -72.924200,2026-07-12 01:00:00,GOES-19,Abancay,Apurímac,Peru,28,3,178,30,0.0,0.84,,39.4
715c318c-4226-35f1-bba7-94f0b0c55af7,  -4.340200, -47.764500,2026-07-12 01:00:00,GOES-19,DOM ELISEU,PARÁ,Brasil,1502939,15,33,15,0.0,0.89,Amazônia,48.7
7692e8ec-10da-3aed-8c8f-107d2508b8f6,  -4.614300, -49.042198,2026-07-12 01:09:00,METOP-C,JACUNDÁ,PARÁ,Brasil,1503804,15,33,4,0.0,1.0,Amazônia,
48243f9c-936f-35c5-a625-c572ee41a801,  -4.352700, -47.753700,2026-07-12 01:09:00,METOP-C,DOM ELISEU,PARÁ,Brasil,1502939,15,33,15,0.0,1.0,Amazônia,
7b49e986-5fd0-305a-a4a5-973cbd6dcd17,  -1.876600, -54.684101,2026-07-12 01:09:00,METOP-C,ALENQUER,PARÁ,Brasil,1500404,15,33,6,0.6,0.67,Amazônia,
9cae7e9f-e081-3897-9d69-2fe9917d7864,  -1.884600, -54.674099,2026-07-12 01:09:00,METOP-C,ALENQUER,PARÁ,Brasil,1500404,15,33,6,0.6,1.0,Amazônia,
52483576-538b-3f49-b0e1-e116b4d4ab97,  -4.347700, -47.775600,2026-07-12 01:09:00,METOP-C,DOM ELISEU,PARÁ,Brasil,1502939,15,33,15,0.0,0.87,Amazônia,
6a1361b8-c853-3151-8031-2d5c887e1efa, -20.586000, -58.167400,2026-07-12 01:09:00,METOP-C,Fuerte Olimpo,Alto Paraguay,Paraguay,17,2,177,0,0.0,0.57,,
b1aca7d4-97ea-3fd4-8e7c-16972e499f99,  -1.874800, -54.676300,2026-07-12 01:09:00,METOP-C,ALENQUER,PARÁ,Brasil,1500404,15,33,6,0.6,1.0,Amazônia,
d9109600-ec80-3550-befa-1f49f1e4b275,  -4.357400, -47.773201,2026-07-12 01:09:00,METOP-C,DOM ELISEU,PARÁ,Brasil,1502939,15,33,15,0.0,0.89,Amazônia,
82caff19-1a6d-307e-b897-e688f1c98596,  -2.972800, -49.000702,2026-07-12 01:09:00,METOP-C,MOJU,PARÁ,Brasil,1504703,15,33,4,0.0,0.81,Amazônia,
ca422641-7262-33fd-8ca9-139d9179a66b,  -2.968800, -48.983898,2026-07-12 01:09:00,METOP-C,TAILÂNDIA,PARÁ,Brasil,1507953,15,33,4,0.0,0.78,Amazônia,
523adcb3-f362-36bc-972a-61ac7d5810ee,  -1.886400, -54.681900,2026-07-12 01:09:00,METOP-C,ALENQUER,PARÁ,Brasil,1500404,15,33,6,0.59,0.75,Amazônia,
421cfa30-bc35-3b5c-97e0-ef840dab345e,  -4.343000, -47.756100,2026-07-12 01:09:00,METOP-C,DOM ELISEU,PARÁ,Brasil,1502939,15,33,15,0.0,1.0,Amazônia,
f0c4c772-2827-3db5-b412-116269e72977,  -4.618100, -49.057899,2026-07-12 01:09:00,METOP-C,JACUNDÁ,PARÁ,Brasil,1503804,15,33,4,0.0,1.0,Amazônia,
28df72ef-f0c6-3e63-9627-f026a651df9f, -13.749700, -54.060699,2026-07-12 01:09:00,METOP-C,GAÚCHA DO NORTE,MATO GROSSO,Brasil,5103858,51,33,18,7.35,0.42,Cerrado,
2b6c7cc2-4847-360b-9a99-b700b7ce9d92,  -8.728300, -47.828300,2026-07-12 01:09:00,METOP-C,ITACAJÁ,TOCANTINS,Brasil,1710508,17,33,24,0.0,1.0,Cerrado,
0678ad1c-8526-3921-979e-b24a3b85d20c,  -4.340200, -47.764500,2026-07-12 01:10:00,GOES-19,DOM ELISEU,PARÁ,Brasil,1502939,15,33,15,0.0,0.89,Amazônia,50.5
3c4c97c4-7522-3cc1-9394-1ee4f0a7ad64,   9.859900, -70.217100,2026-07-12 01:10:00,GOES-19,Carache,Trujillo,Venezuela,287,22,249,0,4.0,0.16,,44.7
09f14f1d-b8c5-34ba-9812-75bcffcb2c1f, -20.596930, -58.181670,2026-07-12 01:34:00,TERRA_M-M,Fuerte Olimpo,Alto Paraguay,Paraguay,17,2,177,0,0.0,0.55,,35.5
bff57181-54e2-30ac-b297-a5c8445b3fce, -23.766810, -65.313740,2026-07-12 01:34:00,TERRA_M-M,Tilcara,Jujuy,Argentina,274,10,12,79,0.0,0.72,,14.8
b7eed160-cfb1-386f-8d07-b3e7d133bcb3, -20.597810, -58.174240,2026-07-12 01:34:00,TERRA_M-M,Fuerte Olimpo,Alto Paraguay,Paraguay,17,2,177,0,0.0,0.55,,35.6
88641685-d02f-3b06-a55a-9ae0c784fc44, -23.768970, -65.327670,2026-07-12 01:34:00,TERRA_M-M,Tilcara,Jujuy,Argentina,274,10,12,79,0.0,0.74,,14.4
e8f3fea8-3aac-30fe-b8c1-1357b5762151, -13.425090, -72.923580,2026-07-12 01:37:00,TERRA_M-M,Abancay,Apurímac,Peru,28,3,178,30,0.0,0.82,,27.9
de2b607b-f965-3a2c-b1f1-e285a277668a, -13.423870, -72.914180,2026-07-12 01:37:00,TERRA_M-M,Abancay,Apurímac,Peru,28,3,178,30,0.0,0.79,,22.8
3231f483-304e-3765-9567-a767b90c29d7, -12.581480, -72.596160,2026-07-12 01:37:00,TERRA_M-M,La Convención,Cusco,Peru,76,8,178,2,0.86,0.76,,6.3
cb520b38-82fa-33f1-be48-76ba09f37058,   3.214020, -75.463050,2026-07-12 01:41:00,TERRA_M-M,Neiva,Huila,Colombia,634,17,53,0,24.28,0.0,,7.7
1ea00ead-6992-3143-91f0-c2b0661a8e51,   9.630470, -73.752230,2026-07-12 01:43:00,TERRA_M-M,El Paso,Cesar,Colombia,454,12,53,2,6.03,0.28,,8.2
6bc28ebe-090b-305d-b638-e5edd480f8a9, -15.894900, -43.476600,2026-07-12 03:10:00,GOES-19,JANAÚBA,MINAS GERAIS,Brasil,3135100,31,33,91,0.0,1.0,Cerrado,58.1
4e4de857-5be1-3bb4-987b-9bc4ec21d6c8, -20.541710, -41.838210,2026-07-12 03:13:00,NOAA-20,ESPERA FELIZ,MINAS GERAIS,Brasil,3124203,31,33,25,1.06,0.68,Mata Atlântica,2.2
9cd63815-8b05-39b8-940a-748332da5007, -20.545640, -41.838420,2026-07-12 03:13:00,NOAA-20,ESPERA FELIZ,MINAS GERAIS,Brasil,3124203,31,33,25,0.99,0.7,Mata Atlântica,2.6
4ea85a7b-ca02-3303-ba0a-5fa01761174a, -15.894900, -43.476600,2026-07-12 03:20:00,GOES-19,JANAÚBA,MINAS GERAIS,Brasil,3135100,31,33,91,0.0,1.0,Cerrado,57.4
f7446c83-b16e-31e6-831a-123cf7dc65b7, -15.894900, -43.476600,2026-07-12 03:30:00,GOES-19,JANAÚBA,MINAS GERAIS,Brasil,3135100,31,33,91,0.0,1.0,Cerrado,60.3
35b2c83f-e45d-3afd-ad78-83f291782e9e, -15.894900, -43.476600,2026-07-12 03:40:00,GOES-19,JANAÚBA,MINAS GERAIS,Brasil,3135100,31,33,91,0.0,1.0,Cerrado,73.1
2f190bb1-bfc0-3a79-bef9-5d2b38de1355, -15.894900, -43.476600,2026-07-12 03:50:00,GOES-19,JANAÚBA,MINAS GERAIS,Brasil,3135100,31,33,91,0.0,1.0,Cerrado,63.6
716c08ec-e630-3a6b-b437-df6188a8b233,  -4.345030, -47.769870,2026-07-12 03:53:00,NOAA-21,DOM ELISEU,PARÁ,Brasil,1502939,15,33,15,0.0,0.56,Amazônia,9.7
9d619990-efea-3d61-abb8-6ebaf46fa71c,  -4.616680, -49.053310,2026-07-12 03:53:00,NOAA-21,JACUNDÁ,PARÁ,Brasil,1503804,15,33,4,0.0,1.0,Amazônia,0.8
14a4c0bc-d1bb-34ca-947c-12c6bedcf581,  -2.961610, -48.997020,2026-07-12 03:53:00,NOAA-21,TAILÂNDIA,PARÁ,Brasil,1507953,15,33,4,0.0,0.43,Amazônia,11.4
f040fce4-502a-3273-9c28-5b662a8f99e4,  -3.498990, -48.036960,2026-07-12 03:53:00,NOAA-21,PARAGOMINAS,PARÁ,Brasil,1505502,15,33,4,0.0,0.39,Amazônia,1.1
61fead30-c107-3e90-8634-00b5cdba522f,  -4.340060, -47.765210,2026-07-12 03:53:00,NOAA-21,DOM ELISEU,PARÁ,Brasil,1502939,15,33,15,0.0,0.88,Amazônia,4.3
08da9458-bcba-3d5a-b220-ada6caf231f8,  -4.617440, -49.048800,2026-07-12 03:53:00,NOAA-21,JACUNDÁ,PARÁ,Brasil,1503804,15,33,4,0.0,1.0,Amazônia,0.8
1be9c904-944c-3814-806f-3ee3d3941f3b,  -3.498240, -48.041320,2026-07-12 03:53:00,NOAA-21,PARAGOMINAS,PARÁ,Brasil,1505502,15,33,4,0.0,0.39,Amazônia,1.1
728d32c3-dd3b-345b-99c0-5d4d62ae9bc8,  -4.029860, -44.132160,2026-07-12 03:53:00,NOAA-21,COROATÁ,MARANHÃO,Brasil,2103604,21,33,3,0.0,0.43,Cerrado,13.8
492af168-0ffe-3e23-aa31-4d30b88b3e41,  -5.010510, -38.672820,2026-07-12 03:53:00,NOAA-21,IBICUITINGA,CEARÁ,Brasil,2305332,23,33,12,0.0,0.94,Caatinga,1.8
1a0924f0-6d5d-333f-be79-6a15636a16ed,  -3.735280, -45.467580,2026-07-12 03:53:00,NOAA-21,PINDARÉ-MIRIM,MARANHÃO,Brasil,2108504,21,33,3,0.0,0.52,Amazônia,5.9
d557c9c9-542b-3f5c-9a82-b3e946561209,  -4.026150, -44.127150,2026-07-12 03:53:00,NOAA-21,COROATÁ,MARANHÃO,Brasil,2103604,21,33,2,0.0,0.52,Cerrado,9.3
05efddea-91c8-3582-994e-81bf3b0bdf0b,  -2.968620, -48.993230,2026-07-12 03:53:00,NOAA-21,TAILÂNDIA,PARÁ,Brasil,1507953,15,33,4,0.0,0.46,Amazônia,7.8
1a072b8f-6348-3356-bf06-43b0b9cdab18,  -3.493140, -48.036380,2026-07-12 03:53:00,NOAA-21,PARAGOMINAS,PARÁ,Brasil,1505502,15,33,4,0.0,0.39,Amazônia,4.2
f8a6aab9-c871-32a9-bf9e-88339b114772,  -4.662370, -43.228910,2026-07-12 03:53:00,NOAA-21,ALDEIAS ALTAS,MARANHÃO,Brasil,2100303,21,33,14,0.0,0.5,Cerrado,2.4
a3ed5e68-fcad-31d8-9993-83bc24eba134,  -4.863380, -37.456960,2026-07-12 03:53:00,NOAA-21,ARACATI,CEARÁ,Brasil,2301109,23,33,-999,0.0,0.89,Caatinga,0.5
9356f850-a673-3e81-930c-26e437563f35,  -5.250740, -42.855500,2026-07-12 03:53:00,NOAA-21,TIMON,MARANHÃO,Brasil,2112209,21,33,14,0.0,0.97,Cerrado,1.1
612c3c8d-1b6d-3a8d-945b-26be81d03954,  -3.492260, -48.039090,2026-07-12 03:53:00,NOAA-21,PARAGOMINAS,PARÁ,Brasil,1505502,15,33,4,0.0,0.39,Amazônia,3.9
856a2499-4ebf-379b-83a6-92fbcbb06bc5,  -4.916910, -37.486930,2026-07-12 03:53:00,NOAA-21,MOSSORÓ,RIO GRANDE DO NORTE,Brasil,2408003,24,33,-999,0.0,1.0,Caatinga,1.9
dddc8ae7-fa2c-34e2-a0b5-7d9b428f3f64,  -4.345670, -47.766140,2026-07-12 03:53:00,NOAA-21,DOM ELISEU,PARÁ,Brasil,1502939,15,33,15,0.0,0.74,Amazônia,5.0
f47a7877-351f-3c49-b26d-936cfe107013,  -4.671170, -43.226550,2026-07-12 03:53:00,NOAA-21,ALDEIAS ALTAS,MARANHÃO,Brasil,2100303,21,33,14,0.0,0.7,Cerrado,3.2
2d545d45-98aa-31be-8d4d-d2e360bbb9e6,  -3.492950, -48.034920,2026-07-12 03:53:00,NOAA-21,PARAGOMINAS,PARÁ,Brasil,1505502,15,33,4,0.0,0.39,Amazônia,3.9
0b57b010-aaf0-3bde-868f-6492384d5be8,  -3.124680, -40.105220,2026-07-12 03:53:00,NOAA-21,MARCO,CEARÁ,Brasil,2307809,23,33,3,0.0,0.39,Caatinga,3.0
1740f0e4-693a-302c-8a1f-d9c7340c9c8c,  -4.667070, -43.225890,2026-07-12 03:53:00,NOAA-21,ALDEIAS ALTAS,MARANHÃO,Brasil,2100303,21,33,14,0.0,0.56,Cerrado,6.9
b0a06cf9-9d58-3538-8284-c9049a6b015f,  -4.519560, -38.549540,2026-07-12 03:53:00,NOAA-21,OCARA,CEARÁ,Brasil,2309458,23,33,11,0.0,0.96,Caatinga,2.5
4ea0f31b-d4ef-385d-aaef-bbae3e5550ee,  -4.666470, -43.229570,2026-07-12 03:53:00,NOAA-21,ALDEIAS ALTAS,MARANHÃO,Brasil,2100303,21,33,14,0.0,0.57,Cerrado,2.4
904070b4-a483-37c4-8706-57d4e0c559d7,  -3.492410, -48.040630,2026-07-12 03:53:00,NOAA-21,PARAGOMINAS,PARÁ,Brasil,1505502,15,33,4,0.0,0.4,Amazônia,4.2
1a9b1d6f-b2b6-37b3-88f1-3f336c02bf1f,  -4.806160, -45.772320,2026-07-12 03:53:00,NOAA-21,ARAME,MARANHÃO,Brasil,2100956,21,33,9,0.0,0.89,Amazônia,2.4
7147b36e-f0e3-3d5c-9de0-57715438aa17,  -4.867760, -37.450570,2026-07-12 03:53:00,NOAA-21,ARACATI,CEARÁ,Brasil,2301109,23,33,-999,0.0,0.75,Caatinga,1.1
6317991e-2f2f-3e26-9364-7b6daf86de1e,  -4.339410, -47.769020,2026-07-12 03:53:00,NOAA-21,DOM ELISEU,PARÁ,Brasil,1502939,15,33,15,0.0,0.82,Amazônia,3.1
0cae2843-7b01-3db8-826b-4ac033ba565c,  -4.030140, -44.130620,2026-07-12 03:53:00,NOAA-21,COROATÁ,MARANHÃO,Brasil,2103604,21,33,3,0.0,0.37,Cerrado,20.2
4297636f-9325-3601-b1d2-d6f2e0a43123,  -3.121180, -40.104680,2026-07-12 03:53:00,NOAA-21,MARCO,CEARÁ,Brasil,2307809,23,33,3,0.0,0.39,Caatinga,3.0
86e7a368-46c3-3e25-beed-205fff74f4f1,  -3.730420, -45.466820,2026-07-12 03:53:00,NOAA-21,PINDARÉ-MIRIM,MARANHÃO,Brasil,2108504,21,33,3,0.0,0.56,Amazônia,5.9
d3862526-056c-34be-9872-e12796343284,  -4.344400, -47.773570,2026-07-12 03:53:00,NOAA-21,DOM ELISEU,PARÁ,Brasil,1502939,15,33,15,0.0,0.74,Amazônia,9.7
3815aa54-4be5-3441-bb10-4676714163f6,  -5.013280, -38.676810,2026-07-12 03:53:00,NOAA-21,IBICUITINGA,CEARÁ,Brasil,2305332,23,33,12,0.0,0.94,Caatinga,0.5
af3ee73f-6f1c-3f9b-9659-50cf71b8c480,  -3.134360, -48.985320,2026-07-12 03:53:00,NOAA-21,MOJU,PARÁ,Brasil,1504703,15,33,3,0.0,0.21,Amazônia,2.3
1be1c969-cd4a-3f57-bbc0-e7813c723a46,  -5.124990, -43.236530,2026-07-12 03:53:00,NOAA-21,CAXIAS,MARANHÃO,Brasil,2103000,21,33,14,0.0,0.7,Cerrado,9.6
98c4307a-9bb2-38e6-9f39-74482e5a1137,  -4.610640, -49.052090,2026-07-12 03:53:00,NOAA-21,JACUNDÁ,PARÁ,Brasil,1503804,15,33,4,0.0,1.0,Amazônia,6.9
f0e39738-7c96-3da8-a331-5d7a3efd5b78,  -2.962420, -48.992210,2026-07-12 03:53:00,NOAA-21,TAILÂNDIA,PARÁ,Brasil,1507953,15,33,4,0.0,0.37,Amazônia,11.4
0a36a048-b18d-38e6-9496-b9bab36e241c,  -3.124070, -40.109130,2026-07-12 03:53:00,NOAA-21,MARCO,CEARÁ,Brasil,2307809,23,33,3,0.0,0.39,Caatinga,3.0
29582621-c5fa-3a50-8ed4-47f728d3d4c4,  -4.030550, -44.127860,2026-07-12 03:53:00,NOAA-21,COROATÁ,MARANHÃO,Brasil,2103604,21,33,3,0.0,0.47,Cerrado,9.3
9f2592f5-d8f0-3678-9827-a41611bf6e03,  -4.025740, -44.129910,2026-07-12 03:53:00,NOAA-21,COROATÁ,MARANHÃO,Brasil,2103604,21,33,3,0.0,0.34,Cerrado,20.2
d4974889-27ca-338c-bfa0-826968cee53b,  -3.498100, -48.039710,2026-07-12 03:53:00,NOAA-21,PARAGOMINAS,PARÁ,Brasil,1505502,15,33,4,0.0,0.39,Amazônia,3.1
10323e40-f492-3f4d-868c-c1f3d4f05fd0,  -4.254760, -38.696560,2026-07-12 03:53:00,NOAA-21,ACARAPE,CEARÁ,Brasil,2300150,23,33,6,0.0,0.35,Caatinga,2.2
a09d88cd-fbbe-374e-8639-62d8b8c8dc2c,  -4.025460, -44.131420,2026-07-12 03:53:00,NOAA-21,COROATÁ,MARANHÃO,Brasil,2103604,21,33,3,0.0,0.4,Cerrado,13.8
364d8862-ddee-382b-bf77-ae128681bf01,  -5.013830, -38.673340,2026-07-12 03:53:00,NOAA-21,IBICUITINGA,CEARÁ,Brasil,2305332,23,33,12,0.0,0.95,Caatinga,1.9
70902139-dadc-3440-88a9-499aefbfd11c,  -5.124390, -43.240200,2026-07-12 03:53:00,NOAA-21,CAXIAS,MARANHÃO,Brasil,2103000,21,33,14,0.0,0.69,Cerrado,9.6
de07aa98-6e7d-3622-89eb-41b61befb430,  -9.341040, -40.681510,2026-07-12 03:55:00,NOAA-21,PETROLINA,PERNAMBUCO,Brasil,2611101,26,33,69,0.0,1.0,Caatinga,1.0
37f8d4ac-34ea-31c4-9dd0-cfe9b70ae90f, -10.480930, -42.421870,2026-07-12 03:55:00,NOAA-21,XIQUE-XIQUE,BAHIA,Brasil,2933604,29,33,73,0.0,1.0,Caatinga,3.2
b4aff63c-757a-3f85-a5da-3f8af07519d8, -10.480240, -42.426080,2026-07-12 03:55:00,NOAA-21,XIQUE-XIQUE,BAHIA,Brasil,2933604,29,33,75,0.0,1.0,Caatinga,3.2
cfbc4010-892c-3511-aa7a-9939a82ef12a,  -8.722990, -47.831210,2026-07-12 03:55:00,NOAA-21,ITACAJÁ,TOCANTINS,Brasil,1710508,17,33,24,0.0,1.0,Cerrado,3.0
1e420286-9b23-3ef6-80a0-c798378181e7,  -6.942760, -43.717290,2026-07-12 03:55:00,NOAA-21,GUADALUPE,PIAUÍ,Brasil,2204501,22,33,24,0.0,1.0,Cerrado,1.0
f762ae3b-1b12-3669-8dcd-93fc88479b9e, -10.477330, -42.421270,2026-07-12 03:55:00,NOAA-21,XIQUE-XIQUE,BAHIA,Brasil,2933604,29,33,73,0.0,1.0,Caatinga,3.2
7a2d4f23-0d8c-34e4-a5dd-3beb05416f77, -10.289590, -44.946800,2026-07-12 03:55:00,NOAA-21,CORRENTE,PIAUÍ,Brasil,2202901,22,33,50,0.0,1.0,Cerrado,1.0
b5fcb2b8-d76a-3129-8e80-cf7a3a50b180, -10.473730, -42.420670,2026-07-12 03:55:00,NOAA-21,XIQUE-XIQUE,BAHIA,Brasil,2933604,29,33,73,0.0,1.0,Caatinga,1.1
a916d691-b44f-3af7-abf2-2aeac52bfb01,  -7.585380, -46.158320,2026-07-12 03:55:00,NOAA-21,BALSAS,MARANHÃO,Brasil,2101400,21,33,25,0.0,1.0,Cerrado,1.6
21d9a9cb-9386-3a8f-8c07-6df459eda0e7, -10.849300, -45.035130,2026-07-12 03:55:00,NOAA-21,CRISTALÂNDIA DO PIAUÍ,PIAUÍ,Brasil,2203008,22,33,76,0.2,1.0,Cerrado,2.5
8949896a-d9df-351b-a9bd-749f14dcb5a7,  -6.998570, -42.907440,2026-07-12 03:55:00,NOAA-21,FLORIANO,PIAUÍ,Brasil,2203909,22,33,24,0.0,1.0,Caatinga,2.6
8ac9f676-ec47-3e85-9948-6e2db7736978, -10.848590, -45.039080,2026-07-12 03:55:00,NOAA-21,CRISTALÂNDIA DO PIAUÍ,PIAUÍ,Brasil,2203008,22,33,78,0.2,1.0,Cerrado,2.5
df20ac21-79d4-34ea-91f5-71dfe5cc76c2,  -9.594250, -40.353060,2026-07-12 03:55:00,NOAA-21,JUAZEIRO,BAHIA,Brasil,2918407,29,33,43,0.0,1.0,Caatinga,1.8
64723fb2-33ba-3a7a-a237-7ffb777ea995,  -4.611750, -49.052680,2026-07-12 03:55:00,NOAA-21,JACUNDÁ,PARÁ,Brasil,1503804,15,33,4,0.0,1.0,Amazônia,4.4
eea8d750-a3b7-3c60-964e-76c36c5f7549,  -8.051240, -46.927390,2026-07-12 03:55:00,NOAA-21,CAMPOS LINDOS,TOCANTINS,Brasil,1703842,17,33,17,0.0,0.99,Cerrado,0.9
9281da76-bce9-3161-a800-5cdd3a59a019,  -5.675090, -43.572260,2026-07-12 03:55:00,NOAA-21,PARNARAMA,MARANHÃO,Brasil,2107803,21,33,15,0.0,0.97,Cerrado,0.9
594790f7-63f1-32f6-9598-20d5e4b9792e,  -7.911220, -48.250430,2026-07-12 03:55:00,NOAA-21,PALMEIRANTE,TOCANTINS,Brasil,1715705,17,33,24,0.0,1.0,Cerrado,3.7
f32cd8c0-6423-378c-9ebb-5c7ae9c6a6b1, -11.969800, -41.333230,2026-07-12 03:55:00,NOAA-21,BONITO,BAHIA,Brasil,2904050,29,33,18,0.0,0.97,Caatinga,4.1
685760aa-b6d6-3d93-bafc-ad4cafecf24f, -10.285390, -44.946060,2026-07-12 03:55:00,NOAA-21,CORRENTE,PIAUÍ,Brasil,2202901,22,33,50,0.0,1.0,Cerrado,1.0
d9374f06-71f6-3b0c-a485-19fbaf51ae93,  -5.980730, -43.618350,2026-07-12 03:55:00,NOAA-21,LAGOA DO MATO,MARANHÃO,Brasil,2105922,21,33,23,0.0,1.0,Cerrado,2.8
e94f647e-00e5-36aa-bdff-4c5497b3a9b8,  -8.137770, -47.167950,2026-07-12 03:55:00,NOAA-21,GOIATINS,TOCANTINS,Brasil,1709005,17,33,15,0.0,1.0,Cerrado,1.6
c72849df-370f-3789-81cd-6284fc2972f1,  -8.723580, -47.827980,2026-07-12 03:55:00,NOAA-21,ITACAJÁ,TOCANTINS,Brasil,1710508,17,33,24,0.0,1.0,Cerrado,3.0
d3fc1462-58ae-3011-ba4a-eac584d0e7a0,  -4.612550, -49.048210,2026-07-12 03:55:00,NOAA-21,JACUNDÁ,PARÁ,Brasil,1503804,15,33,4,0.0,1.0,Amazônia,4.4
a10fdc04-208a-3d70-adbc-dde5a8e822c6,  -6.943380, -43.713650,2026-07-12 03:55:00,NOAA-21,GUADALUPE,PIAUÍ,Brasil,2204501,22,33,24,0.0,1.0,Cerrado,1.7
11b66d57-e05c-3a52-975a-6da92fe9c469,  -8.104650, -47.091050,2026-07-12 03:55:00,NOAA-21,GOIATINS,TOCANTINS,Brasil,1709005,17,33,17,0.0,1.0,Cerrado,1.7
b70afcab-8ca9-367e-8e62-f010cc3a31b1, -10.994300, -37.691740,2026-07-12 03:55:00,NOAA-21,LAGARTO,SERGIPE,Brasil,2803500,28,33,8,0.0,1.0,Mata Atlântica,1.2
626477ef-65fe-3cc2-895a-2fe8f76ceeaa,  -8.103610, -47.096800,2026-07-12 03:55:00,NOAA-21,GOIATINS,TOCANTINS,Brasil,1709005,17,33,17,0.0,1.0,Cerrado,3.2
f46398a7-bfcc-3049-b211-7583a98c6114,  -7.909910, -48.257640,2026-07-12 03:55:00,NOAA-21,PALMEIRANTE,TOCANTINS,Brasil,1715705,17,33,24,0.0,1.0,Cerrado,3.0
35446eb2-8374-3185-948e-54012fe4bfe0, -12.742110, -45.893620,2026-07-12 03:55:00,NOAA-21,SÃO DESIDÉRIO,BAHIA,Brasil,2928901,29,33,50,0.0,1.0,Cerrado,1.0
d1b6a63b-d30d-3d0b-acb1-ab69dbe7274d,  -8.098570, -47.095990,2026-07-12 03:55:00,NOAA-21,GOIATINS,TOCANTINS,Brasil,1709005,17,33,17,0.0,1.0,Cerrado,1.1
33cbbdb3-09b8-32fa-97e2-de08197de4c8,  -9.422620, -48.119500,2026-07-12 03:55:00,NOAA-21,PEDRO AFONSO,TOCANTINS,Brasil,1716505,17,33,50,0.0,1.0,Cerrado,2.1
d2af0374-2769-36aa-bdbb-ab2e0cf8cd5e,  -7.210300, -44.263810,2026-07-12 03:55:00,NOAA-21,ANTÔNIO ALMEIDA,PIAUÍ,Brasil,2200806,22,33,70,0.0,1.0,Cerrado,2.1
85f3865c-ceb7-39d3-9917-b8c265794022,  -7.091220, -41.684840,2026-07-12 03:55:00,NOAA-21,PAQUETÁ,PIAUÍ,Brasil,2207553,22,33,71,0.0,1.0,Caatinga,2.3
aeeb092a-ff66-34b4-bc10-8ad629c9bbc5,  -8.103050, -47.099940,2026-07-12 03:55:00,NOAA-21,GOIATINS,TOCANTINS,Brasil,1709005,17,33,17,0.0,1.0,Cerrado,2.3
b8d7c7dc-d5bf-32eb-a549-a2dd53c92a33,  -8.729410, -47.825660,2026-07-12 03:55:00,NOAA-21,ITACAJÁ,TOCANTINS,Brasil,1710508,17,33,24,0.0,1.0,Cerrado,2.6
db766924-bab0-33f6-bd8b-6952f8b146dc, -12.743830, -45.893940,2026-07-12 03:55:00,NOAA-21,SÃO DESIDÉRIO,BAHIA,Brasil,2928901,29,33,50,0.0,1.0,Cerrado,0.9
56b10263-1ec9-3d65-9f17-8270fb8805e7,  -6.228220, -39.799880,2026-07-12 03:55:00,NOAA-21,CATARINA,CEARÁ,Brasil,2303600,23,33,14,0.0,1.0,Caatinga,0.5
8be312ef-05e8-31e1-932a-ce47931b9f3f,  -7.205360, -44.267340,2026-07-12 03:55:00,NOAA-21,ANTÔNIO ALMEIDA,PIAUÍ,Brasil,2200806,22,33,69,0.0,1.0,Cerrado,2.0
f2f969d6-fb42-38de-80f7-740fed4e4db3,  -6.710850, -41.123030,2026-07-12 03:55:00,NOAA-21,PIMENTEIRAS,PIAUÍ,Brasil,2208106,22,33,14,0.0,1.0,Caatinga,1.1
7da8275a-fa51-34b6-8c23-652642b41216,  -9.006070, -45.715060,2026-07-12 03:55:00,NOAA-21,SANTA FILOMENA,PIAUÍ,Brasil,2209203,22,33,82,0.0,1.0,Cerrado,1.5
b0f86c50-7bcb-3de7-a4da-8f4def40b1fa,  -8.050710, -46.930350,2026-07-12 03:55:00,NOAA-21,CAMPOS LINDOS,TOCANTINS,Brasil,1703842,17,33,17,0.0,1.0,Cerrado,0.9
6894e69e-fdc8-3fe4-9770-589ae8662cc3,  -8.104140, -47.093860,2026-07-12 03:55:00,NOAA-21,GOIATINS,TOCANTINS,Brasil,1709005,17,33,17,0.0,1.0,Cerrado,3.2
48697802-c376-3885-ab6c-96de6a504dee,  -9.483970, -43.039910,2026-07-12 03:55:00,NOAA-21,CAMPO ALEGRE DE LOURDES,BAHIA,Brasil,2905909,29,33,58,0.0,1.0,Caatinga,1.2
a7d0e6af-5edf-37dc-8f13-a52cdc745d0e,  -6.946840, -43.717980,2026-07-12 03:55:00,NOAA-21,GUADALUPE,PIAUÍ,Brasil,2204501,22,33,24,0.0,1.0,Cerrado,5.2
f47c8fa9-d750-30ba-8d4b-1adcc7b16a3c,  -8.728830, -47.828850,2026-07-12 03:55:00,NOAA-21,ITACAJÁ,TOCANTINS,Brasil,1710508,17,33,24,0.0,1.0,Cerrado,3.5
38514b1d-ca5f-301c-bb6b-09e1fa988af6,  -7.910570, -48.254020,2026-07-12 03:55:00,NOAA-21,PALMEIRANTE,TOCANTINS,Brasil,1715705,17,33,24,0.0,1.0,Cerrado,3.7
caebc283-0fad-30ab-aa8c-74bf04974bc0, -15.895220, -43.477860,2026-07-12 03:57:00,NOAA-21,JANAÚBA,MINAS GERAIS,Brasil,3135100,31,33,91,0.0,1.0,Cerrado,10.8
95070b66-fcf1-323b-9fb6-93cfdeea2c7b, -15.337650, -42.907320,2026-07-12 03:57:00,NOAA-21,MATO VERDE,MINAS GERAIS,Brasil,3141009,31,33,39,0.61,1.0,Cerrado,1.4
ed332800-8473-36a8-a660-5d339e26c089, -15.894630, -43.477120,2026-07-12 03:57:00,NOAA-21,JANAÚBA,MINAS GERAIS,Brasil,3135100,31,33,91,0.0,1.0,Cerrado,6.8
2f10fc17-975f-3ca1-acd5-e779347f7f1c, -20.064810, -41.968490,2026-07-12 03:57:00,NOAA-21,SANTANA DO MANHUAÇU,MINAS GERAIS,Brasil,3158904,31,33,22,0.1,1.0,Mata Atlântica,1.0
b2b91649-0808-38aa-9fef-4bbbc8887028, -19.356700, -42.728400,2026-07-12 03:57:00,NOAA-21,CORONEL FABRICIANO,MINAS GERAIS,Brasil,3119401,31,33,23,0.1,0.98,Mata Atlântica,5.5
48164790-0cf7-3529-b9e5-962c5d74c424, -15.898190, -43.477760,2026-07-12 03:57:00,NOAA-21,JANAÚBA,MINAS GERAIS,Brasil,3135100,31,33,91,0.0,1.0,Cerrado,6.8
a5b01806-4a12-36a9-8307-117b6c4bfc69, -18.524070, -48.249590,2026-07-12 03:57:00,NOAA-21,ARAGUARI,MINAS GERAIS,Brasil,3103504,31,33,2,1.09,1.0,Cerrado,2.2
dfcdbb94-753d-319d-8a4d-6a2448d91b34, -15.336260, -42.907330,2026-07-12 03:57:00,NOAA-21,MATO VERDE,MINAS GERAIS,Brasil,3141009,31,33,39,0.6,1.0,Cerrado,1.5
8805a4d3-762e-3fb8-8355-1c83d0a2417f, -12.684460, -48.198750,2026-07-12 03:57:00,NOAA-21,PARANÃ,TOCANTINS,Brasil,1716208,17,33,50,0.0,1.0,Cerrado,0.9
fb431ffa-0028-3007-9441-2988c264450a, -13.763150, -46.256700,2026-07-12 03:57:00,NOAA-21,GUARANI DE GOIÁS,GOIÁS,Brasil,5209408,52,33,40,0.0,1.0,Cerrado,0.5
6de161db-bae5-3466-aa3a-d737d7bcf2ee, -13.476840, -44.042240,2026-07-12 03:57:00,NOAA-21,SÃO FÉLIX DO CORIBE,BAHIA,Brasil,2929057,29,33,50,0.0,1.0,Cerrado,6.1
83cae41a-13b3-3e8f-bf71-68ab708d9b40, -15.893910, -43.481310,2026-07-12 03:57:00,NOAA-21,JANAÚBA,MINAS GERAIS,Brasil,3135100,31,33,91,0.0,1.0,Cerrado,30.6
92dcd3ec-f887-3985-a92d-13a137758d48, -19.497840, -44.805730,2026-07-12 03:57:00,NOAA-21,PAPAGAIOS,MINAS GERAIS,Brasil,3146909,31,33,21,0.1,1.0,Cerrado,1.0
59c05561-be46-3908-a159-3a9a59a8cd14, -15.879360, -41.807620,2026-07-12 03:57:00,NOAA-21,CURRAL DE DENTRO,MINAS GERAIS,Brasil,3120870,31,33,45,11.63,0.17,Cerrado,1.6
3c68035f-a09d-3068-987d-420a69e3ab2f, -19.771450, -46.676380,2026-07-12 03:57:00,NOAA-21,IBIÁ,MINAS GERAIS,Brasil,3129509,31,33,3,0.16,1.0,Cerrado,1.7
0ad4dc9b-7442-3059-8bb2-2586be81a843, -15.894510, -43.482060,2026-07-12 03:57:00,NOAA-21,JANAÚBA,MINAS GERAIS,Brasil,3135100,31,33,91,0.0,1.0,Cerrado,39.2
c92105f4-75ca-3a2a-b11e-6fb559297754, -19.772120, -46.672780,2026-07-12 03:57:00,NOAA-21,IBIÁ,MINAS GERAIS,Brasil,3129509,31,33,3,0.17,1.0,Cerrado,1.5
65ef15df-8675-3b43-a16e-d6959c6d24d3, -16.249470, -48.516270,2026-07-12 03:57:00,NOAA-21,ABADIÂNIA,GOIÁS,Brasil,5200100,52,33,26,0.0,1.0,Cerrado,2.2
9c63820f-e3d1-3653-9271-5ebe9624e88e, -15.897460, -43.481950,2026-07-12 03:57:00,NOAA-21,JANAÚBA,MINAS GERAIS,Brasil,3135100,31,33,91,0.0,1.0,Cerrado,30.6
505f2e78-84c3-3ef8-8bbe-c2966ed1af90, -20.544930, -41.837700,2026-07-12 03:57:00,NOAA-21,ESPERA FELIZ,MINAS GERAIS,Brasil,3124203,31,33,25,1.0,0.72,Mata Atlântica,4.0
5fb9dd16-ee44-3a44-b4fb-1af96da4b95e, -13.767410, -46.257810,2026-07-12 03:57:00,NOAA-21,GUARANI DE GOIÁS,GOIÁS,Brasil,5209408,52,33,40,0.0,1.0,Cerrado,0.5
de542e26-54ee-3b77-a421-84188f3987c0, -13.827580, -44.972260,2026-07-12 03:57:00,NOAA-21,JABORANDI,BAHIA,Brasil,2917359,29,33,50,0.0,1.0,Cerrado,1.0
9a8e6049-3c04-303a-80fc-c16c88bcead8, -18.222190, -43.646100,2026-07-12 03:57:00,NOAA-21,DIAMANTINA,MINAS GERAIS,Brasil,3121605,31,33,27,0.0,1.0,Cerrado,0.9
43b72765-583f-3c06-9abe-5007adf04bbf, -15.082450, -44.014050,2026-07-12 03:57:00,NOAA-21,JAÍBA,MINAS GERAIS,Brasil,3135050,31,33,50,0.1,1.0,Cerrado,1.0
6300ea99-6100-3d0f-95ae-c712b7c66a1d, -15.961930, -42.352330,2026-07-12 03:57:00,NOAA-21,SALINAS,MINAS GERAIS,Brasil,3157005,31,33,28,1.88,0.7,Mata Atlântica,1.1
8b6ebe43-f899-3809-9b44-4906044be2d9, -15.957910, -42.355530,2026-07-12 03:57:00,NOAA-21,SALINAS,MINAS GERAIS,Brasil,3157005,31,33,28,1.73,0.72,Mata Atlântica,1.1
47e08b6f-e675-3d3d-9962-dd51030b6f03, -20.598970, -41.753080,2026-07-12 03:57:00,NOAA-21,DIVINO DE SÃO LOURENÇO,ESPÍRITO SANTO,Brasil,3201803,32,33,25,0.56,0.91,Mata Atlântica,0.9
662077a8-398f-35b8-8dbb-5ebe84d29ba1, -19.307780, -41.398060,2026-07-12 03:57:00,NOAA-21,SANTA RITA DO ITUETO,MINAS GERAIS,Brasil,3159506,31,33,27,0.3,0.97,Mata Atlântica,1.7
adcce164-6951-3d9d-8408-8a705d6b2436, -18.229850, -43.643290,2026-07-12 03:57:00,NOAA-21,DIAMANTINA,MINAS GERAIS,Brasil,3121605,31,33,27,0.0,1.0,Cerrado,3.3
3d3fae6b-8ba6-3eb0-9b57-a5fe76906c3c, -15.234570, -43.984770,2026-07-12 03:57:00,NOAA-21,JAÍBA,MINAS GERAIS,Brasil,3135050,31,33,74,0.1,1.0,Cerrado,2.2
83caec5f-3f14-314c-9f52-266069e22103, -19.304480, -41.397490,2026-07-12 03:57:00,NOAA-21,SANTA RITA DO ITUETO,MINAS GERAIS,Brasil,3159506,31,33,27,0.3,0.98,Mata Atlântica,1.7
85f00b61-d823-3751-92da-a6a15cc2d1a6, -13.622560, -43.715150,2026-07-12 03:57:00,NOAA-21,SERRA DO RAMALHO,BAHIA,Brasil,2930154,29,33,46,0.0,1.0,Cerrado,5.0
de099dbf-cd34-3e62-8176-6a6d3149a37a, -15.896740, -43.486150,2026-07-12 03:57:00,NOAA-21,JANAÚBA,MINAS GERAIS,Brasil,3135100,31,33,91,0.0,1.0,Cerrado,30.6
d2d338ed-dfd6-3373-8829-b3efb43244d0, -20.615780, -41.710830,2026-07-12 03:57:00,NOAA-21,DIVINO DE SÃO LOURENÇO,ESPÍRITO SANTO,Brasil,3201803,32,33,23,0.4,0.97,Mata Atlântica,0.6
120d0d94-18d4-336a-a533-df5c3d259240, -15.898770, -43.478510,2026-07-12 03:57:00,NOAA-21,JANAÚBA,MINAS GERAIS,Brasil,3135100,31,33,91,0.0,1.0,Cerrado,10.8
09f3d186-c450-35b0-b249-04e62f8b8e40, -18.229180, -43.647280,2026-07-12 03:57:00,NOAA-21,DIAMANTINA,MINAS GERAIS,Brasil,3121605,31,33,27,0.0,1.0,Cerrado,4.2
61246b8e-b3a1-351d-8b6f-61f797446dc6, -20.545510, -41.834030,2026-07-12 03:57:00,NOAA-21,ESPERA FELIZ,MINAS GERAIS,Brasil,3124203,31,33,25,0.99,0.85,Mata Atlântica,4.4
d8a9a262-9d75-34a9-930c-72169f5794d5, -15.898070, -43.482710,2026-07-12 03:57:00,NOAA-21,JANAÚBA,MINAS GERAIS,Brasil,3135100,31,33,91,0.0,1.0,Cerrado,39.2
ce37811b-bf94-3fe9-b20a-4ecd268bd7d5, -15.856880, -41.720170,2026-07-12 03:57:00,NOAA-21,CURRAL DE DENTRO,MINAS GERAIS,Brasil,3120870,31,33,46,12.01,0.15,Mata Atlântica,0.7
e8fc6c4f-c6e2-3299-875c-fcc8b4ac3085, -20.612470, -41.710250,2026-07-12 03:57:00,NOAA-21,DIVINO DE SÃO LOURENÇO,ESPÍRITO SANTO,Brasil,3201803,32,33,22,0.43,0.99,Mata Atlântica,0.7
708ce31f-f828-399a-9cdd-3267b8185e21, -13.831530, -44.973030,2026-07-12 03:57:00,NOAA-21,JABORANDI,BAHIA,Brasil,2917359,29,33,50,0.0,1.0,Cerrado,0.9
a6bb3a25-8891-3d4b-88c7-755382e8dd08, -18.521550, -48.246520,2026-07-12 03:57:00,NOAA-21,ARAGUARI,MINAS GERAIS,Brasil,3103504,31,33,2,1.07,1.0,Cerrado,1.8
347a47c0-3b59-3f7c-89a5-87cddebfd446, -15.894900, -43.476600,2026-07-12 04:00:00,GOES-19,JANAÚBA,MINAS GERAIS,Brasil,3135100,31,33,91,0.0,1.0,Cerrado,51.8
4539b03f-f1bc-32ec-a169-0d43e233bd43, -13.354900, -54.338600,2026-07-12 04:00:00,GOES-19,PARANATINGA,MATO GROSSO,Brasil,5106307,51,33,23,6.88,0.2,Amazônia,88.4
8f229a44-f0e7-38c0-8e5e-963ae40633b4, -13.374000, -54.336500,2026-07-12 04:00:00,GOES-19,PARANATINGA,MATO GROSSO,Brasil,5106307,51,33,23,7.98,0.16,Amazônia,78.2
50334f16-6c39-35d4-81d0-bd7918f12740, -13.374300, -54.315900,2026-07-12 04:00:00,GOES-19,PARANATINGA,MATO GROSSO,Brasil,5106307,51,33,28,9.57,0.11,Amazônia,76.2
05221110-7595-341a-9134-d6e451d6e0e3, -13.355200, -54.317900,2026-07-12 04:00:00,GOES-19,PARANATINGA,MATO GROSSO,Brasil,5106307,51,33,28,8.35,0.15,Amazônia,83.6
b8788a31-d159-31c1-ae00-b28153b2a20b,  10.171100, -72.512600,2026-07-12 04:00:00,GOES-19,Machiques de Perijá,Zulia,Venezuela,329,25,249,2,3.24,0.86,,44.5
eebf30fe-bbe6-315c-8ccc-7d02a9385187, -28.693970, -56.428930,2026-07-12 04:02:00,NOAA-21,Santo Tomé,Corrientes,Argentina,234,7,12,14,0.1,0.79,,1.8
8ceba61b-0463-3380-ae8f-59a487b36498, -28.692700, -56.433880,2026-07-12 04:02:00,NOAA-21,Santo Tomé,Corrientes,Argentina,234,7,12,14,0.1,0.79,,2.2
b4fce79d-71a7-3d20-b8e0-3e5b1f357272, -32.522420, -58.674450,2026-07-12 04:04:00,NOAA-21,Uruguay,Entre Ríos,Argentina,250,8,12,0,0.01,0.74,,1.5
f893a586-0e6d-38a3-b5d9-07bc8ede219f, -13.374300, -54.315900,2026-07-12 04:20:00,GOES-19,PARANATINGA,MATO GROSSO,Brasil,5106307,51,33,28,9.57,0.11,Amazônia,56.7
3a1eef94-1d2a-313c-aec8-1b0900a4ba73,   5.264350, -55.232140,2026-07-12 04:46:00,NOAA-20,Marechalskreek,Brokopondo,Suriname,5,1,219,0,4.42,0.0,,1.4
cd44f089-2a2a-3a4c-a145-53cc90a2d645,  -3.133590, -48.979920,2026-07-12 04:49:00,NOAA-20,MOJU,PARÁ,Brasil,1504703,15,33,3,0.0,0.28,Amazônia,1.5
1730b068-2bd8-357d-ac87-7d0e77d07ebb,  -4.025170, -44.130900,2026-07-12 04:49:00,NOAA-20,COROATÁ,MARANHÃO,Brasil,2103604,21,33,3,0.0,0.38,Cerrado,4.5
f974144f-93e0-3078-bbe3-64f9345182c5,  -2.805600, -48.592550,2026-07-12 04:49:00,NOAA-20,TAILÂNDIA,PARÁ,Brasil,1507953,15,33,6,0.21,0.74,Amazônia,1.8
a256866b-92fa-3f51-a1bd-16be8ee9982a,    .082300, -51.090530,2026-07-12 04:49:00,NOAA-20,MACAPÁ,AMAPÁ,Brasil,1600303,16,33,3,0.97,-999.0,Amazônia,0.8
d1231d8f-6966-3ca0-bf84-1c1e0b726dd2,  -3.309120, -49.463400,2026-07-12 04:49:00,NOAA-20,MOJU,PARÁ,Brasil,1504703,15,33,4,0.0,0.15,Amazônia,2.4
50cd2047-ac0c-35b0-9bcc-0d5d57106337,  -4.025820, -44.126450,2026-07-12 04:49:00,NOAA-20,COROATÁ,MARANHÃO,Brasil,2103604,21,33,3,0.0,0.56,Cerrado,4.5
1fa39bc2-9816-3269-ae9b-c701f5f40f1a,   -.995230, -48.085410,2026-07-12 04:49:00,NOAA-20,VIGIA,PARÁ,Brasil,1508209,15,33,-999,4.74,0.01,Amazônia,0.7
a8a7ff5b-31e6-376d-9be8-1d04c3527d05,  -2.961260, -48.989660,2026-07-12 04:49:00,NOAA-20,TAILÂNDIA,PARÁ,Brasil,1507953,15,33,4,0.0,0.48,Amazônia,5.3
f4563163-8bca-3788-a491-d3700cf31ed4,  -3.732720, -45.469150,2026-07-12 04:49:00,NOAA-20,PINDARÉ-MIRIM,MARANHÃO,Brasil,2108504,21,33,3,0.0,0.42,Amazônia,9.4
1dcbc1ac-939d-3c81-af53-f9c9144da2ce,  -2.960710, -48.993230,2026-07-12 04:49:00,NOAA-20,TAILÂNDIA,PARÁ,Brasil,1507953,15,33,4,0.0,0.51,Amazônia,5.3
f6fe0d7c-80b4-3636-bca1-5d7189115e04,  -4.029620, -44.131550,2026-07-12 04:49:00,NOAA-20,COROATÁ,MARANHÃO,Brasil,2103604,21,33,3,0.0,0.41,Cerrado,4.5
29bd169d-b08c-3a40-a6f5-15e7c7c6479e,  -2.964070, -48.993760,2026-07-12 04:49:00,NOAA-20,TAILÂNDIA,PARÁ,Brasil,1507953,15,33,4,0.0,0.23,Amazônia,5.3
e28012ef-b26a-3903-95b4-5edeea9aba33,  -3.491580, -48.035480,2026-07-12 04:49:00,NOAA-20,PARAGOMINAS,PARÁ,Brasil,1505502,15,33,4,0.0,0.39,Amazônia,4.5
9f31ef1f-98c5-3372-8f4d-ee4d6bd1a9cf,  -3.121880, -40.104290,2026-07-12 04:49:00,NOAA-20,MARCO,CEARÁ,Brasil,2307809,23,33,3,0.0,0.39,Caatinga,1.4
587e14ab-3749-3030-a983-792e57269725,  -2.964620, -48.990190,2026-07-12 04:49:00,NOAA-20,TAILÂNDIA,PARÁ,Brasil,1507953,15,33,4,0.0,0.18,Amazônia,5.3
e05552ac-bd7b-3292-ae98-f1489e99c45e,  -3.133030, -48.983510,2026-07-12 04:49:00,NOAA-20,MOJU,PARÁ,Brasil,1504703,15,33,3,0.0,0.33,Amazônia,1.5
dbac8fe5-459e-3ede-819a-c0a28776077d,  -3.272960, -48.828090,2026-07-12 04:49:00,NOAA-20,TAILÂNDIA,PARÁ,Brasil,1507953,15,33,8,0.0,1.0,Amazônia,0.8
5a5bd791-5815-30b4-83b1-174d6c5f7f0f,  -3.121120, -40.104470,2026-07-12 04:49:00,NOAA-20,MARCO,CEARÁ,Brasil,2307809,23,33,3,0.0,0.39,Caatinga,1.3
0f4d437b-b74c-3d1d-bbcc-e6f4c5a50bce,  -2.959440, -48.989600,2026-07-12 04:49:00,NOAA-20,TAILÂNDIA,PARÁ,Brasil,1507953,15,33,4,0.0,0.63,Amazônia,3.3
ad4a32ad-dd7d-3efc-8849-45e2e75ba7fe,  -3.495070, -48.036060,2026-07-12 04:49:00,NOAA-20,PARAGOMINAS,PARÁ,Brasil,1505502,15,33,4,0.0,0.39,Amazônia,4.5
1fbb60f0-d474-37a1-95d9-467a28ca356e,  -4.030270, -44.127130,2026-07-12 04:49:00,NOAA-20,COROATÁ,MARANHÃO,Brasil,2103604,21,33,3,0.0,0.52,Cerrado,4.5
966d0154-5528-3ade-baf8-51b520fa40f4,  -3.490990, -48.039310,2026-07-12 04:49:00,NOAA-20,PARAGOMINAS,PARÁ,Brasil,1505502,15,33,4,0.0,0.39,Amazônia,2.5
410b3ee9-c4f9-3f4f-9437-29a71a5a0aed,  -2.431490, -47.030270,2026-07-12 04:49:00,NOAA-20,NOVA ESPERANÇA DO PIRIÁ,PARÁ,Brasil,1504950,15,33,3,0.3,0.79,Amazônia,0.7
e4efea86-67d6-334d-afe9-672b416a123d,   -.165690, -50.407270,2026-07-12 04:49:00,NOAA-20,AFUÁ,PARÁ,Brasil,1500305,15,33,5,0.1,0.02,Amazônia,2.0
d9eec76c-7f53-32ea-a462-39805ff311d2,  -4.026610, -44.129100,2026-07-12 04:49:00,NOAA-20,COROATÁ,MARANHÃO,Brasil,2103604,21,33,3,0.0,0.39,Cerrado,16.4
5093a8a6-0d61-31b8-b042-33a6a88009ab,  -3.121300, -40.108290,2026-07-12 04:49:00,NOAA-20,MARCO,CEARÁ,Brasil,2307809,23,33,3,0.0,0.39,Caatinga,1.4
990dfb9a-9d8d-3849-995e-466a9040323a,  -2.967990, -48.990710,2026-07-12 04:49:00,NOAA-20,TAILÂNDIA,PARÁ,Brasil,1507953,15,33,4,0.0,0.4,Amazônia,1.6
616dfe6f-0a3b-3746-a255-41fb9a548c1d,  -3.494470, -48.039900,2026-07-12 04:49:00,NOAA-20,PARAGOMINAS,PARÁ,Brasil,1505502,15,33,4,0.0,0.39,Amazônia,2.5
1a0d5a32-3ce3-3468-b571-5904acdd34de,  -2.619730, -49.111900,2026-07-12 04:49:00,NOAA-20,MOJU,PARÁ,Brasil,1504703,15,33,5,0.01,0.38,Amazônia,0.9
967b4bf1-332d-337f-838e-0bb9b991cf67,  -2.804800, -48.593370,2026-07-12 04:49:00,NOAA-20,TAILÂNDIA,PARÁ,Brasil,1507953,15,33,6,0.2,0.7,Amazônia,0.5
601d3e43-05c3-331a-a225-98a713a7ffcf,  -2.810130, -48.719810,2026-07-12 04:49:00,NOAA-20,TAILÂNDIA,PARÁ,Brasil,1507953,15,33,5,0.6,0.59,Amazônia,1.0
1050bb35-33f8-323f-9057-b634b9805b32,  -2.967430, -48.994280,2026-07-12 04:49:00,NOAA-20,TAILÂNDIA,PARÁ,Brasil,1507953,15,33,4,0.0,0.35,Amazônia,1.6
e2cda26a-e47b-3cbe-9c30-0e5ea87ad81a,  -2.958880, -48.993170,2026-07-12 04:49:00,NOAA-20,TAILÂNDIA,PARÁ,Brasil,1507953,15,33,4,0.0,0.67,Amazônia,3.3
6097d877-7b9f-3062-a6b1-abf7cbd45930,  -3.120510, -40.108470,2026-07-12 04:49:00,NOAA-20,MARCO,CEARÁ,Brasil,2307809,23,33,2,0.0,0.39,Caatinga,1.3
c9e759b4-3528-3067-aedb-8f19f11b81e3,  -4.340350, -47.767460,2026-07-12 04:51:00,NOAA-20,DOM ELISEU,PARÁ,Brasil,1502939,15,33,15,0.0,0.82,Amazônia,4.8
c95c7685-d39c-381a-88ea-930552368251,  -5.122610, -43.238690,2026-07-12 04:51:00,NOAA-20,CAXIAS,MARANHÃO,Brasil,2103000,21,33,14,0.0,0.69,Cerrado,13.7
4cf4d369-33c6-3870-8796-f7edefaf13de, -10.477690, -42.424240,2026-07-12 04:51:00,NOAA-20,XIQUE-XIQUE,BAHIA,Brasil,2933604,29,33,74,0.0,1.0,Caatinga,2.8
f289ee46-bac3-3667-afe2-0694be41ea9b,  -5.127150, -43.235800,2026-07-12 04:51:00,NOAA-20,CAXIAS,MARANHÃO,Brasil,2103000,21,33,14,0.0,0.7,Cerrado,4.5
67f8ba04-ef88-3859-893b-75bc26de0586, -10.127860, -50.150670,2026-07-12 04:51:00,NOAA-20,PIUM,TOCANTINS,Brasil,1717503,17,33,0,0.11,1.0,Cerrado,1.9
46361e00-1a42-3f0f-9d84-787af9a0c4af, -10.122740, -50.161320,2026-07-12 04:51:00,NOAA-20,PIUM,TOCANTINS,Brasil,1717503,17,33,0,0.2,1.0,Cerrado,1.5
4e0d3e40-64d6-3397-8e64-a695905144eb,  -4.346180, -47.771730,2026-07-12 04:51:00,NOAA-20,DOM ELISEU,PARÁ,Brasil,1502939,15,33,15,0.0,0.69,Amazônia,7.9
6085d105-c665-38c9-83dd-64743896d107,  -8.259680, -48.214780,2026-07-12 04:51:00,NOAA-20,TUPIRATINS,TOCANTINS,Brasil,1721307,17,33,24,0.0,1.0,Cerrado,1.2
616125b9-5c01-3f2f-9bcb-b8de9184ad02,  -8.054280, -46.934640,2026-07-12 04:51:00,NOAA-20,CAMPOS LINDOS,TOCANTINS,Brasil,1703842,17,33,16,0.0,1.0,Cerrado,1.1
0e4b78b1-b835-3c76-bc85-a9155a85e048,  -7.642850, -50.024010,2026-07-12 04:51:00,NOAA-20,RIO MARIA,PARÁ,Brasil,1506161,15,33,24,0.2,0.93,Amazônia,0.8
a5bf2db1-c2d1-3b4e-869c-15144e0f2192,  -7.036960, -55.497680,2026-07-12 04:51:00,NOAA-20,NOVO PROGRESSO,PARÁ,Brasil,1505031,15,33,1,0.0,0.63,Amazônia,2.3
9f91ccfa-21a0-307d-a2ab-da4928585acd, -10.849220, -45.040000,2026-07-12 04:51:00,NOAA-20,CRISTALÂNDIA DO PIAUÍ,PIAUÍ,Brasil,2203008,22,33,78,0.2,1.0,Cerrado,1.2
f12e8ec3-622a-3efd-83d9-b8be67597d3c,  -4.205900, -50.261840,2026-07-12 04:51:00,NOAA-20,NOVO REPARTIMENTO,PARÁ,Brasil,1505064,15,33,2,0.0,0.84,Amazônia,1.5
d38064b7-4c7d-3f5c-be6d-afda1d521319,  -4.616070, -49.050920,2026-07-12 04:51:00,NOAA-20,JACUNDÁ,PARÁ,Brasil,1503804,15,33,4,0.0,1.0,Amazônia,0.9
0a9774c0-1229-3d42-8acd-98cf83b37ee4, -10.844600, -45.039260,2026-07-12 04:51:00,NOAA-20,CRISTALÂNDIA DO PIAUÍ,PIAUÍ,Brasil,2203008,22,33,78,0.2,1.0,Cerrado,1.4
a52fcac6-7464-33ae-a22b-39885bfe86b3,  -5.121600, -43.240200,2026-07-12 04:51:00,NOAA-20,CAXIAS,MARANHÃO,Brasil,2103000,21,33,14,0.0,0.69,Cerrado,4.5
508b9db3-7887-3b93-b106-374c5e72ba6f,  -4.342620, -47.771170,2026-07-12 04:51:00,NOAA-20,DOM ELISEU,PARÁ,Brasil,1502939,15,33,15,0.0,0.71,Amazônia,7.9
409ce851-fae3-318a-95d7-bafbce4481f0,  -4.806410, -45.769370,2026-07-12 04:51:00,NOAA-20,ARAME,MARANHÃO,Brasil,2100956,21,33,9,0.0,0.94,Amazônia,0.7
6f7dabc8-fe91-3be7-a2c0-0e2fbf9cada8,  -8.102710, -47.093570,2026-07-12 04:51:00,NOAA-20,GOIATINS,TOCANTINS,Brasil,1709005,17,33,17,0.0,1.0,Cerrado,6.0
2db5c7d9-6fa9-3c15-b71e-413e219c2fa7,  -4.612680, -49.050410,2026-07-12 04:51:00,NOAA-20,JACUNDÁ,PARÁ,Brasil,1503804,15,33,4,0.0,1.0,Amazônia,3.7
42929434-4665-3f94-aa0a-704d69588519, -10.131270, -50.151200,2026-07-12 04:51:00,NOAA-20,PIUM,TOCANTINS,Brasil,1717503,17,33,0,0.11,1.0,Cerrado,1.9
615320be-dd2d-3048-a228-de227203b8dd,  -4.343280, -47.772070,2026-07-12 04:51:00,NOAA-20,DOM ELISEU,PARÁ,Brasil,1502939,15,33,15,0.0,0.72,Amazônia,10.2
4f06e40c-5745-3a82-8940-64742c32fd16,  -4.609280, -49.049900,2026-07-12 04:51:00,NOAA-20,JACUNDÁ,PARÁ,Brasil,1503804,15,33,4,0.0,1.0,Amazônia,3.7
8e29a4d2-79fc-3cca-9429-817e7c0a999f,  -4.664880, -43.223620,2026-07-12 04:51:00,NOAA-20,ALDEIAS ALTAS,MARANHÃO,Brasil,2100303,21,33,14,0.0,0.5,Cerrado,2.4
2294f3cc-d142-39f7-b418-64a0cdba9dc0,  -8.728800, -47.823390,2026-07-12 04:51:00,NOAA-20,ITACAJÁ,TOCANTINS,Brasil,1710508,17,33,24,0.0,1.0,Cerrado,2.3
010e53a7-237f-3483-be35-39a20b3fe9f8,  -7.909480, -48.257090,2026-07-12 04:51:00,NOAA-20,PALMEIRANTE,TOCANTINS,Brasil,1715705,17,33,24,0.0,1.0,Cerrado,2.9
0a6d5e25-61b7-33b3-a020-c8b9373e9790,  -4.616640, -49.047270,2026-07-12 04:51:00,NOAA-20,JACUNDÁ,PARÁ,Brasil,1503804,15,33,4,0.0,1.0,Amazônia,0.5
c6e5377c-cea9-30d8-9d69-40313bfd14f0,  -6.496310, -42.220750,2026-07-12 04:51:00,NOAA-20,VÁRZEA GRANDE,PIAUÍ,Brasil,2211407,22,33,57,0.0,1.0,Caatinga,0.8
46be8491-8ad5-3437-a6f8-e6955da7c781,  -8.107340, -47.089160,2026-07-12 04:51:00,NOAA-20,GOIATINS,TOCANTINS,Brasil,1709005,17,33,18,0.0,1.0,Cerrado,2.8
92fe95dc-8acb-3ba2-aa58-a2ca3f750b12,  -8.098840, -47.092940,2026-07-12 04:51:00,NOAA-20,GOIATINS,TOCANTINS,Brasil,1709005,17,33,17,0.0,1.0,Cerrado,1.9
837d7cfb-b6a4-3c21-b726-ed676ab9797a,  -8.054550, -46.932750,2026-07-12 04:51:00,NOAA-20,CAMPOS LINDOS,TOCANTINS,Brasil,1703842,17,33,16,0.0,1.0,Cerrado,2.3
a6f42898-80f9-34e1-9c7e-34ae0fa01366,  -6.944340, -43.719780,2026-07-12 04:51:00,NOAA-20,GUADALUPE,PIAUÍ,Brasil,2204501,22,33,24,0.0,1.0,Cerrado,2.2
bdb6b8c6-4071-3dbb-b7d6-f05dbb24ad3d,  -8.256040, -48.214190,2026-07-12 04:51:00,NOAA-20,TUPIRATINS,TOCANTINS,Brasil,1721307,17,33,24,0.0,1.0,Cerrado,1.5
284a1253-ece6-3033-a39e-fb2c178bc122,  -8.724380, -47.827370,2026-07-12 04:51:00,NOAA-20,ITACAJÁ,TOCANTINS,Brasil,1710508,17,33,24,0.0,1.0,Cerrado,4.7
a9a8b310-b898-3261-8e9f-8f3557c993b3,  -4.343230, -47.767110,2026-07-12 04:51:00,NOAA-20,DOM ELISEU,PARÁ,Brasil,1502939,15,33,15,0.0,0.74,Amazônia,7.9
a8ab8613-e683-3c45-b0ac-8e941df5f55f,  -9.003670, -45.713030,2026-07-12 04:51:00,NOAA-20,SANTA FILOMENA,PIAUÍ,Brasil,2209203,22,33,82,0.0,1.0,Cerrado,1.1
b8f0de54-aa0b-3c7c-890a-8fbde8811689,  -7.910740, -48.248690,2026-07-12 04:51:00,NOAA-20,PALMEIRANTE,TOCANTINS,Brasil,1715705,17,33,24,0.0,1.0,Cerrado,3.5
7d0dd930-09a7-3064-a1c2-915e527aa567,  -7.755740, -44.822210,2026-07-12 04:51:00,NOAA-20,URUÇUÍ,PIAUÍ,Brasil,2211209,22,33,75,0.0,1.0,Cerrado,1.4
444ef783-b7c9-3edc-be5c-48d3c80ae0ef,  -4.612110, -49.054070,2026-07-12 04:51:00,NOAA-20,JACUNDÁ,PARÁ,Brasil,1503804,15,33,4,0.0,1.0,Amazônia,3.7
082ebef9-63f6-341e-88c4-36f3b2650ab8,  -4.669670, -43.224310,2026-07-12 04:51:00,NOAA-20,ALDEIAS ALTAS,MARANHÃO,Brasil,2100303,21,33,14,0.0,0.6,Cerrado,2.4
fce6d4c8-23fc-3aa9-b0cc-5a5209feb150,  -6.997830, -42.909520,2026-07-12 04:51:00,NOAA-20,FLORIANO,PIAUÍ,Brasil,2203909,22,33,24,0.0,1.0,Caatinga,1.2
78e2ee14-5aff-34d6-8ae8-be05f219249f,  -8.509280, -49.494540,2026-07-12 04:51:00,NOAA-20,CONCEIÇÃO DO ARAGUAIA,PARÁ,Brasil,1502707,15,33,23,0.0,1.0,Amazônia,1.3
68c02e38-5906-31e4-962d-8c039ba16267,  -5.126410, -43.240960,2026-07-12 04:51:00,NOAA-20,CAXIAS,MARANHÃO,Brasil,2103000,21,33,14,0.0,0.69,Cerrado,4.5
6a04003e-6313-38d5-adcb-8ece50246399,  -8.139580, -47.175770,2026-07-12 04:51:00,NOAA-20,GOIATINS,TOCANTINS,Brasil,1709005,17,33,15,0.0,1.0,Cerrado,2.1
1d130ed0-6f1b-3613-9ba7-39313eb49a25, -10.130130, -50.158650,2026-07-12 04:51:00,NOAA-20,PIUM,TOCANTINS,Brasil,1717503,17,33,0,0.19,1.0,Cerrado,2.2
dae2a85d-2bc5-3d20-aad7-0df7a578fd87, -10.130700, -50.154930,2026-07-12 04:51:00,NOAA-20,PIUM,TOCANTINS,Brasil,1717503,17,33,0,0.15,1.0,Cerrado,2.2
6302fc48-1ca3-3478-84c1-bf4ed46f3ab3,  -7.913730, -48.253460,2026-07-12 04:51:00,NOAA-20,PALMEIRANTE,TOCANTINS,Brasil,1715705,17,33,24,0.0,1.0,Cerrado,1.1
ffe8a5c7-3274-3500-ba45-8683e3fe73df,  -8.726780, -47.837020,2026-07-12 04:51:00,NOAA-20,ITACAJÁ,TOCANTINS,Brasil,1710508,17,33,24,0.0,1.0,Cerrado,2.5
3ee5d95f-81be-3241-8f89-2c7ca5607952,  -8.259040, -48.219040,2026-07-12 04:51:00,NOAA-20,TUPIRATINS,TOCANTINS,Brasil,1721307,17,33,24,0.0,1.0,Cerrado,1.1
937cc635-caaa-35cf-ba10-4749e8d11cca, -10.287030, -44.945590,2026-07-12 04:51:00,NOAA-20,CORRENTE,PIAUÍ,Brasil,2202901,22,33,50,0.0,1.0,Cerrado,0.7
7a833ac7-eb26-3830-8486-3a38ee798898,  -4.340990, -47.763420,2026-07-12 04:51:00,NOAA-20,DOM ELISEU,PARÁ,Brasil,1502939,15,33,15,0.0,0.9,Amazônia,2.8
b130a5c4-2236-3a40-abba-f40022388036,  -5.976730, -43.616930,2026-07-12 04:51:00,NOAA-20,LAGOA DO MATO,MARANHÃO,Brasil,2105922,21,33,24,0.0,1.0,Cerrado,2.1
4c42b49b-ad02-32be-9106-ba369cbfbff6,  -8.025970, -46.882670,2026-07-12 04:51:00,NOAA-20,CAMPOS LINDOS,TOCANTINS,Brasil,1703842,17,33,27,0.0,1.0,Cerrado,0.9
d0c6b4c5-25fe-3cfc-b31b-55d56a56a0ee,  -8.098120, -47.097820,2026-07-12 04:51:00,NOAA-20,GOIATINS,TOCANTINS,Brasil,1709005,17,33,17,0.0,1.0,Cerrado,1.9
c53183d8-c402-3ab6-806e-40a1f036421a,  -7.910110, -48.252900,2026-07-12 04:51:00,NOAA-20,PALMEIRANTE,TOCANTINS,Brasil,1715705,17,33,24,0.0,1.0,Cerrado,3.5
7ada52bf-3111-324e-8376-afa96b0559c2,  -5.678310, -49.816640,2026-07-12 04:51:00,NOAA-20,MARABÁ,PARÁ,Brasil,1504208,15,33,2,0.1,1.0,Amazônia,0.9
3fbebc76-694b-3578-952e-075ba47e485e,  -8.723710, -47.831910,2026-07-12 04:51:00,NOAA-20,ITACAJÁ,TOCANTINS,Brasil,1710508,17,33,24,0.0,1.0,Cerrado,1.9
6d273d9f-9af7-3338-9ea8-47e9ca2c30c1,  -4.343910, -47.768010,2026-07-12 04:51:00,NOAA-20,DOM ELISEU,PARÁ,Brasil,1502939,15,33,15,0.0,0.68,Amazônia,10.2
3da7be09-7bea-388d-b61f-dc0dc2eb7c33, -10.055750, -48.212180,2026-07-12 04:51:00,NOAA-20,PALMAS,TOCANTINS,Brasil,1721000,17,33,63,1.86,0.97,Cerrado,1.8
5f435092-17b4-36c8-b64d-d56164a61776,  -7.269640, -49.515630,2026-07-12 04:51:00,NOAA-20,RIO MARIA,PARÁ,Brasil,1506161,15,33,31,0.0,1.0,Amazônia,1.0
1ba3135c-c76e-3d3e-92a0-3fdad34a4b12,  -4.664110, -43.228810,2026-07-12 04:51:00,NOAA-20,ALDEIAS ALTAS,MARANHÃO,Brasil,2100303,21,33,14,0.0,0.5,Cerrado,4.9
653edacb-d337-37a3-a9a5-699dfc5ecd33,  -8.106590, -47.094170,2026-07-12 04:51:00,NOAA-20,GOIATINS,TOCANTINS,Brasil,1709005,17,33,17,0.0,1.0,Cerrado,6.0
e75c9607-9b03-3032-87f4-1e143ec8cd9a,  -7.639480, -50.023490,2026-07-12 04:51:00,NOAA-20,RIO MARIA,PARÁ,Brasil,1506161,15,33,23,0.2,0.97,Amazônia,0.3
4d4a30a6-e623-3b86-97c0-e9253376c886,  -5.122340, -43.235010,2026-07-12 04:51:00,NOAA-20,CAXIAS,MARANHÃO,Brasil,2103000,21,33,14,0.0,0.7,Cerrado,4.5
c6d30fa0-756d-3b97-b4e4-defa719e26f4,  -8.728120, -47.827950,2026-07-12 04:51:00,NOAA-20,ITACAJÁ,TOCANTINS,Brasil,1710508,17,33,24,0.0,1.0,Cerrado,2.3
787c3311-c7c8-3578-b9ac-2030cc452eb8,  -5.646380, -49.048130,2026-07-12 04:51:00,NOAA-20,MARABÁ,PARÁ,Brasil,1504208,15,33,38,0.0,1.0,Amazônia,0.8
23e684c5-920e-3df9-b97b-7f7ce30b51fa,  -9.221500, -48.582600,2026-07-12 04:51:00,NOAA-20,MIRANORTE,TOCANTINS,Brasil,1713304,17,33,75,0.0,1.0,Cerrado,1.0
1748d0a7-f43a-3f83-a113-f49e3635e240, -10.134110, -50.155460,2026-07-12 04:51:00,NOAA-20,PIUM,TOCANTINS,Brasil,1717503,17,33,0,0.16,1.0,Cerrado,1.8
7cebbbe1-3546-328e-b38c-7ed48d7d4a88, -10.056410, -48.207660,2026-07-12 04:51:00,NOAA-20,PALMAS,TOCANTINS,Brasil,1721000,17,33,63,1.98,0.96,Cerrado,1.8
028431e4-f4d0-3b2a-a673-ed008cd3033b,  -6.945090, -43.714520,2026-07-12 04:51:00,NOAA-20,GUADALUPE,PIAUÍ,Brasil,2204501,22,33,24,0.0,1.0,Cerrado,2.2
81b9f9bc-19e0-3d20-aee6-e1a37a6d666b, -10.127290, -50.154400,2026-07-12 04:51:00,NOAA-20,PIUM,TOCANTINS,Brasil,1717503,17,33,0,0.15,1.0,Cerrado,2.2
f1fb300a-3317-3e9f-9082-50e57494a643, -10.849870, -45.035200,2026-07-12 04:51:00,NOAA-20,CRISTALÂNDIA DO PIAUÍ,PIAUÍ,Brasil,2203008,22,33,76,0.2,1.0,Cerrado,1.2
38483c4c-6615-3654-b69b-1ea292a6f761,  -6.998260, -42.906570,2026-07-12 04:51:00,NOAA-20,FLORIANO,PIAUÍ,Brasil,2203909,22,33,24,0.0,1.0,Caatinga,1.2
a778e1bd-1b8b-3922-859f-276dbe521d8a,  -6.490600, -42.223110,2026-07-12 04:51:00,NOAA-20,VÁRZEA GRANDE,PIAUÍ,Brasil,2211407,22,33,57,0.0,1.0,Caatinga,1.9
b44baf80-afb8-3efa-ac1d-b064bb5aff5e,  -4.805890, -45.772850,2026-07-12 04:51:00,NOAA-20,ARAME,MARANHÃO,Brasil,2100956,21,33,9,0.0,0.88,Amazônia,0.7
320ade6b-e593-396f-a757-dc7257a94f61,  -8.101990, -47.098420,2026-07-12 04:51:00,NOAA-20,GOIATINS,TOCANTINS,Brasil,1709005,17,33,17,0.0,1.0,Cerrado,6.0
67f84ec2-b977-35df-a132-33712f7c29a4, -10.478170, -42.420590,2026-07-12 04:51:00,NOAA-20,XIQUE-XIQUE,BAHIA,Brasil,2933604,29,33,73,0.0,1.0,Caatinga,2.3
d42c65bc-c0b3-3988-ba4f-000c07dd0dc1,  -7.914360, -48.249240,2026-07-12 04:51:00,NOAA-20,PALMEIRANTE,TOCANTINS,Brasil,1715705,17,33,24,0.0,1.0,Cerrado,1.1
d271920c-f271-38c5-a5d1-5b14c5346ba0,  -8.719970, -47.831320,2026-07-12 04:51:00,NOAA-20,ITACAJÁ,TOCANTINS,Brasil,1710508,17,33,24,0.0,1.0,Cerrado,1.9
dc452ed4-004a-3613-87a4-c0b6eb49febc, -13.740100, -54.063180,2026-07-12 04:53:00,NOAA-20,GAÚCHA DO NORTE,MATO GROSSO,Brasil,5103858,51,33,18,7.62,0.39,Cerrado,3.0
9040a8cd-5336-36d9-bd67-c8ba7f86e6a9, -23.292990, -60.123310,2026-07-12 04:53:00,NOAA-20,Doctor Pedro P. Peña,Boquerón,Paraguay,42,6,177,23,0.0,0.97,,2.0
bddd666b-a0f0-33f3-b1db-d2a07b3e4622, -13.478180, -44.043440,2026-07-12 04:53:00,NOAA-20,SÃO FÉLIX DO CORIBE,BAHIA,Brasil,2929057,29,33,50,0.0,1.0,Cerrado,1.6
fee406db-5e31-3266-a685-638809413761, -16.812120, -49.200370,2026-07-12 04:53:00,NOAA-20,APARECIDA DE GOIÂNIA,GOIÁS,Brasil,5201405,52,33,27,0.27,1.0,Cerrado,1.4
1f60d123-9479-3209-96ca-8d5faee5404a, -15.891170, -43.480140,2026-07-12 04:53:00,NOAA-20,JANAÚBA,MINAS GERAIS,Brasil,3135100,31,33,91,0.0,1.0,Cerrado,1.0
6f416197-9f88-3a83-8b9d-db6a1b58c065, -11.848030, -49.182250,2026-07-12 04:53:00,NOAA-20,CARIRI DO TOCANTINS,TOCANTINS,Brasil,1703867,17,33,50,0.0,1.0,Cerrado,2.2
2a316358-d732-3915-834f-f1ae38779ced, -18.223950, -43.646980,2026-07-12 04:53:00,NOAA-20,DIAMANTINA,MINAS GERAIS,Brasil,3121605,31,33,27,0.0,1.0,Cerrado,1.1
2be74932-d8bf-3860-afae-aaed5af2cb7c, -15.897260, -43.477220,2026-07-12 04:53:00,NOAA-20,JANAÚBA,MINAS GERAIS,Brasil,3135100,31,33,91,0.0,1.0,Cerrado,6.6
33f814c7-87fe-32a6-8cf9-4c0413abb608, -23.292480, -60.124770,2026-07-12 04:53:00,NOAA-20,Doctor Pedro P. Peña,Boquerón,Paraguay,42,6,177,23,0.0,0.97,,1.1
cfe58f6a-d222-388e-8b4e-2845f57383bc, -15.896860, -43.480900,2026-07-12 04:53:00,NOAA-20,JANAÚBA,MINAS GERAIS,Brasil,3135100,31,33,91,0.0,1.0,Cerrado,6.4
d6d26911-7ace-3af4-b2cd-03256618acf6, -18.270210, -51.211800,2026-07-12 04:53:00,NOAA-20,APARECIDA DO RIO DOCE,GOIÁS,Brasil,5201454,52,33,17,0.1,1.0,Cerrado,0.4
bdd45649-3e21-3b01-904c-8575afcde720, -16.692800, -51.377040,2026-07-12 04:53:00,NOAA-20,PALESTINA DE GOIÁS,GOIÁS,Brasil,5215652,52,33,22,0.72,1.0,Cerrado,1.7
35ad2f71-1d70-3e0f-adf6-1d61c8d1ff36, -16.693390, -51.373140,2026-07-12 04:53:00,NOAA-20,PALESTINA DE GOIÁS,GOIÁS,Brasil,5215652,52,33,22,0.71,1.0,Cerrado,1.0
7c9ac030-7c5d-3509-9a29-bbdf111bc476, -18.229950, -43.643770,2026-07-12 04:53:00,NOAA-20,DIAMANTINA,MINAS GERAIS,Brasil,3121605,31,33,27,0.0,1.0,Cerrado,1.3
c3852843-b6bf-3da2-ac64-181552488b63, -16.104620, -60.390610,2026-07-12 04:53:00,NOAA-20,José Miguel de Velasco,Santa Cruz,Bolivia,85,8,28,16,10.12,0.08,,2.0
480eb1d5-d9de-3a39-95fe-01d635da2743, -23.484330, -56.613120,2026-07-12 04:53:00,NOAA-20,Tacuatí,San Pedro,Paraguay,215,18,177,0,0.0,0.38,,0.6
832af581-9012-3074-987e-bae6887ea6dd, -13.743450, -54.063750,2026-07-12 04:53:00,NOAA-20,GAÚCHA DO NORTE,MATO GROSSO,Brasil,5103858,51,33,18,7.57,0.4,Cerrado,5.8
f550327c-1c85-358a-a10d-60bac62de0d8, -13.746800, -54.064330,2026-07-12 04:53:00,NOAA-20,GAÚCHA DO NORTE,MATO GROSSO,Brasil,5103858,51,33,18,7.57,0.4,Cerrado,5.8
81d3911f-f3e8-3675-8db1-b230d91dc066, -15.896680, -43.480820,2026-07-12 04:53:00,NOAA-20,JANAÚBA,MINAS GERAIS,Brasil,3135100,31,33,91,0.0,1.0,Cerrado,9.3
0394ad4a-3165-36df-99f5-16fcfed4069f, -15.896460, -43.484570,2026-07-12 04:53:00,NOAA-20,JANAÚBA,MINAS GERAIS,Brasil,3135100,31,33,91,0.0,1.0,Cerrado,6.4
151f20cb-005d-3ffc-83bf-2846d8c384b1, -16.052510, -56.959350,2026-07-12 04:53:00,NOAA-20,POCONÉ,MATO GROSSO,Brasil,5106505,51,33,1,8.98,0.72,Cerrado,1.0
2d763458-f4bc-3cad-8964-a52aebcabbf7, -15.891340, -43.480220,2026-07-12 04:53:00,NOAA-20,JANAÚBA,MINAS GERAIS,Brasil,3135100,31,33,91,0.0,1.0,Cerrado,6.4
5d0ac6ec-550f-3c3a-a704-91c64fe8cccb, -18.225680, -43.647600,2026-07-12 04:53:00,NOAA-20,DIAMANTINA,MINAS GERAIS,Brasil,3121605,31,33,27,0.0,1.0,Cerrado,1.1
50f3737d-5fdc-392c-bd18-2c39c960cf05, -13.750140, -54.064900,2026-07-12 04:53:00,NOAA-20,GAÚCHA DO NORTE,MATO GROSSO,Brasil,5103858,51,33,18,7.61,0.39,Cerrado,6.0
fe721811-3834-3882-9c7f-14cce2a06a09, -13.753490, -54.065470,2026-07-12 04:53:00,NOAA-20,GAÚCHA DO NORTE,MATO GROSSO,Brasil,5103858,51,33,18,7.64,0.39,Cerrado,6.0
95ab0e8d-ded7-3f31-afc4-1e3c8f22d4a9, -15.896260, -43.484470,2026-07-12 04:53:00,NOAA-20,JANAÚBA,MINAS GERAIS,Brasil,3135100,31,33,91,0.0,1.0,Cerrado,9.3
095be266-6a69-358a-a7f0-d3bf35f3a037, -15.897110, -43.477150,2026-07-12 04:53:00,NOAA-20,JANAÚBA,MINAS GERAIS,Brasil,3135100,31,33,91,0.0,1.0,Cerrado,4.8
1a85cdf6-03ce-36b5-b5ba-972bf7c578ce, -18.231720, -43.644350,2026-07-12 04:53:00,NOAA-20,DIAMANTINA,MINAS GERAIS,Brasil,3121605,31,33,27,0.0,1.0,Cerrado,1.9
309f6c7a-35f6-3f0e-bf31-3f320cb12128, -23.289100, -60.122430,2026-07-12 04:53:00,NOAA-20,Doctor Pedro P. Peña,Boquerón,Paraguay,42,6,177,23,0.0,0.97,,2.0
04349112-7758-3383-96cf-fd15dbd9eaf1, -26.043080, -60.883920,2026-07-12 04:55:00,NOAA-20,General Güemes,Chaco,Argentina,179,4,12,24,0.0,0.77,,1.0
3cd795ea-21e5-33de-a33b-48af5201c510, -23.757710, -65.305860,2026-07-12 04:55:00,NOAA-20,Tilcara,Jujuy,Argentina,274,10,12,79,0.0,0.72,,2.5
2329fa32-6bb0-3d79-b853-d09cc86be245, -17.135500, -66.044000,2026-07-12 04:55:00,NOAA-20,Chapare,Cochabamba,Bolivia,17,2,28,28,0.0,0.52,,3.1
89010343-034b-3ce9-bfbd-ea5202cdaa2e, -17.136060, -66.041510,2026-07-12 04:55:00,NOAA-20,Chapare,Cochabamba,Bolivia,17,2,28,29,0.0,0.43,,3.3
fa363572-9854-3b83-b3de-c3bba5b68af7, -17.129000, -66.043770,2026-07-12 04:55:00,NOAA-20,Chapare,Cochabamba,Bolivia,17,2,28,27,0.04,0.51,,4.4
790e7fb6-b776-36d0-aef9-45aaddf552a6, -30.837100, -57.834270,2026-07-12 04:55:00,NOAA-20,Federación,Entre Ríos,Argentina,239,8,12,20,0.4,0.62,,1.3
a6382b5a-922f-32bd-9ce4-6a39c426919d, -23.762460, -65.309360,2026-07-12 04:55:00,NOAA-20,Tilcara,Jujuy,Argentina,274,10,12,79,0.0,0.72,,2.1
ca469b87-3269-33fd-82dc-d4d532d52117, -23.766620, -65.315450,2026-07-12 04:55:00,NOAA-20,Tilcara,Jujuy,Argentina,274,10,12,79,0.0,0.73,,1.7
4ea7939c-8c67-327a-89f5-0a8c544f15d1, -23.767690, -65.310790,2026-07-12 04:55:00,NOAA-20,Tilcara,Jujuy,Argentina,274,10,12,79,0.0,0.72,,1.9
2e4a6137-2078-30a1-ac31-930f6219285f, -23.759220, -65.306570,2026-07-12 04:55:00,NOAA-20,Tilcara,Jujuy,Argentina,274,10,12,79,0.0,0.72,,2.8
2933d9f5-ed0b-3b56-9715-3f76b1a102ae, -23.763980, -65.310070,2026-07-12 04:55:00,NOAA-20,Tilcara,Jujuy,Argentina,274,10,12,79,0.0,0.72,,4.5
54dec558-2f8f-37c2-9c3d-a3df6124b66a, -17.139120, -66.042710,2026-07-12 04:55:00,NOAA-20,Chapare,Cochabamba,Bolivia,17,2,28,29,0.0,0.48,,3.5
04a7ccfe-11f7-3218-a32f-ed4eb70ea76e, -26.039210, -60.882990,2026-07-12 04:55:00,NOAA-20,General Güemes,Chaco,Argentina,179,4,12,24,0.0,0.82,,1.0
984a95a1-81fb-3c50-8e8d-92e2aa32bad4, -23.762980, -65.307100,2026-07-12 04:55:00,NOAA-20,Tilcara,Jujuy,Argentina,274,10,12,79,0.0,0.72,,2.5
b0249ea9-70d3-387a-a918-00918fdcb6e4, -24.531050, -58.580480,2026-07-12 04:55:00,NOAA-20,Villa Hayes,Presidente Hayes,Paraguay,203,17,177,15,0.0,0.91,,2.4
5c7f3ee0-5fc5-32c7-9a8f-1632297a7791, -24.530260, -58.584880,2026-07-12 04:55:00,NOAA-20,Villa Hayes,Presidente Hayes,Paraguay,203,17,177,15,0.0,0.89,,2.4
11174897-6ac2-31ce-8987-4024c79e868d, -26.040260, -60.877590,2026-07-12 04:55:00,NOAA-20,General Güemes,Chaco,Argentina,179,4,12,24,0.0,0.85,,1.0
c7568e2b-7f05-37fc-9231-305013a582bc, -24.527500, -58.579730,2026-07-12 04:55:00,NOAA-20,Villa Hayes,Presidente Hayes,Paraguay,203,17,177,16,0.0,0.91,,0.7
e70504fc-7be5-3b73-b122-a3991d6c24d9, -23.771260, -65.319470,2026-07-12 04:55:00,NOAA-20,Tilcara,Jujuy,Argentina,274,10,12,79,0.0,0.73,,1.7
d86143fa-12ff-3358-883b-28ae228c54e6, -23.764490, -65.307840,2026-07-12 04:55:00,NOAA-20,Tilcara,Jujuy,Argentina,274,10,12,79,0.0,0.72,,2.8
60eb5437-97ed-35e3-9315-06d6f8f022eb, -23.767160, -65.313110,2026-07-12 04:55:00,NOAA-20,Tilcara,Jujuy,Argentina,274,10,12,79,0.0,0.72,,1.9
72f00dad-083f-311b-b8c0-b228c5b5085e, -31.465220, -59.585730,2026-07-12 04:57:00,NOAA-20,La Paz,Entre Ríos,Argentina,246,8,12,0,3.36,0.47,,0.4
50969262-4203-35d2-95c6-627b5d69aa15, -36.744520, -71.975450,2026-07-12 04:59:00,NOAA-20,Ñuble,Bío-Bío,Chile,15,6,48,0,1.15,0.01,,2.5
da89c281-0ebc-36d4-91ff-68479c8d4cd2, -10.129200, -50.147500,2026-07-12 05:20:00,GOES-19,PIUM,TOCANTINS,Brasil,1717503,17,33,0,0.1,1.0,Cerrado,51.1
3a3ce281-3142-3634-b29e-8e2d09d16858,   5.262190, -55.233070,2026-07-12 05:31:00,NOAA-21,Marechalskreek,Brokopondo,Suriname,5,1,219,0,4.4,0.0,,1.9
e61c035e-6d79-3046-bdb7-25b1594c5574,   9.659720, -72.472030,2026-07-12 05:31:00,NOAA-21,Machiques de Perijá,Zulia,Venezuela,329,25,249,0,3.4,0.24,,5.1
6d39a7c9-be53-32ed-832a-f281e70cb766,   9.666290, -72.471300,2026-07-12 05:31:00,NOAA-21,Machiques de Perijá,Zulia,Venezuela,329,25,249,0,3.4,0.25,,5.1
5c44179d-6274-311d-9742-4b11f73fbd19,   9.659030, -72.466480,2026-07-12 05:31:00,NOAA-21,Machiques de Perijá,Zulia,Venezuela,329,25,249,0,3.4,0.24,,5.1
93cb1236-a11b-3561-bc13-3aa9635a7576,   5.803320, -61.560580,2026-07-12 05:31:00,NOAA-21,Gran Sabana,Bolívar,Venezuela,71,6,249,0,1.09,0.0,,4.0
b455fbbf-bbd0-376b-9d15-7512d5ec155b,   9.666980, -72.476860,2026-07-12 05:31:00,NOAA-21,Machiques de Perijá,Zulia,Venezuela,329,25,249,0,3.4,0.24,,5.0
37f8196e-d9f5-317a-b6bd-d1da4a85a12f,   9.666030, -72.475560,2026-07-12 05:31:00,NOAA-21,Machiques de Perijá,Zulia,Venezuela,329,25,249,0,3.4,0.24,,4.4
defb6a1e-1bb6-3a88-a66b-8fb0f1426415,   9.660410, -72.477590,2026-07-12 05:31:00,NOAA-21,Machiques de Perijá,Zulia,Venezuela,329,25,249,0,3.4,0.24,,5.0
b9da9191-a844-33a1-8253-72ed08aabf27,   9.665370, -72.469980,2026-07-12 05:31:00,NOAA-21,Machiques de Perijá,Zulia,Venezuela,329,25,249,0,3.4,0.25,,4.4
985b8e62-ed93-31ee-b86a-19fbf9281001,   5.802790, -61.557130,2026-07-12 05:31:00,NOAA-21,Gran Sabana,Bolívar,Venezuela,71,6,249,0,1.08,0.0,,1.0
54295781-0160-3058-9d8f-77a7b9e7d711,   9.660120, -72.481890,2026-07-12 05:31:00,NOAA-21,Machiques de Perijá,Zulia,Venezuela,329,25,249,0,3.4,0.24,,5.1
0e9566da-8b98-30e5-8305-9e6bcd07e65e,   9.659460, -72.476290,2026-07-12 05:31:00,NOAA-21,Machiques de Perijá,Zulia,Venezuela,329,25,249,0,3.4,0.24,,4.4
815c528b-6c7f-396f-8344-2c8389317f3b,   9.658810, -72.470710,2026-07-12 05:31:00,NOAA-21,Machiques de Perijá,Zulia,Venezuela,329,25,249,0,3.4,0.24,,4.4
fabd81a4-e161-335f-bcb7-cc25d5c3e443,    .874800, -59.704420,2026-07-12 05:33:00,NOAA-21,CAROEBE,RORAIMA,Brasil,1400233,14,33,4,0.0,-999.0,Amazônia,0.6
0ade23a4-ffbf-3da1-a740-59da14e0034d,   4.325360, -60.794210,2026-07-12 05:33:00,NOAA-21,PACARAIMA,RORAIMA,Brasil,1400456,14,33,0,0.0,0.02,Amazônia,1.4
b36a047a-bbef-33f1-8af1-96890f5c5252,   4.329200, -60.797150,2026-07-12 05:33:00,NOAA-21,PACARAIMA,RORAIMA,Brasil,1400456,14,33,0,0.0,0.02,Amazônia,0.6
d9c086ed-e157-3d8d-9324-d14d6f4f30c5, -13.780130, -70.457210,2026-07-12 05:38:00,NOAA-21,Carabaya,Puno,Peru,162,22,178,1,0.0,0.7,,1.9
1911c43b-a7ae-3469-afa2-36da05cafcbc, -13.432500, -72.916900,2026-07-12 05:38:00,NOAA-21,Abancay,Apurímac,Peru,28,3,178,30,0.0,0.77,,4.3
8cda471d-0640-3f38-8146-fc536a1b910c, -13.054310, -71.887380,2026-07-12 05:38:00,NOAA-21,Paucartambo,Cusco,Peru,78,8,178,2,0.0,0.78,,1.8
fec59878-6e48-31b4-8875-a183c3971243, -14.519690, -69.176060,2026-07-12 05:38:00,NOAA-21,San Antonio de Putina,Puno,Peru,171,22,178,22,0.0,0.74,,1.0
364d6c8b-81e6-38c9-acdc-3e82d6179b0e, -13.778090, -70.468930,2026-07-12 05:38:00,NOAA-21,Carabaya,Puno,Peru,162,22,178,2,0.0,0.69,,1.1
13d49298-53b6-34f6-965a-a28d98374895, -13.416110, -72.926250,2026-07-12 05:38:00,NOAA-21,Abancay,Apurímac,Peru,28,3,178,30,0.0,0.82,,4.7
597fb2c0-1554-3841-8adf-7c8a8ed0fa35, -13.775050, -70.462740,2026-07-12 05:38:00,NOAA-21,Carabaya,Puno,Peru,162,22,178,2,0.0,0.7,,3.2
b00cd66d-8be3-33f5-9f33-03991e341524, -13.417380, -72.919450,2026-07-12 05:38:00,NOAA-21,Abancay,Apurímac,Peru,28,3,178,30,0.0,0.82,,4.7
7739f6e0-1a91-3a8f-a5b8-cfbd78c42a93, -13.423040, -72.915270,2026-07-12 05:38:00,NOAA-21,Abancay,Apurímac,Peru,28,3,178,30,0.0,0.8,,7.0
abbed527-4a46-3735-ac6c-29cb38608aee, -13.422360, -72.918920,2026-07-12 05:38:00,NOAA-21,Abancay,Apurímac,Peru,28,3,178,30,0.0,0.82,,4.7
8b970414-e237-37fe-9525-2fd3e09bf528, -13.427780, -72.916020,2026-07-12 05:38:00,NOAA-21,Abancay,Apurímac,Peru,28,3,178,30,0.0,0.78,,4.3
0dfe41e8-83b3-3567-92c6-d6c0e4b6a261, -13.433470, -72.937970,2026-07-12 05:38:00,NOAA-21,Abancay,Apurímac,Peru,28,3,178,30,0.0,0.85,,2.8
529a9445-0a3e-33db-9aac-4c7ae6146c5c, -13.776700, -70.453290,2026-07-12 05:38:00,NOAA-21,Carabaya,Puno,Peru,162,22,178,2,0.0,0.7,,3.8
fd16b3df-f845-368c-ac6f-d09003d4e230, -13.775920, -70.457760,2026-07-12 05:38:00,NOAA-21,Carabaya,Puno,Peru,162,22,178,2,0.0,0.7,,3.2
63210f47-3bc8-358f-ae8f-614bb375f66a, -13.780870, -70.452960,2026-07-12 05:38:00,NOAA-21,Carabaya,Puno,Peru,162,22,178,2,0.0,0.7,,1.9
f56af20f-7860-3805-8d35-e48991741936, -22.173880, -61.513570,2026-07-12 05:40:00,NOAA-21,Doctor Pedro P. Peña,Boquerón,Paraguay,42,6,177,32,0.0,0.97,,1.1
6ca9cd11-ab3b-3adc-a27f-8546ce824530, -20.595670, -58.173420,2026-07-12 05:40:00,NOAA-21,Fuerte Olimpo,Alto Paraguay,Paraguay,17,2,177,0,0.0,0.56,,2.8
211083e5-deb6-39ab-a292-1edfb8f61893, -23.292080, -60.124820,2026-07-12 05:40:00,NOAA-21,Doctor Pedro P. Peña,Boquerón,Paraguay,42,6,177,23,0.0,0.97,,3.3
4d264b5c-4541-38f2-9d8a-56fb38eb1ac1, -17.137500, -66.043160,2026-07-12 05:40:00,NOAA-21,Chapare,Cochabamba,Bolivia,17,2,28,29,0.0,0.49,,0.9
d6077f76-d715-35c2-82f9-2ead30c4acbd, -17.140790, -66.043710,2026-07-12 05:40:00,NOAA-21,Chapare,Cochabamba,Bolivia,17,2,28,30,0.0,0.51,,1.8
a6683707-352b-3e13-91c0-3504cc7e56a5, -20.595350, -58.176540,2026-07-12 05:40:00,NOAA-21,Fuerte Olimpo,Alto Paraguay,Paraguay,17,2,177,0,0.0,0.55,,2.4
a8e35a18-b1b7-31b7-a6c2-38df2060832a, -15.413060, -69.250010,2026-07-12 05:40:00,NOAA-21,Eliodoro Camacho,La Paz,Bolivia,35,4,28,8,0.0,0.75,,6.0
c5729c64-833c-3651-81a5-b664d87e0ef1, -23.240150, -59.877560,2026-07-12 05:40:00,NOAA-21,Pozo Colorado,Presidente Hayes,Paraguay,201,17,177,23,0.0,0.97,,1.9
1f9eb01d-63c7-340b-8fc1-92a2d4ff42de, -24.533440, -58.585420,2026-07-12 05:42:00,NOAA-21,Villa Hayes,Presidente Hayes,Paraguay,203,17,177,15,0.0,0.87,,0.8
aa6f0101-928f-32a8-ae03-da5d9f3c03e0, -24.528270, -58.584790,2026-07-12 05:42:00,NOAA-21,Villa Hayes,Presidente Hayes,Paraguay,203,17,177,15,0.0,0.9,,0.8
e6149089-5e13-348d-aaad-372787772902, -26.042300, -60.881610,2026-07-12 05:42:00,NOAA-21,General Güemes,Chaco,Argentina,179,4,12,24,0.0,0.82,,2.5
d0661df3-1010-3f3b-b4d2-e6c3c79ab734, -26.042880, -60.883750,2026-07-12 05:42:00,NOAA-21,General Güemes,Chaco,Argentina,179,4,12,24,0.0,0.77,,1.8
3e3d7c59-0fe0-3a43-ba74-58cff4bd456c, -26.043390, -60.878660,2026-07-12 05:42:00,NOAA-21,General Güemes,Chaco,Argentina,179,4,12,24,0.0,0.85,,1.5
8e7f429a-af93-3d14-ab30-1d8a9ce8e360, -34.201780, -70.734030,2026-07-12 05:44:00,NOAA-21,Cachapoal,Libertador General Bernardo O'Higgins,Chile,22,8,48,2,0.0,-999.0,,0.7
ca0dcd17-41eb-3212-abab-6bc72a116a9d, -32.767730, -70.713420,2026-07-12 05:44:00,NOAA-21,Los Andes,Valparaíso,Chile,47,15,48,2,0.0,-999.0,,0.5
97919e31-8dbe-31c5-9c60-a45ff3cd7ee1, -34.841210, -72.066820,2026-07-12 05:44:00,NOAA-21,Curicó,Maule,Chile,36,12,48,-999,0.6,0.55,,0.3
73e562b6-a673-34c7-a4fb-3e3315ed4b42, -37.200550, -73.217030,2026-07-12 05:46:00,NOAA-21,Arauco,Bío-Bío,Chile,16,6,48,2,0.2,0.66,,0.6
a8cea481-0cdf-37b7-b5d6-54161b9e690e, -36.747700, -71.973710,2026-07-12 05:46:00,NOAA-21,Ñuble,Bío-Bío,Chile,15,6,48,0,1.16,0.01,,1.7
a07f2b61-0f88-3621-b928-ae0bb83b2a27, -37.882550, -72.001220,2026-07-12 05:46:00,NOAA-21,Biobío,Bío-Bío,Chile,17,6,48,2,0.08,0.01,,1.1
b2429b65-94b4-31c3-bacc-bc14a8ed7d4a, -36.957110, -72.631910,2026-07-12 05:46:00,NOAA-21,Biobío,Bío-Bío,Chile,17,6,48,2,0.1,0.07,,1.0
d2c3322c-1f66-3b1c-b1e3-59838f33d768, -37.426410, -69.093280,2026-07-12 05:46:00,NOAA-21,Pehuenches,Neuquén,Argentina,365,15,12,2,0.1,0.06,,1.9
5ffb0257-8f80-3d22-8403-5175b8f682c5, -36.744380, -71.972890,2026-07-12 05:46:00,NOAA-21,Ñuble,Bío-Bío,Chile,15,6,48,0,1.13,0.01,,4.6
5382ff51-aea3-3ba1-af14-ede5c7702635, -37.883240, -71.996860,2026-07-12 05:46:00,NOAA-21,Biobío,Bío-Bío,Chile,17,6,48,2,0.09,0.01,,1.6
b65d10ec-cd88-3f67-b0aa-a355359e6b9d, -36.741760, -71.967770,2026-07-12 05:46:00,NOAA-21,Ñuble,Bío-Bío,Chile,15,6,48,0,1.1,0.02,,4.6
a98c9199-7a91-36da-8ec0-aba7769f5cde, -36.741070, -71.972080,2026-07-12 05:46:00,NOAA-21,Ñuble,Bío-Bío,Chile,15,6,48,0,1.11,0.03,,4.6
07bfd5cf-eb60-3548-843b-413f68bd6342, -10.166700, -50.165000,2026-07-12 06:10:00,GOES-19,PIUM,TOCANTINS,Brasil,1717503,17,33,12,0.47,1.0,Cerrado,68.9
dfa7d594-ec58-3238-9842-1e24b95a0a4e, -10.166400, -50.186400,2026-07-12 06:10:00,GOES-19,PIUM,TOCANTINS,Brasil,1717503,17,33,12,0.51,1.0,Cerrado,77.1
6fc46f40-e9a9-3976-89fb-a0f725dac7f5,  -4.338960, -47.760620,2026-07-12 06:14:00,AQUA_M-M,DOM ELISEU,PARÁ,Brasil,1502939,15,33,14,0.0,0.99,Amazônia,16.5
41ab8972-55a5-3c9e-b26f-f2a68e54eee2,  -5.119420, -43.236660,2026-07-12 06:14:00,AQUA_M-M,CAXIAS,MARANHÃO,Brasil,2103000,21,33,14,0.0,0.69,Cerrado,17.8
9a5124bf-ced0-3f27-ae69-abb230fc61c3,  -4.667480, -43.224240,2026-07-12 06:14:00,AQUA_M-M,ALDEIAS ALTAS,MARANHÃO,Brasil,2100303,21,33,14,0.0,0.55,Cerrado,8.7
e42ba2b7-0d54-3d19-b21f-96d3e00d6d9e,  -4.028330, -44.132470,2026-07-12 06:14:00,AQUA_M-M,COROATÁ,MARANHÃO,Brasil,2103604,21,33,3,0.0,0.45,Cerrado,23.2
3ad97e96-4f3b-3303-8d07-11f60b06ee31,  -4.340880, -47.766290,2026-07-12 06:14:00,AQUA_M-M,DOM ELISEU,PARÁ,Brasil,1502939,15,33,15,0.0,0.83,Amazônia,17.9
0e9a3858-01ae-3ae3-9458-2b2ca54dda52,  -4.029960, -44.121950,2026-07-12 06:14:00,AQUA_M-M,COROATÁ,MARANHÃO,Brasil,2103604,21,33,3,0.0,0.86,Cerrado,15.7
d7407339-9bef-32f7-adf2-d40975220f75, -10.166400, -50.186400,2026-07-12 06:20:00,GOES-19,PIUM,TOCANTINS,Brasil,1717503,17,33,12,0.51,1.0,Cerrado,69.3
1a6493b3-e191-394d-b904-5ecf0dd701d0, -10.166700, -50.165000,2026-07-12 06:20:00,GOES-19,PIUM,TOCANTINS,Brasil,1717503,17,33,12,0.47,1.0,Cerrado,78.7
c0f193c5-a698-3a56-a993-8cc65eb07c83,  10.306210, -72.313000,2026-07-12 06:25:00,NOAA-20,Rosario de Perijá,Zulia,Venezuela,333,25,249,2,0.83,1.0,,1.1
133c1648-cf99-320c-8bbd-84d9c6012c49,   9.673910, -63.562050,2026-07-12 06:25:00,NOAA-20,Ezequiel Zamora,Monagas,Venezuela,206,17,249,0,11.65,0.04,,0.4
7fbc3f90-ccc6-342b-9ad3-10daa046702b,   9.631800, -73.750480,2026-07-12 06:25:00,NOAA-20,El Paso,Cesar,Colombia,454,12,53,2,5.99,0.28,,0.5
7bc4eaca-f74c-330b-a5fd-59a4be8762a8,  10.810140, -71.722330,2026-07-12 06:25:00,NOAA-20,Mara,Zulia,Venezuela,331,25,249,4,0.3,1.0,,0.2
2de84337-36ca-3563-a525-294c8cfa4027,   9.664300, -72.467450,2026-07-12 06:25:00,NOAA-20,Machiques de Perijá,Zulia,Venezuela,329,25,249,0,3.4,0.25,,0.4
25a737a2-cda9-34ee-9203-37d937bdea4e,   1.617690, -77.540500,2026-07-12 06:27:00,NOAA-20,Cumbitara,Nariño,Colombia,726,21,53,3,15.5,0.0,,1.8
584834c6-1772-379a-b6af-38ac166161a6, -10.166700, -50.165000,2026-07-12 06:30:00,GOES-19,PIUM,TOCANTINS,Brasil,1717503,17,33,12,0.47,1.0,Cerrado,65.7
2df20bae-76af-31b4-a667-69da68350601, -10.166400, -50.186400,2026-07-12 06:30:00,GOES-19,PIUM,TOCANTINS,Brasil,1717503,17,33,12,0.51,1.0,Cerrado,52.1
31e55e68-67c5-3732-902e-c22aadb20405, -12.484040, -74.650380,2026-07-12 06:31:00,NOAA-20,Tayacaja,Huancavelica,Peru,98,10,178,2,0.0,0.83,,3.8
a3a5320c-5b75-38f0-ba3c-972ecde22202,  -6.990050, -76.552290,2026-07-12 06:31:00,NOAA-20,Bellavista,San Martín,Peru,175,23,178,7,0.0,0.89,,0.9
206b8292-9161-3819-956c-edd468ca1555, -11.208400, -68.451290,2026-07-12 06:31:00,NOAA-20,Federico Román,Pando,Bolivia,60,6,28,19,14.83,0.01,,0.7
da0b609e-0e99-30ec-85d9-67dd9942544c, -10.847770, -75.598170,2026-07-12 06:31:00,NOAA-20,Junín,Junín,Peru,109,12,178,2,0.0,0.85,,0.6
a601a764-1249-337d-bff7-265bba181818, -11.208830, -68.447850,2026-07-12 06:31:00,NOAA-20,Federico Román,Pando,Bolivia,60,6,28,19,15.01,0.01,,0.7
3c21f801-e440-33a1-9864-c70082c18ef4, -13.781120, -70.455320,2026-07-12 06:33:00,NOAA-20,Carabaya,Puno,Peru,162,22,178,2,0.0,0.7,,4.0
0aa16c7f-5cda-39ba-9dcd-91f1e5120f74, -13.435640, -72.931870,2026-07-12 06:33:00,NOAA-20,Abancay,Apurímac,Peru,28,3,178,30,0.0,0.85,,1.9
f4aed9ce-7b16-3c8f-9db5-fe7bfb726dd9, -13.416760, -72.919060,2026-07-12 06:33:00,NOAA-20,Abancay,Apurímac,Peru,28,3,178,30,0.0,0.82,,1.2
11839ad4-0299-3aa6-8ebe-1be46c6a702f, -13.775980, -70.457330,2026-07-12 06:33:00,NOAA-20,Carabaya,Puno,Peru,162,22,178,2,0.0,0.7,,5.6
13431867-2745-395b-aa8e-8438fc00fee8, -13.779790, -70.465790,2026-07-12 06:33:00,NOAA-20,Carabaya,Puno,Peru,162,22,178,2,0.0,0.69,,6.9
2d5fc49d-8423-3b50-b01f-0311b800a605, -13.433290, -72.918900,2026-07-12 06:33:00,NOAA-20,Abancay,Apurímac,Peru,28,3,178,30,0.0,0.82,,1.4
bd848b61-72a5-3524-a41a-a4ac26329a13, -13.776510, -70.453160,2026-07-12 06:33:00,NOAA-20,Carabaya,Puno,Peru,162,22,178,2,0.0,0.7,,4.0
773bb627-268e-3bce-bbbd-bfddc7dafc2d, -13.425970, -72.912020,2026-07-12 06:33:00,NOAA-20,Abancay,Apurímac,Peru,28,3,178,30,0.0,0.76,,2.7
1e17fb9f-aaaf-385d-8bed-3a79dec0f5d6, -13.425190, -72.917770,2026-07-12 06:33:00,NOAA-20,Abancay,Apurímac,Peru,28,3,178,30,0.0,0.81,,2.7
96b6603a-cd3c-3b2c-8ac8-7b0e5051cfe3, -13.420180, -72.924230,2026-07-12 06:33:00,NOAA-20,Abancay,Apurímac,Peru,28,3,178,30,0.0,0.82,,1.2
74e1d0bc-ea39-3b13-a7a9-c180efe9f639, -13.421180, -72.916870,2026-07-12 06:33:00,NOAA-20,Abancay,Apurímac,Peru,28,3,178,30,0.0,0.81,,3.7
7a3fbb99-0d73-3eb1-ae77-0a15f990fb26, -13.785080, -70.462590,2026-07-12 06:33:00,NOAA-20,Carabaya,Puno,Peru,162,22,178,2,0.0,0.7,,4.3
ced74569-76aa-3276-8c95-1bb95018dbea, -13.431290, -72.933490,2026-07-12 06:33:00,NOAA-20,Abancay,Apurímac,Peru,28,3,178,30,0.0,0.84,,1.9
ba7ea43c-fd40-34c9-ba5e-1222069e2262, -13.775480, -70.461220,2026-07-12 06:33:00,NOAA-20,Carabaya,Puno,Peru,162,22,178,2,0.0,0.7,,5.6
5fdf0960-8754-3aff-bc09-c76b9a2bfa78, -13.435220, -72.934940,2026-07-12 06:33:00,NOAA-20,Abancay,Apurímac,Peru,28,3,178,30,0.0,0.85,,1.9
564700fd-24c4-36f6-b80a-67e2d09b6f66, -37.423530, -69.094370,2026-07-12 06:40:00,NOAA-20,Pehuenches,Neuquén,Argentina,365,15,12,2,0.1,0.05,,1.0
5e6a4f54-70e6-31a5-aba7-1766daba15c9, -10.727700, -75.652800,2026-07-12 07:20:00,GOES-19,Pasco,Pasco,Peru,152,20,178,2,0.0,0.66,,72.0
31932f01-0860-3d59-b781-b6f1fae83999, -10.727700, -75.634400,2026-07-12 07:20:00,GOES-19,Pasco,Pasco,Peru,152,20,178,2,0.0,0.67,,39.3
5f069d88-eb64-35f5-b3d4-2acd42b4e977, -13.374000, -54.336500,2026-07-12 07:40:00,GOES-19,PARANATINGA,MATO GROSSO,Brasil,5106307,51,33,23,7.98,0.16,Amazônia,95.1
a2486007-7cf1-33a1-af9d-65d830b70239, -13.374300, -54.315900,2026-07-12 07:40:00,GOES-19,PARANATINGA,MATO GROSSO,Brasil,5106307,51,33,28,9.57,0.11,Amazônia,64.1
30f0cc63-a2cb-35ee-b1de-a23fedd7a62c, -13.774520, -70.460330,2026-07-12 07:56:00,AQUA_M-M,Carabaya,Puno,Peru,162,22,178,2,0.0,0.7,,10.3
ba7f1e6a-de1b-32ac-83b6-d0e293b78993, -36.742710, -71.965520,2026-07-12 08:03:00,AQUA_M-M,Ñuble,Bío-Bío,Chile,15,6,48,0,1.1,0.02,,10.7
5863bdd5-5d1f-3f55-afa2-b423511eb4b1,  -6.919050, -51.934880,2026-07-12 12:23:00,TERRA_M-T,SÃO FÉLIX DO XINGU,PARÁ,Brasil,1507300,15,33,1,0.59,0.59,Amazônia,11.8
e19011e8-bed5-334a-a00d-809937f08f1b,  -6.918590, -51.940950,2026-07-12 12:23:00,TERRA_M-T,SÃO FÉLIX DO XINGU,PARÁ,Brasil,1507300,15,33,1,0.53,0.47,Amazônia,22.1
335be7d9-8351-326f-ac16-8d46d23515e4,  -7.235100, -43.558500,2026-07-12 14:00:00,GOES-19,JERUMENHA,PIAUÍ,Brasil,2205300,22,33,70,0.0,1.0,Caatinga,84.5
07ae5ddc-eeb5-3c36-ac5f-d820ac5011aa,  -2.899700, -42.284300,2026-07-12 14:40:00,GOES-19,TUTÓIA,MARANHÃO,Brasil,2112506,21,33,-999,0.0,0.21,Cerrado,100.1
c6089346-c055-36b6-bc84-987c2be8a8da,   5.705300, -61.709100,2026-07-12 15:20:00,GOES-19,Gran Sabana,Bolívar,Venezuela,71,6,249,0,4.97,0.0,,113.9
700743c9-da85-3a50-a217-9114957e8e2d,  -3.178200, -42.602800,2026-07-12 15:30:00,GOES-19,SANTANA DO MARANHÃO,MARANHÃO,Brasil,2110237,21,33,4,0.0,0.28,Cerrado,163.9
5960d0b8-c5e1-3a44-810e-8586b0cf13c1, -19.836700, -40.257270,2026-07-12 15:41:00,NOAA-20,ARACRUZ,ESPÍRITO SANTO,Brasil,3200607,32,33,12,1.12,0.69,Mata Atlântica,9.3
70a6abdf-05a1-3c52-9539-6df4551b4ffc, -21.312710, -42.863470,2026-07-12 15:41:00,NOAA-20,ASTOLFO DUTRA,MINAS GERAIS,Brasil,3104601,31,33,17,0.1,1.0,Mata Atlântica,8.4
b2a51bf9-21b8-3d35-b39e-64cc79bcf7a1, -19.097470, -39.738540,2026-07-12 15:41:00,NOAA-20,SÃO MATEUS,ESPÍRITO SANTO,Brasil,3204906,32,33,11,0.1,1.0,Mata Atlântica,16.3
3a697042-4003-3c4d-9a14-0bfe653bcd78, -20.984550, -43.018950,2026-07-12 15:41:00,NOAA-20,DIVINÉSIA,MINAS GERAIS,Brasil,3121902,31,33,28,0.0,1.0,Mata Atlântica,5.8
7fc59c20-6084-35b8-bd5a-91f882f59aa4, -20.606650, -44.307010,2026-07-12 15:41:00,NOAA-20,DESTERRO DE ENTRE RIOS,MINAS GERAIS,Brasil,3121407,31,33,17,0.7,1.0,Mata Atlântica,8.5
1935f5da-5272-3349-8f12-4d57237a5468, -20.111370, -41.360290,2026-07-12 15:41:00,NOAA-20,MUTUM,MINAS GERAIS,Brasil,3144003,31,33,26,0.0,1.0,Mata Atlântica,2.7
38be0fbc-30ee-3068-a12a-0d81f2153a24, -21.494120, -41.236820,2026-07-12 15:41:00,NOAA-20,SÃO FRANCISCO DE ITABAPOANA,RIO DE JANEIRO,Brasil,3304755,33,33,25,0.2,1.0,Mata Atlântica,3.4
74549d71-128e-375a-a1bf-c35cb999c7e3, -21.310320, -42.862550,2026-07-12 15:41:00,NOAA-20,ASTOLFO DUTRA,MINAS GERAIS,Brasil,3104601,31,33,17,0.1,1.0,Mata Atlântica,5.5
5e342d94-0c92-3f5f-899c-f09748be8063, -20.602890, -44.307380,2026-07-12 15:41:00,NOAA-20,PIRACEMA,MINAS GERAIS,Brasil,3150604,31,33,17,0.7,1.0,Mata Atlântica,6.0
4e3a4f22-50d2-3b11-93de-ba1e64f72ac5, -20.482490, -41.624750,2026-07-12 15:41:00,NOAA-20,IBITIRAMA,ESPÍRITO SANTO,Brasil,3202553,32,33,14,1.28,0.94,Mata Atlântica,12.4
cd0c8d01-dc68-3b10-9770-5e44fba9e8b6, -20.149690, -43.631920,2026-07-12 15:41:00,NOAA-20,ITABIRITO,MINAS GERAIS,Brasil,3131901,31,33,27,1.36,0.58,Mata Atlântica,7.6
dc842ded-ac8c-3779-af24-1ff5159af1ac, -20.482660, -41.618050,2026-07-12 15:41:00,NOAA-20,IBITIRAMA,ESPÍRITO SANTO,Brasil,3202553,32,33,13,1.34,0.85,Mata Atlântica,11.3
52b92591-a9f8-30a0-9a28-31373a592ace, -20.921830, -41.067660,2026-07-12 15:41:00,NOAA-20,ITAPEMIRIM,ESPÍRITO SANTO,Brasil,3202801,32,33,27,0.0,0.9,Mata Atlântica,16.6
eb06fdc3-7bc5-373c-82f0-e6a004780fc1, -21.486540, -41.086870,2026-07-12 15:41:00,NOAA-20,SÃO FRANCISCO DE ITABAPOANA,RIO DE JANEIRO,Brasil,3304755,33,33,17,0.12,1.0,Mata Atlântica,4.9
1c299049-e1b7-31a2-b9b5-b703694d5e48, -20.922270, -41.072450,2026-07-12 15:41:00,NOAA-20,ITAPEMIRIM,ESPÍRITO SANTO,Brasil,3202801,32,33,27,0.0,0.92,Mata Atlântica,10.9
1fe05e3e-3873-3a40-b85c-76f7618dc74a, -21.490020, -41.235720,2026-07-12 15:41:00,NOAA-20,SÃO FRANCISCO DE ITABAPOANA,RIO DE JANEIRO,Brasil,3304755,33,33,25,0.2,1.0,Mata Atlântica,2.6
d8857460-fb3e-3cb9-b0dc-b24b78025190, -21.681060, -41.456790,2026-07-12 15:41:00,NOAA-20,CAMPOS DOS GOYTACAZES,RIO DE JANEIRO,Brasil,3301009,33,33,8,1.33,-999.0,Mata Atlântica,4.4
6391130d-2763-37d1-b3a7-c63b7852e2bd, -19.097100, -39.735060,2026-07-12 15:41:00,NOAA-20,SÃO MATEUS,ESPÍRITO SANTO,Brasil,3204906,32,33,11,0.1,1.0,Mata Atlântica,16.3
ce4b07fe-e3c6-3137-af9c-73aac58a202d, -20.483110, -41.623320,2026-07-12 15:41:00,NOAA-20,IBITIRAMA,ESPÍRITO SANTO,Brasil,3202553,32,33,13,1.28,0.94,Mata Atlântica,24.8
32c37591-7637-38f5-805a-e51cada29d0b, -20.482020, -41.619710,2026-07-12 15:41:00,NOAA-20,IBITIRAMA,ESPÍRITO SANTO,Brasil,3202553,32,33,13,1.33,0.86,Mata Atlântica,12.4
87c5c737-9f3a-3cb6-a03b-2893d08102f6, -20.304700, -41.707700,2026-07-12 15:41:00,NOAA-20,IRUPI,ESPÍRITO SANTO,Brasil,3202652,32,33,17,0.4,1.0,Mata Atlântica,5.3
d74b2718-3992-39fa-8d0c-3946ea83e331, -21.483490, -41.085620,2026-07-12 15:41:00,NOAA-20,SÃO FRANCISCO DE ITABAPOANA,RIO DE JANEIRO,Brasil,3304755,33,33,17,0.1,1.0,Mata Atlântica,3.6
ba8e8176-ccd3-3975-9468-c2019bc774ff, -11.253520, -40.000960,2026-07-12 15:44:00,NOAA-20,CAPIM GROSSO,BAHIA,Brasil,2906873,29,33,26,0.0,1.0,Caatinga,8.5
d25a97ac-1cbf-3968-82dc-f6537e704555, -11.806860, -39.948880,2026-07-12 15:44:00,NOAA-20,PINTADAS,BAHIA,Brasil,2924652,29,33,9,0.0,1.0,Caatinga,3.7
343ff1cd-745d-34a4-ba09-a5f30856abb1, -13.599550, -40.567510,2026-07-12 15:44:00,NOAA-20,MARACÁS,BAHIA,Brasil,2920502,29,33,10,0.31,1.0,Caatinga,4.3
2c9bcba7-2384-3c93-ad23-949595e66dea, -15.499700, -39.740570,2026-07-12 15:44:00,NOAA-20,PAU BRASIL,BAHIA,Brasil,2923902,29,33,9,0.4,1.0,Mata Atlântica,2.9
49b7a377-e426-35d5-bc86-3f63d3b48c75, -13.328580, -40.892140,2026-07-12 15:44:00,NOAA-20,IRAMAIA,BAHIA,Brasil,2914307,29,33,0,0.0,1.0,Caatinga,7.3
98aeb284-5de9-30d6-ba92-725acef1b8e6, -17.594320, -44.605400,2026-07-12 15:44:00,NOAA-20,VÁRZEA DA PALMA,MINAS GERAIS,Brasil,3170800,31,33,50,0.1,0.99,Cerrado,4.1
a2235b7a-a0c5-314a-a772-67da83ff2e55, -15.808830, -38.963290,2026-07-12 15:44:00,NOAA-20,BELMONTE,BAHIA,Brasil,2903409,29,33,-999,0.43,0.23,Mata Atlântica,6.3
9fae0ab0-919f-3e77-9d60-6548d3589277, -18.061420, -40.346890,2026-07-12 15:44:00,NOAA-20,MONTANHA,ESPÍRITO SANTO,Brasil,3203502,32,33,22,3.88,1.0,Mata Atlântica,2.4
68be6e1f-e56b-3d9d-a748-17d25e734c4d, -13.836530, -44.977940,2026-07-12 15:44:00,NOAA-20,JABORANDI,BAHIA,Brasil,2917359,29,33,50,0.0,1.0,Cerrado,11.7
ade03ddd-d0fa-3b27-9353-90278d96499f, -14.653370, -42.879370,2026-07-12 15:44:00,NOAA-20,SEBASTIÃO LARANJEIRAS,BAHIA,Brasil,2930006,29,33,49,0.0,1.0,Caatinga,6.5
55f38985-b05d-3237-ab64-d54ce7105196, -13.933930, -43.471770,2026-07-12 15:44:00,NOAA-20,MALHADA,BAHIA,Brasil,2920205,29,33,50,0.0,1.0,Cerrado,11.1
b0e3357b-acc8-3678-8a79-17d547d0d580, -14.700170, -40.103250,2026-07-12 15:44:00,NOAA-20,IGUAÍ,BAHIA,Brasil,2913507,29,33,7,0.63,1.0,Mata Atlântica,2.2
2ff89dc1-4870-359f-a735-d494f63d3209, -12.399370, -37.970740,2026-07-12 15:44:00,NOAA-20,ITANAGRA,BAHIA,Brasil,2915908,29,33,-999,0.0,0.34,Mata Atlântica,4.3
a5eed723-e23b-3178-8349-ea3863aa26d6, -13.836600, -44.977120,2026-07-12 15:44:00,NOAA-20,JABORANDI,BAHIA,Brasil,2917359,29,33,50,0.0,1.0,Cerrado,11.5
8340585a-e6e1-348b-83fe-19b4e400a875, -11.251260, -40.003210,2026-07-12 15:44:00,NOAA-20,CAPIM GROSSO,BAHIA,Brasil,2906873,29,33,25,0.0,1.0,Caatinga,9.4
83adfa45-3b26-349e-8439-c0c9a865c8f3, -15.688270, -40.728020,2026-07-12 15:44:00,NOAA-20,MATA VERDE,MINAS GERAIS,Brasil,3140555,31,33,25,0.1,0.97,Mata Atlântica,4.1
49df7638-d621-3d34-a7ec-b8417b9df0c0, -15.810000, -38.891190,2026-07-12 15:44:00,NOAA-20,BELMONTE,BAHIA,Brasil,2903409,29,33,-999,1.32,1.0,Mata Atlântica,4.0
8bffcd39-7f41-3bf8-8471-0bb34b0fea20, -16.148280, -39.124400,2026-07-12 15:44:00,NOAA-20,SANTA CRUZ CABRÁLIA,BAHIA,Brasil,2927705,29,33,8,0.03,0.78,Mata Atlântica,3.6
9b2edc8e-33ad-36f4-b324-703de460e6b3, -15.687890, -40.724660,2026-07-12 15:44:00,NOAA-20,MATA VERDE,MINAS GERAIS,Brasil,3140555,31,33,25,0.1,0.92,Mata Atlântica,4.1
06d96719-bd37-365b-af38-69ef3381c148, -13.933390, -43.466630,2026-07-12 15:44:00,NOAA-20,MALHADA,BAHIA,Brasil,2920205,29,33,50,0.0,1.0,Cerrado,11.1
32065b39-ad58-3b3d-83a3-18f532a7ad3f, -14.396920, -39.960270,2026-07-12 15:44:00,NOAA-20,DÁRIO MEIRA,BAHIA,Brasil,2910008,29,33,5,0.28,0.93,Mata Atlântica,1.3
3ab33d52-5743-3357-a475-22b16377fd8c, -18.197810, -39.774960,2026-07-12 15:44:00,NOAA-20,MUCURI,BAHIA,Brasil,2922003,29,33,11,1.05,0.46,Mata Atlântica,4.0
8852ec91-1e5c-300b-a293-2c366b2f90d8, -11.217580, -40.810330,2026-07-12 15:44:00,NOAA-20,VÁRZEA NOVA,BAHIA,Brasil,2933158,29,33,56,0.0,1.0,Caatinga,3.7
a2a23858-e1a7-3362-bf8f-051a8938eda6, -11.217990, -40.813570,2026-07-12 15:44:00,NOAA-20,VÁRZEA NOVA,BAHIA,Brasil,2933158,29,33,57,0.0,1.0,Caatinga,3.7
b4801fdd-287e-3381-8b41-9a781d536a3c,  -3.929570, -41.616500,2026-07-12 15:46:00,NOAA-20,PIRACURUCA,PIAUÍ,Brasil,2208304,22,33,4,0.12,0.82,Caatinga,8.0
023070f7-c70f-3cea-849b-2a799cadf0fd, -11.459310, -45.112880,2026-07-12 15:46:00,NOAA-20,RIACHÃO DAS NEVES,BAHIA,Brasil,2926202,29,33,50,0.37,1.0,Cerrado,4.2
56eff7d0-605d-376f-9b32-0e15a124b841,  -6.707900, -41.124900,2026-07-12 15:46:00,NOAA-20,PIMENTEIRAS,PIAUÍ,Brasil,2208106,22,33,14,0.0,1.0,Caatinga,11.8
e7924e04-d86b-3cd1-9873-94c379a29629,  -6.945950, -43.721120,2026-07-12 15:46:00,NOAA-20,GUADALUPE,PIAUÍ,Brasil,2204501,22,33,24,0.0,1.0,Cerrado,37.5
1d8991e2-0746-3bf9-b279-66337f4e4018,  -7.173830, -43.384980,2026-07-12 15:46:00,NOAA-20,JERUMENHA,PIAUÍ,Brasil,2205300,22,33,3,0.0,1.0,Caatinga,2.8
08feaeb6-1744-3384-8570-9918e4e858d9,  -7.179620, -43.384160,2026-07-12 15:46:00,NOAA-20,JERUMENHA,PIAUÍ,Brasil,2205300,22,33,3,0.0,1.0,Caatinga,4.4
60acef43-9c9b-3b2b-bfea-47d357a87715,  -5.761500, -36.263690,2026-07-12 15:46:00,NOAA-20,LAJES,RIO GRANDE DO NORTE,Brasil,2406700,24,33,3,0.0,0.91,Caatinga,3.2
c0d59d13-a0e0-31ca-896c-1600fecf2a2a,  -9.081530, -40.069230,2026-07-12 15:46:00,NOAA-20,JUAZEIRO,BAHIA,Brasil,2918407,29,33,56,0.0,1.0,Caatinga,3.0
f9ae1228-4b00-3537-b3e7-cf37c68f452e,  -6.931680, -43.211940,2026-07-12 15:46:00,NOAA-20,FLORIANO,PIAUÍ,Brasil,2203909,22,33,24,0.0,1.0,Caatinga,7.3
538387e8-fe86-3f35-bd2e-6185d65abb9b,  -6.707140, -41.119270,2026-07-12 15:46:00,NOAA-20,PIMENTEIRAS,PIAUÍ,Brasil,2208106,22,33,14,0.0,1.0,Caatinga,11.8
8688a279-7a90-356a-b74c-5ce6c44e91c2,  -7.088130, -43.365920,2026-07-12 15:46:00,NOAA-20,JERUMENHA,PIAUÍ,Brasil,2205300,22,33,15,0.0,1.0,Caatinga,4.1
1e2de75d-e930-3199-8338-bd62639bf113,  -7.260290, -37.038340,2026-07-12 15:46:00,NOAA-20,DESTERRO,PARAÍBA,Brasil,2505402,25,33,14,0.0,1.0,Caatinga,3.7
0933e2f3-1d39-300f-a609-d75502f344dd, -10.478690, -42.425320,2026-07-12 15:46:00,NOAA-20,XIQUE-XIQUE,BAHIA,Brasil,2933604,29,33,74,0.0,1.0,Caatinga,25.1
9690371d-7b1f-3871-b2fd-e66e0e66f2ae,  -5.098400, -37.600880,2026-07-12 15:46:00,NOAA-20,BARAÚNA,RIO GRANDE DO NORTE,Brasil,2401453,24,33,9,0.0,0.93,Caatinga,2.8
6a3b0e31-13e2-3782-9c32-ea578f47d192,  -6.161750, -45.241310,2026-07-12 15:46:00,NOAA-20,FERNANDO FALCÃO,MARANHÃO,Brasil,2104081,21,33,24,0.0,1.0,Cerrado,7.1
b19f9318-e623-3989-ac92-0aae0ba33736,  -9.660850, -37.826030,2026-07-12 15:46:00,NOAA-20,CANINDÉ DE SÃO FRANCISCO,SERGIPE,Brasil,2801207,28,33,29,0.0,1.0,Caatinga,5.0
a9f5dd67-0992-3e95-a238-78d80aa11ab1,  -6.946600, -43.714640,2026-07-12 15:46:00,NOAA-20,GUADALUPE,PIAUÍ,Brasil,2204501,22,33,24,0.0,1.0,Cerrado,17.9
66d37672-d22b-3e3f-82a7-848713a4d865,  -6.537180, -37.794350,2026-07-12 15:46:00,NOAA-20,JERICÓ,PARAÍBA,Brasil,2507408,25,33,7,0.0,0.94,Caatinga,4.2
36c24399-a74c-3491-98b4-157aaf05873f,  -9.701460, -36.893910,2026-07-12 15:46:00,NOAA-20,GIRAU DO PONCIANO,ALAGOAS,Brasil,2702900,27,33,13,0.0,1.0,Caatinga,3.5
e65b3672-1faf-3fc1-a8fc-8d95358ca0df,  -7.209320, -44.261060,2026-07-12 15:46:00,NOAA-20,ANTÔNIO ALMEIDA,PIAUÍ,Brasil,2200806,22,33,70,0.0,1.0,Cerrado,3.4
3f7f33f7-a7a3-340b-ba70-5ce0d02253d8,  -8.037310, -35.936900,2026-07-12 15:46:00,NOAA-20,CARUARU,PERNAMBUCO,Brasil,2604106,26,33,15,0.0,1.0,Caatinga,3.6
9d0f01ae-8aa0-3e55-9c26-fbd723139590,  -3.934470, -41.615810,2026-07-12 15:46:00,NOAA-20,PIRACURUCA,PIAUÍ,Brasil,2208304,22,33,4,0.14,0.82,Caatinga,4.6
16b43d87-1355-322d-a550-df4c312600fd,  -8.335790, -39.528640,2026-07-12 15:46:00,NOAA-20,CABROBÓ,PERNAMBUCO,Brasil,2603009,26,33,37,0.0,1.0,Caatinga,4.6
47485d70-2ef3-3da5-bc62-99980ad8cd41,  -7.173280, -43.380870,2026-07-12 15:46:00,NOAA-20,JERUMENHA,PIAUÍ,Brasil,2205300,22,33,3,0.0,1.0,Caatinga,2.8
7c2ee295-2f9a-3ec5-93d5-eb66501be4e6,  -7.227380, -43.562300,2026-07-12 15:46:00,NOAA-20,JERUMENHA,PIAUÍ,Brasil,2205300,22,33,66,0.0,1.0,Caatinga,9.9
112f3af9-d9b3-3d9b-831f-8d97b8cb2371,  -9.696890, -36.889550,2026-07-12 15:46:00,NOAA-20,GIRAU DO PONCIANO,ALAGOAS,Brasil,2702900,27,33,13,0.0,1.0,Caatinga,14.7
b796477e-6f0d-38a4-b30d-006f45bba6bb,  -5.979920, -43.617240,2026-07-12 15:46:00,NOAA-20,LAGOA DO MATO,MARANHÃO,Brasil,2105922,21,33,24,0.0,1.0,Cerrado,4.5
f96a8bbc-596e-3220-a87f-d1eff4a713c3,  -6.945400, -43.716920,2026-07-12 15:46:00,NOAA-20,GUADALUPE,PIAUÍ,Brasil,2204501,22,33,24,0.0,1.0,Cerrado,32.0
6d56c53e-d090-36fb-8ce3-648437c7d821,  -5.980390, -43.617810,2026-07-12 15:46:00,NOAA-20,LAGOA DO MATO,MARANHÃO,Brasil,2105922,21,33,24,0.0,1.0,Cerrado,4.6
bc327f8c-0693-389b-b91b-eb47fd1c3b3f,  -7.226130, -43.561440,2026-07-12 15:46:00,NOAA-20,JERUMENHA,PIAUÍ,Brasil,2205300,22,33,65,0.0,1.0,Caatinga,9.5
5532095a-8375-3835-84a4-9bb456a9240b,  -6.533250, -37.794900,2026-07-12 15:46:00,NOAA-20,JERICÓ,PARAÍBA,Brasil,2507408,25,33,7,0.0,0.94,Caatinga,4.3
d6a1406e-9508-30d2-9f9c-95fdb2ee86da,  -6.951320, -43.716280,2026-07-12 15:46:00,NOAA-20,GUADALUPE,PIAUÍ,Brasil,2204501,22,33,24,0.0,1.0,Cerrado,2.9
4825ebfe-6c4a-3191-8d67-ce081aea7d91,  -7.870880, -45.217950,2026-07-12 15:46:00,NOAA-20,BAIXA GRANDE DO RIBEIRO,PIAUÍ,Brasil,2201150,22,33,79,0.0,1.0,Cerrado,4.3
d3b4e90f-208b-311b-82f4-491bdc2902d8,  -7.746600, -40.336540,2026-07-12 15:46:00,NOAA-20,TRINDADE,PERNAMBUCO,Brasil,2615607,26,33,68,0.0,1.0,Caatinga,5.0
d1067cc7-2841-33e8-9dae-b9adb43d5f13,  -5.139300, -36.952660,2026-07-12 15:46:00,NOAA-20,SERRA DO MEL,RIO GRANDE DO NORTE,Brasil,2413359,24,33,7,0.0,0.9,Caatinga,1.9
0c1eff21-29c8-37c6-8514-a5054c22cd6d,  -4.768950, -40.507160,2026-07-12 15:46:00,NOAA-20,NOVA RUSSAS,CEARÁ,Brasil,2309300,23,33,15,0.0,1.0,Caatinga,7.0
d8b8f47e-8e90-37f3-8df7-70b070a6d408,  -4.764360, -40.507820,2026-07-12 15:46:00,NOAA-20,NOVA RUSSAS,CEARÁ,Brasil,2309300,23,33,14,0.0,1.0,Caatinga,27.6
e2dda00d-848b-324e-bc1b-96b5503f518a,  -6.454780, -42.842450,2026-07-12 15:46:00,NOAA-20,AMARANTE,PIAUÍ,Brasil,2200509,22,33,23,0.0,1.0,Caatinga,1.3
ddb9fddd-7fd2-3d64-bd20-18d415538d5d,  -6.855570, -43.616270,2026-07-12 15:46:00,NOAA-20,GUADALUPE,PIAUÍ,Brasil,2204501,22,33,24,0.0,1.0,Cerrado,5.6
e04427fd-b02f-3958-88c8-0f0ba829fec6,  -4.188720, -41.885820,2026-07-12 15:46:00,NOAA-20,PIRIPIRI,PIAUÍ,Brasil,2208403,22,33,4,0.0,0.5,Caatinga,6.2
09631aa0-2f3a-35e1-b8ab-6091e8eaae40,  -8.590100, -39.545660,2026-07-12 15:46:00,NOAA-20,OROCÓ,PERNAMBUCO,Brasil,2609808,26,33,64,0.0,1.0,Caatinga,7.9
d90c0f4c-adb9-349b-9636-e6aa28109a23,  -3.930370, -41.621980,2026-07-12 15:46:00,NOAA-20,PIRACURUCA,PIAUÍ,Brasil,2208304,22,33,4,0.1,0.82,Caatinga,8.0
2bf112ea-2441-3515-8b90-edb6caadd421,  -9.059850, -38.462040,2026-07-12 15:46:00,NOAA-20,GLÓRIA,BAHIA,Brasil,2911402,29,33,15,0.0,1.0,Caatinga,6.3
833caaf0-b324-3821-9953-d10e6d23b0d3, -10.483880, -42.420680,2026-07-12 15:46:00,NOAA-20,XIQUE-XIQUE,BAHIA,Brasil,2933604,29,33,73,0.0,1.0,Caatinga,5.1
33dae5b9-763d-3a25-9e34-ae19c8d63b99,  -8.710970, -39.782050,2026-07-12 15:46:00,NOAA-20,SANTA MARIA DA BOA VISTA,PERNAMBUCO,Brasil,2612604,26,33,64,0.0,1.0,Caatinga,7.6
8377dbf7-a70c-35e5-882d-8aa682a63ae2,  -7.707760, -36.165090,2026-07-12 15:46:00,NOAA-20,BARRA DE SÃO MIGUEL,PARAÍBA,Brasil,2501708,25,33,15,0.0,0.96,Caatinga,3.2
f4cf1658-4a5b-3a61-9914-35874dff8e66,  -7.707140, -36.160880,2026-07-12 15:46:00,NOAA-20,RIACHO DE SANTO ANTÔNIO,PARAÍBA,Brasil,2512788,25,33,15,0.0,0.97,Caatinga,3.2
dbab96fa-37f6-31c6-accb-b8a52d079e4b,  -4.884980, -42.694600,2026-07-12 15:46:00,NOAA-20,JOSÉ DE FREITAS,PIAUÍ,Brasil,2205508,22,33,14,0.0,0.7,Cerrado,2.1
b65c5ca1-4362-3032-a086-75b85e33440a,  -8.817720, -37.349710,2026-07-12 15:46:00,NOAA-20,TUPANATINGA,PERNAMBUCO,Brasil,2615805,26,33,10,0.0,1.0,Caatinga,3.8
4634d53c-fe5e-3e1f-b5a0-1b4f01a97c6f,  -6.710930, -41.120890,2026-07-12 15:46:00,NOAA-20,PIMENTEIRAS,PIAUÍ,Brasil,2208106,22,33,14,0.0,1.0,Caatinga,17.4
5b3c6ac9-5461-3f66-a0b2-3ce3e067815f,  -6.840480, -38.447430,2026-07-12 15:46:00,NOAA-20,CAJAZEIRAS,PARAÍBA,Brasil,2503704,25,33,12,0.0,0.83,Caatinga,2.9
24bf014a-f403-3558-8f90-71d5646aaf6b,  -9.788830, -37.584640,2026-07-12 15:46:00,NOAA-20,POÇO REDONDO,SERGIPE,Brasil,2805406,28,33,12,0.0,1.0,Caatinga,2.1
f5bcec0a-58ce-31f7-96dd-d6e25756e3e9, -10.478190, -42.421410,2026-07-12 15:46:00,NOAA-20,XIQUE-XIQUE,BAHIA,Brasil,2933604,29,33,73,0.0,1.0,Caatinga,25.1
2acc1215-4e3a-372e-ba24-ee885df105ba,  -3.885820, -40.744190,2026-07-12 15:46:00,NOAA-20,MUCAMBO,CEARÁ,Brasil,2309003,23,33,4,0.0,0.85,Caatinga,12.3
d016a60d-4464-3697-b75f-8815deb1fcb7,  -6.897710, -43.708090,2026-07-12 15:46:00,NOAA-20,GUADALUPE,PIAUÍ,Brasil,2204501,22,33,24,0.0,1.0,Cerrado,4.5
4ad9445d-7e7f-32db-85a2-d37468508ff7,  -8.796880, -45.392440,2026-07-12 15:46:00,NOAA-20,BAIXA GRANDE DO RIBEIRO,PIAUÍ,Brasil,2201150,22,33,81,0.0,1.0,Cerrado,10.7
d74818a9-043c-36ad-9514-6389cb32c66a,  -6.947750, -43.723040,2026-07-12 15:46:00,NOAA-20,GUADALUPE,PIAUÍ,Brasil,2204501,22,33,24,0.0,1.0,Cerrado,26.2
6e9ef31d-6541-39c6-b550-cc73d7c9120a,  -9.428600, -41.517000,2026-07-12 15:46:00,NOAA-20,CASA NOVA,BAHIA,Brasil,2907202,29,33,70,0.0,1.0,Caatinga,0.5
cf8cf1b4-3778-3269-9ad6-25da66eef8be,  -8.040910, -35.936390,2026-07-12 15:46:00,NOAA-20,CARUARU,PERNAMBUCO,Brasil,2604106,26,33,15,0.0,1.0,Caatinga,3.6
491d8351-a299-32e4-947e-3f71c3d5584d,  -6.947180, -43.718830,2026-07-12 15:46:00,NOAA-20,GUADALUPE,PIAUÍ,Brasil,2204501,22,33,24,0.0,1.0,Cerrado,26.2
95c0f24e-ce7d-334b-9472-bbe7a0fb05c9,  -2.953110, -40.169690,2026-07-12 15:48:00,NOAA-20,ACARAÚ,CEARÁ,Brasil,2300200,23,33,-999,0.0,0.35,Caatinga,5.0
6aa9f880-906f-3970-b996-435299bd3393,  -2.881520, -42.281270,2026-07-12 15:48:00,NOAA-20,TUTÓIA,MARANHÃO,Brasil,2112506,21,33,-999,0.0,0.21,Cerrado,10.9
ccd22576-07bd-3b1b-b1ac-5f661a7a3129,  -2.825070, -42.513850,2026-07-12 15:48:00,NOAA-20,PAULINO NEVES,MARANHÃO,Brasil,2108058,21,33,-999,0.0,0.22,Cerrado,2.9
e6583fcd-b75e-31e6-9274-6dd194bfcea4,  -3.360380, -43.437550,2026-07-12 15:48:00,NOAA-20,CHAPADINHA,MARANHÃO,Brasil,2103208,21,33,3,0.0,0.04,Cerrado,5.3
33fe4d64-23e1-3465-af8e-4ea1a3093c40,  -2.822440, -42.514370,2026-07-12 15:48:00,NOAA-20,PAULINO NEVES,MARANHÃO,Brasil,2108058,21,33,-999,0.0,0.3,Cerrado,7.9
d2c6b6f7-7e02-3e09-b4e9-d15c80a21efe,  -2.995660, -44.219270,2026-07-12 15:48:00,NOAA-20,ROSÁRIO,MARANHÃO,Brasil,2109601,21,33,-999,0.0,0.06,Amazônia,6.3
dd9283bd-2bb2-371d-9707-260b434d2f8e,  -3.137040, -42.692870,2026-07-12 15:48:00,NOAA-20,TUTÓIA,MARANHÃO,Brasil,2112506,21,33,4,0.0,0.23,Cerrado,8.1
67092cfe-d707-3086-978b-17deeb57bfc7,  -2.842130, -42.020640,2026-07-12 15:48:00,NOAA-20,ARAIOSES,MARANHÃO,Brasil,2100907,21,33,-999,0.0,0.19,Cerrado,15.4
3d025258-2196-3dce-a321-32831a68d799,  -2.876050, -42.279200,2026-07-12 15:48:00,NOAA-20,TUTÓIA,MARANHÃO,Brasil,2112506,21,33,-999,0.0,0.21,Cerrado,41.0
0db1e978-363b-3309-a833-5966d0801c88,  -2.825530, -42.516890,2026-07-12 15:48:00,NOAA-20,PAULINO NEVES,MARANHÃO,Brasil,2108058,21,33,-999,0.0,0.23,Cerrado,3.6
3ae83b2f-f0b8-3d70-b25e-fde5b7163c1f,  -3.146060, -42.681930,2026-07-12 15:48:00,NOAA-20,TUTÓIA,MARANHÃO,Brasil,2112506,21,33,4,0.0,0.23,Cerrado,6.2
bd67fcdd-a984-3248-8ce6-fb52e967fd6f,  -3.395710, -42.954110,2026-07-12 15:48:00,NOAA-20,SANTA QUITÉRIA DO MARANHÃO,MARANHÃO,Brasil,2110104,21,33,4,0.0,0.07,Cerrado,2.9
2e116006-7dd1-31b9-909c-a01ab4a33d43,  -3.140860, -42.682730,2026-07-12 15:48:00,NOAA-20,TUTÓIA,MARANHÃO,Brasil,2112506,21,33,4,0.0,0.23,Cerrado,4.5
4fe3978d-377d-3a98-ba72-ea9fec682a59,  -2.783510, -42.551020,2026-07-12 15:48:00,NOAA-20,PAULINO NEVES,MARANHÃO,Brasil,2108058,21,33,-999,0.0,0.57,Cerrado,4.5
f32ea936-758b-33f5-b7be-b50d91534410,  -3.142260, -42.692120,2026-07-12 15:48:00,NOAA-20,TUTÓIA,MARANHÃO,Brasil,2112506,21,33,4,0.0,0.23,Cerrado,8.1
22a04f7b-b078-39e7-9b73-c6dc2352e56a,  -3.414270, -44.079600,2026-07-12 15:48:00,NOAA-20,ITAPECURU MIRIM,MARANHÃO,Brasil,2105401,21,33,4,0.0,0.14,Cerrado,4.1
a89a18bf-ffbe-3fa2-8044-037d522e0699,  -2.976350, -42.230590,2026-07-12 15:48:00,NOAA-20,ÁGUA DOCE DO MARANHÃO,MARANHÃO,Brasil,2100154,21,33,-999,0.0,0.2,Cerrado,27.7
a378d632-c2ce-36fd-985d-3f400ca22752,  -2.876480, -42.282090,2026-07-12 15:48:00,NOAA-20,TUTÓIA,MARANHÃO,Brasil,2112506,21,33,-999,0.0,0.21,Cerrado,29.2
213e9461-af6e-3462-88b7-c94854fa6733,  -3.163970, -42.688560,2026-07-12 15:48:00,NOAA-20,TUTÓIA,MARANHÃO,Brasil,2112506,21,33,4,0.0,0.25,Cerrado,11.7
ab4ee383-2d31-3832-8546-bf3a1f31df0a,  -2.843270, -42.019260,2026-07-12 15:48:00,NOAA-20,ARAIOSES,MARANHÃO,Brasil,2100907,21,33,-999,0.0,0.19,Cerrado,12.4
a67f88c5-b7f7-311c-b781-5aff7261b20b,  -2.881080, -42.278360,2026-07-12 15:48:00,NOAA-20,TUTÓIA,MARANHÃO,Brasil,2112506,21,33,-999,0.0,0.21,Cerrado,11.1
7ef580fd-f5c4-3e54-a587-5346afab6cf6,  -3.137500, -42.695920,2026-07-12 15:48:00,NOAA-20,TUTÓIA,MARANHÃO,Brasil,2112506,21,33,4,0.0,0.23,Cerrado,8.1
e3857ac4-a3ae-3342-afe1-6f7e8e9dc5b0,  -2.938320, -42.286710,2026-07-12 15:48:00,NOAA-20,TUTÓIA,MARANHÃO,Brasil,2112506,21,33,-999,0.0,0.22,Cerrado,8.7
b664b950-84df-3d80-92d7-1f5b8a11e44c,  -3.183450, -42.602750,2026-07-12 15:48:00,NOAA-20,SANTANA DO MARANHÃO,MARANHÃO,Brasil,2110237,21,33,4,0.0,0.38,Cerrado,37.8
72bce885-d166-3b79-b14f-18f0699cd5b9,  -2.905210, -42.027420,2026-07-12 15:48:00,NOAA-20,ARAIOSES,MARANHÃO,Brasil,2100907,21,33,-999,0.0,0.2,Cerrado,10.4
abe154f1-fd89-3df8-85ed-f964ef694ecb,  -2.910170, -42.026660,2026-07-12 15:48:00,NOAA-20,ARAIOSES,MARANHÃO,Brasil,2100907,21,33,-999,0.0,0.2,Cerrado,19.4
aad416ab-dfa6-317c-a149-243b9df5761c,  -3.163100, -42.689110,2026-07-12 15:48:00,NOAA-20,TUTÓIA,MARANHÃO,Brasil,2112506,21,33,4,0.0,0.24,Cerrado,9.3
4a4d1ca3-132f-3244-9702-bc95b94eeda5,  -2.775770, -42.429320,2026-07-12 15:48:00,NOAA-20,TUTÓIA,MARANHÃO,Brasil,2112506,21,33,-999,0.0,0.49,Cerrado,7.2
2ee1a503-3e7b-3210-95df-60bc0046372a,  -1.844660, -46.529830,2026-07-12 15:48:00,NOAA-20,CACHOEIRA DO PIRIÁ,PARÁ,Brasil,1501956,15,33,2,11.98,0.0,Amazônia,4.7
26647e33-bafc-3183-97cc-77cf084025a0,  -3.178720, -42.606620,2026-07-12 15:48:00,NOAA-20,SANTANA DO MARANHÃO,MARANHÃO,Brasil,2110237,21,33,4,0.0,0.25,Cerrado,37.8
81873c8c-f7dd-3c84-93ed-766ce2720a4c,  -3.151250, -42.681100,2026-07-12 15:48:00,NOAA-20,TUTÓIA,MARANHÃO,Brasil,2112506,21,33,4,0.0,0.22,Cerrado,6.2
26cab68b-4067-3ba4-b846-04f6fea75cc2,  -3.182540, -42.596450,2026-07-12 15:48:00,NOAA-20,SANTANA DO MARANHÃO,MARANHÃO,Brasil,2110237,21,33,4,0.0,0.45,Cerrado,150.5
35c31d60-727a-3d25-a1ab-cf6c82396115,  -3.608170, -44.949330,2026-07-12 15:48:00,NOAA-20,VITÓRIA DO MEARIM,MARANHÃO,Brasil,2112902,21,33,3,0.0,0.99,Amazônia,7.6
7e853ee9-ce00-35b1-b476-bb118d833647,  -2.776210, -42.432270,2026-07-12 15:48:00,NOAA-20,TUTÓIA,MARANHÃO,Brasil,2112506,21,33,-999,0.0,0.49,Cerrado,6.7
39f2e0ef-d761-323d-8176-39f12776d30b,  -6.951200, -43.724700,2026-07-12 15:50:00,GOES-19,GUADALUPE,PIAUÍ,Brasil,2204501,22,33,25,0.0,1.0,Cerrado,123.1
bccacbd0-64ac-3e06-81b3-c6c0b54fcc8b,  -6.932300, -43.726400,2026-07-12 15:50:00,GOES-19,GUADALUPE,PIAUÍ,Brasil,2204501,22,33,24,0.0,1.0,Cerrado,108.8
068fa823-7f92-330b-b025-82ef8fa088aa,  -3.140500, -42.674900,2026-07-12 15:50:00,GOES-19,TUTÓIA,MARANHÃO,Brasil,2112506,21,33,4,0.0,0.29,Cerrado,65.9
c4714209-e4bd-330c-9292-693ef555a2e7,  -6.932300, -43.726400,2026-07-12 16:00:00,GOES-19,GUADALUPE,PIAUÍ,Brasil,2204501,22,33,24,0.0,1.0,Cerrado,154.4
a040152f-ed19-3d6f-9f56-4352ff3b4a1a,  -6.951200, -43.724700,2026-07-12 16:00:00,GOES-19,GUADALUPE,PIAUÍ,Brasil,2204501,22,33,25,0.0,1.0,Cerrado,249.0
16ebea03-e133-3fe0-b476-bc4013e64029,   5.779400, -61.555600,2026-07-12 16:00:00,GOES-19,Gran Sabana,Bolívar,Venezuela,71,6,249,1,0.9,0.0,,89.7
2a5ffaca-0cf0-30f0-a86e-f91d1be0bd8f,  -6.951400, -43.701500,2026-07-12 16:00:00,GOES-19,GUADALUPE,PIAUÍ,Brasil,2204501,22,33,24,0.0,1.0,Cerrado,118.8
f0a4db55-6212-3ad5-9d44-573feddc2413,   5.705300, -61.709100,2026-07-12 16:00:00,GOES-19,Gran Sabana,Bolívar,Venezuela,71,6,249,0,4.97,0.0,,82.4
8b877da9-13da-362b-ae8b-dafe83317541,    .191400, -60.506700,2026-07-12 16:00:00,GOES-19,RORAINÓPOLIS,RORAIMA,Brasil,1400472,14,33,4,0.0,0.03,Amazônia,54.0
c35d9774-51ec-31d6-a1f2-599c9208af00,  -6.932600, -43.703200,2026-07-12 16:00:00,GOES-19,GUADALUPE,PIAUÍ,Brasil,2204501,22,33,24,0.0,1.0,Cerrado,109.6
5ae0b24f-e716-317d-bc6e-eb4d2b873179,  -6.932300, -43.726400,2026-07-12 16:10:00,GOES-19,GUADALUPE,PIAUÍ,Brasil,2204501,22,33,24,0.0,1.0,Cerrado,176.4
fc17140c-c96a-3053-bd85-b195828e21a7,  -6.951400, -43.701500,2026-07-12 16:10:00,GOES-19,GUADALUPE,PIAUÍ,Brasil,2204501,22,33,24,0.0,1.0,Cerrado,151.6
1487d418-f0c7-3742-8495-f893b6d24bfd,  -6.932600, -43.703200,2026-07-12 16:10:00,GOES-19,GUADALUPE,PIAUÍ,Brasil,2204501,22,33,24,0.0,1.0,Cerrado,117.5
8cc02428-2bf2-3484-9489-319dc08c4673,  -6.951200, -43.724700,2026-07-12 16:10:00,GOES-19,GUADALUPE,PIAUÍ,Brasil,2204501,22,33,25,0.0,1.0,Cerrado,353.1
73e35f2c-df26-32e7-a806-bb27828f042a,  -6.951400, -43.701500,2026-07-12 16:20:00,GOES-19,GUADALUPE,PIAUÍ,Brasil,2204501,22,33,24,0.0,1.0,Cerrado,108.7
7c1f7b73-39b1-3bdd-a6b9-f1a202a97938,  -6.951200, -43.724700,2026-07-12 16:20:00,GOES-19,GUADALUPE,PIAUÍ,Brasil,2204501,22,33,25,0.0,1.0,Cerrado,251.3
0bf864bf-8de8-373f-b967-7c743d37aa81, -11.194000, -75.340800,2026-07-12 16:20:00,GOES-19,Chanchamayo,Junín,Peru,104,12,178,3,0.0,0.28,,90.3
c49fad23-8a2b-3c1d-9e8a-d0232cf93cc7,   5.816100, -61.554500,2026-07-12 16:20:00,GOES-19,Gran Sabana,Bolívar,Venezuela,71,6,249,0,1.15,0.0,,225.8
bfe52b64-a5d8-360a-a19d-74ce4d75eb0f, -21.153580, -41.680500,2026-07-12 16:28:00,NOAA-21,BOM JESUS DO ITABAPOANA,RIO DE JANEIRO,Brasil,3300605,33,33,26,0.0,1.0,Mata Atlântica,2.3
b0f45592-3c17-39d1-b64f-7d680df8ee2c, -19.306510, -41.399980,2026-07-12 16:28:00,NOAA-21,SANTA RITA DO ITUETO,MINAS GERAIS,Brasil,3159506,31,33,27,0.3,0.99,Mata Atlântica,5.5
fc8981cd-17c0-3ed1-860d-cd8a60dbae70, -19.361100, -42.729930,2026-07-12 16:28:00,NOAA-21,CORONEL FABRICIANO,MINAS GERAIS,Brasil,3119401,31,33,23,0.1,0.98,Mata Atlântica,14.3
c827eda6-3b93-39a5-a8e8-aeb2bdac852f, -21.842760, -41.349460,2026-07-12 16:28:00,NOAA-21,CAMPOS DOS GOYTACAZES,RIO DE JANEIRO,Brasil,3301009,33,33,3,5.2,0.91,Mata Atlântica,3.1
95dafc82-42b3-3040-b233-cab6c6103175, -19.305910, -41.396260,2026-07-12 16:28:00,NOAA-21,SANTA RITA DO ITUETO,MINAS GERAIS,Brasil,3159506,31,33,27,0.3,0.97,Mata Atlântica,6.6
4dd70c57-f85d-3c8b-87f0-6812234d9fb9, -20.307730, -41.709970,2026-07-12 16:28:00,NOAA-21,IRUPI,ESPÍRITO SANTO,Brasil,3202652,32,33,18,0.43,1.0,Mata Atlântica,3.4
a596ce10-7eb2-3bce-80e6-08969b5a9af8, -23.772750, -54.523280,2026-07-12 16:28:00,NOAA-21,JAPORÃ,MATO GROSSO DO SUL,Brasil,5004809,50,33,10,0.0,0.97,Mata Atlântica,9.9
f021a1ec-01dc-30b4-ba81-2ee25130a174, -18.860060, -41.115190,2026-07-12 16:28:00,NOAA-21,MANTENÓPOLIS,ESPÍRITO SANTO,Brasil,3203304,32,33,24,0.0,1.0,Mata Atlântica,25.8
22c06f3d-b7ad-3b71-b685-199cf7073ace, -21.809430, -41.289900,2026-07-12 16:28:00,NOAA-21,CAMPOS DOS GOYTACAZES,RIO DE JANEIRO,Brasil,3301009,33,33,7,2.49,1.0,Mata Atlântica,16.0
39395fa7-2a03-3cb0-b3f4-0254be218b17, -21.310270, -42.865830,2026-07-12 16:28:00,NOAA-21,ASTOLFO DUTRA,MINAS GERAIS,Brasil,3104601,31,33,17,0.1,-999.0,Mata Atlântica,1.4
d31480ec-87ee-3919-905d-9963e9cec845, -20.606550, -44.305450,2026-07-12 16:28:00,NOAA-21,DESTERRO DE ENTRE RIOS,MINAS GERAIS,Brasil,3121407,31,33,17,0.7,1.0,Mata Atlântica,17.8
0cd1efe1-626d-3b38-a546-053b2904aecf, -20.110410, -41.361050,2026-07-12 16:28:00,NOAA-21,MUTUM,MINAS GERAIS,Brasil,3144003,31,33,26,0.0,1.0,Mata Atlântica,2.9
2ce5231e-3f5e-303d-8508-47fbaed4a1ac, -20.064360, -41.049930,2026-07-12 16:28:00,NOAA-21,AFONSO CLÁUDIO,ESPÍRITO SANTO,Brasil,3200102,32,33,25,0.09,1.0,Mata Atlântica,3.3
f37d673b-1e5d-3b31-ba0e-ced0373464d7, -24.786710, -55.709140,2026-07-12 16:28:00,NOAA-21,Yhú,Caaguazú,Paraguay,63,7,177,5,0.0,0.29,,5.2
4c7a21cf-f148-335c-b918-7173666869c3, -23.012250, -56.376210,2026-07-12 16:28:00,NOAA-21,Yby Yaù,Concepción,Paraguay,107,11,177,2,0.0,0.96,,11.5
14e66ff8-8f9e-39bb-91d4-9032bf3ae001, -19.846820, -42.977590,2026-07-12 16:28:00,NOAA-21,SÃO DOMINGOS DO PRATA,MINAS GERAIS,Brasil,3161007,31,33,29,0.1,1.0,Mata Atlântica,17.1
a7235453-a82b-3a99-b1ae-1d2017db2180, -20.820350, -41.618140,2026-07-12 16:28:00,NOAA-21,ALEGRE,ESPÍRITO SANTO,Brasil,3200201,32,33,26,0.1,0.83,Mata Atlântica,4.7
98152b1c-f6fb-32ee-8ef8-f8667317e597, -19.520500, -40.218310,2026-07-12 16:28:00,NOAA-21,LINHARES,ESPÍRITO SANTO,Brasil,3203205,32,33,15,0.0,1.0,Mata Atlântica,8.5
f5cf737a-f667-31fb-91a5-985d8ac931c4, -18.926090, -40.143450,2026-07-12 16:28:00,NOAA-21,JAGUARÉ,ESPÍRITO SANTO,Brasil,3203056,32,33,12,0.0,1.0,Mata Atlântica,6.4
ae5afa63-6bc9-3ba3-8ef6-616ea9888e09, -20.315900, -44.451000,2026-07-12 16:28:00,NOAA-21,ITAGUARA,MINAS GERAIS,Brasil,3132206,31,33,16,0.2,1.0,Mata Atlântica,5.3
3019a682-5c89-3057-b848-5b437cb020d3, -19.566700, -44.050090,2026-07-12 16:28:00,NOAA-21,PEDRO LEOPOLDO,MINAS GERAIS,Brasil,3149309,31,33,27,0.0,1.0,Cerrado,2.8
cb023c8d-173d-3f11-8d93-ed6fa2d047bb, -19.411950, -44.242010,2026-07-12 16:28:00,NOAA-21,SETE LAGOAS,MINAS GERAIS,Brasil,3167202,31,33,27,0.0,-999.0,Cerrado,6.0
f79da545-76a0-331d-8d0e-d363c8d0837d, -20.917240, -41.066880,2026-07-12 16:28:00,NOAA-21,ITAPEMIRIM,ESPÍRITO SANTO,Brasil,3202801,32,33,27,0.0,0.97,Mata Atlântica,15.2
9df4e02f-dc46-39cb-affa-f05fb8630640, -18.422570, -40.994340,2026-07-12 16:28:00,NOAA-21,ÁGUA DOCE DO NORTE,ESPÍRITO SANTO,Brasil,3200169,32,33,18,3.57,1.0,Mata Atlântica,3.8
33876625-db14-3e7c-a161-e5d167e89095, -22.206130, -42.662970,2026-07-12 16:28:00,NOAA-21,SUMIDOURO,RIO DE JANEIRO,Brasil,3305703,33,33,17,1.42,0.79,Mata Atlântica,1.7
ae552717-7a05-39a7-80ad-0197cabed670, -20.303820, -41.706850,2026-07-12 16:28:00,NOAA-21,IRUPI,ESPÍRITO SANTO,Brasil,3202652,32,33,17,0.4,1.0,Mata Atlântica,3.4
80b2f03e-9625-3f16-9023-ba4eb5fc7f88, -20.653990, -43.805770,2026-07-12 16:28:00,NOAA-21,CONSELHEIRO LAFAIETE,MINAS GERAIS,Brasil,3118304,31,33,27,0.0,-999.0,Mata Atlântica,5.1
c3a9dfbf-652b-34d2-b3ea-54bead2e3e39, -20.886890, -41.243890,2026-07-12 16:28:00,NOAA-21,ATÍLIO VIVACQUA,ESPÍRITO SANTO,Brasil,3200706,32,33,27,0.15,0.99,Mata Atlântica,3.4
eb0256ea-a2b9-33e1-bbf8-4ced83fd225e, -20.150190, -43.631260,2026-07-12 16:28:00,NOAA-21,ITABIRITO,MINAS GERAIS,Brasil,3131901,31,33,27,1.36,0.56,Mata Atlântica,7.5
d6be1185-5cd5-304c-9df4-1012df6e0916, -23.778790, -54.517460,2026-07-12 16:28:00,NOAA-21,JAPORÃ,MATO GROSSO DO SUL,Brasil,5004809,50,33,9,0.0,0.97,Mata Atlântica,9.9
03cb72d6-c871-3ba9-bf06-5f81f1111fd1, -20.219030, -43.774620,2026-07-12 16:28:00,NOAA-21,ITABIRITO,MINAS GERAIS,Brasil,3131901,31,33,14,1.42,0.65,Mata Atlântica,5.5
d4156660-adeb-378c-a070-57dccffdfb27, -23.592230, -54.736450,2026-07-12 16:28:00,NOAA-21,TACURU,MATO GROSSO DO SUL,Brasil,5007950,50,33,12,0.0,0.96,Mata Atlântica,16.1
162d81d5-50e2-38f8-9e05-d4ee996f2071, -20.378640, -44.474640,2026-07-12 16:28:00,NOAA-21,ITAGUARA,MINAS GERAIS,Brasil,3132206,31,33,14,0.24,1.0,Mata Atlântica,3.4
858fe9d4-6efc-356f-8117-c844dcbc70b4, -19.850140, -42.977040,2026-07-12 16:28:00,NOAA-21,SÃO DOMINGOS DO PRATA,MINAS GERAIS,Brasil,3161007,31,33,29,0.1,0.98,Mata Atlântica,17.1
802cb05b-f947-3b94-bea1-55c02cfa05ba, -23.591800, -54.735010,2026-07-12 16:28:00,NOAA-21,TACURU,MATO GROSSO DO SUL,Brasil,5007950,50,33,12,0.0,0.96,Mata Atlântica,17.2
0a2df340-ee65-328b-b677-02381ad78785, -19.355700, -44.533190,2026-07-12 16:28:00,NOAA-21,PARAOPEBA,MINAS GERAIS,Brasil,3147402,31,33,28,0.0,1.0,Cerrado,5.0
734e89d6-c8fa-3b0f-a460-cce611d28e13, -19.678960, -43.908850,2026-07-12 16:28:00,NOAA-21,LAGOA SANTA,MINAS GERAIS,Brasil,3137601,31,33,26,0.2,-999.0,Cerrado,3.8
f1e87d09-7cbc-3942-8271-626be211014a, -23.016630, -56.377850,2026-07-12 16:28:00,NOAA-21,Yby Yaù,Concepción,Paraguay,107,11,177,2,0.0,0.95,,11.0
8b538649-2d36-381e-8ab8-d2556d4dbaf8, -20.011530, -44.671960,2026-07-12 16:28:00,NOAA-21,ITAÚNA,MINAS GERAIS,Brasil,3133808,31,33,16,1.13,1.0,Cerrado,7.7
3ef6806e-a1a4-3c9d-9970-0bbaf2d5085b, -18.859450, -41.111410,2026-07-12 16:28:00,NOAA-21,MANTENÓPOLIS,ESPÍRITO SANTO,Brasil,3203304,32,33,24,0.0,1.0,Mata Atlântica,25.8
459d4e81-ad63-317b-ae95-40786abb9315, -23.773170, -54.529080,2026-07-12 16:28:00,NOAA-21,JAPORÃ,MATO GROSSO DO SUL,Brasil,5004809,50,33,9,0.0,0.97,Mata Atlântica,11.6
5d3fd27b-cea6-390b-beba-c1c9d0f3baed, -18.952730, -42.000470,2026-07-12 16:28:00,NOAA-21,ALPERCATA,MINAS GERAIS,Brasil,3101805,31,33,29,0.0,1.0,Mata Atlântica,6.6
c142a1a3-f681-310e-b562-23cb6af488fa, -20.736070, -43.885980,2026-07-12 16:28:00,NOAA-21,QUELUZITO,MINAS GERAIS,Brasil,3153806,31,33,23,0.0,1.0,Mata Atlântica,1.7
addb98d3-7209-35cc-89d9-ac2f9178d420, -20.499290, -43.794990,2026-07-12 16:28:00,NOAA-21,OURO PRETO,MINAS GERAIS,Brasil,3146107,31,33,27,0.0,0.76,Mata Atlântica,2.5
f08b2826-54d7-34d6-8296-f32981fa74ff, -25.219450, -48.679230,2026-07-12 16:28:00,NOAA-21,ANTONINA,PARANÁ,Brasil,4101200,41,33,2,0.91,0.01,Mata Atlântica,0.8
c6d9e2df-f31e-3d8d-9ac1-a86e25ce9ce4, -20.920600, -41.066290,2026-07-12 16:28:00,NOAA-21,ITAPEMIRIM,ESPÍRITO SANTO,Brasil,3202801,32,33,27,0.0,0.92,Mata Atlântica,15.2
aabd42c5-9ee8-382d-b110-23de050c7ce5, -20.603140, -44.305980,2026-07-12 16:28:00,NOAA-21,PIRACEMA,MINAS GERAIS,Brasil,3150604,31,33,17,0.7,1.0,Mata Atlântica,17.8
1c8c0ea8-dd75-31e7-a4cb-bf26cdbbbb4c, -19.829730, -43.869140,2026-07-12 16:28:00,NOAA-21,BELO HORIZONTE,MINAS GERAIS,Brasil,3106200,31,33,22,0.6,1.0,Cerrado,3.2
8ac8124d-f4f5-345c-a0a1-843d5a35eae3, -19.656400, -45.311430,2026-07-12 16:28:00,NOAA-21,BOM DESPACHO,MINAS GERAIS,Brasil,3107406,31,33,17,0.42,0.97,Cerrado,6.7
d43d15a2-840c-31b4-add9-6ebd227d7a3b, -18.669610, -41.458170,2026-07-12 16:28:00,NOAA-21,MENDES PIMENTEL,MINAS GERAIS,Brasil,3141504,31,33,29,0.1,1.0,Mata Atlântica,2.4
8e967694-6e55-303b-b784-1370b64c314a,   5.816000, -61.573500,2026-07-12 16:30:00,GOES-19,Gran Sabana,Bolívar,Venezuela,71,6,249,0,1.21,0.0,,108.0
0ef24145-3cf0-3738-ab30-d7269a4cbe1b,  -6.932600, -43.703200,2026-07-12 16:30:00,GOES-19,GUADALUPE,PIAUÍ,Brasil,2204501,22,33,24,0.0,1.0,Cerrado,119.2
91d7f7df-7f28-31d4-a7c8-4eaadbada3ef,   5.816100, -61.554500,2026-07-12 16:30:00,GOES-19,Gran Sabana,Bolívar,Venezuela,71,6,249,0,1.15,0.0,,134.3
1b23c869-0256-337d-95b8-376f4f5c67c0, -11.194000, -75.340800,2026-07-12 16:30:00,GOES-19,Chanchamayo,Junín,Peru,104,12,178,3,0.0,0.28,,126.4
1fedb7d0-f3b5-38c7-bfbe-4655a10ffe74, -11.194100, -75.359200,2026-07-12 16:30:00,GOES-19,Chanchamayo,Junín,Peru,104,12,178,3,0.0,0.27,,69.8
fd7c71a9-c421-3a88-bd80-6c4093a24248,  -6.951400, -43.701500,2026-07-12 16:30:00,GOES-19,GUADALUPE,PIAUÍ,Brasil,2204501,22,33,24,0.0,1.0,Cerrado,102.7
bead81d1-0980-3412-b7b9-10169b7f92c9,  -6.951200, -43.724700,2026-07-12 16:30:00,GOES-19,GUADALUPE,PIAUÍ,Brasil,2204501,22,33,25,0.0,1.0,Cerrado,233.6
f1f4b836-e85e-3449-9e31-012ad0a9063c, -17.593060, -44.606180,2026-07-12 16:30:00,NOAA-21,VÁRZEA DA PALMA,MINAS GERAIS,Brasil,3170800,31,33,50,0.1,0.99,Cerrado,3.3
0ae6ede9-de9b-30fd-81ec-24defb56e248, -15.702280, -44.409680,2026-07-12 16:30:00,NOAA-21,PEDRAS DE MARIA DA CRUZ,MINAS GERAIS,Brasil,3149150,31,33,29,0.0,1.0,Cerrado,4.0
8e3f1426-bd7f-38bc-a787-8b02768e46ca, -17.812080, -42.730350,2026-07-12 16:30:00,NOAA-21,ITAMARANDIBA,MINAS GERAIS,Brasil,3132503,31,33,24,0.53,0.91,Mata Atlântica,3.6
d7cb95cb-d19c-3ba7-a6e5-e41062d87dac, -16.299130, -46.901010,2026-07-12 16:30:00,NOAA-21,UNAÍ,MINAS GERAIS,Brasil,3170404,31,33,28,0.2,1.0,Cerrado,15.8
bbda30a5-a28d-3217-a54b-4b7752a5e1f9, -18.968540, -48.370290,2026-07-12 16:30:00,NOAA-21,UBERLÂNDIA,MINAS GERAIS,Brasil,3170206,31,33,3,0.0,1.0,Cerrado,3.8
eda6bfb5-645d-3e2f-8017-2c0076dabaa2, -15.809410, -38.892640,2026-07-12 16:30:00,NOAA-21,BELMONTE,BAHIA,Brasil,2903409,29,33,-999,1.31,1.0,Mata Atlântica,5.4
8d2cb5ab-93d2-3694-b4d2-636904568bc8, -13.933440, -43.471260,2026-07-12 16:30:00,NOAA-21,MALHADA,BAHIA,Brasil,2920205,29,33,50,0.0,1.0,Cerrado,8.4
4fed5fd0-30db-38a9-a91e-cb32c0706a74, -16.596800, -42.915040,2026-07-12 16:30:00,NOAA-21,CRISTÁLIA,MINAS GERAIS,Brasil,3120300,31,33,7,0.2,1.0,Cerrado,16.2
4c6600a4-5885-3eba-a69b-2a15126d107c, -18.564930, -43.874690,2026-07-12 16:30:00,NOAA-21,GOUVEIA,MINAS GERAIS,Brasil,3127602,31,33,29,0.0,1.0,Cerrado,4.2
42f37970-ba22-3fd5-a839-f93909d6e867, -12.898730, -39.796130,2026-07-12 16:30:00,NOAA-21,MILAGRES,BAHIA,Brasil,2921302,29,33,9,0.0,1.0,Caatinga,2.3
4bffbf2d-a6e5-3d4c-8f33-0cf0011ac91d, -13.684170, -49.321350,2026-07-12 16:30:00,NOAA-21,PORANGATU,GOIÁS,Brasil,5218003,52,33,50,0.0,1.0,Cerrado,3.2
e024947a-5b13-3fee-ac72-297500966311, -18.076340, -44.011340,2026-07-12 16:30:00,NOAA-21,AUGUSTO DE LIMA,MINAS GERAIS,Brasil,3104809,31,33,27,1.83,1.0,Cerrado,2.8
8d786cef-711c-3b95-b743-05ac44d4e283, -18.372730, -49.918800,2026-07-12 16:30:00,NOAA-21,INACIOLÂNDIA,GOIÁS,Brasil,5209937,52,33,16,0.38,1.0,Cerrado,8.6
95036fef-5244-32ed-b75f-be099c7a851e, -15.501580, -39.743290,2026-07-12 16:30:00,NOAA-21,PAU BRASIL,BAHIA,Brasil,2923902,29,33,9,0.4,1.0,Mata Atlântica,3.3
659b8764-bf77-33e1-8408-b0c75f5895ff, -18.367510, -49.927460,2026-07-12 16:30:00,NOAA-21,ITUMBIARA,GOIÁS,Brasil,5211503,52,33,16,0.33,1.0,Cerrado,218.8
f5b6d402-fa2e-34d1-ab22-9053f727dd42, -17.761440, -48.644070,2026-07-12 16:30:00,NOAA-21,CALDAS NOVAS,GOIÁS,Brasil,5204508,52,33,24,0.0,-999.0,Cerrado,3.8
d5f1632d-a533-314c-add4-5e66ee283922, -16.597360, -42.918640,2026-07-12 16:30:00,NOAA-21,CRISTÁLIA,MINAS GERAIS,Brasil,3120300,31,33,7,0.2,1.0,Cerrado,16.0
9818f74b-43fb-3bd9-a79b-c6180b43c951, -13.266080, -43.398980,2026-07-12 16:30:00,NOAA-21,BOM JESUS DA LAPA,BAHIA,Brasil,2903904,29,33,64,0.0,1.0,Caatinga,5.3
3c375c6d-731e-354b-9361-258883abc56c, -15.805570, -38.961310,2026-07-12 16:30:00,NOAA-21,BELMONTE,BAHIA,Brasil,2903409,29,33,-999,0.48,0.23,Mata Atlântica,6.3
c5f47ded-854e-309e-82a1-db86cb568a0d, -13.936210, -43.467160,2026-07-12 16:30:00,NOAA-21,MALHADA,BAHIA,Brasil,2920205,29,33,50,0.0,1.0,Cerrado,12.0
a21f4d14-7b33-3b82-8b97-9bcb3b153b30, -15.803960, -42.603910,2026-07-12 16:30:00,NOAA-21,RIO PARDO DE MINAS,MINAS GERAIS,Brasil,3155603,31,33,33,0.1,0.91,Mata Atlântica,13.1
9834dc51-681a-361e-9145-f16a489e9a80, -14.754940, -43.955320,2026-07-12 16:30:00,NOAA-21,MANGA,MINAS GERAIS,Brasil,3139300,31,33,50,0.0,1.0,Caatinga,21.3
fc263575-3720-36c8-8d0a-86da69835194, -14.166790, -39.491350,2026-07-12 16:30:00,NOAA-21,IBIRAPITANGA,BAHIA,Brasil,2912707,29,33,3,0.0,0.53,Mata Atlântica,9.9
05b74777-814f-3555-9bd5-ff8a224b1028, -18.565460, -43.878340,2026-07-12 16:30:00,NOAA-21,GOUVEIA,MINAS GERAIS,Brasil,3127602,31,33,29,0.0,1.0,Cerrado,4.2
9d72d3ae-eefb-3047-a913-210df3ba9b85, -18.094110, -44.016000,2026-07-12 16:30:00,NOAA-21,AUGUSTO DE LIMA,MINAS GERAIS,Brasil,3104809,31,33,27,1.64,1.0,Cerrado,2.8
d1a95caa-ed69-38e1-a4b8-e941428e076b, -16.266360, -39.055340,2026-07-12 16:30:00,NOAA-21,SANTA CRUZ CABRÁLIA,BAHIA,Brasil,2927705,29,33,5,3.13,0.12,Mata Atlântica,4.4
95f5ddaa-03b5-396a-a1e3-77a1afa742fc, -13.589280, -39.468200,2026-07-12 16:30:00,NOAA-21,TEOLÂNDIA,BAHIA,Brasil,2931608,29,33,2,0.0,0.25,Mata Atlântica,3.7
e5faf743-d1ed-3da4-b34e-c3d14b817aed, -17.963790, -42.678530,2026-07-12 16:30:00,NOAA-21,ITAMARANDIBA,MINAS GERAIS,Brasil,3132503,31,33,29,0.6,0.85,Mata Atlântica,5.6
e0cdc346-cb7c-3c4d-adb0-e928964913e0, -14.752170, -43.959400,2026-07-12 16:30:00,NOAA-21,MANGA,MINAS GERAIS,Brasil,3139300,31,33,49,0.0,1.0,Caatinga,55.9
ad369caf-a46f-3855-abd9-029b9401df09, -15.498750, -39.740750,2026-07-12 16:30:00,NOAA-21,PAU BRASIL,BAHIA,Brasil,2923902,29,33,9,0.4,1.0,Mata Atlântica,4.1
b23f45b8-d289-3b1d-9c70-ad2e95f41665, -18.373820, -49.928410,2026-07-12 16:30:00,NOAA-21,INACIOLÂNDIA,GOIÁS,Brasil,5209937,52,33,16,0.39,1.0,Cerrado,18.0
566c5a62-aed8-39ac-af89-b157d3618c2c, -13.966070, -38.946170,2026-07-12 16:30:00,NOAA-21,MARAÚ,BAHIA,Brasil,2920700,29,33,-999,0.0,0.93,Mata Atlântica,3.0
523b1746-c22b-3cda-ae1e-7bc3dda8188b, -15.809000, -38.963730,2026-07-12 16:30:00,NOAA-21,BELMONTE,BAHIA,Brasil,2903409,29,33,-999,0.42,0.24,Mata Atlântica,9.4
e5662cfd-1407-3d09-be5c-fe7de11daab1, -13.683980, -49.322040,2026-07-12 16:30:00,NOAA-21,PORANGATU,GOIÁS,Brasil,5218003,52,33,50,0.0,1.0,Cerrado,5.1
19e9e5b1-fed6-3e82-9ecf-c9cbb72112a4, -17.963240, -42.674910,2026-07-12 16:30:00,NOAA-21,ITAMARANDIBA,MINAS GERAIS,Brasil,3132503,31,33,29,0.61,0.84,Mata Atlântica,4.2
accf2b47-9f19-35ee-a72f-92bdc05a8a90, -18.371450, -49.922070,2026-07-12 16:30:00,NOAA-21,INACIOLÂNDIA,GOIÁS,Brasil,5209937,52,33,16,0.36,1.0,Cerrado,32.7
ad4c1396-9af4-3a6a-8965-3b4a1055ef8c, -18.373280, -49.923610,2026-07-12 16:30:00,NOAA-21,INACIOLÂNDIA,GOIÁS,Brasil,5209937,52,33,16,0.38,1.0,Cerrado,8.6
685ca775-363c-3373-8e48-6447c0bb9dbb, -13.932890, -43.467700,2026-07-12 16:30:00,NOAA-21,MALHADA,BAHIA,Brasil,2920205,29,33,49,0.0,1.0,Cerrado,8.4
8ea9b46b-cee3-3983-be3f-2648b9126208,  -9.698530, -45.987240,2026-07-12 16:33:00,NOAA-21,ALTO PARNAÍBA,MARANHÃO,Brasil,2100501,21,33,70,0.0,1.0,Cerrado,10.2
8569cb06-3402-33b9-8fd2-259826f210e0, -10.160870, -50.184890,2026-07-12 16:33:00,NOAA-21,PIUM,TOCANTINS,Brasil,1717503,17,33,7,0.48,1.0,Cerrado,3.6
abe91e81-622b-3e71-b1ce-677dc63cbd43, -10.788700, -46.701750,2026-07-12 16:33:00,NOAA-21,MATEIROS,TOCANTINS,Brasil,1712702,17,33,50,0.0,1.0,Cerrado,19.5
827d586e-2cb6-3639-beaf-a2f5c23c43e0, -10.012750, -48.579760,2026-07-12 16:33:00,NOAA-21,MIRACEMA DO TOCANTINS,TOCANTINS,Brasil,1713205,17,33,59,0.0,1.0,Cerrado,4.5
f8065efe-cef3-34b2-936e-f622b548dcca,  -8.793700, -45.389790,2026-07-12 16:33:00,NOAA-21,BAIXA GRANDE DO RIBEIRO,PIAUÍ,Brasil,2201150,22,33,81,0.0,1.0,Cerrado,5.6
d029d7bb-e134-3be0-ab1c-7f23bf04a620, -11.345080, -50.458240,2026-07-12 16:33:00,NOAA-21,LAGOA DA CONFUSÃO,TOCANTINS,Brasil,1711902,17,33,50,0.0,0.99,Cerrado,5.0
9c03bc8d-9db5-3964-bd91-c5b7cc48fc58,  -8.097880, -47.096310,2026-07-12 16:33:00,NOAA-21,GOIATINS,TOCANTINS,Brasil,1709005,17,33,17,0.0,1.0,Cerrado,10.1
ffbe3f2c-f676-340a-8b9c-a15b1314d1d1, -11.099240, -50.036370,2026-07-12 16:33:00,NOAA-21,LAGOA DA CONFUSÃO,TOCANTINS,Brasil,1711902,17,33,69,0.0,1.0,Cerrado,91.7
bd7e24ab-ec2f-3af1-9cc6-81c8aa0ba404,  -7.202750, -44.262790,2026-07-12 16:33:00,NOAA-21,ANTÔNIO ALMEIDA,PIAUÍ,Brasil,2200806,22,33,69,0.0,1.0,Cerrado,17.8
cbe19fad-b4c4-32d1-8997-c6b036fda10b, -10.287930, -46.367910,2026-07-12 16:33:00,NOAA-21,MATEIROS,TOCANTINS,Brasil,1712702,17,33,82,0.0,1.0,Cerrado,9.7
6c109cf3-6225-32af-b3ab-c09ccb918e5e, -11.411980, -50.573620,2026-07-12 16:33:00,NOAA-21,LAGOA DA CONFUSÃO,TOCANTINS,Brasil,1711902,17,33,50,0.0,1.0,Cerrado,7.0
dd9ef4d9-6feb-388f-8244-190e75847576,  -7.176620, -43.384830,2026-07-12 16:33:00,NOAA-21,JERUMENHA,PIAUÍ,Brasil,2205300,22,33,3,0.0,1.0,Caatinga,12.5
d9ba6356-58ec-32e5-81fe-7a20b53a9f33, -10.162540, -50.136040,2026-07-12 16:33:00,NOAA-21,PIUM,TOCANTINS,Brasil,1717503,17,33,9,0.28,1.0,Cerrado,8.3
9b2452b0-4ad9-3bd9-bb9a-889d4b6b6245,  -6.011730, -47.817240,2026-07-12 16:33:00,NOAA-21,SÃO BENTO DO TOCANTINS,TOCANTINS,Brasil,1720101,17,33,39,0.0,1.0,Cerrado,7.7
600013de-58ec-320b-a208-e103777fc3e7, -10.156780, -50.185460,2026-07-12 16:33:00,NOAA-21,PIUM,TOCANTINS,Brasil,1717503,17,33,4,0.46,1.0,Cerrado,8.8
98706fd4-ff71-3603-b382-6c4bf4f0c840, -10.280720, -50.059970,2026-07-12 16:33:00,NOAA-21,PIUM,TOCANTINS,Brasil,1717503,17,33,71,0.2,1.0,Cerrado,15.3
498ecc6c-189c-3818-8d24-1b26bef813f0,  -8.794220, -45.393270,2026-07-12 16:33:00,NOAA-21,BAIXA GRANDE DO RIBEIRO,PIAUÍ,Brasil,2201150,22,33,81,0.0,1.0,Cerrado,5.7
8b27283c-42c7-3655-9c8c-bcb0072c74b4,  -8.046480, -46.935610,2026-07-12 16:33:00,NOAA-21,CAMPOS LINDOS,TOCANTINS,Brasil,1703842,17,33,16,0.0,1.0,Cerrado,5.8
768eb4d1-27d5-3539-a323-0a6c2e41832a, -10.238630, -46.818980,2026-07-12 16:33:00,NOAA-21,MATEIROS,TOCANTINS,Brasil,1712702,17,33,72,0.0,1.0,Cerrado,4.1
47cc6574-6b50-3908-9fac-ac448e682d36, -10.905740, -49.489570,2026-07-12 16:33:00,NOAA-21,SANTA RITA DO TOCANTINS,TOCANTINS,Brasil,1718899,17,33,15,0.0,1.0,Cerrado,23.2
669a93c2-f92c-3350-b42e-b72ad2fd9a73,  -9.221170, -40.667840,2026-07-12 16:33:00,NOAA-21,PETROLINA,PERNAMBUCO,Brasil,2611101,26,33,61,0.0,1.0,Caatinga,3.4
7134e1a0-5c93-3b66-b76e-544dc1604af7,  -7.446770, -44.471920,2026-07-12 16:33:00,NOAA-21,URUÇUÍ,PIAUÍ,Brasil,2211209,22,33,62,0.0,1.0,Cerrado,3.7
c765e9aa-4682-3c19-ae95-e67a6200f22c, -10.164050, -50.147030,2026-07-12 16:33:00,NOAA-21,PIUM,TOCANTINS,Brasil,1717503,17,33,10,0.36,1.0,Cerrado,6.2
7c700e46-e062-3a6e-9ee3-59c561cd82d0, -10.700910, -50.035520,2026-07-12 16:33:00,NOAA-21,LAGOA DA CONFUSÃO,TOCANTINS,Brasil,1711902,17,33,31,0.0,1.0,Cerrado,4.7
abb69efd-dc45-383a-a4e4-0ba16d685739, -10.169200, -50.123950,2026-07-12 16:33:00,NOAA-21,PIUM,TOCANTINS,Brasil,1717503,17,33,14,0.34,1.0,Cerrado,7.4
7c81f5c7-37b1-32ac-81a2-b69755f99c5a, -10.906760, -49.491640,2026-07-12 16:33:00,NOAA-21,SANTA RITA DO TOCANTINS,TOCANTINS,Brasil,1718899,17,33,14,0.0,1.0,Cerrado,14.3
2e98121d-1e38-3d4c-82f4-5d2a76f3979b,  -6.944910, -43.717490,2026-07-12 16:33:00,NOAA-21,GUADALUPE,PIAUÍ,Brasil,2204501,22,33,24,0.0,1.0,Cerrado,23.6
1bc3bac6-998c-3cfb-bc26-d6e7d4bde544,  -6.859590, -43.620120,2026-07-12 16:33:00,NOAA-21,GUADALUPE,PIAUÍ,Brasil,2204501,22,33,24,0.0,1.0,Cerrado,3.8
f9714c64-7c0a-368f-8762-1a9f2803a340,  -6.073610, -45.003890,2026-07-12 16:33:00,NOAA-21,FERNANDO FALCÃO,MARANHÃO,Brasil,2104081,21,33,15,0.0,1.0,Cerrado,4.6
9eb84252-57e4-3812-8011-211c3ba6aba9,  -6.900980, -43.705390,2026-07-12 16:33:00,NOAA-21,GUADALUPE,PIAUÍ,Brasil,2204501,22,33,24,0.0,1.0,Cerrado,20.6
32454a78-d714-36cc-9533-ec8b06b7fa56, -11.075550, -51.183410,2026-07-12 16:33:00,NOAA-21,LUCIARA,MATO GROSSO,Brasil,5105309,51,33,57,0.31,1.0,Cerrado,11.2
a6b4c80e-8e43-37ae-9744-898308809573,  -7.203300, -44.266350,2026-07-12 16:33:00,NOAA-21,ANTÔNIO ALMEIDA,PIAUÍ,Brasil,2200806,22,33,69,0.0,1.0,Cerrado,17.8
abb46b55-8a88-3deb-a122-1e128541b65d, -10.371040, -46.172780,2026-07-12 16:33:00,NOAA-21,MATEIROS,TOCANTINS,Brasil,1712702,17,33,51,0.0,1.0,Cerrado,4.7
5acf13d6-dbcf-3528-881d-b1acc317bf44,  -7.171960, -43.377790,2026-07-12 16:33:00,NOAA-21,JERUMENHA,PIAUÍ,Brasil,2205300,22,33,3,0.0,1.0,Caatinga,12.8
1c3cd1c6-db6a-3ba9-a86b-4ee8f9125d7c, -10.482380, -42.425830,2026-07-12 16:33:00,NOAA-21,XIQUE-XIQUE,BAHIA,Brasil,2933604,29,33,75,0.0,1.0,Caatinga,6.5
3cad4117-2ba2-3759-b6c1-ed61743f7235,  -6.015840, -46.746290,2026-07-12 16:33:00,NOAA-21,LAJEADO NOVO,MARANHÃO,Brasil,2105989,21,33,24,0.0,1.0,Cerrado,4.6
cdd4d0e1-a5a7-3b2c-8d39-7e3f0dad1a28, -10.733990, -48.907650,2026-07-12 16:33:00,NOAA-21,FÁTIMA,TOCANTINS,Brasil,1707553,17,33,49,0.0,1.0,Cerrado,4.9
9007bf72-995a-3dc6-ba4d-345f0463b548,  -8.797530, -45.392770,2026-07-12 16:33:00,NOAA-21,BAIXA GRANDE DO RIBEIRO,PIAUÍ,Brasil,2201150,22,33,81,0.0,1.0,Cerrado,5.7
3457a480-7d99-3996-b8bd-d206a73a8be3,  -6.529040, -43.238370,2026-07-12 16:33:00,NOAA-21,BARÃO DE GRAJAÚ,MARANHÃO,Brasil,2101509,21,33,24,0.0,1.0,Cerrado,9.9
15ed6172-a1cf-39e4-94dc-f77d7b938e81,  -8.453280, -35.824710,2026-07-12 16:33:00,NOAA-21,SÃO JOAQUIM DO MONTE,PERNAMBUCO,Brasil,2613305,26,33,2,0.0,1.0,Mata Atlântica,0.2
0d9ac6ce-23ed-3bd1-9d19-0f6887f70484, -10.806760, -50.050240,2026-07-12 16:33:00,NOAA-21,LAGOA DA CONFUSÃO,TOCANTINS,Brasil,1711902,17,33,0,0.0,1.0,Cerrado,9.5
6a4d30db-a7e9-3984-a410-7a6f54facd7e, -10.251740, -50.060220,2026-07-12 16:33:00,NOAA-21,PIUM,TOCANTINS,Brasil,1717503,17,33,72,0.21,1.0,Cerrado,4.7
a8ff60a0-bb6d-3f79-9f37-3b80f80ecf2c,  -4.807350, -45.769940,2026-07-12 16:33:00,NOAA-21,ARAME,MARANHÃO,Brasil,2100956,21,33,9,0.0,0.92,Amazônia,4.3
dbc7fffc-bad3-35fe-b61a-61daa08cad24, -10.260370, -50.062740,2026-07-12 16:33:00,NOAA-21,PIUM,TOCANTINS,Brasil,1717503,17,33,73,0.24,1.0,Cerrado,13.6
7a51fe22-332a-3003-8d31-d32c7ce06476,  -9.481390, -48.357630,2026-07-12 16:33:00,NOAA-21,TOCANTÍNIA,TOCANTINS,Brasil,1721109,17,33,56,0.0,1.0,Cerrado,12.5
138dad92-2a36-3298-b180-5e4353609e10,  -7.206100, -44.262290,2026-07-12 16:33:00,NOAA-21,ANTÔNIO ALMEIDA,PIAUÍ,Brasil,2200806,22,33,69,0.0,1.0,Cerrado,13.2
ab9b1141-3331-3a70-84ef-ddf3c4ad3bcb,  -6.160320, -45.235920,2026-07-12 16:33:00,NOAA-21,FERNANDO FALCÃO,MARANHÃO,Brasil,2104081,21,33,24,0.0,1.0,Cerrado,7.0
d06442e4-78aa-31ce-a35a-bc1efc707873,  -4.667090, -43.227300,2026-07-12 16:33:00,NOAA-21,ALDEIAS ALTAS,MARANHÃO,Brasil,2100303,21,33,14,0.0,0.57,Cerrado,7.0
62f80ab6-d406-3085-b585-8d0fe34152a1,  -9.806020, -49.233780,2026-07-12 16:33:00,NOAA-21,DIVINÓPOLIS DO TOCANTINS,TOCANTINS,Brasil,1707108,17,33,43,0.0,1.0,Cerrado,6.8
69a22a1e-a10f-31e6-a344-fb7e9ba1409e, -10.264940, -50.065810,2026-07-12 16:33:00,NOAA-21,PIUM,TOCANTINS,Brasil,1717503,17,33,72,0.26,1.0,Cerrado,13.6
d0109727-c43c-3f3b-a6f7-3162197f3f0b,  -8.798060, -45.396240,2026-07-12 16:33:00,NOAA-21,BAIXA GRANDE DO RIBEIRO,PIAUÍ,Brasil,2201150,22,33,81,0.0,1.0,Cerrado,5.7
39a2b8ce-3d2f-36fe-84e4-f09b1528ba80,  -6.375670, -51.299630,2026-07-12 16:33:00,NOAA-21,SÃO FÉLIX DO XINGU,PARÁ,Brasil,1507300,15,33,2,0.0,1.0,Amazônia,18.5
6ae2a6d9-8846-313d-9045-7ad9e243dcf4,  -6.898150, -43.709630,2026-07-12 16:33:00,NOAA-21,GUADALUPE,PIAUÍ,Brasil,2204501,22,33,24,0.0,1.0,Cerrado,16.5
f6f59f1d-876e-3376-bdf4-930108484566,  -6.707730, -41.121770,2026-07-12 16:33:00,NOAA-21,PIMENTEIRAS,PIAUÍ,Brasil,2208106,22,33,14,0.0,1.0,Caatinga,25.5
a34e1278-deb5-3489-8361-dd720090d67c, -10.166130, -50.131820,2026-07-12 16:33:00,NOAA-21,PIUM,TOCANTINS,Brasil,1717503,17,33,11,0.31,1.0,Cerrado,27.4
00b5140c-e010-3931-b90d-a97c5c703677, -10.171150, -50.168500,2026-07-12 16:33:00,NOAA-21,PIUM,TOCANTINS,Brasil,1717503,17,33,15,0.55,1.0,Cerrado,3.9
1483e4ff-b709-30cc-88bb-46fd19dd3c44,  -6.948320, -43.716950,2026-07-12 16:33:00,NOAA-21,GUADALUPE,PIAUÍ,Brasil,2204501,22,33,24,0.0,1.0,Cerrado,23.6
c4a91abd-1e95-316e-ba17-f32553db9d72, -10.493470, -50.127630,2026-07-12 16:33:00,NOAA-21,PIUM,TOCANTINS,Brasil,1717503,17,33,57,0.0,1.0,Cerrado,4.0
ddfa4a47-af56-33e1-8379-eeb071403c11,  -7.395530, -44.272420,2026-07-12 16:33:00,NOAA-21,SEBASTIÃO LEAL,PIAUÍ,Brasil,2210631,22,33,70,0.0,1.0,Cerrado,3.7
bb3bb9c5-778e-368a-ada7-d85f36781c6e,  -7.415430, -38.802990,2026-07-12 16:33:00,NOAA-21,MAURITI,CEARÁ,Brasil,2308104,23,33,10,0.0,1.0,Caatinga,13.7
bbef2685-ed6c-3ce9-9a6a-bc4af6fe1fd9,  -6.454740, -42.839310,2026-07-12 16:33:00,NOAA-21,AMARANTE,PIAUÍ,Brasil,2200509,22,33,23,0.0,1.0,Caatinga,11.8
3a6c513b-19c0-3113-816e-86bfa287c8c1,  -5.608400, -46.254350,2026-07-12 16:33:00,NOAA-21,GRAJAÚ,MARANHÃO,Brasil,2104800,21,33,2,0.0,1.0,Cerrado,8.7
dfc1cb84-4b6e-32f2-a062-c18a88ce1cae,  -7.091850, -41.689080,2026-07-12 16:33:00,NOAA-21,PAQUETÁ,PIAUÍ,Brasil,2207553,22,33,71,0.0,1.0,Caatinga,6.0
589bb7c4-aa47-3dd9-a613-ba2bca2d083a, -10.482170, -50.136700,2026-07-12 16:33:00,NOAA-21,PIUM,TOCANTINS,Brasil,1717503,17,33,57,0.0,1.0,Cerrado,11.4
9d2b3b21-5374-3a80-9b3b-4cfa1249468e, -11.098740, -50.032650,2026-07-12 16:33:00,NOAA-21,LAGOA DA CONFUSÃO,TOCANTINS,Brasil,1711902,17,33,69,0.0,1.0,Cerrado,13.0
a481991a-27c7-3bbc-955d-868199ff0ae9, -10.471360, -50.149480,2026-07-12 16:33:00,NOAA-21,PIUM,TOCANTINS,Brasil,1717503,17,33,57,0.0,1.0,Cerrado,4.9
986fc97e-d414-33f7-8322-c90e9b30c97b, -10.349950, -48.266900,2026-07-12 16:33:00,NOAA-21,PALMAS,TOCANTINS,Brasil,1721000,17,33,22,0.6,1.0,Cerrado,3.2
7a4fccde-ca6e-393b-b2a2-f7187759dd69,  -9.654120, -45.758900,2026-07-12 16:33:00,NOAA-21,GILBUÉS,PIAUÍ,Brasil,2204402,22,33,83,0.0,1.0,Cerrado,3.0
9732c68c-f5ba-3d7d-b021-b0d9b9d9b170,  -7.229910, -43.565620,2026-07-12 16:33:00,NOAA-21,JERUMENHA,PIAUÍ,Brasil,2205300,22,33,67,0.0,1.0,Caatinga,4.8
5abf3f2e-39da-3507-b621-20865988a801, -10.176250, -50.175290,2026-07-12 16:33:00,NOAA-21,PIUM,TOCANTINS,Brasil,1717503,17,33,19,0.61,1.0,Cerrado,7.1
b1275813-1108-3225-a2f3-adfa6c86ada1,  -7.085740, -43.364270,2026-07-12 16:33:00,NOAA-21,JERUMENHA,PIAUÍ,Brasil,2205300,22,33,16,0.0,1.0,Caatinga,6.1
b4618b6a-5b40-3662-b628-6ba94c6131c6, -10.489370, -50.128190,2026-07-12 16:33:00,NOAA-21,PIUM,TOCANTINS,Brasil,1717503,17,33,56,0.0,1.0,Cerrado,5.2
ab5c2ca1-ec1f-3ef9-a3fd-32529faa13e9,  -5.658790, -45.603200,2026-07-12 16:33:00,NOAA-21,JENIPAPO DOS VIEIRAS,MARANHÃO,Brasil,2105476,21,33,15,0.0,0.88,Cerrado,2.8
97f6a682-d8e4-378e-8bc5-d38fed1061a9, -10.175750, -50.171620,2026-07-12 16:33:00,NOAA-21,PIUM,TOCANTINS,Brasil,1717503,17,33,18,0.61,1.0,Cerrado,7.1
5cea4b2f-173d-307d-9403-70e6ca6a35b9, -10.788150, -46.697980,2026-07-12 16:33:00,NOAA-21,MATEIROS,TOCANTINS,Brasil,1712702,17,33,50,0.0,1.0,Cerrado,19.5
75202fb3-02eb-3cd5-b2fe-02a5cee9683e,  -7.222470, -43.562950,2026-07-12 16:33:00,NOAA-21,JERUMENHA,PIAUÍ,Brasil,2205300,22,33,64,0.0,1.0,Caatinga,2.9
fdeefd86-c0a6-32a8-bc9d-cb54c854b0ec, -10.906030, -49.486520,2026-07-12 16:33:00,NOAA-21,SANTA RITA DO TOCANTINS,TOCANTINS,Brasil,1718899,17,33,15,0.0,1.0,Cerrado,14.3
dd4b5ffd-176c-3d11-8b3c-c311d174f3cb,  -7.870520, -45.220610,2026-07-12 16:33:00,NOAA-21,BAIXA GRANDE DO RIBEIRO,PIAUÍ,Brasil,2201150,22,33,79,0.0,1.0,Cerrado,4.8
add064ab-f6ca-3a0c-b063-8ab68ce14e0b,  -8.712450, -39.785090,2026-07-12 16:33:00,NOAA-21,SANTA MARIA DA BOA VISTA,PERNAMBUCO,Brasil,2612604,26,33,63,0.0,1.0,Caatinga,3.4
a24deb80-c2f9-37d6-b9da-ea6ae8d6a8dd,  -6.707620, -41.124440,2026-07-12 16:33:00,NOAA-21,PIMENTEIRAS,PIAUÍ,Brasil,2208106,22,33,14,0.0,1.0,Caatinga,21.4
30509378-0b82-3065-ad17-51ddc8325507, -10.157960, -50.132930,2026-07-12 16:33:00,NOAA-21,PIUM,TOCANTINS,Brasil,1717503,17,33,5,0.23,1.0,Cerrado,13.1
493dfe8a-b0dd-36bb-874e-a1aea2bbcd14, -10.244590, -50.068590,2026-07-12 16:33:00,NOAA-21,PIUM,TOCANTINS,Brasil,1717503,17,33,69,0.37,1.0,Cerrado,22.1
3ad82d43-e71e-3d30-98e4-ee180268bfe6,  -7.173170, -43.385370,2026-07-12 16:33:00,NOAA-21,JERUMENHA,PIAUÍ,Brasil,2205300,22,33,2,0.0,1.0,Caatinga,7.1
b13f1c87-bf67-35eb-adb4-8d3bf4e9a336, -10.158960, -50.140260,2026-07-12 16:33:00,NOAA-21,PIUM,TOCANTINS,Brasil,1717503,17,33,6,0.24,1.0,Cerrado,31.2
ef018b6e-4ef2-3c5a-b941-cecfa0779ec6, -10.165630, -50.128170,2026-07-12 16:33:00,NOAA-21,PIUM,TOCANTINS,Brasil,1717503,17,33,11,0.31,1.0,Cerrado,27.4
a6f44377-476a-3648-ae77-a67a136d5803,  -4.663530, -43.227860,2026-07-12 16:33:00,NOAA-21,ALDEIAS ALTAS,MARANHÃO,Brasil,2100303,21,33,14,0.0,0.5,Cerrado,7.0
5d6715f8-f128-3188-9514-7320deadcaf8, -10.176750, -50.178970,2026-07-12 16:33:00,NOAA-21,PIUM,TOCANTINS,Brasil,1717503,17,33,19,0.6,1.0,Cerrado,12.4
b180c3d5-42dd-3f14-9ba8-a70ee8102d23, -10.791020, -46.693730,2026-07-12 16:33:00,NOAA-21,MATEIROS,TOCANTINS,Brasil,1712702,17,33,50,0.0,1.0,Cerrado,5.5
b38ad7c0-3253-30a2-8796-4cba47caba55, -10.815970, -50.056530,2026-07-12 16:33:00,NOAA-21,LAGOA DA CONFUSÃO,TOCANTINS,Brasil,1711902,17,33,3,0.0,1.0,Cerrado,3.7
7789acc2-c216-339a-8756-23d8829cbc92, -11.336050, -50.455380,2026-07-12 16:33:00,NOAA-21,LAGOA DA CONFUSÃO,TOCANTINS,Brasil,1711902,17,33,50,0.0,1.0,Cerrado,25.4
1541a8da-d175-336d-a19b-abfd2e328051, -10.248660, -50.068040,2026-07-12 16:33:00,NOAA-21,PIUM,TOCANTINS,Brasil,1717503,17,33,71,0.36,1.0,Cerrado,22.1
1e2f1868-4a1f-3d19-9544-5bcf3ba00bdc, -10.276650, -50.060520,2026-07-12 16:33:00,NOAA-21,PIUM,TOCANTINS,Brasil,1717503,17,33,71,0.21,1.0,Cerrado,15.3
6b3fb8a8-5f93-3e82-9ae8-921f0293eb24, -10.493970, -50.131330,2026-07-12 16:33:00,NOAA-21,PIUM,TOCANTINS,Brasil,1717503,17,33,57,0.0,1.0,Cerrado,4.0
b9c3d9b7-e61f-3353-93f4-211c2304189c, -10.231770, -46.819970,2026-07-12 16:33:00,NOAA-21,MATEIROS,TOCANTINS,Brasil,1712702,17,33,73,0.0,1.0,Cerrado,5.0
35cba960-393b-3083-b6f3-06d12ad8f717, -10.428010, -49.984680,2026-07-12 16:33:00,NOAA-21,PIUM,TOCANTINS,Brasil,1717503,17,33,68,0.0,1.0,Cerrado,6.7
f53c2095-1645-3c76-aee1-cf54f698b152, -11.335510, -50.451390,2026-07-12 16:33:00,NOAA-21,LAGOA DA CONFUSÃO,TOCANTINS,Brasil,1711902,17,33,50,0.0,1.0,Cerrado,25.4
431c7f24-24ea-3b14-965a-2f1ab8366360,  -9.010170, -42.677480,2026-07-12 16:33:00,NOAA-21,SÃO RAIMUNDO NONATO,PIAUÍ,Brasil,2210607,22,33,67,0.0,1.0,Caatinga,2.1
163b2612-ba72-3ce5-864e-1ba09fcd401b, -10.802660, -50.050800,2026-07-12 16:33:00,NOAA-21,LAGOA DA CONFUSÃO,TOCANTINS,Brasil,1711902,17,33,0,0.0,1.0,Cerrado,4.7
33732b48-5509-3900-8a56-52bf3133a10f, -10.360420, -46.170640,2026-07-12 16:33:00,NOAA-21,MATEIROS,TOCANTINS,Brasil,1712702,17,33,50,0.0,1.0,Cerrado,7.1
4ac7e8a1-1609-3593-b484-a0b7fd994c10, -11.407700, -50.574190,2026-07-12 16:33:00,NOAA-21,LAGOA DA CONFUSÃO,TOCANTINS,Brasil,1711902,17,33,50,0.0,1.0,Cerrado,7.0
36d5febb-be24-3014-ad52-deb9579160ff, -11.349330, -50.457680,2026-07-12 16:33:00,NOAA-21,LAGOA DA CONFUSÃO,TOCANTINS,Brasil,1711902,17,33,50,0.0,0.95,Cerrado,5.0
56b2796a-4f37-382b-80be-70c258dfa352,  -8.100210, -47.088490,2026-07-12 16:33:00,NOAA-21,GOIATINS,TOCANTINS,Brasil,1709005,17,33,17,0.0,1.0,Cerrado,5.9
14d21420-caf5-3941-87ec-b5fd8a91c1c8, -10.997890, -45.187100,2026-07-12 16:33:00,NOAA-21,FORMOSA DO RIO PRETO,BAHIA,Brasil,2911105,29,33,60,0.1,1.0,Cerrado,3.7
f6a8e839-ef2b-3fc3-8d77-60b51eb9c415, -10.269010, -50.065260,2026-07-12 16:33:00,NOAA-21,PIUM,TOCANTINS,Brasil,1717503,17,33,72,0.25,1.0,Cerrado,14.8
3044afd5-f7b0-3103-9a21-2bc42d69b3f1, -10.253220, -50.071120,2026-07-12 16:33:00,NOAA-21,PIUM,TOCANTINS,Brasil,1717503,17,33,72,0.41,1.0,Cerrado,39.4
c20107bb-f7af-3e1e-b193-77b5ca2823ac,  -9.696900, -36.894940,2026-07-12 16:33:00,NOAA-21,GIRAU DO PONCIANO,ALAGOAS,Brasil,2702900,27,33,13,0.0,1.0,Caatinga,12.6
5728f4db-5966-39c9-bc09-b0f376b39a23, -11.406620, -50.566040,2026-07-12 16:33:00,NOAA-21,LAGOA DA CONFUSÃO,TOCANTINS,Brasil,1711902,17,33,49,0.0,1.0,Cerrado,15.3
0e21cfb5-c39b-39c7-8343-6a9f0631267f,  -7.086950, -43.371890,2026-07-12 16:33:00,NOAA-21,JERUMENHA,PIAUÍ,Brasil,2205300,22,33,16,0.0,1.0,Caatinga,6.9
1f78ac38-34c6-376d-8f03-fa57f18a97f8, -10.998360, -44.540920,2026-07-12 16:33:00,NOAA-21,SANTA RITA DE CÁSSIA,BAHIA,Brasil,2928406,29,33,45,0.0,1.0,Cerrado,16.2
c027e2a6-c75b-305c-83a6-2dd18084c245, -11.065510, -51.175750,2026-07-12 16:33:00,NOAA-21,LUCIARA,MATO GROSSO,Brasil,5105309,51,33,57,0.21,1.0,Cerrado,26.6
4f68e559-7c5f-3a9d-a73a-3ead2cdd28c0, -10.807770, -50.057640,2026-07-12 16:33:00,NOAA-21,LAGOA DA CONFUSÃO,TOCANTINS,Brasil,1711902,17,33,4,0.0,1.0,Cerrado,9.7
d8560faf-d91d-388a-9521-5f097c724bef, -10.428810, -49.987500,2026-07-12 16:33:00,NOAA-21,PIUM,TOCANTINS,Brasil,1717503,17,33,67,0.0,1.0,Cerrado,5.4
f1aafe4b-6ca5-3901-b923-e335befb705c, -10.498580, -50.134470,2026-07-12 16:33:00,NOAA-21,PIUM,TOCANTINS,Brasil,1717503,17,33,58,0.0,1.0,Cerrado,12.4
8d02b5af-48ac-382a-9840-eb79d0f1449f,  -7.068720, -43.324010,2026-07-12 16:33:00,NOAA-21,FLORIANO,PIAUÍ,Brasil,2203909,22,33,20,0.0,1.0,Caatinga,8.7
22fe1c40-a40e-3e6b-937e-6892dd93e7a6, -11.096120, -50.044390,2026-07-12 16:33:00,NOAA-21,LAGOA DA CONFUSÃO,TOCANTINS,Brasil,1711902,17,33,69,0.0,1.0,Cerrado,21.5
18375ee5-8118-3331-a17c-56863e654a6f,  -5.249390, -42.854640,2026-07-12 16:33:00,NOAA-21,TIMON,MARANHÃO,Brasil,2112209,21,33,14,0.0,0.96,Cerrado,4.6
ed9c3e49-0cec-39f6-b163-5caf8590e7e0, -10.481760, -42.421940,2026-07-12 16:33:00,NOAA-21,XIQUE-XIQUE,BAHIA,Brasil,2933604,29,33,73,0.0,1.0,Caatinga,6.7
f87f5426-d20e-3d55-b4f1-8a38325213c4, -10.158460, -50.136590,2026-07-12 16:33:00,NOAA-21,PIUM,TOCANTINS,Brasil,1717503,17,33,6,0.23,1.0,Cerrado,31.2
b4c1426d-5506-3d4d-b183-732e54b62b1f,  -8.718670, -45.277610,2026-07-12 16:33:00,NOAA-21,BAIXA GRANDE DO RIBEIRO,PIAUÍ,Brasil,2201150,22,33,42,0.0,1.0,Cerrado,2.7
e329c4c4-af2e-38d2-99b4-2d0a768eb7bc, -10.810350, -50.045990,2026-07-12 16:33:00,NOAA-21,LAGOA DA CONFUSÃO,TOCANTINS,Brasil,1711902,17,33,0,0.0,1.0,Cerrado,9.5
e2b75ddb-aa3f-3878-adb4-5ac1a9a62862,  -6.452150, -42.823140,2026-07-12 16:33:00,NOAA-21,AMARANTE,PIAUÍ,Brasil,2200509,22,33,23,0.0,1.0,Caatinga,7.7
aee7a96f-d6aa-308b-bf39-9c332442da1b, -11.100730, -50.047560,2026-07-12 16:33:00,NOAA-21,LAGOA DA CONFUSÃO,TOCANTINS,Brasil,1711902,17,33,69,0.0,1.0,Cerrado,21.5
878cd14a-90af-3fb2-8dc1-f48e4875cab1, -10.232880, -46.827540,2026-07-12 16:33:00,NOAA-21,MATEIROS,TOCANTINS,Brasil,1712702,17,33,75,0.0,1.0,Cerrado,4.2
78794941-e779-3d17-8935-e07d906179d0,  -9.696790, -45.998410,2026-07-12 16:33:00,NOAA-21,ALTO PARNAÍBA,MARANHÃO,Brasil,2100501,21,33,67,0.0,1.0,Cerrado,3.7
2b156036-44eb-38da-a749-ec7d8f8a6dfe,  -8.062340, -45.385410,2026-07-12 16:33:00,NOAA-21,RIBEIRO GONÇALVES,PIAUÍ,Brasil,2208908,22,33,28,0.0,1.0,Cerrado,3.6
a4f1aba5-adab-33ab-94f6-aa8b94ab3242, -11.064930, -51.171350,2026-07-12 16:33:00,NOAA-21,LUCIARA,MATO GROSSO,Brasil,5105309,51,33,57,0.2,1.0,Cerrado,5.4
74a45528-7ae9-37ca-bc71-8ee9eb352cf6,  -6.451830, -42.843910,2026-07-12 16:33:00,NOAA-21,AMARANTE,PIAUÍ,Brasil,2200509,22,33,23,0.0,1.0,Caatinga,11.8
8f8392d6-4c25-3d5f-87f8-92abf8d981f5, -11.066090, -51.180150,2026-07-12 16:33:00,NOAA-21,LUCIARA,MATO GROSSO,Brasil,5105309,51,33,57,0.21,1.0,Cerrado,26.6
0430833f-7b1b-3cf1-9ec3-864cdb25b7d9,  -9.115430, -45.948070,2026-07-12 16:33:00,NOAA-21,ALTO PARNAÍBA,MARANHÃO,Brasil,2100501,21,33,59,0.0,1.0,Cerrado,2.7
c6b7c04c-0c28-35d5-9382-e6d316dca245, -10.815460, -50.052830,2026-07-12 16:33:00,NOAA-21,LAGOA DA CONFUSÃO,TOCANTINS,Brasil,1711902,17,33,1,0.0,1.0,Cerrado,3.7
04c59857-599a-3e8e-a74d-8826e76481ad,  -8.726240, -47.829880,2026-07-12 16:33:00,NOAA-21,ITACAJÁ,TOCANTINS,Brasil,1710508,17,33,24,0.0,1.0,Cerrado,8.3
ec0fe8de-9a0d-37c9-8868-fa5edc13f4f1, -10.039910, -47.742400,2026-07-12 16:33:00,NOAA-21,NOVO ACORDO,TOCANTINS,Brasil,1715101,17,33,76,0.0,1.0,Cerrado,7.0
0e0de165-0e5c-312d-a80a-68b2ca12e747,  -8.065650, -45.384900,2026-07-12 16:33:00,NOAA-21,BAIXA GRANDE DO RIBEIRO,PIAUÍ,Brasil,2201150,22,33,29,0.0,1.0,Cerrado,2.8
bdb4ccd3-ef3f-35b1-856e-ed9b500d7eb4, -10.163040, -50.139700,2026-07-12 16:33:00,NOAA-21,PIUM,TOCANTINS,Brasil,1717503,17,33,9,0.28,1.0,Cerrado,8.3
49f279cd-36cb-3d2d-a08a-8140d3ea9481, -10.503190, -50.137600,2026-07-12 16:33:00,NOAA-21,PIUM,TOCANTINS,Brasil,1717503,17,33,58,0.0,1.0,Cerrado,4.9
4f09a2de-6ddd-3c21-b12a-119683d9630f,  -4.526630, -40.845760,2026-07-12 16:33:00,NOAA-21,IPUEIRAS,CEARÁ,Brasil,2305902,23,33,3,0.0,1.0,Caatinga,10.2
ad0a34de-fe80-3264-b7af-ec68de7e304f,  -7.229320, -43.561880,2026-07-12 16:33:00,NOAA-21,JERUMENHA,PIAUÍ,Brasil,2205300,22,33,67,0.0,1.0,Caatinga,4.8
4a4c2412-1719-3086-a65b-699959f7dad1,  -5.978800, -43.618840,2026-07-12 16:33:00,NOAA-21,LAGOA DO MATO,MARANHÃO,Brasil,2105922,21,33,24,0.0,1.0,Cerrado,6.7
d6a687f4-af76-3a94-bfd5-9943f910a1f7,  -6.908650, -39.856330,2026-07-12 16:33:00,NOAA-21,ASSARÉ,CEARÁ,Brasil,2301604,23,33,14,0.0,1.0,Caatinga,7.4
63dd8a50-8261-3b4e-92c7-42a7000bedeb,  -7.169350, -43.378310,2026-07-12 16:33:00,NOAA-21,JERUMENHA,PIAUÍ,Brasil,2205300,22,33,3,0.0,1.0,Caatinga,3.3
6f7d0d86-1c61-34e3-800a-6334f3ef72b4, -11.069940, -51.175170,2026-07-12 16:33:00,NOAA-21,LUCIARA,MATO GROSSO,Brasil,5105309,51,33,57,0.25,1.0,Cerrado,26.6
c2472ed5-27b3-306c-8508-7264cbc06352,  -6.946070, -43.724930,2026-07-12 16:33:00,NOAA-21,GUADALUPE,PIAUÍ,Brasil,2204501,22,33,24,0.0,1.0,Cerrado,227.2
aac12c0c-6803-3dea-90cc-8a1f77be16bd, -11.094630, -50.033210,2026-07-12 16:33:00,NOAA-21,LAGOA DA CONFUSÃO,TOCANTINS,Brasil,1711902,17,33,69,0.0,1.0,Cerrado,13.0
e9b8d077-1022-3080-baec-8cb42b589a60,  -6.142950, -45.257140,2026-07-12 16:33:00,NOAA-21,FERNANDO FALCÃO,MARANHÃO,Brasil,2104081,21,33,23,0.0,0.98,Cerrado,2.3
311afbb5-0b7e-3c9c-b6d9-85e6af5cf1be,  -7.007060, -45.418210,2026-07-12 16:33:00,NOAA-21,SÃO RAIMUNDO DAS MANGABEIRAS,MARANHÃO,Brasil,2111607,21,33,49,0.0,1.0,Cerrado,3.4
14b1a1e7-c936-345e-aec4-2d0193d5d448, -10.488870, -50.124500,2026-07-12 16:33:00,NOAA-21,PIUM,TOCANTINS,Brasil,1717503,17,33,56,0.0,1.0,Cerrado,3.7
284b6f8e-4978-30aa-8373-de5c02b83db2, -10.272580, -50.061080,2026-07-12 16:33:00,NOAA-21,PIUM,TOCANTINS,Brasil,1717503,17,33,72,0.21,1.0,Cerrado,14.8
dbc69aeb-36b8-3050-b3af-427eb177bf5b, -10.229450, -46.828040,2026-07-12 16:33:00,NOAA-21,MATEIROS,TOCANTINS,Brasil,1712702,17,33,75,0.0,1.0,Cerrado,4.2
8a75c103-eb99-3671-88aa-5da44cb82583, -10.260870, -50.066370,2026-07-12 16:33:00,NOAA-21,PIUM,TOCANTINS,Brasil,1717503,17,33,73,0.29,1.0,Cerrado,13.6
1872b780-ae6f-3ae4-bf0c-51de64148504,  -6.455380, -42.843340,2026-07-12 16:33:00,NOAA-21,AMARANTE,PIAUÍ,Brasil,2200509,22,33,24,0.0,1.0,Caatinga,11.8
9ff33a93-ae35-3ecb-a4cb-27b345725488, -11.349180, -50.458770,2026-07-12 16:33:00,NOAA-21,LAGOA DA CONFUSÃO,TOCANTINS,Brasil,1711902,17,33,50,0.0,0.96,Cerrado,4.4
26f3b950-325f-3c41-9a8f-ca8d6d2e5620, -10.787600, -46.694220,2026-07-12 16:33:00,NOAA-21,MATEIROS,TOCANTINS,Brasil,1712702,17,33,50,0.0,1.0,Cerrado,5.5
255c3221-a856-3f58-babe-4dfa81a04672, -10.792130, -46.701240,2026-07-12 16:33:00,NOAA-21,MATEIROS,TOCANTINS,Brasil,1712702,17,33,50,0.0,1.0,Cerrado,19.5
7f759ec7-652a-3d62-8a08-7341b9053592,  -8.519550, -47.533180,2026-07-12 16:33:00,NOAA-21,ITACAJÁ,TOCANTINS,Brasil,1710508,17,33,22,0.0,1.0,Cerrado,2.6
b06eb70f-5fd5-32e6-94d1-9843c9e8d25a,  -9.695200, -45.987760,2026-07-12 16:33:00,NOAA-21,ALTO PARNAÍBA,MARANHÃO,Brasil,2100501,21,33,70,0.0,1.0,Cerrado,9.3
b2582eb9-871f-3c67-8569-21213bad908f, -10.170640, -50.164830,2026-07-12 16:33:00,NOAA-21,PIUM,TOCANTINS,Brasil,1717503,17,33,15,0.51,1.0,Cerrado,3.9
33056908-f426-3c6d-8f93-54e22b8c6977, -10.428520, -49.988290,2026-07-12 16:33:00,NOAA-21,PIUM,TOCANTINS,Brasil,1717503,17,33,67,0.0,1.0,Cerrado,8.0
e0c1de7b-1e40-3d62-983e-c77274d26fe1, -10.100470, -45.769100,2026-07-12 16:33:00,NOAA-21,BARREIRAS DO PIAUÍ,PIAUÍ,Brasil,2201309,22,33,82,0.0,1.0,Cerrado,1.2
7daebcb8-bd20-35eb-b574-3bf124c96c7f,  -8.287390, -39.764880,2026-07-12 16:33:00,NOAA-21,PARNAMIRIM,PERNAMBUCO,Brasil,2610400,26,33,53,0.0,1.0,Caatinga,0.4
ae08b4df-0a22-3307-a61f-af44e76fd8d0, -10.239180, -46.822750,2026-07-12 16:33:00,NOAA-21,MATEIROS,TOCANTINS,Brasil,1712702,17,33,73,0.0,1.0,Cerrado,4.1
9bfc80e4-31df-3629-80e8-ceebecaedc2d, -10.244090, -50.064960,2026-07-12 16:33:00,NOAA-21,PIUM,TOCANTINS,Brasil,1717503,17,33,69,0.3,1.0,Cerrado,22.1
f8a5bf3f-0bc0-3e93-a40b-ccaeb8a9db6c, -10.088740, -45.781750,2026-07-12 16:33:00,NOAA-21,BARREIRAS DO PIAUÍ,PIAUÍ,Brasil,2201309,22,33,83,0.0,1.0,Cerrado,6.9
1fe8fcd1-87f0-33ea-99ad-c91ddb2f1493,  -5.466640, -41.286450,2026-07-12 16:33:00,NOAA-21,SÃO MIGUEL DO TAPUIO,PIAUÍ,Brasil,2210409,22,33,15,0.0,1.0,Caatinga,18.5
5f7680b7-aca3-3b2d-9665-ea7e502ca9d5,  -6.855580, -43.616910,2026-07-12 16:33:00,NOAA-21,GUADALUPE,PIAUÍ,Brasil,2204501,22,33,24,0.0,1.0,Cerrado,4.8
033b0101-578d-336b-9319-5864a53fdcfb,  -7.170530, -43.385890,2026-07-12 16:33:00,NOAA-21,JERUMENHA,PIAUÍ,Brasil,2205300,22,33,3,0.0,1.0,Caatinga,1.6
9ecf9da5-8ef5-377e-aef3-61b1afff21dc,  -6.708240, -45.063800,2026-07-12 16:33:00,NOAA-21,MIRADOR,MARANHÃO,Brasil,2106706,21,33,3,0.0,1.0,Cerrado,4.0
c7f2d6fd-ed33-3027-ae3b-d8a01c6c3ee8, -11.340840, -50.458810,2026-07-12 16:33:00,NOAA-21,LAGOA DA CONFUSÃO,TOCANTINS,Brasil,1711902,17,33,50,0.0,0.99,Cerrado,21.3
f56bf400-72c3-3501-9b27-f534e01499b9,  -5.889600, -46.834300,2026-07-12 16:33:00,NOAA-21,AMARANTE DO MARANHÃO,MARANHÃO,Brasil,2100600,21,33,16,0.0,1.0,Cerrado,6.5
5c7fbd35-f63b-3ede-a2ae-dc1a7a07ad6f, -10.363780, -46.170150,2026-07-12 16:33:00,NOAA-21,MATEIROS,TOCANTINS,Brasil,1712702,17,33,50,0.0,1.0,Cerrado,17.0
7bca6639-3095-30bf-8c68-573285861397,  -7.017760, -45.958470,2026-07-12 16:33:00,NOAA-21,FORTALEZA DOS NOGUEIRAS,MARANHÃO,Brasil,2104107,21,33,51,0.0,1.0,Cerrado,4.2
d91f7253-61e3-30ed-b8de-2f0bcdb85c4e,  -5.858520, -47.008740,2026-07-12 16:33:00,NOAA-21,MONTES ALTOS,MARANHÃO,Brasil,2107001,21,33,4,0.0,1.0,Cerrado,2.4
da34214f-e598-303d-9a38-86af0bb35f9d,  -9.695890, -36.889360,2026-07-12 16:33:00,NOAA-21,GIRAU DO PONCIANO,ALAGOAS,Brasil,2702900,27,33,13,0.0,1.0,Caatinga,12.6
7d2d6fa3-5add-38e4-ba65-b394483fc040, -10.280220, -50.056340,2026-07-12 16:33:00,NOAA-21,PIUM,TOCANTINS,Brasil,1717503,17,33,71,0.17,1.0,Cerrado,13.4
adf0337e-ad74-3703-8876-dd99b1608d1f, -10.256800, -50.066930,2026-07-12 16:33:00,NOAA-21,PIUM,TOCANTINS,Brasil,1717503,17,33,73,0.33,1.0,Cerrado,36.0
3ba1b538-45ab-38d6-bb2c-33ac21c51fe0,  -8.094490, -47.096830,2026-07-12 16:33:00,NOAA-21,GOIATINS,TOCANTINS,Brasil,1709005,17,33,17,0.0,1.0,Cerrado,24.2
73176cea-b4c8-3b5e-8321-32d3eec23d1b,  -9.656390, -45.751330,2026-07-12 16:33:00,NOAA-21,GILBUÉS,PIAUÍ,Brasil,2204402,22,33,83,0.0,1.0,Cerrado,14.4
98ac5aaf-964a-3493-8999-dbe6046816a2, -10.868780, -50.444780,2026-07-12 16:33:00,NOAA-21,LAGOA DA CONFUSÃO,TOCANTINS,Brasil,1711902,17,33,56,0.0,1.0,Cerrado,4.7
bfbd6e86-6c39-3cc9-a630-0c6660e20e37,  -8.051630, -46.923620,2026-07-12 16:33:00,NOAA-21,CAMPOS LINDOS,TOCANTINS,Brasil,1703842,17,33,17,0.0,0.99,Cerrado,3.5
573b8ecf-4b70-3bb6-bc4d-e210b3094f6e,  -6.451180, -42.839870,2026-07-12 16:33:00,NOAA-21,AMARANTE,PIAUÍ,Brasil,2200509,22,33,23,0.0,1.0,Caatinga,11.8
8fdd7e64-b20c-378b-9722-8df520409099,  -9.653060, -45.751840,2026-07-12 16:33:00,NOAA-21,GILBUÉS,PIAUÍ,Brasil,2204402,22,33,83,0.0,1.0,Cerrado,5.2
f9a2552f-7fa2-3334-bd03-32dc5634e476,  -7.221870, -43.559200,2026-07-12 16:33:00,NOAA-21,JERUMENHA,PIAUÍ,Brasil,2205300,22,33,63,0.0,1.0,Caatinga,10.3
cea89896-2fd3-346c-86db-aba78848c34b, -10.804250, -50.031800,2026-07-12 16:33:00,NOAA-21,LAGOA DA CONFUSÃO,TOCANTINS,Brasil,1711902,17,33,0,0.0,1.0,Cerrado,10.7
6869845e-f9e5-36c1-844b-f702a35abf89,  -8.476840, -47.531670,2026-07-12 16:33:00,NOAA-21,GOIATINS,TOCANTINS,Brasil,1709005,17,33,13,0.0,1.0,Cerrado,20.2
6a620d18-a1ff-3fce-80a6-0578d28fee31,  -9.987290, -45.760970,2026-07-12 16:33:00,NOAA-21,BARREIRAS DO PIAUÍ,PIAUÍ,Brasil,2201309,22,33,83,0.0,1.0,Cerrado,6.5
786224bf-c4d1-3bad-8981-711f0d7108a8, -10.807260, -50.053940,2026-07-12 16:33:00,NOAA-21,LAGOA DA CONFUSÃO,TOCANTINS,Brasil,1711902,17,33,2,0.0,1.0,Cerrado,9.7
8182c9b8-3a27-3411-94bb-6efaef3bf923,  -6.945490, -43.721210,2026-07-12 16:33:00,NOAA-21,GUADALUPE,PIAUÍ,Brasil,2204501,22,33,24,0.0,1.0,Cerrado,227.2
40cb5f57-2753-36e6-a1b4-b7d03775ede6,  -5.098210, -42.876670,2026-07-12 16:33:00,NOAA-21,TIMON,MARANHÃO,Brasil,2112209,21,33,14,0.0,1.0,Cerrado,4.5
03513028-be67-3ef3-83df-e314b37d5ba7, -10.252730, -50.067480,2026-07-12 16:33:00,NOAA-21,PIUM,TOCANTINS,Brasil,1717503,17,33,72,0.35,1.0,Cerrado,36.0
acab6ca3-9b8e-395b-8c26-92a9a6b777c5, -11.411440, -50.569550,2026-07-12 16:33:00,NOAA-21,LAGOA DA CONFUSÃO,TOCANTINS,Brasil,1711902,17,33,50,0.0,1.0,Cerrado,15.3
d55b6dc6-360c-3c8c-bc44-d227b4f1a5e8, -10.247670, -50.060780,2026-07-12 16:33:00,NOAA-21,PIUM,TOCANTINS,Brasil,1717503,17,33,71,0.22,1.0,Cerrado,4.0
e6501ac7-588d-3188-97b8-fcc567fd5986, -10.292640, -48.336390,2026-07-12 16:33:00,NOAA-21,PALMAS,TOCANTINS,Brasil,1721000,17,33,22,0.23,1.0,Cerrado,8.2
8f9b5105-7341-3b4b-9463-3ddbaebf9830, -11.100240, -50.043830,2026-07-12 16:33:00,NOAA-21,LAGOA DA CONFUSÃO,TOCANTINS,Brasil,1711902,17,33,69,0.0,1.0,Cerrado,21.5
bc7d4a5c-9dff-3353-8a48-ce9e4c9fe45f, -10.478070, -50.137260,2026-07-12 16:33:00,NOAA-21,PIUM,TOCANTINS,Brasil,1717503,17,33,56,0.0,1.0,Cerrado,11.4
81107d1e-b93b-3735-a9c6-6e4576144f5e, -10.784170, -46.694730,2026-07-12 16:33:00,NOAA-21,MATEIROS,TOCANTINS,Brasil,1712702,17,33,50,0.0,1.0,Cerrado,36.1
c28feeaf-1aab-3115-bd50-749b2a5cfbbc,  -6.216150, -39.351980,2026-07-12 16:33:00,NOAA-21,ACOPIARA,CEARÁ,Brasil,2300309,23,33,11,0.0,0.99,Caatinga,3.2
a38ef3fd-697a-35ab-8cf1-7b54a25bb94a, -11.448480, -47.562430,2026-07-12 16:33:00,NOAA-21,NATIVIDADE,TOCANTINS,Brasil,1714203,17,33,50,0.0,0.98,Cerrado,2.4
d8ead0df-7337-3d57-be2d-b110afa2e730,  -8.638530, -45.825110,2026-07-12 16:33:00,NOAA-21,TASSO FRAGOSO,MARANHÃO,Brasil,2112001,21,33,15,0.0,1.0,Cerrado,15.5
b8a4a5b7-16fc-3e5b-ab3f-491dd4e4cd31,  -7.698080, -45.560670,2026-07-12 16:33:00,NOAA-21,SAMBAÍBA,MARANHÃO,Brasil,2109700,21,33,76,0.0,0.99,Cerrado,3.7
87292fb8-ffd2-3805-9916-319098aea6c4, -10.810860, -50.049690,2026-07-12 16:33:00,NOAA-21,LAGOA DA CONFUSÃO,TOCANTINS,Brasil,1711902,17,33,0,0.0,1.0,Cerrado,9.5
aaa13e1a-3dc7-34cb-ae87-33966053377f,  -9.637650, -45.739770,2026-07-12 16:33:00,NOAA-21,GILBUÉS,PIAUÍ,Brasil,2204402,22,33,83,0.0,1.0,Cerrado,5.1
af06c562-3df5-3d4b-8714-46cc43461129,  -5.395050, -48.935220,2026-07-12 16:33:00,NOAA-21,SÃO JOÃO DO ARAGUAIA,PARÁ,Brasil,1507508,15,33,4,0.0,1.0,Amazônia,6.8
009c1fb5-9f64-3c33-8d0d-b7f857fe6671,  -9.112100, -45.948580,2026-07-12 16:33:00,NOAA-21,ALTO PARNAÍBA,MARANHÃO,Brasil,2100501,21,33,56,0.0,1.0,Cerrado,5.1
278f4f37-bf7d-3601-b5f7-4730a40588c7,  -7.253810, -43.695230,2026-07-12 16:33:00,NOAA-21,JERUMENHA,PIAUÍ,Brasil,2205300,22,33,76,0.0,1.0,Cerrado,3.4
536633b1-d659-3cf6-a184-5569f26560b5,  -9.991680, -45.767550,2026-07-12 16:33:00,NOAA-21,BARREIRAS DO PIAUÍ,PIAUÍ,Brasil,2201309,22,33,83,0.0,1.0,Cerrado,4.6
ac6eda9e-7d7c-3714-b13e-f3611138bcff,  -8.817600, -37.349250,2026-07-12 16:33:00,NOAA-21,TUPANATINGA,PERNAMBUCO,Brasil,2615805,26,33,10,0.0,1.0,Caatinga,6.8
314474f1-9458-3858-93f0-8fbd28e9c2a0,  -7.169940, -43.382100,2026-07-12 16:33:00,NOAA-21,JERUMENHA,PIAUÍ,Brasil,2205300,22,33,3,0.0,1.0,Caatinga,3.3
b5194183-2eb2-3fa8-8cf8-cfe92542e767, -10.240520, -50.069150,2026-07-12 16:33:00,NOAA-21,PIUM,TOCANTINS,Brasil,1717503,17,33,66,0.35,1.0,Cerrado,22.7
44364d63-8482-37c8-ac99-15e5f20d0843, -11.151480, -50.594570,2026-07-12 16:33:00,NOAA-21,LAGOA DA CONFUSÃO,TOCANTINS,Brasil,1711902,17,33,66,0.0,1.0,Cerrado,2.8
35a32163-29cd-3f66-8632-c739c800fd13,  -6.015160, -47.816750,2026-07-12 16:33:00,NOAA-21,SÃO BENTO DO TOCANTINS,TOCANTINS,Brasil,1720101,17,33,39,0.0,1.0,Cerrado,7.7
4b104902-186e-3dd0-8221-84cb3a85223d, -10.477570, -50.133560,2026-07-12 16:33:00,NOAA-21,PIUM,TOCANTINS,Brasil,1717503,17,33,56,0.0,1.0,Cerrado,12.6
7f1cc159-ce73-399d-8b47-5d4ef94d64a0, -11.449080, -47.566600,2026-07-12 16:33:00,NOAA-21,NATIVIDADE,TOCANTINS,Brasil,1714203,17,33,49,0.0,0.99,Cerrado,3.2
dc38fda1-d461-38a6-af5a-fa4a5711d759,  -6.942070, -43.721760,2026-07-12 16:33:00,NOAA-21,GUADALUPE,PIAUÍ,Brasil,2204501,22,33,24,0.0,1.0,Cerrado,25.3
24d8321d-8865-3f02-bfed-6214043ac348, -11.378750, -47.832460,2026-07-12 16:33:00,NOAA-21,CHAPADA DA NATIVIDADE,TOCANTINS,Brasil,1705102,17,33,50,0.0,1.0,Cerrado,4.9
146acbb6-c7f7-319b-8895-78c256cf81b3,  -8.589880, -39.547470,2026-07-12 16:33:00,NOAA-21,OROCÓ,PERNAMBUCO,Brasil,2609808,26,33,64,0.0,1.0,Caatinga,4.1
97515a86-9a54-30e7-9ff8-85614551940a,  -6.859010, -43.616380,2026-07-12 16:33:00,NOAA-21,GUADALUPE,PIAUÍ,Brasil,2204501,22,33,24,0.0,1.0,Cerrado,4.8
bb8e8ff4-2a3e-39ec-b328-e5019041d8df,  -8.055550, -46.926750,2026-07-12 16:33:00,NOAA-21,CAMPOS LINDOS,TOCANTINS,Brasil,1703842,17,33,16,0.0,1.0,Cerrado,7.3
a869001e-3346-3c95-82d0-1ac60d64c2f9,  -8.867920, -46.718530,2026-07-12 16:33:00,NOAA-21,BALSAS,MARANHÃO,Brasil,2101400,21,33,81,0.0,1.0,Cerrado,26.4
34872023-b6b8-30a1-b2ec-d4f53a82ef51, -11.410430, -41.472270,2026-07-12 16:33:00,NOAA-21,AMÉRICA DOURADA,BAHIA,Brasil,2901155,29,33,50,0.0,1.0,Caatinga,4.0
9c73fe88-332f-3fff-a0d3-aea18ffb3601, -11.112920, -50.591330,2026-07-12 16:33:00,NOAA-21,LAGOA DA CONFUSÃO,TOCANTINS,Brasil,1711902,17,33,68,0.0,1.0,Cerrado,9.1
2ab860e0-40ce-3dd4-b786-b591df8eb852, -10.374410, -46.172290,2026-07-12 16:33:00,NOAA-21,MATEIROS,TOCANTINS,Brasil,1712702,17,33,51,0.0,1.0,Cerrado,4.7
617046d5-5148-339b-a3eb-83cb3d332f67, -10.566680, -38.448660,2026-07-12 16:33:00,NOAA-21,CÍCERO DANTAS,BAHIA,Brasil,2907806,29,33,12,0.0,1.0,Caatinga,11.0
5bb27a4f-a33a-368b-8e33-3a3effe22e30,  -7.727290, -51.168320,2026-07-12 16:33:00,NOAA-21,CUMARU DO NORTE,PARÁ,Brasil,1502764,15,33,16,6.2,0.42,Amazônia,7.0
79233194-7706-34d5-a206-d2733a584c02, -10.268510, -50.061630,2026-07-12 16:33:00,NOAA-21,PIUM,TOCANTINS,Brasil,1717503,17,33,72,0.22,1.0,Cerrado,14.8
f75273ea-0b55-3ab5-917f-3d0f5ac1cd51, -10.473470, -50.134120,2026-07-12 16:33:00,NOAA-21,PIUM,TOCANTINS,Brasil,1717503,17,33,56,0.0,1.0,Cerrado,8.0
570c109b-77c4-3ea7-aaf9-f9b3bac067bb, -10.284550, -46.368410,2026-07-12 16:33:00,NOAA-21,MATEIROS,TOCANTINS,Brasil,1712702,17,33,82,0.0,1.0,Cerrado,9.7
5ceffe2a-75bf-35c8-89b7-d5e59f153890, -10.482670, -50.140400,2026-07-12 16:33:00,NOAA-21,PIUM,TOCANTINS,Brasil,1717503,17,33,57,0.0,1.0,Cerrado,11.4
f1815f87-f253-3af1-a89b-a048003a0301, -10.100330, -45.790890,2026-07-12 16:33:00,NOAA-21,BARREIRAS DO PIAUÍ,PIAUÍ,Brasil,2201309,22,33,83,0.0,1.0,Cerrado,8.9
58b9b45c-5818-386b-a245-3d1d0f6ad37b, -11.099740, -50.040100,2026-07-12 16:33:00,NOAA-21,LAGOA DA CONFUSÃO,TOCANTINS,Brasil,1711902,17,33,69,0.0,1.0,Cerrado,91.7
0333a0ea-19c9-38df-8755-9983772fea2b,  -7.061190, -43.321280,2026-07-12 16:33:00,NOAA-21,FLORIANO,PIAUÍ,Brasil,2203909,22,33,21,0.0,1.0,Caatinga,7.5
b0715ea9-8770-388c-8e69-bef4d7404aad, -11.407160, -50.570120,2026-07-12 16:33:00,NOAA-21,LAGOA DA CONFUSÃO,TOCANTINS,Brasil,1711902,17,33,49,0.0,1.0,Cerrado,15.3
5ed3436f-f5c0-3d64-b8f5-e35fbe91ebc5, -10.159460, -50.143920,2026-07-12 16:33:00,NOAA-21,PIUM,TOCANTINS,Brasil,1717503,17,33,6,0.26,1.0,Cerrado,9.5
441756b7-fab6-3658-91f9-d40a38616956,  -6.376220, -51.303440,2026-07-12 16:33:00,NOAA-21,SÃO FÉLIX DO XINGU,PARÁ,Brasil,1507300,15,33,2,0.0,1.0,Amazônia,176.4
d8609ece-12ad-33ee-98af-7fb14667a793,  -7.219040, -43.563490,2026-07-12 16:33:00,NOAA-21,JERUMENHA,PIAUÍ,Brasil,2205300,22,33,62,0.0,1.0,Caatinga,2.9
0c68fbf5-5e1b-31b6-85f7-86cb5040902d, -10.235200, -46.819480,2026-07-12 16:33:00,NOAA-21,MATEIROS,TOCANTINS,Brasil,1712702,17,33,73,0.0,1.0,Cerrado,4.1
c61d31d1-bdfb-373c-8d1f-49da85c0fc2f, -11.340290, -50.454810,2026-07-12 16:33:00,NOAA-21,LAGOA DA CONFUSÃO,TOCANTINS,Brasil,1711902,17,33,50,0.0,0.98,Cerrado,25.4
71b5d1b1-d64d-3518-8be3-57ba0e276901, -10.288980, -48.336920,2026-07-12 16:33:00,NOAA-21,PALMAS,TOCANTINS,Brasil,1721000,17,33,22,0.21,-999.0,Cerrado,8.2
e87ff7df-c2b2-33a9-a77e-587f17deabcd, -10.162050, -50.132380,2026-07-12 16:33:00,NOAA-21,PIUM,TOCANTINS,Brasil,1717503,17,33,8,0.27,1.0,Cerrado,27.4
2694bede-6a16-362c-b2da-ffbbb0b6a3dd,  -7.916310, -48.254610,2026-07-12 16:33:00,NOAA-21,PALMEIRANTE,TOCANTINS,Brasil,1715705,17,33,24,0.0,1.0,Cerrado,16.8
75438500-3a7e-3e45-af5f-a38071f749a3,  -9.501540, -46.901410,2026-07-12 16:33:00,NOAA-21,LIZARDA,TOCANTINS,Brasil,1712405,17,33,48,0.0,1.0,Cerrado,4.3
e4c4c458-c65b-314a-a0cb-e10787cca4ce, -10.472970, -50.130420,2026-07-12 16:33:00,NOAA-21,PIUM,TOCANTINS,Brasil,1717503,17,33,56,0.0,1.0,Cerrado,8.0
5395670a-b6a1-30e9-8194-622c5e26675c,  -6.161390, -45.242870,2026-07-12 16:33:00,NOAA-21,FERNANDO FALCÃO,MARANHÃO,Brasil,2104081,21,33,24,0.0,1.0,Cerrado,2.1
a8030995-5cf6-3b08-a742-b5d3877aa872, -10.424750, -49.988050,2026-07-12 16:33:00,NOAA-21,PIUM,TOCANTINS,Brasil,1717503,17,33,67,0.0,1.0,Cerrado,5.4
7584b94e-71d5-3016-9260-7215263977f6, -11.887920, -43.826470,2026-07-12 16:33:00,NOAA-21,WANDERLEY,BAHIA,Brasil,2933455,29,33,47,0.0,1.0,Cerrado,3.1
e2e01fbb-e8a9-3070-816c-73c5e493ca74, -10.484770, -50.125060,2026-07-12 16:33:00,NOAA-21,PIUM,TOCANTINS,Brasil,1717503,17,33,56,0.0,1.0,Cerrado,3.7
1dd84273-ca2c-3cec-9132-ce8c52dd05d5,  -7.069330, -43.327840,2026-07-12 16:33:00,NOAA-21,JERUMENHA,PIAUÍ,Brasil,2205300,22,33,19,0.0,1.0,Caatinga,8.7
1b98e0ee-8c68-3eb6-97da-e38ccef33e50, -10.804750, -50.035480,2026-07-12 16:33:00,NOAA-21,LAGOA DA CONFUSÃO,TOCANTINS,Brasil,1711902,17,33,0,0.0,1.0,Cerrado,10.7
36a126e1-0748-3d48-9a5a-f07a06d2cc4b, -10.166550, -50.165380,2026-07-12 16:33:00,NOAA-21,PIUM,TOCANTINS,Brasil,1717503,17,33,12,0.47,1.0,Cerrado,3.9
fa116c25-45a7-31b9-a5cc-fcd7ec6c3288, -10.622970, -49.325390,2026-07-12 16:33:00,NOAA-21,CRISTALÂNDIA,TOCANTINS,Brasil,1706100,17,33,11,0.0,1.0,Cerrado,6.8
21183bdf-c6b4-3d98-b8d4-435878a13bf3, -10.477660, -42.418610,2026-07-12 16:33:00,NOAA-21,XIQUE-XIQUE,BAHIA,Brasil,2933604,29,33,72,0.0,1.0,Caatinga,59.1
85f19f13-235a-3204-98e1-d5f9c0c573e8,  -8.066180, -45.388370,2026-07-12 16:33:00,NOAA-21,RIBEIRO GONÇALVES,PIAUÍ,Brasil,2208908,22,33,29,0.0,1.0,Cerrado,2.9
26364cc9-fd7d-3e9c-bc38-b7ee05fcaa01,  -8.708350, -39.785840,2026-07-12 16:33:00,NOAA-21,SANTA MARIA DA BOA VISTA,PERNAMBUCO,Brasil,2612604,26,33,63,0.0,1.0,Caatinga,3.4
8d24b656-9f4b-3cc5-9b3f-8158c4c30e8c,  -7.225890, -43.562420,2026-07-12 16:33:00,NOAA-21,JERUMENHA,PIAUÍ,Brasil,2205300,22,33,65,0.0,1.0,Caatinga,4.8
b888d686-6379-3141-b6f1-8478f44500ad, -11.112370, -50.587290,2026-07-12 16:33:00,NOAA-21,LAGOA DA CONFUSÃO,TOCANTINS,Brasil,1711902,17,33,68,0.0,1.0,Cerrado,9.1
34963ea8-d740-3247-aeb7-dbcc05941540, -10.163550, -50.143370,2026-07-12 16:33:00,NOAA-21,PIUM,TOCANTINS,Brasil,1717503,17,33,9,0.32,1.0,Cerrado,6.2
8a6b746c-a67e-38a0-8127-2c46c5b4251f, -10.479880, -40.413110,2026-07-12 16:33:00,NOAA-21,CAMPO FORMOSO,BAHIA,Brasil,2906006,29,33,14,0.0,1.0,Caatinga,8.8
28520ab8-060a-3e5c-ad89-e35e096f70c6,  -8.047010, -46.939280,2026-07-12 16:33:00,NOAA-21,CAMPOS LINDOS,TOCANTINS,Brasil,1703842,17,33,16,0.0,1.0,Cerrado,5.8
2bdd5324-7ff5-3835-9873-4a8a80bc71b4, -10.498080, -50.130780,2026-07-12 16:33:00,NOAA-21,PIUM,TOCANTINS,Brasil,1717503,17,33,57,0.0,1.0,Cerrado,4.0
c323d3ef-d257-363b-bd31-ae8d364fead2,  -7.057730, -43.321830,2026-07-12 16:33:00,NOAA-21,JERUMENHA,PIAUÍ,Brasil,2205300,22,33,22,0.0,1.0,Caatinga,7.5
9c51c2fa-1831-3ea0-b452-ffb9e5e4e288,  -6.559260, -55.157970,2026-07-12 16:33:00,NOAA-21,ALTAMIRA,PARÁ,Brasil,1500602,15,33,2,0.0,0.34,Amazônia,7.1
1feabe47-133c-3943-90de-e1c8d66cd410, -10.873000, -50.444220,2026-07-12 16:33:00,NOAA-21,LAGOA DA CONFUSÃO,TOCANTINS,Brasil,1711902,17,33,57,0.0,1.0,Cerrado,4.7
9cb888c9-dcae-3bb7-9e04-3d4f8db05447, -12.630110, -47.568550,2026-07-12 16:33:00,NOAA-21,PARANÃ,TOCANTINS,Brasil,1716208,17,33,84,0.0,1.0,Cerrado,6.6
d6d2ed89-b6d0-3ae2-ba31-66ef4e46298d,  -3.926780, -41.615450,2026-07-12 16:35:00,NOAA-21,PIRACURUCA,PIAUÍ,Brasil,2208304,22,33,4,0.11,0.82,Caatinga,7.1
dcfd46d0-7bd1-312a-926e-f1e21dfac37e,  -3.170190, -45.062180,2026-07-12 16:35:00,NOAA-21,VIANA,MARANHÃO,Brasil,2112803,21,33,4,0.0,0.67,Amazônia,8.4
b172464b-1075-3946-9d07-c853f3162527,  -3.106260, -42.668260,2026-07-12 16:35:00,NOAA-21,TUTÓIA,MARANHÃO,Brasil,2112506,21,33,4,0.0,0.24,Cerrado,17.0
eeed437c-d884-3607-81a3-a4c6aa069906,  -2.174950, -47.119400,2026-07-12 16:35:00,NOAA-21,GARRAFÃO DO NORTE,PARÁ,Brasil,1503077,15,33,3,0.2,0.05,Amazônia,3.1
aabc7a16-717c-3128-8a10-02512f4e7c36,  -3.169600, -42.696110,2026-07-12 16:35:00,NOAA-21,TUTÓIA,MARANHÃO,Brasil,2112506,21,33,4,0.0,0.26,Cerrado,9.3
aa5f8e89-9e0e-3c0b-8714-0540890c1929,  -3.180920, -42.597870,2026-07-12 16:35:00,NOAA-21,SANTANA DO MARANHÃO,MARANHÃO,Brasil,2110237,21,33,4,0.0,0.4,Cerrado,6.7
0b85fd09-d1aa-32a3-aff3-27557faeb1b2,   5.703170, -61.724390,2026-07-12 16:35:00,NOAA-21,Gran Sabana,Bolívar,Venezuela,71,6,249,0,5.44,0.0,,27.6
491abd4c-58ad-310a-8bbd-c7c3e9c23134,  -5.296640, -49.100380,2026-07-12 16:35:00,NOAA-21,MARABÁ,PARÁ,Brasil,1504208,15,33,2,0.0,1.0,Amazônia,7.0
e758e04e-d7d5-3624-91a7-2b4294c0d3e8,  -1.377230, -55.926420,2026-07-12 16:35:00,NOAA-21,ORIXIMINÁ,PARÁ,Brasil,1505304,15,33,2,0.3,-999.0,Amazônia,3.8
3556c374-7a7f-3405-975f-9720e392ae95,  -2.896030, -42.116870,2026-07-12 16:35:00,NOAA-21,ÁGUA DOCE DO MARANHÃO,MARANHÃO,Brasil,2100154,21,33,-999,0.0,0.2,Cerrado,90.1
4c6d1494-3d6a-3960-8c39-5368f4c39546,  -3.040430, -42.894790,2026-07-12 16:35:00,NOAA-21,BARREIRINHAS,MARANHÃO,Brasil,2101707,21,33,4,0.0,0.23,Cerrado,6.3
d783d0e5-7edc-33ee-8397-de2c95d273e3,  -2.952700, -42.528020,2026-07-12 16:35:00,NOAA-21,TUTÓIA,MARANHÃO,Brasil,2112506,21,33,-999,0.0,0.21,Cerrado,6.7
c3b03c83-7257-34e7-979c-bf0ad79950fa,  -3.153410, -45.199750,2026-07-12 16:35:00,NOAA-21,VIANA,MARANHÃO,Brasil,2112803,21,33,3,0.0,0.88,Amazônia,8.4
f9c33f46-f2a5-3c45-9167-c881857cffdd,  -3.317090, -48.817410,2026-07-12 16:35:00,NOAA-21,TAILÂNDIA,PARÁ,Brasil,1507953,15,33,10,0.0,0.45,Amazônia,5.9
f6d6cf8e-33f0-39a0-9929-e5be75dc45e7,  -2.553560, -48.499920,2026-07-12 16:35:00,NOAA-21,ACARÁ,PARÁ,Brasil,1500206,15,33,2,0.0,0.1,Amazônia,6.9
289752b3-86bd-3785-aa9d-cb46dc50d36d,  -3.398240, -59.741790,2026-07-12 16:35:00,NOAA-21,CAREIRO,AMAZONAS,Brasil,1301100,13,33,5,0.0,0.23,Amazônia,5.6
3b4678ec-c15b-3896-ad66-a3eed311c5a6,  -1.213250, -49.298910,2026-07-12 16:35:00,NOAA-21,MUANÁ,PARÁ,Brasil,1504901,15,33,2,0.3,0.03,Amazônia,3.5
afee0650-e125-3156-a538-21b5a8fbd6ad,  -2.728960, -48.686670,2026-07-12 16:35:00,NOAA-21,TAILÂNDIA,PARÁ,Brasil,1507953,15,33,4,0.37,0.14,Amazônia,4.9
7b7d5440-5682-3493-a443-201e8c6321d9,  -3.181620, -42.602370,2026-07-12 16:35:00,NOAA-21,SANTANA DO MARANHÃO,MARANHÃO,Brasil,2110237,21,33,4,0.0,0.35,Cerrado,6.7
3bd92d72-7500-3129-9eb6-f16521db332b,  -1.309940, -56.083840,2026-07-12 16:35:00,NOAA-21,ORIXIMINÁ,PARÁ,Brasil,1505304,15,33,2,0.35,0.08,Amazônia,4.1
12836124-52f6-3bea-9835-3b09a41ec7a1,   5.804230, -61.557940,2026-07-12 16:35:00,NOAA-21,Gran Sabana,Bolívar,Venezuela,71,6,249,0,1.09,0.0,,38.3
df37cd2b-cc47-3b5e-b221-e5bbc46dfbb7,  -4.414160, -56.157790,2026-07-12 16:35:00,NOAA-21,ITAITUBA,PARÁ,Brasil,1503606,15,33,2,0.0,0.29,Amazônia,5.5
f117bb4a-4eb4-3bdc-96b4-8464f4ddd3b1,  -1.681210, -45.483760,2026-07-12 16:35:00,NOAA-21,TURIAÇU,MARANHÃO,Brasil,2112407,21,33,3,0.48,0.03,Amazônia,3.6
41abf6a8-24c0-33b0-be03-365c95f17bd2,  -1.588630, -48.358950,2026-07-12 16:35:00,NOAA-21,ACARÁ,PARÁ,Brasil,1500206,15,33,3,0.0,0.01,Amazônia,5.0
4d9b351c-37de-33c9-94f6-b8d9484ccbcc,  -2.954390, -40.172020,2026-07-12 16:35:00,NOAA-21,ACARAÚ,CEARÁ,Brasil,2300200,23,33,-999,0.0,0.49,Caatinga,6.3
8e8dba35-397f-348e-b0cb-4dd3641a54c6,  -2.895720, -41.935910,2026-07-12 16:35:00,NOAA-21,ARAIOSES,MARANHÃO,Brasil,2100907,21,33,-999,0.0,0.19,Caatinga,10.3
c49201be-7b5c-3ce8-8ddd-7c1e6ba33f18,  -3.535910, -45.788790,2026-07-12 16:35:00,NOAA-21,BOM JARDIM,MARANHÃO,Brasil,2102002,21,33,3,0.0,1.0,Amazônia,2.8
21c132d1-bb06-3ee1-bebf-711baf9ec231,  -2.965660, -42.511950,2026-07-12 16:35:00,NOAA-21,TUTÓIA,MARANHÃO,Brasil,2112506,21,33,-999,0.0,0.21,Cerrado,13.1
4f33ed2e-686f-318f-b562-ac587c9edcd5,  -2.093920, -46.520080,2026-07-12 16:35:00,NOAA-21,CACHOEIRA DO PIRIÁ,PARÁ,Brasil,1501956,15,33,2,5.02,0.01,Amazônia,4.3
368fc21c-8e72-3972-b1e7-4473749747c2,  -2.815140, -42.443020,2026-07-12 16:35:00,NOAA-21,TUTÓIA,MARANHÃO,Brasil,2112506,21,33,-999,0.0,0.21,Cerrado,100.8
0b4aae50-6f74-3447-92ae-7fc77a68fb96,   5.808800, -61.571290,2026-07-12 16:35:00,NOAA-21,Gran Sabana,Bolívar,Venezuela,71,6,249,0,1.2,0.0,,57.1
a35e8f5a-c9bc-32e7-985d-af7a8d3e374b,  -2.435940, -49.091930,2026-07-12 16:35:00,NOAA-21,MOJU,PARÁ,Brasil,1504703,15,33,3,0.1,0.04,Amazônia,4.7
0198579a-f273-3132-8ef4-6c2bd6af58bf,  -1.279310, -47.262810,2026-07-12 16:35:00,NOAA-21,BONITO,PARÁ,Brasil,1501600,15,33,0,1.49,0.01,Amazônia,3.6
83e044ea-bba1-3a29-b2c3-b89dbdecd6b4,  -4.027170, -44.133620,2026-07-12 16:35:00,NOAA-21,COROATÁ,MARANHÃO,Brasil,2103604,21,33,3,0.0,0.49,Cerrado,6.0
f8bafa8a-9dd4-38cc-896f-d27a1f664e0b,  -1.929330, -48.684200,2026-07-12 16:35:00,NOAA-21,MOJU,PARÁ,Brasil,1504703,15,33,2,0.84,0.09,Amazônia,7.3
20a14b08-4353-3644-ac9e-1cc546e641fe,   5.702040, -61.730430,2026-07-12 16:35:00,NOAA-21,Gran Sabana,Bolívar,Venezuela,71,6,249,0,5.61,0.0,,27.6
3b161852-d984-3eea-a515-390ddff28cfe,  -2.975060, -42.229900,2026-07-12 16:35:00,NOAA-21,ÁGUA DOCE DO MARANHÃO,MARANHÃO,Brasil,2100154,21,33,-999,0.0,0.2,Cerrado,6.8
6c179f70-3efd-3995-9652-93edbb10f8cc,  -2.878650, -42.281660,2026-07-12 16:35:00,NOAA-21,TUTÓIA,MARANHÃO,Brasil,2112506,21,33,-999,0.0,0.21,Cerrado,10.1
d94014f2-ddd7-3b27-887f-4a9c9df99b65,  -3.222670, -44.214650,2026-07-12 16:35:00,NOAA-21,SANTA RITA,MARANHÃO,Brasil,2110203,21,33,4,0.0,0.07,Amazônia,8.8
3e8e06f3-bd03-3154-86a3-78b442381890,  -3.089600, -43.284770,2026-07-12 16:35:00,NOAA-21,URBANO SANTOS,MARANHÃO,Brasil,2112605,21,33,4,0.0,0.18,Cerrado,9.4
3809632d-ab00-35a1-b9d5-410828444b7a,  -3.353540, -44.606980,2026-07-12 16:35:00,NOAA-21,ANAJATUBA,MARANHÃO,Brasil,2100709,21,33,-999,0.0,0.98,Amazônia,9.6
a989030a-b291-31ee-a166-1534e91c7904,  -3.885040, -40.744860,2026-07-12 16:35:00,NOAA-21,MUCAMBO,CEARÁ,Brasil,2309003,23,33,4,0.0,0.85,Caatinga,7.0
d32801f8-d41f-3ab8-9040-9134f2de1f2f,   5.708050, -61.731810,2026-07-12 16:35:00,NOAA-21,Gran Sabana,Bolívar,Venezuela,71,6,249,0,5.5,0.0,,22.0
385e7a23-86c6-393b-ba31-9cc891de6ca1,  -4.411420, -56.157470,2026-07-12 16:35:00,NOAA-21,ITAITUBA,PARÁ,Brasil,1503606,15,33,2,0.0,0.26,Amazônia,5.4
a380eeaf-f1ea-3af2-a7c1-cf653044bade,  -2.093400, -46.516640,2026-07-12 16:35:00,NOAA-21,CACHOEIRA DO PIRIÁ,PARÁ,Brasil,1501956,15,33,2,5.09,0.03,Amazônia,3.8
3ed432f6-48a2-3a0b-b15a-d5ff2fd14f63,  -2.760270, -42.661550,2026-07-12 16:35:00,NOAA-21,PAULINO NEVES,MARANHÃO,Brasil,2108058,21,33,5,0.0,0.65,Cerrado,5.1
5874ac12-72ca-3b04-812e-ee687ffe7776,  -2.966580, -42.492980,2026-07-12 16:35:00,NOAA-21,TUTÓIA,MARANHÃO,Brasil,2112506,21,33,-999,0.0,0.25,Cerrado,7.9
01011cdc-5e90-3965-8261-cc2d15a154e5,   5.702070, -61.725720,2026-07-12 16:35:00,NOAA-21,Gran Sabana,Bolívar,Venezuela,71,6,249,0,5.49,0.0,,22.0
78e1cc25-c14b-3505-842f-611722d14e56,  -2.435350, -49.088050,2026-07-12 16:35:00,NOAA-21,MOJU,PARÁ,Brasil,1504703,15,33,3,0.1,0.04,Amazônia,4.9
5c1e1e48-b217-36e7-8d85-2e5390a2adf9,   5.701000, -61.736020,2026-07-12 16:35:00,NOAA-21,Gran Sabana,Bolívar,Venezuela,71,6,249,0,5.81,0.0,,13.0
3a819b1d-9f95-3be7-8833-8722471e9d3c,  -2.882070, -42.129060,2026-07-12 16:35:00,NOAA-21,ÁGUA DOCE DO MARANHÃO,MARANHÃO,Brasil,2100154,21,33,-999,0.0,0.2,Cerrado,8.1
062a6718-66c2-31c1-b3ac-b6126ddbe16b,  -1.854710, -47.359940,2026-07-12 16:35:00,NOAA-21,IRITUIA,PARÁ,Brasil,1503507,15,33,0,0.4,0.03,Amazônia,4.2
1def9cba-1642-33a4-bffa-a41246b4405d,  -3.146210, -42.803130,2026-07-12 16:35:00,NOAA-21,BARREIRINHAS,MARANHÃO,Brasil,2101707,21,33,4,0.0,0.24,Cerrado,5.3
6e27be07-e3fa-3c59-8d88-ebebfc1f2279,   5.708220, -61.735270,2026-07-12 16:35:00,NOAA-21,Gran Sabana,Bolívar,Venezuela,71,6,249,0,5.6,0.0,,15.6
4df1b00c-3f95-38b7-a250-e4b3939a23ae,  -3.356940, -44.606450,2026-07-12 16:35:00,NOAA-21,ANAJATUBA,MARANHÃO,Brasil,2100709,21,33,-999,0.0,0.91,Amazônia,3.4
731ff459-aec8-39db-81da-555996f20567,  -2.874320, -42.448090,2026-07-12 16:35:00,NOAA-21,TUTÓIA,MARANHÃO,Brasil,2112506,21,33,-999,0.0,0.46,Cerrado,11.9
abfdfd92-5d94-3210-a205-893a299b7667,  -3.497000, -48.039700,2026-07-12 16:35:00,NOAA-21,PARAGOMINAS,PARÁ,Brasil,1505502,15,33,4,0.0,0.39,Amazônia,7.5
82b8be4e-49ad-3a63-a211-f9a9d7f2c9cc,  -1.816220, -54.818740,2026-07-12 16:35:00,NOAA-21,ALENQUER,PARÁ,Brasil,1500404,15,33,1,1.38,0.32,Amazônia,8.1
41488fdf-c044-304b-a30b-4f24165e2149,  -1.672060, -50.457970,2026-07-12 16:35:00,NOAA-21,BREVES,PARÁ,Brasil,1501808,15,33,-999,0.2,0.08,Amazônia,3.6
5917473d-bdc7-3e34-93f9-199aa48f9617,  -1.688920, -47.745330,2026-07-12 16:35:00,NOAA-21,SÃO DOMINGOS DO CAPIM,PARÁ,Brasil,1507201,15,33,3,0.76,0.38,Amazônia,9.9
508ee73d-cbf6-3443-bf1f-6f21f4965c89,  -1.802720, -48.004550,2026-07-12 16:35:00,NOAA-21,CONCÓRDIA DO PARÁ,PARÁ,Brasil,1502756,15,33,2,5.41,0.06,Amazônia,3.2
18802802-1e8f-3d5d-b6a7-6611e8604d40,  -3.496450, -48.036060,2026-07-12 16:35:00,NOAA-21,PARAGOMINAS,PARÁ,Brasil,1505502,15,33,4,0.0,0.39,Amazônia,7.2
a62ef30f-9a60-3d35-988d-1a22106454c2,  -3.109300, -42.663170,2026-07-12 16:35:00,NOAA-21,TUTÓIA,MARANHÃO,Brasil,2112506,21,33,4,0.0,0.32,Cerrado,17.0
9de61d23-e2c0-3f0d-b725-d1100a3baa0e,  -3.884430, -40.741050,2026-07-12 16:35:00,NOAA-21,MUCAMBO,CEARÁ,Brasil,2309003,23,33,4,0.0,0.85,Caatinga,7.0
a057f985-2680-3dc3-8701-4efe2feff3d5,  -2.963610, -42.008630,2026-07-12 16:35:00,NOAA-21,ARAIOSES,MARANHÃO,Brasil,2100907,21,33,-999,0.0,0.2,Cerrado,7.4
a4bf7d5c-7074-3e66-8077-adca6a730796,  -3.397470, -59.742710,2026-07-12 16:35:00,NOAA-21,CAREIRO,AMAZONAS,Brasil,1301100,13,33,5,0.0,0.23,Amazônia,7.9
392dcff6-54fa-3482-a8c5-1cd149fcfaa2,  -3.174160, -42.861760,2026-07-12 16:35:00,NOAA-21,BARREIRINHAS,MARANHÃO,Brasil,2101707,21,33,4,0.0,0.19,Cerrado,4.7
ee583234-40ab-31d2-840f-84f6dae61baf,  -3.493060, -48.036590,2026-07-12 16:35:00,NOAA-21,PARAGOMINAS,PARÁ,Brasil,1505502,15,33,4,0.0,0.39,Amazônia,7.2
5ffe325a-4090-37aa-ab9b-86516e196952,  -3.173280, -42.862750,2026-07-12 16:35:00,NOAA-21,BARREIRINHAS,MARANHÃO,Brasil,2101707,21,33,4,0.0,0.2,Cerrado,2.5
8b204c9c-a9e7-3f91-9277-a2a3981c0c7c,    .404950, -60.438360,2026-07-12 16:35:00,NOAA-21,RORAINÓPOLIS,RORAIMA,Brasil,1400472,14,33,2,0.0,0.01,Amazônia,9.6
86c2bb08-ff56-3821-9c1f-60bbbaf9bf35,   -.813020, -47.124260,2026-07-12 16:35:00,NOAA-21,SÃO JOÃO DE PIRABAS,PARÁ,Brasil,1507474,15,33,3,0.0,0.04,Amazônia,8.4
403cb899-e42d-3d69-bbe5-e60748759888,   5.708990, -61.726590,2026-07-12 16:35:00,NOAA-21,Gran Sabana,Bolívar,Venezuela,71,6,249,0,5.34,0.0,,22.0
6e59093f-075c-3cfb-b4c2-41fc0de54111,  -1.663670, -48.182220,2026-07-12 16:35:00,NOAA-21,BUJARU,PARÁ,Brasil,1501907,15,33,2,0.66,0.01,Amazônia,4.2
72ed634a-8176-3ebb-82f8-5ac95ea70781,   5.709080, -61.730670,2026-07-12 16:35:00,NOAA-21,Gran Sabana,Bolívar,Venezuela,71,6,249,0,5.44,0.0,,15.3
d1aba6ac-d3bb-3c33-9489-bfebe39f83ef,   5.803170, -61.563750,2026-07-12 16:35:00,NOAA-21,Gran Sabana,Bolívar,Venezuela,71,6,249,0,1.12,0.0,,38.3
0e44dc80-7e51-3ddd-8f4e-a22d84ca8b43,  -1.662070, -48.607380,2026-07-12 16:35:00,NOAA-21,BARCARENA,PARÁ,Brasil,1501303,15,33,3,0.0,0.03,Amazônia,2.7
c1163fec-871d-3101-9431-d27e463030b7,  -1.595980, -48.007190,2026-07-12 16:35:00,NOAA-21,BUJARU,PARÁ,Brasil,1501907,15,33,2,0.74,0.1,Amazônia,17.0
25a74543-5b4e-3960-afc6-42bd997415ca,  -1.372930, -55.925200,2026-07-12 16:35:00,NOAA-21,ORIXIMINÁ,PARÁ,Brasil,1505304,15,33,2,0.3,-999.0,Amazônia,4.3
6b62e410-e313-3126-ae0b-1fbfa69ce892,   -.816330, -47.123770,2026-07-12 16:35:00,NOAA-21,SÃO JOÃO DE PIRABAS,PARÁ,Brasil,1507474,15,33,3,0.0,0.04,Amazônia,8.4
9576eb8d-ca72-3ce7-abed-9831289cf1c8,  -3.773710, -46.657470,2026-07-12 16:35:00,NOAA-21,BOM JARDIM,MARANHÃO,Brasil,2102002,21,33,2,0.0,0.29,Amazônia,5.4
0b601227-0688-38cc-92dc-a0869e8b62e4,    .404900, -60.434970,2026-07-12 16:35:00,NOAA-21,RORAINÓPOLIS,RORAIMA,Brasil,1400472,14,33,2,0.0,0.01,Amazônia,7.6
aa7f3d9f-3097-39b5-83b8-a8f4a9bee16b,  -2.797710, -42.431370,2026-07-12 16:35:00,NOAA-21,TUTÓIA,MARANHÃO,Brasil,2112506,21,33,-999,0.0,0.27,Cerrado,8.4
10f5dbf1-3625-3320-bc00-ba765bd82770,  -1.602140, -48.002660,2026-07-12 16:35:00,NOAA-21,BUJARU,PARÁ,Brasil,1501907,15,33,2,0.86,0.02,Amazônia,3.8
7ed54d8b-0c5f-30bf-b4b2-70ee49f128d3,   5.703190, -61.719490,2026-07-12 16:35:00,NOAA-21,Gran Sabana,Bolívar,Venezuela,71,6,249,0,5.33,0.0,,44.5
acab6f1a-db5b-3a80-9854-e608f1302497,  -1.425580, -47.398700,2026-07-12 16:35:00,NOAA-21,BONITO,PARÁ,Brasil,1501600,15,33,1,1.08,0.24,Amazônia,2.5
14764f4b-434d-3542-a334-30feeb217425,   5.802080, -61.569750,2026-07-12 16:35:00,NOAA-21,Gran Sabana,Bolívar,Venezuela,71,6,249,0,1.17,0.0,,48.8
e28acba7-5596-3dd4-a89c-2722bfbe4524,  -1.850460, -47.691070,2026-07-12 16:35:00,NOAA-21,SÃO DOMINGOS DO CAPIM,PARÁ,Brasil,1507201,15,33,0,2.42,0.04,Amazônia,6.6
d97da15f-0137-39b7-9e90-26c3a6e1e8a2,   1.996220, -55.855140,2026-07-12 16:37:00,NOAA-21,ÓBIDOS,PARÁ,Brasil,1505106,15,33,4,2.71,0.16,Amazônia,2.2
d444c186-3d0d-3bb9-a274-1e9563278658,   1.792720, -56.066490,2026-07-12 16:37:00,NOAA-21,ORIXIMINÁ,PARÁ,Brasil,1505304,15,33,5,0.9,0.23,Amazônia,5.4
69eca627-3729-34ee-bf12-7c8a688a2b56,  -6.951200, -43.724700,2026-07-12 16:40:00,GOES-19,GUADALUPE,PIAUÍ,Brasil,2204501,22,33,25,0.0,1.0,Cerrado,324.8
aeae0951-247b-3b10-bcdf-da1ed246951e,  -6.951400, -43.701500,2026-07-12 16:40:00,GOES-19,GUADALUPE,PIAUÍ,Brasil,2204501,22,33,24,0.0,1.0,Cerrado,165.4
b61be4cc-43d9-3895-b5ec-0c686dd91abe,  -6.932600, -43.703200,2026-07-12 16:40:00,GOES-19,GUADALUPE,PIAUÍ,Brasil,2204501,22,33,24,0.0,1.0,Cerrado,136.9
4d81533e-03b1-3ca6-9216-6f10527fb896,  -6.951200, -43.724700,2026-07-12 16:50:00,GOES-19,GUADALUPE,PIAUÍ,Brasil,2204501,22,33,25,0.0,1.0,Cerrado,187.3
8923c1b2-3a86-3190-ae2c-fb0a962dbb0e,   5.705300, -61.709100,2026-07-12 16:50:00,GOES-19,Gran Sabana,Bolívar,Venezuela,71,6,249,0,4.97,0.0,,97.6
66db03e1-3ded-3d70-bf09-f88ce5dd1263,   5.686900, -61.728500,2026-07-12 16:50:00,GOES-19,Gran Sabana,Bolívar,Venezuela,71,6,249,0,6.0,0.0,,97.8
43bab1d0-25a7-3c76-b9b1-ff4e1231bb3c,  -6.951400, -43.701500,2026-07-12 16:50:00,GOES-19,GUADALUPE,PIAUÍ,Brasil,2204501,22,33,24,0.0,1.0,Cerrado,97.6
30467373-7d0c-36d8-ad79-8ab567c5e379,  -6.013500, -47.821200,2026-07-12 16:50:00,GOES-19,SÃO BENTO DO TOCANTINS,TOCANTINS,Brasil,1720101,17,33,39,0.0,1.0,Cerrado,102.8
9780e5fd-daca-37bc-94dc-9a5190a75bd3,  -6.951400, -43.701500,2026-07-12 17:00:00,GOES-19,GUADALUPE,PIAUÍ,Brasil,2204501,22,33,24,0.0,1.0,Cerrado,112.0
01df59a3-e0f7-3271-8e35-d6047f27e25f,  -6.951200, -43.724700,2026-07-12 17:00:00,GOES-19,GUADALUPE,PIAUÍ,Brasil,2204501,22,33,25,0.0,1.0,Cerrado,190.5
6f936c01-ca37-3abd-b2c1-311b6067512e,  -6.013500, -47.821200,2026-07-12 17:00:00,GOES-19,SÃO BENTO DO TOCANTINS,TOCANTINS,Brasil,1720101,17,33,39,0.0,1.0,Cerrado,51.0
4ba65020-1708-3171-b95d-b59884f3fc90,  -6.951400, -43.701500,2026-07-12 17:10:00,GOES-19,GUADALUPE,PIAUÍ,Brasil,2204501,22,33,24,0.0,1.0,Cerrado,91.7
0045defc-60eb-33ca-bdf2-389869d1352f,  -6.951200, -43.724700,2026-07-12 17:10:00,GOES-19,GUADALUPE,PIAUÍ,Brasil,2204501,22,33,25,0.0,1.0,Cerrado,180.2
9269d34f-146b-33a8-bf09-583aac024df2, -11.586800, -74.363400,2026-07-12 17:10:00,GOES-19,Satipo,Junín,Peru,110,12,178,5,0.0,0.41,,81.3
9465f923-e790-33ec-9ac2-4ed93a39ffc3,  -6.932300, -43.726400,2026-07-12 17:20:00,GOES-19,GUADALUPE,PIAUÍ,Brasil,2204501,22,33,24,0.0,1.0,Cerrado,91.9
99b0455e-fefe-3ff6-bee5-490ad3ed4c9f, -11.586800, -74.363400,2026-07-12 17:20:00,GOES-19,Satipo,Junín,Peru,110,12,178,5,0.0,0.41,,114.3
656ab7d5-8aa8-3bb1-8760-306ba83459a5,  -6.951400, -43.701500,2026-07-12 17:20:00,GOES-19,GUADALUPE,PIAUÍ,Brasil,2204501,22,33,24,0.0,1.0,Cerrado,98.8
4674bee5-e146-3504-a14f-d8aae49a5d43, -11.586800, -74.381800,2026-07-12 17:20:00,GOES-19,Satipo,Junín,Peru,110,12,178,5,0.0,0.56,,75.2
eef82656-66e4-3649-b581-68262612b1d8,  -6.951200, -43.724700,2026-07-12 17:20:00,GOES-19,GUADALUPE,PIAUÍ,Brasil,2204501,22,33,25,0.0,1.0,Cerrado,160.8
e01621b4-dc93-3280-b040-837df1763adc, -30.174480, -56.606110,2026-07-12 17:20:00,NOAA-20,QUARAÍ,RIO GRANDE DO SUL,Brasil,4315305,43,33,18,0.31,0.78,Pampa,5.6
d07860b2-e520-395e-af4b-af8b3de9ec40, -30.216770, -57.110220,2026-07-12 17:20:00,NOAA-20,n.a2,Artigas,Uruguay,1,1,245,20,0.78,0.79,,4.2
071fdd01-6d8c-3c94-abc4-c96dcf8749a5, -23.099190, -56.937210,2026-07-12 17:22:00,NOAA-20,Concepción,Concepción,Paraguay,102,11,177,0,0.0,0.97,,5.2
bc80e32d-7e88-3975-bcfa-53982745f077, -19.896880, -44.037960,2026-07-12 17:22:00,NOAA-20,CONTAGEM,MINAS GERAIS,Brasil,3118601,31,33,27,0.6,-999.0,Mata Atlântica,2.9
911cd3e9-4287-3da1-81f5-014b66e6d949, -22.848160, -57.366050,2026-07-12 17:22:00,NOAA-20,Concepción,Concepción,Paraguay,102,11,177,0,0.0,0.99,,7.1
48bf5ec0-fce4-34dc-a224-d8453236323b, -26.345400, -57.834840,2026-07-12 17:22:00,NOAA-20,Villa Franca,Ñeembucú,Paraguay,14,1,177,14,0.0,0.76,,5.3
f672c347-5698-31a9-b8b6-0f13c65b663b, -24.217650, -57.272470,2026-07-12 17:22:00,NOAA-20,Villa Hayes,Presidente Hayes,Paraguay,203,17,177,0,0.0,0.9,,4.8
7b59b565-48f1-3d7d-91d1-b85718750b1b, -23.775150, -54.509500,2026-07-12 17:22:00,NOAA-20,JAPORÃ,MATO GROSSO DO SUL,Brasil,5004809,50,33,9,0.0,0.97,Mata Atlântica,1.9
4b1dd3b6-2beb-392f-98f5-fe3ac713583d, -25.029040, -57.045790,2026-07-12 17:22:00,NOAA-20,Arroyos y Esteros,Cordillera,Paraguay,109,12,177,9,0.0,0.84,,2.8
8c59676f-ee8d-33b8-939b-eb1be9d0ca03, -20.320910, -40.840920,2026-07-12 17:22:00,NOAA-20,DOMINGOS MARTINS,ESPÍRITO SANTO,Brasil,3201902,32,33,21,0.36,0.68,Mata Atlântica,5.0
91f205a8-0a03-312a-a7cf-6619cbd1fd66, -23.016860, -56.374290,2026-07-12 17:22:00,NOAA-20,Yby Yaù,Concepción,Paraguay,107,11,177,2,0.0,0.95,,8.4
545acabe-7dd8-3967-858b-878597eaeb60, -22.852830, -57.373900,2026-07-12 17:22:00,NOAA-20,Concepción,Concepción,Paraguay,102,11,177,0,0.0,0.99,,7.8
39a0a129-27f8-3e5b-a88e-ee745e8bd239, -24.630930, -55.891250,2026-07-12 17:22:00,NOAA-20,Villa San Isidro Curuguaty,Canindeyú,Paraguay,78,9,177,5,0.0,0.82,,6.5
1cf3095a-f5d7-3f81-803d-ee5d9ab17636, -29.072190, -58.638790,2026-07-12 17:22:00,NOAA-20,Curuzú Cuatiá,Corrientes,Argentina,215,7,12,6,0.0,0.8,,2.3
56f2a05d-6cdc-3439-9c98-1f6f156e631d, -24.246100, -55.256710,2026-07-12 17:22:00,NOAA-20,Villa Ygatimí,Canindeyú,Paraguay,79,9,177,0,0.0,0.67,,3.8
f10bd780-8c42-30a3-852c-53e11ba9748a, -24.645200, -55.601590,2026-07-12 17:22:00,NOAA-20,Yhú,Caaguazú,Paraguay,63,7,177,5,0.0,0.92,,6.3
28753761-0a85-3073-9a37-1b4ed0e2f359, -24.250010, -55.259970,2026-07-12 17:22:00,NOAA-20,Villa Ygatimí,Canindeyú,Paraguay,79,9,177,0,0.0,0.67,,3.8
48c77bfe-f13f-3c6b-9fef-4ebc45fae00a, -19.834090, -40.258780,2026-07-12 17:22:00,NOAA-20,ARACRUZ,ESPÍRITO SANTO,Brasil,3200607,32,33,12,1.08,0.72,Mata Atlântica,34.0
0961fc4a-10b0-39a2-ad76-6526ee76877b, -23.959550, -57.254060,2026-07-12 17:22:00,NOAA-20,Villa Hayes,Presidente Hayes,Paraguay,203,17,177,5,0.0,0.95,,2.8
5fec75d7-4b4f-3edd-9e1e-377b7fcac166, -23.776290, -54.517040,2026-07-12 17:22:00,NOAA-20,JAPORÃ,MATO GROSSO DO SUL,Brasil,5004809,50,33,9,0.0,0.97,Mata Atlântica,7.1
ee2ead1e-857b-3e02-94d8-f71836dccdb4, -24.378240, -55.467120,2026-07-12 17:22:00,NOAA-20,Villa San Isidro Curuguaty,Canindeyú,Paraguay,78,9,177,0,0.0,0.76,,3.1
2d1baedf-52de-3ddd-8d5d-ed4cb2ae93ce, -24.551020, -55.002650,2026-07-12 17:22:00,NOAA-20,Itakyry,Alto Paraná,Paraguay,25,3,177,0,0.0,0.22,,1.2
863d4dee-0ad0-3c67-ac17-7a5bbf5bd75a, -23.814510, -56.338930,2026-07-12 17:22:00,NOAA-20,Nueva Germania,San Pedro,Paraguay,211,18,177,13,0.0,0.93,,2.4
bc323db7-17ba-36ff-a825-829874dc6070, -24.218230, -57.276810,2026-07-12 17:22:00,NOAA-20,Villa Hayes,Presidente Hayes,Paraguay,203,17,177,0,0.0,0.9,,4.8
58bb790e-2aec-32a1-a035-7a4e9c214e66, -23.761830, -54.620140,2026-07-12 17:22:00,NOAA-20,JAPORÃ,MATO GROSSO DO SUL,Brasil,5004809,50,33,11,0.0,0.96,Mata Atlântica,2.5
3c1eea2d-5e6d-3207-ae22-0cda1832aaeb, -23.917580, -56.376270,2026-07-12 17:22:00,NOAA-20,Lima,San Pedro,Paraguay,210,18,177,13,0.0,0.87,,2.1
ef7322a4-f50f-36e0-83d5-1043a91c0dd6, -28.570880, -66.697020,2026-07-12 17:22:00,NOAA-20,Arauco,La Rioja,Argentina,300,12,12,48,0.0,0.87,,1.0
26b0328f-e151-327b-97a5-35a9e25ee857, -28.547090, -59.256800,2026-07-12 17:22:00,NOAA-20,General Obligado,Santa Fe,Argentina,445,21,12,6,0.0,0.83,,4.0
9e82ab01-f8fa-3c3a-8359-e92a12fdaf79, -28.103450, -67.900440,2026-07-12 17:22:00,NOAA-20,Tinogasta,Catamarca,Argentina,169,3,12,63,0.0,0.82,,9.8
786303ca-9f40-320e-9e1f-81a45c205b8c, -24.377680, -55.463260,2026-07-12 17:22:00,NOAA-20,Villa San Isidro Curuguaty,Canindeyú,Paraguay,78,9,177,0,0.0,0.54,,3.1
88051b10-4960-3d77-9461-4cff0953ea7e, -19.833950, -40.251160,2026-07-12 17:22:00,NOAA-20,ARACRUZ,ESPÍRITO SANTO,Brasil,3200607,32,33,11,1.09,0.7,Mata Atlântica,22.6
7127b38c-02b2-3ddb-a16e-5d4bf2ae59de, -26.341670, -57.835410,2026-07-12 17:22:00,NOAA-20,Villa Franca,Ñeembucú,Paraguay,14,1,177,14,0.0,0.76,,9.4
1f24b02f-6615-38e6-8aef-b868bdfc2252, -29.081550, -58.649560,2026-07-12 17:22:00,NOAA-20,Curuzú Cuatiá,Corrientes,Argentina,215,7,12,6,0.0,0.8,,3.9
20f1b514-0f3b-35b4-b235-8d151532d5c7, -25.667130, -57.268870,2026-07-12 17:22:00,NOAA-20,Yaguarón,Paraguarí,Paraguay,197,16,177,10,0.0,0.79,,3.6
cf76fc93-7168-3e79-8367-abf1b7abc284, -23.777440, -54.524590,2026-07-12 17:22:00,NOAA-20,JAPORÃ,MATO GROSSO DO SUL,Brasil,5004809,50,33,9,0.0,0.9,Mata Atlântica,1.6
37f34a79-ff24-30bc-a09f-c637f881725f, -26.342280, -57.840330,2026-07-12 17:22:00,NOAA-20,Villa Franca,Ñeembucú,Paraguay,14,1,177,14,0.0,0.76,,4.2
905ba9cb-5818-378c-81a0-74a6ab40c4da, -24.644640, -55.597670,2026-07-12 17:22:00,NOAA-20,Yhú,Caaguazú,Paraguay,63,7,177,5,0.0,0.9,,1.9
6478d22c-d77a-30d5-861d-18bc40d8b068, -22.848740, -57.370260,2026-07-12 17:22:00,NOAA-20,Concepción,Concepción,Paraguay,102,11,177,0,0.0,0.99,,7.8
9136c3d5-2e22-3438-b73c-390e7c0a3711, -24.221190, -57.271900,2026-07-12 17:22:00,NOAA-20,Villa Hayes,Presidente Hayes,Paraguay,203,17,177,0,0.0,0.9,,4.8
19a16c36-d1b5-3817-9bc5-8a9e7203ce69, -24.250570, -55.263820,2026-07-12 17:22:00,NOAA-20,Villa Ygatimí,Canindeyú,Paraguay,79,9,177,0,0.0,0.67,,2.9
68fcaaab-8d5f-3ef9-86c6-bbd117c3ca9d, -23.729680, -55.987850,2026-07-12 17:22:00,NOAA-20,Nueva Germania,San Pedro,Paraguay,211,18,177,0,0.0,0.42,,3.6
c8217656-61f9-3a31-9f1d-08f933f8c60a, -25.582480, -55.035460,2026-07-12 17:22:00,NOAA-20,Santa Rosa del Monday,Alto Paraná,Paraguay,36,3,177,4,0.0,0.57,,6.9
16124223-386e-316b-921f-8b9fd1dd6b06, -24.221780, -57.276250,2026-07-12 17:22:00,NOAA-20,Villa Hayes,Presidente Hayes,Paraguay,203,17,177,0,0.0,0.9,,4.8
cdf8a996-f9af-352b-ae56-4216dfac6e7f, -19.835880, -40.258840,2026-07-12 17:22:00,NOAA-20,ARACRUZ,ESPÍRITO SANTO,Brasil,3200607,32,33,12,1.11,0.69,Mata Atlântica,22.6
93b50fe4-880a-32c2-9b25-29c2bcd86663, -19.841230, -40.256870,2026-07-12 17:22:00,NOAA-20,ARACRUZ,ESPÍRITO SANTO,Brasil,3200607,32,33,12,1.16,0.68,Mata Atlântica,34.0
a3578aca-80a5-36b9-b9f1-4d9de4bea4af, -23.010060, -56.375430,2026-07-12 17:22:00,NOAA-20,Yby Yaù,Concepción,Paraguay,107,11,177,2,0.0,0.96,,6.6
aabad201-5cd7-335b-aae1-4acfe6859456, -22.852250, -57.369700,2026-07-12 17:22:00,NOAA-20,Concepción,Concepción,Paraguay,102,11,177,0,0.0,0.99,,7.8
4c61f4fc-a65e-343b-b5f5-fef77ab1809e, -23.783330, -55.584840,2026-07-12 17:22:00,NOAA-20,Itanara,Canindeyú,Paraguay,76,9,177,0,0.0,0.86,,1.3
dc55cda7-87bb-3ac3-bf72-71e51f69f27b, -23.607590, -55.406090,2026-07-12 17:22:00,NOAA-20,PARANHOS,MATO GROSSO DO SUL,Brasil,5006358,50,33,13,0.0,0.97,Mata Atlântica,3.5
46226174-1577-3658-bc47-655dcded2614, -19.841130, -40.249370,2026-07-12 17:22:00,NOAA-20,ARACRUZ,ESPÍRITO SANTO,Brasil,3200607,32,33,11,1.16,0.68,Mata Atlântica,22.6
37acffd0-39e2-31f5-b0c5-b7c0e16371aa, -25.586400, -55.038770,2026-07-12 17:22:00,NOAA-20,Santa Rosa del Monday,Alto Paraná,Paraguay,36,3,177,4,0.0,0.57,,8.2
b33e0391-2b10-39bc-9c80-d897be2382e5, -22.906960, -48.013090,2026-07-12 17:22:00,NOAA-20,CONCHAS,SÃO PAULO,Brasil,3512308,35,33,16,6.67,0.91,Cerrado,0.5
155cb6c9-fe42-3cf7-954a-605e93922bbf, -23.711610, -56.006940,2026-07-12 17:22:00,NOAA-20,Nueva Germania,San Pedro,Paraguay,211,18,177,0,0.0,0.39,,1.6
4e0d6905-7d07-31f5-99f5-610fa577af8a, -24.334170, -57.175310,2026-07-12 17:22:00,NOAA-20,Villa Hayes,Presidente Hayes,Paraguay,203,17,177,0,0.0,0.92,,3.4
978037bd-4a79-3ce7-8128-7628801d4dc9, -24.174200, -55.649650,2026-07-12 17:22:00,NOAA-20,Villa Ygatimí,Canindeyú,Paraguay,79,9,177,0,0.0,0.76,,2.1
414532f0-1819-3288-8716-7b6fd6143ba9, -23.774620, -54.524850,2026-07-12 17:22:00,NOAA-20,JAPORÃ,MATO GROSSO DO SUL,Brasil,5004809,50,33,9,0.0,0.97,Mata Atlântica,19.1
d9ef450f-6890-3e35-b266-0186316377e4, -23.772530, -55.193320,2026-07-12 17:22:00,NOAA-20,PARANHOS,MATO GROSSO DO SUL,Brasil,5006358,50,33,10,0.0,0.97,Mata Atlântica,3.8
eda4d9ee-2cfa-31a7-bf63-ec26f6a9d541, -29.076220, -58.638210,2026-07-12 17:22:00,NOAA-20,Curuzú Cuatiá,Corrientes,Argentina,215,7,12,6,0.0,0.8,,3.0
93b9901c-c2e4-356c-99a4-ba8249b655a4, -25.585830, -55.034870,2026-07-12 17:22:00,NOAA-20,Santa Rosa del Monday,Alto Paraná,Paraguay,36,3,177,4,0.0,0.56,,6.9
7d8cd7d8-0a71-3c82-85f9-63f18e1d341e, -23.592570, -54.736230,2026-07-12 17:22:00,NOAA-20,TACURU,MATO GROSSO DO SUL,Brasil,5007950,50,33,12,0.0,0.96,Mata Atlântica,2.1
ba6d12fd-1c10-3ca8-be90-ad7b94c4270f, -23.754440, -54.481990,2026-07-12 17:22:00,NOAA-20,JAPORÃ,MATO GROSSO DO SUL,Brasil,5004809,50,33,12,0.0,0.96,Mata Atlântica,1.9
3075fea4-80ec-3b80-918f-9e0a4e11e9a5, -23.596460, -54.739410,2026-07-12 17:22:00,NOAA-20,TACURU,MATO GROSSO DO SUL,Brasil,5007950,50,33,12,0.0,0.96,Mata Atlântica,3.6
99800e26-730a-31c5-81e2-a0bd58448c4c, -28.004000, -62.625850,2026-07-12 17:22:00,NOAA-20,Juan Felipe Ibarra,Santiago del Estero,Argentina,471,22,12,24,0.0,0.84,,2.9
8c1d880e-d489-3517-95fe-d277d22457c8, -25.578080, -55.313570,2026-07-12 17:22:00,NOAA-20,San Cristóbal,Alto Paraná,Paraguay,34,3,177,5,0.0,0.6,,2.7
0118fde3-a0b0-37ce-8e9e-ae890b8483c8, -24.747660, -56.076340,2026-07-12 17:22:00,NOAA-20,San Estanislao,San Pedro,Paraguay,212,18,177,6,0.0,0.73,,2.1
69e9bfcb-9ffa-349b-a1d0-051bc7db247e, -19.843040, -40.257010,2026-07-12 17:22:00,NOAA-20,ARACRUZ,ESPÍRITO SANTO,Brasil,3200607,32,33,12,1.18,0.67,Mata Atlântica,22.6
9096876c-9b40-3220-a207-d70be5559c8a, -23.013460, -56.374870,2026-07-12 17:22:00,NOAA-20,Yby Yaù,Concepción,Paraguay,107,11,177,2,0.0,0.95,,8.4
cfad9c74-29f7-3e31-ae3b-9b5467d21d1a, -22.378110, -57.376730,2026-07-12 17:22:00,NOAA-20,San Carlos,Concepción,Paraguay,105,11,177,0,0.08,0.74,,2.9
b4b0da4a-a4e6-3f66-91dd-e54bbdad0203, -23.012900, -56.370910,2026-07-12 17:22:00,NOAA-20,Yby Yaù,Concepción,Paraguay,107,11,177,1,0.0,0.95,,8.4
f7d36074-1e92-3a3e-951e-884165a7b244, -24.666080, -55.747290,2026-07-12 17:22:00,NOAA-20,Villa San Isidro Curuguaty,Canindeyú,Paraguay,78,9,177,6,0.0,0.82,,1.8
1d7c2f23-f6c9-3831-b9a8-25aa7a6d8c01, -28.110290, -67.899220,2026-07-12 17:22:00,NOAA-20,Tinogasta,Catamarca,Argentina,169,3,12,63,0.0,0.82,,17.5
673af797-d69a-3371-afd5-572e4cc19a01, -28.103260, -67.896480,2026-07-12 17:22:00,NOAA-20,Tinogasta,Catamarca,Argentina,169,3,12,63,0.0,0.82,,9.8
20b4aa44-42d4-3c78-a0d4-e156d57f7f54, -25.740630, -56.346020,2026-07-12 17:22:00,NOAA-20,Mbocayaty del Guairá,Guairá,Paraguay,139,13,177,2,0.0,0.56,,7.6
e6b886c9-a7f9-343b-9c1a-e5be6b499622, -22.851680, -57.365480,2026-07-12 17:22:00,NOAA-20,Concepción,Concepción,Paraguay,102,11,177,0,0.0,0.99,,7.1
8fa2ff34-0f8d-35c8-b946-8a30da27f364, -19.324320, -48.920070,2026-07-12 17:24:00,NOAA-20,PRATA,MINAS GERAIS,Brasil,3152808,31,33,17,0.1,1.0,Cerrado,2.9
dd8b0705-38ea-31e5-ac34-334892b05cd5, -18.096250, -44.017590,2026-07-12 17:24:00,NOAA-20,AUGUSTO DE LIMA,MINAS GERAIS,Brasil,3104809,31,33,27,1.63,1.0,Cerrado,11.0
07a38646-7c38-34f1-9167-339cefafffc3, -13.820640, -44.972360,2026-07-12 17:24:00,NOAA-20,JABORANDI,BAHIA,Brasil,2917359,29,33,50,0.0,1.0,Cerrado,69.1
020507b4-3952-3542-b5f4-a081dca0798c, -13.933660, -43.464620,2026-07-12 17:24:00,NOAA-20,MALHADA,BAHIA,Brasil,2920205,29,33,50,0.0,1.0,Cerrado,17.2
a95b6b0b-ce48-3671-aae6-5e47d9b1f911, -13.812390, -44.963700,2026-07-12 17:24:00,NOAA-20,JABORANDI,BAHIA,Brasil,2917359,29,33,50,0.0,1.0,Cerrado,6.3
3ac3dd3e-783d-3a1e-a67d-21143771b872, -18.333820, -43.069310,2026-07-12 17:24:00,NOAA-20,RIO VERMELHO,MINAS GERAIS,Brasil,3156007,31,33,41,0.82,0.87,Mata Atlântica,5.0
a5faed5d-d7a9-3185-99f6-9766b04d7609, -13.814490, -44.973800,2026-07-12 17:24:00,NOAA-20,JABORANDI,BAHIA,Brasil,2917359,29,33,50,0.0,1.0,Cerrado,8.7
38cb3d1b-0b99-38d0-9532-537eb416a9fd, -20.596230, -58.170620,2026-07-12 17:24:00,NOAA-20,Fuerte Olimpo,Alto Paraguay,Paraguay,17,2,177,0,0.0,0.56,,3.6
df3fe71d-e239-3f57-97cf-fc5cfbdb7d77, -17.693440, -44.246320,2026-07-12 17:24:00,NOAA-20,JOAQUIM FELÍCIO,MINAS GERAIS,Brasil,3136405,31,33,28,0.0,1.0,Cerrado,4.4
06d18c83-2c9f-304b-be9b-8558a18b73dc, -18.574520, -43.870020,2026-07-12 17:24:00,NOAA-20,GOUVEIA,MINAS GERAIS,Brasil,3127602,31,33,29,0.0,1.0,Cerrado,11.5
18baca11-659f-3afa-9638-97012918aef9, -18.617750, -65.799740,2026-07-12 17:24:00,NOAA-20,Chayanta,Potosí,Bolivia,67,7,28,7,0.0,0.82,,2.2
1680ea73-c2da-3473-a942-d028303bd6a2, -21.571530, -69.309710,2026-07-12 17:24:00,NOAA-20,Tocopilla,Antofagasta,Chile,7,2,48,7,0.0,-999.0,,1.3
95a5a89e-018e-31dd-ad1b-0e6870dbf6f7, -17.694240, -44.243550,2026-07-12 17:24:00,NOAA-20,JOAQUIM FELÍCIO,MINAS GERAIS,Brasil,3136405,31,33,28,0.0,1.0,Cerrado,4.2
29d701e6-8002-39ce-903a-3c24a7134429, -18.075940, -44.011730,2026-07-12 17:24:00,NOAA-20,AUGUSTO DE LIMA,MINAS GERAIS,Brasil,3104809,31,33,27,1.85,1.0,Cerrado,3.9
0a8297a0-8108-35b1-8594-1d968d96fad6, -17.667230, -44.241750,2026-07-12 17:24:00,NOAA-20,FRANCISCO DUMONT,MINAS GERAIS,Brasil,3126604,31,33,28,0.0,1.0,Cerrado,12.6
ff2b6bbe-4887-3e0a-99c4-c26d0f9c3026, -17.726040, -65.209230,2026-07-12 17:24:00,NOAA-20,Carrasco,Cochabamba,Bolivia,15,2,28,32,0.0,0.89,,1.1
537e1f7d-7988-30ff-8877-cd6bd94f69b9, -18.096390, -44.014950,2026-07-12 17:24:00,NOAA-20,AUGUSTO DE LIMA,MINAS GERAIS,Brasil,3104809,31,33,27,1.58,1.0,Cerrado,15.7
7078427c-e394-38eb-a975-dea118974627, -19.572490, -44.046880,2026-07-12 17:24:00,NOAA-20,PEDRO LEOPOLDO,MINAS GERAIS,Brasil,3149309,31,33,27,0.0,1.0,Cerrado,3.4
215f0e34-7839-384f-833e-f37c4b4e5b32, -18.356900, -68.583600,2026-07-12 17:24:00,NOAA-20,Sajama,Oruro,Bolivia,58,5,28,8,0.0,-999.0,,9.2
08ff44e8-646b-3dd1-ab2b-e06e6895b6a1, -18.076000, -44.009050,2026-07-12 17:24:00,NOAA-20,AUGUSTO DE LIMA,MINAS GERAIS,Brasil,3104809,31,33,27,1.77,1.0,Cerrado,3.2
55aadf99-c32b-321a-8b86-97e400b51238, -13.818570, -44.962380,2026-07-12 17:24:00,NOAA-20,JABORANDI,BAHIA,Brasil,2917359,29,33,50,0.0,1.0,Cerrado,27.3
3e8889e8-5691-3d8e-8ba0-f4015bed1a32, -21.411370, -64.709400,2026-07-12 17:24:00,NOAA-20,Eustaquio Méndez,Tarija,Bolivia,93,9,28,83,0.0,0.83,,10.6
ad810fa3-e271-3d34-9d54-36927f83ef53, -13.813450, -44.968820,2026-07-12 17:24:00,NOAA-20,JABORANDI,BAHIA,Brasil,2917359,29,33,50,0.0,1.0,Cerrado,8.7
72524891-302d-3afc-b024-53cab76d7b09, -18.124070, -64.801770,2026-07-12 17:24:00,NOAA-20,Narciso Campero,Cochabamba,Bolivia,21,2,28,32,0.0,0.93,,3.6
54334dc3-f4bd-3cdb-841e-032c49bc733b, -18.969020, -48.369240,2026-07-12 17:24:00,NOAA-20,UBERLÂNDIA,MINAS GERAIS,Brasil,3170206,31,33,3,0.0,1.0,Cerrado,10.4
a31c543f-a85f-3f9a-8036-dcd685c39e8b, -13.819610, -44.967410,2026-07-12 17:24:00,NOAA-20,JABORANDI,BAHIA,Brasil,2917359,29,33,50,0.0,1.0,Cerrado,69.1
96a84e14-f831-3f5b-aa84-915d89decb10, -18.948690, -41.993650,2026-07-12 17:24:00,NOAA-20,ALPERCATA,MINAS GERAIS,Brasil,3101805,31,33,29,0.0,1.0,Mata Atlântica,4.8
348634a2-6797-3c32-8d1a-449ac63e8eb0, -17.732680, -42.216790,2026-07-12 17:24:00,NOAA-20,ANGELÂNDIA,MINAS GERAIS,Brasil,3102852,31,33,29,0.68,0.83,Mata Atlântica,17.1
2fab3660-0ae3-3e19-afab-16a5349ad7c5, -18.618440, -65.800740,2026-07-12 17:24:00,NOAA-20,Chayanta,Potosí,Bolivia,67,7,28,7,0.0,0.82,,3.3
540e5156-d324-3382-a05a-c342b2edede2, -18.095220, -44.012860,2026-07-12 17:24:00,NOAA-20,AUGUSTO DE LIMA,MINAS GERAIS,Brasil,3104809,31,33,27,1.56,1.0,Cerrado,13.3
e7b9ad00-12b9-3528-b080-083d712f2d09, -18.357630, -68.583640,2026-07-12 17:24:00,NOAA-20,Sajama,Oruro,Bolivia,58,5,28,8,0.0,-999.0,,8.4
59fbe108-a8bc-33a1-8150-ce5c6305ea2a, -18.796750, -46.414160,2026-07-12 17:24:00,NOAA-20,LAGOA FORMOSA,MINAS GERAIS,Brasil,3137502,31,33,20,0.86,1.0,Cerrado,4.3
6907c0a2-c340-3a18-bf33-466a6a8265c1, -17.544120, -67.461510,2026-07-12 17:24:00,NOAA-20,Cercado,Oruro,Bolivia,52,5,28,7,0.0,0.81,,4.3
87ce7b61-121e-333a-9510-bb4be77100b2, -19.467710, -65.835270,2026-07-12 17:24:00,NOAA-20,Tomás Frías,Potosí,Bolivia,77,7,28,73,0.0,0.78,,3.3
ec27c811-8af2-3528-9a46-7df95307dc0a,  -8.066220, -45.385630,2026-07-12 17:26:00,NOAA-20,BAIXA GRANDE DO RIBEIRO,PIAUÍ,Brasil,2201150,22,33,29,0.0,1.0,Cerrado,6.3
411821ee-28dd-3fe8-81ae-35d0dff3f942, -11.412990, -50.571810,2026-07-12 17:26:00,NOAA-20,LAGOA DA CONFUSÃO,TOCANTINS,Brasil,1711902,17,33,50,0.0,1.0,Cerrado,6.0
826b73a6-4997-33d9-8a70-933e9a69c1b5,  -9.192700, -49.614790,2026-07-12 17:26:00,NOAA-20,ARAGUACEMA,TOCANTINS,Brasil,1701903,17,33,59,0.24,0.98,Cerrado,8.3
55040b14-deaf-3a4a-a956-9acfaa3ff0f8, -10.165290, -50.128740,2026-07-12 17:26:00,NOAA-20,PIUM,TOCANTINS,Brasil,1717503,17,33,11,0.3,1.0,Cerrado,17.8
6083a6ea-9e28-39d9-8910-6c47f04e2661, -16.596690, -67.469410,2026-07-12 17:26:00,NOAA-20,Inquisivi,La Paz,Bolivia,39,4,28,10,0.0,0.71,,10.6
055d02df-9996-32ea-a8ed-622eb56c6f85,  -9.864750, -57.805560,2026-07-12 17:26:00,NOAA-20,NOVA BANDEIRANTES,MATO GROSSO,Brasil,5106158,51,33,14,7.34,0.77,Amazônia,9.3
0d214924-cc7c-302e-b565-d71fabd51575, -10.476710, -50.134430,2026-07-12 17:26:00,NOAA-20,PIUM,TOCANTINS,Brasil,1717503,17,33,56,0.0,1.0,Cerrado,6.8
ba09f088-ab63-32d0-8b88-9b74aaec42cf, -11.406810, -50.563370,2026-07-12 17:26:00,NOAA-20,LAGOA DA CONFUSÃO,TOCANTINS,Brasil,1711902,17,33,48,0.0,1.0,Cerrado,6.6
fd25a2c3-6a71-35b8-989a-1b145d9da146,  -9.187180, -49.612850,2026-07-12 17:26:00,NOAA-20,ARAGUACEMA,TOCANTINS,Brasil,1701903,17,33,59,0.22,0.91,Cerrado,99.9
5e483b3a-3549-36c3-82b6-a48ee8c31f38, -10.674340, -48.404450,2026-07-12 17:26:00,NOAA-20,PORTO NACIONAL,TOCANTINS,Brasil,1718204,17,33,46,0.0,-999.0,Cerrado,4.3
2d834409-28f5-39b6-b34d-7727b05d7ce4,  -9.368710, -46.686650,2026-07-12 17:26:00,NOAA-20,BALSAS,MARANHÃO,Brasil,2101400,21,33,74,0.0,1.0,Cerrado,11.4
0f30c59c-7e37-3284-9aa1-a5f6cb548f76,  -6.158430, -45.241970,2026-07-12 17:26:00,NOAA-20,FERNANDO FALCÃO,MARANHÃO,Brasil,2104081,21,33,24,0.0,1.0,Cerrado,11.1
68fc8ab9-a362-3009-b020-676fbc82518f, -15.918800, -69.692830,2026-07-12 17:26:00,NOAA-20,Puno,Puno,Peru,170,22,178,8,0.0,0.69,,40.8
49347c11-59ef-327b-afa5-82470f61bc2a, -10.166210, -50.133920,2026-07-12 17:26:00,NOAA-20,PIUM,TOCANTINS,Brasil,1717503,17,33,11,0.32,1.0,Cerrado,22.0
bd933e3f-2998-34e9-b5de-bc9bdc207204, -15.257750, -68.776950,2026-07-12 17:26:00,NOAA-20,Muñecas,La Paz,Bolivia,44,4,28,10,0.0,0.76,,9.3
81589eca-110d-3f0e-9614-31dc4326f421, -10.168210, -50.117530,2026-07-12 17:26:00,NOAA-20,PIUM,TOCANTINS,Brasil,1717503,17,33,13,0.32,1.0,Cerrado,15.6
24e6953a-2be3-37c4-92c6-c8215948f728, -16.596300, -67.465560,2026-07-12 17:26:00,NOAA-20,Inquisivi,La Paz,Bolivia,39,4,28,10,0.0,0.7,,15.1
429ebb92-2020-3d96-bd13-67c0eaa0493e, -11.063920, -51.176060,2026-07-12 17:26:00,NOAA-20,LUCIARA,MATO GROSSO,Brasil,5105309,51,33,57,0.19,1.0,Cerrado,11.0
09ef33af-41df-3260-b645-e19c64e8c2bb,  -7.912550, -48.254820,2026-07-12 17:26:00,NOAA-20,PALMEIRANTE,TOCANTINS,Brasil,1715705,17,33,24,0.0,1.0,Cerrado,6.0
23c377c6-cb86-3ad3-8e05-f44d45a665f7, -10.156700, -50.135610,2026-07-12 17:26:00,NOAA-20,PIUM,TOCANTINS,Brasil,1717503,17,33,4,0.22,1.0,Cerrado,9.4
cb9f4fd5-3387-379f-88df-24eba15c5879, -11.059560, -51.176830,2026-07-12 17:26:00,NOAA-20,LUCIARA,MATO GROSSO,Brasil,5105309,51,33,57,0.15,1.0,Cerrado,11.0
b14a72be-ed7e-369b-92d8-01ec64799806,  -7.913740, -48.250520,2026-07-12 17:26:00,NOAA-20,PALMEIRANTE,TOCANTINS,Brasil,1715705,17,33,24,0.0,1.0,Cerrado,4.6
0d676690-564a-3e87-9a2c-69d97c503057, -10.501260, -50.135330,2026-07-12 17:26:00,NOAA-20,PIUM,TOCANTINS,Brasil,1717503,17,33,58,0.0,1.0,Cerrado,12.8
8caa27c0-03ae-3396-a2cc-84ce2ace4850,  -7.202660, -44.265690,2026-07-12 17:26:00,NOAA-20,ANTÔNIO ALMEIDA,PIAUÍ,Brasil,2200806,22,33,69,0.0,1.0,Cerrado,9.1
ee48504b-b915-34fb-b8dd-f7ff764e5679, -11.096380, -50.045560,2026-07-12 17:26:00,NOAA-20,LAGOA DA CONFUSÃO,TOCANTINS,Brasil,1711902,17,33,69,0.0,1.0,Cerrado,18.4
6ed34464-e39e-34a9-b93c-bd8efa769efc, -10.500360, -50.130210,2026-07-12 17:26:00,NOAA-20,PIUM,TOCANTINS,Brasil,1717503,17,33,57,0.0,1.0,Cerrado,4.8
082bc049-2be1-3efb-b162-acd9c11aa97e, -11.089830, -50.036270,2026-07-12 17:26:00,NOAA-20,LAGOA DA CONFUSÃO,TOCANTINS,Brasil,1711902,17,33,68,0.0,1.0,Cerrado,18.3
313801d6-03b2-36d8-bb19-33e2514d1d30,  -6.159630, -45.244750,2026-07-12 17:26:00,NOAA-20,FERNANDO FALCÃO,MARANHÃO,Brasil,2104081,21,33,24,0.0,1.0,Cerrado,6.7
7b25e944-d0ca-3cf8-8066-e14fbb63813e,  -8.098690, -47.094530,2026-07-12 17:26:00,NOAA-20,GOIATINS,TOCANTINS,Brasil,1709005,17,33,17,0.0,1.0,Cerrado,16.8
11be154f-608c-3230-b9bc-88445bcda95c, -11.403120, -50.568800,2026-07-12 17:26:00,NOAA-20,LAGOA DA CONFUSÃO,TOCANTINS,Brasil,1711902,17,33,49,0.0,1.0,Cerrado,7.4
894d9aa6-b1fd-3c9e-ae68-194c43e8278a, -14.872000, -70.425210,2026-07-12 17:26:00,NOAA-20,Azángaro,Puno,Peru,161,22,178,25,0.0,0.8,,24.4
e7936d25-de98-36ac-b634-3dc5321b5d20, -10.288270, -48.327410,2026-07-12 17:26:00,NOAA-20,PALMAS,TOCANTINS,Brasil,1721000,17,33,22,0.25,-999.0,Cerrado,7.3
cf362780-6e64-3146-a45f-f4dfc1f420c1, -11.090750, -50.041330,2026-07-12 17:26:00,NOAA-20,LAGOA DA CONFUSÃO,TOCANTINS,Brasil,1711902,17,33,68,0.0,1.0,Cerrado,18.4
3ef467e4-0b1d-3f13-a986-0f52098cf28b,  -7.201370, -44.259000,2026-07-12 17:26:00,NOAA-20,ANTÔNIO ALMEIDA,PIAUÍ,Brasil,2200806,22,33,69,0.0,1.0,Cerrado,9.1
5319fc21-0913-3781-9ee8-ea0f2b3e8a61, -14.873560, -70.419510,2026-07-12 17:26:00,NOAA-20,Azángaro,Puno,Peru,161,22,178,25,0.0,0.8,,25.3
e5c95b41-8c9b-38da-8b75-3f00e612c7a7,  -9.994650, -45.758300,2026-07-12 17:26:00,NOAA-20,BARREIRAS DO PIAUÍ,PIAUÍ,Brasil,2201309,22,33,83,0.0,1.0,Cerrado,4.3
eafb7a72-239b-3e42-b9dc-56df1be25706, -14.871410, -70.418840,2026-07-12 17:26:00,NOAA-20,Azángaro,Puno,Peru,161,22,178,25,0.0,0.8,,24.4
dd0005d9-20f5-337a-ac8b-33c766deef60, -10.365200, -46.169050,2026-07-12 17:26:00,NOAA-20,MATEIROS,TOCANTINS,Brasil,1712702,17,33,51,0.0,1.0,Cerrado,6.9
f52637c9-af59-3a23-88e9-ca7ad59eba27, -10.394330, -46.350340,2026-07-12 17:26:00,NOAA-20,MATEIROS,TOCANTINS,Brasil,1712702,17,33,81,0.0,1.0,Cerrado,5.0
ecfe5bdd-13b5-3d6a-89be-b404f0da5850, -11.064680, -51.180340,2026-07-12 17:26:00,NOAA-20,LUCIARA,MATO GROSSO,Brasil,5105309,51,33,57,0.2,1.0,Cerrado,11.0
dbea1d0d-c859-3a23-91d3-bcb04e1de5fc, -14.866460, -70.419490,2026-07-12 17:26:00,NOAA-20,Azángaro,Puno,Peru,161,22,178,25,0.0,0.8,,25.3
d0fe4c50-331d-36cd-afbe-f39c2ef13e55, -11.560200, -66.318840,2026-07-12 17:26:00,NOAA-20,Vaca Díez,El Beni,Bolivia,30,3,28,9,8.51,0.85,,2.4
baee1fd8-b0f3-318c-a487-076386a41138,  -9.808830, -49.229610,2026-07-12 17:26:00,NOAA-20,DIVINÓPOLIS DO TOCANTINS,TOCANTINS,Brasil,1707108,17,33,43,0.0,1.0,Cerrado,6.1
8195ee38-53f0-3e75-ba85-5b891095869c, -11.403960, -50.573420,2026-07-12 17:26:00,NOAA-20,LAGOA DA CONFUSÃO,TOCANTINS,Brasil,1711902,17,33,49,0.0,1.0,Cerrado,7.4
c85ac5cd-1145-3991-b8a1-4d172279b4f0, -16.593770, -67.465300,2026-07-12 17:26:00,NOAA-20,Inquisivi,La Paz,Bolivia,39,4,28,10,0.0,0.71,,19.7
90239a9a-3955-3a5e-851f-6b741b7dc585, -16.411520, -67.082430,2026-07-12 17:26:00,NOAA-20,Inquisivi,La Paz,Bolivia,39,4,28,32,0.0,0.67,,9.9
4462d13d-8d25-34be-a904-bafbabd04276, -10.172050, -50.111490,2026-07-12 17:26:00,NOAA-20,PIUM,TOCANTINS,Brasil,1717503,17,33,16,0.31,1.0,Cerrado,15.6
7e10ea78-8daf-31e2-823e-d4eda412b730, -10.172970, -50.116680,2026-07-12 17:26:00,NOAA-20,PIUM,TOCANTINS,Brasil,1717503,17,33,16,0.35,1.0,Cerrado,15.6
e92b3c5b-1d41-3418-9a3c-c198c8b56171,  -9.192170, -49.611880,2026-07-12 17:26:00,NOAA-20,ARAGUACEMA,TOCANTINS,Brasil,1701903,17,33,59,0.26,0.96,Cerrado,7.5
a7e6f410-66f6-38c6-a0d7-e0d2a46adb08, -13.400020, -54.334380,2026-07-12 17:26:00,NOAA-20,PARANATINGA,MATO GROSSO,Brasil,5106307,51,33,23,9.44,0.11,Amazônia,5.8
00fa8de5-96ab-3c63-be4e-4e254159c96e, -10.495630, -50.131050,2026-07-12 17:26:00,NOAA-20,PIUM,TOCANTINS,Brasil,1717503,17,33,57,0.0,1.0,Cerrado,4.8
16d61a77-706f-39e9-8254-8369d68ae1b9, -10.178290, -50.174340,2026-07-12 17:26:00,NOAA-20,PIUM,TOCANTINS,Brasil,1717503,17,33,20,0.62,1.0,Cerrado,8.7
8a3eeed5-b520-3edb-9f91-79ede18b008b, -10.985230, -69.650610,2026-07-12 17:26:00,NOAA-20,Tahuamanu,Madre de Dios,Peru,145,18,178,9,4.98,0.04,,2.7
bdecd934-897d-30d6-8f33-ab534dda83a6, -10.157630, -50.140780,2026-07-12 17:26:00,NOAA-20,PIUM,TOCANTINS,Brasil,1717503,17,33,5,0.23,1.0,Cerrado,9.4
9db325f1-53b1-309a-8121-4cb1282f528a, -10.494720, -50.125930,2026-07-12 17:26:00,NOAA-20,PIUM,TOCANTINS,Brasil,1717503,17,33,56,0.0,1.0,Cerrado,4.8
145ee22e-c83b-3014-8dfe-67305e89610b, -15.256130, -68.778140,2026-07-12 17:26:00,NOAA-20,Muñecas,La Paz,Bolivia,44,4,28,10,0.0,0.77,,8.0
b3712a53-948d-3317-8d98-47f9b1348ee0, -10.153800, -50.146800,2026-07-12 17:26:00,NOAA-20,PIUM,TOCANTINS,Brasil,1717503,17,33,3,0.2,1.0,Cerrado,11.2
18698854-698e-375f-b6c3-4436e5a8b83c, -10.179200, -50.179490,2026-07-12 17:26:00,NOAA-20,PIUM,TOCANTINS,Brasil,1717503,17,33,21,0.6,1.0,Cerrado,8.7
506222fd-95ef-3c81-9379-03336f1ca654, -10.919610, -57.538510,2026-07-12 17:26:00,NOAA-20,JUARA,MATO GROSSO,Brasil,5105101,51,33,19,15.43,0.06,Amazônia,3.5
13047e5a-10d1-32ac-92bc-30213f4bd443,  -9.186660, -49.609940,2026-07-12 17:26:00,NOAA-20,ARAGUACEMA,TOCANTINS,Brasil,1701903,17,33,59,0.22,0.86,Cerrado,99.9
5f045833-1323-334d-affc-b6a3eadea17e, -10.289440, -46.365430,2026-07-12 17:26:00,NOAA-20,MATEIROS,TOCANTINS,Brasil,1712702,17,33,82,0.0,1.0,Cerrado,17.5
36cf9d22-652b-3744-8139-cd805ff0612b, -13.399370, -54.330390,2026-07-12 17:26:00,NOAA-20,PARANATINGA,MATO GROSSO,Brasil,5106307,51,33,24,9.77,0.1,Amazônia,53.7
90094e7e-d346-362e-bd30-df4e33759ebf, -15.911980, -69.693440,2026-07-12 17:26:00,NOAA-20,Puno,Puno,Peru,170,22,178,8,0.0,0.69,,11.5
38a0f5e7-53bf-3598-aada-0098fc1e1e9a,  -9.187700, -49.615770,2026-07-12 17:26:00,NOAA-20,ARAGUACEMA,TOCANTINS,Brasil,1701903,17,33,59,0.21,0.95,Cerrado,104.8
80fb2fb5-e4b7-30c2-b1f7-4ca4fd73c17e, -11.778520, -66.658140,2026-07-12 17:26:00,NOAA-20,Vaca Díez,El Beni,Bolivia,30,3,28,25,15.98,0.16,,6.3
24f64227-cb01-3276-b4de-8effc13cc26c,  -7.824070, -49.966720,2026-07-12 17:26:00,NOAA-20,PAU D'ARCO,PARÁ,Brasil,1505551,15,33,23,0.6,1.0,Amazônia,2.5
faa89865-5b27-38bf-a32f-701d454497e3, -16.361760, -68.714520,2026-07-12 17:26:00,NOAA-20,Ingavi,La Paz,Bolivia,38,4,28,16,0.0,0.67,,8.0
9198fb37-29c3-3c50-a8da-94b0628c3d55, -10.171720, -50.164890,2026-07-12 17:26:00,NOAA-20,PIUM,TOCANTINS,Brasil,1717503,17,33,15,0.52,1.0,Cerrado,5.9
bc410014-9753-30cb-b79d-fe6e11143350,  -7.206280, -44.257840,2026-07-12 17:26:00,NOAA-20,ANTÔNIO ALMEIDA,PIAUÍ,Brasil,2200806,22,33,70,0.0,1.0,Cerrado,12.2
89b1bbfa-7a0a-3db7-8c38-ec7c9f68b308, -15.250040, -68.781730,2026-07-12 17:26:00,NOAA-20,Muñecas,La Paz,Bolivia,44,4,28,10,0.0,0.76,,8.0
248ef3fe-4405-3cd8-9eb4-f469fb41ad8e, -11.407640, -50.567990,2026-07-12 17:26:00,NOAA-20,LAGOA DA CONFUSÃO,TOCANTINS,Brasil,1711902,17,33,49,0.0,1.0,Cerrado,7.4
047ee2d5-16ba-3071-b221-1bcf61b374a4, -10.169130, -50.122720,2026-07-12 17:26:00,NOAA-20,PIUM,TOCANTINS,Brasil,1717503,17,33,14,0.34,1.0,Cerrado,12.0
f3f05282-733f-36c0-bef8-fbb40869eae8, -10.482360, -50.138700,2026-07-12 17:26:00,NOAA-20,PIUM,TOCANTINS,Brasil,1717503,17,33,57,0.0,1.0,Cerrado,6.6
d3ce16f8-c2f5-3e73-b62d-8d4cf23ff456, -10.294870, -48.333270,2026-07-12 17:26:00,NOAA-20,PALMAS,TOCANTINS,Brasil,1721000,17,33,22,0.26,1.0,Cerrado,11.0
c05e36cf-b38e-36bc-9721-91bdd3049473, -11.412160, -50.567180,2026-07-12 17:26:00,NOAA-20,LAGOA DA CONFUSÃO,TOCANTINS,Brasil,1711902,17,33,50,0.0,1.0,Cerrado,6.0
c8de73d5-7233-3bf4-8497-8fba88f77513, -11.060320, -51.181100,2026-07-12 17:26:00,NOAA-20,LUCIARA,MATO GROSSO,Brasil,5105309,51,33,57,0.16,1.0,Cerrado,11.0
c96ce764-35ee-3ab8-a0b6-8895fa8e7347, -11.560700, -66.318600,2026-07-12 17:26:00,NOAA-20,Vaca Díez,El Beni,Bolivia,30,3,28,9,8.53,0.85,,3.8
460dd274-db12-3ae4-ac52-774a45cc8524,  -7.938920, -50.961130,2026-07-12 17:26:00,NOAA-20,CUMARU DO NORTE,PARÁ,Brasil,1502764,15,33,20,1.34,0.94,Amazônia,4.7
2c37da56-84d4-3749-a7dc-eab2dac645a7, -10.164370, -50.123560,2026-07-12 17:26:00,NOAA-20,PIUM,TOCANTINS,Brasil,1717503,17,33,10,0.29,1.0,Cerrado,17.8
e390e2db-2287-3806-9124-9278a035baf9, -11.086040, -50.042180,2026-07-12 17:26:00,NOAA-20,LAGOA DA CONFUSÃO,TOCANTINS,Brasil,1711902,17,33,68,0.0,1.0,Cerrado,78.6
f30e527c-7fed-3f95-a94b-2d05720d3ef1,  -9.188220, -49.618670,2026-07-12 17:26:00,NOAA-20,ARAGUACEMA,TOCANTINS,Brasil,1701903,17,33,60,0.2,0.99,Cerrado,104.8
e6e46966-d5df-3463-b3c5-18c0ddf6e206,  -7.914420, -48.254340,2026-07-12 17:26:00,NOAA-20,PALMEIRANTE,TOCANTINS,Brasil,1715705,17,33,24,0.0,1.0,Cerrado,2.5
361941a7-005c-3dd5-99ba-bba96ac7d3de, -10.906150, -49.486450,2026-07-12 17:26:00,NOAA-20,SANTA RITA DO TOCANTINS,TOCANTINS,Brasil,1718899,17,33,15,0.0,1.0,Cerrado,12.9
72b55cb5-41e1-3941-8c9a-305ba56353ac, -11.091670, -50.046400,2026-07-12 17:26:00,NOAA-20,LAGOA DA CONFUSÃO,TOCANTINS,Brasil,1711902,17,33,68,0.0,1.0,Cerrado,18.4
931dec45-d857-300b-b5b9-613a91a1f283, -13.402880, -54.329790,2026-07-12 17:26:00,NOAA-20,PARANATINGA,MATO GROSSO,Brasil,5106307,51,33,24,10.0,0.09,Amazônia,53.7
e3f48d26-6c27-3179-a63e-91c5fd445dcd, -11.152460, -50.595600,2026-07-12 17:26:00,NOAA-20,LAGOA DA CONFUSÃO,TOCANTINS,Brasil,1711902,17,33,66,0.0,1.0,Cerrado,4.3
eaf403be-364e-3405-9591-5371f3e65a4d, -10.489990, -50.126780,2026-07-12 17:26:00,NOAA-20,PIUM,TOCANTINS,Brasil,1717503,17,33,56,0.0,1.0,Cerrado,6.4
5754b432-c3dd-30f7-93d3-1d7cd585e8c7, -13.405750, -54.325180,2026-07-12 17:26:00,NOAA-20,PARANATINGA,MATO GROSSO,Brasil,5106307,51,33,25,10.56,0.08,Amazônia,6.5
36f9970d-f412-3447-a3f0-ce0b0b2b498f, -11.036800, -50.101820,2026-07-12 17:26:00,NOAA-20,LAGOA DA CONFUSÃO,TOCANTINS,Brasil,1711902,17,33,68,0.0,1.0,Cerrado,5.7
231f1c07-4533-3f20-80ef-9b68cf2b5a95, -13.403530, -54.333780,2026-07-12 17:26:00,NOAA-20,PARANATINGA,MATO GROSSO,Brasil,5106307,51,33,24,9.67,0.1,Amazônia,5.8
cf8b7de0-8323-3790-8acf-ea64baa5dfca, -13.398720, -54.326380,2026-07-12 17:26:00,NOAA-20,PARANATINGA,MATO GROSSO,Brasil,5106307,51,33,25,10.07,0.1,Amazônia,53.7
640ee0ae-3944-3bc5-9dbb-00a6ef209f7e, -10.475790, -50.129310,2026-07-12 17:26:00,NOAA-20,PIUM,TOCANTINS,Brasil,1717503,17,33,56,0.0,1.0,Cerrado,6.8
514e6244-da0b-3ad3-ba51-cecbf4640408, -11.100160, -50.039650,2026-07-12 17:26:00,NOAA-20,LAGOA DA CONFUSÃO,TOCANTINS,Brasil,1711902,17,33,69,0.0,1.0,Cerrado,6.7
7eefd1df-18b6-3514-bc17-648da3168c4d, -16.607120, -69.288020,2026-07-12 17:26:00,NOAA-20,Chucuíto,Puno,Peru,163,22,178,7,0.0,0.8,,9.7
3c1d7996-b778-39c3-8590-540ed20fceb9, -10.160540, -50.129590,2026-07-12 17:26:00,NOAA-20,PIUM,TOCANTINS,Brasil,1717503,17,33,7,0.26,1.0,Cerrado,17.8
3e996fed-bd16-3ed1-b0cf-a776cc641123, -12.131280, -69.107000,2026-07-12 17:26:00,NOAA-20,Tambopata,Madre de Dios,Peru,146,18,178,9,5.74,0.02,,5.4
51356da1-7674-3026-934a-01d65fec4fd3, -15.251570, -68.779980,2026-07-12 17:26:00,NOAA-20,Muñecas,La Paz,Bolivia,44,4,28,10,0.0,0.77,,9.3
4f934e87-2114-38a7-81f4-bdbbe5b4740d, -11.778940, -66.661580,2026-07-12 17:26:00,NOAA-20,Vaca Díez,El Beni,Bolivia,30,3,28,25,16.0,0.16,,6.3
ec0180a4-b9ee-3629-ba3c-cd6c52c4d9db, -11.099250, -50.034580,2026-07-12 17:26:00,NOAA-20,LAGOA DA CONFUSÃO,TOCANTINS,Brasil,1711902,17,33,69,0.0,1.0,Cerrado,7.5
5bce5f07-9c5a-3fc2-a3d0-f81bca95a51f, -12.127490, -43.897950,2026-07-12 17:26:00,NOAA-20,WANDERLEY,BAHIA,Brasil,2933455,29,33,49,0.0,1.0,Cerrado,7.0
bc7c0810-1108-3162-b3ab-3fddbd736bfc,  -1.928540, -47.612110,2026-07-12 17:28:00,NOAA-20,MÃE DO RIO,PARÁ,Brasil,1504059,15,33,2,1.22,0.39,Amazônia,14.1
92ddcfde-5123-30ae-8eac-8baa4d438648,  -6.078540, -52.564430,2026-07-12 17:28:00,NOAA-20,SÃO FÉLIX DO XINGU,PARÁ,Brasil,1507300,15,33,6,0.0,0.5,Amazônia,6.6
bef183d3-675c-398e-814b-afed36effc4d,  -3.389150, -59.523320,2026-07-12 17:28:00,NOAA-20,CAREIRO DA VÁRZEA,AMAZONAS,Brasil,1301159,13,33,5,0.0,0.22,Amazônia,7.6
e178e883-5df8-3b61-993d-c663940c14a7,  -3.966240, -58.502580,2026-07-12 17:28:00,NOAA-20,NOVA OLINDA DO NORTE,AMAZONAS,Brasil,1303106,13,33,3,0.0,0.18,Amazônia,3.0
af40ed40-d3b2-3d58-91d8-4c0ac3179ae3,  -3.571760, -61.061840,2026-07-12 17:28:00,NOAA-20,MANACAPURU,AMAZONAS,Brasil,1302504,13,33,3,1.13,-999.0,Amazônia,2.9
78ce6f4f-3049-368e-ab6d-1f285faa7ab4,  -1.922120, -47.613110,2026-07-12 17:28:00,NOAA-20,MÃE DO RIO,PARÁ,Brasil,1504059,15,33,2,1.23,0.41,Amazônia,8.4
6d05cf7a-3bed-3431-868f-2b9131772442,  -2.992410, -58.724230,2026-07-12 17:28:00,NOAA-20,SILVES,AMAZONAS,Brasil,1304005,13,33,5,0.0,0.16,Amazônia,2.1
026e7890-05eb-3844-84fc-3df093e0cec8,  -6.011780, -47.821960,2026-07-12 17:28:00,NOAA-20,SÃO BENTO DO TOCANTINS,TOCANTINS,Brasil,1720101,17,33,39,0.0,1.0,Cerrado,19.7
e20779e1-9761-3867-9374-5979e39b6773,  -4.805640, -45.767110,2026-07-12 17:28:00,NOAA-20,ARAME,MARANHÃO,Brasil,2100956,21,33,9,0.0,0.89,Amazônia,28.1
9a34d260-54b6-3793-b121-1e744f39d259,  -3.174510, -60.346650,2026-07-12 17:28:00,NOAA-20,IRANDUBA,AMAZONAS,Brasil,1301852,13,33,5,0.2,0.22,Amazônia,3.1
5f157af4-a1c3-3c94-bd43-5b7cb8339f3d,  -3.667270, -57.439710,2026-07-12 17:28:00,NOAA-20,MAUÉS,AMAZONAS,Brasil,1302900,13,33,4,0.0,0.14,Amazônia,3.3
8e4aa19b-eb07-3e12-bfc5-85068c4248c4,  -6.012510, -47.826190,2026-07-12 17:28:00,NOAA-20,SÃO BENTO DO TOCANTINS,TOCANTINS,Brasil,1720101,17,33,39,0.0,1.0,Cerrado,10.4
5127cf88-74bc-3a56-8d5e-8bd9fe449452,  -4.505580, -48.311650,2026-07-12 17:28:00,NOAA-20,RONDON DO PARÁ,PARÁ,Brasil,1506187,15,33,3,0.0,0.66,Amazônia,6.4
c24bd8bc-0e8a-3946-9a3c-6d7ab0d6505e,  -3.981180, -45.076970,2026-07-12 17:28:00,NOAA-20,OLHO D'ÁGUA DAS CUNHÃS,MARANHÃO,Brasil,2107407,21,33,6,0.0,1.0,Amazônia,6.2
84239625-348e-3493-9d0e-742f3cbfdae7,  -6.375400, -51.306820,2026-07-12 17:28:00,NOAA-20,SÃO FÉLIX DO XINGU,PARÁ,Brasil,1507300,15,33,2,0.0,1.0,Amazônia,9.9
6e436370-f021-3e97-a973-f92e264a968f,  -6.250680, -50.773620,2026-07-12 17:28:00,NOAA-20,PARAUAPEBAS,PARÁ,Brasil,1505536,15,33,1,0.64,0.44,Amazônia,29.8
9e725975-e5a1-3f02-9dad-097d9bee503d,  -3.389670, -59.526760,2026-07-12 17:28:00,NOAA-20,CAREIRO DA VÁRZEA,AMAZONAS,Brasil,1301159,13,33,5,0.0,0.22,Amazônia,7.6
345eef93-3ee6-360b-9eff-6ede3a62b649,  -9.511060, -68.581860,2026-07-12 17:28:00,NOAA-20,SENA MADUREIRA,ACRE,Brasil,1200500,12,33,13,8.53,0.01,Amazônia,7.2
ddde3940-1e67-3e89-a2c2-9f298d95fa3a,  -9.512960, -68.583700,2026-07-12 17:28:00,NOAA-20,SENA MADUREIRA,ACRE,Brasil,1200500,12,33,13,8.53,0.01,Amazônia,5.0
65842ea3-72d1-301f-a06b-b1e074f9af58,  -3.496920, -48.037130,2026-07-12 17:28:00,NOAA-20,PARAGOMINAS,PARÁ,Brasil,1505502,15,33,4,0.0,0.39,Amazônia,5.8
23ab30d9-808f-3fba-9a65-8dd8f683bdfc,  -4.805720, -45.769770,2026-07-12 17:28:00,NOAA-20,ARAME,MARANHÃO,Brasil,2100956,21,33,9,0.0,0.97,Amazônia,22.5
574bf255-030c-3106-9cb8-a469cc38993e,  -1.865030, -55.606880,2026-07-12 17:28:00,NOAA-20,ÓBIDOS,PARÁ,Brasil,1505106,15,33,3,0.1,0.22,Amazônia,3.0
590e7b36-ba62-3109-8791-5dedd4ab8b0d,  -3.548430, -57.777440,2026-07-12 17:28:00,NOAA-20,MAUÉS,AMAZONAS,Brasil,1302900,13,33,3,0.0,0.15,Amazônia,27.1
de3525cb-fa84-31cc-b37b-df10220ba57e,  -3.950680, -59.668790,2026-07-12 17:28:00,NOAA-20,AUTAZES,AMAZONAS,Brasil,1300300,13,33,9,0.0,0.19,Amazônia,2.8
fcfac3d0-0a8c-3a99-adc1-33bd7a848134,  -3.353650, -59.557640,2026-07-12 17:28:00,NOAA-20,CAREIRO DA VÁRZEA,AMAZONAS,Brasil,1301159,13,33,5,0.0,0.21,Amazônia,1.9
c4d989f9-122d-305c-8f25-d7d09479fb5b,  -6.559520, -55.158650,2026-07-12 17:28:00,NOAA-20,ALTAMIRA,PARÁ,Brasil,1500602,15,33,2,0.0,0.34,Amazônia,3.3
2fc55a25-45bd-32e9-a713-bf9ef5f3ca7d,  -1.853440, -55.316990,2026-07-12 17:28:00,NOAA-20,ÓBIDOS,PARÁ,Brasil,1505106,15,33,1,1.1,0.34,Amazônia,6.7
b88537c3-e501-373a-b4bf-0a3dbc1bf8f3,  -3.459250, -60.364390,2026-07-12 17:28:00,NOAA-20,MANAQUIRI,AMAZONAS,Brasil,1302553,13,33,1,0.2,0.15,Amazônia,6.5
9f7ea285-f2c5-3a4c-983e-96524100f3e7,  -5.790890, -51.860820,2026-07-12 17:28:00,NOAA-20,SÃO FÉLIX DO XINGU,PARÁ,Brasil,1507300,15,33,2,0.4,0.66,Amazônia,3.3
53230844-362d-38b3-a126-ce8cd8515e88,  -3.108760, -61.146920,2026-07-12 17:28:00,NOAA-20,MANACAPURU,AMAZONAS,Brasil,1302504,13,33,5,0.8,0.14,Amazônia,23.1
e71b9002-c69e-3ad9-890b-bc27503b2ca7,  -7.041400, -55.503630,2026-07-12 17:28:00,NOAA-20,NOVO PROGRESSO,PARÁ,Brasil,1505031,15,33,1,0.0,0.83,Amazônia,2.1
b68c5516-3fe4-3000-82c7-b962188bac5b,  -4.856910, -59.898460,2026-07-12 17:28:00,NOAA-20,BORBA,AMAZONAS,Brasil,1300805,13,33,2,0.2,0.13,Amazônia,5.5
6f920372-b952-3a18-be17-31c1a6bb1712,  -3.458710, -60.360860,2026-07-12 17:28:00,NOAA-20,MANAQUIRI,AMAZONAS,Brasil,1302553,13,33,1,0.2,0.15,Amazônia,6.5
e8f56447-7367-3056-8ae8-3dafc9d9fe1d,  -3.386360, -59.527260,2026-07-12 17:28:00,NOAA-20,CAREIRO DA VÁRZEA,AMAZONAS,Brasil,1301159,13,33,5,0.0,0.22,Amazônia,21.0
b0c54d80-00d2-3472-8ed2-0dedeb852f61,  -3.260130, -60.733410,2026-07-12 17:28:00,NOAA-20,MANACAPURU,AMAZONAS,Brasil,1302504,13,33,5,0.18,-999.0,Amazônia,5.9
d800b54d-57d4-3041-a5b4-2189bbf987c5,  -2.028170, -60.055750,2026-07-12 17:28:00,NOAA-20,PRESIDENTE FIGUEIREDO,AMAZONAS,Brasil,1303536,13,33,0,1.2,0.07,Amazônia,3.1
55ca73d2-a218-3a85-81fa-01f6f2428be3,  -6.076130, -52.565620,2026-07-12 17:28:00,NOAA-20,SÃO FÉLIX DO XINGU,PARÁ,Brasil,1507300,15,33,6,0.0,-999.0,Amazônia,7.0
425de44a-646d-3b42-ac74-676cb4f7173c,  -4.503920, -48.313250,2026-07-12 17:28:00,NOAA-20,RONDON DO PARÁ,PARÁ,Brasil,1506187,15,33,3,0.0,0.71,Amazônia,3.9
49f3b232-134d-389a-8221-ad249cdf511b,  -3.906570, -61.358910,2026-07-12 17:28:00,NOAA-20,BERURI,AMAZONAS,Brasil,1300631,13,33,2,0.19,0.17,Amazônia,1.9
9922b599-7bd1-384a-917f-a07ca2bc994e,  -3.497250, -48.037690,2026-07-12 17:28:00,NOAA-20,PARAGOMINAS,PARÁ,Brasil,1505502,15,33,4,0.0,0.39,Amazônia,5.6
bcffa8da-2a09-3ddd-ab96-f42a0f17e487,  -4.443350, -54.987240,2026-07-12 17:28:00,NOAA-20,RURÓPOLIS,PARÁ,Brasil,1506195,15,33,2,0.0,0.14,Amazônia,3.2
79f210f4-cc09-3e9e-bfc4-1c83d78cd7db,  -3.369590, -59.930390,2026-07-12 17:28:00,NOAA-20,CAREIRO,AMAZONAS,Brasil,1301100,13,33,5,0.0,0.24,Amazônia,3.9
ee4d96d5-240d-3c5f-b50e-8e226f305a22,  -6.008900, -47.822490,2026-07-12 17:28:00,NOAA-20,SÃO BENTO DO TOCANTINS,TOCANTINS,Brasil,1720101,17,33,39,0.0,1.0,Cerrado,20.9
ed5adf82-51df-348d-84ef-810b5ab4a2dc,  -3.175040, -60.350180,2026-07-12 17:28:00,NOAA-20,IRANDUBA,AMAZONAS,Brasil,1301852,13,33,4,0.2,0.22,Amazônia,3.1
216d4ed4-be9c-3d37-9c7c-8dfb6535a07e,  -1.927140, -47.610570,2026-07-12 17:28:00,NOAA-20,MÃE DO RIO,PARÁ,Brasil,1504059,15,33,2,1.21,0.41,Amazônia,31.6
4346e09f-a835-363e-9a6a-2f6b3e8da77f,  -7.040100, -55.495480,2026-07-12 17:28:00,NOAA-20,NOVO PROGRESSO,PARÁ,Brasil,1505031,15,33,1,0.0,0.78,Amazônia,4.8
137259ed-94bc-3f61-b7c3-0a062cc210fd,  -3.385830, -59.523820,2026-07-12 17:28:00,NOAA-20,CAREIRO DA VÁRZEA,AMAZONAS,Brasil,1301159,13,33,5,0.0,0.22,Amazônia,21.0
25e9713a-a4da-3a9b-9b4d-2340d938dced,  -3.899710, -61.336680,2026-07-12 17:28:00,NOAA-20,BERURI,AMAZONAS,Brasil,1300631,13,33,2,0.1,0.17,Amazônia,12.2
e1b6425f-7994-34a1-8868-1f43ae179c07,  -7.063570, -55.412080,2026-07-12 17:28:00,NOAA-20,NOVO PROGRESSO,PARÁ,Brasil,1505031,15,33,2,0.0,1.0,Amazônia,4.5
c3538473-7443-36d1-99e2-bcaed75965ee,  -1.962720, -54.708190,2026-07-12 17:28:00,NOAA-20,ALENQUER,PARÁ,Brasil,1500404,15,33,5,0.42,0.4,Amazônia,2.8
771a62bb-6781-35bb-952c-d60c32c36a60,  -3.265910, -61.308200,2026-07-12 17:28:00,NOAA-20,CAAPIRANGA,AMAZONAS,Brasil,1300839,13,33,5,0.6,0.14,Amazônia,4.4
ece3b5c3-2949-36e0-8de5-1b5a20a4e147,  -1.852360, -55.321160,2026-07-12 17:28:00,NOAA-20,ÓBIDOS,PARÁ,Brasil,1505106,15,33,1,1.09,0.14,Amazônia,7.2
497419fb-70ad-3385-9644-77e79a68ac6f,  -5.589810, -50.160240,2026-07-12 17:28:00,NOAA-20,MARABÁ,PARÁ,Brasil,1504208,15,33,2,0.35,1.0,Amazônia,6.9
2dee4f73-de46-3ab5-a6e1-8996a4116a17,  -6.374580, -51.301880,2026-07-12 17:28:00,NOAA-20,SÃO FÉLIX DO XINGU,PARÁ,Brasil,1507300,15,33,2,0.0,1.0,Amazônia,9.9
ec21d1dc-b5df-3198-a920-650b41bb7e0a,  -4.442600, -54.982520,2026-07-12 17:28:00,NOAA-20,RURÓPOLIS,PARÁ,Brasil,1506195,15,33,2,0.0,0.15,Amazônia,4.4
f01b7ec3-df66-3785-a869-d4b3968496fd,  -3.035190, -59.159550,2026-07-12 17:28:00,NOAA-20,ITACOATIARA,AMAZONAS,Brasil,1301902,13,33,5,0.0,0.19,Amazônia,6.7
e64d503c-3182-369c-8a92-a3866dd0c9a3,  -2.962810, -57.209900,2026-07-12 17:28:00,NOAA-20,BARREIRINHA,AMAZONAS,Brasil,1300508,13,33,3,0.0,0.81,Amazônia,5.8
99fa63e7-6e44-3232-abcc-d5fde838e074,  -6.932300, -43.726400,2026-07-12 17:30:00,GOES-19,GUADALUPE,PIAUÍ,Brasil,2204501,22,33,24,0.0,1.0,Cerrado,88.3
314aff99-6874-37bc-8d42-0208701d9a56, -11.586800, -74.363400,2026-07-12 17:30:00,GOES-19,Satipo,Junín,Peru,110,12,178,5,0.0,0.41,,70.3
5eb3cb92-83d0-3401-9879-eaa049300547,  -4.769900, -80.409000,2026-07-12 17:30:00,GOES-19,Sullana,Piura,Peru,159,21,178,13,0.0,1.0,,57.9
6ac0d317-3bf3-3f0c-bfee-b26996bab1c2,  -6.951200, -43.724700,2026-07-12 17:30:00,GOES-19,GUADALUPE,PIAUÍ,Brasil,2204501,22,33,25,0.0,1.0,Cerrado,132.2
d7441318-f61e-3f1f-9f8a-2c831cf4d430,  -6.951400, -43.701500,2026-07-12 17:30:00,GOES-19,GUADALUPE,PIAUÍ,Brasil,2204501,22,33,24,0.0,1.0,Cerrado,85.4
c93b06c3-4f01-3211-bd84-c6a91b786941,    .743110, -60.529870,2026-07-12 17:30:00,NOAA-20,RORAINÓPOLIS,RORAIMA,Brasil,1400472,14,33,4,0.0,0.16,Amazônia,9.1
d0667826-bb15-33a1-9c1e-8cec2831a517,   4.323110, -60.798270,2026-07-12 17:30:00,NOAA-20,PACARAIMA,RORAIMA,Brasil,1400456,14,33,0,0.0,0.02,Amazônia,2.6
b1fa307d-38a5-3854-899b-ba69c031a1f2,   3.147100, -72.085080,2026-07-12 17:30:00,NOAA-20,Mapiripán,Meta,Colombia,697,20,53,0,16.46,0.0,,5.6
2db84aab-97ad-3cd8-996f-4c86abb1ee43,    .191650, -60.496230,2026-07-12 17:30:00,NOAA-20,RORAINÓPOLIS,RORAIMA,Brasil,1400472,14,33,4,0.0,0.03,Amazônia,17.6
774ae00c-0ad7-3b1e-aeea-7a164574f096,    .194440, -60.500180,2026-07-12 17:30:00,NOAA-20,RORAINÓPOLIS,RORAIMA,Brasil,1400472,14,33,4,0.0,0.03,Amazônia,17.6
a25a2806-82da-319d-b529-38737b7c020e,   1.780820, -60.979030,2026-07-12 17:30:00,NOAA-20,CARACARAÍ,RORAIMA,Brasil,1400209,14,33,2,0.2,0.01,Amazônia,3.4
a6078702-bdeb-3699-a132-2565dc3bbe4a,    .191120, -60.499680,2026-07-12 17:30:00,NOAA-20,RORAINÓPOLIS,RORAIMA,Brasil,1400472,14,33,4,0.0,0.03,Amazônia,17.6
bad139b3-f6ec-38d5-9be7-6558d78d2d85,   2.531310, -59.705300,2026-07-12 17:30:00,NOAA-20,Rest of Region 9,Upper Takutu-Upper Essequibo,Guyana,112,10,98,2,0.0,0.21,,2.0
527fc66e-8c43-3986-adb3-45fbe2c6d037,    .706370, -60.302310,2026-07-12 17:30:00,NOAA-20,RORAINÓPOLIS,RORAIMA,Brasil,1400472,14,33,4,0.0,0.17,Amazônia,6.5
fd6ed34b-a4ee-37fe-ac05-3ab3aa405b40,   3.140940, -72.084110,2026-07-12 17:30:00,NOAA-20,Mapiripán,Meta,Colombia,697,20,53,0,16.37,0.0,,8.1
746f6901-4a1d-3df8-a86a-dbca0b77e495,    .187810, -60.499180,2026-07-12 17:30:00,NOAA-20,RORAINÓPOLIS,RORAIMA,Brasil,1400472,14,33,4,0.0,0.03,Amazônia,3.9
1b4c4e67-e6cc-3533-be04-53fe6ac8a2b6,   4.164260, -61.217110,2026-07-12 17:30:00,NOAA-20,PACARAIMA,RORAIMA,Brasil,1400456,14,33,2,0.0,0.02,Amazônia,4.6
c9f8a322-b286-3490-8a07-2bcf05923963,   4.160960, -61.216610,2026-07-12 17:30:00,NOAA-20,PACARAIMA,RORAIMA,Brasil,1400456,14,33,2,0.0,0.02,Amazônia,4.6
069eb961-39db-3524-a432-dc0b86993b5f,   1.798190, -56.071300,2026-07-12 17:30:00,NOAA-20,ORIXIMINÁ,PARÁ,Brasil,1505304,15,33,5,0.9,0.24,Amazônia,16.1
15a76513-d246-3b8c-bd50-9452eb40c1de,   4.174710, -61.215180,2026-07-12 17:30:00,NOAA-20,PACARAIMA,RORAIMA,Brasil,1400456,14,33,2,0.0,0.06,Amazônia,3.5
6288ada8-34ca-3592-83ff-8848dbded1af,   5.677140, -61.690430,2026-07-12 17:32:00,NOAA-20,Gran Sabana,Bolívar,Venezuela,71,6,249,0,5.25,0.0,,11.1
940735dd-7168-32da-a081-2edf8c1fea91,   5.693380, -61.738860,2026-07-12 17:32:00,NOAA-20,Gran Sabana,Bolívar,Venezuela,71,6,249,0,6.11,0.0,,19.7
95ede6b0-3b06-3bba-add3-1fe7b06f64f8,   5.681500, -61.684030,2026-07-12 17:32:00,NOAA-20,Gran Sabana,Bolívar,Venezuela,71,6,249,0,4.93,0.0,,3.5
96fc56ba-6473-3a4f-8d6d-325060301902,   5.684800, -61.684540,2026-07-12 17:32:00,NOAA-20,Gran Sabana,Bolívar,Venezuela,71,6,249,0,4.85,0.0,,2.2
02e19aef-2d55-3ec3-bdf5-b6f5d732be7e,   5.706990, -61.716200,2026-07-12 17:32:00,NOAA-20,Gran Sabana,Bolívar,Venezuela,71,6,249,0,5.13,0.0,,2.8
556ab854-c98f-3a4e-ae73-8fd4449be899,   5.707130, -61.737340,2026-07-12 17:32:00,NOAA-20,Gran Sabana,Bolívar,Venezuela,71,6,249,0,5.68,0.0,,32.0
83d8c700-2a5c-3bbb-98d7-21e0f5ba837b,   5.689950, -61.717130,2026-07-12 17:32:00,NOAA-20,Gran Sabana,Bolívar,Venezuela,71,6,249,0,5.58,0.0,,2.6
e2d1dda6-1a08-3b55-852c-1a01aab7232d,   5.682680, -61.698360,2026-07-12 17:32:00,NOAA-20,Gran Sabana,Bolívar,Venezuela,71,6,249,0,5.31,0.0,,3.1
3f7f1381-0c6a-3796-b048-753be8cc8168,   5.710960, -61.734380,2026-07-12 17:32:00,NOAA-20,Gran Sabana,Bolívar,Venezuela,71,6,249,0,5.52,0.0,,4.9
278b2b54-6712-3fff-aa0b-559794196ca7,  10.192740, -70.515290,2026-07-12 17:32:00,NOAA-20,Torres,Lara,Venezuela,155,14,249,1,0.61,1.0,,3.8
41131af0-0ebc-3c6c-9496-e8ae5f475f41,   5.809750, -61.556360,2026-07-12 17:32:00,NOAA-20,Gran Sabana,Bolívar,Venezuela,71,6,249,0,1.13,0.0,,3.3
ef43138a-ca65-3776-870a-054f29fea5ae,   5.706470, -61.719650,2026-07-12 17:32:00,NOAA-20,Gran Sabana,Bolívar,Venezuela,71,6,249,0,5.25,0.0,,7.0
52db8949-bb9a-34b2-9a19-6909c9885707,   5.697080, -61.714690,2026-07-12 17:32:00,NOAA-20,Gran Sabana,Bolívar,Venezuela,71,6,249,0,5.35,0.0,,11.3
b3478c0c-2418-3282-999f-e3c3941659ec,   5.711490, -61.730980,2026-07-12 17:32:00,NOAA-20,Gran Sabana,Bolívar,Venezuela,71,6,249,0,5.41,0.0,,5.8
78e27ad5-996d-30ef-aa43-962cb5058d72,   5.806450, -61.555860,2026-07-12 17:32:00,NOAA-20,Gran Sabana,Bolívar,Venezuela,71,6,249,0,1.11,0.0,,3.3
19cb0636-ec99-3616-9adb-ef404807d478,   5.696160, -61.742760,2026-07-12 17:32:00,NOAA-20,Gran Sabana,Bolívar,Venezuela,71,6,249,0,6.13,0.0,,5.7
e2a850a5-f5d1-3431-aa59-29623d1da25d,   5.775690, -61.558250,2026-07-12 17:32:00,NOAA-20,Gran Sabana,Bolívar,Venezuela,71,6,249,1,0.89,0.0,,3.0
288395d8-dae7-3681-915a-4f5e489fecbd,   5.682150, -61.701810,2026-07-12 17:32:00,NOAA-20,Gran Sabana,Bolívar,Venezuela,71,6,249,0,5.4,0.0,,4.5
2653e26d-57f6-3676-aa35-99bfb6d708f9,   5.710440, -61.737790,2026-07-12 17:32:00,NOAA-20,Gran Sabana,Bolívar,Venezuela,71,6,249,0,5.63,0.0,,4.9
ad98fa40-e6f8-3739-892e-328fd72c8cee,   5.679910, -61.694390,2026-07-12 17:32:00,NOAA-20,Gran Sabana,Bolívar,Venezuela,71,6,249,0,5.27,0.0,,12.9
74c80cc3-c9f5-3ded-a261-373ca9f562d8,   5.808690, -61.563250,2026-07-12 17:32:00,NOAA-20,Gran Sabana,Bolívar,Venezuela,71,6,249,0,1.16,0.0,,12.1
32ea2e87-d3fd-33d0-86be-6905ccfd8ac7,   5.810940, -61.570640,2026-07-12 17:32:00,NOAA-20,Gran Sabana,Bolívar,Venezuela,71,6,249,0,1.2,0.0,,5.5
c8756af9-5934-3772-bf58-a395ae6b161b,   5.832830, -65.729580,2026-07-12 17:32:00,NOAA-20,Manapiare,Amazonas,Venezuela,5,1,249,0,16.87,0.0,,12.0
97a4743f-3a01-3fed-98e7-2fd56ecc66fc,   5.805920, -61.559300,2026-07-12 17:32:00,NOAA-20,Gran Sabana,Bolívar,Venezuela,71,6,249,0,1.11,0.0,,12.1
5a85fb61-25d2-3fdd-bc7e-c9dbb194bbfc,   5.811470, -61.567200,2026-07-12 17:32:00,NOAA-20,Gran Sabana,Bolívar,Venezuela,71,6,249,0,1.19,0.0,,5.5
79429128-baeb-363b-9dad-13d38b82d8ee,   5.704880, -61.730000,2026-07-12 17:32:00,NOAA-20,Gran Sabana,Bolívar,Venezuela,71,6,249,0,5.51,0.0,,19.4
f4ad78d7-6d93-319b-aa7e-f9a4bafba8ed,   5.708190, -61.730490,2026-07-12 17:32:00,NOAA-20,Gran Sabana,Bolívar,Venezuela,71,6,249,0,5.46,0.0,,19.4
e0fa967c-c696-32f6-a9d0-b37902db5312,   5.701580, -61.729500,2026-07-12 17:32:00,NOAA-20,Gran Sabana,Bolívar,Venezuela,71,6,249,0,5.6,0.0,,5.6
f8a5026e-0ac0-354c-98a8-a95c0f260323,   5.809220, -61.559800,2026-07-12 17:32:00,NOAA-20,Gran Sabana,Bolívar,Venezuela,71,6,249,0,1.14,0.0,,12.1
8e149bb2-0ad9-3e14-a6e1-bd1a4050a53d,   5.708710, -61.727050,2026-07-12 17:32:00,NOAA-20,Gran Sabana,Bolívar,Venezuela,71,6,249,0,5.36,0.0,,19.4
33e6b6e6-6ef3-3463-93d3-5f829c4f8b30,   5.705410, -61.726550,2026-07-12 17:32:00,NOAA-20,Gran Sabana,Bolívar,Venezuela,71,6,249,0,5.43,0.0,,19.4
e3060468-5f94-3d96-868f-27380724ef26,   5.828960, -65.729020,2026-07-12 17:32:00,NOAA-20,Manapiare,Amazonas,Venezuela,5,1,249,0,16.44,0.0,,5.2
432efcd6-1fd2-381a-906c-4fc75347b7e1,   5.701050, -61.732940,2026-07-12 17:32:00,NOAA-20,Gran Sabana,Bolívar,Venezuela,71,6,249,0,5.71,0.0,,11.3
a91a99a0-3416-3e4d-ac2e-2a7266b10c60,   5.702630, -61.722600,2026-07-12 17:32:00,NOAA-20,Gran Sabana,Bolívar,Venezuela,71,6,249,0,5.41,0.0,,3.3
9045ae40-275a-3f54-9b33-85bbb0ce1cf0,   5.824320, -65.733270,2026-07-12 17:32:00,NOAA-20,Manapiare,Amazonas,Venezuela,5,1,249,0,16.28,0.0,,5.2
c89fbcf2-c028-3bd7-9143-11be8ddbec3d,   5.692860, -61.742290,2026-07-12 17:32:00,NOAA-20,Gran Sabana,Bolívar,Venezuela,71,6,249,0,6.2,0.0,,19.7
1968e00f-4f45-3b41-b6bf-7653473709f8,   5.704350, -61.733440,2026-07-12 17:32:00,NOAA-20,Gran Sabana,Bolívar,Venezuela,71,6,249,0,5.63,0.0,,32.0
6ffeabc2-6f4b-3db1-9065-e1139e19ea7b,   5.676610, -61.693890,2026-07-12 17:32:00,NOAA-20,Gran Sabana,Bolívar,Venezuela,71,6,249,0,5.34,0.0,,12.9
48b21764-613d-3a22-9474-56f95e0290b5,   5.705940, -61.723100,2026-07-12 17:32:00,NOAA-20,Gran Sabana,Bolívar,Venezuela,71,6,249,0,5.34,0.0,,7.0
1ad7ed54-0652-3d5c-8b13-6c1f969ed840,   5.680440, -61.690940,2026-07-12 17:32:00,NOAA-20,Gran Sabana,Bolívar,Venezuela,71,6,249,0,5.17,0.0,,11.1
9e6c894a-02c3-3729-8605-0ea5f537f2ca,   5.703830, -61.736880,2026-07-12 17:32:00,NOAA-20,Gran Sabana,Bolívar,Venezuela,71,6,249,0,5.75,0.0,,32.0
861b4825-d896-3d8c-8934-fc48f9a3b00b, -11.586800, -74.363400,2026-07-12 17:40:00,GOES-19,Satipo,Junín,Peru,110,12,178,5,0.0,0.41,,73.1
e130ea2a-251e-3e7f-8a03-df721b96ec54,  -4.769900, -80.409000,2026-07-12 17:40:00,GOES-19,Sullana,Piura,Peru,159,21,178,13,0.0,1.0,,58.1
2e7c6c3d-27d4-3f41-b3a4-1d8e738d943f,  -4.751700, -80.408800,2026-07-12 17:40:00,GOES-19,Sullana,Piura,Peru,159,21,178,10,0.0,1.0,,58.0
f21a73c7-cb43-3cf5-8bd4-ff85c0baa3bf,  -4.751600, -80.372400,2026-07-12 17:40:00,GOES-19,Sullana,Piura,Peru,159,21,178,10,0.0,1.0,,58.1
4b186a6b-af57-3297-aaea-c27c89bdf6e5,  -4.751700, -80.427000,2026-07-12 17:50:00,GOES-19,Sullana,Piura,Peru,159,21,178,10,0.0,1.0,,60.1
c570d81d-1c07-3dcd-b8a9-6b677ff6240d,  -6.932300, -43.726400,2026-07-12 17:50:00,GOES-19,GUADALUPE,PIAUÍ,Brasil,2204501,22,33,24,0.0,1.0,Cerrado,93.7
aa986f84-68e4-3df2-8602-3065f766c618,  -4.751700, -80.408800,2026-07-12 17:50:00,GOES-19,Sullana,Piura,Peru,159,21,178,10,0.0,1.0,,58.8
14170bf4-7839-33e6-9d98-ea6a02327f1f,  -6.951200, -43.724700,2026-07-12 17:50:00,GOES-19,GUADALUPE,PIAUÍ,Brasil,2204501,22,33,25,0.0,1.0,Cerrado,97.5
aed13fb8-7d36-32c1-850f-b9022bea7eeb,  -4.769900, -80.409000,2026-07-12 17:50:00,GOES-19,Sullana,Piura,Peru,159,21,178,13,0.0,1.0,,58.4
b47274e2-de91-34e5-bf13-c159f3bbbc62, -11.586800, -74.363400,2026-07-12 17:50:00,GOES-19,Satipo,Junín,Peru,110,12,178,5,0.0,0.41,,68.2
ef0e8538-7718-3768-80d2-303313076121,  -4.769900, -80.409000,2026-07-12 18:00:00,GOES-19,Sullana,Piura,Peru,159,21,178,13,0.0,1.0,,58.8
1778c059-7d90-3844-a2f2-c7d244fed01d,  -6.951200, -43.724700,2026-07-12 18:00:00,GOES-19,GUADALUPE,PIAUÍ,Brasil,2204501,22,33,25,0.0,1.0,Cerrado,115.9
9700aabb-f8ad-3039-b2fe-5fb0ed8a0578,  -4.386900, -80.278100,2026-07-12 18:00:00,GOES-19,Zapotillo,Loja,Ecuador,117,12,68,10,0.0,1.0,,58.5
8877aafc-30d6-3624-aa63-732035db1bac,  -4.751700, -80.408800,2026-07-12 18:00:00,GOES-19,Sullana,Piura,Peru,159,21,178,10,0.0,1.0,,58.6
3551ab1f-bfd6-3470-b893-0792df48c77b,  -4.733400, -80.408600,2026-07-12 18:00:00,GOES-19,Sullana,Piura,Peru,159,21,178,11,0.0,1.0,,57.8
c64761de-df1c-35be-9b62-aec95111439a,  -4.751700, -80.427000,2026-07-12 18:00:00,GOES-19,Sullana,Piura,Peru,159,21,178,10,0.0,1.0,,59.7
a1933ef4-b9c7-3cc6-bac0-425b5277015b, -37.514100, -69.080680,2026-07-12 18:06:00,NOAA-21,Pehuenches,Neuquén,Argentina,365,15,12,2,0.1,0.37,,3.8
cc11c0af-66a9-3e25-ab66-a4a4fced8d59, -34.114840, -63.593890,2026-07-12 18:06:00,NOAA-21,Presidente Roque Sáenz Peña,Córdoba,Argentina,140,2,12,11,0.0,0.77,,8.3
0624bb79-81f4-3744-9b29-b18418196449, -32.158010, -60.763550,2026-07-12 18:06:00,NOAA-21,San Jerónimo,Santa Fe,Argentina,453,21,12,0,0.1,0.39,,4.1
18183570-51d0-38d5-ac6b-bd4269ddbef1, -36.958270, -72.629550,2026-07-12 18:06:00,NOAA-21,Biobío,Bío-Bío,Chile,17,6,48,2,0.1,0.07,,9.2
b0892d35-839d-38bd-b1ed-ad593cd783fe, -36.782940, -72.664760,2026-07-12 18:06:00,NOAA-21,Concepción,Bío-Bío,Chile,18,6,48,2,0.04,0.19,,6.4
9097f1b6-9394-3bb7-9699-2579fc0e2c72, -33.623260, -58.892850,2026-07-12 18:06:00,NOAA-21,Islas del Ibicuy,Entre Ríos,Argentina,245,8,12,5,0.0,0.77,,8.9
0e7dc8c7-b5e8-370e-a0cb-f07910d101e1, -33.453440, -66.234780,2026-07-12 18:06:00,NOAA-21,La Capital,San Luis,Argentina,430,19,12,20,0.0,0.85,,4.8
fd0b4078-2b95-3fa4-ac4b-e7cc9923187d, -36.743200, -71.976330,2026-07-12 18:06:00,NOAA-21,Ñuble,Bío-Bío,Chile,15,6,48,0,1.15,0.02,,4.6
043cbb4a-9ba5-3dc8-8c0d-066d15f4a408, -33.313370, -60.169370,2026-07-12 18:06:00,NOAA-21,Gualeguay,Entre Ríos,Argentina,243,8,12,0,0.0,0.37,,21.7
404d200f-d9dd-3181-bc7b-2b9a5fb13bbd, -33.588000, -58.048520,2026-07-12 18:06:00,NOAA-21,n.a120,Soriano,Uruguay,171,17,245,5,0.0,0.72,,3.1
d66f586d-dad9-3701-acc2-ac47a1022758, -37.320610, -73.204090,2026-07-12 18:06:00,NOAA-21,Arauco,Bío-Bío,Chile,16,6,48,2,0.3,0.15,,11.7
17ab4da3-10af-3109-be77-a2abeda55f10, -33.314340, -60.174510,2026-07-12 18:06:00,NOAA-21,Gualeguay,Entre Ríos,Argentina,243,8,12,1,0.0,0.37,,11.9
2d59085f-6c80-3920-befe-10ee9bc38068, -33.307020, -60.176470,2026-07-12 18:06:00,NOAA-21,Gualeguay,Entre Ríos,Argentina,243,8,12,1,0.0,0.39,,5.8
03e05085-d651-334f-85a2-c80473a55af0, -33.309710, -60.170350,2026-07-12 18:06:00,NOAA-21,Gualeguay,Entre Ríos,Argentina,243,8,12,1,0.0,0.38,,21.7
d9d27425-c9cf-3b7e-8bc8-2b7a2327fb24, -33.774380, -59.344260,2026-07-12 18:06:00,NOAA-21,Baradero,Buenos Aires,Argentina,12,1,12,5,0.0,0.43,,21.1
124528db-e42e-3d35-a29a-2436a534ab31, -33.588890, -59.722710,2026-07-12 18:06:00,NOAA-21,Gualeguay,Entre Ríos,Argentina,243,8,12,6,0.0,0.62,,2.2
cd912490-77a6-3e61-b852-1463120ee7c4, -36.747330, -71.969800,2026-07-12 18:06:00,NOAA-21,Ñuble,Bío-Bío,Chile,15,6,48,0,1.12,0.01,,7.9
173222a2-ef30-3202-ae24-55a18cd86383, -30.176250, -56.604220,2026-07-12 18:06:00,NOAA-21,QUARAÍ,RIO GRANDE DO SUL,Brasil,4315305,43,33,17,0.3,0.78,Pampa,11.5
c8dd5822-b2ae-3c59-85f6-77441ccadaa3, -37.884000, -71.993900,2026-07-12 18:06:00,NOAA-21,Biobío,Bío-Bío,Chile,17,6,48,2,0.1,0.0,,10.9
111e33b3-aab9-3764-a91f-480ebf6acaef, -37.755300, -72.090380,2026-07-12 18:06:00,NOAA-21,Biobío,Bío-Bío,Chile,17,6,48,2,0.0,0.02,,11.4
5e96ec29-9d6d-375a-8f1d-f409b8334aa5, -33.619410, -58.893960,2026-07-12 18:06:00,NOAA-21,Islas del Ibicuy,Entre Ríos,Argentina,245,8,12,5,0.0,0.77,,8.9
8b2e8d73-26fa-3247-8c88-8b9c554a5846, -37.745900, -72.091620,2026-07-12 18:06:00,NOAA-21,Biobío,Bío-Bío,Chile,17,6,48,2,0.0,0.02,,4.0
859751af-a8a3-34a5-b487-3cd8b35c6e9d, -29.057370, -62.971420,2026-07-12 18:09:00,NOAA-21,Aguirre,Santiago del Estero,Argentina,458,22,12,24,0.0,0.85,,3.4
baa5ea25-5721-37cc-b671-4757efa7bb35, -26.409290, -57.772760,2026-07-12 18:09:00,NOAA-21,San Juan Bautista del Ñeembucu,Ñeembucú,Paraguay,12,1,177,14,0.0,0.77,,30.3
cd2fe3fb-76fb-3646-8cdd-d05cff4019ac, -31.493850, -64.152760,2026-07-12 18:09:00,NOAA-21,Capital,Córdoba,Argentina,130,2,12,20,0.0,0.8,,9.9
88835b1c-1abc-39ba-a2db-23552800b472, -28.356850, -59.368300,2026-07-12 18:09:00,NOAA-21,General Obligado,Santa Fe,Argentina,445,21,12,18,0.0,0.82,,8.1
f083ff8d-e0c0-3cd1-a052-e17ea06e5cee, -23.774120, -54.523130,2026-07-12 18:09:00,NOAA-21,JAPORÃ,MATO GROSSO DO SUL,Brasil,5004809,50,33,9,0.0,0.97,Mata Atlântica,15.5
852675e9-6a34-3956-8d33-208181cd2177, -24.345850, -63.239880,2026-07-12 18:09:00,NOAA-21,Anta,Salta,Argentina,382,17,12,28,0.0,0.97,,4.2
648bb801-4f0e-3c6d-b3f0-bc4ed3985848, -25.249370, -58.902500,2026-07-12 18:09:00,NOAA-21,Pilagás,Formosa,Argentina,258,9,12,23,0.0,0.78,,17.4
19bee339-5230-3734-8ce9-a3549322ea7a, -23.778860, -54.516190,2026-07-12 18:09:00,NOAA-21,JAPORÃ,MATO GROSSO DO SUL,Brasil,5004809,50,33,9,0.0,0.97,Mata Atlântica,13.5
16512465-0096-3db8-8f93-09d6b82b6c4c, -29.526000, -61.122090,2026-07-12 18:09:00,NOAA-21,Nueve de Julio,Santa Fe,Argentina,449,21,12,13,0.0,0.82,,5.2
86caa1fe-609c-3842-81ca-edcee45acdf5, -23.774820, -54.526160,2026-07-12 18:09:00,NOAA-21,JAPORÃ,MATO GROSSO DO SUL,Brasil,5004809,50,33,9,0.0,0.97,Mata Atlântica,7.9
8e662207-cbae-3930-8eff-2613bcb5eaf8, -22.847740, -57.368280,2026-07-12 18:09:00,NOAA-21,Concepción,Concepción,Paraguay,102,11,177,0,0.0,0.99,,9.1
c41c44f3-f863-3a77-a2de-e159936178f2, -26.848110, -58.633750,2026-07-12 18:09:00,NOAA-21,Bermejo,Chaco,Argentina,172,4,12,6,0.0,0.84,,7.7
6ec6dfce-8dd1-33f4-b316-9bdbb0cd5553, -28.003680, -62.626350,2026-07-12 18:09:00,NOAA-21,Juan Felipe Ibarra,Santiago del Estero,Argentina,471,22,12,24,0.0,0.84,,2.8
9faf32f7-e1ee-39e8-81d6-787b8b8681c9, -25.278080, -55.679220,2026-07-12 18:09:00,NOAA-21,Doctor J. Eulogio Estigarribia,Caaguazú,Paraguay,50,7,177,4,0.0,0.86,,3.0
0b7ddeb2-ac71-3ba4-a091-a7fb77683886, -26.784290, -60.586480,2026-07-12 18:09:00,NOAA-21,Comandante Fernández,Chaco,Argentina,174,4,12,24,0.0,0.86,,4.0
ed57424a-1d54-3f12-bcdb-81c48fe22611, -26.805520, -60.694800,2026-07-12 18:09:00,NOAA-21,Independencia,Chaco,Argentina,180,4,12,24,0.0,0.86,,3.2
2ef8bbf7-5573-3edd-875e-c2890d3cb27f, -25.016120, -57.047130,2026-07-12 18:09:00,NOAA-21,Arroyos y Esteros,Cordillera,Paraguay,109,12,177,9,0.0,0.85,,5.6
ff7ca1d4-66d4-36e9-8e5d-882290ca478e, -29.755860, -60.787220,2026-07-12 18:09:00,NOAA-21,Vera,Santa Fe,Argentina,457,21,12,24,0.0,0.81,,7.1
4a206b72-c29f-341d-85ed-42293d7f69f4, -25.665300, -57.272090,2026-07-12 18:09:00,NOAA-21,Yaguarón,Paraguarí,Paraguay,197,16,177,10,0.0,0.79,,10.1
24214ac6-ab40-3113-968f-c7d7fab71488, -27.444500, -57.021160,2026-07-12 18:09:00,NOAA-21,Ayolas,Misiones,Paraguay,173,15,177,9,0.0,0.28,,7.4
342a67b5-603f-3499-a62c-e6ad1cb4a81e, -23.743840, -57.312420,2026-07-12 18:09:00,NOAA-21,Pozo Colorado,Presidente Hayes,Paraguay,201,17,177,6,0.0,0.95,,5.3
b1da20ca-9016-3c66-85bb-f5b0e230932e, -23.880300, -60.659730,2026-07-12 18:09:00,NOAA-21,Villa Hayes,Presidente Hayes,Paraguay,203,17,177,27,0.0,0.96,,9.4
dce8f0cd-980f-324a-8389-b3e6dcb94847, -27.378870, -57.963300,2026-07-12 18:09:00,NOAA-21,Itatí,Corrientes,Argentina,221,7,12,8,0.0,0.79,,4.9
62043ac9-e379-39f7-acb8-b9eba671a4eb, -26.329920, -62.850070,2026-07-12 18:09:00,NOAA-21,Alberdi,Santiago del Estero,Argentina,459,22,12,28,0.0,0.91,,7.3
541c1f23-791d-36f8-8a59-a4da57ff28b2, -27.445830, -57.018850,2026-07-12 18:09:00,NOAA-21,Ayolas,Misiones,Paraguay,173,15,177,9,0.0,0.28,,6.3
38f2ff83-f3fd-3dff-b167-789a3cf972c1, -27.062870, -60.437700,2026-07-12 18:09:00,NOAA-21,San Lorenzo,Chaco,Argentina,191,4,12,24,0.0,0.83,,4.6
c198c630-05d2-38f8-9bb7-6f10dbb21883, -24.410270, -57.597160,2026-07-12 18:09:00,NOAA-21,Villa Hayes,Presidente Hayes,Paraguay,203,17,177,6,0.0,0.76,,5.6
9be88dad-2dc1-3563-bc43-b403ed6ae11c, -28.432330, -58.443200,2026-07-12 18:09:00,NOAA-21,San Roque,Corrientes,Argentina,233,7,12,23,0.0,0.81,,2.0
5abccf40-c80c-3b48-9ccd-4dc947b4a289, -23.879470, -60.655470,2026-07-12 18:09:00,NOAA-21,Villa Hayes,Presidente Hayes,Paraguay,203,17,177,27,0.0,0.96,,20.0
0f0bad65-a1d8-35ef-bdf4-056cd242077b, -23.366780, -55.896190,2026-07-12 18:09:00,NOAA-21,Capitán Bado,Amambay,Paraguay,39,4,177,13,0.0,0.98,,0.6
f6866fdd-86a7-3b7f-9ae3-2a4363a1a063, -28.422150, -55.763100,2026-07-12 18:09:00,NOAA-21,SÃO BORJA,RIO GRANDE DO SUL,Brasil,4318002,43,33,4,1.15,0.61,Pampa,2.1
756d90cc-3737-3665-bf11-aeba7dc7b648, -29.755880, -60.783250,2026-07-12 18:09:00,NOAA-21,Vera,Santa Fe,Argentina,457,21,12,24,0.0,0.81,,11.4
9f4c5c13-ac6a-32d7-a28c-a8dc752d728c, -22.848510, -57.371790,2026-07-12 18:09:00,NOAA-21,Concepción,Concepción,Paraguay,102,11,177,0,0.0,0.99,,9.1
1ac52e15-dae3-3e39-84b7-51807e92b9d5, -24.573240, -55.824300,2026-07-12 18:09:00,NOAA-21,Villa San Isidro Curuguaty,Canindeyú,Paraguay,78,9,177,6,0.0,0.78,,5.2
558843db-0867-3730-a04f-c0960b4d6df2, -25.381890, -61.001680,2026-07-12 18:09:00,NOAA-21,General Güemes,Chaco,Argentina,179,4,12,29,0.0,0.92,,0.2
b862c780-8cfc-37a2-877e-b5f72d5d3df7, -23.773650, -54.521270,2026-07-12 18:09:00,NOAA-21,JAPORÃ,MATO GROSSO DO SUL,Brasil,5004809,50,33,9,0.0,0.97,Mata Atlântica,7.9
36d46799-18de-3750-bae6-461b8470ac15, -25.583140, -55.301890,2026-07-12 18:09:00,NOAA-21,San Cristóbal,Alto Paraná,Paraguay,34,3,177,5,0.0,0.6,,4.4
b5b0cd3d-67dc-3c78-afc0-c8664d0ae195, -29.058610, -62.972310,2026-07-12 18:09:00,NOAA-21,Aguirre,Santiago del Estero,Argentina,458,22,12,24,0.0,0.85,,3.0
2e96ea49-9c44-33c1-916c-0fb438c8b050, -26.847060, -58.628740,2026-07-12 18:09:00,NOAA-21,Bermejo,Chaco,Argentina,172,4,12,6,0.0,0.84,,7.7
955c8d46-3bef-39f1-9cf8-769647af76d0, -28.874200, -61.172620,2026-07-12 18:09:00,NOAA-21,Nueve de Julio,Santa Fe,Argentina,449,21,12,24,0.0,0.82,,8.6
d0dac5d7-aa14-38bc-bf4f-12fc99c1d420, -29.524080, -61.111890,2026-07-12 18:09:00,NOAA-21,Nueve de Julio,Santa Fe,Argentina,449,21,12,15,0.0,0.82,,3.0
904a0b0e-69f5-31cf-a3a1-09c5127b399e, -29.129650, -62.548300,2026-07-12 18:09:00,NOAA-21,Belgrano,Santiago del Estero,Argentina,463,22,12,24,0.0,0.83,,6.0
efbe9cb8-9862-3d42-af35-bd8a63dd3a2b, -29.696750, -61.675590,2026-07-12 18:09:00,NOAA-21,Nueve de Julio,Santa Fe,Argentina,449,21,12,24,0.0,0.81,,3.8
24481175-cd90-383e-bb3f-ab8ad69e2119, -27.062580, -60.437450,2026-07-12 18:09:00,NOAA-21,San Lorenzo,Chaco,Argentina,191,4,12,24,0.0,0.83,,4.2
aba14d97-1c87-3ef3-ba40-a83e05ca378c, -29.136680, -62.546680,2026-07-12 18:09:00,NOAA-21,Belgrano,Santiago del Estero,Argentina,463,22,12,24,0.0,0.83,,10.2
a0b0fee6-cbd4-338a-b216-da48907bdb6c, -26.409910, -57.773700,2026-07-12 18:09:00,NOAA-21,San Juan Bautista del Ñeembucu,Ñeembucú,Paraguay,12,1,177,14,0.0,0.77,,18.0
909bbb4b-966c-3470-8681-de749eb0e196, -28.367790, -62.792710,2026-07-12 18:09:00,NOAA-21,General Taboada,Santiago del Estero,Argentina,468,22,12,24,0.0,0.84,,4.6
e3f63028-cd38-30f7-b09c-8b09be1990bd, -26.330740, -62.854660,2026-07-12 18:09:00,NOAA-21,Alberdi,Santiago del Estero,Argentina,459,22,12,28,0.0,0.91,,10.1
30a249fc-2166-3c71-a310-9aba4c03170d, -29.897930, -61.456840,2026-07-12 18:09:00,NOAA-21,San Cristóbal,Santa Fe,Argentina,451,21,12,15,0.0,0.8,,6.0
a0ca88a7-38b4-3005-b6e3-be6c9e196107, -23.916630, -56.378160,2026-07-12 18:09:00,NOAA-21,Lima,San Pedro,Paraguay,210,18,177,13,0.0,0.87,,6.7
463bf768-c7f7-37ee-abde-dafddc48715b, -29.970890, -61.377450,2026-07-12 18:09:00,NOAA-21,San Cristóbal,Santa Fe,Argentina,451,21,12,13,0.0,0.8,,12.5
c3cc7469-452c-394a-8b92-18a270f170e2, -29.403640, -55.903140,2026-07-12 18:09:00,NOAA-21,ALEGRETE,RIO GRANDE DO SUL,Brasil,4300406,43,33,9,0.1,0.74,Pampa,6.6
a6127c66-a865-3199-b0a8-8490006023b9, -29.130450, -62.552800,2026-07-12 18:09:00,NOAA-21,Belgrano,Santiago del Estero,Argentina,463,22,12,24,0.0,0.83,,3.4
149e1fc0-496e-3138-9bfd-36e7c82acf7c, -26.408690, -57.767970,2026-07-12 18:09:00,NOAA-21,San Juan Bautista del Ñeembucu,Ñeembucú,Paraguay,12,1,177,14,0.0,0.76,,4.4
8cdb9577-a4e4-332f-ac62-407e6667a8d4, -24.252110, -55.260960,2026-07-12 18:09:00,NOAA-21,Villa Ygatimí,Canindeyú,Paraguay,79,9,177,0,0.0,0.67,,6.0
d282f1d0-70e6-3787-a605-0f926529f452, -25.981290, -62.137780,2026-07-12 18:09:00,NOAA-21,Copo,Santiago del Estero,Argentina,466,22,12,28,0.0,0.91,,4.0
326dc964-ebba-3864-b1c6-aaa894ecf224, -28.873220, -61.167460,2026-07-12 18:09:00,NOAA-21,Nueve de Julio,Santa Fe,Argentina,449,21,12,24,0.0,0.82,,6.2
15b59473-517d-34f6-b849-75b7ec377e6d, -29.288380, -65.072690,2026-07-12 18:09:00,NOAA-21,La Paz,Catamarca,Argentina,164,3,12,22,0.0,-999.0,,3.5
2484a3cf-a004-3bdc-a9f6-1bc3a20ee945, -29.967240, -61.378350,2026-07-12 18:09:00,NOAA-21,San Cristóbal,Santa Fe,Argentina,451,21,12,13,0.0,0.8,,2.9
ff756e89-c35d-3f11-b95e-8cb897f5ee04, -24.883970, -55.644880,2026-07-12 18:09:00,NOAA-21,Yhú,Caaguazú,Paraguay,63,7,177,2,0.0,0.89,,2.6
248f0dee-5ff3-3332-979b-f1d6a3a6d388,  -4.751700, -80.408800,2026-07-12 18:10:00,GOES-19,Sullana,Piura,Peru,159,21,178,10,0.0,1.0,,58.7
2d7e74d9-8aa4-32b6-9cf2-1e612a63b0e2,  -6.951200, -43.724700,2026-07-12 18:10:00,GOES-19,GUADALUPE,PIAUÍ,Brasil,2204501,22,33,25,0.0,1.0,Cerrado,125.3
e7881e67-8a0a-3585-b402-14b364e366ce, -15.925400, -69.696400,2026-07-12 18:10:00,GOES-19,Puno,Puno,Peru,170,22,178,8,0.0,0.7,,114.2
17ebbb01-691c-3f1c-ae7f-261f233f09c7,  -4.751700, -80.427000,2026-07-12 18:10:00,GOES-19,Sullana,Piura,Peru,159,21,178,10,0.0,1.0,,59.7
80e89c6e-fb1c-32cc-81eb-8615b604dc24,  -6.951400, -43.701500,2026-07-12 18:10:00,GOES-19,GUADALUPE,PIAUÍ,Brasil,2204501,22,33,24,0.0,1.0,Cerrado,84.5
efe46379-9337-3fa8-96ba-5501650b2a6e,  -4.769900, -80.409000,2026-07-12 18:10:00,GOES-19,Sullana,Piura,Peru,159,21,178,13,0.0,1.0,,58.4
4932de53-67bd-325a-8271-15e292b29085,  -4.751700, -80.445200,2026-07-12 18:10:00,GOES-19,Sullana,Piura,Peru,159,21,178,10,0.0,1.0,,58.0
e4931ab8-f123-3ef5-80c5-3f2eb82a38aa, -11.664470, -74.845050,2026-07-12 18:11:00,NOAA-21,Concepción,Junín,Peru,106,12,178,2,0.0,0.82,,10.2
3e9279a1-1763-35f3-b93e-ab566bcc5c96, -13.320850, -71.292800,2026-07-12 18:11:00,NOAA-21,Paucartambo,Cusco,Peru,78,8,178,2,0.0,0.75,,2.5
fcbdc8c5-5059-36fa-bc19-7c8b042f9b6a, -12.994900, -71.433890,2026-07-12 18:11:00,NOAA-21,Paucartambo,Cusco,Peru,78,8,178,1,0.62,0.07,,3.0
d1b8d535-7543-31ef-a079-112423004ff9, -17.314960, -69.063280,2026-07-12 18:11:00,NOAA-21,Pacajes,La Paz,Bolivia,47,4,28,9,0.0,0.79,,3.7
606805a9-b346-32be-a5f4-de42e888a1f6, -11.421690, -74.475520,2026-07-12 18:11:00,NOAA-21,Satipo,Junín,Peru,110,12,178,3,0.2,0.95,,5.3
3a5a72a0-79e6-3b6d-b3bb-496d10cabdd6, -11.763260, -65.520450,2026-07-12 18:11:00,NOAA-21,Vaca Díez,El Beni,Bolivia,30,3,28,16,16.85,0.02,,5.2
061ac59b-e43d-3bf3-a52f-2803161bf138, -12.204090, -73.964860,2026-07-12 18:11:00,NOAA-21,Satipo,Junín,Peru,110,12,178,0,2.21,0.26,,4.2
8db1a96e-8472-3849-915a-f3ac90637995, -17.526820, -66.091580,2026-07-12 18:11:00,NOAA-21,Esteban Arce,Cochabamba,Bolivia,18,2,28,38,0.0,0.91,,4.0
7d6b7070-5f15-3f2e-a338-0ae1d5eb7ce6, -10.458070, -68.802220,2026-07-12 18:11:00,NOAA-21,XAPURI,ACRE,Brasil,1200708,12,33,1,3.34,0.12,Amazônia,2.2
4359710e-e4e7-33cf-83ab-1968b2e14845, -11.870450, -73.871570,2026-07-12 18:11:00,NOAA-21,Satipo,Junín,Peru,110,12,178,1,1.39,0.55,,4.5
d6995c90-601f-349f-b820-ca73fa457e10, -19.091990, -66.100200,2026-07-12 18:11:00,NOAA-21,Eduardo Avaroa,Oruro,Bolivia,53,5,28,61,0.0,0.77,,4.5
61bd6b1e-f88f-3f0f-8a7c-0f3a25654c08, -11.469540, -76.098490,2026-07-12 18:11:00,NOAA-21,Yauli,Junín,Peru,112,12,178,4,0.0,0.72,,13.3
67cf6b2a-0c5d-309c-93a1-daa1c1a657c2, -12.148800, -75.491480,2026-07-12 18:11:00,NOAA-21,Chupaca,Junín,Peru,105,12,178,3,0.0,0.76,,6.0
3a97225c-55fe-3c54-bfba-88595fbb2474, -17.550580, -65.975460,2026-07-12 18:11:00,NOAA-21,Germán Jordán,Cochabamba,Bolivia,19,2,28,45,0.0,0.89,,8.1
0ba545fc-e933-3e60-9a71-af4b84f7d4cf, -10.860270, -69.508470,2026-07-12 18:11:00,NOAA-21,ASSIS BRASIL,ACRE,Brasil,1200054,12,33,9,3.47,0.93,Amazônia,2.1
c31bba7e-b592-3344-af42-7ccb62154bf5, -13.775670, -70.460240,2026-07-12 18:11:00,NOAA-21,Carabaya,Puno,Peru,162,22,178,2,0.0,0.7,,11.6
8c089707-b526-3ad2-ae95-1361e7ba9f72, -17.428710, -63.669540,2026-07-12 18:11:00,NOAA-21,Ichilo,Santa Cruz,Bolivia,83,8,28,17,1.4,0.9,,3.7
266e466e-8fa3-342c-82c6-e31d4090c2d9, -13.416790, -72.918560,2026-07-12 18:11:00,NOAA-21,Abancay,Apurímac,Peru,28,3,178,30,0.0,0.82,,14.6
03976587-e136-3c7d-ae4d-80a428080c89, -11.587660, -74.369270,2026-07-12 18:11:00,NOAA-21,Satipo,Junín,Peru,110,12,178,5,0.0,0.54,,67.4
53220392-9661-3d70-b686-3673778d61f7, -14.478360, -71.605580,2026-07-12 18:11:00,NOAA-21,Canas,Cusco,Peru,71,8,178,32,0.0,0.77,,11.2
7c2fccf1-ccda-36cd-aa0f-f4410c9f9a94, -13.776240, -70.464010,2026-07-12 18:11:00,NOAA-21,Carabaya,Puno,Peru,162,22,178,2,0.0,0.7,,6.3
3a3ddde7-0cdc-3927-8885-fe6b2abba7b3, -11.694050, -75.032880,2026-07-12 18:11:00,NOAA-21,Concepción,Junín,Peru,106,12,178,2,0.0,0.77,,3.0
b039bfeb-57e2-3721-b6ab-6237f434c928, -11.637290, -74.385760,2026-07-12 18:11:00,NOAA-21,Satipo,Junín,Peru,110,12,178,2,0.0,0.17,,4.1
5db2648a-02f8-3cf6-a2ab-3bd50a8227ef, -10.408170, -67.910740,2026-07-12 18:11:00,NOAA-21,CAPIXABA,ACRE,Brasil,1200179,12,33,15,4.95,0.14,Amazônia,4.1
6f308209-4277-3577-ac24-81f4880d5af6, -10.833690, -69.689870,2026-07-12 18:11:00,NOAA-21,ASSIS BRASIL,ACRE,Brasil,1200054,12,33,9,3.76,0.07,Amazônia,8.9
cdc35a68-ff4e-3ea6-9c9c-79956a12226d, -13.772950, -70.464750,2026-07-12 18:11:00,NOAA-21,Carabaya,Puno,Peru,162,22,178,2,0.0,0.69,,6.3
1cb622ef-b48b-3c81-b2e8-39405e391214, -12.506280, -76.043220,2026-07-12 18:11:00,NOAA-21,Yauyos,Lima,Peru,137,16,178,22,0.0,0.82,,10.8
bccb8df8-1345-3882-9387-d18f3a26a3d4, -11.686130, -74.825570,2026-07-12 18:11:00,NOAA-21,Concepción,Junín,Peru,106,12,178,2,0.0,0.82,,5.9
8a69d630-3e01-3428-a476-fd0bd75a494d, -13.707430, -67.818240,2026-07-12 18:11:00,NOAA-21,Abel Iturralde,La Paz,Bolivia,32,4,28,16,2.76,0.54,,7.8
87cf93b4-c1e5-3d19-bdcb-4ba392187d70, -12.407700, -73.929440,2026-07-12 18:11:00,NOAA-21,Huanta,Ayacucho,Peru,46,5,178,0,1.17,0.44,,4.2
51216fd4-25a5-31b2-bf24-be73fcaf6f14, -13.268550, -66.885960,2026-07-12 18:11:00,NOAA-21,José Ballivián,El Beni,Bolivia,26,3,28,7,4.35,1.0,,3.3
7ffe1974-96f4-3ed2-961e-90a23cde671f, -12.603930, -73.756030,2026-07-12 18:11:00,NOAA-21,La Convención,Cusco,Peru,76,8,178,5,0.4,0.67,,6.3
80a74fc5-894f-3f9c-bdbe-acd05dd51bc9, -17.646390, -66.306560,2026-07-12 18:11:00,NOAA-21,Capinota,Cochabamba,Bolivia,14,2,28,31,0.0,0.9,,1.9
461e770e-aa2e-3d11-aef7-e2f08e33f26c, -11.605440, -74.877570,2026-07-12 18:11:00,NOAA-21,Concepción,Junín,Peru,106,12,178,6,0.0,0.81,,6.4
8a26c7a4-366d-3966-8341-81fbe13374d4, -12.536610, -73.968220,2026-07-12 18:11:00,NOAA-21,Huanta,Ayacucho,Peru,46,5,178,2,0.3,0.36,,12.9
a005ef40-220f-3db6-8457-3f793996e53a, -11.612130, -74.375140,2026-07-12 18:11:00,NOAA-21,Satipo,Junín,Peru,110,12,178,3,0.0,0.4,,8.7
2dc90e9b-d25f-3783-8db3-9f58345e7145, -11.690090, -74.824890,2026-07-12 18:11:00,NOAA-21,Concepción,Junín,Peru,106,12,178,2,0.0,0.82,,5.9
ad9fbee4-7aac-33a7-af4a-d2db799e6dfc, -11.381130, -69.228360,2026-07-12 18:11:00,NOAA-21,Federico Román,Pando,Bolivia,60,6,28,10,8.26,0.01,,4.4
6a78744b-97c8-3273-b3f8-e2e2ae59866b, -17.940110, -66.770210,2026-07-12 18:11:00,NOAA-21,Cercado,Oruro,Bolivia,52,5,28,16,0.0,0.75,,1.8
dcee0a1b-2ffa-305e-adde-61add4d996d6, -12.457370, -74.007020,2026-07-12 18:11:00,NOAA-21,Huanta,Ayacucho,Peru,46,5,178,2,0.32,0.68,,2.9
934da776-b2d2-3d7f-841f-073888ac63d3, -13.776830, -70.467920,2026-07-12 18:11:00,NOAA-21,Carabaya,Puno,Peru,162,22,178,2,0.0,0.69,,6.3
010a6da2-eebe-38c5-9c48-30b3a83a7650, -22.708720, -59.256150,2026-07-12 18:11:00,NOAA-21,Pozo Colorado,Presidente Hayes,Paraguay,201,17,177,13,0.0,1.0,,4.7
b08b0e7d-5b2d-3987-91f5-066e3b1cdd5e, -11.611460, -74.370250,2026-07-12 18:11:00,NOAA-21,Satipo,Junín,Peru,110,12,178,4,0.0,0.27,,8.7
791d7040-db5a-3515-99c3-110f248025c2, -11.324070, -74.409910,2026-07-12 18:11:00,NOAA-21,Satipo,Junín,Peru,110,12,178,1,1.89,0.44,,3.8
2f32af66-a886-3979-b6bc-bc6df2eab1d3, -16.681600, -66.961000,2026-07-12 18:11:00,NOAA-21,Inquisivi,La Paz,Bolivia,39,4,28,18,0.0,0.85,,4.7
19a3b5c0-d115-3aa3-b600-70e00ec1b749, -11.696150, -74.460490,2026-07-12 18:11:00,NOAA-21,Satipo,Junín,Peru,110,12,178,2,0.0,0.03,,3.4
ad38e5d8-4c7e-39ce-8d5b-b0c680f70525, -11.811980, -74.228490,2026-07-12 18:11:00,NOAA-21,Satipo,Junín,Peru,110,12,178,2,0.01,0.13,,13.7
de53eabb-eb9a-3ef6-9a7a-dcd2a5f26be4, -11.629840, -74.417370,2026-07-12 18:11:00,NOAA-21,Satipo,Junín,Peru,110,12,178,2,0.0,0.25,,12.2
01e0cf7c-4489-3e67-b0c3-f9df0ed2e14b, -11.685770, -74.822870,2026-07-12 18:11:00,NOAA-21,Concepción,Junín,Peru,106,12,178,2,0.0,0.82,,5.9
40706849-e9a1-31bf-b257-0c30160af27b, -10.404700, -67.911290,2026-07-12 18:11:00,NOAA-21,CAPIXABA,ACRE,Brasil,1200179,12,33,15,4.93,0.03,Amazônia,2.7
edcb5f49-f8f7-3999-ad72-b53b944ff550, -12.175620, -74.040810,2026-07-12 18:11:00,NOAA-21,Satipo,Junín,Peru,110,12,178,1,0.98,0.44,,9.8
e1211878-ea26-3139-a747-bb71bab24dec, -10.728680, -69.581120,2026-07-12 18:11:00,NOAA-21,BRASILÉIA,ACRE,Brasil,1200104,12,33,3,1.2,0.18,Amazônia,3.6
033606d5-5bfd-38e2-b95b-0d68cdfc0dbb, -13.764450, -71.580090,2026-07-12 18:11:00,NOAA-21,Quispicanchi,Cusco,Peru,79,8,178,31,0.0,0.78,,3.5
b908395a-f19c-37af-861e-4b75b823759e, -13.705070, -76.019380,2026-07-12 18:11:00,NOAA-21,Pisco,Ica,Peru,103,11,178,-999,0.0,0.93,,5.5
e0aea7e7-0efd-3764-89d8-59551ca69dd7, -11.327860, -74.408940,2026-07-12 18:11:00,NOAA-21,Satipo,Junín,Peru,110,12,178,1,1.96,0.43,,6.9
53bb8b0c-c3c9-3513-b81f-de7f6681a068, -17.523370, -66.092250,2026-07-12 18:11:00,NOAA-21,Esteban Arce,Cochabamba,Bolivia,18,2,28,38,0.0,0.91,,4.0
078eaa5e-9313-39bd-9b41-09c45afac059, -18.477750, -66.998930,2026-07-12 18:11:00,NOAA-21,Poopó,Oruro,Bolivia,57,5,28,8,0.0,0.79,,6.5
125c8bc0-ca0b-37f8-9b9f-87871159cfa1, -12.277660, -74.269160,2026-07-12 18:11:00,NOAA-21,Huanta,Ayacucho,Peru,46,5,178,2,0.0,0.31,,25.3
3b754b08-4667-332a-bc76-78e9e3f71863, -17.433580, -63.674070,2026-07-12 18:11:00,NOAA-21,Ichilo,Santa Cruz,Bolivia,83,8,28,18,1.44,0.91,,4.6
2b584536-e9d0-369b-805a-94768724f24d, -11.584010, -74.458630,2026-07-12 18:11:00,NOAA-21,Satipo,Junín,Peru,110,12,178,2,0.0,0.39,,10.9
5a8a2cc2-d869-340f-94b3-8f8d14d5a296, -13.704410, -76.019960,2026-07-12 18:11:00,NOAA-21,Pisco,Ica,Peru,103,11,178,-999,0.0,0.93,,5.8
4a4690a9-75e7-3ed8-be05-eb525b519d4f, -13.773530, -70.468580,2026-07-12 18:11:00,NOAA-21,Carabaya,Puno,Peru,162,22,178,1,0.0,0.69,,6.3
e186f929-6349-3f7a-a731-de017fabf440, -10.980840, -69.651630,2026-07-12 18:11:00,NOAA-21,Tahuamanu,Madre de Dios,Peru,145,18,178,9,5.01,0.04,,8.5
8d52f0b8-20aa-3041-877c-a50f9fb466f7, -14.241120, -69.575970,2026-07-12 18:11:00,NOAA-21,Sandia,Puno,Peru,173,22,178,22,0.0,0.64,,2.3
e2058aa3-76f2-3c5e-9ea5-99e079b20382, -11.437990, -75.256700,2026-07-12 18:11:00,NOAA-21,Jauja,Junín,Peru,108,12,178,2,0.0,0.83,,10.4
1efc0291-5824-3054-b07e-c87cd9d9d8b8, -11.736720, -74.409380,2026-07-12 18:11:00,NOAA-21,Satipo,Junín,Peru,110,12,178,2,0.0,0.08,,3.6
3e92f86b-3327-3194-84a3-434d9bbdb79a, -16.654490, -66.815210,2026-07-12 18:11:00,NOAA-21,Inquisivi,La Paz,Bolivia,39,4,28,32,0.0,0.76,,3.8
0640fecf-b1d9-3c43-8fa2-b94c7b51ce27, -16.153650, -67.018990,2026-07-12 18:13:00,NOAA-21,Sud Yungas,La Paz,Bolivia,49,4,28,27,0.1,0.54,,6.4
06daec09-84f1-35ef-8d10-d08aa9e3a87e, -16.143260, -68.796050,2026-07-12 18:13:00,NOAA-21,Omasuyos,La Paz,Bolivia,46,4,28,32,0.0,0.74,,4.4
8211035e-ce0e-3a92-bec4-34b6d6384fcd,  -3.223330, -60.805840,2026-07-12 18:13:00,NOAA-21,MANACAPURU,AMAZONAS,Brasil,1302504,13,33,7,0.3,0.51,Amazônia,5.9
eef84455-67b7-3e6b-a97e-9bf0901e238a, -11.188780, -75.347670,2026-07-12 18:13:00,NOAA-21,Chanchamayo,Junín,Peru,104,12,178,3,0.0,0.42,,2.4
859dfe50-3d9d-3abc-9773-b38cd52e5e89, -11.164370, -74.698190,2026-07-12 18:13:00,NOAA-21,Satipo,Junín,Peru,110,12,178,2,0.1,0.89,,32.7
a3dda099-3a3f-3823-acc7-d351c8721cf8,  -7.096830, -76.420430,2026-07-12 18:13:00,NOAA-21,Bellavista,San Martín,Peru,175,23,178,4,0.1,0.91,,15.7
870e8b55-5ad7-32b7-b3a2-5103428ae5b5, -11.467720, -76.102590,2026-07-12 18:13:00,NOAA-21,Yauli,Junín,Peru,112,12,178,4,0.0,0.72,,6.7
86c6f484-a5c1-3534-8257-31a21879a329,  -6.988310, -76.608820,2026-07-12 18:13:00,NOAA-21,Bellavista,San Martín,Peru,175,23,178,6,0.0,0.87,,4.9
6100175f-02dc-3046-b0e3-df2ec4ee6c59,  -7.133010, -76.288990,2026-07-12 18:13:00,NOAA-21,Bellavista,San Martín,Peru,175,23,178,4,0.68,0.82,,6.6
60b58ae7-353e-32fb-afc5-1b3d188513c6, -16.140500, -68.800150,2026-07-12 18:13:00,NOAA-21,Omasuyos,La Paz,Bolivia,46,4,28,32,0.0,0.74,,2.6
3b921efa-bb6b-32ac-887e-c0aad97d749f,  -4.905390, -80.890120,2026-07-12 18:13:00,NOAA-21,Paita,Piura,Peru,156,21,178,72,0.0,1.0,,6.0
eafb4a7f-867a-3774-b8b4-7a1f56458d34,  -4.926590, -80.332690,2026-07-12 18:13:00,NOAA-21,Piura,Piura,Peru,157,21,178,37,0.1,1.0,,2.2
a9f0ea2c-b4dd-3528-9efe-60bdbe87c4ad, -15.149070, -69.744140,2026-07-12 18:13:00,NOAA-21,Huancane,Puno,Peru,165,22,178,8,0.0,0.77,,5.5
1dc9c3bb-f424-3610-a732-52f5b65bf213, -11.025900, -74.511740,2026-07-12 18:13:00,NOAA-21,Satipo,Junín,Peru,110,12,178,0,4.63,0.07,,38.9
9aedaa55-b83c-30ef-a005-99cd16414338,  -3.462200, -60.361080,2026-07-12 18:13:00,NOAA-21,MANAQUIRI,AMAZONAS,Brasil,1302553,13,33,1,0.2,0.15,Amazônia,6.6
5cdce7bb-ffbd-33d1-a767-d582300b85c5, -16.412840, -67.082110,2026-07-12 18:13:00,NOAA-21,Inquisivi,La Paz,Bolivia,39,4,28,32,0.0,0.67,,14.8
6327dc33-6dc8-35d7-8d2d-407e474f115a,  -9.993450, -75.831170,2026-07-12 18:13:00,NOAA-21,Pachitea,Huánuco,Peru,89,9,178,0,0.72,0.65,,27.2
c718f529-f3d6-3571-b9af-a03e89fae0a8,  -7.202720, -76.255630,2026-07-12 18:13:00,NOAA-21,Bellavista,San Martín,Peru,175,23,178,4,2.04,0.41,,7.7
d6c5df8a-3fc6-3371-9e88-6db5ffd45146, -15.768350, -67.756270,2026-07-12 18:13:00,NOAA-21,Larecaja,La Paz,Bolivia,40,4,28,9,0.0,0.59,,48.1
2951ec53-9eef-3824-80e0-004d05d58d4f,  -7.382070, -79.446620,2026-07-12 18:13:00,NOAA-21,Pacasmayo,La Libertad,Peru,119,13,178,27,0.0,-999.0,,2.7
dc8aa7fc-1b71-3321-b21f-2094bfb85768, -15.703980, -71.640530,2026-07-12 18:13:00,NOAA-21,Caylloma,Arequipa,Peru,39,4,178,9,0.0,-999.0,,11.1
39f092be-305d-35bf-9fa2-b89517d43e83,  -3.184260, -58.983930,2026-07-12 18:13:00,NOAA-21,ITACOATIARA,AMAZONAS,Brasil,1301902,13,33,5,0.0,0.55,Amazônia,9.3
a4be4806-3081-3cc3-8db5-a09345aa559c, -16.146550, -68.795490,2026-07-12 18:13:00,NOAA-21,Omasuyos,La Paz,Bolivia,46,4,28,31,0.0,0.74,,4.4
f80df545-448f-3019-a230-6220ca9f0d04, -15.469030, -67.993890,2026-07-12 18:13:00,NOAA-21,Larecaja,La Paz,Bolivia,40,4,28,10,0.0,0.66,,2.6
1600ae7e-a229-3526-8cd2-4ed37d9181ed,  -8.317450, -74.633960,2026-07-12 18:13:00,NOAA-21,Coronel Portillo,Ucayali,Peru,193,26,178,10,5.36,0.4,,3.9
880294b6-d274-32eb-94e4-9975565a687d, -10.716350, -74.378900,2026-07-12 18:13:00,NOAA-21,Oxapampa,Pasco,Peru,151,20,178,0,3.11,0.07,,3.3
7a1620c8-866a-369a-866d-8ffb357364f0,  -3.490320, -61.702470,2026-07-12 18:13:00,NOAA-21,ANAMÃ,AMAZONAS,Brasil,1300086,13,33,5,0.0,0.14,Amazônia,5.4
f71e0e1f-ea41-36a4-bc36-886b415b0d8e, -15.858570, -69.000850,2026-07-12 18:13:00,NOAA-21,Eliodoro Camacho,La Paz,Bolivia,35,4,28,8,0.0,0.71,,5.6
a80d0789-5b26-350c-af29-873aa0e41966, -10.170400, -68.423370,2026-07-12 18:13:00,NOAA-21,RIO BRANCO,ACRE,Brasil,1200401,12,33,7,10.11,0.01,Amazônia,16.7
46224092-4fa8-3017-9b2d-578c9ab4a595, -14.714690, -70.385320,2026-07-12 18:13:00,NOAA-21,Azángaro,Puno,Peru,161,22,178,29,0.0,0.79,,7.9
64c1ad83-a44c-3709-88ae-8f78b0a712fb, -11.164650, -74.700610,2026-07-12 18:13:00,NOAA-21,Satipo,Junín,Peru,110,12,178,2,0.1,0.86,,38.2
7cf42d34-572e-3856-9dfe-3aa41c21b3a3, -15.629730, -73.795950,2026-07-12 18:13:00,NOAA-21,Caravelí,Arequipa,Peru,37,4,178,33,0.0,0.93,,20.0
fd702cb3-6d99-33a1-94ef-8287c68c3688, -15.700510, -71.641240,2026-07-12 18:13:00,NOAA-21,Caylloma,Arequipa,Peru,39,4,178,9,0.0,-999.0,,11.1
c3e185bd-7d20-34de-99a3-f61799a27544, -14.869350, -70.420530,2026-07-12 18:13:00,NOAA-21,Azángaro,Puno,Peru,161,22,178,25,0.0,0.8,,11.3
59958a06-bc44-31ab-861a-d9cc805ddddb, -15.281930, -69.907010,2026-07-12 18:13:00,NOAA-21,Huancane,Puno,Peru,165,22,178,8,0.0,0.8,,2.3
7c0e369b-18a2-36b3-83d6-48bc7f9af30b,  -7.429120, -76.420260,2026-07-12 18:13:00,NOAA-21,Bellavista,San Martín,Peru,175,23,178,4,1.39,0.52,,16.7
86704932-a57b-3baf-b947-b123bffe12eb,  -5.026020, -80.620090,2026-07-12 18:13:00,NOAA-21,Piura,Piura,Peru,157,21,178,78,0.0,1.0,,6.9
c671fc9e-3374-3c94-bd80-b5a4084fa6cb, -14.944570, -69.989450,2026-07-12 18:13:00,NOAA-21,Azángaro,Puno,Peru,161,22,178,16,0.0,0.82,,10.2
47576f14-5f80-3cb7-926a-4568b4b853ff,  -8.732390, -74.228300,2026-07-12 18:13:00,NOAA-21,Coronel Portillo,Ucayali,Peru,193,26,178,0,0.22,0.23,,11.5
0036cce5-a6a7-3bfc-a6bf-69ac6b06d5e0,  -7.103970, -76.350820,2026-07-12 18:13:00,NOAA-21,Bellavista,San Martín,Peru,175,23,178,4,0.48,0.83,,3.5
2f036ec6-1635-35d2-ab86-f7b8ce2f5fe1,  -7.270420, -76.376400,2026-07-12 18:13:00,NOAA-21,Bellavista,San Martín,Peru,175,23,178,4,1.92,0.42,,3.4
b486d40c-f548-3f54-977d-aa181586b23b,  -4.907020, -80.890170,2026-07-12 18:13:00,NOAA-21,Paita,Piura,Peru,156,21,178,72,0.0,1.0,,6.3
6b2c8cd4-c8b3-353e-8f9a-93a6d8cbb590,  -4.905900, -80.893620,2026-07-12 18:13:00,NOAA-21,Paita,Piura,Peru,156,21,178,72,0.0,1.0,,6.0
12d2a2d1-69cb-3195-ba02-fd886f63bca6,  -8.914680, -76.801290,2026-07-12 18:13:00,NOAA-21,Huacaybamba,Huánuco,Peru,83,9,178,9,0.38,0.79,,4.6
ca748077-fc7f-37b7-9fee-ebe18fdf4f27,  -5.325970, -76.450640,2026-07-12 18:13:00,NOAA-21,Alto Amazonas,Loreto,Peru,138,17,178,6,2.01,0.15,,4.3
d6b8ce51-f9b5-31b3-bedd-cf0c72c3e90b, -15.771700, -67.755740,2026-07-12 18:13:00,NOAA-21,Larecaja,La Paz,Bolivia,40,4,28,9,0.0,0.59,,19.0
11bd464c-05c6-3536-a1a7-93fd70ca03e8, -15.423340, -67.325090,2026-07-12 18:13:00,NOAA-21,Sud Yungas,La Paz,Bolivia,49,4,28,10,0.2,0.89,,4.1
9bc36f89-9a12-3073-b680-6e5fb1befc0f,  -8.361960, -78.623870,2026-07-12 18:13:00,NOAA-21,Viru,La Libertad,Peru,124,13,178,21,0.0,0.92,,3.4
85c9be1c-a017-3564-863f-149393f49c7d,  -6.835290, -79.599420,2026-07-12 18:13:00,NOAA-21,Chiclayo,Lambayeque,Peru,125,14,178,30,0.0,1.0,,8.0
23896ba5-5a84-3375-97b2-ab2d93f66f6b, -11.467200, -76.098790,2026-07-12 18:13:00,NOAA-21,Yauli,Junín,Peru,112,12,178,4,0.0,0.72,,6.7
a1932353-f0f4-3a32-ab00-278f29499b2b, -11.023070, -74.510090,2026-07-12 18:13:00,NOAA-21,Satipo,Junín,Peru,110,12,178,0,4.67,0.07,,21.0
1a5066a1-c706-3aab-82e8-ea7b16d84341,  -3.462950, -60.361950,2026-07-12 18:13:00,NOAA-21,MANAQUIRI,AMAZONAS,Brasil,1302553,13,33,1,0.2,0.15,Amazônia,6.9
9395dc37-17a8-36d2-82cf-8f729f63b676,  -3.487600, -61.703270,2026-07-12 18:13:00,NOAA-21,ANAMÃ,AMAZONAS,Brasil,1300086,13,33,5,0.0,0.14,Amazônia,5.2
252a9fce-da67-353a-8ada-81cbd46351e0,  -7.262320, -76.349560,2026-07-12 18:13:00,NOAA-21,Bellavista,San Martín,Peru,175,23,178,3,2.38,0.28,,3.7
72d2784f-508e-3ef3-9fd9-4ea956964009, -15.527580, -67.078830,2026-07-12 18:13:00,NOAA-21,Sud Yungas,La Paz,Bolivia,49,4,28,10,0.51,0.51,,3.3
ffac21be-feeb-3788-8931-59a27ce02f68,  -8.953910, -78.532730,2026-07-12 18:13:00,NOAA-21,Santa,Ancash,Peru,25,2,178,-999,0.0,0.96,,11.5
34823998-c1df-3861-b7a7-dfaae353809b, -15.147990, -69.736920,2026-07-12 18:13:00,NOAA-21,Huancane,Puno,Peru,165,22,178,8,0.0,0.77,,6.1
d9c94a31-135c-3db1-baa7-2cc10fb6c699,  -8.466920, -74.677470,2026-07-12 18:13:00,NOAA-21,Coronel Portillo,Ucayali,Peru,193,26,178,11,3.72,0.35,,13.3
836923e2-5063-3226-b8dc-e96f1776724d,  -7.197010, -76.244800,2026-07-12 18:13:00,NOAA-21,Bellavista,San Martín,Peru,175,23,178,4,1.94,0.27,,3.9
9e537370-e2a2-31da-b6da-418925a7106a,  -8.910950, -78.549130,2026-07-12 18:13:00,NOAA-21,Santa,Ancash,Peru,25,2,178,-999,0.0,0.95,,13.6
23e65ae6-9dcd-310a-a6d1-1b0ff46d2a2a, -16.212720, -68.671220,2026-07-12 18:13:00,NOAA-21,Omasuyos,La Paz,Bolivia,46,4,28,29,0.0,0.74,,4.1
5662f251-48e7-30a8-99dd-2aefbb6c8179,  -9.726930, -76.370640,2026-07-12 18:13:00,NOAA-21,Huenuco,Huánuco,Peru,85,9,178,2,0.0,0.77,,8.3
7697179c-b493-31d9-a564-6d0528e2cf3d,  -4.907500, -80.893660,2026-07-12 18:13:00,NOAA-21,Paita,Piura,Peru,156,21,178,72,0.0,1.0,,6.3
fabc39bc-d57a-33b8-b553-bf63e22aaac3, -16.141050, -68.803700,2026-07-12 18:13:00,NOAA-21,Omasuyos,La Paz,Bolivia,46,4,28,32,0.0,0.74,,2.6
48a7a62b-a4b4-3d17-b32f-717e8ed58785, -10.307550, -76.010090,2026-07-12 18:13:00,NOAA-21,Pachitea,Huánuco,Peru,89,9,178,2,0.0,0.77,,7.2
cc81e60c-26f5-3d7f-b21d-8e75058e1c52, -16.416260, -67.081730,2026-07-12 18:13:00,NOAA-21,Inquisivi,La Paz,Bolivia,39,4,28,32,0.0,0.67,,14.8
e71b75df-5057-3f45-a928-1ad33ea54f79, -15.570690, -67.303940,2026-07-12 18:13:00,NOAA-21,Nor Yungas,La Paz,Bolivia,45,4,28,10,0.1,0.9,,3.6
e603c069-c60b-34a0-9115-08420eeab87c, -15.245990, -71.326850,2026-07-12 18:13:00,NOAA-21,Caylloma,Arequipa,Peru,39,4,178,32,0.0,0.72,,4.3
a281e9d5-4410-3f72-87fb-b5b4cf0d44fc, -16.511890, -67.432200,2026-07-12 18:13:00,NOAA-21,Sud Yungas,La Paz,Bolivia,49,4,28,13,0.0,0.95,,2.1
7972613b-1153-321f-96cd-c1f5042b8500,  -3.227660, -60.806350,2026-07-12 18:13:00,NOAA-21,MANACAPURU,AMAZONAS,Brasil,1302504,13,33,7,0.27,0.4,Amazônia,5.4
ba7fc9f2-f7e1-393b-8f4a-32a773e98b6a, -15.239320, -68.200300,2026-07-12 18:13:00,NOAA-21,Larecaja,La Paz,Bolivia,40,4,28,11,0.0,0.64,,3.0
87fb395b-267f-32cc-90f0-f9bee9101aaa, -15.809230, -67.630680,2026-07-12 18:13:00,NOAA-21,Nor Yungas,La Paz,Bolivia,45,4,28,9,0.0,0.77,,5.2
5bd6c618-6fb7-3c22-aafd-2db87054b1b5,  -7.433290, -76.419710,2026-07-12 18:13:00,NOAA-21,Bellavista,San Martín,Peru,175,23,178,4,1.4,0.38,,16.7
1f202e43-88a8-3015-9fed-22ed3801b28e, -11.108810, -74.417340,2026-07-12 18:13:00,NOAA-21,Satipo,Junín,Peru,110,12,178,0,6.61,0.03,,4.2
def31d1c-843a-314a-93bc-1a075452ffd0, -11.112620, -74.416520,2026-07-12 18:13:00,NOAA-21,Satipo,Junín,Peru,110,12,178,0,6.47,0.04,,18.6
9c24381c-ee97-3ca9-ba64-6689f7c761f2,  -7.128750, -77.945220,2026-07-12 18:13:00,NOAA-21,San Marcos,Cajamarca,Peru,63,6,178,10,0.2,0.8,,16.6
d2553179-17c9-3db6-b532-ebd7eb8ce371, -15.148530, -69.740520,2026-07-12 18:13:00,NOAA-21,Huancane,Puno,Peru,165,22,178,8,0.0,0.77,,6.1
887c84f9-7ea1-3d48-b7f4-fc941106271a, -14.872700, -70.420050,2026-07-12 18:13:00,NOAA-21,Azángaro,Puno,Peru,161,22,178,25,0.0,0.8,,27.1
87069b57-b344-307c-a6fb-bdac59f4d5d2, -15.147450, -69.733330,2026-07-12 18:13:00,NOAA-21,Huancane,Puno,Peru,165,22,178,8,0.0,0.77,,19.6
e9defa16-11bf-32f2-af93-00f664a73775, -16.141600, -68.807260,2026-07-12 18:13:00,NOAA-21,Omasuyos,La Paz,Bolivia,46,4,28,32,0.0,0.74,,3.7
64c9a697-2ce1-30f5-81f8-fd3e3718a14d,   3.363260, -72.063830,2026-07-12 18:15:00,NOAA-21,Mapiripán,Meta,Colombia,697,20,53,0,22.99,0.0,,18.9
57c0af22-6742-3333-a5d1-af32cac91285,   5.811030, -61.559010,2026-07-12 18:15:00,NOAA-21,Gran Sabana,Bolívar,Venezuela,71,6,249,0,1.16,0.0,,10.5
fb19868c-19b9-37e5-bb4d-c723fa21c6cf,   3.633220, -72.346980,2026-07-12 18:15:00,NOAA-21,San Martín,Meta,Colombia,709,20,53,0,18.44,0.0,,4.0
a70580c1-0f72-3804-b97b-20849415f738,    .191910, -60.498650,2026-07-12 18:15:00,NOAA-21,RORAINÓPOLIS,RORAIMA,Brasil,1400472,14,33,4,0.0,0.03,Amazônia,6.3
4673f906-cc3c-3d00-9e56-ada01f2ae3ec,   3.158840, -72.810420,2026-07-12 18:15:00,NOAA-21,Mapiripán,Meta,Colombia,697,20,53,0,21.99,0.0,,4.5
9708f68d-fcfe-326f-85bf-7b159ba667d9,   3.359910, -72.063320,2026-07-12 18:15:00,NOAA-21,Mapiripán,Meta,Colombia,697,20,53,0,22.95,0.0,,4.3
0511aea8-e8dc-3f4d-8d59-d874154df296,   5.802900, -61.569830,2026-07-12 18:15:00,NOAA-21,Gran Sabana,Bolívar,Venezuela,71,6,249,0,1.18,0.0,,22.7
f100c32d-c121-3804-a49b-bb357470435b,   3.161100, -72.817820,2026-07-12 18:15:00,NOAA-21,Mapiripán,Meta,Colombia,697,20,53,0,22.56,0.0,,3.2
69953e6b-5078-30de-b22f-7334353b62dc,   4.782940, -70.596310,2026-07-12 18:15:00,NOAA-21,Santa Rosalía,Vichada,Colombia,1065,32,53,0,17.6,0.0,,4.4
4fc46b0d-b36a-37e8-b4fb-2febeaf0a385,   4.325890, -60.802000,2026-07-12 18:15:00,NOAA-21,PACARAIMA,RORAIMA,Brasil,1400456,14,33,0,0.0,0.02,Amazônia,6.2
10e3c33f-ad7b-30f1-b536-004c43943764,   4.099190, -70.255780,2026-07-12 18:15:00,NOAA-21,San Jose de Ocune,Vichada,Colombia,1063,32,53,0,9.61,0.0,,2.5
c119e57a-7207-3957-bda3-358147992824,   4.260900, -70.530560,2026-07-12 18:15:00,NOAA-21,Cumaribo,Vichada,Colombia,1060,32,53,0,9.04,0.0,,4.9
acc6a7df-df39-3367-9b9f-d1ad9bc6bced,   5.810220, -61.564910,2026-07-12 18:15:00,NOAA-21,Gran Sabana,Bolívar,Venezuela,71,6,249,0,1.18,0.0,,10.5
2b02832a-0210-30cb-b353-29285177ffe8,  -1.630740, -80.790510,2026-07-12 18:15:00,NOAA-21,Puerto López,Manabi,Ecuador,141,14,68,15,0.0,0.93,,3.1
599759cf-1c49-36d2-8155-69403597f13d,  10.364220, -70.959970,2026-07-12 18:17:00,NOAA-21,Lagunillas,Zulia,Venezuela,328,25,249,1,0.69,0.26,,5.5
dd59a21a-9739-33f4-842e-b222a9861888,  10.373660, -73.487640,2026-07-12 18:17:00,NOAA-21,Valledupar,Cesar,Colombia,468,12,53,2,3.05,0.27,,13.7
36e00def-d65a-38fc-9f03-3e3c12422652,  10.715720, -72.391910,2026-07-12 18:17:00,NOAA-21,Jesús Enrique Lossada,Zulia,Venezuela,325,25,249,2,1.54,0.42,,3.7
56635716-c65f-3dd0-93cd-508b4668fc53,   5.828720, -65.730000,2026-07-12 18:17:00,NOAA-21,Manapiare,Amazonas,Venezuela,5,1,249,0,16.49,0.0,,9.3
d0f9e5f4-93bb-3e94-b8be-314142ba6b62,   8.051150, -73.770290,2026-07-12 18:17:00,NOAA-21,Aguachica,Cesar,Colombia,445,12,53,2,4.69,0.29,,15.1
0594f0dc-393e-361f-94df-667b6c812677,   4.967810, -71.345500,2026-07-12 18:17:00,NOAA-21,Orocué,Casanare,Colombia,395,10,53,0,6.19,0.01,,3.8
e842cab7-8a91-33d8-9923-20cc32d9c032,   4.964920, -71.341170,2026-07-12 18:17:00,NOAA-21,Orocué,Casanare,Colombia,395,10,53,0,6.36,0.01,,4.7
50509be3-1e0d-30de-a8e6-75fc1e13dd77,  10.450940, -74.018730,2026-07-12 18:17:00,NOAA-21,Aracataca,Magdalena,Colombia,663,19,53,2,13.07,0.02,,6.5
6eada2d4-ad2b-3f9d-af43-5f02cbb429ce,   5.834260, -65.726670,2026-07-12 18:17:00,NOAA-21,Manapiare,Amazonas,Venezuela,5,1,249,0,16.78,0.0,,10.6
97097a2f-1594-3ea4-b361-2a8fc24de150,   5.833680, -65.730860,2026-07-12 18:17:00,NOAA-21,Manapiare,Amazonas,Venezuela,5,1,249,0,17.04,0.0,,9.3
35c9f128-1779-3d0f-8443-58c0cb7746f8,   7.997870, -73.787100,2026-07-12 18:17:00,NOAA-21,Puerto Wilches,Santander,Colombia,919,27,53,2,3.73,0.39,,8.1
413bc564-65fa-3269-9652-9f02d8ef5743,  10.715700, -68.371780,2026-07-12 18:17:00,NOAA-21,Silva,Falcón,Venezuela,127,12,249,-999,1.59,0.8,,8.9
1a8ab706-befc-3423-ba5b-4c83a30191b2,   4.964340, -71.344990,2026-07-12 18:17:00,NOAA-21,Orocué,Casanare,Colombia,395,10,53,0,6.26,0.01,,5.4
ed0230cd-a07b-3d6e-a83e-203147f5d5cd,   4.968380, -71.341680,2026-07-12 18:17:00,NOAA-21,Orocué,Casanare,Colombia,395,10,53,0,6.28,0.01,,3.3
48ce1bef-984c-32da-bf4f-e9ca53fad9ec,  10.522060, -71.876430,2026-07-12 18:17:00,NOAA-21,La Cañada de Urdaneta,Zulia,Venezuela,327,25,249,-999,0.0,1.0,,3.3
1173f213-66d2-3cba-9189-70333098def9,   8.877900, -73.606450,2026-07-12 18:17:00,NOAA-21,Pailitas,Cesar,Colombia,461,12,53,2,7.14,0.02,,2.5
eae5d7a7-3e89-3d29-b04b-5fb8ac98cbb6,  10.447370, -73.584920,2026-07-12 18:17:00,NOAA-21,Valledupar,Cesar,Colombia,468,12,53,2,7.17,0.09,,5.0
262567ab-c900-3703-be34-06a483ef943e,  11.260800, -72.910220,2026-07-12 18:19:00,NOAA-21,Riohacha,La Guajira,Colombia,658,18,53,7,0.0,1.0,,4.6
5c405c1f-ea41-3b2f-be72-ec106857b8c0,  11.051640, -72.016880,2026-07-12 18:19:00,NOAA-21,Mara,Zulia,Venezuela,331,25,249,-999,0.0,1.0,,11.7
3f24d1d5-1e9c-3b22-96b3-c72835551402,  11.069570, -71.959490,2026-07-12 18:19:00,NOAA-21,Mara,Zulia,Venezuela,331,25,249,-999,0.0,1.0,,7.9
d39da0f7-9694-3910-8f61-26a14812b44f,  11.071390, -71.956220,2026-07-12 18:19:00,NOAA-21,Mara,Zulia,Venezuela,331,25,249,-999,0.0,1.0,,8.2
9000fdb6-66f6-31e0-81ca-f13cdae14b71,  11.308370, -72.564160,2026-07-12 18:19:00,NOAA-21,Maicao,La Guajira,Colombia,656,18,53,7,0.0,1.0,,4.8
4e5f9810-2272-3b87-a7a7-8225628880ba,  11.050970, -73.054250,2026-07-12 18:19:00,NOAA-21,Riohacha,La Guajira,Colombia,658,18,53,7,0.14,1.0,,12.9
5d8cff00-a4b5-3ba8-afc8-ae3a480619ef,  11.306490, -72.563720,2026-07-12 18:19:00,NOAA-21,Maicao,La Guajira,Colombia,656,18,53,7,0.0,1.0,,5.3
4821fd55-35c7-3412-b75a-1ac5b8d474c7,  -4.751700, -80.408800,2026-07-12 18:20:00,GOES-19,Sullana,Piura,Peru,159,21,178,10,0.0,1.0,,58.8
99231486-ab85-3c62-8e0e-17264faa7ee8,  -4.751700, -80.427000,2026-07-12 18:20:00,GOES-19,Sullana,Piura,Peru,159,21,178,10,0.0,1.0,,60.2
77e41b46-d556-3612-ae57-1193a496ac42, -15.925400, -69.696400,2026-07-12 18:20:00,GOES-19,Puno,Puno,Peru,170,22,178,8,0.0,0.7,,63.6
ac33df21-468e-3608-a529-1a6e7de93835,  -4.769900, -80.409000,2026-07-12 18:20:00,GOES-19,Sullana,Piura,Peru,159,21,178,13,0.0,1.0,,59.5
b51dc3f2-7c92-38ca-992e-10cb8e6e44e7,  -4.386900, -80.278100,2026-07-12 18:20:00,GOES-19,Zapotillo,Loja,Ecuador,117,12,68,10,0.0,1.0,,60.2
9b87ca93-1ca2-3f94-888f-3fe924f15919,  -4.751700, -80.445200,2026-07-12 18:20:00,GOES-19,Sullana,Piura,Peru,159,21,178,10,0.0,1.0,,58.8
0737b69a-3bcc-3b74-a5a4-9f1f92aa41e5,  -6.951200, -43.724700,2026-07-12 18:20:00,GOES-19,GUADALUPE,PIAUÍ,Brasil,2204501,22,33,25,0.0,1.0,Cerrado,98.0
beca9f3c-78c5-370f-a15b-f5575e765b0e,  -6.932300, -43.726400,2026-07-12 18:20:00,GOES-19,GUADALUPE,PIAUÍ,Brasil,2204501,22,33,24,0.0,1.0,Cerrado,89.1
cd9b3df7-2510-37e7-a345-1917a57c749f, -18.787730, -40.178880,2026-07-12 18:26:00,AQUA_M-T,SÃO MATEUS,ESPÍRITO SANTO,Brasil,3204906,32,33,12,0.0,0.85,Mata Atlântica,48.9
db091645-8dbc-3dd7-b7a7-3895fbe81f00, -20.925280, -41.071420,2026-07-12 18:26:00,AQUA_M-T,ITAPEMIRIM,ESPÍRITO SANTO,Brasil,3202801,32,33,27,0.0,0.87,Mata Atlântica,10.2
dec68981-c2a1-387c-a730-181e8d63ebd9, -18.787750, -43.594080,2026-07-12 18:26:00,AQUA_M-T,CONCEIÇÃO DO MATO DENTRO,MINAS GERAIS,Brasil,3117504,31,33,29,0.0,0.95,Mata Atlântica,7.8
27c4369e-ece8-3317-8851-3e57c5ad0b54, -19.302870, -41.401070,2026-07-12 18:26:00,AQUA_M-T,SANTA RITA DO ITUETO,MINAS GERAIS,Brasil,3159506,31,33,27,0.3,1.0,Mata Atlântica,5.3
7830b93a-5984-3361-a067-3d4784a65239, -20.990630, -41.005960,2026-07-12 18:26:00,AQUA_M-T,ITAPEMIRIM,ESPÍRITO SANTO,Brasil,3202801,32,33,-999,0.0,1.0,Mata Atlântica,6.9
cdd48499-f62e-3008-b5bd-c8ab9c0d90cd, -20.016480, -44.737630,2026-07-12 18:26:00,AQUA_M-T,IGARATINGA,MINAS GERAIS,Brasil,3130200,31,33,16,1.1,1.0,Cerrado,8.7
0b5c78f3-2e5f-38dd-b7cf-e81ebb4e2063, -20.923920, -41.062020,2026-07-12 18:26:00,AQUA_M-T,ITAPEMIRIM,ESPÍRITO SANTO,Brasil,3202801,32,33,27,0.0,0.87,Mata Atlântica,12.2
a09f17e2-d183-30ac-8ddf-f96a9b61aed9, -19.835290, -40.259560,2026-07-12 18:26:00,AQUA_M-T,ARACRUZ,ESPÍRITO SANTO,Brasil,3200607,32,33,12,1.1,0.69,Mata Atlântica,21.8
3484fcc8-7a3d-3197-b17b-f51e6f7661ca, -19.311660, -41.399660,2026-07-12 18:26:00,AQUA_M-T,SANTA RITA DO ITUETO,MINAS GERAIS,Brasil,3159506,31,33,27,0.3,0.95,Mata Atlântica,6.1
9d2fd0d6-6922-301f-8506-f70de1bd9775, -20.506390, -41.953770,2026-07-12 18:26:00,AQUA_M-T,ALTO CAPARAÓ,MINAS GERAIS,Brasil,3102050,31,33,25,1.97,0.79,Mata Atlântica,7.5
cb852fe1-bc2b-3425-8873-b83852f97728, -18.577780, -43.875520,2026-07-12 18:26:00,AQUA_M-T,GOUVEIA,MINAS GERAIS,Brasil,3127602,31,33,29,0.0,1.0,Cerrado,7.6
b199a059-5a07-300d-913e-c2c8780d9879, -18.087890, -44.011140,2026-07-12 18:26:00,AQUA_M-T,AUGUSTO DE LIMA,MINAS GERAIS,Brasil,3104809,31,33,27,1.67,1.0,Cerrado,6.7
e3fe4dd0-ec38-3b15-9129-0f061048d5db, -18.861710, -41.106370,2026-07-12 18:26:00,AQUA_M-T,MANTENÓPOLIS,ESPÍRITO SANTO,Brasil,3203304,32,33,23,0.0,1.0,Mata Atlântica,12.5
b0a9b5e5-9c12-3412-aaf8-e7c916ce806a, -19.854520, -44.577440,2026-07-12 18:26:00,AQUA_M-T,PARÁ DE MINAS,MINAS GERAIS,Brasil,3147105,31,33,16,1.65,1.0,Mata Atlântica,7.2
0e537bae-5657-3493-ae2e-f984e8de5f67, -19.099130, -39.737720,2026-07-12 18:26:00,AQUA_M-T,SÃO MATEUS,ESPÍRITO SANTO,Brasil,3204906,32,33,11,0.1,1.0,Mata Atlântica,4.8
04062aea-bfc7-3358-96d9-0d952b102aca, -18.515550, -40.387950,2026-07-12 18:26:00,AQUA_M-T,BOA ESPERANÇA,ESPÍRITO SANTO,Brasil,3201001,32,33,11,1.93,1.0,Mata Atlântica,9.3
fb975f85-ba1c-3de9-b3f9-da9adb1e453f, -19.844110, -40.258050,2026-07-12 18:26:00,AQUA_M-T,ARACRUZ,ESPÍRITO SANTO,Brasil,3200607,32,33,12,1.19,0.67,Mata Atlântica,31.7
e4c2a7d7-c9b8-3f88-ba79-c23212ac110e, -18.863070, -41.115590,2026-07-12 18:26:00,AQUA_M-T,MANTENÓPOLIS,ESPÍRITO SANTO,Brasil,3203304,32,33,25,0.0,1.0,Mata Atlântica,25.7
3eb1e531-4e02-3c05-9963-9224ea14ac4e, -20.507740, -41.963390,2026-07-12 18:26:00,AQUA_M-T,CAPARAÓ,MINAS GERAIS,Brasil,3112109,31,33,25,1.92,0.56,Mata Atlântica,7.6
75dc1d39-1198-3cc4-9621-39aafc184b38, -19.847070, -42.977410,2026-07-12 18:26:00,AQUA_M-T,SÃO DOMINGOS DO PRATA,MINAS GERAIS,Brasil,3161007,31,33,29,0.1,0.99,Mata Atlântica,9.4
f6c5cb1e-e664-31e4-ba68-d7f1db83872a, -19.856300, -42.975990,2026-07-12 18:26:00,AQUA_M-T,SÃO DOMINGOS DO PRATA,MINAS GERAIS,Brasil,3161007,31,33,29,0.1,1.0,Mata Atlântica,9.1
e78c2057-9048-3e2f-86be-d46c27d0f2e7, -20.828830, -41.369880,2026-07-12 18:26:00,AQUA_M-T,JERÔNIMO MONTEIRO,ESPÍRITO SANTO,Brasil,3203106,32,33,27,0.1,1.0,Mata Atlântica,14.9
7a00f2ff-8928-31b7-b8e6-c912ba96fa82, -18.514130, -40.378570,2026-07-12 18:26:00,AQUA_M-T,BOA ESPERANÇA,ESPÍRITO SANTO,Brasil,3201001,32,33,11,2.13,1.0,Mata Atlântica,14.2
b7183e3c-52e9-3061-9c5a-aa5f51bad56e, -19.856110, -44.590020,2026-07-12 18:26:00,AQUA_M-T,PARÁ DE MINAS,MINAS GERAIS,Brasil,3147105,31,33,16,1.5,1.0,Mata Atlântica,12.7
4e1c4b26-20e8-3518-8311-ce3b469d4a26, -13.933050, -43.466550,2026-07-12 18:28:00,AQUA_M-T,MALHADA,BAHIA,Brasil,2920205,29,33,50,0.0,1.0,Cerrado,10.3
474a74a7-73c1-326f-b40d-2f4f47a99bd2, -13.943320, -43.474540,2026-07-12 18:28:00,AQUA_M-T,MALHADA,BAHIA,Brasil,2920205,29,33,50,0.0,1.0,Cerrado,6.1
af666908-bd7d-3278-863e-f580a86d2fe7, -16.473880, -39.447180,2026-07-12 18:28:00,AQUA_M-T,PORTO SEGURO,BAHIA,Brasil,2925303,29,33,9,0.0,1.0,Mata Atlântica,7.6
c8db3d21-0da7-3793-ba4f-85abc143a19c, -15.477890, -41.761680,2026-07-12 18:28:00,AQUA_M-T,SÃO JOÃO DO PARAÍSO,MINAS GERAIS,Brasil,3162708,31,33,48,12.16,0.15,Mata Atlântica,45.0
86c91268-724e-3647-bf1b-5b7e7e239541, -15.737460, -42.273580,2026-07-12 18:28:00,AQUA_M-T,RIO PARDO DE MINAS,MINAS GERAIS,Brasil,3155603,31,33,49,2.09,0.85,Cerrado,68.9
0a5a4e0d-d182-3737-b6ae-740f1acbd02e, -16.182200, -39.290700,2026-07-12 18:28:00,AQUA_M-T,SANTA CRUZ CABRÁLIA,BAHIA,Brasil,2927705,29,33,8,0.72,1.0,Mata Atlântica,56.0
6d735e68-613d-3f97-9194-62dc127488b7, -13.934380, -43.475880,2026-07-12 18:28:00,AQUA_M-T,MALHADA,BAHIA,Brasil,2920205,29,33,50,0.0,1.0,Cerrado,7.1
1dab07f1-29b8-3409-95f6-e3fd2100a12f, -10.628840, -40.811210,2026-07-12 18:28:00,AQUA_M-T,MIRANGABA,BAHIA,Brasil,2921401,29,33,63,0.0,1.0,Caatinga,6.3
0660efaa-e130-3e62-a9f5-17ce2c6c99d7, -11.064140, -40.049070,2026-07-12 18:28:00,AQUA_M-T,PONTO NOVO,BAHIA,Brasil,2925253,29,33,15,0.0,1.0,Caatinga,7.0
f0fbd2e3-3c24-38b9-83c4-f1d7d422e933, -14.724760, -42.868790,2026-07-12 18:28:00,AQUA_M-T,SEBASTIÃO LARANJEIRAS,BAHIA,Brasil,2930006,29,33,43,0.0,1.0,Caatinga,6.5
4f3e88bd-2eb3-39df-9f5c-89200309401a, -10.486560, -42.423550,2026-07-12 18:28:00,AQUA_M-T,XIQUE-XIQUE,BAHIA,Brasil,2933604,29,33,74,0.0,1.0,Caatinga,27.9
be26b93f-6f32-32cf-aa59-db5b272fef5d, -14.309970, -42.428670,2026-07-12 18:28:00,AQUA_M-T,IBIASSUCÊ,BAHIA,Brasil,2912004,29,33,47,0.0,1.0,Caatinga,21.4
0a288a8c-95be-35a2-9efc-2f8e9fb333dd, -15.461830, -41.532420,2026-07-12 18:28:00,AQUA_M-T,NINHEIRA,MINAS GERAIS,Brasil,3144656,31,33,44,14.51,0.08,Mata Atlântica,14.7
7b45ab08-ea21-3854-81f6-93ff1ef5fd67, -15.487270, -42.598420,2026-07-12 18:28:00,AQUA_M-T,RIO PARDO DE MINAS,MINAS GERAIS,Brasil,3155603,31,33,49,0.2,1.0,Cerrado,6.7
b9f68407-702e-3a14-97e1-9defb8453c3b, -10.812070, -40.800210,2026-07-12 18:28:00,AQUA_M-T,MIRANGABA,BAHIA,Brasil,2921401,29,33,47,0.0,1.0,Caatinga,7.8
37cd7b6b-cbb0-3566-a2fd-05bcaacf8fd0, -15.476550, -41.752630,2026-07-12 18:28:00,AQUA_M-T,SÃO JOÃO DO PARAÍSO,MINAS GERAIS,Brasil,3162708,31,33,48,12.65,0.42,Mata Atlântica,27.1
45353e46-12e0-3615-b934-c1d93c18873d, -16.180530, -39.280090,2026-07-12 18:28:00,AQUA_M-T,SANTA CRUZ CABRÁLIA,BAHIA,Brasil,2927705,29,33,8,0.89,1.0,Mata Atlântica,112.1
b7826869-77a0-3571-8c98-d96e9d783c51, -15.020330, -41.726140,2026-07-12 18:28:00,AQUA_M-T,PIRIPÁ,BAHIA,Brasil,2924702,29,33,32,3.83,1.0,Mata Atlântica,8.3
390e6a2f-4d65-3a3b-b801-f65b7deefea4, -10.810520, -40.790230,2026-07-12 18:28:00,AQUA_M-T,MIRANGABA,BAHIA,Brasil,2921401,29,33,46,0.0,1.0,Caatinga,11.1
53a08752-c244-3334-819c-251b0ba616c8, -15.285160, -41.405700,2026-07-12 18:28:00,AQUA_M-T,CÂNDIDO SALES,BAHIA,Brasil,2906709,29,33,28,5.43,0.76,Mata Atlântica,8.2
f4b1286d-a4f4-38b3-b09a-7ff01d50f0b0, -13.941980, -43.465200,2026-07-12 18:28:00,AQUA_M-T,MALHADA,BAHIA,Brasil,2920205,29,33,50,0.0,1.0,Cerrado,9.4
b502a0ab-9311-3164-a796-31ba11aef819, -13.237220, -40.404010,2026-07-12 18:28:00,AQUA_M-T,PLANALTINO,BAHIA,Brasil,2924900,29,33,11,0.0,1.0,Caatinga,9.9
87f8a96f-3476-3eac-a6f2-c3bff14c5ad6, -13.047690, -40.663670,2026-07-12 18:28:00,AQUA_M-T,MARCIONÍLIO SOUZA,BAHIA,Brasil,2920809,29,33,9,0.0,1.0,Caatinga,4.9
f7521ef9-9c9b-3d62-a68b-a530c190834c, -15.738780, -42.282670,2026-07-12 18:28:00,AQUA_M-T,RIO PARDO DE MINAS,MINAS GERAIS,Brasil,3155603,31,33,49,2.0,0.72,Cerrado,21.6
f52737fe-50db-34cf-a11c-55f40a50d830, -10.421260, -40.479270,2026-07-12 18:28:00,AQUA_M-T,CAMPO FORMOSO,BAHIA,Brasil,2906006,29,33,29,0.0,1.0,Caatinga,8.6
91d2be6e-2c2f-3dd2-a573-ea6a66417138, -15.486650, -41.760280,2026-07-12 18:28:00,AQUA_M-T,SÃO JOÃO DO PARAÍSO,MINAS GERAIS,Brasil,3162708,31,33,48,12.39,0.22,Mata Atlântica,11.0
e0b3c3d7-7db3-3af6-9c80-0b48cb3ccd00, -15.485320, -41.751230,2026-07-12 18:28:00,AQUA_M-T,SÃO JOÃO DO PARAÍSO,MINAS GERAIS,Brasil,3162708,31,33,48,12.83,0.13,Mata Atlântica,6.3
aaf65ffa-b121-363f-97ab-a532874a6f4d,  -8.949700, -78.520300,2026-07-12 18:30:00,GOES-19,Santa,Ancash,Peru,25,2,178,-999,0.0,0.97,,80.4
ee32abd3-d079-37bb-9a18-f854d827d789,  -4.769900, -80.409000,2026-07-12 18:30:00,GOES-19,Sullana,Piura,Peru,159,21,178,13,0.0,1.0,,59.2
be5bfe45-2c0b-3954-aa8c-8ea98f44347a,  -4.551300, -80.570800,2026-07-12 18:30:00,GOES-19,Sullana,Piura,Peru,159,21,178,35,0.0,1.0,,63.8
82131ed4-78df-3077-bb15-1abdb6876c8c,  -4.423700, -80.569600,2026-07-12 18:30:00,GOES-19,Sullana,Piura,Peru,159,21,178,29,0.0,1.0,,61.0
88ef8f95-d655-3bc0-89fd-173733a9184b,  -4.751700, -80.445200,2026-07-12 18:30:00,GOES-19,Sullana,Piura,Peru,159,21,178,10,0.0,1.0,,58.5
3ea4b5a3-ca73-3a4a-81ca-9866544644b3,  -4.423700, -80.551400,2026-07-12 18:30:00,GOES-19,Sullana,Piura,Peru,159,21,178,28,0.0,1.0,,62.4
093a5970-94c1-3ffa-8d17-a2a4aaf7fbed,  -4.423700, -80.533200,2026-07-12 18:30:00,GOES-19,Sullana,Piura,Peru,159,21,178,26,0.0,1.0,,61.3
8a82fc2d-0b84-34d2-b85e-c28342f035f2,  -6.951200, -43.724700,2026-07-12 18:30:00,GOES-19,GUADALUPE,PIAUÍ,Brasil,2204501,22,33,25,0.0,1.0,Cerrado,67.6
b7063a90-9e94-3a49-80aa-c361a2d5758c,  -4.751700, -80.427000,2026-07-12 18:30:00,GOES-19,Sullana,Piura,Peru,159,21,178,10,0.0,1.0,,60.1
6ba7bcc7-9165-33ce-9cfe-54e2c1b46567, -15.925400, -69.696400,2026-07-12 18:30:00,GOES-19,Puno,Puno,Peru,170,22,178,8,0.0,0.7,,113.6
7d4953ed-a259-3492-a160-6f38dab33e07,  -4.751700, -80.408800,2026-07-12 18:30:00,GOES-19,Sullana,Piura,Peru,159,21,178,10,0.0,1.0,,58.6
4dac7139-9905-33f9-a878-39451bf5594b,  -9.360190, -46.699580,2026-07-12 18:30:00,AQUA_M-T,BALSAS,MARANHÃO,Brasil,2101400,21,33,78,0.0,1.0,Cerrado,223.5
429be30d-6009-3f46-846a-cfb046626bf1,  -8.097480, -47.103380,2026-07-12 18:30:00,AQUA_M-T,GOIATINS,TOCANTINS,Brasil,1709005,17,33,16,0.0,1.0,Cerrado,91.3
56063349-fb9e-3c15-917d-a7226a72ad9c, -10.263320, -50.090990,2026-07-12 18:30:00,AQUA_M-T,PIUM,TOCANTINS,Brasil,1717503,17,33,72,0.63,1.0,Cerrado,58.2
fa90a14f-c1ac-3638-bc3b-5da8098fc195,  -7.510200, -40.585680,2026-07-12 18:30:00,AQUA_M-T,ARARIPINA,PERNAMBUCO,Brasil,2601102,26,33,57,0.0,1.0,Caatinga,13.2
1c87cef3-3d51-395f-ae2b-57734aa20541,  -6.943320, -43.720840,2026-07-12 18:30:00,AQUA_M-T,GUADALUPE,PIAUÍ,Brasil,2204501,22,33,24,0.0,1.0,Cerrado,55.6
92456142-4a92-35fb-a278-f18449484aed,  -8.733140, -48.926310,2026-07-12 18:30:00,AQUA_M-T,GOIANORTE,TOCANTINS,Brasil,1708304,17,33,24,0.0,1.0,Cerrado,23.3
220b39a1-0264-3401-aa3d-689e1e94c93e,  -7.021480, -45.965360,2026-07-12 18:30:00,AQUA_M-T,FORTALEZA DOS NOGUEIRAS,MARANHÃO,Brasil,2104107,21,33,52,0.0,1.0,Cerrado,8.8
38539eae-d97c-3b5c-878b-c4d72f21c53a,  -7.217010, -43.571320,2026-07-12 18:30:00,AQUA_M-T,JERUMENHA,PIAUÍ,Brasil,2205300,22,33,62,0.0,1.0,Caatinga,72.0
9e3be51d-2cd9-3d93-b1d7-1123f4a4c68c, -10.251060, -50.077090,2026-07-12 18:30:00,AQUA_M-T,PIUM,TOCANTINS,Brasil,1717503,17,33,72,0.47,1.0,Cerrado,166.9
fe83acc7-e791-3520-a893-c9a6d23889a0,  -8.741450, -48.937000,2026-07-12 18:30:00,AQUA_M-T,GOIANORTE,TOCANTINS,Brasil,1708304,17,33,24,0.0,1.0,Cerrado,18.0
caf5b815-604d-37d3-b077-0a3fcdc22cf1, -11.084840, -50.050170,2026-07-12 18:30:00,AQUA_M-T,LAGOA DA CONFUSÃO,TOCANTINS,Brasil,1711902,17,33,68,0.0,1.0,Cerrado,117.7
b8e7ba9b-ad3f-31a8-924b-1dc3a2eb20b6,  -7.215720, -43.562530,2026-07-12 18:30:00,AQUA_M-T,JERUMENHA,PIAUÍ,Brasil,2205300,22,33,61,0.0,1.0,Caatinga,37.0
37e88d4f-685a-3746-965d-2248a5ddcd8c,  -7.061800, -43.331490,2026-07-12 18:30:00,AQUA_M-T,JERUMENHA,PIAUÍ,Brasil,2205300,22,33,21,0.0,1.0,Caatinga,8.9
e0eb454d-3698-355b-b78a-09be6f251cf3,  -7.198620, -44.262950,2026-07-12 18:30:00,AQUA_M-T,ANTÔNIO ALMEIDA,PIAUÍ,Brasil,2200806,22,33,68,0.0,1.0,Cerrado,6.9
0c863ac5-3bc4-32c2-8010-ec59908242e0,  -7.224480, -43.561220,2026-07-12 18:30:00,AQUA_M-T,JERUMENHA,PIAUÍ,Brasil,2205300,22,33,65,0.0,1.0,Caatinga,7.0
92aba000-4ba1-3810-bbe6-423c56841ac1,  -7.020030, -45.955390,2026-07-12 18:30:00,AQUA_M-T,FORTALEZA DOS NOGUEIRAS,MARANHÃO,Brasil,2104107,21,33,52,0.0,1.0,Cerrado,8.1
1699b9e7-054c-3eb7-8811-0709f6ba9837,  -9.358580, -46.687770,2026-07-12 18:30:00,AQUA_M-T,BALSAS,MARANHÃO,Brasil,2101400,21,33,78,0.0,1.0,Cerrado,123.4
546f7c9c-5f47-3b28-964b-cdd2c1319136,  -6.896960, -43.709870,2026-07-12 18:30:00,AQUA_M-T,GUADALUPE,PIAUÍ,Brasil,2204501,22,33,24,0.0,1.0,Cerrado,18.1
e47c11e8-5970-3726-b229-d9b9c0e0a57b,  -7.208700, -44.270480,2026-07-12 18:30:00,AQUA_M-T,ANTÔNIO ALMEIDA,PIAUÍ,Brasil,2200806,22,33,69,0.0,1.0,Cerrado,9.3
8cc306f2-aaf0-308f-aca6-ab1be52c7b72, -10.260560, -50.068910,2026-07-12 18:30:00,AQUA_M-T,PIUM,TOCANTINS,Brasil,1717503,17,33,73,0.33,1.0,Cerrado,107.1
41996cbe-8529-3c69-b034-f0f8ded0eb6a,  -6.930700, -43.695850,2026-07-12 18:30:00,AQUA_M-T,GUADALUPE,PIAUÍ,Brasil,2204501,22,33,24,0.0,1.0,Cerrado,13.3
5c4a6953-3922-34db-85cf-2076656b1020, -10.247220, -50.070660,2026-07-12 18:30:00,AQUA_M-T,PIUM,TOCANTINS,Brasil,1717503,17,33,70,0.41,1.0,Cerrado,105.3
7fde36cd-7587-3291-bf7e-861df708c3fb,  -8.095760, -47.091260,2026-07-12 18:30:00,AQUA_M-T,GOIATINS,TOCANTINS,Brasil,1709005,17,33,17,0.0,1.0,Cerrado,89.4
987f4a0e-c490-3a05-9ab3-391f3b5158f3,  -7.207400, -44.261630,2026-07-12 18:30:00,AQUA_M-T,ANTÔNIO ALMEIDA,PIAUÍ,Brasil,2200806,22,33,70,0.0,1.0,Cerrado,6.3
92b482eb-38e6-3b79-8022-021685c8b571,  -7.199920, -44.271820,2026-07-12 18:30:00,AQUA_M-T,ANTÔNIO ALMEIDA,PIAUÍ,Brasil,2200806,22,33,68,0.0,1.0,Cerrado,23.2
82da1219-602b-3d5a-af41-528a368ad696, -11.079070, -50.046100,2026-07-12 18:30:00,AQUA_M-T,LAGOA DA CONFUSÃO,TOCANTINS,Brasil,1711902,17,33,68,0.0,1.0,Cerrado,138.8
08191c57-84d9-3610-ab29-683099d9d1d3,  -7.440300, -44.468560,2026-07-12 18:30:00,AQUA_M-T,URUÇUÍ,PIAUÍ,Brasil,2211209,22,33,62,0.0,1.0,Cerrado,17.7
a7d01824-1c29-3236-87a1-279314f56a3f,  -6.953370, -43.728290,2026-07-12 18:30:00,AQUA_M-T,GUADALUPE,PIAUÍ,Brasil,2204501,22,33,25,0.0,1.0,Cerrado,24.9
5d09c56d-7f67-37c0-8ad2-26fb3c3013d9,  -9.370250, -46.698210,2026-07-12 18:30:00,AQUA_M-T,BALSAS,MARANHÃO,Brasil,2101400,21,33,74,0.0,1.0,Cerrado,55.1
201f0383-f229-36fb-be69-9f138f074e18,  -6.499480, -42.225970,2026-07-12 18:30:00,AQUA_M-T,VÁRZEA GRANDE,PIAUÍ,Brasil,2211407,22,33,57,0.0,1.0,Caatinga,31.4
6bfcdad6-a967-3c46-898d-b0bcc55afcc7,  -9.368620, -46.686380,2026-07-12 18:30:00,AQUA_M-T,BALSAS,MARANHÃO,Brasil,2101400,21,33,74,0.0,1.0,Cerrado,25.7
9e946f78-bba5-3725-8ea7-fad8b2938298,  -7.255300, -43.694310,2026-07-12 18:30:00,AQUA_M-T,JERUMENHA,PIAUÍ,Brasil,2205300,22,33,76,0.0,1.0,Cerrado,5.5
e1199609-c11e-3ffb-b6c9-8cd25e8d5dbf,  -6.944610, -43.729610,2026-07-12 18:30:00,AQUA_M-T,GUADALUPE,PIAUÍ,Brasil,2204501,22,33,24,0.0,1.0,Cerrado,16.0
89082006-11cb-349e-a1e4-da66c42be796,  -8.473450, -47.536850,2026-07-12 18:30:00,AQUA_M-T,GOIATINS,TOCANTINS,Brasil,1709005,17,33,11,0.0,1.0,Cerrado,10.3
942c89fa-2703-33e0-89c3-1896432c7a4c, -11.049900, -51.183120,2026-07-12 18:30:00,AQUA_M-T,LUCIARA,MATO GROSSO,Brasil,5105309,51,33,57,0.12,1.0,Cerrado,96.5
a15ad016-e2d5-3fd1-be98-089409176286,  -6.952080, -43.719520,2026-07-12 18:30:00,AQUA_M-T,GUADALUPE,PIAUÍ,Brasil,2204501,22,33,25,0.0,1.0,Cerrado,86.2
6b680880-2a5d-388e-b214-8b24aa663926,  -6.950790, -43.710750,2026-07-12 18:30:00,AQUA_M-T,GUADALUPE,PIAUÍ,Brasil,2204501,22,33,24,0.0,1.0,Cerrado,13.3
c4b530ca-1765-3f27-ae0d-673be27abd9f,  -6.905720, -43.708560,2026-07-12 18:30:00,AQUA_M-T,GUADALUPE,PIAUÍ,Brasil,2204501,22,33,24,0.0,1.0,Cerrado,38.3
02079ef2-a27f-336c-a180-1fff68d7546d, -10.264400, -50.075360,2026-07-12 18:30:00,AQUA_M-T,PIUM,TOCANTINS,Brasil,1717503,17,33,72,0.41,1.0,Cerrado,81.5
7effdaa4-2d05-37c9-928f-4a04db54029d,  -7.916440, -48.258060,2026-07-12 18:30:00,AQUA_M-T,PALMEIRANTE,TOCANTINS,Brasil,1715705,17,33,24,0.0,1.0,Cerrado,19.2
90b2ee0f-8a13-3143-b8a5-df01c0dddcd9,  -7.060500, -43.322670,2026-07-12 18:30:00,AQUA_M-T,JERUMENHA,PIAUÍ,Brasil,2205300,22,33,21,0.0,1.0,Caatinga,7.2
3f3527a3-3377-3505-b301-8a896771fd59, -11.081870, -50.068800,2026-07-12 18:30:00,AQUA_M-T,LAGOA DA CONFUSÃO,TOCANTINS,Brasil,1711902,17,33,67,0.0,1.0,Cerrado,49.7
2ff31922-78e2-3127-8992-cebae80e6ec7,  -8.739250, -48.920370,2026-07-12 18:30:00,AQUA_M-T,GOIANORTE,TOCANTINS,Brasil,1708304,17,33,24,0.0,1.0,Cerrado,15.7
be992f88-99a4-3e85-ba48-e436ba6b8b95,  -6.863810, -43.621940,2026-07-12 18:30:00,AQUA_M-T,GUADALUPE,PIAUÍ,Brasil,2204501,22,33,24,0.0,1.0,Cerrado,14.9
a49995e5-ae42-39bb-a965-8a27391d61c7, -10.237720, -50.078820,2026-07-12 18:30:00,AQUA_M-T,PIUM,TOCANTINS,Brasil,1717503,17,33,64,0.48,1.0,Cerrado,43.3
24e098db-8bb1-3f6c-a631-5ff7b953fab6,  -6.452550, -42.840370,2026-07-12 18:30:00,AQUA_M-T,AMARANTE,PIAUÍ,Brasil,2200509,22,33,23,0.0,1.0,Caatinga,11.0
91264c7e-4667-3304-afe6-9c1e5fbcc113,  -7.099540, -40.381740,2026-07-12 18:30:00,AQUA_M-T,CAMPOS SALES,CEARÁ,Brasil,2302701,23,33,18,0.0,1.0,Caatinga,13.6
d5f0fd58-6e8c-3b4e-8e3c-72a5af319d3f,  -2.871460, -42.300830,2026-07-12 18:32:00,AQUA_M-T,TUTÓIA,MARANHÃO,Brasil,2112506,21,33,-999,0.0,0.21,Cerrado,9.6
966dd3d6-de88-38c4-bebb-60a77a0c1109,  -5.839910, -44.833790,2026-07-12 18:32:00,AQUA_M-T,TUNTUM,MARANHÃO,Brasil,2112308,21,33,3,0.0,1.0,Cerrado,11.7
62e98c1d-0591-3be4-ab37-f0bd0e0dd2a3,  -5.692360, -47.471520,2026-07-12 18:32:00,AQUA_M-T,GOVERNADOR EDISON LOBÃO,MARANHÃO,Brasil,2104552,21,33,15,0.0,0.99,Cerrado,5.4
42f91229-dbce-3190-a637-d77969681401,  -5.315550, -46.628790,2026-07-12 18:32:00,AQUA_M-T,AMARANTE DO MARANHÃO,MARANHÃO,Brasil,2100600,21,33,23,0.0,0.79,Amazônia,10.2
2aa3021b-2b83-38e5-92b5-7f210c1f0c25,  -5.472200, -41.292630,2026-07-12 18:32:00,AQUA_M-T,SÃO MIGUEL DO TAPUIO,PIAUÍ,Brasil,2210409,22,33,15,0.0,1.0,Caatinga,12.7
46ca7e66-47af-3c10-a47b-2c96573d1370,  -6.159800, -45.246830,2026-07-12 18:32:00,AQUA_M-T,FERNANDO FALCÃO,MARANHÃO,Brasil,2104081,21,33,25,0.0,1.0,Cerrado,31.4
999bac65-7b92-3691-b550-abdc8a48c70d,  -5.224130, -43.158320,2026-07-12 18:32:00,AQUA_M-T,TIMON,MARANHÃO,Brasil,2112209,21,33,14,0.0,0.97,Cerrado,6.3
8c389720-34a0-39c7-aab8-e1358daad80f,  -3.096050, -42.571540,2026-07-12 18:32:00,AQUA_M-T,TUTÓIA,MARANHÃO,Brasil,2112506,21,33,4,0.0,0.23,Cerrado,6.0
3491d402-6534-347c-8fcd-ce0c7d4c329d,  -6.100190, -45.412350,2026-07-12 18:32:00,AQUA_M-T,FERNANDO FALCÃO,MARANHÃO,Brasil,2104081,21,33,13,0.0,1.0,Cerrado,7.3
73f2f632-0bc1-33a2-a4a2-3865fc98bc62,  -3.936350, -48.436990,2026-07-12 18:32:00,AQUA_M-T,GOIANÉSIA DO PARÁ,PARÁ,Brasil,1503093,15,33,6,0.0,0.45,Amazônia,13.4
02102efc-43b3-3918-8051-79e0ebdf14c1,  -6.302440, -44.268700,2026-07-12 18:32:00,AQUA_M-T,MIRADOR,MARANHÃO,Brasil,2106706,21,33,17,0.0,1.0,Cerrado,5.4
bb715a12-8d0c-3fb5-ba65-5cf055790154,  -4.671510, -43.232210,2026-07-12 18:32:00,AQUA_M-T,ALDEIAS ALTAS,MARANHÃO,Brasil,2100303,21,33,14,0.0,0.8,Cerrado,11.3
50553e40-e9f1-327c-ac94-fae617ed2ac3,  -5.093690, -46.569040,2026-07-12 18:32:00,AQUA_M-T,AMARANTE DO MARANHÃO,MARANHÃO,Brasil,2100600,21,33,22,0.0,0.79,Amazônia,7.0
1724d627-8287-3ad2-8218-980b6f98dc2f,  -1.932790, -47.618760,2026-07-12 18:32:00,AQUA_M-T,SÃO DOMINGOS DO CAPIM,PARÁ,Brasil,1507201,15,33,2,1.29,0.15,Amazônia,8.7
44f7fc7b-8f98-3904-85c9-2e3530a80284,  -1.931250, -47.608160,2026-07-12 18:32:00,AQUA_M-T,MÃE DO RIO,PARÁ,Brasil,1504059,15,33,2,1.17,0.43,Amazônia,6.4
d8a85b39-8745-3222-8418-f90f2f55f107,  -4.670180, -43.223190,2026-07-12 18:32:00,AQUA_M-T,ALDEIAS ALTAS,MARANHÃO,Brasil,2100303,21,33,14,0.0,0.59,Cerrado,9.4
ca0fde2a-b6ad-3cc0-ad62-4058e7cc8de0,  -5.571320, -49.081540,2026-07-12 18:32:00,AQUA_M-T,MARABÁ,PARÁ,Brasil,1504208,15,33,11,0.0,0.98,Amazônia,14.0
fef9e2ed-fb35-376c-b18c-60c0bcf99e65,  -3.221570, -44.231860,2026-07-12 18:32:00,AQUA_M-T,SANTA RITA,MARANHÃO,Brasil,2110203,21,33,4,0.0,0.06,Amazônia,6.0
267f8eb6-4d31-3d83-a05b-5a0ab52c8017,  -3.498900, -48.034910,2026-07-12 18:32:00,AQUA_M-T,PARAGOMINAS,PARÁ,Brasil,1505502,15,33,4,0.0,0.39,Amazônia,11.0
d00cf9bf-c1e1-39a8-a30e-85837257ee83,  -1.923190, -47.620180,2026-07-12 18:32:00,AQUA_M-T,SÃO DOMINGOS DO CAPIM,PARÁ,Brasil,1507201,15,33,2,1.31,0.41,Amazônia,10.4
7a361b07-28b5-369c-ac21-92d13913bd57,  -5.086940, -40.710030,2026-07-12 18:32:00,AQUA_M-T,CRATEÚS,CEARÁ,Brasil,2304103,23,33,19,0.0,1.0,Caatinga,38.5
4a960cac-1259-3382-9f27-ae1b484fdb4c,  -6.161130, -45.255970,2026-07-12 18:32:00,AQUA_M-T,FERNANDO FALCÃO,MARANHÃO,Brasil,2104081,21,33,25,0.0,0.98,Cerrado,5.9
9b210db8-facf-3219-acb1-5a402e1be135,  -3.982790, -45.076690,2026-07-12 18:32:00,AQUA_M-T,OLHO D'ÁGUA DAS CUNHÃS,MARANHÃO,Brasil,2107407,21,33,6,0.0,1.0,Amazônia,5.4
e510704e-a9a3-39db-bbdc-fd259b095004,  -6.379270, -51.317130,2026-07-12 18:32:00,AQUA_M-T,SÃO FÉLIX DO XINGU,PARÁ,Brasil,1507300,15,33,2,0.0,1.0,Amazônia,33.9
aab39537-af8a-30bb-aeae-a71ce39d4b55,  -3.933970, -41.631640,2026-07-12 18:32:00,AQUA_M-T,PIRACURUCA,PIAUÍ,Brasil,2208304,22,33,4,0.1,0.82,Caatinga,18.8
42420533-9c33-3bb9-af8d-c67ea9be9404,  -4.805900, -45.782090,2026-07-12 18:32:00,AQUA_M-T,ARAME,MARANHÃO,Brasil,2100956,21,33,9,0.0,0.75,Amazônia,6.8
580ae2c4-4830-39b9-9eed-4dcca5d1139c,  -4.813570, -45.771410,2026-07-12 18:32:00,AQUA_M-T,ARAME,MARANHÃO,Brasil,2100956,21,33,8,0.0,0.74,Amazônia,27.8
c22762c2-3e87-3ff0-9526-75d0e5a8603c,  -5.097050, -40.708480,2026-07-12 18:32:00,AQUA_M-T,CRATEÚS,CEARÁ,Brasil,2304103,23,33,20,0.0,1.0,Caatinga,24.1
2f5d1802-6539-36bc-84a1-2adde20de460,  -4.029770, -44.137450,2026-07-12 18:32:00,AQUA_M-T,COROATÁ,MARANHÃO,Brasil,2103604,21,33,3,0.0,0.65,Cerrado,5.3
b6cafb45-f17c-3708-a09a-95e35b4478ec,  -4.804550, -45.772690,2026-07-12 18:32:00,AQUA_M-T,ARAME,MARANHÃO,Brasil,2100956,21,33,9,0.0,0.9,Amazônia,30.5
0e8d463b-f0eb-3e7a-b64d-d551872acff1,  -5.084290, -46.570400,2026-07-12 18:32:00,AQUA_M-T,AMARANTE DO MARANHÃO,MARANHÃO,Brasil,2100600,21,33,22,0.0,0.79,Amazônia,25.6
4d122c4c-d2ed-3a1c-99ee-b1002f2207c6,  -6.951200, -43.724700,2026-07-12 18:40:00,GOES-19,GUADALUPE,PIAUÍ,Brasil,2204501,22,33,25,0.0,1.0,Cerrado,93.7
9d1d2eef-9c79-3779-8399-d33b2d8078e5,  -4.423700, -80.551400,2026-07-12 18:40:00,GOES-19,Sullana,Piura,Peru,159,21,178,28,0.0,1.0,,62.4
b1b1d7c5-0616-393d-9879-2c4c9b3a3231, -15.781500, -67.760000,2026-07-12 18:40:00,GOES-19,Pedro Domingo Murillo,La Paz,Bolivia,48,4,28,9,0.0,0.6,,80.1
f5637b4c-6f5e-35eb-aa14-d5913386148d,  -4.423700, -80.533200,2026-07-12 18:40:00,GOES-19,Sullana,Piura,Peru,159,21,178,26,0.0,1.0,,61.5
32bed733-177c-31ba-95dd-e66d3dc1e14e, -15.925400, -69.696400,2026-07-12 18:40:00,GOES-19,Puno,Puno,Peru,170,22,178,8,0.0,0.7,,109.3
3bc79ab4-d45b-3798-9ebc-5a91270d534f,  -4.405500, -80.551200,2026-07-12 18:40:00,GOES-19,Sullana,Piura,Peru,159,21,178,29,0.0,1.0,,61.6
da0240d0-0f6a-3fa3-beee-bf7388ff0364,  -4.751700, -80.427000,2026-07-12 18:40:00,GOES-19,Sullana,Piura,Peru,159,21,178,10,0.0,1.0,,58.9
dcc7716c-60e9-30b4-a1b2-363ddb343c60, -15.983700, -69.599600,2026-07-12 18:40:00,GOES-19,El Collao,Puno,Peru,164,22,178,12,0.0,0.77,,66.5
46a853f0-f583-33a9-8329-12bb84ae80d6,  -4.423700, -80.551400,2026-07-12 18:50:00,GOES-19,Sullana,Piura,Peru,159,21,178,28,0.0,1.0,,64.4
20dee4bc-1c76-3ad5-9ae5-6380ac9bedf5,  -4.405500, -80.533000,2026-07-12 18:50:00,GOES-19,Sullana,Piura,Peru,159,21,178,27,0.0,1.0,,65.4
05a01dc3-02dc-3121-a46e-f2918fe605ba,  -6.951200, -43.724700,2026-07-12 18:50:00,GOES-19,GUADALUPE,PIAUÍ,Brasil,2204501,22,33,25,0.0,1.0,Cerrado,83.2
1547daa5-8e6e-3f47-a3d1-c6089564aa1c,  -4.405500, -80.551200,2026-07-12 18:50:00,GOES-19,Sullana,Piura,Peru,159,21,178,29,0.0,1.0,,62.6
5d4d153b-da76-319c-991c-4a9a706c9cbd,  -4.587800, -80.552900,2026-07-12 18:50:00,GOES-19,Sullana,Piura,Peru,159,21,178,27,0.0,1.0,,63.8
b39ed8b1-8357-3f1d-8da1-b078ed21b64f,  -4.423700, -80.533200,2026-07-12 18:50:00,GOES-19,Sullana,Piura,Peru,159,21,178,26,0.0,1.0,,63.1
4c5d34cd-3cfa-3c38-8983-0eea90372016,  -4.551300, -80.570800,2026-07-12 18:50:00,GOES-19,Sullana,Piura,Peru,159,21,178,35,0.0,1.0,,61.6
dd4ceed5-6f7a-3d14-9c6e-c7017607c0d6,  -4.514700, -80.479400,2026-07-12 19:00:00,GOES-19,Sullana,Piura,Peru,159,21,178,25,0.0,1.0,,59.9
f0e3eeb5-7e23-314c-a0c9-676f8ecde915,  -4.405500, -80.551200,2026-07-12 19:00:00,GOES-19,Sullana,Piura,Peru,159,21,178,29,0.0,1.0,,61.8
a1deae34-3a55-33e2-a6c8-8e1879d0a564,  -4.569500, -80.552700,2026-07-12 19:00:00,GOES-19,Sullana,Piura,Peru,159,21,178,27,0.0,1.0,,61.9
973c5779-eb46-3c9e-b25d-a29d98c95c83,  -4.569700, -80.680200,2026-07-12 19:00:00,GOES-19,Sullana,Piura,Peru,159,21,178,52,0.0,1.0,,61.6
0f70dc4a-9d08-3e9a-91b8-086a5f4ed37b,  -4.405500, -80.533000,2026-07-12 19:00:00,GOES-19,Sullana,Piura,Peru,159,21,178,27,0.0,1.0,,65.5
fe42461e-391d-3086-913e-f4b21c4ea81e,  -4.606000, -80.553100,2026-07-12 19:00:00,GOES-19,Sullana,Piura,Peru,159,21,178,27,0.0,1.0,,62.6
b3182bc9-3d78-39ca-9a93-87b3b5b035f3,  -4.587800, -80.552900,2026-07-12 19:00:00,GOES-19,Sullana,Piura,Peru,159,21,178,27,0.0,1.0,,62.1
71706556-956e-35bd-8b62-f358698e68ac,  -4.679000, -80.608400,2026-07-12 19:00:00,GOES-19,Sullana,Piura,Peru,159,21,178,19,0.0,1.0,,62.3
dfdd67cd-0def-33e9-bbe4-3907d2b1286a,  -4.423700, -80.551400,2026-07-12 19:00:00,GOES-19,Sullana,Piura,Peru,159,21,178,28,0.0,1.0,,61.5
9747ee0e-4312-3eef-a303-4161cf02f207,  -6.951200, -43.724700,2026-07-12 19:00:00,GOES-19,GUADALUPE,PIAUÍ,Brasil,2204501,22,33,25,0.0,1.0,Cerrado,105.6
9747cabd-8018-369b-8650-730b97cfc50b,  -4.587900, -80.680400,2026-07-12 19:00:00,GOES-19,Sullana,Piura,Peru,159,21,178,43,0.0,1.0,,59.7
49a33fe1-05d0-309c-b486-19303c3916c4,  -4.587700, -80.534700,2026-07-12 19:00:00,GOES-19,Sullana,Piura,Peru,159,21,178,26,0.0,1.0,,63.8
58006791-f45e-3a6b-87c5-7b9b758bc311, -37.883640, -71.998290,2026-07-12 19:00:00,NOAA-20,Biobío,Bío-Bío,Chile,17,6,48,2,0.09,0.01,,6.1
2d4f0f6f-7047-32ec-b9e8-d7f8e38dae45, -36.380810, -72.316360,2026-07-12 19:00:00,NOAA-20,Ñuble,Bío-Bío,Chile,15,6,48,2,0.0,0.31,,21.8
e7458387-ca06-3adf-ab33-d5f4cae9fcda, -37.320680, -73.202350,2026-07-12 19:00:00,NOAA-20,Arauco,Bío-Bío,Chile,16,6,48,2,0.3,0.15,,4.5
c445b440-0296-33fd-8ee1-fda06b534f3c, -36.385370, -72.320500,2026-07-12 19:00:00,NOAA-20,Ñuble,Bío-Bío,Chile,15,6,48,2,0.0,0.27,,22.5
e4afe5a0-88d4-3af7-a192-5055be3d8b37, -36.743960, -71.976090,2026-07-12 19:00:00,NOAA-20,Ñuble,Bío-Bío,Chile,15,6,48,0,1.16,0.01,,4.3
bf4d73a8-c73d-34a7-b172-d230aa12bd72, -36.384410, -72.315390,2026-07-12 19:00:00,NOAA-20,Ñuble,Bío-Bío,Chile,15,6,48,2,0.0,0.26,,21.8
42ec6c1b-3d68-357b-a543-4cdd57155120, -33.310220, -60.168600,2026-07-12 19:00:00,NOAA-20,Gualeguay,Entre Ríos,Argentina,243,8,12,1,0.0,0.37,,18.0
5340d2a9-649c-3a8e-bb74-f86e44a94851, -34.908760, -67.741780,2026-07-12 19:00:00,NOAA-20,San Rafael,Mendoza,Argentina,332,13,12,11,0.0,0.84,,7.7
c2a50171-8f1e-3317-be6d-2557d4c0cb71, -33.313610, -60.165940,2026-07-12 19:00:00,NOAA-20,Gualeguay,Entre Ríos,Argentina,243,8,12,0,0.0,0.37,,8.0
929b0067-2db2-3b5a-b270-e558480520a5, -38.895780, -73.129300,2026-07-12 19:00:00,NOAA-20,Cautín,Araucanía,Chile,8,3,48,0,4.64,0.01,,1.7
456b4ad5-1769-3310-97e1-7b4bd090c97e, -37.749200, -72.087490,2026-07-12 19:00:00,NOAA-20,Biobío,Bío-Bío,Chile,17,6,48,2,0.0,0.02,,4.2
9d0093a7-7819-38e3-ae1b-1bcc1183b865, -36.746590, -71.969810,2026-07-12 19:00:00,NOAA-20,Ñuble,Bío-Bío,Chile,15,6,48,0,1.12,0.01,,9.4
881bf837-aa4a-32f9-819d-8387159f408a, -36.376240, -72.312230,2026-07-12 19:00:00,NOAA-20,Ñuble,Bío-Bío,Chile,15,6,48,2,0.0,0.36,,14.6
4354ff06-222e-39fb-94d7-0f4a5be0f603, -37.886270, -71.992260,2026-07-12 19:00:00,NOAA-20,Biobío,Bío-Bío,Chile,17,6,48,2,0.1,0.0,,8.9
8f5c5d08-edf4-35b8-808b-4d813812e38a, -35.033150, -68.480070,2026-07-12 19:00:00,NOAA-20,San Rafael,Mendoza,Argentina,332,13,12,2,0.0,-999.0,,7.8
9cef9cc6-00c0-399b-be5f-eff9230d7e1e, -33.306740, -60.168810,2026-07-12 19:00:00,NOAA-20,Gualeguay,Entre Ríos,Argentina,243,8,12,1,0.0,0.38,,8.0
e7d2993f-881b-3486-9dae-ca15bb03fb77, -34.909840, -67.739840,2026-07-12 19:00:00,NOAA-20,San Rafael,Mendoza,Argentina,332,13,12,11,0.0,0.84,,7.5
0de5aec4-8abe-3a6a-8ce0-2b353dba072e, -37.753720, -72.091600,2026-07-12 19:00:00,NOAA-20,Biobío,Bío-Bío,Chile,17,6,48,2,0.0,0.02,,4.2
3585d0cd-dceb-3fa5-b5ca-a29d4633548e, -37.882710, -71.993270,2026-07-12 19:00:00,NOAA-20,Biobío,Bío-Bío,Chile,17,6,48,2,0.09,0.0,,4.8
a0ab6697-a033-31ed-8946-13f80c6937a1, -37.317230, -73.203300,2026-07-12 19:00:00,NOAA-20,Arauco,Bío-Bío,Chile,16,6,48,2,0.3,0.16,,4.5
7cad5eaf-8a6c-3c92-8a85-47f6ace33da4, -28.676550, -62.914620,2026-07-12 19:02:00,NOAA-20,Avellaneda,Santiago del Estero,Argentina,461,22,12,24,0.0,0.84,,34.8
90822181-c9d0-3114-9751-b4e913bbc930, -30.365640, -64.395330,2026-07-12 19:02:00,NOAA-20,Ischilín,Córdoba,Argentina,135,2,12,20,0.0,0.84,,6.7
ace49808-7759-3d7f-97f9-2941606d0e19, -28.678460, -62.916220,2026-07-12 19:02:00,NOAA-20,Avellaneda,Santiago del Estero,Argentina,461,22,12,24,0.0,0.84,,32.7
ed115b70-aeab-34e8-bdf5-fb6e668642f8, -18.481820, -66.996770,2026-07-12 19:04:00,NOAA-20,Poopó,Oruro,Bolivia,57,5,28,8,0.0,0.79,,9.8
7a9ace1a-717f-317b-8ed0-cbdb9b5d3d37, -18.481650, -66.996420,2026-07-12 19:04:00,NOAA-20,Poopó,Oruro,Bolivia,57,5,28,8,0.0,0.79,,18.8
5d647e0b-8ac0-3564-9fc5-07e0a1c79280, -22.537980, -68.927930,2026-07-12 19:04:00,NOAA-20,El Loa,Antofagasta,Chile,6,2,48,73,0.0,-999.0,,2.0
1cc9a48f-1cbb-3d53-a8ab-810be93ad0a4, -13.785130, -70.462680,2026-07-12 19:06:00,NOAA-20,Carabaya,Puno,Peru,162,22,178,2,0.0,0.7,,10.2
819777be-a6cf-3728-b44b-ed170258cb8f, -15.924220, -69.694100,2026-07-12 19:06:00,NOAA-20,Puno,Puno,Peru,170,22,178,8,0.0,0.72,,16.9
b2343443-ec3f-3074-a302-f52b9143e2a3, -13.772130, -70.461790,2026-07-12 19:06:00,NOAA-20,Carabaya,Puno,Peru,162,22,178,2,0.0,0.7,,18.6
8011022b-1081-3fdb-b67b-3a1bd0351569, -17.587090, -70.709110,2026-07-12 19:06:00,NOAA-20,Jorge Basadre,Tacna,Peru,186,24,178,37,0.0,-999.0,,1.7
303539a1-c355-3126-8f84-7ab3dde6f57e, -13.778410, -70.461150,2026-07-12 19:06:00,NOAA-20,Carabaya,Puno,Peru,162,22,178,2,0.0,0.7,,21.9
8e6637a8-a0a8-331a-ac37-42f9a41d1977, -15.972970, -69.599690,2026-07-12 19:06:00,NOAA-20,El Collao,Puno,Peru,164,22,178,10,0.0,0.76,,12.9
92e8e3ae-f229-32c8-81d6-05130e2be609, -15.151880, -69.743330,2026-07-12 19:06:00,NOAA-20,Huancane,Puno,Peru,165,22,178,8,0.0,0.77,,7.0
f25f2c45-01af-391b-b3c8-428847bd6a07, -12.721050, -73.699930,2026-07-12 19:06:00,NOAA-20,La Mar,Ayacucho,Peru,47,5,178,8,0.3,0.86,,2.9
034b30a9-d921-390a-9692-b4e051e0fafc, -15.918050, -69.695480,2026-07-12 19:06:00,NOAA-20,Puno,Puno,Peru,170,22,178,8,0.0,0.67,,20.0
bf197baf-896c-3f15-b6d3-e376e026b680, -15.919140, -69.700520,2026-07-12 19:06:00,NOAA-20,Puno,Puno,Peru,170,22,178,8,0.0,0.67,,46.3
52dc782b-9df2-363a-b5bf-9fbf22bc00b9, -13.771360, -70.458120,2026-07-12 19:06:00,NOAA-20,Carabaya,Puno,Peru,162,22,178,2,0.0,0.7,,8.5
465915fe-ac93-3eb0-8397-55760edc2e99, -16.197930, -73.487320,2026-07-12 19:06:00,NOAA-20,Caravelí,Arequipa,Peru,37,4,178,-999,0.0,-999.0,,1.6
31866fee-e8c9-31a6-9c4d-6ff9013b590e, -15.911890, -69.696910,2026-07-12 19:06:00,NOAA-20,Puno,Puno,Peru,170,22,178,8,0.0,0.69,,20.0
797eabc3-0755-338d-ad06-ac142380597e, -15.966770, -69.601060,2026-07-12 19:06:00,NOAA-20,El Collao,Puno,Peru,164,22,178,10,0.0,0.76,,39.9
2c644f1b-97f0-3edd-91f8-b542330ce4db, -15.925310, -69.699150,2026-07-12 19:06:00,NOAA-20,Puno,Puno,Peru,170,22,178,8,0.0,0.68,,25.0
92c8847f-ba83-3c72-a1ae-cba25d6eb99d, -16.143310, -68.806930,2026-07-12 19:06:00,NOAA-20,Omasuyos,La Paz,Bolivia,46,4,28,32,0.0,0.74,,5.0
4223f26d-0d0e-34bf-af77-82cb6c252b55, -15.150970, -69.739070,2026-07-12 19:06:00,NOAA-20,Huancane,Puno,Peru,165,22,178,8,0.0,0.76,,12.5
d6aea599-dbde-3344-99e3-4c4e915ddecd, -12.482530, -73.835550,2026-07-12 19:06:00,NOAA-20,La Convención,Cusco,Peru,76,8,178,0,1.21,0.47,,4.7
4b161edb-80d6-3188-9095-00011b222559, -13.770590, -70.454440,2026-07-12 19:06:00,NOAA-20,Carabaya,Puno,Peru,162,22,178,2,0.0,0.7,,8.5
c2681f7e-a807-38d7-85c5-3155746588e6, -15.903850, -68.670520,2026-07-12 19:06:00,NOAA-20,Omasuyos,La Paz,Bolivia,46,4,28,32,0.0,0.73,,19.4
a9fac755-3ef5-3da2-b357-254052997a35, -13.749540, -75.957910,2026-07-12 19:06:00,NOAA-20,Pisco,Ica,Peru,103,11,178,-999,0.0,0.94,,3.5
4a16ebfd-518c-3b21-b04a-0ceb6b0f16f5, -13.778980, -70.463930,2026-07-12 19:06:00,NOAA-20,Carabaya,Puno,Peru,162,22,178,2,0.0,0.7,,10.2
d54cca85-3f8f-3cbf-846b-f144a9943a06, -15.910830, -69.691960,2026-07-12 19:06:00,NOAA-20,Puno,Puno,Peru,170,22,178,8,0.0,0.7,,20.0
e16fb4e3-1a1a-3bdd-ac78-48cbed4ffd85, -13.435720, -72.936200,2026-07-12 19:06:00,NOAA-20,Abancay,Apurímac,Peru,28,3,178,30,0.0,0.85,,12.0
7f7b5935-6824-3cdc-b087-eab565236eb6,  -7.361970, -79.452250,2026-07-12 19:08:00,NOAA-20,Pacasmayo,La Libertad,Peru,119,13,178,27,0.0,0.96,,9.6
e156eea9-b424-3d9d-a239-87941009814c, -11.102350, -74.308910,2026-07-12 19:08:00,NOAA-20,Satipo,Junín,Peru,110,12,178,0,8.99,0.02,,17.6
2b63cd65-cb4a-34eb-a171-0f2e0217450c, -10.611260, -75.809590,2026-07-12 19:08:00,NOAA-20,Pasco,Pasco,Peru,152,20,178,2,0.0,0.78,,21.8
76b0f5dc-734d-3485-818e-0f9ac9dede17, -11.101430, -74.360530,2026-07-12 19:08:00,NOAA-20,Satipo,Junín,Peru,110,12,178,0,8.47,0.02,,3.9
3e1aa9c7-f4be-3209-b671-fccf30fd4f30,  -6.838730, -79.596080,2026-07-12 19:08:00,NOAA-20,Chiclayo,Lambayeque,Peru,125,14,178,30,0.0,1.0,,2.9
e2ed3703-91b0-36ee-890f-46d4910b495f,  -7.143240, -76.356680,2026-07-12 19:08:00,NOAA-20,Bellavista,San Martín,Peru,175,23,178,4,0.63,0.92,,12.9
9ce97e34-8148-3376-b3b0-2a546bac69df, -11.898780, -74.919200,2026-07-12 19:08:00,NOAA-20,Huancayo,Junín,Peru,107,12,178,2,0.0,0.81,,6.5
c24ca754-7bdb-3578-8d62-4179c50743b4,  -9.525970, -76.282430,2026-07-12 19:08:00,NOAA-20,Dos de Mayo,Huánuco,Peru,82,9,178,5,1.97,0.27,,5.4
9c1ddd3a-07a0-31ed-a024-045438dc7651,  -9.418720, -77.705600,2026-07-12 19:08:00,NOAA-20,Huaraz,Ancash,Peru,16,2,178,31,0.0,0.82,,12.1
c2b6931e-d4a8-3530-8a61-a35b8c12be2f,  -6.177900, -79.061810,2026-07-12 19:08:00,NOAA-20,Cutervo,Cajamarca,Peru,59,6,178,6,0.0,0.93,,2.8
6f9f7df8-58d9-3b6b-80cd-2e8998281b83, -11.755700, -74.244900,2026-07-12 19:08:00,NOAA-20,Satipo,Junín,Peru,110,12,178,2,0.0,0.14,,2.0
c21c3d45-0ffa-348c-b722-0f6a3c05883c,  -8.874700, -78.534390,2026-07-12 19:08:00,NOAA-20,Santa,Ancash,Peru,25,2,178,-999,0.0,-999.0,,4.2
c7afb24d-cf94-3289-be92-9f78a4f02b44, -10.909640, -75.249110,2026-07-12 19:08:00,NOAA-20,Chanchamayo,Junín,Peru,104,12,178,3,1.21,0.53,,5.1
5dc1a6a5-ccbc-3982-803e-bea5d57ffa7a, -11.713350, -75.438800,2026-07-12 19:08:00,NOAA-20,Jauja,Junín,Peru,108,12,178,3,0.0,0.8,,15.6
ae285a76-f3cc-3fe1-a2b5-dc1da42b729c, -11.801450, -75.032740,2026-07-12 19:08:00,NOAA-20,Concepción,Junín,Peru,106,12,178,2,0.0,0.75,,15.6
e38a0c89-aaa3-34fb-8492-732e3bb0a29c,  -9.333150, -76.473910,2026-07-12 19:08:00,NOAA-20,Huamalíes,Huánuco,Peru,84,9,178,1,5.37,0.1,,5.0
fd62c133-3e3b-374f-b8e7-c949a439b15e, -11.467850, -76.098980,2026-07-12 19:08:00,NOAA-20,Yauli,Junín,Peru,112,12,178,4,0.0,0.72,,8.7
204d0119-9392-374e-b6a0-a6c514c3968e, -11.873180, -74.050410,2026-07-12 19:08:00,NOAA-20,Satipo,Junín,Peru,110,12,178,2,0.4,0.24,,1.9
f33adf0a-cd5a-37ea-9939-3202d6e6df73,  -7.136810, -76.460560,2026-07-12 19:08:00,NOAA-20,Bellavista,San Martín,Peru,175,23,178,3,0.0,0.92,,2.2
0c05c802-d03d-3773-bcb0-df3e47a57837,  -5.878160, -78.263910,2026-07-12 19:08:00,NOAA-20,Utcubamba,Amazonas,Peru,7,1,178,8,1.73,0.76,,2.2
92021e9e-a139-33fe-80a6-cf20f693a648, -11.468020, -74.361420,2026-07-12 19:08:00,NOAA-20,Satipo,Junín,Peru,110,12,178,1,0.95,0.39,,4.5
e5ceb845-73a5-397c-ac3e-fca783dfe215, -11.587400, -74.367430,2026-07-12 19:08:00,NOAA-20,Satipo,Junín,Peru,110,12,178,5,0.0,0.51,,3.2
60a99a80-bbe7-347f-8450-9f5215d208df, -12.147280, -75.489430,2026-07-12 19:08:00,NOAA-20,Chupaca,Junín,Peru,105,12,178,3,0.0,0.76,,7.8
fad21043-63a6-3644-982f-1aac446c7a2f,  -9.338610, -76.478610,2026-07-12 19:08:00,NOAA-20,Huamalíes,Huánuco,Peru,84,9,178,1,5.07,0.07,,4.6
a3c028f0-4f42-3542-ba40-3becc22fdcce, -11.466580, -76.100940,2026-07-12 19:08:00,NOAA-20,Yauli,Junín,Peru,112,12,178,4,0.0,0.72,,6.3
596ba4fb-f3e5-348f-bf00-62e22c5b9080,  -7.163100, -76.241020,2026-07-12 19:08:00,NOAA-20,Bellavista,San Martín,Peru,175,23,178,4,1.16,0.69,,5.2
2f781f00-177e-3441-aef3-e8212e45cc60, -11.163320, -74.696270,2026-07-12 19:08:00,NOAA-20,Satipo,Junín,Peru,110,12,178,2,0.1,0.88,,6.7
c8444f69-7b3c-3e8d-8885-a05ad31c1029,  -7.129980, -77.945450,2026-07-12 19:08:00,NOAA-20,San Marcos,Cajamarca,Peru,63,6,178,10,0.2,0.8,,12.0
6e621354-e487-3b3d-ad6c-5433b319f230,  -7.914580, -76.657810,2026-07-12 19:08:00,NOAA-20,Tocache,San Martín,Peru,184,23,178,2,1.64,0.31,,3.5
44af792e-1c34-3ff0-bc1b-675e1f8139ac,  -7.253430, -76.055730,2026-07-12 19:08:00,NOAA-20,Ucayali,Loreto,Peru,143,17,178,6,1.44,0.18,,8.3
1440a5e5-5a0b-3096-b813-22e6c72eb8ef,  -6.654780, -79.777650,2026-07-12 19:08:00,NOAA-20,Ferreñafe,Lambayeque,Peru,126,14,178,40,0.0,1.0,,4.4
1746673b-16ad-3266-8d75-b2e6a321279a,  -5.877570, -78.263790,2026-07-12 19:08:00,NOAA-20,Utcubamba,Amazonas,Peru,7,1,178,8,1.73,0.76,,4.0
ac5bd9a9-9d9a-378a-9eaa-5387bc7b5b9f, -12.157800, -76.217830,2026-07-12 19:08:00,NOAA-20,Huarochiri,Lima,Peru,134,16,178,10,0.0,0.78,,4.5
f22de283-c05c-355c-a006-24a6477911d7,  -6.678740, -79.785340,2026-07-12 19:08:00,NOAA-20,Lambayeque,Lambayeque,Peru,127,14,178,50,0.0,1.0,,3.3
3742f1c2-3f41-3fd9-9fd1-56e7e9767664, -11.899370, -74.920960,2026-07-12 19:08:00,NOAA-20,Huancayo,Junín,Peru,107,12,178,2,0.0,0.81,,4.3
ff7f46eb-5b15-350d-86d7-52099528eb21,  -7.254420, -76.061330,2026-07-12 19:08:00,NOAA-20,Ucayali,Loreto,Peru,143,17,178,6,1.51,0.18,,7.0
505f5d90-6594-316f-9285-30456d646ff6, -10.028840, -76.113160,2026-07-12 19:08:00,NOAA-20,Pachitea,Huánuco,Peru,89,9,178,3,0.0,0.85,,11.9
fce9e65d-708a-3d66-b4ca-2d8c05ab28b0,  -9.526760, -76.286990,2026-07-12 19:08:00,NOAA-20,Huenuco,Huánuco,Peru,85,9,178,4,1.93,0.37,,5.4
7ef2f6a8-e9a5-3334-a03e-00dfd3e58c0d,  -7.349700, -79.498210,2026-07-12 19:08:00,NOAA-20,Pacasmayo,La Libertad,Peru,119,13,178,-999,0.0,0.96,,8.3
777ad8b3-64ae-3774-a11b-41a1c6d9f3f0, -11.101920, -74.306550,2026-07-12 19:08:00,NOAA-20,Satipo,Junín,Peru,110,12,178,0,9.02,0.02,,23.1
ea7a4cd2-c101-3861-96a4-b660cb619d26, -11.116470, -74.413790,2026-07-12 19:08:00,NOAA-20,Satipo,Junín,Peru,110,12,178,0,6.34,0.04,,3.9
6248b94f-8322-33b9-89ff-786e306b056e, -11.467550, -74.358830,2026-07-12 19:08:00,NOAA-20,Satipo,Junín,Peru,110,12,178,1,0.98,0.33,,4.5
6890905d-c1f1-3b04-8905-f66862a0f11d,  -7.255240, -76.060200,2026-07-12 19:08:00,NOAA-20,Ucayali,Loreto,Peru,143,17,178,6,1.51,0.18,,9.5
91e2da87-cff3-3f54-844b-66af724bb7e8, -11.587850, -74.368860,2026-07-12 19:08:00,NOAA-20,Satipo,Junín,Peru,110,12,178,5,0.0,0.53,,2.1
7534a340-09ae-3144-be41-7cf071b6a77a,  -9.530590, -76.282030,2026-07-12 19:08:00,NOAA-20,Huenuco,Huánuco,Peru,85,9,178,5,1.98,0.4,,10.9
c29c55c7-4650-3950-af92-e97dc19ef701, -11.796630, -75.033260,2026-07-12 19:08:00,NOAA-20,Concepción,Junín,Peru,106,12,178,2,0.0,0.75,,6.9
e88c494b-c9be-3681-bd2e-8af8e9255cd6, -12.151910, -75.488880,2026-07-12 19:08:00,NOAA-20,Chupaca,Junín,Peru,105,12,178,3,0.0,0.76,,9.3
db9c8873-5f7e-3323-a0dc-182bf428709f, -11.101920, -74.363170,2026-07-12 19:08:00,NOAA-20,Satipo,Junín,Peru,110,12,178,0,8.37,0.02,,3.9
159bc5ee-bca1-3c1a-9d4e-a1d34818224c,  -8.957270, -76.727450,2026-07-12 19:08:00,NOAA-20,Huacaybamba,Huánuco,Peru,83,9,178,8,0.92,0.26,,20.7
e7eaa971-db01-371e-ac98-df6d5e2b03cb,  -7.141530, -76.459930,2026-07-12 19:08:00,NOAA-20,Bellavista,San Martín,Peru,175,23,178,3,0.0,0.92,,8.0
578e1eec-982f-3c76-82df-0ade705f63de,  -7.128920, -77.938960,2026-07-12 19:08:00,NOAA-20,San Marcos,Cajamarca,Peru,63,6,178,10,0.21,0.8,,9.6
78777639-d51c-311d-92a5-83b293209092, -11.475410, -76.098960,2026-07-12 19:08:00,NOAA-20,Yauli,Junín,Peru,112,12,178,4,0.0,0.72,,2.7
1bfb71b1-1c57-3957-91f3-28850adad32d, -12.199940, -73.863730,2026-07-12 19:08:00,NOAA-20,Satipo,Junín,Peru,110,12,178,0,4.27,0.05,,2.8
c1951b83-b6d8-3d1f-abea-1707d764227a,  -7.274440, -79.435510,2026-07-12 19:08:00,NOAA-20,Pacasmayo,La Libertad,Peru,119,13,178,27,0.0,0.97,,4.2
09d0612b-9587-3b3c-8a55-b42fadde354d,  -6.679850, -79.787980,2026-07-12 19:08:00,NOAA-20,Lambayeque,Lambayeque,Peru,127,14,178,51,0.0,1.0,,5.9
17e42288-3640-3dee-a904-b936d8fd3c3d,  -7.129270, -77.945260,2026-07-12 19:08:00,NOAA-20,San Marcos,Cajamarca,Peru,63,6,178,10,0.2,0.8,,4.7
c749b7fb-12a2-37c1-a08f-e7cf9edf6f3b,  -9.334060, -76.479170,2026-07-12 19:08:00,NOAA-20,Huamalíes,Huánuco,Peru,84,9,178,1,5.05,0.06,,5.4
bda60f31-98c5-3c35-974a-4b683530d284, -11.315250, -74.373810,2026-07-12 19:08:00,NOAA-20,Satipo,Junín,Peru,110,12,178,0,3.14,0.12,,3.2
38b54e56-22d9-3af9-a8c2-b9c810fa5f3e,  -4.752000, -80.663800,2026-07-12 19:10:00,GOES-19,Sullana,Piura,Peru,159,21,178,16,0.0,1.0,,67.7
f920e762-9e03-3a06-9d5a-2eb7642b923c,  -6.951200, -43.724700,2026-07-12 19:10:00,GOES-19,GUADALUPE,PIAUÍ,Brasil,2204501,22,33,25,0.0,1.0,Cerrado,115.3
17a2517a-b85f-3fa8-9fee-f541a2e4b14f,  -6.932300, -43.726400,2026-07-12 19:10:00,GOES-19,GUADALUPE,PIAUÍ,Brasil,2204501,22,33,24,0.0,1.0,Cerrado,88.5
89c1b037-374e-36b9-9b6c-e6418a6f51f6,  -4.460100, -80.515300,2026-07-12 19:10:00,GOES-19,Sullana,Piura,Peru,159,21,178,25,0.0,1.0,,60.0
ac3b5204-bd18-345d-b811-50bd60899a3d,  -4.679000, -80.608400,2026-07-12 19:10:00,GOES-19,Sullana,Piura,Peru,159,21,178,19,0.0,1.0,,63.8
23f202a9-e8cf-33bb-a93d-d82fe8b552a6,  -4.551100, -80.406900,2026-07-12 19:10:00,GOES-19,Sullana,Piura,Peru,159,21,178,24,0.0,1.0,,59.8
aa1564a4-1cd6-3bc7-bd9a-0b6c78121413,  -4.733800, -80.663600,2026-07-12 19:10:00,GOES-19,Sullana,Piura,Peru,159,21,178,15,0.0,1.0,,69.1
0eae2f25-1498-3328-8204-7fd3d797551e,  -4.642500, -80.589800,2026-07-12 19:10:00,GOES-19,Sullana,Piura,Peru,159,21,178,23,0.0,1.0,,60.3
dd60feca-9018-3268-abca-fd505a643c3e,  -5.205160, -79.972170,2026-07-12 19:10:00,NOAA-20,Morropón,Piura,Peru,155,21,178,11,2.48,1.0,,4.1
1ebac38b-bb65-3715-8661-de61e0744eb2,  -4.427270, -80.313170,2026-07-12 19:10:00,NOAA-20,Zapotillo,Loja,Ecuador,117,12,68,16,0.0,1.0,,5.8
41620c4d-0bc0-3e29-9ebf-a600cd4e9649,  -4.959070, -80.592880,2026-07-12 19:10:00,NOAA-20,Piura,Piura,Peru,157,21,178,69,0.0,1.0,,2.9
5c313a1b-bf55-3d7f-84cb-e85e5b7f8ab0,  -1.140690, -79.843260,2026-07-12 19:10:00,NOAA-20,Balzar,Guayas,Ecuador,75,10,68,12,0.0,0.87,,2.0
f355e9df-e04f-307f-bd59-c78e76617a77,  -1.949230, -79.584240,2026-07-12 19:10:00,NOAA-20,Alfredo Baquerizo Moreno,Guayas,Ecuador,73,10,68,10,0.0,1.0,,3.2
acbcaa73-7440-3075-8df1-3dc91f918ac8,  -1.474300, -80.037640,2026-07-12 19:10:00,NOAA-20,Colimes,Guayas,Ecuador,76,10,68,13,1.18,0.99,,4.3
5fa67fa7-1476-30f6-ad95-afc0afb24919,  -5.025970, -80.619540,2026-07-12 19:10:00,NOAA-20,Piura,Piura,Peru,157,21,178,77,0.0,1.0,,3.3
709ceb38-448f-35eb-b5dd-bfd2c82c7418,  -1.878930, -79.693190,2026-07-12 19:10:00,NOAA-20,Urbina Jado,Guayas,Ecuador,95,10,68,9,0.0,1.0,,3.1
28bd703d-dd36-3975-89b0-d4a2d9831545,   9.338450, -73.640960,2026-07-12 19:13:00,NOAA-20,Chiriguaná,Cesar,Colombia,451,12,53,2,0.65,0.82,,8.1
1d70e496-c495-3b20-80a6-0df007baac8c,   9.342750, -73.639310,2026-07-12 19:13:00,NOAA-20,Chiriguaná,Cesar,Colombia,451,12,53,2,0.63,0.57,,7.2
18929553-775a-3d59-ac07-c394b3851049,  -4.514900, -80.570400,2026-07-12 19:20:00,GOES-19,Sullana,Piura,Peru,159,21,178,32,0.0,1.0,,61.7
16561213-2218-382c-b56f-7cb1642db964,  -4.752100, -80.682000,2026-07-12 19:20:00,GOES-19,Sullana,Piura,Peru,159,21,178,16,0.0,1.0,,67.3
54806435-b690-3c87-b211-610f23ce791e,  -4.496400, -80.351800,2026-07-12 19:20:00,GOES-19,Sullana,Piura,Peru,159,21,178,24,0.0,1.0,,60.8
49e9e054-be1e-3c02-ac4b-cdbbe18d7f12,  -4.496600, -80.515600,2026-07-12 19:20:00,GOES-19,Sullana,Piura,Peru,159,21,178,25,0.0,1.0,,60.6
816dd564-41d2-3811-9e1a-a83ea18c0c28,  -4.642500, -80.571600,2026-07-12 19:20:00,GOES-19,Sullana,Piura,Peru,159,21,178,25,0.0,1.0,,63.6
42c1ebc3-03d0-30d2-b62d-e866e67df7f0,  -4.514800, -80.552200,2026-07-12 19:20:00,GOES-19,Sullana,Piura,Peru,159,21,178,27,0.0,1.0,,65.0
1d381bc6-2d7a-3549-97ea-17f7afe734b5,  -6.951200, -43.724700,2026-07-12 19:20:00,GOES-19,GUADALUPE,PIAUÍ,Brasil,2204501,22,33,25,0.0,1.0,Cerrado,101.1
47f4c172-5641-371e-a8b7-7e3947a704f9,  -4.533100, -80.552400,2026-07-12 19:20:00,GOES-19,Sullana,Piura,Peru,159,21,178,27,0.0,1.0,,64.6
14bc6f92-0891-39cc-8e8a-51d66028721b,  -4.752000, -80.663800,2026-07-12 19:30:00,GOES-19,Sullana,Piura,Peru,159,21,178,16,0.0,1.0,,63.4
950754d1-2bb8-3b9a-8869-9a38d886774b,  -4.660500, -80.444300,2026-07-12 19:30:00,GOES-19,Sullana,Piura,Peru,159,21,178,22,0.0,1.0,,60.8
08d535ae-3607-383e-82c4-31594c2e189a,  -4.733800, -80.663600,2026-07-12 19:30:00,GOES-19,Sullana,Piura,Peru,159,21,178,15,0.0,1.0,,65.4
c54689af-5220-3a72-9151-b54f6baec731, -19.373700, -59.777300,2026-07-12 19:30:00,GOES-19,Mayor Pablo Lagerenza,Alto Paraguay,Paraguay,19,2,177,3,0.0,1.0,,162.7
29bd6a05-fed2-301e-bec1-766a166ed8a2,  -4.660500, -80.426100,2026-07-12 19:30:00,GOES-19,Sullana,Piura,Peru,159,21,178,20,0.0,1.0,,60.3
a5b1ad91-f1cb-3054-9827-cb46b1240883,  -6.951200, -43.724700,2026-07-12 19:30:00,GOES-19,GUADALUPE,PIAUÍ,Brasil,2204501,22,33,25,0.0,1.0,Cerrado,89.0
07d37cef-73e8-3097-b865-6bf8138087c3, -15.925400, -69.696400,2026-07-12 19:30:00,GOES-19,Puno,Puno,Peru,170,22,178,8,0.0,0.7,,67.5
30c7b3c0-665a-3dad-8690-472860979fc3,  -4.496400, -80.370000,2026-07-12 19:30:00,GOES-19,Sullana,Piura,Peru,159,21,178,24,0.0,1.0,,60.8
cc970369-fc61-3fbe-a33f-59c3ba5509b6,  -4.642300, -80.426000,2026-07-12 19:30:00,GOES-19,Sullana,Piura,Peru,159,21,178,21,0.0,1.0,,61.4
ce90cc3a-f3be-3d1f-ab22-174d7a37967c,  -4.642300, -80.444200,2026-07-12 19:30:00,GOES-19,Sullana,Piura,Peru,159,21,178,24,0.0,1.0,,61.3
5c24f2d9-0786-3d0b-b9b3-abf4bb852740,  -4.551200, -80.497900,2026-07-12 19:40:00,GOES-19,Sullana,Piura,Peru,159,21,178,25,0.0,1.0,,61.2
4a2ced71-9079-37da-9e1e-3e8ca8f385ea,  -4.551300, -80.534300,2026-07-12 19:40:00,GOES-19,Sullana,Piura,Peru,159,21,178,26,0.0,1.0,,65.1
58db7449-d2a8-3496-8195-93db34411595,  -4.569500, -80.516300,2026-07-12 19:40:00,GOES-19,Sullana,Piura,Peru,159,21,178,26,0.0,1.0,,63.2
e15fdad2-bfa7-375d-8056-b703a5732eb0,  -4.642300, -80.426000,2026-07-12 19:40:00,GOES-19,Sullana,Piura,Peru,159,21,178,21,0.0,1.0,,61.1
2121c8d2-ee38-3c2b-896c-8b484619223a, -15.156200, -69.739000,2026-07-12 19:40:00,GOES-19,Huancane,Puno,Peru,165,22,178,8,0.0,0.76,,81.9
9ae56f82-4513-36ba-adee-ba9d1daf192e,  -4.551300, -80.516100,2026-07-12 19:40:00,GOES-19,Sullana,Piura,Peru,159,21,178,26,0.0,1.0,,64.5
3763968c-b2e4-30b0-adc2-0bfeff656812,  -6.951200, -43.724700,2026-07-12 19:40:00,GOES-19,GUADALUPE,PIAUÍ,Brasil,2204501,22,33,25,0.0,1.0,Cerrado,76.4
e9c43e9c-b654-3a0f-8d74-c91c3629b859, -19.373700, -59.777300,2026-07-12 19:50:00,GOES-19,Mayor Pablo Lagerenza,Alto Paraguay,Paraguay,19,2,177,3,0.0,1.0,,133.2
f360b791-eb50-359e-84bd-c0c4ec8bfa27, -15.156200, -69.739000,2026-07-12 19:50:00,GOES-19,Huancane,Puno,Peru,165,22,178,8,0.0,0.76,,81.0
4e6c572c-2787-38e8-938a-116ad5ea0e7b, -15.925400, -69.696400,2026-07-12 19:50:00,GOES-19,Puno,Puno,Peru,170,22,178,8,0.0,0.7,,78.7
00a9f19d-16b2-39f6-8709-c2fc74fef84f,  -5.769600, -45.782200,2026-07-12 20:00:00,GOES-19,GRAJAÚ,MARANHÃO,Brasil,2104800,21,33,10,0.0,0.82,Cerrado,68.9
79caa3bc-4ed2-30ab-bb72-84528908f623,  -6.951200, -43.724700,2026-07-12 20:00:00,GOES-19,GUADALUPE,PIAUÍ,Brasil,2204501,22,33,25,0.0,1.0,Cerrado,81.0
db2c7594-dd2a-3a16-bde4-b162824eac11, -33.516680, -59.589880,2026-07-12 20:02:00,AQUA_M-T,Gualeguay,Entre Ríos,Argentina,243,8,12,3,0.0,0.72,,9.2
b2eb9b76-4062-3769-9371-66d3dcc51b53, -29.401110, -57.182500,2026-07-12 20:02:00,AQUA_M-T,Paso de los Libres,Corrientes,Argentina,227,7,12,16,0.0,0.79,,18.6
82b3bcb5-c20e-3c0a-8563-f2483f10aa84, -33.505490, -59.580410,2026-07-12 20:02:00,AQUA_M-T,Gualeguay,Entre Ríos,Argentina,243,8,12,3,0.0,0.52,,7.3
7cca36ab-400f-3420-8d31-77410091498b, -30.351190, -63.215620,2026-07-12 20:02:00,AQUA_M-T,Tulumba,Córdoba,Argentina,153,2,12,24,0.0,0.82,,9.0
dec156ce-b799-397d-8b75-c858054bdee9, -33.514740, -59.578160,2026-07-12 20:02:00,AQUA_M-T,Gualeguay,Entre Ríos,Argentina,243,8,12,3,0.0,0.76,,11.5
eaa17130-805e-3143-8379-b35178d2d454, -27.563810, -64.099330,2026-07-12 20:04:00,AQUA_M-T,Banda,Santiago del Estero,Argentina,462,22,12,54,0.0,0.86,,11.9
8f8221e3-705c-36ce-ac55-441084311347, -28.683060, -62.922100,2026-07-12 20:04:00,AQUA_M-T,Avellaneda,Santiago del Estero,Argentina,461,22,12,24,0.0,0.84,,61.7
31ba9de7-01e0-396b-8266-195cd226167b, -26.332520, -62.851430,2026-07-12 20:04:00,AQUA_M-T,Alberdi,Santiago del Estero,Argentina,459,22,12,28,0.0,0.91,,12.9
d9c222cb-190c-30f2-8b50-7a0ac5ccf652, -29.315730, -61.343130,2026-07-12 20:04:00,AQUA_M-T,Nueve de Julio,Santa Fe,Argentina,449,21,12,24,0.0,0.82,,10.7
b661cd85-dec4-3297-a2fb-d5a1d4226f19, -23.247090, -59.891990,2026-07-12 20:04:00,AQUA_M-T,Pozo Colorado,Presidente Hayes,Paraguay,201,17,177,23,0.0,0.97,,11.5
4b6403b5-ec44-3ddd-8d43-6ba6955a2b46, -28.681550, -62.912080,2026-07-12 20:04:00,AQUA_M-T,Avellaneda,Santiago del Estero,Argentina,461,22,12,24,0.0,0.84,,36.7
10f96e61-9997-317c-8601-7115ce68dac5, -26.588210, -60.608520,2026-07-12 20:04:00,AQUA_M-T,Independencia,Chaco,Argentina,180,4,12,16,0.0,0.87,,9.6
20af2437-f534-3b03-a8e4-01a7fa950cdd, -28.366440, -62.792310,2026-07-12 20:04:00,AQUA_M-T,General Taboada,Santiago del Estero,Argentina,468,22,12,24,0.0,0.84,,7.3
610ed635-ba5f-3349-a0f8-1d99a8bffc8a, -23.244440, -59.877050,2026-07-12 20:04:00,AQUA_M-T,Pozo Colorado,Presidente Hayes,Paraguay,201,17,177,23,0.0,0.97,,47.1
3647b4ab-fb4e-3e17-ad20-e5f75b258c1a, -29.135120, -62.552260,2026-07-12 20:04:00,AQUA_M-T,Belgrano,Santiago del Estero,Argentina,463,22,12,24,0.0,0.83,,7.5
527d8496-e5ab-3ede-9b55-c9665a60a17b, -27.595130, -59.229710,2026-07-12 20:04:00,AQUA_M-T,San Fernando,Chaco,Argentina,190,4,12,7,0.0,0.83,,9.6
d73b137e-cb1a-3b99-8bf3-a7174c33aad9, -27.562390, -64.089420,2026-07-12 20:04:00,AQUA_M-T,Banda,Santiago del Estero,Argentina,462,22,12,55,0.0,0.86,,4.1
a6c246b9-2c21-3fc0-bf4e-0377f4a4ccee, -19.378960, -59.782850,2026-07-12 20:04:00,AQUA_M-T,Mayor Pablo Lagerenza,Alto Paraguay,Paraguay,19,2,177,3,0.0,1.0,,114.0
b12de475-4f28-3df5-8526-b77fafc70cda, -23.383510, -59.032250,2026-07-12 20:04:00,AQUA_M-T,Pozo Colorado,Presidente Hayes,Paraguay,201,17,177,3,0.0,0.96,,10.9
85c43250-bc54-3e8f-9764-12db81bfbdcd, -15.772150, -67.759370,2026-07-12 20:06:00,AQUA_M-T,Larecaja,La Paz,Bolivia,40,4,28,9,0.0,0.59,,21.6
28087dbd-8bc2-31b0-9048-72e04611130a, -18.478530, -67.000500,2026-07-12 20:06:00,AQUA_M-T,Poopó,Oruro,Bolivia,57,5,28,8,0.0,0.79,,7.3
939237ea-2dd8-3d81-b0d8-a850f2970b40, -15.610570, -68.118390,2026-07-12 20:06:00,AQUA_M-T,Larecaja,La Paz,Bolivia,40,4,28,10,0.1,0.61,,6.7
20a596db-4827-34f7-851d-de87fcb1533c, -16.267190, -67.540660,2026-07-12 20:06:00,AQUA_M-T,Sud Yungas,La Paz,Bolivia,49,4,28,10,0.0,0.7,,8.2
cb2c30d0-8ff3-3444-9fa6-dfc49398517d, -15.146350, -69.757690,2026-07-12 20:06:00,AQUA_M-T,Huancane,Puno,Peru,165,22,178,8,0.0,0.77,,9.8
05b3a3bd-3052-3801-b502-b477c8f2fe96, -15.974600, -69.607870,2026-07-12 20:06:00,AQUA_M-T,El Collao,Puno,Peru,164,22,178,10,0.0,0.77,,8.8
d5e5da1e-ee1e-3131-9674-057478e8efa3, -15.472020, -67.985830,2026-07-12 20:06:00,AQUA_M-T,Larecaja,La Paz,Bolivia,40,4,28,10,0.0,0.57,,15.3
272daa67-3d11-3143-a492-106583aa4104, -15.143080, -69.733670,2026-07-12 20:06:00,AQUA_M-T,Huancane,Puno,Peru,165,22,178,9,0.0,0.77,,6.3
60d9c4f6-e0be-3185-9ed5-b6ea89e7221b, -15.144720, -69.745720,2026-07-12 20:06:00,AQUA_M-T,Huancane,Puno,Peru,165,22,178,8,0.0,0.77,,103.7
81f3b66c-8ef4-30d5-9a1f-83fca1510356, -15.154500, -69.744380,2026-07-12 20:06:00,AQUA_M-T,Huancane,Puno,Peru,165,22,178,8,0.0,0.76,,10.9
913ce21c-f889-3c19-af14-db0580bff4f5, -15.473370, -67.995330,2026-07-12 20:06:00,AQUA_M-T,Larecaja,La Paz,Bolivia,40,4,28,10,0.0,0.6,,16.7
9f11acad-647e-3759-baea-3d86a5a13c00, -17.554070, -65.977190,2026-07-12 20:06:00,AQUA_M-T,Germán Jordán,Cochabamba,Bolivia,19,2,28,45,0.0,0.89,,9.8
f8b685d0-62a2-3cf1-b268-91b311e99388, -15.223690, -68.246990,2026-07-12 20:06:00,AQUA_M-T,Larecaja,La Paz,Bolivia,40,4,28,13,0.0,0.99,,5.1
3ba73844-4b94-3b8c-a5f5-8d3d53172670, -15.512870, -67.943660,2026-07-12 20:06:00,AQUA_M-T,Larecaja,La Paz,Bolivia,40,4,28,9,0.0,0.67,,13.4
0f4262e1-eeb0-32e2-ab6d-25043fa67fa7, -13.748130, -75.948590,2026-07-12 20:06:00,AQUA_M-T,Pisco,Ica,Peru,103,11,178,103,0.0,0.94,,31.7
a4f34134-f37f-3101-9581-dbc773c2e7e5, -15.964800, -69.609280,2026-07-12 20:06:00,AQUA_M-T,El Collao,Puno,Peru,164,22,178,9,0.0,0.76,,15.5
fcb799a3-c442-31db-8d78-ef7a3c33886e, -10.981870, -69.548690,2026-07-12 20:08:00,AQUA_M-T,Federico Román,Pando,Bolivia,60,6,28,9,6.58,0.03,,8.5
1d9fb29c-5517-3f65-88d5-7e121c3065b4,  -8.964660, -71.580260,2026-07-12 20:08:00,AQUA_M-T,JORDÃO,ACRE,Brasil,1200328,12,33,8,3.61,0.02,Amazônia,7.5
2ff969c2-f6f1-3a36-9227-b7fad94b2a26, -12.146540, -75.491250,2026-07-12 20:08:00,AQUA_M-T,Chupaca,Junín,Peru,105,12,178,3,0.0,0.76,,26.2
c2b1281e-ce10-325d-b382-bcd4ebaff761, -19.373700, -59.777300,2026-07-12 20:10:00,GOES-19,Mayor Pablo Lagerenza,Alto Paraguay,Paraguay,19,2,177,3,0.0,1.0,,104.5
17900136-70e8-3181-b068-5a2025bf9c45,   5.269750, -69.269180,2026-07-12 20:12:00,AQUA_M-T,La Primavera,Vichada,Colombia,1061,32,53,0,1.44,0.0,,13.2
ff69716f-2106-31fe-bda9-49b7d43f21a3,   4.731170, -69.979450,2026-07-12 20:12:00,AQUA_M-T,Cumaribo,Vichada,Colombia,1060,32,53,0,4.02,0.0,,12.6
814384ed-16b3-37ab-bc71-b870d3b970e3,   5.342850, -69.137910,2026-07-12 20:12:00,AQUA_M-T,La Primavera,Vichada,Colombia,1061,32,53,0,1.68,0.0,,12.4
4cf7e1d4-ede4-315e-abb4-26a5648d41c7,   5.344230, -69.128170,2026-07-12 20:12:00,AQUA_M-T,La Primavera,Vichada,Colombia,1061,32,53,0,1.58,0.0,,8.7
73a4ef73-53be-335f-991b-a8a8d948e33e,   5.259240, -69.277400,2026-07-12 20:12:00,AQUA_M-T,La Primavera,Vichada,Colombia,1061,32,53,0,1.34,0.0,,14.4
e81b21b8-19e2-3ba2-8b66-aa2accf35d77,   4.903100, -69.943590,2026-07-12 20:12:00,AQUA_M-T,La Primavera,Vichada,Colombia,1061,32,53,0,9.32,0.0,,20.5
c3e451b9-bfc3-311b-90bd-862bf35dc361,   5.260620, -69.267840,2026-07-12 20:12:00,AQUA_M-T,La Primavera,Vichada,Colombia,1061,32,53,0,1.35,0.0,,27.7
272e1a67-6c47-3869-8747-c9cf6e668aef,   9.931580, -74.242120,2026-07-12 20:14:00,AQUA_M-T,Ariguaní,Magdalena,Colombia,664,19,53,2,3.57,0.21,,8.1
f146b982-8b2f-3b1c-a895-cea3a9a1db54,  11.189930, -72.276730,2026-07-12 20:14:00,AQUA_M-T,Maicao,La Guajira,Colombia,656,18,53,2,0.0,1.0,,9.4
617e9dc5-f55e-351a-93c2-9cbee10fce4f,  10.954470, -71.662300,2026-07-12 20:14:00,AQUA_M-T,Almirante Padilla,Zulia,Venezuela,318,25,249,-999,0.0,-999.0,,6.4
0891adde-4687-37e9-8849-57f1d0532dc1,  11.338690, -72.764510,2026-07-12 20:14:00,AQUA_M-T,Riohacha,La Guajira,Colombia,658,18,53,0,0.0,1.0,,6.2
b1b5b51c-55e4-3046-bdc2-ccd53036be41,  11.191220, -72.267890,2026-07-12 20:14:00,AQUA_M-T,Maicao,La Guajira,Colombia,656,18,53,2,0.0,1.0,,8.3
d7e1489f-3390-345b-ac60-111e10f69bee,  10.928100, -70.233870,2026-07-12 20:14:00,AQUA_M-T,Democracia,Falcón,Venezuela,115,12,249,1,0.81,1.0,,14.7
43d066bc-b0d6-39ce-9afd-33c7386328e5,  -6.870000, -40.901300,2026-07-12 20:20:00,GOES-19,ALAGOINHA DO PIAUÍ,PIAUÍ,Brasil,2200251,22,33,14,0.0,1.0,Caatinga,83.7
29f367e7-9b7f-3064-960b-fd55b8c18f47,  -5.769600, -45.782200,2026-07-12 20:20:00,GOES-19,GRAJAÚ,MARANHÃO,Brasil,2104800,21,33,10,0.0,0.82,Cerrado,68.2
045dccfa-e0ec-3688-b6ec-ce30d344356e, -13.753700, -75.941400,2026-07-12 20:20:00,GOES-19,Pisco,Ica,Peru,103,11,178,104,0.0,0.94,,66.3
d56b3470-cf50-33d4-b5e0-cc729d0134b9,  -6.870200, -40.876900,2026-07-12 20:30:00,GOES-19,ALAGOINHA DO PIAUÍ,PIAUÍ,Brasil,2200251,22,33,14,0.0,1.0,Caatinga,138.0
6a0ac4b4-268f-3727-a697-543fe5b09f3f,  -6.870000, -40.901300,2026-07-12 20:30:00,GOES-19,ALAGOINHA DO PIAUÍ,PIAUÍ,Brasil,2200251,22,33,14,0.0,1.0,Caatinga,371.5
9c792a12-f64c-34ff-9c02-9e9009370f4e,  -6.888900, -40.899400,2026-07-12 20:30:00,GOES-19,ALAGOINHA DO PIAUÍ,PIAUÍ,Brasil,2200251,22,33,14,0.0,1.0,Caatinga,116.4
b67b7d4d-7cd2-3c6c-bc21-fd1d067690a4,  -5.769600, -45.782200,2026-07-12 20:30:00,GOES-19,GRAJAÚ,MARANHÃO,Brasil,2104800,21,33,10,0.0,0.82,Cerrado,67.2
a8c54134-0af8-364e-8a63-2f811695fbf7,  -6.158800, -46.134900,2026-07-12 20:40:00,GOES-19,GRAJAÚ,MARANHÃO,Brasil,2104800,21,33,12,0.0,1.0,Cerrado,96.1
1271b079-431b-3be6-bb53-98384a6e4290,  -6.870000, -40.901300,2026-07-12 20:40:00,GOES-19,ALAGOINHA DO PIAUÍ,PIAUÍ,Brasil,2200251,22,33,14,0.0,1.0,Caatinga,117.2
380413e2-e8a4-3556-bb4c-64d4f8412327,  -6.140100, -46.136300,2026-07-12 20:40:00,GOES-19,GRAJAÚ,MARANHÃO,Brasil,2104800,21,33,14,0.0,0.9,Cerrado,106.8
feb9027c-169a-3ae3-b2b4-d051739d3154,  -6.158800, -46.134900,2026-07-12 20:50:00,GOES-19,GRAJAÚ,MARANHÃO,Brasil,2104800,21,33,12,0.0,1.0,Cerrado,154.7
5ab41b51-2aac-3208-9385-f99dcf1fef5c,  -9.114900, -77.752700,2026-07-12 20:50:00,GOES-19,Yungay,Ancash,Peru,27,2,178,33,0.0,0.79,,102.1
6aa03d34-7655-34bd-b1f0-b2c71a27b314,  -9.114900, -77.771000,2026-07-12 20:50:00,GOES-19,Yungay,Ancash,Peru,27,2,178,33,0.0,0.78,,101.9
d803dce3-7372-3978-b0de-2b32a3fbccde,  -6.140100, -46.136300,2026-07-12 20:50:00,GOES-19,GRAJAÚ,MARANHÃO,Brasil,2104800,21,33,14,0.0,0.9,Cerrado,99.8
51c1cafe-2b4b-320b-8fca-a48d7763f1bc,  -6.158600, -46.157300,2026-07-12 20:50:00,GOES-19,GRAJAÚ,MARANHÃO,Brasil,2104800,21,33,14,0.0,0.87,Cerrado,74.6
d986e527-1277-3d53-93cf-07be8a399885,  -9.114900, -77.752700,2026-07-12 21:00:00,GOES-19,Yungay,Ancash,Peru,27,2,178,33,0.0,0.79,,96.1
fd566f30-ed48-3898-8250-50b80599913d,  -6.140100, -46.136300,2026-07-12 21:00:00,GOES-19,GRAJAÚ,MARANHÃO,Brasil,2104800,21,33,14,0.0,0.9,Cerrado,133.0
42bcd693-7607-31d1-a96f-38c6e11c64da,  -6.158600, -46.157300,2026-07-12 21:00:00,GOES-19,GRAJAÚ,MARANHÃO,Brasil,2104800,21,33,14,0.0,0.87,Cerrado,127.2
9f6e9a46-7339-3bac-89fb-bf65084e2709,  -6.139900, -46.158600,2026-07-12 21:00:00,GOES-19,GRAJAÚ,MARANHÃO,Brasil,2104800,21,33,16,0.0,0.81,Cerrado,83.2
b297d738-dce8-36ca-b257-858f5332a0a5,  -9.114900, -77.771000,2026-07-12 21:00:00,GOES-19,Yungay,Ancash,Peru,27,2,178,33,0.0,0.78,,94.8
5764786c-5e4c-3fb6-bd58-139de63542bb,  -6.158800, -46.134900,2026-07-12 21:00:00,GOES-19,GRAJAÚ,MARANHÃO,Brasil,2104800,21,33,12,0.0,1.0,Cerrado,212.7
e34973b2-fa18-39cc-b881-ba476a264960,  -9.114900, -77.752700,2026-07-12 21:10:00,GOES-19,Yungay,Ancash,Peru,27,2,178,33,0.0,0.79,,72.3
a8d7e23a-1615-3e79-8ba3-3ace1ac5bb2c,  -6.951200, -43.724700,2026-07-12 21:40:00,GOES-19,GUADALUPE,PIAUÍ,Brasil,2204501,22,33,25,0.0,1.0,Cerrado,73.6
54a07473-0687-34cb-952a-6f062a3fd48c, -10.809200, -45.133800,2026-07-12 21:40:00,GOES-19,CRISTALÂNDIA DO PIAUÍ,PIAUÍ,Brasil,2203008,22,33,71,0.0,1.0,Cerrado,52.7
1b7e38a5-2a5c-3f35-8833-79ef3cfa60fb,  -6.167000, -45.235000,2026-07-12 21:40:00,GOES-19,FERNANDO FALCÃO,MARANHÃO,Brasil,2104081,21,33,25,0.0,1.0,Cerrado,68.6
55208619-a202-3e98-aabb-a52fba067060,  -5.754400, -43.266800,2026-07-12 21:40:00,GOES-19,PARNARAMA,MARANHÃO,Brasil,2107803,21,33,22,0.0,1.0,Cerrado,69.6
423ac784-4209-3ef6-9b3a-52921dd29699, -10.828300, -45.131200,2026-07-12 21:40:00,GOES-19,CRISTALÂNDIA DO PIAUÍ,PIAUÍ,Brasil,2203008,22,33,77,0.0,1.0,Cerrado,88.1
d2b2e252-598e-3767-8271-536e01ee1f10,  -8.078100, -47.087100,2026-07-12 21:50:00,GOES-19,GOIATINS,TOCANTINS,Brasil,1709005,17,33,16,0.0,0.97,Cerrado,76.6
0b8c9341-76f5-315f-aabe-ab2840f0528a,  -6.951200, -43.724700,2026-07-12 21:50:00,GOES-19,GUADALUPE,PIAUÍ,Brasil,2204501,22,33,25,0.0,1.0,Cerrado,67.7
4efe0950-d497-35a9-bba0-5e56acbc5e43, -10.828300, -45.131200,2026-07-12 21:50:00,GOES-19,CRISTALÂNDIA DO PIAUÍ,PIAUÍ,Brasil,2203008,22,33,77,0.0,1.0,Cerrado,60.6
fe6cce07-fefe-3ded-b457-5d1ce0254beb,  -6.158800, -46.134900,2026-07-12 21:50:00,GOES-19,GRAJAÚ,MARANHÃO,Brasil,2104800,21,33,12,0.0,1.0,Cerrado,66.2
1b82ccb4-23e0-3e39-8443-8dbb57388660,  -6.951400, -43.701500,2026-07-12 21:50:00,GOES-19,GUADALUPE,PIAUÍ,Brasil,2204501,22,33,24,0.0,1.0,Cerrado,65.6
72327317-4eac-38c7-b3fa-c8fda1131117,  -5.754400, -43.266800,2026-07-12 21:50:00,GOES-19,PARNARAMA,MARANHÃO,Brasil,2107803,21,33,22,0.0,1.0,Cerrado,56.1
19d8e5cc-9df7-3955-bb5a-cc391c3eac36,  -9.344000, -46.737900,2026-07-12 21:50:00,GOES-19,BALSAS,MARANHÃO,Brasil,2101400,21,33,81,0.0,1.0,Cerrado,141.9
17c69c56-3c02-3748-af56-ef9a7bc4d9fc,  -9.363200, -46.713500,2026-07-12 21:50:00,GOES-19,BALSAS,MARANHÃO,Brasil,2101400,21,33,76,0.0,1.0,Cerrado,80.4
66dfeba8-ac57-362a-ace0-870eddd1a89e,  -8.125400, -47.874900,2026-07-12 21:50:00,GOES-19,GOIATINS,TOCANTINS,Brasil,1709005,17,33,26,0.0,1.0,Cerrado,66.4
5c2c161d-5edb-3d7d-b2c2-99cc23146f88,  -9.344300, -46.715600,2026-07-12 21:50:00,GOES-19,BALSAS,MARANHÃO,Brasil,2101400,21,33,81,0.0,1.0,Cerrado,144.2
cddf462b-abbe-3c58-83b3-d4685be13fb7,  -8.144200, -47.873200,2026-07-12 21:50:00,GOES-19,GOIATINS,TOCANTINS,Brasil,1709005,17,33,24,0.0,1.0,Cerrado,90.3
93b30468-6536-3289-8776-11cf6aaee0f7,  -8.096900, -47.085400,2026-07-12 21:50:00,GOES-19,GOIATINS,TOCANTINS,Brasil,1709005,17,33,17,0.0,1.0,Cerrado,87.4
6e0019e7-9f92-3153-ad3c-926e233a69c5,  -8.078100, -47.087100,2026-07-12 22:00:00,GOES-19,GOIATINS,TOCANTINS,Brasil,1709005,17,33,16,0.0,0.97,Cerrado,79.9
aaa13bd0-ad53-3728-b639-3c0a60e5491b,  -8.144200, -47.873200,2026-07-12 22:00:00,GOES-19,GOIATINS,TOCANTINS,Brasil,1709005,17,33,24,0.0,1.0,Cerrado,101.7
422cf859-b377-388e-8e0f-fb95a022c834,  -9.344000, -46.737900,2026-07-12 22:00:00,GOES-19,BALSAS,MARANHÃO,Brasil,2101400,21,33,81,0.0,1.0,Cerrado,70.3
deb0e405-3ec9-3581-bc3f-0251b6525ed6, -10.243100, -50.093100,2026-07-12 22:00:00,GOES-19,PIUM,TOCANTINS,Brasil,1717503,17,33,68,0.71,1.0,Cerrado,81.1
77518c93-c64d-3fd5-a6fb-d31353f2d6f9,  -9.362900, -46.735900,2026-07-12 22:00:00,GOES-19,BALSAS,MARANHÃO,Brasil,2101400,21,33,76,0.0,1.0,Cerrado,43.6
99b7399b-f842-3df4-afbf-d6c5c331ac4e,  -9.344300, -46.715600,2026-07-12 22:00:00,GOES-19,BALSAS,MARANHÃO,Brasil,2101400,21,33,81,0.0,1.0,Cerrado,89.8
6ae0a54c-951a-3122-bced-f8d008b02545,  -8.125400, -47.874900,2026-07-12 22:00:00,GOES-19,GOIATINS,TOCANTINS,Brasil,1709005,17,33,26,0.0,1.0,Cerrado,74.8
330f27dd-cc7f-3dac-af35-b82e1d829777,  -8.096900, -47.085400,2026-07-12 22:00:00,GOES-19,GOIATINS,TOCANTINS,Brasil,1709005,17,33,17,0.0,1.0,Cerrado,85.4
889e8dec-a8d3-314a-b469-4023fda2e384,  -9.363200, -46.713500,2026-07-12 22:00:00,GOES-19,BALSAS,MARANHÃO,Brasil,2101400,21,33,76,0.0,1.0,Cerrado,64.0
ae958c67-f787-3650-a4aa-835ab2bfd33b, -23.426300, -56.733700,2026-07-12 22:00:00,GOES-19,Horqueta,Concepción,Paraguay,103,11,177,0,0.0,0.92,,48.9
9cea6e0c-4977-3e92-b22f-609454e5e15a,  -6.158800, -46.134900,2026-07-12 22:00:00,GOES-19,GRAJAÚ,MARANHÃO,Brasil,2104800,21,33,12,0.0,1.0,Cerrado,53.8
3d94dcbd-08e9-3ba6-960e-c9df19b28b1d, -10.224500, -50.073600,2026-07-12 22:00:00,GOES-19,PIUM,TOCANTINS,Brasil,1717503,17,33,54,0.34,1.0,Cerrado,64.9
41ae7e92-7bbd-36df-8ad0-33eec06f2ae6, -10.224200, -50.095100,2026-07-12 22:00:00,GOES-19,PIUM,TOCANTINS,Brasil,1717503,17,33,54,0.6,1.0,Cerrado,89.6
09ba822b-4ced-3604-ac8e-182091e5196c,  -6.951200, -43.724700,2026-07-12 22:00:00,GOES-19,GUADALUPE,PIAUÍ,Brasil,2204501,22,33,25,0.0,1.0,Cerrado,70.1
f0901147-4bc1-3b22-bd86-2febc9701004,  -5.754400, -43.266800,2026-07-12 22:00:00,GOES-19,PARNARAMA,MARANHÃO,Brasil,2107803,21,33,22,0.0,1.0,Cerrado,58.1
d11f5b2f-1118-3c0f-9ec9-f770e88e23c9, -10.243100, -50.093100,2026-07-12 22:10:00,GOES-19,PIUM,TOCANTINS,Brasil,1717503,17,33,68,0.71,1.0,Cerrado,62.6
a4e3df13-c1ab-30fa-8767-6db52b537bab,  -6.951400, -43.701500,2026-07-12 22:10:00,GOES-19,GUADALUPE,PIAUÍ,Brasil,2204501,22,33,24,0.0,1.0,Cerrado,63.9
bf08357f-96b8-37cf-9313-e69396e9d38f,  -9.382100, -46.711400,2026-07-12 22:10:00,GOES-19,BALSAS,MARANHÃO,Brasil,2101400,21,33,69,0.0,1.0,Cerrado,52.9
f592e687-cd65-3023-938b-1dff9545cd35, -10.224500, -50.073600,2026-07-12 22:10:00,GOES-19,PIUM,TOCANTINS,Brasil,1717503,17,33,54,0.34,1.0,Cerrado,66.8
ef248938-f532-33c6-bd9c-c0820ccc831d,  -8.096900, -47.085400,2026-07-12 22:10:00,GOES-19,GOIATINS,TOCANTINS,Brasil,1709005,17,33,17,0.0,1.0,Cerrado,86.1
19040901-ace9-3f0a-9856-de537fbfd0f3, -10.224200, -50.095100,2026-07-12 22:10:00,GOES-19,PIUM,TOCANTINS,Brasil,1717503,17,33,54,0.6,1.0,Cerrado,69.7
00129955-302f-360c-bcd4-c03d11af2f30, -10.243400, -50.071700,2026-07-12 22:10:00,GOES-19,PIUM,TOCANTINS,Brasil,1717503,17,33,68,0.41,1.0,Cerrado,49.6
12a6f665-b07e-31c3-9f24-f00ff3add921,  -6.951200, -43.724700,2026-07-12 22:10:00,GOES-19,GUADALUPE,PIAUÍ,Brasil,2204501,22,33,25,0.0,1.0,Cerrado,68.5
bec83ff5-5200-35f8-a4a6-a0ff680107b8,  -9.344000, -46.737900,2026-07-12 22:10:00,GOES-19,BALSAS,MARANHÃO,Brasil,2101400,21,33,81,0.0,1.0,Cerrado,94.9
ecab8bb0-7035-3a1e-bb7a-497fd058b9b2,  -9.363200, -46.713500,2026-07-12 22:10:00,GOES-19,BALSAS,MARANHÃO,Brasil,2101400,21,33,76,0.0,1.0,Cerrado,75.0
449264fb-b374-3be5-8b0e-08a82f624323,  -8.078100, -47.087100,2026-07-12 22:10:00,GOES-19,GOIATINS,TOCANTINS,Brasil,1709005,17,33,16,0.0,0.97,Cerrado,81.2
4a782051-e828-39c0-81d0-80b878b42a25,  -8.144200, -47.873200,2026-07-12 22:10:00,GOES-19,GOIATINS,TOCANTINS,Brasil,1709005,17,33,24,0.0,1.0,Cerrado,108.3
44fb7467-fc15-3fc3-817d-e7af85300904,  -8.125400, -47.874900,2026-07-12 22:10:00,GOES-19,GOIATINS,TOCANTINS,Brasil,1709005,17,33,26,0.0,1.0,Cerrado,98.5
41f38d53-f07e-3530-8b18-2b6f8349e309,  -8.125400, -47.874900,2026-07-12 22:20:00,GOES-19,GOIATINS,TOCANTINS,Brasil,1709005,17,33,26,0.0,1.0,Cerrado,145.7
e8382c87-175e-3d77-8455-e0ba4037122a,  -8.096900, -47.085400,2026-07-12 22:20:00,GOES-19,GOIATINS,TOCANTINS,Brasil,1709005,17,33,17,0.0,1.0,Cerrado,87.6
e21acc2c-9f02-38c4-9cb7-2f52272fa302, -10.205300, -50.097000,2026-07-12 22:20:00,GOES-19,PIUM,TOCANTINS,Brasil,1717503,17,33,40,0.47,1.0,Cerrado,53.4
7d9e3c11-0bd6-3512-9524-48881c41df61, -10.243100, -50.093100,2026-07-12 22:20:00,GOES-19,PIUM,TOCANTINS,Brasil,1717503,17,33,68,0.71,1.0,Cerrado,54.4
1fdf8c0a-a2ab-3891-a82a-f16ae95b44fb, -18.332100, -59.060300,2026-07-12 22:20:00,GOES-19,Chiquitos,Santa Cruz,Bolivia,80,8,28,15,5.95,0.05,,59.2
437c33f0-6475-3c90-a883-91d03a86fb70, -10.224500, -50.073600,2026-07-12 22:20:00,GOES-19,PIUM,TOCANTINS,Brasil,1717503,17,33,54,0.34,1.0,Cerrado,94.4
43f71c73-b44c-35bd-80e8-61c4cc0ed73d,  -8.144200, -47.873200,2026-07-12 22:20:00,GOES-19,GOIATINS,TOCANTINS,Brasil,1709005,17,33,24,0.0,1.0,Cerrado,73.3
3af6f890-9186-3255-8dfc-1025eb287a60,  -9.363200, -46.713500,2026-07-12 22:20:00,GOES-19,BALSAS,MARANHÃO,Brasil,2101400,21,33,76,0.0,1.0,Cerrado,44.6
17f10c74-e0d4-3229-8317-a6e2858f0dbb,  -9.344000, -46.737900,2026-07-12 22:20:00,GOES-19,BALSAS,MARANHÃO,Brasil,2101400,21,33,81,0.0,1.0,Cerrado,48.6
8dc2369d-da30-33db-85a1-c00fc2649611,  -6.951200, -43.724700,2026-07-12 22:20:00,GOES-19,GUADALUPE,PIAUÍ,Brasil,2204501,22,33,25,0.0,1.0,Cerrado,70.6
16525a2f-e84b-313c-8a9b-5aaeb0eb2090, -10.205600, -50.075600,2026-07-12 22:20:00,GOES-19,PIUM,TOCANTINS,Brasil,1717503,17,33,41,0.3,1.0,Cerrado,51.0
a4593df6-f566-3f04-ab12-8e3c8a9b720d, -10.224200, -50.095100,2026-07-12 22:20:00,GOES-19,PIUM,TOCANTINS,Brasil,1717503,17,33,54,0.6,1.0,Cerrado,136.5
4197a8fe-fa97-37f0-8c8c-684ecb0b35f6,  -6.951400, -43.701500,2026-07-12 22:20:00,GOES-19,GUADALUPE,PIAUÍ,Brasil,2204501,22,33,24,0.0,1.0,Cerrado,69.2
9e01d74f-dc56-35cb-80ec-9c590511ca06,  -8.125400, -47.874900,2026-07-12 22:30:00,GOES-19,GOIATINS,TOCANTINS,Brasil,1709005,17,33,26,0.0,1.0,Cerrado,100.6
b58f013e-b3b2-3547-b71c-28e6e91e695e,  -8.144200, -47.873200,2026-07-12 22:30:00,GOES-19,GOIATINS,TOCANTINS,Brasil,1709005,17,33,24,0.0,1.0,Cerrado,94.4
86ef6d42-858b-3745-bcde-62c8a7700fb7, -10.224200, -50.095100,2026-07-12 22:30:00,GOES-19,PIUM,TOCANTINS,Brasil,1717503,17,33,54,0.6,1.0,Cerrado,49.0
4b9f9e49-6afd-3997-a2d4-dc4973f77b19,  -9.344000, -46.737900,2026-07-12 22:30:00,GOES-19,BALSAS,MARANHÃO,Brasil,2101400,21,33,81,0.0,1.0,Cerrado,46.3
66f13454-1c77-3c97-a329-e9dc9bf8374e, -18.332100, -59.060300,2026-07-12 22:30:00,GOES-19,Chiquitos,Santa Cruz,Bolivia,80,8,28,15,5.95,0.05,,71.1
d7cb0cb9-e46d-3c06-924b-efe4398e28a4,  -8.144200, -47.873200,2026-07-12 22:40:00,GOES-19,GOIATINS,TOCANTINS,Brasil,1709005,17,33,24,0.0,1.0,Cerrado,79.7
6bd2236e-fee0-3139-8d26-660ae622a960,  -8.125400, -47.874900,2026-07-12 22:40:00,GOES-19,GOIATINS,TOCANTINS,Brasil,1709005,17,33,26,0.0,1.0,Cerrado,86.4
86259dd8-9e64-33ef-9110-4e044c2d4fef, -10.224200, -50.095100,2026-07-12 22:50:00,GOES-19,PIUM,TOCANTINS,Brasil,1717503,17,33,54,0.6,1.0,Cerrado,105.2
4a3b9e8f-30e1-3f91-b65a-075f09107fbd, -20.585700, -58.162800,2026-07-12 22:50:00,GOES-19,Fuerte Olimpo,Alto Paraguay,Paraguay,17,2,177,0,0.0,0.58,,60.1
f395f109-65e1-3094-87f7-9fedae14496e, -10.243100, -50.093100,2026-07-12 22:50:00,GOES-19,PIUM,TOCANTINS,Brasil,1717503,17,33,68,0.71,1.0,Cerrado,57.3
eb7ee21e-ea57-33d9-a7bd-19ad2efc840b,  -8.125400, -47.874900,2026-07-12 22:50:00,GOES-19,GOIATINS,TOCANTINS,Brasil,1709005,17,33,26,0.0,1.0,Cerrado,82.3
83ce338b-a223-3d2b-ad67-307672f444e6,  -9.382100, -46.711400,2026-07-12 22:50:00,GOES-19,BALSAS,MARANHÃO,Brasil,2101400,21,33,69,0.0,1.0,Cerrado,71.1
6abae20e-5201-3e60-add7-4ceb156a6d21,  -9.363200, -46.713500,2026-07-12 22:50:00,GOES-19,BALSAS,MARANHÃO,Brasil,2101400,21,33,76,0.0,1.0,Cerrado,66.6
0050779d-6c8c-3c3f-8301-2e6e21ce08f0, -20.605900, -58.160000,2026-07-12 22:50:00,GOES-19,Fuerte Olimpo,Alto Paraguay,Paraguay,17,2,177,0,0.0,0.56,,112.8
658f1862-455a-36aa-abff-d32c4f51fea1, -20.605500, -58.180900,2026-07-12 22:50:00,GOES-19,Fuerte Olimpo,Alto Paraguay,Paraguay,17,2,177,0,0.0,0.54,,77.2
9249b0b4-ddf4-3db5-9d7e-f457477bcbc1,  -8.144200, -47.873200,2026-07-12 22:50:00,GOES-19,GOIATINS,TOCANTINS,Brasil,1709005,17,33,24,0.0,1.0,Cerrado,77.1
c6b101bf-600f-3375-9442-bbf7c2a0a436, -10.224500, -50.073600,2026-07-12 22:50:00,GOES-19,PIUM,TOCANTINS,Brasil,1717503,17,33,54,0.34,1.0,Cerrado,69.5
ae2e7d4f-be53-331f-a993-d5e04d7aa775,  -9.382100, -46.711400,2026-07-12 23:00:00,GOES-19,BALSAS,MARANHÃO,Brasil,2101400,21,33,69,0.0,1.0,Cerrado,73.0
20ebefaa-60ae-3ac6-8c06-17aea5ad1e1a, -18.332100, -59.060300,2026-07-12 23:00:00,GOES-19,Chiquitos,Santa Cruz,Bolivia,80,8,28,15,5.95,0.05,,62.7
cfe41e91-6bcc-3093-8c71-d53b6a73b77c,  -9.363200, -46.713500,2026-07-12 23:00:00,GOES-19,BALSAS,MARANHÃO,Brasil,2101400,21,33,76,0.0,1.0,Cerrado,58.0
e1e627ca-404d-35f2-bf75-16e3dc4cb6c0, -20.605500, -58.180900,2026-07-12 23:00:00,GOES-19,Fuerte Olimpo,Alto Paraguay,Paraguay,17,2,177,0,0.0,0.54,,62.2
ed98512b-c257-3c06-a278-51ad4b167517, -20.772200, -41.182200,2026-07-12 23:00:00,GOES-19,CACHOEIRO DE ITAPEMIRIM,ESPÍRITO SANTO,Brasil,3201209,32,33,27,0.0,1.0,Mata Atlântica,75.7
336809d1-1663-300e-8467-2286c0106f1b,  -8.125400, -47.874900,2026-07-12 23:00:00,GOES-19,GOIATINS,TOCANTINS,Brasil,1709005,17,33,26,0.0,1.0,Cerrado,82.4
1c4708df-6004-3316-9630-3a5860dcb589, -20.605900, -58.160000,2026-07-12 23:00:00,GOES-19,Fuerte Olimpo,Alto Paraguay,Paraguay,17,2,177,0,0.0,0.56,,68.5
7591bdb2-ea5d-3c31-af56-cbf6e9e75ad4, -10.167300, -50.122200,2026-07-12 23:00:00,GOES-19,PIUM,TOCANTINS,Brasil,1717503,17,33,12,0.32,1.0,Cerrado,58.2
9a639c2a-38ab-39d8-8d99-4ec50e319709, -10.148400, -50.124200,2026-07-12 23:00:00,GOES-19,PIUM,TOCANTINS,Brasil,1717503,17,33,1,0.13,1.0,Cerrado,53.5
49a9cf8e-81cd-3a69-bba4-98f20ceba8fe,  -6.494450, -42.218410,2026-07-12 23:01:00,TERRA_M-T,VÁRZEA GRANDE,PIAUÍ,Brasil,2211407,22,33,57,0.0,1.0,Caatinga,66.1
85eacd68-8d59-3aca-8c9b-aea8d2784290,  -6.671790, -39.173650,2026-07-12 23:01:00,TERRA_M-T,VÁRZEA ALEGRE,CEARÁ,Brasil,2314003,23,33,7,0.0,1.0,Caatinga,24.9
a319a379-b456-3da1-a755-179055dc5150,  -6.669290, -39.154230,2026-07-12 23:01:00,TERRA_M-T,CEDRO,CEARÁ,Brasil,2303808,23,33,5,0.0,1.0,Caatinga,24.3
4dbc59d1-048b-371d-8a7c-115a46d82d10, -10.167300, -50.122200,2026-07-12 23:10:00,GOES-19,PIUM,TOCANTINS,Brasil,1717503,17,33,12,0.32,1.0,Cerrado,57.9
1ffcb65f-2543-3f85-9099-9acec5c75962, -10.205600, -50.075600,2026-07-12 23:10:00,GOES-19,PIUM,TOCANTINS,Brasil,1717503,17,33,41,0.3,1.0,Cerrado,52.6
4b55dd9c-4533-3698-a726-fe1b98d33f8e, -20.605900, -58.160000,2026-07-12 23:10:00,GOES-19,Fuerte Olimpo,Alto Paraguay,Paraguay,17,2,177,0,0.0,0.56,,66.8
c43ef2ae-df77-3947-9cba-91d986e8e257, -20.605500, -58.180900,2026-07-12 23:10:00,GOES-19,Fuerte Olimpo,Alto Paraguay,Paraguay,17,2,177,0,0.0,0.54,,60.0
626d2be6-653c-361e-8a90-529e1b3a4ebf, -10.243100, -50.093100,2026-07-12 23:10:00,GOES-19,PIUM,TOCANTINS,Brasil,1717503,17,33,68,0.71,1.0,Cerrado,58.3
5bd2a66f-0775-304c-b09c-a452320ea6b8, -10.224200, -50.095100,2026-07-12 23:10:00,GOES-19,PIUM,TOCANTINS,Brasil,1717503,17,33,54,0.6,1.0,Cerrado,142.4
e1529e32-1292-3bab-be54-a2137438d2a0, -10.224500, -50.073600,2026-07-12 23:10:00,GOES-19,PIUM,TOCANTINS,Brasil,1717503,17,33,54,0.34,1.0,Cerrado,90.4
c8918e16-f0cb-36ac-9aac-24990b5c6f45, -10.148400, -50.124200,2026-07-12 23:10:00,GOES-19,PIUM,TOCANTINS,Brasil,1717503,17,33,1,0.13,1.0,Cerrado,85.4
6e28c009-dda9-3adb-b495-692a7b5014e1, -10.205300, -50.097000,2026-07-12 23:10:00,GOES-19,PIUM,TOCANTINS,Brasil,1717503,17,33,40,0.47,1.0,Cerrado,58.7
f3a895de-50e7-36db-bb8d-165d0de65a60, -10.129200, -50.147500,2026-07-12 23:10:00,GOES-19,PIUM,TOCANTINS,Brasil,1717503,17,33,0,0.1,1.0,Cerrado,57.4
c5baa07f-acd5-3b05-9dee-331e011ffeca, -18.332100, -59.060300,2026-07-12 23:10:00,GOES-19,Chiquitos,Santa Cruz,Bolivia,80,8,28,15,5.95,0.05,,64.4
32f29f6b-23c8-383d-88bc-033b322d12f7, -10.148100, -50.145600,2026-07-12 23:10:00,GOES-19,PIUM,TOCANTINS,Brasil,1717503,17,33,1,0.17,1.0,Cerrado,86.8
93e8c90e-0354-32c4-a4d0-2a2a4d6a97b6, -20.605900, -58.160000,2026-07-12 23:20:00,GOES-19,Fuerte Olimpo,Alto Paraguay,Paraguay,17,2,177,0,0.0,0.56,,58.7
ba2b45d8-df10-3d7d-9840-116604586462, -17.278200, -62.943400,2026-07-12 23:20:00,GOES-19,Ignacio Warnes,Santa Cruz,Bolivia,84,8,28,29,1.12,0.89,,43.5
2fbd3ef5-596d-356c-a3a1-e1c22850961b, -10.205300, -50.097000,2026-07-12 23:20:00,GOES-19,PIUM,TOCANTINS,Brasil,1717503,17,33,40,0.47,1.0,Cerrado,103.0
b56f3f3d-55b5-3256-9acd-ac6cb358c08e, -10.205600, -50.075600,2026-07-12 23:20:00,GOES-19,PIUM,TOCANTINS,Brasil,1717503,17,33,41,0.3,1.0,Cerrado,64.6
3a5ad09e-d95f-3831-bf3c-f895bce367e6,  -8.125400, -47.874900,2026-07-12 23:20:00,GOES-19,GOIATINS,TOCANTINS,Brasil,1709005,17,33,26,0.0,1.0,Cerrado,71.5
b2edaf03-0702-355b-bb4a-acb9be9d18da, -20.585700, -58.162800,2026-07-12 23:20:00,GOES-19,Fuerte Olimpo,Alto Paraguay,Paraguay,17,2,177,0,0.0,0.58,,62.6
898ced0a-9e7e-3209-a296-f9fb8654b44f, -10.224200, -50.095100,2026-07-12 23:20:00,GOES-19,PIUM,TOCANTINS,Brasil,1717503,17,33,54,0.6,1.0,Cerrado,113.6
f47397d1-93c5-3cb1-9108-c96fa481b791, -10.148400, -50.124200,2026-07-12 23:20:00,GOES-19,PIUM,TOCANTINS,Brasil,1717503,17,33,1,0.13,1.0,Cerrado,63.3
9ce40335-eefd-3e12-809a-6d3710c7478b, -10.224500, -50.073600,2026-07-12 23:20:00,GOES-19,PIUM,TOCANTINS,Brasil,1717503,17,33,54,0.34,1.0,Cerrado,59.5
9fd5254e-fde6-32ca-88e5-46e45e8d35d9,  -8.888100, -48.502300,2026-07-12 23:30:00,GOES-19,GUARAÍ,TOCANTINS,Brasil,1709302,17,33,34,0.0,1.0,Cerrado,92.2
8a0250ea-d453-3948-9a14-1bc4a071b025, -10.224200, -50.095100,2026-07-12 23:30:00,GOES-19,PIUM,TOCANTINS,Brasil,1717503,17,33,54,0.6,1.0,Cerrado,128.0
fbd22f60-b8a7-379a-a97a-b7e96c14752f, -20.605500, -58.180900,2026-07-12 23:30:00,GOES-19,Fuerte Olimpo,Alto Paraguay,Paraguay,17,2,177,0,0.0,0.54,,64.9
a50d2d05-bd3c-3192-a181-dc19e0fe69a3, -10.205300, -50.097000,2026-07-12 23:30:00,GOES-19,PIUM,TOCANTINS,Brasil,1717503,17,33,40,0.47,1.0,Cerrado,81.3
68f58492-ea34-39f3-a14b-5d3a6384dc6f, -10.224500, -50.073600,2026-07-12 23:30:00,GOES-19,PIUM,TOCANTINS,Brasil,1717503,17,33,54,0.34,1.0,Cerrado,58.6
6660dfa3-c894-3cf4-a360-36c9eba7a667, -10.205600, -50.075600,2026-07-12 23:30:00,GOES-19,PIUM,TOCANTINS,Brasil,1717503,17,33,41,0.3,1.0,Cerrado,53.3
5aae722f-dec0-39ae-9064-0f2eb09bf96d, -20.605900, -58.160000,2026-07-12 23:30:00,GOES-19,Fuerte Olimpo,Alto Paraguay,Paraguay,17,2,177,0,0.0,0.56,,63.9
eb625c84-6495-32a0-8e4e-6c7eb8ff1976,  -8.869300, -48.504100,2026-07-12 23:30:00,GOES-19,GUARAÍ,TOCANTINS,Brasil,1709302,17,33,36,0.0,1.0,Cerrado,70.4
6a2fa22a-cdec-3fa1-84a1-34f27290dfbf, -10.148400, -50.124200,2026-07-12 23:40:00,GOES-19,PIUM,TOCANTINS,Brasil,1717503,17,33,1,0.13,1.0,Cerrado,58.3
69c64556-06b5-3fc3-b345-070a6f007a1f, -20.605500, -58.180900,2026-07-12 23:40:00,GOES-19,Fuerte Olimpo,Alto Paraguay,Paraguay,17,2,177,0,0.0,0.54,,55.0
ff684966-1285-3fcf-90ad-e4ce7e4021d1,  -8.869300, -48.504100,2026-07-12 23:40:00,GOES-19,GUARAÍ,TOCANTINS,Brasil,1709302,17,33,36,0.0,1.0,Cerrado,91.3
4a11d27f-ff93-3e09-b6e3-0185706cd956, -20.605900, -58.160000,2026-07-12 23:40:00,GOES-19,Fuerte Olimpo,Alto Paraguay,Paraguay,17,2,177,0,0.0,0.56,,63.6
fdb49c5b-bc1b-3be5-b673-623f882de612, -10.205300, -50.097000,2026-07-12 23:40:00,GOES-19,PIUM,TOCANTINS,Brasil,1717503,17,33,40,0.47,1.0,Cerrado,68.1
925a8223-f8dc-3b0f-9038-f739e8a8a79b, -10.224200, -50.095100,2026-07-12 23:40:00,GOES-19,PIUM,TOCANTINS,Brasil,1717503,17,33,54,0.6,1.0,Cerrado,67.7
46a5902a-db56-3b60-8725-d068159e66ad,  -8.888100, -48.502300,2026-07-12 23:40:00,GOES-19,GUARAÍ,TOCANTINS,Brasil,1709302,17,33,34,0.0,1.0,Cerrado,119.2
10784bbc-a511-30a7-b9da-387604b416a8,  -8.888400, -48.480500,2026-07-12 23:40:00,GOES-19,GUARAÍ,TOCANTINS,Brasil,1709302,17,33,38,0.0,1.0,Cerrado,70.8
59981fb9-57c3-354e-a39f-b88753d3445b,  -9.363200, -46.713500,2026-07-12 23:40:00,GOES-19,BALSAS,MARANHÃO,Brasil,2101400,21,33,76,0.0,1.0,Cerrado,68.5
5b132cf0-7ce1-328a-8781-81df49846daf,  -8.888400, -48.480500,2026-07-12 23:50:00,GOES-19,GUARAÍ,TOCANTINS,Brasil,1709302,17,33,38,0.0,1.0,Cerrado,73.2
ffe25b81-6ed7-3b86-8582-b760600388ad,  -9.363200, -46.713500,2026-07-12 23:50:00,GOES-19,BALSAS,MARANHÃO,Brasil,2101400,21,33,76,0.0,1.0,Cerrado,120.7
20b2af7f-5ddd-3498-9196-64f6fed08dac, -10.205300, -50.097000,2026-07-12 23:50:00,GOES-19,PIUM,TOCANTINS,Brasil,1717503,17,33,40,0.47,1.0,Cerrado,106.8
d3ce99da-43e0-3c3c-9fc5-88b3e877509f,  -8.888100, -48.502300,2026-07-12 23:50:00,GOES-19,GUARAÍ,TOCANTINS,Brasil,1709302,17,33,34,0.0,1.0,Cerrado,136.7
dedb39a0-f26c-3efc-a0d8-b28ff74ff6b7, -10.148400, -50.124200,2026-07-12 23:50:00,GOES-19,PIUM,TOCANTINS,Brasil,1717503,17,33,1,0.13,1.0,Cerrado,52.5
dc0f444f-73c5-3d7b-ba39-72cae234abb9,  -9.362900, -46.735900,2026-07-12 23:50:00,GOES-19,BALSAS,MARANHÃO,Brasil,2101400,21,33,76,0.0,1.0,Cerrado,100.8
bd2777b4-3bfa-3070-a840-00b36e8b8a35,  -9.382100, -46.711400,2026-07-12 23:50:00,GOES-19,BALSAS,MARANHÃO,Brasil,2101400,21,33,69,0.0,1.0,Cerrado,117.3
bf05fbd0-5093-3f3c-ab13-d79addaca9df, -10.205600, -50.075600,2026-07-12 23:50:00,GOES-19,PIUM,TOCANTINS,Brasil,1717503,17,33,41,0.3,1.0,Cerrado,67.6
308a03da-8b43-3a25-b4bf-75422636e7db, -10.224200, -50.095100,2026-07-12 23:50:00,GOES-19,PIUM,TOCANTINS,Brasil,1717503,17,33,54,0.6,1.0,Cerrado,69.7
3a770d28-0c33-36cb-bb48-bd913571e248, -10.224500, -50.073600,2026-07-12 23:50:00,GOES-19,PIUM,TOCANTINS,Brasil,1717503,17,33,54,0.34,1.0,Cerrado,77.9
